price,quantity,date,unix timestamp
11.398,106,Feb 16 2018 01: +0,1518742800
9.512,143,Feb 17 2018 01: +0,1518829200
7.6,143,Feb 18 2018 01: +0,1518915600
7.873,135,Feb 19 2018 01: +0,1519002000
7.845,111,Feb 20 2018 01: +0,1519088400
7.565,112,Feb 21 2018 01: +0,1519174800
7.337,117,Feb 22 2018 01: +0,1519261200
7.359,128,Feb 23 2018 01: +0,1519347600
7.981,152,Feb 24 2018 01: +0,1519434000
7.432,159,Feb 25 2018 01: +0,1519520400
6.931,122,Feb 26 2018 01: +0,1519606800
6.729,112,Feb 27 2018 01: +0,1519693200
7.428,157,Feb 28 2018 01: +0,1519779600
7.641,127,Mar 01 2018 01: +0,1519866000
7.331,114,Mar 02 2018 01: +0,1519952400
7.232,179,Mar 03 2018 01: +0,1520038800
6.808,140,Mar 04 2018 01: +0,1520125200
6.739,119,Mar 05 2018 01: +0,1520211600
6.875,137,Mar 06 2018 01: +0,1520298000
7.123,132,Mar 07 2018 01: +0,1520384400
7.85,95,Mar 08 2018 01: +0,1520470800
7.341,104,Mar 09 2018 01: +0,1520557200
7.139,128,Mar 10 2018 01: +0,1520643600
6.762,131,Mar 11 2018 01: +0,1520730000
6.599,98,Mar 12 2018 01: +0,1520816400
6.311,87,Mar 13 2018 01: +0,1520902800
6.039,94,Mar 14 2018 01: +0,1520989200
6.088,140,Mar 15 2018 01: +0,1521075600
6.365,116,Mar 16 2018 01: +0,1521162000
6.285,142,Mar 17 2018 01: +0,1521248400
6.252,139,Mar 18 2018 01: +0,1521334800
6.391,93,Mar 19 2018 01: +0,1521421200
6.098,107,Mar 20 2018 01: +0,1521507600
5.818,97,Mar 21 2018 01: +0,1521594000
5.853,110,Mar 22 2018 01: +0,1521680400
5.795,119,Mar 23 2018 01: +0,1521766800
5.805,150,Mar 24 2018 01: +0,1521853200
5.629,99,Mar 25 2018 01: +0,1521939600
5.543,116,Mar 26 2018 01: +0,1522022400
5.444,105,Mar 27 2018 01: +0,1522108800
5.454,101,Mar 28 2018 01: +0,1522195200
5.355,107,Mar 29 2018 01: +0,1522281600
5.066,106,Mar 30 2018 01: +0,1522368000
4.353,136,Mar 31 2018 01: +0,1522454400
3.928,130,Apr 01 2018 01: +0,1522540800
4.129,124,Apr 02 2018 01: +0,1522627200
4.475,112,Apr 03 2018 01: +0,1522713600
4.638,106,Apr 04 2018 01: +0,1522800000
4.549,94,Apr 05 2018 01: +0,1522886400
4.74,105,Apr 06 2018 01: +0,1522972800
4.401,94,Apr 07 2018 01: +0,1523059200
4.216,119,Apr 08 2018 01: +0,1523145600
4.181,131,Apr 09 2018 01: +0,1523232000
4.474,112,Apr 10 2018 01: +0,1523318400
4.437,98,Apr 11 2018 01: +0,1523404800
4.238,108,Apr 12 2018 01: +0,1523491200
4.323,160,Apr 13 2018 01: +0,1523577600
4.368,91,Apr 14 2018 01: +0,1523664000
4.482,103,Apr 15 2018 01: +0,1523750400
4.502,86,Apr 16 2018 01: +0,1523836800
4.481,92,Apr 17 2018 01: +0,1523923200
4.322,84,Apr 18 2018 01: +0,1524009600
4.665,97,Apr 19 2018 01: +0,1524096000
4.743,101,Apr 20 2018 01: +0,1524182400
4.166,125,Apr 21 2018 01: +0,1524268800
4.143,115,Apr 22 2018 01: +0,1524355200
4.019,83,Apr 23 2018 01: +0,1524441600
4.39,111,Apr 24 2018 01: +0,1524528000
4.332,117,Apr 25 2018 01: +0,1524614400
4.342,96,Apr 26 2018 01: +0,1524700800
4.474,104,Apr 27 2018 01: +0,1524787200
4.544,143,Apr 28 2018 01: +0,1524873600
4.773,127,Apr 29 2018 01: +0,1524960000
4.752,142,Apr 30 2018 01: +0,1525046400
4.54,92,May 01 2018 01: +0,1525132800
4.9,102,May 02 2018 01: +0,1525219200
4.745,76,May 03 2018 01: +0,1525305600
4.786,107,May 04 2018 01: +0,1525392000
4.395,92,May 05 2018 01: +0,1525478400
4.585,114,May 06 2018 01: +0,1525564800
4.474,89,May 07 2018 01: +0,1525651200
4.343,79,May 08 2018 01: +0,1525737600
4.346,123,May 09 2018 01: +0,1525824000
4.192,110,May 10 2018 01: +0,1525910400
4.227,96,May 11 2018 01: +0,1525996800
4.372,126,May 12 2018 01: +0,1526083200
4.392,122,May 13 2018 01: +0,1526169600
4.257,93,May 14 2018 01: +0,1526256000
4.388,87,May 15 2018 01: +0,1526342400
4.235,64,May 16 2018 01: +0,1526428800
4.14,76,May 17 2018 01: +0,1526515200
4.283,84,May 18 2018 01: +0,1526601600
4.406,139,May 19 2018 01: +0,1526688000
4.347,102,May 20 2018 01: +0,1526774400
4.414,84,May 21 2018 01: +0,1526860800
4.145,94,May 22 2018 01: +0,1526947200
4.074,99,May 23 2018 01: +0,1527033600
4.071,68,May 24 2018 01: +0,1527120000
4.129,99,May 25 2018 01: +0,1527206400
4.147,75,May 26 2018 01: +0,1527292800
4.231,96,May 27 2018 01: +0,1527379200
4.141,115,May 28 2018 01: +0,1527465600
4.088,55,May 29 2018 01: +0,1527552000
3.967,92,May 30 2018 01: +0,1527638400
3.976,117,May 31 2018 01: +0,1527724800
4.339,111,Jun 01 2018 01: +0,1527811200
4.019,95,Jun 02 2018 01: +0,1527897600
4.114,109,Jun 03 2018 01: +0,1527984000
3.879,70,Jun 04 2018 01: +0,1528070400
4.206,90,Jun 05 2018 01: +0,1528156800
4.108,97,Jun 06 2018 01: +0,1528243200
4.367,121,Jun 07 2018 01: +0,1528329600
4.743,72,Jun 08 2018 01: +0,1528416000
4.071,92,Jun 09 2018 01: +0,1528502400
3.748,93,Jun 10 2018 01: +0,1528588800
3.905,94,Jun 11 2018 01: +0,1528675200
3.691,94,Jun 12 2018 01: +0,1528761600
3.677,82,Jun 13 2018 01: +0,1528848000
3.677,89,Jun 14 2018 01: +0,1528934400
3.807,98,Jun 15 2018 01: +0,1529020800
3.55,114,Jun 16 2018 01: +0,1529107200
4.048,79,Jun 17 2018 01: +0,1529193600
4.013,83,Jun 18 2018 01: +0,1529280000
3.936,74,Jun 19 2018 01: +0,1529366400
3.721,66,Jun 20 2018 01: +0,1529452800
3.576,70,Jun 21 2018 01: +0,1529539200
3.29,64,Jun 22 2018 01: +0,1529625600
3.185,88,Jun 23 2018 01: +0,1529712000
3.224,77,Jun 24 2018 01: +0,1529798400
3.307,95,Jun 25 2018 01: +0,1529884800
3.576,84,Jun 26 2018 01: +0,1529971200
3.553,69,Jun 27 2018 01: +0,1530057600
3.336,87,Jun 28 2018 01: +0,1530144000
3.182,63,Jun 29 2018 01: +0,1530230400
3.218,94,Jun 30 2018 01: +0,1530316800
3.326,116,Jul 01 2018 01: +0,1530403200
3.494,84,Jul 02 2018 01: +0,1530489600
3.501,77,Jul 03 2018 01: +0,1530576000
3.519,57,Jul 04 2018 01: +0,1530662400
3.566,85,Jul 05 2018 01: +0,1530748800
3.809,61,Jul 06 2018 01: +0,1530835200
3.767,63,Jul 07 2018 01: +0,1530921600
3.782,84,Jul 08 2018 01: +0,1531008000
3.786,77,Jul 09 2018 01: +0,1531094400
3.557,79,Jul 10 2018 01: +0,1531180800
3.855,87,Jul 11 2018 01: +0,1531267200
3.828,73,Jul 12 2018 01: +0,1531353600
3.864,92,Jul 13 2018 01: +0,1531440000
3.89,75,Jul 14 2018 01: +0,1531526400
3.812,78,Jul 15 2018 01: +0,1531612800
3.866,55,Jul 16 2018 01: +0,1531699200
3.961,73,Jul 17 2018 01: +0,1531785600
4.009,95,Jul 18 2018 01: +0,1531872000
3.821,64,Jul 19 2018 01: +0,1531958400
3.891,87,Jul 20 2018 01: +0,1532044800
4.027,108,Jul 21 2018 01: +0,1532131200
3.814,81,Jul 22 2018 01: +0,1532217600
3.873,139,Jul 23 2018 01: +0,1532304000
3.858,73,Jul 24 2018 01: +0,1532390400
3.802,97,Jul 25 2018 01: +0,1532476800
3.706,106,Jul 26 2018 01: +0,1532563200
3.785,115,Jul 27 2018 01: +0,1532649600
3.843,129,Jul 28 2018 01: +0,1532736000
3.769,87,Jul 29 2018 01: +0,1532822400
3.744,110,Jul 30 2018 01: +0,1532908800
3.687,111,Jul 31 2018 01: +0,1532995200
3.697,88,Aug 01 2018 01: +0,1533081600
3.749,97,Aug 02 2018 01: +0,1533168000
3.663,84,Aug 03 2018 01: +0,1533254400
3.545,77,Aug 04 2018 01: +0,1533340800
3.457,85,Aug 05 2018 01: +0,1533427200
3.546,113,Aug 06 2018 01: +0,1533513600
3.396,119,Aug 07 2018 01: +0,1533600000
3.522,146,Aug 08 2018 01: +0,1533686400
3.434,98,Aug 09 2018 01: +0,1533772800
3.301,132,Aug 10 2018 01: +0,1533859200
3.259,87,Aug 11 2018 01: +0,1533945600
3.171,132,Aug 12 2018 01: +0,1534032000
3.116,119,Aug 13 2018 01: +0,1534118400
3.037,128,Aug 14 2018 01: +0,1534204800
2.996,85,Aug 15 2018 01: +0,1534291200
3.07,95,Aug 16 2018 01: +0,1534377600
2.911,75,Aug 17 2018 01: +0,1534464000
3.079,79,Aug 18 2018 01: +0,1534550400
2.98,78,Aug 19 2018 01: +0,1534636800
3.112,103,Aug 20 2018 01: +0,1534723200
3.078,55,Aug 21 2018 01: +0,1534809600
3.102,113,Aug 22 2018 01: +0,1534896000
3.143,94,Aug 23 2018 01: +0,1534982400
3.247,92,Aug 24 2018 01: +0,1535068800
3.294,120,Aug 25 2018 01: +0,1535155200
3.438,70,Aug 26 2018 01: +0,1535241600
3.299,75,Aug 27 2018 01: +0,1535328000
3.62,93,Aug 28 2018 01: +0,1535414400
3.814,118,Aug 29 2018 01: +0,1535500800
3.26,77,Aug 30 2018 01: +0,1535587200
3.529,94,Aug 31 2018 01: +0,1535673600
3.496,68,Sep 01 2018 01: +0,1535760000
3.362,71,Sep 02 2018 01: +0,1535846400
3.507,85,Sep 03 2018 01: +0,1535932800
3.273,69,Sep 04 2018 01: +0,1536019200
3.19,82,Sep 05 2018 01: +0,1536105600
3.536,75,Sep 06 2018 01: +0,1536192000
3.475,76,Sep 07 2018 01: +0,1536278400
3.358,78,Sep 08 2018 01: +0,1536364800
3.337,103,Sep 09 2018 01: +0,1536451200
3.343,86,Sep 10 2018 01: +0,1536537600
3.525,57,Sep 11 2018 01: +0,1536624000
3.41,77,Sep 12 2018 01: +0,1536710400
3.403,60,Sep 13 2018 01: +0,1536796800
3.241,53,Sep 14 2018 01: +0,1536883200
3.453,108,Sep 15 2018 01: +0,1536969600
3.598,91,Sep 16 2018 01: +0,1537056000
3.525,78,Sep 17 2018 01: +0,1537142400
3.661,88,Sep 18 2018 01: +0,1537228800
3.696,64,Sep 19 2018 01: +0,1537315200
3.774,68,Sep 20 2018 01: +0,1537401600
3.918,59,Sep 21 2018 01: +0,1537488000
3.769,90,Sep 22 2018 01: +0,1537574400
3.764,85,Sep 23 2018 01: +0,1537660800
3.767,85,Sep 24 2018 01: +0,1537747200
3.555,64,Sep 25 2018 01: +0,1537833600
3.64,67,Sep 26 2018 01: +0,1537920000
3.889,110,Sep 27 2018 01: +0,1538006400
4.318,79,Sep 28 2018 01: +0,1538092800
4.495,69,Sep 29 2018 01: +0,1538179200
4.05,93,Sep 30 2018 01: +0,1538265600
4.107,84,Oct 01 2018 01: +0,1538352000
4.336,79,Oct 02 2018 01: +0,1538438400
4.769,65,Oct 03 2018 01: +0,1538524800
4.775,64,Oct 04 2018 01: +0,1538611200
4.229,51,Oct 05 2018 01: +0,1538697600
4.319,107,Oct 06 2018 01: +0,1538784000
4.273,79,Oct 07 2018 01: +0,1538870400
4.222,81,Oct 08 2018 01: +0,1538956800
4.194,69,Oct 09 2018 01: +0,1539043200
4.171,59,Oct 10 2018 01: +0,1539129600
4.094,43,Oct 11 2018 01: +0,1539216000
4.019,68,Oct 12 2018 01: +0,1539302400
4.137,76,Oct 13 2018 01: +0,1539388800
4.212,64,Oct 14 2018 01: +0,1539475200
4.214,64,Oct 15 2018 01: +0,1539561600
4.322,95,Oct 16 2018 01: +0,1539648000
4.244,104,Oct 17 2018 01: +0,1539734400
4.263,52,Oct 18 2018 01: +0,1539820800
4.184,55,Oct 19 2018 01: +0,1539907200
4.326,55,Oct 20 2018 01: +0,1539993600
4.25,76,Oct 21 2018 01: +0,1540080000
4.091,77,Oct 22 2018 01: +0,1540166400
4.088,51,Oct 23 2018 01: +0,1540252800
3.998,56,Oct 24 2018 01: +0,1540339200
4.16,63,Oct 25 2018 01: +0,1540425600
4.054,41,Oct 26 2018 01: +0,1540512000
3.811,68,Oct 27 2018 01: +0,1540598400
3.947,60,Oct 28 2018 01: +0,1540684800
3.723,50,Oct 29 2018 01: +0,1540774800
3.783,51,Oct 30 2018 01: +0,1540861200
3.886,54,Oct 31 2018 01: +0,1540947600
3.923,83,Nov 01 2018 01: +0,1541034000
3.806,59,Nov 02 2018 01: +0,1541120400
3.994,67,Nov 03 2018 01: +0,1541206800
3.978,61,Nov 04 2018 01: +0,1541293200
3.987,59,Nov 05 2018 01: +0,1541379600
4.305,35,Nov 06 2018 01: +0,1541466000
3.947,58,Nov 07 2018 01: +0,1541552400
4.065,53,Nov 08 2018 01: +0,1541638800
4.079,61,Nov 09 2018 01: +0,1541725200
4.123,91,Nov 10 2018 01: +0,1541811600
4.159,58,Nov 11 2018 01: +0,1541898000
3.887,56,Nov 12 2018 01: +0,1541984400
3.654,43,Nov 13 2018 01: +0,1542070800
4.011,79,Nov 14 2018 01: +0,1542157200
3.951,40,Nov 15 2018 01: +0,1542243600
3.827,56,Nov 16 2018 01: +0,1542330000
3.946,61,Nov 17 2018 01: +0,1542416400
3.714,40,Nov 18 2018 01: +0,1542502800
3.853,71,Nov 19 2018 01: +0,1542589200
3.676,64,Nov 20 2018 01: +0,1542675600
3.763,48,Nov 21 2018 01: +0,1542762000
3.413,31,Nov 22 2018 01: +0,1542848400
3.46,73,Nov 23 2018 01: +0,1542934800
3.496,58,Nov 24 2018 01: +0,1543021200
3.659,41,Nov 25 2018 01: +0,1543107600
3.327,53,Nov 26 2018 01: +0,1543194000
3.617,56,Nov 27 2018 01: +0,1543280400
3.503,51,Nov 28 2018 01: +0,1543366800
3.39,33,Nov 29 2018 01: +0,1543453200
3.392,47,Nov 30 2018 01: +0,1543539600
3.304,57,Dec 01 2018 01: +0,1543626000
3.523,74,Dec 02 2018 01: +0,1543712400
3.291,41,Dec 03 2018 01: +0,1543798800
3.578,75,Dec 04 2018 01: +0,1543885200
3.568,68,Dec 05 2018 01: +0,1543971600
3.558,52,Dec 06 2018 01: +0,1544058000
3.57,84,Dec 07 2018 01: +0,1544144400
3.511,116,Dec 08 2018 01: +0,1544230800
3.411,52,Dec 09 2018 01: +0,1544317200
3.413,78,Dec 10 2018 01: +0,1544403600
3.563,75,Dec 11 2018 01: +0,1544490000
3.475,57,Dec 12 2018 01: +0,1544576400
3.507,82,Dec 13 2018 01: +0,1544662800
3.767,78,Dec 14 2018 01: +0,1544749200
4.085,83,Dec 15 2018 01: +0,1544835600
3.88,49,Dec 16 2018 01: +0,1544922000
3.697,87,Dec 17 2018 01: +0,1545008400
3.892,49,Dec 18 2018 01: +0,1545094800
3.656,80,Dec 19 2018 01: +0,1545181200
3.627,49,Dec 20 2018 01: +0,1545267600
3.672,78,Dec 21 2018 01: +0,1545354000
3.78,88,Dec 22 2018 01: +0,1545440400
3.776,85,Dec 23 2018 01: +0,1545526800
3.732,61,Dec 24 2018 01: +0,1545613200
3.788,76,Dec 25 2018 01: +0,1545699600
3.938,67,Dec 26 2018 01: +0,1545786000
3.818,67,Dec 27 2018 01: +0,1545872400
3.715,59,Dec 28 2018 01: +0,1545958800
3.908,74,Dec 29 2018 01: +0,1546045200
3.977,86,Dec 30 2018 01: +0,1546131600
3.687,72,Dec 31 2018 01: +0,1546218000
3.686,85,Jan 01 2019 01: +0,1546304400
3.901,87,Jan 02 2019 01: +0,1546390800
3.714,73,Jan 03 2019 01: +0,1546477200
3.739,73,Jan 04 2019 01: +0,1546563600
3.842,78,Jan 05 2019 01: +0,1546650000
3.928,75,Jan 06 2019 01: +0,1546736400
3.752,73,Jan 07 2019 01: +0,1546822800
3.683,54,Jan 08 2019 01: +0,1546909200
3.672,57,Jan 09 2019 01: +0,1546995600
3.915,70,Jan 10 2019 01: +0,1547082000
3.984,94,Jan 11 2019 01: +0,1547168400
3.839,87,Jan 12 2019 01: +0,1547254800
3.909,68,Jan 13 2019 01: +0,1547341200
4.001,59,Jan 14 2019 01: +0,1547427600
3.996,57,Jan 15 2019 01: +0,1547514000
4.094,70,Jan 16 2019 01: +0,1547600400
4.179,67,Jan 17 2019 01: +0,1547686800
4.069,61,Jan 18 2019 01: +0,1547773200
4.029,67,Jan 19 2019 01: +0,1547859600
3.844,74,Jan 20 2019 01: +0,1547946000
4.052,95,Jan 21 2019 01: +0,1548032400
4.19,73,Jan 22 2019 01: +0,1548118800
4.271,85,Jan 23 2019 01: +0,1548205200
4.165,58,Jan 24 2019 01: +0,1548291600
4.341,84,Jan 25 2019 01: +0,1548378000
4.304,77,Jan 26 2019 01: +0,1548464400
4.27,76,Jan 27 2019 01: +0,1548550800
4.096,68,Jan 28 2019 01: +0,1548637200
4.516,93,Jan 29 2019 01: +0,1548723600
4.417,62,Jan 30 2019 01: +0,1548810000
4.532,73,Jan 31 2019 01: +0,1548896400
4.211,68,Feb 01 2019 01: +0,1548982800
4.358,100,Feb 02 2019 01: +0,1549069200
4.379,84,Feb 03 2019 01: +0,1549155600
4.609,66,Feb 04 2019 01: +0,1549242000
4.608,66,Feb 05 2019 01: +0,1549328400
4.571,73,Feb 06 2019 01: +0,1549414800
4.379,71,Feb 07 2019 01: +0,1549501200
4.552,62,Feb 08 2019 01: +0,1549587600
4.554,99,Feb 09 2019 01: +0,1549674000
4.436,65,Feb 10 2019 01: +0,1549760400
4.372,54,Feb 11 2019 01: +0,1549846800
4.427,83,Feb 12 2019 01: +0,1549933200
4.638,71,Feb 13 2019 01: +0,1550019600
4.834,80,Feb 14 2019 01: +0,1550106000
4.62,94,Feb 15 2019 01: +0,1550192400
5.037,87,Feb 16 2019 01: +0,1550278800
5.301,93,Feb 17 2019 01: +0,1550365200
5.511,85,Feb 18 2019 01: +0,1550451600
5.225,66,Feb 19 2019 01: +0,1550538000
5.102,62,Feb 20 2019 01: +0,1550624400
5.205,80,Feb 21 2019 01: +0,1550710800
5.418,87,Feb 22 2019 01: +0,1550797200
5.595,89,Feb 23 2019 01: +0,1550883600
5.637,86,Feb 24 2019 01: +0,1550970000
5.629,79,Feb 25 2019 01: +0,1551056400
5.447,78,Feb 26 2019 01: +0,1551142800
5.545,98,Feb 27 2019 01: +0,1551229200
5.653,69,Feb 28 2019 01: +0,1551315600
5.8,88,Mar 01 2019 01: +0,1551402000
5.593,161,Mar 02 2019 01: +0,1551488400
5.741,121,Mar 03 2019 01: +0,1551574800
5.655,98,Mar 04 2019 01: +0,1551661200
5.596,96,Mar 05 2019 01: +0,1551747600
5.406,96,Mar 06 2019 01: +0,1551834000
5.281,85,Mar 07 2019 01: +0,1551920400
5.333,86,Mar 08 2019 01: +0,1552006800
5.337,94,Mar 09 2019 01: +0,1552093200
5.283,110,Mar 10 2019 01: +0,1552179600
5.29,79,Mar 11 2019 01: +0,1552266000
5.286,72,Mar 12 2019 01: +0,1552352400
5.292,94,Mar 13 2019 01: +0,1552438800
5.013,150,Mar 14 2019 01: +0,1552525200
4.886,132,Mar 15 2019 01: +0,1552611600
4.757,122,Mar 16 2019 01: +0,1552698000
4.515,151,Mar 17 2019 01: +0,1552784400
4.441,129,Mar 18 2019 01: +0,1552870800
4.318,142,Mar 19 2019 01: +0,1552957200
4.228,77,Mar 20 2019 01: +0,1553043600
3.921,118,Mar 21 2019 01: +0,1553130000
3.772,122,Mar 22 2019 01: +0,1553216400
3.734,175,Mar 23 2019 01: +0,1553302800
3.649,127,Mar 24 2019 01: +0,1553389200
3.67,141,Mar 25 2019 01: +0,1553475600
3.515,115,Mar 26 2019 01: +0,1553562000
3.585,93,Mar 27 2019 01: +0,1553648400
3.587,101,Mar 28 2019 01: +0,1553734800
3.528,168,Mar 29 2019 01: +0,1553821200
3.839,121,Mar 30 2019 01: +0,1553907600
3.938,135,Mar 31 2019 01: +0,1553994000
3.844,99,Apr 01 2019 01: +0,1554076800
3.776,80,Apr 02 2019 01: +0,1554163200
3.899,75,Apr 03 2019 01: +0,1554249600
3.884,82,Apr 04 2019 01: +0,1554336000
3.556,112,Apr 05 2019 01: +0,1554422400
3.7,134,Apr 06 2019 01: +0,1554508800
3.826,121,Apr 07 2019 01: +0,1554595200
3.878,110,Apr 08 2019 01: +0,1554681600
3.98,100,Apr 09 2019 01: +0,1554768000
3.911,105,Apr 10 2019 01: +0,1554854400
4.065,103,Apr 11 2019 01: +0,1554940800
4.077,92,Apr 12 2019 01: +0,1555027200
3.998,115,Apr 13 2019 01: +0,1555113600
4.046,90,Apr 14 2019 01: +0,1555200000
3.969,91,Apr 15 2019 01: +0,1555286400
3.83,90,Apr 16 2019 01: +0,1555372800
4.023,100,Apr 17 2019 01: +0,1555459200
4.01,96,Apr 18 2019 01: +0,1555545600
4.001,91,Apr 19 2019 01: +0,1555632000
3.95,104,Apr 20 2019 01: +0,1555718400
3.854,102,Apr 21 2019 01: +0,1555804800
4.009,100,Apr 22 2019 01: +0,1555891200
3.93,66,Apr 23 2019 01: +0,1555977600
3.889,89,Apr 24 2019 01: +0,1556064000
3.816,82,Apr 25 2019 01: +0,1556150400
3.884,73,Apr 26 2019 01: +0,1556236800
3.779,117,Apr 27 2019 01: +0,1556323200
3.926,105,Apr 28 2019 01: +0,1556409600
3.742,65,Apr 29 2019 01: +0,1556496000
3.814,115,Apr 30 2019 01: +0,1556582400
3.814,112,May 01 2019 01: +0,1556668800
3.734,93,May 02 2019 01: +0,1556755200
3.789,83,May 03 2019 01: +0,1556841600
3.709,93,May 04 2019 01: +0,1556928000
3.605,92,May 05 2019 01: +0,1557014400
3.754,108,May 06 2019 01: +0,1557100800
3.867,87,May 07 2019 01: +0,1557187200
3.671,106,May 08 2019 01: +0,1557273600
3.738,67,May 09 2019 01: +0,1557360000
3.675,82,May 10 2019 01: +0,1557446400
3.648,116,May 11 2019 01: +0,1557532800
3.759,146,May 12 2019 01: +0,1557619200
3.786,75,May 13 2019 01: +0,1557705600
3.804,79,May 14 2019 01: +0,1557792000
3.854,91,May 15 2019 01: +0,1557878400
3.746,91,May 16 2019 01: +0,1557964800
3.85,88,May 17 2019 01: +0,1558051200
3.791,112,May 18 2019 01: +0,1558137600
3.797,91,May 19 2019 01: +0,1558224000
3.702,103,May 20 2019 01: +0,1558310400
3.691,90,May 21 2019 01: +0,1558396800
3.71,84,May 22 2019 01: +0,1558483200
3.594,91,May 23 2019 01: +0,1558569600
3.877,98,May 24 2019 01: +0,1558656000
3.888,104,May 25 2019 01: +0,1558742400
3.697,82,May 26 2019 01: +0,1558828800
3.726,85,May 27 2019 01: +0,1558915200
3.845,99,May 28 2019 01: +0,1559001600
3.826,85,May 29 2019 01: +0,1559088000
3.687,93,May 30 2019 01: +0,1559174400
3.826,97,May 31 2019 01: +0,1559260800
3.981,96,Jun 01 2019 01: +0,1559347200
4.043,110,Jun 02 2019 01: +0,1559433600
3.883,90,Jun 03 2019 01: +0,1559520000
4.02,79,Jun 04 2019 01: +0,1559606400
3.998,94,Jun 05 2019 01: +0,1559692800
4.167,96,Jun 06 2019 01: +0,1559779200
4.16,87,Jun 07 2019 01: +0,1559865600
4.123,94,Jun 08 2019 01: +0,1559952000
4.117,106,Jun 09 2019 01: +0,1560038400
3.999,72,Jun 10 2019 01: +0,1560124800
4.012,87,Jun 11 2019 01: +0,1560211200
3.92,92,Jun 12 2019 01: +0,1560297600
3.921,102,Jun 13 2019 01: +0,1560384000
3.985,97,Jun 14 2019 01: +0,1560470400
4.009,99,Jun 15 2019 01: +0,1560556800
4.017,114,Jun 16 2019 01: +0,1560643200
4.241,96,Jun 17 2019 01: +0,1560729600
4.121,87,Jun 18 2019 01: +0,1560816000
4.012,106,Jun 19 2019 01: +0,1560902400
3.994,76,Jun 20 2019 01: +0,1560988800
3.901,92,Jun 21 2019 01: +0,1561075200
3.979,109,Jun 22 2019 01: +0,1561161600
4.059,105,Jun 23 2019 01: +0,1561248000
3.799,101,Jun 24 2019 01: +0,1561334400
3.805,93,Jun 25 2019 01: +0,1561420800
3.618,113,Jun 26 2019 01: +0,1561507200
3.617,112,Jun 27 2019 01: +0,1561593600
3.579,91,Jun 28 2019 01: +0,1561680000
3.572,121,Jun 29 2019 01: +0,1561766400
3.643,102,Jun 30 2019 01: +0,1561852800
3.492,82,Jul 01 2019 01: +0,1561939200
3.628,125,Jul 02 2019 01: +0,1562025600
3.549,113,Jul 03 2019 01: +0,1562112000
3.638,88,Jul 04 2019 01: +0,1562198400
3.628,86,Jul 05 2019 01: +0,1562284800
3.607,102,Jul 06 2019 01: +0,1562371200
3.626,86,Jul 07 2019 01: +0,1562457600
3.554,96,Jul 08 2019 01: +0,1562544000
3.59,117,Jul 09 2019 01: +0,1562630400
3.62,83,Jul 10 2019 01: +0,1562716800
3.678,106,Jul 11 2019 01: +0,1562803200
3.747,109,Jul 12 2019 01: +0,1562889600
3.662,83,Jul 13 2019 01: +0,1562976000
3.595,100,Jul 14 2019 01: +0,1563062400
3.542,111,Jul 15 2019 01: +0,1563148800
3.709,116,Jul 16 2019 01: +0,1563235200
3.577,92,Jul 17 2019 01: +0,1563321600
3.719,120,Jul 18 2019 01: +0,1563408000
3.706,97,Jul 19 2019 01: +0,1563494400
3.837,79,Jul 20 2019 01: +0,1563580800
3.742,122,Jul 21 2019 01: +0,1563667200
3.758,107,Jul 22 2019 01: +0,1563753600
3.79,97,Jul 23 2019 01: +0,1563840000
3.705,105,Jul 24 2019 01: +0,1563926400
3.747,90,Jul 25 2019 01: +0,1564012800
3.708,101,Jul 26 2019 01: +0,1564099200
3.687,116,Jul 27 2019 01: +0,1564185600
3.648,109,Jul 28 2019 01: +0,1564272000
3.629,104,Jul 29 2019 01: +0,1564358400
3.741,113,Jul 30 2019 01: +0,1564444800
3.618,103,Jul 31 2019 01: +0,1564531200
3.627,82,Aug 01 2019 01: +0,1564617600
3.603,119,Aug 02 2019 01: +0,1564704000
3.675,102,Aug 03 2019 01: +0,1564790400
3.802,104,Aug 04 2019 01: +0,1564876800
3.69,117,Aug 05 2019 01: +0,1564963200
3.598,110,Aug 06 2019 01: +0,1565049600
3.729,126,Aug 07 2019 01: +0,1565136000
3.555,117,Aug 08 2019 01: +0,1565222400
3.559,96,Aug 09 2019 01: +0,1565308800
3.72,146,Aug 10 2019 01: +0,1565395200
3.68,115,Aug 11 2019 01: +0,1565481600
3.674,109,Aug 12 2019 01: +0,1565568000
3.626,144,Aug 13 2019 01: +0,1565654400
3.589,121,Aug 14 2019 01: +0,1565740800
3.564,88,Aug 15 2019 01: +0,1565827200
3.544,119,Aug 16 2019 01: +0,1565913600
3.56,127,Aug 17 2019 01: +0,1566000000
3.532,138,Aug 18 2019 01: +0,1566086400
3.519,98,Aug 19 2019 01: +0,1566172800
3.602,114,Aug 20 2019 01: +0,1566259200
3.598,121,Aug 21 2019 01: +0,1566345600
3.55,110,Aug 22 2019 01: +0,1566432000
3.609,130,Aug 23 2019 01: +0,1566518400
3.548,115,Aug 24 2019 01: +0,1566604800
3.561,127,Aug 25 2019 01: +0,1566691200
3.644,123,Aug 26 2019 01: +0,1566777600
3.528,121,Aug 27 2019 01: +0,1566864000
3.549,100,Aug 28 2019 01: +0,1566950400
3.511,124,Aug 29 2019 01: +0,1567036800
3.541,122,Aug 30 2019 01: +0,1567123200
3.575,121,Aug 31 2019 01: +0,1567209600
3.556,151,Sep 01 2019 01: +0,1567296000
3.72,129,Sep 02 2019 01: +0,1567382400
3.648,132,Sep 03 2019 01: +0,1567468800
3.608,121,Sep 04 2019 01: +0,1567555200
3.637,117,Sep 05 2019 01: +0,1567641600
3.659,158,Sep 06 2019 01: +0,1567728000
3.669,167,Sep 07 2019 01: +0,1567814400
3.516,181,Sep 08 2019 01: +0,1567900800
3.443,163,Sep 09 2019 01: +0,1567987200
3.441,144,Sep 10 2019 01: +0,1568073600
3.456,125,Sep 11 2019 01: +0,1568160000
3.363,114,Sep 12 2019 01: +0,1568246400
3.384,156,Sep 13 2019 01: +0,1568332800
3.409,178,Sep 14 2019 01: +0,1568419200
3.352,222,Sep 15 2019 01: +0,1568505600
3.366,161,Sep 16 2019 01: +0,1568592000
3.342,136,Sep 17 2019 01: +0,1568678400
3.317,107,Sep 18 2019 01: +0,1568764800
3.326,125,Sep 19 2019 01: +0,1568851200
3.326,148,Sep 20 2019 01: +0,1568937600
3.34,177,Sep 21 2019 01: +0,1569024000
3.265,136,Sep 22 2019 01: +0,1569110400
3.353,116,Sep 23 2019 01: +0,1569196800
3.29,114,Sep 24 2019 01: +0,1569283200
3.336,146,Sep 25 2019 01: +0,1569369600
3.322,136,Sep 26 2019 01: +0,1569456000
3.346,168,Sep 27 2019 01: +0,1569542400
3.377,174,Sep 28 2019 01: +0,1569628800
3.396,177,Sep 29 2019 01: +0,1569715200
3.424,144,Sep 30 2019 01: +0,1569801600
3.394,162,Oct 01 2019 01: +0,1569888000
3.315,170,Oct 02 2019 01: +0,1569974400
3.256,179,Oct 03 2019 01: +0,1570060800
3.129,156,Oct 04 2019 01: +0,1570147200
3.29,156,Oct 05 2019 01: +0,1570233600
3.116,180,Oct 06 2019 01: +0,1570320000
3.201,154,Oct 07 2019 01: +0,1570406400
3.208,124,Oct 08 2019 01: +0,1570492800
3.192,147,Oct 09 2019 01: +0,1570579200
3.204,123,Oct 10 2019 01: +0,1570665600
3.177,161,Oct 11 2019 01: +0,1570752000
3.205,195,Oct 12 2019 01: +0,1570838400
3.209,175,Oct 13 2019 01: +0,1570924800
3.188,114,Oct 14 2019 01: +0,1571011200
3.078,127,Oct 15 2019 01: +0,1571097600
2.978,127,Oct 16 2019 01: +0,1571184000
2.961,156,Oct 17 2019 01: +0,1571270400
3.055,193,Oct 18 2019 01: +0,1571356800
3.049,270,Oct 19 2019 01: +0,1571443200
2.992,203,Oct 20 2019 01: +0,1571529600
2.923,158,Oct 21 2019 01: +0,1571616000
2.861,178,Oct 22 2019 01: +0,1571702400
2.817,143,Oct 23 2019 01: +0,1571788800
2.78,154,Oct 24 2019 01: +0,1571875200
2.688,136,Oct 25 2019 01: +0,1571961600
2.724,157,Oct 26 2019 01: +0,1572048000
2.696,125,Oct 27 2019 01: +0,1572134400
2.738,107,Oct 28 2019 01: +0,1572224400
2.686,124,Oct 29 2019 01: +0,1572310800
2.696,141,Oct 30 2019 01: +0,1572397200
2.74,151,Oct 31 2019 01: +0,1572483600
2.837,143,Nov 01 2019 01: +0,1572570000
2.917,183,Nov 02 2019 01: +0,1572656400
2.959,186,Nov 03 2019 01: +0,1572742800
3.002,142,Nov 04 2019 01: +0,1572829200
3.094,120,Nov 05 2019 01: +0,1572915600
3.12,97,Nov 06 2019 01: +0,1573002000
3.119,106,Nov 07 2019 01: +0,1573088400
3.075,126,Nov 08 2019 01: +0,1573174800
3.081,189,Nov 09 2019 01: +0,1573261200
3.005,163,Nov 10 2019 01: +0,1573347600
2.94,115,Nov 11 2019 01: +0,1573434000
2.798,104,Nov 12 2019 01: +0,1573520400
2.802,139,Nov 13 2019 01: +0,1573606800
2.869,135,Nov 14 2019 01: +0,1573693200
2.855,125,Nov 15 2019 01: +0,1573779600
2.964,145,Nov 16 2019 01: +0,1573866000
2.953,122,Nov 17 2019 01: +0,1573952400
2.883,111,Nov 18 2019 01: +0,1574038800
2.335,334,Nov 19 2019 01: +0,1574125200
2.286,161,Nov 20 2019 01: +0,1574211600
2.409,130,Nov 21 2019 01: +0,1574298000
2.281,139,Nov 22 2019 01: +0,1574384400
2.328,156,Nov 23 2019 01: +0,1574470800
2.369,152,Nov 24 2019 01: +0,1574557200
2.326,84,Nov 25 2019 01: +0,1574643600
2.317,128,Nov 26 2019 01: +0,1574730000
2.241,146,Nov 27 2019 01: +0,1574816400
2.386,155,Nov 28 2019 01: +0,1574902800
2.307,153,Nov 29 2019 01: +0,1574989200
2.286,170,Nov 30 2019 01: +0,1575075600
2.414,187,Dec 01 2019 01: +0,1575162000
2.533,146,Dec 02 2019 01: +0,1575248400
2.494,120,Dec 03 2019 01: +0,1575334800
2.564,125,Dec 04 2019 01: +0,1575421200
2.613,120,Dec 05 2019 01: +0,1575507600
2.597,115,Dec 06 2019 01: +0,1575594000
2.659,142,Dec 07 2019 01: +0,1575680400
2.654,110,Dec 08 2019 01: +0,1575766800
2.725,147,Dec 09 2019 01: +0,1575853200
2.684,134,Dec 10 2019 01: +0,1575939600
2.717,106,Dec 11 2019 01: +0,1576026000
2.68,134,Dec 12 2019 01: +0,1576112400
2.87,158,Dec 13 2019 01: +0,1576198800
2.736,109,Dec 14 2019 01: +0,1576285200
2.923,132,Dec 15 2019 01: +0,1576371600
2.835,87,Dec 16 2019 01: +0,1576458000
2.815,113,Dec 17 2019 01: +0,1576544400
2.904,124,Dec 18 2019 01: +0,1576630800
2.816,98,Dec 19 2019 01: +0,1576717200
2.748,119,Dec 20 2019 01: +0,1576803600
2.754,123,Dec 21 2019 01: +0,1576890000
2.714,93,Dec 22 2019 01: +0,1576976400
2.659,136,Dec 23 2019 01: +0,1577062800
2.776,130,Dec 24 2019 01: +0,1577149200
2.683,98,Dec 25 2019 01: +0,1577235600
2.701,141,Dec 26 2019 01: +0,1577322000
2.828,146,Dec 27 2019 01: +0,1577408400
2.826,148,Dec 28 2019 01: +0,1577494800
2.97,155,Dec 29 2019 01: +0,1577581200
2.791,115,Dec 30 2019 01: +0,1577667600
2.805,129,Dec 31 2019 01: +0,1577754000
2.8,142,Jan 01 2020 01: +0,1577840400
2.888,159,Jan 02 2020 01: +0,1577926800
2.983,146,Jan 03 2020 01: +0,1578013200
2.918,158,Jan 04 2020 01: +0,1578099600
3.002,156,Jan 05 2020 01: +0,1578186000
3.006,132,Jan 06 2020 01: +0,1578272400
3.015,126,Jan 07 2020 01: +0,1578358800
3.041,106,Jan 08 2020 01: +0,1578445200
3.077,148,Jan 09 2020 01: +0,1578531600
3.073,136,Jan 10 2020 01: +0,1578618000
3.0,157,Jan 11 2020 01: +0,1578704400
3.034,174,Jan 12 2020 01: +0,1578790800
3.112,103,Jan 13 2020 01: +0,1578877200
3.109,151,Jan 14 2020 01: +0,1578963600
2.942,121,Jan 15 2020 01: +0,1579050000
3.125,195,Jan 16 2020 01: +0,1579136400
3.206,121,Jan 17 2020 01: +0,1579222800
3.005,173,Jan 18 2020 01: +0,1579309200
2.97,157,Jan 19 2020 01: +0,1579395600
3.02,197,Jan 20 2020 01: +0,1579482000
2.94,104,Jan 21 2020 01: +0,1579568400
2.872,113,Jan 22 2020 01: +0,1579654800
2.879,156,Jan 23 2020 01: +0,1579741200
2.913,163,Jan 24 2020 01: +0,1579827600
2.941,160,Jan 25 2020 01: +0,1579914000
2.905,163,Jan 26 2020 01: +0,1580000400
2.862,132,Jan 27 2020 01: +0,1580086800
2.878,170,Jan 28 2020 01: +0,1580173200
2.881,155,Jan 29 2020 01: +0,1580259600
2.882,127,Jan 30 2020 01: +0,1580346000
2.909,247,Jan 31 2020 01: +0,1580432400
2.936,158,Feb 01 2020 01: +0,1580518800
2.956,194,Feb 02 2020 01: +0,1580605200
3.028,141,Feb 03 2020 01: +0,1580691600
3.037,144,Feb 04 2020 01: +0,1580778000
3.117,131,Feb 05 2020 01: +0,1580864400
3.117,174,Feb 06 2020 01: +0,1580950800
3.058,196,Feb 07 2020 01: +0,1581037200
3.112,191,Feb 08 2020 01: +0,1581123600
3.088,186,Feb 09 2020 01: +0,1581210000
2.95,140,Feb 10 2020 01: +0,1581296400
2.98,139,Feb 11 2020 01: +0,1581382800
3.035,168,Feb 12 2020 01: +0,1581469200
3.017,172,Feb 13 2020 01: +0,1581555600
3.13,162,Feb 14 2020 01: +0,1581642000
3.016,172,Feb 15 2020 01: +0,1581728400
3.025,152,Feb 16 2020 01: +0,1581814800
3.042,220,Feb 17 2020 01: +0,1581901200
3.01,154,Feb 18 2020 01: +0,1581987600
3.076,170,Feb 19 2020 01: +0,1582074000
3.056,147,Feb 20 2020 01: +0,1582160400
2.978,146,Feb 21 2020 01: +0,1582246800
2.916,105,Feb 22 2020 01: +0,1582333200
2.968,147,Feb 23 2020 01: +0,1582419600
3.017,153,Feb 24 2020 01: +0,1582506000
2.802,178,Feb 25 2020 01: +0,1582592400
2.845,143,Feb 26 2020 01: +0,1582678800
2.788,129,Feb 27 2020 01: +0,1582765200
2.865,160,Feb 28 2020 01: +0,1582851600
2.901,199,Feb 29 2020 01: +0,1582938000
2.864,190,Mar 01 2020 01: +0,1583024400
2.798,140,Mar 02 2020 01: +0,1583110800
2.845,173,Mar 03 2020 01: +0,1583197200
2.86,166,Mar 04 2020 01: +0,1583283600
2.97,188,Mar 05 2020 01: +0,1583370000
2.948,177,Mar 06 2020 01: +0,1583456400
2.861,151,Mar 07 2020 01: +0,1583542800
2.845,214,Mar 08 2020 01: +0,1583629200
2.833,156,Mar 09 2020 01: +0,1583715600
2.746,162,Mar 10 2020 01: +0,1583802000
2.75,190,Mar 11 2020 01: +0,1583888400
2.718,173,Mar 12 2020 01: +0,1583974800
2.667,164,Mar 13 2020 01: +0,1584061200
2.672,179,Mar 14 2020 01: +0,1584147600
2.676,175,Mar 15 2020 01: +0,1584234000
2.645,245,Mar 16 2020 01: +0,1584320400
2.561,156,Mar 17 2020 01: +0,1584406800
2.551,139,Mar 18 2020 01: +0,1584493200
2.547,171,Mar 19 2020 01: +0,1584579600
2.543,166,Mar 20 2020 01: +0,1584666000
2.493,145,Mar 21 2020 01: +0,1584752400
2.472,175,Mar 22 2020 01: +0,1584838800
2.445,144,Mar 23 2020 01: +0,1584925200
2.373,142,Mar 24 2020 01: +0,1585011600
2.473,225,Mar 25 2020 01: +0,1585098000
2.403,156,Mar 26 2020 01: +0,1585184400
2.419,159,Mar 27 2020 01: +0,1585270800
2.46,191,Mar 28 2020 01: +0,1585357200
2.571,143,Mar 29 2020 01: +0,1585443600
2.594,110,Mar 30 2020 01: +0,1585526400
2.438,220,Mar 31 2020 01: +0,1585612800
2.367,234,Apr 01 2020 01: +0,1585699200
2.468,215,Apr 02 2020 01: +0,1585785600
2.564,215,Apr 03 2020 01: +0,1585872000
2.588,216,Apr 04 2020 01: +0,1585958400
2.627,203,Apr 05 2020 01: +0,1586044800
2.62,238,Apr 06 2020 01: +0,1586131200
2.669,186,Apr 07 2020 01: +0,1586217600
2.797,288,Apr 08 2020 01: +0,1586304000
2.892,210,Apr 09 2020 01: +0,1586390400
2.89,237,Apr 10 2020 01: +0,1586476800
2.833,220,Apr 11 2020 01: +0,1586563200
2.783,196,Apr 12 2020 01: +0,1586649600
2.82,241,Apr 13 2020 01: +0,1586736000
2.822,189,Apr 14 2020 01: +0,1586822400
2.901,234,Apr 15 2020 01: +0,1586908800
2.922,208,Apr 16 2020 01: +0,1586995200
2.951,233,Apr 17 2020 01: +0,1587081600
2.883,236,Apr 18 2020 01: +0,1587168000
2.83,207,Apr 19 2020 01: +0,1587254400
2.79,203,Apr 20 2020 01: +0,1587340800
2.875,199,Apr 21 2020 01: +0,1587427200
2.89,195,Apr 22 2020 01: +0,1587513600
2.873,185,Apr 23 2020 01: +0,1587600000
2.858,209,Apr 24 2020 01: +0,1587686400
2.854,193,Apr 25 2020 01: +0,1587772800
2.891,213,Apr 26 2020 01: +0,1587859200
2.767,205,Apr 27 2020 01: +0,1587945600
2.863,169,Apr 28 2020 01: +0,1588032000
2.793,214,Apr 29 2020 01: +0,1588118400
2.792,183,Apr 30 2020 01: +0,1588204800
2.768,178,May 01 2020 01: +0,1588291200
2.727,221,May 02 2020 01: +0,1588377600
2.683,194,May 03 2020 01: +0,1588464000
2.735,220,May 04 2020 01: +0,1588550400
2.732,198,May 05 2020 01: +0,1588636800
2.738,169,May 06 2020 01: +0,1588723200
2.761,273,May 07 2020 01: +0,1588809600
2.684,176,May 08 2020 01: +0,1588896000
2.734,223,May 09 2020 01: +0,1588982400
2.763,151,May 10 2020 01: +0,1589068800
2.756,173,May 11 2020 01: +0,1589155200
2.755,173,May 12 2020 01: +0,1589241600
2.746,133,May 13 2020 01: +0,1589328000
2.733,199,May 14 2020 01: +0,1589414400
2.746,170,May 15 2020 01: +0,1589500800
2.696,192,May 16 2020 01: +0,1589587200
2.738,165,May 17 2020 01: +0,1589673600
2.763,152,May 18 2020 01: +0,1589760000
2.719,149,May 19 2020 01: +0,1589846400
2.68,199,May 20 2020 01: +0,1589932800
2.74,171,May 21 2020 01: +0,1590019200
2.769,202,May 22 2020 01: +0,1590105600
2.74,171,May 23 2020 01: +0,1590192000
2.718,169,May 24 2020 01: +0,1590278400
2.695,214,May 25 2020 01: +0,1590364800
2.612,171,May 26 2020 01: +0,1590451200
2.604,155,May 27 2020 01: +0,1590537600
2.557,186,May 28 2020 01: +0,1590624000
2.568,174,May 29 2020 01: +0,1590710400
2.524,223,May 30 2020 01: +0,1590796800
2.514,202,May 31 2020 01: +0,1590883200
2.533,185,Jun 01 2020 01: +0,1590969600
2.557,155,Jun 02 2020 01: +0,1591056000
2.584,195,Jun 03 2020 01: +0,1591142400
2.575,198,Jun 04 2020 01: +0,1591228800
2.637,192,Jun 05 2020 01: +0,1591315200
2.713,205,Jun 06 2020 01: +0,1591401600
2.712,176,Jun 07 2020 01: +0,1591488000
2.688,163,Jun 08 2020 01: +0,1591574400
2.627,156,Jun 09 2020 01: +0,1591660800
2.649,195,Jun 10 2020 01: +0,1591747200
2.673,160,Jun 11 2020 01: +0,1591833600
2.667,177,Jun 12 2020 01: +0,1591920000
2.676,148,Jun 13 2020 01: +0,1592006400
2.673,201,Jun 14 2020 01: +0,1592092800
2.656,140,Jun 15 2020 01: +0,1592179200
2.675,159,Jun 16 2020 01: +0,1592265600
2.631,135,Jun 17 2020 01: +0,1592352000
2.572,145,Jun 18 2020 01: +0,1592438400
2.636,148,Jun 19 2020 01: +0,1592524800
2.517,135,Jun 20 2020 01: +0,1592611200
2.538,179,Jun 21 2020 01: +0,1592697600
2.564,121,Jun 22 2020 01: +0,1592784000
2.55,113,Jun 23 2020 01: +0,1592870400
2.607,163,Jun 24 2020 01: +0,1592956800
2.482,141,Jun 25 2020 01: +0,1593043200
2.396,161,Jun 26 2020 01: +0,1593129600
2.476,165,Jun 27 2020 01: +0,1593216000
2.487,140,Jun 28 2020 01: +0,1593302400
2.477,148,Jun 29 2020 01: +0,1593388800
2.458,160,Jun 30 2020 01: +0,1593475200
2.467,142,Jul 01 2020 01: +0,1593561600
2.406,137,Jul 02 2020 01: +0,1593648000
2.466,190,Jul 03 2020 01: +0,1593734400
2.449,146,Jul 04 2020 01: +0,1593820800
2.485,153,Jul 05 2020 01: +0,1593907200
2.442,152,Jul 06 2020 01: +0,1593993600
2.541,188,Jul 07 2020 01: +0,1594080000
2.509,145,Jul 08 2020 01: +0,1594166400
2.57,163,Jul 09 2020 01: +0,1594252800
2.551,108,Jul 10 2020 01: +0,1594339200
2.638,161,Jul 11 2020 01: +0,1594425600
2.591,156,Jul 12 2020 01: +0,1594512000
2.628,122,Jul 13 2020 01: +0,1594598400
2.644,174,Jul 14 2020 01: +0,1594684800
2.633,199,Jul 15 2020 01: +0,1594771200
2.607,201,Jul 16 2020 01: +0,1594857600
2.619,181,Jul 17 2020 01: +0,1594944000
2.673,188,Jul 18 2020 01: +0,1595030400
2.628,156,Jul 19 2020 01: +0,1595116800
2.642,154,Jul 20 2020 01: +0,1595203200
2.584,137,Jul 21 2020 01: +0,1595289600
2.545,130,Jul 22 2020 01: +0,1595376000
2.587,145,Jul 23 2020 01: +0,1595462400
2.612,158,Jul 24 2020 01: +0,1595548800
2.59,154,Jul 25 2020 01: +0,1595635200
2.672,150,Jul 26 2020 01: +0,1595721600
2.677,183,Jul 27 2020 01: +0,1595808000
2.682,122,Jul 28 2020 01: +0,1595894400
2.653,156,Jul 29 2020 01: +0,1595980800
2.613,127,Jul 30 2020 01: +0,1596067200
2.636,152,Jul 31 2020 01: +0,1596153600
2.66,143,Aug 01 2020 01: +0,1596240000
2.647,154,Aug 02 2020 01: +0,1596326400
2.638,178,Aug 03 2020 01: +0,1596412800
2.659,130,Aug 04 2020 01: +0,1596499200
2.677,135,Aug 05 2020 01: +0,1596585600
2.757,153,Aug 06 2020 01: +0,1596672000
2.706,236,Aug 07 2020 01: +0,1596758400
2.803,206,Aug 08 2020 01: +0,1596844800
2.809,213,Aug 09 2020 01: +0,1596931200
2.704,171,Aug 10 2020 01: +0,1597017600
2.747,172,Aug 11 2020 01: +0,1597104000
2.747,192,Aug 12 2020 01: +0,1597190400
2.743,161,Aug 13 2020 01: +0,1597276800
2.674,257,Aug 14 2020 01: +0,1597363200
2.716,174,Aug 15 2020 01: +0,1597449600
2.735,169,Aug 16 2020 01: +0,1597536000
2.593,179,Aug 17 2020 01: +0,1597622400
2.608,157,Aug 18 2020 01: +0,1597708800
2.646,183,Aug 19 2020 01: +0,1597795200
2.566,163,Aug 20 2020 01: +0,1597881600
2.66,176,Aug 21 2020 01: +0,1597968000
2.595,172,Aug 22 2020 01: +0,1598054400
2.58,143,Aug 23 2020 01: +0,1598140800
2.532,143,Aug 24 2020 01: +0,1598227200
2.61,171,Aug 25 2020 01: +0,1598313600
2.637,186,Aug 26 2020 01: +0,1598400000
2.633,149,Aug 27 2020 01: +0,1598486400
2.519,143,Aug 28 2020 01: +0,1598572800
2.606,190,Aug 29 2020 01: +0,1598659200
2.478,149,Aug 30 2020 01: +0,1598745600
2.541,173,Aug 31 2020 01: +0,1598832000
2.506,150,Sep 01 2020 01: +0,1598918400
2.543,152,Sep 02 2020 01: +0,1599004800
2.513,155,Sep 03 2020 01: +0,1599091200
2.659,178,Sep 04 2020 01: +0,1599177600
2.612,138,Sep 05 2020 01: +0,1599264000
2.585,144,Sep 06 2020 01: +0,1599350400
2.643,105,Sep 07 2020 01: +0,1599436800
2.686,126,Sep 08 2020 01: +0,1599523200
2.657,142,Sep 09 2020 01: +0,1599609600
2.624,132,Sep 10 2020 01: +0,1599696000
2.609,145,Sep 11 2020 01: +0,1599782400
2.744,185,Sep 12 2020 01: +0,1599868800
2.646,145,Sep 13 2020 01: +0,1599955200
2.648,117,Sep 14 2020 01: +0,1600041600
2.684,161,Sep 15 2020 01: +0,1600128000
2.692,129,Sep 16 2020 01: +0,1600214400
2.774,148,Sep 17 2020 01: +0,1600300800
2.682,145,Sep 18 2020 01: +0,1600387200
2.729,162,Sep 19 2020 01: +0,1600473600
2.69,111,Sep 20 2020 01: +0,1600560000
2.669,118,Sep 21 2020 01: +0,1600646400
2.727,140,Sep 22 2020 01: +0,1600732800
2.709,144,Sep 23 2020 01: +0,1600819200
2.606,127,Sep 24 2020 01: +0,1600905600
2.822,164,Sep 25 2020 01: +0,1600992000
2.65,153,Sep 26 2020 01: +0,1601078400
2.589,109,Sep 27 2020 01: +0,1601164800
2.652,128,Sep 28 2020 01: +0,1601251200
2.582,99,Sep 29 2020 01: +0,1601337600
2.573,131,Sep 30 2020 01: +0,1601424000
2.612,154,Oct 01 2020 01: +0,1601510400
2.613,173,Oct 02 2020 01: +0,1601596800
2.583,120,Oct 03 2020 01: +0,1601683200
2.594,128,Oct 04 2020 01: +0,1601769600
2.611,152,Oct 05 2020 01: +0,1601856000
2.606,142,Oct 06 2020 01: +0,1601942400
2.572,140,Oct 07 2020 01: +0,1602028800
2.578,164,Oct 08 2020 01: +0,1602115200
2.624,148,Oct 09 2020 01: +0,1602201600
2.652,140,Oct 10 2020 01: +0,1602288000
2.647,168,Oct 11 2020 01: +0,1602374400
2.629,153,Oct 12 2020 01: +0,1602460800
2.581,129,Oct 13 2020 01: +0,1602547200
2.561,110,Oct 14 2020 01: +0,1602633600
2.615,136,Oct 15 2020 01: +0,1602720000
2.652,116,Oct 16 2020 01: +0,1602806400
2.543,158,Oct 17 2020 01: +0,1602892800
2.638,156,Oct 18 2020 01: +0,1602979200
2.513,118,Oct 19 2020 01: +0,1603065600
2.5,110,Oct 20 2020 01: +0,1603152000
2.568,166,Oct 21 2020 01: +0,1603238400
2.499,121,Oct 22 2020 01: +0,1603324800
2.526,165,Oct 23 2020 01: +0,1603411200
2.482,139,Oct 24 2020 01: +0,1603497600
2.452,108,Oct 25 2020 01: +0,1603584000
2.453,124,Oct 26 2020 01: +0,1603674000
2.481,112,Oct 27 2020 01: +0,1603760400
2.488,136,Oct 28 2020 01: +0,1603846800
2.416,122,Oct 29 2020 01: +0,1603933200
2.462,189,Oct 30 2020 01: +0,1604019600
2.424,157,Oct 31 2020 01: +0,1604106000
2.425,181,Nov 01 2020 01: +0,1604192400
2.476,132,Nov 02 2020 01: +0,1604278800
2.484,131,Nov 03 2020 01: +0,1604365200
2.577,146,Nov 04 2020 01: +0,1604451600
2.625,139,Nov 05 2020 01: +0,1604538000
2.632,140,Nov 06 2020 01: +0,1604624400
2.617,149,Nov 07 2020 01: +0,1604710800
2.575,130,Nov 08 2020 01: +0,1604797200
2.534,135,Nov 09 2020 01: +0,1604883600
2.517,92,Nov 10 2020 01: +0,1604970000
2.594,132,Nov 11 2020 01: +0,1605056400
2.61,131,Nov 12 2020 01: +0,1605142800
2.529,132,Nov 13 2020 01: +0,1605229200
2.539,138,Nov 14 2020 01: +0,1605315600
2.502,155,Nov 15 2020 01: +0,1605402000
2.502,146,Nov 16 2020 01: +0,1605488400
2.528,105,Nov 17 2020 01: +0,1605574800
2.534,144,Nov 18 2020 01: +0,1605661200
2.514,102,Nov 19 2020 01: +0,1605747600
2.52,172,Nov 20 2020 01: +0,1605834000
2.508,156,Nov 21 2020 01: +0,1605920400
2.481,137,Nov 22 2020 01: +0,1606006800
2.496,129,Nov 23 2020 01: +0,1606093200
2.444,140,Nov 24 2020 01: +0,1606179600
2.453,141,Nov 25 2020 01: +0,1606266000
2.38,171,Nov 26 2020 01: +0,1606352400
2.346,125,Nov 27 2020 01: +0,1606438800
2.299,141,Nov 28 2020 01: +0,1606525200
2.285,118,Nov 29 2020 01: +0,1606611600
2.4,150,Nov 30 2020 01: +0,1606698000
2.348,135,Dec 01 2020 01: +0,1606784400
2.353,112,Dec 02 2020 01: +0,1606870800
2.413,161,Dec 03 2020 01: +0,1606957200
2.188,325,Dec 04 2020 01: +0,1607043600
2.132,204,Dec 05 2020 01: +0,1607130000
2.202,189,Dec 06 2020 01: +0,1607216400
2.327,304,Dec 07 2020 01: +0,1607302800
2.3,173,Dec 08 2020 01: +0,1607389200
2.351,178,Dec 09 2020 01: +0,1607475600
2.316,211,Dec 10 2020 01: +0,1607562000
2.31,187,Dec 11 2020 01: +0,1607648400
2.345,169,Dec 12 2020 01: +0,1607734800
2.362,207,Dec 13 2020 01: +0,1607821200
2.421,179,Dec 14 2020 01: +0,1607907600
2.41,174,Dec 15 2020 01: +0,1607994000
2.446,154,Dec 16 2020 01: +0,1608080400
2.44,187,Dec 17 2020 01: +0,1608166800
2.499,160,Dec 18 2020 01: +0,1608253200
2.506,164,Dec 19 2020 01: +0,1608339600
2.572,145,Dec 20 2020 01: +0,1608426000
2.518,176,Dec 21 2020 01: +0,1608512400
2.623,188,Dec 22 2020 01: +0,1608598800
2.543,131,Dec 23 2020 01: +0,1608685200
2.809,237,Dec 24 2020 01: +0,1608771600
2.723,142,Dec 25 2020 01: +0,1608858000
2.754,197,Dec 26 2020 01: +0,1608944400
2.662,130,Dec 27 2020 01: +0,1609030800
2.704,192,Dec 28 2020 01: +0,1609117200
2.799,224,Dec 29 2020 01: +0,1609203600
2.774,177,Dec 30 2020 01: +0,1609290000
2.756,159,Dec 31 2020 01: +0,1609376400
2.765,154,Jan 01 2021 01: +0,1609462800
2.759,184,Jan 02 2021 01: +0,1609549200
2.783,189,Jan 03 2021 01: +0,1609635600
2.728,171,Jan 04 2021 01: +0,1609722000
2.73,147,Jan 05 2021 01: +0,1609808400
2.71,174,Jan 06 2021 01: +0,1609894800
2.813,185,Jan 07 2021 01: +0,1609981200
2.857,202,Jan 08 2021 01: +0,1610067600
2.915,181,Jan 09 2021 01: +0,1610154000
2.97,160,Jan 10 2021 01: +0,1610240400
3.026,165,Jan 11 2021 01: +0,1610326800
2.969,142,Jan 12 2021 01: +0,1610413200
2.988,146,Jan 13 2021 01: +0,1610499600
3.002,175,Jan 14 2021 01: +0,1610586000
3.012,160,Jan 15 2021 01: +0,1610672400
2.949,165,Jan 16 2021 01: +0,1610758800
2.868,192,Jan 17 2021 01: +0,1610845200
2.904,161,Jan 18 2021 01: +0,1610931600
2.798,196,Jan 19 2021 01: +0,1611018000
2.935,216,Jan 20 2021 01: +0,1611104400
2.88,146,Jan 21 2021 01: +0,1611190800
2.816,170,Jan 22 2021 01: +0,1611277200
2.757,142,Jan 23 2021 01: +0,1611363600
2.845,163,Jan 24 2021 01: +0,1611450000
2.754,169,Jan 25 2021 01: +0,1611536400
2.815,203,Jan 26 2021 01: +0,1611622800
2.855,174,Jan 27 2021 01: +0,1611709200
2.725,232,Jan 28 2021 01: +0,1611795600
2.713,176,Jan 29 2021 01: +0,1611882000
2.679,170,Jan 30 2021 01: +0,1611968400
2.67,212,Jan 31 2021 01: +0,1612054800
2.656,161,Feb 01 2021 01: +0,1612141200
2.656,172,Feb 02 2021 01: +0,1612227600
2.663,151,Feb 03 2021 01: +0,1612314000
2.665,141,Feb 04 2021 01: +0,1612400400
2.675,166,Feb 05 2021 01: +0,1612486800
2.619,157,Feb 06 2021 01: +0,1612573200
2.695,154,Feb 07 2021 01: +0,1612659600
2.671,154,Feb 08 2021 01: +0,1612746000
2.638,205,Feb 09 2021 01: +0,1612832400
2.617,226,Feb 10 2021 01: +0,1612918800
2.612,235,Feb 11 2021 01: +0,1613005200
2.539,204,Feb 12 2021 01: +0,1613091600
2.643,202,Feb 13 2021 01: +0,1613178000
2.505,227,Feb 14 2021 01: +0,1613264400
2.576,219,Feb 15 2021 01: +0,1613350800
2.591,164,Feb 16 2021 01: +0,1613437200
2.63,166,Feb 17 2021 01: +0,1613523600
2.67,160,Feb 18 2021 01: +0,1613610000
2.719,167,Feb 19 2021 01: +0,1613696400
2.759,203,Feb 20 2021 01: +0,1613782800
2.786,170,Feb 21 2021 01: +0,1613869200
2.811,192,Feb 22 2021 01: +0,1613955600
2.73,201,Feb 23 2021 01: +0,1614042000
2.824,214,Feb 24 2021 01: +0,1614128400
2.888,204,Feb 25 2021 01: +0,1614214800
2.954,231,Feb 26 2021 01: +0,1614301200
2.947,214,Feb 27 2021 01: +0,1614387600
2.901,223,Feb 28 2021 01: +0,1614474000
2.887,211,Mar 01 2021 01: +0,1614560400
2.911,205,Mar 02 2021 01: +0,1614646800
3.004,218,Mar 03 2021 01: +0,1614733200
3.105,210,Mar 04 2021 01: +0,1614819600
3.133,197,Mar 05 2021 01: +0,1614906000
3.097,236,Mar 06 2021 01: +0,1614992400
3.026,195,Mar 07 2021 01: +0,1615078800
3.081,250,Mar 08 2021 01: +0,1615165200
2.95,216,Mar 09 2021 01: +0,1615251600
2.936,233,Mar 10 2021 01: +0,1615338000
2.938,211,Mar 11 2021 01: +0,1615424400
3.119,238,Mar 12 2021 01: +0,1615510800
3.019,210,Mar 13 2021 01: +0,1615597200
3.025,210,Mar 14 2021 01: +0,1615683600
2.916,205,Mar 15 2021 01: +0,1615770000
2.971,220,Mar 16 2021 01: +0,1615856400
2.936,264,Mar 17 2021 01: +0,1615942800
2.906,217,Mar 18 2021 01: +0,1616029200
2.842,226,Mar 19 2021 01: +0,1616115600
2.934,268,Mar 20 2021 01: +0,1616202000
3.068,229,Mar 21 2021 01: +0,1616288400
2.893,206,Mar 22 2021 01: +0,1616374800
2.952,189,Mar 23 2021 01: +0,1616461200
3.005,225,Mar 24 2021 01: +0,1616547600
2.942,179,Mar 25 2021 01: +0,1616634000
2.902,200,Mar 26 2021 01: +0,1616720400
2.976,238,Mar 27 2021 01: +0,1616806800
2.884,182,Mar 28 2021 01: +0,1616893200
2.936,192,Mar 29 2021 01: +0,1616976000
2.849,178,Mar 30 2021 01: +0,1617062400
2.863,239,Mar 31 2021 01: +0,1617148800
2.843,201,Apr 01 2021 01: +0,1617235200
2.948,258,Apr 02 2021 01: +0,1617321600
2.999,294,Apr 03 2021 01: +0,1617408000
2.976,260,Apr 04 2021 01: +0,1617494400
2.981,232,Apr 05 2021 01: +0,1617580800
2.985,208,Apr 06 2021 01: +0,1617667200
2.823,167,Apr 07 2021 01: +0,1617753600
2.711,206,Apr 08 2021 01: +0,1617840000
2.723,244,Apr 09 2021 01: +0,1617926400
2.725,227,Apr 10 2021 01: +0,1618012800
2.687,192,Apr 11 2021 01: +0,1618099200
2.699,183,Apr 12 2021 01: +0,1618185600
2.731,197,Apr 13 2021 01: +0,1618272000
2.623,44,Apr 14 2021 01: +0,1618358400
2.777,207,Apr 15 2021 01: +0,1618444800
2.768,193,Apr 16 2021 01: +0,1618531200
2.778,219,Apr 17 2021 01: +0,1618617600
2.765,173,Apr 18 2021 01: +0,1618704000
2.839,195,Apr 19 2021 01: +0,1618790400
2.812,184,Apr 20 2021 01: +0,1618876800
2.684,171,Apr 21 2021 01: +0,1618963200
2.713,198,Apr 22 2021 01: +0,1619049600
2.776,205,Apr 23 2021 01: +0,1619136000
2.745,218,Apr 24 2021 01: +0,1619222400
2.747,163,Apr 25 2021 01: +0,1619308800
2.674,185,Apr 26 2021 01: +0,1619395200
2.726,154,Apr 27 2021 01: +0,1619481600
2.663,163,Apr 28 2021 01: +0,1619568000
2.668,201,Apr 29 2021 01: +0,1619654400
2.686,184,Apr 30 2021 01: +0,1619740800
2.704,182,May 01 2021 01: +0,1619827200
2.723,160,May 02 2021 01: +0,1619913600
2.702,173,May 03 2021 01: +0,1620000000
2.748,280,May 04 2021 01: +0,1620086400
2.793,229,May 05 2021 01: +0,1620172800
2.693,237,May 06 2021 01: +0,1620259200
2.777,235,May 07 2021 01: +0,1620345600
2.861,291,May 08 2021 01: +0,1620432000
2.808,197,May 09 2021 01: +0,1620518400
2.833,238,May 10 2021 01: +0,1620604800
2.829,196,May 11 2021 01: +0,1620691200
2.819,233,May 12 2021 01: +0,1620777600
2.799,235,May 13 2021 01: +0,1620864000
2.819,213,May 14 2021 01: +0,1620950400
2.857,241,May 15 2021 01: +0,1621036800
2.762,215,May 16 2021 01: +0,1621123200
2.81,195,May 17 2021 01: +0,1621209600
2.763,172,May 18 2021 01: +0,1621296000
2.788,208,May 19 2021 01: +0,1621382400
2.666,213,May 20 2021 01: +0,1621468800
2.725,203,May 21 2021 01: +0,1621555200
2.797,185,May 22 2021 01: +0,1621641600
2.739,203,May 23 2021 01: +0,1621728000
2.748,168,May 24 2021 01: +0,1621814400
2.711,182,May 25 2021 01: +0,1621900800
2.709,196,May 26 2021 01: +0,1621987200
2.716,208,May 27 2021 01: +0,1622073600
2.653,239,May 28 2021 01: +0,1622160000
2.674,191,May 29 2021 01: +0,1622246400
2.602,169,May 30 2021 01: +0,1622332800
2.622,218,May 31 2021 01: +0,1622419200
2.659,172,Jun 01 2021 01: +0,1622505600
2.644,168,Jun 02 2021 01: +0,1622592000
2.627,174,Jun 03 2021 01: +0,1622678400
2.617,211,Jun 04 2021 01: +0,1622764800
2.592,194,Jun 05 2021 01: +0,1622851200
2.602,206,Jun 06 2021 01: +0,1622937600
2.572,191,Jun 07 2021 01: +0,1623024000
2.507,186,Jun 08 2021 01: +0,1623110400
2.555,270,Jun 09 2021 01: +0,1623196800
2.474,158,Jun 10 2021 01: +0,1623283200
2.492,215,Jun 11 2021 01: +0,1623369600
2.499,171,Jun 12 2021 01: +0,1623456000
2.502,242,Jun 13 2021 01: +0,1623542400
2.521,211,Jun 14 2021 01: +0,1623628800
2.476,174,Jun 15 2021 01: +0,1623715200
2.538,200,Jun 16 2021 01: +0,1623801600
2.455,189,Jun 17 2021 01: +0,1623888000
2.451,169,Jun 18 2021 01: +0,1623974400
2.458,208,Jun 19 2021 01: +0,1624060800
2.438,169,Jun 20 2021 01: +0,1624147200
2.446,194,Jun 21 2021 01: +0,1624233600
2.327,147,Jun 22 2021 01: +0,1624320000
2.403,188,Jun 23 2021 01: +0,1624406400
2.356,191,Jun 24 2021 01: +0,1624492800
2.234,161,Jun 25 2021 01: +0,1624579200
2.229,185,Jun 26 2021 01: +0,1624665600
2.214,172,Jun 27 2021 01: +0,1624752000
2.171,167,Jun 28 2021 01: +0,1624838400
2.191,169,Jun 29 2021 01: +0,1624924800
2.139,148,Jun 30 2021 01: +0,1625011200
2.122,129,Jul 01 2021 01: +0,1625097600
2.159,163,Jul 02 2021 01: +0,1625184000
2.142,163,Jul 03 2021 01: +0,1625270400
2.144,163,Jul 04 2021 01: +0,1625356800
2.14,160,Jul 05 2021 01: +0,1625443200
2.097,155,Jul 06 2021 01: +0,1625529600
2.121,157,Jul 07 2021 01: +0,1625616000
2.069,170,Jul 08 2021 01: +0,1625702400
2.067,136,Jul 09 2021 01: +0,1625788800
2.115,154,Jul 10 2021 01: +0,1625875200
2.126,124,Jul 11 2021 01: +0,1625961600
2.032,169,Jul 12 2021 01: +0,1626048000
2.027,138,Jul 13 2021 01: +0,1626134400
2.06,177,Jul 14 2021 01: +0,1626220800
2.002,124,Jul 15 2021 01: +0,1626307200
2.087,165,Jul 16 2021 01: +0,1626393600
2.09,163,Jul 17 2021 01: +0,1626480000
2.11,165,Jul 18 2021 01: +0,1626566400
2.154,160,Jul 19 2021 01: +0,1626652800
2.185,144,Jul 20 2021 01: +0,1626739200
2.259,148,Jul 21 2021 01: +0,1626825600
2.171,114,Jul 22 2021 01: +0,1626912000
2.223,131,Jul 23 2021 01: +0,1626998400
2.204,135,Jul 24 2021 01: +0,1627084800
2.247,124,Jul 25 2021 01: +0,1627171200
2.157,130,Jul 26 2021 01: +0,1627257600
2.285,117,Jul 27 2021 01: +0,1627344000
2.285,139,Jul 28 2021 01: +0,1627430400
2.4,217,Jul 29 2021 01: +0,1627516800
2.443,204,Jul 30 2021 01: +0,1627603200
2.311,244,Jul 31 2021 01: +0,1627689600
2.303,169,Aug 01 2021 01: +0,1627776000
2.306,165,Aug 02 2021 01: +0,1627862400
2.328,155,Aug 03 2021 01: +0,1627948800
2.27,129,Aug 04 2021 01: +0,1628035200
2.274,98,Aug 05 2021 01: +0,1628121600
2.257,211,Aug 06 2021 01: +0,1628208000
2.239,196,Aug 07 2021 01: +0,1628294400
2.234,138,Aug 08 2021 01: +0,1628380800
2.176,147,Aug 09 2021 01: +0,1628467200
2.163,159,Aug 10 2021 01: +0,1628553600
2.144,156,Aug 11 2021 01: +0,1628640000
2.091,138,Aug 12 2021 01: +0,1628726400
2.092,171,Aug 13 2021 01: +0,1628812800
2.149,165,Aug 14 2021 01: +0,1628899200
2.147,148,Aug 15 2021 01: +0,1628985600
2.146,150,Aug 16 2021 01: +0,1629072000
2.017,154,Aug 17 2021 01: +0,1629158400
2.051,159,Aug 18 2021 01: +0,1629244800
2.046,172,Aug 19 2021 01: +0,1629331200
2.072,156,Aug 20 2021 01: +0,1629417600
2.044,129,Aug 21 2021 01: +0,1629504000
2.036,172,Aug 22 2021 01: +0,1629590400
2.078,142,Aug 23 2021 01: +0,1629676800
2.11,159,Aug 24 2021 01: +0,1629763200
2.084,160,Aug 25 2021 01: +0,1629849600
2.062,107,Aug 26 2021 01: +0,1629936000
2.045,130,Aug 27 2021 01: +0,1630022400
2.052,164,Aug 28 2021 01: +0,1630108800
2.08,142,Aug 29 2021 01: +0,1630195200
2.116,154,Aug 30 2021 01: +0,1630281600
2.227,194,Aug 31 2021 01: +0,1630368000
2.187,138,Sep 01 2021 01: +0,1630454400
2.112,159,Sep 02 2021 01: +0,1630540800
2.158,158,Sep 03 2021 01: +0,1630627200
2.193,253,Sep 04 2021 01: +0,1630713600
2.225,165,Sep 05 2021 01: +0,1630800000
2.158,136,Sep 06 2021 01: +0,1630886400
2.224,169,Sep 07 2021 01: +0,1630972800
2.145,133,Sep 08 2021 01: +0,1631059200
2.129,137,Sep 09 2021 01: +0,1631145600
2.122,162,Sep 10 2021 01: +0,1631232000
2.116,199,Sep 11 2021 01: +0,1631318400
2.141,170,Sep 12 2021 01: +0,1631404800
2.134,163,Sep 13 2021 01: +0,1631491200
2.183,135,Sep 14 2021 01: +0,1631577600
2.165,146,Sep 15 2021 01: +0,1631664000
2.125,98,Sep 16 2021 01: +0,1631750400
2.156,130,Sep 17 2021 01: +0,1631836800
2.12,147,Sep 18 2021 01: +0,1631923200
2.092,158,Sep 19 2021 01: +0,1632009600
2.127,136,Sep 20 2021 01: +0,1632096000
2.105,142,Sep 21 2021 01: +0,1632182400
2.043,447,Sep 22 2021 01: +0,1632268800
2.117,298,Sep 23 2021 01: +0,1632355200
2.329,324,Sep 24 2021 01: +0,1632441600
2.363,251,Sep 25 2021 01: +0,1632528000
2.424,217,Sep 26 2021 01: +0,1632614400
2.332,183,Sep 27 2021 01: +0,1632700800
2.329,153,Sep 28 2021 01: +0,1632787200
2.278,243,Sep 29 2021 01: +0,1632873600
2.262,207,Sep 30 2021 01: +0,1632960000
2.253,201,Oct 01 2021 01: +0,1633046400
2.356,263,Oct 02 2021 01: +0,1633132800
2.571,208,Oct 03 2021 01: +0,1633219200
2.371,227,Oct 04 2021 01: +0,1633305600
2.346,166,Oct 05 2021 01: +0,1633392000
2.497,239,Oct 06 2021 01: +0,1633478400
2.489,192,Oct 07 2021 01: +0,1633564800
2.509,182,Oct 08 2021 01: +0,1633651200
2.396,198,Oct 09 2021 01: +0,1633737600
2.606,189,Oct 10 2021 01: +0,1633824000
2.539,136,Oct 11 2021 01: +0,1633910400
2.424,128,Oct 12 2021 01: +0,1633996800
2.403,121,Oct 13 2021 01: +0,1634083200
2.387,158,Oct 14 2021 01: +0,1634169600
2.395,197,Oct 15 2021 01: +0,1634256000
2.356,144,Oct 16 2021 01: +0,1634342400
2.382,152,Oct 17 2021 01: +0,1634428800
2.303,135,Oct 18 2021 01: +0,1634515200
2.349,138,Oct 19 2021 01: +0,1634601600
2.217,131,Oct 20 2021 01: +0,1634688000
2.254,115,Oct 21 2021 01: +0,1634774400
2.089,225,Oct 22 2021 01: +0,1634860800
2.219,179,Oct 23 2021 01: +0,1634947200
2.144,123,Oct 24 2021 01: +0,1635033600
2.166,162,Oct 25 2021 01: +0,1635120000
2.079,141,Oct 26 2021 01: +0,1635206400
2.113,203,Oct 27 2021 01: +0,1635292800
2.24,182,Oct 28 2021 01: +0,1635379200
2.275,228,Oct 29 2021 01: +0,1635465600
2.23,179,Oct 30 2021 01: +0,1635552000
2.2,160,Oct 31 2021 01: +0,1635638400
2.213,148,Nov 01 2021 01: +0,1635728400
2.334,186,Nov 02 2021 01: +0,1635814800
2.341,173,Nov 03 2021 01: +0,1635901200
2.401,160,Nov 04 2021 01: +0,1635987600
2.423,172,Nov 05 2021 01: +0,1636074000
2.334,182,Nov 06 2021 01: +0,1636160400
2.325,196,Nov 07 2021 01: +0,1636246800
2.336,162,Nov 08 2021 01: +0,1636333200
2.296,148,Nov 09 2021 01: +0,1636419600
2.198,189,Nov 10 2021 01: +0,1636506000
2.216,147,Nov 11 2021 01: +0,1636592400
2.187,125,Nov 12 2021 01: +0,1636678800
2.206,152,Nov 13 2021 01: +0,1636765200
2.233,122,Nov 14 2021 01: +0,1636851600
2.259,124,Nov 15 2021 01: +0,1636938000
2.327,176,Nov 16 2021 01: +0,1637024400
2.321,155,Nov 17 2021 01: +0,1637110800
2.272,150,Nov 18 2021 01: +0,1637197200
2.338,149,Nov 19 2021 01: +0,1637283600
2.362,131,Nov 20 2021 01: +0,1637370000
2.253,101,Nov 21 2021 01: +0,1637456400
2.339,144,Nov 22 2021 01: +0,1637542800
2.324,114,Nov 23 2021 01: +0,1637629200
2.356,170,Nov 24 2021 01: +0,1637715600
2.095,157,Nov 25 2021 01: +0,1637802000
2.307,188,Nov 26 2021 01: +0,1637888400
2.239,145,Nov 27 2021 01: +0,1637974800
2.169,147,Nov 28 2021 01: +0,1638061200
2.036,115,Nov 29 2021 01: +0,1638147600
2.204,212,Nov 30 2021 01: +0,1638234000
2.084,128,Dec 01 2021 01: +0,1638320400
2.206,134,Dec 02 2021 01: +0,1638406800
2.23,157,Dec 03 2021 01: +0,1638493200
2.374,219,Dec 04 2021 01: +0,1638579600
2.376,167,Dec 05 2021 01: +0,1638666000
2.359,124,Dec 06 2021 01: +0,1638752400
2.389,167,Dec 07 2021 01: +0,1638838800
2.339,162,Dec 08 2021 01: +0,1638925200
2.453,146,Dec 09 2021 01: +0,1639011600
2.443,146,Dec 10 2021 01: +0,1639098000
2.416,150,Dec 11 2021 01: +0,1639184400
2.242,130,Dec 12 2021 01: +0,1639270800
2.417,133,Dec 13 2021 01: +0,1639357200
2.405,125,Dec 14 2021 01: +0,1639443600
2.344,122,Dec 15 2021 01: +0,1639530000
2.37,113,Dec 16 2021 01: +0,1639616400
2.33,145,Dec 17 2021 01: +0,1639702800
2.35,141,Dec 18 2021 01: +0,1639789200
2.479,207,Dec 19 2021 01: +0,1639875600
2.413,176,Dec 20 2021 01: +0,1639962000
2.536,114,Dec 21 2021 01: +0,1640048400
2.54,147,Dec 22 2021 01: +0,1640134800
2.466,128,Dec 23 2021 01: +0,1640221200
2.542,138,Dec 24 2021 01: +0,1640307600
2.637,177,Dec 25 2021 01: +0,1640394000
2.574,201,Dec 26 2021 01: +0,1640480400
2.533,129,Dec 27 2021 01: +0,1640566800
2.623,136,Dec 28 2021 01: +0,1640653200
2.563,187,Dec 29 2021 01: +0,1640739600
2.662,181,Dec 30 2021 01: +0,1640826000
2.517,156,Dec 31 2021 01: +0,1640912400
2.599,146,Jan 01 2022 01: +0,1640998800
2.566,148,Jan 02 2022 01: +0,1641085200
2.677,132,Jan 03 2022 01: +0,1641171600
2.599,115,Jan 04 2022 01: +0,1641258000
2.724,143,Jan 05 2022 01: +0,1641344400
2.8,132,Jan 06 2022 01: +0,1641430800
2.686,170,Jan 07 2022 01: +0,1641517200
2.694,141,Jan 08 2022 01: +0,1641603600
2.876,136,Jan 09 2022 01: +0,1641690000
2.848,134,Jan 10 2022 01: +0,1641776400
2.896,135,Jan 11 2022 01: +0,1641862800
2.729,127,Jan 12 2022 01: +0,1641949200
2.736,155,Jan 13 2022 01: +0,1642035600
2.777,173,Jan 14 2022 01: +0,1642122000
2.79,158,Jan 15 2022 01: +0,1642208400
2.843,178,Jan 16 2022 01: +0,1642294800
2.822,117,Jan 17 2022 01: +0,1642381200
2.772,132,Jan 18 2022 01: +0,1642467600
2.757,147,Jan 19 2022 01: +0,1642554000
2.767,141,Jan 20 2022 01: +0,1642640400
2.758,237,Jan 21 2022 01: +0,1642726800
2.732,194,Jan 22 2022 01: +0,1642813200
2.694,205,Jan 23 2022 01: +0,1642899600
2.689,159,Jan 24 2022 01: +0,1642986000
2.744,168,Jan 25 2022 01: +0,1643072400
2.71,191,Jan 26 2022 01: +0,1643158800
2.668,186,Jan 27 2022 01: +0,1643245200
2.679,212,Jan 28 2022 01: +0,1643331600
2.596,206,Jan 29 2022 01: +0,1643418000
2.552,185,Jan 30 2022 01: +0,1643504400
2.522,187,Jan 31 2022 01: +0,1643590800
2.533,230,Feb 01 2022 01: +0,1643677200
2.595,196,Feb 02 2022 01: +0,1643763600
2.613,180,Feb 03 2022 01: +0,1643850000
2.64,218,Feb 04 2022 01: +0,1643936400
2.552,131,Feb 05 2022 01: +0,1644022800
2.61,253,Feb 06 2022 01: +0,1644109200
2.717,218,Feb 07 2022 01: +0,1644195600
2.69,194,Feb 08 2022 01: +0,1644282000
2.681,232,Feb 09 2022 01: +0,1644368400
2.603,187,Feb 10 2022 01: +0,1644454800
2.643,166,Feb 11 2022 01: +0,1644541200
2.652,224,Feb 12 2022 01: +0,1644627600
2.645,191,Feb 13 2022 01: +0,1644714000
2.627,223,Feb 14 2022 01: +0,1644800400
2.596,202,Feb 15 2022 01: +0,1644886800
2.586,193,Feb 16 2022 01: +0,1644973200
2.669,199,Feb 17 2022 01: +0,1645059600
2.626,172,Feb 18 2022 01: +0,1645146000
2.624,227,Feb 19 2022 01: +0,1645232400
2.646,191,Feb 20 2022 01: +0,1645318800
2.694,219,Feb 21 2022 01: +0,1645405200
2.72,209,Feb 22 2022 01: +0,1645491600
2.6,161,Feb 23 2022 01: +0,1645578000
2.629,219,Feb 24 2022 01: +0,1645664400
2.559,193,Feb 25 2022 01: +0,1645750800
2.603,172,Feb 26 2022 01: +0,1645837200
2.605,219,Feb 27 2022 01: +0,1645923600
2.69,214,Feb 28 2022 01: +0,1646010000
2.685,187,Mar 01 2022 01: +0,1646096400
2.648,200,Mar 02 2022 01: +0,1646182800
2.644,210,Mar 03 2022 01: +0,1646269200
2.608,182,Mar 04 2022 01: +0,1646355600
2.759,256,Mar 05 2022 01: +0,1646442000
2.664,210,Mar 06 2022 01: +0,1646528400
2.652,203,Mar 07 2022 01: +0,1646614800
2.675,159,Mar 08 2022 01: +0,1646701200
2.664,229,Mar 09 2022 01: +0,1646787600
2.574,173,Mar 10 2022 01: +0,1646874000
2.653,174,Mar 11 2022 01: +0,1646960400
2.598,208,Mar 12 2022 01: +0,1647046800
2.613,202,Mar 13 2022 01: +0,1647133200
2.661,211,Mar 14 2022 01: +0,1647219600
2.611,152,Mar 15 2022 01: +0,1647306000
2.608,196,Mar 16 2022 01: +0,1647392400
2.593,158,Mar 17 2022 01: +0,1647478800
2.543,215,Mar 18 2022 01: +0,1647565200
2.598,221,Mar 19 2022 01: +0,1647651600
2.614,186,Mar 20 2022 01: +0,1647738000
2.593,150,Mar 21 2022 01: +0,1647824400
2.553,184,Mar 22 2022 01: +0,1647910800
2.579,139,Mar 23 2022 01: +0,1647997200
2.582,166,Mar 24 2022 01: +0,1648083600
2.595,226,Mar 25 2022 01: +0,1648170000
2.662,192,Mar 26 2022 01: +0,1648256400
2.571,197,Mar 27 2022 01: +0,1648342800
2.602,208,Mar 28 2022 01: +0,1648425600
2.544,176,Mar 29 2022 01: +0,1648512000
2.544,125,Mar 30 2022 01: +0,1648598400
2.508,147,Mar 31 2022 01: +0,1648684800
2.653,155,Apr 01 2022 01: +0,1648771200
2.607,123,Apr 02 2022 01: +0,1648857600
2.571,180,Apr 03 2022 01: +0,1648944000
2.499,131,Apr 04 2022 01: +0,1649030400
2.449,142,Apr 05 2022 01: +0,1649116800
2.629,146,Apr 06 2022 01: +0,1649203200
2.621,156,Apr 07 2022 01: +0,1649289600
2.621,138,Apr 08 2022 01: +0,1649376000
2.611,163,Apr 09 2022 01: +0,1649462400
2.614,179,Apr 10 2022 01: +0,1649548800
2.612,170,Apr 11 2022 01: +0,1649635200
2.652,175,Apr 12 2022 01: +0,1649721600
2.521,160,Apr 13 2022 01: +0,1649808000
2.586,165,Apr 14 2022 01: +0,1649894400
2.544,180,Apr 15 2022 01: +0,1649980800
2.572,158,Apr 16 2022 01: +0,1650067200
2.618,154,Apr 17 2022 01: +0,1650153600
2.598,178,Apr 18 2022 01: +0,1650240000
2.546,133,Apr 19 2022 01: +0,1650326400
2.569,176,Apr 20 2022 01: +0,1650412800
2.583,159,Apr 21 2022 01: +0,1650499200
2.59,168,Apr 22 2022 01: +0,1650585600
2.646,182,Apr 23 2022 01: +0,1650672000
2.576,186,Apr 24 2022 01: +0,1650758400
2.574,121,Apr 25 2022 01: +0,1650844800
2.531,168,Apr 26 2022 01: +0,1650931200
2.496,156,Apr 27 2022 01: +0,1651017600
2.535,173,Apr 28 2022 01: +0,1651104000
2.544,180,Apr 29 2022 01: +0,1651190400
2.466,179,Apr 30 2022 01: +0,1651276800
2.477,215,May 01 2022 01: +0,1651363200
2.456,187,May 02 2022 01: +0,1651449600
2.417,192,May 03 2022 01: +0,1651536000
2.321,276,May 04 2022 01: +0,1651622400
2.344,259,May 05 2022 01: +0,1651708800
2.268,168,May 06 2022 01: +0,1651795200
2.288,184,May 07 2022 01: +0,1651881600
2.261,182,May 08 2022 01: +0,1651968000
2.246,208,May 09 2022 01: +0,1652054400
2.273,190,May 10 2022 01: +0,1652140800
2.232,186,May 11 2022 01: +0,1652227200
2.218,190,May 12 2022 01: +0,1652313600
2.237,201,May 13 2022 01: +0,1652400000
2.197,201,May 14 2022 01: +0,1652486400
2.165,200,May 15 2022 01: +0,1652572800
2.117,168,May 16 2022 01: +0,1652659200
2.142,171,May 17 2022 01: +0,1652745600
2.135,169,May 18 2022 01: +0,1652832000
2.176,160,May 19 2022 01: +0,1652918400
2.219,215,May 20 2022 01: +0,1653004800
2.173,162,May 21 2022 01: +0,1653091200
2.178,169,May 22 2022 01: +0,1653177600
2.161,189,May 23 2022 01: +0,1653264000
2.155,154,May 24 2022 01: +0,1653350400
2.137,163,May 25 2022 01: +0,1653436800
2.183,192,May 26 2022 01: +0,1653523200
2.238,296,May 27 2022 01: +0,1653609600
2.211,186,May 28 2022 01: +0,1653696000
2.27,208,May 29 2022 01: +0,1653782400
2.202,245,May 30 2022 01: +0,1653868800
2.16,141,May 31 2022 01: +0,1653955200
2.237,203,Jun 01 2022 01: +0,1654041600
2.203,188,Jun 02 2022 01: +0,1654128000
2.184,215,Jun 03 2022 01: +0,1654214400
2.175,197,Jun 04 2022 01: +0,1654300800
2.149,215,Jun 05 2022 01: +0,1654387200
2.145,154,Jun 06 2022 01: +0,1654473600
2.215,215,Jun 07 2022 01: +0,1654560000
2.239,199,Jun 08 2022 01: +0,1654646400
2.179,146,Jun 09 2022 01: +0,1654732800
2.14,144,Jun 10 2022 01: +0,1654819200
2.158,162,Jun 11 2022 01: +0,1654905600
2.154,201,Jun 12 2022 01: +0,1654992000
2.175,173,Jun 13 2022 01: +0,1655078400
2.225,176,Jun 14 2022 01: +0,1655164800
2.103,146,Jun 15 2022 01: +0,1655251200
2.184,171,Jun 16 2022 01: +0,1655337600
2.166,129,Jun 17 2022 01: +0,1655424000
2.085,159,Jun 18 2022 01: +0,1655510400
2.134,155,Jun 19 2022 01: +0,1655596800
2.068,163,Jun 20 2022 01: +0,1655683200
2.03,161,Jun 21 2022 01: +0,1655769600
1.961,145,Jun 22 2022 01: +0,1655856000
2.024,195,Jun 23 2022 01: +0,1655942400
1.937,150,Jun 24 2022 01: +0,1656028800
1.961,154,Jun 25 2022 01: +0,1656115200
1.988,179,Jun 26 2022 01: +0,1656201600
1.925,182,Jun 27 2022 01: +0,1656288000
2.006,216,Jun 28 2022 01: +0,1656374400
2.02,166,Jun 29 2022 01: +0,1656460800
1.976,122,Jun 30 2022 01: +0,1656547200
2.069,199,Jul 01 2022 01: +0,1656633600
2.261,302,Jul 02 2022 01: +0,1656720000
2.176,200,Jul 03 2022 01: +0,1656806400
2.171,221,Jul 04 2022 01: +0,1656892800
2.235,253,Jul 05 2022 01: +0,1656979200
2.237,211,Jul 06 2022 01: +0,1657065600
2.194,246,Jul 07 2022 01: +0,1657152000
2.141,231,Jul 08 2022 01: +0,1657238400
2.184,203,Jul 09 2022 01: +0,1657324800
2.221,224,Jul 10 2022 01: +0,1657411200
2.206,241,Jul 11 2022 01: +0,1657497600
2.204,222,Jul 12 2022 01: +0,1657584000
2.583,148,Jul 13 2022 01: +0,1657670400
2.345,250,Jul 14 2022 01: +0,1657756800
2.398,264,Jul 15 2022 01: +0,1657843200
2.34,267,Jul 16 2022 01: +0,1657929600
2.348,215,Jul 17 2022 01: +0,1658016000
2.343,219,Jul 18 2022 01: +0,1658102400
2.325,169,Jul 19 2022 01: +0,1658188800
2.507,88,Jul 20 2022 01: +0,1658275200
2.353,233,Jul 21 2022 01: +0,1658361600
2.336,213,Jul 22 2022 01: +0,1658448000
2.361,235,Jul 23 2022 01: +0,1658534400
2.354,199,Jul 24 2022 01: +0,1658620800
2.301,196,Jul 25 2022 01: +0,1658707200
2.369,228,Jul 26 2022 01: +0,1658793600
2.291,238,Jul 27 2022 01: +0,1658880000
2.344,184,Jul 28 2022 01: +0,1658966400
2.397,182,Jul 29 2022 01: +0,1659052800
2.473,224,Jul 30 2022 01: +0,1659139200
2.412,190,Jul 31 2022 01: +0,1659225600
2.344,187,Aug 01 2022 01: +0,1659312000
2.448,200,Aug 02 2022 01: +0,1659398400
2.432,192,Aug 03 2022 01: +0,1659484800
2.499,196,Aug 04 2022 01: +0,1659571200
2.52,163,Aug 05 2022 01: +0,1659657600
2.458,165,Aug 06 2022 01: +0,1659744000
2.391,208,Aug 07 2022 01: +0,1659830400
2.459,179,Aug 08 2022 01: +0,1659916800
2.406,75,Aug 09 2022 01: +0,1660003200
2.435,300,Aug 10 2022 01: +0,1660089600
2.422,184,Aug 11 2022 01: +0,1660176000
2.495,217,Aug 12 2022 01: +0,1660262400
2.416,181,Aug 13 2022 01: +0,1660348800
2.505,150,Aug 14 2022 01: +0,1660435200
2.46,190,Aug 15 2022 01: +0,1660521600
2.457,189,Aug 16 2022 01: +0,1660608000
2.41,262,Aug 17 2022 01: +0,1660694400
2.464,193,Aug 18 2022 01: +0,1660780800
2.4,176,Aug 19 2022 01: +0,1660867200
2.374,190,Aug 20 2022 01: +0,1660953600
2.373,180,Aug 21 2022 01: +0,1661040000
2.388,169,Aug 22 2022 01: +0,1661126400
2.425,196,Aug 23 2022 01: +0,1661212800
2.384,206,Aug 24 2022 01: +0,1661299200
2.431,223,Aug 25 2022 01: +0,1661385600
2.33,154,Aug 26 2022 01: +0,1661472000
2.328,170,Aug 27 2022 01: +0,1661558400
2.396,207,Aug 28 2022 01: +0,1661644800
2.356,173,Aug 29 2022 01: +0,1661731200
2.372,170,Aug 30 2022 01: +0,1661817600
2.455,215,Aug 31 2022 01: +0,1661904000
2.428,196,Sep 01 2022 01: +0,1661990400
2.433,185,Sep 02 2022 01: +0,1662076800
2.449,216,Sep 03 2022 01: +0,1662163200
2.409,206,Sep 04 2022 01: +0,1662249600
2.471,160,Sep 05 2022 01: +0,1662336000
2.499,163,Sep 06 2022 01: +0,1662422400
2.498,144,Sep 07 2022 01: +0,1662508800
2.474,160,Sep 08 2022 01: +0,1662595200
2.426,231,Sep 09 2022 01: +0,1662681600
2.412,196,Sep 10 2022 01: +0,1662768000
2.429,187,Sep 11 2022 01: +0,1662854400
2.444,159,Sep 12 2022 01: +0,1662940800
2.425,146,Sep 13 2022 01: +0,1663027200
2.353,187,Sep 14 2022 01: +0,1663113600
2.36,146,Sep 15 2022 01: +0,1663200000
2.349,215,Sep 16 2022 01: +0,1663286400
2.344,189,Sep 17 2022 01: +0,1663372800
2.282,213,Sep 18 2022 01: +0,1663459200
2.295,188,Sep 19 2022 01: +0,1663545600
2.305,171,Sep 20 2022 01: +0,1663632000
2.263,143,Sep 21 2022 01: +0,1663718400
2.383,180,Sep 22 2022 01: +0,1663804800
2.245,148,Sep 23 2022 01: +0,1663891200
2.265,186,Sep 24 2022 01: +0,1663977600
2.194,140,Sep 25 2022 01: +0,1664064000
2.226,223,Sep 26 2022 01: +0,1664150400
2.3,154,Sep 27 2022 01: +0,1664236800
2.279,149,Sep 28 2022 01: +0,1664323200
2.188,164,Sep 29 2022 01: +0,1664409600
2.249,164,Sep 30 2022 01: +0,1664496000
2.372,220,Oct 01 2022 01: +0,1664582400
2.35,151,Oct 02 2022 01: +0,1664668800
2.367,209,Oct 03 2022 01: +0,1664755200
2.533,130,Oct 04 2022 01: +0,1664841600
2.404,156,Oct 05 2022 01: +0,1664928000
2.411,169,Oct 06 2022 01: +0,1665014400
2.495,143,Oct 07 2022 01: +0,1665100800
2.465,187,Oct 08 2022 01: +0,1665187200
2.439,166,Oct 09 2022 01: +0,1665273600
2.396,135,Oct 10 2022 01: +0,1665360000
2.432,116,Oct 11 2022 01: +0,1665446400
2.377,153,Oct 12 2022 01: +0,1665532800
2.35,167,Oct 13 2022 01: +0,1665619200
2.339,120,Oct 14 2022 01: +0,1665705600
2.47,237,Oct 15 2022 01: +0,1665792000
2.477,205,Oct 16 2022 01: +0,1665878400
2.388,160,Oct 17 2022 01: +0,1665964800
2.432,120,Oct 18 2022 01: +0,1666051200
2.425,120,Oct 19 2022 01: +0,1666137600
2.436,166,Oct 20 2022 01: +0,1666224000
2.37,150,Oct 21 2022 01: +0,1666310400
2.271,200,Oct 22 2022 01: +0,1666396800
2.261,167,Oct 23 2022 01: +0,1666483200
2.241,156,Oct 24 2022 01: +0,1666569600
2.172,128,Oct 25 2022 01: +0,1666656000
2.235,178,Oct 26 2022 01: +0,1666742400
2.205,147,Oct 27 2022 01: +0,1666828800
2.149,161,Oct 28 2022 01: +0,1666915200
2.293,168,Oct 29 2022 01: +0,1667001600
2.223,136,Oct 30 2022 01: +0,1667088000
2.236,131,Oct 31 2022 01: +0,1667178000
2.292,157,Nov 01 2022 01: +0,1667264400
2.287,149,Nov 02 2022 01: +0,1667350800
2.306,122,Nov 03 2022 01: +0,1667437200
2.33,118,Nov 04 2022 01: +0,1667523600
2.39,164,Nov 05 2022 01: +0,1667610000
2.337,130,Nov 06 2022 01: +0,1667696400
2.425,124,Nov 07 2022 01: +0,1667782800
2.447,177,Nov 08 2022 01: +0,1667869200
2.458,140,Nov 09 2022 01: +0,1667955600
2.382,106,Nov 10 2022 01: +0,1668042000
2.428,156,Nov 11 2022 01: +0,1668128400
2.475,147,Nov 12 2022 01: +0,1668214800
2.419,171,Nov 13 2022 01: +0,1668301200
2.415,119,Nov 14 2022 01: +0,1668387600
2.407,108,Nov 15 2022 01: +0,1668474000
2.323,109,Nov 16 2022 01: +0,1668560400
2.263,101,Nov 17 2022 01: +0,1668646800
2.309,116,Nov 18 2022 01: +0,1668733200
2.282,158,Nov 19 2022 01: +0,1668819600
2.347,110,Nov 20 2022 01: +0,1668906000
2.359,121,Nov 21 2022 01: +0,1668992400
2.324,118,Nov 22 2022 01: +0,1669078800
2.213,154,Nov 23 2022 01: +0,1669165200
2.179,117,Nov 24 2022 01: +0,1669251600
2.205,142,Nov 25 2022 01: +0,1669338000
2.093,150,Nov 26 2022 01: +0,1669424400
2.168,116,Nov 27 2022 01: +0,1669510800
2.176,104,Nov 28 2022 01: +0,1669597200
2.183,144,Nov 29 2022 01: +0,1669683600
2.262,111,Nov 30 2022 01: +0,1669770000
2.357,112,Dec 01 2022 01: +0,1669856400
2.362,97,Dec 02 2022 01: +0,1669942800
2.471,132,Dec 03 2022 01: +0,1670029200
2.483,144,Dec 04 2022 01: +0,1670115600
2.423,113,Dec 05 2022 01: +0,1670202000
2.363,114,Dec 06 2022 01: +0,1670288400
2.463,137,Dec 07 2022 01: +0,1670374800
2.344,116,Dec 08 2022 01: +0,1670461200
2.459,121,Dec 09 2022 01: +0,1670547600
2.382,147,Dec 10 2022 01: +0,1670634000
2.366,62,Dec 11 2022 01: +0,1670720400
2.358,95,Dec 12 2022 01: +0,1670806800
2.383,78,Dec 13 2022 01: +0,1670893200
2.421,103,Dec 14 2022 01: +0,1670979600
2.362,103,Dec 15 2022 01: +0,1671066000
2.32,95,Dec 16 2022 01: +0,1671152400
2.378,114,Dec 17 2022 01: +0,1671238800
2.355,124,Dec 18 2022 01: +0,1671325200
2.443,112,Dec 19 2022 01: +0,1671411600
2.422,93,Dec 20 2022 01: +0,1671498000
2.415,116,Dec 21 2022 01: +0,1671584400
2.455,140,Dec 22 2022 01: +0,1671670800
2.405,139,Dec 23 2022 01: +0,1671757200
2.401,186,Dec 24 2022 01: +0,1671843600
2.365,124,Dec 25 2022 01: +0,1671930000
2.405,144,Dec 26 2022 01: +0,1672016400
2.434,181,Dec 27 2022 01: +0,1672102800
2.365,117,Dec 28 2022 01: +0,1672189200
2.278,95,Dec 29 2022 01: +0,1672275600
2.414,141,Dec 30 2022 01: +0,1672362000
2.432,176,Dec 31 2022 01: +0,1672448400
2.392,104,Jan 01 2023 01: +0,1672534800
2.43,164,Jan 02 2023 01: +0,1672621200
2.417,169,Jan 03 2023 01: +0,1672707600
2.335,105,Jan 04 2023 01: +0,1672794000
2.334,122,Jan 05 2023 01: +0,1672880400
2.405,145,Jan 06 2023 01: +0,1672966800
2.421,133,Jan 07 2023 01: +0,1673053200
2.444,121,Jan 08 2023 01: +0,1673139600
2.404,115,Jan 09 2023 01: +0,1673226000
2.32,96,Jan 10 2023 01: +0,1673312400
2.405,121,Jan 11 2023 01: +0,1673398800
2.435,117,Jan 12 2023 01: +0,1673485200
2.378,126,Jan 13 2023 01: +0,1673571600
2.365,117,Jan 14 2023 01: +0,1673658000
2.448,116,Jan 15 2023 01: +0,1673744400
2.516,152,Jan 16 2023 01: +0,1673830800
2.387,119,Jan 17 2023 01: +0,1673917200
2.401,147,Jan 18 2023 01: +0,1674003600
2.655,148,Jan 19 2023 01: +0,1674090000
2.545,141,Jan 20 2023 01: +0,1674176400
2.465,143,Jan 21 2023 01: +0,1674262800
2.564,175,Jan 22 2023 01: +0,1674349200
2.554,111,Jan 23 2023 01: +0,1674435600
2.491,108,Jan 24 2023 01: +0,1674522000
2.636,123,Jan 25 2023 01: +0,1674608400
2.612,127,Jan 26 2023 01: +0,1674694800
2.642,176,Jan 27 2023 01: +0,1674781200
2.603,168,Jan 28 2023 01: +0,1674867600
2.598,183,Jan 29 2023 01: +0,1674954000
2.579,131,Jan 30 2023 01: +0,1675040400
2.569,173,Jan 31 2023 01: +0,1675126800
2.425,131,Feb 01 2023 01: +0,1675213200
2.591,162,Feb 02 2023 01: +0,1675299600
2.507,168,Feb 03 2023 01: +0,1675386000
2.595,161,Feb 04 2023 01: +0,1675472400
2.63,164,Feb 05 2023 01: +0,1675558800
2.561,140,Feb 06 2023 01: +0,1675645200
2.56,123,Feb 07 2023 01: +0,1675731600
2.492,157,Feb 08 2023 01: +0,1675818000
2.518,136,Feb 09 2023 01: +0,1675904400
2.829,419,Feb 10 2023 01: +0,1675990800
3.0,320,Feb 11 2023 01: +0,1676077200
3.023,349,Feb 12 2023 01: +0,1676163600
3.111,245,Feb 13 2023 01: +0,1676250000
3.042,220,Feb 14 2023 01: +0,1676336400
2.941,5,Feb 14 2023 21: +0,1676408400
2.948,4,Feb 14 2023 22: +0,1676412000
3.178,5,Feb 14 2023 23: +0,1676415600
2.934,2,Feb 15 2023 00: +0,1676419200
2.928,5,Feb 15 2023 01: +0,1676422800
3.307,5,Feb 15 2023 02: +0,1676426400
2.928,9,Feb 15 2023 03: +0,1676430000
2.953,7,Feb 15 2023 04: +0,1676433600
2.887,2,Feb 15 2023 05: +0,1676437200
3.03,11,Feb 15 2023 06: +0,1676440800
2.779,5,Feb 15 2023 07: +0,1676444400
2.627,2,Feb 15 2023 08: +0,1676448000
58.068,2,Feb 15 2023 09: +0,1676451600
2.928,10,Feb 15 2023 10: +0,1676455200
2.817,10,Feb 15 2023 11: +0,1676458800
3.018,20,Feb 15 2023 12: +0,1676462400
2.928,11,Feb 15 2023 13: +0,1676466000
3.193,11,Feb 15 2023 14: +0,1676469600
2.943,5,Feb 15 2023 15: +0,1676473200
2.972,12,Feb 15 2023 16: +0,1676476800
3.091,18,Feb 15 2023 17: +0,1676480400
2.95,10,Feb 15 2023 18: +0,1676484000
2.812,8,Feb 15 2023 19: +0,1676487600
2.796,5,Feb 15 2023 20: +0,1676491200
3.21,45,Feb 15 2023 21: +0,1676494800
3.39,38,Feb 15 2023 22: +0,1676498400
3.426,7,Feb 15 2023 23: +0,1676502000
3.723,4,Feb 16 2023 00: +0,1676505600
3.086,1,Feb 16 2023 01: +0,1676509200
3.05,8,Feb 16 2023 02: +0,1676512800
3.13,9,Feb 16 2023 03: +0,1676516400
3.201,9,Feb 16 2023 04: +0,1676520000
3.454,10,Feb 16 2023 05: +0,1676523600
2.94,11,Feb 16 2023 06: +0,1676527200
3.438,8,Feb 16 2023 07: +0,1676530800
3.438,14,Feb 16 2023 08: +0,1676534400
3.04,8,Feb 16 2023 09: +0,1676538000
3.007,8,Feb 16 2023 10: +0,1676541600
3.135,19,Feb 16 2023 11: +0,1676545200
2.928,9,Feb 16 2023 12: +0,1676548800
3.048,13,Feb 16 2023 13: +0,1676552400
3.274,4,Feb 16 2023 14: +0,1676556000
2.945,13,Feb 16 2023 15: +0,1676559600
3.045,10,Feb 16 2023 16: +0,1676563200
2.928,18,Feb 16 2023 17: +0,1676566800
2.928,9,Feb 16 2023 18: +0,1676570400
3.003,14,Feb 16 2023 19: +0,1676574000
2.92,4,Feb 16 2023 20: +0,1676577600
2.87,4,Feb 16 2023 21: +0,1676581200
3.01,18,Feb 16 2023 22: +0,1676584800
2.928,2,Feb 16 2023 23: +0,1676588400
2.895,5,Feb 17 2023 00: +0,1676592000
2.874,2,Feb 17 2023 01: +0,1676595600
2.928,8,Feb 17 2023 02: +0,1676599200
2.928,12,Feb 17 2023 03: +0,1676602800
3.318,26,Feb 17 2023 04: +0,1676606400
2.928,3,Feb 17 2023 05: +0,1676610000
2.912,6,Feb 17 2023 06: +0,1676613600
2.987,4,Feb 17 2023 07: +0,1676617200
3.123,6,Feb 17 2023 08: +0,1676620800
2.991,15,Feb 17 2023 09: +0,1676624400
2.928,11,Feb 17 2023 10: +0,1676628000
2.943,7,Feb 17 2023 11: +0,1676631600
2.924,8,Feb 17 2023 12: +0,1676635200
2.697,12,Feb 17 2023 13: +0,1676638800
2.92,16,Feb 17 2023 14: +0,1676642400
2.903,13,Feb 17 2023 15: +0,1676646000
2.924,14,Feb 17 2023 16: +0,1676649600
2.916,12,Feb 17 2023 17: +0,1676653200
3.184,27,Feb 17 2023 18: +0,1676656800
2.938,8,Feb 17 2023 19: +0,1676660400
2.928,8,Feb 17 2023 20: +0,1676664000
2.928,13,Feb 17 2023 21: +0,1676667600
3.189,14,Feb 17 2023 22: +0,1676671200
3.017,6,Feb 17 2023 23: +0,1676674800
2.928,6,Feb 18 2023 00: +0,1676678400
2.771,8,Feb 18 2023 01: +0,1676682000
3.116,11,Feb 18 2023 02: +0,1676685600
2.908,12,Feb 18 2023 03: +0,1676689200
3.173,12,Feb 18 2023 04: +0,1676692800
2.928,13,Feb 18 2023 05: +0,1676696400
3.294,13,Feb 18 2023 06: +0,1676700000
3.16,10,Feb 18 2023 07: +0,1676703600
3.117,13,Feb 18 2023 08: +0,1676707200
2.908,6,Feb 18 2023 09: +0,1676710800
2.928,13,Feb 18 2023 10: +0,1676714400
3.055,27,Feb 18 2023 11: +0,1676718000
3.228,4,Feb 18 2023 12: +0,1676721600
3.166,15,Feb 18 2023 13: +0,1676725200
3.213,14,Feb 18 2023 14: +0,1676728800
2.94,9,Feb 18 2023 15: +0,1676732400
3.237,18,Feb 18 2023 16: +0,1676736000
3.242,10,Feb 18 2023 17: +0,1676739600
3.299,21,Feb 18 2023 18: +0,1676743200
2.961,7,Feb 18 2023 19: +0,1676746800
3.244,15,Feb 18 2023 20: +0,1676750400
3.085,15,Feb 18 2023 21: +0,1676754000
3.263,12,Feb 18 2023 22: +0,1676757600
3.037,9,Feb 18 2023 23: +0,1676761200
3.296,16,Feb 19 2023 00: +0,1676764800
2.808,2,Feb 19 2023 01: +0,1676768400
2.887,5,Feb 19 2023 02: +0,1676772000
2.945,10,Feb 19 2023 03: +0,1676775600
2.953,1,Feb 19 2023 04: +0,1676779200
3.01,14,Feb 19 2023 05: +0,1676782800
3.178,8,Feb 19 2023 06: +0,1676786400
2.945,11,Feb 19 2023 07: +0,1676790000
2.945,11,Feb 19 2023 08: +0,1676793600
3.058,22,Feb 19 2023 09: +0,1676797200
3.292,7,Feb 19 2023 10: +0,1676800800
3.004,7,Feb 19 2023 11: +0,1676804400
2.974,8,Feb 19 2023 12: +0,1676808000
2.945,5,Feb 19 2023 13: +0,1676811600
2.912,11,Feb 19 2023 14: +0,1676815200
3.004,17,Feb 19 2023 15: +0,1676818800
2.95,9,Feb 19 2023 16: +0,1676822400
2.953,11,Feb 19 2023 17: +0,1676826000
2.974,8,Feb 19 2023 18: +0,1676829600
2.953,6,Feb 19 2023 19: +0,1676833200
3.147,27,Feb 19 2023 20: +0,1676836800
2.953,5,Feb 19 2023 21: +0,1676840400
2.953,6,Feb 19 2023 22: +0,1676844000
2.953,9,Feb 19 2023 23: +0,1676847600
2.976,2,Feb 20 2023 00: +0,1676851200
2.953,5,Feb 20 2023 01: +0,1676854800
3.019,5,Feb 20 2023 02: +0,1676858400
2.808,4,Feb 20 2023 03: +0,1676862000
2.953,5,Feb 20 2023 04: +0,1676865600
2.953,3,Feb 20 2023 05: +0,1676869200
2.953,8,Feb 20 2023 06: +0,1676872800
3.365,20,Feb 20 2023 07: +0,1676876400
3.37,4,Feb 20 2023 08: +0,1676880000
2.953,18,Feb 20 2023 09: +0,1676883600
2.953,7,Feb 20 2023 10: +0,1676887200
3.333,3,Feb 20 2023 11: +0,1676890800
2.953,1,Feb 20 2023 12: +0,1676894400
2.961,14,Feb 20 2023 13: +0,1676898000
3.044,11,Feb 20 2023 14: +0,1676901600
2.953,8,Feb 20 2023 15: +0,1676905200
2.97,5,Feb 20 2023 16: +0,1676908800
3.131,4,Feb 20 2023 17: +0,1676912400
2.817,10,Feb 20 2023 18: +0,1676916000
2.993,15,Feb 20 2023 19: +0,1676919600
2.961,10,Feb 20 2023 20: +0,1676923200
2.98,8,Feb 20 2023 21: +0,1676926800
2.961,5,Feb 20 2023 22: +0,1676930400
3.201,11,Feb 20 2023 23: +0,1676934000
2.796,5,Feb 21 2023 00: +0,1676937600
1.842,6,Feb 21 2023 01: +0,1676941200
2.945,1,Feb 21 2023 02: +0,1676944800
2.394,5,Feb 21 2023 03: +0,1676948400
3.045,1,Feb 21 2023 04: +0,1676952000
2.883,3,Feb 21 2023 05: +0,1676955600
2.961,10,Feb 21 2023 06: +0,1676959200
2.863,9,Feb 21 2023 07: +0,1676962800
1.842,6,Feb 21 2023 08: +0,1676966400
2.957,4,Feb 21 2023 09: +0,1676970000
2.961,16,Feb 21 2023 10: +0,1676973600
2.953,6,Feb 21 2023 11: +0,1676977200
2.953,7,Feb 21 2023 12: +0,1676980800
2.966,26,Feb 21 2023 13: +0,1676984400
2.953,9,Feb 21 2023 14: +0,1676988000
2.953,12,Feb 21 2023 15: +0,1676991600
2.949,16,Feb 21 2023 16: +0,1676995200
3.252,17,Feb 21 2023 17: +0,1676998800
3.248,8,Feb 21 2023 18: +0,1677002400
3.237,18,Feb 21 2023 19: +0,1677006000
2.953,9,Feb 21 2023 20: +0,1677009600
2.928,7,Feb 21 2023 21: +0,1677013200
2.953,6,Feb 21 2023 22: +0,1677016800
2.63,5,Feb 21 2023 23: +0,1677020400
2.961,6,Feb 22 2023 00: +0,1677024000
2.639,5,Feb 22 2023 01: +0,1677027600
2.928,5,Feb 22 2023 02: +0,1677031200
2.879,5,Feb 22 2023 03: +0,1677034800
3.021,6,Feb 22 2023 04: +0,1677038400
3.185,13,Feb 22 2023 05: +0,1677042000
2.833,6,Feb 22 2023 06: +0,1677045600
2.912,6,Feb 22 2023 07: +0,1677049200
2.858,4,Feb 22 2023 08: +0,1677052800
2.763,3,Feb 22 2023 09: +0,1677056400
2.945,5,Feb 22 2023 10: +0,1677060000
2.883,14,Feb 22 2023 11: +0,1677063600
2.802,2,Feb 22 2023 12: +0,1677067200
2.834,7,Feb 22 2023 13: +0,1677070800
2.957,8,Feb 22 2023 14: +0,1677074400
3.011,19,Feb 22 2023 15: +0,1677078000
2.779,15,Feb 22 2023 16: +0,1677081600
3.005,8,Feb 22 2023 17: +0,1677085200
3.002,10,Feb 22 2023 18: +0,1677088800
2.882,7,Feb 22 2023 19: +0,1677092400
2.889,7,Feb 22 2023 20: +0,1677096000
2.884,8,Feb 22 2023 21: +0,1677099600
2.804,9,Feb 22 2023 22: +0,1677103200
2.791,3,Feb 22 2023 23: +0,1677106800
2.884,5,Feb 23 2023 00: +0,1677110400
2.804,5,Feb 23 2023 01: +0,1677114000
2.8,8,Feb 23 2023 02: +0,1677117600
2.961,1,Feb 23 2023 03: +0,1677121200
3.123,3,Feb 23 2023 04: +0,1677124800
3.123,10,Feb 23 2023 05: +0,1677128400
2.945,10,Feb 23 2023 06: +0,1677132000
2.89,7,Feb 23 2023 07: +0,1677135600
3.177,11,Feb 23 2023 08: +0,1677139200
2.8,4,Feb 23 2023 09: +0,1677142800
3.005,12,Feb 23 2023 10: +0,1677146400
2.658,4,Feb 23 2023 11: +0,1677150000
2.928,22,Feb 23 2023 12: +0,1677153600
3.062,17,Feb 23 2023 13: +0,1677157200
3.159,15,Feb 23 2023 14: +0,1677160800
2.797,17,Feb 23 2023 15: +0,1677164400
2.931,13,Feb 23 2023 16: +0,1677168000
2.786,13,Feb 23 2023 17: +0,1677171600
2.763,6,Feb 23 2023 18: +0,1677175200
2.763,7,Feb 23 2023 19: +0,1677178800
2.806,14,Feb 23 2023 20: +0,1677182400
2.912,8,Feb 23 2023 21: +0,1677186000
2.924,17,Feb 23 2023 22: +0,1677189600
2.806,10,Feb 23 2023 23: +0,1677193200
2.763,7,Feb 24 2023 00: +0,1677196800
2.949,11,Feb 24 2023 01: +0,1677200400
2.923,6,Feb 24 2023 02: +0,1677204000
3.193,2,Feb 24 2023 03: +0,1677207600
2.71,4,Feb 24 2023 04: +0,1677211200
3.112,4,Feb 24 2023 05: +0,1677214800
3.16,16,Feb 24 2023 06: +0,1677218400
2.756,9,Feb 24 2023 07: +0,1677222000
2.9,3,Feb 24 2023 08: +0,1677225600
3.046,24,Feb 24 2023 09: +0,1677229200
3.201,29,Feb 24 2023 10: +0,1677232800
3.163,3,Feb 24 2023 11: +0,1677236400
2.801,6,Feb 24 2023 12: +0,1677240000
2.804,8,Feb 24 2023 13: +0,1677243600
2.83,21,Feb 24 2023 14: +0,1677247200
2.724,13,Feb 24 2023 15: +0,1677250800
2.805,18,Feb 24 2023 16: +0,1677254400
2.79,18,Feb 24 2023 17: +0,1677258000
3.074,18,Feb 24 2023 18: +0,1677261600
3.176,13,Feb 24 2023 19: +0,1677265200
2.649,6,Feb 24 2023 20: +0,1677268800
2.804,15,Feb 24 2023 21: +0,1677272400
2.94,8,Feb 24 2023 22: +0,1677276000
2.92,11,Feb 24 2023 23: +0,1677279600
3.011,3,Feb 25 2023 00: +0,1677283200
2.909,4,Feb 25 2023 01: +0,1677286800
2.742,6,Feb 25 2023 03: +0,1677294000
2.754,5,Feb 25 2023 04: +0,1677297600
2.754,7,Feb 25 2023 05: +0,1677301200
2.78,12,Feb 25 2023 06: +0,1677304800
2.862,6,Feb 25 2023 07: +0,1677308400
2.759,8,Feb 25 2023 08: +0,1677312000
3.009,9,Feb 25 2023 09: +0,1677315600
2.73,5,Feb 25 2023 10: +0,1677319200
3.065,20,Feb 25 2023 11: +0,1677322800
2.713,7,Feb 25 2023 12: +0,1677326400
2.754,5,Feb 25 2023 13: +0,1677330000
2.64,10,Feb 25 2023 14: +0,1677333600
2.793,10,Feb 25 2023 15: +0,1677337200
2.799,9,Feb 25 2023 16: +0,1677340800
3.051,28,Feb 25 2023 17: +0,1677344400
2.799,13,Feb 25 2023 18: +0,1677348000
2.829,9,Feb 25 2023 19: +0,1677351600
3.177,9,Feb 25 2023 20: +0,1677355200
3.07,12,Feb 25 2023 21: +0,1677358800
2.796,7,Feb 25 2023 22: +0,1677362400
2.389,2,Feb 25 2023 23: +0,1677366000
2.984,4,Feb 26 2023 00: +0,1677369600
3.177,24,Feb 26 2023 01: +0,1677373200
2.771,3,Feb 26 2023 02: +0,1677376800
2.739,5,Feb 26 2023 03: +0,1677380400
2.85,3,Feb 26 2023 04: +0,1677384000
2.656,2,Feb 26 2023 05: +0,1677387600
2.848,18,Feb 26 2023 06: +0,1677391200
2.73,7,Feb 26 2023 07: +0,1677394800
2.73,11,Feb 26 2023 08: +0,1677398400
2.816,12,Feb 26 2023 09: +0,1677402000
2.75,8,Feb 26 2023 10: +0,1677405600
2.775,11,Feb 26 2023 11: +0,1677409200
3.005,20,Feb 26 2023 12: +0,1677412800
2.845,14,Feb 26 2023 13: +0,1677416400
2.627,7,Feb 26 2023 14: +0,1677420000
2.617,13,Feb 26 2023 15: +0,1677423600
2.561,16,Feb 26 2023 16: +0,1677427200
3.081,13,Feb 26 2023 17: +0,1677430800
2.796,6,Feb 26 2023 18: +0,1677434400
2.858,10,Feb 26 2023 19: +0,1677438000
2.835,7,Feb 26 2023 20: +0,1677441600
2.257,7,Feb 26 2023 21: +0,1677445200
2.778,5,Feb 26 2023 22: +0,1677448800
0.724,3,Feb 26 2023 23: +0,1677452400
2.783,7,Feb 27 2023 00: +0,1677456000
2.609,3,Feb 27 2023 01: +0,1677459600
2.64,6,Feb 27 2023 02: +0,1677463200
2.87,14,Feb 27 2023 03: +0,1677466800
2.771,1,Feb 27 2023 04: +0,1677470400
2.779,11,Feb 27 2023 05: +0,1677474000
2.644,11,Feb 27 2023 06: +0,1677477600
2.631,4,Feb 27 2023 07: +0,1677481200
3.085,12,Feb 27 2023 08: +0,1677484800
0.724,4,Feb 27 2023 09: +0,1677488400
2.686,10,Feb 27 2023 10: +0,1677492000
2.785,14,Feb 27 2023 11: +0,1677495600
2.747,4,Feb 27 2023 12: +0,1677499200
2.721,8,Feb 27 2023 13: +0,1677502800
2.771,11,Feb 27 2023 14: +0,1677506400
2.652,6,Feb 27 2023 15: +0,1677510000
2.788,18,Feb 27 2023 16: +0,1677513600
2.767,8,Feb 27 2023 17: +0,1677517200
3.031,26,Feb 27 2023 18: +0,1677520800
2.779,3,Feb 27 2023 19: +0,1677524400
2.705,7,Feb 27 2023 20: +0,1677528000
3.003,21,Feb 27 2023 21: +0,1677531600
2.625,9,Feb 27 2023 22: +0,1677535200
3.094,8,Feb 27 2023 23: +0,1677538800
2.654,3,Feb 28 2023 00: +0,1677542400
2.895,8,Feb 28 2023 01: +0,1677546000
3.085,5,Feb 28 2023 02: +0,1677549600
3.073,10,Feb 28 2023 03: +0,1677553200
2.782,4,Feb 28 2023 04: +0,1677556800
2.711,10,Feb 28 2023 05: +0,1677560400
3.092,11,Feb 28 2023 06: +0,1677564000
2.783,4,Feb 28 2023 07: +0,1677567600
3.092,17,Feb 28 2023 08: +0,1677571200
2.946,4,Feb 28 2023 09: +0,1677574800
2.779,5,Feb 28 2023 10: +0,1677578400
2.829,9,Feb 28 2023 11: +0,1677582000
3.195,12,Feb 28 2023 12: +0,1677585600
2.797,5,Feb 28 2023 13: +0,1677589200
2.855,17,Feb 28 2023 14: +0,1677592800
2.779,11,Feb 28 2023 15: +0,1677596400
2.779,17,Feb 28 2023 16: +0,1677600000
2.713,7,Feb 28 2023 17: +0,1677603600
2.787,8,Feb 28 2023 18: +0,1677607200
2.812,7,Feb 28 2023 19: +0,1677610800
2.892,10,Feb 28 2023 20: +0,1677614400
2.959,9,Feb 28 2023 21: +0,1677618000
3.094,24,Feb 28 2023 22: +0,1677621600
3.069,11,Feb 28 2023 23: +0,1677625200
2.822,1,Mar 01 2023 00: +0,1677628800
3.077,10,Mar 01 2023 01: +0,1677632400
3.077,5,Mar 01 2023 02: +0,1677636000
2.859,5,Mar 01 2023 03: +0,1677639600
3.077,6,Mar 01 2023 04: +0,1677643200
3.07,7,Mar 01 2023 05: +0,1677646800
2.782,6,Mar 01 2023 06: +0,1677650400
3.102,3,Mar 01 2023 07: +0,1677654000
2.835,3,Mar 01 2023 08: +0,1677657600
2.73,1,Mar 01 2023 09: +0,1677661200
2.979,11,Mar 01 2023 10: +0,1677664800
3.077,12,Mar 01 2023 11: +0,1677668400
3.07,5,Mar 01 2023 12: +0,1677672000
2.73,8,Mar 01 2023 13: +0,1677675600
2.852,12,Mar 01 2023 14: +0,1677679200
2.991,13,Mar 01 2023 15: +0,1677682800
3.079,27,Mar 01 2023 16: +0,1677686400
2.688,9,Mar 01 2023 17: +0,1677690000
2.858,12,Mar 01 2023 18: +0,1677693600
2.821,9,Mar 01 2023 19: +0,1677697200
2.978,9,Mar 01 2023 20: +0,1677700800
2.788,16,Mar 01 2023 21: +0,1677704400
3.068,3,Mar 01 2023 22: +0,1677708000
3.081,11,Mar 01 2023 23: +0,1677711600
3.083,4,Mar 02 2023 00: +0,1677715200
2.734,4,Mar 02 2023 01: +0,1677718800
2.99,9,Mar 02 2023 02: +0,1677722400
2.937,4,Mar 02 2023 03: +0,1677726000
2.652,4,Mar 02 2023 04: +0,1677729600
3.077,10,Mar 02 2023 05: +0,1677733200
2.705,2,Mar 02 2023 06: +0,1677736800
2.953,8,Mar 02 2023 07: +0,1677740400
3.118,8,Mar 02 2023 08: +0,1677744000
2.812,1,Mar 02 2023 09: +0,1677747600
3.007,9,Mar 02 2023 10: +0,1677751200
2.902,12,Mar 02 2023 11: +0,1677754800
2.768,4,Mar 02 2023 12: +0,1677758400
2.985,8,Mar 02 2023 13: +0,1677762000
2.918,10,Mar 02 2023 14: +0,1677765600
2.821,3,Mar 02 2023 15: +0,1677769200
3.092,40,Mar 02 2023 16: +0,1677772800
2.911,15,Mar 02 2023 17: +0,1677776400
3.137,11,Mar 02 2023 18: +0,1677780000
3.118,9,Mar 02 2023 19: +0,1677783600
2.884,5,Mar 02 2023 20: +0,1677787200
2.94,4,Mar 02 2023 21: +0,1677790800
3.093,20,Mar 02 2023 22: +0,1677794400
2.663,5,Mar 02 2023 23: +0,1677798000
2.909,1,Mar 03 2023 00: +0,1677801600
3.118,13,Mar 03 2023 01: +0,1677805200
2.924,16,Mar 03 2023 02: +0,1677808800
3.094,13,Mar 03 2023 03: +0,1677812400
2.88,2,Mar 03 2023 04: +0,1677816000
2.986,12,Mar 03 2023 05: +0,1677819600
2.866,6,Mar 03 2023 06: +0,1677823200
2.964,9,Mar 03 2023 07: +0,1677826800
3.095,19,Mar 03 2023 08: +0,1677830400
2.738,3,Mar 03 2023 09: +0,1677834000
2.829,6,Mar 03 2023 10: +0,1677837600
3.015,9,Mar 03 2023 11: +0,1677841200
3.118,8,Mar 03 2023 12: +0,1677844800
2.829,3,Mar 03 2023 13: +0,1677848400
2.829,5,Mar 03 2023 14: +0,1677852000
2.738,9,Mar 03 2023 15: +0,1677855600
2.829,14,Mar 03 2023 16: +0,1677859200
2.738,13,Mar 03 2023 17: +0,1677862800
2.651,6,Mar 03 2023 18: +0,1677866400
2.848,4,Mar 03 2023 19: +0,1677870000
2.796,8,Mar 03 2023 20: +0,1677873600
2.856,12,Mar 03 2023 21: +0,1677877200
3.054,8,Mar 03 2023 22: +0,1677880800
2.622,5,Mar 03 2023 23: +0,1677884400
2.847,3,Mar 04 2023 00: +0,1677888000
3.076,7,Mar 04 2023 01: +0,1677891600
2.879,2,Mar 04 2023 02: +0,1677895200
2.812,3,Mar 04 2023 03: +0,1677898800
2.792,4,Mar 04 2023 04: +0,1677902400
2.812,7,Mar 04 2023 05: +0,1677906000
2.99,10,Mar 04 2023 06: +0,1677909600
2.854,7,Mar 04 2023 07: +0,1677913200
3.059,34,Mar 04 2023 08: +0,1677916800
2.622,9,Mar 04 2023 09: +0,1677920400
2.974,8,Mar 04 2023 10: +0,1677924000
3.056,14,Mar 04 2023 11: +0,1677927600
2.568,10,Mar 04 2023 12: +0,1677931200
2.875,14,Mar 04 2023 13: +0,1677934800
2.705,8,Mar 04 2023 14: +0,1677938400
2.949,16,Mar 04 2023 15: +0,1677942000
2.888,10,Mar 04 2023 16: +0,1677945600
3.063,11,Mar 04 2023 17: +0,1677949200
3.068,15,Mar 04 2023 18: +0,1677952800
2.967,13,Mar 04 2023 19: +0,1677956400
2.788,5,Mar 04 2023 20: +0,1677960000
2.73,3,Mar 04 2023 21: +0,1677963600
2.895,17,Mar 04 2023 22: +0,1677967200
1.679,2,Mar 04 2023 23: +0,1677970800
2.978,4,Mar 05 2023 00: +0,1677974400
3.014,10,Mar 05 2023 01: +0,1677978000
2.738,5,Mar 05 2023 02: +0,1677981600
3.011,4,Mar 05 2023 03: +0,1677985200
2.866,4,Mar 05 2023 04: +0,1677988800
2.804,4,Mar 05 2023 05: +0,1677992400
2.754,2,Mar 05 2023 06: +0,1677996000
3.006,20,Mar 05 2023 07: +0,1677999600
2.875,4,Mar 05 2023 08: +0,1678003200
2.754,8,Mar 05 2023 09: +0,1678006800
3.056,30,Mar 05 2023 10: +0,1678010400
2.874,7,Mar 05 2023 11: +0,1678014000
3.151,22,Mar 05 2023 12: +0,1678017600
3.151,32,Mar 05 2023 13: +0,1678021200
2.907,17,Mar 05 2023 14: +0,1678024800
2.883,17,Mar 05 2023 15: +0,1678028400
2.984,25,Mar 05 2023 16: +0,1678032000
2.891,5,Mar 05 2023 17: +0,1678035600
1.776,10,Mar 05 2023 18: +0,1678039200
2.788,4,Mar 05 2023 19: +0,1678042800
2.895,32,Mar 05 2023 20: +0,1678046400
3.019,15,Mar 05 2023 21: +0,1678050000
2.885,5,Mar 05 2023 22: +0,1678053600
2.885,7,Mar 05 2023 23: +0,1678057200
3.024,18,Mar 06 2023 00: +0,1678060800
2.891,4,Mar 06 2023 01: +0,1678064400
3.15,10,Mar 06 2023 02: +0,1678068000
3.168,18,Mar 06 2023 03: +0,1678071600
2.834,2,Mar 06 2023 04: +0,1678075200
3.2,9,Mar 06 2023 05: +0,1678078800
3.237,10,Mar 06 2023 06: +0,1678082400
2.854,7,Mar 06 2023 07: +0,1678086000
3.144,10,Mar 06 2023 08: +0,1678089600
3.218,9,Mar 06 2023 09: +0,1678093200
3.013,6,Mar 06 2023 10: +0,1678096800
2.889,3,Mar 06 2023 11: +0,1678100400
3.191,25,Mar 06 2023 12: +0,1678104000
2.918,7,Mar 06 2023 13: +0,1678107600
3.108,13,Mar 06 2023 14: +0,1678111200
2.92,7,Mar 06 2023 15: +0,1678114800
3.023,18,Mar 06 2023 16: +0,1678118400
3.276,33,Mar 06 2023 17: +0,1678122000
3.079,11,Mar 06 2023 18: +0,1678125600
2.989,10,Mar 06 2023 19: +0,1678129200
2.904,16,Mar 06 2023 20: +0,1678132800
2.895,17,Mar 06 2023 21: +0,1678136400
2.833,8,Mar 06 2023 22: +0,1678140000
3.022,9,Mar 06 2023 23: +0,1678143600
0.89,1,Mar 07 2023 00: +0,1678147200
2.895,3,Mar 07 2023 01: +0,1678150800
3.019,9,Mar 07 2023 02: +0,1678154400
2.854,5,Mar 07 2023 03: +0,1678158000
2.771,6,Mar 07 2023 04: +0,1678161600
3.137,8,Mar 07 2023 05: +0,1678165200
2.854,5,Mar 07 2023 06: +0,1678168800
3.185,30,Mar 07 2023 07: +0,1678172400
2.116,2,Mar 07 2023 08: +0,1678176000
2.862,3,Mar 07 2023 09: +0,1678179600
2.862,7,Mar 07 2023 10: +0,1678183200
3.176,19,Mar 07 2023 11: +0,1678186800
2.862,6,Mar 07 2023 12: +0,1678190400
2.862,9,Mar 07 2023 13: +0,1678194000
3.192,20,Mar 07 2023 14: +0,1678197600
2.936,20,Mar 07 2023 15: +0,1678201200
2.879,20,Mar 07 2023 16: +0,1678204800
3.209,32,Mar 07 2023 17: +0,1678208400
3.052,19,Mar 07 2023 18: +0,1678212000
2.872,13,Mar 07 2023 19: +0,1678215600
2.646,7,Mar 07 2023 20: +0,1678219200
2.646,5,Mar 07 2023 21: +0,1678222800
2.779,6,Mar 07 2023 22: +0,1678226400
2.994,19,Mar 07 2023 23: +0,1678230000
2.871,6,Mar 08 2023 00: +0,1678233600
3.089,8,Mar 08 2023 01: +0,1678237200
2.917,8,Mar 08 2023 02: +0,1678240800
2.969,10,Mar 08 2023 03: +0,1678244400
2.963,6,Mar 08 2023 04: +0,1678248000
3.205,16,Mar 08 2023 05: +0,1678251600
2.862,9,Mar 08 2023 06: +0,1678255200
3.007,15,Mar 08 2023 07: +0,1678258800
2.695,12,Mar 08 2023 08: +0,1678262400
2.646,11,Mar 08 2023 09: +0,1678266000
2.862,5,Mar 08 2023 10: +0,1678269600
2.895,23,Mar 08 2023 11: +0,1678273200
2.536,13,Mar 08 2023 12: +0,1678276800
2.025,9,Mar 08 2023 13: +0,1678280400
2.555,8,Mar 08 2023 14: +0,1678284000
2.854,19,Mar 08 2023 15: +0,1678287600
2.874,23,Mar 08 2023 16: +0,1678291200
2.854,9,Mar 08 2023 17: +0,1678294800
3.394,16,Mar 08 2023 18: +0,1678298400
2.841,16,Mar 08 2023 19: +0,1678302000
2.855,19,Mar 08 2023 20: +0,1678305600
2.853,15,Mar 08 2023 21: +0,1678309200
3.065,8,Mar 08 2023 22: +0,1678312800
3.094,6,Mar 08 2023 23: +0,1678316400
2.854,5,Mar 09 2023 00: +0,1678320000
3.094,5,Mar 09 2023 01: +0,1678323600
3.135,4,Mar 09 2023 02: +0,1678327200
2.377,4,Mar 09 2023 03: +0,1678330800
2.852,3,Mar 09 2023 04: +0,1678334400
2.854,5,Mar 09 2023 05: +0,1678338000
2.841,6,Mar 09 2023 06: +0,1678341600
2.669,4,Mar 09 2023 07: +0,1678345200
2.854,7,Mar 09 2023 08: +0,1678348800
2.901,4,Mar 09 2023 09: +0,1678352400
2.936,14,Mar 09 2023 10: +0,1678356000
1.435,4,Mar 09 2023 11: +0,1678359600
2.852,6,Mar 09 2023 12: +0,1678363200
2.841,8,Mar 09 2023 13: +0,1678366800
2.965,12,Mar 09 2023 14: +0,1678370400
3.106,16,Mar 09 2023 15: +0,1678374000
2.824,12,Mar 09 2023 16: +0,1678377600
2.881,10,Mar 09 2023 17: +0,1678381200
2.804,6,Mar 09 2023 18: +0,1678384800
3.1,12,Mar 09 2023 19: +0,1678388400
3.143,17,Mar 09 2023 20: +0,1678392000
3.16,21,Mar 09 2023 21: +0,1678395600
2.87,7,Mar 09 2023 22: +0,1678399200
3.235,16,Mar 09 2023 23: +0,1678402800
2.854,7,Mar 10 2023 00: +0,1678406400
2.797,2,Mar 10 2023 01: +0,1678410000
2.872,4,Mar 10 2023 02: +0,1678413600
2.854,8,Mar 10 2023 03: +0,1678417200
2.8,6,Mar 10 2023 04: +0,1678420800
2.883,5,Mar 10 2023 05: +0,1678424400
2.863,2,Mar 10 2023 06: +0,1678428000
1.712,4,Mar 10 2023 07: +0,1678431600
2.854,13,Mar 10 2023 08: +0,1678435200
2.754,3,Mar 10 2023 09: +0,1678438800
2.721,5,Mar 10 2023 10: +0,1678442400
2.864,12,Mar 10 2023 11: +0,1678446000
2.877,4,Mar 10 2023 12: +0,1678449600
2.872,11,Mar 10 2023 13: +0,1678453200
3.204,13,Mar 10 2023 14: +0,1678456800
2.721,7,Mar 10 2023 15: +0,1678460400
2.878,10,Mar 10 2023 16: +0,1678464000
2.889,16,Mar 10 2023 17: +0,1678467600
2.884,8,Mar 10 2023 18: +0,1678471200
3.289,20,Mar 10 2023 19: +0,1678474800
2.887,4,Mar 10 2023 20: +0,1678478400
2.697,3,Mar 10 2023 21: +0,1678482000
3.317,10,Mar 10 2023 22: +0,1678485600
3.458,8,Mar 10 2023 23: +0,1678489200
2.895,3,Mar 11 2023 00: +0,1678492800
3.209,3,Mar 11 2023 01: +0,1678496400
2.851,4,Mar 11 2023 02: +0,1678500000
3.11,5,Mar 11 2023 03: +0,1678503600
2.892,3,Mar 11 2023 04: +0,1678507200
2.887,7,Mar 11 2023 05: +0,1678510800
3.242,13,Mar 11 2023 06: +0,1678514400
2.917,3,Mar 11 2023 07: +0,1678518000
3.378,12,Mar 11 2023 08: +0,1678521600
2.895,3,Mar 11 2023 09: +0,1678525200
2.862,7,Mar 11 2023 10: +0,1678528800
2.98,7,Mar 11 2023 11: +0,1678532400
3.027,22,Mar 11 2023 12: +0,1678536000
3.044,13,Mar 11 2023 13: +0,1678539600
2.767,6,Mar 11 2023 14: +0,1678543200
2.832,12,Mar 11 2023 15: +0,1678546800
2.903,13,Mar 11 2023 16: +0,1678550400
3.276,16,Mar 11 2023 17: +0,1678554000
1.852,8,Mar 11 2023 18: +0,1678557600
3.011,11,Mar 11 2023 19: +0,1678561200
2.938,9,Mar 11 2023 20: +0,1678564800
3.209,11,Mar 11 2023 21: +0,1678568400
3.127,8,Mar 11 2023 22: +0,1678572000
2.837,12,Mar 11 2023 23: +0,1678575600
2.872,16,Mar 12 2023 00: +0,1678579200
2.821,10,Mar 12 2023 01: +0,1678582800
1.832,8,Mar 12 2023 02: +0,1678586400
2.862,13,Mar 12 2023 03: +0,1678590000
3.232,3,Mar 12 2023 04: +0,1678593600
2.849,8,Mar 12 2023 05: +0,1678597200
3.04,14,Mar 12 2023 06: +0,1678600800
0.916,5,Mar 12 2023 07: +0,1678604400
2.896,14,Mar 12 2023 08: +0,1678608000
2.863,7,Mar 12 2023 09: +0,1678611600
2.754,9,Mar 12 2023 10: +0,1678615200
2.942,18,Mar 12 2023 11: +0,1678618800
3.261,14,Mar 12 2023 12: +0,1678622400
2.848,17,Mar 12 2023 13: +0,1678626000
2.639,7,Mar 12 2023 14: +0,1678629600
2.928,12,Mar 12 2023 15: +0,1678633200
3.267,15,Mar 12 2023 16: +0,1678636800
2.738,13,Mar 12 2023 17: +0,1678640400
2.856,25,Mar 12 2023 18: +0,1678644000
3.409,10,Mar 12 2023 19: +0,1678647600
2.73,5,Mar 12 2023 20: +0,1678651200
3.11,15,Mar 12 2023 21: +0,1678654800
0.925,7,Mar 12 2023 22: +0,1678658400
2.974,6,Mar 12 2023 23: +0,1678662000
3.257,20,Mar 13 2023 00: +0,1678665600
2.775,4,Mar 13 2023 01: +0,1678669200
2.879,12,Mar 13 2023 02: +0,1678672800
1.63,6,Mar 13 2023 03: +0,1678676400
2.967,2,Mar 13 2023 04: +0,1678680000
2.758,3,Mar 13 2023 05: +0,1678683600
2.597,5,Mar 13 2023 06: +0,1678687200
2.87,9,Mar 13 2023 07: +0,1678690800
2.837,4,Mar 13 2023 08: +0,1678694400
2.847,3,Mar 13 2023 09: +0,1678698000
2.887,6,Mar 13 2023 10: +0,1678701600
3.276,16,Mar 13 2023 11: +0,1678705200
2.779,9,Mar 13 2023 12: +0,1678708800
2.808,6,Mar 13 2023 13: +0,1678712400
2.783,10,Mar 13 2023 14: +0,1678716000
2.837,25,Mar 13 2023 15: +0,1678719600
3.011,20,Mar 13 2023 16: +0,1678723200
2.829,12,Mar 13 2023 17: +0,1678726800
2.788,6,Mar 13 2023 18: +0,1678730400
2.829,3,Mar 13 2023 19: +0,1678734000
3.233,15,Mar 13 2023 20: +0,1678737600
2.948,8,Mar 13 2023 21: +0,1678741200
2.873,3,Mar 13 2023 22: +0,1678744800
1.859,6,Mar 13 2023 23: +0,1678748400
3.291,17,Mar 14 2023 00: +0,1678752000
3.344,19,Mar 14 2023 01: +0,1678755600
3.366,29,Mar 14 2023 02: +0,1678759200
2.721,7,Mar 14 2023 03: +0,1678762800
2.879,7,Mar 14 2023 04: +0,1678766400
2.854,5,Mar 14 2023 05: +0,1678770000
3.224,10,Mar 14 2023 06: +0,1678773600
3.008,5,Mar 14 2023 07: +0,1678777200
2.962,7,Mar 14 2023 08: +0,1678780800
3.088,4,Mar 14 2023 09: +0,1678784400
2.883,12,Mar 14 2023 10: +0,1678788000
0.916,6,Mar 14 2023 11: +0,1678791600
1.903,6,Mar 14 2023 12: +0,1678795200
3.105,12,Mar 14 2023 13: +0,1678798800
2.862,10,Mar 14 2023 14: +0,1678802400
3.3,30,Mar 14 2023 15: +0,1678806000
2.829,9,Mar 14 2023 16: +0,1678809600
2.848,5,Mar 14 2023 17: +0,1678813200
3.321,20,Mar 14 2023 18: +0,1678816800
2.568,4,Mar 14 2023 19: +0,1678820400
3.156,15,Mar 14 2023 20: +0,1678824000
2.833,8,Mar 14 2023 21: +0,1678827600
2.637,6,Mar 14 2023 22: +0,1678831200
2.911,7,Mar 14 2023 23: +0,1678834800
2.911,2,Mar 15 2023 00: +0,1678838400
3.115,8,Mar 15 2023 01: +0,1678842000
3.372,9,Mar 15 2023 02: +0,1678845600
2.882,8,Mar 15 2023 03: +0,1678849200
2.804,2,Mar 15 2023 04: +0,1678852800
1.659,2,Mar 15 2023 05: +0,1678856400
2.9,8,Mar 15 2023 06: +0,1678860000
1.67,5,Mar 15 2023 07: +0,1678863600
3.015,5,Mar 15 2023 08: +0,1678867200
3.116,8,Mar 15 2023 09: +0,1678870800
2.9,7,Mar 15 2023 10: +0,1678874400
2.815,12,Mar 15 2023 11: +0,1678878000
1.922,8,Mar 15 2023 12: +0,1678881600
3.25,10,Mar 15 2023 13: +0,1678885200
2.741,7,Mar 15 2023 14: +0,1678888800
2.791,14,Mar 15 2023 15: +0,1678892400
2.898,13,Mar 15 2023 16: +0,1678896000
3.205,39,Mar 15 2023 17: +0,1678899600
2.884,13,Mar 15 2023 18: +0,1678903200
2.91,20,Mar 15 2023 19: +0,1678906800
3.223,15,Mar 15 2023 20: +0,1678910400
3.219,16,Mar 15 2023 21: +0,1678914000
3.02,8,Mar 15 2023 22: +0,1678917600
3.107,9,Mar 15 2023 23: +0,1678921200
3.23,8,Mar 16 2023 00: +0,1678924800
2.882,5,Mar 16 2023 01: +0,1678928400
2.872,6,Mar 16 2023 02: +0,1678932000
2.658,6,Mar 16 2023 03: +0,1678935600
2.866,10,Mar 16 2023 04: +0,1678939200
2.787,8,Mar 16 2023 05: +0,1678942800
2.891,6,Mar 16 2023 06: +0,1678946400
2.816,2,Mar 16 2023 07: +0,1678950000
0.889,8,Mar 16 2023 08: +0,1678953600
2.866,17,Mar 16 2023 09: +0,1678957200
2.878,6,Mar 16 2023 10: +0,1678960800
2.902,7,Mar 16 2023 11: +0,1678964400
3.064,5,Mar 16 2023 12: +0,1678968000
3.07,22,Mar 16 2023 13: +0,1678971600
2.716,7,Mar 16 2023 14: +0,1678975200
3.198,25,Mar 16 2023 15: +0,1678978800
3.297,15,Mar 16 2023 16: +0,1678982400
2.866,11,Mar 16 2023 17: +0,1678986000
2.94,13,Mar 16 2023 18: +0,1678989600
2.628,5,Mar 16 2023 19: +0,1678993200
1.571,8,Mar 16 2023 20: +0,1678996800
2.858,15,Mar 16 2023 21: +0,1679000400
2.899,21,Mar 16 2023 22: +0,1679004000
2.636,6,Mar 16 2023 23: +0,1679007600
3.283,11,Mar 17 2023 00: +0,1679011200
0.843,3,Mar 17 2023 01: +0,1679014800
3.0,10,Mar 17 2023 02: +0,1679018400
3.157,3,Mar 17 2023 03: +0,1679022000
2.869,5,Mar 17 2023 04: +0,1679025600
3.024,9,Mar 17 2023 05: +0,1679029200
2.874,5,Mar 17 2023 06: +0,1679032800
2.874,5,Mar 17 2023 07: +0,1679036400
1.728,4,Mar 17 2023 08: +0,1679040000
2.449,10,Mar 17 2023 09: +0,1679043600
2.767,15,Mar 17 2023 10: +0,1679047200
1.805,23,Mar 17 2023 11: +0,1679050800
3.015,22,Mar 17 2023 12: +0,1679054400
2.828,12,Mar 17 2023 13: +0,1679058000
3.254,25,Mar 17 2023 14: +0,1679061600
3.25,18,Mar 17 2023 15: +0,1679065200
3.296,16,Mar 17 2023 16: +0,1679068800
2.841,7,Mar 17 2023 17: +0,1679072400
2.931,9,Mar 17 2023 18: +0,1679076000
2.46,10,Mar 17 2023 19: +0,1679079600
2.847,15,Mar 17 2023 20: +0,1679083200
2.767,18,Mar 17 2023 21: +0,1679086800
2.907,14,Mar 17 2023 22: +0,1679090400
3.069,5,Mar 17 2023 23: +0,1679094000
3.116,8,Mar 18 2023 00: +0,1679097600
3.164,17,Mar 18 2023 01: +0,1679101200
2.887,11,Mar 18 2023 02: +0,1679104800
2.986,14,Mar 18 2023 03: +0,1679108400
0.927,5,Mar 18 2023 04: +0,1679112000
2.811,5,Mar 18 2023 05: +0,1679115600
2.819,8,Mar 18 2023 06: +0,1679119200
2.76,7,Mar 18 2023 07: +0,1679122800
2.826,21,Mar 18 2023 08: +0,1679126400
2.876,17,Mar 18 2023 09: +0,1679130000
2.75,10,Mar 18 2023 10: +0,1679133600
2.477,4,Mar 18 2023 11: +0,1679137200
3.024,12,Mar 18 2023 12: +0,1679140800
3.05,22,Mar 18 2023 13: +0,1679144400
2.827,7,Mar 18 2023 14: +0,1679148000
2.884,8,Mar 18 2023 15: +0,1679151600
2.88,20,Mar 18 2023 16: +0,1679155200
2.838,16,Mar 18 2023 17: +0,1679158800
3.065,17,Mar 18 2023 18: +0,1679162400
2.809,6,Mar 18 2023 19: +0,1679166000
3.045,15,Mar 18 2023 20: +0,1679169600
3.045,5,Mar 18 2023 21: +0,1679173200
2.685,6,Mar 18 2023 22: +0,1679176800
2.752,2,Mar 18 2023 23: +0,1679180400
2.876,11,Mar 19 2023 00: +0,1679184000
2.81,9,Mar 19 2023 01: +0,1679187600
2.638,2,Mar 19 2023 02: +0,1679191200
2.983,4,Mar 19 2023 03: +0,1679194800
3.032,5,Mar 19 2023 04: +0,1679198400
2.784,10,Mar 19 2023 05: +0,1679202000
2.825,4,Mar 19 2023 06: +0,1679205600
2.793,13,Mar 19 2023 07: +0,1679209200
2.81,21,Mar 19 2023 08: +0,1679212800
2.793,9,Mar 19 2023 09: +0,1679216400
2.62,5,Mar 19 2023 10: +0,1679220000
2.793,13,Mar 19 2023 11: +0,1679223600
2.752,11,Mar 19 2023 12: +0,1679227200
2.833,17,Mar 19 2023 13: +0,1679230800
2.538,3,Mar 19 2023 14: +0,1679234400
2.907,12,Mar 19 2023 15: +0,1679238000
3.013,14,Mar 19 2023 16: +0,1679241600
2.793,11,Mar 19 2023 17: +0,1679245200
2.797,8,Mar 19 2023 18: +0,1679248800
3.009,20,Mar 19 2023 19: +0,1679252400
2.843,5,Mar 19 2023 20: +0,1679256000
1.968,2,Mar 19 2023 21: +0,1679259600
2.846,8,Mar 19 2023 22: +0,1679263200
2.698,6,Mar 19 2023 23: +0,1679266800
0.927,6,Mar 20 2023 00: +0,1679270400
2.809,4,Mar 20 2023 01: +0,1679274000
3.16,3,Mar 20 2023 02: +0,1679277600
2.966,9,Mar 20 2023 03: +0,1679281200
3.045,30,Mar 20 2023 04: +0,1679284800
3.048,6,Mar 20 2023 05: +0,1679288400
2.788,10,Mar 20 2023 06: +0,1679292000
2.596,2,Mar 20 2023 07: +0,1679295600
2.472,17,Mar 20 2023 08: +0,1679299200
0.927,16,Mar 20 2023 09: +0,1679302800
1.729,6,Mar 20 2023 10: +0,1679306400
0.932,4,Mar 20 2023 11: +0,1679310000
2.896,19,Mar 20 2023 12: +0,1679313600
3.062,25,Mar 20 2023 13: +0,1679317200
3.068,20,Mar 20 2023 14: +0,1679320800
2.769,19,Mar 20 2023 15: +0,1679324400
2.87,13,Mar 20 2023 16: +0,1679328000
0.936,3,Mar 20 2023 17: +0,1679331600
2.983,23,Mar 20 2023 18: +0,1679335200
2.863,9,Mar 20 2023 19: +0,1679338800
2.857,6,Mar 20 2023 20: +0,1679342400
2.862,13,Mar 20 2023 21: +0,1679346000
2.454,9,Mar 20 2023 22: +0,1679349600
2.698,7,Mar 20 2023 23: +0,1679353200
1.698,6,Mar 21 2023 00: +0,1679356800
1.732,4,Mar 21 2023 01: +0,1679360400
2.633,6,Mar 21 2023 02: +0,1679364000
2.78,11,Mar 21 2023 03: +0,1679367600
2.747,11,Mar 21 2023 04: +0,1679371200
2.472,10,Mar 21 2023 05: +0,1679374800
2.66,8,Mar 21 2023 06: +0,1679378400
2.815,11,Mar 21 2023 07: +0,1679382000
2.798,14,Mar 21 2023 08: +0,1679385600
2.649,4,Mar 21 2023 09: +0,1679389200
2.943,23,Mar 21 2023 10: +0,1679392800
2.747,8,Mar 21 2023 11: +0,1679396400
2.944,16,Mar 21 2023 12: +0,1679400000
3.077,13,Mar 21 2023 13: +0,1679403600
3.148,17,Mar 21 2023 14: +0,1679407200
3.076,31,Mar 21 2023 15: +0,1679410800
3.187,13,Mar 21 2023 16: +0,1679414400
3.094,24,Mar 21 2023 17: +0,1679418000
2.891,14,Mar 21 2023 18: +0,1679421600
2.829,11,Mar 21 2023 19: +0,1679425200
2.944,11,Mar 21 2023 20: +0,1679428800
2.747,10,Mar 21 2023 21: +0,1679432400
2.284,2,Mar 21 2023 22: +0,1679436000
3.005,7,Mar 21 2023 23: +0,1679439600
2.875,9,Mar 22 2023 00: +0,1679443200
2.776,7,Mar 22 2023 01: +0,1679446800
3.03,10,Mar 22 2023 02: +0,1679450400
3.19,13,Mar 22 2023 03: +0,1679454000
3.079,12,Mar 22 2023 04: +0,1679457600
2.731,9,Mar 22 2023 05: +0,1679461200
2.786,8,Mar 22 2023 06: +0,1679464800
2.911,9,Mar 22 2023 07: +0,1679468400
2.919,7,Mar 22 2023 08: +0,1679472000
2.723,9,Mar 22 2023 09: +0,1679475600
2.992,13,Mar 22 2023 10: +0,1679479200
2.829,8,Mar 22 2023 11: +0,1679482800
2.688,10,Mar 22 2023 12: +0,1679486400
2.789,5,Mar 22 2023 13: +0,1679490000
2.796,8,Mar 22 2023 14: +0,1679493600
1.414,8,Mar 22 2023 15: +0,1679497200
3.045,40,Mar 22 2023 16: +0,1679500800
2.784,4,Mar 22 2023 17: +0,1679504400
2.954,17,Mar 22 2023 18: +0,1679508000
2.961,7,Mar 22 2023 19: +0,1679511600
2.974,20,Mar 22 2023 20: +0,1679515200
3.205,19,Mar 22 2023 21: +0,1679518800
3.159,20,Mar 22 2023 22: +0,1679522400
2.786,18,Mar 22 2023 23: +0,1679526000
2.824,12,Mar 23 2023 00: +0,1679529600
2.984,10,Mar 23 2023 01: +0,1679533200
2.882,6,Mar 23 2023 02: +0,1679536800
2.809,8,Mar 23 2023 03: +0,1679540400
2.773,6,Mar 23 2023 04: +0,1679544000
3.194,30,Mar 23 2023 05: +0,1679547600
3.233,21,Mar 23 2023 06: +0,1679551200
2.658,3,Mar 23 2023 07: +0,1679554800
3.075,14,Mar 23 2023 08: +0,1679558400
2.803,4,Mar 23 2023 09: +0,1679562000
2.731,9,Mar 23 2023 10: +0,1679565600
3.21,7,Mar 23 2023 11: +0,1679569200
2.862,15,Mar 23 2023 12: +0,1679572800
3.222,29,Mar 23 2023 13: +0,1679576400
3.232,26,Mar 23 2023 14: +0,1679580000
3.243,28,Mar 23 2023 15: +0,1679583600
3.252,35,Mar 23 2023 16: +0,1679587200
2.792,5,Mar 23 2023 17: +0,1679590800
2.862,6,Mar 23 2023 18: +0,1679594400
3.123,25,Mar 23 2023 19: +0,1679598000
2.942,6,Mar 23 2023 20: +0,1679601600
3.163,18,Mar 23 2023 21: +0,1679605200
3.175,13,Mar 23 2023 22: +0,1679608800
2.862,9,Mar 23 2023 23: +0,1679612400
3.114,18,Mar 24 2023 00: +0,1679616000
3.273,10,Mar 24 2023 01: +0,1679619600
2.796,4,Mar 24 2023 02: +0,1679623200
3.077,2,Mar 24 2023 03: +0,1679626800
2.852,5,Mar 24 2023 04: +0,1679630400
2.862,7,Mar 24 2023 05: +0,1679634000
2.999,25,Mar 24 2023 06: +0,1679637600
3.255,17,Mar 24 2023 07: +0,1679641200
3.23,4,Mar 24 2023 08: +0,1679644800
2.918,7,Mar 24 2023 09: +0,1679648400
3.255,15,Mar 24 2023 10: +0,1679652000
2.867,12,Mar 24 2023 11: +0,1679655600
3.15,10,Mar 24 2023 12: +0,1679659200
3.256,15,Mar 24 2023 13: +0,1679662800
2.874,10,Mar 24 2023 14: +0,1679666400
3.272,12,Mar 24 2023 15: +0,1679670000
3.022,22,Mar 24 2023 16: +0,1679673600
3.331,33,Mar 24 2023 17: +0,1679677200
3.551,24,Mar 24 2023 18: +0,1679680800
3.994,35,Mar 24 2023 19: +0,1679684400
3.2,5,Mar 24 2023 20: +0,1679688000
3.696,9,Mar 24 2023 21: +0,1679691600
3.471,14,Mar 24 2023 22: +0,1679695200
2.965,4,Mar 24 2023 23: +0,1679698800
2.938,6,Mar 25 2023 00: +0,1679702400
3.167,6,Mar 25 2023 01: +0,1679706000
2.987,5,Mar 25 2023 02: +0,1679709600
3.153,14,Mar 25 2023 03: +0,1679713200
3.746,17,Mar 25 2023 04: +0,1679716800
3.048,6,Mar 25 2023 05: +0,1679720400
3.359,12,Mar 25 2023 06: +0,1679724000
3.053,11,Mar 25 2023 07: +0,1679727600
3.504,20,Mar 25 2023 08: +0,1679731200
3.542,16,Mar 25 2023 09: +0,1679734800
3.541,13,Mar 25 2023 10: +0,1679738400
3.414,6,Mar 25 2023 11: +0,1679742000
3.414,9,Mar 25 2023 12: +0,1679745600
3.085,9,Mar 25 2023 13: +0,1679749200
3.062,6,Mar 25 2023 14: +0,1679752800
3.344,21,Mar 25 2023 15: +0,1679756400
3.011,8,Mar 25 2023 16: +0,1679760000
3.204,10,Mar 25 2023 17: +0,1679763600
3.076,7,Mar 25 2023 18: +0,1679767200
3.08,11,Mar 25 2023 19: +0,1679770800
2.987,15,Mar 25 2023 20: +0,1679774400
3.295,20,Mar 25 2023 21: +0,1679778000
2.946,3,Mar 25 2023 22: +0,1679781600
3.238,19,Mar 25 2023 23: +0,1679785200
3.511,4,Mar 26 2023 00: +0,1679788800
3.322,17,Mar 26 2023 01: +0,1679792400
3.075,6,Mar 26 2023 02: +0,1679792400
3.273,9,Mar 26 2023 03: +0,1679796000
3.252,6,Mar 26 2023 04: +0,1679799600
3.331,8,Mar 26 2023 05: +0,1679803200
3.289,2,Mar 26 2023 06: +0,1679806800
3.51,5,Mar 26 2023 07: +0,1679810400
3.478,16,Mar 26 2023 08: +0,1679814000
3.044,9,Mar 26 2023 09: +0,1679817600
3.044,11,Mar 26 2023 10: +0,1679821200
2.987,12,Mar 26 2023 11: +0,1679824800
2.986,7,Mar 26 2023 12: +0,1679828400
3.375,10,Mar 26 2023 13: +0,1679832000
3.461,25,Mar 26 2023 14: +0,1679835600
3.26,6,Mar 26 2023 15: +0,1679839200
3.409,12,Mar 26 2023 16: +0,1679842800
3.131,17,Mar 26 2023 17: +0,1679846400
3.45,22,Mar 26 2023 18: +0,1679850000
3.434,15,Mar 26 2023 19: +0,1679853600
3.018,7,Mar 26 2023 20: +0,1679857200
3.004,14,Mar 26 2023 21: +0,1679860800
2.969,6,Mar 26 2023 22: +0,1679864400
3.1,4,Mar 26 2023 23: +0,1679868000
2.977,7,Mar 27 2023 00: +0,1679871600
3.132,9,Mar 27 2023 01: +0,1679875200
3.362,10,Mar 27 2023 02: +0,1679878800
2.95,6,Mar 27 2023 03: +0,1679882400
2.977,5,Mar 27 2023 04: +0,1679886000
2.965,4,Mar 27 2023 05: +0,1679889600
2.977,7,Mar 27 2023 06: +0,1679893200
2.977,7,Mar 27 2023 07: +0,1679896800
3.09,16,Mar 27 2023 08: +0,1679900400
2.771,8,Mar 27 2023 09: +0,1679904000
3.343,21,Mar 27 2023 10: +0,1679907600
2.961,7,Mar 27 2023 11: +0,1679911200
2.871,4,Mar 27 2023 12: +0,1679914800
2.995,9,Mar 27 2023 13: +0,1679918400
2.991,7,Mar 27 2023 14: +0,1679922000
3.335,40,Mar 27 2023 15: +0,1679925600
3.024,8,Mar 27 2023 16: +0,1679929200
3.456,39,Mar 27 2023 17: +0,1679932800
3.336,9,Mar 27 2023 18: +0,1679936400
3.293,18,Mar 27 2023 19: +0,1679940000
3.414,14,Mar 27 2023 20: +0,1679943600
3.22,18,Mar 27 2023 21: +0,1679947200
3.1,15,Mar 27 2023 22: +0,1679950800
3.399,16,Mar 27 2023 23: +0,1679954400
3.497,5,Mar 28 2023 00: +0,1679958000
3.426,10,Mar 28 2023 01: +0,1679961600
2.969,5,Mar 28 2023 02: +0,1679965200
3.173,2,Mar 28 2023 03: +0,1679968800
3.41,3,Mar 28 2023 04: +0,1679972400
3.044,6,Mar 28 2023 05: +0,1679976000
3.304,9,Mar 28 2023 06: +0,1679979600
3.351,8,Mar 28 2023 07: +0,1679983200
3.118,6,Mar 28 2023 08: +0,1679986800
3.353,18,Mar 28 2023 09: +0,1679990400
3.307,21,Mar 28 2023 10: +0,1679994000
3.461,8,Mar 28 2023 11: +0,1679997600
3.357,16,Mar 28 2023 12: +0,1680001200
3.437,13,Mar 28 2023 13: +0,1680004800
3.311,6,Mar 28 2023 14: +0,1680008400
3.157,5,Mar 28 2023 15: +0,1680012000
3.184,11,Mar 28 2023 16: +0,1680015600
3.218,12,Mar 28 2023 17: +0,1680019200
3.646,8,Mar 28 2023 18: +0,1680022800
3.165,10,Mar 28 2023 19: +0,1680026400
2.967,13,Mar 28 2023 20: +0,1680030000
2.987,12,Mar 28 2023 21: +0,1680033600
2.959,4,Mar 28 2023 22: +0,1680037200
2.831,4,Mar 28 2023 23: +0,1680040800
2.951,1,Mar 29 2023 00: +0,1680044400
3.145,20,Mar 29 2023 01: +0,1680048000
3.191,2,Mar 29 2023 02: +0,1680051600
2.926,3,Mar 29 2023 03: +0,1680055200
2.991,11,Mar 29 2023 04: +0,1680058800
3.022,4,Mar 29 2023 05: +0,1680062400
3.149,8,Mar 29 2023 06: +0,1680066000
0.915,3,Mar 29 2023 07: +0,1680069600
3.321,4,Mar 29 2023 08: +0,1680073200
3.232,6,Mar 29 2023 09: +0,1680076800
3.398,11,Mar 29 2023 10: +0,1680080400
2.926,9,Mar 29 2023 11: +0,1680084000
2.991,13,Mar 29 2023 12: +0,1680087600
3.181,13,Mar 29 2023 13: +0,1680091200
2.926,7,Mar 29 2023 14: +0,1680094800
3.088,18,Mar 29 2023 15: +0,1680098400
3.116,12,Mar 29 2023 16: +0,1680102000
3.027,6,Mar 29 2023 17: +0,1680105600
3.028,12,Mar 29 2023 18: +0,1680109200
2.999,19,Mar 29 2023 19: +0,1680112800
2.981,15,Mar 29 2023 20: +0,1680116400
3.396,7,Mar 29 2023 21: +0,1680120000
3.08,15,Mar 29 2023 22: +0,1680123600
3.411,1,Mar 29 2023 23: +0,1680127200
3.403,15,Mar 30 2023 00: +0,1680130800
3.399,18,Mar 30 2023 01: +0,1680134400
3.311,11,Mar 30 2023 02: +0,1680138000
3.403,13,Mar 30 2023 03: +0,1680141600
3.403,11,Mar 30 2023 04: +0,1680145200
3.379,3,Mar 30 2023 05: +0,1680148800
3.403,13,Mar 30 2023 06: +0,1680152400
3.371,5,Mar 30 2023 07: +0,1680156000
3.013,4,Mar 30 2023 08: +0,1680159600
3.395,16,Mar 30 2023 09: +0,1680163200
3.167,11,Mar 30 2023 10: +0,1680166800
3.386,6,Mar 30 2023 11: +0,1680170400
3.377,8,Mar 30 2023 12: +0,1680174000
3.333,9,Mar 30 2023 13: +0,1680177600
3.327,13,Mar 30 2023 14: +0,1680181200
3.362,25,Mar 30 2023 15: +0,1680184800
2.954,7,Mar 30 2023 16: +0,1680188400
3.18,11,Mar 30 2023 17: +0,1680192000
3.314,23,Mar 30 2023 18: +0,1680195600
2.948,1,Mar 30 2023 19: +0,1680199200
3.145,8,Mar 30 2023 22: +0,1680210000
3.018,12,Mar 30 2023 23: +0,1680213600
2.964,5,Mar 31 2023 00: +0,1680217200
3.197,14,Mar 31 2023 01: +0,1680220800
2.99,5,Mar 31 2023 02: +0,1680224400
3.403,21,Mar 31 2023 03: +0,1680228000
3.403,11,Mar 31 2023 04: +0,1680231600
3.306,7,Mar 31 2023 05: +0,1680235200
3.137,1,Mar 31 2023 06: +0,1680238800
2.937,8,Mar 31 2023 07: +0,1680242400
3.245,13,Mar 31 2023 08: +0,1680246000
3.314,26,Mar 31 2023 09: +0,1680249600
3.422,15,Mar 31 2023 10: +0,1680253200
3.42,12,Mar 31 2023 11: +0,1680256800
3.421,10,Mar 31 2023 12: +0,1680260400
2.946,6,Mar 31 2023 13: +0,1680264000
3.017,6,Mar 31 2023 14: +0,1680267600
3.141,5,Mar 31 2023 16: +0,1680274800
3.017,5,Mar 31 2023 17: +0,1680278400
3.11,13,Mar 31 2023 18: +0,1680282000
2.829,3,Mar 31 2023 19: +0,1680285600
2.951,3,Mar 31 2023 20: +0,1680289200
3.205,3,Mar 31 2023 21: +0,1680292800
3.106,4,Mar 31 2023 22: +0,1680296400
3.019,10,Mar 31 2023 23: +0,1680300000
3.363,16,Apr 01 2023 00: +0,1680303600
3.402,16,Apr 01 2023 01: +0,1680307200
3.348,10,Apr 01 2023 02: +0,1680310800
3.408,17,Apr 01 2023 03: +0,1680314400
3.411,15,Apr 01 2023 04: +0,1680318000
3.427,11,Apr 01 2023 05: +0,1680321600
3.29,13,Apr 01 2023 06: +0,1680325200
3.379,13,Apr 01 2023 07: +0,1680328800
3.136,6,Apr 01 2023 08: +0,1680332400
3.104,10,Apr 01 2023 09: +0,1680336000
3.422,17,Apr 01 2023 10: +0,1680339600
3.175,12,Apr 01 2023 11: +0,1680343200
3.411,29,Apr 01 2023 12: +0,1680346800
3.082,8,Apr 01 2023 13: +0,1680350400
3.244,1,Apr 01 2023 15: +0,1680357600
3.454,4,Apr 01 2023 16: +0,1680361200
3.41,10,Apr 01 2023 17: +0,1680364800
3.397,9,Apr 01 2023 18: +0,1680368400
3.031,11,Apr 01 2023 19: +0,1680372000
3.026,18,Apr 01 2023 20: +0,1680375600
3.412,22,Apr 01 2023 21: +0,1680379200
3.003,10,Apr 01 2023 22: +0,1680382800
3.01,4,Apr 01 2023 23: +0,1680386400
3.064,21,Apr 02 2023 00: +0,1680390000
3.005,6,Apr 02 2023 01: +0,1680393600
3.344,13,Apr 02 2023 02: +0,1680397200
3.245,7,Apr 02 2023 03: +0,1680400800
3.352,9,Apr 02 2023 04: +0,1680404400
3.244,5,Apr 02 2023 05: +0,1680408000
3.408,13,Apr 02 2023 06: +0,1680411600
3.296,8,Apr 02 2023 07: +0,1680415200
2.991,5,Apr 02 2023 08: +0,1680418800
3.077,23,Apr 02 2023 09: +0,1680422400
2.934,9,Apr 02 2023 10: +0,1680426000
2.934,11,Apr 02 2023 11: +0,1680429600
2.997,17,Apr 02 2023 12: +0,1680433200
3.419,8,Apr 02 2023 13: +0,1680436800
2.991,1,Apr 02 2023 14: +0,1680440400
2.91,5,Apr 02 2023 16: +0,1680447600
2.919,8,Apr 02 2023 17: +0,1680451200
3.128,8,Apr 02 2023 18: +0,1680454800
3.007,11,Apr 02 2023 19: +0,1680458400
3.145,14,Apr 02 2023 20: +0,1680462000
3.209,13,Apr 02 2023 21: +0,1680465600
3.124,12,Apr 02 2023 22: +0,1680469200
2.851,12,Apr 02 2023 23: +0,1680472800
3.201,11,Apr 03 2023 00: +0,1680476400
3.31,16,Apr 03 2023 01: +0,1680480000
3.046,11,Apr 03 2023 02: +0,1680483600
2.991,10,Apr 03 2023 03: +0,1680487200
3.234,13,Apr 03 2023 04: +0,1680490800
3.411,18,Apr 03 2023 05: +0,1680494400
3.403,9,Apr 03 2023 06: +0,1680498000
3.29,13,Apr 03 2023 07: +0,1680501600
3.401,10,Apr 03 2023 08: +0,1680505200
2.991,3,Apr 03 2023 09: +0,1680508800
3.215,10,Apr 03 2023 10: +0,1680512400
3.382,16,Apr 03 2023 11: +0,1680516000
3.006,7,Apr 03 2023 12: +0,1680519600
3.429,18,Apr 03 2023 13: +0,1680523200
3.064,8,Apr 03 2023 14: +0,1680526800
3.46,17,Apr 03 2023 15: +0,1680530400
3.047,8,Apr 03 2023 16: +0,1680534000
3.173,18,Apr 03 2023 17: +0,1680537600
3.382,19,Apr 03 2023 18: +0,1680541200
3.054,6,Apr 03 2023 19: +0,1680544800
3.435,27,Apr 03 2023 20: +0,1680548400
2.981,9,Apr 03 2023 21: +0,1680552000
3.215,14,Apr 03 2023 22: +0,1680555600
3.668,20,Apr 03 2023 23: +0,1680559200
3.351,2,Apr 04 2023 00: +0,1680562800
3.417,7,Apr 04 2023 01: +0,1680566400
3.393,4,Apr 04 2023 02: +0,1680570000
3.417,18,Apr 04 2023 03: +0,1680573600
3.458,7,Apr 04 2023 04: +0,1680577200
3.242,17,Apr 04 2023 05: +0,1680580800
2.675,9,Apr 04 2023 06: +0,1680584400
2.425,5,Apr 04 2023 07: +0,1680588000
3.417,8,Apr 04 2023 08: +0,1680591600
3.252,7,Apr 04 2023 09: +0,1680595200
2.886,11,Apr 04 2023 10: +0,1680598800
3.029,14,Apr 04 2023 11: +0,1680602400
3.413,22,Apr 04 2023 12: +0,1680606000
3.354,20,Apr 04 2023 13: +0,1680609600
3.505,9,Apr 04 2023 14: +0,1680613200
3.083,1,Apr 04 2023 15: +0,1680616800
2.983,1,Apr 04 2023 16: +0,1680620400
3.414,8,Apr 04 2023 17: +0,1680624000
3.049,10,Apr 04 2023 18: +0,1680627600
3.451,14,Apr 04 2023 19: +0,1680631200
3.383,17,Apr 04 2023 20: +0,1680634800
3.085,4,Apr 04 2023 21: +0,1680638400
3.388,30,Apr 04 2023 22: +0,1680642000
2.978,4,Apr 04 2023 23: +0,1680645600
2.988,4,Apr 05 2023 00: +0,1680649200
3.114,8,Apr 05 2023 01: +0,1680652800
3.133,10,Apr 05 2023 02: +0,1680656400
3.297,13,Apr 05 2023 03: +0,1680660000
3.137,3,Apr 05 2023 04: +0,1680663600
3.289,9,Apr 05 2023 05: +0,1680667200
3.132,10,Apr 05 2023 06: +0,1680670800
3.023,6,Apr 05 2023 07: +0,1680674400
3.396,13,Apr 05 2023 08: +0,1680678000
3.551,15,Apr 05 2023 09: +0,1680681600
3.417,10,Apr 05 2023 10: +0,1680685200
3.513,10,Apr 05 2023 11: +0,1680688800
3.614,18,Apr 05 2023 12: +0,1680692400
3.294,22,Apr 05 2023 13: +0,1680696000
3.608,8,Apr 05 2023 14: +0,1680699600
0.822,1,Apr 05 2023 15: +0,1680703200
3.654,14,Apr 05 2023 16: +0,1680706800
3.366,8,Apr 05 2023 17: +0,1680710400
3.193,14,Apr 05 2023 18: +0,1680714000
3.391,15,Apr 05 2023 19: +0,1680717600
3.602,13,Apr 05 2023 20: +0,1680721200
3.422,9,Apr 05 2023 21: +0,1680724800
3.331,21,Apr 05 2023 22: +0,1680728400
3.61,9,Apr 05 2023 23: +0,1680732000
3.484,12,Apr 06 2023 00: +0,1680735600
3.391,16,Apr 06 2023 01: +0,1680739200
3.68,15,Apr 06 2023 02: +0,1680742800
3.29,6,Apr 06 2023 03: +0,1680746400
3.004,4,Apr 06 2023 04: +0,1680750000
3.602,24,Apr 06 2023 05: +0,1680753600
3.607,12,Apr 06 2023 06: +0,1680757200
3.643,20,Apr 06 2023 07: +0,1680760800
3.174,4,Apr 06 2023 08: +0,1680764400
3.329,11,Apr 06 2023 09: +0,1680768000
3.61,27,Apr 06 2023 10: +0,1680771600
3.681,24,Apr 06 2023 11: +0,1680775200
3.084,3,Apr 06 2023 12: +0,1680778800
3.353,16,Apr 06 2023 13: +0,1680782400
3.674,4,Apr 06 2023 14: +0,1680786000
3.62,12,Apr 06 2023 16: +0,1680793200
3.613,22,Apr 06 2023 17: +0,1680796800
3.257,4,Apr 06 2023 18: +0,1680800400
3.18,25,Apr 06 2023 19: +0,1680804000
3.138,7,Apr 06 2023 20: +0,1680807600
3.256,20,Apr 06 2023 21: +0,1680811200
3.063,14,Apr 06 2023 22: +0,1680814800
3.628,18,Apr 06 2023 23: +0,1680818400
3.615,17,Apr 07 2023 00: +0,1680822000
3.568,8,Apr 07 2023 01: +0,1680825600
3.623,9,Apr 07 2023 02: +0,1680829200
3.634,14,Apr 07 2023 03: +0,1680832800
3.601,6,Apr 07 2023 04: +0,1680836400
3.079,2,Apr 07 2023 05: +0,1680840000
3.209,8,Apr 07 2023 06: +0,1680843600
3.526,16,Apr 07 2023 07: +0,1680847200
3.212,6,Apr 07 2023 08: +0,1680850800
3.243,16,Apr 07 2023 09: +0,1680854400
3.217,11,Apr 07 2023 10: +0,1680858000
3.204,11,Apr 07 2023 11: +0,1680861600
3.2,13,Apr 07 2023 12: +0,1680865200
3.494,14,Apr 07 2023 13: +0,1680868800
3.638,9,Apr 07 2023 14: +0,1680872400
4.164,4,Apr 07 2023 15: +0,1680876000
3.519,5,Apr 07 2023 17: +0,1680883200
3.086,6,Apr 07 2023 18: +0,1680886800
3.518,15,Apr 07 2023 19: +0,1680890400
3.58,6,Apr 07 2023 20: +0,1680894000
3.529,22,Apr 07 2023 21: +0,1680897600
3.061,10,Apr 07 2023 22: +0,1680901200
3.344,4,Apr 07 2023 23: +0,1680904800
3.457,10,Apr 08 2023 00: +0,1680908400
3.141,10,Apr 08 2023 01: +0,1680912000
3.09,5,Apr 08 2023 02: +0,1680915600
3.621,27,Apr 08 2023 03: +0,1680919200
3.468,13,Apr 08 2023 04: +0,1680922800
3.621,18,Apr 08 2023 05: +0,1680926400
3.573,18,Apr 08 2023 06: +0,1680930000
3.225,4,Apr 08 2023 07: +0,1680933600
3.125,7,Apr 08 2023 08: +0,1680937200
3.236,13,Apr 08 2023 09: +0,1680940800
3.575,17,Apr 08 2023 10: +0,1680944400
3.628,18,Apr 08 2023 11: +0,1680948000
3.615,28,Apr 08 2023 12: +0,1680951600
4.166,1,Apr 08 2023 13: +0,1680955200
3.644,3,Apr 08 2023 14: +0,1680958800
3.37,1,Apr 08 2023 15: +0,1680962400
3.073,1,Apr 08 2023 16: +0,1680966000
3.646,5,Apr 08 2023 17: +0,1680969600
3.688,14,Apr 08 2023 18: +0,1680973200
3.119,7,Apr 08 2023 19: +0,1680976800
3.226,5,Apr 08 2023 20: +0,1680980400
3.227,14,Apr 08 2023 21: +0,1680984000
3.408,16,Apr 08 2023 22: +0,1680987600
3.075,8,Apr 08 2023 23: +0,1680991200
3.238,15,Apr 09 2023 00: +0,1680994800
3.24,9,Apr 09 2023 01: +0,1680998400
3.68,22,Apr 09 2023 02: +0,1681002000
3.492,6,Apr 09 2023 03: +0,1681005600
3.312,11,Apr 09 2023 04: +0,1681009200
3.398,12,Apr 09 2023 05: +0,1681012800
3.386,12,Apr 09 2023 06: +0,1681016400
3.381,5,Apr 09 2023 07: +0,1681020000
3.492,30,Apr 09 2023 08: +0,1681023600
3.371,16,Apr 09 2023 09: +0,1681027200
3.407,9,Apr 09 2023 10: +0,1681030800
3.387,8,Apr 09 2023 11: +0,1681034400
3.495,13,Apr 09 2023 12: +0,1681038000
3.514,1,Apr 09 2023 13: +0,1681041600
3.512,1,Apr 09 2023 14: +0,1681045200
3.514,5,Apr 09 2023 15: +0,1681048800
3.516,9,Apr 09 2023 16: +0,1681052400
3.398,7,Apr 09 2023 17: +0,1681056000
3.5,15,Apr 09 2023 18: +0,1681059600
3.688,35,Apr 09 2023 19: +0,1681063200
3.466,6,Apr 09 2023 20: +0,1681066800
3.687,25,Apr 09 2023 21: +0,1681070400
3.392,12,Apr 09 2023 22: +0,1681074000
4.334,4,Apr 09 2023 23: +0,1681077600
3.429,15,Apr 10 2023 00: +0,1681081200
3.524,9,Apr 10 2023 01: +0,1681084800
3.463,10,Apr 10 2023 02: +0,1681088400
4.293,7,Apr 10 2023 03: +0,1681092000
3.955,14,Apr 10 2023 04: +0,1681095600
3.758,14,Apr 10 2023 05: +0,1681099200
3.589,22,Apr 10 2023 06: +0,1681102800
3.589,16,Apr 10 2023 07: +0,1681106400
3.371,3,Apr 10 2023 08: +0,1681110000
3.823,15,Apr 10 2023 09: +0,1681113600
3.851,21,Apr 10 2023 10: +0,1681117200
3.847,11,Apr 10 2023 11: +0,1681120800
3.863,12,Apr 10 2023 12: +0,1681124400
3.855,13,Apr 10 2023 13: +0,1681128000
3.481,1,Apr 10 2023 14: +0,1681131600
3.864,5,Apr 10 2023 16: +0,1681138800
3.79,10,Apr 10 2023 17: +0,1681142400
3.525,8,Apr 10 2023 18: +0,1681146000
3.376,10,Apr 10 2023 19: +0,1681149600
3.377,12,Apr 10 2023 20: +0,1681153200
3.245,10,Apr 10 2023 21: +0,1681156800
3.735,36,Apr 10 2023 22: +0,1681160400
3.524,8,Apr 10 2023 23: +0,1681164000
3.937,2,Apr 11 2023 00: +0,1681167600
3.629,6,Apr 11 2023 01: +0,1681171200
3.954,10,Apr 11 2023 02: +0,1681174800
3.635,17,Apr 11 2023 03: +0,1681178400
3.578,6,Apr 11 2023 04: +0,1681182000
3.722,11,Apr 11 2023 05: +0,1681185600
3.25,3,Apr 11 2023 06: +0,1681189200
3.722,18,Apr 11 2023 07: +0,1681192800
3.796,7,Apr 11 2023 08: +0,1681196400
3.407,13,Apr 11 2023 09: +0,1681200000
3.843,20,Apr 11 2023 10: +0,1681203600
3.695,10,Apr 11 2023 11: +0,1681207200
3.722,7,Apr 11 2023 12: +0,1681210800
3.402,8,Apr 11 2023 13: +0,1681214400
3.428,2,Apr 11 2023 14: +0,1681218000
3.481,1,Apr 11 2023 15: +0,1681221600
3.844,13,Apr 11 2023 16: +0,1681225200
3.768,14,Apr 11 2023 17: +0,1681228800
3.761,14,Apr 11 2023 18: +0,1681232400
3.409,5,Apr 11 2023 19: +0,1681236000
3.963,20,Apr 11 2023 20: +0,1681239600
3.638,6,Apr 11 2023 21: +0,1681243200
3.852,6,Apr 11 2023 22: +0,1681246800
3.386,2,Apr 11 2023 23: +0,1681250400
3.702,14,Apr 12 2023 01: +0,1681257600
3.338,4,Apr 12 2023 02: +0,1681261200
3.993,26,Apr 12 2023 03: +0,1681264800
3.818,2,Apr 12 2023 04: +0,1681268400
3.834,13,Apr 12 2023 05: +0,1681272000
3.818,7,Apr 12 2023 06: +0,1681275600
3.85,14,Apr 12 2023 07: +0,1681279200
3.626,11,Apr 12 2023 08: +0,1681282800
3.073,5,Apr 12 2023 09: +0,1681286400
3.85,10,Apr 12 2023 10: +0,1681290000
3.46,4,Apr 12 2023 11: +0,1681293600
3.572,10,Apr 12 2023 12: +0,1681297200
3.74,8,Apr 12 2023 13: +0,1681300800
3.417,1,Apr 12 2023 14: +0,1681304400
3.403,5,Apr 12 2023 16: +0,1681311600
3.48,10,Apr 12 2023 17: +0,1681315200
3.678,14,Apr 12 2023 18: +0,1681318800
3.861,16,Apr 12 2023 19: +0,1681322400
3.938,12,Apr 12 2023 20: +0,1681326000
4.207,27,Apr 12 2023 21: +0,1681329600
3.568,8,Apr 12 2023 22: +0,1681333200
3.97,9,Apr 12 2023 23: +0,1681336800
3.549,2,Apr 13 2023 00: +0,1681340400
3.406,8,Apr 13 2023 01: +0,1681344000
3.406,4,Apr 13 2023 02: +0,1681347600
3.479,8,Apr 13 2023 03: +0,1681351200
3.512,13,Apr 13 2023 04: +0,1681354800
3.68,7,Apr 13 2023 05: +0,1681358400
3.986,6,Apr 13 2023 06: +0,1681362000
3.962,11,Apr 13 2023 07: +0,1681365600
3.755,4,Apr 13 2023 08: +0,1681369200
3.965,18,Apr 13 2023 09: +0,1681372800
3.899,13,Apr 13 2023 10: +0,1681376400
3.417,5,Apr 13 2023 11: +0,1681380000
3.353,8,Apr 13 2023 12: +0,1681383600
3.395,3,Apr 13 2023 13: +0,1681387200
3.926,2,Apr 13 2023 14: +0,1681390800
4.005,16,Apr 13 2023 16: +0,1681398000
4.118,6,Apr 13 2023 17: +0,1681401600
4.02,15,Apr 13 2023 18: +0,1681405200
4.049,12,Apr 13 2023 19: +0,1681408800
4.115,11,Apr 13 2023 20: +0,1681412400
4.131,21,Apr 13 2023 21: +0,1681416000
3.829,10,Apr 13 2023 22: +0,1681419600
3.906,9,Apr 13 2023 23: +0,1681423200
4.133,6,Apr 14 2023 00: +0,1681426800
3.713,10,Apr 14 2023 01: +0,1681430400
3.69,7,Apr 14 2023 02: +0,1681434000
4.002,1,Apr 14 2023 03: +0,1681437600
3.906,11,Apr 14 2023 04: +0,1681441200
4.078,21,Apr 14 2023 05: +0,1681444800
3.97,9,Apr 14 2023 06: +0,1681448400
3.557,3,Apr 14 2023 07: +0,1681452000
3.496,4,Apr 14 2023 08: +0,1681455600
3.468,1,Apr 14 2023 09: +0,1681459200
4.155,9,Apr 14 2023 10: +0,1681462800
4.13,12,Apr 14 2023 11: +0,1681466400
3.916,4,Apr 14 2023 12: +0,1681470000
4.2,6,Apr 14 2023 13: +0,1681473600
2.767,1,Apr 14 2023 16: +0,1681484400
3.441,1,Apr 14 2023 17: +0,1681488000
3.297,3,Apr 14 2023 18: +0,1681491600
3.731,8,Apr 14 2023 19: +0,1681495200
3.906,10,Apr 14 2023 20: +0,1681498800
3.896,9,Apr 14 2023 21: +0,1681502400
3.938,16,Apr 14 2023 22: +0,1681506000
4.051,14,Apr 14 2023 23: +0,1681509600
4.035,12,Apr 15 2023 00: +0,1681513200
4.131,27,Apr 15 2023 01: +0,1681516800
4.248,14,Apr 15 2023 02: +0,1681520400
4.028,15,Apr 15 2023 03: +0,1681524000
3.89,8,Apr 15 2023 04: +0,1681527600
4.287,12,Apr 15 2023 05: +0,1681531200
3.496,5,Apr 15 2023 06: +0,1681534800
3.842,5,Apr 15 2023 07: +0,1681538400
3.493,6,Apr 15 2023 08: +0,1681542000
3.617,7,Apr 15 2023 09: +0,1681545600
3.547,7,Apr 15 2023 10: +0,1681549200
3.783,18,Apr 15 2023 11: +0,1681552800
3.739,3,Apr 15 2023 14: +0,1681563600
3.97,3,Apr 15 2023 16: +0,1681570800
4.163,11,Apr 15 2023 17: +0,1681574400
4.227,2,Apr 15 2023 18: +0,1681578000
3.904,1,Apr 15 2023 19: +0,1681581600
3.836,3,Apr 15 2023 20: +0,1681585200
3.545,3,Apr 15 2023 21: +0,1681588800
4.34,25,Apr 15 2023 22: +0,1681592400
3.822,27,Apr 15 2023 23: +0,1681596000
3.577,11,Apr 16 2023 00: +0,1681599600
4.067,18,Apr 16 2023 01: +0,1681603200
4.195,15,Apr 16 2023 02: +0,1681606800
3.874,17,Apr 16 2023 03: +0,1681610400
4.172,20,Apr 16 2023 04: +0,1681614000
4.233,15,Apr 16 2023 05: +0,1681617600
4.243,12,Apr 16 2023 06: +0,1681621200
4.0,7,Apr 16 2023 07: +0,1681624800
3.734,6,Apr 16 2023 08: +0,1681628400
3.986,2,Apr 16 2023 09: +0,1681632000
4.04,10,Apr 16 2023 10: +0,1681635600
3.971,7,Apr 16 2023 11: +0,1681639200
3.735,4,Apr 16 2023 12: +0,1681642800
3.68,1,Apr 16 2023 13: +0,1681646400
4.313,9,Apr 16 2023 16: +0,1681657200
3.883,6,Apr 16 2023 18: +0,1681664400
4.279,2,Apr 16 2023 19: +0,1681668000
4.121,20,Apr 16 2023 20: +0,1681671600
3.65,5,Apr 16 2023 21: +0,1681675200
3.916,11,Apr 16 2023 22: +0,1681678800
4.176,12,Apr 16 2023 23: +0,1681682400
3.65,9,Apr 17 2023 00: +0,1681686000
3.678,12,Apr 17 2023 01: +0,1681689600
4.339,6,Apr 17 2023 02: +0,1681693200
3.986,8,Apr 17 2023 03: +0,1681696800
4.227,8,Apr 17 2023 04: +0,1681700400
3.765,4,Apr 17 2023 05: +0,1681704000
4.054,4,Apr 17 2023 06: +0,1681707600
3.863,10,Apr 17 2023 07: +0,1681711200
4.054,10,Apr 17 2023 08: +0,1681714800
3.922,20,Apr 17 2023 09: +0,1681718400
4.059,28,Apr 17 2023 10: +0,1681722000
4.268,30,Apr 17 2023 11: +0,1681725600
4.02,8,Apr 17 2023 12: +0,1681729200
4.082,1,Apr 17 2023 13: +0,1681732800
4.11,3,Apr 17 2023 16: +0,1681743600
3.874,3,Apr 17 2023 17: +0,1681747200
3.884,8,Apr 17 2023 18: +0,1681750800
3.779,8,Apr 17 2023 19: +0,1681754400
3.868,11,Apr 17 2023 20: +0,1681758000
3.738,14,Apr 17 2023 21: +0,1681761600
4.03,12,Apr 17 2023 22: +0,1681765200
4.232,8,Apr 17 2023 23: +0,1681768800
3.832,8,Apr 18 2023 00: +0,1681772400
3.916,9,Apr 18 2023 01: +0,1681776000
3.803,3,Apr 18 2023 02: +0,1681779600
3.94,10,Apr 18 2023 03: +0,1681783200
4.211,23,Apr 18 2023 04: +0,1681786800
3.928,4,Apr 18 2023 05: +0,1681790400
3.698,4,Apr 18 2023 06: +0,1681794000
4.103,12,Apr 18 2023 07: +0,1681797600
3.914,6,Apr 18 2023 08: +0,1681801200
3.674,7,Apr 18 2023 09: +0,1681804800
3.748,7,Apr 18 2023 10: +0,1681808400
3.695,8,Apr 18 2023 11: +0,1681812000
3.74,7,Apr 18 2023 12: +0,1681815600
3.746,9,Apr 18 2023 13: +0,1681819200
7.221,1,Apr 18 2023 14: +0,1681822800
3.449,1,Apr 18 2023 15: +0,1681826400
3.965,2,Apr 18 2023 16: +0,1681830000
4.127,9,Apr 18 2023 17: +0,1681833600
3.973,8,Apr 18 2023 18: +0,1681837200
3.69,5,Apr 18 2023 19: +0,1681840800
3.755,7,Apr 18 2023 21: +0,1681848000
4.142,21,Apr 18 2023 22: +0,1681851600
4.238,13,Apr 18 2023 23: +0,1681855200
4.021,11,Apr 19 2023 00: +0,1681858800
3.633,6,Apr 19 2023 01: +0,1681862400
4.005,3,Apr 19 2023 02: +0,1681866000
3.69,13,Apr 19 2023 03: +0,1681869600
4.221,20,Apr 19 2023 04: +0,1681873200
4.238,6,Apr 19 2023 05: +0,1681876800
3.852,5,Apr 19 2023 06: +0,1681880400
4.238,3,Apr 19 2023 07: +0,1681884000
4.191,4,Apr 19 2023 08: +0,1681887600
4.209,8,Apr 19 2023 09: +0,1681891200
3.777,5,Apr 19 2023 10: +0,1681894800
3.799,7,Apr 19 2023 11: +0,1681898400
3.666,4,Apr 19 2023 12: +0,1681902000
4.231,30,Apr 19 2023 13: +0,1681905600
4.093,4,Apr 19 2023 14: +0,1681909200
4.051,2,Apr 19 2023 17: +0,1681920000
3.984,1,Apr 19 2023 18: +0,1681923600
4.033,5,Apr 19 2023 19: +0,1681927200
3.77,12,Apr 19 2023 20: +0,1681930800
4.215,22,Apr 19 2023 21: +0,1681934400
4.195,9,Apr 19 2023 22: +0,1681938000
3.709,5,Apr 19 2023 23: +0,1681941600
3.965,9,Apr 20 2023 00: +0,1681945200
3.885,8,Apr 20 2023 01: +0,1681948800
4.191,9,Apr 20 2023 02: +0,1681952400
4.239,17,Apr 20 2023 03: +0,1681956000
3.745,5,Apr 20 2023 04: +0,1681959600
3.909,15,Apr 20 2023 05: +0,1681963200
3.98,10,Apr 20 2023 06: +0,1681966800
3.976,4,Apr 20 2023 07: +0,1681970400
4.165,12,Apr 20 2023 08: +0,1681974000
4.132,20,Apr 20 2023 09: +0,1681977600
3.981,10,Apr 20 2023 10: +0,1681981200
3.979,13,Apr 20 2023 11: +0,1681984800
4.094,18,Apr 20 2023 12: +0,1681988400
4.057,8,Apr 20 2023 13: +0,1681992000
3.952,9,Apr 20 2023 14: +0,1681995600
3.764,13,Apr 20 2023 15: +0,1681999200
4.042,20,Apr 20 2023 16: +0,1682002800
3.996,10,Apr 20 2023 17: +0,1682006400
3.681,5,Apr 20 2023 18: +0,1682010000
4.15,7,Apr 20 2023 19: +0,1682013600
3.945,6,Apr 20 2023 20: +0,1682017200
3.937,10,Apr 20 2023 21: +0,1682020800
3.941,9,Apr 20 2023 22: +0,1682024400
3.891,8,Apr 20 2023 23: +0,1682028000
3.739,8,Apr 21 2023 00: +0,1682031600
4.052,12,Apr 21 2023 01: +0,1682035200
4.174,19,Apr 21 2023 02: +0,1682038800
3.828,9,Apr 21 2023 03: +0,1682042400
4.167,16,Apr 21 2023 04: +0,1682046000
3.739,3,Apr 21 2023 05: +0,1682049600
3.925,6,Apr 21 2023 06: +0,1682053200
4.207,8,Apr 21 2023 07: +0,1682056800
3.756,4,Apr 21 2023 08: +0,1682060400
3.76,11,Apr 21 2023 09: +0,1682064000
3.844,4,Apr 21 2023 10: +0,1682067600
3.796,6,Apr 21 2023 11: +0,1682071200
4.135,16,Apr 21 2023 12: +0,1682074800
4.183,31,Apr 21 2023 13: +0,1682078400
4.005,10,Apr 21 2023 14: +0,1682082000
3.962,8,Apr 21 2023 15: +0,1682085600
3.924,10,Apr 21 2023 16: +0,1682089200
4.001,18,Apr 21 2023 17: +0,1682092800
4.022,3,Apr 21 2023 18: +0,1682096400
3.89,10,Apr 21 2023 19: +0,1682100000
4.06,7,Apr 21 2023 20: +0,1682103600
4.167,24,Apr 21 2023 21: +0,1682107200
4.207,22,Apr 21 2023 22: +0,1682110800
4.102,11,Apr 21 2023 23: +0,1682114400
3.756,5,Apr 22 2023 00: +0,1682118000
3.985,6,Apr 22 2023 01: +0,1682121600
3.756,6,Apr 22 2023 02: +0,1682125200
3.78,5,Apr 22 2023 03: +0,1682128800
3.756,3,Apr 22 2023 04: +0,1682132400
4.03,11,Apr 22 2023 05: +0,1682136000
4.264,13,Apr 22 2023 06: +0,1682139600
4.263,17,Apr 22 2023 07: +0,1682143200
3.756,7,Apr 22 2023 08: +0,1682146800
3.865,8,Apr 22 2023 09: +0,1682150400
3.957,13,Apr 22 2023 10: +0,1682154000
4.021,10,Apr 22 2023 11: +0,1682157600
3.845,9,Apr 22 2023 12: +0,1682161200
4.118,7,Apr 22 2023 13: +0,1682164800
3.926,16,Apr 22 2023 14: +0,1682168400
4.06,10,Apr 22 2023 15: +0,1682172000
3.754,13,Apr 22 2023 16: +0,1682175600
3.853,7,Apr 22 2023 17: +0,1682179200
3.917,20,Apr 22 2023 18: +0,1682182800
3.735,8,Apr 22 2023 19: +0,1682186400
3.792,10,Apr 22 2023 20: +0,1682190000
3.788,9,Apr 22 2023 21: +0,1682193600
3.933,9,Apr 22 2023 22: +0,1682197200
3.626,9,Apr 22 2023 23: +0,1682200800
3.444,4,Apr 23 2023 00: +0,1682204400
3.672,4,Apr 23 2023 01: +0,1682208000
3.861,7,Apr 23 2023 02: +0,1682211600
3.643,5,Apr 23 2023 03: +0,1682215200
4.021,11,Apr 23 2023 04: +0,1682218800
4.023,10,Apr 23 2023 05: +0,1682222400
4.121,6,Apr 23 2023 06: +0,1682226000
3.893,5,Apr 23 2023 07: +0,1682229600
3.989,10,Apr 23 2023 08: +0,1682233200
3.922,8,Apr 23 2023 09: +0,1682236800
3.694,4,Apr 23 2023 10: +0,1682240400
3.751,17,Apr 23 2023 11: +0,1682244000
3.806,20,Apr 23 2023 12: +0,1682247600
3.901,9,Apr 23 2023 13: +0,1682251200
3.975,7,Apr 23 2023 14: +0,1682254800
3.949,10,Apr 23 2023 15: +0,1682258400
3.696,11,Apr 23 2023 16: +0,1682262000
3.953,14,Apr 23 2023 17: +0,1682265600
3.721,8,Apr 23 2023 18: +0,1682269200
3.893,19,Apr 23 2023 19: +0,1682272800
3.732,4,Apr 23 2023 20: +0,1682276400
3.922,9,Apr 23 2023 21: +0,1682280000
4.166,5,Apr 23 2023 22: +0,1682283600
4.053,8,Apr 23 2023 23: +0,1682287200
3.783,4,Apr 24 2023 00: +0,1682290800
3.72,14,Apr 24 2023 01: +0,1682294400
3.7,5,Apr 24 2023 02: +0,1682298000
3.619,5,Apr 24 2023 03: +0,1682301600
3.933,7,Apr 24 2023 04: +0,1682305200
3.824,10,Apr 24 2023 05: +0,1682308800
4.229,53,Apr 24 2023 06: +0,1682312400
4.263,25,Apr 24 2023 07: +0,1682316000
4.236,10,Apr 24 2023 08: +0,1682319600
4.215,13,Apr 24 2023 09: +0,1682323200
3.71,8,Apr 24 2023 10: +0,1682326800
4.227,28,Apr 24 2023 11: +0,1682330400
3.809,12,Apr 24 2023 12: +0,1682334000
4.144,10,Apr 24 2023 13: +0,1682337600
4.224,16,Apr 24 2023 14: +0,1682341200
4.275,12,Apr 24 2023 15: +0,1682344800
4.176,18,Apr 24 2023 16: +0,1682348400
3.748,9,Apr 24 2023 17: +0,1682352000
3.921,12,Apr 24 2023 18: +0,1682355600
3.756,5,Apr 24 2023 19: +0,1682359200
4.145,23,Apr 24 2023 20: +0,1682362800
4.021,9,Apr 24 2023 21: +0,1682366400
4.136,3,Apr 24 2023 22: +0,1682370000
4.174,5,Apr 24 2023 23: +0,1682373600
4.13,4,Apr 25 2023 00: +0,1682377200
3.932,11,Apr 25 2023 01: +0,1682380800
3.676,28,Apr 25 2023 02: +0,1682384400
3.739,18,Apr 25 2023 03: +0,1682388000
3.627,21,Apr 25 2023 04: +0,1682391600
3.627,26,Apr 25 2023 05: +0,1682395200
3.729,17,Apr 25 2023 06: +0,1682398800
4.209,42,Apr 25 2023 07: +0,1682402400
3.749,15,Apr 25 2023 08: +0,1682406000
3.609,14,Apr 25 2023 09: +0,1682409600
3.604,19,Apr 25 2023 10: +0,1682413200
3.538,8,Apr 25 2023 11: +0,1682416800
3.564,8,Apr 25 2023 12: +0,1682420400
4.012,33,Apr 25 2023 13: +0,1682424000
3.78,12,Apr 25 2023 14: +0,1682427600
3.587,17,Apr 25 2023 15: +0,1682431200
3.587,21,Apr 25 2023 16: +0,1682434800
3.687,10,Apr 25 2023 17: +0,1682438400
3.596,13,Apr 25 2023 18: +0,1682442000
3.564,25,Apr 25 2023 19: +0,1682445600
3.728,25,Apr 25 2023 20: +0,1682449200
3.468,12,Apr 25 2023 21: +0,1682452800
3.74,11,Apr 25 2023 22: +0,1682456400
3.854,6,Apr 25 2023 23: +0,1682460000
4.07,18,Apr 26 2023 00: +0,1682463600
4.189,20,Apr 26 2023 01: +0,1682467200
3.548,9,Apr 26 2023 02: +0,1682470800
4.193,16,Apr 26 2023 03: +0,1682474400
3.542,5,Apr 26 2023 04: +0,1682478000
4.259,32,Apr 26 2023 05: +0,1682481600
3.951,13,Apr 26 2023 06: +0,1682485200
3.854,4,Apr 26 2023 07: +0,1682488800
3.655,8,Apr 26 2023 08: +0,1682492400
3.998,4,Apr 26 2023 09: +0,1682496000
4.156,12,Apr 26 2023 10: +0,1682499600
3.594,4,Apr 26 2023 11: +0,1682503200
3.598,19,Apr 26 2023 12: +0,1682506800
3.598,8,Apr 26 2023 13: +0,1682510400
3.786,10,Apr 26 2023 14: +0,1682514000
3.959,7,Apr 26 2023 15: +0,1682517600
3.57,9,Apr 26 2023 16: +0,1682521200
4.094,38,Apr 26 2023 17: +0,1682524800
3.78,19,Apr 26 2023 18: +0,1682528400
4.048,15,Apr 26 2023 19: +0,1682532000
3.728,9,Apr 26 2023 20: +0,1682535600
3.793,4,Apr 26 2023 21: +0,1682539200
3.77,3,Apr 26 2023 22: +0,1682542800
3.768,7,Apr 26 2023 23: +0,1682546400
4.022,2,Apr 27 2023 00: +0,1682550000
3.752,10,Apr 27 2023 01: +0,1682553600
3.572,4,Apr 27 2023 02: +0,1682557200
3.458,9,Apr 27 2023 03: +0,1682560800
3.701,8,Apr 27 2023 04: +0,1682564400
4.144,15,Apr 27 2023 05: +0,1682568000
4.011,5,Apr 27 2023 06: +0,1682571600
3.784,8,Apr 27 2023 07: +0,1682575200
3.924,6,Apr 27 2023 08: +0,1682578800
3.925,11,Apr 27 2023 09: +0,1682582400
3.982,9,Apr 27 2023 10: +0,1682586000
3.982,25,Apr 27 2023 11: +0,1682589600
3.701,2,Apr 27 2023 12: +0,1682593200
3.557,5,Apr 27 2023 13: +0,1682596800
3.636,15,Apr 27 2023 14: +0,1682600400
3.631,13,Apr 27 2023 15: +0,1682604000
3.811,14,Apr 27 2023 16: +0,1682607600
4.224,22,Apr 27 2023 17: +0,1682611200
4.344,5,Apr 27 2023 18: +0,1682614800
3.992,3,Apr 27 2023 19: +0,1682618400
3.923,12,Apr 27 2023 20: +0,1682622000
3.58,4,Apr 27 2023 21: +0,1682625600
4.232,25,Apr 27 2023 22: +0,1682629200
4.64,9,Apr 27 2023 23: +0,1682632800
4.194,1,Apr 28 2023 00: +0,1682636400
3.63,2,Apr 28 2023 01: +0,1682640000
4.641,11,Apr 28 2023 02: +0,1682643600
3.968,4,Apr 28 2023 03: +0,1682647200
4.003,7,Apr 28 2023 04: +0,1682650800
3.9,8,Apr 28 2023 05: +0,1682654400
4.135,3,Apr 28 2023 06: +0,1682658000
3.852,4,Apr 28 2023 07: +0,1682661600
4.164,10,Apr 28 2023 08: +0,1682665200
4.16,3,Apr 28 2023 09: +0,1682668800
3.663,3,Apr 28 2023 10: +0,1682672400
3.842,4,Apr 28 2023 11: +0,1682676000
4.154,10,Apr 28 2023 12: +0,1682679600
4.096,15,Apr 28 2023 13: +0,1682683200
3.78,8,Apr 28 2023 14: +0,1682686800
3.848,15,Apr 28 2023 15: +0,1682690400
4.138,10,Apr 28 2023 16: +0,1682694000
3.995,17,Apr 28 2023 17: +0,1682697600
4.16,26,Apr 28 2023 18: +0,1682701200
3.664,14,Apr 28 2023 19: +0,1682704800
3.934,12,Apr 28 2023 20: +0,1682708400
3.955,14,Apr 28 2023 21: +0,1682712000
3.734,8,Apr 28 2023 22: +0,1682715600
4.166,18,Apr 28 2023 23: +0,1682719200
3.872,6,Apr 29 2023 00: +0,1682722800
4.256,19,Apr 29 2023 01: +0,1682726400
3.692,6,Apr 29 2023 02: +0,1682730000
3.86,6,Apr 29 2023 03: +0,1682733600
4.16,5,Apr 29 2023 04: +0,1682737200
3.928,13,Apr 29 2023 05: +0,1682740800
4.104,14,Apr 29 2023 06: +0,1682744400
4.32,10,Apr 29 2023 07: +0,1682748000
4.007,9,Apr 29 2023 08: +0,1682751600
4.16,11,Apr 29 2023 09: +0,1682755200
3.862,6,Apr 29 2023 10: +0,1682758800
4.489,8,Apr 29 2023 11: +0,1682762400
4.04,12,Apr 29 2023 12: +0,1682766000
3.847,6,Apr 29 2023 13: +0,1682769600
4.037,9,Apr 29 2023 14: +0,1682773200
3.646,6,Apr 29 2023 15: +0,1682776800
3.928,11,Apr 29 2023 16: +0,1682780400
4.01,11,Apr 29 2023 17: +0,1682784000
4.058,26,Apr 29 2023 18: +0,1682787600
3.532,5,Apr 29 2023 19: +0,1682791200
3.733,18,Apr 29 2023 20: +0,1682794800
3.643,5,Apr 29 2023 21: +0,1682798400
3.634,5,Apr 29 2023 22: +0,1682802000
3.67,6,Apr 29 2023 23: +0,1682805600
3.638,5,Apr 30 2023 00: +0,1682809200
3.58,6,Apr 30 2023 01: +0,1682812800
4.156,4,Apr 30 2023 02: +0,1682816400
3.506,4,Apr 30 2023 03: +0,1682820000
4.021,12,Apr 30 2023 04: +0,1682823600
3.964,4,Apr 30 2023 05: +0,1682827200
3.768,4,Apr 30 2023 06: +0,1682830800
3.616,10,Apr 30 2023 07: +0,1682834400
3.572,2,Apr 30 2023 08: +0,1682838000
4.172,31,Apr 30 2023 09: +0,1682841600
4.208,12,Apr 30 2023 10: +0,1682845200
6.417,7,Apr 30 2023 11: +0,1682848800
3.764,6,Apr 30 2023 12: +0,1682852400
4.074,8,Apr 30 2023 13: +0,1682856000
3.608,6,Apr 30 2023 14: +0,1682859600
4.139,22,Apr 30 2023 15: +0,1682863200
4.145,17,Apr 30 2023 16: +0,1682866800
4.12,5,Apr 30 2023 17: +0,1682870400
3.648,9,Apr 30 2023 18: +0,1682874000
3.616,7,Apr 30 2023 19: +0,1682877600
4.176,22,Apr 30 2023 20: +0,1682881200
3.656,6,Apr 30 2023 21: +0,1682884800
4.137,16,Apr 30 2023 22: +0,1682888400
4.165,16,Apr 30 2023 23: +0,1682892000
3.919,2,May 01 2023 00: +0,1682895600
4.2,11,May 01 2023 01: +0,1682899200
3.467,1,May 01 2023 02: +0,1682902800
3.597,6,May 01 2023 03: +0,1682906400
3.441,3,May 01 2023 04: +0,1682910000
3.808,8,May 01 2023 05: +0,1682913600
4.095,7,May 01 2023 06: +0,1682917200
4.068,6,May 01 2023 07: +0,1682920800
4.112,13,May 01 2023 08: +0,1682924400
4.2,1,May 01 2023 09: +0,1682928000
3.644,8,May 01 2023 10: +0,1682931600
3.704,9,May 01 2023 11: +0,1682935200
3.873,19,May 01 2023 12: +0,1682938800
3.644,15,May 01 2023 13: +0,1682942400
3.873,9,May 01 2023 14: +0,1682946000
4.084,17,May 01 2023 15: +0,1682949600
4.087,17,May 01 2023 16: +0,1682953200
3.48,2,May 01 2023 17: +0,1682956800
3.936,5,May 01 2023 18: +0,1682960400
3.572,8,May 01 2023 19: +0,1682964000
3.684,5,May 01 2023 20: +0,1682967600
3.66,13,May 01 2023 21: +0,1682971200
3.576,5,May 01 2023 22: +0,1682974800
3.548,6,May 01 2023 23: +0,1682978400
3.854,2,May 02 2023 00: +0,1682982000
4.034,7,May 02 2023 01: +0,1682985600
3.749,4,May 02 2023 02: +0,1682989200
3.548,5,May 02 2023 03: +0,1682992800
3.556,7,May 02 2023 04: +0,1682996400
4.004,14,May 02 2023 05: +0,1683000000
3.801,4,May 02 2023 06: +0,1683003600
3.891,4,May 02 2023 07: +0,1683007200
3.714,2,May 02 2023 08: +0,1683010800
3.548,3,May 02 2023 09: +0,1683014400
3.684,12,May 02 2023 10: +0,1683018000
3.532,3,May 02 2023 11: +0,1683021600
3.947,8,May 02 2023 12: +0,1683025200
3.738,4,May 02 2023 13: +0,1683028800
3.492,4,May 02 2023 14: +0,1683032400
3.508,10,May 02 2023 15: +0,1683036000
3.499,10,May 02 2023 16: +0,1683039600
3.615,5,May 02 2023 17: +0,1683043200
3.6,14,May 02 2023 18: +0,1683046800
3.44,12,May 02 2023 19: +0,1683050400
3.468,7,May 02 2023 20: +0,1683054000
3.565,12,May 02 2023 21: +0,1683057600
3.597,12,May 02 2023 22: +0,1683061200
3.328,5,May 02 2023 23: +0,1683064800
3.528,3,May 03 2023 00: +0,1683068400
3.499,4,May 03 2023 01: +0,1683072000
3.872,13,May 03 2023 02: +0,1683075600
3.528,13,May 03 2023 03: +0,1683079200
3.288,2,May 03 2023 04: +0,1683082800
3.472,14,May 03 2023 05: +0,1683086400
3.464,3,May 03 2023 06: +0,1683090000
3.496,5,May 03 2023 07: +0,1683093600
3.583,7,May 03 2023 08: +0,1683097200
3.584,12,May 03 2023 09: +0,1683100800
3.696,7,May 03 2023 10: +0,1683104400
3.698,3,May 03 2023 11: +0,1683108000
3.464,10,May 03 2023 12: +0,1683111600
3.608,7,May 03 2023 13: +0,1683115200
3.632,7,May 03 2023 14: +0,1683118800
3.468,8,May 03 2023 15: +0,1683122400
3.498,18,May 03 2023 16: +0,1683126000
3.605,13,May 03 2023 17: +0,1683129600
3.8,19,May 03 2023 18: +0,1683133200
3.808,27,May 03 2023 19: +0,1683136800
3.687,7,May 03 2023 20: +0,1683140400
3.784,5,May 03 2023 21: +0,1683144000
3.608,13,May 03 2023 22: +0,1683147600
3.485,3,May 03 2023 23: +0,1683151200
3.491,3,May 04 2023 00: +0,1683154800
3.491,7,May 04 2023 01: +0,1683158400
3.516,10,May 04 2023 02: +0,1683162000
3.68,6,May 04 2023 03: +0,1683165600
3.85,8,May 04 2023 04: +0,1683169200
3.894,9,May 04 2023 05: +0,1683172800
3.437,7,May 04 2023 06: +0,1683176400
3.558,4,May 04 2023 07: +0,1683180000
3.552,3,May 04 2023 08: +0,1683183600
3.61,2,May 04 2023 09: +0,1683187200
3.563,11,May 04 2023 10: +0,1683190800
3.448,11,May 04 2023 11: +0,1683194400
3.439,7,May 04 2023 12: +0,1683198000
3.583,7,May 04 2023 13: +0,1683201600
3.516,2,May 04 2023 14: +0,1683205200
3.44,7,May 04 2023 15: +0,1683208800
3.44,7,May 04 2023 16: +0,1683212400
3.6,21,May 04 2023 17: +0,1683216000
3.439,9,May 04 2023 18: +0,1683219600
3.587,10,May 04 2023 19: +0,1683223200
3.496,8,May 04 2023 20: +0,1683226800
3.64,6,May 04 2023 21: +0,1683230400
3.836,10,May 04 2023 22: +0,1683234000
3.812,8,May 04 2023 23: +0,1683237600
3.448,22,May 05 2023 01: +0,1683244800
3.431,21,May 05 2023 02: +0,1683248400
3.382,14,May 05 2023 03: +0,1683252000
3.424,18,May 05 2023 04: +0,1683255600
3.345,13,May 05 2023 05: +0,1683259200
3.337,16,May 05 2023 06: +0,1683262800
3.365,6,May 05 2023 07: +0,1683266400
3.388,8,May 05 2023 08: +0,1683270000
3.345,13,May 05 2023 09: +0,1683273600
3.355,15,May 05 2023 10: +0,1683277200
3.355,11,May 05 2023 11: +0,1683280800
3.355,13,May 05 2023 12: +0,1683284400
3.341,10,May 05 2023 13: +0,1683288000
3.249,4,May 05 2023 14: +0,1683291600
3.337,9,May 05 2023 15: +0,1683295200
3.334,19,May 05 2023 16: +0,1683298800
3.424,29,May 05 2023 17: +0,1683302400
3.467,26,May 05 2023 18: +0,1683306000
3.264,12,May 05 2023 19: +0,1683309600
3.391,16,May 05 2023 20: +0,1683313200
3.204,7,May 05 2023 21: +0,1683316800
3.585,10,May 05 2023 22: +0,1683320400
3.212,11,May 05 2023 23: +0,1683324000
3.204,9,May 06 2023 00: +0,1683327600
3.26,3,May 06 2023 01: +0,1683331200
3.212,5,May 06 2023 02: +0,1683334800
3.18,4,May 06 2023 03: +0,1683338400
3.303,20,May 06 2023 04: +0,1683342000
3.396,12,May 06 2023 05: +0,1683345600
3.155,2,May 06 2023 06: +0,1683349200
3.212,6,May 06 2023 07: +0,1683352800
3.502,12,May 06 2023 08: +0,1683356400
3.447,5,May 06 2023 09: +0,1683360000
3.303,9,May 06 2023 10: +0,1683363600
3.724,10,May 06 2023 11: +0,1683367200
3.454,11,May 06 2023 12: +0,1683370800
3.668,11,May 06 2023 13: +0,1683374400
3.284,10,May 06 2023 14: +0,1683378000
3.655,12,May 06 2023 15: +0,1683381600
3.675,9,May 06 2023 16: +0,1683385200
3.825,9,May 06 2023 17: +0,1683388800
3.633,14,May 06 2023 18: +0,1683392400
3.615,9,May 06 2023 19: +0,1683396000
3.225,10,May 06 2023 20: +0,1683399600
3.414,16,May 06 2023 21: +0,1683403200
3.657,9,May 06 2023 22: +0,1683406800
3.506,7,May 06 2023 23: +0,1683410400
3.18,7,May 07 2023 00: +0,1683414000
3.49,5,May 07 2023 01: +0,1683417600
3.228,3,May 07 2023 02: +0,1683421200
3.26,5,May 07 2023 03: +0,1683424800
3.331,3,May 07 2023 04: +0,1683428400
3.212,5,May 07 2023 05: +0,1683432000
3.289,10,May 07 2023 06: +0,1683435600
3.431,4,May 07 2023 07: +0,1683439200
3.729,47,May 07 2023 08: +0,1683442800
3.196,5,May 07 2023 09: +0,1683446400
3.403,5,May 07 2023 10: +0,1683450000
3.388,4,May 07 2023 11: +0,1683453600
3.498,13,May 07 2023 12: +0,1683457200
3.355,12,May 07 2023 13: +0,1683460800
3.085,8,May 07 2023 14: +0,1683464400
3.085,10,May 07 2023 15: +0,1683468000
3.246,19,May 07 2023 16: +0,1683471600
3.493,11,May 07 2023 17: +0,1683475200
3.222,11,May 07 2023 18: +0,1683478800
3.673,9,May 07 2023 19: +0,1683482400
3.147,6,May 07 2023 20: +0,1683486000
3.475,8,May 07 2023 21: +0,1683489600
3.241,2,May 07 2023 22: +0,1683493200
3.414,5,May 07 2023 23: +0,1683496800
3.503,9,May 08 2023 00: +0,1683500400
3.013,1,May 08 2023 01: +0,1683504000
3.49,18,May 08 2023 02: +0,1683507600
3.555,6,May 08 2023 03: +0,1683511200
3.064,5,May 08 2023 04: +0,1683514800
3.501,1,May 08 2023 05: +0,1683518400
3.554,9,May 08 2023 06: +0,1683522000
3.562,5,May 08 2023 07: +0,1683525600
3.204,7,May 08 2023 08: +0,1683529200
3.236,9,May 08 2023 09: +0,1683532800
3.574,5,May 08 2023 10: +0,1683536400
3.184,12,May 08 2023 11: +0,1683540000
3.426,13,May 08 2023 12: +0,1683543600
3.191,9,May 08 2023 13: +0,1683547200
3.408,8,May 08 2023 14: +0,1683550800
3.17,9,May 08 2023 15: +0,1683554400
3.355,14,May 08 2023 16: +0,1683558000
3.377,12,May 08 2023 17: +0,1683561600
3.212,16,May 08 2023 18: +0,1683565200
3.329,12,May 08 2023 19: +0,1683568800
3.453,10,May 08 2023 20: +0,1683572400
3.203,5,May 08 2023 21: +0,1683576000
3.192,4,May 08 2023 22: +0,1683579600
3.48,9,May 08 2023 23: +0,1683583200
3.226,3,May 09 2023 00: +0,1683586800
2.583,2,May 09 2023 01: +0,1683590400
3.48,12,May 09 2023 02: +0,1683594000
3.416,7,May 09 2023 03: +0,1683597600
3.586,12,May 09 2023 04: +0,1683601200
0.877,4,May 09 2023 05: +0,1683604800
3.415,15,May 09 2023 06: +0,1683608400
3.582,11,May 09 2023 07: +0,1683612000
3.119,5,May 09 2023 08: +0,1683615600
3.491,4,May 09 2023 09: +0,1683619200
3.254,9,May 09 2023 10: +0,1683622800
3.22,14,May 09 2023 11: +0,1683626400
3.329,11,May 09 2023 12: +0,1683630000
3.126,11,May 09 2023 13: +0,1683633600
3.188,12,May 09 2023 14: +0,1683637200
3.128,12,May 09 2023 15: +0,1683640800
3.333,11,May 09 2023 16: +0,1683644400
3.352,6,May 09 2023 17: +0,1683648000
3.57,9,May 09 2023 18: +0,1683651600
3.339,7,May 09 2023 19: +0,1683655200
3.279,4,May 09 2023 20: +0,1683658800
3.276,6,May 09 2023 21: +0,1683662400
3.352,6,May 09 2023 22: +0,1683666000
3.577,10,May 09 2023 23: +0,1683669600
3.187,1,May 10 2023 00: +0,1683673200
3.148,6,May 10 2023 01: +0,1683676800
3.712,10,May 10 2023 02: +0,1683680400
3.565,4,May 10 2023 03: +0,1683684000
3.237,2,May 10 2023 04: +0,1683687600
3.383,4,May 10 2023 05: +0,1683691200
3.434,5,May 10 2023 06: +0,1683694800
0.905,5,May 10 2023 07: +0,1683698400
3.54,2,May 10 2023 08: +0,1683702000
0.905,1,May 10 2023 09: +0,1683705600
3.252,6,May 10 2023 10: +0,1683709200
3.155,10,May 10 2023 11: +0,1683712800
3.309,6,May 10 2023 12: +0,1683716400
3.58,23,May 10 2023 13: +0,1683720000
3.687,22,May 10 2023 14: +0,1683723600
0.9,4,May 10 2023 15: +0,1683727200
3.368,14,May 10 2023 16: +0,1683730800
3.366,9,May 10 2023 17: +0,1683734400
3.206,5,May 10 2023 18: +0,1683738000
3.439,10,May 10 2023 19: +0,1683741600
3.188,5,May 10 2023 20: +0,1683745200
3.631,11,May 10 2023 21: +0,1683748800
3.289,10,May 10 2023 22: +0,1683752400
3.117,3,May 10 2023 23: +0,1683756000
3.314,4,May 11 2023 00: +0,1683759600
3.158,4,May 11 2023 01: +0,1683763200
3.277,4,May 11 2023 02: +0,1683766800
3.187,5,May 11 2023 03: +0,1683770400
3.277,11,May 11 2023 04: +0,1683774000
3.685,8,May 11 2023 05: +0,1683777600
3.19,3,May 11 2023 06: +0,1683781200
3.712,5,May 11 2023 07: +0,1683784800
3.732,2,May 11 2023 08: +0,1683788400
3.723,30,May 11 2023 09: +0,1683792000
3.847,14,May 11 2023 10: +0,1683795600
3.112,4,May 11 2023 11: +0,1683799200
3.198,5,May 11 2023 12: +0,1683802800
3.219,14,May 11 2023 13: +0,1683806400
3.315,8,May 11 2023 14: +0,1683810000
3.162,8,May 11 2023 15: +0,1683813600
3.297,14,May 11 2023 16: +0,1683817200
3.386,8,May 11 2023 17: +0,1683820800
3.528,14,May 11 2023 18: +0,1683824400
3.586,5,May 11 2023 19: +0,1683828000
3.279,10,May 11 2023 20: +0,1683831600
3.73,22,May 11 2023 21: +0,1683835200
3.258,9,May 11 2023 22: +0,1683838800
3.538,8,May 11 2023 23: +0,1683842400
3.178,1,May 12 2023 00: +0,1683846000
3.516,4,May 12 2023 01: +0,1683849600
3.341,3,May 12 2023 02: +0,1683853200
3.338,7,May 12 2023 03: +0,1683856800
3.295,7,May 12 2023 04: +0,1683860400
3.717,4,May 12 2023 05: +0,1683864000
3.618,1,May 12 2023 06: +0,1683867600
3.286,3,May 12 2023 07: +0,1683871200
3.676,6,May 12 2023 08: +0,1683874800
3.296,4,May 12 2023 09: +0,1683878400
2.957,5,May 12 2023 10: +0,1683882000
3.504,23,May 12 2023 11: +0,1683885600
3.29,4,May 12 2023 12: +0,1683889200
3.683,15,May 12 2023 13: +0,1683892800
3.628,16,May 12 2023 14: +0,1683896400
3.674,7,May 12 2023 15: +0,1683900000
3.691,11,May 12 2023 16: +0,1683903600
3.641,20,May 12 2023 17: +0,1683907200
3.295,14,May 12 2023 18: +0,1683910800
3.563,7,May 12 2023 19: +0,1683914400
3.602,9,May 12 2023 20: +0,1683918000
3.538,11,May 12 2023 21: +0,1683921600
3.643,6,May 12 2023 22: +0,1683925200
3.611,10,May 12 2023 23: +0,1683928800
3.29,3,May 13 2023 00: +0,1683932400
3.97,23,May 13 2023 01: +0,1683936000
3.29,5,May 13 2023 02: +0,1683939600
3.834,1,May 13 2023 03: +0,1683943200
3.856,7,May 13 2023 04: +0,1683946800
3.959,5,May 13 2023 05: +0,1683950400
3.994,9,May 13 2023 06: +0,1683954000
4.01,13,May 13 2023 07: +0,1683957600
3.378,4,May 13 2023 08: +0,1683961200
3.311,1,May 13 2023 09: +0,1683964800
3.325,8,May 13 2023 10: +0,1683968400
3.272,7,May 13 2023 11: +0,1683972000
3.577,16,May 13 2023 12: +0,1683975600
3.935,12,May 13 2023 13: +0,1683979200
3.323,5,May 13 2023 14: +0,1683982800
3.398,6,May 13 2023 15: +0,1683986400
3.706,7,May 13 2023 16: +0,1683990000
3.794,11,May 13 2023 17: +0,1683993600
2.086,2,May 13 2023 18: +0,1683997200
3.378,12,May 13 2023 19: +0,1684000800
3.328,9,May 13 2023 20: +0,1684004400
3.305,5,May 13 2023 21: +0,1684008000
3.305,1,May 13 2023 22: +0,1684011600
3.531,6,May 13 2023 23: +0,1684015200
3.426,5,May 14 2023 00: +0,1684018800
3.496,6,May 14 2023 01: +0,1684022400
3.695,10,May 14 2023 02: +0,1684026000
3.338,7,May 14 2023 03: +0,1684029600
3.476,6,May 14 2023 04: +0,1684033200
3.586,10,May 14 2023 05: +0,1684036800
3.35,8,May 14 2023 06: +0,1684040400
3.443,5,May 14 2023 07: +0,1684044000
3.231,1,May 14 2023 08: +0,1684047600
3.329,11,May 14 2023 09: +0,1684051200
3.486,8,May 14 2023 10: +0,1684054800
3.223,6,May 14 2023 11: +0,1684058400
3.648,8,May 14 2023 12: +0,1684062000
3.314,12,May 14 2023 13: +0,1684065600
3.352,7,May 14 2023 14: +0,1684069200
3.372,16,May 14 2023 15: +0,1684072800
3.251,6,May 14 2023 16: +0,1684076400
3.55,12,May 14 2023 17: +0,1684080000
3.643,32,May 14 2023 18: +0,1684083600
3.226,5,May 14 2023 19: +0,1684087200
3.494,10,May 14 2023 20: +0,1684090800
3.7,14,May 14 2023 21: +0,1684094400
3.298,4,May 14 2023 22: +0,1684098000
3.698,12,May 14 2023 23: +0,1684101600
3.682,5,May 15 2023 00: +0,1684105200
3.69,4,May 15 2023 01: +0,1684108800
3.698,21,May 15 2023 02: +0,1684112400
3.698,8,May 15 2023 03: +0,1684116000
3.63,2,May 15 2023 04: +0,1684119600
3.246,5,May 15 2023 05: +0,1684123200
3.7,3,May 15 2023 06: +0,1684126800
2.321,2,May 15 2023 07: +0,1684130400
3.667,11,May 15 2023 08: +0,1684134000
3.25,3,May 15 2023 09: +0,1684137600
3.693,1,May 15 2023 10: +0,1684141200
3.222,6,May 15 2023 11: +0,1684144800
3.45,7,May 15 2023 12: +0,1684148400
3.466,15,May 15 2023 13: +0,1684152000
3.537,14,May 15 2023 14: +0,1684155600
3.266,3,May 15 2023 15: +0,1684159200
3.262,14,May 15 2023 16: +0,1684162800
3.435,14,May 15 2023 17: +0,1684166400
3.242,5,May 15 2023 18: +0,1684170000
3.701,10,May 15 2023 19: +0,1684173600
3.68,15,May 15 2023 20: +0,1684177200
3.325,2,May 15 2023 21: +0,1684180800
3.264,4,May 15 2023 22: +0,1684184400
3.373,11,May 15 2023 23: +0,1684188000
3.214,5,May 16 2023 00: +0,1684191600
2.964,1,May 16 2023 01: +0,1684195200
3.31,9,May 16 2023 02: +0,1684198800
3.396,9,May 16 2023 03: +0,1684202400
3.21,4,May 16 2023 04: +0,1684206000
2.528,6,May 16 2023 05: +0,1684209600
3.222,3,May 16 2023 06: +0,1684213200
3.212,2,May 16 2023 08: +0,1684220400
3.355,14,May 16 2023 09: +0,1684224000
3.217,6,May 16 2023 10: +0,1684227600
2.529,3,May 16 2023 11: +0,1684231200
3.334,5,May 16 2023 12: +0,1684234800
3.363,13,May 16 2023 13: +0,1684238400
3.41,6,May 16 2023 14: +0,1684242000
3.643,20,May 16 2023 15: +0,1684245600
2.402,2,May 16 2023 16: +0,1684249200
3.333,4,May 16 2023 17: +0,1684252800
3.175,7,May 16 2023 18: +0,1684256400
3.122,4,May 16 2023 19: +0,1684260000
3.462,5,May 16 2023 20: +0,1684263600
3.107,4,May 16 2023 21: +0,1684267200
3.381,2,May 16 2023 22: +0,1684270800
3.28,7,May 17 2023 00: +0,1684278000
3.412,6,May 17 2023 01: +0,1684281600
3.001,3,May 17 2023 02: +0,1684285200
3.448,7,May 17 2023 03: +0,1684288800
3.126,8,May 17 2023 04: +0,1684292400
3.041,4,May 17 2023 05: +0,1684296000
3.512,15,May 17 2023 06: +0,1684299600
0.896,3,May 17 2023 07: +0,1684303200
3.36,9,May 17 2023 09: +0,1684310400
3.54,13,May 17 2023 10: +0,1684314000
3.552,7,May 17 2023 11: +0,1684317600
3.568,6,May 17 2023 12: +0,1684321200
3.064,7,May 17 2023 13: +0,1684324800
3.212,9,May 17 2023 14: +0,1684328400
3.218,9,May 17 2023 15: +0,1684332000
3.009,6,May 17 2023 16: +0,1684335600
3.143,14,May 17 2023 17: +0,1684339200
3.223,11,May 17 2023 18: +0,1684342800
3.41,10,May 17 2023 19: +0,1684346400
3.21,3,May 17 2023 20: +0,1684350000
3.308,9,May 17 2023 21: +0,1684353600
3.195,5,May 17 2023 22: +0,1684357200
3.54,7,May 17 2023 23: +0,1684360800
3.532,11,May 18 2023 00: +0,1684364400
3.612,4,May 18 2023 01: +0,1684368000
3.62,10,May 18 2023 02: +0,1684371600
3.62,10,May 18 2023 03: +0,1684375200
3.372,1,May 18 2023 04: +0,1684378800
3.178,2,May 18 2023 05: +0,1684382400
3.21,4,May 18 2023 06: +0,1684386000
3.351,5,May 18 2023 07: +0,1684389600
0.859,3,May 18 2023 08: +0,1684393200
3.553,3,May 18 2023 09: +0,1684396800
3.339,10,May 18 2023 10: +0,1684400400
3.581,12,May 18 2023 11: +0,1684404000
3.216,5,May 18 2023 12: +0,1684407600
3.299,8,May 18 2023 13: +0,1684411200
3.216,5,May 18 2023 14: +0,1684414800
3.203,7,May 18 2023 15: +0,1684418400
3.233,6,May 18 2023 16: +0,1684422000
3.209,3,May 18 2023 17: +0,1684425600
3.232,7,May 18 2023 18: +0,1684429200
3.149,6,May 18 2023 19: +0,1684432800
3.252,10,May 18 2023 20: +0,1684436400
3.407,15,May 18 2023 21: +0,1684440000
3.305,3,May 18 2023 22: +0,1684443600
3.628,7,May 18 2023 23: +0,1684447200
3.393,12,May 19 2023 00: +0,1684450800
3.184,5,May 19 2023 01: +0,1684454400
3.555,13,May 19 2023 02: +0,1684458000
2.886,7,May 19 2023 03: +0,1684461600
3.195,7,May 19 2023 04: +0,1684465200
3.401,10,May 19 2023 05: +0,1684468800
3.536,18,May 19 2023 06: +0,1684472400
3.465,7,May 19 2023 07: +0,1684476000
3.118,8,May 19 2023 08: +0,1684479600
2.899,2,May 19 2023 09: +0,1684483200
3.398,17,May 19 2023 10: +0,1684486800
3.442,6,May 19 2023 11: +0,1684490400
3.195,7,May 19 2023 12: +0,1684494000
3.21,6,May 19 2023 13: +0,1684497600
3.184,13,May 19 2023 14: +0,1684501200
3.224,14,May 19 2023 15: +0,1684504800
3.479,9,May 19 2023 16: +0,1684508400
3.2,5,May 19 2023 17: +0,1684512000
0.893,3,May 19 2023 18: +0,1684515600
2.965,4,May 19 2023 19: +0,1684519200
3.196,8,May 19 2023 20: +0,1684522800
3.184,9,May 19 2023 21: +0,1684526400
3.377,23,May 19 2023 22: +0,1684530000
3.546,18,May 19 2023 23: +0,1684533600
3.027,8,May 20 2023 00: +0,1684537200
3.552,14,May 20 2023 01: +0,1684540800
3.554,13,May 20 2023 02: +0,1684544400
3.558,12,May 20 2023 03: +0,1684548000
3.545,8,May 20 2023 04: +0,1684551600
3.192,3,May 20 2023 05: +0,1684555200
3.594,8,May 20 2023 06: +0,1684558800
3.551,9,May 20 2023 07: +0,1684562400
3.58,3,May 20 2023 08: +0,1684566000
3.208,5,May 20 2023 09: +0,1684569600
3.215,7,May 20 2023 10: +0,1684573200
3.401,11,May 20 2023 11: +0,1684576800
3.577,25,May 20 2023 12: +0,1684580400
3.337,5,May 20 2023 13: +0,1684584000
3.208,12,May 20 2023 14: +0,1684587600
3.48,11,May 20 2023 15: +0,1684591200
3.481,9,May 20 2023 16: +0,1684594800
3.605,16,May 20 2023 17: +0,1684598400
3.467,13,May 20 2023 18: +0,1684602000
3.394,9,May 20 2023 19: +0,1684605600
3.201,6,May 20 2023 20: +0,1684609200
3.161,4,May 20 2023 21: +0,1684612800
3.24,9,May 20 2023 22: +0,1684616400
3.117,4,May 20 2023 23: +0,1684620000
3.463,25,May 21 2023 00: +0,1684623600
3.449,3,May 21 2023 01: +0,1684627200
3.465,7,May 21 2023 02: +0,1684630800
3.222,6,May 21 2023 03: +0,1684634400
3.192,4,May 21 2023 04: +0,1684638000
3.482,9,May 21 2023 05: +0,1684641600
3.551,14,May 21 2023 06: +0,1684645200
3.618,7,May 21 2023 07: +0,1684648800
3.191,3,May 21 2023 08: +0,1684652400
3.26,2,May 21 2023 09: +0,1684656000
3.439,4,May 21 2023 10: +0,1684659600
3.343,6,May 21 2023 11: +0,1684663200
3.472,11,May 21 2023 12: +0,1684666800
3.547,8,May 21 2023 13: +0,1684670400
3.207,1,May 21 2023 14: +0,1684674000
3.295,5,May 21 2023 15: +0,1684677600
3.226,3,May 21 2023 16: +0,1684681200
3.206,10,May 21 2023 17: +0,1684684800
3.327,23,May 21 2023 18: +0,1684688400
3.206,1,May 21 2023 19: +0,1684692000
3.376,13,May 21 2023 20: +0,1684695600
3.432,13,May 21 2023 21: +0,1684699200
3.399,14,May 21 2023 22: +0,1684702800
3.56,10,May 21 2023 23: +0,1684706400
3.63,7,May 22 2023 00: +0,1684710000
3.267,2,May 22 2023 01: +0,1684713600
3.38,8,May 22 2023 02: +0,1684717200
3.226,7,May 22 2023 03: +0,1684720800
3.343,4,May 22 2023 04: +0,1684724400
3.235,4,May 22 2023 05: +0,1684728000
2.082,2,May 22 2023 06: +0,1684731600
3.178,3,May 22 2023 07: +0,1684735200
0.815,1,May 22 2023 08: +0,1684738800
3.295,3,May 22 2023 09: +0,1684742400
3.434,11,May 22 2023 10: +0,1684746000
3.654,11,May 22 2023 11: +0,1684749600
3.451,3,May 22 2023 12: +0,1684753200
3.443,4,May 22 2023 13: +0,1684756800
3.505,16,May 22 2023 14: +0,1684760400
3.39,7,May 22 2023 15: +0,1684764000
3.609,17,May 22 2023 16: +0,1684767600
3.183,7,May 22 2023 17: +0,1684771200
3.419,1,May 22 2023 18: +0,1684774800
3.357,8,May 22 2023 19: +0,1684778400
3.261,4,May 22 2023 20: +0,1684782000
3.346,2,May 22 2023 21: +0,1684785600
3.488,10,May 22 2023 22: +0,1684789200
3.174,4,May 22 2023 23: +0,1684792800
3.613,6,May 23 2023 00: +0,1684796400
0.895,5,May 23 2023 01: +0,1684800000
3.424,9,May 23 2023 02: +0,1684803600
3.174,1,May 23 2023 03: +0,1684807200
3.215,5,May 23 2023 04: +0,1684810800
3.172,6,May 23 2023 05: +0,1684814400
3.649,8,May 23 2023 06: +0,1684818000
3.48,5,May 23 2023 07: +0,1684821600
3.632,3,May 23 2023 08: +0,1684825200
3.512,6,May 23 2023 09: +0,1684828800
3.623,7,May 23 2023 11: +0,1684836000
3.199,7,May 23 2023 12: +0,1684839600
3.199,3,May 23 2023 13: +0,1684843200
3.179,12,May 23 2023 14: +0,1684846800
3.616,3,May 23 2023 15: +0,1684850400
3.177,5,May 23 2023 16: +0,1684854000
3.293,13,May 23 2023 17: +0,1684857600
3.094,5,May 23 2023 18: +0,1684861200
3.094,5,May 23 2023 19: +0,1684864800
3.175,10,May 23 2023 20: +0,1684868400
3.178,7,May 23 2023 21: +0,1684872000
2.771,7,May 23 2023 22: +0,1684875600
3.235,3,May 23 2023 23: +0,1684879200
2.777,6,May 24 2023 00: +0,1684882800
3.343,7,May 24 2023 01: +0,1684886400
0.808,1,May 24 2023 02: +0,1684890000
3.42,12,May 24 2023 03: +0,1684893600
3.481,12,May 24 2023 04: +0,1684897200
3.512,17,May 24 2023 05: +0,1684900800
3.232,2,May 24 2023 06: +0,1684904400
3.187,6,May 24 2023 07: +0,1684908000
3.206,10,May 24 2023 08: +0,1684911600
3.372,12,May 24 2023 09: +0,1684915200
3.424,14,May 24 2023 10: +0,1684918800
3.617,12,May 24 2023 11: +0,1684922400
3.191,5,May 24 2023 12: +0,1684926000
2.095,4,May 24 2023 13: +0,1684929600
3.335,5,May 24 2023 14: +0,1684933200
3.458,6,May 24 2023 15: +0,1684936800
3.498,1,May 24 2023 16: +0,1684940400
3.207,5,May 24 2023 17: +0,1684944000
3.497,7,May 24 2023 18: +0,1684947600
3.509,8,May 24 2023 19: +0,1684951200
3.599,12,May 24 2023 20: +0,1684954800
3.19,3,May 24 2023 21: +0,1684958400
2.065,6,May 24 2023 22: +0,1684962000
3.612,19,May 24 2023 23: +0,1684965600
3.207,11,May 25 2023 00: +0,1684969200
3.644,24,May 25 2023 01: +0,1684972800
3.676,8,May 25 2023 02: +0,1684976400
3.3,2,May 25 2023 03: +0,1684980000
3.623,13,May 25 2023 04: +0,1684983600
3.258,4,May 25 2023 05: +0,1684987200
3.576,10,May 25 2023 06: +0,1684990800
3.67,10,May 25 2023 07: +0,1684994400
0.907,3,May 25 2023 08: +0,1684998000
3.52,4,May 25 2023 09: +0,1685001600
3.515,12,May 25 2023 10: +0,1685005200
3.55,9,May 25 2023 11: +0,1685008800
3.724,10,May 25 2023 12: +0,1685012400
3.733,11,May 25 2023 13: +0,1685016000
3.126,4,May 25 2023 14: +0,1685019600
3.449,10,May 25 2023 15: +0,1685023200
3.213,5,May 25 2023 16: +0,1685026800
3.267,4,May 25 2023 17: +0,1685030400
3.068,7,May 25 2023 18: +0,1685034000
3.563,7,May 25 2023 19: +0,1685037600
3.684,3,May 25 2023 20: +0,1685041200
3.223,5,May 25 2023 21: +0,1685044800
3.336,4,May 25 2023 22: +0,1685048400
0.85,9,May 25 2023 23: +0,1685052000
3.462,14,May 26 2023 00: +0,1685055600
0.872,4,May 26 2023 01: +0,1685059200
0.85,1,May 26 2023 02: +0,1685062800
2.915,3,May 26 2023 03: +0,1685066400
3.069,1,May 26 2023 04: +0,1685070000
3.425,17,May 26 2023 05: +0,1685073600
3.641,11,May 26 2023 06: +0,1685077200
3.215,2,May 26 2023 07: +0,1685080800
3.088,3,May 26 2023 08: +0,1685084400
3.348,10,May 26 2023 09: +0,1685088000
3.32,8,May 26 2023 10: +0,1685091600
3.688,29,May 26 2023 11: +0,1685095200
5.156,6,May 26 2023 12: +0,1685098800
3.218,7,May 26 2023 13: +0,1685102400
2.974,4,May 26 2023 14: +0,1685106000
3.416,6,May 26 2023 15: +0,1685109600
3.259,14,May 26 2023 16: +0,1685113200
3.219,5,May 26 2023 17: +0,1685116800
3.47,10,May 26 2023 18: +0,1685120400
3.219,13,May 26 2023 19: +0,1685124000
3.665,12,May 26 2023 20: +0,1685127600
3.035,8,May 26 2023 21: +0,1685131200
3.16,8,May 26 2023 22: +0,1685134800
3.472,5,May 26 2023 23: +0,1685138400
3.848,21,May 27 2023 00: +0,1685142000
3.965,7,May 27 2023 01: +0,1685145600
3.884,1,May 27 2023 02: +0,1685149200
3.642,6,May 27 2023 03: +0,1685152800
3.221,5,May 27 2023 04: +0,1685156400
3.22,2,May 27 2023 05: +0,1685160000
3.224,6,May 27 2023 06: +0,1685163600
3.215,4,May 27 2023 07: +0,1685167200
3.619,11,May 27 2023 08: +0,1685170800
3.647,9,May 27 2023 09: +0,1685174400
3.422,11,May 27 2023 10: +0,1685178000
3.437,19,May 27 2023 11: +0,1685181600
3.61,12,May 27 2023 12: +0,1685185200
3.767,10,May 27 2023 13: +0,1685188800
2.367,4,May 27 2023 14: +0,1685192400
3.219,9,May 27 2023 15: +0,1685196000
3.229,8,May 27 2023 16: +0,1685199600
3.423,7,May 27 2023 17: +0,1685203200
3.629,14,May 27 2023 18: +0,1685206800
3.682,6,May 27 2023 19: +0,1685210400
3.884,16,May 27 2023 20: +0,1685214000
3.53,10,May 27 2023 21: +0,1685217600
3.237,3,May 27 2023 22: +0,1685221200
3.906,12,May 27 2023 23: +0,1685224800
3.246,7,May 28 2023 00: +0,1685228400
3.226,6,May 28 2023 01: +0,1685232000
0.911,3,May 28 2023 02: +0,1685235600
3.23,1,May 28 2023 03: +0,1685239200
0.851,4,May 28 2023 04: +0,1685242800
3.233,5,May 28 2023 05: +0,1685246400
3.422,6,May 28 2023 06: +0,1685250000
3.483,7,May 28 2023 07: +0,1685253600
3.415,1,May 28 2023 08: +0,1685257200
3.257,4,May 28 2023 09: +0,1685260800
3.233,11,May 28 2023 10: +0,1685264400
3.233,7,May 28 2023 11: +0,1685268000
3.239,11,May 28 2023 12: +0,1685271600
3.221,5,May 28 2023 13: +0,1685275200
3.265,19,May 28 2023 14: +0,1685278800
3.667,20,May 28 2023 15: +0,1685282400
3.479,11,May 28 2023 16: +0,1685286000
1.763,4,May 28 2023 17: +0,1685289600
3.383,5,May 28 2023 18: +0,1685293200
3.237,5,May 28 2023 19: +0,1685296800
3.628,9,May 28 2023 20: +0,1685300400
3.875,22,May 28 2023 21: +0,1685304000
3.268,6,May 28 2023 22: +0,1685307600
3.229,5,May 28 2023 23: +0,1685311200
3.603,7,May 29 2023 00: +0,1685314800
2.518,5,May 29 2023 01: +0,1685318400
3.229,4,May 29 2023 02: +0,1685322000
4.018,13,May 29 2023 03: +0,1685325600
3.216,2,May 29 2023 04: +0,1685329200
3.595,20,May 29 2023 05: +0,1685332800
3.467,2,May 29 2023 06: +0,1685336400
3.286,4,May 29 2023 07: +0,1685340000
3.592,6,May 29 2023 08: +0,1685343600
1.923,4,May 29 2023 09: +0,1685347200
3.757,6,May 29 2023 10: +0,1685350800
5.564,13,May 29 2023 11: +0,1685354400
3.779,15,May 29 2023 12: +0,1685358000
3.845,10,May 29 2023 13: +0,1685361600
2.27,2,May 29 2023 14: +0,1685365200
3.304,9,May 29 2023 15: +0,1685368800
3.541,18,May 29 2023 16: +0,1685372400
3.889,14,May 29 2023 17: +0,1685376000
0.903,4,May 29 2023 18: +0,1685379600
3.628,9,May 29 2023 19: +0,1685383200
3.48,5,May 29 2023 20: +0,1685386800
3.616,10,May 29 2023 21: +0,1685390400
3.312,3,May 29 2023 22: +0,1685394000
3.304,6,May 29 2023 23: +0,1685397600
3.488,1,May 30 2023 01: +0,1685404800
1.96,2,May 30 2023 02: +0,1685408400
3.391,16,May 30 2023 03: +0,1685412000
3.553,7,May 30 2023 04: +0,1685415600
3.625,8,May 30 2023 05: +0,1685419200
3.869,8,May 30 2023 06: +0,1685422800
3.836,1,May 30 2023 07: +0,1685426400
2.085,2,May 30 2023 08: +0,1685430000
3.488,5,May 30 2023 09: +0,1685433600
2.794,3,May 30 2023 10: +0,1685437200
3.736,13,May 30 2023 11: +0,1685440800
2.08,2,May 30 2023 12: +0,1685444400
3.31,3,May 30 2023 13: +0,1685448000
3.31,13,May 30 2023 14: +0,1685451600
3.327,3,May 30 2023 15: +0,1685455200
3.628,12,May 30 2023 16: +0,1685458800
3.624,4,May 30 2023 17: +0,1685462400
3.85,13,May 30 2023 18: +0,1685466000
3.318,5,May 30 2023 19: +0,1685469600
3.651,16,May 30 2023 20: +0,1685473200
2.733,8,May 30 2023 21: +0,1685476800
3.326,5,May 30 2023 22: +0,1685480400
3.633,1,May 30 2023 23: +0,1685484000
2.968,1,May 31 2023 00: +0,1685487600
3.318,15,May 31 2023 01: +0,1685491200
3.326,3,May 31 2023 02: +0,1685494800
3.248,3,May 31 2023 03: +0,1685498400
3.423,7,May 31 2023 04: +0,1685502000
3.266,2,May 31 2023 05: +0,1685505600
3.803,4,May 31 2023 06: +0,1685509200
3.318,3,May 31 2023 07: +0,1685512800
0.85,9,May 31 2023 08: +0,1685516400
3.488,10,May 31 2023 09: +0,1685520000
0.902,4,May 31 2023 10: +0,1685523600
3.657,13,May 31 2023 11: +0,1685527200
3.335,4,May 31 2023 12: +0,1685530800
3.482,18,May 31 2023 13: +0,1685534400
3.806,26,May 31 2023 14: +0,1685538000
3.639,7,May 31 2023 15: +0,1685541600
3.811,13,May 31 2023 16: +0,1685545200
3.627,5,May 31 2023 17: +0,1685548800
3.653,7,May 31 2023 18: +0,1685552400
3.627,14,May 31 2023 19: +0,1685556000
3.39,7,May 31 2023 20: +0,1685559600
3.363,4,May 31 2023 21: +0,1685563200
3.042,7,May 31 2023 22: +0,1685566800
3.355,2,May 31 2023 23: +0,1685570400
3.593,11,Jun 01 2023 00: +0,1685574000
3.763,3,Jun 01 2023 01: +0,1685577600
3.825,6,Jun 01 2023 02: +0,1685581200
3.6,4,Jun 01 2023 03: +0,1685584800
3.082,6,Jun 01 2023 04: +0,1685588400
3.326,4,Jun 01 2023 05: +0,1685592000
3.673,7,Jun 01 2023 06: +0,1685595600
3.512,4,Jun 01 2023 07: +0,1685599200
3.836,16,Jun 01 2023 08: +0,1685602800
3.358,5,Jun 01 2023 09: +0,1685606400
3.791,25,Jun 01 2023 10: +0,1685610000
3.35,4,Jun 01 2023 11: +0,1685613600
3.538,4,Jun 01 2023 12: +0,1685617200
3.613,8,Jun 01 2023 13: +0,1685620800
3.501,9,Jun 01 2023 14: +0,1685624400
3.754,4,Jun 01 2023 15: +0,1685628000
3.738,3,Jun 01 2023 16: +0,1685631600
3.306,5,Jun 01 2023 17: +0,1685635200
3.839,37,Jun 01 2023 18: +0,1685638800
3.759,16,Jun 01 2023 19: +0,1685642400
3.322,4,Jun 01 2023 20: +0,1685646000
3.639,3,Jun 01 2023 21: +0,1685649600
3.778,11,Jun 01 2023 22: +0,1685653200
3.558,5,Jun 01 2023 23: +0,1685656800
3.447,5,Jun 02 2023 00: +0,1685660400
3.434,1,Jun 02 2023 01: +0,1685664000
3.418,1,Jun 02 2023 02: +0,1685667600
3.39,12,Jun 02 2023 03: +0,1685671200
3.378,2,Jun 02 2023 04: +0,1685674800
3.578,11,Jun 02 2023 05: +0,1685678400
3.706,13,Jun 02 2023 06: +0,1685682000
0.889,1,Jun 02 2023 07: +0,1685685600
3.596,4,Jun 02 2023 08: +0,1685689200
3.321,3,Jun 02 2023 09: +0,1685692800
3.678,12,Jun 02 2023 10: +0,1685696400
3.236,4,Jun 02 2023 11: +0,1685700000
3.437,4,Jun 02 2023 12: +0,1685703600
3.244,4,Jun 02 2023 13: +0,1685707200
3.361,9,Jun 02 2023 14: +0,1685710800
3.324,9,Jun 02 2023 15: +0,1685714400
3.343,2,Jun 02 2023 16: +0,1685718000
3.334,12,Jun 02 2023 17: +0,1685721600
3.317,5,Jun 02 2023 18: +0,1685725200
3.426,5,Jun 02 2023 19: +0,1685728800
3.362,5,Jun 02 2023 20: +0,1685732400
3.155,11,Jun 02 2023 21: +0,1685736000
0.851,10,Jun 02 2023 22: +0,1685739600
2.712,2,Jun 02 2023 23: +0,1685743200
3.562,12,Jun 03 2023 00: +0,1685746800
3.69,5,Jun 03 2023 01: +0,1685750400
3.378,1,Jun 03 2023 02: +0,1685754000
3.333,3,Jun 03 2023 03: +0,1685757600
3.518,9,Jun 03 2023 04: +0,1685761200
3.704,8,Jun 03 2023 05: +0,1685764800
3.746,19,Jun 03 2023 06: +0,1685768400
3.746,17,Jun 03 2023 07: +0,1685772000
3.835,36,Jun 03 2023 08: +0,1685775600
3.35,7,Jun 03 2023 09: +0,1685779200
3.334,3,Jun 03 2023 10: +0,1685782800
2.838,3,Jun 03 2023 11: +0,1685786400
3.377,9,Jun 03 2023 12: +0,1685790000
3.305,2,Jun 03 2023 13: +0,1685793600
3.539,7,Jun 03 2023 14: +0,1685797200
3.398,6,Jun 03 2023 15: +0,1685800800
3.361,3,Jun 03 2023 16: +0,1685804400
3.6,12,Jun 03 2023 17: +0,1685808000
3.343,5,Jun 03 2023 18: +0,1685811600
3.722,3,Jun 03 2023 19: +0,1685815200
3.77,13,Jun 03 2023 20: +0,1685818800
3.48,6,Jun 03 2023 21: +0,1685822400
3.666,10,Jun 03 2023 22: +0,1685826000
3.508,6,Jun 03 2023 23: +0,1685829600
3.725,1,Jun 04 2023 00: +0,1685833200
3.22,3,Jun 04 2023 01: +0,1685836800
2.401,1,Jun 04 2023 02: +0,1685840400
3.657,2,Jun 04 2023 03: +0,1685844000
3.284,3,Jun 04 2023 04: +0,1685847600
3.349,4,Jun 04 2023 05: +0,1685851200
3.568,9,Jun 04 2023 06: +0,1685854800
2.344,2,Jun 04 2023 07: +0,1685858400
3.343,7,Jun 04 2023 08: +0,1685862000
3.296,6,Jun 04 2023 09: +0,1685865600
3.263,8,Jun 04 2023 10: +0,1685869200
3.784,13,Jun 04 2023 11: +0,1685872800
3.797,17,Jun 04 2023 12: +0,1685876400
3.842,13,Jun 04 2023 13: +0,1685880000
3.28,3,Jun 04 2023 14: +0,1685883600
3.104,7,Jun 04 2023 15: +0,1685887200
3.518,15,Jun 04 2023 16: +0,1685890800
3.192,5,Jun 04 2023 17: +0,1685894400
3.784,10,Jun 04 2023 18: +0,1685898000
3.249,5,Jun 04 2023 19: +0,1685901600
4.728,8,Jun 04 2023 20: +0,1685905200
3.453,5,Jun 04 2023 21: +0,1685908800
3.36,3,Jun 04 2023 22: +0,1685912400
3.44,3,Jun 04 2023 23: +0,1685916000
3.387,4,Jun 05 2023 00: +0,1685919600
3.003,4,Jun 05 2023 01: +0,1685923200
3.447,10,Jun 05 2023 02: +0,1685926800
3.416,2,Jun 05 2023 03: +0,1685930400
3.049,4,Jun 05 2023 04: +0,1685934000
3.655,12,Jun 05 2023 05: +0,1685937600
3.272,6,Jun 05 2023 06: +0,1685941200
3.784,25,Jun 05 2023 07: +0,1685944800
3.404,4,Jun 05 2023 08: +0,1685948400
2.204,2,Jun 05 2023 09: +0,1685952000
3.695,4,Jun 05 2023 10: +0,1685955600
3.327,9,Jun 05 2023 11: +0,1685959200
3.424,2,Jun 05 2023 12: +0,1685962800
3.551,12,Jun 05 2023 13: +0,1685966400
3.244,6,Jun 05 2023 14: +0,1685970000
3.68,9,Jun 05 2023 15: +0,1685973600
3.68,7,Jun 05 2023 16: +0,1685977200
3.33,1,Jun 05 2023 17: +0,1685980800
2.97,9,Jun 05 2023 18: +0,1685984400
3.504,22,Jun 05 2023 19: +0,1685988000
3.336,5,Jun 05 2023 20: +0,1685991600
3.478,7,Jun 05 2023 21: +0,1685995200
2.185,4,Jun 05 2023 22: +0,1685998800
3.753,13,Jun 05 2023 23: +0,1686002400
3.386,4,Jun 06 2023 00: +0,1686006000
3.496,3,Jun 06 2023 01: +0,1686009600
3.46,2,Jun 06 2023 02: +0,1686013200
3.68,4,Jun 06 2023 03: +0,1686016800
3.438,5,Jun 06 2023 05: +0,1686024000
2.34,2,Jun 06 2023 06: +0,1686027600
2.183,3,Jun 06 2023 07: +0,1686031200
2.247,3,Jun 06 2023 08: +0,1686034800
3.416,7,Jun 06 2023 09: +0,1686038400
2.185,2,Jun 06 2023 10: +0,1686042000
3.832,1,Jun 06 2023 11: +0,1686045600
3.316,8,Jun 06 2023 12: +0,1686049200
3.497,5,Jun 06 2023 13: +0,1686052800
3.724,23,Jun 06 2023 14: +0,1686056400
3.544,4,Jun 06 2023 15: +0,1686060000
3.316,3,Jun 06 2023 16: +0,1686063600
3.358,8,Jun 06 2023 17: +0,1686067200
3.707,11,Jun 06 2023 18: +0,1686070800
3.762,11,Jun 06 2023 19: +0,1686074400
3.612,2,Jun 06 2023 20: +0,1686078000
3.765,16,Jun 06 2023 21: +0,1686081600
3.57,4,Jun 06 2023 22: +0,1686085200
3.259,4,Jun 07 2023 01: +0,1686096000
3.704,9,Jun 07 2023 02: +0,1686099600
2.078,2,Jun 07 2023 03: +0,1686103200
3.712,3,Jun 07 2023 04: +0,1686106800
3.747,8,Jun 07 2023 05: +0,1686110400
3.264,1,Jun 07 2023 06: +0,1686114000
3.28,5,Jun 07 2023 07: +0,1686117600
3.288,3,Jun 07 2023 08: +0,1686121200
2.994,4,Jun 07 2023 09: +0,1686124800
3.288,4,Jun 07 2023 10: +0,1686128400
3.812,2,Jun 07 2023 11: +0,1686132000
3.711,6,Jun 07 2023 12: +0,1686135600
3.529,11,Jun 07 2023 13: +0,1686139200
3.288,3,Jun 07 2023 14: +0,1686142800
3.168,6,Jun 07 2023 15: +0,1686146400
3.759,11,Jun 07 2023 16: +0,1686150000
3.759,21,Jun 07 2023 17: +0,1686153600
1.748,1,Jun 07 2023 18: +0,1686157200
3.368,7,Jun 07 2023 19: +0,1686160800
3.495,12,Jun 07 2023 20: +0,1686164400
3.724,4,Jun 07 2023 21: +0,1686168000
2.166,2,Jun 07 2023 22: +0,1686171600
3.288,7,Jun 07 2023 23: +0,1686175200
2.914,1,Jun 08 2023 00: +0,1686178800
3.244,2,Jun 08 2023 01: +0,1686182400
3.344,3,Jun 08 2023 02: +0,1686186000
3.79,11,Jun 08 2023 03: +0,1686189600
3.696,1,Jun 08 2023 04: +0,1686193200
3.216,2,Jun 08 2023 05: +0,1686196800
3.744,5,Jun 08 2023 06: +0,1686200400
3.744,11,Jun 08 2023 07: +0,1686204000
3.104,8,Jun 08 2023 08: +0,1686207600
3.745,12,Jun 08 2023 09: +0,1686211200
3.566,6,Jun 08 2023 10: +0,1686214800
0.9,5,Jun 08 2023 11: +0,1686218400
3.54,8,Jun 08 2023 12: +0,1686222000
3.763,3,Jun 08 2023 13: +0,1686225600
3.698,12,Jun 08 2023 14: +0,1686229200
3.632,3,Jun 08 2023 15: +0,1686232800
3.222,4,Jun 08 2023 16: +0,1686236400
3.658,11,Jun 08 2023 17: +0,1686240000
2.75,1,Jun 08 2023 18: +0,1686243600
3.763,12,Jun 08 2023 19: +0,1686247200
3.537,8,Jun 08 2023 20: +0,1686250800
3.741,5,Jun 08 2023 21: +0,1686254400
2.903,2,Jun 08 2023 22: +0,1686258000
3.311,6,Jun 08 2023 23: +0,1686261600
3.784,15,Jun 09 2023 00: +0,1686265200
3.24,1,Jun 09 2023 02: +0,1686272400
2.136,2,Jun 09 2023 03: +0,1686276000
3.312,5,Jun 09 2023 04: +0,1686279600
3.288,4,Jun 09 2023 05: +0,1686283200
3.36,7,Jun 09 2023 06: +0,1686286800
3.409,4,Jun 09 2023 07: +0,1686290400
3.256,5,Jun 09 2023 08: +0,1686294000
3.732,14,Jun 09 2023 09: +0,1686297600
3.536,5,Jun 09 2023 10: +0,1686301200
3.826,15,Jun 09 2023 11: +0,1686304800
3.698,6,Jun 09 2023 12: +0,1686308400
3.408,5,Jun 09 2023 13: +0,1686312000
3.188,6,Jun 09 2023 14: +0,1686315600
3.537,2,Jun 09 2023 15: +0,1686319200
3.672,4,Jun 09 2023 16: +0,1686322800
3.264,9,Jun 09 2023 17: +0,1686326400
3.578,17,Jun 09 2023 18: +0,1686330000
3.352,9,Jun 09 2023 19: +0,1686333600
0.889,8,Jun 09 2023 20: +0,1686337200
3.655,16,Jun 09 2023 21: +0,1686340800
3.488,4,Jun 09 2023 22: +0,1686344400
3.79,10,Jun 09 2023 23: +0,1686348000
3.299,12,Jun 10 2023 00: +0,1686351600
3.231,7,Jun 10 2023 01: +0,1686355200
3.731,16,Jun 10 2023 02: +0,1686358800
3.101,4,Jun 10 2023 03: +0,1686362400
3.261,3,Jun 10 2023 04: +0,1686366000
0.89,6,Jun 10 2023 05: +0,1686369600
3.232,4,Jun 10 2023 06: +0,1686373200
3.309,3,Jun 10 2023 07: +0,1686376800
3.67,8,Jun 10 2023 08: +0,1686380400
3.763,22,Jun 10 2023 09: +0,1686384000
3.714,10,Jun 10 2023 10: +0,1686387600
3.517,2,Jun 10 2023 11: +0,1686391200
3.264,4,Jun 10 2023 12: +0,1686394800
3.409,4,Jun 10 2023 13: +0,1686398400
3.347,8,Jun 10 2023 14: +0,1686402000
3.242,2,Jun 10 2023 15: +0,1686405600
3.298,7,Jun 10 2023 16: +0,1686409200
2.047,10,Jun 10 2023 17: +0,1686412800
3.489,11,Jun 10 2023 18: +0,1686416400
3.666,4,Jun 10 2023 19: +0,1686420000
3.699,12,Jun 10 2023 20: +0,1686423600
3.619,2,Jun 10 2023 21: +0,1686427200
2.679,7,Jun 10 2023 22: +0,1686430800
2.082,2,Jun 10 2023 23: +0,1686434400
3.645,10,Jun 11 2023 00: +0,1686438000
3.273,3,Jun 11 2023 01: +0,1686441600
3.716,14,Jun 11 2023 02: +0,1686445200
0.883,1,Jun 11 2023 03: +0,1686448800
3.549,1,Jun 11 2023 04: +0,1686452400
2.978,1,Jun 11 2023 05: +0,1686456000
3.628,10,Jun 11 2023 06: +0,1686459600
3.305,1,Jun 11 2023 07: +0,1686463200
3.545,2,Jun 11 2023 08: +0,1686466800
3.746,14,Jun 11 2023 09: +0,1686470400
3.628,9,Jun 11 2023 10: +0,1686474000
3.747,14,Jun 11 2023 11: +0,1686477600
3.689,10,Jun 11 2023 12: +0,1686481200
3.551,4,Jun 11 2023 13: +0,1686484800
3.673,13,Jun 11 2023 14: +0,1686488400
3.623,11,Jun 11 2023 15: +0,1686492000
3.499,8,Jun 11 2023 16: +0,1686495600
3.392,10,Jun 11 2023 17: +0,1686499200
3.254,6,Jun 11 2023 18: +0,1686502800
3.415,3,Jun 11 2023 19: +0,1686506400
3.336,15,Jun 11 2023 20: +0,1686510000
3.567,1,Jun 11 2023 21: +0,1686513600
3.226,3,Jun 11 2023 22: +0,1686517200
3.289,3,Jun 11 2023 23: +0,1686520800
3.475,11,Jun 12 2023 00: +0,1686524400
0.857,5,Jun 12 2023 01: +0,1686528000
3.305,10,Jun 12 2023 02: +0,1686531600
3.289,8,Jun 12 2023 04: +0,1686538800
3.705,6,Jun 12 2023 05: +0,1686542400
3.751,10,Jun 12 2023 06: +0,1686546000
3.292,5,Jun 12 2023 07: +0,1686549600
3.296,8,Jun 12 2023 08: +0,1686553200
3.774,8,Jun 12 2023 09: +0,1686556800
3.289,8,Jun 12 2023 10: +0,1686560400
3.273,4,Jun 12 2023 11: +0,1686564000
3.391,2,Jun 12 2023 12: +0,1686567600
3.292,6,Jun 12 2023 13: +0,1686571200
3.317,16,Jun 12 2023 14: +0,1686574800
3.293,19,Jun 12 2023 15: +0,1686578400
3.301,6,Jun 12 2023 16: +0,1686582000
3.648,24,Jun 12 2023 17: +0,1686585600
3.4,5,Jun 12 2023 18: +0,1686589200
3.464,6,Jun 12 2023 19: +0,1686592800
3.289,10,Jun 12 2023 20: +0,1686596400
3.226,7,Jun 12 2023 21: +0,1686600000
2.845,6,Jun 12 2023 22: +0,1686603600
3.313,5,Jun 12 2023 23: +0,1686607200
3.289,6,Jun 13 2023 00: +0,1686610800
3.289,6,Jun 13 2023 01: +0,1686614400
3.486,8,Jun 13 2023 02: +0,1686618000
3.636,3,Jun 13 2023 03: +0,1686621600
3.652,8,Jun 13 2023 04: +0,1686625200
3.194,1,Jun 13 2023 05: +0,1686628800
2.812,1,Jun 13 2023 06: +0,1686632400
3.613,9,Jun 13 2023 07: +0,1686636000
3.681,1,Jun 13 2023 08: +0,1686639600
3.424,6,Jun 13 2023 09: +0,1686643200
3.298,7,Jun 13 2023 10: +0,1686646800
0.848,1,Jun 13 2023 11: +0,1686650400
3.227,1,Jun 13 2023 12: +0,1686654000
3.53,15,Jun 13 2023 13: +0,1686657600
3.668,17,Jun 13 2023 14: +0,1686661200
3.681,12,Jun 13 2023 15: +0,1686664800
3.295,7,Jun 13 2023 16: +0,1686668400
3.35,11,Jun 13 2023 17: +0,1686672000
3.519,3,Jun 13 2023 18: +0,1686675600
3.384,4,Jun 13 2023 19: +0,1686679200
3.686,8,Jun 13 2023 20: +0,1686682800
3.289,7,Jun 13 2023 21: +0,1686686400
3.432,2,Jun 13 2023 22: +0,1686690000
3.3,4,Jun 13 2023 23: +0,1686693600
2.095,2,Jun 14 2023 00: +0,1686697200
3.313,3,Jun 14 2023 01: +0,1686700800
3.3,5,Jun 14 2023 02: +0,1686704400
2.067,4,Jun 14 2023 03: +0,1686708000
3.356,4,Jun 14 2023 04: +0,1686711600
2.39,4,Jun 14 2023 05: +0,1686715200
3.321,5,Jun 14 2023 06: +0,1686718800
2.094,6,Jun 14 2023 07: +0,1686722400
3.401,5,Jun 14 2023 08: +0,1686726000
3.321,12,Jun 14 2023 09: +0,1686729600
3.281,3,Jun 14 2023 10: +0,1686733200
3.321,3,Jun 14 2023 11: +0,1686736800
3.312,8,Jun 14 2023 12: +0,1686740400
2.078,4,Jun 14 2023 13: +0,1686744000
3.262,6,Jun 14 2023 14: +0,1686747600
3.636,11,Jun 14 2023 15: +0,1686751200
3.665,14,Jun 14 2023 16: +0,1686754800
3.234,7,Jun 14 2023 17: +0,1686758400
3.14,8,Jun 14 2023 18: +0,1686762000
3.355,6,Jun 14 2023 19: +0,1686765600
3.502,6,Jun 14 2023 20: +0,1686769200
3.313,15,Jun 14 2023 21: +0,1686772800
3.6,6,Jun 14 2023 22: +0,1686776400
3.313,6,Jun 14 2023 23: +0,1686780000
3.313,3,Jun 15 2023 00: +0,1686783600
3.238,4,Jun 15 2023 01: +0,1686787200
3.313,5,Jun 15 2023 02: +0,1686790800
3.234,3,Jun 15 2023 03: +0,1686794400
3.415,11,Jun 15 2023 04: +0,1686798000
3.471,4,Jun 15 2023 05: +0,1686801600
3.273,2,Jun 15 2023 06: +0,1686805200
3.273,1,Jun 15 2023 07: +0,1686808800
3.305,6,Jun 15 2023 08: +0,1686812400
0.855,5,Jun 15 2023 09: +0,1686816000
0.855,3,Jun 15 2023 10: +0,1686819600
0.863,3,Jun 15 2023 11: +0,1686823200
3.57,4,Jun 15 2023 12: +0,1686826800
3.526,4,Jun 15 2023 13: +0,1686830400
3.471,9,Jun 15 2023 14: +0,1686834000
3.354,2,Jun 15 2023 15: +0,1686837600
3.432,5,Jun 15 2023 16: +0,1686841200
3.163,6,Jun 15 2023 17: +0,1686844800
3.337,4,Jun 15 2023 18: +0,1686848400
3.596,11,Jun 15 2023 19: +0,1686852000
3.406,10,Jun 15 2023 20: +0,1686855600
3.705,8,Jun 15 2023 21: +0,1686859200
3.293,4,Jun 15 2023 22: +0,1686862800
3.512,9,Jun 15 2023 23: +0,1686866400
3.12,3,Jun 16 2023 01: +0,1686873600
3.136,2,Jun 16 2023 02: +0,1686877200
3.198,9,Jun 16 2023 03: +0,1686880800
3.298,8,Jun 16 2023 04: +0,1686884400
3.292,1,Jun 16 2023 05: +0,1686888000
3.456,7,Jun 16 2023 06: +0,1686891600
0.874,1,Jun 16 2023 07: +0,1686895200
0.874,5,Jun 16 2023 08: +0,1686898800
3.267,4,Jun 16 2023 09: +0,1686902400
3.268,10,Jun 16 2023 10: +0,1686906000
3.299,1,Jun 16 2023 12: +0,1686913200
3.409,5,Jun 16 2023 13: +0,1686916800
3.294,3,Jun 16 2023 14: +0,1686920400
3.292,5,Jun 16 2023 15: +0,1686924000
3.299,6,Jun 16 2023 16: +0,1686927600
3.308,3,Jun 16 2023 17: +0,1686931200
3.308,5,Jun 16 2023 18: +0,1686934800
3.26,5,Jun 16 2023 19: +0,1686938400
3.301,5,Jun 16 2023 20: +0,1686942000
3.51,7,Jun 16 2023 21: +0,1686945600
3.584,5,Jun 16 2023 22: +0,1686949200
3.354,4,Jun 16 2023 23: +0,1686952800
3.299,2,Jun 17 2023 00: +0,1686956400
3.51,1,Jun 17 2023 01: +0,1686960000
3.568,5,Jun 17 2023 02: +0,1686963600
3.551,1,Jun 17 2023 03: +0,1686967200
3.549,1,Jun 17 2023 04: +0,1686970800
3.588,15,Jun 17 2023 05: +0,1686974400
3.316,1,Jun 17 2023 06: +0,1686978000
3.218,2,Jun 17 2023 07: +0,1686981600
3.546,1,Jun 17 2023 08: +0,1686985200
2.081,2,Jun 17 2023 09: +0,1686988800
2.385,2,Jun 17 2023 10: +0,1686992400
3.299,5,Jun 17 2023 11: +0,1686996000
3.497,9,Jun 17 2023 12: +0,1686999600
3.629,12,Jun 17 2023 13: +0,1687003200
0.854,3,Jun 17 2023 14: +0,1687006800
3.323,4,Jun 17 2023 15: +0,1687010400
3.284,10,Jun 17 2023 16: +0,1687014000
3.456,13,Jun 17 2023 17: +0,1687017600
3.435,12,Jun 17 2023 18: +0,1687021200
3.493,9,Jun 17 2023 19: +0,1687024800
3.424,3,Jun 17 2023 20: +0,1687028400
3.289,8,Jun 17 2023 21: +0,1687032000
3.143,3,Jun 17 2023 22: +0,1687035600
3.461,12,Jun 17 2023 23: +0,1687039200
3.498,5,Jun 18 2023 00: +0,1687042800
3.612,12,Jun 18 2023 01: +0,1687046400
2.642,1,Jun 18 2023 02: +0,1687050000
3.645,11,Jun 18 2023 04: +0,1687057200
3.237,16,Jun 18 2023 07: +0,1687068000
3.223,2,Jun 18 2023 08: +0,1687071600
3.205,2,Jun 18 2023 09: +0,1687075200
3.228,12,Jun 18 2023 10: +0,1687078800
3.227,2,Jun 18 2023 11: +0,1687082400
3.112,2,Jun 18 2023 12: +0,1687086000
3.159,9,Jun 18 2023 13: +0,1687089600
3.436,1,Jun 18 2023 14: +0,1687093200
3.172,10,Jun 18 2023 15: +0,1687096800
3.522,8,Jun 18 2023 16: +0,1687100400
3.409,5,Jun 18 2023 17: +0,1687104000
3.231,6,Jun 18 2023 18: +0,1687107600
3.228,16,Jun 18 2023 19: +0,1687111200
3.163,4,Jun 18 2023 20: +0,1687114800
3.109,4,Jun 18 2023 21: +0,1687118400
1.923,2,Jun 18 2023 22: +0,1687122000
3.12,3,Jun 18 2023 23: +0,1687125600
3.488,6,Jun 19 2023 00: +0,1687129200
3.608,15,Jun 19 2023 01: +0,1687132800
3.198,1,Jun 19 2023 03: +0,1687140000
3.198,1,Jun 19 2023 04: +0,1687143600
3.206,3,Jun 19 2023 05: +0,1687147200
2.955,1,Jun 19 2023 06: +0,1687150800
3.591,2,Jun 19 2023 07: +0,1687154400
3.411,6,Jun 19 2023 08: +0,1687158000
2.988,3,Jun 19 2023 09: +0,1687161600
3.19,6,Jun 19 2023 10: +0,1687165200
3.364,10,Jun 19 2023 11: +0,1687168800
3.19,3,Jun 19 2023 12: +0,1687172400
0.879,9,Jun 19 2023 13: +0,1687176000
3.268,11,Jun 19 2023 14: +0,1687179600
2.02,4,Jun 19 2023 15: +0,1687183200
3.299,7,Jun 19 2023 16: +0,1687186800
3.374,12,Jun 19 2023 17: +0,1687190400
3.322,12,Jun 19 2023 19: +0,1687197600
3.209,6,Jun 19 2023 20: +0,1687201200
3.592,4,Jun 19 2023 22: +0,1687208400
3.492,8,Jun 20 2023 00: +0,1687215600
3.604,12,Jun 20 2023 01: +0,1687219200
0.862,3,Jun 20 2023 02: +0,1687222800
2.858,4,Jun 20 2023 03: +0,1687226400
3.629,6,Jun 20 2023 04: +0,1687230000
3.195,1,Jun 20 2023 05: +0,1687233600
3.195,3,Jun 20 2023 07: +0,1687240800
3.549,5,Jun 20 2023 08: +0,1687244400
3.325,4,Jun 20 2023 09: +0,1687248000
0.881,7,Jun 20 2023 10: +0,1687251600
2.256,2,Jun 20 2023 11: +0,1687255200
0.88,6,Jun 20 2023 12: +0,1687258800
3.449,21,Jun 20 2023 13: +0,1687262400
2.484,7,Jun 20 2023 14: +0,1687266000
3.399,10,Jun 20 2023 15: +0,1687269600
3.463,10,Jun 20 2023 16: +0,1687273200
3.492,10,Jun 20 2023 17: +0,1687276800
3.234,6,Jun 20 2023 18: +0,1687280400
3.445,3,Jun 20 2023 19: +0,1687284000
3.462,9,Jun 20 2023 20: +0,1687287600
2.03,2,Jun 20 2023 21: +0,1687291200
3.195,1,Jun 20 2023 22: +0,1687294800
3.441,6,Jun 21 2023 00: +0,1687302000
3.148,3,Jun 21 2023 01: +0,1687305600
3.195,1,Jun 21 2023 02: +0,1687309200
3.195,1,Jun 21 2023 03: +0,1687312800
3.195,3,Jun 21 2023 04: +0,1687316400
2.542,5,Jun 21 2023 05: +0,1687320000
3.265,11,Jun 21 2023 06: +0,1687323600
3.171,5,Jun 21 2023 08: +0,1687330800
3.155,6,Jun 21 2023 09: +0,1687334400
3.213,2,Jun 21 2023 10: +0,1687338000
3.265,11,Jun 21 2023 11: +0,1687341600
2.937,2,Jun 21 2023 12: +0,1687345200
3.14,7,Jun 21 2023 13: +0,1687348800
3.258,3,Jun 21 2023 14: +0,1687352400
3.267,11,Jun 21 2023 15: +0,1687356000
3.206,8,Jun 21 2023 16: +0,1687359600
3.355,6,Jun 21 2023 17: +0,1687363200
3.257,10,Jun 21 2023 18: +0,1687366800
3.039,2,Jun 21 2023 19: +0,1687370400
3.258,1,Jun 21 2023 20: +0,1687374000
3.072,8,Jun 21 2023 21: +0,1687377600
3.011,1,Jun 21 2023 22: +0,1687381200
3.187,3,Jun 21 2023 23: +0,1687384800
3.336,9,Jun 22 2023 00: +0,1687388400
3.116,4,Jun 22 2023 01: +0,1687392000
2.972,2,Jun 22 2023 02: +0,1687395600
3.116,1,Jun 22 2023 03: +0,1687399200
0.857,1,Jun 22 2023 04: +0,1687402800
3.769,7,Jun 22 2023 05: +0,1687406400
0.855,5,Jun 22 2023 06: +0,1687410000
3.319,4,Jun 22 2023 07: +0,1687413600
3.5,11,Jun 22 2023 08: +0,1687417200
0.857,1,Jun 22 2023 09: +0,1687420800
3.597,8,Jun 22 2023 10: +0,1687424400
3.274,10,Jun 22 2023 11: +0,1687428000
3.478,8,Jun 22 2023 12: +0,1687431600
3.447,8,Jun 22 2023 13: +0,1687435200
3.105,2,Jun 22 2023 14: +0,1687438800
3.411,16,Jun 22 2023 15: +0,1687442400
3.193,6,Jun 22 2023 16: +0,1687446000
3.01,4,Jun 22 2023 17: +0,1687449600
3.075,3,Jun 22 2023 18: +0,1687453200
3.498,17,Jun 22 2023 19: +0,1687456800
3.66,6,Jun 22 2023 20: +0,1687460400
3.004,3,Jun 22 2023 21: +0,1687464000
2.176,2,Jun 22 2023 22: +0,1687467600
3.504,6,Jun 22 2023 23: +0,1687471200
3.665,1,Jun 23 2023 00: +0,1687474800
3.146,3,Jun 23 2023 01: +0,1687478400
3.308,10,Jun 23 2023 02: +0,1687482000
3.185,2,Jun 23 2023 03: +0,1687485600
3.165,3,Jun 23 2023 04: +0,1687489200
3.23,2,Jun 23 2023 05: +0,1687492800
3.26,2,Jun 23 2023 06: +0,1687496400
3.193,10,Jun 23 2023 07: +0,1687500000
3.337,16,Jun 23 2023 08: +0,1687503600
3.185,4,Jun 23 2023 09: +0,1687507200
3.32,2,Jun 23 2023 10: +0,1687510800
2.068,2,Jun 23 2023 11: +0,1687514400
3.223,2,Jun 23 2023 12: +0,1687518000
2.68,1,Jun 23 2023 13: +0,1687521600
3.13,11,Jun 23 2023 14: +0,1687525200
3.116,9,Jun 23 2023 15: +0,1687528800
3.162,13,Jun 23 2023 16: +0,1687532400
3.161,6,Jun 23 2023 17: +0,1687536000
3.124,7,Jun 23 2023 18: +0,1687539600
2.758,9,Jun 23 2023 19: +0,1687543200
3.067,8,Jun 23 2023 20: +0,1687546800
3.258,10,Jun 23 2023 21: +0,1687550400
3.307,13,Jun 23 2023 22: +0,1687554000
3.099,3,Jun 23 2023 23: +0,1687557600
3.163,2,Jun 24 2023 00: +0,1687561200
3.112,4,Jun 24 2023 01: +0,1687564800
3.374,10,Jun 24 2023 02: +0,1687568400
3.28,4,Jun 24 2023 03: +0,1687572000
3.146,1,Jun 24 2023 04: +0,1687575600
3.107,3,Jun 24 2023 05: +0,1687579200
3.162,2,Jun 24 2023 06: +0,1687582800
3.075,7,Jun 24 2023 07: +0,1687586400
0.793,3,Jun 24 2023 08: +0,1687590000
3.107,6,Jun 24 2023 09: +0,1687593600
3.179,14,Jun 24 2023 10: +0,1687597200
3.272,5,Jun 24 2023 11: +0,1687600800
3.177,2,Jun 24 2023 12: +0,1687604400
3.217,4,Jun 24 2023 13: +0,1687608000
3.138,7,Jun 24 2023 14: +0,1687611600
3.114,7,Jun 24 2023 15: +0,1687615200
3.152,11,Jun 24 2023 16: +0,1687618800
2.976,8,Jun 24 2023 17: +0,1687622400
3.201,2,Jun 24 2023 18: +0,1687626000
0.866,4,Jun 24 2023 19: +0,1687629600
2.029,6,Jun 24 2023 20: +0,1687633200
3.224,2,Jun 24 2023 21: +0,1687636800
3.099,4,Jun 24 2023 22: +0,1687640400
3.154,2,Jun 24 2023 23: +0,1687644000
3.091,4,Jun 25 2023 00: +0,1687647600
3.185,3,Jun 25 2023 01: +0,1687651200
3.114,3,Jun 25 2023 02: +0,1687654800
3.147,8,Jun 25 2023 03: +0,1687658400
3.27,16,Jun 25 2023 04: +0,1687662000
2.707,2,Jun 25 2023 05: +0,1687665600
3.118,2,Jun 25 2023 06: +0,1687669200
3.051,5,Jun 25 2023 07: +0,1687672800
3.142,6,Jun 25 2023 08: +0,1687676400
3.041,6,Jun 25 2023 09: +0,1687680000
3.138,14,Jun 25 2023 10: +0,1687683600
3.449,11,Jun 25 2023 11: +0,1687687200
3.358,12,Jun 25 2023 12: +0,1687690800
3.091,3,Jun 25 2023 13: +0,1687694400
3.02,5,Jun 25 2023 14: +0,1687698000
3.036,3,Jun 25 2023 15: +0,1687701600
3.162,3,Jun 25 2023 16: +0,1687705200
3.26,10,Jun 25 2023 17: +0,1687708800
3.384,15,Jun 25 2023 18: +0,1687712400
3.028,6,Jun 25 2023 19: +0,1687716000
2.981,9,Jun 25 2023 20: +0,1687719600
3.036,4,Jun 25 2023 21: +0,1687723200
2.978,3,Jun 25 2023 22: +0,1687726800
1.915,2,Jun 25 2023 23: +0,1687730400
0.857,3,Jun 26 2023 01: +0,1687737600
3.633,1,Jun 26 2023 02: +0,1687741200
3.649,19,Jun 26 2023 03: +0,1687744800
3.146,1,Jun 26 2023 04: +0,1687748400
3.094,3,Jun 26 2023 05: +0,1687752000
3.347,1,Jun 26 2023 06: +0,1687755600
3.063,3,Jun 26 2023 07: +0,1687759200
3.146,7,Jun 26 2023 08: +0,1687762800
3.251,1,Jun 26 2023 09: +0,1687766400
2.597,1,Jun 26 2023 10: +0,1687770000
3.058,3,Jun 26 2023 11: +0,1687773600
3.1,2,Jun 26 2023 12: +0,1687777200
3.022,6,Jun 26 2023 13: +0,1687780800
3.005,6,Jun 26 2023 14: +0,1687784400
2.992,4,Jun 26 2023 15: +0,1687788000
3.444,15,Jun 26 2023 16: +0,1687791600
3.113,9,Jun 26 2023 17: +0,1687795200
2.713,3,Jun 26 2023 18: +0,1687798800
3.367,10,Jun 26 2023 19: +0,1687802400
3.056,2,Jun 26 2023 20: +0,1687806000
3.314,5,Jun 26 2023 21: +0,1687809600
3.033,3,Jun 26 2023 22: +0,1687813200
2.962,3,Jun 26 2023 23: +0,1687816800
2.978,2,Jun 27 2023 00: +0,1687820400
0.859,6,Jun 27 2023 01: +0,1687824000
3.199,2,Jun 27 2023 02: +0,1687827600
3.012,5,Jun 27 2023 05: +0,1687838400
4.149,2,Jun 27 2023 06: +0,1687842000
3.357,8,Jun 27 2023 08: +0,1687849200
0.859,1,Jun 27 2023 09: +0,1687852800
0.807,4,Jun 27 2023 10: +0,1687856400
0.841,3,Jun 27 2023 11: +0,1687860000
3.049,3,Jun 27 2023 12: +0,1687863600
0.71,1,Jun 27 2023 13: +0,1687867200
2.026,2,Jun 27 2023 14: +0,1687870800
3.179,11,Jun 27 2023 15: +0,1687874400
2.915,6,Jun 27 2023 16: +0,1687878000
3.129,9,Jun 27 2023 17: +0,1687881600
3.166,8,Jun 27 2023 18: +0,1687885200
3.307,15,Jun 27 2023 19: +0,1687888800
3.026,7,Jun 27 2023 20: +0,1687892400
3.026,7,Jun 27 2023 21: +0,1687896000
3.026,7,Jun 27 2023 22: +0,1687899600
3.05,3,Jun 27 2023 23: +0,1687903200
2.167,2,Jun 28 2023 00: +0,1687906800
2.968,2,Jun 28 2023 02: +0,1687914000
3.191,2,Jun 28 2023 03: +0,1687917600
3.495,5,Jun 28 2023 04: +0,1687921200
3.01,1,Jun 28 2023 05: +0,1687924800
3.15,2,Jun 28 2023 06: +0,1687928400
3.022,6,Jun 28 2023 07: +0,1687932000
0.897,3,Jun 28 2023 08: +0,1687935600
2.905,5,Jun 28 2023 09: +0,1687939200
2.982,4,Jun 28 2023 10: +0,1687942800
3.06,12,Jun 28 2023 11: +0,1687946400
3.187,4,Jun 28 2023 12: +0,1687950000
0.775,1,Jun 28 2023 13: +0,1687953600
3.016,10,Jun 28 2023 14: +0,1687957200
3.312,7,Jun 28 2023 15: +0,1687960800
2.994,3,Jun 28 2023 16: +0,1687964400
2.979,9,Jun 28 2023 17: +0,1687968000
3.145,10,Jun 28 2023 18: +0,1687971600
3.321,10,Jun 28 2023 19: +0,1687975200
0.854,8,Jun 28 2023 20: +0,1687978800
2.979,3,Jun 28 2023 21: +0,1687982400
3.224,9,Jun 28 2023 22: +0,1687986000
0.85,3,Jun 28 2023 23: +0,1687989600
2.601,2,Jun 29 2023 00: +0,1687993200
3.228,9,Jun 29 2023 01: +0,1687996800
2.991,2,Jun 29 2023 02: +0,1688000400
3.169,5,Jun 29 2023 03: +0,1688004000
3.145,1,Jun 29 2023 04: +0,1688007600
2.979,1,Jun 29 2023 05: +0,1688011200
2.969,4,Jun 29 2023 06: +0,1688014800
3.13,2,Jun 29 2023 07: +0,1688018400
2.979,4,Jun 29 2023 08: +0,1688022000
3.141,3,Jun 29 2023 09: +0,1688025600
2.963,3,Jun 29 2023 10: +0,1688029200
1.691,4,Jun 29 2023 11: +0,1688032800
3.146,7,Jun 29 2023 12: +0,1688036400
3.167,12,Jun 29 2023 13: +0,1688040000
3.423,3,Jun 29 2023 14: +0,1688043600
3.415,6,Jun 29 2023 15: +0,1688047200
2.693,2,Jun 29 2023 16: +0,1688050800
2.925,11,Jun 29 2023 17: +0,1688054400
2.891,3,Jun 29 2023 18: +0,1688058000
2.804,7,Jun 29 2023 19: +0,1688061600
2.885,6,Jun 29 2023 20: +0,1688065200
3.134,13,Jun 29 2023 21: +0,1688068800
3.033,4,Jun 29 2023 22: +0,1688072400
2.899,5,Jun 29 2023 23: +0,1688076000
2.838,4,Jun 30 2023 00: +0,1688079600
2.914,5,Jun 30 2023 01: +0,1688083200
3.387,3,Jun 30 2023 02: +0,1688086800
3.327,20,Jun 30 2023 03: +0,1688090400
2.904,4,Jun 30 2023 04: +0,1688094000
3.118,4,Jun 30 2023 05: +0,1688097600
2.901,3,Jun 30 2023 06: +0,1688101200
2.901,3,Jun 30 2023 07: +0,1688104800
2.875,12,Jun 30 2023 08: +0,1688108400
2.891,14,Jun 30 2023 09: +0,1688112000
2.788,3,Jun 30 2023 10: +0,1688115600
2.812,6,Jun 30 2023 11: +0,1688119200
2.923,5,Jun 30 2023 12: +0,1688122800
2.788,3,Jun 30 2023 13: +0,1688126400
3.382,1,Jun 30 2023 14: +0,1688130000
3.043,3,Jun 30 2023 15: +0,1688133600
2.597,4,Jun 30 2023 16: +0,1688137200
2.807,5,Jun 30 2023 17: +0,1688140800
2.873,12,Jun 30 2023 18: +0,1688144400
2.82,5,Jun 30 2023 19: +0,1688148000
2.594,11,Jun 30 2023 20: +0,1688151600
1.111,4,Jun 30 2023 21: +0,1688155200
2.925,9,Jun 30 2023 22: +0,1688158800
2.815,3,Jun 30 2023 23: +0,1688162400
2.904,3,Jul 01 2023 00: +0,1688166000
2.76,5,Jul 01 2023 01: +0,1688169600
2.823,3,Jul 01 2023 02: +0,1688173200
2.838,6,Jul 01 2023 03: +0,1688176800
2.767,2,Jul 01 2023 04: +0,1688180400
2.836,9,Jul 01 2023 05: +0,1688184000
3.028,5,Jul 01 2023 06: +0,1688187600
0.753,2,Jul 01 2023 07: +0,1688191200
2.849,2,Jul 01 2023 08: +0,1688194800
4.287,1,Jul 01 2023 09: +0,1688198400
2.821,5,Jul 01 2023 10: +0,1688202000
2.815,3,Jul 01 2023 11: +0,1688205600
2.982,10,Jul 01 2023 12: +0,1688209200
2.821,7,Jul 01 2023 13: +0,1688212800
2.821,12,Jul 01 2023 14: +0,1688216400
3.046,14,Jul 01 2023 15: +0,1688220000
2.17,5,Jul 01 2023 16: +0,1688223600
2.817,5,Jul 01 2023 17: +0,1688227200
0.849,3,Jul 01 2023 18: +0,1688230800
2.815,11,Jul 01 2023 19: +0,1688234400
3.098,4,Jul 01 2023 20: +0,1688238000
3.171,5,Jul 01 2023 22: +0,1688245200
1.807,4,Jul 01 2023 23: +0,1688248800
1.815,4,Jul 02 2023 00: +0,1688252400
0.662,5,Jul 02 2023 01: +0,1688256000
2.76,3,Jul 02 2023 02: +0,1688259600
2.681,1,Jul 02 2023 03: +0,1688263200
1.973,6,Jul 02 2023 04: +0,1688266800
2.791,7,Jul 02 2023 05: +0,1688270400
2.909,4,Jul 02 2023 06: +0,1688274000
2.775,2,Jul 02 2023 07: +0,1688277600
2.763,8,Jul 02 2023 08: +0,1688281200
2.121,9,Jul 02 2023 09: +0,1688284800
2.76,7,Jul 02 2023 10: +0,1688288400
1.746,2,Jul 02 2023 11: +0,1688292000
2.83,12,Jul 02 2023 12: +0,1688295600
2.76,5,Jul 02 2023 13: +0,1688299200
2.819,4,Jul 02 2023 14: +0,1688302800
2.76,5,Jul 02 2023 15: +0,1688306400
2.811,12,Jul 02 2023 16: +0,1688310000
2.776,4,Jul 02 2023 17: +0,1688313600
2.767,3,Jul 02 2023 18: +0,1688317200
2.748,14,Jul 02 2023 19: +0,1688320800
0.851,6,Jul 02 2023 20: +0,1688324400
2.901,5,Jul 02 2023 21: +0,1688328000
2.901,2,Jul 02 2023 22: +0,1688331600
1.756,6,Jul 02 2023 23: +0,1688335200
2.665,3,Jul 03 2023 00: +0,1688338800
2.681,5,Jul 03 2023 01: +0,1688342400
2.085,1,Jul 03 2023 02: +0,1688346000
2.715,5,Jul 03 2023 04: +0,1688353200
2.925,22,Jul 03 2023 05: +0,1688356800
2.922,10,Jul 03 2023 06: +0,1688360400
1.781,2,Jul 03 2023 07: +0,1688364000
1.792,2,Jul 03 2023 08: +0,1688367600
2.866,10,Jul 03 2023 09: +0,1688371200
0.851,6,Jul 03 2023 10: +0,1688374800
2.933,3,Jul 03 2023 11: +0,1688378400
2.602,5,Jul 03 2023 12: +0,1688382000
2.931,11,Jul 03 2023 13: +0,1688385600
2.692,3,Jul 03 2023 14: +0,1688389200
2.74,6,Jul 03 2023 15: +0,1688392800
2.698,6,Jul 03 2023 16: +0,1688396400
2.592,8,Jul 03 2023 17: +0,1688400000
2.519,3,Jul 03 2023 18: +0,1688403600
2.707,14,Jul 03 2023 19: +0,1688407200
2.511,6,Jul 03 2023 20: +0,1688410800
0.859,3,Jul 03 2023 21: +0,1688414400
2.3,5,Jul 03 2023 22: +0,1688418000
2.68,2,Jul 03 2023 23: +0,1688421600
2.68,3,Jul 04 2023 00: +0,1688425200
2.512,2,Jul 04 2023 01: +0,1688428800
0.647,1,Jul 04 2023 02: +0,1688432400
2.775,4,Jul 04 2023 03: +0,1688436000
0.81,3,Jul 04 2023 04: +0,1688439600
2.68,3,Jul 04 2023 05: +0,1688443200
0.808,2,Jul 04 2023 06: +0,1688446800
1.842,2,Jul 04 2023 07: +0,1688450400
2.719,5,Jul 04 2023 08: +0,1688454000
0.855,2,Jul 04 2023 09: +0,1688457600
2.654,1,Jul 04 2023 10: +0,1688461200
0.808,3,Jul 04 2023 11: +0,1688464800
0.851,5,Jul 04 2023 12: +0,1688468400
2.966,12,Jul 04 2023 13: +0,1688472000
2.653,4,Jul 04 2023 14: +0,1688475600
2.933,11,Jul 04 2023 15: +0,1688479200
2.811,7,Jul 04 2023 17: +0,1688486400
2.991,11,Jul 04 2023 18: +0,1688490000
2.573,3,Jul 04 2023 19: +0,1688493600
2.309,4,Jul 04 2023 20: +0,1688497200
3.206,3,Jul 04 2023 22: +0,1688504400
2.711,3,Jul 04 2023 23: +0,1688508000
3.223,11,Jul 05 2023 00: +0,1688511600
0.849,4,Jul 05 2023 01: +0,1688515200
2.979,5,Jul 05 2023 02: +0,1688518800
2.829,2,Jul 05 2023 03: +0,1688522400
2.764,2,Jul 05 2023 04: +0,1688526000
2.979,1,Jul 05 2023 05: +0,1688529600
2.359,3,Jul 05 2023 06: +0,1688533200
0.806,2,Jul 05 2023 07: +0,1688536800
2.897,11,Jul 05 2023 08: +0,1688540400
2.901,4,Jul 05 2023 09: +0,1688544000
3.011,12,Jul 05 2023 10: +0,1688547600
2.68,3,Jul 05 2023 11: +0,1688551200
2.68,2,Jul 05 2023 12: +0,1688554800
2.921,11,Jul 05 2023 13: +0,1688558400
2.656,8,Jul 05 2023 14: +0,1688562000
2.913,15,Jul 05 2023 16: +0,1688569200
3.274,12,Jul 05 2023 17: +0,1688572800
3.466,2,Jul 05 2023 18: +0,1688576400
3.277,12,Jul 05 2023 19: +0,1688580000
3.274,3,Jul 05 2023 20: +0,1688583600
3.298,7,Jul 05 2023 21: +0,1688587200
3.281,10,Jul 05 2023 22: +0,1688590800
2.605,1,Jul 05 2023 23: +0,1688594400
2.494,1,Jul 06 2023 01: +0,1688601600
2.68,1,Jul 06 2023 02: +0,1688605200
2.68,3,Jul 06 2023 03: +0,1688608800
2.833,6,Jul 06 2023 04: +0,1688612400
2.672,3,Jul 06 2023 05: +0,1688616000
2.642,2,Jul 06 2023 06: +0,1688619600
2.68,3,Jul 06 2023 07: +0,1688623200
2.666,9,Jul 06 2023 08: +0,1688626800
1.724,2,Jul 06 2023 09: +0,1688630400
0.881,1,Jul 06 2023 11: +0,1688637600
2.761,5,Jul 06 2023 12: +0,1688641200
2.241,8,Jul 06 2023 13: +0,1688644800
2.386,7,Jul 06 2023 14: +0,1688648400
2.632,3,Jul 06 2023 15: +0,1688652000
1.77,2,Jul 06 2023 16: +0,1688655600
2.915,18,Jul 06 2023 17: +0,1688659200
3.462,15,Jul 06 2023 18: +0,1688662800
2.159,5,Jul 06 2023 19: +0,1688666400
2.676,1,Jul 06 2023 20: +0,1688670000
2.99,2,Jul 06 2023 21: +0,1688673600
1.282,6,Jul 06 2023 22: +0,1688677200
2.482,4,Jul 06 2023 23: +0,1688680800
3.622,12,Jul 07 2023 00: +0,1688684400
2.662,1,Jul 07 2023 01: +0,1688688000
2.653,1,Jul 07 2023 02: +0,1688691600
0.845,1,Jul 07 2023 03: +0,1688695200
2.747,5,Jul 07 2023 04: +0,1688698800
2.328,1,Jul 07 2023 05: +0,1688702400
4.065,10,Jul 07 2023 06: +0,1688706000
2.918,4,Jul 07 2023 09: +0,1688716800
2.927,8,Jul 07 2023 10: +0,1688720400
2.653,2,Jul 07 2023 11: +0,1688724000
3.732,7,Jul 07 2023 12: +0,1688727600
2.252,1,Jul 07 2023 13: +0,1688731200
2.635,3,Jul 07 2023 14: +0,1688734800
2.654,4,Jul 07 2023 15: +0,1688738400
2.651,4,Jul 07 2023 16: +0,1688742000
2.32,2,Jul 07 2023 17: +0,1688745600
2.555,3,Jul 07 2023 18: +0,1688749200
2.648,9,Jul 07 2023 19: +0,1688752800
3.915,5,Jul 07 2023 20: +0,1688756400
2.535,6,Jul 07 2023 21: +0,1688760000
0.862,5,Jul 07 2023 23: +0,1688767200
4.019,1,Jul 08 2023 00: +0,1688770800
0.862,3,Jul 08 2023 01: +0,1688774400
2.738,6,Jul 08 2023 02: +0,1688778000
2.42,2,Jul 08 2023 03: +0,1688781600
1.401,2,Jul 08 2023 05: +0,1688788800
2.378,1,Jul 08 2023 06: +0,1688792400
1.64,2,Jul 08 2023 07: +0,1688796000
4.045,5,Jul 08 2023 08: +0,1688799600
2.55,5,Jul 08 2023 09: +0,1688803200
2.59,3,Jul 08 2023 10: +0,1688806800
0.589,1,Jul 08 2023 12: +0,1688814000
2.582,3,Jul 08 2023 13: +0,1688817600
2.562,3,Jul 08 2023 14: +0,1688821200
3.032,2,Jul 08 2023 15: +0,1688824800
2.582,3,Jul 08 2023 16: +0,1688828400
2.576,2,Jul 08 2023 17: +0,1688832000
4.135,8,Jul 08 2023 18: +0,1688835600
3.531,2,Jul 08 2023 20: +0,1688842800
2.582,2,Jul 08 2023 21: +0,1688846400
0.862,3,Jul 08 2023 22: +0,1688850000
0.862,5,Jul 09 2023 00: +0,1688857200
1.857,2,Jul 09 2023 01: +0,1688860800
4.35,7,Jul 09 2023 04: +0,1688871600
2.621,1,Jul 09 2023 05: +0,1688875200
2.621,1,Jul 09 2023 07: +0,1688882400
3.619,4,Jul 09 2023 08: +0,1688886000
3.627,6,Jul 09 2023 09: +0,1688889600
2.752,8,Jul 09 2023 10: +0,1688893200
2.768,2,Jul 09 2023 11: +0,1688896800
2.605,4,Jul 09 2023 12: +0,1688900400
2.486,3,Jul 09 2023 13: +0,1688904000
0.649,5,Jul 09 2023 14: +0,1688907600
2.486,10,Jul 09 2023 15: +0,1688911200
0.875,3,Jul 09 2023 16: +0,1688914800
2.604,2,Jul 09 2023 17: +0,1688918400
2.452,4,Jul 09 2023 18: +0,1688922000
2.605,3,Jul 09 2023 19: +0,1688925600
4.887,5,Jul 09 2023 20: +0,1688929200
1.646,4,Jul 09 2023 21: +0,1688932800
0.837,2,Jul 09 2023 22: +0,1688936400
0.837,4,Jul 10 2023 00: +0,1688943600
2.565,3,Jul 10 2023 01: +0,1688947200
2.569,1,Jul 10 2023 02: +0,1688950800
2.542,3,Jul 10 2023 03: +0,1688954400
1.55,1,Jul 10 2023 04: +0,1688958000
1.698,2,Jul 10 2023 05: +0,1688961600
2.549,1,Jul 10 2023 07: +0,1688968800
2.565,2,Jul 10 2023 08: +0,1688972400
0.807,2,Jul 10 2023 09: +0,1688976000
1.246,2,Jul 10 2023 10: +0,1688979600
2.557,2,Jul 10 2023 11: +0,1688983200
2.567,4,Jul 10 2023 13: +0,1688990400
2.552,2,Jul 10 2023 14: +0,1688994000
2.568,2,Jul 10 2023 15: +0,1688997600
2.549,7,Jul 10 2023 16: +0,1689001200
2.549,3,Jul 10 2023 17: +0,1689004800
2.549,2,Jul 10 2023 19: +0,1689012000
0.85,1,Jul 10 2023 20: +0,1689015600
2.549,3,Jul 10 2023 21: +0,1689019200
2.56,2,Jul 10 2023 22: +0,1689022800
2.57,2,Jul 10 2023 23: +0,1689026400
2.58,3,Jul 11 2023 00: +0,1689030000
2.603,1,Jul 11 2023 02: +0,1689037200
2.36,2,Jul 11 2023 03: +0,1689040800
2.603,2,Jul 11 2023 04: +0,1689044400
2.665,13,Jul 11 2023 05: +0,1689048000
2.311,3,Jul 11 2023 06: +0,1689051600
2.973,7,Jul 11 2023 07: +0,1689055200
2.557,4,Jul 11 2023 08: +0,1689058800
2.603,5,Jul 11 2023 09: +0,1689062400
2.657,15,Jul 11 2023 10: +0,1689066000
2.883,11,Jul 11 2023 11: +0,1689069600
2.538,10,Jul 11 2023 12: +0,1689073200
2.549,4,Jul 11 2023 13: +0,1689076800
2.923,15,Jul 11 2023 14: +0,1689080400
2.762,12,Jul 11 2023 15: +0,1689084000
2.449,3,Jul 11 2023 16: +0,1689087600
2.861,2,Jul 11 2023 17: +0,1689091200
2.763,7,Jul 11 2023 18: +0,1689094800
2.764,9,Jul 11 2023 19: +0,1689098400
2.561,5,Jul 11 2023 20: +0,1689102000
2.71,4,Jul 11 2023 21: +0,1689105600
2.449,6,Jul 11 2023 22: +0,1689109200
2.538,2,Jul 11 2023 23: +0,1689112800
2.519,1,Jul 12 2023 00: +0,1689116400
2.534,1,Jul 12 2023 01: +0,1689120000
2.542,5,Jul 12 2023 02: +0,1689123600
2.542,3,Jul 12 2023 03: +0,1689127200
2.542,2,Jul 12 2023 04: +0,1689130800
1.771,1,Jul 12 2023 05: +0,1689134400
2.759,8,Jul 12 2023 06: +0,1689138000
2.6,4,Jul 12 2023 07: +0,1689141600
2.888,5,Jul 12 2023 08: +0,1689145200
2.611,3,Jul 12 2023 09: +0,1689148800
2.67,9,Jul 12 2023 10: +0,1689152400
2.534,5,Jul 12 2023 11: +0,1689156000
2.716,16,Jul 12 2023 12: +0,1689159600
2.695,6,Jul 12 2023 13: +0,1689163200
2.534,3,Jul 12 2023 14: +0,1689166800
2.75,9,Jul 12 2023 15: +0,1689170400
2.775,6,Jul 12 2023 16: +0,1689174000
2.542,6,Jul 12 2023 17: +0,1689177600
0.856,4,Jul 12 2023 18: +0,1689181200
2.486,12,Jul 12 2023 19: +0,1689184800
2.505,3,Jul 12 2023 20: +0,1689188400
2.573,4,Jul 12 2023 21: +0,1689192000
2.538,3,Jul 12 2023 22: +0,1689195600
2.508,4,Jul 12 2023 23: +0,1689199200
1.761,2,Jul 13 2023 00: +0,1689202800
1.199,2,Jul 13 2023 01: +0,1689206400
2.446,2,Jul 13 2023 02: +0,1689210000
2.681,7,Jul 13 2023 03: +0,1689213600
2.538,5,Jul 13 2023 04: +0,1689217200
2.829,2,Jul 13 2023 05: +0,1689220800
2.894,21,Jul 13 2023 06: +0,1689224400
3.139,13,Jul 13 2023 07: +0,1689228000
2.791,2,Jul 13 2023 08: +0,1689231600
2.582,2,Jul 13 2023 09: +0,1689235200
2.344,8,Jul 13 2023 10: +0,1689238800
2.538,8,Jul 13 2023 11: +0,1689242400
2.716,16,Jul 13 2023 12: +0,1689246000
2.58,9,Jul 13 2023 13: +0,1689249600
2.889,12,Jul 13 2023 14: +0,1689253200
2.893,9,Jul 13 2023 15: +0,1689256800
2.772,1,Jul 13 2023 16: +0,1689260400
2.596,2,Jul 13 2023 17: +0,1689264000
1.685,4,Jul 13 2023 18: +0,1689267600
1.362,3,Jul 13 2023 19: +0,1689271200
2.562,2,Jul 13 2023 20: +0,1689274800
2.597,3,Jul 13 2023 21: +0,1689278400
2.562,7,Jul 13 2023 22: +0,1689282000
0.854,6,Jul 13 2023 23: +0,1689285600
2.719,5,Jul 14 2023 00: +0,1689289200
2.912,3,Jul 14 2023 01: +0,1689292800
2.721,4,Jul 14 2023 02: +0,1689296400
2.562,1,Jul 14 2023 03: +0,1689300000
3.108,1,Jul 14 2023 06: +0,1689310800
2.531,2,Jul 14 2023 07: +0,1689314400
2.558,3,Jul 14 2023 08: +0,1689318000
2.56,6,Jul 14 2023 09: +0,1689321600
0.85,1,Jul 14 2023 10: +0,1689325200
2.742,10,Jul 14 2023 11: +0,1689328800
2.562,8,Jul 14 2023 12: +0,1689332400
2.485,6,Jul 14 2023 13: +0,1689336000
2.608,11,Jul 14 2023 14: +0,1689339600
2.558,3,Jul 14 2023 15: +0,1689343200
0.85,3,Jul 14 2023 16: +0,1689346800
1.655,10,Jul 14 2023 17: +0,1689350400
2.335,8,Jul 14 2023 18: +0,1689354000
2.655,2,Jul 14 2023 19: +0,1689357600
2.453,7,Jul 14 2023 20: +0,1689361200
2.556,14,Jul 14 2023 21: +0,1689364800
2.71,16,Jul 14 2023 22: +0,1689368400
2.747,11,Jul 14 2023 23: +0,1689372000
3.186,8,Jul 15 2023 00: +0,1689375600
2.57,22,Jul 15 2023 01: +0,1689379200
2.57,3,Jul 15 2023 02: +0,1689382800
0.791,5,Jul 15 2023 03: +0,1689386400
2.57,3,Jul 15 2023 04: +0,1689390000
2.614,4,Jul 15 2023 06: +0,1689397200
2.743,10,Jul 15 2023 07: +0,1689400800
2.738,3,Jul 15 2023 08: +0,1689404400
2.658,8,Jul 15 2023 09: +0,1689408000
1.713,4,Jul 15 2023 10: +0,1689411600
0.85,7,Jul 15 2023 11: +0,1689415200
2.579,3,Jul 15 2023 12: +0,1689418800
0.85,5,Jul 15 2023 13: +0,1689422400
2.673,9,Jul 15 2023 14: +0,1689426000
2.618,2,Jul 15 2023 15: +0,1689429600
2.465,1,Jul 15 2023 16: +0,1689433200
2.717,23,Jul 15 2023 17: +0,1689436800
2.522,3,Jul 15 2023 18: +0,1689440400
2.724,42,Jul 15 2023 19: +0,1689444000
2.748,11,Jul 15 2023 20: +0,1689447600
2.486,4,Jul 15 2023 21: +0,1689451200
2.698,7,Jul 15 2023 22: +0,1689454800
2.348,1,Jul 16 2023 01: +0,1689465600
2.289,3,Jul 16 2023 02: +0,1689469200
2.73,8,Jul 16 2023 03: +0,1689472800
2.747,19,Jul 16 2023 05: +0,1689480000
2.75,8,Jul 16 2023 06: +0,1689483600
2.621,2,Jul 16 2023 07: +0,1689487200
2.69,3,Jul 16 2023 08: +0,1689490800
2.236,3,Jul 16 2023 09: +0,1689494400
0.86,7,Jul 16 2023 10: +0,1689498000
2.51,4,Jul 16 2023 11: +0,1689501600
1.688,4,Jul 16 2023 12: +0,1689505200
2.604,2,Jul 16 2023 13: +0,1689508800
2.6,6,Jul 16 2023 14: +0,1689512400
1.838,2,Jul 16 2023 15: +0,1689516000
2.518,7,Jul 16 2023 16: +0,1689519600
2.64,5,Jul 16 2023 17: +0,1689523200
3.041,10,Jul 16 2023 18: +0,1689526800
2.157,7,Jul 16 2023 19: +0,1689530400
2.747,17,Jul 16 2023 20: +0,1689534000
2.732,5,Jul 16 2023 21: +0,1689537600
2.775,7,Jul 16 2023 22: +0,1689541200
2.839,1,Jul 16 2023 23: +0,1689544800
2.532,5,Jul 17 2023 00: +0,1689548400
2.518,3,Jul 17 2023 01: +0,1689552000
2.886,1,Jul 17 2023 02: +0,1689555600
1.689,1,Jul 17 2023 03: +0,1689559200
2.892,5,Jul 17 2023 04: +0,1689562800
2.518,4,Jul 17 2023 06: +0,1689570000
2.434,5,Jul 17 2023 07: +0,1689573600
2.518,3,Jul 17 2023 08: +0,1689577200
0.84,1,Jul 17 2023 09: +0,1689580800
2.236,3,Jul 17 2023 10: +0,1689584400
2.463,1,Jul 17 2023 11: +0,1689588000
2.627,4,Jul 17 2023 12: +0,1689591600
2.659,2,Jul 17 2023 13: +0,1689595200
0.853,3,Jul 17 2023 14: +0,1689598800
1.667,6,Jul 17 2023 15: +0,1689602400
2.733,1,Jul 17 2023 16: +0,1689606000
2.481,3,Jul 17 2023 17: +0,1689609600
2.749,9,Jul 17 2023 18: +0,1689613200
1.809,1,Jul 17 2023 19: +0,1689616800
2.472,2,Jul 17 2023 20: +0,1689620400
1.531,4,Jul 17 2023 21: +0,1689624000
2.377,2,Jul 17 2023 23: +0,1689631200
2.485,7,Jul 18 2023 00: +0,1689634800
2.818,1,Jul 18 2023 01: +0,1689638400
2.81,5,Jul 18 2023 03: +0,1689645600
2.488,1,Jul 18 2023 04: +0,1689649200
2.397,4,Jul 18 2023 05: +0,1689652800
2.825,17,Jul 18 2023 06: +0,1689656400
2.864,25,Jul 18 2023 07: +0,1689660000
0.85,1,Jul 18 2023 08: +0,1689663600
2.443,5,Jul 18 2023 09: +0,1689667200
2.67,9,Jul 18 2023 10: +0,1689670800
2.852,9,Jul 18 2023 11: +0,1689674400
0.829,3,Jul 18 2023 12: +0,1689678000
2.487,7,Jul 18 2023 13: +0,1689681600
0.839,6,Jul 18 2023 14: +0,1689685200
0.829,4,Jul 18 2023 15: +0,1689688800
2.877,17,Jul 18 2023 16: +0,1689692400
2.677,2,Jul 18 2023 17: +0,1689696000
2.479,4,Jul 18 2023 18: +0,1689699600
2.51,3,Jul 18 2023 19: +0,1689703200
2.509,12,Jul 18 2023 20: +0,1689706800
2.831,10,Jul 18 2023 21: +0,1689710400
1.814,4,Jul 18 2023 22: +0,1689714000
2.884,3,Jul 19 2023 00: +0,1689721200
2.885,3,Jul 19 2023 02: +0,1689728400
3.137,1,Jul 19 2023 03: +0,1689732000
2.485,6,Jul 19 2023 04: +0,1689735600
2.885,23,Jul 19 2023 05: +0,1689739200
2.846,4,Jul 19 2023 06: +0,1689742800
1.664,2,Jul 19 2023 08: +0,1689750000
2.482,3,Jul 19 2023 09: +0,1689753600
0.85,1,Jul 19 2023 10: +0,1689757200
0.86,5,Jul 19 2023 11: +0,1689760800
2.48,7,Jul 19 2023 12: +0,1689764400
2.75,2,Jul 19 2023 13: +0,1689768000
2.421,2,Jul 19 2023 14: +0,1689771600
0.85,7,Jul 19 2023 15: +0,1689775200
2.46,8,Jul 19 2023 16: +0,1689778800
0.83,5,Jul 19 2023 17: +0,1689782400
2.627,14,Jul 19 2023 18: +0,1689786000
2.479,2,Jul 19 2023 19: +0,1689789600
1.589,4,Jul 19 2023 20: +0,1689793200
1.615,2,Jul 19 2023 21: +0,1689796800
2.824,9,Jul 19 2023 22: +0,1689800400
2.688,4,Jul 20 2023 00: +0,1689807600
2.845,2,Jul 20 2023 01: +0,1689811200
2.385,2,Jul 20 2023 02: +0,1689814800
2.825,10,Jul 20 2023 03: +0,1689818400
2.334,1,Jul 20 2023 04: +0,1689822000
0.863,2,Jul 20 2023 05: +0,1689825600
1.896,2,Jul 20 2023 06: +0,1689829200
2.513,4,Jul 20 2023 07: +0,1689832800
0.873,1,Jul 20 2023 08: +0,1689836400
2.49,4,Jul 20 2023 09: +0,1689840000
2.572,6,Jul 20 2023 10: +0,1689843600
0.703,1,Jul 20 2023 11: +0,1689847200
2.824,13,Jul 20 2023 12: +0,1689850800
2.638,5,Jul 20 2023 13: +0,1689854400
2.513,3,Jul 20 2023 14: +0,1689858000
2.656,3,Jul 20 2023 15: +0,1689861600
2.815,11,Jul 20 2023 16: +0,1689865200
2.521,1,Jul 20 2023 17: +0,1689868800
1.652,4,Jul 20 2023 18: +0,1689872400
2.747,3,Jul 20 2023 19: +0,1689876000
2.813,10,Jul 20 2023 20: +0,1689879600
3.296,5,Jul 20 2023 21: +0,1689883200
2.586,2,Jul 20 2023 22: +0,1689886800
2.502,4,Jul 20 2023 23: +0,1689890400
2.408,2,Jul 21 2023 01: +0,1689897600
2.55,2,Jul 21 2023 02: +0,1689901200
2.521,1,Jul 21 2023 03: +0,1689904800
2.521,4,Jul 21 2023 04: +0,1689908400
2.685,3,Jul 21 2023 05: +0,1689912000
2.646,1,Jul 21 2023 06: +0,1689915600
2.684,1,Jul 21 2023 07: +0,1689919200
2.485,2,Jul 21 2023 08: +0,1689922800
2.381,3,Jul 21 2023 09: +0,1689926400
2.436,3,Jul 21 2023 10: +0,1689930000
2.593,2,Jul 21 2023 11: +0,1689933600
1.835,2,Jul 21 2023 12: +0,1689937200
1.755,3,Jul 21 2023 13: +0,1689940800
0.87,5,Jul 21 2023 14: +0,1689944400
2.529,9,Jul 21 2023 15: +0,1689948000
2.739,5,Jul 21 2023 16: +0,1689951600
2.62,4,Jul 21 2023 17: +0,1689955200
0.86,3,Jul 21 2023 18: +0,1689958800
2.482,3,Jul 21 2023 19: +0,1689962400
2.529,4,Jul 21 2023 20: +0,1689966000
2.797,16,Jul 21 2023 21: +0,1689969600
2.684,1,Jul 21 2023 22: +0,1689973200
2.698,4,Jul 21 2023 23: +0,1689976800
2.482,2,Jul 22 2023 00: +0,1689980400
1.689,2,Jul 22 2023 01: +0,1689984000
2.809,7,Jul 22 2023 02: +0,1689987600
1.968,3,Jul 22 2023 03: +0,1689991200
2.529,1,Jul 22 2023 04: +0,1689994800
2.622,9,Jul 22 2023 05: +0,1689998400
2.84,17,Jul 22 2023 06: +0,1690002000
0.7,3,Jul 22 2023 07: +0,1690005600
2.599,3,Jul 22 2023 08: +0,1690009200
0.85,4,Jul 22 2023 09: +0,1690012800
2.864,7,Jul 22 2023 10: +0,1690016400
0.86,3,Jul 22 2023 11: +0,1690020000
1.741,4,Jul 22 2023 12: +0,1690023600
2.692,7,Jul 22 2023 13: +0,1690027200
2.857,11,Jul 22 2023 14: +0,1690030800
2.857,10,Jul 22 2023 15: +0,1690034400
1.694,4,Jul 22 2023 16: +0,1690038000
2.545,1,Jul 22 2023 17: +0,1690041600
2.572,10,Jul 22 2023 18: +0,1690045200
0.84,1,Jul 22 2023 19: +0,1690048800
2.908,14,Jul 22 2023 20: +0,1690052400
2.907,14,Jul 22 2023 21: +0,1690056000
0.862,7,Jul 22 2023 22: +0,1690059600
2.551,3,Jul 22 2023 23: +0,1690063200
2.527,1,Jul 23 2023 01: +0,1690070400
2.512,3,Jul 23 2023 03: +0,1690077600
1.886,2,Jul 23 2023 04: +0,1690081200
2.916,3,Jul 23 2023 06: +0,1690088400
2.862,5,Jul 23 2023 07: +0,1690092000
2.488,3,Jul 23 2023 08: +0,1690095600
2.333,3,Jul 23 2023 09: +0,1690099200
0.852,6,Jul 23 2023 10: +0,1690102800
1.646,6,Jul 23 2023 11: +0,1690106400
2.574,1,Jul 23 2023 12: +0,1690110000
1.524,6,Jul 23 2023 13: +0,1690113600
2.84,11,Jul 23 2023 14: +0,1690117200
0.862,7,Jul 23 2023 15: +0,1690120800
2.52,3,Jul 23 2023 16: +0,1690124400
2.617,6,Jul 23 2023 17: +0,1690128000
2.59,8,Jul 23 2023 18: +0,1690131600
2.832,3,Jul 23 2023 19: +0,1690135200
2.574,5,Jul 23 2023 20: +0,1690138800
2.584,3,Jul 23 2023 21: +0,1690142400
2.702,8,Jul 23 2023 22: +0,1690146000
2.837,5,Jul 23 2023 23: +0,1690149600
2.851,6,Jul 24 2023 00: +0,1690153200
2.821,3,Jul 24 2023 01: +0,1690156800
2.84,5,Jul 24 2023 02: +0,1690160400
2.824,5,Jul 24 2023 03: +0,1690164000
2.557,5,Jul 24 2023 04: +0,1690167600
2.668,2,Jul 24 2023 05: +0,1690171200
0.862,1,Jul 24 2023 06: +0,1690174800
2.753,6,Jul 24 2023 07: +0,1690178400
1.14,2,Jul 24 2023 08: +0,1690182000
2.848,4,Jul 24 2023 09: +0,1690185600
2.85,9,Jul 24 2023 10: +0,1690189200
2.808,3,Jul 24 2023 11: +0,1690192800
2.804,6,Jul 24 2023 12: +0,1690196400
2.84,33,Jul 24 2023 13: +0,1690200000
2.857,8,Jul 24 2023 14: +0,1690203600
1.767,6,Jul 24 2023 15: +0,1690207200
2.875,8,Jul 24 2023 16: +0,1690210800
2.535,7,Jul 24 2023 17: +0,1690214400
0.842,7,Jul 24 2023 18: +0,1690218000
0.702,1,Jul 24 2023 19: +0,1690221600
2.527,5,Jul 24 2023 20: +0,1690225200
1.846,2,Jul 24 2023 21: +0,1690228800
2.673,2,Jul 24 2023 22: +0,1690232400
2.512,7,Jul 24 2023 23: +0,1690236000
2.574,4,Jul 25 2023 00: +0,1690239600
2.126,1,Jul 25 2023 01: +0,1690243200
2.529,2,Jul 25 2023 02: +0,1690246800
2.637,4,Jul 25 2023 03: +0,1690250400
2.574,3,Jul 25 2023 04: +0,1690254000
1.717,2,Jul 25 2023 05: +0,1690257600
0.7,1,Jul 25 2023 06: +0,1690261200
2.861,5,Jul 25 2023 07: +0,1690264800
2.871,9,Jul 25 2023 08: +0,1690268400
2.886,8,Jul 25 2023 09: +0,1690272000
2.613,2,Jul 25 2023 10: +0,1690275600
2.574,5,Jul 25 2023 11: +0,1690279200
2.574,3,Jul 25 2023 12: +0,1690282800
2.559,5,Jul 25 2023 13: +0,1690286400
2.877,15,Jul 25 2023 14: +0,1690290000
2.516,4,Jul 25 2023 15: +0,1690293600
2.601,8,Jul 25 2023 16: +0,1690297200
2.864,20,Jul 25 2023 17: +0,1690300800
2.852,2,Jul 25 2023 18: +0,1690304400
2.802,1,Jul 25 2023 19: +0,1690308000
2.895,17,Jul 25 2023 20: +0,1690311600
2.818,7,Jul 25 2023 21: +0,1690315200
1.697,2,Jul 25 2023 23: +0,1690322400
2.29,2,Jul 26 2023 00: +0,1690326000
0.645,1,Jul 26 2023 01: +0,1690329600
2.802,1,Jul 26 2023 02: +0,1690333200
2.81,13,Jul 26 2023 03: +0,1690336800
2.682,4,Jul 26 2023 04: +0,1690340400
2.713,6,Jul 26 2023 05: +0,1690344000
1.704,2,Jul 26 2023 07: +0,1690351200
2.82,4,Jul 26 2023 08: +0,1690354800
0.833,1,Jul 26 2023 09: +0,1690358400
2.555,1,Jul 26 2023 10: +0,1690362000
2.758,9,Jul 26 2023 11: +0,1690365600
1.913,4,Jul 26 2023 12: +0,1690369200
2.709,3,Jul 26 2023 13: +0,1690372800
0.833,1,Jul 26 2023 14: +0,1690376400
2.501,11,Jul 26 2023 15: +0,1690380000
1.707,9,Jul 26 2023 16: +0,1690383600
1.889,4,Jul 26 2023 17: +0,1690387200
2.539,10,Jul 26 2023 18: +0,1690390800
2.77,4,Jul 26 2023 19: +0,1690394400
2.713,1,Jul 26 2023 20: +0,1690398000
2.78,12,Jul 26 2023 21: +0,1690401600
2.827,3,Jul 26 2023 22: +0,1690405200
2.827,9,Jul 26 2023 23: +0,1690408800
2.715,6,Jul 27 2023 00: +0,1690412400
2.864,12,Jul 27 2023 01: +0,1690416000
2.884,8,Jul 27 2023 02: +0,1690419600
2.439,3,Jul 27 2023 03: +0,1690423200
2.926,15,Jul 27 2023 04: +0,1690426800
2.555,3,Jul 27 2023 07: +0,1690437600
1.711,6,Jul 27 2023 08: +0,1690441200
1.476,6,Jul 27 2023 09: +0,1690444800
2.826,1,Jul 27 2023 10: +0,1690448400
1.499,4,Jul 27 2023 11: +0,1690452000
0.839,6,Jul 27 2023 12: +0,1690455600
0.864,2,Jul 27 2023 13: +0,1690459200
2.568,3,Jul 27 2023 14: +0,1690462800
2.56,5,Jul 27 2023 15: +0,1690466400
2.774,9,Jul 27 2023 16: +0,1690470000
2.815,10,Jul 27 2023 17: +0,1690473600
2.88,31,Jul 27 2023 18: +0,1690477200
2.879,17,Jul 27 2023 19: +0,1690480800
1.943,2,Jul 27 2023 20: +0,1690484400
0.86,6,Jul 27 2023 21: +0,1690488000
2.879,3,Jul 27 2023 22: +0,1690491600
2.62,8,Jul 27 2023 23: +0,1690495200
2.447,6,Jul 28 2023 00: +0,1690498800
2.615,2,Jul 28 2023 01: +0,1690502400
2.84,7,Jul 28 2023 02: +0,1690506000
2.837,1,Jul 28 2023 03: +0,1690509600
2.817,3,Jul 28 2023 04: +0,1690513200
2.663,2,Jul 28 2023 05: +0,1690516800
2.482,1,Jul 28 2023 06: +0,1690520400
0.64,3,Jul 28 2023 07: +0,1690524000
2.868,11,Jul 28 2023 08: +0,1690527600
0.83,3,Jul 28 2023 09: +0,1690531200
1.331,4,Jul 28 2023 10: +0,1690534800
2.867,4,Jul 28 2023 11: +0,1690538400
2.877,7,Jul 28 2023 12: +0,1690542000
2.56,7,Jul 28 2023 13: +0,1690545600
2.841,6,Jul 28 2023 14: +0,1690549200
1.63,4,Jul 28 2023 15: +0,1690552800
2.538,4,Jul 28 2023 16: +0,1690556400
1.706,6,Jul 28 2023 17: +0,1690560000
2.039,2,Jul 28 2023 18: +0,1690563600
2.736,16,Jul 28 2023 19: +0,1690567200
2.846,3,Jul 28 2023 20: +0,1690570800
2.846,17,Jul 28 2023 21: +0,1690574400
2.899,16,Jul 28 2023 22: +0,1690578000
2.581,5,Jul 28 2023 23: +0,1690581600
2.898,2,Jul 29 2023 01: +0,1690588800
2.904,6,Jul 29 2023 02: +0,1690592400
2.904,6,Jul 29 2023 03: +0,1690596000
1.81,1,Jul 29 2023 04: +0,1690599600
2.707,5,Jul 29 2023 05: +0,1690603200
0.869,3,Jul 29 2023 06: +0,1690606800
0.869,4,Jul 29 2023 07: +0,1690610400
2.903,10,Jul 29 2023 08: +0,1690614000
2.752,10,Jul 29 2023 09: +0,1690617600
2.894,10,Jul 29 2023 10: +0,1690621200
0.848,1,Jul 29 2023 11: +0,1690624800
2.197,3,Jul 29 2023 12: +0,1690628400
2.89,23,Jul 29 2023 13: +0,1690632000
2.714,6,Jul 29 2023 14: +0,1690635600
2.581,9,Jul 29 2023 15: +0,1690639200
2.868,7,Jul 29 2023 16: +0,1690642800
2.56,5,Jul 29 2023 17: +0,1690646400
2.897,16,Jul 29 2023 18: +0,1690650000
2.93,10,Jul 29 2023 19: +0,1690653600
2.937,6,Jul 29 2023 20: +0,1690657200
2.92,11,Jul 29 2023 21: +0,1690660800
2.943,5,Jul 29 2023 22: +0,1690664400
2.544,2,Jul 29 2023 23: +0,1690668000
2.908,12,Jul 30 2023 00: +0,1690671600
2.951,11,Jul 30 2023 01: +0,1690675200
3.002,9,Jul 30 2023 02: +0,1690678800
2.648,2,Jul 30 2023 03: +0,1690682400
3.006,1,Jul 30 2023 04: +0,1690686000
3.008,4,Jul 30 2023 05: +0,1690689600
3.022,7,Jul 30 2023 06: +0,1690693200
2.749,6,Jul 30 2023 07: +0,1690696800
2.527,10,Jul 30 2023 08: +0,1690700400
2.067,2,Jul 30 2023 09: +0,1690704000
2.935,14,Jul 30 2023 10: +0,1690707600
1.731,4,Jul 30 2023 11: +0,1690711200
2.939,4,Jul 30 2023 12: +0,1690714800
2.573,10,Jul 30 2023 13: +0,1690718400
2.565,1,Jul 30 2023 14: +0,1690722000
3.314,10,Jul 30 2023 15: +0,1690725600
2.9,6,Jul 30 2023 16: +0,1690729200
2.977,14,Jul 30 2023 17: +0,1690732800
3.022,26,Jul 30 2023 18: +0,1690736400
2.939,2,Jul 30 2023 19: +0,1690740000
3.014,7,Jul 30 2023 20: +0,1690743600
3.03,10,Jul 30 2023 21: +0,1690747200
3.03,8,Jul 30 2023 22: +0,1690750800
3.099,2,Jul 30 2023 23: +0,1690754400
3.258,1,Jul 31 2023 00: +0,1690758000
3.075,8,Jul 31 2023 01: +0,1690761600
3.149,8,Jul 31 2023 02: +0,1690765200
3.049,2,Jul 31 2023 03: +0,1690768800
3.185,1,Jul 31 2023 04: +0,1690772400
0.879,2,Jul 31 2023 05: +0,1690776000
0.869,2,Jul 31 2023 06: +0,1690779600
0.707,1,Jul 31 2023 07: +0,1690783200
1.533,2,Jul 31 2023 08: +0,1690786800
3.014,3,Jul 31 2023 09: +0,1690790400
2.742,3,Jul 31 2023 10: +0,1690794000
2.692,6,Jul 31 2023 11: +0,1690797600
3.019,9,Jul 31 2023 12: +0,1690801200
2.653,7,Jul 31 2023 13: +0,1690804800
2.676,3,Jul 31 2023 14: +0,1690808400
0.869,3,Jul 31 2023 15: +0,1690812000
3.011,15,Jul 31 2023 16: +0,1690815600
2.861,2,Jul 31 2023 17: +0,1690819200
2.668,5,Jul 31 2023 18: +0,1690822800
3.181,15,Jul 31 2023 19: +0,1690826400
0.848,3,Jul 31 2023 20: +0,1690830000
2.851,4,Jul 31 2023 21: +0,1690833600
3.3,1,Jul 31 2023 22: +0,1690837200
2.746,3,Jul 31 2023 23: +0,1690840800
2.927,2,Aug 01 2023 00: +0,1690844400
2.998,12,Aug 01 2023 01: +0,1690848000
2.776,1,Aug 01 2023 02: +0,1690851600
2.778,3,Aug 01 2023 04: +0,1690858800
3.03,1,Aug 01 2023 05: +0,1690862400
2.817,2,Aug 01 2023 06: +0,1690866000
2.778,4,Aug 01 2023 07: +0,1690869600
1.857,2,Aug 01 2023 08: +0,1690873200
0.829,3,Aug 01 2023 09: +0,1690876800
2.761,5,Aug 01 2023 10: +0,1690880400
2.918,6,Aug 01 2023 11: +0,1690884000
2.964,19,Aug 01 2023 12: +0,1690887600
2.778,3,Aug 01 2023 13: +0,1690891200
2.646,7,Aug 01 2023 14: +0,1690894800
2.589,5,Aug 01 2023 15: +0,1690898400
2.983,11,Aug 01 2023 16: +0,1690902000
2.909,1,Aug 01 2023 17: +0,1690905600
2.961,9,Aug 01 2023 18: +0,1690909200
0.85,3,Aug 01 2023 19: +0,1690912800
0.85,1,Aug 01 2023 20: +0,1690916400
1.95,2,Aug 01 2023 21: +0,1690920000
0.854,3,Aug 01 2023 22: +0,1690923600
3.081,12,Aug 02 2023 00: +0,1690930800
3.053,1,Aug 02 2023 01: +0,1690934400
3.219,9,Aug 02 2023 02: +0,1690938000
2.743,4,Aug 02 2023 03: +0,1690941600
3.124,3,Aug 02 2023 04: +0,1690945200
0.874,2,Aug 02 2023 05: +0,1690948800
2.778,1,Aug 02 2023 06: +0,1690952400
1.808,4,Aug 02 2023 07: +0,1690956000
2.749,4,Aug 02 2023 08: +0,1690959600
2.687,2,Aug 02 2023 09: +0,1690963200
2.715,6,Aug 02 2023 10: +0,1690966800
2.756,7,Aug 02 2023 11: +0,1690970400
2.782,2,Aug 02 2023 12: +0,1690974000
2.742,3,Aug 02 2023 13: +0,1690977600
2.872,3,Aug 02 2023 14: +0,1690981200
2.739,5,Aug 02 2023 15: +0,1690984800
3.0,2,Aug 02 2023 16: +0,1690988400
2.739,3,Aug 02 2023 17: +0,1690992000
0.874,9,Aug 02 2023 18: +0,1690995600
2.995,20,Aug 02 2023 19: +0,1690999200
0.854,10,Aug 02 2023 20: +0,1691002800
2.683,7,Aug 02 2023 21: +0,1691006400
0.849,7,Aug 02 2023 22: +0,1691010000
1.936,2,Aug 03 2023 00: +0,1691017200
3.026,10,Aug 03 2023 01: +0,1691020800
2.51,1,Aug 03 2023 02: +0,1691024400
1.99,1,Aug 03 2023 03: +0,1691028000
3.068,9,Aug 03 2023 04: +0,1691031600
2.048,2,Aug 03 2023 05: +0,1691035200
2.728,8,Aug 03 2023 06: +0,1691038800
2.856,2,Aug 03 2023 08: +0,1691046000
1.759,2,Aug 03 2023 10: +0,1691053200
2.731,3,Aug 03 2023 11: +0,1691056800
0.869,3,Aug 03 2023 12: +0,1691060400
2.736,12,Aug 03 2023 13: +0,1691064000
3.038,8,Aug 03 2023 14: +0,1691067600
2.731,1,Aug 03 2023 15: +0,1691071200
3.038,12,Aug 03 2023 16: +0,1691074800
3.065,16,Aug 03 2023 17: +0,1691078400
1.8,10,Aug 03 2023 18: +0,1691082000
1.935,6,Aug 03 2023 19: +0,1691085600
0.869,7,Aug 03 2023 20: +0,1691089200
2.731,7,Aug 03 2023 21: +0,1691092800
3.014,8,Aug 03 2023 22: +0,1691096400
3.053,10,Aug 03 2023 23: +0,1691100000
1.721,2,Aug 04 2023 00: +0,1691103600
3.101,5,Aug 04 2023 01: +0,1691107200
2.731,5,Aug 04 2023 02: +0,1691110800
2.681,6,Aug 04 2023 04: +0,1691118000
2.732,2,Aug 04 2023 05: +0,1691121600
2.745,6,Aug 04 2023 06: +0,1691125200
2.735,6,Aug 04 2023 07: +0,1691128800
0.807,1,Aug 04 2023 08: +0,1691132400
2.959,9,Aug 04 2023 09: +0,1691136000
0.866,1,Aug 04 2023 11: +0,1691143200
2.573,5,Aug 04 2023 12: +0,1691146800
3.046,13,Aug 04 2023 13: +0,1691150400
2.703,4,Aug 04 2023 14: +0,1691154000
2.674,1,Aug 04 2023 15: +0,1691157600
2.495,3,Aug 04 2023 16: +0,1691161200
2.902,2,Aug 04 2023 17: +0,1691164800
2.865,13,Aug 04 2023 18: +0,1691168400
2.293,5,Aug 04 2023 19: +0,1691172000
0.856,5,Aug 04 2023 20: +0,1691175600
1.699,6,Aug 04 2023 21: +0,1691179200
3.043,11,Aug 04 2023 22: +0,1691182800
2.912,3,Aug 04 2023 23: +0,1691186400
3.052,12,Aug 05 2023 00: +0,1691190000
2.901,2,Aug 05 2023 01: +0,1691193600
2.595,8,Aug 05 2023 02: +0,1691197200
3.093,6,Aug 05 2023 03: +0,1691200800
3.093,7,Aug 05 2023 04: +0,1691204400
2.676,1,Aug 05 2023 05: +0,1691208000
2.75,3,Aug 05 2023 06: +0,1691211600
3.087,1,Aug 05 2023 07: +0,1691215200
0.797,2,Aug 05 2023 08: +0,1691218800
2.86,2,Aug 05 2023 09: +0,1691222400
2.881,2,Aug 05 2023 10: +0,1691226000
0.878,1,Aug 05 2023 11: +0,1691229600
2.699,4,Aug 05 2023 12: +0,1691233200
3.014,1,Aug 05 2023 13: +0,1691236800
3.027,11,Aug 05 2023 14: +0,1691240400
3.034,11,Aug 05 2023 15: +0,1691244000
2.644,3,Aug 05 2023 16: +0,1691247600
2.676,10,Aug 05 2023 17: +0,1691251200
3.093,1,Aug 05 2023 18: +0,1691254800
3.026,11,Aug 05 2023 19: +0,1691258400
3.048,2,Aug 05 2023 20: +0,1691262000
1.648,4,Aug 05 2023 21: +0,1691265600
0.856,4,Aug 05 2023 22: +0,1691269200
1.418,4,Aug 05 2023 23: +0,1691272800
2.88,2,Aug 06 2023 00: +0,1691276400
0.9,5,Aug 06 2023 01: +0,1691280000
3.018,8,Aug 06 2023 02: +0,1691283600
3.076,11,Aug 06 2023 03: +0,1691287200
2.848,6,Aug 06 2023 04: +0,1691290800
3.093,7,Aug 06 2023 05: +0,1691294400
3.087,4,Aug 06 2023 06: +0,1691298000
2.959,5,Aug 06 2023 07: +0,1691301600
2.99,8,Aug 06 2023 08: +0,1691305200
2.984,3,Aug 06 2023 09: +0,1691308800
2.597,1,Aug 06 2023 10: +0,1691312400
3.046,3,Aug 06 2023 11: +0,1691316000
2.684,3,Aug 06 2023 12: +0,1691319600
1.775,2,Aug 06 2023 13: +0,1691323200
2.949,8,Aug 06 2023 14: +0,1691326800
2.691,6,Aug 06 2023 15: +0,1691330400
3.069,9,Aug 06 2023 16: +0,1691334000
2.684,3,Aug 06 2023 17: +0,1691337600
2.844,9,Aug 06 2023 18: +0,1691341200
0.856,8,Aug 06 2023 19: +0,1691344800
2.844,7,Aug 06 2023 20: +0,1691348400
2.99,9,Aug 06 2023 21: +0,1691352000
2.935,5,Aug 06 2023 22: +0,1691355600
2.691,14,Aug 06 2023 23: +0,1691359200
1.768,2,Aug 07 2023 00: +0,1691362800
2.859,2,Aug 07 2023 01: +0,1691366400
2.715,1,Aug 07 2023 02: +0,1691370000
3.055,7,Aug 07 2023 04: +0,1691377200
3.053,3,Aug 07 2023 06: +0,1691384400
2.691,3,Aug 07 2023 07: +0,1691388000
2.691,2,Aug 07 2023 08: +0,1691391600
3.07,7,Aug 07 2023 09: +0,1691395200
2.636,1,Aug 07 2023 10: +0,1691398800
2.866,2,Aug 07 2023 11: +0,1691402400
2.691,3,Aug 07 2023 12: +0,1691406000
2.644,2,Aug 07 2023 13: +0,1691409600
2.703,2,Aug 07 2023 15: +0,1691416800
2.991,1,Aug 07 2023 16: +0,1691420400
2.581,7,Aug 07 2023 17: +0,1691424000
3.052,8,Aug 07 2023 18: +0,1691427600
2.676,6,Aug 07 2023 19: +0,1691431200
2.916,6,Aug 07 2023 20: +0,1691434800
0.853,10,Aug 07 2023 21: +0,1691438400
0.854,11,Aug 07 2023 22: +0,1691442000
3.045,3,Aug 07 2023 23: +0,1691445600
2.589,3,Aug 08 2023 00: +0,1691449200
2.912,4,Aug 08 2023 01: +0,1691452800
2.609,6,Aug 08 2023 02: +0,1691456400
1.606,2,Aug 08 2023 03: +0,1691460000
2.821,4,Aug 08 2023 04: +0,1691463600
3.438,16,Aug 08 2023 05: +0,1691467200
2.817,2,Aug 08 2023 06: +0,1691470800
2.715,1,Aug 08 2023 07: +0,1691474400
2.723,3,Aug 08 2023 08: +0,1691478000
2.778,7,Aug 08 2023 09: +0,1691481600
0.854,5,Aug 08 2023 10: +0,1691485200
2.883,2,Aug 08 2023 11: +0,1691488800
0.877,1,Aug 08 2023 12: +0,1691492400
2.862,2,Aug 08 2023 13: +0,1691496000
2.904,7,Aug 08 2023 14: +0,1691499600
2.76,7,Aug 08 2023 15: +0,1691503200
2.746,22,Aug 08 2023 16: +0,1691506800
1.478,2,Aug 08 2023 17: +0,1691510400
1.783,6,Aug 08 2023 18: +0,1691514000
2.785,12,Aug 08 2023 19: +0,1691517600
3.045,6,Aug 08 2023 20: +0,1691521200
2.855,2,Aug 08 2023 21: +0,1691524800
2.691,1,Aug 08 2023 22: +0,1691528400
2.691,1,Aug 08 2023 23: +0,1691532000
2.473,2,Aug 09 2023 01: +0,1691539200
2.691,1,Aug 09 2023 02: +0,1691542800
2.857,2,Aug 09 2023 04: +0,1691550000
3.022,13,Aug 09 2023 05: +0,1691553600
0.85,3,Aug 09 2023 07: +0,1691560800
0.849,5,Aug 09 2023 08: +0,1691564400
2.691,1,Aug 09 2023 09: +0,1691568000
3.006,7,Aug 09 2023 10: +0,1691571600
2.605,3,Aug 09 2023 11: +0,1691575200
2.467,4,Aug 09 2023 12: +0,1691578800
2.644,6,Aug 09 2023 13: +0,1691582400
2.702,2,Aug 09 2023 14: +0,1691586000
2.891,10,Aug 09 2023 15: +0,1691589600
2.726,4,Aug 09 2023 16: +0,1691593200
2.942,17,Aug 09 2023 17: +0,1691596800
1.854,2,Aug 09 2023 18: +0,1691600400
0.845,9,Aug 09 2023 19: +0,1691604000
2.844,13,Aug 09 2023 20: +0,1691607600
2.983,13,Aug 09 2023 21: +0,1691611200
0.736,3,Aug 09 2023 22: +0,1691614800
3.03,3,Aug 09 2023 23: +0,1691618400
2.882,4,Aug 10 2023 00: +0,1691622000
1.744,4,Aug 10 2023 01: +0,1691625600
0.812,5,Aug 10 2023 02: +0,1691629200
3.022,9,Aug 10 2023 03: +0,1691632800
3.03,4,Aug 10 2023 04: +0,1691636400
2.475,2,Aug 10 2023 05: +0,1691640000
2.901,6,Aug 10 2023 06: +0,1691643600
2.691,1,Aug 10 2023 08: +0,1691650800
2.77,1,Aug 10 2023 10: +0,1691658000
2.938,5,Aug 10 2023 11: +0,1691661600
2.691,3,Aug 10 2023 12: +0,1691665200
2.691,1,Aug 10 2023 13: +0,1691668800
2.834,9,Aug 10 2023 14: +0,1691672400
2.981,13,Aug 10 2023 15: +0,1691676000
2.929,4,Aug 10 2023 16: +0,1691679600
2.77,3,Aug 10 2023 17: +0,1691683200
2.668,5,Aug 10 2023 18: +0,1691686800
2.762,3,Aug 10 2023 19: +0,1691690400
2.798,2,Aug 10 2023 20: +0,1691694000
3.011,9,Aug 10 2023 21: +0,1691697600
2.691,1,Aug 10 2023 22: +0,1691701200
1.896,2,Aug 10 2023 23: +0,1691704800
0.812,1,Aug 11 2023 00: +0,1691708400
0.812,3,Aug 11 2023 01: +0,1691712000
2.425,4,Aug 11 2023 02: +0,1691715600
2.636,1,Aug 11 2023 03: +0,1691719200
2.652,3,Aug 11 2023 04: +0,1691722800
2.691,1,Aug 11 2023 05: +0,1691726400
2.632,2,Aug 11 2023 06: +0,1691730000
0.847,5,Aug 11 2023 07: +0,1691733600
2.754,3,Aug 11 2023 08: +0,1691737200
2.621,1,Aug 11 2023 09: +0,1691740800
2.75,4,Aug 11 2023 10: +0,1691744400
2.538,6,Aug 11 2023 11: +0,1691748000
2.753,8,Aug 11 2023 12: +0,1691751600
2.644,2,Aug 11 2023 13: +0,1691755200
3.011,3,Aug 11 2023 14: +0,1691758800
2.644,4,Aug 11 2023 15: +0,1691762400
2.64,2,Aug 11 2023 16: +0,1691766000
2.508,2,Aug 11 2023 17: +0,1691769600
2.997,1,Aug 11 2023 18: +0,1691773200
2.831,4,Aug 11 2023 19: +0,1691776800
3.011,10,Aug 11 2023 20: +0,1691780400
3.006,11,Aug 11 2023 21: +0,1691784000
0.86,1,Aug 11 2023 22: +0,1691787600
2.691,3,Aug 11 2023 23: +0,1691791200
2.534,1,Aug 12 2023 00: +0,1691794800
2.857,1,Aug 12 2023 01: +0,1691798400
0.72,1,Aug 12 2023 02: +0,1691802000
2.715,4,Aug 12 2023 04: +0,1691809200
2.878,3,Aug 12 2023 05: +0,1691812800
2.708,3,Aug 12 2023 06: +0,1691816400
2.717,5,Aug 12 2023 07: +0,1691820000
2.951,7,Aug 12 2023 09: +0,1691827200
2.924,4,Aug 12 2023 11: +0,1691834400
0.82,5,Aug 12 2023 12: +0,1691838000
2.735,4,Aug 12 2023 13: +0,1691841600
0.773,2,Aug 12 2023 14: +0,1691845200
2.873,1,Aug 12 2023 15: +0,1691848800
2.685,5,Aug 12 2023 16: +0,1691852400
2.856,10,Aug 12 2023 17: +0,1691856000
2.955,8,Aug 12 2023 18: +0,1691859600
2.463,2,Aug 12 2023 19: +0,1691863200
2.967,11,Aug 12 2023 20: +0,1691866800
2.967,10,Aug 12 2023 22: +0,1691874000
2.495,1,Aug 12 2023 23: +0,1691877600
2.709,1,Aug 13 2023 00: +0,1691881200
2.815,1,Aug 13 2023 01: +0,1691884800
2.774,8,Aug 13 2023 02: +0,1691888400
3.097,8,Aug 13 2023 03: +0,1691892000
2.983,7,Aug 13 2023 04: +0,1691895600
2.597,3,Aug 13 2023 05: +0,1691899200
2.602,2,Aug 13 2023 06: +0,1691902800
2.589,3,Aug 13 2023 07: +0,1691906400
2.602,2,Aug 13 2023 08: +0,1691910000
2.688,3,Aug 13 2023 09: +0,1691913600
1.805,2,Aug 13 2023 10: +0,1691917200
0.846,1,Aug 13 2023 11: +0,1691920800
2.675,5,Aug 13 2023 12: +0,1691924400
2.59,8,Aug 13 2023 13: +0,1691928000
2.605,3,Aug 13 2023 14: +0,1691931600
2.9,10,Aug 13 2023 15: +0,1691935200
2.951,12,Aug 13 2023 16: +0,1691938800
2.59,3,Aug 13 2023 17: +0,1691942400
2.715,7,Aug 13 2023 18: +0,1691946000
2.714,8,Aug 13 2023 19: +0,1691949600
2.933,2,Aug 13 2023 20: +0,1691953200
0.656,2,Aug 13 2023 21: +0,1691956800
2.8,12,Aug 13 2023 22: +0,1691960400
2.66,3,Aug 13 2023 23: +0,1691964000
2.325,2,Aug 14 2023 00: +0,1691967600
2.314,3,Aug 14 2023 01: +0,1691971200
0.846,4,Aug 14 2023 02: +0,1691974800
2.869,3,Aug 14 2023 03: +0,1691978400
2.138,2,Aug 14 2023 04: +0,1691982000
2.691,5,Aug 14 2023 05: +0,1691985600
1.344,3,Aug 14 2023 06: +0,1691989200
2.527,2,Aug 14 2023 07: +0,1691992800
2.959,1,Aug 14 2023 08: +0,1691996400
2.644,2,Aug 14 2023 09: +0,1692000000
1.715,4,Aug 14 2023 10: +0,1692003600
3.006,2,Aug 14 2023 11: +0,1692007200
2.628,7,Aug 14 2023 12: +0,1692010800
2.674,2,Aug 14 2023 13: +0,1692014400
2.723,1,Aug 14 2023 14: +0,1692018000
2.909,2,Aug 14 2023 15: +0,1692021600
2.915,2,Aug 14 2023 17: +0,1692028800
2.691,7,Aug 14 2023 18: +0,1692032400
2.951,9,Aug 14 2023 19: +0,1692036000
2.812,4,Aug 14 2023 20: +0,1692039600
2.709,3,Aug 14 2023 21: +0,1692043200
0.657,1,Aug 14 2023 22: +0,1692046800
2.709,4,Aug 14 2023 23: +0,1692050400
2.06,2,Aug 15 2023 01: +0,1692057600
1.812,2,Aug 15 2023 02: +0,1692061200
2.614,3,Aug 15 2023 03: +0,1692064800
0.873,7,Aug 15 2023 05: +0,1692072000
2.947,13,Aug 15 2023 06: +0,1692075600
2.957,1,Aug 15 2023 07: +0,1692079200
2.948,4,Aug 15 2023 08: +0,1692082800
2.947,10,Aug 15 2023 09: +0,1692086400
2.875,1,Aug 15 2023 10: +0,1692090000
2.495,3,Aug 15 2023 11: +0,1692093600
2.94,7,Aug 15 2023 12: +0,1692097200
2.945,19,Aug 15 2023 13: +0,1692100800
2.937,17,Aug 15 2023 14: +0,1692104400
0.887,6,Aug 15 2023 15: +0,1692108000
2.95,5,Aug 15 2023 16: +0,1692111600
2.678,3,Aug 15 2023 17: +0,1692115200
2.689,8,Aug 15 2023 18: +0,1692118800
2.82,4,Aug 15 2023 19: +0,1692122400
2.949,8,Aug 15 2023 20: +0,1692126000
2.729,2,Aug 15 2023 21: +0,1692129600
2.592,2,Aug 15 2023 22: +0,1692133200
2.785,2,Aug 16 2023 00: +0,1692140400
2.854,2,Aug 16 2023 01: +0,1692144000
2.889,5,Aug 16 2023 03: +0,1692151200
2.804,2,Aug 16 2023 04: +0,1692154800
2.309,3,Aug 16 2023 05: +0,1692158400
2.922,7,Aug 16 2023 06: +0,1692162000
2.686,1,Aug 16 2023 07: +0,1692165600
2.686,3,Aug 16 2023 08: +0,1692169200
1.859,2,Aug 16 2023 09: +0,1692172800
2.793,8,Aug 16 2023 10: +0,1692176400
2.764,10,Aug 16 2023 11: +0,1692180000
2.576,8,Aug 16 2023 12: +0,1692183600
2.466,3,Aug 16 2023 13: +0,1692187200
2.686,1,Aug 16 2023 14: +0,1692190800
2.678,4,Aug 16 2023 15: +0,1692194400
2.865,4,Aug 16 2023 16: +0,1692198000
2.899,5,Aug 16 2023 17: +0,1692201600
2.953,6,Aug 16 2023 18: +0,1692205200
2.906,5,Aug 16 2023 19: +0,1692208800
2.787,4,Aug 16 2023 20: +0,1692212400
2.749,11,Aug 16 2023 21: +0,1692216000
2.572,3,Aug 16 2023 22: +0,1692219600
2.897,3,Aug 16 2023 23: +0,1692223200
2.93,2,Aug 17 2023 00: +0,1692226800
2.906,3,Aug 17 2023 01: +0,1692230400
2.678,1,Aug 17 2023 02: +0,1692234000
2.8,1,Aug 17 2023 03: +0,1692237600
2.906,22,Aug 17 2023 04: +0,1692241200
2.686,3,Aug 17 2023 06: +0,1692248400
2.93,6,Aug 17 2023 07: +0,1692252000
2.914,5,Aug 17 2023 08: +0,1692255600
2.927,4,Aug 17 2023 09: +0,1692259200
2.753,4,Aug 17 2023 10: +0,1692262800
2.914,3,Aug 17 2023 11: +0,1692266400
2.706,4,Aug 17 2023 12: +0,1692270000
2.752,4,Aug 17 2023 13: +0,1692273600
2.882,6,Aug 17 2023 14: +0,1692277200
2.82,9,Aug 17 2023 15: +0,1692280800
2.458,5,Aug 17 2023 16: +0,1692284400
2.914,5,Aug 17 2023 17: +0,1692288000
2.914,13,Aug 17 2023 18: +0,1692291600
2.858,9,Aug 17 2023 19: +0,1692295200
2.686,9,Aug 17 2023 20: +0,1692298800
2.93,9,Aug 17 2023 21: +0,1692302400
1.902,2,Aug 17 2023 22: +0,1692306000
2.922,7,Aug 17 2023 23: +0,1692309600
2.922,9,Aug 18 2023 00: +0,1692313200
1.51,1,Aug 18 2023 01: +0,1692316800
2.93,4,Aug 18 2023 02: +0,1692320400
3.142,1,Aug 18 2023 03: +0,1692324000
0.84,2,Aug 18 2023 04: +0,1692327600
2.71,3,Aug 18 2023 05: +0,1692331200
2.835,4,Aug 18 2023 06: +0,1692334800
2.917,1,Aug 18 2023 07: +0,1692338400
1.779,4,Aug 18 2023 08: +0,1692342000
2.927,1,Aug 18 2023 09: +0,1692345600
0.652,1,Aug 18 2023 10: +0,1692349200
2.779,4,Aug 18 2023 11: +0,1692352800
2.686,3,Aug 18 2023 12: +0,1692356400
2.655,3,Aug 18 2023 13: +0,1692360000
2.89,1,Aug 18 2023 14: +0,1692363600
0.863,3,Aug 18 2023 15: +0,1692367200
2.876,4,Aug 18 2023 16: +0,1692370800
2.438,2,Aug 18 2023 17: +0,1692374400
2.892,10,Aug 18 2023 18: +0,1692378000
2.897,11,Aug 18 2023 19: +0,1692381600
2.914,5,Aug 18 2023 20: +0,1692385200
2.786,6,Aug 18 2023 21: +0,1692388800
2.807,4,Aug 18 2023 22: +0,1692392400
2.93,4,Aug 18 2023 23: +0,1692396000
2.862,2,Aug 19 2023 00: +0,1692399600
2.815,4,Aug 19 2023 01: +0,1692403200
2.707,7,Aug 19 2023 02: +0,1692406800
2.927,3,Aug 19 2023 03: +0,1692410400
0.755,1,Aug 19 2023 04: +0,1692414000
2.712,5,Aug 19 2023 05: +0,1692417600
1.795,2,Aug 19 2023 06: +0,1692421200
2.482,5,Aug 19 2023 07: +0,1692424800
2.93,5,Aug 19 2023 08: +0,1692428400
2.93,8,Aug 19 2023 09: +0,1692432000
2.867,5,Aug 19 2023 10: +0,1692435600
2.93,4,Aug 19 2023 11: +0,1692439200
2.908,3,Aug 19 2023 12: +0,1692442800
2.67,3,Aug 19 2023 13: +0,1692446400
1.618,2,Aug 19 2023 14: +0,1692450000
2.599,5,Aug 19 2023 15: +0,1692453600
2.725,4,Aug 19 2023 16: +0,1692457200
2.848,13,Aug 19 2023 17: +0,1692460800
2.757,11,Aug 19 2023 18: +0,1692464400
1.793,4,Aug 19 2023 19: +0,1692468000
2.177,6,Aug 19 2023 20: +0,1692471600
2.863,4,Aug 19 2023 21: +0,1692475200
2.891,4,Aug 19 2023 22: +0,1692478800
2.887,4,Aug 19 2023 23: +0,1692482400
0.776,5,Aug 20 2023 01: +0,1692489600
2.718,3,Aug 20 2023 02: +0,1692493200
2.875,12,Aug 20 2023 05: +0,1692504000
2.927,1,Aug 20 2023 06: +0,1692507600
0.88,5,Aug 20 2023 07: +0,1692511200
2.627,1,Aug 20 2023 08: +0,1692514800
2.627,2,Aug 20 2023 09: +0,1692518400
2.627,4,Aug 20 2023 11: +0,1692525600
2.77,9,Aug 20 2023 12: +0,1692529200
2.627,3,Aug 20 2023 13: +0,1692532800
2.899,10,Aug 20 2023 14: +0,1692536400
3.028,2,Aug 20 2023 15: +0,1692540000
2.714,6,Aug 20 2023 17: +0,1692547200
2.881,1,Aug 20 2023 18: +0,1692550800
2.92,12,Aug 20 2023 19: +0,1692554400
2.93,13,Aug 20 2023 20: +0,1692558000
0.84,5,Aug 20 2023 21: +0,1692561600
2.627,3,Aug 20 2023 22: +0,1692565200
2.936,16,Aug 20 2023 23: +0,1692568800
2.584,5,Aug 21 2023 00: +0,1692572400
2.93,3,Aug 21 2023 01: +0,1692576000
2.638,5,Aug 21 2023 03: +0,1692583200
2.937,8,Aug 21 2023 04: +0,1692586800
2.942,3,Aug 21 2023 05: +0,1692590400
2.933,1,Aug 21 2023 06: +0,1692594000
2.185,2,Aug 21 2023 07: +0,1692597600
2.932,2,Aug 21 2023 08: +0,1692601200
2.698,2,Aug 21 2023 10: +0,1692608400
1.563,4,Aug 21 2023 12: +0,1692615600
2.75,6,Aug 21 2023 13: +0,1692619200
0.768,4,Aug 21 2023 14: +0,1692622800
2.747,8,Aug 21 2023 15: +0,1692626400
1.668,2,Aug 21 2023 16: +0,1692630000
2.637,8,Aug 21 2023 17: +0,1692633600
2.639,8,Aug 21 2023 18: +0,1692637200
2.56,5,Aug 21 2023 19: +0,1692640800
0.767,2,Aug 21 2023 20: +0,1692644400
1.737,8,Aug 21 2023 21: +0,1692648000
2.875,1,Aug 21 2023 23: +0,1692655200
2.757,2,Aug 22 2023 00: +0,1692658800
3.024,1,Aug 22 2023 01: +0,1692662400
2.906,7,Aug 22 2023 02: +0,1692666000
1.81,2,Aug 22 2023 03: +0,1692669600
2.299,1,Aug 22 2023 04: +0,1692673200
0.881,3,Aug 22 2023 05: +0,1692676800
2.704,4,Aug 22 2023 06: +0,1692680400
2.837,1,Aug 22 2023 08: +0,1692687600
3.0,8,Aug 22 2023 09: +0,1692691200
2.738,1,Aug 22 2023 12: +0,1692702000
2.178,5,Aug 22 2023 13: +0,1692705600
2.956,11,Aug 22 2023 14: +0,1692709200
0.873,3,Aug 22 2023 15: +0,1692712800
2.611,3,Aug 22 2023 16: +0,1692716400
2.948,1,Aug 22 2023 17: +0,1692720000
2.422,4,Aug 22 2023 18: +0,1692723600
2.675,7,Aug 22 2023 19: +0,1692727200
2.587,5,Aug 22 2023 20: +0,1692730800
2.676,1,Aug 22 2023 21: +0,1692734400
0.86,2,Aug 22 2023 22: +0,1692738000
2.793,3,Aug 22 2023 23: +0,1692741600
1.819,2,Aug 23 2023 00: +0,1692745200
2.643,1,Aug 23 2023 01: +0,1692748800
2.711,5,Aug 23 2023 03: +0,1692756000
2.917,3,Aug 23 2023 04: +0,1692759600
2.869,2,Aug 23 2023 05: +0,1692763200
2.635,7,Aug 23 2023 06: +0,1692766800
2.575,2,Aug 23 2023 07: +0,1692770400
2.93,3,Aug 23 2023 08: +0,1692774000
2.601,5,Aug 23 2023 09: +0,1692777600
2.939,2,Aug 23 2023 10: +0,1692781200
2.601,3,Aug 23 2023 11: +0,1692784800
2.595,7,Aug 23 2023 12: +0,1692788400
2.856,16,Aug 23 2023 13: +0,1692792000
2.935,1,Aug 23 2023 14: +0,1692795600
1.719,4,Aug 23 2023 15: +0,1692799200
1.638,4,Aug 23 2023 16: +0,1692802800
1.729,2,Aug 23 2023 17: +0,1692806400
2.892,15,Aug 23 2023 18: +0,1692810000
2.96,19,Aug 23 2023 19: +0,1692813600
2.6,4,Aug 23 2023 20: +0,1692817200
2.952,8,Aug 23 2023 21: +0,1692820800
0.848,5,Aug 23 2023 22: +0,1692824400
2.955,3,Aug 23 2023 23: +0,1692828000
2.619,5,Aug 24 2023 00: +0,1692831600
2.593,1,Aug 24 2023 01: +0,1692835200
2.91,8,Aug 24 2023 02: +0,1692838800
2.952,6,Aug 24 2023 03: +0,1692842400
2.593,1,Aug 24 2023 04: +0,1692846000
2.952,2,Aug 24 2023 05: +0,1692849600
2.952,6,Aug 24 2023 06: +0,1692853200
2.754,3,Aug 24 2023 07: +0,1692856800
2.556,3,Aug 24 2023 08: +0,1692860400
2.556,1,Aug 24 2023 09: +0,1692864000
2.905,6,Aug 24 2023 10: +0,1692867600
2.583,1,Aug 24 2023 11: +0,1692871200
1.534,2,Aug 24 2023 12: +0,1692874800
2.966,8,Aug 24 2023 13: +0,1692878400
2.587,5,Aug 24 2023 14: +0,1692882000
0.85,3,Aug 24 2023 15: +0,1692885600
2.556,7,Aug 24 2023 16: +0,1692889200
2.557,8,Aug 24 2023 17: +0,1692892800
2.868,10,Aug 24 2023 18: +0,1692896400
2.77,1,Aug 24 2023 20: +0,1692903600
2.556,1,Aug 24 2023 21: +0,1692907200
2.96,3,Aug 24 2023 22: +0,1692910800
2.714,1,Aug 24 2023 23: +0,1692914400
2.825,1,Aug 25 2023 00: +0,1692918000
2.679,4,Aug 25 2023 03: +0,1692928800
2.856,10,Aug 25 2023 04: +0,1692932400
2.884,2,Aug 25 2023 05: +0,1692936000
2.936,2,Aug 25 2023 06: +0,1692939600
2.571,3,Aug 25 2023 07: +0,1692943200
1.627,2,Aug 25 2023 08: +0,1692946800
2.966,11,Aug 25 2023 09: +0,1692950400
2.966,3,Aug 25 2023 10: +0,1692954000
2.639,2,Aug 25 2023 11: +0,1692957600
2.571,4,Aug 25 2023 12: +0,1692961200
2.5,5,Aug 25 2023 13: +0,1692964800
2.8,8,Aug 25 2023 14: +0,1692968400
2.888,4,Aug 25 2023 15: +0,1692972000
2.956,8,Aug 25 2023 17: +0,1692979200
2.571,1,Aug 25 2023 18: +0,1692982800
2.532,1,Aug 25 2023 19: +0,1692986400
0.895,1,Aug 25 2023 20: +0,1692990000
2.688,1,Aug 25 2023 21: +0,1692993600
1.674,4,Aug 25 2023 22: +0,1692997200
2.84,5,Aug 25 2023 23: +0,1693000800
2.921,1,Aug 26 2023 00: +0,1693004400
2.571,3,Aug 26 2023 01: +0,1693008000
2.952,14,Aug 26 2023 02: +0,1693011600
2.579,3,Aug 26 2023 04: +0,1693018800
2.655,2,Aug 26 2023 05: +0,1693022400
2.568,2,Aug 26 2023 06: +0,1693026000
2.958,7,Aug 26 2023 07: +0,1693029600
2.69,5,Aug 26 2023 09: +0,1693036800
2.956,15,Aug 26 2023 10: +0,1693040400
2.951,10,Aug 26 2023 11: +0,1693044000
2.94,3,Aug 26 2023 12: +0,1693047600
1.338,2,Aug 26 2023 13: +0,1693051200
2.949,27,Aug 26 2023 14: +0,1693054800
0.827,2,Aug 26 2023 15: +0,1693058400
2.873,5,Aug 26 2023 16: +0,1693062000
2.949,6,Aug 26 2023 17: +0,1693065600
2.948,1,Aug 26 2023 18: +0,1693069200
2.915,14,Aug 26 2023 19: +0,1693072800
0.889,3,Aug 26 2023 20: +0,1693076400
2.681,2,Aug 26 2023 21: +0,1693080000
0.849,6,Aug 26 2023 22: +0,1693083600
2.587,6,Aug 27 2023 00: +0,1693090800
2.465,3,Aug 27 2023 01: +0,1693094400
2.944,14,Aug 27 2023 02: +0,1693098000
2.95,1,Aug 27 2023 03: +0,1693101600
2.873,1,Aug 27 2023 04: +0,1693105200
2.952,13,Aug 27 2023 06: +0,1693112400
2.949,6,Aug 27 2023 07: +0,1693116000
2.5,1,Aug 27 2023 08: +0,1693119600
2.594,3,Aug 27 2023 09: +0,1693123200
2.924,7,Aug 27 2023 10: +0,1693126800
2.017,4,Aug 27 2023 11: +0,1693130400
1.687,6,Aug 27 2023 12: +0,1693134000
1.868,4,Aug 27 2023 13: +0,1693137600
2.299,6,Aug 27 2023 14: +0,1693141200
2.95,7,Aug 27 2023 15: +0,1693144800
2.932,24,Aug 27 2023 16: +0,1693148400
2.958,3,Aug 27 2023 17: +0,1693152000
2.436,5,Aug 27 2023 18: +0,1693155600
2.584,3,Aug 27 2023 19: +0,1693159200
1.786,4,Aug 27 2023 20: +0,1693162800
0.851,6,Aug 27 2023 21: +0,1693166400
2.612,4,Aug 27 2023 22: +0,1693170000
2.902,7,Aug 27 2023 23: +0,1693173600
2.933,2,Aug 28 2023 00: +0,1693177200
2.909,5,Aug 28 2023 01: +0,1693180800
2.943,8,Aug 28 2023 02: +0,1693184400
2.96,5,Aug 28 2023 03: +0,1693188000
2.952,2,Aug 28 2023 04: +0,1693191600
2.934,5,Aug 28 2023 05: +0,1693195200
2.96,1,Aug 28 2023 06: +0,1693198800
2.737,4,Aug 28 2023 07: +0,1693202400
2.451,2,Aug 28 2023 08: +0,1693206000
2.584,2,Aug 28 2023 09: +0,1693209600
2.918,7,Aug 28 2023 11: +0,1693216800
2.91,5,Aug 28 2023 12: +0,1693220400
2.736,3,Aug 28 2023 13: +0,1693224000
2.734,8,Aug 28 2023 14: +0,1693227600
2.588,3,Aug 28 2023 15: +0,1693231200
2.91,11,Aug 28 2023 16: +0,1693234800
1.626,2,Aug 28 2023 17: +0,1693238400
2.556,5,Aug 28 2023 18: +0,1693242000
3.086,6,Aug 28 2023 19: +0,1693245600
0.791,2,Aug 28 2023 20: +0,1693249200
2.91,14,Aug 28 2023 21: +0,1693252800
0.678,1,Aug 28 2023 22: +0,1693256400
2.917,11,Aug 29 2023 00: +0,1693263600
2.586,3,Aug 29 2023 01: +0,1693267200
2.586,3,Aug 29 2023 02: +0,1693270800
2.586,1,Aug 29 2023 03: +0,1693274400
2.582,2,Aug 29 2023 04: +0,1693278000
2.91,4,Aug 29 2023 05: +0,1693281600
3.13,1,Aug 29 2023 06: +0,1693285200
2.586,1,Aug 29 2023 07: +0,1693288800
2.933,5,Aug 29 2023 08: +0,1693292400
2.925,4,Aug 29 2023 09: +0,1693296000
2.936,11,Aug 29 2023 11: +0,1693303200
2.946,1,Aug 29 2023 12: +0,1693306800
2.539,7,Aug 29 2023 13: +0,1693310400
2.555,1,Aug 29 2023 14: +0,1693314000
2.96,18,Aug 29 2023 15: +0,1693317600
2.685,2,Aug 29 2023 16: +0,1693321200
2.878,11,Aug 29 2023 17: +0,1693324800
3.302,4,Aug 29 2023 18: +0,1693328400
2.946,14,Aug 29 2023 19: +0,1693332000
0.715,1,Aug 29 2023 20: +0,1693335600
1.769,2,Aug 29 2023 21: +0,1693339200
2.602,2,Aug 29 2023 22: +0,1693342800
2.602,3,Aug 29 2023 23: +0,1693346400
2.868,2,Aug 30 2023 00: +0,1693350000
2.943,12,Aug 30 2023 01: +0,1693353600
2.366,1,Aug 30 2023 02: +0,1693357200
2.861,6,Aug 30 2023 03: +0,1693360800
2.915,1,Aug 30 2023 05: +0,1693368000
2.706,2,Aug 30 2023 06: +0,1693371600
1.903,2,Aug 30 2023 07: +0,1693375200
2.945,10,Aug 30 2023 08: +0,1693378800
2.965,6,Aug 30 2023 09: +0,1693382400
2.89,2,Aug 30 2023 10: +0,1693386000
2.61,3,Aug 30 2023 11: +0,1693389600
2.785,4,Aug 30 2023 12: +0,1693393200
0.809,4,Aug 30 2023 13: +0,1693396800
2.856,9,Aug 30 2023 14: +0,1693400400
2.889,16,Aug 30 2023 15: +0,1693404000
2.647,4,Aug 30 2023 16: +0,1693407600
2.765,7,Aug 30 2023 17: +0,1693411200
2.956,39,Aug 30 2023 18: +0,1693414800
2.602,5,Aug 30 2023 19: +0,1693418400
2.826,4,Aug 30 2023 20: +0,1693422000
2.164,8,Aug 30 2023 21: +0,1693425600
2.891,2,Aug 30 2023 22: +0,1693429200
1.74,2,Aug 30 2023 23: +0,1693432800
2.957,13,Aug 31 2023 00: +0,1693436400
2.669,2,Aug 31 2023 01: +0,1693440000
2.79,4,Aug 31 2023 02: +0,1693443600
2.974,6,Aug 31 2023 03: +0,1693447200
1.962,2,Aug 31 2023 04: +0,1693450800
2.599,4,Aug 31 2023 06: +0,1693458000
2.602,2,Aug 31 2023 07: +0,1693461600
2.906,6,Aug 31 2023 08: +0,1693465200
2.867,3,Aug 31 2023 09: +0,1693468800
2.994,15,Aug 31 2023 10: +0,1693472400
3.065,12,Aug 31 2023 11: +0,1693476000
3.079,2,Aug 31 2023 12: +0,1693479600
2.973,7,Aug 31 2023 13: +0,1693483200
2.974,8,Aug 31 2023 14: +0,1693486800
2.988,3,Aug 31 2023 15: +0,1693490400
3.268,19,Aug 31 2023 16: +0,1693494000
2.869,4,Aug 31 2023 17: +0,1693497600
2.913,12,Aug 31 2023 18: +0,1693501200
3.045,5,Aug 31 2023 19: +0,1693504800
3.149,2,Aug 31 2023 20: +0,1693508400
3.005,3,Aug 31 2023 21: +0,1693512000
0.866,2,Aug 31 2023 22: +0,1693515600
2.564,4,Aug 31 2023 23: +0,1693519200
2.72,13,Sep 01 2023 00: +0,1693522800
0.85,2,Sep 01 2023 01: +0,1693526400
2.988,1,Sep 01 2023 02: +0,1693530000
2.837,2,Sep 01 2023 03: +0,1693533600
2.932,14,Sep 01 2023 05: +0,1693540800
3.023,7,Sep 01 2023 06: +0,1693544400
0.699,1,Sep 01 2023 07: +0,1693548000
2.985,8,Sep 01 2023 08: +0,1693551600
2.933,7,Sep 01 2023 09: +0,1693555200
3.013,11,Sep 01 2023 10: +0,1693558800
3.059,8,Sep 01 2023 11: +0,1693562400
3.021,7,Sep 01 2023 12: +0,1693566000
3.012,5,Sep 01 2023 13: +0,1693569600
3.166,2,Sep 01 2023 14: +0,1693573200
2.931,1,Sep 01 2023 15: +0,1693576800
4.009,1,Sep 01 2023 16: +0,1693580400
3.023,17,Sep 01 2023 17: +0,1693584000
3.098,3,Sep 01 2023 18: +0,1693587600
1.784,2,Sep 01 2023 19: +0,1693591200
2.2,7,Sep 01 2023 20: +0,1693594800
2.766,4,Sep 01 2023 21: +0,1693598400
3.002,10,Sep 01 2023 22: +0,1693602000
3.099,9,Sep 01 2023 23: +0,1693605600
2.998,4,Sep 02 2023 00: +0,1693609200
1.482,4,Sep 02 2023 01: +0,1693612800
2.785,6,Sep 02 2023 02: +0,1693616400
1.826,4,Sep 02 2023 03: +0,1693620000
0.7,1,Sep 02 2023 04: +0,1693623600
3.036,5,Sep 02 2023 05: +0,1693627200
2.768,5,Sep 02 2023 06: +0,1693630800
3.004,3,Sep 02 2023 07: +0,1693634400
3.073,7,Sep 02 2023 08: +0,1693638000
2.831,3,Sep 02 2023 09: +0,1693641600
3.075,12,Sep 02 2023 10: +0,1693645200
2.819,5,Sep 02 2023 12: +0,1693652400
2.717,3,Sep 02 2023 13: +0,1693656000
2.987,2,Sep 02 2023 15: +0,1693663200
2.994,7,Sep 02 2023 17: +0,1693670400
0.7,3,Sep 02 2023 18: +0,1693674000
3.186,21,Sep 02 2023 19: +0,1693677600
4.008,6,Sep 02 2023 20: +0,1693681200
0.857,11,Sep 02 2023 21: +0,1693684800
3.01,6,Sep 02 2023 22: +0,1693688400
2.462,5,Sep 03 2023 00: +0,1693695600
3.19,7,Sep 03 2023 01: +0,1693699200
2.367,1,Sep 03 2023 02: +0,1693702800
2.367,3,Sep 03 2023 03: +0,1693706400
3.122,5,Sep 03 2023 04: +0,1693710000
2.861,3,Sep 03 2023 05: +0,1693713600
3.012,2,Sep 03 2023 06: +0,1693717200
3.254,45,Sep 03 2023 07: +0,1693720800
4.013,11,Sep 03 2023 08: +0,1693724400
3.241,5,Sep 03 2023 09: +0,1693728000
0.861,2,Sep 03 2023 10: +0,1693731600
1.812,4,Sep 03 2023 11: +0,1693735200
2.579,2,Sep 03 2023 12: +0,1693738800
2.957,1,Sep 03 2023 14: +0,1693746000
2.989,1,Sep 03 2023 15: +0,1693749600
3.249,12,Sep 03 2023 16: +0,1693753200
3.233,7,Sep 03 2023 17: +0,1693756800
2.806,4,Sep 03 2023 18: +0,1693760400
2.884,3,Sep 03 2023 19: +0,1693764000
2.99,2,Sep 03 2023 20: +0,1693767600
2.939,4,Sep 03 2023 21: +0,1693771200
2.978,2,Sep 03 2023 22: +0,1693774800
0.849,5,Sep 03 2023 23: +0,1693778400
2.88,1,Sep 04 2023 00: +0,1693782000
3.22,10,Sep 04 2023 01: +0,1693785600
3.231,7,Sep 04 2023 02: +0,1693789200
3.253,3,Sep 04 2023 03: +0,1693792800
2.887,1,Sep 04 2023 04: +0,1693796400
3.202,15,Sep 04 2023 05: +0,1693800000
3.209,6,Sep 04 2023 06: +0,1693803600
3.212,5,Sep 04 2023 07: +0,1693807200
3.216,6,Sep 04 2023 08: +0,1693810800
0.866,3,Sep 04 2023 09: +0,1693814400
3.4,11,Sep 04 2023 10: +0,1693818000
3.444,1,Sep 04 2023 11: +0,1693821600
3.418,7,Sep 04 2023 12: +0,1693825200
3.268,1,Sep 04 2023 13: +0,1693828800
3.143,4,Sep 04 2023 14: +0,1693832400
3.171,5,Sep 04 2023 15: +0,1693836000
3.226,5,Sep 04 2023 16: +0,1693839600
3.297,10,Sep 04 2023 17: +0,1693843200
3.496,5,Sep 04 2023 19: +0,1693850400
2.952,7,Sep 04 2023 20: +0,1693854000
2.964,2,Sep 04 2023 21: +0,1693857600
2.928,1,Sep 04 2023 22: +0,1693861200
3.045,7,Sep 04 2023 23: +0,1693864800
2.928,9,Sep 05 2023 00: +0,1693868400
3.014,6,Sep 05 2023 01: +0,1693872000
3.017,3,Sep 05 2023 02: +0,1693875600
3.006,10,Sep 05 2023 03: +0,1693879200
0.889,3,Sep 05 2023 04: +0,1693882800
3.136,2,Sep 05 2023 05: +0,1693886400
3.098,1,Sep 05 2023 06: +0,1693890000
3.025,2,Sep 05 2023 07: +0,1693893600
2.969,3,Sep 05 2023 08: +0,1693897200
3.086,13,Sep 05 2023 09: +0,1693900800
2.978,1,Sep 05 2023 10: +0,1693904400
3.325,22,Sep 05 2023 12: +0,1693911600
3.344,12,Sep 05 2023 13: +0,1693915200
3.488,17,Sep 05 2023 14: +0,1693918800
3.231,2,Sep 05 2023 15: +0,1693922400
2.788,5,Sep 05 2023 16: +0,1693926000
0.877,2,Sep 05 2023 17: +0,1693929600
2.921,4,Sep 05 2023 18: +0,1693933200
3.453,9,Sep 05 2023 19: +0,1693936800
0.874,5,Sep 05 2023 20: +0,1693940400
3.605,10,Sep 05 2023 21: +0,1693944000
3.679,2,Sep 05 2023 22: +0,1693947600
3.438,5,Sep 05 2023 23: +0,1693951200
2.929,3,Sep 06 2023 00: +0,1693954800
3.316,2,Sep 06 2023 01: +0,1693958400
2.978,3,Sep 06 2023 02: +0,1693962000
2.85,1,Sep 06 2023 03: +0,1693965600
3.01,1,Sep 06 2023 04: +0,1693969200
3.152,3,Sep 06 2023 05: +0,1693972800
3.404,1,Sep 06 2023 06: +0,1693976400
3.325,2,Sep 06 2023 07: +0,1693980000
2.435,2,Sep 06 2023 08: +0,1693983600
1.95,2,Sep 06 2023 09: +0,1693987200
3.508,22,Sep 06 2023 10: +0,1693990800
3.37,2,Sep 06 2023 11: +0,1693994400
3.353,4,Sep 06 2023 12: +0,1693998000
3.212,2,Sep 06 2023 13: +0,1694001600
3.04,3,Sep 06 2023 14: +0,1694005200
3.049,1,Sep 06 2023 15: +0,1694008800
3.092,4,Sep 06 2023 16: +0,1694012400
3.056,6,Sep 06 2023 17: +0,1694016000
3.301,11,Sep 06 2023 18: +0,1694019600
3.285,8,Sep 06 2023 19: +0,1694023200
3.082,5,Sep 06 2023 20: +0,1694026800
2.93,2,Sep 06 2023 21: +0,1694030400
3.171,6,Sep 06 2023 22: +0,1694034000
3.072,1,Sep 06 2023 23: +0,1694037600
3.082,3,Sep 07 2023 00: +0,1694041200
3.227,4,Sep 07 2023 02: +0,1694048400
3.375,6,Sep 07 2023 03: +0,1694052000
3.583,7,Sep 07 2023 04: +0,1694055600
3.052,2,Sep 07 2023 05: +0,1694059200
3.134,2,Sep 07 2023 06: +0,1694062800
3.163,1,Sep 07 2023 07: +0,1694066400
3.436,3,Sep 07 2023 08: +0,1694070000
3.434,9,Sep 07 2023 09: +0,1694073600
0.882,1,Sep 07 2023 10: +0,1694077200
3.436,5,Sep 07 2023 11: +0,1694080800
3.291,1,Sep 07 2023 12: +0,1694084400
3.187,3,Sep 07 2023 13: +0,1694088000
3.565,13,Sep 07 2023 14: +0,1694091600
3.436,5,Sep 07 2023 15: +0,1694095200
3.302,6,Sep 07 2023 16: +0,1694098800
3.147,3,Sep 07 2023 17: +0,1694102400
3.114,4,Sep 07 2023 18: +0,1694106000
3.637,11,Sep 07 2023 19: +0,1694109600
3.427,7,Sep 07 2023 20: +0,1694113200
4.04,23,Sep 07 2023 21: +0,1694116800
3.122,3,Sep 07 2023 22: +0,1694120400
3.203,5,Sep 07 2023 23: +0,1694124000
3.187,1,Sep 08 2023 00: +0,1694127600
3.242,6,Sep 08 2023 01: +0,1694131200
3.266,1,Sep 08 2023 02: +0,1694134800
3.263,8,Sep 08 2023 03: +0,1694138400
3.187,1,Sep 08 2023 04: +0,1694142000
3.187,3,Sep 08 2023 05: +0,1694145600
3.396,1,Sep 08 2023 07: +0,1694152800
3.247,2,Sep 08 2023 08: +0,1694156400
3.171,4,Sep 08 2023 09: +0,1694160000
3.066,1,Sep 08 2023 10: +0,1694163600
3.654,2,Sep 08 2023 11: +0,1694167200
3.227,12,Sep 08 2023 12: +0,1694170800
3.194,17,Sep 08 2023 13: +0,1694174400
3.383,9,Sep 08 2023 14: +0,1694178000
2.982,2,Sep 08 2023 15: +0,1694181600
3.386,4,Sep 08 2023 16: +0,1694185200
3.288,2,Sep 08 2023 17: +0,1694188800
3.372,3,Sep 08 2023 18: +0,1694192400
3.096,1,Sep 08 2023 19: +0,1694196000
3.356,3,Sep 08 2023 20: +0,1694199600
1.974,2,Sep 08 2023 21: +0,1694203200
3.126,4,Sep 08 2023 22: +0,1694206800
3.063,1,Sep 08 2023 23: +0,1694210400
3.187,3,Sep 09 2023 00: +0,1694214000
3.093,4,Sep 09 2023 01: +0,1694217600
3.171,9,Sep 09 2023 02: +0,1694221200
3.125,2,Sep 09 2023 03: +0,1694224800
3.388,9,Sep 09 2023 04: +0,1694228400
3.392,1,Sep 09 2023 05: +0,1694232000
3.189,2,Sep 09 2023 06: +0,1694235600
3.455,1,Sep 09 2023 07: +0,1694239200
2.921,4,Sep 09 2023 08: +0,1694242800
3.218,15,Sep 09 2023 09: +0,1694246400
0.907,1,Sep 09 2023 10: +0,1694250000
3.09,4,Sep 09 2023 11: +0,1694253600
2.937,5,Sep 09 2023 12: +0,1694257200
3.076,12,Sep 09 2023 13: +0,1694260800
3.342,2,Sep 09 2023 14: +0,1694264400
3.037,2,Sep 09 2023 15: +0,1694268000
3.123,8,Sep 09 2023 16: +0,1694271600
2.929,1,Sep 09 2023 17: +0,1694275200
3.173,11,Sep 09 2023 18: +0,1694278800
3.332,11,Sep 09 2023 19: +0,1694282400
3.033,4,Sep 09 2023 20: +0,1694286000
3.05,7,Sep 09 2023 21: +0,1694289600
3.128,3,Sep 09 2023 22: +0,1694293200
3.034,4,Sep 09 2023 23: +0,1694296800
3.05,1,Sep 10 2023 00: +0,1694300400
3.003,2,Sep 10 2023 01: +0,1694304000
2.958,1,Sep 10 2023 02: +0,1694307600
3.034,6,Sep 10 2023 03: +0,1694311200
2.756,2,Sep 10 2023 04: +0,1694314800
3.347,4,Sep 10 2023 05: +0,1694318400
3.375,2,Sep 10 2023 06: +0,1694322000
3.171,5,Sep 10 2023 08: +0,1694329200
3.617,15,Sep 10 2023 09: +0,1694332800
3.271,3,Sep 10 2023 10: +0,1694336400
3.275,3,Sep 10 2023 11: +0,1694340000
3.181,10,Sep 10 2023 12: +0,1694343600
3.097,4,Sep 10 2023 13: +0,1694347200
3.119,4,Sep 10 2023 14: +0,1694350800
2.919,4,Sep 10 2023 15: +0,1694354400
3.026,1,Sep 10 2023 16: +0,1694358000
3.324,28,Sep 10 2023 17: +0,1694361600
3.411,4,Sep 10 2023 18: +0,1694365200
3.082,5,Sep 10 2023 19: +0,1694368800
3.03,12,Sep 10 2023 20: +0,1694372400
2.415,7,Sep 10 2023 21: +0,1694376000
3.469,11,Sep 10 2023 22: +0,1694379600
3.499,5,Sep 10 2023 23: +0,1694383200
3.493,12,Sep 11 2023 00: +0,1694386800
3.637,26,Sep 11 2023 01: +0,1694390400
3.58,9,Sep 11 2023 02: +0,1694394000
3.067,1,Sep 11 2023 03: +0,1694397600
3.525,7,Sep 11 2023 04: +0,1694401200
3.387,1,Sep 11 2023 05: +0,1694404800
3.601,7,Sep 11 2023 06: +0,1694408400
3.587,8,Sep 11 2023 08: +0,1694415600
3.358,3,Sep 11 2023 10: +0,1694422800
3.613,3,Sep 11 2023 11: +0,1694426400
3.074,1,Sep 11 2023 12: +0,1694430000
3.303,8,Sep 11 2023 13: +0,1694433600
3.43,1,Sep 11 2023 14: +0,1694437200
3.404,20,Sep 11 2023 15: +0,1694440800
3.637,22,Sep 11 2023 16: +0,1694444400
3.589,5,Sep 11 2023 17: +0,1694448000
3.129,4,Sep 11 2023 18: +0,1694451600
1.881,8,Sep 11 2023 19: +0,1694455200
1.912,4,Sep 11 2023 20: +0,1694458800
3.383,10,Sep 11 2023 21: +0,1694462400
3.102,4,Sep 11 2023 22: +0,1694466000
3.452,1,Sep 12 2023 00: +0,1694473200
3.464,1,Sep 12 2023 02: +0,1694480400
3.54,2,Sep 12 2023 03: +0,1694484000
3.118,2,Sep 12 2023 04: +0,1694487600
3.211,1,Sep 12 2023 05: +0,1694491200
3.596,18,Sep 12 2023 07: +0,1694498400
3.664,18,Sep 12 2023 08: +0,1694502000
3.098,3,Sep 12 2023 09: +0,1694505600
3.46,1,Sep 12 2023 10: +0,1694509200
3.625,15,Sep 12 2023 11: +0,1694512800
0.844,3,Sep 12 2023 13: +0,1694520000
3.344,4,Sep 12 2023 14: +0,1694523600
0.842,1,Sep 12 2023 15: +0,1694527200
3.233,4,Sep 12 2023 16: +0,1694530800
2.138,2,Sep 12 2023 17: +0,1694534400
3.026,3,Sep 12 2023 18: +0,1694538000
3.429,6,Sep 12 2023 19: +0,1694541600
3.165,5,Sep 12 2023 20: +0,1694545200
3.166,5,Sep 12 2023 21: +0,1694548800
1.935,3,Sep 12 2023 22: +0,1694552400
3.278,6,Sep 12 2023 23: +0,1694556000
3.282,1,Sep 13 2023 00: +0,1694559600
3.276,1,Sep 13 2023 02: +0,1694566800
3.171,4,Sep 13 2023 03: +0,1694570400
3.267,1,Sep 13 2023 04: +0,1694574000
3.171,2,Sep 13 2023 05: +0,1694577600
3.219,5,Sep 13 2023 06: +0,1694581200
3.275,3,Sep 13 2023 08: +0,1694588400
3.281,5,Sep 13 2023 09: +0,1694592000
3.291,19,Sep 13 2023 10: +0,1694595600
3.303,7,Sep 13 2023 11: +0,1694599200
0.905,3,Sep 13 2023 12: +0,1694602800
3.207,4,Sep 13 2023 13: +0,1694606400
3.179,5,Sep 13 2023 14: +0,1694610000
3.175,2,Sep 13 2023 15: +0,1694613600
3.304,4,Sep 13 2023 16: +0,1694617200
3.34,8,Sep 13 2023 17: +0,1694620800
3.197,6,Sep 13 2023 18: +0,1694624400
3.155,2,Sep 13 2023 19: +0,1694628000
3.239,6,Sep 13 2023 20: +0,1694631600
0.911,3,Sep 13 2023 21: +0,1694635200
3.32,4,Sep 13 2023 22: +0,1694638800
3.223,3,Sep 13 2023 23: +0,1694642400
0.87,3,Sep 14 2023 00: +0,1694646000
3.478,7,Sep 14 2023 01: +0,1694649600
3.629,1,Sep 14 2023 02: +0,1694653200
3.312,2,Sep 14 2023 03: +0,1694656800
3.179,5,Sep 14 2023 04: +0,1694660400
3.203,1,Sep 14 2023 05: +0,1694664000
3.187,2,Sep 14 2023 06: +0,1694667600
3.462,6,Sep 14 2023 08: +0,1694674800
3.444,7,Sep 14 2023 09: +0,1694678400
2.802,2,Sep 14 2023 10: +0,1694682000
2.648,2,Sep 14 2023 11: +0,1694685600
3.168,1,Sep 14 2023 12: +0,1694689200
3.439,12,Sep 14 2023 13: +0,1694692800
3.155,6,Sep 14 2023 14: +0,1694696400
3.017,6,Sep 14 2023 15: +0,1694700000
3.32,4,Sep 14 2023 16: +0,1694703600
3.429,7,Sep 14 2023 17: +0,1694707200
3.448,11,Sep 14 2023 18: +0,1694710800
3.386,7,Sep 14 2023 19: +0,1694714400
3.179,5,Sep 14 2023 20: +0,1694718000
3.18,8,Sep 14 2023 21: +0,1694721600
3.296,11,Sep 14 2023 22: +0,1694725200
3.267,1,Sep 14 2023 23: +0,1694728800
2.986,6,Sep 15 2023 00: +0,1694732400
2.847,4,Sep 15 2023 04: +0,1694746800
3.308,5,Sep 15 2023 05: +0,1694750400
3.295,1,Sep 15 2023 07: +0,1694757600
3.216,4,Sep 15 2023 08: +0,1694761200
2.377,5,Sep 15 2023 09: +0,1694764800
3.45,14,Sep 15 2023 10: +0,1694768400
3.243,8,Sep 15 2023 11: +0,1694772000
3.444,4,Sep 15 2023 12: +0,1694775600
3.09,1,Sep 15 2023 13: +0,1694779200
3.32,8,Sep 15 2023 14: +0,1694782800
3.203,16,Sep 15 2023 15: +0,1694786400
3.43,16,Sep 15 2023 16: +0,1694790000
3.466,7,Sep 15 2023 17: +0,1694793600
3.321,6,Sep 15 2023 18: +0,1694797200
3.474,5,Sep 15 2023 19: +0,1694800800
2.139,2,Sep 15 2023 20: +0,1694804400
3.478,19,Sep 15 2023 21: +0,1694808000
0.823,2,Sep 15 2023 22: +0,1694811600
3.482,6,Sep 15 2023 23: +0,1694815200
3.24,5,Sep 16 2023 00: +0,1694818800
3.398,2,Sep 16 2023 01: +0,1694822400
3.278,4,Sep 16 2023 02: +0,1694826000
3.304,3,Sep 16 2023 03: +0,1694829600
3.167,7,Sep 16 2023 04: +0,1694833200
3.326,1,Sep 16 2023 05: +0,1694836800
3.345,3,Sep 16 2023 06: +0,1694840400
3.435,2,Sep 16 2023 07: +0,1694844000
3.45,2,Sep 16 2023 08: +0,1694847600
3.559,2,Sep 16 2023 09: +0,1694851200
3.182,6,Sep 16 2023 10: +0,1694854800
2.84,2,Sep 16 2023 11: +0,1694858400
3.321,11,Sep 16 2023 12: +0,1694862000
3.343,10,Sep 16 2023 13: +0,1694865600
3.214,2,Sep 16 2023 14: +0,1694869200
3.506,5,Sep 16 2023 15: +0,1694872800
3.343,4,Sep 16 2023 16: +0,1694876400
3.546,18,Sep 16 2023 17: +0,1694880000
3.326,5,Sep 16 2023 18: +0,1694883600
3.447,3,Sep 16 2023 19: +0,1694887200
3.251,2,Sep 16 2023 20: +0,1694890800
3.393,3,Sep 16 2023 21: +0,1694894400
3.619,1,Sep 16 2023 22: +0,1694898000
3.515,4,Sep 16 2023 23: +0,1694901600
3.555,7,Sep 17 2023 00: +0,1694905200
3.325,4,Sep 17 2023 01: +0,1694908800
3.352,4,Sep 17 2023 02: +0,1694912400
3.288,4,Sep 17 2023 03: +0,1694916000
3.326,3,Sep 17 2023 04: +0,1694919600
3.189,1,Sep 17 2023 05: +0,1694923200
3.325,1,Sep 17 2023 06: +0,1694926800
3.409,11,Sep 17 2023 07: +0,1694930400
3.329,6,Sep 17 2023 08: +0,1694934000
3.346,10,Sep 17 2023 09: +0,1694937600
3.331,4,Sep 17 2023 10: +0,1694941200
3.333,3,Sep 17 2023 11: +0,1694944800
3.531,3,Sep 17 2023 12: +0,1694948400
3.327,4,Sep 17 2023 13: +0,1694952000
3.338,3,Sep 17 2023 14: +0,1694955600
3.335,7,Sep 17 2023 15: +0,1694959200
3.279,6,Sep 17 2023 16: +0,1694962800
3.501,11,Sep 17 2023 17: +0,1694966400
3.393,4,Sep 17 2023 18: +0,1694970000
0.778,1,Sep 17 2023 19: +0,1694973600
2.925,2,Sep 17 2023 20: +0,1694977200
3.335,3,Sep 17 2023 21: +0,1694980800
3.636,3,Sep 17 2023 22: +0,1694984400
3.44,3,Sep 17 2023 23: +0,1694988000
3.571,9,Sep 18 2023 00: +0,1694991600
3.481,5,Sep 18 2023 01: +0,1694995200
3.563,8,Sep 18 2023 02: +0,1694998800
3.562,10,Sep 18 2023 03: +0,1695002400
3.125,4,Sep 18 2023 04: +0,1695006000
3.191,3,Sep 18 2023 05: +0,1695009600
3.543,4,Sep 18 2023 06: +0,1695013200
0.871,3,Sep 18 2023 07: +0,1695016800
3.636,8,Sep 18 2023 08: +0,1695020400
3.347,1,Sep 18 2023 09: +0,1695024000
3.326,6,Sep 18 2023 12: +0,1695034800
3.352,3,Sep 18 2023 13: +0,1695038400
3.631,23,Sep 18 2023 14: +0,1695042000
3.771,12,Sep 18 2023 15: +0,1695045600
3.454,3,Sep 18 2023 16: +0,1695049200
3.361,7,Sep 18 2023 17: +0,1695052800
3.232,3,Sep 18 2023 18: +0,1695056400
3.175,2,Sep 18 2023 19: +0,1695060000
3.693,16,Sep 18 2023 20: +0,1695063600
3.508,2,Sep 18 2023 21: +0,1695067200
3.578,4,Sep 18 2023 22: +0,1695070800
3.439,4,Sep 18 2023 23: +0,1695074400
3.383,1,Sep 19 2023 00: +0,1695078000
3.809,8,Sep 19 2023 01: +0,1695081600
3.449,2,Sep 19 2023 02: +0,1695085200
0.884,3,Sep 19 2023 03: +0,1695088800
3.371,4,Sep 19 2023 04: +0,1695092400
3.392,1,Sep 19 2023 05: +0,1695096000
3.304,2,Sep 19 2023 06: +0,1695099600
3.576,3,Sep 19 2023 07: +0,1695103200
3.696,5,Sep 19 2023 08: +0,1695106800
3.77,3,Sep 19 2023 09: +0,1695110400
3.391,3,Sep 19 2023 10: +0,1695114000
3.391,1,Sep 19 2023 11: +0,1695117600
2.951,2,Sep 19 2023 12: +0,1695121200
3.478,4,Sep 19 2023 13: +0,1695124800
3.583,3,Sep 19 2023 14: +0,1695128400
3.41,2,Sep 19 2023 15: +0,1695132000
3.565,6,Sep 19 2023 16: +0,1695135600
2.034,2,Sep 19 2023 17: +0,1695139200
3.413,4,Sep 19 2023 18: +0,1695142800
3.438,2,Sep 19 2023 19: +0,1695146400
3.409,3,Sep 19 2023 20: +0,1695150000
3.485,3,Sep 19 2023 21: +0,1695153600
3.499,4,Sep 19 2023 22: +0,1695157200
4.178,4,Sep 19 2023 23: +0,1695160800
3.494,2,Sep 20 2023 01: +0,1695168000
3.77,6,Sep 20 2023 02: +0,1695171600
3.704,4,Sep 20 2023 03: +0,1695175200
3.446,2,Sep 20 2023 04: +0,1695178800
3.564,4,Sep 20 2023 05: +0,1695182400
3.609,2,Sep 20 2023 06: +0,1695186000
3.803,2,Sep 20 2023 07: +0,1695189600
3.836,1,Sep 20 2023 08: +0,1695193200
3.647,1,Sep 20 2023 09: +0,1695196800
3.685,3,Sep 20 2023 10: +0,1695200400
3.692,3,Sep 20 2023 11: +0,1695204000
3.548,2,Sep 20 2023 12: +0,1695207600
4.253,1,Sep 20 2023 13: +0,1695211200
3.675,12,Sep 20 2023 14: +0,1695214800
3.696,2,Sep 20 2023 15: +0,1695218400
3.253,8,Sep 20 2023 16: +0,1695222000
3.606,2,Sep 20 2023 17: +0,1695225600
3.409,5,Sep 20 2023 18: +0,1695229200
3.45,1,Sep 20 2023 19: +0,1695232800
4.253,1,Sep 20 2023 20: +0,1695236400
3.073,2,Sep 20 2023 21: +0,1695240000
3.348,4,Sep 20 2023 22: +0,1695243600
3.196,2,Sep 20 2023 23: +0,1695247200
3.465,4,Sep 21 2023 00: +0,1695250800
3.516,6,Sep 21 2023 02: +0,1695258000
3.671,5,Sep 21 2023 03: +0,1695261600
3.697,5,Sep 21 2023 04: +0,1695265200
0.877,1,Sep 21 2023 05: +0,1695268800
3.393,2,Sep 21 2023 06: +0,1695272400
3.348,2,Sep 21 2023 08: +0,1695279600
3.442,1,Sep 21 2023 09: +0,1695283200
3.485,5,Sep 21 2023 10: +0,1695286800
3.644,3,Sep 21 2023 11: +0,1695290400
3.417,5,Sep 21 2023 12: +0,1695294000
3.391,3,Sep 21 2023 13: +0,1695297600
3.561,2,Sep 21 2023 14: +0,1695301200
3.606,8,Sep 21 2023 15: +0,1695304800
3.417,5,Sep 21 2023 16: +0,1695308400
3.329,5,Sep 21 2023 17: +0,1695312000
3.519,8,Sep 21 2023 18: +0,1695315600
3.468,2,Sep 21 2023 19: +0,1695319200
3.357,4,Sep 21 2023 20: +0,1695322800
3.434,2,Sep 21 2023 21: +0,1695326400
3.417,6,Sep 21 2023 22: +0,1695330000
3.434,1,Sep 21 2023 23: +0,1695333600
3.278,1,Sep 22 2023 00: +0,1695337200
3.421,2,Sep 22 2023 02: +0,1695344400
3.2,2,Sep 22 2023 03: +0,1695348000
3.433,7,Sep 22 2023 04: +0,1695351600
3.356,4,Sep 22 2023 05: +0,1695355200
3.38,2,Sep 22 2023 07: +0,1695362400
2.801,1,Sep 22 2023 08: +0,1695366000
3.417,1,Sep 22 2023 09: +0,1695369600
3.697,5,Sep 22 2023 10: +0,1695373200
3.413,2,Sep 22 2023 11: +0,1695376800
3.364,6,Sep 22 2023 12: +0,1695380400
3.458,5,Sep 22 2023 13: +0,1695384000
3.335,5,Sep 22 2023 14: +0,1695387600
0.884,3,Sep 22 2023 15: +0,1695391200
3.344,4,Sep 22 2023 16: +0,1695394800
3.446,12,Sep 22 2023 17: +0,1695398400
3.499,3,Sep 22 2023 18: +0,1695402000
3.491,9,Sep 22 2023 19: +0,1695405600
3.696,7,Sep 22 2023 20: +0,1695409200
3.446,6,Sep 22 2023 22: +0,1695416400
3.221,3,Sep 23 2023 00: +0,1695423600
3.557,1,Sep 23 2023 01: +0,1695427200
3.319,1,Sep 23 2023 03: +0,1695434400
3.352,5,Sep 23 2023 04: +0,1695438000
3.303,1,Sep 23 2023 05: +0,1695441600
3.335,1,Sep 23 2023 06: +0,1695445200
3.487,2,Sep 23 2023 07: +0,1695448800
3.483,7,Sep 23 2023 08: +0,1695452400
3.589,1,Sep 23 2023 09: +0,1695456000
3.73,4,Sep 23 2023 10: +0,1695459600
3.631,2,Sep 23 2023 11: +0,1695463200
3.163,1,Sep 23 2023 12: +0,1695466800
3.352,4,Sep 23 2023 13: +0,1695470400
3.352,3,Sep 23 2023 14: +0,1695474000
3.368,5,Sep 23 2023 15: +0,1695477600
3.168,2,Sep 23 2023 17: +0,1695484800
2.962,4,Sep 23 2023 18: +0,1695488400
3.204,2,Sep 23 2023 19: +0,1695492000
3.147,3,Sep 23 2023 20: +0,1695495600
3.515,4,Sep 23 2023 21: +0,1695499200
3.442,1,Sep 23 2023 22: +0,1695502800
3.397,2,Sep 23 2023 23: +0,1695506400
3.511,5,Sep 24 2023 01: +0,1695513600
3.352,1,Sep 24 2023 04: +0,1695524400
3.366,1,Sep 24 2023 05: +0,1695528000
3.369,3,Sep 24 2023 06: +0,1695531600
3.569,3,Sep 24 2023 07: +0,1695535200
3.49,6,Sep 24 2023 08: +0,1695538800
3.696,1,Sep 24 2023 09: +0,1695542400
3.604,17,Sep 24 2023 10: +0,1695546000
3.556,4,Sep 24 2023 11: +0,1695549600
3.369,3,Sep 24 2023 12: +0,1695553200
3.401,12,Sep 24 2023 13: +0,1695556800
3.588,3,Sep 24 2023 14: +0,1695560400
3.58,5,Sep 24 2023 16: +0,1695567600
2.827,1,Sep 24 2023 17: +0,1695571200
3.325,2,Sep 24 2023 18: +0,1695574800
3.442,1,Sep 24 2023 19: +0,1695578400
3.372,2,Sep 24 2023 20: +0,1695582000
3.458,3,Sep 24 2023 23: +0,1695592800
3.429,2,Sep 25 2023 00: +0,1695596400
3.54,3,Sep 25 2023 01: +0,1695600000
3.483,1,Sep 25 2023 03: +0,1695607200
3.589,5,Sep 25 2023 06: +0,1695618000
3.63,2,Sep 25 2023 07: +0,1695621600
3.394,3,Sep 25 2023 08: +0,1695625200
3.588,1,Sep 25 2023 10: +0,1695632400
3.61,3,Sep 25 2023 11: +0,1695636000
3.558,1,Sep 25 2023 12: +0,1695639600
3.554,1,Sep 25 2023 13: +0,1695643200
3.252,2,Sep 25 2023 14: +0,1695646800
3.497,4,Sep 25 2023 15: +0,1695650400
3.558,12,Sep 25 2023 16: +0,1695654000
3.563,10,Sep 25 2023 17: +0,1695657600
3.395,2,Sep 25 2023 18: +0,1695661200
3.553,10,Sep 25 2023 19: +0,1695664800
3.506,10,Sep 25 2023 20: +0,1695668400
3.606,21,Sep 25 2023 21: +0,1695672000
3.68,12,Sep 25 2023 22: +0,1695675600
3.622,11,Sep 25 2023 23: +0,1695679200
3.278,3,Sep 26 2023 00: +0,1695682800
3.622,1,Sep 26 2023 02: +0,1695690000
3.636,4,Sep 26 2023 03: +0,1695693600
3.622,1,Sep 26 2023 05: +0,1695700800
3.606,1,Sep 26 2023 06: +0,1695704400
3.417,3,Sep 26 2023 07: +0,1695708000
3.476,1,Sep 26 2023 08: +0,1695711600
0.873,2,Sep 26 2023 09: +0,1695715200
3.348,3,Sep 26 2023 10: +0,1695718800
3.434,2,Sep 26 2023 13: +0,1695729600
3.434,3,Sep 26 2023 14: +0,1695733200
3.505,8,Sep 26 2023 15: +0,1695736800
3.237,1,Sep 26 2023 16: +0,1695740400
3.561,7,Sep 26 2023 17: +0,1695744000
3.549,5,Sep 26 2023 18: +0,1695747600
0.829,5,Sep 26 2023 19: +0,1695751200
3.462,7,Sep 26 2023 20: +0,1695754800
3.52,4,Sep 26 2023 21: +0,1695758400
3.507,2,Sep 26 2023 22: +0,1695762000
3.523,2,Sep 26 2023 23: +0,1695765600
3.184,2,Sep 27 2023 00: +0,1695769200
3.462,10,Sep 27 2023 02: +0,1695776400
3.42,2,Sep 27 2023 03: +0,1695780000
3.462,3,Sep 27 2023 04: +0,1695783600
3.466,1,Sep 27 2023 06: +0,1695790800
3.378,4,Sep 27 2023 07: +0,1695794400
3.47,12,Sep 27 2023 08: +0,1695798000
3.383,1,Sep 27 2023 09: +0,1695801600
3.375,6,Sep 27 2023 10: +0,1695805200
3.763,4,Sep 27 2023 11: +0,1695808800
3.456,1,Sep 27 2023 12: +0,1695812400
3.457,9,Sep 27 2023 13: +0,1695816000
3.274,2,Sep 27 2023 14: +0,1695819600
3.43,2,Sep 27 2023 15: +0,1695823200
1.904,6,Sep 27 2023 16: +0,1695826800
3.343,7,Sep 27 2023 17: +0,1695830400
3.274,3,Sep 27 2023 20: +0,1695841200
3.274,4,Sep 27 2023 21: +0,1695844800
3.274,5,Sep 27 2023 22: +0,1695848400
3.458,20,Sep 27 2023 23: +0,1695852000
3.363,2,Sep 28 2023 00: +0,1695855600
3.214,4,Sep 28 2023 01: +0,1695859200
3.511,13,Sep 28 2023 02: +0,1695862800
3.552,9,Sep 28 2023 03: +0,1695866400
3.298,2,Sep 28 2023 04: +0,1695870000
3.396,3,Sep 28 2023 05: +0,1695873600
2.955,1,Sep 28 2023 07: +0,1695880800
3.216,2,Sep 28 2023 08: +0,1695884400
3.196,1,Sep 28 2023 09: +0,1695888000
3.205,5,Sep 28 2023 10: +0,1695891600
3.143,7,Sep 28 2023 11: +0,1695895200
3.176,4,Sep 28 2023 12: +0,1695898800
3.025,6,Sep 28 2023 13: +0,1695902400
3.176,4,Sep 28 2023 14: +0,1695906000
3.013,6,Sep 28 2023 15: +0,1695909600
3.2,4,Sep 28 2023 16: +0,1695913200
3.213,13,Sep 28 2023 17: +0,1695916800
3.462,11,Sep 28 2023 18: +0,1695920400
3.158,3,Sep 28 2023 19: +0,1695924000
3.086,4,Sep 28 2023 20: +0,1695927600
3.208,8,Sep 28 2023 21: +0,1695931200
3.235,2,Sep 28 2023 22: +0,1695934800
3.397,5,Sep 28 2023 23: +0,1695938400
3.339,3,Sep 29 2023 00: +0,1695942000
2.824,1,Sep 29 2023 01: +0,1695945600
3.395,8,Sep 29 2023 02: +0,1695949200
3.454,12,Sep 29 2023 03: +0,1695952800
3.658,10,Sep 29 2023 04: +0,1695956400
3.685,11,Sep 29 2023 05: +0,1695960000
0.879,16,Sep 29 2023 06: +0,1695963600
3.233,7,Sep 29 2023 07: +0,1695967200
3.274,3,Sep 29 2023 08: +0,1695970800
3.167,1,Sep 29 2023 09: +0,1695974400
3.495,4,Sep 29 2023 10: +0,1695978000
3.028,1,Sep 29 2023 11: +0,1695981600
3.176,3,Sep 29 2023 12: +0,1695985200
3.204,6,Sep 29 2023 13: +0,1695988800
3.166,3,Sep 29 2023 14: +0,1695992400
3.429,3,Sep 29 2023 15: +0,1695996000
3.507,10,Sep 29 2023 16: +0,1695999600
3.612,12,Sep 29 2023 17: +0,1696003200
3.368,2,Sep 29 2023 18: +0,1696006800
3.561,6,Sep 29 2023 19: +0,1696010400
3.176,3,Sep 29 2023 20: +0,1696014000
3.462,9,Sep 29 2023 21: +0,1696017600
3.675,12,Sep 29 2023 22: +0,1696021200
3.257,3,Sep 29 2023 23: +0,1696024800
3.397,11,Sep 30 2023 00: +0,1696028400
3.75,9,Sep 30 2023 01: +0,1696032000
2.761,2,Sep 30 2023 02: +0,1696035600
3.176,3,Sep 30 2023 03: +0,1696039200
3.405,4,Sep 30 2023 04: +0,1696042800
3.223,2,Sep 30 2023 05: +0,1696046400
3.155,1,Sep 30 2023 06: +0,1696050000
3.339,4,Sep 30 2023 07: +0,1696053600
3.112,4,Sep 30 2023 08: +0,1696057200
3.202,2,Sep 30 2023 09: +0,1696060800
3.2,6,Sep 30 2023 10: +0,1696064400
3.212,5,Sep 30 2023 11: +0,1696068000
2.002,6,Sep 30 2023 12: +0,1696071600
1.951,2,Sep 30 2023 13: +0,1696075200
3.294,5,Sep 30 2023 14: +0,1696078800
3.176,5,Sep 30 2023 15: +0,1696082400
3.495,10,Sep 30 2023 16: +0,1696086000
2.833,2,Sep 30 2023 17: +0,1696089600
3.275,1,Sep 30 2023 18: +0,1696093200
3.331,3,Sep 30 2023 19: +0,1696096800
3.176,6,Sep 30 2023 20: +0,1696100400
3.162,3,Sep 30 2023 21: +0,1696104000
3.478,15,Sep 30 2023 22: +0,1696107600
3.176,9,Sep 30 2023 23: +0,1696111200
2.816,2,Oct 01 2023 00: +0,1696114800
3.667,19,Oct 01 2023 01: +0,1696118400
3.203,4,Oct 01 2023 02: +0,1696122000
3.028,1,Oct 01 2023 03: +0,1696125600
3.237,6,Oct 01 2023 04: +0,1696129200
2.871,7,Oct 01 2023 05: +0,1696132800
3.176,3,Oct 01 2023 06: +0,1696136400
3.176,4,Oct 01 2023 07: +0,1696140000
3.297,11,Oct 01 2023 08: +0,1696143600
3.343,2,Oct 01 2023 09: +0,1696147200
3.473,7,Oct 01 2023 10: +0,1696150800
3.19,1,Oct 01 2023 11: +0,1696154400
3.176,5,Oct 01 2023 12: +0,1696158000
3.36,9,Oct 01 2023 13: +0,1696161600
3.456,12,Oct 01 2023 14: +0,1696165200
2.758,5,Oct 01 2023 15: +0,1696168800
3.178,5,Oct 01 2023 16: +0,1696172400
2.834,4,Oct 01 2023 17: +0,1696176000
3.254,3,Oct 01 2023 18: +0,1696179600
3.356,4,Oct 01 2023 19: +0,1696183200
3.179,11,Oct 01 2023 20: +0,1696186800
3.388,11,Oct 01 2023 21: +0,1696190400
3.473,5,Oct 01 2023 22: +0,1696194000
3.471,3,Oct 01 2023 23: +0,1696197600
3.107,3,Oct 02 2023 00: +0,1696201200
3.274,5,Oct 02 2023 01: +0,1696204800
3.028,3,Oct 02 2023 03: +0,1696212000
3.478,11,Oct 02 2023 04: +0,1696215600
3.279,6,Oct 02 2023 05: +0,1696219200
3.324,4,Oct 02 2023 06: +0,1696222800
3.48,8,Oct 02 2023 08: +0,1696230000
3.139,4,Oct 02 2023 09: +0,1696233600
3.463,10,Oct 02 2023 11: +0,1696240800
3.143,3,Oct 02 2023 12: +0,1696244400
3.468,2,Oct 02 2023 13: +0,1696248000
3.249,2,Oct 02 2023 14: +0,1696251600
3.36,3,Oct 02 2023 15: +0,1696255200
3.064,4,Oct 02 2023 16: +0,1696258800
3.078,5,Oct 02 2023 17: +0,1696262400
3.443,10,Oct 02 2023 18: +0,1696266000
3.437,3,Oct 02 2023 19: +0,1696269600
2.998,1,Oct 02 2023 20: +0,1696273200
3.138,3,Oct 02 2023 21: +0,1696276800
3.031,3,Oct 02 2023 22: +0,1696280400
2.99,2,Oct 03 2023 00: +0,1696287600
3.373,11,Oct 03 2023 01: +0,1696291200
3.122,3,Oct 03 2023 02: +0,1696294800
3.122,3,Oct 03 2023 03: +0,1696298400
3.291,2,Oct 03 2023 04: +0,1696302000
2.472,1,Oct 03 2023 05: +0,1696305600
0.88,9,Oct 03 2023 06: +0,1696309200
0.835,2,Oct 03 2023 07: +0,1696312800
3.361,1,Oct 03 2023 08: +0,1696316400
3.341,16,Oct 03 2023 09: +0,1696320000
3.438,1,Oct 03 2023 10: +0,1696323600
3.38,7,Oct 03 2023 11: +0,1696327200
3.431,5,Oct 03 2023 13: +0,1696334400
3.097,4,Oct 03 2023 14: +0,1696338000
3.467,28,Oct 03 2023 15: +0,1696341600
3.514,25,Oct 03 2023 16: +0,1696345200
1.944,2,Oct 03 2023 17: +0,1696348800
3.466,3,Oct 03 2023 18: +0,1696352400
3.536,6,Oct 03 2023 19: +0,1696356000
3.608,9,Oct 03 2023 20: +0,1696359600
3.16,2,Oct 03 2023 21: +0,1696363200
2.883,3,Oct 03 2023 22: +0,1696366800
3.451,6,Oct 03 2023 23: +0,1696370400
3.117,1,Oct 04 2023 00: +0,1696374000
3.241,2,Oct 04 2023 01: +0,1696377600
3.245,9,Oct 04 2023 02: +0,1696381200
1.829,2,Oct 04 2023 03: +0,1696384800
3.41,3,Oct 04 2023 04: +0,1696388400
2.883,1,Oct 04 2023 05: +0,1696392000
3.221,4,Oct 04 2023 06: +0,1696395600
2.735,2,Oct 04 2023 07: +0,1696399200
3.147,15,Oct 04 2023 08: +0,1696402800
3.427,7,Oct 04 2023 09: +0,1696406400
3.4,1,Oct 04 2023 10: +0,1696410000
3.176,5,Oct 04 2023 11: +0,1696413600
3.193,3,Oct 04 2023 12: +0,1696417200
2.087,4,Oct 04 2023 13: +0,1696420800
1.946,6,Oct 04 2023 14: +0,1696424400
2.419,2,Oct 04 2023 15: +0,1696428000
3.041,3,Oct 04 2023 16: +0,1696431600
3.297,12,Oct 04 2023 17: +0,1696435200
3.095,2,Oct 04 2023 18: +0,1696438800
3.427,20,Oct 04 2023 19: +0,1696442400
3.027,3,Oct 04 2023 20: +0,1696446000
3.159,2,Oct 04 2023 22: +0,1696453200
3.196,1,Oct 04 2023 23: +0,1696456800
3.179,5,Oct 05 2023 01: +0,1696464000
3.196,7,Oct 05 2023 02: +0,1696467600
3.377,5,Oct 05 2023 03: +0,1696471200
3.171,4,Oct 05 2023 04: +0,1696474800
3.476,1,Oct 05 2023 05: +0,1696478400
3.542,15,Oct 05 2023 06: +0,1696482000
3.608,12,Oct 05 2023 07: +0,1696485600
3.481,12,Oct 05 2023 09: +0,1696492800
3.077,8,Oct 05 2023 10: +0,1696496400
3.274,4,Oct 05 2023 11: +0,1696500000
2.211,2,Oct 05 2023 12: +0,1696503600
3.164,4,Oct 05 2023 13: +0,1696507200
3.603,14,Oct 05 2023 14: +0,1696510800
3.517,2,Oct 05 2023 15: +0,1696514400
3.171,1,Oct 05 2023 16: +0,1696518000
3.6,27,Oct 05 2023 17: +0,1696521600
3.386,2,Oct 05 2023 18: +0,1696525200
3.382,5,Oct 05 2023 19: +0,1696528800
0.88,5,Oct 05 2023 20: +0,1696532400
2.142,4,Oct 05 2023 21: +0,1696536000
3.624,1,Oct 05 2023 22: +0,1696539600
3.508,1,Oct 05 2023 23: +0,1696543200
3.074,2,Oct 06 2023 00: +0,1696546800
3.464,4,Oct 06 2023 01: +0,1696550400
3.385,4,Oct 06 2023 02: +0,1696554000
2.999,1,Oct 06 2023 03: +0,1696557600
3.385,1,Oct 06 2023 04: +0,1696561200
3.55,8,Oct 06 2023 05: +0,1696564800
3.443,6,Oct 06 2023 06: +0,1696568400
3.55,9,Oct 06 2023 07: +0,1696572000
3.562,12,Oct 06 2023 08: +0,1696575600
3.484,7,Oct 06 2023 09: +0,1696579200
3.534,1,Oct 06 2023 10: +0,1696582800
4.291,5,Oct 06 2023 11: +0,1696586400
3.176,4,Oct 06 2023 12: +0,1696590000
3.251,4,Oct 06 2023 13: +0,1696593600
3.27,7,Oct 06 2023 14: +0,1696597200
3.27,8,Oct 06 2023 15: +0,1696600800
2.078,4,Oct 06 2023 16: +0,1696604400
3.096,3,Oct 06 2023 17: +0,1696608000
3.242,3,Oct 06 2023 18: +0,1696611600
3.464,3,Oct 06 2023 19: +0,1696615200
3.283,1,Oct 06 2023 21: +0,1696622400
3.294,9,Oct 06 2023 22: +0,1696626000
3.52,4,Oct 06 2023 23: +0,1696629600
3.538,15,Oct 07 2023 00: +0,1696633200
3.589,1,Oct 07 2023 01: +0,1696636800
3.53,4,Oct 07 2023 02: +0,1696640400
3.579,7,Oct 07 2023 03: +0,1696644000
3.443,2,Oct 07 2023 04: +0,1696647600
3.287,12,Oct 07 2023 06: +0,1696654800
3.595,1,Oct 07 2023 07: +0,1696658400
3.24,6,Oct 07 2023 08: +0,1696662000
3.179,3,Oct 07 2023 09: +0,1696665600
3.332,8,Oct 07 2023 10: +0,1696669200
3.394,2,Oct 07 2023 11: +0,1696672800
3.477,9,Oct 07 2023 12: +0,1696676400
3.68,7,Oct 07 2023 13: +0,1696680000
3.441,5,Oct 07 2023 14: +0,1696683600
3.494,2,Oct 07 2023 15: +0,1696687200
3.156,1,Oct 07 2023 16: +0,1696690800
3.572,13,Oct 07 2023 17: +0,1696694400
3.567,3,Oct 07 2023 18: +0,1696698000
3.387,11,Oct 07 2023 19: +0,1696701600
3.256,6,Oct 07 2023 20: +0,1696705200
3.265,1,Oct 07 2023 21: +0,1696708800
3.26,3,Oct 07 2023 22: +0,1696712400
3.449,4,Oct 07 2023 23: +0,1696716000
3.122,8,Oct 08 2023 00: +0,1696719600
3.392,6,Oct 08 2023 01: +0,1696723200
3.551,12,Oct 08 2023 02: +0,1696726800
3.575,9,Oct 08 2023 03: +0,1696730400
3.636,14,Oct 08 2023 04: +0,1696734000
3.493,2,Oct 08 2023 05: +0,1696737600
3.432,4,Oct 08 2023 06: +0,1696741200
3.017,1,Oct 08 2023 07: +0,1696744800
3.6,3,Oct 08 2023 08: +0,1696748400
2.207,2,Oct 08 2023 09: +0,1696752000
3.14,4,Oct 08 2023 10: +0,1696755600
3.388,2,Oct 08 2023 11: +0,1696759200
3.622,10,Oct 08 2023 12: +0,1696762800
3.155,1,Oct 08 2023 13: +0,1696766400
0.826,3,Oct 08 2023 14: +0,1696770000
3.208,9,Oct 08 2023 15: +0,1696773600
3.077,3,Oct 08 2023 16: +0,1696777200
3.257,5,Oct 08 2023 17: +0,1696780800
0.87,7,Oct 08 2023 18: +0,1696784400
3.51,7,Oct 08 2023 19: +0,1696788000
3.247,8,Oct 08 2023 20: +0,1696791600
3.277,7,Oct 08 2023 21: +0,1696795200
2.978,1,Oct 08 2023 22: +0,1696798800
3.31,2,Oct 08 2023 23: +0,1696802400
3.367,8,Oct 09 2023 00: +0,1696806000
1.98,2,Oct 09 2023 01: +0,1696809600
3.338,1,Oct 09 2023 02: +0,1696813200
3.228,4,Oct 09 2023 03: +0,1696816800
3.445,19,Oct 09 2023 04: +0,1696820400
3.396,4,Oct 09 2023 05: +0,1696824000
3.191,5,Oct 09 2023 07: +0,1696831200
3.354,3,Oct 09 2023 08: +0,1696834800
3.3,2,Oct 09 2023 09: +0,1696838400
3.33,1,Oct 09 2023 10: +0,1696842000
3.626,11,Oct 09 2023 11: +0,1696845600
3.187,3,Oct 09 2023 13: +0,1696852800
3.293,4,Oct 09 2023 14: +0,1696856400
3.469,3,Oct 09 2023 15: +0,1696860000
3.555,7,Oct 09 2023 16: +0,1696863600
3.698,5,Oct 09 2023 17: +0,1696867200
3.567,8,Oct 09 2023 18: +0,1696870800
3.392,4,Oct 09 2023 19: +0,1696874400
3.681,9,Oct 09 2023 20: +0,1696878000
3.681,6,Oct 09 2023 21: +0,1696881600
3.546,2,Oct 09 2023 22: +0,1696885200
3.689,3,Oct 09 2023 23: +0,1696888800
3.427,4,Oct 10 2023 00: +0,1696892400
3.264,2,Oct 10 2023 01: +0,1696896000
3.271,2,Oct 10 2023 02: +0,1696899600
3.265,1,Oct 10 2023 03: +0,1696903200
3.525,6,Oct 10 2023 04: +0,1696906800
3.706,9,Oct 10 2023 05: +0,1696910400
3.665,1,Oct 10 2023 06: +0,1696914000
3.265,3,Oct 10 2023 07: +0,1696917600
3.575,5,Oct 10 2023 08: +0,1696921200
3.672,3,Oct 10 2023 09: +0,1696924800
3.673,5,Oct 10 2023 10: +0,1696928400
3.199,5,Oct 10 2023 11: +0,1696932000
3.442,4,Oct 10 2023 12: +0,1696935600
3.397,3,Oct 10 2023 13: +0,1696939200
3.443,9,Oct 10 2023 14: +0,1696942800
3.584,9,Oct 10 2023 15: +0,1696946400
3.716,12,Oct 10 2023 17: +0,1696953600
3.654,7,Oct 10 2023 18: +0,1696957200
3.277,5,Oct 10 2023 19: +0,1696960800
3.283,6,Oct 10 2023 20: +0,1696964400
3.682,10,Oct 10 2023 21: +0,1696968000
3.693,7,Oct 10 2023 22: +0,1696971600
3.31,8,Oct 10 2023 23: +0,1696975200
3.008,3,Oct 11 2023 01: +0,1696982400
3.469,1,Oct 11 2023 02: +0,1696986000
3.681,13,Oct 11 2023 03: +0,1696989600
3.641,1,Oct 11 2023 04: +0,1696993200
3.469,7,Oct 11 2023 05: +0,1696996800
3.474,2,Oct 11 2023 06: +0,1697000400
3.286,3,Oct 11 2023 07: +0,1697004000
3.482,9,Oct 11 2023 08: +0,1697007600
3.468,8,Oct 11 2023 09: +0,1697011200
3.755,19,Oct 11 2023 10: +0,1697014800
3.328,4,Oct 11 2023 11: +0,1697018400
3.389,2,Oct 11 2023 12: +0,1697022000
3.483,6,Oct 11 2023 13: +0,1697025600
3.469,5,Oct 11 2023 14: +0,1697029200
3.118,3,Oct 11 2023 15: +0,1697032800
3.659,9,Oct 11 2023 16: +0,1697036400
3.633,4,Oct 11 2023 17: +0,1697040000
3.659,12,Oct 11 2023 18: +0,1697043600
3.289,9,Oct 11 2023 19: +0,1697047200
3.257,6,Oct 11 2023 20: +0,1697050800
3.586,7,Oct 11 2023 21: +0,1697054400
3.195,4,Oct 11 2023 22: +0,1697058000
3.594,5,Oct 11 2023 23: +0,1697061600
3.256,1,Oct 12 2023 00: +0,1697065200
3.211,2,Oct 12 2023 01: +0,1697068800
3.229,5,Oct 12 2023 02: +0,1697072400
0.838,5,Oct 12 2023 03: +0,1697076000
3.252,4,Oct 12 2023 04: +0,1697079600
3.22,3,Oct 12 2023 05: +0,1697083200
3.248,1,Oct 12 2023 06: +0,1697086800
0.873,3,Oct 12 2023 07: +0,1697090400
3.156,2,Oct 12 2023 08: +0,1697094000
3.28,7,Oct 12 2023 09: +0,1697097600
3.729,6,Oct 12 2023 10: +0,1697101200
3.453,1,Oct 12 2023 11: +0,1697104800
3.501,5,Oct 12 2023 12: +0,1697108400
3.536,1,Oct 12 2023 13: +0,1697112000
3.19,3,Oct 12 2023 14: +0,1697115600
3.372,2,Oct 12 2023 15: +0,1697119200
3.49,7,Oct 12 2023 16: +0,1697122800
3.264,7,Oct 12 2023 17: +0,1697126400
3.437,7,Oct 12 2023 18: +0,1697130000
3.49,7,Oct 12 2023 19: +0,1697133600
3.582,3,Oct 12 2023 20: +0,1697137200
3.651,21,Oct 12 2023 21: +0,1697140800
3.51,4,Oct 12 2023 22: +0,1697144400
3.757,5,Oct 12 2023 23: +0,1697148000
2.189,4,Oct 13 2023 00: +0,1697151600
3.269,9,Oct 13 2023 01: +0,1697155200
3.179,3,Oct 13 2023 03: +0,1697162400
3.474,13,Oct 13 2023 04: +0,1697166000
3.383,6,Oct 13 2023 05: +0,1697169600
3.217,2,Oct 13 2023 07: +0,1697176800
3.601,9,Oct 13 2023 09: +0,1697184000
3.541,2,Oct 13 2023 11: +0,1697191200
3.27,1,Oct 13 2023 12: +0,1697194800
3.536,3,Oct 13 2023 13: +0,1697198400
3.328,8,Oct 13 2023 14: +0,1697202000
3.302,6,Oct 13 2023 15: +0,1697205600
3.428,8,Oct 13 2023 16: +0,1697209200
3.494,4,Oct 13 2023 17: +0,1697212800
3.363,9,Oct 13 2023 18: +0,1697216400
3.255,5,Oct 13 2023 19: +0,1697220000
3.453,11,Oct 13 2023 20: +0,1697223600
3.477,9,Oct 13 2023 21: +0,1697227200
3.252,7,Oct 13 2023 22: +0,1697230800
3.548,10,Oct 13 2023 23: +0,1697234400
3.7,5,Oct 14 2023 00: +0,1697238000
3.591,10,Oct 14 2023 01: +0,1697241600
3.248,5,Oct 14 2023 02: +0,1697245200
2.858,2,Oct 14 2023 03: +0,1697248800
3.3,3,Oct 14 2023 04: +0,1697252400
3.609,15,Oct 14 2023 05: +0,1697256000
3.412,6,Oct 14 2023 06: +0,1697259600
3.309,3,Oct 14 2023 07: +0,1697263200
3.604,2,Oct 14 2023 08: +0,1697266800
3.494,3,Oct 14 2023 09: +0,1697270400
3.609,9,Oct 14 2023 11: +0,1697277600
3.585,2,Oct 14 2023 12: +0,1697281200
3.47,5,Oct 14 2023 13: +0,1697284800
3.616,3,Oct 14 2023 14: +0,1697288400
3.728,7,Oct 14 2023 15: +0,1697292000
3.19,7,Oct 14 2023 16: +0,1697295600
3.581,7,Oct 14 2023 17: +0,1697299200
3.453,7,Oct 14 2023 18: +0,1697302800
3.625,13,Oct 14 2023 19: +0,1697306400
3.546,7,Oct 14 2023 20: +0,1697310000
3.725,3,Oct 14 2023 21: +0,1697313600
3.725,5,Oct 14 2023 22: +0,1697317200
3.641,3,Oct 14 2023 23: +0,1697320800
3.421,2,Oct 15 2023 00: +0,1697324400
3.684,10,Oct 15 2023 01: +0,1697328000
3.404,3,Oct 15 2023 02: +0,1697331600
3.725,13,Oct 15 2023 03: +0,1697335200
3.612,2,Oct 15 2023 04: +0,1697338800
3.461,4,Oct 15 2023 05: +0,1697342400
3.648,1,Oct 15 2023 06: +0,1697346000
1.496,3,Oct 15 2023 07: +0,1697349600
3.19,1,Oct 15 2023 09: +0,1697356800
3.705,11,Oct 15 2023 10: +0,1697360400
3.556,4,Oct 15 2023 11: +0,1697364000
3.564,2,Oct 15 2023 12: +0,1697367600
3.459,3,Oct 15 2023 13: +0,1697371200
3.363,4,Oct 15 2023 14: +0,1697374800
3.667,9,Oct 15 2023 15: +0,1697378400
3.71,17,Oct 15 2023 17: +0,1697385600
3.41,4,Oct 15 2023 18: +0,1697389200
3.628,2,Oct 15 2023 19: +0,1697392800
3.751,13,Oct 15 2023 20: +0,1697396400
3.372,3,Oct 15 2023 21: +0,1697400000
3.547,5,Oct 15 2023 22: +0,1697403600
3.278,7,Oct 15 2023 23: +0,1697407200
3.823,10,Oct 16 2023 00: +0,1697410800
3.802,6,Oct 16 2023 01: +0,1697414400
3.823,1,Oct 16 2023 03: +0,1697421600
3.822,5,Oct 16 2023 04: +0,1697425200
3.3,1,Oct 16 2023 05: +0,1697428800
2.163,2,Oct 16 2023 07: +0,1697436000
3.149,6,Oct 16 2023 08: +0,1697439600
3.509,2,Oct 16 2023 09: +0,1697443200
3.359,2,Oct 16 2023 10: +0,1697446800
4.058,1,Oct 16 2023 11: +0,1697450400
3.601,5,Oct 16 2023 12: +0,1697454000
3.658,6,Oct 16 2023 13: +0,1697457600
3.166,3,Oct 16 2023 15: +0,1697464800
3.305,3,Oct 16 2023 16: +0,1697468400
3.371,2,Oct 16 2023 17: +0,1697472000
3.534,4,Oct 16 2023 18: +0,1697475600
3.605,6,Oct 16 2023 19: +0,1697479200
3.361,1,Oct 16 2023 20: +0,1697482800
3.466,10,Oct 16 2023 21: +0,1697486400
3.708,7,Oct 16 2023 22: +0,1697490000
3.708,3,Oct 16 2023 23: +0,1697493600
3.589,2,Oct 17 2023 00: +0,1697497200
3.363,8,Oct 17 2023 01: +0,1697500800
3.708,10,Oct 17 2023 02: +0,1697504400
3.531,2,Oct 17 2023 03: +0,1697508000
3.272,3,Oct 17 2023 04: +0,1697511600
3.782,7,Oct 17 2023 05: +0,1697515200
3.535,2,Oct 17 2023 07: +0,1697522400
3.831,1,Oct 17 2023 09: +0,1697529600
3.478,5,Oct 17 2023 10: +0,1697533200
3.26,4,Oct 17 2023 11: +0,1697536800
1.965,2,Oct 17 2023 13: +0,1697544000
3.256,3,Oct 17 2023 14: +0,1697547600
3.289,6,Oct 17 2023 15: +0,1697551200
3.296,6,Oct 17 2023 16: +0,1697554800
3.363,9,Oct 17 2023 17: +0,1697558400
3.194,7,Oct 17 2023 18: +0,1697562000
3.56,4,Oct 17 2023 20: +0,1697569200
3.479,11,Oct 17 2023 21: +0,1697572800
0.833,1,Oct 17 2023 22: +0,1697576400
3.302,2,Oct 17 2023 23: +0,1697580000
3.622,5,Oct 18 2023 01: +0,1697587200
3.688,1,Oct 18 2023 02: +0,1697590800
0.913,5,Oct 18 2023 03: +0,1697594400
0.821,2,Oct 18 2023 04: +0,1697598000
3.597,3,Oct 18 2023 05: +0,1697601600
3.671,2,Oct 18 2023 06: +0,1697605200
3.663,3,Oct 18 2023 07: +0,1697608800
3.367,3,Oct 18 2023 08: +0,1697612400
5.071,2,Oct 18 2023 09: +0,1697616000
3.4,6,Oct 18 2023 10: +0,1697619600
3.512,2,Oct 18 2023 11: +0,1697623200
3.688,6,Oct 18 2023 12: +0,1697626800
3.704,12,Oct 18 2023 13: +0,1697630400
3.817,2,Oct 18 2023 14: +0,1697634000
3.721,1,Oct 18 2023 15: +0,1697637600
3.45,7,Oct 18 2023 16: +0,1697641200
3.818,2,Oct 18 2023 17: +0,1697644800
3.216,2,Oct 18 2023 18: +0,1697648400
3.507,11,Oct 18 2023 19: +0,1697652000
2.065,4,Oct 18 2023 20: +0,1697655600
3.378,2,Oct 18 2023 21: +0,1697659200
3.573,3,Oct 18 2023 22: +0,1697662800
3.597,10,Oct 18 2023 23: +0,1697666400
3.062,2,Oct 19 2023 00: +0,1697670000
3.704,1,Oct 19 2023 01: +0,1697673600
3.737,1,Oct 19 2023 02: +0,1697677200
3.426,1,Oct 19 2023 03: +0,1697680800
3.696,3,Oct 19 2023 05: +0,1697688000
3.618,4,Oct 19 2023 06: +0,1697691600
3.375,3,Oct 19 2023 07: +0,1697695200
3.556,3,Oct 19 2023 08: +0,1697698800
3.427,2,Oct 19 2023 09: +0,1697702400
3.457,1,Oct 19 2023 10: +0,1697706000
3.426,4,Oct 19 2023 11: +0,1697709600
3.499,3,Oct 19 2023 12: +0,1697713200
3.482,5,Oct 19 2023 13: +0,1697716800
3.375,7,Oct 19 2023 15: +0,1697724000
3.516,11,Oct 19 2023 16: +0,1697727600
3.592,6,Oct 19 2023 17: +0,1697731200
3.375,4,Oct 19 2023 18: +0,1697734800
3.383,3,Oct 19 2023 19: +0,1697738400
3.406,4,Oct 19 2023 20: +0,1697742000
3.363,4,Oct 19 2023 21: +0,1697745600
3.416,3,Oct 19 2023 22: +0,1697749200
3.625,2,Oct 19 2023 23: +0,1697752800
3.424,2,Oct 20 2023 00: +0,1697756400
3.655,4,Oct 20 2023 02: +0,1697763600
3.467,1,Oct 20 2023 03: +0,1697767200
3.518,3,Oct 20 2023 04: +0,1697770800
3.704,4,Oct 20 2023 05: +0,1697774400
3.704,1,Oct 20 2023 06: +0,1697778000
3.704,7,Oct 20 2023 07: +0,1697781600
3.6,2,Oct 20 2023 08: +0,1697785200
3.704,9,Oct 20 2023 09: +0,1697788800
3.784,3,Oct 20 2023 10: +0,1697792400
3.777,8,Oct 20 2023 11: +0,1697796000
3.789,7,Oct 20 2023 13: +0,1697803200
3.462,4,Oct 20 2023 14: +0,1697806800
3.403,1,Oct 20 2023 15: +0,1697810400
3.503,3,Oct 20 2023 16: +0,1697814000
3.478,4,Oct 20 2023 17: +0,1697817600
3.471,3,Oct 20 2023 18: +0,1697821200
3.488,3,Oct 20 2023 19: +0,1697824800
3.427,8,Oct 20 2023 20: +0,1697828400
3.39,7,Oct 20 2023 21: +0,1697832000
3.31,5,Oct 20 2023 22: +0,1697835600
3.675,7,Oct 20 2023 23: +0,1697839200
3.456,3,Oct 21 2023 00: +0,1697842800
3.646,2,Oct 21 2023 01: +0,1697846400
3.769,5,Oct 21 2023 02: +0,1697850000
3.695,1,Oct 21 2023 03: +0,1697853600
3.489,7,Oct 21 2023 04: +0,1697857200
3.299,3,Oct 21 2023 05: +0,1697860800
3.39,1,Oct 21 2023 06: +0,1697864400
3.604,5,Oct 21 2023 07: +0,1697868000
3.336,2,Oct 21 2023 08: +0,1697871600
3.621,5,Oct 21 2023 09: +0,1697875200
3.482,5,Oct 21 2023 10: +0,1697878800
3.498,2,Oct 21 2023 11: +0,1697882400
3.485,4,Oct 21 2023 12: +0,1697886000
3.233,1,Oct 21 2023 13: +0,1697889600
3.331,2,Oct 21 2023 14: +0,1697893200
3.605,5,Oct 21 2023 15: +0,1697896800
3.39,6,Oct 21 2023 17: +0,1697904000
3.427,2,Oct 21 2023 18: +0,1697907600
3.438,16,Oct 21 2023 19: +0,1697911200
3.814,4,Oct 21 2023 20: +0,1697914800
3.283,1,Oct 21 2023 21: +0,1697918400
3.39,1,Oct 21 2023 22: +0,1697922000
3.56,4,Oct 21 2023 23: +0,1697925600
3.448,2,Oct 22 2023 00: +0,1697929200
3.39,1,Oct 22 2023 01: +0,1697932800
3.464,13,Oct 22 2023 03: +0,1697940000
3.386,3,Oct 22 2023 04: +0,1697943600
3.625,4,Oct 22 2023 05: +0,1697947200
3.885,1,Oct 22 2023 06: +0,1697950800
3.49,4,Oct 22 2023 07: +0,1697954400
3.445,4,Oct 22 2023 08: +0,1697958000
3.428,4,Oct 22 2023 09: +0,1697961600
3.373,3,Oct 22 2023 10: +0,1697965200
3.413,4,Oct 22 2023 11: +0,1697968800
3.291,6,Oct 22 2023 12: +0,1697972400
3.286,2,Oct 22 2023 13: +0,1697976000
3.06,5,Oct 22 2023 14: +0,1697979600
3.34,3,Oct 22 2023 15: +0,1697983200
3.437,9,Oct 22 2023 16: +0,1697986800
3.332,3,Oct 22 2023 17: +0,1697990400
2.62,7,Oct 22 2023 18: +0,1697994000
3.619,6,Oct 22 2023 19: +0,1697997600
3.342,6,Oct 22 2023 20: +0,1698001200
2.955,2,Oct 22 2023 21: +0,1698004800
3.394,4,Oct 22 2023 22: +0,1698008400
3.621,1,Oct 22 2023 23: +0,1698012000
0.79,3,Oct 23 2023 00: +0,1698015600
3.542,3,Oct 23 2023 01: +0,1698019200
3.621,4,Oct 23 2023 03: +0,1698026400
3.373,5,Oct 23 2023 04: +0,1698030000
3.474,4,Oct 23 2023 06: +0,1698037200
3.518,4,Oct 23 2023 07: +0,1698040800
3.307,2,Oct 23 2023 08: +0,1698044400
2.603,5,Oct 23 2023 09: +0,1698048000
3.4,3,Oct 23 2023 10: +0,1698051600
3.423,5,Oct 23 2023 11: +0,1698055200
3.474,3,Oct 23 2023 12: +0,1698058800
3.444,6,Oct 23 2023 14: +0,1698066000
3.449,3,Oct 23 2023 15: +0,1698069600
3.377,8,Oct 23 2023 16: +0,1698073200
3.408,2,Oct 23 2023 17: +0,1698076800
3.534,10,Oct 23 2023 18: +0,1698080400
3.303,10,Oct 23 2023 19: +0,1698084000
3.515,4,Oct 23 2023 20: +0,1698087600
3.266,5,Oct 23 2023 21: +0,1698091200
3.316,3,Oct 23 2023 22: +0,1698094800
3.163,2,Oct 24 2023 00: +0,1698102000
3.53,10,Oct 24 2023 01: +0,1698105600
3.559,3,Oct 24 2023 02: +0,1698109200
3.604,1,Oct 24 2023 03: +0,1698112800
2.937,3,Oct 24 2023 04: +0,1698116400
3.155,2,Oct 24 2023 05: +0,1698120000
2.879,2,Oct 24 2023 06: +0,1698123600
3.266,1,Oct 24 2023 07: +0,1698127200
3.53,5,Oct 24 2023 08: +0,1698130800
3.193,2,Oct 24 2023 10: +0,1698138000
3.266,3,Oct 24 2023 11: +0,1698141600
3.353,3,Oct 24 2023 12: +0,1698145200
3.266,6,Oct 24 2023 13: +0,1698148800
3.493,15,Oct 24 2023 14: +0,1698152400
3.605,1,Oct 24 2023 15: +0,1698156000
3.266,8,Oct 24 2023 16: +0,1698159600
3.209,6,Oct 24 2023 17: +0,1698163200
3.51,12,Oct 24 2023 18: +0,1698166800
3.456,3,Oct 24 2023 19: +0,1698170400
2.846,1,Oct 24 2023 20: +0,1698174000
3.214,2,Oct 24 2023 21: +0,1698177600
3.036,6,Oct 24 2023 22: +0,1698181200
3.116,2,Oct 24 2023 23: +0,1698184800
3.069,2,Oct 25 2023 00: +0,1698188400
3.309,1,Oct 25 2023 01: +0,1698192000
3.222,3,Oct 25 2023 02: +0,1698195600
3.262,4,Oct 25 2023 03: +0,1698199200
3.234,1,Oct 25 2023 05: +0,1698206400
3.24,5,Oct 25 2023 06: +0,1698210000
3.188,1,Oct 25 2023 07: +0,1698213600
3.328,7,Oct 25 2023 08: +0,1698217200
3.365,2,Oct 25 2023 09: +0,1698220800
3.266,4,Oct 25 2023 10: +0,1698224400
3.381,3,Oct 25 2023 11: +0,1698228000
3.182,3,Oct 25 2023 12: +0,1698231600
3.258,7,Oct 25 2023 13: +0,1698235200
3.266,6,Oct 25 2023 14: +0,1698238800
3.301,12,Oct 25 2023 15: +0,1698242400
3.464,6,Oct 25 2023 16: +0,1698246000
3.503,7,Oct 25 2023 17: +0,1698249600
3.633,8,Oct 25 2023 18: +0,1698253200
3.335,3,Oct 25 2023 19: +0,1698256800
3.22,8,Oct 25 2023 20: +0,1698260400
3.271,2,Oct 25 2023 21: +0,1698264000
3.609,9,Oct 25 2023 22: +0,1698267600
3.469,7,Oct 25 2023 23: +0,1698271200
3.534,3,Oct 26 2023 00: +0,1698274800
3.258,3,Oct 26 2023 02: +0,1698282000
3.328,8,Oct 26 2023 03: +0,1698285600
3.415,1,Oct 26 2023 04: +0,1698289200
3.303,3,Oct 26 2023 05: +0,1698292800
3.284,2,Oct 26 2023 06: +0,1698296400
3.295,4,Oct 26 2023 07: +0,1698300000
3.266,2,Oct 26 2023 08: +0,1698303600
3.396,3,Oct 26 2023 09: +0,1698307200
3.273,2,Oct 26 2023 10: +0,1698310800
3.311,2,Oct 26 2023 11: +0,1698314400
3.321,3,Oct 26 2023 12: +0,1698318000
3.214,7,Oct 26 2023 13: +0,1698321600
3.214,5,Oct 26 2023 14: +0,1698325200
3.245,3,Oct 26 2023 15: +0,1698328800
3.254,9,Oct 26 2023 16: +0,1698332400
3.241,4,Oct 26 2023 17: +0,1698336000
3.269,10,Oct 26 2023 18: +0,1698339600
3.478,8,Oct 26 2023 19: +0,1698343200
3.052,1,Oct 26 2023 20: +0,1698346800
3.214,5,Oct 26 2023 21: +0,1698350400
3.246,9,Oct 26 2023 22: +0,1698354000
3.246,3,Oct 26 2023 23: +0,1698357600
3.47,10,Oct 27 2023 00: +0,1698361200
3.214,1,Oct 27 2023 02: +0,1698368400
3.246,3,Oct 27 2023 03: +0,1698372000
3.271,2,Oct 27 2023 04: +0,1698375600
2.926,3,Oct 27 2023 05: +0,1698379200
3.474,2,Oct 27 2023 06: +0,1698382800
3.214,3,Oct 27 2023 07: +0,1698386400
3.314,2,Oct 27 2023 08: +0,1698390000
3.214,5,Oct 27 2023 09: +0,1698393600
3.214,3,Oct 27 2023 10: +0,1698397200
3.243,6,Oct 27 2023 11: +0,1698400800
3.275,10,Oct 27 2023 12: +0,1698404400
3.217,6,Oct 27 2023 13: +0,1698408000
3.171,4,Oct 27 2023 14: +0,1698411600
2.881,3,Oct 27 2023 15: +0,1698415200
2.998,6,Oct 27 2023 16: +0,1698418800
2.992,1,Oct 27 2023 17: +0,1698422400
3.035,11,Oct 27 2023 18: +0,1698426000
3.003,6,Oct 27 2023 19: +0,1698429600
3.258,17,Oct 27 2023 20: +0,1698433200
3.246,1,Oct 27 2023 21: +0,1698436800
3.478,11,Oct 27 2023 22: +0,1698440400
3.303,3,Oct 27 2023 23: +0,1698444000
2.986,2,Oct 28 2023 00: +0,1698447600
2.352,1,Oct 28 2023 01: +0,1698451200
3.029,2,Oct 28 2023 03: +0,1698458400
3.047,2,Oct 28 2023 04: +0,1698462000
3.096,1,Oct 28 2023 05: +0,1698465600
3.049,2,Oct 28 2023 06: +0,1698469200
3.222,1,Oct 28 2023 07: +0,1698472800
2.8,3,Oct 28 2023 08: +0,1698476400
2.153,2,Oct 28 2023 09: +0,1698480000
2.936,2,Oct 28 2023 10: +0,1698483600
2.911,2,Oct 28 2023 11: +0,1698487200
3.014,3,Oct 28 2023 12: +0,1698490800
3.014,7,Oct 28 2023 13: +0,1698494400
3.01,1,Oct 28 2023 14: +0,1698498000
3.013,4,Oct 28 2023 15: +0,1698501600
2.995,4,Oct 28 2023 16: +0,1698505200
2.975,2,Oct 28 2023 18: +0,1698512400
3.478,10,Oct 28 2023 19: +0,1698516000
3.004,2,Oct 28 2023 20: +0,1698519600
2.959,3,Oct 28 2023 21: +0,1698523200
2.995,8,Oct 28 2023 23: +0,1698530400
2.948,2,Oct 29 2023 00: +0,1698534000
2.947,2,Oct 29 2023 01: +0,1698537600
2.95,4,Oct 29 2023 02: +0,1698544800
3.011,7,Oct 29 2023 03: +0,1698548400
2.962,1,Oct 29 2023 04: +0,1698552000
3.125,12,Oct 29 2023 05: +0,1698555600
3.189,1,Oct 29 2023 06: +0,1698559200
2.991,3,Oct 29 2023 07: +0,1698562800
3.256,6,Oct 29 2023 08: +0,1698566400
3.56,5,Oct 29 2023 09: +0,1698570000
3.158,3,Oct 29 2023 10: +0,1698573600
2.03,2,Oct 29 2023 11: +0,1698577200
3.173,5,Oct 29 2023 12: +0,1698580800
2.962,3,Oct 29 2023 13: +0,1698584400
3.1,5,Oct 29 2023 14: +0,1698588000
2.881,3,Oct 29 2023 15: +0,1698591600
2.967,2,Oct 29 2023 16: +0,1698595200
2.971,7,Oct 29 2023 17: +0,1698598800
2.951,2,Oct 29 2023 18: +0,1698602400
2.994,6,Oct 29 2023 19: +0,1698606000
2.965,12,Oct 29 2023 20: +0,1698609600
3.011,3,Oct 29 2023 21: +0,1698613200
3.1,5,Oct 29 2023 22: +0,1698616800
3.1,14,Oct 29 2023 23: +0,1698620400
3.078,2,Oct 30 2023 00: +0,1698624000
3.142,4,Oct 30 2023 01: +0,1698627600
3.149,1,Oct 30 2023 02: +0,1698631200
3.175,6,Oct 30 2023 03: +0,1698634800
3.149,11,Oct 30 2023 04: +0,1698638400
3.356,4,Oct 30 2023 05: +0,1698642000
2.959,1,Oct 30 2023 06: +0,1698645600
3.1,2,Oct 30 2023 07: +0,1698649200
2.975,2,Oct 30 2023 08: +0,1698652800
3.057,3,Oct 30 2023 09: +0,1698656400
3.1,13,Oct 30 2023 11: +0,1698663600
2.951,2,Oct 30 2023 15: +0,1698678000
2.728,2,Oct 30 2023 16: +0,1698681600
2.871,2,Oct 30 2023 17: +0,1698685200
2.919,6,Oct 30 2023 18: +0,1698688800
2.919,4,Oct 30 2023 19: +0,1698692400
2.987,2,Oct 30 2023 20: +0,1698696000
2.914,2,Oct 30 2023 21: +0,1698699600
3.092,12,Oct 30 2023 22: +0,1698703200
3.652,1,Oct 30 2023 23: +0,1698706800
2.946,3,Oct 31 2023 00: +0,1698710400
2.946,1,Oct 31 2023 01: +0,1698714000
2.895,4,Oct 31 2023 02: +0,1698717600
2.715,4,Oct 31 2023 03: +0,1698721200
3.031,4,Oct 31 2023 04: +0,1698724800
1.857,2,Oct 31 2023 05: +0,1698728400
1.633,3,Oct 31 2023 06: +0,1698732000
1.771,2,Oct 31 2023 07: +0,1698735600
1.851,2,Oct 31 2023 08: +0,1698739200
2.896,8,Oct 31 2023 09: +0,1698742800
2.995,3,Oct 31 2023 10: +0,1698746400
3.052,1,Oct 31 2023 11: +0,1698750000
2.672,4,Oct 31 2023 13: +0,1698757200
2.893,1,Oct 31 2023 14: +0,1698760800
2.573,9,Oct 31 2023 15: +0,1698764400
2.832,2,Oct 31 2023 16: +0,1698768000
2.914,5,Oct 31 2023 17: +0,1698771600
2.849,7,Oct 31 2023 18: +0,1698775200
0.735,10,Oct 31 2023 20: +0,1698782400
2.866,7,Oct 31 2023 21: +0,1698786000
2.884,5,Oct 31 2023 22: +0,1698789600
2.911,10,Oct 31 2023 23: +0,1698793200
2.589,2,Nov 01 2023 00: +0,1698796800
2.865,3,Nov 01 2023 01: +0,1698800400
2.948,5,Nov 01 2023 02: +0,1698804000
2.995,13,Nov 01 2023 03: +0,1698807600
2.962,3,Nov 01 2023 05: +0,1698814800
2.976,6,Nov 01 2023 06: +0,1698818400
2.988,4,Nov 01 2023 07: +0,1698822000
2.927,2,Nov 01 2023 08: +0,1698825600
2.927,3,Nov 01 2023 09: +0,1698829200
2.962,4,Nov 01 2023 10: +0,1698832800
2.957,6,Nov 01 2023 11: +0,1698836400
2.987,5,Nov 01 2023 12: +0,1698840000
2.882,6,Nov 01 2023 13: +0,1698843600
2.865,1,Nov 01 2023 14: +0,1698847200
2.735,2,Nov 01 2023 15: +0,1698850800
2.769,6,Nov 01 2023 16: +0,1698854400
2.778,3,Nov 01 2023 17: +0,1698858000
2.89,5,Nov 01 2023 18: +0,1698861600
2.865,8,Nov 01 2023 19: +0,1698865200
2.865,19,Nov 01 2023 20: +0,1698868800
2.897,6,Nov 01 2023 21: +0,1698872400
2.753,2,Nov 01 2023 22: +0,1698876000
2.871,5,Nov 01 2023 23: +0,1698879600
2.938,5,Nov 02 2023 00: +0,1698883200
3.425,1,Nov 02 2023 01: +0,1698886800
2.837,2,Nov 02 2023 02: +0,1698890400
2.948,1,Nov 02 2023 03: +0,1698894000
2.938,11,Nov 02 2023 04: +0,1698897600
0.735,1,Nov 02 2023 06: +0,1698904800
2.906,2,Nov 02 2023 07: +0,1698908400
2.938,5,Nov 02 2023 08: +0,1698912000
2.989,13,Nov 02 2023 09: +0,1698915600
2.8,4,Nov 02 2023 10: +0,1698919200
0.669,1,Nov 02 2023 11: +0,1698922800
2.991,5,Nov 02 2023 12: +0,1698926400
2.966,2,Nov 02 2023 13: +0,1698930000
2.889,2,Nov 02 2023 14: +0,1698933600
2.808,1,Nov 02 2023 15: +0,1698937200
2.914,3,Nov 02 2023 16: +0,1698940800
2.974,1,Nov 02 2023 17: +0,1698944400
2.93,4,Nov 02 2023 18: +0,1698948000
2.886,4,Nov 02 2023 19: +0,1698951600
2.987,4,Nov 02 2023 20: +0,1698955200
2.897,7,Nov 02 2023 21: +0,1698958800
2.841,4,Nov 02 2023 22: +0,1698962400
3.12,1,Nov 02 2023 23: +0,1698966000
3.019,2,Nov 03 2023 00: +0,1698969600
2.946,5,Nov 03 2023 01: +0,1698973200
3.076,14,Nov 03 2023 02: +0,1698976800
2.841,1,Nov 03 2023 05: +0,1698987600
2.93,1,Nov 03 2023 06: +0,1698991200
2.962,1,Nov 03 2023 07: +0,1698994800
2.922,6,Nov 03 2023 08: +0,1698998400
3.139,1,Nov 03 2023 09: +0,1699002000
3.095,4,Nov 03 2023 10: +0,1699005600
3.092,4,Nov 03 2023 11: +0,1699009200
2.93,3,Nov 03 2023 12: +0,1699012800
2.93,1,Nov 03 2023 13: +0,1699016400
3.097,8,Nov 03 2023 14: +0,1699020000
3.121,2,Nov 03 2023 15: +0,1699023600
3.133,17,Nov 03 2023 16: +0,1699027200
3.048,4,Nov 03 2023 17: +0,1699030800
2.938,5,Nov 03 2023 19: +0,1699038000
2.841,3,Nov 03 2023 20: +0,1699041600
2.002,2,Nov 03 2023 21: +0,1699045200
3.137,14,Nov 03 2023 22: +0,1699048800
3.251,9,Nov 03 2023 23: +0,1699052400
1.831,2,Nov 04 2023 00: +0,1699056000
0.821,1,Nov 04 2023 01: +0,1699059600
3.206,3,Nov 04 2023 02: +0,1699063200
3.08,2,Nov 04 2023 03: +0,1699066800
3.263,1,Nov 04 2023 05: +0,1699074000
2.765,1,Nov 04 2023 06: +0,1699077600
3.092,3,Nov 04 2023 07: +0,1699081200
2.943,2,Nov 04 2023 08: +0,1699084800
3.151,12,Nov 04 2023 10: +0,1699092000
2.977,2,Nov 04 2023 11: +0,1699095600
3.188,2,Nov 04 2023 12: +0,1699099200
3.133,3,Nov 04 2023 13: +0,1699102800
3.181,2,Nov 04 2023 14: +0,1699106400
3.12,1,Nov 04 2023 15: +0,1699110000
3.077,2,Nov 04 2023 16: +0,1699113600
0.898,1,Nov 04 2023 17: +0,1699117200
3.151,10,Nov 04 2023 18: +0,1699120800
3.246,10,Nov 04 2023 19: +0,1699124400
3.172,5,Nov 04 2023 20: +0,1699128000
3.271,11,Nov 04 2023 21: +0,1699131600
3.017,3,Nov 04 2023 22: +0,1699135200
3.459,8,Nov 04 2023 23: +0,1699138800
3.091,2,Nov 05 2023 00: +0,1699142400
3.136,2,Nov 05 2023 01: +0,1699146000
3.263,3,Nov 05 2023 02: +0,1699149600
3.579,8,Nov 05 2023 03: +0,1699153200
3.295,4,Nov 05 2023 04: +0,1699156800
3.181,2,Nov 05 2023 06: +0,1699164000
3.011,2,Nov 05 2023 07: +0,1699167600
3.303,4,Nov 05 2023 08: +0,1699171200
3.319,6,Nov 05 2023 09: +0,1699174800
3.008,2,Nov 05 2023 10: +0,1699178400
2.93,1,Nov 05 2023 11: +0,1699182000
3.025,3,Nov 05 2023 12: +0,1699185600
2.962,1,Nov 05 2023 13: +0,1699189200
3.126,4,Nov 05 2023 14: +0,1699192800
0.833,6,Nov 05 2023 15: +0,1699196400
1.922,2,Nov 05 2023 16: +0,1699200000
3.22,10,Nov 05 2023 17: +0,1699203600
3.214,3,Nov 05 2023 18: +0,1699207200
3.219,11,Nov 05 2023 19: +0,1699210800
3.019,11,Nov 05 2023 20: +0,1699214400
3.084,3,Nov 05 2023 21: +0,1699218000
2.8,3,Nov 05 2023 22: +0,1699221600
3.004,1,Nov 05 2023 23: +0,1699225200
3.093,6,Nov 06 2023 00: +0,1699228800
3.084,3,Nov 06 2023 01: +0,1699232400
2.997,10,Nov 06 2023 02: +0,1699236000
3.29,5,Nov 06 2023 03: +0,1699239600
3.004,1,Nov 06 2023 04: +0,1699243200
3.262,1,Nov 06 2023 07: +0,1699254000
2.628,4,Nov 06 2023 08: +0,1699257600
3.257,3,Nov 06 2023 09: +0,1699261200
2.63,3,Nov 06 2023 10: +0,1699264800
3.009,2,Nov 06 2023 12: +0,1699272000
2.739,2,Nov 06 2023 13: +0,1699275600
3.042,5,Nov 06 2023 14: +0,1699279200
3.172,3,Nov 06 2023 15: +0,1699282800
1.964,4,Nov 06 2023 16: +0,1699286400
3.06,4,Nov 06 2023 17: +0,1699290000
3.017,3,Nov 06 2023 18: +0,1699293600
2.997,3,Nov 06 2023 19: +0,1699297200
3.068,2,Nov 06 2023 20: +0,1699300800
3.187,5,Nov 06 2023 21: +0,1699304400
2.884,2,Nov 06 2023 23: +0,1699311600
3.016,1,Nov 07 2023 00: +0,1699315200
3.129,6,Nov 07 2023 01: +0,1699318800
3.19,6,Nov 07 2023 02: +0,1699322400
3.198,1,Nov 07 2023 03: +0,1699326000
3.233,1,Nov 07 2023 04: +0,1699329600
3.309,8,Nov 07 2023 05: +0,1699333200
3.341,2,Nov 07 2023 06: +0,1699336800
3.11,4,Nov 07 2023 07: +0,1699340400
3.297,3,Nov 07 2023 08: +0,1699344000
3.177,3,Nov 07 2023 09: +0,1699347600
2.01,2,Nov 07 2023 10: +0,1699351200
1.579,4,Nov 07 2023 12: +0,1699358400
3.008,1,Nov 07 2023 13: +0,1699362000
3.289,3,Nov 07 2023 14: +0,1699365600
2.856,3,Nov 07 2023 15: +0,1699369200
1.829,8,Nov 07 2023 16: +0,1699372800
2.678,3,Nov 07 2023 17: +0,1699376400
2.546,1,Nov 07 2023 18: +0,1699380000
3.45,22,Nov 07 2023 19: +0,1699383600
3.004,4,Nov 07 2023 20: +0,1699387200
3.008,8,Nov 07 2023 21: +0,1699390800
3.008,5,Nov 07 2023 22: +0,1699394400
2.999,4,Nov 07 2023 23: +0,1699398000
2.768,1,Nov 08 2023 00: +0,1699401600
2.007,4,Nov 08 2023 01: +0,1699405200
3.249,7,Nov 08 2023 02: +0,1699408800
0.771,1,Nov 08 2023 03: +0,1699412400
3.0,2,Nov 08 2023 04: +0,1699416000
3.213,6,Nov 08 2023 05: +0,1699419600
3.109,4,Nov 08 2023 06: +0,1699423200
3.239,9,Nov 08 2023 07: +0,1699426800
0.73,1,Nov 08 2023 08: +0,1699430400
2.969,1,Nov 08 2023 09: +0,1699434000
3.191,7,Nov 08 2023 10: +0,1699437600
3.265,3,Nov 08 2023 11: +0,1699441200
3.043,4,Nov 08 2023 12: +0,1699444800
3.027,2,Nov 08 2023 13: +0,1699448400
3.096,4,Nov 08 2023 14: +0,1699452000
3.04,1,Nov 08 2023 15: +0,1699455600
3.073,3,Nov 08 2023 16: +0,1699459200
2.914,4,Nov 08 2023 17: +0,1699462800
3.071,8,Nov 08 2023 18: +0,1699466400
3.023,2,Nov 08 2023 19: +0,1699470000
3.02,4,Nov 08 2023 20: +0,1699473600
3.354,2,Nov 08 2023 22: +0,1699480800
2.904,1,Nov 08 2023 23: +0,1699484400
3.169,4,Nov 09 2023 00: +0,1699488000
3.141,2,Nov 09 2023 01: +0,1699491600
3.113,1,Nov 09 2023 05: +0,1699506000
3.164,3,Nov 09 2023 06: +0,1699509600
3.303,1,Nov 09 2023 07: +0,1699513200
3.568,3,Nov 09 2023 08: +0,1699516800
3.162,2,Nov 09 2023 09: +0,1699520400
3.186,1,Nov 09 2023 10: +0,1699524000
3.185,1,Nov 09 2023 11: +0,1699527600
3.083,1,Nov 09 2023 12: +0,1699531200
3.092,3,Nov 09 2023 13: +0,1699534800
2.905,1,Nov 09 2023 14: +0,1699538400
3.028,4,Nov 09 2023 15: +0,1699542000
3.065,11,Nov 09 2023 16: +0,1699545600
0.812,3,Nov 09 2023 17: +0,1699549200
3.211,6,Nov 09 2023 18: +0,1699552800
2.952,1,Nov 09 2023 19: +0,1699556400
2.955,3,Nov 09 2023 20: +0,1699560000
3.1,3,Nov 09 2023 21: +0,1699563600
2.952,3,Nov 09 2023 22: +0,1699567200
2.928,1,Nov 09 2023 23: +0,1699570800
2.679,1,Nov 10 2023 00: +0,1699574400
2.968,9,Nov 10 2023 01: +0,1699578000
2.841,2,Nov 10 2023 02: +0,1699581600
3.101,1,Nov 10 2023 03: +0,1699585200
3.135,10,Nov 10 2023 05: +0,1699592400
3.169,1,Nov 10 2023 06: +0,1699596000
1.799,2,Nov 10 2023 07: +0,1699599600
2.952,3,Nov 10 2023 08: +0,1699603200
3.163,2,Nov 10 2023 09: +0,1699606800
3.169,1,Nov 10 2023 10: +0,1699610400
2.925,2,Nov 10 2023 11: +0,1699614000
2.965,4,Nov 10 2023 12: +0,1699617600
2.83,6,Nov 10 2023 13: +0,1699621200
3.145,1,Nov 10 2023 14: +0,1699624800
3.126,1,Nov 10 2023 15: +0,1699628400
2.906,6,Nov 10 2023 17: +0,1699635600
3.003,3,Nov 10 2023 18: +0,1699639200
2.983,3,Nov 10 2023 19: +0,1699642800
3.08,9,Nov 10 2023 20: +0,1699646400
3.126,10,Nov 10 2023 21: +0,1699650000
1.935,2,Nov 10 2023 22: +0,1699653600
2.928,2,Nov 10 2023 23: +0,1699657200
3.117,2,Nov 11 2023 00: +0,1699660800
2.663,2,Nov 11 2023 01: +0,1699664400
3.056,5,Nov 11 2023 02: +0,1699668000
3.056,3,Nov 11 2023 03: +0,1699671600
3.191,3,Nov 11 2023 04: +0,1699675200
2.826,2,Nov 11 2023 05: +0,1699678800
3.113,2,Nov 11 2023 06: +0,1699682400
3.245,2,Nov 11 2023 07: +0,1699686000
3.153,8,Nov 11 2023 08: +0,1699689600
2.917,3,Nov 11 2023 09: +0,1699693200
3.084,1,Nov 11 2023 10: +0,1699696800
2.928,3,Nov 11 2023 11: +0,1699700400
3.119,8,Nov 11 2023 12: +0,1699704000
2.928,3,Nov 11 2023 13: +0,1699707600
2.647,1,Nov 11 2023 14: +0,1699711200
2.944,2,Nov 11 2023 15: +0,1699714800
3.513,10,Nov 11 2023 16: +0,1699718400
3.147,7,Nov 11 2023 17: +0,1699722000
2.962,2,Nov 11 2023 18: +0,1699725600
2.928,3,Nov 11 2023 19: +0,1699729200
2.97,3,Nov 11 2023 20: +0,1699732800
2.808,2,Nov 11 2023 21: +0,1699736400
2.969,6,Nov 11 2023 22: +0,1699740000
3.07,4,Nov 11 2023 23: +0,1699743600
1.901,2,Nov 12 2023 00: +0,1699747200
2.996,1,Nov 12 2023 01: +0,1699750800
3.005,3,Nov 12 2023 02: +0,1699754400
3.145,6,Nov 12 2023 04: +0,1699761600
3.073,1,Nov 12 2023 06: +0,1699768800
2.792,3,Nov 12 2023 09: +0,1699779600
2.92,3,Nov 12 2023 10: +0,1699783200
2.96,1,Nov 12 2023 11: +0,1699786800
3.051,8,Nov 12 2023 12: +0,1699790400
3.028,2,Nov 12 2023 13: +0,1699794000
1.714,4,Nov 12 2023 14: +0,1699797600
3.132,1,Nov 12 2023 15: +0,1699801200
2.836,2,Nov 12 2023 16: +0,1699804800
2.928,5,Nov 12 2023 17: +0,1699808400
2.966,3,Nov 12 2023 18: +0,1699812000
2.89,7,Nov 12 2023 19: +0,1699815600
3.114,3,Nov 12 2023 20: +0,1699819200
2.924,2,Nov 12 2023 21: +0,1699822800
2.923,2,Nov 12 2023 22: +0,1699826400
2.928,1,Nov 13 2023 00: +0,1699833600
3.706,4,Nov 13 2023 01: +0,1699837200
3.067,1,Nov 13 2023 04: +0,1699848000
2.808,1,Nov 13 2023 05: +0,1699851600
2.925,3,Nov 13 2023 09: +0,1699866000
3.111,4,Nov 13 2023 10: +0,1699869600
2.925,3,Nov 13 2023 11: +0,1699873200
1.819,2,Nov 13 2023 12: +0,1699876800
2.926,1,Nov 13 2023 13: +0,1699880400
2.92,2,Nov 13 2023 14: +0,1699884000
2.957,3,Nov 13 2023 15: +0,1699887600
3.037,4,Nov 13 2023 16: +0,1699891200
0.729,3,Nov 13 2023 17: +0,1699894800
0.771,1,Nov 13 2023 18: +0,1699898400
2.96,5,Nov 13 2023 19: +0,1699902000
2.858,7,Nov 13 2023 20: +0,1699905600
1.665,4,Nov 13 2023 21: +0,1699909200
2.839,7,Nov 13 2023 22: +0,1699912800
2.872,1,Nov 13 2023 23: +0,1699916400
2.615,1,Nov 14 2023 00: +0,1699920000
2.897,1,Nov 14 2023 01: +0,1699923600
2.896,1,Nov 14 2023 02: +0,1699927200
2.892,2,Nov 14 2023 03: +0,1699930800
2.968,3,Nov 14 2023 04: +0,1699934400
2.931,2,Nov 14 2023 05: +0,1699938000
2.712,2,Nov 14 2023 06: +0,1699941600
3.054,1,Nov 14 2023 07: +0,1699945200
2.908,2,Nov 14 2023 08: +0,1699948800
2.983,2,Nov 14 2023 09: +0,1699952400
2.808,2,Nov 14 2023 10: +0,1699956000
2.968,3,Nov 14 2023 11: +0,1699959600
2.904,1,Nov 14 2023 12: +0,1699963200
3.409,1,Nov 14 2023 13: +0,1699966800
2.951,1,Nov 14 2023 14: +0,1699970400
2.888,3,Nov 14 2023 16: +0,1699977600
0.812,1,Nov 14 2023 17: +0,1699981200
2.824,6,Nov 14 2023 18: +0,1699984800
2.917,2,Nov 14 2023 19: +0,1699988400
2.898,8,Nov 14 2023 20: +0,1699992000
2.921,2,Nov 14 2023 21: +0,1699995600
2.824,6,Nov 14 2023 22: +0,1699999200
3.017,15,Nov 14 2023 23: +0,1700002800
2.687,2,Nov 15 2023 00: +0,1700006400
2.902,4,Nov 15 2023 02: +0,1700013600
2.928,1,Nov 15 2023 04: +0,1700020800
2.933,1,Nov 15 2023 05: +0,1700024400
2.897,1,Nov 15 2023 06: +0,1700028000
0.823,1,Nov 15 2023 09: +0,1700038800
2.962,2,Nov 15 2023 11: +0,1700046000
1.815,2,Nov 15 2023 12: +0,1700049600
2.857,3,Nov 15 2023 13: +0,1700053200
2.867,5,Nov 15 2023 15: +0,1700060400
2.756,4,Nov 15 2023 19: +0,1700074800
2.811,4,Nov 15 2023 20: +0,1700078400
2.847,4,Nov 15 2023 21: +0,1700082000
2.688,2,Nov 15 2023 22: +0,1700085600
0.776,3,Nov 15 2023 23: +0,1700089200
2.835,3,Nov 16 2023 00: +0,1700092800
0.753,13,Nov 16 2023 01: +0,1700096400
0.753,3,Nov 16 2023 02: +0,1700100000
2.464,8,Nov 16 2023 03: +0,1700103600
2.803,1,Nov 16 2023 04: +0,1700107200
2.868,4,Nov 16 2023 05: +0,1700110800
2.794,2,Nov 16 2023 06: +0,1700114400
2.835,6,Nov 16 2023 07: +0,1700118000
2.8,3,Nov 16 2023 08: +0,1700121600
2.547,1,Nov 16 2023 09: +0,1700125200
2.744,1,Nov 16 2023 10: +0,1700128800
2.861,1,Nov 16 2023 11: +0,1700132400
2.663,2,Nov 16 2023 12: +0,1700136000
2.744,1,Nov 16 2023 13: +0,1700139600
2.681,1,Nov 16 2023 14: +0,1700143200
2.725,2,Nov 16 2023 15: +0,1700146800
0.818,1,Nov 16 2023 16: +0,1700150400
2.647,3,Nov 16 2023 17: +0,1700154000
2.768,1,Nov 16 2023 18: +0,1700157600
2.744,3,Nov 16 2023 19: +0,1700161200
2.736,5,Nov 16 2023 20: +0,1700164800
1.713,2,Nov 16 2023 21: +0,1700168400
2.812,11,Nov 16 2023 22: +0,1700172000
0.819,1,Nov 16 2023 23: +0,1700175600
2.004,1,Nov 17 2023 00: +0,1700179200
0.799,8,Nov 17 2023 01: +0,1700182800
2.736,3,Nov 17 2023 02: +0,1700186400
0.776,1,Nov 17 2023 03: +0,1700190000
2.74,2,Nov 17 2023 04: +0,1700193600
2.647,3,Nov 17 2023 05: +0,1700197200
2.752,2,Nov 17 2023 06: +0,1700200800
2.864,13,Nov 17 2023 07: +0,1700204400
2.736,3,Nov 17 2023 08: +0,1700208000
2.736,5,Nov 17 2023 09: +0,1700211600
2.736,9,Nov 17 2023 10: +0,1700215200
2.614,12,Nov 17 2023 11: +0,1700218800
0.814,3,Nov 17 2023 12: +0,1700222400
2.671,3,Nov 17 2023 13: +0,1700226000
2.636,2,Nov 17 2023 14: +0,1700229600
2.768,1,Nov 17 2023 15: +0,1700233200
2.695,4,Nov 17 2023 16: +0,1700236800
2.651,8,Nov 17 2023 18: +0,1700244000
1.839,2,Nov 17 2023 19: +0,1700247600
2.615,3,Nov 17 2023 20: +0,1700251200
2.684,2,Nov 17 2023 22: +0,1700258400
2.289,3,Nov 17 2023 23: +0,1700262000
2.503,3,Nov 18 2023 00: +0,1700265600
2.631,1,Nov 18 2023 01: +0,1700269200
0.823,3,Nov 18 2023 02: +0,1700272800
1.759,2,Nov 18 2023 03: +0,1700276400
2.722,5,Nov 18 2023 04: +0,1700280000
2.792,5,Nov 18 2023 05: +0,1700283600
2.839,9,Nov 18 2023 06: +0,1700287200
2.84,1,Nov 18 2023 07: +0,1700290800
0.666,1,Nov 18 2023 08: +0,1700294400
0.778,2,Nov 18 2023 09: +0,1700298000
2.687,2,Nov 18 2023 10: +0,1700301600
0.826,1,Nov 18 2023 13: +0,1700312400
2.851,1,Nov 18 2023 16: +0,1700323200
2.623,1,Nov 18 2023 17: +0,1700326800
2.853,12,Nov 18 2023 19: +0,1700334000
2.84,4,Nov 18 2023 20: +0,1700337600
2.728,2,Nov 18 2023 21: +0,1700341200
2.616,1,Nov 18 2023 22: +0,1700344800
2.842,7,Nov 19 2023 00: +0,1700352000
2.824,1,Nov 19 2023 01: +0,1700355600
2.851,1,Nov 19 2023 02: +0,1700359200
2.623,1,Nov 19 2023 04: +0,1700366400
2.827,1,Nov 19 2023 05: +0,1700370000
2.84,10,Nov 19 2023 06: +0,1700373600
2.784,1,Nov 19 2023 07: +0,1700377200
2.559,1,Nov 19 2023 09: +0,1700384400
2.823,4,Nov 19 2023 10: +0,1700388000
2.738,1,Nov 19 2023 12: +0,1700395200
0.85,2,Nov 19 2023 13: +0,1700398800
1.739,2,Nov 19 2023 14: +0,1700402400
2.67,2,Nov 19 2023 15: +0,1700406000
2.807,7,Nov 19 2023 16: +0,1700409600
2.777,4,Nov 19 2023 17: +0,1700413200
2.745,4,Nov 19 2023 18: +0,1700416800
2.831,1,Nov 19 2023 19: +0,1700420400
2.787,1,Nov 19 2023 20: +0,1700424000
3.435,1,Nov 19 2023 21: +0,1700427600
2.762,4,Nov 19 2023 22: +0,1700431200
2.628,1,Nov 19 2023 23: +0,1700434800
2.628,1,Nov 20 2023 00: +0,1700438400
2.635,2,Nov 20 2023 01: +0,1700442000
2.543,1,Nov 20 2023 02: +0,1700445600
2.63,1,Nov 20 2023 03: +0,1700449200
2.489,2,Nov 20 2023 04: +0,1700452800
2.724,2,Nov 20 2023 05: +0,1700456400
2.679,4,Nov 20 2023 08: +0,1700467200
3.322,3,Nov 20 2023 09: +0,1700470800
2.624,1,Nov 20 2023 10: +0,1700474400
4.022,1,Nov 20 2023 11: +0,1700478000
2.638,2,Nov 20 2023 13: +0,1700485200
2.475,2,Nov 20 2023 14: +0,1700488800
2.84,1,Nov 20 2023 15: +0,1700492400
2.559,1,Nov 20 2023 16: +0,1700496000
2.366,3,Nov 20 2023 17: +0,1700499600
2.551,1,Nov 20 2023 18: +0,1700503200
2.581,6,Nov 20 2023 19: +0,1700506800
2.616,3,Nov 20 2023 20: +0,1700510400
2.527,7,Nov 20 2023 21: +0,1700514000
2.501,3,Nov 20 2023 22: +0,1700517600
2.73,10,Nov 20 2023 23: +0,1700521200
2.601,2,Nov 21 2023 00: +0,1700524800
2.519,1,Nov 21 2023 01: +0,1700528400
2.7,6,Nov 21 2023 02: +0,1700532000
2.433,4,Nov 21 2023 03: +0,1700535600
2.623,3,Nov 21 2023 04: +0,1700539200
2.563,1,Nov 21 2023 05: +0,1700542800
2.695,1,Nov 21 2023 06: +0,1700546400
2.776,1,Nov 21 2023 07: +0,1700550000
0.827,4,Nov 21 2023 08: +0,1700553600
2.776,5,Nov 21 2023 09: +0,1700557200
1.798,2,Nov 21 2023 10: +0,1700560800
2.35,2,Nov 21 2023 11: +0,1700564400
1.66,4,Nov 21 2023 12: +0,1700568000
2.426,1,Nov 21 2023 13: +0,1700571600
2.539,2,Nov 21 2023 14: +0,1700575200
1.884,2,Nov 21 2023 15: +0,1700578800
2.615,2,Nov 21 2023 16: +0,1700582400
2.567,1,Nov 21 2023 17: +0,1700586000
2.556,5,Nov 21 2023 18: +0,1700589600
1.702,2,Nov 21 2023 19: +0,1700593200
2.84,2,Nov 21 2023 20: +0,1700596800
2.668,5,Nov 21 2023 21: +0,1700600400
2.372,3,Nov 21 2023 22: +0,1700604000
2.567,3,Nov 21 2023 23: +0,1700607600
2.551,1,Nov 22 2023 00: +0,1700611200
2.556,2,Nov 22 2023 01: +0,1700614800
2.567,5,Nov 22 2023 02: +0,1700618400
1.684,2,Nov 22 2023 03: +0,1700622000
2.322,7,Nov 22 2023 04: +0,1700625600
2.545,6,Nov 22 2023 06: +0,1700632800
0.831,1,Nov 22 2023 07: +0,1700636400
1.688,2,Nov 22 2023 08: +0,1700640000
0.831,1,Nov 22 2023 10: +0,1700647200
2.243,1,Nov 22 2023 11: +0,1700650800
2.516,3,Nov 22 2023 12: +0,1700654400
2.548,5,Nov 22 2023 13: +0,1700658000
2.322,5,Nov 22 2023 14: +0,1700661600
2.554,2,Nov 22 2023 15: +0,1700665200
2.573,2,Nov 22 2023 16: +0,1700668800
2.54,2,Nov 22 2023 17: +0,1700672400
2.554,2,Nov 22 2023 18: +0,1700676000
2.563,3,Nov 22 2023 19: +0,1700679600
2.482,6,Nov 22 2023 20: +0,1700683200
2.556,7,Nov 22 2023 21: +0,1700686800
2.684,2,Nov 22 2023 22: +0,1700690400
2.548,4,Nov 22 2023 23: +0,1700694000
2.541,3,Nov 23 2023 02: +0,1700704800
2.524,5,Nov 23 2023 03: +0,1700708400
2.534,4,Nov 23 2023 04: +0,1700712000
2.524,3,Nov 23 2023 05: +0,1700715600
0.822,1,Nov 23 2023 06: +0,1700719200
2.46,5,Nov 23 2023 07: +0,1700722800
2.428,2,Nov 23 2023 09: +0,1700730000
1.662,2,Nov 23 2023 10: +0,1700733600
2.5,1,Nov 23 2023 11: +0,1700737200
2.542,1,Nov 23 2023 12: +0,1700740800
1.634,4,Nov 23 2023 13: +0,1700744400
2.404,5,Nov 23 2023 14: +0,1700748000
2.534,8,Nov 23 2023 15: +0,1700751600
2.548,10,Nov 23 2023 16: +0,1700755200
0.81,7,Nov 23 2023 17: +0,1700758800
1.401,4,Nov 23 2023 18: +0,1700762400
0.81,5,Nov 23 2023 19: +0,1700766000
2.5,5,Nov 23 2023 20: +0,1700769600
2.604,3,Nov 23 2023 21: +0,1700773200
2.516,3,Nov 23 2023 22: +0,1700776800
0.825,4,Nov 23 2023 23: +0,1700780400
0.825,5,Nov 24 2023 00: +0,1700784000
2.535,8,Nov 24 2023 01: +0,1700787600
2.355,1,Nov 24 2023 02: +0,1700791200
1.567,4,Nov 24 2023 04: +0,1700798400
2.548,12,Nov 24 2023 05: +0,1700802000
0.785,3,Nov 24 2023 06: +0,1700805600
2.559,3,Nov 24 2023 07: +0,1700809200
2.532,1,Nov 24 2023 08: +0,1700812800
0.804,2,Nov 24 2023 09: +0,1700816400
2.532,8,Nov 24 2023 10: +0,1700820000
2.532,3,Nov 24 2023 11: +0,1700823600
2.516,1,Nov 24 2023 12: +0,1700827200
1.654,2,Nov 24 2023 13: +0,1700830800
2.492,4,Nov 24 2023 14: +0,1700834400
2.492,5,Nov 24 2023 15: +0,1700838000
2.548,9,Nov 24 2023 16: +0,1700841600
2.556,15,Nov 24 2023 17: +0,1700845200
2.562,12,Nov 24 2023 18: +0,1700848800
2.382,10,Nov 24 2023 19: +0,1700852400
2.187,3,Nov 24 2023 20: +0,1700856000
2.492,3,Nov 24 2023 21: +0,1700859600
2.098,2,Nov 24 2023 22: +0,1700863200
2.533,18,Nov 24 2023 23: +0,1700866800
2.445,1,Nov 25 2023 00: +0,1700870400
2.525,1,Nov 25 2023 01: +0,1700874000
2.481,4,Nov 25 2023 03: +0,1700881200
2.261,8,Nov 25 2023 04: +0,1700884800
2.537,11,Nov 25 2023 05: +0,1700888400
1.702,4,Nov 25 2023 06: +0,1700892000
2.501,3,Nov 25 2023 07: +0,1700895600
2.517,1,Nov 25 2023 09: +0,1700902800
2.457,2,Nov 25 2023 11: +0,1700910000
1.691,2,Nov 25 2023 12: +0,1700913600
2.514,2,Nov 25 2023 13: +0,1700917200
2.591,1,Nov 25 2023 14: +0,1700920800
2.549,11,Nov 25 2023 15: +0,1700924400
2.537,11,Nov 25 2023 16: +0,1700928000
2.493,4,Nov 25 2023 17: +0,1700931600
2.523,6,Nov 25 2023 18: +0,1700935200
2.549,3,Nov 25 2023 19: +0,1700938800
2.407,1,Nov 25 2023 20: +0,1700942400
2.513,2,Nov 25 2023 21: +0,1700946000
2.537,4,Nov 25 2023 22: +0,1700949600
2.549,1,Nov 25 2023 23: +0,1700953200
2.528,4,Nov 26 2023 00: +0,1700956800
2.809,2,Nov 26 2023 01: +0,1700960400
2.397,1,Nov 26 2023 02: +0,1700964000
2.537,2,Nov 26 2023 04: +0,1700971200
2.453,3,Nov 26 2023 05: +0,1700974800
2.545,1,Nov 26 2023 06: +0,1700978400
1.727,2,Nov 26 2023 07: +0,1700982000
2.559,7,Nov 26 2023 08: +0,1700985600
2.487,2,Nov 26 2023 09: +0,1700989200
2.589,1,Nov 26 2023 10: +0,1700992800
2.545,5,Nov 26 2023 11: +0,1700996400
2.525,18,Nov 26 2023 12: +0,1701000000
2.421,3,Nov 26 2023 13: +0,1701003600
2.501,3,Nov 26 2023 14: +0,1701007200
2.53,6,Nov 26 2023 15: +0,1701010800
2.447,5,Nov 26 2023 16: +0,1701014400
0.764,6,Nov 26 2023 17: +0,1701018000
2.489,6,Nov 26 2023 18: +0,1701021600
2.556,1,Nov 26 2023 19: +0,1701025200
1.676,6,Nov 26 2023 20: +0,1701028800
0.826,3,Nov 26 2023 21: +0,1701032400
2.52,2,Nov 26 2023 22: +0,1701036000
2.461,1,Nov 26 2023 23: +0,1701039600
0.823,4,Nov 27 2023 00: +0,1701043200
0.823,1,Nov 27 2023 01: +0,1701046800
2.549,5,Nov 27 2023 02: +0,1701050400
0.826,7,Nov 27 2023 03: +0,1701054000
0.826,3,Nov 27 2023 04: +0,1701057600
2.549,11,Nov 27 2023 05: +0,1701061200
1.958,5,Nov 27 2023 06: +0,1701064800
2.485,3,Nov 27 2023 07: +0,1701068400
2.555,2,Nov 27 2023 08: +0,1701072000
0.758,3,Nov 27 2023 11: +0,1701082800
2.477,1,Nov 27 2023 12: +0,1701086400
2.548,9,Nov 27 2023 13: +0,1701090000
0.758,2,Nov 27 2023 14: +0,1701093600
2.549,13,Nov 27 2023 15: +0,1701097200
2.541,7,Nov 27 2023 16: +0,1701100800
1.65,4,Nov 27 2023 17: +0,1701104400
2.547,5,Nov 27 2023 18: +0,1701108000
2.533,7,Nov 27 2023 19: +0,1701111600
2.0,5,Nov 27 2023 20: +0,1701115200
2.405,9,Nov 27 2023 21: +0,1701118800
1.559,2,Nov 27 2023 22: +0,1701122400
0.602,4,Nov 27 2023 23: +0,1701126000
2.525,4,Nov 28 2023 01: +0,1701133200
2.549,21,Nov 28 2023 02: +0,1701136800
2.549,1,Nov 28 2023 03: +0,1701140400
2.549,7,Nov 28 2023 04: +0,1701144000
2.549,10,Nov 28 2023 05: +0,1701147600
2.533,1,Nov 28 2023 06: +0,1701151200
2.525,1,Nov 28 2023 08: +0,1701158400
2.486,2,Nov 28 2023 09: +0,1701162000
2.585,12,Nov 28 2023 10: +0,1701165600
2.515,4,Nov 28 2023 11: +0,1701169200
2.549,1,Nov 28 2023 12: +0,1701172800
2.573,3,Nov 28 2023 13: +0,1701176400
2.437,3,Nov 28 2023 14: +0,1701180000
2.589,8,Nov 28 2023 15: +0,1701183600
2.589,4,Nov 28 2023 16: +0,1701187200
0.827,9,Nov 28 2023 17: +0,1701190800
2.509,7,Nov 28 2023 18: +0,1701194400
0.753,1,Nov 28 2023 19: +0,1701198000
0.827,3,Nov 28 2023 20: +0,1701201600
2.581,3,Nov 28 2023 21: +0,1701205200
2.501,3,Nov 28 2023 22: +0,1701208800
0.886,1,Nov 28 2023 23: +0,1701212400
2.308,2,Nov 29 2023 00: +0,1701216000
2.549,1,Nov 29 2023 01: +0,1701219600
2.477,1,Nov 29 2023 02: +0,1701223200
2.581,3,Nov 29 2023 03: +0,1701226800
2.549,1,Nov 29 2023 04: +0,1701230400
2.549,1,Nov 29 2023 05: +0,1701234000
2.581,9,Nov 29 2023 06: +0,1701237600
1.669,2,Nov 29 2023 07: +0,1701241200
2.572,1,Nov 29 2023 08: +0,1701244800
2.456,1,Nov 29 2023 10: +0,1701252000
2.39,2,Nov 29 2023 11: +0,1701255600
2.566,10,Nov 29 2023 12: +0,1701259200
1.558,4,Nov 29 2023 13: +0,1701262800
2.182,3,Nov 29 2023 14: +0,1701266400
2.579,1,Nov 29 2023 15: +0,1701270000
2.581,1,Nov 29 2023 16: +0,1701273600
0.603,8,Nov 29 2023 17: +0,1701277200
0.603,6,Nov 29 2023 18: +0,1701280800
1.696,2,Nov 29 2023 19: +0,1701284400
2.572,1,Nov 29 2023 20: +0,1701288000
2.451,2,Nov 29 2023 21: +0,1701291600
2.597,3,Nov 29 2023 23: +0,1701298800
2.567,1,Nov 30 2023 00: +0,1701302400
2.597,1,Nov 30 2023 01: +0,1701306000
2.588,1,Nov 30 2023 02: +0,1701309600
2.606,2,Nov 30 2023 03: +0,1701313200
2.462,2,Nov 30 2023 04: +0,1701316800
2.581,3,Nov 30 2023 07: +0,1701327600
0.604,4,Nov 30 2023 08: +0,1701331200
2.595,3,Nov 30 2023 09: +0,1701334800
2.591,2,Nov 30 2023 10: +0,1701338400
0.83,3,Nov 30 2023 12: +0,1701345600
0.832,1,Nov 30 2023 13: +0,1701349200
2.539,5,Nov 30 2023 14: +0,1701352800
2.597,5,Nov 30 2023 15: +0,1701356400
2.597,8,Nov 30 2023 16: +0,1701360000
2.581,2,Nov 30 2023 17: +0,1701363600
0.83,11,Nov 30 2023 18: +0,1701367200
0.784,5,Nov 30 2023 19: +0,1701370800
0.784,3,Nov 30 2023 20: +0,1701374400
0.784,3,Nov 30 2023 21: +0,1701378000
2.189,1,Nov 30 2023 22: +0,1701381600
2.597,5,Nov 30 2023 23: +0,1701385200
2.553,16,Dec 01 2023 01: +0,1701392400
2.126,19,Dec 01 2023 02: +0,1701396000
0.829,5,Dec 01 2023 03: +0,1701399600
2.629,13,Dec 01 2023 04: +0,1701403200
0.829,3,Dec 01 2023 05: +0,1701406800
2.641,8,Dec 01 2023 06: +0,1701410400
1.609,2,Dec 01 2023 07: +0,1701414000
2.645,3,Dec 01 2023 08: +0,1701417600
2.637,1,Dec 01 2023 09: +0,1701421200
2.684,12,Dec 01 2023 10: +0,1701424800
0.757,2,Dec 01 2023 11: +0,1701428400
2.669,7,Dec 01 2023 12: +0,1701432000
0.76,4,Dec 01 2023 13: +0,1701435600
2.577,4,Dec 01 2023 14: +0,1701439200
2.693,19,Dec 01 2023 15: +0,1701442800
2.741,8,Dec 01 2023 16: +0,1701446400
2.66,2,Dec 01 2023 17: +0,1701450000
0.76,1,Dec 01 2023 18: +0,1701453600
2.493,3,Dec 01 2023 19: +0,1701457200
2.747,5,Dec 01 2023 20: +0,1701460800
2.448,2,Dec 01 2023 21: +0,1701464400
2.76,2,Dec 01 2023 22: +0,1701468000
2.725,7,Dec 01 2023 23: +0,1701471600
2.742,5,Dec 02 2023 00: +0,1701475200
2.757,6,Dec 02 2023 01: +0,1701478800
2.573,1,Dec 02 2023 02: +0,1701482400
2.755,1,Dec 02 2023 03: +0,1701486000
2.733,4,Dec 02 2023 04: +0,1701489600
2.709,2,Dec 02 2023 05: +0,1701493200
2.693,1,Dec 02 2023 06: +0,1701496800
2.733,1,Dec 02 2023 09: +0,1701507600
2.823,1,Dec 02 2023 10: +0,1701511200
2.573,1,Dec 02 2023 11: +0,1701514800
0.749,1,Dec 02 2023 12: +0,1701518400
2.645,2,Dec 02 2023 13: +0,1701522000
0.796,3,Dec 02 2023 14: +0,1701525600
2.857,10,Dec 02 2023 15: +0,1701529200
0.765,5,Dec 02 2023 16: +0,1701532800
0.83,5,Dec 02 2023 17: +0,1701536400
2.605,3,Dec 02 2023 18: +0,1701540000
2.621,6,Dec 02 2023 19: +0,1701543600
1.679,4,Dec 02 2023 20: +0,1701547200
1.586,2,Dec 02 2023 21: +0,1701550800
2.787,2,Dec 02 2023 22: +0,1701554400
2.597,1,Dec 02 2023 23: +0,1701558000
2.853,1,Dec 03 2023 00: +0,1701561600
2.785,2,Dec 03 2023 01: +0,1701565200
2.789,1,Dec 03 2023 02: +0,1701568800
2.781,1,Dec 03 2023 03: +0,1701572400
2.813,6,Dec 03 2023 04: +0,1701576000
2.827,3,Dec 03 2023 05: +0,1701579600
2.757,1,Dec 03 2023 07: +0,1701586800
2.701,6,Dec 03 2023 08: +0,1701590400
2.809,2,Dec 03 2023 09: +0,1701594000
2.821,3,Dec 03 2023 10: +0,1701597600
2.861,3,Dec 03 2023 11: +0,1701601200
2.573,3,Dec 03 2023 12: +0,1701604800
0.859,5,Dec 03 2023 13: +0,1701608400
2.797,3,Dec 03 2023 14: +0,1701612000
2.573,1,Dec 03 2023 15: +0,1701615600
2.885,1,Dec 03 2023 16: +0,1701619200
2.781,5,Dec 03 2023 17: +0,1701622800
0.828,11,Dec 03 2023 18: +0,1701626400
2.827,5,Dec 03 2023 19: +0,1701630000
2.794,4,Dec 03 2023 20: +0,1701633600
2.845,10,Dec 03 2023 21: +0,1701637200
2.597,9,Dec 03 2023 22: +0,1701640800
0.83,7,Dec 04 2023 00: +0,1701648000
1.812,6,Dec 04 2023 01: +0,1701651600
2.893,6,Dec 04 2023 02: +0,1701655200
0.828,3,Dec 04 2023 03: +0,1701658800
0.828,4,Dec 04 2023 04: +0,1701662400
2.757,5,Dec 04 2023 05: +0,1701666000
2.853,3,Dec 04 2023 06: +0,1701669600
2.043,4,Dec 04 2023 07: +0,1701673200
2.904,4,Dec 04 2023 08: +0,1701676800
0.702,5,Dec 04 2023 09: +0,1701680400
2.882,11,Dec 04 2023 10: +0,1701684000
0.835,3,Dec 04 2023 11: +0,1701687600
2.904,1,Dec 04 2023 12: +0,1701691200
0.828,1,Dec 04 2023 13: +0,1701694800
2.84,2,Dec 04 2023 14: +0,1701698400
1.813,2,Dec 04 2023 15: +0,1701702000
2.891,2,Dec 04 2023 16: +0,1701705600
2.897,10,Dec 04 2023 18: +0,1701712800
2.993,3,Dec 04 2023 19: +0,1701716400
0.808,1,Dec 04 2023 20: +0,1701720000
2.845,3,Dec 04 2023 21: +0,1701723600
2.83,3,Dec 04 2023 22: +0,1701727200
2.803,3,Dec 04 2023 23: +0,1701730800
2.909,2,Dec 05 2023 00: +0,1701734400
2.943,2,Dec 05 2023 01: +0,1701738000
2.981,1,Dec 05 2023 02: +0,1701741600
3.428,1,Dec 05 2023 03: +0,1701745200
2.853,1,Dec 05 2023 05: +0,1701752400
2.941,1,Dec 05 2023 06: +0,1701756000
2.797,5,Dec 05 2023 08: +0,1701763200
2.957,3,Dec 05 2023 10: +0,1701770400
3.252,2,Dec 05 2023 12: +0,1701777600
2.909,1,Dec 05 2023 13: +0,1701781200
2.893,3,Dec 05 2023 14: +0,1701784800
3.001,2,Dec 05 2023 15: +0,1701788400
2.893,1,Dec 05 2023 17: +0,1701795600
2.924,1,Dec 05 2023 18: +0,1701799200
2.982,2,Dec 05 2023 19: +0,1701802800
2.989,1,Dec 05 2023 20: +0,1701806400
2.864,4,Dec 05 2023 21: +0,1701810000
3.053,9,Dec 05 2023 22: +0,1701813600
3.067,1,Dec 05 2023 23: +0,1701817200
2.944,3,Dec 06 2023 00: +0,1701820800
2.893,1,Dec 06 2023 01: +0,1701824400
2.877,3,Dec 06 2023 02: +0,1701828000
2.877,1,Dec 06 2023 03: +0,1701831600
3.04,2,Dec 06 2023 04: +0,1701835200
2.893,1,Dec 06 2023 05: +0,1701838800
2.804,1,Dec 06 2023 06: +0,1701842400
2.877,5,Dec 06 2023 07: +0,1701846000
2.885,3,Dec 06 2023 08: +0,1701849600
3.013,3,Dec 06 2023 09: +0,1701853200
1.658,2,Dec 06 2023 10: +0,1701856800
2.773,1,Dec 06 2023 11: +0,1701860400
2.804,1,Dec 06 2023 12: +0,1701864000
2.901,1,Dec 06 2023 13: +0,1701867600
1.828,2,Dec 06 2023 14: +0,1701871200
2.861,5,Dec 06 2023 15: +0,1701874800
2.977,2,Dec 06 2023 16: +0,1701878400
2.928,4,Dec 06 2023 19: +0,1701889200
2.898,1,Dec 06 2023 20: +0,1701892800
2.917,4,Dec 06 2023 21: +0,1701896400
3.075,1,Dec 06 2023 23: +0,1701903600
2.732,2,Dec 07 2023 00: +0,1701907200
2.421,1,Dec 07 2023 01: +0,1701910800
3.025,14,Dec 07 2023 02: +0,1701914400
3.058,1,Dec 07 2023 03: +0,1701918000
2.725,2,Dec 07 2023 04: +0,1701921600
2.937,1,Dec 07 2023 05: +0,1701925200
2.821,2,Dec 07 2023 06: +0,1701928800
2.949,1,Dec 07 2023 07: +0,1701932400
2.789,3,Dec 07 2023 11: +0,1701946800
2.821,1,Dec 07 2023 13: +0,1701954000
2.928,4,Dec 07 2023 14: +0,1701957600
2.515,2,Dec 07 2023 15: +0,1701961200
2.901,1,Dec 07 2023 16: +0,1701964800
3.061,11,Dec 07 2023 17: +0,1701968400
3.029,4,Dec 07 2023 18: +0,1701972000
2.999,2,Dec 07 2023 19: +0,1701975600
2.951,3,Dec 07 2023 20: +0,1701979200
2.749,2,Dec 07 2023 21: +0,1701982800
3.045,3,Dec 07 2023 22: +0,1701986400
2.581,3,Dec 07 2023 23: +0,1701990000
2.885,2,Dec 08 2023 01: +0,1701997200
2.803,1,Dec 08 2023 02: +0,1702000800
3.005,1,Dec 08 2023 03: +0,1702004400
2.949,1,Dec 08 2023 04: +0,1702008000
1.882,2,Dec 08 2023 05: +0,1702011600
2.874,1,Dec 08 2023 06: +0,1702015200
3.238,2,Dec 08 2023 09: +0,1702026000
2.821,1,Dec 08 2023 10: +0,1702029600
2.868,2,Dec 08 2023 11: +0,1702033200
2.885,7,Dec 08 2023 13: +0,1702040400
2.957,6,Dec 08 2023 14: +0,1702044000
2.765,1,Dec 08 2023 15: +0,1702047600
2.829,5,Dec 08 2023 16: +0,1702051200
2.978,2,Dec 08 2023 17: +0,1702054800
2.621,25,Dec 08 2023 18: +0,1702058400
2.974,2,Dec 08 2023 19: +0,1702062000
3.012,3,Dec 08 2023 20: +0,1702065600
2.887,1,Dec 08 2023 21: +0,1702069200
1.884,4,Dec 08 2023 22: +0,1702072800
0.826,4,Dec 08 2023 23: +0,1702076400
2.802,5,Dec 09 2023 00: +0,1702080000
2.629,2,Dec 09 2023 02: +0,1702087200
2.848,3,Dec 09 2023 03: +0,1702090800
0.826,8,Dec 09 2023 04: +0,1702094400
2.885,8,Dec 09 2023 05: +0,1702098000
2.438,8,Dec 09 2023 06: +0,1702101600
2.858,1,Dec 09 2023 08: +0,1702108800
0.826,1,Dec 09 2023 09: +0,1702112400
2.886,3,Dec 09 2023 11: +0,1702119600
1.895,2,Dec 09 2023 12: +0,1702123200
2.961,3,Dec 09 2023 13: +0,1702126800
2.908,2,Dec 09 2023 14: +0,1702130400
2.717,2,Dec 09 2023 15: +0,1702134000
3.005,5,Dec 09 2023 17: +0,1702141200
2.992,2,Dec 09 2023 19: +0,1702148400
2.876,1,Dec 09 2023 20: +0,1702152000
2.941,4,Dec 09 2023 21: +0,1702155600
2.887,2,Dec 09 2023 22: +0,1702159200
3.034,4,Dec 09 2023 23: +0,1702162800
3.005,1,Dec 10 2023 00: +0,1702166400
2.883,1,Dec 10 2023 02: +0,1702173600
2.717,1,Dec 10 2023 03: +0,1702177200
2.757,3,Dec 10 2023 05: +0,1702184400
2.885,1,Dec 10 2023 06: +0,1702188000
2.857,2,Dec 10 2023 07: +0,1702191600
2.789,1,Dec 10 2023 08: +0,1702195200
2.813,1,Dec 10 2023 09: +0,1702198800
2.889,1,Dec 10 2023 11: +0,1702206000
2.892,2,Dec 10 2023 12: +0,1702209600
2.012,3,Dec 10 2023 13: +0,1702213200
3.014,10,Dec 10 2023 14: +0,1702216800
1.93,2,Dec 10 2023 15: +0,1702220400
3.062,1,Dec 10 2023 16: +0,1702224000
2.746,3,Dec 10 2023 17: +0,1702227600
2.814,5,Dec 10 2023 18: +0,1702231200
2.683,2,Dec 10 2023 19: +0,1702234800
2.65,4,Dec 10 2023 20: +0,1702238400
2.911,1,Dec 10 2023 21: +0,1702242000
2.793,1,Dec 10 2023 22: +0,1702245600
2.854,4,Dec 10 2023 23: +0,1702249200
0.811,6,Dec 11 2023 00: +0,1702252800
0.811,3,Dec 11 2023 01: +0,1702256400
2.322,2,Dec 11 2023 03: +0,1702263600
2.777,4,Dec 11 2023 05: +0,1702270800
2.754,1,Dec 11 2023 06: +0,1702274400
3.004,4,Dec 11 2023 07: +0,1702278000
2.754,4,Dec 11 2023 08: +0,1702281600
2.448,3,Dec 11 2023 09: +0,1702285200
2.636,1,Dec 11 2023 12: +0,1702296000
2.738,3,Dec 11 2023 13: +0,1702299600
0.78,2,Dec 11 2023 14: +0,1702303200
2.781,11,Dec 11 2023 15: +0,1702306800
0.767,3,Dec 11 2023 16: +0,1702310400
0.764,5,Dec 11 2023 17: +0,1702314000
2.716,3,Dec 11 2023 18: +0,1702317600
2.529,5,Dec 11 2023 19: +0,1702321200
2.817,3,Dec 11 2023 20: +0,1702324800
2.746,1,Dec 11 2023 21: +0,1702328400
2.769,1,Dec 11 2023 23: +0,1702335600
2.867,9,Dec 12 2023 00: +0,1702339200
2.365,2,Dec 12 2023 02: +0,1702346400
2.603,2,Dec 12 2023 03: +0,1702350000
2.821,2,Dec 12 2023 05: +0,1702357200
0.81,1,Dec 12 2023 06: +0,1702360800
2.73,5,Dec 12 2023 07: +0,1702364400
2.722,1,Dec 12 2023 09: +0,1702371600
2.777,2,Dec 12 2023 10: +0,1702375200
2.609,2,Dec 12 2023 11: +0,1702378800
0.781,2,Dec 12 2023 12: +0,1702382400
0.84,1,Dec 12 2023 13: +0,1702386000
2.746,1,Dec 12 2023 16: +0,1702396800
2.709,5,Dec 12 2023 17: +0,1702400400
2.865,1,Dec 12 2023 18: +0,1702404000
2.705,3,Dec 12 2023 19: +0,1702407600
2.869,4,Dec 12 2023 20: +0,1702411200
1.427,2,Dec 12 2023 21: +0,1702414800
2.661,6,Dec 12 2023 22: +0,1702418400
2.855,3,Dec 12 2023 23: +0,1702422000
0.854,3,Dec 13 2023 01: +0,1702429200
1.962,1,Dec 13 2023 02: +0,1702432800
2.456,5,Dec 13 2023 03: +0,1702436400
2.701,1,Dec 13 2023 05: +0,1702443600
2.679,3,Dec 13 2023 06: +0,1702447200
1.797,2,Dec 13 2023 07: +0,1702450800
2.912,5,Dec 13 2023 08: +0,1702454400
2.729,10,Dec 13 2023 09: +0,1702458000
2.728,2,Dec 13 2023 10: +0,1702461600
2.633,4,Dec 13 2023 11: +0,1702465200
2.706,3,Dec 13 2023 12: +0,1702468800
2.617,2,Dec 13 2023 13: +0,1702472400
2.878,1,Dec 13 2023 15: +0,1702479600
2.777,6,Dec 13 2023 16: +0,1702483200
2.73,2,Dec 13 2023 17: +0,1702486800
2.503,1,Dec 13 2023 18: +0,1702490400
2.413,4,Dec 13 2023 20: +0,1702497600
2.848,1,Dec 13 2023 22: +0,1702504800
2.581,1,Dec 13 2023 23: +0,1702508400
2.903,17,Dec 14 2023 00: +0,1702512000
1.656,4,Dec 14 2023 01: +0,1702515600
0.659,3,Dec 14 2023 02: +0,1702519200
0.659,3,Dec 14 2023 03: +0,1702522800
1.809,2,Dec 14 2023 04: +0,1702526400
2.493,2,Dec 14 2023 06: +0,1702533600
2.187,2,Dec 14 2023 07: +0,1702537200
2.722,1,Dec 14 2023 08: +0,1702540800
3.157,2,Dec 14 2023 09: +0,1702544400
2.837,8,Dec 14 2023 10: +0,1702548000
2.377,3,Dec 14 2023 12: +0,1702555200
2.869,6,Dec 14 2023 13: +0,1702558800
2.903,1,Dec 14 2023 14: +0,1702562400
2.903,1,Dec 14 2023 15: +0,1702566000
2.7,2,Dec 14 2023 16: +0,1702569600
2.344,1,Dec 14 2023 17: +0,1702573200
3.766,1,Dec 14 2023 18: +0,1702576800
2.715,3,Dec 14 2023 19: +0,1702580400
0.809,6,Dec 14 2023 20: +0,1702584000
1.856,2,Dec 14 2023 21: +0,1702587600
2.135,6,Dec 14 2023 22: +0,1702591200
1.667,2,Dec 14 2023 23: +0,1702594800
2.753,1,Dec 15 2023 00: +0,1702598400
2.655,4,Dec 15 2023 01: +0,1702602000
2.613,1,Dec 15 2023 02: +0,1702605600
2.751,1,Dec 15 2023 03: +0,1702609200
2.907,1,Dec 15 2023 04: +0,1702612800
2.534,3,Dec 15 2023 05: +0,1702616400
2.753,1,Dec 15 2023 07: +0,1702623600
0.815,3,Dec 15 2023 08: +0,1702627200
0.815,3,Dec 15 2023 09: +0,1702630800
2.771,2,Dec 15 2023 12: +0,1702641600
2.75,5,Dec 15 2023 13: +0,1702645200
0.728,7,Dec 15 2023 14: +0,1702648800
1.707,2,Dec 15 2023 15: +0,1702652400
2.84,3,Dec 15 2023 18: +0,1702663200
2.813,6,Dec 15 2023 19: +0,1702666800
2.703,2,Dec 15 2023 20: +0,1702670400
2.675,5,Dec 15 2023 21: +0,1702674000
2.618,4,Dec 15 2023 23: +0,1702681200
2.824,13,Dec 16 2023 00: +0,1702684800
2.216,1,Dec 16 2023 03: +0,1702695600
2.786,2,Dec 16 2023 04: +0,1702699200
2.82,2,Dec 16 2023 05: +0,1702702800
2.635,3,Dec 16 2023 06: +0,1702706400
2.712,4,Dec 16 2023 07: +0,1702710000
2.657,2,Dec 16 2023 09: +0,1702717200
2.64,2,Dec 16 2023 10: +0,1702720800
2.573,1,Dec 16 2023 13: +0,1702731600
2.581,7,Dec 16 2023 14: +0,1702735200
2.533,3,Dec 16 2023 15: +0,1702738800
2.636,5,Dec 16 2023 16: +0,1702742400
2.569,3,Dec 16 2023 17: +0,1702746000
2.632,2,Dec 16 2023 18: +0,1702749600
2.589,3,Dec 16 2023 19: +0,1702753200
2.734,2,Dec 16 2023 20: +0,1702756800
2.62,4,Dec 16 2023 21: +0,1702760400
2.495,3,Dec 16 2023 22: +0,1702764000
2.613,1,Dec 17 2023 00: +0,1702771200
2.623,8,Dec 17 2023 01: +0,1702774800
2.738,6,Dec 17 2023 02: +0,1702778400
2.777,1,Dec 17 2023 03: +0,1702782000
2.597,3,Dec 17 2023 05: +0,1702789200
2.589,3,Dec 17 2023 07: +0,1702796400
2.613,5,Dec 17 2023 09: +0,1702803600
2.652,1,Dec 17 2023 10: +0,1702807200
2.409,1,Dec 17 2023 11: +0,1702810800
2.652,10,Dec 17 2023 12: +0,1702814400
2.597,7,Dec 17 2023 13: +0,1702818000
2.597,5,Dec 17 2023 14: +0,1702821600
2.597,9,Dec 17 2023 15: +0,1702825200
2.644,3,Dec 17 2023 16: +0,1702828800
2.652,8,Dec 17 2023 17: +0,1702832400
1.655,4,Dec 17 2023 18: +0,1702836000
2.608,2,Dec 17 2023 19: +0,1702839600
2.653,6,Dec 17 2023 20: +0,1702843200
2.653,2,Dec 17 2023 21: +0,1702846800
2.619,4,Dec 17 2023 22: +0,1702850400
2.62,2,Dec 17 2023 23: +0,1702854000
2.461,1,Dec 18 2023 00: +0,1702857600
2.671,3,Dec 18 2023 03: +0,1702868400
2.595,1,Dec 18 2023 04: +0,1702872000
2.705,16,Dec 18 2023 05: +0,1702875600
2.817,5,Dec 18 2023 06: +0,1702879200
2.565,1,Dec 18 2023 07: +0,1702882800
2.738,1,Dec 18 2023 08: +0,1702886400
2.771,2,Dec 18 2023 09: +0,1702890000
2.581,3,Dec 18 2023 10: +0,1702893600
2.491,2,Dec 18 2023 11: +0,1702897200
2.589,1,Dec 18 2023 12: +0,1702900800
2.667,4,Dec 18 2023 13: +0,1702904400
2.762,3,Dec 18 2023 14: +0,1702908000
2.581,9,Dec 18 2023 15: +0,1702911600
1.789,2,Dec 18 2023 17: +0,1702918800
1.684,4,Dec 18 2023 18: +0,1702922400
2.62,2,Dec 18 2023 20: +0,1702929600
0.823,4,Dec 18 2023 21: +0,1702933200
2.69,5,Dec 19 2023 00: +0,1702944000
0.771,1,Dec 19 2023 01: +0,1702947600
2.542,1,Dec 19 2023 02: +0,1702951200
2.503,1,Dec 19 2023 03: +0,1702954800
2.581,1,Dec 19 2023 04: +0,1702958400
2.581,1,Dec 19 2023 05: +0,1702962000
2.526,1,Dec 19 2023 06: +0,1702965600
2.684,2,Dec 19 2023 07: +0,1702969200
2.754,8,Dec 19 2023 08: +0,1702972800
2.934,4,Dec 19 2023 09: +0,1702976400
2.697,2,Dec 19 2023 11: +0,1702983600
2.707,1,Dec 19 2023 13: +0,1702990800
2.69,3,Dec 19 2023 14: +0,1702994400
2.523,1,Dec 19 2023 17: +0,1703005200
2.628,1,Dec 19 2023 18: +0,1703008800
2.526,1,Dec 19 2023 19: +0,1703012400
2.518,2,Dec 19 2023 20: +0,1703016000
2.589,1,Dec 19 2023 21: +0,1703019600
2.656,12,Dec 19 2023 22: +0,1703023200
0.89,2,Dec 19 2023 23: +0,1703026800
0.729,1,Dec 20 2023 00: +0,1703030400
0.89,1,Dec 20 2023 01: +0,1703034000
3.272,2,Dec 20 2023 02: +0,1703037600
2.558,1,Dec 20 2023 03: +0,1703041200
2.934,1,Dec 20 2023 04: +0,1703044800
2.55,1,Dec 20 2023 05: +0,1703048400
2.55,12,Dec 20 2023 06: +0,1703052000
1.76,2,Dec 20 2023 07: +0,1703055600
2.675,3,Dec 20 2023 08: +0,1703059200
2.981,1,Dec 20 2023 09: +0,1703062800
2.707,3,Dec 20 2023 10: +0,1703066400
3.844,3,Dec 20 2023 13: +0,1703077200
2.701,3,Dec 20 2023 15: +0,1703084400
2.706,3,Dec 20 2023 16: +0,1703088000
2.389,1,Dec 20 2023 17: +0,1703091600
1.973,1,Dec 20 2023 19: +0,1703098800
0.813,5,Dec 20 2023 20: +0,1703102400
0.813,9,Dec 20 2023 21: +0,1703106000
0.813,5,Dec 20 2023 22: +0,1703109600
1.695,2,Dec 20 2023 23: +0,1703113200
1.671,4,Dec 21 2023 00: +0,1703116800
2.572,1,Dec 21 2023 02: +0,1703124000
2.628,3,Dec 21 2023 03: +0,1703127600
2.675,4,Dec 21 2023 05: +0,1703134800
2.667,3,Dec 21 2023 06: +0,1703138400
2.637,2,Dec 21 2023 07: +0,1703142000
2.651,2,Dec 21 2023 08: +0,1703145600
2.601,2,Dec 21 2023 11: +0,1703156400
2.669,10,Dec 21 2023 12: +0,1703160000
2.601,4,Dec 21 2023 14: +0,1703167200
0.892,1,Dec 21 2023 15: +0,1703170800
1.752,4,Dec 21 2023 16: +0,1703174400
0.848,2,Dec 21 2023 17: +0,1703178000
1.733,3,Dec 21 2023 18: +0,1703181600
2.617,1,Dec 21 2023 19: +0,1703185200
2.55,3,Dec 21 2023 20: +0,1703188800
2.435,3,Dec 21 2023 21: +0,1703192400
2.558,3,Dec 21 2023 22: +0,1703196000
0.817,8,Dec 21 2023 23: +0,1703199600
0.817,8,Dec 22 2023 00: +0,1703203200
0.817,7,Dec 22 2023 01: +0,1703206800
2.598,3,Dec 22 2023 02: +0,1703210400
2.378,4,Dec 22 2023 03: +0,1703214000
1.624,2,Dec 22 2023 04: +0,1703217600
2.598,3,Dec 22 2023 05: +0,1703221200
2.554,2,Dec 22 2023 06: +0,1703224800
2.598,3,Dec 22 2023 07: +0,1703228400
2.6,7,Dec 22 2023 08: +0,1703232000
2.68,9,Dec 22 2023 09: +0,1703235600
2.566,1,Dec 22 2023 10: +0,1703239200
2.558,5,Dec 22 2023 11: +0,1703242800
2.558,3,Dec 22 2023 12: +0,1703246400
0.817,1,Dec 22 2023 13: +0,1703250000
2.775,2,Dec 22 2023 14: +0,1703253600
4.015,5,Dec 22 2023 15: +0,1703257200
2.608,9,Dec 22 2023 16: +0,1703260800
0.729,1,Dec 22 2023 17: +0,1703264400
2.602,1,Dec 22 2023 18: +0,1703268000
2.583,2,Dec 22 2023 19: +0,1703271600
2.699,10,Dec 22 2023 22: +0,1703282400
1.62,2,Dec 22 2023 23: +0,1703286000
1.584,1,Dec 23 2023 00: +0,1703289600
2.558,1,Dec 23 2023 03: +0,1703300400
2.598,3,Dec 23 2023 04: +0,1703304000
2.694,2,Dec 23 2023 06: +0,1703311200
2.515,4,Dec 23 2023 07: +0,1703314800
0.747,1,Dec 23 2023 08: +0,1703318400
2.595,3,Dec 23 2023 09: +0,1703322000
2.558,2,Dec 23 2023 10: +0,1703325600
2.558,5,Dec 23 2023 11: +0,1703329200
2.669,3,Dec 23 2023 13: +0,1703336400
2.685,4,Dec 23 2023 14: +0,1703340000
2.726,11,Dec 23 2023 16: +0,1703347200
0.82,3,Dec 23 2023 17: +0,1703350800
2.539,4,Dec 23 2023 18: +0,1703354400
2.644,11,Dec 23 2023 19: +0,1703358000
2.716,1,Dec 23 2023 20: +0,1703361600
2.499,4,Dec 23 2023 21: +0,1703365200
2.538,1,Dec 23 2023 22: +0,1703368800
2.486,2,Dec 23 2023 23: +0,1703372400
0.789,3,Dec 24 2023 00: +0,1703376000
2.53,2,Dec 24 2023 01: +0,1703379600
2.545,1,Dec 24 2023 03: +0,1703386800
2.567,1,Dec 24 2023 04: +0,1703390400
2.6,1,Dec 24 2023 05: +0,1703394000
2.567,1,Dec 24 2023 06: +0,1703397600
2.755,12,Dec 24 2023 07: +0,1703401200
2.629,1,Dec 24 2023 08: +0,1703404800
2.535,1,Dec 24 2023 09: +0,1703408400
2.624,3,Dec 24 2023 10: +0,1703412000
2.566,1,Dec 24 2023 11: +0,1703415600
2.598,1,Dec 24 2023 12: +0,1703419200
2.361,3,Dec 24 2023 13: +0,1703422800
2.495,3,Dec 24 2023 14: +0,1703426400
2.48,5,Dec 24 2023 15: +0,1703430000
2.511,2,Dec 24 2023 16: +0,1703433600
0.82,5,Dec 24 2023 17: +0,1703437200
2.566,1,Dec 24 2023 18: +0,1703440800
2.361,1,Dec 24 2023 19: +0,1703444400
0.73,3,Dec 24 2023 21: +0,1703451600
0.82,4,Dec 24 2023 23: +0,1703458800
1.683,2,Dec 25 2023 00: +0,1703462400
0.814,4,Dec 25 2023 01: +0,1703466000
2.511,6,Dec 25 2023 02: +0,1703469600
0.814,4,Dec 25 2023 03: +0,1703473200
2.544,4,Dec 25 2023 05: +0,1703480400
2.226,2,Dec 25 2023 06: +0,1703484000
1.381,2,Dec 25 2023 07: +0,1703487600
2.483,2,Dec 25 2023 08: +0,1703491200
2.678,4,Dec 25 2023 09: +0,1703494800
2.551,1,Dec 25 2023 10: +0,1703498400
2.511,1,Dec 25 2023 11: +0,1703502000
1.622,4,Dec 25 2023 12: +0,1703505600
0.728,1,Dec 25 2023 13: +0,1703509200
2.44,5,Dec 25 2023 14: +0,1703512800
2.541,7,Dec 25 2023 15: +0,1703516400
2.44,3,Dec 25 2023 16: +0,1703520000
2.495,1,Dec 25 2023 17: +0,1703523600
0.747,5,Dec 25 2023 18: +0,1703527200
2.59,3,Dec 25 2023 19: +0,1703530800
1.615,2,Dec 25 2023 20: +0,1703534400
2.44,3,Dec 25 2023 21: +0,1703538000
1.613,4,Dec 25 2023 22: +0,1703541600
0.73,1,Dec 26 2023 00: +0,1703548800
2.361,5,Dec 26 2023 01: +0,1703552400
1.634,2,Dec 26 2023 02: +0,1703556000
2.488,1,Dec 26 2023 03: +0,1703559600
1.747,3,Dec 26 2023 05: +0,1703566800
2.495,5,Dec 26 2023 06: +0,1703570400
1.715,2,Dec 26 2023 08: +0,1703577600
2.416,1,Dec 26 2023 09: +0,1703581200
2.472,4,Dec 26 2023 10: +0,1703584800
1.462,2,Dec 26 2023 11: +0,1703588400
2.448,2,Dec 26 2023 12: +0,1703592000
2.537,5,Dec 26 2023 15: +0,1703602800
2.361,1,Dec 26 2023 16: +0,1703606400
2.535,3,Dec 26 2023 17: +0,1703610000
1.627,6,Dec 26 2023 18: +0,1703613600
2.446,7,Dec 26 2023 19: +0,1703617200
2.409,3,Dec 26 2023 20: +0,1703620800
1.608,2,Dec 26 2023 21: +0,1703624400
2.543,10,Dec 26 2023 22: +0,1703628000
0.813,3,Dec 26 2023 23: +0,1703631600
2.487,2,Dec 27 2023 00: +0,1703635200
2.535,1,Dec 27 2023 01: +0,1703638800
2.533,7,Dec 27 2023 02: +0,1703642400
2.567,6,Dec 27 2023 03: +0,1703646000
2.443,4,Dec 27 2023 05: +0,1703653200
0.813,1,Dec 27 2023 06: +0,1703656800
2.736,6,Dec 27 2023 07: +0,1703660400
3.035,2,Dec 27 2023 08: +0,1703664000
2.301,2,Dec 27 2023 09: +0,1703667600
2.336,2,Dec 27 2023 11: +0,1703674800
2.524,1,Dec 27 2023 12: +0,1703678400
2.584,3,Dec 27 2023 14: +0,1703685600
2.425,3,Dec 27 2023 15: +0,1703689200
2.421,2,Dec 27 2023 16: +0,1703692800
2.489,5,Dec 27 2023 17: +0,1703696400
0.745,3,Dec 27 2023 18: +0,1703700000
0.748,3,Dec 27 2023 19: +0,1703703600
0.745,5,Dec 27 2023 20: +0,1703707200
0.813,3,Dec 27 2023 21: +0,1703710800
1.258,3,Dec 27 2023 22: +0,1703714400
0.814,8,Dec 27 2023 23: +0,1703718000
0.813,7,Dec 28 2023 00: +0,1703721600
0.813,5,Dec 28 2023 01: +0,1703725200
0.847,8,Dec 28 2023 02: +0,1703728800
2.435,5,Dec 28 2023 03: +0,1703732400
0.813,5,Dec 28 2023 04: +0,1703736000
1.538,4,Dec 28 2023 05: +0,1703739600
2.598,10,Dec 28 2023 06: +0,1703743200
2.599,4,Dec 28 2023 07: +0,1703746800
2.421,3,Dec 28 2023 08: +0,1703750400
2.571,1,Dec 28 2023 10: +0,1703757600
2.474,2,Dec 28 2023 11: +0,1703761200
1.678,2,Dec 28 2023 12: +0,1703764800
2.435,1,Dec 28 2023 13: +0,1703768400
2.582,5,Dec 28 2023 14: +0,1703772000
2.421,1,Dec 28 2023 15: +0,1703775600
2.571,11,Dec 28 2023 16: +0,1703779200
1.651,4,Dec 28 2023 17: +0,1703782800
0.729,1,Dec 28 2023 18: +0,1703786400
2.411,1,Dec 28 2023 19: +0,1703790000
2.527,1,Dec 28 2023 20: +0,1703793600
2.535,1,Dec 28 2023 21: +0,1703797200
2.313,4,Dec 28 2023 22: +0,1703800800
2.531,1,Dec 28 2023 23: +0,1703804400
2.424,2,Dec 29 2023 00: +0,1703808000
2.358,4,Dec 29 2023 01: +0,1703811600
2.363,1,Dec 29 2023 02: +0,1703815200
2.44,7,Dec 29 2023 03: +0,1703818800
2.609,11,Dec 29 2023 06: +0,1703829600
2.644,1,Dec 29 2023 09: +0,1703840400
2.598,3,Dec 29 2023 10: +0,1703844000
0.749,3,Dec 29 2023 11: +0,1703847600
2.36,3,Dec 29 2023 12: +0,1703851200
1.908,1,Dec 29 2023 13: +0,1703854800
0.643,2,Dec 29 2023 14: +0,1703858400
2.37,2,Dec 29 2023 15: +0,1703862000
2.393,4,Dec 29 2023 16: +0,1703865600
2.444,2,Dec 29 2023 17: +0,1703869200
0.817,11,Dec 29 2023 18: +0,1703872800
0.734,8,Dec 29 2023 19: +0,1703876400
2.749,1,Dec 29 2023 20: +0,1703880000
2.332,4,Dec 29 2023 21: +0,1703883600
2.368,5,Dec 29 2023 22: +0,1703887200
2.507,10,Dec 29 2023 23: +0,1703890800
2.522,3,Dec 30 2023 00: +0,1703894400
0.776,4,Dec 30 2023 03: +0,1703905200
2.645,1,Dec 30 2023 04: +0,1703908800
0.564,1,Dec 30 2023 05: +0,1703912400
1.56,2,Dec 30 2023 06: +0,1703916000
0.564,5,Dec 30 2023 07: +0,1703919600
1.485,2,Dec 30 2023 08: +0,1703923200
0.564,3,Dec 30 2023 09: +0,1703926800
2.505,9,Dec 30 2023 10: +0,1703930400
2.551,4,Dec 30 2023 11: +0,1703934000
0.776,7,Dec 30 2023 13: +0,1703941200
2.401,1,Dec 30 2023 14: +0,1703944800
0.783,4,Dec 30 2023 16: +0,1703952000
1.567,2,Dec 30 2023 17: +0,1703955600
1.627,4,Dec 30 2023 18: +0,1703959200
2.401,3,Dec 30 2023 19: +0,1703962800
2.546,1,Dec 30 2023 20: +0,1703966400
2.401,1,Dec 30 2023 22: +0,1703973600
2.319,2,Dec 30 2023 23: +0,1703977200
2.098,2,Dec 31 2023 01: +0,1703984400
2.429,2,Dec 31 2023 03: +0,1703991600
2.444,6,Dec 31 2023 05: +0,1703998800
2.44,4,Dec 31 2023 06: +0,1704002400
0.733,2,Dec 31 2023 07: +0,1704006000
2.448,1,Dec 31 2023 08: +0,1704009600
2.41,13,Dec 31 2023 09: +0,1704013200
0.733,3,Dec 31 2023 10: +0,1704016800
2.408,5,Dec 31 2023 11: +0,1704020400
0.735,2,Dec 31 2023 12: +0,1704024000
2.445,1,Dec 31 2023 13: +0,1704027600
2.435,4,Dec 31 2023 14: +0,1704031200
2.435,6,Dec 31 2023 15: +0,1704034800
2.466,2,Dec 31 2023 16: +0,1704038400
1.749,1,Dec 31 2023 17: +0,1704042000
0.818,5,Dec 31 2023 19: +0,1704049200
0.818,6,Dec 31 2023 20: +0,1704052800
0.733,3,Dec 31 2023 21: +0,1704056400
0.733,9,Dec 31 2023 22: +0,1704060000
0.818,6,Dec 31 2023 23: +0,1704063600
0.818,9,Jan 01 2024 00: +0,1704067200
2.446,6,Jan 01 2024 01: +0,1704070800
0.818,5,Jan 01 2024 02: +0,1704074400
0.818,10,Jan 01 2024 03: +0,1704078000
2.399,4,Jan 01 2024 04: +0,1704081600
2.619,4,Jan 01 2024 06: +0,1704088800
2.446,6,Jan 01 2024 07: +0,1704092400
2.353,2,Jan 01 2024 08: +0,1704096000
2.434,1,Jan 01 2024 10: +0,1704103200
2.446,10,Jan 01 2024 11: +0,1704106800
1.924,1,Jan 01 2024 12: +0,1704110400
2.832,4,Jan 01 2024 13: +0,1704114000
1.614,4,Jan 01 2024 14: +0,1704117600
2.533,1,Jan 01 2024 15: +0,1704121200
2.446,1,Jan 01 2024 16: +0,1704124800
2.433,2,Jan 01 2024 17: +0,1704128400
2.416,8,Jan 01 2024 19: +0,1704135600
0.75,3,Jan 01 2024 20: +0,1704139200
2.404,4,Jan 01 2024 21: +0,1704142800
2.176,2,Jan 01 2024 22: +0,1704146400
2.479,11,Jan 01 2024 23: +0,1704150000
1.661,2,Jan 02 2024 00: +0,1704153600
0.818,6,Jan 02 2024 01: +0,1704157200
2.0,3,Jan 02 2024 02: +0,1704160800
2.338,1,Jan 02 2024 07: +0,1704178800
2.8,1,Jan 02 2024 09: +0,1704186000
2.556,1,Jan 02 2024 10: +0,1704189600
2.406,3,Jan 02 2024 11: +0,1704193200
2.501,1,Jan 02 2024 12: +0,1704196800
2.305,4,Jan 02 2024 13: +0,1704200400
2.011,1,Jan 02 2024 14: +0,1704204000
2.29,5,Jan 02 2024 15: +0,1704207600
0.736,2,Jan 02 2024 16: +0,1704211200
1.562,6,Jan 02 2024 18: +0,1704218400
2.391,1,Jan 02 2024 19: +0,1704222000
1.57,2,Jan 02 2024 20: +0,1704225600
2.328,3,Jan 02 2024 21: +0,1704229200
2.391,1,Jan 02 2024 22: +0,1704232800
2.391,5,Jan 02 2024 23: +0,1704236400
2.366,2,Jan 03 2024 00: +0,1704240000
1.809,1,Jan 03 2024 01: +0,1704243600
2.416,3,Jan 03 2024 03: +0,1704250800
2.254,4,Jan 03 2024 04: +0,1704254400
0.729,1,Jan 03 2024 05: +0,1704258000
2.305,2,Jan 03 2024 06: +0,1704261600
2.399,3,Jan 03 2024 07: +0,1704265200
2.643,3,Jan 03 2024 08: +0,1704268800
2.497,16,Jan 03 2024 09: +0,1704272400
2.391,1,Jan 03 2024 10: +0,1704276000
2.421,5,Jan 03 2024 12: +0,1704283200
2.521,2,Jan 03 2024 13: +0,1704286800
0.771,2,Jan 03 2024 14: +0,1704290400
2.495,12,Jan 03 2024 15: +0,1704294000
2.273,3,Jan 03 2024 16: +0,1704297600
2.526,1,Jan 03 2024 17: +0,1704301200
0.729,1,Jan 03 2024 18: +0,1704304800
2.486,1,Jan 03 2024 19: +0,1704308400
2.528,1,Jan 03 2024 20: +0,1704312000
2.053,3,Jan 03 2024 21: +0,1704315600
2.217,1,Jan 03 2024 22: +0,1704319200
2.478,6,Jan 03 2024 23: +0,1704322800
0.812,1,Jan 04 2024 00: +0,1704326400
2.51,4,Jan 04 2024 01: +0,1704330000
0.812,3,Jan 04 2024 02: +0,1704333600
0.812,2,Jan 04 2024 03: +0,1704337200
0.812,3,Jan 04 2024 04: +0,1704340800
2.501,5,Jan 04 2024 05: +0,1704344400
2.397,16,Jan 04 2024 09: +0,1704358800
2.289,3,Jan 04 2024 10: +0,1704362400
2.383,1,Jan 04 2024 11: +0,1704366000
2.388,1,Jan 04 2024 12: +0,1704369600
2.292,3,Jan 04 2024 13: +0,1704373200
2.334,7,Jan 04 2024 17: +0,1704387600
0.727,3,Jan 04 2024 18: +0,1704391200
2.289,3,Jan 04 2024 20: +0,1704398400
2.289,3,Jan 04 2024 21: +0,1704402000
2.275,1,Jan 04 2024 22: +0,1704405600
0.768,4,Jan 04 2024 23: +0,1704409200
2.443,5,Jan 05 2024 00: +0,1704412800
2.482,2,Jan 05 2024 02: +0,1704420000
2.714,1,Jan 05 2024 03: +0,1704423600
2.383,1,Jan 05 2024 04: +0,1704427200
2.281,1,Jan 05 2024 05: +0,1704430800
0.81,1,Jan 05 2024 07: +0,1704438000
2.344,1,Jan 05 2024 08: +0,1704441600
2.289,1,Jan 05 2024 09: +0,1704445200
2.179,4,Jan 05 2024 11: +0,1704452400
2.313,2,Jan 05 2024 12: +0,1704456000
2.305,3,Jan 05 2024 13: +0,1704459600
2.271,2,Jan 05 2024 14: +0,1704463200
2.348,2,Jan 05 2024 15: +0,1704466800
2.362,1,Jan 05 2024 16: +0,1704470400
2.362,2,Jan 05 2024 17: +0,1704474000
2.352,3,Jan 05 2024 18: +0,1704477600
0.729,7,Jan 05 2024 19: +0,1704481200
2.399,14,Jan 05 2024 20: +0,1704484800
1.615,2,Jan 05 2024 21: +0,1704488400
2.411,3,Jan 05 2024 22: +0,1704492000
2.492,2,Jan 05 2024 23: +0,1704495600
2.328,4,Jan 06 2024 02: +0,1704506400
2.415,1,Jan 06 2024 03: +0,1704510000
2.446,1,Jan 06 2024 04: +0,1704513600
2.328,1,Jan 06 2024 05: +0,1704517200
0.812,1,Jan 06 2024 06: +0,1704520800
2.474,2,Jan 06 2024 07: +0,1704524400
0.729,3,Jan 06 2024 08: +0,1704528000
2.333,3,Jan 06 2024 10: +0,1704535200
2.395,2,Jan 06 2024 11: +0,1704538800
2.479,3,Jan 06 2024 12: +0,1704542400
1.98,1,Jan 06 2024 13: +0,1704546000
2.436,3,Jan 06 2024 14: +0,1704549600
2.497,5,Jan 06 2024 16: +0,1704556800
0.739,4,Jan 06 2024 17: +0,1704560400
2.493,11,Jan 06 2024 18: +0,1704564000
1.614,6,Jan 06 2024 19: +0,1704567600
1.575,2,Jan 06 2024 20: +0,1704571200
2.493,18,Jan 06 2024 21: +0,1704574800
2.421,4,Jan 06 2024 22: +0,1704578400
0.814,8,Jan 06 2024 23: +0,1704582000
2.442,2,Jan 07 2024 00: +0,1704585600
0.814,4,Jan 07 2024 02: +0,1704592800
0.871,1,Jan 07 2024 03: +0,1704596400
2.474,2,Jan 07 2024 04: +0,1704600000
1.504,2,Jan 07 2024 05: +0,1704603600
2.352,1,Jan 07 2024 06: +0,1704607200
1.748,2,Jan 07 2024 08: +0,1704614400
2.91,1,Jan 07 2024 09: +0,1704618000
2.841,1,Jan 07 2024 10: +0,1704621600
2.436,1,Jan 07 2024 11: +0,1704625200
2.442,1,Jan 07 2024 12: +0,1704628800
2.541,7,Jan 07 2024 13: +0,1704632400
2.533,2,Jan 07 2024 15: +0,1704639600
1.648,2,Jan 07 2024 17: +0,1704646800
2.554,1,Jan 07 2024 18: +0,1704650400
1.186,2,Jan 07 2024 19: +0,1704654000
2.501,16,Jan 07 2024 20: +0,1704657600
0.729,7,Jan 07 2024 21: +0,1704661200
2.36,2,Jan 07 2024 22: +0,1704664800
2.529,2,Jan 07 2024 23: +0,1704668400
2.36,1,Jan 08 2024 02: +0,1704679200
2.135,1,Jan 08 2024 04: +0,1704686400
0.814,1,Jan 08 2024 05: +0,1704690000
2.576,8,Jan 08 2024 07: +0,1704697200
2.368,1,Jan 08 2024 10: +0,1704708000
2.383,1,Jan 08 2024 11: +0,1704711600
2.36,3,Jan 08 2024 12: +0,1704715200
2.375,1,Jan 08 2024 13: +0,1704718800
2.375,1,Jan 08 2024 14: +0,1704722400
2.328,1,Jan 08 2024 15: +0,1704726000
2.407,6,Jan 08 2024 16: +0,1704729600
2.251,4,Jan 08 2024 17: +0,1704733200
2.54,23,Jan 08 2024 18: +0,1704736800
2.471,1,Jan 08 2024 19: +0,1704740400
2.572,9,Jan 08 2024 21: +0,1704747600
2.17,3,Jan 08 2024 22: +0,1704751200
0.813,4,Jan 08 2024 23: +0,1704754800
2.072,2,Jan 09 2024 00: +0,1704758400
2.585,3,Jan 09 2024 01: +0,1704762000
2.36,1,Jan 09 2024 02: +0,1704765600
2.674,1,Jan 09 2024 04: +0,1704772800
2.273,3,Jan 09 2024 07: +0,1704783600
2.423,1,Jan 09 2024 08: +0,1704787200
2.531,1,Jan 09 2024 10: +0,1704794400
2.505,1,Jan 09 2024 11: +0,1704798000
0.813,4,Jan 09 2024 12: +0,1704801600
2.407,4,Jan 09 2024 13: +0,1704805200
2.324,2,Jan 09 2024 14: +0,1704808800
2.576,15,Jan 09 2024 17: +0,1704819600
2.415,2,Jan 09 2024 19: +0,1704826800
2.076,2,Jan 09 2024 20: +0,1704830400
2.297,1,Jan 09 2024 21: +0,1704834000
2.431,2,Jan 09 2024 22: +0,1704837600
2.328,3,Jan 10 2024 00: +0,1704844800
2.493,3,Jan 10 2024 01: +0,1704848400
2.423,1,Jan 10 2024 02: +0,1704852000
2.446,2,Jan 10 2024 03: +0,1704855600
2.227,1,Jan 10 2024 05: +0,1704862800
2.45,8,Jan 10 2024 08: +0,1704873600
2.582,1,Jan 10 2024 09: +0,1704877200
0.805,1,Jan 10 2024 10: +0,1704880800
2.118,2,Jan 10 2024 11: +0,1704884400
0.812,1,Jan 10 2024 12: +0,1704888000
0.726,1,Jan 10 2024 14: +0,1704895200
2.265,3,Jan 10 2024 15: +0,1704898800
2.458,1,Jan 10 2024 16: +0,1704902400
2.257,5,Jan 10 2024 17: +0,1704906000
1.553,4,Jan 10 2024 18: +0,1704909600
0.745,3,Jan 10 2024 19: +0,1704913200
2.491,4,Jan 10 2024 20: +0,1704916800
0.745,1,Jan 10 2024 21: +0,1704920400
2.459,2,Jan 10 2024 22: +0,1704924000
0.811,1,Jan 11 2024 00: +0,1704931200
2.47,6,Jan 11 2024 01: +0,1704934800
2.075,2,Jan 11 2024 02: +0,1704938400
2.588,1,Jan 11 2024 03: +0,1704942000
2.545,2,Jan 11 2024 04: +0,1704945600
2.273,1,Jan 11 2024 05: +0,1704949200
2.383,1,Jan 11 2024 08: +0,1704960000
2.519,1,Jan 11 2024 09: +0,1704963600
2.562,6,Jan 11 2024 10: +0,1704967200
2.47,1,Jan 11 2024 11: +0,1704970800
2.478,1,Jan 11 2024 12: +0,1704974400
2.482,1,Jan 11 2024 13: +0,1704978000
2.264,2,Jan 11 2024 14: +0,1704981600
1.593,2,Jan 11 2024 17: +0,1704992400
2.273,3,Jan 11 2024 18: +0,1704996000
2.407,1,Jan 11 2024 19: +0,1704999600
2.457,10,Jan 11 2024 20: +0,1705003200
2.573,5,Jan 11 2024 21: +0,1705006800
0.816,4,Jan 11 2024 23: +0,1705014000
0.816,4,Jan 12 2024 00: +0,1705017600
2.411,1,Jan 12 2024 01: +0,1705021200
0.816,3,Jan 12 2024 02: +0,1705024800
2.173,1,Jan 12 2024 03: +0,1705028400
1.991,1,Jan 12 2024 04: +0,1705032000
0.808,4,Jan 12 2024 05: +0,1705035600
2.606,1,Jan 12 2024 06: +0,1705039200
2.308,1,Jan 12 2024 07: +0,1705042800
2.299,2,Jan 12 2024 08: +0,1705046400
2.585,3,Jan 12 2024 09: +0,1705050000
2.594,1,Jan 12 2024 10: +0,1705053600
2.553,1,Jan 12 2024 11: +0,1705057200
2.132,2,Jan 12 2024 12: +0,1705060800
2.351,2,Jan 12 2024 14: +0,1705068000
1.618,2,Jan 12 2024 16: +0,1705075200
2.474,2,Jan 12 2024 17: +0,1705078800
2.506,1,Jan 12 2024 18: +0,1705082400
2.182,1,Jan 12 2024 19: +0,1705086000
2.49,3,Jan 12 2024 20: +0,1705089600
1.992,1,Jan 12 2024 21: +0,1705093200
2.506,2,Jan 12 2024 22: +0,1705096800
2.51,2,Jan 12 2024 23: +0,1705100400
2.802,2,Jan 13 2024 00: +0,1705104000
2.372,1,Jan 13 2024 02: +0,1705111200
2.525,1,Jan 13 2024 03: +0,1705114800
2.435,3,Jan 13 2024 04: +0,1705118400
2.372,4,Jan 13 2024 09: +0,1705136400
2.45,1,Jan 13 2024 10: +0,1705140000
0.816,1,Jan 13 2024 11: +0,1705143600
2.541,4,Jan 13 2024 12: +0,1705147200
1.622,2,Jan 13 2024 13: +0,1705150800
2.512,1,Jan 13 2024 14: +0,1705154400
1.268,2,Jan 13 2024 15: +0,1705158000
0.773,7,Jan 13 2024 16: +0,1705161600
1.625,4,Jan 13 2024 17: +0,1705165200
2.185,5,Jan 13 2024 19: +0,1705172400
2.539,3,Jan 13 2024 20: +0,1705176000
0.817,8,Jan 13 2024 21: +0,1705179600
1.062,2,Jan 13 2024 22: +0,1705183200
0.816,4,Jan 13 2024 23: +0,1705186800
2.439,4,Jan 14 2024 00: +0,1705190400
2.593,3,Jan 14 2024 01: +0,1705194000
2.482,1,Jan 14 2024 02: +0,1705197600
2.506,1,Jan 14 2024 03: +0,1705201200
2.49,1,Jan 14 2024 05: +0,1705208400
2.593,1,Jan 14 2024 06: +0,1705212000
2.285,3,Jan 14 2024 10: +0,1705226400
2.593,3,Jan 14 2024 13: +0,1705237200
2.609,5,Jan 14 2024 14: +0,1705240800
2.514,3,Jan 14 2024 15: +0,1705244400
2.514,2,Jan 14 2024 16: +0,1705248000
2.593,1,Jan 14 2024 18: +0,1705255200
2.548,2,Jan 14 2024 19: +0,1705258800
2.594,2,Jan 14 2024 20: +0,1705262400
2.804,8,Jan 14 2024 21: +0,1705266000
2.585,1,Jan 15 2024 00: +0,1705276800
2.546,3,Jan 15 2024 03: +0,1705287600
2.553,1,Jan 15 2024 04: +0,1705291200
2.593,2,Jan 15 2024 05: +0,1705294800
0.816,1,Jan 15 2024 06: +0,1705298400
2.593,1,Jan 15 2024 07: +0,1705302000
2.61,2,Jan 15 2024 08: +0,1705305600
2.696,2,Jan 15 2024 10: +0,1705312800
0.808,1,Jan 15 2024 11: +0,1705316400
2.185,1,Jan 15 2024 12: +0,1705320000
1.579,2,Jan 15 2024 13: +0,1705323600
2.591,3,Jan 15 2024 14: +0,1705327200
2.498,1,Jan 15 2024 16: +0,1705334400
1.669,2,Jan 15 2024 17: +0,1705338000
1.669,4,Jan 15 2024 18: +0,1705341600
1.669,2,Jan 15 2024 19: +0,1705345200
2.594,1,Jan 15 2024 20: +0,1705348800
2.605,7,Jan 15 2024 21: +0,1705352400
1.74,4,Jan 15 2024 22: +0,1705356000
2.486,2,Jan 15 2024 23: +0,1705359600
2.522,3,Jan 16 2024 00: +0,1705363200
0.73,3,Jan 16 2024 01: +0,1705366800
2.632,1,Jan 16 2024 03: +0,1705374000
2.632,3,Jan 16 2024 04: +0,1705377600
2.482,3,Jan 16 2024 06: +0,1705384800
2.561,2,Jan 16 2024 09: +0,1705395600
2.364,1,Jan 16 2024 10: +0,1705399200
2.716,1,Jan 16 2024 11: +0,1705402800
2.586,5,Jan 16 2024 12: +0,1705406400
2.279,2,Jan 16 2024 13: +0,1705410000
2.638,7,Jan 16 2024 15: +0,1705417200
2.635,7,Jan 16 2024 16: +0,1705420800
2.698,30,Jan 16 2024 17: +0,1705424400
1.623,2,Jan 16 2024 18: +0,1705428000
1.611,4,Jan 16 2024 19: +0,1705431600
2.059,1,Jan 16 2024 21: +0,1705438800
0.815,3,Jan 16 2024 22: +0,1705442400
2.663,13,Jan 16 2024 23: +0,1705446000
2.571,7,Jan 17 2024 00: +0,1705449600
2.522,1,Jan 17 2024 04: +0,1705464000
2.522,2,Jan 17 2024 06: +0,1705471200
2.727,1,Jan 17 2024 07: +0,1705474800
2.726,1,Jan 17 2024 10: +0,1705485600
2.236,2,Jan 17 2024 11: +0,1705489200
2.143,2,Jan 17 2024 12: +0,1705492800
2.68,1,Jan 17 2024 13: +0,1705496400
2.681,1,Jan 17 2024 14: +0,1705500000
2.693,1,Jan 17 2024 15: +0,1705503600
0.812,1,Jan 17 2024 17: +0,1705510800
2.685,1,Jan 17 2024 18: +0,1705514400
2.689,2,Jan 17 2024 19: +0,1705518000
2.964,3,Jan 17 2024 20: +0,1705521600
2.693,5,Jan 17 2024 21: +0,1705525200
2.49,1,Jan 17 2024 22: +0,1705528800
2.555,2,Jan 17 2024 23: +0,1705532400
2.573,2,Jan 18 2024 01: +0,1705539600
2.577,1,Jan 18 2024 03: +0,1705546800
2.704,10,Jan 18 2024 04: +0,1705550400
2.561,1,Jan 18 2024 05: +0,1705554000
2.551,1,Jan 18 2024 07: +0,1705561200
2.542,2,Jan 18 2024 09: +0,1705568400
2.458,1,Jan 18 2024 10: +0,1705572000
2.623,2,Jan 18 2024 11: +0,1705575600
2.569,7,Jan 18 2024 12: +0,1705579200
2.564,3,Jan 18 2024 13: +0,1705582800
0.632,10,Jan 18 2024 14: +0,1705586400
0.619,4,Jan 18 2024 15: +0,1705590000
2.573,9,Jan 18 2024 16: +0,1705593600
2.656,5,Jan 18 2024 17: +0,1705597200
2.633,3,Jan 18 2024 18: +0,1705600800
1.7,2,Jan 18 2024 19: +0,1705604400
2.743,1,Jan 18 2024 20: +0,1705608000
2.625,1,Jan 18 2024 21: +0,1705611600
2.643,4,Jan 18 2024 22: +0,1705615200
2.672,4,Jan 18 2024 23: +0,1705618800
3.09,2,Jan 19 2024 00: +0,1705622400
2.664,3,Jan 19 2024 05: +0,1705640400
2.553,2,Jan 19 2024 06: +0,1705644000
0.823,1,Jan 19 2024 07: +0,1705647600
2.514,1,Jan 19 2024 08: +0,1705651200
2.623,1,Jan 19 2024 09: +0,1705654800
1.677,2,Jan 19 2024 10: +0,1705658400
2.736,11,Jan 19 2024 11: +0,1705662000
2.745,12,Jan 19 2024 12: +0,1705665600
2.735,3,Jan 19 2024 14: +0,1705672800
2.946,1,Jan 19 2024 15: +0,1705676400
2.264,1,Jan 19 2024 16: +0,1705680000
2.519,2,Jan 19 2024 17: +0,1705683600
0.858,3,Jan 19 2024 18: +0,1705687200
2.506,1,Jan 19 2024 19: +0,1705690800
2.575,1,Jan 19 2024 20: +0,1705694400
2.611,4,Jan 19 2024 21: +0,1705698000
2.277,4,Jan 19 2024 22: +0,1705701600
1.78,2,Jan 20 2024 00: +0,1705708800
2.426,4,Jan 20 2024 01: +0,1705712400
1.737,2,Jan 20 2024 02: +0,1705716000
2.609,2,Jan 20 2024 03: +0,1705719600
1.773,2,Jan 20 2024 04: +0,1705723200
0.858,1,Jan 20 2024 05: +0,1705726800
2.411,1,Jan 20 2024 06: +0,1705730400
2.49,1,Jan 20 2024 07: +0,1705734000
2.688,3,Jan 20 2024 08: +0,1705737600
2.715,2,Jan 20 2024 09: +0,1705741200
2.727,3,Jan 20 2024 10: +0,1705744800
2.727,3,Jan 20 2024 11: +0,1705748400
2.735,4,Jan 20 2024 12: +0,1705752000
2.735,13,Jan 20 2024 13: +0,1705755600
2.742,11,Jan 20 2024 14: +0,1705759200
2.731,10,Jan 20 2024 15: +0,1705762800
2.661,4,Jan 20 2024 16: +0,1705766400
2.661,7,Jan 20 2024 17: +0,1705770000
0.82,1,Jan 20 2024 18: +0,1705773600
1.989,2,Jan 20 2024 19: +0,1705777200
2.733,15,Jan 20 2024 20: +0,1705780800
2.448,5,Jan 20 2024 21: +0,1705784400
2.629,3,Jan 20 2024 22: +0,1705788000
2.645,3,Jan 20 2024 23: +0,1705791600
2.732,1,Jan 21 2024 01: +0,1705798800
2.668,2,Jan 21 2024 02: +0,1705802400
2.684,3,Jan 21 2024 03: +0,1705806000
1.811,1,Jan 21 2024 04: +0,1705809600
2.617,2,Jan 21 2024 05: +0,1705813200
2.716,3,Jan 21 2024 07: +0,1705820400
2.63,2,Jan 21 2024 08: +0,1705824000
2.629,5,Jan 21 2024 10: +0,1705831200
2.621,3,Jan 21 2024 11: +0,1705834800
2.637,3,Jan 21 2024 13: +0,1705842000
2.621,5,Jan 21 2024 14: +0,1705845600
2.566,6,Jan 21 2024 15: +0,1705849200
2.486,2,Jan 21 2024 16: +0,1705852800
2.562,4,Jan 21 2024 17: +0,1705856400
2.612,4,Jan 21 2024 18: +0,1705860000
1.521,2,Jan 21 2024 19: +0,1705863600
2.633,2,Jan 21 2024 20: +0,1705867200
2.48,3,Jan 21 2024 21: +0,1705870800
2.54,1,Jan 22 2024 00: +0,1705881600
2.46,4,Jan 22 2024 01: +0,1705885200
2.511,1,Jan 22 2024 02: +0,1705888800
2.553,1,Jan 22 2024 04: +0,1705896000
2.513,2,Jan 22 2024 05: +0,1705899600
2.546,3,Jan 22 2024 06: +0,1705903200
2.462,4,Jan 22 2024 07: +0,1705906800
2.53,3,Jan 22 2024 08: +0,1705910400
2.582,13,Jan 22 2024 09: +0,1705914000
2.513,5,Jan 22 2024 10: +0,1705917600
2.621,4,Jan 22 2024 11: +0,1705921200
2.582,7,Jan 22 2024 12: +0,1705924800
2.624,13,Jan 22 2024 13: +0,1705928400
2.598,3,Jan 22 2024 14: +0,1705932000
2.393,3,Jan 22 2024 15: +0,1705935600
2.531,8,Jan 22 2024 16: +0,1705939200
0.694,2,Jan 22 2024 17: +0,1705942800
1.736,2,Jan 22 2024 18: +0,1705946400
2.543,3,Jan 22 2024 19: +0,1705950000
2.396,2,Jan 22 2024 20: +0,1705953600
2.48,5,Jan 22 2024 21: +0,1705957200
2.64,5,Jan 22 2024 22: +0,1705960800
2.456,1,Jan 23 2024 00: +0,1705968000
2.486,2,Jan 23 2024 03: +0,1705978800
2.485,4,Jan 23 2024 04: +0,1705982400
2.483,2,Jan 23 2024 05: +0,1705986000
2.574,7,Jan 23 2024 07: +0,1705993200
2.582,1,Jan 23 2024 08: +0,1705996800
2.582,1,Jan 23 2024 09: +0,1706000400
2.56,2,Jan 23 2024 10: +0,1706004000
2.444,3,Jan 23 2024 11: +0,1706007600
1.676,4,Jan 23 2024 12: +0,1706011200
2.572,3,Jan 23 2024 13: +0,1706014800
2.574,7,Jan 23 2024 14: +0,1706018400
2.976,6,Jan 23 2024 15: +0,1706022000
2.407,4,Jan 23 2024 16: +0,1706025600
0.855,7,Jan 23 2024 17: +0,1706029200
0.855,7,Jan 23 2024 18: +0,1706032800
2.631,1,Jan 23 2024 19: +0,1706036400
0.855,3,Jan 23 2024 20: +0,1706040000
0.855,3,Jan 23 2024 21: +0,1706043600
2.429,2,Jan 23 2024 22: +0,1706047200
1.657,2,Jan 23 2024 23: +0,1706050800
0.858,1,Jan 24 2024 00: +0,1706054400
2.354,3,Jan 24 2024 01: +0,1706058000
2.566,5,Jan 24 2024 03: +0,1706065200
2.566,2,Jan 24 2024 04: +0,1706068800
2.381,2,Jan 24 2024 05: +0,1706072400
2.397,7,Jan 24 2024 08: +0,1706083200
2.606,10,Jan 24 2024 09: +0,1706086800
2.566,8,Jan 24 2024 10: +0,1706090400
0.858,3,Jan 24 2024 11: +0,1706094000
2.537,2,Jan 24 2024 12: +0,1706097600
2.512,1,Jan 24 2024 13: +0,1706101200
2.512,3,Jan 24 2024 14: +0,1706104800
2.31,6,Jan 24 2024 15: +0,1706108400
2.385,2,Jan 24 2024 16: +0,1706112000
2.415,1,Jan 24 2024 17: +0,1706115600
2.507,10,Jan 24 2024 18: +0,1706119200
2.297,1,Jan 24 2024 20: +0,1706126400
2.367,1,Jan 24 2024 21: +0,1706130000
2.552,1,Jan 24 2024 22: +0,1706133600
0.799,1,Jan 24 2024 23: +0,1706137200
0.86,1,Jan 25 2024 00: +0,1706140800
2.236,1,Jan 25 2024 01: +0,1706144400
2.33,1,Jan 25 2024 02: +0,1706148000
0.739,1,Jan 25 2024 05: +0,1706158800
2.33,2,Jan 25 2024 06: +0,1706162400
0.86,2,Jan 25 2024 07: +0,1706166000
2.322,1,Jan 25 2024 08: +0,1706169600
2.354,1,Jan 25 2024 09: +0,1706173200
1.591,2,Jan 25 2024 10: +0,1706176800
2.274,1,Jan 25 2024 11: +0,1706180400
0.86,1,Jan 25 2024 12: +0,1706184000
0.86,5,Jan 25 2024 13: +0,1706187600
2.519,11,Jan 25 2024 14: +0,1706191200
2.273,2,Jan 25 2024 15: +0,1706194800
0.708,5,Jan 25 2024 16: +0,1706198400
2.575,7,Jan 25 2024 17: +0,1706202000
1.494,2,Jan 25 2024 18: +0,1706205600
0.86,4,Jan 25 2024 19: +0,1706209200
1.187,2,Jan 25 2024 20: +0,1706212800
1.737,4,Jan 25 2024 21: +0,1706216400
0.857,3,Jan 25 2024 22: +0,1706220000
0.858,1,Jan 25 2024 23: +0,1706223600
0.858,5,Jan 26 2024 00: +0,1706227200
2.33,3,Jan 26 2024 01: +0,1706230800
2.359,2,Jan 26 2024 02: +0,1706234400
2.147,2,Jan 26 2024 03: +0,1706238000
2.297,2,Jan 26 2024 06: +0,1706248800
2.507,2,Jan 26 2024 07: +0,1706252400
1.585,2,Jan 26 2024 08: +0,1706256000
1.972,2,Jan 26 2024 09: +0,1706259600
0.858,1,Jan 26 2024 10: +0,1706263200
2.314,1,Jan 26 2024 11: +0,1706266800
0.716,1,Jan 26 2024 13: +0,1706274000
2.379,2,Jan 26 2024 14: +0,1706277600
0.858,3,Jan 26 2024 15: +0,1706281200
1.976,6,Jan 26 2024 16: +0,1706284800
1.5,4,Jan 26 2024 17: +0,1706288400
2.465,3,Jan 26 2024 18: +0,1706292000
0.829,3,Jan 26 2024 19: +0,1706295600
2.314,1,Jan 26 2024 20: +0,1706299200
1.528,2,Jan 26 2024 21: +0,1706302800
0.779,2,Jan 26 2024 22: +0,1706306400
2.198,2,Jan 26 2024 23: +0,1706310000
2.383,1,Jan 27 2024 00: +0,1706313600
2.477,4,Jan 27 2024 03: +0,1706324400
2.352,4,Jan 27 2024 05: +0,1706331600
2.32,3,Jan 27 2024 07: +0,1706338800
0.865,1,Jan 27 2024 08: +0,1706342400
1.62,2,Jan 27 2024 10: +0,1706349600
2.379,2,Jan 27 2024 12: +0,1706356800
2.369,2,Jan 27 2024 13: +0,1706360400
0.865,2,Jan 27 2024 14: +0,1706364000
2.304,1,Jan 27 2024 15: +0,1706367600
2.348,6,Jan 27 2024 16: +0,1706371200
1.608,2,Jan 27 2024 17: +0,1706374800
0.791,1,Jan 27 2024 18: +0,1706378400
1.588,2,Jan 27 2024 19: +0,1706382000
0.712,1,Jan 27 2024 20: +0,1706385600
0.804,1,Jan 27 2024 21: +0,1706389200
2.288,5,Jan 27 2024 22: +0,1706392800
1.532,2,Jan 27 2024 23: +0,1706396400
1.956,2,Jan 28 2024 00: +0,1706400000
2.391,1,Jan 28 2024 01: +0,1706403600
2.713,1,Jan 28 2024 02: +0,1706407200
2.328,3,Jan 28 2024 05: +0,1706418000
2.592,2,Jan 28 2024 06: +0,1706421600
2.415,5,Jan 28 2024 07: +0,1706425200
2.463,1,Jan 28 2024 08: +0,1706428800
2.334,2,Jan 28 2024 09: +0,1706432400
2.375,1,Jan 28 2024 11: +0,1706439600
1.521,2,Jan 28 2024 13: +0,1706446800
2.375,1,Jan 28 2024 14: +0,1706450400
0.865,3,Jan 28 2024 15: +0,1706454000
2.492,2,Jan 28 2024 16: +0,1706457600
2.375,1,Jan 28 2024 17: +0,1706461200
2.344,1,Jan 28 2024 18: +0,1706464800
2.383,1,Jan 28 2024 19: +0,1706468400
0.742,1,Jan 28 2024 20: +0,1706472000
2.336,4,Jan 28 2024 21: +0,1706475600
1.978,1,Jan 28 2024 22: +0,1706479200
2.39,3,Jan 28 2024 23: +0,1706482800
2.356,5,Jan 29 2024 00: +0,1706486400
0.865,1,Jan 29 2024 02: +0,1706493600
2.356,2,Jan 29 2024 03: +0,1706497200
2.398,1,Jan 29 2024 04: +0,1706500800
1.61,2,Jan 29 2024 05: +0,1706504400
2.415,1,Jan 29 2024 06: +0,1706508000
2.153,1,Jan 29 2024 07: +0,1706511600
2.383,2,Jan 29 2024 08: +0,1706515200
2.248,1,Jan 29 2024 11: +0,1706526000
2.453,10,Jan 29 2024 12: +0,1706529600
2.419,2,Jan 29 2024 13: +0,1706533200
2.407,1,Jan 29 2024 14: +0,1706536800
2.248,1,Jan 29 2024 15: +0,1706540400
2.336,1,Jan 29 2024 16: +0,1706544000
2.434,3,Jan 29 2024 17: +0,1706547600
0.865,3,Jan 29 2024 18: +0,1706551200
0.701,1,Jan 29 2024 19: +0,1706554800
2.375,5,Jan 29 2024 20: +0,1706558400
1.521,8,Jan 29 2024 21: +0,1706562000
2.526,1,Jan 29 2024 22: +0,1706565600
0.864,4,Jan 29 2024 23: +0,1706569200
0.864,4,Jan 30 2024 00: +0,1706572800
1.608,2,Jan 30 2024 01: +0,1706576400
2.407,9,Jan 30 2024 02: +0,1706580000
0.912,1,Jan 30 2024 04: +0,1706587200
2.28,1,Jan 30 2024 07: +0,1706598000
2.352,5,Jan 30 2024 09: +0,1706605200
2.352,6,Jan 30 2024 10: +0,1706608800
2.375,6,Jan 30 2024 11: +0,1706612400
2.28,5,Jan 30 2024 12: +0,1706616000
2.376,9,Jan 30 2024 13: +0,1706619600
2.375,1,Jan 30 2024 14: +0,1706623200
0.8,1,Jan 30 2024 15: +0,1706626800
2.32,3,Jan 30 2024 16: +0,1706630400
2.375,3,Jan 30 2024 17: +0,1706634000
0.864,3,Jan 30 2024 20: +0,1706644800
0.864,2,Jan 30 2024 21: +0,1706648400
1.536,4,Jan 30 2024 23: +0,1706655600
0.865,3,Jan 31 2024 00: +0,1706659200
2.407,3,Jan 31 2024 01: +0,1706662800
2.415,3,Jan 31 2024 03: +0,1706670000
1.592,2,Jan 31 2024 04: +0,1706673600
0.865,3,Jan 31 2024 05: +0,1706677200
0.865,5,Jan 31 2024 06: +0,1706680800
1.575,2,Jan 31 2024 07: +0,1706684400
2.352,3,Jan 31 2024 08: +0,1706688000
2.413,4,Jan 31 2024 09: +0,1706691600
1.908,3,Jan 31 2024 10: +0,1706695200
2.297,1,Jan 31 2024 11: +0,1706698800
2.391,1,Jan 31 2024 13: +0,1706706000
0.713,1,Jan 31 2024 14: +0,1706709600
2.32,1,Jan 31 2024 15: +0,1706713200
2.296,6,Jan 31 2024 17: +0,1706720400
2.364,6,Jan 31 2024 18: +0,1706724000
2.383,1,Jan 31 2024 19: +0,1706727600
2.388,2,Jan 31 2024 20: +0,1706731200
2.374,1,Jan 31 2024 21: +0,1706734800
1.949,2,Jan 31 2024 22: +0,1706738400
2.318,2,Jan 31 2024 23: +0,1706742000
2.192,2,Feb 01 2024 01: +0,1706749200
0.701,3,Feb 01 2024 02: +0,1706752800
2.232,3,Feb 01 2024 03: +0,1706756400
2.387,8,Feb 01 2024 04: +0,1706760000
0.878,2,Feb 01 2024 05: +0,1706763600
1.661,2,Feb 01 2024 06: +0,1706767200
0.89,1,Feb 01 2024 07: +0,1706770800
0.783,2,Feb 01 2024 08: +0,1706774400
0.701,1,Feb 01 2024 09: +0,1706778000
2.125,2,Feb 01 2024 10: +0,1706781600
2.193,1,Feb 01 2024 11: +0,1706785200
0.865,4,Feb 01 2024 12: +0,1706788800
2.296,3,Feb 01 2024 13: +0,1706792400
2.331,1,Feb 01 2024 14: +0,1706796000
2.344,2,Feb 01 2024 15: +0,1706799600
2.24,4,Feb 01 2024 16: +0,1706803200
2.357,3,Feb 01 2024 17: +0,1706806800
2.296,3,Feb 01 2024 18: +0,1706810400
2.387,10,Feb 01 2024 19: +0,1706814000
2.357,6,Feb 01 2024 20: +0,1706817600
0.89,1,Feb 01 2024 21: +0,1706821200
2.347,1,Feb 01 2024 22: +0,1706824800
2.338,1,Feb 01 2024 23: +0,1706828400
2.303,1,Feb 02 2024 01: +0,1706835600
2.236,2,Feb 02 2024 02: +0,1706839200
2.336,5,Feb 02 2024 03: +0,1706842800
2.341,2,Feb 02 2024 05: +0,1706850000
2.264,1,Feb 02 2024 06: +0,1706853600
2.097,1,Feb 02 2024 12: +0,1706875200
2.264,1,Feb 02 2024 13: +0,1706878800
2.284,4,Feb 02 2024 14: +0,1706882400
2.338,1,Feb 02 2024 15: +0,1706886000
2.332,1,Feb 02 2024 16: +0,1706889600
2.264,6,Feb 02 2024 17: +0,1706893200
2.316,2,Feb 02 2024 18: +0,1706896800
2.224,3,Feb 02 2024 19: +0,1706900400
2.256,2,Feb 02 2024 20: +0,1706904000
2.32,1,Feb 02 2024 21: +0,1706907600
2.264,3,Feb 02 2024 22: +0,1706911200
2.169,1,Feb 02 2024 23: +0,1706914800
2.264,7,Feb 03 2024 00: +0,1706918400
2.28,1,Feb 03 2024 01: +0,1706922000
2.324,4,Feb 03 2024 03: +0,1706929200
2.336,1,Feb 03 2024 07: +0,1706943600
2.256,1,Feb 03 2024 09: +0,1706950800
2.28,2,Feb 03 2024 10: +0,1706954400
2.314,2,Feb 03 2024 11: +0,1706958000
2.259,4,Feb 03 2024 12: +0,1706961600
2.28,1,Feb 03 2024 14: +0,1706968800
2.272,4,Feb 03 2024 15: +0,1706972400
0.863,5,Feb 03 2024 16: +0,1706976000
2.28,3,Feb 03 2024 17: +0,1706979600
0.876,2,Feb 03 2024 18: +0,1706983200
2.288,7,Feb 03 2024 19: +0,1706986800
2.248,3,Feb 03 2024 20: +0,1706990400
2.1,6,Feb 03 2024 21: +0,1706994000
2.661,1,Feb 03 2024 22: +0,1706997600
1.58,2,Feb 04 2024 00: +0,1707004800
2.28,1,Feb 04 2024 01: +0,1707008400
2.288,1,Feb 04 2024 04: +0,1707019200
2.296,2,Feb 04 2024 05: +0,1707022800
2.28,3,Feb 04 2024 06: +0,1707026400
2.113,5,Feb 04 2024 08: +0,1707033600
2.401,2,Feb 04 2024 09: +0,1707037200
2.31,1,Feb 04 2024 10: +0,1707040800
2.312,2,Feb 04 2024 11: +0,1707044400
0.863,5,Feb 04 2024 12: +0,1707048000
2.304,1,Feb 04 2024 13: +0,1707051600
2.304,3,Feb 04 2024 15: +0,1707058800
0.863,5,Feb 04 2024 17: +0,1707066000
2.338,18,Feb 04 2024 18: +0,1707069600
2.304,5,Feb 04 2024 19: +0,1707073200
2.304,24,Feb 04 2024 20: +0,1707076800
2.331,4,Feb 04 2024 21: +0,1707080400
1.845,3,Feb 04 2024 22: +0,1707084000
0.863,2,Feb 04 2024 23: +0,1707087600
2.276,2,Feb 05 2024 00: +0,1707091200
0.863,2,Feb 05 2024 01: +0,1707094800
0.863,3,Feb 05 2024 02: +0,1707098400
2.296,27,Feb 05 2024 03: +0,1707102000
2.296,3,Feb 05 2024 04: +0,1707105600
0.802,1,Feb 05 2024 06: +0,1707112800
1.827,1,Feb 05 2024 07: +0,1707116400
2.317,2,Feb 05 2024 08: +0,1707120000
0.869,1,Feb 05 2024 09: +0,1707123600
2.264,2,Feb 05 2024 10: +0,1707127200
2.304,1,Feb 05 2024 11: +0,1707130800
2.304,10,Feb 05 2024 12: +0,1707134400
0.863,3,Feb 05 2024 13: +0,1707138000
2.329,2,Feb 05 2024 14: +0,1707141600
2.295,4,Feb 05 2024 15: +0,1707145200
2.304,4,Feb 05 2024 16: +0,1707148800
2.288,42,Feb 05 2024 17: +0,1707152400
2.231,8,Feb 05 2024 18: +0,1707156000
1.728,7,Feb 05 2024 19: +0,1707159600
2.311,2,Feb 05 2024 20: +0,1707163200
2.304,13,Feb 05 2024 21: +0,1707166800
1.587,2,Feb 05 2024 22: +0,1707170400
2.304,1,Feb 05 2024 23: +0,1707174000
2.629,6,Feb 06 2024 01: +0,1707181200
2.248,1,Feb 06 2024 04: +0,1707192000
2.256,2,Feb 06 2024 05: +0,1707195600
2.326,5,Feb 06 2024 06: +0,1707199200
2.054,2,Feb 06 2024 08: +0,1707206400
2.137,1,Feb 06 2024 11: +0,1707217200
0.862,1,Feb 06 2024 12: +0,1707220800
2.049,3,Feb 06 2024 13: +0,1707224400
2.283,4,Feb 06 2024 14: +0,1707228000
2.32,3,Feb 06 2024 15: +0,1707231600
1.512,2,Feb 06 2024 16: +0,1707235200
2.049,3,Feb 06 2024 17: +0,1707238800
2.336,3,Feb 06 2024 18: +0,1707242400
2.328,7,Feb 06 2024 19: +0,1707246000
2.32,8,Feb 06 2024 20: +0,1707249600
2.328,5,Feb 06 2024 21: +0,1707253200
2.304,2,Feb 06 2024 22: +0,1707256800
2.312,1,Feb 07 2024 01: +0,1707267600
2.32,1,Feb 07 2024 02: +0,1707271200
2.32,24,Feb 07 2024 03: +0,1707274800
2.328,9,Feb 07 2024 04: +0,1707278400
2.325,2,Feb 07 2024 05: +0,1707282000
2.337,11,Feb 07 2024 06: +0,1707285600
2.32,8,Feb 07 2024 07: +0,1707289200
2.328,17,Feb 07 2024 08: +0,1707292800
2.326,2,Feb 07 2024 09: +0,1707296400
2.304,3,Feb 07 2024 10: +0,1707300000
2.312,19,Feb 07 2024 11: +0,1707303600
2.272,2,Feb 07 2024 12: +0,1707307200
2.312,7,Feb 07 2024 13: +0,1707310800
2.312,7,Feb 07 2024 14: +0,1707314400
1.547,4,Feb 07 2024 15: +0,1707318000
2.312,8,Feb 07 2024 16: +0,1707321600
2.228,8,Feb 07 2024 17: +0,1707325200
2.252,12,Feb 07 2024 18: +0,1707328800
2.316,12,Feb 07 2024 19: +0,1707332400
2.227,13,Feb 07 2024 20: +0,1707336000
1.564,2,Feb 07 2024 21: +0,1707339600
2.401,2,Feb 07 2024 22: +0,1707343200
2.145,3,Feb 07 2024 23: +0,1707346800
2.451,2,Feb 08 2024 00: +0,1707350400
2.506,5,Feb 08 2024 01: +0,1707354000
2.383,5,Feb 08 2024 02: +0,1707357600
2.391,2,Feb 08 2024 03: +0,1707361200
2.445,6,Feb 08 2024 04: +0,1707364800
2.087,2,Feb 08 2024 05: +0,1707368400
1.808,2,Feb 08 2024 06: +0,1707372000
2.383,1,Feb 08 2024 07: +0,1707375600
1.721,1,Feb 08 2024 08: +0,1707379200
2.332,2,Feb 08 2024 09: +0,1707382800
2.375,11,Feb 08 2024 12: +0,1707393600
2.399,1,Feb 08 2024 13: +0,1707397200
2.336,3,Feb 08 2024 14: +0,1707400800
2.366,11,Feb 08 2024 15: +0,1707404400
2.386,9,Feb 08 2024 16: +0,1707408000
2.383,5,Feb 08 2024 17: +0,1707411600
2.385,17,Feb 08 2024 18: +0,1707415200
2.209,1,Feb 08 2024 19: +0,1707418800
1.502,6,Feb 08 2024 20: +0,1707422400
2.254,6,Feb 08 2024 21: +0,1707426000
2.383,12,Feb 08 2024 22: +0,1707429600
2.383,3,Feb 08 2024 23: +0,1707433200
2.385,8,Feb 09 2024 00: +0,1707436800
2.383,2,Feb 09 2024 01: +0,1707440400
2.344,3,Feb 09 2024 04: +0,1707451200
2.391,9,Feb 09 2024 05: +0,1707454800
1.553,2,Feb 09 2024 06: +0,1707458400
0.858,5,Feb 09 2024 07: +0,1707462000
2.209,1,Feb 09 2024 08: +0,1707465600
2.391,5,Feb 09 2024 09: +0,1707469200
2.352,3,Feb 09 2024 10: +0,1707472800
2.383,1,Feb 09 2024 11: +0,1707476400
1.962,5,Feb 09 2024 12: +0,1707480000
1.533,4,Feb 09 2024 13: +0,1707483600
2.26,3,Feb 09 2024 14: +0,1707487200
2.349,2,Feb 09 2024 15: +0,1707490800
2.177,2,Feb 09 2024 16: +0,1707494400
2.399,3,Feb 09 2024 17: +0,1707498000
2.306,2,Feb 09 2024 18: +0,1707501600
2.299,3,Feb 09 2024 19: +0,1707505200
2.294,5,Feb 09 2024 20: +0,1707508800
2.33,8,Feb 09 2024 21: +0,1707512400
2.358,10,Feb 09 2024 22: +0,1707516000
2.296,2,Feb 09 2024 23: +0,1707519600
2.39,1,Feb 10 2024 00: +0,1707523200
1.624,2,Feb 10 2024 01: +0,1707526800
2.396,3,Feb 10 2024 02: +0,1707530400
2.396,4,Feb 10 2024 03: +0,1707534000
2.379,11,Feb 10 2024 04: +0,1707537600
2.395,3,Feb 10 2024 05: +0,1707541200
2.231,2,Feb 10 2024 07: +0,1707548400
2.326,4,Feb 10 2024 09: +0,1707555600
2.31,1,Feb 10 2024 10: +0,1707559200
2.326,5,Feb 10 2024 11: +0,1707562800
2.342,9,Feb 10 2024 12: +0,1707566400
2.213,2,Feb 10 2024 13: +0,1707570000
2.342,2,Feb 10 2024 14: +0,1707573600
2.31,7,Feb 10 2024 15: +0,1707577200
2.31,3,Feb 10 2024 16: +0,1707580800
2.041,2,Feb 10 2024 17: +0,1707584400
2.35,5,Feb 10 2024 18: +0,1707588000
2.387,3,Feb 10 2024 19: +0,1707591600
2.175,2,Feb 10 2024 20: +0,1707595200
2.39,2,Feb 10 2024 21: +0,1707598800
2.334,1,Feb 10 2024 22: +0,1707602400
2.391,21,Feb 10 2024 23: +0,1707606000
2.399,13,Feb 11 2024 00: +0,1707609600
2.207,1,Feb 11 2024 01: +0,1707613200
2.408,2,Feb 11 2024 02: +0,1707616800
2.139,2,Feb 11 2024 03: +0,1707620400
2.245,4,Feb 11 2024 05: +0,1707627600
2.394,6,Feb 11 2024 06: +0,1707631200
2.354,2,Feb 11 2024 07: +0,1707634800
2.399,2,Feb 11 2024 08: +0,1707638400
2.39,1,Feb 11 2024 09: +0,1707642000
2.342,3,Feb 11 2024 10: +0,1707645600
2.391,1,Feb 11 2024 11: +0,1707649200
2.342,3,Feb 11 2024 12: +0,1707652800
2.33,4,Feb 11 2024 13: +0,1707656400
2.333,2,Feb 11 2024 14: +0,1707660000
2.39,1,Feb 11 2024 15: +0,1707663600
2.371,6,Feb 11 2024 16: +0,1707667200
1.63,2,Feb 11 2024 17: +0,1707670800
2.396,3,Feb 11 2024 18: +0,1707674400
2.404,1,Feb 11 2024 19: +0,1707678000
2.378,3,Feb 11 2024 20: +0,1707681600
2.407,13,Feb 11 2024 21: +0,1707685200
2.432,5,Feb 11 2024 22: +0,1707688800
2.239,2,Feb 11 2024 23: +0,1707692400
2.286,2,Feb 12 2024 00: +0,1707696000
2.437,3,Feb 12 2024 01: +0,1707699600
2.426,4,Feb 12 2024 02: +0,1707703200
2.302,3,Feb 12 2024 05: +0,1707714000
2.302,1,Feb 12 2024 06: +0,1707717600
2.35,3,Feb 12 2024 07: +0,1707721200
2.43,5,Feb 12 2024 08: +0,1707724800
2.444,2,Feb 12 2024 09: +0,1707728400
2.447,3,Feb 12 2024 10: +0,1707732000
2.326,1,Feb 12 2024 11: +0,1707735600
2.322,2,Feb 12 2024 13: +0,1707742800
2.421,7,Feb 12 2024 14: +0,1707746400
2.45,12,Feb 12 2024 15: +0,1707750000
2.396,2,Feb 12 2024 16: +0,1707753600
2.474,8,Feb 12 2024 17: +0,1707757200
2.437,2,Feb 12 2024 18: +0,1707760800
0.872,2,Feb 12 2024 19: +0,1707764400
0.865,5,Feb 12 2024 20: +0,1707768000
0.86,2,Feb 12 2024 21: +0,1707771600
0.86,2,Feb 12 2024 22: +0,1707775200
2.318,6,Feb 12 2024 23: +0,1707778800
2.318,2,Feb 13 2024 00: +0,1707782400
2.318,3,Feb 13 2024 01: +0,1707786000
2.449,1,Feb 13 2024 02: +0,1707789600
2.318,1,Feb 13 2024 03: +0,1707793200
2.302,3,Feb 13 2024 04: +0,1707796800
2.43,13,Feb 13 2024 05: +0,1707800400
2.43,3,Feb 13 2024 06: +0,1707804000
3.187,1,Feb 13 2024 07: +0,1707807600
2.486,2,Feb 13 2024 08: +0,1707811200
2.438,3,Feb 13 2024 09: +0,1707814800
2.474,3,Feb 13 2024 10: +0,1707818400
2.485,11,Feb 13 2024 11: +0,1707822000
2.476,3,Feb 13 2024 12: +0,1707825600
1.678,2,Feb 13 2024 13: +0,1707829200
0.865,3,Feb 13 2024 14: +0,1707832800
2.283,4,Feb 13 2024 16: +0,1707840000
2.449,4,Feb 13 2024 17: +0,1707843600
0.86,4,Feb 13 2024 18: +0,1707847200
0.86,6,Feb 13 2024 19: +0,1707850800
2.222,4,Feb 13 2024 20: +0,1707854400
2.472,11,Feb 13 2024 21: +0,1707858000
2.494,3,Feb 13 2024 22: +0,1707861600
2.227,2,Feb 13 2024 23: +0,1707865200
2.494,1,Feb 14 2024 00: +0,1707868800
2.508,9,Feb 14 2024 01: +0,1707872400
1.604,2,Feb 14 2024 02: +0,1707876000
1.646,2,Feb 14 2024 03: +0,1707879600
2.44,10,Feb 14 2024 05: +0,1707886800
1.597,1,Feb 14 2024 07: +0,1707894000
1.604,4,Feb 14 2024 08: +0,1707897600
0.891,3,Feb 14 2024 09: +0,1707901200
0.849,4,Feb 14 2024 10: +0,1707904800
2.342,9,Feb 14 2024 11: +0,1707908400
2.159,3,Feb 14 2024 12: +0,1707912000
2.49,10,Feb 14 2024 13: +0,1707915600
2.43,5,Feb 14 2024 14: +0,1707919200
0.865,1,Feb 14 2024 15: +0,1707922800
1.679,2,Feb 14 2024 16: +0,1707926400
2.408,6,Feb 14 2024 17: +0,1707930000
1.787,4,Feb 14 2024 18: +0,1707933600
2.506,10,Feb 14 2024 19: +0,1707937200
2.478,1,Feb 14 2024 20: +0,1707940800
2.414,2,Feb 14 2024 21: +0,1707944400
0.865,1,Feb 14 2024 23: +0,1707951600
2.346,2,Feb 15 2024 00: +0,1707955200
0.865,3,Feb 15 2024 01: +0,1707958800
2.302,11,Feb 15 2024 02: +0,1707962400
1.687,4,Feb 15 2024 04: +0,1707969600
0.865,3,Feb 15 2024 05: +0,1707973200
2.502,1,Feb 15 2024 06: +0,1707976800
2.43,4,Feb 15 2024 07: +0,1707980400
2.342,1,Feb 15 2024 08: +0,1707984000
2.342,1,Feb 15 2024 09: +0,1707987600
1.622,2,Feb 15 2024 10: +0,1707991200
2.061,2,Feb 15 2024 11: +0,1707994800
2.45,10,Feb 15 2024 12: +0,1707998400
2.544,13,Feb 15 2024 13: +0,1708002000
2.65,14,Feb 15 2024 14: +0,1708005600
1.904,3,Feb 15 2024 15: +0,1708009200
2.541,1,Feb 15 2024 16: +0,1708012800
2.39,3,Feb 15 2024 17: +0,1708016400
0.878,4,Feb 15 2024 18: +0,1708020000
0.865,9,Feb 15 2024 19: +0,1708023600
1.556,6,Feb 15 2024 20: +0,1708027200
2.541,10,Feb 15 2024 21: +0,1708030800
2.554,13,Feb 15 2024 22: +0,1708034400
2.653,3,Feb 15 2024 23: +0,1708038000
2.364,2,Feb 16 2024 00: +0,1708041600
2.494,11,Feb 16 2024 03: +0,1708052400
2.559,2,Feb 16 2024 04: +0,1708056000
2.648,2,Feb 16 2024 05: +0,1708059600
2.642,3,Feb 16 2024 08: +0,1708070400
2.541,1,Feb 16 2024 09: +0,1708074000
2.798,2,Feb 16 2024 10: +0,1708077600
2.574,1,Feb 16 2024 12: +0,1708084800
2.334,4,Feb 16 2024 13: +0,1708088400
2.454,5,Feb 16 2024 14: +0,1708092000
2.522,10,Feb 16 2024 15: +0,1708095600
2.634,15,Feb 16 2024 16: +0,1708099200
2.494,6,Feb 16 2024 17: +0,1708102800
0.865,9,Feb 16 2024 18: +0,1708106400
2.667,11,Feb 16 2024 19: +0,1708110000
2.573,13,Feb 16 2024 20: +0,1708113600
2.368,5,Feb 16 2024 21: +0,1708117200
0.865,5,Feb 16 2024 22: +0,1708120800
2.749,3,Feb 16 2024 23: +0,1708124400
2.573,1,Feb 17 2024 00: +0,1708128000
2.418,1,Feb 17 2024 02: +0,1708135200
2.358,1,Feb 17 2024 03: +0,1708138800
2.533,3,Feb 17 2024 04: +0,1708142400
2.326,1,Feb 17 2024 05: +0,1708146000
1.71,2,Feb 17 2024 07: +0,1708153200
2.749,1,Feb 17 2024 09: +0,1708160400
1.659,1,Feb 17 2024 10: +0,1708164000
2.653,3,Feb 17 2024 11: +0,1708167600
1.717,2,Feb 17 2024 12: +0,1708171200
2.35,4,Feb 17 2024 13: +0,1708174800
2.486,5,Feb 17 2024 14: +0,1708178400
2.56,5,Feb 17 2024 15: +0,1708182000
2.388,3,Feb 17 2024 16: +0,1708185600
2.653,1,Feb 17 2024 17: +0,1708189200
2.868,1,Feb 17 2024 18: +0,1708192800
2.189,2,Feb 17 2024 19: +0,1708196400
2.263,9,Feb 17 2024 21: +0,1708203600
0.865,5,Feb 17 2024 22: +0,1708207200
0.865,10,Feb 17 2024 23: +0,1708210800
2.151,2,Feb 18 2024 00: +0,1708214400
2.223,4,Feb 18 2024 04: +0,1708228800
2.525,1,Feb 18 2024 05: +0,1708232400
1.647,2,Feb 18 2024 07: +0,1708239600
2.414,1,Feb 18 2024 08: +0,1708243200
1.628,4,Feb 18 2024 09: +0,1708246800
0.865,3,Feb 18 2024 10: +0,1708250400
2.439,2,Feb 18 2024 11: +0,1708254000
2.478,9,Feb 18 2024 12: +0,1708257600
2.432,2,Feb 18 2024 13: +0,1708261200
0.857,1,Feb 18 2024 14: +0,1708264800
2.339,2,Feb 18 2024 15: +0,1708268400
2.497,2,Feb 18 2024 16: +0,1708272000
2.39,9,Feb 18 2024 17: +0,1708275600
2.556,15,Feb 18 2024 18: +0,1708279200
2.39,5,Feb 18 2024 19: +0,1708282800
2.39,5,Feb 18 2024 20: +0,1708286400
2.382,1,Feb 18 2024 22: +0,1708293600
2.696,2,Feb 19 2024 00: +0,1708300800
2.406,1,Feb 19 2024 01: +0,1708304400
2.432,1,Feb 19 2024 02: +0,1708308000
2.366,1,Feb 19 2024 03: +0,1708311600
1.624,2,Feb 19 2024 04: +0,1708315200
2.448,3,Feb 19 2024 05: +0,1708318800
0.857,3,Feb 19 2024 07: +0,1708326000
2.445,1,Feb 19 2024 08: +0,1708329600
1.615,2,Feb 19 2024 09: +0,1708333200
0.857,2,Feb 19 2024 11: +0,1708340400
2.39,5,Feb 19 2024 12: +0,1708344000
2.264,3,Feb 19 2024 13: +0,1708347600
2.13,3,Feb 19 2024 14: +0,1708351200
2.295,3,Feb 19 2024 15: +0,1708354800
2.432,6,Feb 19 2024 16: +0,1708358400
2.368,6,Feb 19 2024 17: +0,1708362000
2.41,2,Feb 19 2024 18: +0,1708365600
2.355,1,Feb 19 2024 19: +0,1708369200
0.857,5,Feb 19 2024 20: +0,1708372800
2.398,3,Feb 19 2024 21: +0,1708376400
0.857,6,Feb 19 2024 22: +0,1708380000
2.28,9,Feb 19 2024 23: +0,1708383600
0.857,4,Feb 20 2024 00: +0,1708387200
1.809,2,Feb 20 2024 01: +0,1708390800
2.445,4,Feb 20 2024 03: +0,1708398000
0.857,1,Feb 20 2024 04: +0,1708401600
0.876,1,Feb 20 2024 05: +0,1708405200
2.414,5,Feb 20 2024 09: +0,1708419600
2.453,1,Feb 20 2024 11: +0,1708426800
0.857,5,Feb 20 2024 12: +0,1708430400
1.584,4,Feb 20 2024 14: +0,1708437600
2.418,4,Feb 20 2024 15: +0,1708441200
0.869,2,Feb 20 2024 16: +0,1708444800
2.432,4,Feb 20 2024 17: +0,1708448400
2.13,3,Feb 20 2024 19: +0,1708455600
2.358,3,Feb 20 2024 20: +0,1708459200
2.398,2,Feb 20 2024 21: +0,1708462800
0.857,5,Feb 20 2024 22: +0,1708466400
0.857,6,Feb 20 2024 23: +0,1708470000
2.311,7,Feb 21 2024 00: +0,1708473600
0.857,3,Feb 21 2024 01: +0,1708477200
2.398,7,Feb 21 2024 02: +0,1708480800
0.857,3,Feb 21 2024 03: +0,1708484400
2.41,2,Feb 21 2024 04: +0,1708488000
2.422,1,Feb 21 2024 05: +0,1708491600
2.434,2,Feb 21 2024 07: +0,1708498800
2.295,4,Feb 21 2024 08: +0,1708502400
1.454,2,Feb 21 2024 09: +0,1708506000
2.363,2,Feb 21 2024 10: +0,1708509600
2.561,1,Feb 21 2024 11: +0,1708513200
2.493,14,Feb 21 2024 12: +0,1708516800
2.445,3,Feb 21 2024 13: +0,1708520400
2.572,10,Feb 21 2024 14: +0,1708524000
2.288,1,Feb 21 2024 15: +0,1708527600
2.445,3,Feb 21 2024 16: +0,1708531200
2.422,5,Feb 21 2024 17: +0,1708534800
2.43,4,Feb 21 2024 18: +0,1708538400
0.854,7,Feb 21 2024 19: +0,1708542000
0.854,4,Feb 21 2024 20: +0,1708545600
2.366,5,Feb 21 2024 21: +0,1708549200
0.853,6,Feb 21 2024 22: +0,1708552800
2.39,3,Feb 21 2024 23: +0,1708556400
2.445,1,Feb 22 2024 00: +0,1708560000
2.353,2,Feb 22 2024 01: +0,1708563600
2.248,3,Feb 22 2024 02: +0,1708567200
2.454,3,Feb 22 2024 03: +0,1708570800
2.406,1,Feb 22 2024 04: +0,1708574400
2.43,2,Feb 22 2024 05: +0,1708578000
2.366,3,Feb 22 2024 06: +0,1708581600
2.272,1,Feb 22 2024 07: +0,1708585200
2.422,1,Feb 22 2024 08: +0,1708588800
2.422,3,Feb 22 2024 09: +0,1708592400
2.458,13,Feb 22 2024 10: +0,1708596000
2.224,1,Feb 22 2024 11: +0,1708599600
1.693,4,Feb 22 2024 12: +0,1708603200
1.956,7,Feb 22 2024 13: +0,1708606800
1.654,6,Feb 22 2024 14: +0,1708610400
2.43,5,Feb 22 2024 15: +0,1708614000
2.694,4,Feb 22 2024 16: +0,1708617600
2.363,3,Feb 22 2024 18: +0,1708624800
1.713,9,Feb 22 2024 19: +0,1708628400
0.853,6,Feb 22 2024 20: +0,1708632000
2.335,5,Feb 22 2024 21: +0,1708635600
2.394,4,Feb 22 2024 22: +0,1708639200
2.623,16,Feb 22 2024 23: +0,1708642800
2.434,1,Feb 23 2024 00: +0,1708646400
0.852,2,Feb 23 2024 01: +0,1708650000
0.852,4,Feb 23 2024 02: +0,1708653600
0.852,5,Feb 23 2024 03: +0,1708657200
0.826,2,Feb 23 2024 04: +0,1708660800
1.598,2,Feb 23 2024 09: +0,1708678800
2.264,1,Feb 23 2024 10: +0,1708682400
2.335,1,Feb 23 2024 11: +0,1708686000
2.221,2,Feb 23 2024 12: +0,1708689600
2.344,6,Feb 23 2024 13: +0,1708693200
2.106,1,Feb 23 2024 14: +0,1708696800
2.264,3,Feb 23 2024 15: +0,1708700400
2.508,3,Feb 23 2024 17: +0,1708707600
2.13,3,Feb 23 2024 18: +0,1708711200
2.311,1,Feb 23 2024 19: +0,1708714800
1.814,11,Feb 23 2024 20: +0,1708718400
1.412,6,Feb 23 2024 21: +0,1708722000
1.527,6,Feb 23 2024 22: +0,1708725600
2.509,1,Feb 23 2024 23: +0,1708729200
2.54,1,Feb 24 2024 00: +0,1708732800
2.377,1,Feb 24 2024 01: +0,1708736400
2.59,2,Feb 24 2024 02: +0,1708740000
2.398,1,Feb 24 2024 04: +0,1708747200
2.552,8,Feb 24 2024 06: +0,1708754400
2.315,2,Feb 24 2024 07: +0,1708758000
2.591,6,Feb 24 2024 08: +0,1708761600
2.501,3,Feb 24 2024 09: +0,1708765200
2.548,2,Feb 24 2024 12: +0,1708776000
2.295,3,Feb 24 2024 14: +0,1708783200
2.454,2,Feb 24 2024 15: +0,1708786800
2.406,1,Feb 24 2024 16: +0,1708790400
0.853,1,Feb 24 2024 17: +0,1708794000
0.853,9,Feb 24 2024 18: +0,1708797600
0.853,11,Feb 24 2024 19: +0,1708801200
2.59,17,Feb 24 2024 20: +0,1708804800
1.993,9,Feb 24 2024 21: +0,1708808400
1.759,6,Feb 24 2024 22: +0,1708812000
1.752,2,Feb 25 2024 00: +0,1708819200
1.445,2,Feb 25 2024 01: +0,1708822800
1.814,1,Feb 25 2024 02: +0,1708826400
3.629,3,Feb 25 2024 03: +0,1708830000
2.698,9,Feb 25 2024 04: +0,1708833600
2.745,1,Feb 25 2024 05: +0,1708837200
2.469,4,Feb 25 2024 07: +0,1708844400
1.649,2,Feb 25 2024 08: +0,1708848000
2.666,10,Feb 25 2024 09: +0,1708851600
2.39,3,Feb 25 2024 10: +0,1708855200
2.426,2,Feb 25 2024 11: +0,1708858800
2.643,3,Feb 25 2024 12: +0,1708862400
1.289,6,Feb 25 2024 13: +0,1708866000
2.56,1,Feb 25 2024 14: +0,1708869600
1.618,6,Feb 25 2024 15: +0,1708873200
2.167,6,Feb 25 2024 16: +0,1708876800
0.854,3,Feb 25 2024 17: +0,1708880400
0.854,6,Feb 25 2024 18: +0,1708884000
1.252,4,Feb 25 2024 19: +0,1708887600
0.88,5,Feb 25 2024 20: +0,1708891200
0.88,3,Feb 25 2024 21: +0,1708894800
0.854,2,Feb 25 2024 22: +0,1708898400
0.867,6,Feb 25 2024 23: +0,1708902000
0.854,5,Feb 26 2024 00: +0,1708905600
0.854,4,Feb 26 2024 01: +0,1708909200
2.315,2,Feb 26 2024 02: +0,1708912800
2.476,4,Feb 26 2024 04: +0,1708920000
2.446,2,Feb 26 2024 05: +0,1708923600
2.512,6,Feb 26 2024 06: +0,1708927200
0.854,4,Feb 26 2024 07: +0,1708930800
2.619,4,Feb 26 2024 10: +0,1708941600
2.401,2,Feb 26 2024 11: +0,1708945200
2.567,1,Feb 26 2024 13: +0,1708952400
2.552,1,Feb 26 2024 14: +0,1708956000
2.469,2,Feb 26 2024 15: +0,1708959600
2.536,12,Feb 26 2024 16: +0,1708963200
2.422,4,Feb 26 2024 17: +0,1708966800
2.587,2,Feb 26 2024 18: +0,1708970400
2.149,2,Feb 26 2024 19: +0,1708974000
2.567,3,Feb 26 2024 20: +0,1708977600
2.394,1,Feb 26 2024 21: +0,1708981200
2.575,1,Feb 26 2024 22: +0,1708984800
2.457,1,Feb 27 2024 01: +0,1708995600
2.429,2,Feb 27 2024 02: +0,1708999200
2.362,4,Feb 27 2024 03: +0,1709002800
2.488,4,Feb 27 2024 04: +0,1709006400
2.53,2,Feb 27 2024 05: +0,1709010000
2.362,3,Feb 27 2024 06: +0,1709013600
2.552,3,Feb 27 2024 07: +0,1709017200
2.559,1,Feb 27 2024 08: +0,1709020800
3.16,1,Feb 27 2024 09: +0,1709024400
2.686,1,Feb 27 2024 10: +0,1709028000
2.736,2,Feb 27 2024 12: +0,1709035200
1.744,2,Feb 27 2024 13: +0,1709038800
2.681,5,Feb 27 2024 14: +0,1709042400
2.248,3,Feb 27 2024 15: +0,1709046000
1.709,4,Feb 27 2024 16: +0,1709049600
2.683,4,Feb 27 2024 17: +0,1709053200
2.544,3,Feb 27 2024 18: +0,1709056800
2.307,1,Feb 27 2024 19: +0,1709060400
2.575,5,Feb 27 2024 20: +0,1709064000
0.857,6,Feb 27 2024 21: +0,1709067600
0.856,6,Feb 27 2024 22: +0,1709071200
0.856,3,Feb 27 2024 23: +0,1709074800
2.568,1,Feb 28 2024 00: +0,1709078400
2.593,1,Feb 28 2024 01: +0,1709082000
2.457,1,Feb 28 2024 02: +0,1709085600
2.607,7,Feb 28 2024 03: +0,1709089200
2.678,9,Feb 28 2024 04: +0,1709092800
2.512,1,Feb 28 2024 06: +0,1709100000
2.552,5,Feb 28 2024 07: +0,1709103600
1.891,1,Feb 28 2024 08: +0,1709107200
2.567,3,Feb 28 2024 10: +0,1709114400
0.856,1,Feb 28 2024 11: +0,1709118000
2.131,3,Feb 28 2024 12: +0,1709121600
2.71,1,Feb 28 2024 13: +0,1709125200
2.739,2,Feb 28 2024 14: +0,1709128800
2.555,8,Feb 28 2024 15: +0,1709132400
0.856,1,Feb 28 2024 16: +0,1709136000
2.597,4,Feb 28 2024 17: +0,1709139600
2.48,5,Feb 28 2024 18: +0,1709143200
2.605,2,Feb 28 2024 20: +0,1709150400
0.856,7,Feb 28 2024 21: +0,1709154000
0.868,6,Feb 28 2024 22: +0,1709157600
0.852,4,Feb 28 2024 23: +0,1709161200
1.736,2,Feb 29 2024 00: +0,1709164800
0.799,1,Feb 29 2024 02: +0,1709172000
2.642,4,Feb 29 2024 03: +0,1709175600
2.63,3,Feb 29 2024 05: +0,1709182800
2.694,5,Feb 29 2024 06: +0,1709186400
2.686,4,Feb 29 2024 07: +0,1709190000
2.512,6,Feb 29 2024 08: +0,1709193600
2.702,1,Feb 29 2024 09: +0,1709197200
2.512,1,Feb 29 2024 10: +0,1709200800
1.725,4,Feb 29 2024 11: +0,1709204400
2.702,11,Feb 29 2024 12: +0,1709208000
2.638,4,Feb 29 2024 13: +0,1709211600
2.702,7,Feb 29 2024 14: +0,1709215200
2.674,2,Feb 29 2024 15: +0,1709218800
2.682,4,Feb 29 2024 16: +0,1709222400
2.702,7,Feb 29 2024 17: +0,1709226000
2.702,7,Feb 29 2024 18: +0,1709229600
1.768,6,Feb 29 2024 19: +0,1709233200
2.654,10,Feb 29 2024 20: +0,1709236800
2.646,4,Feb 29 2024 21: +0,1709240400
2.723,1,Mar 01 2024 00: +0,1709251200
3.087,2,Mar 01 2024 01: +0,1709254800
1.792,2,Mar 01 2024 02: +0,1709258400
2.701,2,Mar 01 2024 04: +0,1709265600
2.678,11,Mar 01 2024 06: +0,1709272800
2.678,1,Mar 01 2024 07: +0,1709276400
0.857,1,Mar 01 2024 08: +0,1709280000
2.63,7,Mar 01 2024 09: +0,1709283600
2.739,2,Mar 01 2024 10: +0,1709287200
2.138,1,Mar 01 2024 11: +0,1709290800
2.647,6,Mar 01 2024 12: +0,1709294400
2.571,6,Mar 01 2024 13: +0,1709298000
2.473,4,Mar 01 2024 14: +0,1709301600
2.615,3,Mar 01 2024 15: +0,1709305200
2.615,3,Mar 01 2024 16: +0,1709308800
2.615,3,Mar 01 2024 17: +0,1709312400
2.567,1,Mar 01 2024 18: +0,1709316000
2.653,1,Mar 01 2024 19: +0,1709319600
2.567,7,Mar 01 2024 20: +0,1709323200
2.615,5,Mar 01 2024 21: +0,1709326800
0.883,3,Mar 01 2024 22: +0,1709330400
2.662,3,Mar 01 2024 23: +0,1709334000
2.449,3,Mar 02 2024 00: +0,1709337600
1.719,2,Mar 02 2024 01: +0,1709341200
1.76,2,Mar 02 2024 02: +0,1709344800
2.591,1,Mar 02 2024 03: +0,1709348400
2.681,10,Mar 02 2024 04: +0,1709352000
2.627,2,Mar 02 2024 05: +0,1709355600
2.63,2,Mar 02 2024 07: +0,1709362800
2.607,3,Mar 02 2024 08: +0,1709366400
2.741,1,Mar 02 2024 09: +0,1709370000
1.777,2,Mar 02 2024 10: +0,1709373600
2.607,7,Mar 02 2024 11: +0,1709377200
2.589,4,Mar 02 2024 12: +0,1709380800
2.603,3,Mar 02 2024 13: +0,1709384400
2.612,2,Mar 02 2024 14: +0,1709388000
2.574,3,Mar 02 2024 15: +0,1709391600
2.637,3,Mar 02 2024 16: +0,1709395200
2.551,3,Mar 02 2024 17: +0,1709398800
2.681,3,Mar 02 2024 18: +0,1709402400
2.689,11,Mar 02 2024 19: +0,1709406000
0.848,3,Mar 02 2024 20: +0,1709409600
0.873,8,Mar 02 2024 21: +0,1709413200
2.689,12,Mar 02 2024 22: +0,1709416800
0.848,4,Mar 02 2024 23: +0,1709420400
0.848,6,Mar 03 2024 00: +0,1709424000
2.66,1,Mar 03 2024 01: +0,1709427600
2.652,3,Mar 03 2024 02: +0,1709431200
2.596,5,Mar 03 2024 03: +0,1709434800
2.625,4,Mar 03 2024 04: +0,1709438400
3.089,10,Mar 03 2024 05: +0,1709442000
2.694,2,Mar 03 2024 06: +0,1709445600
2.582,38,Mar 03 2024 07: +0,1709449200
2.698,4,Mar 03 2024 08: +0,1709452800
2.703,4,Mar 03 2024 09: +0,1709456400
2.689,6,Mar 03 2024 10: +0,1709460000
2.68,4,Mar 03 2024 11: +0,1709463600
2.698,4,Mar 03 2024 12: +0,1709467200
2.637,2,Mar 03 2024 13: +0,1709470800
2.653,6,Mar 03 2024 14: +0,1709474400
2.66,3,Mar 03 2024 16: +0,1709481600
2.699,13,Mar 03 2024 17: +0,1709485200
2.637,3,Mar 03 2024 18: +0,1709488800
2.67,2,Mar 03 2024 21: +0,1709499600
2.637,5,Mar 03 2024 22: +0,1709503200
2.574,3,Mar 03 2024 23: +0,1709506800
0.848,1,Mar 04 2024 00: +0,1709510400
2.602,3,Mar 04 2024 07: +0,1709535600
2.489,1,Mar 04 2024 08: +0,1709539200
2.69,12,Mar 04 2024 09: +0,1709542800
2.613,1,Mar 04 2024 10: +0,1709546400
2.598,1,Mar 04 2024 11: +0,1709550000
0.873,6,Mar 04 2024 12: +0,1709553600
2.598,18,Mar 04 2024 13: +0,1709557200
0.86,2,Mar 04 2024 14: +0,1709560800
2.606,5,Mar 04 2024 15: +0,1709564400
2.676,12,Mar 04 2024 16: +0,1709568000
0.86,2,Mar 04 2024 17: +0,1709571600
2.606,1,Mar 04 2024 18: +0,1709575200
2.588,8,Mar 04 2024 19: +0,1709578800
2.782,11,Mar 04 2024 20: +0,1709582400
2.89,3,Mar 04 2024 21: +0,1709586000
2.449,2,Mar 04 2024 22: +0,1709589600
0.847,1,Mar 04 2024 23: +0,1709593200
2.691,2,Mar 05 2024 00: +0,1709596800
2.606,4,Mar 05 2024 01: +0,1709600400
2.613,4,Mar 05 2024 02: +0,1709604000
2.481,1,Mar 05 2024 05: +0,1709614800
2.418,1,Mar 05 2024 06: +0,1709618400
2.699,5,Mar 05 2024 07: +0,1709622000
2.59,1,Mar 05 2024 08: +0,1709625600
2.601,5,Mar 05 2024 09: +0,1709629200
2.66,1,Mar 05 2024 10: +0,1709632800
2.677,4,Mar 05 2024 11: +0,1709636400
2.696,11,Mar 05 2024 12: +0,1709640000
2.61,2,Mar 05 2024 13: +0,1709643600
2.897,2,Mar 05 2024 14: +0,1709647200
2.59,3,Mar 05 2024 15: +0,1709650800
2.454,4,Mar 05 2024 16: +0,1709654400
2.59,5,Mar 05 2024 17: +0,1709658000
2.695,8,Mar 05 2024 18: +0,1709661600
2.698,10,Mar 05 2024 19: +0,1709665200
2.621,6,Mar 05 2024 20: +0,1709668800
0.847,3,Mar 05 2024 21: +0,1709672400
2.582,11,Mar 05 2024 22: +0,1709676000
0.847,6,Mar 05 2024 23: +0,1709679600
0.845,1,Mar 06 2024 00: +0,1709683200
0.845,1,Mar 06 2024 01: +0,1709686800
2.641,4,Mar 06 2024 02: +0,1709690400
2.543,1,Mar 06 2024 03: +0,1709694000
2.34,1,Mar 06 2024 04: +0,1709697600
2.598,3,Mar 06 2024 05: +0,1709701200
2.239,1,Mar 06 2024 06: +0,1709704800
2.678,5,Mar 06 2024 07: +0,1709708400
2.34,5,Mar 06 2024 08: +0,1709712000
2.598,3,Mar 06 2024 09: +0,1709715600
2.574,7,Mar 06 2024 10: +0,1709719200
2.652,8,Mar 06 2024 11: +0,1709722800
2.559,2,Mar 06 2024 12: +0,1709726400
2.555,8,Mar 06 2024 13: +0,1709730000
2.629,1,Mar 06 2024 14: +0,1709733600
2.617,6,Mar 06 2024 16: +0,1709740800
2.629,2,Mar 06 2024 17: +0,1709744400
2.543,4,Mar 06 2024 18: +0,1709748000
2.632,1,Mar 06 2024 19: +0,1709751600
2.54,5,Mar 06 2024 20: +0,1709755200
2.621,7,Mar 06 2024 21: +0,1709758800
1.548,4,Mar 06 2024 22: +0,1709762400
2.652,6,Mar 06 2024 23: +0,1709766000
2.68,4,Mar 07 2024 00: +0,1709769600
2.606,4,Mar 07 2024 01: +0,1709773200
2.66,2,Mar 07 2024 02: +0,1709776800
2.699,11,Mar 07 2024 03: +0,1709780400
2.656,1,Mar 07 2024 04: +0,1709784000
2.676,10,Mar 07 2024 05: +0,1709787600
0.846,1,Mar 07 2024 06: +0,1709791200
1.651,2,Mar 07 2024 07: +0,1709794800
2.716,4,Mar 07 2024 08: +0,1709798400
0.846,1,Mar 07 2024 09: +0,1709802000
0.846,4,Mar 07 2024 10: +0,1709805600
1.663,2,Mar 07 2024 11: +0,1709809200
0.846,3,Mar 07 2024 12: +0,1709812800
2.57,6,Mar 07 2024 13: +0,1709816400
2.481,9,Mar 07 2024 14: +0,1709820000
2.581,7,Mar 07 2024 15: +0,1709823600
2.105,11,Mar 07 2024 16: +0,1709827200
2.699,12,Mar 07 2024 17: +0,1709830800
2.581,3,Mar 07 2024 18: +0,1709834400
2.663,9,Mar 07 2024 19: +0,1709838000
2.708,1,Mar 07 2024 20: +0,1709841600
2.613,2,Mar 07 2024 21: +0,1709845200
2.603,4,Mar 07 2024 22: +0,1709848800
2.741,6,Mar 08 2024 00: +0,1709856000
2.489,4,Mar 08 2024 01: +0,1709859600
2.723,9,Mar 08 2024 02: +0,1709863200
2.494,5,Mar 08 2024 04: +0,1709870400
2.685,2,Mar 08 2024 05: +0,1709874000
2.665,1,Mar 08 2024 06: +0,1709877600
2.494,5,Mar 08 2024 07: +0,1709881200
2.465,2,Mar 08 2024 08: +0,1709884800
2.637,5,Mar 08 2024 09: +0,1709888400
2.485,2,Mar 08 2024 11: +0,1709895600
2.643,7,Mar 08 2024 12: +0,1709899200
2.507,2,Mar 08 2024 14: +0,1709906400
2.524,4,Mar 08 2024 15: +0,1709910000
2.721,8,Mar 08 2024 16: +0,1709913600
0.846,1,Mar 08 2024 17: +0,1709917200
2.608,4,Mar 08 2024 18: +0,1709920800
0.846,1,Mar 08 2024 19: +0,1709924400
2.545,17,Mar 08 2024 20: +0,1709928000
2.637,14,Mar 08 2024 21: +0,1709931600
2.465,8,Mar 08 2024 22: +0,1709935200
1.675,6,Mar 08 2024 23: +0,1709938800
2.493,6,Mar 09 2024 00: +0,1709942400
2.73,9,Mar 09 2024 01: +0,1709946000
2.723,8,Mar 09 2024 02: +0,1709949600
2.733,1,Mar 09 2024 03: +0,1709953200
2.693,3,Mar 09 2024 04: +0,1709956800
2.731,2,Mar 09 2024 05: +0,1709960400
0.848,1,Mar 09 2024 06: +0,1709964000
2.481,7,Mar 09 2024 07: +0,1709967600
2.801,7,Mar 09 2024 08: +0,1709971200
2.711,1,Mar 09 2024 10: +0,1709978400
2.547,2,Mar 09 2024 11: +0,1709982000
2.731,8,Mar 09 2024 12: +0,1709985600
2.556,1,Mar 09 2024 13: +0,1709989200
0.848,3,Mar 09 2024 14: +0,1709992800
2.718,6,Mar 09 2024 15: +0,1709996400
2.635,4,Mar 09 2024 16: +0,1710000000
2.574,7,Mar 09 2024 17: +0,1710003600
0.848,6,Mar 09 2024 18: +0,1710007200
2.473,3,Mar 09 2024 19: +0,1710010800
2.652,1,Mar 09 2024 20: +0,1710014400
2.633,4,Mar 09 2024 21: +0,1710018000
2.584,4,Mar 09 2024 22: +0,1710021600
2.559,1,Mar 09 2024 23: +0,1710025200
2.711,1,Mar 10 2024 00: +0,1710028800
2.481,1,Mar 10 2024 01: +0,1710032400
2.738,1,Mar 10 2024 03: +0,1710039600
2.785,3,Mar 10 2024 05: +0,1710046800
2.772,3,Mar 10 2024 06: +0,1710050400
0.869,2,Mar 10 2024 07: +0,1710054000
2.481,1,Mar 10 2024 08: +0,1710057600
2.819,5,Mar 10 2024 09: +0,1710061200
2.567,2,Mar 10 2024 10: +0,1710064800
2.791,2,Mar 10 2024 11: +0,1710068400
0.848,1,Mar 10 2024 12: +0,1710072000
2.767,10,Mar 10 2024 13: +0,1710075600
2.559,5,Mar 10 2024 14: +0,1710079200
2.662,6,Mar 10 2024 15: +0,1710082800
2.59,4,Mar 10 2024 16: +0,1710086400
2.844,8,Mar 10 2024 17: +0,1710090000
2.582,3,Mar 10 2024 18: +0,1710093600
2.559,3,Mar 10 2024 20: +0,1710100800
2.551,3,Mar 10 2024 21: +0,1710104400
1.695,2,Mar 10 2024 22: +0,1710108000
2.582,3,Mar 10 2024 23: +0,1710111600
2.645,1,Mar 11 2024 01: +0,1710118800
2.655,2,Mar 11 2024 03: +0,1710126000
3.548,3,Mar 11 2024 04: +0,1710129600
2.757,10,Mar 11 2024 05: +0,1710133200
2.735,2,Mar 11 2024 06: +0,1710136800
0.848,1,Mar 11 2024 08: +0,1710144000
2.793,3,Mar 11 2024 09: +0,1710147600
1.781,2,Mar 11 2024 10: +0,1710151200
2.574,1,Mar 11 2024 11: +0,1710154800
2.708,1,Mar 11 2024 12: +0,1710158400
2.532,2,Mar 11 2024 14: +0,1710165600
1.746,2,Mar 11 2024 16: +0,1710172800
2.798,13,Mar 11 2024 17: +0,1710176400
2.461,2,Mar 11 2024 18: +0,1710180000
0.848,2,Mar 11 2024 19: +0,1710183600
1.699,2,Mar 11 2024 20: +0,1710187200
1.297,6,Mar 11 2024 21: +0,1710190800
0.848,2,Mar 11 2024 22: +0,1710194400
0.857,4,Mar 11 2024 23: +0,1710198000
0.857,6,Mar 12 2024 00: +0,1710201600
2.772,4,Mar 12 2024 01: +0,1710205200
0.857,3,Mar 12 2024 02: +0,1710208800
1.65,2,Mar 12 2024 03: +0,1710212400
2.608,2,Mar 12 2024 04: +0,1710216000
2.693,1,Mar 12 2024 05: +0,1710219600
2.608,1,Mar 12 2024 07: +0,1710226800
2.593,1,Mar 12 2024 10: +0,1710237600
2.589,2,Mar 12 2024 11: +0,1710241200
2.586,2,Mar 12 2024 12: +0,1710244800
2.632,1,Mar 12 2024 13: +0,1710248400
2.642,7,Mar 12 2024 14: +0,1710252000
0.882,1,Mar 12 2024 15: +0,1710255600
2.75,5,Mar 12 2024 16: +0,1710259200
2.755,2,Mar 12 2024 17: +0,1710262800
1.815,2,Mar 12 2024 18: +0,1710266400
2.687,1,Mar 12 2024 19: +0,1710270000
0.87,4,Mar 12 2024 20: +0,1710273600
0.857,4,Mar 12 2024 21: +0,1710277200
2.785,3,Mar 12 2024 22: +0,1710280800
0.857,3,Mar 13 2024 00: +0,1710288000
2.656,8,Mar 13 2024 01: +0,1710291600
2.604,4,Mar 13 2024 03: +0,1710298800
2.514,1,Mar 13 2024 04: +0,1710302400
2.498,2,Mar 13 2024 05: +0,1710306000
2.514,3,Mar 13 2024 06: +0,1710309600
2.439,2,Mar 13 2024 07: +0,1710313200
2.546,2,Mar 13 2024 08: +0,1710316800
2.84,20,Mar 13 2024 09: +0,1710320400
2.514,1,Mar 13 2024 10: +0,1710324000
2.301,3,Mar 13 2024 11: +0,1710327600
2.474,3,Mar 13 2024 12: +0,1710331200
2.56,4,Mar 13 2024 14: +0,1710338400
2.532,1,Mar 13 2024 15: +0,1710342000
2.532,3,Mar 13 2024 16: +0,1710345600
0.857,5,Mar 13 2024 17: +0,1710349200
0.857,3,Mar 13 2024 18: +0,1710352800
0.883,11,Mar 13 2024 19: +0,1710356400
0.878,1,Mar 13 2024 20: +0,1710360000
1.557,2,Mar 13 2024 21: +0,1710363600
2.577,1,Mar 13 2024 23: +0,1710370800
2.488,2,Mar 14 2024 00: +0,1710374400
1.743,2,Mar 14 2024 01: +0,1710378000
3.956,7,Mar 14 2024 02: +0,1710381600
3.242,2,Mar 14 2024 03: +0,1710385200
1.72,2,Mar 14 2024 04: +0,1710388800
2.729,9,Mar 14 2024 05: +0,1710392400
2.506,5,Mar 14 2024 06: +0,1710396000
2.572,4,Mar 14 2024 08: +0,1710403200
1.681,2,Mar 14 2024 09: +0,1710406800
0.856,1,Mar 14 2024 10: +0,1710410400
2.556,4,Mar 14 2024 11: +0,1710414000
2.577,13,Mar 14 2024 12: +0,1710417600
2.514,9,Mar 14 2024 13: +0,1710421200
2.734,4,Mar 14 2024 14: +0,1710424800
2.514,5,Mar 14 2024 16: +0,1710432000
0.856,6,Mar 14 2024 17: +0,1710435600
2.559,10,Mar 14 2024 18: +0,1710439200
2.537,1,Mar 14 2024 19: +0,1710442800
2.326,10,Mar 14 2024 20: +0,1710446400
2.23,11,Mar 14 2024 21: +0,1710450000
2.411,13,Mar 14 2024 22: +0,1710453600
0.856,3,Mar 14 2024 23: +0,1710457200
0.856,2,Mar 15 2024 00: +0,1710460800
2.6,1,Mar 15 2024 01: +0,1710464400
2.527,5,Mar 15 2024 02: +0,1710468000
2.516,2,Mar 15 2024 03: +0,1710471600
2.435,2,Mar 15 2024 04: +0,1710475200
2.506,1,Mar 15 2024 05: +0,1710478800
2.49,1,Mar 15 2024 06: +0,1710482400
2.565,3,Mar 15 2024 07: +0,1710486000
2.615,1,Mar 15 2024 08: +0,1710489600
2.758,1,Mar 15 2024 09: +0,1710493200
2.522,4,Mar 15 2024 11: +0,1710500400
2.38,1,Mar 15 2024 12: +0,1710504000
2.572,9,Mar 15 2024 13: +0,1710507600
2.604,15,Mar 15 2024 14: +0,1710511200
2.514,4,Mar 15 2024 15: +0,1710514800
2.388,2,Mar 15 2024 16: +0,1710518400
2.529,3,Mar 15 2024 17: +0,1710522000
2.565,4,Mar 15 2024 18: +0,1710525600
2.529,6,Mar 15 2024 19: +0,1710529200
2.691,2,Mar 15 2024 20: +0,1710532800
2.545,3,Mar 15 2024 21: +0,1710536400
2.38,8,Mar 15 2024 22: +0,1710540000
2.545,5,Mar 15 2024 23: +0,1710543600
2.83,2,Mar 16 2024 00: +0,1710547200
2.695,3,Mar 16 2024 01: +0,1710550800
2.548,2,Mar 16 2024 04: +0,1710561600
2.608,8,Mar 16 2024 05: +0,1710565200
2.514,3,Mar 16 2024 06: +0,1710568800
2.545,4,Mar 16 2024 07: +0,1710572400
2.51,6,Mar 16 2024 08: +0,1710576000
2.506,1,Mar 16 2024 09: +0,1710579600
2.502,8,Mar 16 2024 10: +0,1710583200
2.506,11,Mar 16 2024 11: +0,1710586800
2.411,1,Mar 16 2024 12: +0,1710590400
2.498,6,Mar 16 2024 13: +0,1710594000
2.68,2,Mar 16 2024 14: +0,1710597600
2.407,4,Mar 16 2024 15: +0,1710601200
2.561,5,Mar 16 2024 16: +0,1710604800
2.564,15,Mar 16 2024 17: +0,1710608400
2.096,2,Mar 16 2024 18: +0,1710612000
2.564,15,Mar 16 2024 19: +0,1710615600
2.301,1,Mar 16 2024 20: +0,1710619200
2.459,2,Mar 16 2024 21: +0,1710622800
0.855,2,Mar 16 2024 22: +0,1710626400
2.415,2,Mar 16 2024 23: +0,1710630000
2.596,2,Mar 17 2024 00: +0,1710633600
0.855,2,Mar 17 2024 01: +0,1710637200
2.403,1,Mar 17 2024 03: +0,1710644400
2.514,1,Mar 17 2024 04: +0,1710648000
0.881,3,Mar 17 2024 05: +0,1710651600
2.581,2,Mar 17 2024 06: +0,1710655200
2.403,3,Mar 17 2024 07: +0,1710658800
2.454,3,Mar 17 2024 09: +0,1710666000
3.057,1,Mar 17 2024 10: +0,1710669600
2.569,6,Mar 17 2024 11: +0,1710673200
1.766,2,Mar 17 2024 12: +0,1710676800
0.855,1,Mar 17 2024 13: +0,1710680400
2.241,4,Mar 17 2024 14: +0,1710684000
2.443,7,Mar 17 2024 15: +0,1710687600
2.517,2,Mar 17 2024 16: +0,1710691200
2.498,3,Mar 17 2024 18: +0,1710698400
0.881,6,Mar 17 2024 19: +0,1710702000
2.144,1,Mar 17 2024 20: +0,1710705600
1.642,4,Mar 17 2024 21: +0,1710709200
0.881,5,Mar 17 2024 22: +0,1710712800
3.286,3,Mar 17 2024 23: +0,1710716400
2.466,1,Mar 18 2024 00: +0,1710720000
2.456,2,Mar 18 2024 01: +0,1710723600
2.53,1,Mar 18 2024 02: +0,1710727200
2.662,2,Mar 18 2024 04: +0,1710734400
2.5,1,Mar 18 2024 07: +0,1710745200
2.53,1,Mar 18 2024 08: +0,1710748800
0.881,1,Mar 18 2024 09: +0,1710752400
2.564,3,Mar 18 2024 10: +0,1710756000
2.268,5,Mar 18 2024 11: +0,1710759600
2.561,2,Mar 18 2024 12: +0,1710763200
2.527,2,Mar 18 2024 13: +0,1710766800
2.506,1,Mar 18 2024 14: +0,1710770400
2.506,3,Mar 18 2024 15: +0,1710774000
2.506,3,Mar 18 2024 16: +0,1710777600
2.506,8,Mar 18 2024 17: +0,1710781200
0.855,5,Mar 18 2024 18: +0,1710784800
0.855,5,Mar 18 2024 19: +0,1710788400
2.513,3,Mar 18 2024 20: +0,1710792000
2.734,1,Mar 18 2024 21: +0,1710795600
2.577,1,Mar 18 2024 22: +0,1710799200
2.593,1,Mar 18 2024 23: +0,1710802800
1.649,2,Mar 19 2024 00: +0,1710806400
0.855,3,Mar 19 2024 01: +0,1710810000
2.498,1,Mar 19 2024 02: +0,1710813600
2.57,2,Mar 19 2024 03: +0,1710817200
2.719,8,Mar 19 2024 05: +0,1710824400
0.668,1,Mar 19 2024 06: +0,1710828000
2.738,7,Mar 19 2024 08: +0,1710835200
2.792,9,Mar 19 2024 09: +0,1710838800
0.855,3,Mar 19 2024 10: +0,1710842400
1.74,2,Mar 19 2024 12: +0,1710849600
2.535,4,Mar 19 2024 13: +0,1710853200
2.917,11,Mar 19 2024 14: +0,1710856800
2.984,11,Mar 19 2024 16: +0,1710864000
2.608,3,Mar 19 2024 17: +0,1710867600
2.656,4,Mar 19 2024 19: +0,1710874800
0.88,4,Mar 19 2024 20: +0,1710878400
2.658,10,Mar 19 2024 21: +0,1710882000
0.88,4,Mar 19 2024 23: +0,1710889200
0.881,4,Mar 20 2024 00: +0,1710892800
0.857,3,Mar 20 2024 01: +0,1710896400
0.857,2,Mar 20 2024 02: +0,1710900000
0.867,2,Mar 20 2024 03: +0,1710903600
2.517,3,Mar 20 2024 04: +0,1710907200
2.517,3,Mar 20 2024 05: +0,1710910800
2.589,1,Mar 20 2024 08: +0,1710921600
2.602,4,Mar 20 2024 09: +0,1710925200
2.327,3,Mar 20 2024 13: +0,1710939600
2.466,6,Mar 20 2024 14: +0,1710943200
2.517,7,Mar 20 2024 15: +0,1710946800
2.201,3,Mar 20 2024 16: +0,1710950400
1.716,2,Mar 20 2024 17: +0,1710954000
2.201,10,Mar 20 2024 18: +0,1710957600
0.867,6,Mar 20 2024 19: +0,1710961200
0.85,3,Mar 20 2024 20: +0,1710964800
2.565,3,Mar 20 2024 22: +0,1710972000
2.502,1,Mar 20 2024 23: +0,1710975600
1.302,2,Mar 21 2024 00: +0,1710979200
2.589,10,Mar 21 2024 01: +0,1710982800
2.446,2,Mar 21 2024 03: +0,1710990000
2.498,2,Mar 21 2024 05: +0,1710997200
2.605,2,Mar 21 2024 06: +0,1711000800
2.573,9,Mar 21 2024 07: +0,1711004400
2.557,3,Mar 21 2024 08: +0,1711008000
2.494,5,Mar 21 2024 10: +0,1711015200
2.454,3,Mar 21 2024 11: +0,1711018800
2.454,3,Mar 21 2024 12: +0,1711022400
2.399,4,Mar 21 2024 13: +0,1711026000
2.51,5,Mar 21 2024 14: +0,1711029600
2.414,3,Mar 21 2024 15: +0,1711033200
2.486,4,Mar 21 2024 16: +0,1711036800
2.478,1,Mar 21 2024 17: +0,1711040400
2.325,3,Mar 21 2024 18: +0,1711044000
2.462,3,Mar 21 2024 19: +0,1711047600
2.719,2,Mar 21 2024 20: +0,1711051200
2.57,3,Mar 21 2024 21: +0,1711054800
2.494,1,Mar 21 2024 22: +0,1711058400
2.422,1,Mar 21 2024 23: +0,1711062000
2.497,3,Mar 22 2024 01: +0,1711069200
2.494,7,Mar 22 2024 02: +0,1711072800
2.509,3,Mar 22 2024 04: +0,1711080000
2.308,1,Mar 22 2024 05: +0,1711083600
2.573,8,Mar 22 2024 06: +0,1711087200
2.454,2,Mar 22 2024 07: +0,1711090800
2.529,2,Mar 22 2024 08: +0,1711094400
2.549,3,Mar 22 2024 10: +0,1711101600
2.521,4,Mar 22 2024 11: +0,1711105200
2.527,4,Mar 22 2024 12: +0,1711108800
2.193,1,Mar 22 2024 13: +0,1711112400
2.568,8,Mar 22 2024 14: +0,1711116000
2.521,4,Mar 22 2024 15: +0,1711119600
2.686,4,Mar 22 2024 16: +0,1711123200
2.546,6,Mar 22 2024 17: +0,1711126800
3.632,13,Mar 22 2024 18: +0,1711130400
2.525,1,Mar 22 2024 19: +0,1711134000
2.414,1,Mar 22 2024 20: +0,1711137600
2.589,3,Mar 22 2024 21: +0,1711141200
2.486,2,Mar 23 2024 00: +0,1711152000
2.6,8,Mar 23 2024 01: +0,1711155600
2.681,5,Mar 23 2024 02: +0,1711159200
2.158,1,Mar 23 2024 05: +0,1711170000
2.794,12,Mar 23 2024 06: +0,1711173600
2.525,2,Mar 23 2024 08: +0,1711180800
2.701,2,Mar 23 2024 09: +0,1711184400
2.517,4,Mar 23 2024 10: +0,1711188000
4.246,6,Mar 23 2024 11: +0,1711191600
2.494,2,Mar 23 2024 12: +0,1711195200
2.509,3,Mar 23 2024 13: +0,1711198800
2.886,7,Mar 23 2024 14: +0,1711202400
2.703,2,Mar 23 2024 15: +0,1711206000
2.525,1,Mar 23 2024 16: +0,1711209600
2.707,1,Mar 23 2024 17: +0,1711213200
2.588,2,Mar 23 2024 19: +0,1711220400
2.744,13,Mar 23 2024 21: +0,1711227600
2.407,1,Mar 23 2024 22: +0,1711231200
2.422,2,Mar 23 2024 23: +0,1711234800
2.45,2,Mar 24 2024 00: +0,1711238400
2.714,4,Mar 24 2024 01: +0,1711242000
2.834,2,Mar 24 2024 02: +0,1711245600
2.685,2,Mar 24 2024 03: +0,1711249200
2.689,5,Mar 24 2024 04: +0,1711252800
3.428,10,Mar 24 2024 05: +0,1711256400
2.628,5,Mar 24 2024 08: +0,1711267200
2.542,2,Mar 24 2024 10: +0,1711274400
2.466,4,Mar 24 2024 12: +0,1711281600
2.608,2,Mar 24 2024 14: +0,1711288800
2.552,2,Mar 24 2024 15: +0,1711292400
2.728,3,Mar 24 2024 17: +0,1711299600
2.573,2,Mar 24 2024 18: +0,1711303200
2.748,13,Mar 24 2024 20: +0,1711310400
2.955,1,Mar 24 2024 21: +0,1711314000
2.589,2,Mar 24 2024 23: +0,1711321200
2.941,6,Mar 25 2024 00: +0,1711324800
2.573,1,Mar 25 2024 02: +0,1711332000
2.573,1,Mar 25 2024 03: +0,1711335600
3.04,11,Mar 25 2024 07: +0,1711350000
3.143,2,Mar 25 2024 08: +0,1711353600
3.01,2,Mar 25 2024 09: +0,1711357200
2.894,2,Mar 25 2024 11: +0,1711364400
2.787,2,Mar 25 2024 13: +0,1711371600
2.827,1,Mar 25 2024 15: +0,1711378800
2.612,1,Mar 25 2024 16: +0,1711382400
2.824,7,Mar 25 2024 17: +0,1711386000
2.452,2,Mar 25 2024 18: +0,1711389600
2.724,2,Mar 25 2024 19: +0,1711393200
2.62,1,Mar 25 2024 20: +0,1711396800
2.899,1,Mar 25 2024 22: +0,1711404000
2.498,2,Mar 25 2024 23: +0,1711407600
2.393,2,Mar 26 2024 02: +0,1711418400
2.969,1,Mar 26 2024 03: +0,1711422000
2.83,2,Mar 26 2024 04: +0,1711425600
2.767,2,Mar 26 2024 06: +0,1711432800
2.709,1,Mar 26 2024 07: +0,1711436400
2.581,1,Mar 26 2024 08: +0,1711440000
2.714,1,Mar 26 2024 09: +0,1711443600
2.648,1,Mar 26 2024 11: +0,1711450800
2.7,11,Mar 26 2024 13: +0,1711458000
2.669,4,Mar 26 2024 14: +0,1711461600
2.605,2,Mar 26 2024 15: +0,1711465200
2.729,1,Mar 26 2024 16: +0,1711468800
2.731,1,Mar 26 2024 17: +0,1711472400
2.728,8,Mar 26 2024 19: +0,1711479600
2.62,1,Mar 26 2024 22: +0,1711490400
4.742,1,Mar 26 2024 23: +0,1711494000
2.375,1,Mar 27 2024 00: +0,1711497600
2.62,1,Mar 27 2024 02: +0,1711504800
2.722,1,Mar 27 2024 03: +0,1711508400
2.627,2,Mar 27 2024 04: +0,1711512000
2.517,2,Mar 27 2024 05: +0,1711515600
2.581,4,Mar 27 2024 06: +0,1711519200
2.73,7,Mar 27 2024 08: +0,1711526400
2.631,7,Mar 27 2024 10: +0,1711533600
2.747,1,Mar 27 2024 11: +0,1711537200
2.612,1,Mar 27 2024 12: +0,1711540800
2.573,1,Mar 27 2024 14: +0,1711548000
2.43,1,Mar 27 2024 15: +0,1711551600
2.62,2,Mar 27 2024 16: +0,1711555200
2.705,1,Mar 27 2024 17: +0,1711558800
2.312,1,Mar 27 2024 19: +0,1711566000
2.612,3,Mar 27 2024 20: +0,1711569600
2.597,2,Mar 27 2024 21: +0,1711573200
2.483,2,Mar 27 2024 22: +0,1711576800
2.7,2,Mar 28 2024 02: +0,1711591200
2.62,1,Mar 28 2024 03: +0,1711594800
2.699,3,Mar 28 2024 04: +0,1711598400
2.636,2,Mar 28 2024 05: +0,1711602000
2.68,1,Mar 28 2024 06: +0,1711605600
2.509,1,Mar 28 2024 08: +0,1711612800
2.711,8,Mar 28 2024 09: +0,1711616400
2.616,1,Mar 28 2024 11: +0,1711623600
2.818,2,Mar 28 2024 12: +0,1711627200
2.659,2,Mar 28 2024 13: +0,1711630800
2.731,1,Mar 28 2024 14: +0,1711634400
2.557,1,Mar 28 2024 16: +0,1711641600
2.454,1,Mar 28 2024 17: +0,1711645200
2.727,16,Mar 28 2024 18: +0,1711648800
2.74,10,Mar 28 2024 19: +0,1711652400
2.739,1,Mar 28 2024 20: +0,1711656000
2.557,2,Mar 28 2024 21: +0,1711659600
2.728,9,Mar 28 2024 22: +0,1711663200
2.735,1,Mar 28 2024 23: +0,1711666800
2.502,1,Mar 29 2024 00: +0,1711670400
2.755,8,Mar 29 2024 02: +0,1711677600
1.591,1,Mar 29 2024 04: +0,1711684800
2.62,1,Mar 29 2024 05: +0,1711688400
2.676,1,Mar 29 2024 07: +0,1711695600
2.565,2,Mar 29 2024 09: +0,1711702800
2.62,3,Mar 29 2024 11: +0,1711710000
2.592,2,Mar 29 2024 12: +0,1711713600
2.62,1,Mar 29 2024 13: +0,1711717200
2.668,10,Mar 29 2024 14: +0,1711720800
2.664,4,Mar 29 2024 16: +0,1711728000
2.755,11,Mar 29 2024 17: +0,1711731600
2.745,1,Mar 29 2024 18: +0,1711735200
2.566,3,Mar 29 2024 19: +0,1711738800
2.761,8,Mar 29 2024 20: +0,1711742400
2.229,2,Mar 29 2024 21: +0,1711746000
2.781,1,Mar 29 2024 22: +0,1711749600
2.604,1,Mar 30 2024 00: +0,1711756800
2.812,4,Mar 30 2024 01: +0,1711760400
2.842,5,Mar 30 2024 02: +0,1711764000
2.969,11,Mar 30 2024 03: +0,1711767600
2.509,4,Mar 30 2024 05: +0,1711774800
2.707,1,Mar 30 2024 06: +0,1711778400
3.048,9,Mar 30 2024 09: +0,1711789200
2.73,1,Mar 30 2024 10: +0,1711792800
2.478,1,Mar 30 2024 11: +0,1711796400
2.541,2,Mar 30 2024 12: +0,1711800000
2.407,1,Mar 30 2024 13: +0,1711803600
2.559,2,Mar 30 2024 14: +0,1711807200
2.615,1,Mar 30 2024 15: +0,1711810800
2.758,8,Mar 30 2024 18: +0,1711821600
2.375,1,Mar 30 2024 19: +0,1711825200
2.948,1,Mar 30 2024 20: +0,1711828800
2.687,2,Mar 30 2024 22: +0,1711836000
2.612,1,Mar 30 2024 23: +0,1711839600
2.998,11,Mar 31 2024 01: +0,1711846800
3.133,5,Mar 31 2024 02: +0,1711846800
3.152,10,Mar 31 2024 07: +0,1711864800
3.245,1,Mar 31 2024 08: +0,1711868400
2.486,1,Mar 31 2024 12: +0,1711882800
2.714,9,Mar 31 2024 15: +0,1711893600
2.32,1,Mar 31 2024 16: +0,1711897200
2.612,3,Mar 31 2024 18: +0,1711904400
2.643,1,Mar 31 2024 20: +0,1711911600
2.747,2,Mar 31 2024 21: +0,1711915200
2.683,1,Mar 31 2024 23: +0,1711922400
2.721,3,Apr 01 2024 00: +0,1711926000
2.92,5,Apr 01 2024 01: +0,1711929600
2.446,1,Apr 01 2024 02: +0,1711933200
2.917,1,Apr 01 2024 03: +0,1711936800
2.93,4,Apr 01 2024 05: +0,1711944000
2.572,2,Apr 01 2024 08: +0,1711954800
3.054,1,Apr 01 2024 09: +0,1711958400
2.991,1,Apr 01 2024 10: +0,1711962000
2.87,3,Apr 01 2024 11: +0,1711965600
2.501,6,Apr 01 2024 13: +0,1711972800
2.58,2,Apr 01 2024 14: +0,1711976400
2.863,2,Apr 01 2024 15: +0,1711980000
2.862,1,Apr 01 2024 17: +0,1711987200
2.659,1,Apr 01 2024 18: +0,1711990800
2.661,1,Apr 01 2024 19: +0,1711994400
2.596,3,Apr 01 2024 20: +0,1711998000
2.679,10,Apr 01 2024 21: +0,1712001600
2.659,1,Apr 01 2024 23: +0,1712008800
2.553,4,Apr 02 2024 00: +0,1712012400
2.754,1,Apr 02 2024 01: +0,1712016000
2.549,2,Apr 02 2024 02: +0,1712019600
2.706,2,Apr 02 2024 05: +0,1712030400
2.659,1,Apr 02 2024 07: +0,1712037600
2.557,1,Apr 02 2024 08: +0,1712041200
2.509,1,Apr 02 2024 09: +0,1712044800
2.383,3,Apr 02 2024 11: +0,1712052000
2.77,1,Apr 02 2024 12: +0,1712055600
2.736,5,Apr 02 2024 13: +0,1712059200
2.736,5,Apr 02 2024 14: +0,1712062800
2.446,1,Apr 02 2024 15: +0,1712066400
2.772,4,Apr 02 2024 16: +0,1712070000
2.551,1,Apr 02 2024 17: +0,1712073600
2.809,8,Apr 02 2024 18: +0,1712077200
2.635,3,Apr 02 2024 19: +0,1712080800
2.257,2,Apr 02 2024 20: +0,1712084400
2.785,8,Apr 02 2024 22: +0,1712091600
3.069,6,Apr 02 2024 23: +0,1712095200
2.849,5,Apr 03 2024 00: +0,1712098800
2.762,6,Apr 03 2024 04: +0,1712113200
2.825,2,Apr 03 2024 06: +0,1712120400
2.73,1,Apr 03 2024 07: +0,1712124000
2.725,1,Apr 03 2024 09: +0,1712131200
2.73,3,Apr 03 2024 10: +0,1712134800
2.699,5,Apr 03 2024 11: +0,1712138400
2.55,1,Apr 03 2024 13: +0,1712145600
2.766,3,Apr 03 2024 14: +0,1712149200
2.647,2,Apr 03 2024 15: +0,1712152800
2.699,6,Apr 03 2024 16: +0,1712156400
2.833,1,Apr 03 2024 17: +0,1712160000
2.731,2,Apr 03 2024 18: +0,1712163600
2.635,1,Apr 03 2024 20: +0,1712170800
2.77,3,Apr 03 2024 21: +0,1712174400
2.446,1,Apr 03 2024 22: +0,1712178000
2.695,2,Apr 03 2024 23: +0,1712181600
2.833,8,Apr 04 2024 01: +0,1712188800
2.976,6,Apr 04 2024 07: +0,1712210400
2.699,1,Apr 04 2024 10: +0,1712221200
2.706,2,Apr 04 2024 11: +0,1712224800
3.033,3,Apr 04 2024 12: +0,1712228400
2.631,2,Apr 04 2024 15: +0,1712239200
2.667,2,Apr 04 2024 17: +0,1712246400
2.517,1,Apr 04 2024 18: +0,1712250000
2.69,2,Apr 04 2024 19: +0,1712253600
2.722,3,Apr 04 2024 20: +0,1712257200
2.572,3,Apr 04 2024 23: +0,1712268000
3.18,1,Apr 05 2024 00: +0,1712271600
3.109,3,Apr 05 2024 01: +0,1712275200
2.367,1,Apr 05 2024 03: +0,1712282400
2.762,1,Apr 05 2024 05: +0,1712289600
2.722,1,Apr 05 2024 06: +0,1712293200
2.833,4,Apr 05 2024 07: +0,1712296800
2.959,1,Apr 05 2024 09: +0,1712304000
2.683,3,Apr 05 2024 13: +0,1712318400
2.761,3,Apr 05 2024 14: +0,1712322000
2.336,2,Apr 05 2024 15: +0,1712325600
2.16,1,Apr 05 2024 16: +0,1712329200
2.804,1,Apr 05 2024 17: +0,1712332800
3.105,2,Apr 05 2024 18: +0,1712336400
2.841,1,Apr 05 2024 19: +0,1712340000
2.843,3,Apr 05 2024 21: +0,1712347200
2.791,1,Apr 05 2024 22: +0,1712350800
2.915,2,Apr 05 2024 23: +0,1712354400
2.747,1,Apr 06 2024 00: +0,1712358000
2.937,1,Apr 06 2024 02: +0,1712365200
2.61,2,Apr 06 2024 03: +0,1712368800
2.781,1,Apr 06 2024 05: +0,1712376000
2.93,3,Apr 06 2024 06: +0,1712379600
2.935,1,Apr 06 2024 07: +0,1712383200
2.86,1,Apr 06 2024 08: +0,1712386800
2.936,1,Apr 06 2024 09: +0,1712390400
2.682,2,Apr 06 2024 11: +0,1712397600
2.49,3,Apr 06 2024 12: +0,1712401200
2.938,5,Apr 06 2024 13: +0,1712404800
2.779,3,Apr 06 2024 14: +0,1712408400
2.961,3,Apr 06 2024 15: +0,1712412000
2.947,1,Apr 06 2024 16: +0,1712415600
2.634,3,Apr 06 2024 17: +0,1712419200
2.49,1,Apr 06 2024 18: +0,1712422800
2.964,7,Apr 06 2024 19: +0,1712426400
2.546,1,Apr 06 2024 20: +0,1712430000
2.779,1,Apr 06 2024 23: +0,1712440800
3.012,3,Apr 07 2024 00: +0,1712444400
3.021,1,Apr 07 2024 01: +0,1712448000
2.699,1,Apr 07 2024 02: +0,1712451600
3.011,3,Apr 07 2024 04: +0,1712458800
2.819,2,Apr 07 2024 05: +0,1712462400
2.996,3,Apr 07 2024 07: +0,1712469600
2.803,1,Apr 07 2024 08: +0,1712473200
2.899,2,Apr 07 2024 09: +0,1712476800
2.895,2,Apr 07 2024 10: +0,1712480400
3.014,8,Apr 07 2024 11: +0,1712484000
2.811,1,Apr 07 2024 12: +0,1712487600
2.947,2,Apr 07 2024 13: +0,1712491200
2.546,1,Apr 07 2024 14: +0,1712494800
3.042,9,Apr 07 2024 15: +0,1712498400
2.658,1,Apr 07 2024 16: +0,1712502000
2.996,3,Apr 07 2024 19: +0,1712512800
3.128,2,Apr 07 2024 20: +0,1712516400
2.674,3,Apr 07 2024 21: +0,1712520000
3.028,5,Apr 07 2024 22: +0,1712523600
3.072,2,Apr 07 2024 23: +0,1712527200
3.245,6,Apr 08 2024 00: +0,1712530800
2.863,1,Apr 08 2024 01: +0,1712534400
3.229,1,Apr 08 2024 02: +0,1712538000
3.068,17,Apr 08 2024 06: +0,1712552400
2.819,1,Apr 08 2024 08: +0,1712559600
2.997,1,Apr 08 2024 10: +0,1712566800
2.882,2,Apr 08 2024 12: +0,1712574000
2.611,2,Apr 08 2024 13: +0,1712577600
3.12,4,Apr 08 2024 14: +0,1712581200
3.112,1,Apr 08 2024 15: +0,1712584800
2.98,2,Apr 08 2024 19: +0,1712599200
3.04,6,Apr 08 2024 20: +0,1712602800
2.827,3,Apr 08 2024 21: +0,1712606400
2.848,1,Apr 08 2024 22: +0,1712610000
3.052,1,Apr 09 2024 00: +0,1712617200
2.848,1,Apr 09 2024 01: +0,1712620800
2.992,1,Apr 09 2024 02: +0,1712624400
2.824,2,Apr 09 2024 03: +0,1712628000
2.983,1,Apr 09 2024 04: +0,1712631600
2.848,1,Apr 09 2024 06: +0,1712638800
2.923,1,Apr 09 2024 08: +0,1712646000
2.959,2,Apr 09 2024 09: +0,1712649600
2.874,1,Apr 09 2024 10: +0,1712653200
2.848,3,Apr 09 2024 11: +0,1712656800
2.854,1,Apr 09 2024 13: +0,1712664000
2.744,2,Apr 09 2024 14: +0,1712667600
2.997,5,Apr 09 2024 15: +0,1712671200
2.731,1,Apr 09 2024 16: +0,1712674800
2.546,3,Apr 09 2024 17: +0,1712678400
2.827,3,Apr 09 2024 18: +0,1712682000
2.843,1,Apr 09 2024 19: +0,1712685600
2.945,7,Apr 09 2024 20: +0,1712689200
2.895,2,Apr 09 2024 21: +0,1712692800
3.14,13,Apr 09 2024 22: +0,1712696400
3.103,3,Apr 09 2024 23: +0,1712700000
2.843,1,Apr 10 2024 01: +0,1712707200
3.108,7,Apr 10 2024 04: +0,1712718000
3.19,1,Apr 10 2024 05: +0,1712721600
2.898,2,Apr 10 2024 07: +0,1712728800
2.512,1,Apr 10 2024 10: +0,1712739600
2.843,1,Apr 10 2024 11: +0,1712743200
2.803,1,Apr 10 2024 12: +0,1712746800
2.803,1,Apr 10 2024 13: +0,1712750400
3.191,10,Apr 10 2024 14: +0,1712754000
3.012,3,Apr 10 2024 16: +0,1712761200
3.128,3,Apr 10 2024 19: +0,1712772000
2.885,3,Apr 10 2024 20: +0,1712775600
2.843,3,Apr 10 2024 21: +0,1712779200
2.851,3,Apr 10 2024 22: +0,1712782800
2.835,1,Apr 11 2024 02: +0,1712797200
2.674,1,Apr 11 2024 03: +0,1712800800
2.832,2,Apr 11 2024 04: +0,1712804400
2.887,2,Apr 11 2024 05: +0,1712808000
2.891,2,Apr 11 2024 06: +0,1712811600
2.883,1,Apr 11 2024 08: +0,1712818800
2.899,1,Apr 11 2024 09: +0,1712822400
2.883,1,Apr 11 2024 11: +0,1712829600
2.875,2,Apr 11 2024 12: +0,1712833200
2.851,2,Apr 11 2024 13: +0,1712836800
2.899,3,Apr 11 2024 14: +0,1712840400
2.891,5,Apr 11 2024 15: +0,1712844000
2.827,1,Apr 11 2024 16: +0,1712847600
2.827,3,Apr 11 2024 17: +0,1712851200
2.924,10,Apr 11 2024 18: +0,1712854800
2.859,3,Apr 11 2024 21: +0,1712865600
3.245,1,Apr 11 2024 23: +0,1712872800
2.843,1,Apr 12 2024 00: +0,1712876400
2.731,1,Apr 12 2024 02: +0,1712883600
2.411,1,Apr 12 2024 04: +0,1712890800
3.164,9,Apr 12 2024 05: +0,1712894400
2.837,2,Apr 12 2024 06: +0,1712898000
3.106,1,Apr 12 2024 08: +0,1712905200
3.13,4,Apr 12 2024 11: +0,1712916000
3.089,1,Apr 12 2024 12: +0,1712919600
2.771,1,Apr 12 2024 13: +0,1712923200
3.136,3,Apr 12 2024 14: +0,1712926800
3.137,8,Apr 12 2024 15: +0,1712930400
2.843,1,Apr 12 2024 16: +0,1712934000
2.779,2,Apr 12 2024 17: +0,1712937600
3.176,1,Apr 12 2024 19: +0,1712944800
2.771,1,Apr 12 2024 21: +0,1712952000
2.843,1,Apr 12 2024 22: +0,1712955600
3.146,4,Apr 12 2024 23: +0,1712959200
2.944,1,Apr 13 2024 00: +0,1712962800
3.012,3,Apr 13 2024 01: +0,1712966400
2.167,1,Apr 13 2024 02: +0,1712970000
3.012,1,Apr 13 2024 03: +0,1712973600
2.996,16,Apr 13 2024 05: +0,1712980800
2.926,2,Apr 13 2024 06: +0,1712984400
3.116,1,Apr 13 2024 07: +0,1712988000
2.314,2,Apr 13 2024 09: +0,1712995200
2.85,1,Apr 13 2024 10: +0,1712998800
2.739,1,Apr 13 2024 11: +0,1713002400
2.978,9,Apr 13 2024 12: +0,1713006000
2.996,1,Apr 13 2024 13: +0,1713009600
2.859,3,Apr 13 2024 14: +0,1713013200
3.004,1,Apr 13 2024 16: +0,1713020400
2.978,2,Apr 13 2024 17: +0,1713024000
2.859,1,Apr 13 2024 18: +0,1713027600
2.892,2,Apr 13 2024 19: +0,1713031200
2.915,1,Apr 13 2024 20: +0,1713034800
2.911,8,Apr 13 2024 21: +0,1713038400
2.863,1,Apr 14 2024 00: +0,1713049200
2.811,5,Apr 14 2024 02: +0,1713056400
2.991,2,Apr 14 2024 03: +0,1713060000
3.036,2,Apr 14 2024 04: +0,1713063600
2.602,1,Apr 14 2024 05: +0,1713067200
2.994,9,Apr 14 2024 06: +0,1713070800
3.12,2,Apr 14 2024 07: +0,1713074400
2.819,1,Apr 14 2024 08: +0,1713078000
2.982,1,Apr 14 2024 09: +0,1713081600
2.819,1,Apr 14 2024 10: +0,1713085200
2.969,6,Apr 14 2024 11: +0,1713088800
2.908,2,Apr 14 2024 12: +0,1713092400
2.907,1,Apr 14 2024 14: +0,1713099600
2.838,2,Apr 14 2024 15: +0,1713103200
2.795,1,Apr 14 2024 16: +0,1713106800
2.787,1,Apr 14 2024 17: +0,1713110400
2.851,2,Apr 14 2024 18: +0,1713114000
2.731,1,Apr 14 2024 19: +0,1713117600
3.032,6,Apr 14 2024 20: +0,1713121200
3.084,3,Apr 14 2024 22: +0,1713128400
2.992,4,Apr 15 2024 00: +0,1713135600
2.945,1,Apr 15 2024 01: +0,1713139200
2.69,1,Apr 15 2024 04: +0,1713150000
2.594,1,Apr 15 2024 06: +0,1713157200
2.805,10,Apr 15 2024 08: +0,1713164400
2.731,1,Apr 15 2024 09: +0,1713168000
2.731,3,Apr 15 2024 10: +0,1713171600
2.771,2,Apr 15 2024 11: +0,1713175200
2.953,3,Apr 15 2024 13: +0,1713182400
2.65,1,Apr 15 2024 14: +0,1713186000
2.715,1,Apr 15 2024 15: +0,1713189600
2.819,2,Apr 15 2024 17: +0,1713196800
2.97,3,Apr 15 2024 18: +0,1713200400
2.614,2,Apr 15 2024 19: +0,1713204000
4.674,7,Apr 15 2024 22: +0,1713214800
2.843,1,Apr 15 2024 23: +0,1713218400
3.0,10,Apr 16 2024 00: +0,1713222000
3.14,1,Apr 16 2024 01: +0,1713225600
2.779,3,Apr 16 2024 03: +0,1713232800
2.798,3,Apr 16 2024 05: +0,1713240000
3.02,4,Apr 16 2024 07: +0,1713247200
2.658,1,Apr 16 2024 08: +0,1713250800
3.016,1,Apr 16 2024 09: +0,1713254400
3.092,1,Apr 16 2024 11: +0,1713261600
2.974,1,Apr 16 2024 14: +0,1713272400
2.972,1,Apr 16 2024 16: +0,1713279600
2.851,4,Apr 16 2024 17: +0,1713283200
2.546,1,Apr 16 2024 18: +0,1713286800
2.726,2,Apr 16 2024 19: +0,1713290400
2.98,5,Apr 16 2024 21: +0,1713297600
2.811,1,Apr 16 2024 22: +0,1713301200
2.843,1,Apr 17 2024 00: +0,1713308400
2.824,2,Apr 17 2024 03: +0,1713319200
2.771,4,Apr 17 2024 04: +0,1713322800
2.915,2,Apr 17 2024 05: +0,1713326400
2.946,1,Apr 17 2024 07: +0,1713333600
2.843,1,Apr 17 2024 09: +0,1713340800
2.779,1,Apr 17 2024 10: +0,1713344400
2.98,13,Apr 17 2024 11: +0,1713348000
3.092,1,Apr 17 2024 12: +0,1713351600
2.747,1,Apr 17 2024 13: +0,1713355200
3.429,2,Apr 17 2024 14: +0,1713358800
2.285,2,Apr 17 2024 15: +0,1713362400
2.914,3,Apr 17 2024 16: +0,1713366000
3.084,5,Apr 17 2024 17: +0,1713369600
3.092,5,Apr 17 2024 18: +0,1713373200
2.321,1,Apr 17 2024 19: +0,1713376800
2.456,1,Apr 17 2024 20: +0,1713380400
3.032,4,Apr 17 2024 21: +0,1713384000
2.606,2,Apr 17 2024 22: +0,1713387600
2.737,4,Apr 17 2024 23: +0,1713391200
3.068,1,Apr 18 2024 00: +0,1713394800
3.258,1,Apr 18 2024 01: +0,1713398400
3.084,1,Apr 18 2024 02: +0,1713402000
2.964,2,Apr 18 2024 03: +0,1713405600
2.883,1,Apr 18 2024 08: +0,1713423600
3.112,8,Apr 18 2024 09: +0,1713427200
3.149,1,Apr 18 2024 11: +0,1713434400
2.875,2,Apr 18 2024 13: +0,1713441600
3.213,1,Apr 18 2024 14: +0,1713445200
3.031,6,Apr 18 2024 15: +0,1713448800
2.33,1,Apr 18 2024 16: +0,1713452400
2.803,1,Apr 18 2024 17: +0,1713456000
2.811,3,Apr 18 2024 18: +0,1713459600
3.0,2,Apr 18 2024 19: +0,1713463200
2.783,2,Apr 18 2024 21: +0,1713470400
3.056,4,Apr 18 2024 22: +0,1713474000
2.891,2,Apr 18 2024 23: +0,1713477600
2.875,1,Apr 19 2024 00: +0,1713481200
2.731,1,Apr 19 2024 01: +0,1713484800
2.843,3,Apr 19 2024 02: +0,1713488400
2.541,2,Apr 19 2024 05: +0,1713499200
2.835,2,Apr 19 2024 06: +0,1713502800
2.715,1,Apr 19 2024 07: +0,1713506400
2.819,3,Apr 19 2024 08: +0,1713510000
3.052,2,Apr 19 2024 09: +0,1713513600
2.812,6,Apr 19 2024 10: +0,1713517200
2.787,2,Apr 19 2024 12: +0,1713524400
1.967,1,Apr 19 2024 14: +0,1713531600
2.856,5,Apr 19 2024 16: +0,1713538800
2.827,2,Apr 19 2024 17: +0,1713542400
2.844,4,Apr 19 2024 19: +0,1713549600
2.803,5,Apr 19 2024 20: +0,1713553200
2.835,2,Apr 19 2024 21: +0,1713556800
2.787,1,Apr 20 2024 00: +0,1713567600
2.841,11,Apr 20 2024 02: +0,1713574800
3.044,9,Apr 20 2024 03: +0,1713578400
2.747,3,Apr 20 2024 05: +0,1713585600
3.052,14,Apr 20 2024 07: +0,1713592800
2.559,2,Apr 20 2024 13: +0,1713614400
2.935,6,Apr 20 2024 14: +0,1713618000
2.518,1,Apr 20 2024 15: +0,1713621600
3.028,1,Apr 20 2024 17: +0,1713628800
3.036,13,Apr 20 2024 18: +0,1713632400
2.915,2,Apr 20 2024 20: +0,1713639600
2.747,1,Apr 20 2024 21: +0,1713643200
3.084,6,Apr 20 2024 23: +0,1713650400
2.811,1,Apr 21 2024 00: +0,1713654000
2.731,1,Apr 21 2024 02: +0,1713661200
2.739,1,Apr 21 2024 03: +0,1713664800
2.799,4,Apr 21 2024 05: +0,1713672000
2.731,1,Apr 21 2024 06: +0,1713675600
2.86,3,Apr 21 2024 08: +0,1713682800
2.904,1,Apr 21 2024 09: +0,1713686400
2.829,7,Apr 21 2024 11: +0,1713693600
2.956,1,Apr 21 2024 12: +0,1713697200
2.65,2,Apr 21 2024 13: +0,1713700800
2.538,1,Apr 21 2024 14: +0,1713704400
2.857,3,Apr 21 2024 16: +0,1713711600
2.891,3,Apr 21 2024 17: +0,1713715200
2.958,3,Apr 21 2024 18: +0,1713718800
2.954,1,Apr 21 2024 19: +0,1713722400
2.953,5,Apr 21 2024 20: +0,1713726000
3.041,1,Apr 21 2024 21: +0,1713729600
3.057,2,Apr 21 2024 23: +0,1713736800
2.978,1,Apr 22 2024 06: +0,1713762000
2.914,1,Apr 22 2024 11: +0,1713780000
2.914,1,Apr 22 2024 14: +0,1713790800
2.936,9,Apr 22 2024 15: +0,1713794400
2.73,4,Apr 22 2024 17: +0,1713801600
2.938,1,Apr 22 2024 18: +0,1713805200
2.576,2,Apr 22 2024 19: +0,1713808800
2.858,2,Apr 22 2024 23: +0,1713823200
2.714,2,Apr 23 2024 00: +0,1713826800
2.869,2,Apr 23 2024 02: +0,1713834000
2.878,1,Apr 23 2024 03: +0,1713837600
2.952,6,Apr 23 2024 04: +0,1713841200
3.057,1,Apr 23 2024 06: +0,1713848400
2.906,3,Apr 23 2024 07: +0,1713852000
2.722,1,Apr 23 2024 08: +0,1713855600
2.802,5,Apr 23 2024 09: +0,1713859200
2.88,1,Apr 23 2024 12: +0,1713870000
2.744,1,Apr 23 2024 14: +0,1713877200
2.892,5,Apr 23 2024 15: +0,1713880800
2.598,2,Apr 23 2024 17: +0,1713888000
2.757,4,Apr 23 2024 18: +0,1713891600
2.73,3,Apr 23 2024 19: +0,1713895200
3.02,9,Apr 23 2024 20: +0,1713898800
2.914,1,Apr 23 2024 21: +0,1713902400
2.73,1,Apr 24 2024 00: +0,1713913200
3.049,4,Apr 24 2024 01: +0,1713916800
2.73,1,Apr 24 2024 02: +0,1713920400
2.73,1,Apr 24 2024 03: +0,1713924000
3.041,1,Apr 24 2024 04: +0,1713927600
3.033,3,Apr 24 2024 06: +0,1713934800
2.73,2,Apr 24 2024 08: +0,1713942000
2.73,3,Apr 24 2024 09: +0,1713945600
2.698,2,Apr 24 2024 10: +0,1713949200
2.856,3,Apr 24 2024 11: +0,1713952800
2.546,1,Apr 24 2024 12: +0,1713956400
2.914,5,Apr 24 2024 16: +0,1713970800
2.726,2,Apr 24 2024 17: +0,1713974400
2.786,4,Apr 24 2024 19: +0,1713981600
2.754,1,Apr 24 2024 20: +0,1713985200
2.84,3,Apr 24 2024 23: +0,1713996000
2.836,2,Apr 25 2024 00: +0,1713999600
2.784,1,Apr 25 2024 04: +0,1714014000
2.794,2,Apr 25 2024 07: +0,1714024800
2.403,1,Apr 25 2024 08: +0,1714028400
2.666,1,Apr 25 2024 10: +0,1714035600
2.411,1,Apr 25 2024 11: +0,1714039200
2.87,8,Apr 25 2024 12: +0,1714042800
2.659,2,Apr 25 2024 13: +0,1714046400
2.882,1,Apr 25 2024 15: +0,1714053600
2.722,3,Apr 25 2024 16: +0,1714057200
2.71,2,Apr 25 2024 17: +0,1714060800
2.797,3,Apr 25 2024 19: +0,1714068000
2.802,1,Apr 25 2024 22: +0,1714078800
2.814,2,Apr 25 2024 23: +0,1714082400
2.81,3,Apr 26 2024 02: +0,1714093200
2.759,1,Apr 26 2024 04: +0,1714100400
2.73,1,Apr 26 2024 05: +0,1714104000
2.973,2,Apr 26 2024 06: +0,1714107600
2.714,3,Apr 26 2024 07: +0,1714111200
2.753,3,Apr 26 2024 08: +0,1714114800
3.025,1,Apr 26 2024 09: +0,1714118400
2.975,1,Apr 26 2024 10: +0,1714122000
2.815,1,Apr 26 2024 11: +0,1714125600
2.873,6,Apr 26 2024 13: +0,1714132800
3.005,4,Apr 26 2024 14: +0,1714136400
2.73,1,Apr 26 2024 16: +0,1714143600
2.75,2,Apr 26 2024 18: +0,1714150800
2.73,2,Apr 26 2024 20: +0,1714158000
2.999,6,Apr 26 2024 21: +0,1714161600
2.722,2,Apr 26 2024 22: +0,1714165200
2.73,1,Apr 26 2024 23: +0,1714168800
2.594,1,Apr 27 2024 03: +0,1714183200
2.985,2,Apr 27 2024 04: +0,1714186800
3.009,1,Apr 27 2024 05: +0,1714190400
2.73,5,Apr 27 2024 11: +0,1714212000
2.674,2,Apr 27 2024 14: +0,1714222800
2.546,1,Apr 27 2024 15: +0,1714226400
2.731,1,Apr 27 2024 17: +0,1714233600
2.794,5,Apr 27 2024 18: +0,1714237200
2.797,7,Apr 27 2024 19: +0,1714240800
2.698,3,Apr 27 2024 22: +0,1714251600
2.745,2,Apr 27 2024 23: +0,1714255200
2.823,1,Apr 28 2024 00: +0,1714258800
2.97,9,Apr 28 2024 01: +0,1714262400
2.638,4,Apr 28 2024 04: +0,1714273200
2.582,2,Apr 28 2024 06: +0,1714280400
2.698,1,Apr 28 2024 10: +0,1714294800
2.675,2,Apr 28 2024 11: +0,1714298400
2.8,1,Apr 28 2024 12: +0,1714302000
2.881,5,Apr 28 2024 13: +0,1714305600
2.57,3,Apr 28 2024 15: +0,1714312800
2.634,1,Apr 28 2024 16: +0,1714316400
2.642,1,Apr 28 2024 17: +0,1714320000
2.634,3,Apr 28 2024 18: +0,1714323600
2.307,2,Apr 28 2024 19: +0,1714327200
2.718,6,Apr 28 2024 20: +0,1714330800
2.634,2,Apr 29 2024 00: +0,1714345200
2.638,2,Apr 29 2024 01: +0,1714348800
2.754,10,Apr 29 2024 02: +0,1714352400
3.009,11,Apr 29 2024 03: +0,1714356000
2.978,1,Apr 29 2024 06: +0,1714366800
2.954,1,Apr 29 2024 10: +0,1714381200
2.786,1,Apr 29 2024 12: +0,1714388400
2.858,1,Apr 29 2024 14: +0,1714395600
2.794,4,Apr 29 2024 16: +0,1714402800
2.658,1,Apr 29 2024 17: +0,1714406400
2.558,4,Apr 29 2024 19: +0,1714413600
2.675,2,Apr 29 2024 20: +0,1714417200
2.658,1,Apr 29 2024 22: +0,1714424400
2.642,1,Apr 29 2024 23: +0,1714428000
2.618,2,Apr 30 2024 00: +0,1714431600
2.594,1,Apr 30 2024 01: +0,1714435200
3.093,2,Apr 30 2024 02: +0,1714438800
2.954,1,Apr 30 2024 04: +0,1714446000
2.642,1,Apr 30 2024 06: +0,1714453200
3.221,1,Apr 30 2024 07: +0,1714456800
2.71,2,Apr 30 2024 08: +0,1714460400
2.698,1,Apr 30 2024 09: +0,1714464000
2.642,5,Apr 30 2024 10: +0,1714467600
2.708,3,Apr 30 2024 11: +0,1714471200
2.754,4,Apr 30 2024 12: +0,1714474800
2.634,1,Apr 30 2024 14: +0,1714482000
1.964,1,Apr 30 2024 15: +0,1714485600
2.722,10,Apr 30 2024 16: +0,1714489200
2.582,2,Apr 30 2024 17: +0,1714492800
2.826,2,Apr 30 2024 18: +0,1714496400
2.658,1,Apr 30 2024 19: +0,1714500000
2.658,1,Apr 30 2024 20: +0,1714503600
2.59,2,Apr 30 2024 21: +0,1714507200
2.73,1,Apr 30 2024 23: +0,1714514400
2.666,1,May 01 2024 00: +0,1714518000
2.73,1,May 01 2024 01: +0,1714521600
2.754,3,May 01 2024 03: +0,1714528800
2.974,8,May 01 2024 04: +0,1714532400
3.001,7,May 01 2024 05: +0,1714536000
3.025,2,May 01 2024 06: +0,1714539600
3.057,1,May 01 2024 07: +0,1714543200
3.025,3,May 01 2024 08: +0,1714546800
2.758,2,May 01 2024 09: +0,1714550400
2.697,5,May 01 2024 10: +0,1714554000
2.789,2,May 01 2024 12: +0,1714561200
2.622,2,May 01 2024 15: +0,1714572000
2.787,7,May 01 2024 16: +0,1714575600
2.831,2,May 01 2024 17: +0,1714579200
2.729,1,May 01 2024 18: +0,1714582800
2.945,3,May 01 2024 19: +0,1714586400
2.953,3,May 01 2024 21: +0,1714593600
2.813,2,May 01 2024 23: +0,1714600800
3.033,14,May 02 2024 01: +0,1714608000
3.025,3,May 02 2024 04: +0,1714618800
2.77,2,May 02 2024 05: +0,1714622400
2.753,1,May 02 2024 06: +0,1714626000
2.753,10,May 02 2024 09: +0,1714636800
3.001,3,May 02 2024 10: +0,1714640400
2.753,1,May 02 2024 11: +0,1714644000
3.033,4,May 02 2024 12: +0,1714647600
2.737,2,May 02 2024 16: +0,1714662000
3.055,3,May 02 2024 18: +0,1714669200
2.881,1,May 02 2024 19: +0,1714672800
3.055,1,May 02 2024 20: +0,1714676400
3.04,1,May 02 2024 21: +0,1714680000
3.06,8,May 02 2024 22: +0,1714683600
3.059,3,May 02 2024 23: +0,1714687200
2.92,2,May 03 2024 01: +0,1714694400
2.769,1,May 03 2024 02: +0,1714698000
2.522,1,May 03 2024 07: +0,1714716000
3.096,4,May 03 2024 08: +0,1714719600
2.958,4,May 03 2024 12: +0,1714734000
2.761,3,May 03 2024 14: +0,1714741200
2.793,3,May 03 2024 16: +0,1714748400
2.867,7,May 03 2024 17: +0,1714752000
2.302,2,May 03 2024 18: +0,1714755600
3.392,1,May 03 2024 19: +0,1714759200
2.546,3,May 03 2024 20: +0,1714762800
2.819,2,May 03 2024 23: +0,1714773600
2.886,10,May 04 2024 00: +0,1714777200
2.761,1,May 04 2024 05: +0,1714795200
2.972,1,May 04 2024 07: +0,1714802400
3.029,2,May 04 2024 08: +0,1714806000
2.761,1,May 04 2024 09: +0,1714809600
3.008,2,May 04 2024 10: +0,1714813200
3.016,1,May 04 2024 11: +0,1714816800
2.795,1,May 04 2024 13: +0,1714824000
2.835,1,May 04 2024 17: +0,1714838400
2.531,3,May 04 2024 18: +0,1714842000
2.841,3,May 04 2024 19: +0,1714845600
2.884,3,May 04 2024 20: +0,1714849200
3.031,9,May 04 2024 21: +0,1714852800
2.891,3,May 04 2024 23: +0,1714860000
2.939,2,May 05 2024 01: +0,1714867200
3.051,4,May 05 2024 02: +0,1714870800
2.803,1,May 05 2024 04: +0,1714878000
2.803,1,May 05 2024 05: +0,1714881600
3.02,1,May 05 2024 09: +0,1714896000
3.075,1,May 05 2024 12: +0,1714906800
2.394,2,May 05 2024 13: +0,1714910400
2.835,1,May 05 2024 14: +0,1714914000
3.043,1,May 05 2024 15: +0,1714917600
2.859,4,May 05 2024 16: +0,1714921200
2.922,9,May 05 2024 17: +0,1714924800
3.035,1,May 05 2024 18: +0,1714928400
3.03,4,May 05 2024 19: +0,1714932000
2.799,4,May 05 2024 20: +0,1714935600
2.875,2,May 05 2024 21: +0,1714939200
2.771,2,May 05 2024 23: +0,1714946400
3.059,1,May 06 2024 00: +0,1714950000
3.007,4,May 06 2024 03: +0,1714960800
2.739,1,May 06 2024 04: +0,1714964400
2.947,3,May 06 2024 06: +0,1714971600
2.971,5,May 06 2024 09: +0,1714982400
2.867,1,May 06 2024 10: +0,1714986000
3.037,2,May 06 2024 11: +0,1714989600
3.261,2,May 06 2024 12: +0,1714993200
2.935,2,May 06 2024 13: +0,1714996800
2.963,1,May 06 2024 16: +0,1715007600
2.947,1,May 06 2024 17: +0,1715011200
2.947,1,May 06 2024 18: +0,1715014800
2.984,2,May 06 2024 19: +0,1715018400
2.987,2,May 06 2024 20: +0,1715022000
2.883,3,May 06 2024 21: +0,1715025600
2.307,1,May 06 2024 22: +0,1715029200
3.053,1,May 06 2024 23: +0,1715032800
2.947,2,May 07 2024 00: +0,1715036400
2.883,1,May 07 2024 02: +0,1715043600
2.923,1,May 07 2024 04: +0,1715050800
3.027,1,May 07 2024 05: +0,1715054400
3.005,2,May 07 2024 06: +0,1715058000
3.757,7,May 07 2024 07: +0,1715061600
3.059,1,May 07 2024 08: +0,1715065200
1.952,1,May 07 2024 09: +0,1715068800
3.018,2,May 07 2024 11: +0,1715076000
2.859,1,May 07 2024 12: +0,1715079600
3.087,1,May 07 2024 14: +0,1715086800
2.883,1,May 07 2024 16: +0,1715094000
3.091,1,May 07 2024 17: +0,1715097600
2.995,1,May 07 2024 18: +0,1715101200
3.112,3,May 07 2024 19: +0,1715104800
2.771,1,May 07 2024 20: +0,1715108400
3.012,1,May 07 2024 22: +0,1715115600
3.025,6,May 08 2024 00: +0,1715122800
2.995,10,May 08 2024 03: +0,1715133600
2.995,1,May 08 2024 04: +0,1715137200
3.079,2,May 08 2024 08: +0,1715151600
2.995,1,May 08 2024 11: +0,1715162400
2.987,8,May 08 2024 13: +0,1715169600
3.066,3,May 08 2024 14: +0,1715173200
2.987,4,May 08 2024 15: +0,1715176800
2.991,2,May 08 2024 17: +0,1715184000
3.012,1,May 08 2024 18: +0,1715187600
2.987,1,May 08 2024 19: +0,1715191200
2.971,4,May 08 2024 20: +0,1715194800
2.923,2,May 08 2024 21: +0,1715198400
2.979,2,May 08 2024 22: +0,1715202000
2.963,1,May 08 2024 23: +0,1715205600
2.979,4,May 09 2024 00: +0,1715209200
2.979,5,May 09 2024 01: +0,1715212800
2.995,1,May 09 2024 03: +0,1715220000
2.995,2,May 09 2024 05: +0,1715227200
2.875,2,May 09 2024 10: +0,1715245200
2.971,1,May 09 2024 11: +0,1715248800
2.963,3,May 09 2024 12: +0,1715252400
2.999,2,May 09 2024 13: +0,1715256000
2.979,1,May 09 2024 14: +0,1715259600
2.995,1,May 09 2024 15: +0,1715263200
3.001,11,May 09 2024 16: +0,1715266800
2.959,4,May 09 2024 18: +0,1715274000
2.956,1,May 09 2024 19: +0,1715277600
3.003,11,May 09 2024 20: +0,1715281200
2.286,1,May 09 2024 21: +0,1715284800
3.053,1,May 09 2024 22: +0,1715288400
2.94,3,May 09 2024 23: +0,1715292000
2.385,2,May 10 2024 02: +0,1715302800
2.833,2,May 10 2024 03: +0,1715306400
2.94,3,May 10 2024 05: +0,1715313600
3.017,3,May 10 2024 07: +0,1715320800
2.916,1,May 10 2024 09: +0,1715328000
2.987,2,May 10 2024 10: +0,1715331600
2.877,2,May 10 2024 12: +0,1715338800
2.932,5,May 10 2024 14: +0,1715346000
2.952,1,May 10 2024 15: +0,1715349600
2.963,1,May 10 2024 16: +0,1715353200
2.963,3,May 10 2024 18: +0,1715360400
2.734,1,May 10 2024 20: +0,1715367600
2.975,2,May 10 2024 22: +0,1715374800
3.042,4,May 11 2024 01: +0,1715385600
2.94,1,May 11 2024 03: +0,1715392800
2.766,1,May 11 2024 04: +0,1715396400
2.948,2,May 11 2024 05: +0,1715400000
2.766,1,May 11 2024 07: +0,1715407200
2.837,1,May 11 2024 08: +0,1715410800
2.94,1,May 11 2024 10: +0,1715418000
2.884,1,May 11 2024 11: +0,1715421600
2.766,1,May 11 2024 12: +0,1715425200
2.881,2,May 11 2024 14: +0,1715432400
2.916,3,May 11 2024 15: +0,1715436000
2.869,5,May 11 2024 16: +0,1715439600
3.104,12,May 11 2024 17: +0,1715443200
3.162,1,May 11 2024 18: +0,1715446800
2.704,2,May 11 2024 20: +0,1715454000
2.926,1,May 11 2024 21: +0,1715457600
2.932,1,May 12 2024 01: +0,1715472000
2.975,2,May 12 2024 05: +0,1715486400
3.009,9,May 12 2024 06: +0,1715490000
2.871,2,May 12 2024 07: +0,1715493600
2.884,1,May 12 2024 09: +0,1715500800
2.797,2,May 12 2024 11: +0,1715508000
3.191,1,May 12 2024 12: +0,1715511600
2.854,2,May 12 2024 15: +0,1715522400
2.884,1,May 12 2024 18: +0,1715533200
3.024,3,May 12 2024 19: +0,1715536800
3.07,1,May 12 2024 20: +0,1715540400
3.111,1,May 12 2024 23: +0,1715551200
2.845,1,May 13 2024 02: +0,1715562000
2.978,1,May 13 2024 07: +0,1715580000
2.758,1,May 13 2024 09: +0,1715587200
3.11,6,May 13 2024 11: +0,1715594400
2.853,3,May 13 2024 12: +0,1715598000
2.995,2,May 13 2024 13: +0,1715601600
2.979,3,May 13 2024 14: +0,1715605200
2.79,1,May 13 2024 15: +0,1715608800
2.884,1,May 13 2024 16: +0,1715612400
2.91,4,May 13 2024 17: +0,1715616000
3.052,1,May 13 2024 18: +0,1715619600
2.908,1,May 13 2024 19: +0,1715623200
2.936,1,May 13 2024 20: +0,1715626800
2.583,1,May 13 2024 21: +0,1715630400
3.718,2,May 13 2024 23: +0,1715637600
2.948,1,May 14 2024 00: +0,1715641200
2.944,2,May 14 2024 02: +0,1715648400
2.88,2,May 14 2024 04: +0,1715655600
3.094,2,May 14 2024 05: +0,1715659200
1.818,1,May 14 2024 06: +0,1715662800
3.069,5,May 14 2024 08: +0,1715670000
3.469,1,May 14 2024 09: +0,1715673600
3.046,6,May 14 2024 11: +0,1715680800
2.62,3,May 14 2024 12: +0,1715684400
2.766,1,May 14 2024 13: +0,1715688000
3.055,1,May 14 2024 14: +0,1715691600
2.916,2,May 14 2024 15: +0,1715695200
3.063,8,May 14 2024 16: +0,1715698800
2.476,1,May 14 2024 17: +0,1715702400
2.979,1,May 14 2024 20: +0,1715713200
2.995,3,May 14 2024 21: +0,1715716800
3.019,1,May 14 2024 23: +0,1715724000
3.074,2,May 15 2024 03: +0,1715738400
2.916,3,May 15 2024 04: +0,1715742000
3.121,9,May 15 2024 05: +0,1715745600
3.208,1,May 15 2024 06: +0,1715749200
3.042,2,May 15 2024 10: +0,1715763600
2.774,3,May 15 2024 11: +0,1715767200
2.975,2,May 15 2024 14: +0,1715778000
2.734,1,May 15 2024 16: +0,1715785200
2.924,3,May 15 2024 17: +0,1715788800
2.909,1,May 15 2024 19: +0,1715796000
2.958,2,May 15 2024 20: +0,1715799600
2.845,1,May 16 2024 00: +0,1715814000
2.772,2,May 16 2024 01: +0,1715817600
3.201,2,May 16 2024 02: +0,1715821200
3.011,1,May 16 2024 03: +0,1715824800
2.94,1,May 16 2024 06: +0,1715835600
3.09,6,May 16 2024 07: +0,1715839200
2.948,1,May 16 2024 11: +0,1715853600
2.916,1,May 16 2024 12: +0,1715857200
2.916,1,May 16 2024 13: +0,1715860800
2.929,3,May 16 2024 14: +0,1715864400
3.011,1,May 16 2024 15: +0,1715868000
2.86,2,May 16 2024 16: +0,1715871600
2.955,3,May 16 2024 17: +0,1715875200
2.958,2,May 16 2024 18: +0,1715878800
2.956,3,May 16 2024 19: +0,1715882400
2.956,3,May 16 2024 20: +0,1715886000
2.976,1,May 16 2024 23: +0,1715896800
2.642,2,May 17 2024 02: +0,1715907600
3.015,4,May 17 2024 03: +0,1715911200
3.056,3,May 17 2024 04: +0,1715914800
2.907,3,May 17 2024 09: +0,1715932800
2.914,5,May 17 2024 10: +0,1715936400
2.954,3,May 17 2024 12: +0,1715943600
2.951,4,May 17 2024 13: +0,1715947200
2.884,5,May 17 2024 14: +0,1715950800
2.809,2,May 17 2024 15: +0,1715954400
2.956,3,May 17 2024 16: +0,1715958000
2.938,1,May 17 2024 18: +0,1715965200
2.94,1,May 17 2024 20: +0,1715972400
2.884,1,May 17 2024 22: +0,1715979600
2.955,1,May 17 2024 23: +0,1715983200
2.884,1,May 18 2024 00: +0,1715986800
2.952,8,May 18 2024 01: +0,1715990400
2.853,1,May 18 2024 02: +0,1715994000
3.003,3,May 18 2024 05: +0,1716004800
2.837,1,May 18 2024 07: +0,1716012000
3.059,1,May 18 2024 08: +0,1716015600
2.734,1,May 18 2024 09: +0,1716019200
4.141,1,May 18 2024 12: +0,1716030000
3.03,3,May 18 2024 14: +0,1716037200
2.589,1,May 18 2024 15: +0,1716040800
3.046,9,May 18 2024 16: +0,1716044400
2.944,1,May 18 2024 17: +0,1716048000
3.098,1,May 18 2024 18: +0,1716051600
2.909,2,May 18 2024 19: +0,1716055200
2.944,1,May 18 2024 20: +0,1716058800
2.802,1,May 18 2024 21: +0,1716062400
2.778,1,May 18 2024 22: +0,1716066000
2.562,1,May 18 2024 23: +0,1716069600
2.975,5,May 19 2024 02: +0,1716080400
2.826,1,May 19 2024 03: +0,1716084000
3.131,2,May 19 2024 06: +0,1716094800
2.912,1,May 19 2024 08: +0,1716102000
3.015,1,May 19 2024 10: +0,1716109200
2.763,1,May 19 2024 11: +0,1716112800
2.254,1,May 19 2024 13: +0,1716120000
3.437,2,May 19 2024 15: +0,1716127200
3.019,4,May 19 2024 16: +0,1716130800
2.747,1,May 19 2024 17: +0,1716134400
2.987,2,May 19 2024 18: +0,1716138000
3.011,2,May 19 2024 19: +0,1716141600
2.919,2,May 19 2024 20: +0,1716145200
2.826,3,May 19 2024 21: +0,1716148800
2.794,2,May 19 2024 22: +0,1716152400
2.778,1,May 20 2024 01: +0,1716163200
2.546,2,May 20 2024 02: +0,1716166800
2.944,1,May 20 2024 06: +0,1716181200
2.668,1,May 20 2024 08: +0,1716188400
2.786,1,May 20 2024 09: +0,1716192000
3.085,1,May 20 2024 11: +0,1716199200
3.048,7,May 20 2024 12: +0,1716202800
3.101,5,May 20 2024 13: +0,1716206400
2.936,3,May 20 2024 15: +0,1716213600
2.918,1,May 20 2024 17: +0,1716220800
2.778,3,May 20 2024 18: +0,1716224400
2.738,2,May 20 2024 19: +0,1716228000
2.936,1,May 20 2024 20: +0,1716231600
2.465,2,May 20 2024 21: +0,1716235200
2.932,2,May 20 2024 22: +0,1716238800
3.109,3,May 21 2024 02: +0,1716253200
2.511,1,May 21 2024 03: +0,1716256800
2.94,7,May 21 2024 04: +0,1716260400
3.014,1,May 21 2024 05: +0,1716264000
2.872,3,May 21 2024 09: +0,1716278400
2.727,2,May 21 2024 10: +0,1716282000
3.133,1,May 21 2024 11: +0,1716285600
2.735,4,May 21 2024 12: +0,1716289200
2.855,1,May 21 2024 13: +0,1716292800
2.605,1,May 21 2024 15: +0,1716300000
2.935,9,May 21 2024 16: +0,1716303600
2.709,2,May 21 2024 17: +0,1716307200
2.992,1,May 21 2024 18: +0,1716310800
2.849,1,May 21 2024 19: +0,1716314400
2.947,2,May 21 2024 21: +0,1716321600
2.851,1,May 21 2024 23: +0,1716328800
2.934,8,May 22 2024 01: +0,1716336000
2.822,2,May 22 2024 06: +0,1716354000
3.227,1,May 22 2024 08: +0,1716361200
2.777,10,May 22 2024 12: +0,1716375600
2.723,1,May 22 2024 13: +0,1716379200
2.723,4,May 22 2024 14: +0,1716382800
2.774,2,May 22 2024 15: +0,1716386400
2.696,2,May 22 2024 17: +0,1716393600
2.733,1,May 22 2024 18: +0,1716397200
2.692,2,May 22 2024 19: +0,1716400800
2.715,3,May 22 2024 20: +0,1716404400
2.652,2,May 22 2024 21: +0,1716408000
2.727,4,May 22 2024 22: +0,1716411600
2.657,1,May 22 2024 23: +0,1716415200
2.867,2,May 23 2024 00: +0,1716418800
2.723,2,May 23 2024 01: +0,1716422400
2.715,2,May 23 2024 02: +0,1716426000
2.747,1,May 23 2024 04: +0,1716433200
2.589,1,May 23 2024 07: +0,1716444000
2.932,2,May 23 2024 08: +0,1716447600
2.755,2,May 23 2024 09: +0,1716451200
2.58,2,May 23 2024 11: +0,1716458400
2.721,6,May 23 2024 12: +0,1716462000
2.66,1,May 23 2024 13: +0,1716465600
2.723,1,May 23 2024 14: +0,1716469200
2.758,2,May 23 2024 15: +0,1716472800
2.755,1,May 23 2024 16: +0,1716476400
2.718,1,May 23 2024 17: +0,1716480000
2.788,2,May 23 2024 18: +0,1716483600
2.603,2,May 23 2024 19: +0,1716487200
2.764,7,May 23 2024 20: +0,1716490800
2.726,3,May 23 2024 23: +0,1716501600
2.76,2,May 24 2024 00: +0,1716505200
2.724,2,May 24 2024 01: +0,1716508800
2.71,1,May 24 2024 02: +0,1716512400
2.553,2,May 24 2024 03: +0,1716516000
2.118,1,May 24 2024 04: +0,1716519600
2.651,2,May 24 2024 06: +0,1716526800
2.726,7,May 24 2024 07: +0,1716530400
2.891,1,May 24 2024 08: +0,1716534000
2.592,2,May 24 2024 10: +0,1716541200
2.215,2,May 24 2024 11: +0,1716544800
3.016,3,May 24 2024 12: +0,1716548400
2.584,2,May 24 2024 13: +0,1716552000
2.592,3,May 24 2024 15: +0,1716559200
3.785,1,May 24 2024 17: +0,1716566400
2.733,2,May 24 2024 18: +0,1716570000
2.922,2,May 24 2024 20: +0,1716577200
2.998,1,May 24 2024 21: +0,1716580800
2.686,1,May 25 2024 01: +0,1716595200
2.655,1,May 25 2024 02: +0,1716598800
2.714,2,May 25 2024 03: +0,1716602400
2.482,1,May 25 2024 05: +0,1716609600
2.678,3,May 25 2024 07: +0,1716616800
3.016,1,May 25 2024 09: +0,1716624000
2.797,1,May 25 2024 11: +0,1716631200
2.795,1,May 25 2024 13: +0,1716638400
2.561,1,May 25 2024 14: +0,1716642000
2.655,2,May 25 2024 15: +0,1716645600
2.832,2,May 25 2024 17: +0,1716652800
2.474,1,May 25 2024 18: +0,1716656400
2.802,5,May 25 2024 19: +0,1716660000
2.998,1,May 25 2024 21: +0,1716667200
2.506,1,May 25 2024 22: +0,1716670800
2.605,2,May 26 2024 01: +0,1716681600
2.411,1,May 26 2024 05: +0,1716696000
2.686,2,May 26 2024 06: +0,1716699600
3.024,1,May 26 2024 08: +0,1716706800
2.683,2,May 26 2024 09: +0,1716710400
3.066,4,May 26 2024 13: +0,1716724800
2.686,3,May 26 2024 14: +0,1716728400
2.639,1,May 26 2024 16: +0,1716735600
2.576,1,May 26 2024 19: +0,1716746400
2.657,2,May 26 2024 20: +0,1716750000
2.681,5,May 26 2024 23: +0,1716760800
2.671,2,May 27 2024 02: +0,1716771600
2.755,1,May 27 2024 03: +0,1716775200
2.359,2,May 27 2024 09: +0,1716796800
2.6,1,May 27 2024 12: +0,1716807600
2.686,1,May 27 2024 14: +0,1716814800
2.781,10,May 27 2024 15: +0,1716818400
2.358,1,May 27 2024 16: +0,1716822000
2.816,8,May 27 2024 18: +0,1716829200
2.812,3,May 27 2024 20: +0,1716836400
2.843,1,May 27 2024 21: +0,1716840000
3.012,6,May 27 2024 23: +0,1716847200
2.938,1,May 28 2024 02: +0,1716858000
3.056,1,May 28 2024 04: +0,1716865200
2.592,1,May 28 2024 05: +0,1716868800
2.482,1,May 28 2024 08: +0,1716879600
2.718,1,May 28 2024 11: +0,1716890400
2.599,2,May 28 2024 14: +0,1716901200
2.451,1,May 28 2024 15: +0,1716904800
2.616,1,May 28 2024 16: +0,1716908400
2.366,4,May 28 2024 17: +0,1716912000
2.985,1,May 28 2024 19: +0,1716919200
2.623,3,May 28 2024 21: +0,1716926400
2.842,2,May 28 2024 23: +0,1716933600
2.678,2,May 29 2024 02: +0,1716944400
2.694,10,May 29 2024 03: +0,1716948000
2.592,1,May 29 2024 04: +0,1716951600
2.639,1,May 29 2024 05: +0,1716955200
2.867,1,May 29 2024 06: +0,1716958800
2.354,1,May 29 2024 07: +0,1716962400
2.592,1,May 29 2024 08: +0,1716966000
2.647,1,May 29 2024 11: +0,1716976800
2.807,1,May 29 2024 12: +0,1716980400
3.071,1,May 29 2024 13: +0,1716984000
2.898,5,May 29 2024 14: +0,1716987600
2.781,2,May 29 2024 15: +0,1716991200
2.67,2,May 29 2024 17: +0,1716998400
2.597,2,May 29 2024 18: +0,1717002000
2.796,2,May 29 2024 19: +0,1717005600
3.142,1,May 29 2024 20: +0,1717009200
2.647,3,May 30 2024 00: +0,1717023600
2.871,2,May 30 2024 01: +0,1717027200
2.906,1,May 30 2024 02: +0,1717030800
2.932,5,May 30 2024 04: +0,1717038000
2.938,1,May 30 2024 08: +0,1717052400
2.91,1,May 30 2024 10: +0,1717059600
2.872,2,May 30 2024 15: +0,1717077600
2.791,1,May 30 2024 16: +0,1717081200
2.227,2,May 30 2024 17: +0,1717084800
2.425,2,May 30 2024 18: +0,1717088400
2.553,4,May 30 2024 19: +0,1717092000
2.666,3,May 30 2024 21: +0,1717099200
2.682,4,May 30 2024 23: +0,1717106400
2.666,1,May 31 2024 01: +0,1717113600
2.596,1,May 31 2024 02: +0,1717117200
2.666,1,May 31 2024 05: +0,1717128000
2.666,1,May 31 2024 06: +0,1717131600
2.666,1,May 31 2024 08: +0,1717138800
2.666,3,May 31 2024 10: +0,1717146000
3.694,1,May 31 2024 11: +0,1717149600
2.684,7,May 31 2024 12: +0,1717153200
2.761,10,May 31 2024 13: +0,1717156800
2.678,4,May 31 2024 16: +0,1717167600
3.149,2,May 31 2024 17: +0,1717171200
2.588,1,May 31 2024 19: +0,1717178400
2.855,1,May 31 2024 21: +0,1717185600
2.962,2,May 31 2024 22: +0,1717189200
2.823,1,Jun 01 2024 00: +0,1717196400
2.713,1,Jun 01 2024 03: +0,1717207200
2.831,6,Jun 01 2024 04: +0,1717210800
2.855,8,Jun 01 2024 06: +0,1717218000
2.941,6,Jun 01 2024 08: +0,1717225200
2.862,1,Jun 01 2024 09: +0,1717228800
2.949,1,Jun 01 2024 10: +0,1717232400
2.955,5,Jun 01 2024 14: +0,1717246800
2.949,2,Jun 01 2024 15: +0,1717250400
2.855,1,Jun 01 2024 17: +0,1717257600
2.894,4,Jun 01 2024 18: +0,1717261200
2.941,4,Jun 01 2024 19: +0,1717264800
2.855,1,Jun 01 2024 20: +0,1717268400
2.862,2,Jun 01 2024 21: +0,1717272000
2.588,1,Jun 01 2024 22: +0,1717275600
2.9,2,Jun 01 2024 23: +0,1717279200
2.803,2,Jun 02 2024 03: +0,1717293600
2.808,2,Jun 02 2024 04: +0,1717297200
2.808,1,Jun 02 2024 09: +0,1717315200
2.89,2,Jun 02 2024 11: +0,1717322400
2.866,2,Jun 02 2024 13: +0,1717329600
2.902,3,Jun 02 2024 14: +0,1717333200
2.998,3,Jun 02 2024 16: +0,1717340400
3.135,2,Jun 02 2024 17: +0,1717344000
2.92,3,Jun 02 2024 18: +0,1717347600
2.862,1,Jun 02 2024 19: +0,1717351200
2.831,2,Jun 02 2024 21: +0,1717358400
2.596,3,Jun 02 2024 22: +0,1717362000
2.859,2,Jun 03 2024 06: +0,1717390800
2.912,8,Jun 03 2024 07: +0,1717394400
2.913,2,Jun 03 2024 09: +0,1717401600
2.957,1,Jun 03 2024 10: +0,1717405200
2.862,6,Jun 03 2024 12: +0,1717412400
2.957,5,Jun 03 2024 14: +0,1717419600
2.862,2,Jun 03 2024 15: +0,1717423200
3.002,1,Jun 03 2024 17: +0,1717430400
2.753,1,Jun 03 2024 18: +0,1717434000
2.962,1,Jun 03 2024 20: +0,1717441200
2.974,3,Jun 03 2024 21: +0,1717444800
2.567,1,Jun 03 2024 23: +0,1717452000
3.393,2,Jun 04 2024 00: +0,1717455600
2.927,3,Jun 04 2024 01: +0,1717459200
2.725,1,Jun 04 2024 03: +0,1717466400
2.725,2,Jun 04 2024 04: +0,1717470000
2.93,1,Jun 04 2024 05: +0,1717473600
2.946,1,Jun 04 2024 07: +0,1717480800
2.883,1,Jun 04 2024 08: +0,1717484400
2.674,2,Jun 04 2024 09: +0,1717488000
2.883,2,Jun 04 2024 10: +0,1717491600
2.883,5,Jun 04 2024 11: +0,1717495200
2.956,1,Jun 04 2024 12: +0,1717498800
2.883,4,Jun 04 2024 13: +0,1717502400
2.883,4,Jun 04 2024 14: +0,1717506000
2.915,2,Jun 04 2024 15: +0,1717509600
2.883,3,Jun 04 2024 16: +0,1717513200
2.97,1,Jun 04 2024 18: +0,1717520400
2.883,5,Jun 04 2024 19: +0,1717524000
2.725,1,Jun 04 2024 21: +0,1717531200
2.883,1,Jun 04 2024 23: +0,1717538400
2.907,2,Jun 05 2024 02: +0,1717549200
3.009,1,Jun 05 2024 06: +0,1717563600
2.883,2,Jun 05 2024 07: +0,1717567200
2.828,3,Jun 05 2024 10: +0,1717578000
2.9,2,Jun 05 2024 11: +0,1717581600
2.757,2,Jun 05 2024 12: +0,1717585200
2.883,3,Jun 05 2024 13: +0,1717588800
2.93,2,Jun 05 2024 14: +0,1717592400
2.652,2,Jun 05 2024 15: +0,1717596000
2.911,2,Jun 05 2024 16: +0,1717599600
2.96,1,Jun 05 2024 17: +0,1717603200
2.654,1,Jun 05 2024 18: +0,1717606800
2.832,2,Jun 05 2024 20: +0,1717614000
2.828,2,Jun 05 2024 21: +0,1717617600
2.545,2,Jun 05 2024 22: +0,1717621200
2.832,3,Jun 05 2024 23: +0,1717624800
2.796,1,Jun 06 2024 00: +0,1717628400
2.844,1,Jun 06 2024 01: +0,1717632000
2.851,3,Jun 06 2024 02: +0,1717635600
2.883,3,Jun 06 2024 07: +0,1717653600
2.709,2,Jun 06 2024 08: +0,1717657200
2.824,2,Jun 06 2024 09: +0,1717660800
2.593,2,Jun 06 2024 10: +0,1717664400
2.875,1,Jun 06 2024 11: +0,1717668000
2.925,5,Jun 06 2024 12: +0,1717671600
2.896,2,Jun 06 2024 14: +0,1717678800
2.78,1,Jun 06 2024 15: +0,1717682400
2.867,1,Jun 06 2024 16: +0,1717686000
2.828,1,Jun 06 2024 17: +0,1717689600
2.942,2,Jun 06 2024 18: +0,1717693200
2.544,1,Jun 06 2024 19: +0,1717696800
2.774,2,Jun 06 2024 20: +0,1717700400
2.872,2,Jun 06 2024 22: +0,1717707600
2.784,2,Jun 06 2024 23: +0,1717711200
2.686,1,Jun 07 2024 00: +0,1717714800
2.875,1,Jun 07 2024 04: +0,1717729200
2.871,2,Jun 07 2024 05: +0,1717732800
2.954,1,Jun 07 2024 06: +0,1717736400
2.875,1,Jun 07 2024 11: +0,1717754400
2.859,1,Jun 07 2024 12: +0,1717758000
2.97,1,Jun 07 2024 15: +0,1717768800
2.757,1,Jun 07 2024 16: +0,1717772400
2.725,1,Jun 07 2024 17: +0,1717776000
2.583,1,Jun 07 2024 18: +0,1717779600
2.765,1,Jun 07 2024 19: +0,1717783200
2.658,2,Jun 07 2024 20: +0,1717786800
2.827,2,Jun 07 2024 21: +0,1717790400
2.498,1,Jun 07 2024 23: +0,1717797600
2.788,1,Jun 08 2024 00: +0,1717801200
2.757,1,Jun 08 2024 02: +0,1717808400
2.796,1,Jun 08 2024 03: +0,1717812000
2.796,3,Jun 08 2024 04: +0,1717815600
2.8,2,Jun 08 2024 05: +0,1717819200
2.567,1,Jun 08 2024 06: +0,1717822800
2.788,10,Jun 08 2024 07: +0,1717826400
2.788,6,Jun 08 2024 08: +0,1717830000
2.788,3,Jun 08 2024 09: +0,1717833600
2.788,3,Jun 08 2024 10: +0,1717837200
2.765,5,Jun 08 2024 11: +0,1717840800
2.753,2,Jun 08 2024 12: +0,1717844400
2.611,2,Jun 08 2024 13: +0,1717848000
2.749,1,Jun 08 2024 15: +0,1717855200
2.587,4,Jun 08 2024 16: +0,1717858800
2.591,2,Jun 08 2024 17: +0,1717862400
2.812,1,Jun 08 2024 19: +0,1717869600
2.796,3,Jun 08 2024 20: +0,1717873200
2.701,1,Jun 09 2024 00: +0,1717887600
2.654,2,Jun 09 2024 02: +0,1717894800
2.615,3,Jun 09 2024 04: +0,1717902000
2.701,3,Jun 09 2024 05: +0,1717905600
2.725,1,Jun 09 2024 06: +0,1717909200
2.701,5,Jun 09 2024 07: +0,1717912800
2.496,1,Jun 09 2024 08: +0,1717916400
2.638,1,Jun 09 2024 09: +0,1717920000
2.646,1,Jun 09 2024 11: +0,1717927200
2.579,2,Jun 09 2024 12: +0,1717930800
2.67,2,Jun 09 2024 13: +0,1717934400
2.504,1,Jun 09 2024 14: +0,1717938000
2.725,2,Jun 09 2024 15: +0,1717941600
2.654,2,Jun 09 2024 16: +0,1717945200
2.496,3,Jun 09 2024 17: +0,1717948800
2.486,2,Jun 09 2024 18: +0,1717952400
2.749,1,Jun 09 2024 19: +0,1717956000
2.729,2,Jun 09 2024 21: +0,1717963200
2.701,3,Jun 09 2024 22: +0,1717966800
2.701,1,Jun 10 2024 01: +0,1717977600
2.724,1,Jun 10 2024 02: +0,1717981200
2.756,1,Jun 10 2024 03: +0,1717984800
2.759,9,Jun 10 2024 05: +0,1717992000
2.717,2,Jun 10 2024 10: +0,1718010000
2.5,2,Jun 10 2024 13: +0,1718020800
2.749,3,Jun 10 2024 14: +0,1718024400
2.733,1,Jun 10 2024 17: +0,1718035200
2.52,1,Jun 10 2024 18: +0,1718038800
2.638,2,Jun 10 2024 19: +0,1718042400
2.559,1,Jun 10 2024 20: +0,1718046000
2.733,7,Jun 11 2024 01: +0,1718064000
2.754,5,Jun 11 2024 06: +0,1718082000
2.871,1,Jun 11 2024 08: +0,1718089200
2.867,1,Jun 11 2024 11: +0,1718100000
2.892,2,Jun 11 2024 12: +0,1718103600
2.599,1,Jun 11 2024 13: +0,1718107200
2.607,1,Jun 11 2024 14: +0,1718110800
2.574,2,Jun 11 2024 15: +0,1718114400
2.734,2,Jun 11 2024 16: +0,1718118000
2.63,3,Jun 11 2024 17: +0,1718121600
2.639,2,Jun 11 2024 18: +0,1718125200
2.646,1,Jun 11 2024 22: +0,1718139600
2.67,1,Jun 11 2024 23: +0,1718143200
2.67,2,Jun 12 2024 01: +0,1718150400
2.755,1,Jun 12 2024 02: +0,1718154000
2.749,1,Jun 12 2024 05: +0,1718164800
2.725,1,Jun 12 2024 06: +0,1718168400
2.757,1,Jun 12 2024 07: +0,1718172000
2.757,1,Jun 12 2024 11: +0,1718186400
2.63,3,Jun 12 2024 12: +0,1718190000
2.646,2,Jun 12 2024 13: +0,1718193600
2.496,1,Jun 12 2024 14: +0,1718197200
2.63,1,Jun 12 2024 16: +0,1718204400
2.523,2,Jun 12 2024 17: +0,1718208000
2.686,4,Jun 12 2024 18: +0,1718211600
2.609,2,Jun 12 2024 19: +0,1718215200
2.643,1,Jun 12 2024 22: +0,1718226000
2.69,4,Jun 13 2024 01: +0,1718236800
2.638,1,Jun 13 2024 04: +0,1718247600
2.941,3,Jun 13 2024 05: +0,1718251200
2.614,4,Jun 13 2024 07: +0,1718258400
2.652,3,Jun 13 2024 08: +0,1718262000
2.621,2,Jun 13 2024 10: +0,1718269200
2.67,2,Jun 13 2024 13: +0,1718280000
2.539,4,Jun 13 2024 14: +0,1718283600
2.684,4,Jun 13 2024 18: +0,1718298000
2.757,1,Jun 13 2024 20: +0,1718305200
2.963,1,Jun 13 2024 21: +0,1718308800
2.583,4,Jun 14 2024 00: +0,1718319600
2.728,2,Jun 14 2024 02: +0,1718326800
2.381,2,Jun 14 2024 03: +0,1718330400
2.358,2,Jun 14 2024 04: +0,1718334000
2.721,3,Jun 14 2024 06: +0,1718341200
2.488,1,Jun 14 2024 07: +0,1718344800
2.393,2,Jun 14 2024 08: +0,1718348400
2.875,1,Jun 14 2024 12: +0,1718362800
2.808,2,Jun 14 2024 13: +0,1718366400
2.497,5,Jun 14 2024 15: +0,1718373600
2.671,2,Jun 14 2024 16: +0,1718377200
2.646,2,Jun 14 2024 17: +0,1718380800
2.52,1,Jun 14 2024 18: +0,1718384400
2.516,2,Jun 14 2024 21: +0,1718395200
2.512,3,Jun 14 2024 22: +0,1718398800
2.528,1,Jun 14 2024 23: +0,1718402400
2.464,1,Jun 15 2024 00: +0,1718406000
2.496,1,Jun 15 2024 03: +0,1718416800
2.423,1,Jun 15 2024 05: +0,1718424000
2.488,1,Jun 15 2024 06: +0,1718427600
2.675,2,Jun 15 2024 07: +0,1718431200
3.0,1,Jun 15 2024 09: +0,1718438400
2.37,1,Jun 15 2024 14: +0,1718456400
2.713,2,Jun 15 2024 15: +0,1718460000
2.286,2,Jun 15 2024 16: +0,1718463600
2.686,2,Jun 15 2024 17: +0,1718467200
