price,quantity,date,unix timestamp
0.997,325,Nov 19 2019 01: +0,1574125200
1.023,242,Nov 20 2019 01: +0,1574211600
1.086,188,Nov 21 2019 01: +0,1574298000
1.14,183,Nov 22 2019 01: +0,1574384400
1.311,168,Nov 23 2019 01: +0,1574470800
1.419,150,Nov 24 2019 01: +0,1574557200
1.333,109,Nov 25 2019 01: +0,1574643600
1.408,196,Nov 26 2019 01: +0,1574730000
0.829,763,Nov 27 2019 01: +0,1574816400
0.803,362,Nov 28 2019 01: +0,1574902800
1.002,271,Nov 29 2019 01: +0,1574989200
0.947,268,Nov 30 2019 01: +0,1575075600
1.056,217,Dec 01 2019 01: +0,1575162000
1.074,186,Dec 02 2019 01: +0,1575248400
1.149,205,Dec 03 2019 01: +0,1575334800
1.315,170,Dec 04 2019 01: +0,1575421200
1.232,160,Dec 05 2019 01: +0,1575507600
1.241,159,Dec 06 2019 01: +0,1575594000
1.342,150,Dec 07 2019 01: +0,1575680400
1.314,156,Dec 08 2019 01: +0,1575766800
1.45,95,Dec 09 2019 01: +0,1575853200
1.475,95,Dec 10 2019 01: +0,1575939600
1.278,110,Dec 11 2019 01: +0,1576026000
1.269,95,Dec 12 2019 01: +0,1576112400
1.218,99,Dec 13 2019 01: +0,1576198800
1.287,150,Dec 14 2019 01: +0,1576285200
1.274,100,Dec 15 2019 01: +0,1576371600
1.213,82,Dec 16 2019 01: +0,1576458000
1.164,117,Dec 17 2019 01: +0,1576544400
1.236,104,Dec 18 2019 01: +0,1576630800
1.302,133,Dec 19 2019 01: +0,1576717200
1.315,174,Dec 20 2019 01: +0,1576803600
1.389,120,Dec 21 2019 01: +0,1576890000
1.277,82,Dec 22 2019 01: +0,1576976400
1.307,105,Dec 23 2019 01: +0,1577062800
1.512,139,Dec 24 2019 01: +0,1577149200
1.474,91,Dec 25 2019 01: +0,1577235600
1.5,117,Dec 26 2019 01: +0,1577322000
1.561,113,Dec 27 2019 01: +0,1577408400
1.641,88,Dec 28 2019 01: +0,1577494800
1.772,92,Dec 29 2019 01: +0,1577581200
1.564,63,Dec 30 2019 01: +0,1577667600
1.542,74,Dec 31 2019 01: +0,1577754000
1.623,71,Jan 01 2020 01: +0,1577840400
1.571,94,Jan 02 2020 01: +0,1577926800
1.666,131,Jan 03 2020 01: +0,1578013200
1.734,96,Jan 04 2020 01: +0,1578099600
1.702,77,Jan 05 2020 01: +0,1578186000
1.811,92,Jan 06 2020 01: +0,1578272400
1.8,84,Jan 07 2020 01: +0,1578358800
1.754,101,Jan 08 2020 01: +0,1578445200
1.832,87,Jan 09 2020 01: +0,1578531600
1.907,92,Jan 10 2020 01: +0,1578618000
2.104,90,Jan 11 2020 01: +0,1578704400
1.904,68,Jan 12 2020 01: +0,1578790800
2.019,48,Jan 13 2020 01: +0,1578877200
2.011,83,Jan 14 2020 01: +0,1578963600
1.806,381,Jan 15 2020 01: +0,1579050000
1.705,293,Jan 16 2020 01: +0,1579136400
1.789,205,Jan 17 2020 01: +0,1579222800
1.837,229,Jan 18 2020 01: +0,1579309200
1.867,169,Jan 19 2020 01: +0,1579395600
1.923,126,Jan 20 2020 01: +0,1579482000
1.896,150,Jan 21 2020 01: +0,1579568400
1.882,157,Jan 22 2020 01: +0,1579654800
1.959,180,Jan 23 2020 01: +0,1579741200
1.891,161,Jan 24 2020 01: +0,1579827600
1.791,127,Jan 25 2020 01: +0,1579914000
1.71,144,Jan 26 2020 01: +0,1580000400
1.692,93,Jan 27 2020 01: +0,1580086800
2.461,100,Jan 28 2020 01: +0,1580173200
1.867,135,Jan 29 2020 01: +0,1580259600
2.103,92,Jan 30 2020 01: +0,1580346000
2.187,139,Jan 31 2020 01: +0,1580432400
2.047,122,Feb 01 2020 01: +0,1580518800
2.266,136,Feb 02 2020 01: +0,1580605200
2.858,223,Feb 03 2020 01: +0,1580691600
4.537,305,Feb 04 2020 01: +0,1580778000
4.187,147,Feb 05 2020 01: +0,1580864400
3.711,138,Feb 06 2020 01: +0,1580950800
3.017,194,Feb 07 2020 01: +0,1581037200
2.739,216,Feb 08 2020 01: +0,1581123600
2.697,194,Feb 09 2020 01: +0,1581210000
2.684,156,Feb 10 2020 01: +0,1581296400
2.568,129,Feb 11 2020 01: +0,1581382800
2.487,173,Feb 12 2020 01: +0,1581469200
2.471,178,Feb 13 2020 01: +0,1581555600
2.555,155,Feb 14 2020 01: +0,1581642000
2.605,211,Feb 15 2020 01: +0,1581728400
2.486,163,Feb 16 2020 01: +0,1581814800
2.526,133,Feb 17 2020 01: +0,1581901200
2.482,147,Feb 18 2020 01: +0,1581987600
2.433,170,Feb 19 2020 01: +0,1582074000
2.502,180,Feb 20 2020 01: +0,1582160400
2.673,214,Feb 21 2020 01: +0,1582246800
3.179,207,Feb 22 2020 01: +0,1582333200
3.656,187,Feb 23 2020 01: +0,1582419600
4.251,190,Feb 24 2020 01: +0,1582506000
4.01,297,Feb 25 2020 01: +0,1582592400
3.353,604,Feb 26 2020 01: +0,1582678800
3.468,412,Feb 27 2020 01: +0,1582765200
3.983,395,Feb 28 2020 01: +0,1582851600
4.347,382,Feb 29 2020 01: +0,1582938000
4.197,331,Mar 01 2020 01: +0,1583024400
4.136,331,Mar 02 2020 01: +0,1583110800
3.985,262,Mar 03 2020 01: +0,1583197200
3.704,371,Mar 04 2020 01: +0,1583283600
3.244,330,Mar 05 2020 01: +0,1583370000
3.118,318,Mar 06 2020 01: +0,1583456400
3.092,303,Mar 07 2020 01: +0,1583542800
3.014,282,Mar 08 2020 01: +0,1583629200
2.99,243,Mar 09 2020 01: +0,1583715600
3.119,204,Mar 10 2020 01: +0,1583802000
3.087,174,Mar 11 2020 01: +0,1583888400
3.153,248,Mar 12 2020 01: +0,1583974800
3.15,252,Mar 13 2020 01: +0,1584061200
2.913,204,Mar 14 2020 01: +0,1584147600
2.903,240,Mar 15 2020 01: +0,1584234000
2.905,211,Mar 16 2020 01: +0,1584320400
2.925,239,Mar 17 2020 01: +0,1584406800
2.846,196,Mar 18 2020 01: +0,1584493200
2.93,213,Mar 19 2020 01: +0,1584579600
2.943,238,Mar 20 2020 01: +0,1584666000
3.046,193,Mar 21 2020 01: +0,1584752400
3.058,229,Mar 22 2020 01: +0,1584838800
2.897,192,Mar 23 2020 01: +0,1584925200
2.972,158,Mar 24 2020 01: +0,1585011600
2.948,200,Mar 25 2020 01: +0,1585098000
3.194,207,Mar 26 2020 01: +0,1585184400
3.131,216,Mar 27 2020 01: +0,1585270800
3.182,175,Mar 28 2020 01: +0,1585357200
3.136,101,Mar 29 2020 01: +0,1585443600
3.118,150,Mar 30 2020 01: +0,1585526400
2.982,320,Mar 31 2020 01: +0,1585612800
2.89,258,Apr 01 2020 01: +0,1585699200
2.858,189,Apr 02 2020 01: +0,1585785600
2.798,187,Apr 03 2020 01: +0,1585872000
2.945,183,Apr 04 2020 01: +0,1585958400
2.934,163,Apr 05 2020 01: +0,1586044800
2.8,138,Apr 06 2020 01: +0,1586131200
2.779,140,Apr 07 2020 01: +0,1586217600
2.868,131,Apr 08 2020 01: +0,1586304000
2.791,121,Apr 09 2020 01: +0,1586390400
2.662,125,Apr 10 2020 01: +0,1586476800
2.66,118,Apr 11 2020 01: +0,1586563200
2.614,113,Apr 12 2020 01: +0,1586649600
2.584,106,Apr 13 2020 01: +0,1586736000
2.536,142,Apr 14 2020 01: +0,1586822400
2.549,104,Apr 15 2020 01: +0,1586908800
2.641,112,Apr 16 2020 01: +0,1586995200
2.761,136,Apr 17 2020 01: +0,1587081600
2.82,120,Apr 18 2020 01: +0,1587168000
2.883,134,Apr 19 2020 01: +0,1587254400
2.812,89,Apr 20 2020 01: +0,1587340800
2.832,82,Apr 21 2020 01: +0,1587427200
2.764,91,Apr 22 2020 01: +0,1587513600
2.807,106,Apr 23 2020 01: +0,1587600000
2.739,85,Apr 24 2020 01: +0,1587686400
2.747,79,Apr 25 2020 01: +0,1587772800
2.836,111,Apr 26 2020 01: +0,1587859200
2.886,80,Apr 27 2020 01: +0,1587945600
2.817,87,Apr 28 2020 01: +0,1588032000
2.895,96,Apr 29 2020 01: +0,1588118400
3.036,125,Apr 30 2020 01: +0,1588204800
3.129,75,May 01 2020 01: +0,1588291200
3.158,118,May 02 2020 01: +0,1588377600
3.223,78,May 03 2020 01: +0,1588464000
3.202,81,May 04 2020 01: +0,1588550400
3.218,52,May 05 2020 01: +0,1588636800
3.386,65,May 06 2020 01: +0,1588723200
3.37,56,May 07 2020 01: +0,1588809600
3.366,77,May 08 2020 01: +0,1588896000
3.588,96,May 09 2020 01: +0,1588982400
3.427,93,May 10 2020 01: +0,1589068800
3.681,47,May 11 2020 01: +0,1589155200
3.398,70,May 12 2020 01: +0,1589241600
3.416,50,May 13 2020 01: +0,1589328000
3.598,79,May 14 2020 01: +0,1589414400
3.544,59,May 15 2020 01: +0,1589500800
3.716,64,May 16 2020 01: +0,1589587200
3.995,172,May 17 2020 01: +0,1589673600
3.901,93,May 18 2020 01: +0,1589760000
4.071,62,May 19 2020 01: +0,1589846400
3.848,54,May 20 2020 01: +0,1589932800
4.175,103,May 21 2020 01: +0,1590019200
4.072,50,May 22 2020 01: +0,1590105600
4.158,49,May 23 2020 01: +0,1590192000
3.981,58,May 24 2020 01: +0,1590278400
3.869,61,May 25 2020 01: +0,1590364800
3.63,54,May 26 2020 01: +0,1590451200
3.611,34,May 27 2020 01: +0,1590537600
3.561,60,May 28 2020 01: +0,1590624000
3.805,60,May 29 2020 01: +0,1590710400
4.024,78,May 30 2020 01: +0,1590796800
4.028,62,May 31 2020 01: +0,1590883200
4.09,44,Jun 01 2020 01: +0,1590969600
4.252,51,Jun 02 2020 01: +0,1591056000
3.969,31,Jun 03 2020 01: +0,1591142400
4.686,47,Jun 04 2020 01: +0,1591228800
4.126,48,Jun 05 2020 01: +0,1591315200
4.148,81,Jun 06 2020 01: +0,1591401600
3.886,31,Jun 07 2020 01: +0,1591488000
4.035,30,Jun 08 2020 01: +0,1591574400
4.049,16,Jun 09 2020 01: +0,1591660800
3.842,61,Jun 10 2020 01: +0,1591747200
3.95,94,Jun 11 2020 01: +0,1591833600
3.885,38,Jun 12 2020 01: +0,1591920000
4.019,44,Jun 13 2020 01: +0,1592006400
3.907,44,Jun 14 2020 01: +0,1592092800
3.745,23,Jun 15 2020 01: +0,1592179200
3.71,28,Jun 16 2020 01: +0,1592265600
4.14,39,Jun 17 2020 01: +0,1592352000
3.934,64,Jun 18 2020 01: +0,1592438400
3.784,38,Jun 19 2020 01: +0,1592524800
3.98,34,Jun 20 2020 01: +0,1592611200
4.14,48,Jun 21 2020 01: +0,1592697600
4.023,25,Jun 22 2020 01: +0,1592784000
3.753,45,Jun 23 2020 01: +0,1592870400
3.725,48,Jun 24 2020 01: +0,1592956800
3.531,44,Jun 25 2020 01: +0,1593043200
3.597,60,Jun 26 2020 01: +0,1593129600
3.456,36,Jun 27 2020 01: +0,1593216000
3.591,49,Jun 28 2020 01: +0,1593302400
3.596,35,Jun 29 2020 01: +0,1593388800
3.785,41,Jun 30 2020 01: +0,1593475200
4.019,45,Jul 01 2020 01: +0,1593561600
3.764,27,Jul 02 2020 01: +0,1593648000
3.873,53,Jul 03 2020 01: +0,1593734400
3.738,36,Jul 04 2020 01: +0,1593820800
3.64,35,Jul 05 2020 01: +0,1593907200
3.67,22,Jul 06 2020 01: +0,1593993600
3.757,25,Jul 07 2020 01: +0,1594080000
3.79,24,Jul 08 2020 01: +0,1594166400
3.725,29,Jul 09 2020 01: +0,1594252800
3.975,41,Jul 10 2020 01: +0,1594339200
4.0,23,Jul 11 2020 01: +0,1594425600
3.956,35,Jul 12 2020 01: +0,1594512000
4.239,21,Jul 13 2020 01: +0,1594598400
4.131,38,Jul 14 2020 01: +0,1594684800
4.2,30,Jul 15 2020 01: +0,1594771200
4.897,24,Jul 16 2020 01: +0,1594857600
4.276,20,Jul 17 2020 01: +0,1594944000
4.389,37,Jul 18 2020 01: +0,1595030400
4.529,35,Jul 19 2020 01: +0,1595116800
4.484,42,Jul 20 2020 01: +0,1595203200
4.416,36,Jul 21 2020 01: +0,1595289600
4.553,40,Jul 22 2020 01: +0,1595376000
4.445,36,Jul 23 2020 01: +0,1595462400
4.621,20,Jul 24 2020 01: +0,1595548800
4.725,23,Jul 25 2020 01: +0,1595635200
4.932,32,Jul 26 2020 01: +0,1595721600
4.818,41,Jul 27 2020 01: +0,1595808000
5.085,46,Jul 28 2020 01: +0,1595894400
5.143,76,Jul 29 2020 01: +0,1595980800
5.037,61,Jul 30 2020 01: +0,1596067200
5.088,49,Jul 31 2020 01: +0,1596153600
4.836,18,Aug 01 2020 01: +0,1596240000
4.966,35,Aug 02 2020 01: +0,1596326400
5.152,41,Aug 03 2020 01: +0,1596412800
5.125,37,Aug 04 2020 01: +0,1596499200
5.158,41,Aug 05 2020 01: +0,1596585600
5.387,37,Aug 06 2020 01: +0,1596672000
5.285,47,Aug 07 2020 01: +0,1596758400
4.851,27,Aug 08 2020 01: +0,1596844800
4.72,27,Aug 09 2020 01: +0,1596931200
4.526,39,Aug 10 2020 01: +0,1597017600
4.658,38,Aug 11 2020 01: +0,1597104000
4.625,54,Aug 12 2020 01: +0,1597190400
4.58,38,Aug 13 2020 01: +0,1597276800
4.36,27,Aug 14 2020 01: +0,1597363200
4.38,33,Aug 15 2020 01: +0,1597449600
4.257,36,Aug 16 2020 01: +0,1597536000
6.354,36,Aug 17 2020 01: +0,1597622400
4.265,40,Aug 18 2020 01: +0,1597708800
4.261,34,Aug 19 2020 01: +0,1597795200
4.244,56,Aug 20 2020 01: +0,1597881600
4.343,24,Aug 21 2020 01: +0,1597968000
4.331,44,Aug 22 2020 01: +0,1598054400
4.358,41,Aug 23 2020 01: +0,1598140800
4.264,34,Aug 24 2020 01: +0,1598227200
4.131,35,Aug 25 2020 01: +0,1598313600
4.204,39,Aug 26 2020 01: +0,1598400000
4.131,32,Aug 27 2020 01: +0,1598486400
4.096,33,Aug 28 2020 01: +0,1598572800
4.302,29,Aug 29 2020 01: +0,1598659200
4.054,33,Aug 30 2020 01: +0,1598745600
3.98,22,Aug 31 2020 01: +0,1598832000
4.011,29,Sep 01 2020 01: +0,1598918400
4.083,20,Sep 02 2020 01: +0,1599004800
6.922,27,Sep 03 2020 01: +0,1599091200
4.112,49,Sep 04 2020 01: +0,1599177600
4.187,41,Sep 05 2020 01: +0,1599264000
4.325,17,Sep 06 2020 01: +0,1599350400
4.067,21,Sep 07 2020 01: +0,1599436800
4.129,29,Sep 08 2020 01: +0,1599523200
4.04,19,Sep 09 2020 01: +0,1599609600
4.315,63,Sep 10 2020 01: +0,1599696000
4.142,23,Sep 11 2020 01: +0,1599782400
4.152,27,Sep 12 2020 01: +0,1599868800
4.115,31,Sep 13 2020 01: +0,1599955200
4.117,30,Sep 14 2020 01: +0,1600041600
4.177,27,Sep 15 2020 01: +0,1600128000
4.29,30,Sep 16 2020 01: +0,1600214400
4.219,35,Sep 17 2020 01: +0,1600300800
4.221,40,Sep 18 2020 01: +0,1600387200
4.247,55,Sep 19 2020 01: +0,1600473600
4.3,39,Sep 20 2020 01: +0,1600560000
4.318,32,Sep 21 2020 01: +0,1600646400
4.441,48,Sep 22 2020 01: +0,1600732800
4.631,36,Sep 23 2020 01: +0,1600819200
4.515,46,Sep 24 2020 01: +0,1600905600
4.566,43,Sep 25 2020 01: +0,1600992000
4.695,30,Sep 26 2020 01: +0,1601078400
4.651,43,Sep 27 2020 01: +0,1601164800
4.613,30,Sep 28 2020 01: +0,1601251200
4.568,23,Sep 29 2020 01: +0,1601337600
4.537,33,Sep 30 2020 01: +0,1601424000
4.756,40,Oct 01 2020 01: +0,1601510400
4.665,30,Oct 02 2020 01: +0,1601596800
4.698,29,Oct 03 2020 01: +0,1601683200
4.603,33,Oct 04 2020 01: +0,1601769600
4.533,37,Oct 05 2020 01: +0,1601856000
4.364,55,Oct 06 2020 01: +0,1601942400
4.68,49,Oct 07 2020 01: +0,1602028800
4.614,41,Oct 08 2020 01: +0,1602115200
4.505,29,Oct 09 2020 01: +0,1602201600
4.688,66,Oct 10 2020 01: +0,1602288000
4.659,40,Oct 11 2020 01: +0,1602374400
4.803,34,Oct 12 2020 01: +0,1602460800
4.821,42,Oct 13 2020 01: +0,1602547200
4.731,20,Oct 14 2020 01: +0,1602633600
4.9,29,Oct 15 2020 01: +0,1602720000
5.463,14,Oct 16 2020 01: +0,1602806400
4.86,28,Oct 17 2020 01: +0,1602892800
4.925,27,Oct 18 2020 01: +0,1602979200
4.774,15,Oct 19 2020 01: +0,1603065600
4.683,11,Oct 20 2020 01: +0,1603152000
4.799,12,Oct 21 2020 01: +0,1603238400
4.732,26,Oct 22 2020 01: +0,1603324800
4.814,25,Oct 23 2020 01: +0,1603411200
4.706,20,Oct 24 2020 01: +0,1603497600
4.728,41,Oct 25 2020 01: +0,1603584000
4.685,29,Oct 26 2020 01: +0,1603674000
4.514,30,Oct 27 2020 01: +0,1603760400
4.581,18,Oct 28 2020 01: +0,1603846800
4.71,24,Oct 29 2020 01: +0,1603933200
4.785,42,Oct 30 2020 01: +0,1604019600
4.819,37,Oct 31 2020 01: +0,1604106000
5.051,20,Nov 01 2020 01: +0,1604192400
4.88,20,Nov 02 2020 01: +0,1604278800
4.852,37,Nov 03 2020 01: +0,1604365200
4.954,35,Nov 04 2020 01: +0,1604451600
4.972,35,Nov 05 2020 01: +0,1604538000
5.01,25,Nov 06 2020 01: +0,1604624400
4.594,40,Nov 07 2020 01: +0,1604710800
4.552,41,Nov 08 2020 01: +0,1604797200
4.661,28,Nov 09 2020 01: +0,1604883600
4.745,29,Nov 10 2020 01: +0,1604970000
4.833,30,Nov 11 2020 01: +0,1605056400
4.978,31,Nov 12 2020 01: +0,1605142800
4.929,40,Nov 13 2020 01: +0,1605229200
4.936,45,Nov 14 2020 01: +0,1605315600
5.267,36,Nov 15 2020 01: +0,1605402000
4.778,31,Nov 16 2020 01: +0,1605488400
4.847,22,Nov 17 2020 01: +0,1605574800
4.841,39,Nov 18 2020 01: +0,1605661200
4.95,49,Nov 19 2020 01: +0,1605747600
5.051,32,Nov 20 2020 01: +0,1605834000
4.988,22,Nov 21 2020 01: +0,1605920400
5.046,31,Nov 22 2020 01: +0,1606006800
5.058,71,Nov 23 2020 01: +0,1606093200
4.776,18,Nov 24 2020 01: +0,1606179600
4.673,26,Nov 25 2020 01: +0,1606266000
4.723,29,Nov 26 2020 01: +0,1606352400
4.83,32,Nov 27 2020 01: +0,1606438800
4.241,31,Nov 28 2020 01: +0,1606525200
4.422,32,Nov 29 2020 01: +0,1606611600
4.419,25,Nov 30 2020 01: +0,1606698000
4.486,30,Dec 01 2020 01: +0,1606784400
4.494,24,Dec 02 2020 01: +0,1606870800
4.634,69,Dec 03 2020 01: +0,1606957200
3.868,174,Dec 04 2020 01: +0,1607043600
4.039,48,Dec 05 2020 01: +0,1607130000
3.874,45,Dec 06 2020 01: +0,1607216400
4.04,32,Dec 07 2020 01: +0,1607302800
3.826,29,Dec 08 2020 01: +0,1607389200
3.988,28,Dec 09 2020 01: +0,1607475600
3.655,29,Dec 10 2020 01: +0,1607562000
3.818,45,Dec 11 2020 01: +0,1607648400
3.596,38,Dec 12 2020 01: +0,1607734800
3.737,23,Dec 13 2020 01: +0,1607821200
3.823,28,Dec 14 2020 01: +0,1607907600
3.927,30,Dec 15 2020 01: +0,1607994000
3.617,27,Dec 16 2020 01: +0,1608080400
3.948,41,Dec 17 2020 01: +0,1608166800
3.906,31,Dec 18 2020 01: +0,1608253200
4.01,36,Dec 19 2020 01: +0,1608339600
3.871,45,Dec 20 2020 01: +0,1608426000
3.93,37,Dec 21 2020 01: +0,1608512400
4.005,30,Dec 22 2020 01: +0,1608598800
4.009,49,Dec 23 2020 01: +0,1608685200
3.971,41,Dec 24 2020 01: +0,1608771600
4.173,61,Dec 25 2020 01: +0,1608858000
4.308,20,Dec 26 2020 01: +0,1608944400
4.295,25,Dec 27 2020 01: +0,1609030800
4.439,47,Dec 28 2020 01: +0,1609117200
4.754,28,Dec 29 2020 01: +0,1609203600
4.755,24,Dec 30 2020 01: +0,1609290000
5.151,104,Dec 31 2020 01: +0,1609376400
5.374,34,Jan 01 2021 01: +0,1609462800
5.705,44,Jan 02 2021 01: +0,1609549200
6.075,21,Jan 03 2021 01: +0,1609635600
5.969,33,Jan 04 2021 01: +0,1609722000
6.06,33,Jan 05 2021 01: +0,1609808400
6.296,27,Jan 06 2021 01: +0,1609894800
6.118,27,Jan 07 2021 01: +0,1609981200
5.957,38,Jan 08 2021 01: +0,1610067600
5.663,24,Jan 09 2021 01: +0,1610154000
5.785,27,Jan 10 2021 01: +0,1610240400
5.856,19,Jan 11 2021 01: +0,1610326800
6.007,16,Jan 12 2021 01: +0,1610413200
5.683,16,Jan 13 2021 01: +0,1610499600
6.144,22,Jan 14 2021 01: +0,1610586000
5.939,19,Jan 15 2021 01: +0,1610672400
6.153,16,Jan 16 2021 01: +0,1610758800
5.793,17,Jan 17 2021 01: +0,1610845200
5.813,20,Jan 18 2021 01: +0,1610931600
5.906,12,Jan 19 2021 01: +0,1611018000
5.819,14,Jan 20 2021 01: +0,1611104400
5.897,23,Jan 21 2021 01: +0,1611190800
6.257,19,Jan 22 2021 01: +0,1611277200
5.925,17,Jan 23 2021 01: +0,1611363600
5.759,15,Jan 24 2021 01: +0,1611450000
5.855,27,Jan 25 2021 01: +0,1611536400
5.733,16,Jan 26 2021 01: +0,1611622800
6.013,17,Jan 27 2021 01: +0,1611709200
5.344,44,Jan 28 2021 01: +0,1611795600
5.187,18,Jan 29 2021 01: +0,1611882000
5.396,23,Jan 30 2021 01: +0,1611968400
5.357,13,Jan 31 2021 01: +0,1612054800
5.197,21,Feb 01 2021 01: +0,1612141200
5.838,27,Feb 02 2021 01: +0,1612227600
5.493,14,Feb 03 2021 01: +0,1612314000
5.37,21,Feb 04 2021 01: +0,1612400400
5.819,26,Feb 05 2021 01: +0,1612486800
5.913,27,Feb 06 2021 01: +0,1612573200
5.749,19,Feb 07 2021 01: +0,1612659600
6.055,7,Feb 08 2021 01: +0,1612746000
5.826,19,Feb 09 2021 01: +0,1612832400
5.774,11,Feb 10 2021 01: +0,1612918800
5.654,22,Feb 11 2021 01: +0,1613005200
5.557,22,Feb 12 2021 01: +0,1613091600
5.785,22,Feb 13 2021 01: +0,1613178000
5.701,24,Feb 14 2021 01: +0,1613264400
5.549,14,Feb 15 2021 01: +0,1613350800
5.331,27,Feb 16 2021 01: +0,1613437200
5.493,21,Feb 17 2021 01: +0,1613523600
5.614,14,Feb 18 2021 01: +0,1613610000
5.675,17,Feb 19 2021 01: +0,1613696400
5.547,22,Feb 20 2021 01: +0,1613782800
5.431,18,Feb 21 2021 01: +0,1613869200
5.823,16,Feb 22 2021 01: +0,1613955600
5.693,12,Feb 23 2021 01: +0,1614042000
5.589,20,Feb 24 2021 01: +0,1614128400
5.68,7,Feb 25 2021 01: +0,1614214800
5.597,23,Feb 26 2021 01: +0,1614301200
5.813,19,Feb 27 2021 01: +0,1614387600
5.363,16,Feb 28 2021 01: +0,1614474000
5.687,21,Mar 01 2021 01: +0,1614560400
5.712,16,Mar 02 2021 01: +0,1614646800
5.557,14,Mar 03 2021 01: +0,1614733200
5.767,12,Mar 04 2021 01: +0,1614819600
5.74,15,Mar 05 2021 01: +0,1614906000
5.816,17,Mar 06 2021 01: +0,1614992400
5.65,21,Mar 07 2021 01: +0,1615078800
6.032,15,Mar 08 2021 01: +0,1615165200
5.838,23,Mar 09 2021 01: +0,1615251600
5.884,8,Mar 10 2021 01: +0,1615338000
5.997,15,Mar 11 2021 01: +0,1615424400
5.857,15,Mar 12 2021 01: +0,1615510800
5.97,27,Mar 13 2021 01: +0,1615597200
6.023,20,Mar 14 2021 01: +0,1615683600
6.388,16,Mar 15 2021 01: +0,1615770000
6.127,13,Mar 16 2021 01: +0,1615856400
6.182,22,Mar 17 2021 01: +0,1615942800
6.441,20,Mar 18 2021 01: +0,1616029200
6.348,25,Mar 19 2021 01: +0,1616115600
6.342,14,Mar 20 2021 01: +0,1616202000
6.378,15,Mar 21 2021 01: +0,1616288400
6.814,29,Mar 22 2021 01: +0,1616374800
8.471,52,Mar 23 2021 01: +0,1616461200
8.975,18,Mar 24 2021 01: +0,1616547600
9.079,25,Mar 25 2021 01: +0,1616634000
8.646,25,Mar 26 2021 01: +0,1616720400
8.396,19,Mar 27 2021 01: +0,1616806800
8.142,11,Mar 28 2021 01: +0,1616893200
8.022,11,Mar 29 2021 01: +0,1616976000
8.599,11,Mar 30 2021 01: +0,1617062400
8.365,13,Mar 31 2021 01: +0,1617148800
8.257,12,Apr 01 2021 01: +0,1617235200
7.911,16,Apr 02 2021 01: +0,1617321600
8.038,10,Apr 03 2021 01: +0,1617408000
7.53,6,Apr 04 2021 01: +0,1617494400
8.111,16,Apr 05 2021 01: +0,1617580800
7.996,9,Apr 06 2021 01: +0,1617667200
7.917,20,Apr 07 2021 01: +0,1617753600
7.623,18,Apr 08 2021 01: +0,1617840000
7.526,24,Apr 09 2021 01: +0,1617926400
7.629,20,Apr 10 2021 01: +0,1618012800
7.473,24,Apr 11 2021 01: +0,1618099200
7.557,25,Apr 12 2021 01: +0,1618185600
7.685,25,Apr 13 2021 01: +0,1618272000
7.823,9,Apr 14 2021 01: +0,1618358400
7.964,31,Apr 15 2021 01: +0,1618444800
8.648,27,Apr 16 2021 01: +0,1618531200
8.894,21,Apr 17 2021 01: +0,1618617600
9.203,22,Apr 18 2021 01: +0,1618704000
8.966,23,Apr 19 2021 01: +0,1618790400
8.717,38,Apr 20 2021 01: +0,1618876800
8.865,27,Apr 21 2021 01: +0,1618963200
9.013,22,Apr 22 2021 01: +0,1619049600
8.731,11,Apr 23 2021 01: +0,1619136000
8.774,18,Apr 24 2021 01: +0,1619222400
8.413,10,Apr 25 2021 01: +0,1619308800
8.371,14,Apr 26 2021 01: +0,1619395200
8.332,11,Apr 27 2021 01: +0,1619481600
9.104,8,Apr 28 2021 01: +0,1619568000
9.068,21,Apr 29 2021 01: +0,1619654400
8.88,33,Apr 30 2021 01: +0,1619740800
8.767,17,May 01 2021 01: +0,1619827200
9.28,14,May 02 2021 01: +0,1619913600
9.5,19,May 03 2021 01: +0,1620000000
9.677,31,May 04 2021 01: +0,1620086400
9.607,27,May 05 2021 01: +0,1620172800
9.968,17,May 06 2021 01: +0,1620259200
9.529,21,May 07 2021 01: +0,1620345600
9.414,12,May 08 2021 01: +0,1620432000
9.122,12,May 09 2021 01: +0,1620518400
9.019,15,May 10 2021 01: +0,1620604800
9.069,11,May 11 2021 01: +0,1620691200
9.025,17,May 12 2021 01: +0,1620777600
9.475,12,May 13 2021 01: +0,1620864000
9.902,17,May 14 2021 01: +0,1620950400
9.88,7,May 15 2021 01: +0,1621036800
9.772,16,May 16 2021 01: +0,1621123200
9.681,11,May 17 2021 01: +0,1621209600
10.199,6,May 18 2021 01: +0,1621296000
10.084,19,May 19 2021 01: +0,1621382400
10.588,19,May 20 2021 01: +0,1621468800
10.749,16,May 21 2021 01: +0,1621555200
11.053,27,May 22 2021 01: +0,1621641600
12.637,15,May 23 2021 01: +0,1621728000
16.289,22,May 24 2021 01: +0,1621814400
17.715,16,May 25 2021 01: +0,1621900800
23.364,46,May 26 2021 01: +0,1621987200
26.681,59,May 27 2021 01: +0,1622073600
22.886,62,May 28 2021 01: +0,1622160000
22.084,28,May 29 2021 01: +0,1622246400
25.678,28,May 30 2021 01: +0,1622332800
23.36,17,May 31 2021 01: +0,1622419200
22.984,15,Jun 01 2021 01: +0,1622505600
25.195,40,Jun 02 2021 01: +0,1622592000
34.859,28,Jun 03 2021 01: +0,1622678400
35.172,39,Jun 04 2021 01: +0,1622764800
38.377,21,Jun 05 2021 01: +0,1622851200
34.332,32,Jun 06 2021 01: +0,1622937600
35.025,22,Jun 07 2021 01: +0,1623024000
36.244,18,Jun 08 2021 01: +0,1623110400
38.27,22,Jun 09 2021 01: +0,1623196800
39.508,27,Jun 10 2021 01: +0,1623283200
37.85,20,Jun 11 2021 01: +0,1623369600
35.98,15,Jun 12 2021 01: +0,1623456000
34.689,25,Jun 13 2021 01: +0,1623542400
35.1,22,Jun 14 2021 01: +0,1623628800
34.026,29,Jun 15 2021 01: +0,1623715200
34.756,26,Jun 16 2021 01: +0,1623801600
31.743,12,Jun 17 2021 01: +0,1623888000
32.157,20,Jun 18 2021 01: +0,1623974400
30.857,20,Jun 19 2021 01: +0,1624060800
29.859,26,Jun 20 2021 01: +0,1624147200
30.414,18,Jun 21 2021 01: +0,1624233600
30.121,29,Jun 22 2021 01: +0,1624320000
30.241,11,Jun 23 2021 01: +0,1624406400
29.078,18,Jun 24 2021 01: +0,1624492800
26.908,24,Jun 25 2021 01: +0,1624579200
26.223,18,Jun 26 2021 01: +0,1624665600
25.791,16,Jun 27 2021 01: +0,1624752000
25.503,15,Jun 28 2021 01: +0,1624838400
24.365,18,Jun 29 2021 01: +0,1624924800
22.222,32,Jun 30 2021 01: +0,1625011200
20.778,9,Jul 01 2021 01: +0,1625097600
22.135,18,Jul 02 2021 01: +0,1625184000
24.073,15,Jul 03 2021 01: +0,1625270400
21.463,17,Jul 04 2021 01: +0,1625356800
20.373,13,Jul 05 2021 01: +0,1625443200
20.055,26,Jul 06 2021 01: +0,1625529600
20.075,16,Jul 07 2021 01: +0,1625616000
18.987,11,Jul 08 2021 01: +0,1625702400
19.082,14,Jul 09 2021 01: +0,1625788800
17.564,39,Jul 10 2021 01: +0,1625875200
16.771,52,Jul 11 2021 01: +0,1625961600
18.597,7,Jul 12 2021 01: +0,1626048000
17.592,10,Jul 13 2021 01: +0,1626134400
17.819,22,Jul 14 2021 01: +0,1626220800
18.37,13,Jul 15 2021 01: +0,1626307200
19.78,11,Jul 16 2021 01: +0,1626393600
17.703,6,Jul 17 2021 01: +0,1626480000
18.647,14,Jul 18 2021 01: +0,1626566400
16.861,4,Jul 19 2021 01: +0,1626652800
18.278,15,Jul 20 2021 01: +0,1626739200
17.519,8,Jul 21 2021 01: +0,1626825600
17.386,12,Jul 22 2021 01: +0,1626912000
17.959,6,Jul 23 2021 01: +0,1626998400
18.493,6,Jul 24 2021 01: +0,1627084800
19.41,18,Jul 25 2021 01: +0,1627171200
20.1,6,Jul 26 2021 01: +0,1627257600
18.099,2,Jul 27 2021 01: +0,1627344000
18.931,5,Jul 28 2021 01: +0,1627430400
18.998,5,Jul 29 2021 01: +0,1627516800
19.144,11,Jul 30 2021 01: +0,1627603200
18.416,6,Jul 31 2021 01: +0,1627689600
18.939,7,Aug 01 2021 01: +0,1627776000
18.596,10,Aug 02 2021 01: +0,1627862400
18.905,17,Aug 03 2021 01: +0,1627948800
18.128,14,Aug 04 2021 01: +0,1628035200
18.842,14,Aug 05 2021 01: +0,1628121600
18.822,4,Aug 06 2021 01: +0,1628208000
18.703,11,Aug 07 2021 01: +0,1628294400
18.035,6,Aug 08 2021 01: +0,1628380800
18.494,7,Aug 09 2021 01: +0,1628467200
19.753,13,Aug 10 2021 01: +0,1628553600
18.428,12,Aug 11 2021 01: +0,1628640000
17.525,8,Aug 12 2021 01: +0,1628726400
16.937,3,Aug 13 2021 01: +0,1628812800
17.499,12,Aug 14 2021 01: +0,1628899200
16.548,9,Aug 15 2021 01: +0,1628985600
16.934,10,Aug 16 2021 01: +0,1629072000
16.296,8,Aug 17 2021 01: +0,1629158400
17.355,4,Aug 18 2021 01: +0,1629244800
15.742,4,Aug 19 2021 01: +0,1629331200
15.713,8,Aug 20 2021 01: +0,1629417600
15.38,8,Aug 21 2021 01: +0,1629504000
15.978,12,Aug 22 2021 01: +0,1629590400
18.036,3,Aug 23 2021 01: +0,1629676800
15.957,6,Aug 24 2021 01: +0,1629763200
15.597,9,Aug 25 2021 01: +0,1629849600
16.213,13,Aug 26 2021 01: +0,1629936000
16.566,12,Aug 27 2021 01: +0,1630022400
16.12,2,Aug 28 2021 01: +0,1630108800
16.049,9,Aug 29 2021 01: +0,1630195200
17.032,9,Aug 30 2021 01: +0,1630281600
15.5,10,Aug 31 2021 01: +0,1630368000
16.039,6,Sep 01 2021 01: +0,1630454400
18.01,15,Sep 02 2021 01: +0,1630540800
17.922,8,Sep 03 2021 01: +0,1630627200
17.268,6,Sep 04 2021 01: +0,1630713600
18.882,11,Sep 05 2021 01: +0,1630800000
16.469,8,Sep 06 2021 01: +0,1630886400
16.947,5,Sep 07 2021 01: +0,1630972800
16.091,12,Sep 08 2021 01: +0,1631059200
16.578,6,Sep 09 2021 01: +0,1631145600
17.769,11,Sep 10 2021 01: +0,1631232000
18.765,8,Sep 11 2021 01: +0,1631318400
16.624,10,Sep 12 2021 01: +0,1631404800
18.389,14,Sep 13 2021 01: +0,1631491200
17.041,5,Sep 14 2021 01: +0,1631577600
17.383,8,Sep 15 2021 01: +0,1631664000
17.202,11,Sep 16 2021 01: +0,1631750400
17.72,12,Sep 17 2021 01: +0,1631836800
16.127,14,Sep 18 2021 01: +0,1631923200
16.618,12,Sep 19 2021 01: +0,1632009600
16.459,9,Sep 20 2021 01: +0,1632096000
17.132,6,Sep 21 2021 01: +0,1632182400
13.693,34,Sep 22 2021 01: +0,1632268800
12.433,24,Sep 23 2021 01: +0,1632355200
14.65,17,Sep 24 2021 01: +0,1632441600
13.71,24,Sep 25 2021 01: +0,1632528000
14.016,11,Sep 26 2021 01: +0,1632614400
14.395,16,Sep 27 2021 01: +0,1632700800
13.136,4,Sep 28 2021 01: +0,1632787200
13.249,20,Sep 29 2021 01: +0,1632873600
12.753,10,Sep 30 2021 01: +0,1632960000
12.719,15,Oct 01 2021 01: +0,1633046400
13.407,15,Oct 02 2021 01: +0,1633132800
13.886,13,Oct 03 2021 01: +0,1633219200
13.671,10,Oct 04 2021 01: +0,1633305600
14.279,9,Oct 05 2021 01: +0,1633392000
12.688,10,Oct 06 2021 01: +0,1633478400
13.191,14,Oct 07 2021 01: +0,1633564800
13.27,8,Oct 08 2021 01: +0,1633651200
13.885,13,Oct 09 2021 01: +0,1633737600
13.503,11,Oct 10 2021 01: +0,1633824000
14.594,12,Oct 11 2021 01: +0,1633910400
15.441,10,Oct 12 2021 01: +0,1633996800
13.498,7,Oct 13 2021 01: +0,1634083200
13.017,17,Oct 14 2021 01: +0,1634169600
12.003,16,Oct 15 2021 01: +0,1634256000
11.384,24,Oct 16 2021 01: +0,1634342400
12.477,10,Oct 17 2021 01: +0,1634428800
11.83,12,Oct 18 2021 01: +0,1634515200
11.474,10,Oct 19 2021 01: +0,1634601600
12.236,11,Oct 20 2021 01: +0,1634688000
14.3,6,Oct 21 2021 01: +0,1634774400
11.459,31,Oct 22 2021 01: +0,1634860800
11.825,10,Oct 23 2021 01: +0,1634947200
11.553,14,Oct 24 2021 01: +0,1635033600
11.527,12,Oct 25 2021 01: +0,1635120000
11.649,7,Oct 26 2021 01: +0,1635206400
11.693,20,Oct 27 2021 01: +0,1635292800
11.091,9,Oct 28 2021 01: +0,1635379200
11.427,8,Oct 29 2021 01: +0,1635465600
11.81,17,Oct 30 2021 01: +0,1635552000
11.994,11,Oct 31 2021 01: +0,1635638400
11.669,15,Nov 01 2021 01: +0,1635728400
12.171,15,Nov 02 2021 01: +0,1635814800
12.957,9,Nov 03 2021 01: +0,1635901200
11.497,7,Nov 04 2021 01: +0,1635987600
12.726,13,Nov 05 2021 01: +0,1636074000
11.763,9,Nov 06 2021 01: +0,1636160400
11.842,19,Nov 07 2021 01: +0,1636246800
11.864,17,Nov 08 2021 01: +0,1636333200
11.437,11,Nov 09 2021 01: +0,1636419600
10.874,21,Nov 10 2021 01: +0,1636506000
11.185,18,Nov 11 2021 01: +0,1636592400
11.252,13,Nov 12 2021 01: +0,1636678800
11.648,17,Nov 13 2021 01: +0,1636765200
11.645,18,Nov 14 2021 01: +0,1636851600
11.25,16,Nov 15 2021 01: +0,1636938000
11.539,8,Nov 16 2021 01: +0,1637024400
12.211,16,Nov 17 2021 01: +0,1637110800
12.68,10,Nov 18 2021 01: +0,1637197200
11.912,22,Nov 19 2021 01: +0,1637283600
12.745,16,Nov 20 2021 01: +0,1637370000
11.307,11,Nov 21 2021 01: +0,1637456400
11.989,17,Nov 22 2021 01: +0,1637542800
12.539,10,Nov 23 2021 01: +0,1637629200
12.145,14,Nov 24 2021 01: +0,1637715600
12.052,19,Nov 25 2021 01: +0,1637802000
13.529,11,Nov 26 2021 01: +0,1637888400
13.374,11,Nov 27 2021 01: +0,1637974800
12.365,10,Nov 28 2021 01: +0,1638061200
13.215,9,Nov 29 2021 01: +0,1638147600
12.548,12,Nov 30 2021 01: +0,1638234000
12.365,17,Dec 01 2021 01: +0,1638320400
12.274,9,Dec 02 2021 01: +0,1638406800
11.685,11,Dec 03 2021 01: +0,1638493200
13.507,27,Dec 04 2021 01: +0,1638579600
15.689,15,Dec 05 2021 01: +0,1638666000
15.014,12,Dec 06 2021 01: +0,1638752400
15.745,7,Dec 07 2021 01: +0,1638838800
15.15,8,Dec 08 2021 01: +0,1638925200
15.878,5,Dec 09 2021 01: +0,1639011600
15.205,7,Dec 10 2021 01: +0,1639098000
15.459,12,Dec 11 2021 01: +0,1639184400
15.215,15,Dec 12 2021 01: +0,1639270800
14.506,8,Dec 13 2021 01: +0,1639357200
15.301,10,Dec 14 2021 01: +0,1639443600
13.567,9,Dec 15 2021 01: +0,1639530000
12.044,5,Dec 16 2021 01: +0,1639616400
14.382,13,Dec 17 2021 01: +0,1639702800
14.447,6,Dec 18 2021 01: +0,1639789200
14.175,4,Dec 19 2021 01: +0,1639875600
15.115,10,Dec 20 2021 01: +0,1639962000
13.883,7,Dec 21 2021 01: +0,1640048400
15.62,4,Dec 22 2021 01: +0,1640134800
14.389,12,Dec 23 2021 01: +0,1640221200
15.13,7,Dec 24 2021 01: +0,1640307600
14.775,8,Dec 25 2021 01: +0,1640394000
14.601,8,Dec 26 2021 01: +0,1640480400
13.932,13,Dec 27 2021 01: +0,1640566800
15.644,9,Dec 28 2021 01: +0,1640653200
14.904,9,Dec 29 2021 01: +0,1640739600
15.293,11,Dec 30 2021 01: +0,1640826000
16.194,11,Dec 31 2021 01: +0,1640912400
15.027,13,Jan 01 2022 01: +0,1640998800
16.245,6,Jan 02 2022 01: +0,1641085200
16.091,7,Jan 03 2022 01: +0,1641171600
15.404,9,Jan 04 2022 01: +0,1641258000
15.388,9,Jan 05 2022 01: +0,1641344400
15.324,9,Jan 06 2022 01: +0,1641430800
16.285,10,Jan 07 2022 01: +0,1641517200
14.936,13,Jan 08 2022 01: +0,1641603600
15.571,8,Jan 09 2022 01: +0,1641690000
15.503,4,Jan 10 2022 01: +0,1641776400
14.923,3,Jan 11 2022 01: +0,1641862800
14.553,7,Jan 12 2022 01: +0,1641949200
15.011,7,Jan 13 2022 01: +0,1642035600
15.077,7,Jan 14 2022 01: +0,1642122000
14.968,6,Jan 15 2022 01: +0,1642208400
14.964,11,Jan 16 2022 01: +0,1642294800
15.811,7,Jan 17 2022 01: +0,1642381200
15.739,8,Jan 18 2022 01: +0,1642467600
15.589,22,Jan 19 2022 01: +0,1642554000
15.294,15,Jan 20 2022 01: +0,1642640400
14.529,5,Jan 21 2022 01: +0,1642726800
14.811,17,Jan 22 2022 01: +0,1642813200
15.768,14,Jan 23 2022 01: +0,1642899600
15.175,15,Jan 24 2022 01: +0,1642986000
15.406,7,Jan 25 2022 01: +0,1643072400
14.653,10,Jan 26 2022 01: +0,1643158800
14.901,14,Jan 27 2022 01: +0,1643245200
14.868,5,Jan 28 2022 01: +0,1643331600
14.125,12,Jan 29 2022 01: +0,1643418000
14.469,11,Jan 30 2022 01: +0,1643504400
13.868,12,Jan 31 2022 01: +0,1643590800
14.435,15,Feb 01 2022 01: +0,1643677200
13.651,8,Feb 02 2022 01: +0,1643763600
14.476,12,Feb 03 2022 01: +0,1643850000
14.625,4,Feb 04 2022 01: +0,1643936400
13.7,12,Feb 05 2022 01: +0,1644022800
13.422,16,Feb 06 2022 01: +0,1644109200
13.477,5,Feb 07 2022 01: +0,1644195600
13.306,5,Feb 08 2022 01: +0,1644282000
14.151,12,Feb 09 2022 01: +0,1644368400
14.405,6,Feb 10 2022 01: +0,1644454800
14.005,9,Feb 11 2022 01: +0,1644541200
14.138,3,Feb 12 2022 01: +0,1644627600
13.775,15,Feb 13 2022 01: +0,1644714000
14.006,7,Feb 14 2022 01: +0,1644800400
14.124,3,Feb 15 2022 01: +0,1644886800
13.634,7,Feb 16 2022 01: +0,1644973200
14.344,8,Feb 17 2022 01: +0,1645059600
16.211,8,Feb 18 2022 01: +0,1645146000
13.713,7,Feb 19 2022 01: +0,1645232400
14.161,4,Feb 20 2022 01: +0,1645318800
13.186,5,Feb 21 2022 01: +0,1645405200
14.173,9,Feb 22 2022 01: +0,1645491600
13.468,14,Feb 23 2022 01: +0,1645578000
13.842,3,Feb 24 2022 01: +0,1645664400
13.258,11,Feb 25 2022 01: +0,1645750800
13.291,10,Feb 26 2022 01: +0,1645837200
13.2,12,Feb 27 2022 01: +0,1645923600
13.567,15,Feb 28 2022 01: +0,1646010000
14.008,11,Mar 01 2022 01: +0,1646096400
12.776,6,Mar 02 2022 01: +0,1646182800
12.347,3,Mar 03 2022 01: +0,1646269200
13.054,11,Mar 04 2022 01: +0,1646355600
14.33,6,Mar 05 2022 01: +0,1646442000
13.912,10,Mar 06 2022 01: +0,1646528400
13.374,13,Mar 07 2022 01: +0,1646614800
13.67,12,Mar 08 2022 01: +0,1646701200
13.319,8,Mar 09 2022 01: +0,1646787600
13.979,11,Mar 10 2022 01: +0,1646874000
15.241,8,Mar 11 2022 01: +0,1646960400
13.964,11,Mar 12 2022 01: +0,1647046800
14.365,12,Mar 13 2022 01: +0,1647133200
15.407,10,Mar 14 2022 01: +0,1647219600
14.2,6,Mar 15 2022 01: +0,1647306000
14.724,7,Mar 16 2022 01: +0,1647392400
15.066,10,Mar 17 2022 01: +0,1647478800
14.972,7,Mar 18 2022 01: +0,1647565200
13.985,5,Mar 19 2022 01: +0,1647651600
14.768,10,Mar 20 2022 01: +0,1647738000
18.176,6,Mar 21 2022 01: +0,1647824400
14.812,10,Mar 22 2022 01: +0,1647910800
15.227,8,Mar 23 2022 01: +0,1647997200
15.532,8,Mar 24 2022 01: +0,1648083600
16.133,11,Mar 25 2022 01: +0,1648170000
15.235,7,Mar 26 2022 01: +0,1648256400
15.813,4,Mar 27 2022 01: +0,1648342800
15.404,12,Mar 28 2022 01: +0,1648425600
16.582,13,Mar 29 2022 01: +0,1648512000
16.223,8,Mar 30 2022 01: +0,1648598400
14.842,7,Mar 31 2022 01: +0,1648684800
15.985,16,Apr 01 2022 01: +0,1648771200
15.046,7,Apr 02 2022 01: +0,1648857600
15.577,7,Apr 03 2022 01: +0,1648944000
15.511,4,Apr 04 2022 01: +0,1649030400
15.63,10,Apr 05 2022 01: +0,1649116800
16.787,5,Apr 06 2022 01: +0,1649203200
16.272,6,Apr 07 2022 01: +0,1649289600
17.041,8,Apr 08 2022 01: +0,1649376000
16.007,12,Apr 09 2022 01: +0,1649462400
15.929,8,Apr 10 2022 01: +0,1649548800
16.345,4,Apr 11 2022 01: +0,1649635200
16.808,7,Apr 12 2022 01: +0,1649721600
17.171,8,Apr 13 2022 01: +0,1649808000
17.151,6,Apr 14 2022 01: +0,1649894400
16.552,11,Apr 15 2022 01: +0,1649980800
16.792,13,Apr 16 2022 01: +0,1650067200
17.29,7,Apr 17 2022 01: +0,1650153600
18.227,9,Apr 18 2022 01: +0,1650240000
18.156,10,Apr 19 2022 01: +0,1650326400
17.387,6,Apr 20 2022 01: +0,1650412800
16.091,7,Apr 21 2022 01: +0,1650499200
17.347,9,Apr 22 2022 01: +0,1650585600
17.473,13,Apr 23 2022 01: +0,1650672000
18.105,9,Apr 24 2022 01: +0,1650758400
17.653,15,Apr 25 2022 01: +0,1650844800
17.12,13,Apr 26 2022 01: +0,1650931200
17.591,7,Apr 27 2022 01: +0,1651017600
17.36,13,Apr 28 2022 01: +0,1651104000
16.506,10,Apr 29 2022 01: +0,1651190400
16.07,9,Apr 30 2022 01: +0,1651276800
17.033,13,May 01 2022 01: +0,1651363200
16.56,8,May 02 2022 01: +0,1651449600
18.163,7,May 03 2022 01: +0,1651536000
15.437,18,May 04 2022 01: +0,1651622400
15.352,11,May 05 2022 01: +0,1651708800
15.204,16,May 06 2022 01: +0,1651795200
14.963,12,May 07 2022 01: +0,1651881600
15.047,9,May 08 2022 01: +0,1651968000
14.516,13,May 09 2022 01: +0,1652054400
13.97,6,May 10 2022 01: +0,1652140800
14.653,8,May 11 2022 01: +0,1652227200
14.2,10,May 12 2022 01: +0,1652313600
14.833,7,May 13 2022 01: +0,1652400000
14.072,7,May 14 2022 01: +0,1652486400
15.405,17,May 15 2022 01: +0,1652572800
16.31,4,May 16 2022 01: +0,1652659200
16.898,5,May 17 2022 01: +0,1652745600
15.824,6,May 18 2022 01: +0,1652832000
15.148,7,May 19 2022 01: +0,1652918400
15.385,6,May 20 2022 01: +0,1653004800
15.299,8,May 21 2022 01: +0,1653091200
14.731,10,May 22 2022 01: +0,1653177600
14.998,11,May 23 2022 01: +0,1653264000
15.362,10,May 24 2022 01: +0,1653350400
15.013,6,May 25 2022 01: +0,1653436800
16.563,10,May 26 2022 01: +0,1653523200
16.109,10,May 27 2022 01: +0,1653609600
15.546,7,May 28 2022 01: +0,1653696000
16.216,6,May 29 2022 01: +0,1653782400
16.04,14,May 30 2022 01: +0,1653868800
15.224,6,May 31 2022 01: +0,1653955200
15.019,12,Jun 01 2022 01: +0,1654041600
14.392,10,Jun 02 2022 01: +0,1654128000
15.023,16,Jun 03 2022 01: +0,1654214400
14.526,39,Jun 04 2022 01: +0,1654300800
14.899,7,Jun 05 2022 01: +0,1654387200
15.676,7,Jun 06 2022 01: +0,1654473600
13.972,5,Jun 07 2022 01: +0,1654560000
14.76,8,Jun 08 2022 01: +0,1654646400
13.736,10,Jun 09 2022 01: +0,1654732800
13.913,8,Jun 10 2022 01: +0,1654819200
13.618,8,Jun 11 2022 01: +0,1654905600
13.283,19,Jun 12 2022 01: +0,1654992000
14.091,5,Jun 13 2022 01: +0,1655078400
14.122,5,Jun 14 2022 01: +0,1655164800
13.418,9,Jun 15 2022 01: +0,1655251200
13.524,15,Jun 16 2022 01: +0,1655337600
12.871,13,Jun 17 2022 01: +0,1655424000
12.854,7,Jun 18 2022 01: +0,1655510400
13.194,8,Jun 19 2022 01: +0,1655596800
12.494,5,Jun 20 2022 01: +0,1655683200
12.702,8,Jun 21 2022 01: +0,1655769600
12.493,9,Jun 22 2022 01: +0,1655856000
13.228,10,Jun 23 2022 01: +0,1655942400
12.95,9,Jun 24 2022 01: +0,1656028800
12.509,6,Jun 25 2022 01: +0,1656115200
11.861,9,Jun 26 2022 01: +0,1656201600
11.657,9,Jun 27 2022 01: +0,1656288000
11.924,8,Jun 28 2022 01: +0,1656374400
11.247,9,Jun 29 2022 01: +0,1656460800
11.712,11,Jun 30 2022 01: +0,1656547200
12.272,11,Jul 01 2022 01: +0,1656633600
12.766,17,Jul 02 2022 01: +0,1656720000
13.777,6,Jul 03 2022 01: +0,1656806400
12.203,19,Jul 04 2022 01: +0,1656892800
11.944,13,Jul 05 2022 01: +0,1656979200
13.262,7,Jul 06 2022 01: +0,1657065600
13.079,18,Jul 07 2022 01: +0,1657152000
12.1,6,Jul 08 2022 01: +0,1657238400
12.579,8,Jul 09 2022 01: +0,1657324800
12.049,12,Jul 10 2022 01: +0,1657411200
12.361,9,Jul 11 2022 01: +0,1657497600
11.426,6,Jul 12 2022 01: +0,1657584000
12.655,9,Jul 13 2022 01: +0,1657670400
11.874,11,Jul 14 2022 01: +0,1657756800
11.94,9,Jul 15 2022 01: +0,1657843200
11.841,12,Jul 16 2022 01: +0,1657929600
11.847,8,Jul 17 2022 01: +0,1658016000
12.219,16,Jul 18 2022 01: +0,1658102400
13.009,10,Jul 19 2022 01: +0,1658188800
12.06,5,Jul 20 2022 01: +0,1658275200
12.548,10,Jul 21 2022 01: +0,1658361600
12.79,11,Jul 22 2022 01: +0,1658448000
12.256,17,Jul 23 2022 01: +0,1658534400
12.474,10,Jul 24 2022 01: +0,1658620800
12.931,18,Jul 25 2022 01: +0,1658707200
12.898,10,Jul 26 2022 01: +0,1658793600
11.904,13,Jul 27 2022 01: +0,1658880000
13.786,19,Jul 28 2022 01: +0,1658966400
12.871,7,Jul 29 2022 01: +0,1659052800
12.904,5,Jul 30 2022 01: +0,1659139200
13.144,15,Jul 31 2022 01: +0,1659225600
13.47,11,Aug 01 2022 01: +0,1659312000
12.734,9,Aug 02 2022 01: +0,1659398400
13.198,19,Aug 03 2022 01: +0,1659484800
13.884,6,Aug 04 2022 01: +0,1659571200
13.975,10,Aug 05 2022 01: +0,1659657600
13.842,12,Aug 06 2022 01: +0,1659744000
14.743,4,Aug 07 2022 01: +0,1659830400
13.034,6,Aug 08 2022 01: +0,1659916800
14.2,5,Aug 09 2022 01: +0,1660003200
13.569,13,Aug 10 2022 01: +0,1660089600
12.705,10,Aug 11 2022 01: +0,1660176000
13.117,9,Aug 12 2022 01: +0,1660262400
13.398,8,Aug 13 2022 01: +0,1660348800
13.112,12,Aug 14 2022 01: +0,1660435200
13.836,4,Aug 15 2022 01: +0,1660521600
13.628,13,Aug 16 2022 01: +0,1660608000
12.654,12,Aug 17 2022 01: +0,1660694400
13.489,11,Aug 18 2022 01: +0,1660780800
13.204,12,Aug 19 2022 01: +0,1660867200
13.675,6,Aug 20 2022 01: +0,1660953600
13.268,3,Aug 21 2022 01: +0,1661040000
13.038,11,Aug 22 2022 01: +0,1661126400
16.598,8,Aug 23 2022 01: +0,1661212800
13.207,9,Aug 24 2022 01: +0,1661299200
14.415,8,Aug 25 2022 01: +0,1661385600
13.527,8,Aug 26 2022 01: +0,1661472000
12.614,11,Aug 27 2022 01: +0,1661558400
13.504,11,Aug 28 2022 01: +0,1661644800
13.373,4,Aug 29 2022 01: +0,1661731200
13.569,10,Aug 30 2022 01: +0,1661817600
13.86,12,Aug 31 2022 01: +0,1661904000
13.856,12,Sep 01 2022 01: +0,1661990400
12.667,7,Sep 02 2022 01: +0,1662076800
13.944,12,Sep 03 2022 01: +0,1662163200
13.532,9,Sep 04 2022 01: +0,1662249600
12.58,10,Sep 05 2022 01: +0,1662336000
12.705,8,Sep 06 2022 01: +0,1662422400
13.859,6,Sep 07 2022 01: +0,1662508800
14.258,6,Sep 08 2022 01: +0,1662595200
13.3,8,Sep 09 2022 01: +0,1662681600
14.395,13,Sep 10 2022 01: +0,1662768000
13.947,11,Sep 11 2022 01: +0,1662854400
14.877,9,Sep 12 2022 01: +0,1662940800
13.065,3,Sep 13 2022 01: +0,1663027200
13.268,7,Sep 14 2022 01: +0,1663113600
13.396,12,Sep 15 2022 01: +0,1663200000
13.724,12,Sep 16 2022 01: +0,1663286400
13.367,8,Sep 17 2022 01: +0,1663372800
13.944,11,Sep 18 2022 01: +0,1663459200
13.394,7,Sep 19 2022 01: +0,1663545600
13.117,8,Sep 20 2022 01: +0,1663632000
12.666,7,Sep 21 2022 01: +0,1663718400
12.159,8,Sep 22 2022 01: +0,1663804800
12.966,15,Sep 23 2022 01: +0,1663891200
13.248,8,Sep 24 2022 01: +0,1663977600
12.309,12,Sep 25 2022 01: +0,1664064000
12.934,10,Sep 26 2022 01: +0,1664150400
12.122,5,Sep 27 2022 01: +0,1664236800
12.041,4,Sep 28 2022 01: +0,1664323200
12.5,13,Sep 29 2022 01: +0,1664409600
12.27,14,Sep 30 2022 01: +0,1664496000
12.364,21,Oct 01 2022 01: +0,1664582400
13.428,17,Oct 02 2022 01: +0,1664668800
12.193,6,Oct 03 2022 01: +0,1664755200
11.942,11,Oct 04 2022 01: +0,1664841600
12.807,16,Oct 05 2022 01: +0,1664928000
12.929,15,Oct 06 2022 01: +0,1665014400
13.716,10,Oct 07 2022 01: +0,1665100800
13.507,9,Oct 08 2022 01: +0,1665187200
13.343,9,Oct 09 2022 01: +0,1665273600
14.546,5,Oct 10 2022 01: +0,1665360000
13.59,6,Oct 11 2022 01: +0,1665446400
13.348,6,Oct 12 2022 01: +0,1665532800
13.793,8,Oct 13 2022 01: +0,1665619200
12.625,7,Oct 14 2022 01: +0,1665705600
14.148,16,Oct 15 2022 01: +0,1665792000
14.157,8,Oct 16 2022 01: +0,1665878400
14.566,8,Oct 17 2022 01: +0,1665964800
14.279,6,Oct 18 2022 01: +0,1666051200
13.622,10,Oct 19 2022 01: +0,1666137600
13.096,7,Oct 20 2022 01: +0,1666224000
12.369,10,Oct 21 2022 01: +0,1666310400
12.604,20,Oct 22 2022 01: +0,1666396800
12.618,17,Oct 23 2022 01: +0,1666483200
12.78,8,Oct 24 2022 01: +0,1666569600
12.406,15,Oct 25 2022 01: +0,1666656000
13.277,5,Oct 26 2022 01: +0,1666742400
12.337,11,Oct 27 2022 01: +0,1666828800
12.399,13,Oct 28 2022 01: +0,1666915200
13.017,5,Oct 29 2022 01: +0,1667001600
12.998,8,Oct 30 2022 01: +0,1667088000
13.673,4,Oct 31 2022 01: +0,1667178000
13.057,8,Nov 01 2022 01: +0,1667264400
12.797,8,Nov 02 2022 01: +0,1667350800
13.172,14,Nov 03 2022 01: +0,1667437200
15.415,10,Nov 04 2022 01: +0,1667523600
14.128,5,Nov 05 2022 01: +0,1667610000
14.411,5,Nov 06 2022 01: +0,1667696400
13.459,7,Nov 07 2022 01: +0,1667782800
13.729,5,Nov 08 2022 01: +0,1667869200
14.879,4,Nov 09 2022 01: +0,1667955600
14.03,9,Nov 10 2022 01: +0,1668042000
14.478,8,Nov 11 2022 01: +0,1668128400
13.859,8,Nov 12 2022 01: +0,1668214800
14.255,10,Nov 13 2022 01: +0,1668301200
12.864,5,Nov 14 2022 01: +0,1668387600
13.685,9,Nov 15 2022 01: +0,1668474000
14.226,7,Nov 16 2022 01: +0,1668560400
13.306,7,Nov 17 2022 01: +0,1668646800
14.841,4,Nov 18 2022 01: +0,1668733200
13.765,10,Nov 19 2022 01: +0,1668819600
13.227,8,Nov 20 2022 01: +0,1668906000
13.238,4,Nov 21 2022 01: +0,1668992400
13.608,7,Nov 22 2022 01: +0,1669078800
13.506,14,Nov 23 2022 01: +0,1669165200
13.971,4,Nov 24 2022 01: +0,1669251600
12.999,9,Nov 25 2022 01: +0,1669338000
13.402,5,Nov 26 2022 01: +0,1669424400
13.391,5,Nov 27 2022 01: +0,1669510800
13.388,16,Nov 28 2022 01: +0,1669597200
15.037,14,Nov 29 2022 01: +0,1669683600
16.632,12,Nov 30 2022 01: +0,1669770000
15.421,6,Dec 01 2022 01: +0,1669856400
15.083,8,Dec 02 2022 01: +0,1669942800
15.889,6,Dec 03 2022 01: +0,1670029200
14.487,9,Dec 04 2022 01: +0,1670115600
13.954,6,Dec 05 2022 01: +0,1670202000
14.75,6,Dec 06 2022 01: +0,1670288400
15.02,9,Dec 07 2022 01: +0,1670374800
15.68,5,Dec 08 2022 01: +0,1670461200
16.59,10,Dec 09 2022 01: +0,1670547600
16.658,9,Dec 10 2022 01: +0,1670634000
15.154,9,Dec 11 2022 01: +0,1670720400
15.152,7,Dec 12 2022 01: +0,1670806800
15.179,4,Dec 13 2022 01: +0,1670893200
15.066,9,Dec 14 2022 01: +0,1670979600
14.686,15,Dec 15 2022 01: +0,1671066000
14.934,8,Dec 16 2022 01: +0,1671152400
14.403,14,Dec 17 2022 01: +0,1671238800
14.643,7,Dec 18 2022 01: +0,1671325200
14.271,15,Dec 19 2022 01: +0,1671411600
13.624,5,Dec 20 2022 01: +0,1671498000
14.165,9,Dec 21 2022 01: +0,1671584400
14.564,13,Dec 22 2022 01: +0,1671670800
14.529,13,Dec 23 2022 01: +0,1671757200
15.569,9,Dec 24 2022 01: +0,1671843600
17.92,11,Dec 25 2022 01: +0,1671930000
18.535,13,Dec 26 2022 01: +0,1672016400
14.154,9,Dec 27 2022 01: +0,1672102800
15.393,11,Dec 28 2022 01: +0,1672189200
15.796,11,Dec 29 2022 01: +0,1672275600
14.545,10,Dec 30 2022 01: +0,1672362000
14.394,10,Dec 31 2022 01: +0,1672448400
13.72,8,Jan 01 2023 01: +0,1672534800
15.153,10,Jan 02 2023 01: +0,1672621200
15.064,12,Jan 03 2023 01: +0,1672707600
14.995,4,Jan 04 2023 01: +0,1672794000
14.293,8,Jan 05 2023 01: +0,1672880400
15.284,13,Jan 06 2023 01: +0,1672966800
15.222,6,Jan 07 2023 01: +0,1673053200
16.457,13,Jan 08 2023 01: +0,1673139600
14.183,5,Jan 09 2023 01: +0,1673226000
15.474,11,Jan 10 2023 01: +0,1673312400
16.244,5,Jan 11 2023 01: +0,1673398800
15.615,7,Jan 12 2023 01: +0,1673485200
16.104,13,Jan 13 2023 01: +0,1673571600
16.761,8,Jan 14 2023 01: +0,1673658000
16.879,5,Jan 15 2023 01: +0,1673744400
15.764,10,Jan 16 2023 01: +0,1673830800
16.46,8,Jan 17 2023 01: +0,1673917200
15.512,8,Jan 18 2023 01: +0,1674003600
15.467,6,Jan 19 2023 01: +0,1674090000
17.192,11,Jan 20 2023 01: +0,1674176400
16.924,7,Jan 21 2023 01: +0,1674262800
16.018,12,Jan 22 2023 01: +0,1674349200
14.919,5,Jan 23 2023 01: +0,1674435600
15.928,10,Jan 24 2023 01: +0,1674522000
15.329,5,Jan 25 2023 01: +0,1674608400
15.105,7,Jan 26 2023 01: +0,1674694800
15.592,10,Jan 27 2023 01: +0,1674781200
15.157,13,Jan 28 2023 01: +0,1674867600
15.249,17,Jan 29 2023 01: +0,1674954000
15.748,10,Jan 30 2023 01: +0,1675040400
14.874,5,Jan 31 2023 01: +0,1675126800
15.545,6,Feb 01 2023 01: +0,1675213200
14.706,8,Feb 02 2023 01: +0,1675299600
16.052,8,Feb 03 2023 01: +0,1675386000
15.936,13,Feb 04 2023 01: +0,1675472400
16.016,6,Feb 05 2023 01: +0,1675558800
15.747,8,Feb 06 2023 01: +0,1675645200
15.468,10,Feb 07 2023 01: +0,1675731600
17.015,5,Feb 08 2023 01: +0,1675818000
16.157,11,Feb 09 2023 01: +0,1675904400
15.307,9,Feb 10 2023 01: +0,1675990800
15.775,10,Feb 11 2023 01: +0,1676077200
15.285,3,Feb 12 2023 01: +0,1676163600
15.35,15,Feb 13 2023 01: +0,1676250000
15.442,12,Feb 14 2023 01: +0,1676336400
16.536,1,Feb 14 2023 21: +0,1676408400
14.782,1,Feb 14 2023 22: +0,1676412000
17.533,1,Feb 15 2023 01: +0,1676422800
16.723,1,Feb 15 2023 03: +0,1676430000
16.832,2,Feb 15 2023 06: +0,1676440800
16.774,1,Feb 15 2023 07: +0,1676444400
18.804,1,Feb 15 2023 08: +0,1676448000
14.616,1,Feb 15 2023 09: +0,1676451600
17.23,1,Feb 15 2023 17: +0,1676480400
14.881,1,Feb 15 2023 21: +0,1676494800
16.67,1,Feb 15 2023 23: +0,1676502000
15.088,1,Feb 16 2023 01: +0,1676509200
15.034,2,Feb 16 2023 05: +0,1676523600
15.154,1,Feb 16 2023 13: +0,1676552400
15.187,1,Feb 16 2023 18: +0,1676570400
16.651,3,Feb 16 2023 20: +0,1676577600
16.587,1,Feb 17 2023 01: +0,1676595600
17.801,1,Feb 17 2023 03: +0,1676602800
16.839,1,Feb 17 2023 05: +0,1676610000
15.195,1,Feb 17 2023 08: +0,1676620800
15.195,1,Feb 17 2023 13: +0,1676638800
15.195,5,Feb 17 2023 17: +0,1676653200
16.527,3,Feb 17 2023 18: +0,1676656800
13.235,1,Feb 17 2023 23: +0,1676674800
15.551,1,Feb 18 2023 02: +0,1676685600
15.878,2,Feb 18 2023 03: +0,1676689200
15.195,1,Feb 18 2023 04: +0,1676692800
17.338,1,Feb 18 2023 08: +0,1676707200
14.884,1,Feb 18 2023 09: +0,1676710800
14.897,1,Feb 18 2023 14: +0,1676728800
16.882,3,Feb 18 2023 17: +0,1676739600
16.935,1,Feb 18 2023 18: +0,1676743200
16.539,1,Feb 18 2023 19: +0,1676746800
17.518,2,Feb 18 2023 21: +0,1676754000
17.516,1,Feb 19 2023 01: +0,1676768400
17.034,2,Feb 19 2023 08: +0,1676793600
14.314,2,Feb 19 2023 10: +0,1676800800
18.219,1,Feb 19 2023 12: +0,1676808000
17.357,1,Feb 19 2023 13: +0,1676811600
17.387,1,Feb 19 2023 14: +0,1676815200
17.219,1,Feb 19 2023 18: +0,1676829600
14.542,1,Feb 19 2023 23: +0,1676847600
14.649,1,Feb 20 2023 03: +0,1676862000
17.544,1,Feb 20 2023 04: +0,1676865600
14.79,1,Feb 20 2023 13: +0,1676898000
14.988,1,Feb 20 2023 21: +0,1676926800
15.718,2,Feb 20 2023 23: +0,1676934000
16.783,1,Feb 21 2023 01: +0,1676941200
15.146,1,Feb 21 2023 02: +0,1676944800
15.261,1,Feb 21 2023 03: +0,1676948400
15.253,1,Feb 21 2023 11: +0,1676977200
15.253,1,Feb 21 2023 14: +0,1676988000
15.216,2,Feb 21 2023 16: +0,1676995200
15.227,1,Feb 21 2023 19: +0,1677006000
15.851,1,Feb 21 2023 20: +0,1677009600
15.195,1,Feb 21 2023 23: +0,1677020400
14.054,1,Feb 22 2023 00: +0,1677024000
15.179,1,Feb 22 2023 07: +0,1677049200
15.875,2,Feb 22 2023 11: +0,1677063600
15.224,2,Feb 22 2023 14: +0,1677074400
15.253,1,Feb 22 2023 15: +0,1677078000
16.395,2,Feb 22 2023 17: +0,1677085200
15.039,1,Feb 22 2023 20: +0,1677096000
14.434,1,Feb 22 2023 21: +0,1677099600
14.646,1,Feb 22 2023 22: +0,1677103200
14.525,1,Feb 22 2023 23: +0,1677106800
16.262,1,Feb 23 2023 00: +0,1677110400
14.567,1,Feb 23 2023 08: +0,1677139200
14.567,1,Feb 23 2023 12: +0,1677153600
15.785,2,Feb 23 2023 13: +0,1677157200
15.555,2,Feb 23 2023 17: +0,1677171600
14.567,1,Feb 23 2023 19: +0,1677178800
14.147,2,Feb 23 2023 20: +0,1677182400
14.285,1,Feb 23 2023 21: +0,1677186000
14.691,2,Feb 23 2023 22: +0,1677189600
14.567,1,Feb 24 2023 00: +0,1677196800
14.409,2,Feb 24 2023 01: +0,1677200400
14.533,1,Feb 24 2023 03: +0,1677207600
14.194,1,Feb 24 2023 05: +0,1677214800
14.747,1,Feb 24 2023 06: +0,1677218400
14.063,1,Feb 24 2023 15: +0,1677250800
21.712,1,Feb 24 2023 16: +0,1677254400
15.245,4,Feb 24 2023 18: +0,1677261600
16.527,1,Feb 24 2023 22: +0,1677276000
16.196,1,Feb 25 2023 03: +0,1677294000
15.556,1,Feb 25 2023 13: +0,1677330000
17.493,1,Feb 25 2023 14: +0,1677333600
15.562,1,Feb 25 2023 15: +0,1677337200
16.254,1,Feb 25 2023 18: +0,1677348000
14.037,1,Feb 25 2023 19: +0,1677351600
16.944,4,Feb 25 2023 20: +0,1677355200
14.762,1,Feb 25 2023 21: +0,1677358800
17.537,1,Feb 25 2023 22: +0,1677362400
14.815,1,Feb 26 2023 00: +0,1677369600
13.127,1,Feb 26 2023 02: +0,1677376800
14.889,2,Feb 26 2023 04: +0,1677384000
16.237,1,Feb 26 2023 07: +0,1677394800
13.777,1,Feb 26 2023 08: +0,1677398400
16.245,1,Feb 26 2023 09: +0,1677402000
16.304,1,Feb 26 2023 13: +0,1677416400
15.811,1,Feb 26 2023 15: +0,1677423600
16.8,1,Feb 26 2023 21: +0,1677445200
18.523,1,Feb 26 2023 22: +0,1677448800
15.708,1,Feb 27 2023 04: +0,1677470400
15.543,1,Feb 27 2023 06: +0,1677477600
14.136,2,Feb 27 2023 12: +0,1677499200
13.799,1,Feb 27 2023 13: +0,1677502800
14.128,1,Feb 27 2023 15: +0,1677510000
16.254,1,Feb 27 2023 16: +0,1677513600
15.221,2,Feb 27 2023 18: +0,1677520800
14.118,1,Feb 27 2023 20: +0,1677528000
16.396,1,Feb 27 2023 22: +0,1677535200
13.293,1,Feb 28 2023 12: +0,1677585600
14.186,1,Feb 28 2023 15: +0,1677596400
14.459,1,Feb 28 2023 17: +0,1677603600
15.196,2,Feb 28 2023 19: +0,1677610800
15.949,5,Feb 28 2023 21: +0,1677618000
15.541,2,Feb 28 2023 22: +0,1677621600
16.875,2,Mar 01 2023 14: +0,1677679200
14.674,1,Mar 01 2023 15: +0,1677682800
15.816,1,Mar 01 2023 16: +0,1677686400
16.779,1,Mar 01 2023 19: +0,1677697200
16.536,1,Mar 01 2023 20: +0,1677700800
14.335,1,Mar 01 2023 21: +0,1677704400
14.194,1,Mar 02 2023 00: +0,1677715200
15.361,1,Mar 02 2023 02: +0,1677722400
17.397,2,Mar 02 2023 06: +0,1677736800
17.007,1,Mar 02 2023 07: +0,1677740400
14.897,1,Mar 02 2023 09: +0,1677747600
15.907,2,Mar 02 2023 11: +0,1677754800
14.914,1,Mar 02 2023 16: +0,1677772800
14.967,1,Mar 02 2023 21: +0,1677790800
16.679,2,Mar 02 2023 23: +0,1677798000
17.748,2,Mar 03 2023 04: +0,1677816000
15.025,1,Mar 03 2023 15: +0,1677855600
14.997,1,Mar 03 2023 18: +0,1677866400
15.723,2,Mar 03 2023 20: +0,1677873600
16.966,1,Mar 03 2023 21: +0,1677877200
15.984,1,Mar 03 2023 22: +0,1677880800
16.959,1,Mar 04 2023 00: +0,1677888000
16.529,1,Mar 04 2023 11: +0,1677927600
16.757,1,Mar 04 2023 13: +0,1677934800
14.773,3,Mar 04 2023 17: +0,1677949200
14.914,1,Mar 04 2023 19: +0,1677956400
14.889,1,Mar 04 2023 20: +0,1677960000
16.73,1,Mar 05 2023 01: +0,1677978000
16.365,1,Mar 05 2023 06: +0,1677996000
16.684,1,Mar 05 2023 08: +0,1678003200
15.488,2,Mar 05 2023 13: +0,1678021200
14.74,1,Mar 05 2023 16: +0,1678032000
16.419,1,Mar 05 2023 17: +0,1678035600
14.914,1,Mar 05 2023 20: +0,1678046400
13.235,1,Mar 05 2023 21: +0,1678050000
14.914,1,Mar 05 2023 22: +0,1678053600
14.327,1,Mar 06 2023 01: +0,1678064400
12.532,1,Mar 06 2023 02: +0,1678068000
13.706,1,Mar 06 2023 12: +0,1678104000
15.555,2,Mar 06 2023 16: +0,1678118400
16.342,1,Mar 06 2023 18: +0,1678125600
15.042,2,Mar 06 2023 19: +0,1678129200
16.389,1,Mar 07 2023 01: +0,1678150800
14.269,1,Mar 07 2023 02: +0,1678154400
16.486,1,Mar 07 2023 04: +0,1678161600
15.079,1,Mar 07 2023 05: +0,1678165200
15.005,1,Mar 07 2023 16: +0,1678204800
15.729,1,Mar 07 2023 17: +0,1678208400
13.938,1,Mar 07 2023 19: +0,1678215600
15.128,1,Mar 08 2023 00: +0,1678233600
15.708,1,Mar 08 2023 02: +0,1678240800
15.816,1,Mar 08 2023 05: +0,1678251600
15.869,2,Mar 08 2023 07: +0,1678258800
15.352,1,Mar 08 2023 14: +0,1678284000
14.186,1,Mar 08 2023 15: +0,1678287600
15.179,1,Mar 08 2023 20: +0,1678305600
15.427,1,Mar 08 2023 21: +0,1678309200
16.568,1,Mar 08 2023 22: +0,1678312800
15.27,1,Mar 08 2023 23: +0,1678316400
16.568,1,Mar 09 2023 01: +0,1678323600
16.573,1,Mar 09 2023 10: +0,1678356000
15.559,1,Mar 09 2023 11: +0,1678359600
15.617,1,Mar 09 2023 12: +0,1678363200
15.559,1,Mar 09 2023 13: +0,1678366800
15.493,2,Mar 09 2023 17: +0,1678381200
16.585,1,Mar 09 2023 19: +0,1678388400
15.865,1,Mar 09 2023 22: +0,1678399200
15.799,1,Mar 10 2023 00: +0,1678406400
15.865,1,Mar 10 2023 05: +0,1678424400
16.62,1,Mar 10 2023 06: +0,1678428000
16.612,1,Mar 10 2023 10: +0,1678442400
16.612,1,Mar 10 2023 16: +0,1678464000
16.9,1,Mar 10 2023 18: +0,1678471200
19.736,1,Mar 10 2023 19: +0,1678474800
16.787,1,Mar 10 2023 20: +0,1678478400
22.028,1,Mar 11 2023 01: +0,1678496400
16.172,1,Mar 11 2023 05: +0,1678510800
16.262,1,Mar 11 2023 06: +0,1678514400
16.006,2,Mar 11 2023 11: +0,1678532400
16.092,1,Mar 11 2023 12: +0,1678536000
15.509,1,Mar 11 2023 15: +0,1678546800
15.534,1,Mar 11 2023 16: +0,1678550400
15.993,2,Mar 11 2023 19: +0,1678561200
15.534,2,Mar 11 2023 20: +0,1678564800
16.971,1,Mar 11 2023 21: +0,1678568400
17.051,3,Mar 11 2023 22: +0,1678572000
15.6,1,Mar 12 2023 01: +0,1678582800
16.808,1,Mar 12 2023 03: +0,1678590000
15.6,1,Mar 12 2023 04: +0,1678593600
16.54,1,Mar 12 2023 06: +0,1678600800
15.534,1,Mar 12 2023 14: +0,1678629600
15.559,1,Mar 12 2023 15: +0,1678633200
16.949,5,Mar 12 2023 18: +0,1678644000
16.75,1,Mar 12 2023 22: +0,1678658400
15.599,1,Mar 13 2023 01: +0,1678669200
16.684,2,Mar 13 2023 05: +0,1678683600
15.6,1,Mar 13 2023 07: +0,1678690800
16.305,1,Mar 13 2023 11: +0,1678705200
17.14,1,Mar 13 2023 12: +0,1678708800
15.385,1,Mar 13 2023 13: +0,1678712400
15.427,1,Mar 13 2023 14: +0,1678716000
17.164,1,Mar 13 2023 17: +0,1678726800
16.713,2,Mar 13 2023 20: +0,1678737600
22.012,1,Mar 13 2023 22: +0,1678744800
17.263,1,Mar 14 2023 01: +0,1678755600
15.311,3,Mar 14 2023 02: +0,1678759200
15.319,1,Mar 14 2023 05: +0,1678770000
16.324,2,Mar 14 2023 09: +0,1678784400
16.33,2,Mar 14 2023 14: +0,1678802400
15.286,1,Mar 14 2023 16: +0,1678809600
15.162,1,Mar 14 2023 17: +0,1678813200
16.197,2,Mar 14 2023 18: +0,1678816800
17.571,2,Mar 14 2023 22: +0,1678831200
17.618,2,Mar 15 2023 00: +0,1678838400
15.351,1,Mar 15 2023 04: +0,1678852800
17.21,3,Mar 15 2023 05: +0,1678856400
17.116,1,Mar 15 2023 11: +0,1678878000
17.651,1,Mar 15 2023 12: +0,1678881600
18.118,1,Mar 15 2023 13: +0,1678885200
18.175,1,Mar 15 2023 14: +0,1678888800
17.744,1,Mar 15 2023 18: +0,1678903200
15.979,1,Mar 15 2023 23: +0,1678921200
15.409,1,Mar 16 2023 00: +0,1678924800
18.001,1,Mar 16 2023 04: +0,1678939200
13.088,1,Mar 16 2023 08: +0,1678953600
17.908,1,Mar 16 2023 09: +0,1678957200
15.625,1,Mar 16 2023 11: +0,1678964400
16.374,2,Mar 16 2023 18: +0,1678989600
17.461,1,Mar 16 2023 19: +0,1678993200
16.805,1,Mar 16 2023 21: +0,1679000400
17.411,1,Mar 17 2023 02: +0,1679018400
15.642,1,Mar 17 2023 05: +0,1679029200
16.063,1,Mar 17 2023 09: +0,1679043600
16.09,1,Mar 17 2023 10: +0,1679047200
16.099,1,Mar 17 2023 12: +0,1679054400
16.09,1,Mar 17 2023 13: +0,1679058000
16.849,2,Mar 17 2023 15: +0,1679065200
16.606,1,Mar 17 2023 17: +0,1679072400
16.26,2,Mar 17 2023 18: +0,1679076000
15.982,6,Mar 17 2023 21: +0,1679086800
16.209,2,Mar 17 2023 22: +0,1679090400
16.913,1,Mar 17 2023 23: +0,1679094000
16.516,2,Mar 18 2023 00: +0,1679097600
17.402,1,Mar 18 2023 02: +0,1679104800
16.252,2,Mar 18 2023 11: +0,1679137200
20.58,2,Mar 18 2023 12: +0,1679140800
16.425,2,Mar 18 2023 13: +0,1679144400
16.092,4,Mar 18 2023 15: +0,1679151600
16.109,1,Mar 18 2023 18: +0,1679162400
16.108,2,Mar 18 2023 19: +0,1679166000
17.498,3,Mar 18 2023 20: +0,1679169600
17.818,1,Mar 18 2023 21: +0,1679173200
17.398,2,Mar 18 2023 22: +0,1679176800
18.376,2,Mar 19 2023 02: +0,1679191200
17.552,1,Mar 19 2023 04: +0,1679198400
17.797,1,Mar 19 2023 10: +0,1679220000
18.214,1,Mar 19 2023 17: +0,1679245200
17.245,1,Mar 19 2023 19: +0,1679252400
17.405,1,Mar 20 2023 05: +0,1679288400
15.993,1,Mar 20 2023 09: +0,1679302800
15.927,2,Mar 20 2023 10: +0,1679306400
16.311,2,Mar 20 2023 17: +0,1679331600
17.592,1,Mar 20 2023 18: +0,1679335200
17.095,1,Mar 20 2023 20: +0,1679342400
16.436,1,Mar 20 2023 22: +0,1679349600
18.406,1,Mar 21 2023 02: +0,1679364000
18.521,1,Mar 21 2023 06: +0,1679378400
16.902,1,Mar 21 2023 18: +0,1679421600
19.46,1,Mar 22 2023 00: +0,1679443200
16.581,2,Mar 22 2023 03: +0,1679454000
16.902,1,Mar 22 2023 05: +0,1679461200
16.909,1,Mar 22 2023 08: +0,1679472000
14.997,1,Mar 22 2023 10: +0,1679479200
16.673,2,Mar 22 2023 14: +0,1679493600
16.277,2,Mar 22 2023 15: +0,1679497200
16.192,2,Mar 22 2023 16: +0,1679500800
17.091,1,Mar 22 2023 17: +0,1679504400
17.451,3,Mar 22 2023 18: +0,1679508000
18.501,2,Mar 22 2023 19: +0,1679511600
15.193,1,Mar 22 2023 20: +0,1679515200
14.98,1,Mar 22 2023 21: +0,1679518800
18.677,6,Mar 22 2023 22: +0,1679522400
18.682,1,Mar 22 2023 23: +0,1679526000
19.993,1,Mar 23 2023 00: +0,1679529600
19.184,2,Mar 23 2023 01: +0,1679533200
19.744,7,Mar 23 2023 02: +0,1679536800
22.333,2,Mar 23 2023 03: +0,1679540400
21.825,1,Mar 23 2023 09: +0,1679562000
21.431,1,Mar 23 2023 11: +0,1679569200
21.365,2,Mar 23 2023 12: +0,1679572800
20.706,2,Mar 23 2023 14: +0,1679580000
20.263,1,Mar 23 2023 15: +0,1679583600
17.556,1,Mar 23 2023 16: +0,1679587200
20.973,1,Mar 23 2023 17: +0,1679590800
22.01,1,Mar 23 2023 18: +0,1679594400
22.042,3,Mar 23 2023 19: +0,1679598000
23.526,3,Mar 23 2023 20: +0,1679601600
22.792,2,Mar 23 2023 21: +0,1679605200
22.585,1,Mar 23 2023 22: +0,1679608800
24.377,1,Mar 23 2023 23: +0,1679612400
18.817,1,Mar 24 2023 00: +0,1679616000
19.872,2,Mar 24 2023 02: +0,1679623200
22.188,4,Mar 24 2023 03: +0,1679626800
23.121,2,Mar 24 2023 10: +0,1679652000
25.094,1,Mar 24 2023 11: +0,1679655600
25.936,2,Mar 24 2023 12: +0,1679659200
31.806,1,Mar 24 2023 13: +0,1679662800
20.286,1,Mar 24 2023 16: +0,1679673600
21.832,2,Mar 24 2023 17: +0,1679677200
26.452,3,Mar 24 2023 18: +0,1679680800
23.263,2,Mar 24 2023 22: +0,1679695200
23.164,2,Mar 24 2023 23: +0,1679698800
24.428,2,Mar 25 2023 01: +0,1679706000
28.641,1,Mar 25 2023 04: +0,1679716800
28.289,1,Mar 25 2023 05: +0,1679720400
26.578,1,Mar 25 2023 06: +0,1679724000
26.832,1,Mar 25 2023 07: +0,1679727600
22.299,3,Mar 25 2023 08: +0,1679731200
22.413,1,Mar 25 2023 10: +0,1679738400
22.274,1,Mar 25 2023 11: +0,1679742000
22.299,1,Mar 25 2023 12: +0,1679745600
24.348,2,Mar 25 2023 14: +0,1679752800
26.882,1,Mar 25 2023 16: +0,1679760000
26.764,1,Mar 25 2023 17: +0,1679763600
22.309,1,Mar 25 2023 18: +0,1679767200
29.754,1,Mar 25 2023 19: +0,1679770800
27.603,1,Mar 25 2023 20: +0,1679774400
22.297,1,Mar 25 2023 22: +0,1679781600
19.639,1,Mar 26 2023 01: +0,1679792400
26.186,1,Mar 26 2023 02: +0,1679792400
25.853,2,Mar 26 2023 06: +0,1679806800
25.456,1,Mar 26 2023 11: +0,1679824800
25.632,1,Mar 26 2023 12: +0,1679828400
22.282,2,Mar 26 2023 15: +0,1679839200
15.307,1,Mar 26 2023 17: +0,1679846400
25.252,1,Mar 26 2023 19: +0,1679853600
34.9,1,Mar 26 2023 20: +0,1679857200
24.849,1,Mar 26 2023 21: +0,1679860800
22.661,2,Mar 26 2023 22: +0,1679864400
24.884,1,Mar 26 2023 23: +0,1679868000
24.879,3,Mar 27 2023 00: +0,1679871600
23.659,1,Mar 27 2023 01: +0,1679875200
24.247,1,Mar 27 2023 02: +0,1679878800
24.172,2,Mar 27 2023 04: +0,1679886000
26.769,1,Mar 27 2023 10: +0,1679907600
25.313,2,Mar 27 2023 11: +0,1679911200
25.287,1,Mar 27 2023 13: +0,1679918400
34.698,1,Mar 27 2023 16: +0,1679929200
23.221,2,Mar 27 2023 18: +0,1679936400
24.5,1,Mar 27 2023 19: +0,1679940000
24.504,1,Mar 27 2023 21: +0,1679947200
24.512,1,Mar 27 2023 22: +0,1679950800
24.986,1,Mar 27 2023 23: +0,1679954400
22.043,2,Mar 28 2023 01: +0,1679961600
24.365,1,Mar 28 2023 03: +0,1679968800
21.351,1,Mar 28 2023 04: +0,1679972400
24.485,1,Mar 28 2023 11: +0,1679997600
24.481,1,Mar 28 2023 12: +0,1680001200
24.539,2,Mar 28 2023 14: +0,1680008400
24.594,1,Mar 28 2023 16: +0,1680015600
24.09,1,Mar 28 2023 21: +0,1680033600
24.778,2,Mar 29 2023 01: +0,1680048000
31.716,1,Mar 29 2023 02: +0,1680051600
20.913,2,Mar 29 2023 06: +0,1680066000
24.001,1,Mar 29 2023 08: +0,1680073200
24.023,1,Mar 29 2023 09: +0,1680076800
24.114,1,Mar 29 2023 11: +0,1680084000
24.108,1,Mar 29 2023 12: +0,1680087600
21.803,2,Mar 29 2023 17: +0,1680105600
20.711,1,Mar 29 2023 18: +0,1680109200
22.628,2,Mar 29 2023 20: +0,1680116400
23.65,2,Mar 29 2023 22: +0,1680123600
17.211,1,Mar 30 2023 00: +0,1680130800
20.8,1,Mar 30 2023 01: +0,1680134400
20.735,1,Mar 30 2023 07: +0,1680156000
24.244,1,Mar 30 2023 11: +0,1680170400
22.748,3,Mar 30 2023 15: +0,1680184800
22.344,2,Mar 30 2023 23: +0,1680213600
19.611,1,Mar 31 2023 01: +0,1680220800
23.494,1,Mar 31 2023 02: +0,1680224400
23.273,1,Mar 31 2023 04: +0,1680231600
24.383,1,Mar 31 2023 05: +0,1680235200
24.253,1,Mar 31 2023 12: +0,1680260400
20.024,1,Mar 31 2023 16: +0,1680274800
25.031,2,Mar 31 2023 17: +0,1680278400
23.249,1,Mar 31 2023 23: +0,1680300000
24.462,1,Apr 01 2023 05: +0,1680321600
24.462,1,Apr 01 2023 06: +0,1680325200
21.307,1,Apr 01 2023 10: +0,1680339600
21.272,1,Apr 01 2023 11: +0,1680343200
22.115,2,Apr 01 2023 19: +0,1680372000
22.328,1,Apr 01 2023 20: +0,1680375600
26.653,2,Apr 01 2023 21: +0,1680379200
21.638,1,Apr 01 2023 22: +0,1680382800
23.532,2,Apr 01 2023 23: +0,1680386400
22.679,1,Apr 02 2023 02: +0,1680397200
23.98,1,Apr 02 2023 06: +0,1680411600
23.985,1,Apr 02 2023 07: +0,1680415200
21.382,1,Apr 02 2023 10: +0,1680426000
27.013,1,Apr 02 2023 11: +0,1680429600
24.059,1,Apr 02 2023 13: +0,1680436800
19.557,2,Apr 02 2023 17: +0,1680451200
21.264,1,Apr 02 2023 18: +0,1680454800
20.381,2,Apr 02 2023 19: +0,1680458400
21.949,2,Apr 02 2023 20: +0,1680462000
52.869,2,Apr 02 2023 21: +0,1680465600
23.872,1,Apr 02 2023 23: +0,1680472800
23.92,1,Apr 03 2023 01: +0,1680480000
23.997,1,Apr 03 2023 02: +0,1680483600
33.403,1,Apr 03 2023 03: +0,1680487200
24.029,2,Apr 03 2023 04: +0,1680490800
20.523,3,Apr 03 2023 06: +0,1680498000
23.742,2,Apr 03 2023 14: +0,1680526800
22.677,1,Apr 03 2023 18: +0,1680541200
20.813,1,Apr 03 2023 19: +0,1680544800
20.649,1,Apr 03 2023 20: +0,1680548400
21.422,1,Apr 03 2023 21: +0,1680552000
21.053,2,Apr 03 2023 22: +0,1680555600
23.234,1,Apr 04 2023 00: +0,1680562800
23.226,1,Apr 04 2023 02: +0,1680570000
24.002,1,Apr 04 2023 03: +0,1680573600
34.69,1,Apr 04 2023 04: +0,1680577200
24.513,2,Apr 04 2023 06: +0,1680584400
24.234,1,Apr 04 2023 08: +0,1680591600
24.842,1,Apr 04 2023 09: +0,1680595200
24.711,1,Apr 04 2023 12: +0,1680606000
25.632,3,Apr 04 2023 17: +0,1680624000
24.909,1,Apr 04 2023 18: +0,1680627600
28.522,2,Apr 04 2023 20: +0,1680634800
24.496,2,Apr 04 2023 23: +0,1680645600
29.509,1,Apr 05 2023 00: +0,1680649200
25.239,1,Apr 05 2023 02: +0,1680656400
21.837,2,Apr 05 2023 05: +0,1680667200
28.078,3,Apr 05 2023 07: +0,1680674400
26.002,1,Apr 05 2023 12: +0,1680692400
21.933,1,Apr 05 2023 16: +0,1680706800
27.289,1,Apr 05 2023 17: +0,1680710400
26.754,1,Apr 05 2023 18: +0,1680714000
26.754,1,Apr 05 2023 20: +0,1680721200
22.077,1,Apr 05 2023 22: +0,1680728400
27.308,1,Apr 06 2023 01: +0,1680739200
26.827,1,Apr 06 2023 02: +0,1680742800
25.708,1,Apr 06 2023 17: +0,1680796800
26.021,2,Apr 06 2023 20: +0,1680807600
30.276,1,Apr 06 2023 21: +0,1680811200
34.691,1,Apr 06 2023 22: +0,1680814800
22.049,1,Apr 07 2023 00: +0,1680822000
21.739,1,Apr 07 2023 10: +0,1680858000
25.194,1,Apr 07 2023 11: +0,1680861600
22.842,3,Apr 07 2023 21: +0,1680897600
22.975,2,Apr 07 2023 22: +0,1680901200
23.368,3,Apr 07 2023 23: +0,1680904800
23.314,2,Apr 08 2023 03: +0,1680919200
25.249,1,Apr 08 2023 05: +0,1680926400
23.983,2,Apr 08 2023 07: +0,1680933600
21.971,2,Apr 08 2023 09: +0,1680940800
25.748,1,Apr 08 2023 11: +0,1680948000
26.503,2,Apr 08 2023 18: +0,1680973200
27.248,2,Apr 08 2023 19: +0,1680976800
28.761,2,Apr 08 2023 20: +0,1680980400
28.814,1,Apr 08 2023 21: +0,1680984000
24.596,1,Apr 08 2023 22: +0,1680987600
26.959,1,Apr 09 2023 02: +0,1681002000
28.464,1,Apr 09 2023 03: +0,1681005600
24.384,1,Apr 09 2023 04: +0,1681009200
28.104,1,Apr 09 2023 05: +0,1681012800
28.174,2,Apr 09 2023 06: +0,1681016400
25.939,2,Apr 09 2023 19: +0,1681063200
29.085,1,Apr 09 2023 21: +0,1681070400
23.751,1,Apr 10 2023 01: +0,1681084800
22.177,1,Apr 10 2023 03: +0,1681092000
22.048,1,Apr 10 2023 04: +0,1681095600
28.217,1,Apr 10 2023 06: +0,1681102800
25.809,1,Apr 10 2023 10: +0,1681117200
29.011,1,Apr 10 2023 14: +0,1681131600
28.024,2,Apr 10 2023 17: +0,1681142400
28.306,1,Apr 10 2023 18: +0,1681146000
25.012,1,Apr 11 2023 01: +0,1681171200
26.863,1,Apr 11 2023 03: +0,1681178400
26.995,1,Apr 11 2023 04: +0,1681182000
25.743,1,Apr 11 2023 05: +0,1681185600
23.852,1,Apr 11 2023 09: +0,1681200000
26.473,1,Apr 11 2023 11: +0,1681207200
23.261,1,Apr 11 2023 13: +0,1681214400
26.751,3,Apr 11 2023 16: +0,1681225200
20.009,1,Apr 11 2023 17: +0,1681228800
27.361,1,Apr 11 2023 18: +0,1681232400
22.467,1,Apr 11 2023 20: +0,1681239600
20.887,1,Apr 11 2023 21: +0,1681243200
27.825,1,Apr 12 2023 01: +0,1681257600
23.461,1,Apr 12 2023 04: +0,1681268400
23.571,2,Apr 12 2023 05: +0,1681272000
26.124,1,Apr 12 2023 10: +0,1681290000
23.446,1,Apr 12 2023 13: +0,1681300800
27.928,1,Apr 12 2023 17: +0,1681315200
27.791,1,Apr 12 2023 18: +0,1681318800
28.27,1,Apr 12 2023 21: +0,1681329600
25.864,2,Apr 12 2023 23: +0,1681336800
23.582,1,Apr 13 2023 00: +0,1681340400
30.929,2,Apr 13 2023 01: +0,1681344000
28.006,1,Apr 13 2023 02: +0,1681347600
23.662,1,Apr 13 2023 05: +0,1681358400
26.453,4,Apr 13 2023 18: +0,1681405200
24.055,1,Apr 13 2023 19: +0,1681408800
27.339,2,Apr 13 2023 20: +0,1681412400
26.74,1,Apr 13 2023 21: +0,1681416000
28.342,2,Apr 13 2023 23: +0,1681423200
25.154,1,Apr 14 2023 10: +0,1681462800
29.414,1,Apr 14 2023 14: +0,1681477200
29.407,1,Apr 14 2023 17: +0,1681488000
31.953,1,Apr 14 2023 19: +0,1681495200
26.704,2,Apr 14 2023 20: +0,1681498800
24.953,1,Apr 14 2023 21: +0,1681502400
29.148,1,Apr 15 2023 00: +0,1681513200
30.937,1,Apr 15 2023 01: +0,1681516800
31.518,1,Apr 15 2023 02: +0,1681520400
25.454,1,Apr 15 2023 03: +0,1681524000
28.527,2,Apr 15 2023 07: +0,1681538400
27.368,1,Apr 15 2023 10: +0,1681549200
29.396,1,Apr 15 2023 18: +0,1681578000
29.404,1,Apr 15 2023 19: +0,1681581600
34.322,5,Apr 15 2023 22: +0,1681592400
29.678,1,Apr 16 2023 01: +0,1681603200
32.71,1,Apr 16 2023 03: +0,1681610400
29.613,2,Apr 16 2023 04: +0,1681614000
25.731,1,Apr 16 2023 09: +0,1681632000
31.942,1,Apr 16 2023 14: +0,1681650000
30.937,1,Apr 16 2023 19: +0,1681668000
32.349,1,Apr 16 2023 21: +0,1681675200
25.796,1,Apr 16 2023 22: +0,1681678800
32.349,1,Apr 16 2023 23: +0,1681682400
29.413,1,Apr 17 2023 03: +0,1681696800
30.488,1,Apr 17 2023 04: +0,1681700400
28.379,2,Apr 17 2023 05: +0,1681704000
30.394,1,Apr 17 2023 10: +0,1681722000
34.165,1,Apr 17 2023 18: +0,1681750800
31.706,1,Apr 17 2023 19: +0,1681754400
26.162,1,Apr 17 2023 21: +0,1681761600
31.253,1,Apr 17 2023 22: +0,1681765200
26.153,1,Apr 18 2023 01: +0,1681776000
27.878,2,Apr 18 2023 04: +0,1681786800
30.872,1,Apr 18 2023 06: +0,1681794000
28.367,2,Apr 18 2023 09: +0,1681804800
29.465,1,Apr 18 2023 11: +0,1681812000
27.666,2,Apr 18 2023 13: +0,1681819200
26.083,1,Apr 18 2023 17: +0,1681833600
27.411,2,Apr 18 2023 18: +0,1681837200
29.814,1,Apr 18 2023 20: +0,1681844400
30.773,1,Apr 18 2023 23: +0,1681855200
30.652,1,Apr 19 2023 02: +0,1681866000
30.95,1,Apr 19 2023 03: +0,1681869600
31.123,1,Apr 19 2023 08: +0,1681887600
26.524,2,Apr 19 2023 09: +0,1681891200
31.087,1,Apr 19 2023 16: +0,1681916400
31.092,1,Apr 19 2023 22: +0,1681938000
31.116,1,Apr 20 2023 00: +0,1681945200
26.595,1,Apr 20 2023 03: +0,1681956000
31.205,1,Apr 20 2023 04: +0,1681959600
29.981,1,Apr 20 2023 10: +0,1681981200
31.205,1,Apr 20 2023 12: +0,1681988400
26.692,3,Apr 20 2023 16: +0,1682002800
30.132,1,Apr 20 2023 19: +0,1682013600
26.371,1,Apr 20 2023 21: +0,1682020800
28.473,1,Apr 21 2023 01: +0,1682035200
29.762,1,Apr 21 2023 04: +0,1682046000
29.779,1,Apr 21 2023 10: +0,1682067600
25.45,1,Apr 21 2023 12: +0,1682074800
29.949,1,Apr 21 2023 13: +0,1682078400
30.028,1,Apr 21 2023 14: +0,1682082000
39.226,1,Apr 21 2023 15: +0,1682085600
31.141,1,Apr 21 2023 16: +0,1682089200
27.815,1,Apr 21 2023 18: +0,1682096400
29.98,1,Apr 21 2023 20: +0,1682103600
26.447,2,Apr 21 2023 21: +0,1682107200
27.557,2,Apr 21 2023 22: +0,1682110800
27.393,2,Apr 21 2023 23: +0,1682114400
26.43,2,Apr 22 2023 01: +0,1682121600
28.949,1,Apr 22 2023 02: +0,1682125200
29.89,2,Apr 22 2023 03: +0,1682128800
29.013,1,Apr 22 2023 05: +0,1682136000
30.625,1,Apr 22 2023 07: +0,1682143200
32.485,2,Apr 22 2023 09: +0,1682150400
31.9,2,Apr 22 2023 11: +0,1682157600
30.917,1,Apr 22 2023 15: +0,1682172000
31.252,3,Apr 22 2023 17: +0,1682179200
31.806,1,Apr 22 2023 20: +0,1682190000
31.424,3,Apr 23 2023 00: +0,1682204400
31.439,1,Apr 23 2023 08: +0,1682233200
28.649,1,Apr 23 2023 11: +0,1682244000
28.516,2,Apr 23 2023 14: +0,1682254800
30.353,1,Apr 23 2023 15: +0,1682258400
28.577,1,Apr 23 2023 17: +0,1682265600
28.649,2,Apr 23 2023 18: +0,1682269200
28.649,2,Apr 23 2023 19: +0,1682272800
29.685,1,Apr 23 2023 20: +0,1682276400
28.83,2,Apr 23 2023 22: +0,1682283600
29.443,2,Apr 24 2023 00: +0,1682290800
30.354,1,Apr 24 2023 01: +0,1682294400
30.362,1,Apr 24 2023 03: +0,1682301600
31.367,1,Apr 24 2023 05: +0,1682308800
32.164,1,Apr 24 2023 06: +0,1682312400
31.551,1,Apr 24 2023 07: +0,1682316000
30.475,1,Apr 24 2023 12: +0,1682334000
30.917,3,Apr 24 2023 15: +0,1682344800
31.182,1,Apr 24 2023 16: +0,1682348400
32.171,1,Apr 24 2023 20: +0,1682362800
36.031,2,Apr 24 2023 21: +0,1682366400
34.041,1,Apr 24 2023 22: +0,1682370000
25.217,1,Apr 25 2023 01: +0,1682380800
25.422,2,Apr 25 2023 02: +0,1682384400
25.713,1,Apr 25 2023 03: +0,1682388000
31.295,1,Apr 25 2023 06: +0,1682398800
25.472,1,Apr 25 2023 08: +0,1682406000
25.786,1,Apr 25 2023 09: +0,1682409600
29.893,2,Apr 25 2023 10: +0,1682413200
28.897,1,Apr 25 2023 12: +0,1682420400
25.597,2,Apr 25 2023 14: +0,1682427600
24.756,1,Apr 25 2023 15: +0,1682431200
23.08,1,Apr 25 2023 17: +0,1682438400
23.052,1,Apr 25 2023 18: +0,1682442000
28.411,1,Apr 25 2023 20: +0,1682449200
24.236,1,Apr 25 2023 21: +0,1682452800
26.497,1,Apr 26 2023 06: +0,1682485200
23.867,1,Apr 26 2023 08: +0,1682492400
25.796,2,Apr 26 2023 10: +0,1682499600
23.891,1,Apr 26 2023 13: +0,1682510400
25.682,1,Apr 26 2023 14: +0,1682514000
25.568,1,Apr 26 2023 15: +0,1682517600
23.912,1,Apr 26 2023 16: +0,1682521200
23.719,1,Apr 26 2023 17: +0,1682524800
23.886,1,Apr 26 2023 18: +0,1682528400
25.496,1,Apr 26 2023 20: +0,1682535600
23.956,3,Apr 26 2023 21: +0,1682539200
25.697,1,Apr 27 2023 00: +0,1682550000
29.853,1,Apr 27 2023 02: +0,1682557200
25.973,1,Apr 27 2023 11: +0,1682589600
25.622,4,Apr 27 2023 16: +0,1682607600
25.6,1,Apr 27 2023 17: +0,1682611200
25.148,3,Apr 27 2023 20: +0,1682622000
26.077,2,Apr 27 2023 22: +0,1682629200
27.533,1,Apr 28 2023 00: +0,1682636400
27.893,1,Apr 28 2023 03: +0,1682647200
23.99,1,Apr 28 2023 04: +0,1682650800
23.862,1,Apr 28 2023 05: +0,1682654400
24.014,1,Apr 28 2023 10: +0,1682672400
23.494,1,Apr 28 2023 15: +0,1682690400
23.67,3,Apr 28 2023 16: +0,1682694000
25.027,2,Apr 28 2023 17: +0,1682697600
25.186,2,Apr 28 2023 22: +0,1682715600
32.144,2,Apr 29 2023 00: +0,1682722800
26.397,1,Apr 29 2023 02: +0,1682730000
30.269,1,Apr 29 2023 04: +0,1682737200
26.405,1,Apr 29 2023 05: +0,1682740800
26.409,1,Apr 29 2023 06: +0,1682744400
28.425,1,Apr 29 2023 07: +0,1682748000
27.845,1,Apr 29 2023 10: +0,1682758800
23.71,1,Apr 29 2023 13: +0,1682769600
22.017,1,Apr 29 2023 15: +0,1682776800
26.7,1,Apr 29 2023 19: +0,1682791200
23.2,1,Apr 29 2023 20: +0,1682794800
22.014,1,Apr 29 2023 22: +0,1682802000
27.805,1,Apr 29 2023 23: +0,1682805600
23.87,1,Apr 30 2023 00: +0,1682809200
23.886,1,Apr 30 2023 03: +0,1682820000
27.717,1,Apr 30 2023 04: +0,1682823600
27.869,1,Apr 30 2023 05: +0,1682827200
24.656,1,Apr 30 2023 10: +0,1682845200
27.742,1,Apr 30 2023 13: +0,1682856000
27.794,1,Apr 30 2023 15: +0,1682863200
26.797,1,Apr 30 2023 17: +0,1682870400
27.97,1,Apr 30 2023 18: +0,1682874000
29.92,2,Apr 30 2023 22: +0,1682888400
24.657,2,May 01 2023 01: +0,1682899200
21.471,1,May 01 2023 02: +0,1682902800
20.008,1,May 01 2023 04: +0,1682910000
26.395,1,May 01 2023 10: +0,1682931600
26.405,1,May 01 2023 13: +0,1682942400
27.742,1,May 01 2023 15: +0,1682949600
26.958,1,May 01 2023 17: +0,1682956800
22.318,1,May 01 2023 19: +0,1682964000
23.679,1,May 01 2023 20: +0,1682967600
26.488,1,May 01 2023 21: +0,1682971200
22.558,1,May 01 2023 22: +0,1682974800
27.884,1,May 02 2023 00: +0,1682982000
27.21,2,May 02 2023 02: +0,1682989200
24.555,1,May 02 2023 12: +0,1683025200
27.238,2,May 02 2023 16: +0,1683039600
30.285,1,May 02 2023 18: +0,1683046800
27.994,3,May 02 2023 19: +0,1683050400
25.819,2,May 02 2023 20: +0,1683054000
23.398,1,May 02 2023 21: +0,1683057600
28.408,4,May 03 2023 00: +0,1683068400
25.173,1,May 03 2023 01: +0,1683072000
23.158,1,May 03 2023 02: +0,1683075600
23.158,1,May 03 2023 06: +0,1683090000
29.853,1,May 03 2023 12: +0,1683111600
26.793,2,May 03 2023 14: +0,1683118800
31.148,2,May 03 2023 16: +0,1683126000
28.861,1,May 03 2023 19: +0,1683136800
29.005,1,May 03 2023 22: +0,1683147600
30.145,1,May 04 2023 03: +0,1683165600
24.702,1,May 04 2023 07: +0,1683180000
29.906,1,May 04 2023 09: +0,1683187200
24.718,1,May 04 2023 10: +0,1683190800
29.914,2,May 04 2023 16: +0,1683212400
37.755,2,May 04 2023 19: +0,1683223200
24.131,1,May 04 2023 22: +0,1683234000
27.415,2,May 05 2023 01: +0,1683244800
28.671,1,May 05 2023 03: +0,1683252000
23.579,1,May 05 2023 04: +0,1683255600
29.332,1,May 05 2023 05: +0,1683259200
25.416,1,May 05 2023 06: +0,1683262800
28.169,1,May 05 2023 07: +0,1683266400
24.792,1,May 05 2023 09: +0,1683273600
22.907,1,May 05 2023 11: +0,1683280800
22.856,1,May 05 2023 12: +0,1683284400
23.54,1,May 05 2023 16: +0,1683298800
22.293,2,May 05 2023 17: +0,1683302400
25.299,1,May 05 2023 18: +0,1683306000
24.528,1,May 05 2023 19: +0,1683309600
25.322,3,May 05 2023 21: +0,1683316800
25.336,1,May 05 2023 22: +0,1683320400
25.598,1,May 05 2023 23: +0,1683324000
23.577,1,May 06 2023 01: +0,1683331200
23.59,1,May 06 2023 02: +0,1683334800
26.377,2,May 06 2023 04: +0,1683342000
22.342,1,May 06 2023 11: +0,1683367200
26.269,2,May 06 2023 13: +0,1683374400
25.26,1,May 06 2023 15: +0,1683381600
20.545,1,May 06 2023 16: +0,1683385200
25.14,2,May 06 2023 17: +0,1683388800
25.483,1,May 06 2023 19: +0,1683396000
24.014,3,May 06 2023 22: +0,1683406800
26.715,1,May 06 2023 23: +0,1683410400
24.767,2,May 07 2023 00: +0,1683414000
28.687,1,May 07 2023 02: +0,1683421200
22.445,1,May 07 2023 06: +0,1683435600
25.443,1,May 07 2023 07: +0,1683439200
29.157,1,May 07 2023 11: +0,1683453600
26.721,1,May 07 2023 13: +0,1683460800
23.608,2,May 07 2023 16: +0,1683471600
28.766,1,May 07 2023 17: +0,1683475200
24.473,1,May 07 2023 18: +0,1683478800
29.454,1,May 07 2023 20: +0,1683486000
22.883,1,May 07 2023 21: +0,1683489600
26.2,1,May 07 2023 22: +0,1683493200
25.169,2,May 07 2023 23: +0,1683496800
22.675,3,May 08 2023 00: +0,1683500400
27.55,1,May 08 2023 09: +0,1683532800
22.277,1,May 08 2023 12: +0,1683543600
22.309,3,May 08 2023 13: +0,1683547200
26.503,1,May 08 2023 15: +0,1683554400
26.057,1,May 08 2023 19: +0,1683568800
23.832,1,May 08 2023 21: +0,1683576000
23.221,1,May 08 2023 22: +0,1683579600
25.559,1,May 08 2023 23: +0,1683583200
26.67,3,May 09 2023 01: +0,1683590400
21.985,1,May 09 2023 02: +0,1683594000
25.982,1,May 09 2023 03: +0,1683597600
26.182,1,May 09 2023 05: +0,1683604800
26.611,1,May 09 2023 07: +0,1683612000
23.986,1,May 09 2023 15: +0,1683640800
25.237,1,May 09 2023 16: +0,1683644400
22.338,1,May 09 2023 18: +0,1683651600
22.216,1,May 09 2023 20: +0,1683658800
25.482,1,May 09 2023 21: +0,1683662400
25.268,1,May 09 2023 22: +0,1683666000
26.232,1,May 09 2023 23: +0,1683669600
26.595,1,May 10 2023 01: +0,1683676800
26.607,1,May 10 2023 07: +0,1683698400
25.226,1,May 10 2023 11: +0,1683712800
26.614,1,May 10 2023 12: +0,1683716400
27.554,1,May 10 2023 13: +0,1683720000
22.188,1,May 10 2023 16: +0,1683730800
26.263,1,May 10 2023 19: +0,1683741600
27.23,1,May 10 2023 23: +0,1683756000
28.681,4,May 11 2023 02: +0,1683766800
27.027,1,May 11 2023 04: +0,1683774000
27.982,1,May 11 2023 06: +0,1683781200
23.13,1,May 11 2023 11: +0,1683799200
26.265,2,May 11 2023 15: +0,1683813600
25.838,1,May 11 2023 20: +0,1683831600
26.147,2,May 11 2023 21: +0,1683835200
24.005,1,May 11 2023 22: +0,1683838800
28.567,1,May 12 2023 03: +0,1683856800
22.423,1,May 12 2023 04: +0,1683860400
25.232,2,May 12 2023 05: +0,1683864000
28.212,1,May 12 2023 06: +0,1683867600
29.276,2,May 12 2023 08: +0,1683874800
23.413,1,May 12 2023 09: +0,1683878400
25.051,1,May 12 2023 11: +0,1683885600
23.611,1,May 12 2023 12: +0,1683889200
24.005,1,May 12 2023 14: +0,1683896400
39.223,1,May 12 2023 16: +0,1683903600
27.985,1,May 12 2023 18: +0,1683910800
23.589,1,May 12 2023 22: +0,1683925200
23.541,1,May 12 2023 23: +0,1683928800
27.615,1,May 13 2023 03: +0,1683943200
23.3,1,May 13 2023 06: +0,1683954000
26.454,1,May 13 2023 12: +0,1683975600
25.576,2,May 13 2023 14: +0,1683982800
23.114,1,May 13 2023 16: +0,1683990000
27.591,1,May 13 2023 17: +0,1683993600
27.215,1,May 13 2023 20: +0,1684004400
27.651,2,May 13 2023 23: +0,1684015200
23.108,1,May 14 2023 01: +0,1684022400
29.104,1,May 14 2023 04: +0,1684033200
27.615,1,May 14 2023 08: +0,1684047600
22.997,1,May 14 2023 14: +0,1684069200
23.06,1,May 14 2023 17: +0,1684080000
23.063,1,May 14 2023 19: +0,1684087200
22.989,1,May 14 2023 20: +0,1684090800
23.057,1,May 14 2023 21: +0,1684094400
24.856,1,May 15 2023 02: +0,1684112400
22.86,1,May 15 2023 12: +0,1684148400
22.612,1,May 15 2023 14: +0,1684155600
24.708,1,May 15 2023 16: +0,1684162800
22.494,1,May 15 2023 18: +0,1684170000
21.333,1,May 15 2023 21: +0,1684180800
21.735,1,May 15 2023 22: +0,1684184400
23.98,1,May 16 2023 02: +0,1684198800
26.374,1,May 16 2023 17: +0,1684252800
26.378,3,May 16 2023 20: +0,1684263600
27.092,2,May 16 2023 21: +0,1684267200
27.518,1,May 16 2023 22: +0,1684270800
26.426,1,May 17 2023 03: +0,1684288800
31.19,1,May 17 2023 09: +0,1684310400
23.137,1,May 17 2023 11: +0,1684317600
24.111,1,May 17 2023 18: +0,1684342800
26.905,3,May 17 2023 19: +0,1684346400
28.072,2,May 18 2023 00: +0,1684364400
26.924,1,May 18 2023 01: +0,1684368000
27.783,1,May 18 2023 02: +0,1684371600
21.815,1,May 18 2023 17: +0,1684425600
25.906,2,May 18 2023 18: +0,1684429200
26.078,1,May 18 2023 19: +0,1684432800
25.816,1,May 18 2023 22: +0,1684443600
28.945,1,May 19 2023 00: +0,1684450800
26.107,1,May 19 2023 04: +0,1684465200
26.002,1,May 19 2023 06: +0,1684472400
29.146,1,May 19 2023 08: +0,1684479600
22.658,1,May 19 2023 09: +0,1684483200
26.905,1,May 19 2023 11: +0,1684490400
23.406,1,May 19 2023 13: +0,1684497600
23.401,1,May 19 2023 14: +0,1684501200
23.198,1,May 19 2023 17: +0,1684512000
26.492,1,May 19 2023 18: +0,1684515600
26.453,1,May 19 2023 19: +0,1684519200
26.452,1,May 19 2023 20: +0,1684522800
26.451,1,May 19 2023 21: +0,1684526400
22.577,1,May 19 2023 23: +0,1684533600
26.688,2,May 20 2023 01: +0,1684540800
22.585,1,May 20 2023 02: +0,1684544400
29.661,1,May 20 2023 03: +0,1684548000
27.964,1,May 20 2023 04: +0,1684551600
28.161,2,May 20 2023 06: +0,1684558800
22.731,1,May 20 2023 07: +0,1684562400
28.045,1,May 20 2023 08: +0,1684566000
28.12,2,May 20 2023 09: +0,1684569600
23.188,1,May 20 2023 12: +0,1684580400
23.212,1,May 20 2023 13: +0,1684584000
23.204,1,May 20 2023 15: +0,1684591200
25.472,2,May 20 2023 16: +0,1684594800
25.392,2,May 20 2023 18: +0,1684602000
27.768,1,May 20 2023 19: +0,1684605600
26.606,1,May 21 2023 00: +0,1684623600
27.757,1,May 21 2023 01: +0,1684627200
24.052,1,May 21 2023 08: +0,1684652400
22.974,1,May 21 2023 11: +0,1684663200
24.078,2,May 21 2023 15: +0,1684677600
27.351,1,May 21 2023 17: +0,1684684800
25.061,2,May 21 2023 19: +0,1684692000
25.859,1,May 22 2023 05: +0,1684728000
31.383,2,May 22 2023 08: +0,1684738800
24.955,1,May 22 2023 10: +0,1684746000
26.605,1,May 22 2023 12: +0,1684753200
28.14,1,May 22 2023 15: +0,1684764000
22.688,2,May 22 2023 18: +0,1684774800
24.714,1,May 22 2023 19: +0,1684778400
21.894,1,May 22 2023 21: +0,1684785600
29.835,1,May 23 2023 00: +0,1684796400
27.28,1,May 23 2023 01: +0,1684800000
26.079,1,May 23 2023 08: +0,1684825200
22.723,1,May 23 2023 12: +0,1684839600
22.837,1,May 23 2023 13: +0,1684843200
26.58,1,May 23 2023 16: +0,1684854000
25.06,2,May 23 2023 18: +0,1684861200
27.037,1,May 23 2023 22: +0,1684875600
39.398,1,May 23 2023 23: +0,1684879200
27.037,4,May 24 2023 01: +0,1684886400
28.042,1,May 24 2023 02: +0,1684890000
22.825,1,May 24 2023 05: +0,1684900800
27.732,1,May 24 2023 06: +0,1684904400
28.544,1,May 24 2023 08: +0,1684911600
28.195,1,May 24 2023 17: +0,1684944000
28.18,1,May 24 2023 19: +0,1684951200
30.326,1,May 24 2023 20: +0,1684954800
24.863,2,May 24 2023 23: +0,1684965600
26.726,1,May 25 2023 15: +0,1685023200
27.078,1,May 25 2023 16: +0,1685026800
25.182,1,May 25 2023 19: +0,1685037600
27.04,1,May 25 2023 20: +0,1685041200
28.405,1,May 25 2023 22: +0,1685048400
28.917,1,May 26 2023 07: +0,1685080800
23.262,1,May 26 2023 12: +0,1685098800
23.305,1,May 26 2023 14: +0,1685106000
27.029,1,May 26 2023 22: +0,1685134800
26.644,2,May 27 2023 02: +0,1685149200
27.377,1,May 27 2023 04: +0,1685156400
23.193,1,May 27 2023 12: +0,1685185200
23.054,2,May 27 2023 13: +0,1685188800
28.323,1,May 27 2023 16: +0,1685199600
26.017,1,May 27 2023 20: +0,1685214000
26.697,1,May 27 2023 22: +0,1685221200
22.946,1,May 28 2023 00: +0,1685228400
26.705,1,May 28 2023 01: +0,1685232000
27.193,1,May 28 2023 05: +0,1685246400
28.044,1,May 28 2023 06: +0,1685250000
42.487,1,May 28 2023 12: +0,1685271600
23.055,1,May 28 2023 14: +0,1685278800
27.003,1,May 28 2023 17: +0,1685289600
27.012,1,May 28 2023 21: +0,1685304000
23.055,1,May 28 2023 22: +0,1685307600
28.261,1,May 29 2023 01: +0,1685318400
28.218,1,May 29 2023 04: +0,1685329200
23.128,1,May 29 2023 08: +0,1685343600
23.435,1,May 29 2023 10: +0,1685350800
26.803,1,May 29 2023 16: +0,1685372400
27.184,2,May 29 2023 18: +0,1685379600
27.628,1,May 29 2023 19: +0,1685383200
23.196,1,May 29 2023 20: +0,1685386800
26.298,2,May 29 2023 21: +0,1685390400
24.96,1,May 29 2023 23: +0,1685397600
27.652,1,May 30 2023 00: +0,1685401200
31.107,1,May 30 2023 01: +0,1685404800
24.277,1,May 30 2023 03: +0,1685412000
24.52,1,May 30 2023 09: +0,1685433600
30.705,1,May 30 2023 10: +0,1685437200
24.303,1,May 30 2023 11: +0,1685440800
32.361,1,May 30 2023 12: +0,1685444400
26.517,1,May 30 2023 14: +0,1685451600
24.544,1,May 30 2023 15: +0,1685455200
39.993,1,May 30 2023 18: +0,1685466000
28.637,2,May 30 2023 20: +0,1685473200
27.319,2,May 30 2023 21: +0,1685476800
24.271,1,May 30 2023 23: +0,1685484000
20.229,1,May 31 2023 00: +0,1685487600
27.886,2,May 31 2023 02: +0,1685494800
25.119,2,May 31 2023 12: +0,1685530800
27.735,1,May 31 2023 13: +0,1685534400
27.768,1,May 31 2023 16: +0,1685545200
24.297,1,May 31 2023 17: +0,1685548800
27.318,1,May 31 2023 19: +0,1685556000
26.355,2,May 31 2023 20: +0,1685559600
32.585,1,May 31 2023 22: +0,1685566800
28.321,1,May 31 2023 23: +0,1685570400
26.719,2,Jun 01 2023 00: +0,1685574000
28.208,1,Jun 01 2023 01: +0,1685577600
28.79,1,Jun 01 2023 03: +0,1685584800
29.346,1,Jun 01 2023 05: +0,1685592000
29.808,1,Jun 01 2023 11: +0,1685613600
30.452,1,Jun 01 2023 14: +0,1685624400
26.444,2,Jun 01 2023 16: +0,1685631600
24.175,1,Jun 01 2023 18: +0,1685638800
29.317,1,Jun 01 2023 20: +0,1685646000
29.489,2,Jun 01 2023 21: +0,1685649600
25.205,1,Jun 02 2023 01: +0,1685664000
30.352,2,Jun 02 2023 04: +0,1685674800
25.815,1,Jun 02 2023 13: +0,1685707200
31.08,1,Jun 02 2023 17: +0,1685721600
31.08,1,Jun 02 2023 18: +0,1685725200
39.338,1,Jun 02 2023 19: +0,1685728800
25.573,1,Jun 02 2023 20: +0,1685732400
29.646,1,Jun 02 2023 23: +0,1685743200
27.927,2,Jun 03 2023 10: +0,1685782800
31.133,3,Jun 03 2023 11: +0,1685786400
25.764,1,Jun 03 2023 15: +0,1685800800
31.11,1,Jun 03 2023 18: +0,1685811600
29.302,1,Jun 03 2023 19: +0,1685815200
25.374,2,Jun 03 2023 21: +0,1685822400
31.282,1,Jun 03 2023 22: +0,1685826000
31.682,1,Jun 04 2023 01: +0,1685836800
27.617,2,Jun 04 2023 04: +0,1685847600
29.354,1,Jun 04 2023 06: +0,1685854800
29.271,1,Jun 04 2023 08: +0,1685862000
39.13,1,Jun 04 2023 15: +0,1685887200
26.202,1,Jun 04 2023 17: +0,1685894400
30.623,1,Jun 04 2023 21: +0,1685908800
30.141,1,Jun 04 2023 22: +0,1685912400
28.802,1,Jun 04 2023 23: +0,1685916000
28.802,1,Jun 05 2023 00: +0,1685919600
30.13,1,Jun 05 2023 01: +0,1685923200
36.004,1,Jun 05 2023 12: +0,1685962800
30.348,2,Jun 05 2023 16: +0,1685977200
32.481,2,Jun 05 2023 20: +0,1685991600
33.706,1,Jun 05 2023 22: +0,1685998800
28.233,1,Jun 06 2023 00: +0,1686006000
30.448,1,Jun 06 2023 04: +0,1686020400
34.37,1,Jun 06 2023 07: +0,1686031200
31.994,1,Jun 06 2023 09: +0,1686038400
33.181,2,Jun 06 2023 13: +0,1686052800
30.48,2,Jun 06 2023 17: +0,1686067200
26.594,1,Jun 06 2023 22: +0,1686085200
26.402,1,Jun 07 2023 09: +0,1686124800
31.96,1,Jun 07 2023 18: +0,1686157200
32.638,2,Jun 07 2023 19: +0,1686160800
33.07,2,Jun 07 2023 23: +0,1686175200
35.058,1,Jun 08 2023 00: +0,1686178800
33.428,1,Jun 08 2023 01: +0,1686182400
34.285,1,Jun 08 2023 02: +0,1686186000
34.496,1,Jun 08 2023 05: +0,1686196800
33.677,1,Jun 08 2023 12: +0,1686222000
29.141,1,Jun 08 2023 16: +0,1686236400
34.446,1,Jun 08 2023 17: +0,1686240000
29.917,1,Jun 08 2023 19: +0,1686247200
30.658,1,Jun 08 2023 23: +0,1686261600
34.436,1,Jun 09 2023 00: +0,1686265200
28.818,1,Jun 09 2023 01: +0,1686268800
34.645,2,Jun 09 2023 05: +0,1686283200
34.226,3,Jun 09 2023 19: +0,1686333600
33.73,1,Jun 09 2023 22: +0,1686344400
34.184,1,Jun 10 2023 03: +0,1686362400
34.702,1,Jun 10 2023 04: +0,1686366000
33.41,1,Jun 10 2023 06: +0,1686373200
33.545,3,Jun 10 2023 10: +0,1686387600
28.557,2,Jun 10 2023 11: +0,1686391200
34.408,1,Jun 10 2023 12: +0,1686394800
33.138,3,Jun 10 2023 13: +0,1686398400
33.569,1,Jun 10 2023 17: +0,1686412800
33.991,2,Jun 10 2023 18: +0,1686416400
31.581,2,Jun 10 2023 23: +0,1686434400
35.668,1,Jun 11 2023 03: +0,1686448800
34.172,1,Jun 11 2023 07: +0,1686463200
28.372,1,Jun 11 2023 08: +0,1686466800
33.947,2,Jun 11 2023 10: +0,1686474000
33.697,1,Jun 11 2023 11: +0,1686477600
48.255,2,Jun 11 2023 14: +0,1686488400
32.97,1,Jun 11 2023 23: +0,1686520800
33.451,1,Jun 12 2023 01: +0,1686528000
32.718,2,Jun 12 2023 02: +0,1686531600
28.382,1,Jun 12 2023 03: +0,1686535200
33.696,1,Jun 12 2023 04: +0,1686538800
33.696,1,Jun 12 2023 05: +0,1686542400
28.389,2,Jun 12 2023 12: +0,1686567600
28.332,1,Jun 12 2023 13: +0,1686571200
30.28,2,Jun 12 2023 14: +0,1686574800
32.355,1,Jun 12 2023 17: +0,1686585600
32.394,3,Jun 12 2023 18: +0,1686589200
26.936,1,Jun 13 2023 00: +0,1686610800
31.984,1,Jun 13 2023 08: +0,1686639600
32.031,1,Jun 13 2023 10: +0,1686646800
28.663,1,Jun 13 2023 11: +0,1686650400
32.034,1,Jun 13 2023 13: +0,1686657600
31.471,1,Jun 13 2023 15: +0,1686664800
31.989,3,Jun 13 2023 17: +0,1686672000
56.79,1,Jun 13 2023 19: +0,1686679200
28.324,1,Jun 13 2023 20: +0,1686682800
31.94,1,Jun 13 2023 22: +0,1686690000
32.101,1,Jun 13 2023 23: +0,1686693600
32.173,1,Jun 14 2023 00: +0,1686697200
33.27,1,Jun 14 2023 05: +0,1686715200
33.497,1,Jun 14 2023 08: +0,1686726000
33.804,1,Jun 14 2023 10: +0,1686733200
33.907,1,Jun 14 2023 11: +0,1686736800
34.162,1,Jun 14 2023 13: +0,1686744000
30.714,1,Jun 14 2023 15: +0,1686751200
39.24,2,Jun 14 2023 19: +0,1686765600
32.781,1,Jun 14 2023 20: +0,1686769200
34.153,1,Jun 14 2023 22: +0,1686776400
31.248,1,Jun 14 2023 23: +0,1686780000
33.333,1,Jun 15 2023 03: +0,1686794400
35.193,2,Jun 15 2023 06: +0,1686805200
34.178,1,Jun 15 2023 08: +0,1686812400
37.29,2,Jun 15 2023 14: +0,1686834000
30.444,2,Jun 15 2023 16: +0,1686841200
36.287,1,Jun 15 2023 18: +0,1686848400
25.454,1,Jun 15 2023 20: +0,1686855600
35.85,1,Jun 15 2023 23: +0,1686866400
32.11,1,Jun 16 2023 14: +0,1686920400
31.349,2,Jun 16 2023 18: +0,1686934800
29.411,2,Jun 16 2023 19: +0,1686938400
31.277,2,Jun 16 2023 23: +0,1686952800
31.192,1,Jun 17 2023 00: +0,1686956400
31.228,2,Jun 17 2023 01: +0,1686960000
31.193,1,Jun 17 2023 04: +0,1686970800
30.717,3,Jun 17 2023 05: +0,1686974400
32.643,1,Jun 17 2023 12: +0,1686999600
31.329,2,Jun 17 2023 15: +0,1687010400
32.686,1,Jun 17 2023 16: +0,1687014000
27.533,2,Jun 17 2023 17: +0,1687017600
34.803,1,Jun 17 2023 19: +0,1687024800
36.462,2,Jun 17 2023 23: +0,1687039200
29.883,1,Jun 18 2023 00: +0,1687042800
39.961,1,Jun 18 2023 01: +0,1687046400
31.981,1,Jun 18 2023 03: +0,1687053600
34.017,1,Jun 18 2023 07: +0,1687068000
28.958,2,Jun 18 2023 11: +0,1687082400
34.632,1,Jun 18 2023 12: +0,1687086000
31.707,1,Jun 18 2023 17: +0,1687104000
34.417,2,Jun 18 2023 22: +0,1687122000
34.157,1,Jun 19 2023 00: +0,1687129200
34.182,2,Jun 19 2023 02: +0,1687136400
34.438,1,Jun 19 2023 04: +0,1687143600
34.856,1,Jun 19 2023 06: +0,1687150800
33.33,1,Jun 19 2023 08: +0,1687158000
29.532,1,Jun 19 2023 09: +0,1687161600
33.338,1,Jun 19 2023 10: +0,1687165200
36.658,1,Jun 19 2023 12: +0,1687172400
33.294,1,Jun 19 2023 15: +0,1687183200
49.566,1,Jun 19 2023 21: +0,1687204800
33.553,1,Jun 20 2023 00: +0,1687215600
36.268,1,Jun 20 2023 03: +0,1687226400
33.553,1,Jun 20 2023 06: +0,1687237200
38.629,1,Jun 20 2023 07: +0,1687240800
31.728,1,Jun 20 2023 11: +0,1687255200
35.307,1,Jun 20 2023 18: +0,1687280400
31.998,1,Jun 21 2023 03: +0,1687312800
31.999,1,Jun 21 2023 06: +0,1687323600
32.826,1,Jun 21 2023 09: +0,1687334400
32.538,2,Jun 21 2023 13: +0,1687348800
31.728,1,Jun 21 2023 16: +0,1687359600
31.893,1,Jun 21 2023 17: +0,1687363200
33.341,1,Jun 21 2023 18: +0,1687366800
36.296,1,Jun 21 2023 20: +0,1687374000
28.179,1,Jun 22 2023 01: +0,1687392000
34.454,1,Jun 22 2023 02: +0,1687395600
31.628,2,Jun 22 2023 03: +0,1687399200
32.599,1,Jun 22 2023 08: +0,1687417200
31.0,2,Jun 22 2023 09: +0,1687420800
32.011,1,Jun 22 2023 10: +0,1687424400
32.011,1,Jun 22 2023 15: +0,1687442400
33.772,2,Jun 22 2023 18: +0,1687453200
34.526,1,Jun 22 2023 20: +0,1687460400
32.102,1,Jun 22 2023 22: +0,1687467600
32.225,1,Jun 23 2023 01: +0,1687478400
31.659,2,Jun 23 2023 09: +0,1687507200
33.655,1,Jun 23 2023 10: +0,1687510800
31.71,3,Jun 23 2023 11: +0,1687514400
30.661,1,Jun 23 2023 12: +0,1687518000
31.677,1,Jun 23 2023 13: +0,1687521600
31.584,1,Jun 23 2023 16: +0,1687532400
29.461,1,Jun 23 2023 18: +0,1687539600
32.808,1,Jun 23 2023 21: +0,1687550400
32.127,1,Jun 24 2023 02: +0,1687568400
32.737,2,Jun 24 2023 05: +0,1687579200
29.005,1,Jun 24 2023 08: +0,1687590000
29.06,1,Jun 24 2023 13: +0,1687608000
29.744,1,Jun 24 2023 20: +0,1687633200
29.013,1,Jun 24 2023 21: +0,1687636800
28.991,1,Jun 25 2023 01: +0,1687651200
28.942,1,Jun 25 2023 03: +0,1687658400
35.289,1,Jun 25 2023 05: +0,1687665600
28.014,1,Jun 25 2023 09: +0,1687680000
34.276,1,Jun 25 2023 10: +0,1687683600
31.583,1,Jun 25 2023 12: +0,1687690800
29.005,1,Jun 25 2023 14: +0,1687698000
28.989,1,Jun 25 2023 15: +0,1687701600
33.639,2,Jun 25 2023 16: +0,1687705200
27.531,1,Jun 25 2023 21: +0,1687723200
28.991,1,Jun 25 2023 22: +0,1687726800
33.688,2,Jun 26 2023 01: +0,1687737600
31.734,1,Jun 26 2023 04: +0,1687748400
42.127,1,Jun 26 2023 06: +0,1687755600
29.005,1,Jun 26 2023 07: +0,1687759200
28.746,1,Jun 26 2023 08: +0,1687762800
29.06,1,Jun 26 2023 12: +0,1687777200
27.876,1,Jun 26 2023 18: +0,1687798800
33.497,1,Jun 27 2023 09: +0,1687852800
31.479,2,Jun 27 2023 11: +0,1687860000
30.971,2,Jun 27 2023 15: +0,1687874400
34.05,1,Jun 27 2023 17: +0,1687881600
29.658,1,Jun 28 2023 13: +0,1687953600
29.11,1,Jun 28 2023 14: +0,1687957200
30.603,2,Jun 28 2023 20: +0,1687978800
32.787,1,Jun 29 2023 00: +0,1687993200
31.235,2,Jun 29 2023 03: +0,1688004000
30.983,1,Jun 29 2023 05: +0,1688011200
31.458,1,Jun 29 2023 11: +0,1688032800
31.206,2,Jun 29 2023 14: +0,1688043600
33.073,1,Jun 29 2023 15: +0,1688047200
28.062,1,Jun 29 2023 22: +0,1688072400
26.251,1,Jun 30 2023 01: +0,1688083200
29.666,3,Jun 30 2023 04: +0,1688094000
29.666,3,Jun 30 2023 05: +0,1688097600
26.365,2,Jun 30 2023 10: +0,1688115600
27.625,1,Jun 30 2023 11: +0,1688119200
27.238,2,Jun 30 2023 14: +0,1688130000
28.384,1,Jun 30 2023 19: +0,1688148000
29.485,2,Jul 01 2023 01: +0,1688169600
27.497,4,Jul 01 2023 05: +0,1688184000
28.384,1,Jul 01 2023 06: +0,1688187600
28.468,1,Jul 01 2023 09: +0,1688198400
26.752,1,Jul 01 2023 10: +0,1688202000
26.746,1,Jul 01 2023 19: +0,1688234400
28.984,1,Jul 01 2023 20: +0,1688238000
31.734,1,Jul 01 2023 21: +0,1688241600
36.624,1,Jul 01 2023 22: +0,1688245200
32.67,1,Jul 01 2023 23: +0,1688248800
28.31,1,Jul 02 2023 03: +0,1688263200
30.221,1,Jul 02 2023 05: +0,1688270400
26.707,1,Jul 02 2023 17: +0,1688313600
31.717,1,Jul 02 2023 18: +0,1688317200
26.618,1,Jul 02 2023 21: +0,1688328000
30.966,1,Jul 02 2023 22: +0,1688331600
26.612,1,Jul 03 2023 02: +0,1688346000
25.798,1,Jul 03 2023 03: +0,1688349600
25.782,1,Jul 03 2023 06: +0,1688360400
25.694,1,Jul 03 2023 07: +0,1688364000
25.771,1,Jul 03 2023 09: +0,1688371200
24.927,1,Jul 03 2023 10: +0,1688374800
22.78,1,Jul 03 2023 12: +0,1688382000
21.919,1,Jul 03 2023 13: +0,1688385600
29.947,1,Jul 03 2023 15: +0,1688392800
27.494,2,Jul 03 2023 18: +0,1688403600
29.071,1,Jul 03 2023 20: +0,1688410800
30.774,1,Jul 04 2023 03: +0,1688436000
30.955,1,Jul 04 2023 05: +0,1688443200
25.256,1,Jul 04 2023 06: +0,1688446800
25.216,1,Jul 04 2023 07: +0,1688450400
32.893,1,Jul 04 2023 08: +0,1688454000
30.701,1,Jul 04 2023 12: +0,1688468400
24.853,1,Jul 04 2023 13: +0,1688472000
30.684,1,Jul 04 2023 18: +0,1688490000
25.455,1,Jul 05 2023 03: +0,1688522400
32.717,1,Jul 05 2023 08: +0,1688540400
29.794,2,Jul 05 2023 17: +0,1688572800
25.35,1,Jul 05 2023 23: +0,1688594400
24.792,1,Jul 06 2023 08: +0,1688626800
33.638,1,Jul 06 2023 09: +0,1688630400
25.324,1,Jul 06 2023 13: +0,1688644800
25.223,1,Jul 06 2023 15: +0,1688652000
25.314,1,Jul 06 2023 16: +0,1688655600
34.105,1,Jul 06 2023 19: +0,1688666400
24.672,1,Jul 06 2023 21: +0,1688673600
33.964,1,Jul 07 2023 16: +0,1688742000
26.521,1,Jul 07 2023 19: +0,1688752800
24.903,1,Jul 07 2023 23: +0,1688767200
24.714,1,Jul 08 2023 09: +0,1688803200
24.691,1,Jul 08 2023 12: +0,1688814000
23.499,2,Jul 08 2023 13: +0,1688817600
23.822,1,Jul 09 2023 04: +0,1688871600
23.947,1,Jul 09 2023 05: +0,1688875200
34.058,1,Jul 09 2023 07: +0,1688882400
34.141,1,Jul 09 2023 08: +0,1688886000
24.01,2,Jul 09 2023 17: +0,1688918400
34.129,1,Jul 09 2023 18: +0,1688922000
37.931,1,Jul 09 2023 20: +0,1688929200
42.647,1,Jul 09 2023 22: +0,1688936400
23.936,1,Jul 10 2023 06: +0,1688965200
23.92,1,Jul 10 2023 11: +0,1688983200
16.141,1,Jul 10 2023 23: +0,1689026400
26.613,2,Jul 11 2023 09: +0,1689062400
23.819,1,Jul 11 2023 11: +0,1689069600
23.917,2,Jul 11 2023 16: +0,1689087600
31.185,1,Jul 12 2023 01: +0,1689120000
32.364,1,Jul 12 2023 03: +0,1689127200
23.867,1,Jul 12 2023 10: +0,1689152400
23.618,2,Jul 12 2023 21: +0,1689192000
29.103,1,Jul 13 2023 00: +0,1689202800
23.629,1,Jul 13 2023 01: +0,1689206400
26.241,1,Jul 13 2023 11: +0,1689242400
23.957,1,Jul 13 2023 13: +0,1689249600
24.064,1,Jul 13 2023 16: +0,1689260400
23.988,1,Jul 13 2023 21: +0,1689278400
24.767,1,Jul 13 2023 23: +0,1689285600
24.856,2,Jul 14 2023 10: +0,1689325200
25.61,1,Jul 14 2023 12: +0,1689332400
27.514,2,Jul 14 2023 14: +0,1689339600
23.82,1,Jul 14 2023 16: +0,1689346800
28.974,1,Jul 14 2023 19: +0,1689357600
23.667,1,Jul 14 2023 20: +0,1689361200
24.481,1,Jul 14 2023 22: +0,1689368400
28.996,1,Jul 14 2023 23: +0,1689372000
28.961,1,Jul 15 2023 05: +0,1689393600
23.692,1,Jul 15 2023 07: +0,1689400800
23.67,1,Jul 15 2023 10: +0,1689411600
23.711,1,Jul 15 2023 13: +0,1689422400
27.891,2,Jul 15 2023 18: +0,1689440400
28.897,1,Jul 15 2023 22: +0,1689454800
23.984,1,Jul 16 2023 01: +0,1689465600
28.92,1,Jul 16 2023 08: +0,1689490800
23.804,1,Jul 16 2023 09: +0,1689494400
29.066,2,Jul 16 2023 10: +0,1689498000
22.657,1,Jul 16 2023 12: +0,1689505200
24.024,1,Jul 16 2023 19: +0,1689530400
23.371,2,Jul 17 2023 00: +0,1689548400
27.417,1,Jul 17 2023 01: +0,1689552000
27.582,1,Jul 17 2023 06: +0,1689570000
24.01,1,Jul 17 2023 13: +0,1689595200
26.416,1,Jul 17 2023 15: +0,1689602400
23.967,1,Jul 17 2023 22: +0,1689627600
24.76,1,Jul 18 2023 00: +0,1689634800
24.396,2,Jul 18 2023 01: +0,1689638400
26.631,1,Jul 18 2023 06: +0,1689656400
24.03,1,Jul 18 2023 07: +0,1689660000
26.424,2,Jul 18 2023 09: +0,1689667200
29.571,1,Jul 18 2023 15: +0,1689688800
24.316,1,Jul 18 2023 19: +0,1689703200
25.876,1,Jul 18 2023 21: +0,1689710400
24.906,2,Jul 18 2023 23: +0,1689717600
26.326,1,Jul 19 2023 00: +0,1689721200
26.3,1,Jul 19 2023 01: +0,1689724800
26.323,1,Jul 19 2023 02: +0,1689728400
30.193,2,Jul 19 2023 03: +0,1689732000
21.944,2,Jul 19 2023 04: +0,1689735600
24.885,2,Jul 19 2023 10: +0,1689757200
23.042,1,Jul 19 2023 12: +0,1689764400
26.044,1,Jul 19 2023 13: +0,1689768000
24.346,1,Jul 19 2023 16: +0,1689778800
27.416,1,Jul 19 2023 18: +0,1689786000
24.237,1,Jul 20 2023 00: +0,1689807600
30.139,1,Jul 20 2023 01: +0,1689811200
26.09,1,Jul 20 2023 08: +0,1689836400
24.006,1,Jul 20 2023 13: +0,1689854400
38.355,2,Jul 20 2023 17: +0,1689868800
27.134,1,Jul 21 2023 00: +0,1689894000
24.013,1,Jul 21 2023 02: +0,1689901200
24.013,1,Jul 21 2023 03: +0,1689904800
27.857,1,Jul 21 2023 05: +0,1689912000
27.873,1,Jul 21 2023 06: +0,1689915600
29.669,1,Jul 21 2023 12: +0,1689937200
27.747,2,Jul 21 2023 15: +0,1689948000
29.302,1,Jul 21 2023 16: +0,1689951600
31.127,1,Jul 21 2023 18: +0,1689958800
28.355,3,Jul 21 2023 21: +0,1689969600
30.788,1,Jul 21 2023 23: +0,1689976800
29.13,1,Jul 22 2023 02: +0,1689987600
29.484,1,Jul 22 2023 05: +0,1689998400
26.976,1,Jul 22 2023 16: +0,1690038000
30.303,1,Jul 22 2023 17: +0,1690041600
30.303,1,Jul 22 2023 18: +0,1690045200
25.888,3,Jul 22 2023 21: +0,1690056000
25.041,1,Jul 23 2023 17: +0,1690128000
29.292,1,Jul 23 2023 19: +0,1690135200
30.958,1,Jul 23 2023 21: +0,1690142400
27.303,1,Jul 23 2023 22: +0,1690146000
29.935,1,Jul 23 2023 23: +0,1690149600
30.301,1,Jul 24 2023 00: +0,1690153200
24.916,1,Jul 24 2023 04: +0,1690167600
25.095,1,Jul 24 2023 08: +0,1690182000
25.07,2,Jul 24 2023 09: +0,1690185600
30.331,2,Jul 24 2023 10: +0,1690189200
39.753,1,Jul 24 2023 13: +0,1690200000
28.07,1,Jul 24 2023 19: +0,1690221600
24.999,1,Jul 24 2023 21: +0,1690228800
23.613,1,Jul 24 2023 22: +0,1690232400
27.43,1,Jul 25 2023 01: +0,1690243200
27.654,1,Jul 25 2023 04: +0,1690254000
31.124,1,Jul 25 2023 10: +0,1690275600
27.226,1,Jul 25 2023 18: +0,1690304400
27.226,3,Jul 25 2023 20: +0,1690311600
26.71,1,Jul 25 2023 21: +0,1690315200
24.898,1,Jul 25 2023 22: +0,1690318800
24.858,1,Jul 25 2023 23: +0,1690322400
28.367,2,Jul 26 2023 02: +0,1690333200
24.795,1,Jul 26 2023 07: +0,1690351200
24.715,1,Jul 26 2023 08: +0,1690354800
24.049,1,Jul 26 2023 10: +0,1690362000
29.25,1,Jul 26 2023 17: +0,1690387200
24.733,1,Jul 26 2023 20: +0,1690398000
24.911,1,Jul 26 2023 21: +0,1690401600
28.085,4,Jul 26 2023 23: +0,1690408800
29.38,1,Jul 27 2023 01: +0,1690416000
24.727,1,Jul 27 2023 04: +0,1690426800
29.302,1,Jul 27 2023 05: +0,1690430400
24.773,1,Jul 27 2023 07: +0,1690437600
28.491,2,Jul 27 2023 16: +0,1690470000
26.438,2,Jul 27 2023 21: +0,1690488000
29.066,1,Jul 27 2023 23: +0,1690495200
24.906,1,Jul 28 2023 08: +0,1690527600
28.518,1,Jul 28 2023 12: +0,1690542000
28.801,1,Jul 28 2023 15: +0,1690552800
29.165,1,Jul 28 2023 16: +0,1690556400
28.571,1,Jul 28 2023 17: +0,1690560000
29.168,1,Jul 28 2023 18: +0,1690563600
29.627,1,Jul 28 2023 20: +0,1690570800
30.41,3,Jul 28 2023 22: +0,1690578000
27.146,2,Jul 29 2023 01: +0,1690588800
25.293,1,Jul 29 2023 06: +0,1690606800
27.549,1,Jul 29 2023 09: +0,1690617600
25.309,1,Jul 29 2023 14: +0,1690635600
27.858,3,Jul 29 2023 15: +0,1690639200
30.41,1,Jul 29 2023 23: +0,1690668000
28.552,1,Jul 30 2023 10: +0,1690707600
25.093,1,Jul 30 2023 12: +0,1690714800
25.348,1,Jul 30 2023 14: +0,1690722000
28.806,2,Jul 30 2023 16: +0,1690729200
28.593,1,Jul 30 2023 22: +0,1690750800
25.348,1,Jul 31 2023 07: +0,1690783200
29.32,1,Jul 31 2023 09: +0,1690790400
29.293,1,Jul 31 2023 13: +0,1690804800
29.346,1,Jul 31 2023 18: +0,1690822800
29.794,2,Jul 31 2023 20: +0,1690830000
29.68,2,Jul 31 2023 21: +0,1690833600
32.084,1,Aug 01 2023 02: +0,1690851600
29.704,1,Aug 01 2023 06: +0,1690866000
25.741,1,Aug 01 2023 13: +0,1690891200
25.637,2,Aug 01 2023 15: +0,1690898400
25.466,1,Aug 01 2023 16: +0,1690902000
28.336,1,Aug 01 2023 20: +0,1690916400
30.353,1,Aug 02 2023 05: +0,1690948800
28.637,1,Aug 02 2023 10: +0,1690966800
25.348,1,Aug 02 2023 12: +0,1690974000
25.017,1,Aug 02 2023 14: +0,1690981200
30.133,1,Aug 02 2023 20: +0,1691002800
27.855,1,Aug 03 2023 12: +0,1691060400
28.999,1,Aug 03 2023 16: +0,1691074800
28.441,1,Aug 03 2023 17: +0,1691078400
38.068,1,Aug 03 2023 20: +0,1691089200
29.684,1,Aug 04 2023 05: +0,1691121600
31.352,1,Aug 04 2023 06: +0,1691125200
29.606,1,Aug 04 2023 13: +0,1691150400
29.616,1,Aug 04 2023 15: +0,1691157600
29.293,1,Aug 04 2023 16: +0,1691161200
29.615,1,Aug 04 2023 17: +0,1691164800
34.188,1,Aug 04 2023 21: +0,1691179200
29.778,1,Aug 05 2023 03: +0,1691200800
30.345,1,Aug 05 2023 05: +0,1691208000
27.448,2,Aug 05 2023 10: +0,1691226000
31.925,1,Aug 05 2023 13: +0,1691236800
29.366,1,Aug 05 2023 15: +0,1691244000
29.688,1,Aug 05 2023 19: +0,1691258400
28.622,1,Aug 06 2023 01: +0,1691280000
29.584,1,Aug 06 2023 02: +0,1691283600
27.276,1,Aug 06 2023 18: +0,1691341200
27.38,1,Aug 06 2023 20: +0,1691348400
29.58,1,Aug 06 2023 23: +0,1691359200
26.882,1,Aug 07 2023 07: +0,1691388000
30.971,1,Aug 07 2023 16: +0,1691420400
27.276,1,Aug 07 2023 18: +0,1691427600
25.922,1,Aug 07 2023 19: +0,1691431200
30.983,1,Aug 07 2023 20: +0,1691434800
31.781,2,Aug 07 2023 21: +0,1691438400
27.095,1,Aug 07 2023 22: +0,1691442000
27.095,1,Aug 08 2023 12: +0,1691492400
31.24,1,Aug 08 2023 13: +0,1691496000
34.263,1,Aug 08 2023 14: +0,1691499600
37.347,1,Aug 08 2023 17: +0,1691510400
28.708,1,Aug 08 2023 22: +0,1691528400
28.708,1,Aug 09 2023 04: +0,1691550000
31.997,1,Aug 09 2023 09: +0,1691568000
30.492,1,Aug 09 2023 10: +0,1691571600
29.69,1,Aug 09 2023 15: +0,1691589600
31.962,1,Aug 09 2023 17: +0,1691596800
32.163,1,Aug 10 2023 04: +0,1691636400
28.818,1,Aug 10 2023 06: +0,1691643600
28.034,1,Aug 10 2023 10: +0,1691658000
27.764,1,Aug 10 2023 12: +0,1691665200
27.758,1,Aug 10 2023 13: +0,1691668800
31.733,1,Aug 10 2023 14: +0,1691672400
32.237,1,Aug 10 2023 17: +0,1691683200
28.102,1,Aug 10 2023 18: +0,1691686800
32.87,1,Aug 11 2023 04: +0,1691722800
28.636,1,Aug 11 2023 14: +0,1691758800
27.984,1,Aug 12 2023 00: +0,1691794800
27.961,1,Aug 12 2023 01: +0,1691798400
32.045,1,Aug 12 2023 02: +0,1691802000
29.335,1,Aug 12 2023 09: +0,1691827200
29.766,1,Aug 12 2023 10: +0,1691830800
32.583,1,Aug 12 2023 11: +0,1691834400
27.795,1,Aug 12 2023 15: +0,1691848800
31.937,1,Aug 12 2023 17: +0,1691856000
27.944,2,Aug 12 2023 19: +0,1691863200
30.183,2,Aug 12 2023 23: +0,1691877600
27.842,1,Aug 13 2023 05: +0,1691899200
29.766,1,Aug 13 2023 10: +0,1691917200
27.795,1,Aug 13 2023 12: +0,1691924400
30.412,1,Aug 13 2023 13: +0,1691928000
27.795,1,Aug 13 2023 16: +0,1691938800
28.199,2,Aug 13 2023 17: +0,1691942400
27.646,1,Aug 13 2023 18: +0,1691946000
31.641,1,Aug 13 2023 19: +0,1691949600
27.481,1,Aug 13 2023 21: +0,1691956800
26.967,1,Aug 14 2023 17: +0,1692028800
27.633,1,Aug 14 2023 19: +0,1692036000
27.712,1,Aug 14 2023 20: +0,1692039600
31.348,1,Aug 14 2023 21: +0,1692043200
27.712,1,Aug 14 2023 22: +0,1692046800
25.636,2,Aug 15 2023 03: +0,1692064800
25.51,1,Aug 15 2023 07: +0,1692079200
30.004,1,Aug 15 2023 10: +0,1692090000
30.09,1,Aug 15 2023 12: +0,1692097200
28.66,1,Aug 15 2023 21: +0,1692129600
27.611,1,Aug 15 2023 23: +0,1692136800
25.966,1,Aug 16 2023 07: +0,1692165600
31.198,1,Aug 16 2023 10: +0,1692176400
29.181,1,Aug 16 2023 19: +0,1692208800
26.343,1,Aug 16 2023 20: +0,1692212400
27.203,1,Aug 16 2023 22: +0,1692219600
29.704,1,Aug 17 2023 15: +0,1692280800
26.578,1,Aug 17 2023 16: +0,1692284400
27.002,1,Aug 17 2023 18: +0,1692291600
27.002,1,Aug 17 2023 20: +0,1692298800
30.013,1,Aug 18 2023 06: +0,1692334800
34.251,1,Aug 18 2023 08: +0,1692342000
32.111,2,Aug 18 2023 11: +0,1692352800
27.56,1,Aug 18 2023 19: +0,1692381600
33.107,2,Aug 18 2023 21: +0,1692388800
41.43,1,Aug 18 2023 23: +0,1692396000
25.251,1,Aug 19 2023 02: +0,1692406800
30.168,1,Aug 19 2023 04: +0,1692414000
25.204,1,Aug 19 2023 06: +0,1692421200
30.191,1,Aug 19 2023 10: +0,1692435600
30.18,1,Aug 19 2023 15: +0,1692453600
31.51,1,Aug 19 2023 18: +0,1692464400
31.426,1,Aug 19 2023 19: +0,1692468000
31.595,1,Aug 20 2023 00: +0,1692486000
31.409,1,Aug 20 2023 06: +0,1692507600
31.519,1,Aug 20 2023 09: +0,1692518400
25.919,1,Aug 20 2023 10: +0,1692522000
30.512,1,Aug 20 2023 12: +0,1692529200
30.512,1,Aug 20 2023 14: +0,1692536400
30.505,1,Aug 20 2023 17: +0,1692547200
25.989,1,Aug 20 2023 18: +0,1692550800
26.036,1,Aug 20 2023 22: +0,1692565200
32.625,1,Aug 20 2023 23: +0,1692568800
30.515,1,Aug 21 2023 10: +0,1692608400
30.521,1,Aug 21 2023 18: +0,1692637200
37.26,1,Aug 21 2023 19: +0,1692640800
38.446,1,Aug 21 2023 21: +0,1692648000
26.767,1,Aug 22 2023 04: +0,1692673200
27.055,1,Aug 22 2023 12: +0,1692702000
31.851,1,Aug 22 2023 14: +0,1692709200
27.063,1,Aug 22 2023 15: +0,1692712800
27.08,1,Aug 22 2023 23: +0,1692741600
31.674,1,Aug 23 2023 07: +0,1692770400
27.055,1,Aug 23 2023 12: +0,1692788400
26.325,1,Aug 23 2023 13: +0,1692792000
31.888,1,Aug 23 2023 14: +0,1692795600
34.646,2,Aug 23 2023 15: +0,1692799200
33.933,1,Aug 23 2023 17: +0,1692806400
29.666,2,Aug 23 2023 18: +0,1692810000
32.003,1,Aug 23 2023 22: +0,1692824400
32.017,1,Aug 23 2023 23: +0,1692828000
26.46,1,Aug 24 2023 01: +0,1692835200
37.428,1,Aug 24 2023 08: +0,1692860400
31.269,1,Aug 24 2023 09: +0,1692864000
31.289,1,Aug 24 2023 14: +0,1692882000
26.46,1,Aug 24 2023 18: +0,1692896400
30.42,1,Aug 24 2023 20: +0,1692903600
29.506,2,Aug 24 2023 23: +0,1692914400
27.382,1,Aug 25 2023 00: +0,1692918000
33.039,1,Aug 25 2023 02: +0,1692925200
32.904,1,Aug 25 2023 03: +0,1692928800
33.559,1,Aug 25 2023 12: +0,1692961200
33.566,1,Aug 25 2023 13: +0,1692964800
30.66,2,Aug 25 2023 21: +0,1692993600
33.888,1,Aug 25 2023 22: +0,1692997200
26.984,1,Aug 26 2023 00: +0,1693004400
27.595,1,Aug 26 2023 10: +0,1693040400
27.59,1,Aug 26 2023 15: +0,1693058400
33.354,1,Aug 26 2023 20: +0,1693076400
30.944,1,Aug 27 2023 07: +0,1693116000
30.344,1,Aug 27 2023 10: +0,1693126800
27.571,1,Aug 27 2023 14: +0,1693141200
31.759,1,Aug 27 2023 18: +0,1693155600
30.007,1,Aug 28 2023 04: +0,1693191600
27.643,1,Aug 28 2023 15: +0,1693231200
30.76,1,Aug 28 2023 17: +0,1693238400
26.417,1,Aug 28 2023 20: +0,1693249200
27.511,1,Aug 28 2023 21: +0,1693252800
31.48,1,Aug 29 2023 15: +0,1693317600
26.021,1,Aug 29 2023 19: +0,1693332000
27.629,1,Aug 29 2023 20: +0,1693335600
28.708,1,Aug 29 2023 21: +0,1693339200
26.864,1,Aug 30 2023 00: +0,1693350000
26.773,1,Aug 30 2023 12: +0,1693393200
27.602,3,Aug 30 2023 14: +0,1693400400
26.389,1,Aug 30 2023 16: +0,1693407600
26.793,3,Aug 30 2023 17: +0,1693411200
26.376,1,Aug 30 2023 18: +0,1693414800
28.449,1,Aug 31 2023 01: +0,1693440000
28.213,1,Aug 31 2023 04: +0,1693450800
26.998,1,Aug 31 2023 07: +0,1693461600
27.022,1,Aug 31 2023 08: +0,1693465200
30.412,1,Aug 31 2023 12: +0,1693479600
30.507,1,Aug 31 2023 17: +0,1693497600
30.353,1,Aug 31 2023 20: +0,1693508400
30.657,1,Sep 01 2023 02: +0,1693530000
32.23,2,Sep 01 2023 06: +0,1693544400
32.436,1,Sep 01 2023 07: +0,1693548000
42.826,1,Sep 01 2023 08: +0,1693551600
28.063,2,Sep 01 2023 10: +0,1693558800
31.937,1,Sep 01 2023 12: +0,1693566000
34.028,1,Sep 01 2023 13: +0,1693569600
34.721,1,Sep 01 2023 16: +0,1693580400
34.432,1,Sep 01 2023 17: +0,1693584000
35.183,2,Sep 01 2023 20: +0,1693594800
37.939,2,Sep 02 2023 00: +0,1693609200
36.114,1,Sep 02 2023 03: +0,1693620000
37.738,2,Sep 02 2023 05: +0,1693627200
40.632,1,Sep 02 2023 08: +0,1693638000
37.684,1,Sep 02 2023 10: +0,1693645200
38.148,1,Sep 02 2023 12: +0,1693652400
38.884,2,Sep 02 2023 13: +0,1693656000
38.55,1,Sep 02 2023 14: +0,1693659600
36.602,1,Sep 02 2023 18: +0,1693674000
35.743,1,Sep 02 2023 22: +0,1693688400
35.748,1,Sep 02 2023 23: +0,1693692000
46.917,1,Sep 03 2023 00: +0,1693695600
32.376,1,Sep 03 2023 02: +0,1693702800
38.463,1,Sep 03 2023 05: +0,1693713600
32.403,2,Sep 03 2023 09: +0,1693728000
36.191,2,Sep 03 2023 12: +0,1693738800
33.902,1,Sep 03 2023 13: +0,1693742400
35.972,1,Sep 03 2023 18: +0,1693760400
36.836,2,Sep 03 2023 19: +0,1693764000
40.782,2,Sep 03 2023 20: +0,1693767600
38.542,1,Sep 03 2023 21: +0,1693771200
44.141,1,Sep 04 2023 02: +0,1693789200
39.352,1,Sep 04 2023 08: +0,1693810800
40.243,1,Sep 04 2023 12: +0,1693825200
39.336,1,Sep 04 2023 22: +0,1693861200
41.645,1,Sep 05 2023 01: +0,1693872000
33.439,1,Sep 05 2023 23: +0,1693951200
38.896,1,Sep 06 2023 00: +0,1693954800
37.042,1,Sep 06 2023 15: +0,1694008800
32.705,1,Sep 06 2023 17: +0,1694016000
34.521,2,Sep 06 2023 21: +0,1694030400
36.849,1,Sep 07 2023 01: +0,1694044800
32.705,1,Sep 07 2023 04: +0,1694055600
32.592,1,Sep 07 2023 05: +0,1694059200
38.044,1,Sep 07 2023 07: +0,1694066400
37.952,1,Sep 07 2023 09: +0,1694073600
38.546,1,Sep 07 2023 14: +0,1694091600
37.988,1,Sep 07 2023 18: +0,1694106000
32.791,1,Sep 07 2023 19: +0,1694109600
38.205,3,Sep 07 2023 21: +0,1694116800
31.811,1,Sep 08 2023 00: +0,1694127600
36.665,1,Sep 08 2023 07: +0,1694152800
38.081,1,Sep 08 2023 08: +0,1694156400
42.577,1,Sep 08 2023 09: +0,1694160000
42.885,1,Sep 08 2023 10: +0,1694163600
38.388,1,Sep 08 2023 14: +0,1694178000
38.595,3,Sep 08 2023 18: +0,1694192400
29.255,1,Sep 08 2023 20: +0,1694199600
32.328,1,Sep 09 2023 06: +0,1694235600
39.698,1,Sep 09 2023 16: +0,1694271600
40.263,1,Sep 09 2023 20: +0,1694286000
40.97,1,Sep 10 2023 01: +0,1694304000
38.548,1,Sep 10 2023 11: +0,1694340000
38.19,1,Sep 10 2023 13: +0,1694347200
41.573,1,Sep 10 2023 14: +0,1694350800
35.6,1,Sep 10 2023 17: +0,1694361600
35.405,2,Sep 10 2023 21: +0,1694376000
32.277,1,Sep 11 2023 04: +0,1694401200
31.902,1,Sep 11 2023 06: +0,1694408400
32.288,1,Sep 11 2023 09: +0,1694419200
32.208,2,Sep 11 2023 10: +0,1694422800
35.45,2,Sep 11 2023 11: +0,1694426400
31.127,1,Sep 11 2023 13: +0,1694433600
34.874,2,Sep 11 2023 19: +0,1694455200
37.238,3,Sep 11 2023 20: +0,1694458800
38.622,1,Sep 12 2023 01: +0,1694476800
37.437,1,Sep 12 2023 02: +0,1694480400
37.828,1,Sep 12 2023 03: +0,1694484000
37.952,1,Sep 12 2023 04: +0,1694487600
32.672,1,Sep 12 2023 11: +0,1694512800
32.463,1,Sep 12 2023 12: +0,1694516400
34.735,1,Sep 12 2023 17: +0,1694534400
39.154,1,Sep 12 2023 23: +0,1694556000
31.723,1,Sep 13 2023 02: +0,1694566800
31.743,1,Sep 13 2023 04: +0,1694574000
30.179,1,Sep 13 2023 10: +0,1694595600
32.207,1,Sep 13 2023 13: +0,1694606400
39.11,1,Sep 13 2023 22: +0,1694638800
40.475,1,Sep 14 2023 03: +0,1694656800
38.403,1,Sep 14 2023 04: +0,1694660400
39.103,1,Sep 14 2023 07: +0,1694671200
39.368,1,Sep 14 2023 18: +0,1694710800
39.127,1,Sep 14 2023 20: +0,1694718000
39.143,1,Sep 14 2023 21: +0,1694721600
39.359,1,Sep 14 2023 23: +0,1694728800
38.578,1,Sep 15 2023 01: +0,1694736000
46.222,1,Sep 15 2023 02: +0,1694739600
39.425,1,Sep 15 2023 04: +0,1694746800
32.215,1,Sep 15 2023 09: +0,1694764800
32.233,1,Sep 15 2023 15: +0,1694786400
38.118,1,Sep 15 2023 18: +0,1694797200
38.518,2,Sep 15 2023 22: +0,1694811600
40.342,1,Sep 16 2023 01: +0,1694822400
36.952,1,Sep 16 2023 07: +0,1694844000
39.535,1,Sep 16 2023 08: +0,1694847600
32.558,1,Sep 16 2023 12: +0,1694862000
32.602,1,Sep 16 2023 13: +0,1694865600
32.594,1,Sep 16 2023 19: +0,1694887200
40.342,1,Sep 16 2023 20: +0,1694890800
38.443,1,Sep 16 2023 21: +0,1694894400
38.444,1,Sep 17 2023 01: +0,1694908800
38.476,1,Sep 17 2023 05: +0,1694923200
36.879,1,Sep 17 2023 08: +0,1694934000
39.595,1,Sep 17 2023 12: +0,1694948400
38.441,1,Sep 17 2023 23: +0,1694988000
32.991,1,Sep 18 2023 01: +0,1694995200
32.677,1,Sep 18 2023 05: +0,1695009600
33.16,1,Sep 18 2023 11: +0,1695031200
35.529,2,Sep 18 2023 12: +0,1695034800
39.866,1,Sep 18 2023 17: +0,1695052800
31.643,1,Sep 18 2023 18: +0,1695056400
38.456,1,Sep 18 2023 22: +0,1695070800
33.649,1,Sep 18 2023 23: +0,1695074400
33.023,1,Sep 19 2023 00: +0,1695078000
38.804,1,Sep 19 2023 01: +0,1695081600
38.012,2,Sep 19 2023 06: +0,1695099600
33.116,1,Sep 19 2023 08: +0,1695106800
38.797,1,Sep 19 2023 11: +0,1695117600
38.788,2,Sep 19 2023 12: +0,1695121200
33.649,1,Sep 19 2023 14: +0,1695128400
40.081,1,Sep 19 2023 19: +0,1695146400
28.273,1,Sep 19 2023 20: +0,1695150000
38.882,1,Sep 19 2023 21: +0,1695153600
38.968,1,Sep 19 2023 23: +0,1695160800
38.714,1,Sep 20 2023 03: +0,1695175200
39.836,1,Sep 20 2023 19: +0,1695232800
37.817,1,Sep 20 2023 22: +0,1695243600
33.231,1,Sep 21 2023 12: +0,1695294000
33.33,1,Sep 21 2023 17: +0,1695312000
37.157,1,Sep 22 2023 04: +0,1695351600
36.222,2,Sep 22 2023 05: +0,1695355200
39.32,1,Sep 22 2023 07: +0,1695362400
36.247,1,Sep 23 2023 00: +0,1695423600
37.058,1,Sep 23 2023 03: +0,1695434400
101.366,2,Sep 23 2023 04: +0,1695438000
38.656,2,Sep 23 2023 07: +0,1695448800
33.14,1,Sep 23 2023 13: +0,1695470400
37.485,1,Sep 23 2023 14: +0,1695474000
38.337,1,Sep 23 2023 20: +0,1695495600
38.361,1,Sep 24 2023 02: +0,1695517200
33.248,1,Sep 24 2023 08: +0,1695538800
38.845,1,Sep 24 2023 09: +0,1695542400
40.614,1,Sep 24 2023 12: +0,1695553200
38.845,1,Sep 24 2023 14: +0,1695560400
36.202,2,Sep 24 2023 22: +0,1695589200
36.206,2,Sep 25 2023 19: +0,1695664800
33.6,1,Sep 25 2023 23: +0,1695679200
38.53,1,Sep 26 2023 07: +0,1695708000
33.6,1,Sep 26 2023 11: +0,1695722400
36.349,2,Sep 26 2023 15: +0,1695736800
33.739,1,Sep 26 2023 16: +0,1695740400
38.629,1,Sep 26 2023 18: +0,1695747600
41.274,1,Sep 27 2023 09: +0,1695801600
33.408,2,Sep 27 2023 10: +0,1695805200
35.529,1,Sep 27 2023 14: +0,1695819600
33.982,1,Sep 27 2023 18: +0,1695834000
34.047,1,Sep 27 2023 19: +0,1695837600
38.688,1,Sep 27 2023 20: +0,1695841200
34.047,1,Sep 27 2023 21: +0,1695844800
34.17,1,Sep 27 2023 23: +0,1695852000
35.111,1,Sep 28 2023 00: +0,1695855600
33.556,1,Sep 28 2023 01: +0,1695859200
34.047,1,Sep 28 2023 07: +0,1695880800
35.746,1,Sep 28 2023 11: +0,1695895200
38.277,2,Sep 28 2023 12: +0,1695898800
43.134,1,Sep 28 2023 20: +0,1695927600
33.728,4,Sep 28 2023 23: +0,1695938400
36.8,1,Sep 29 2023 00: +0,1695942000
33.848,1,Sep 29 2023 01: +0,1695945600
36.397,1,Sep 29 2023 03: +0,1695952800
37.192,2,Sep 29 2023 14: +0,1695992400
38.072,1,Sep 29 2023 16: +0,1695999600
38.742,1,Sep 29 2023 18: +0,1696006800
37.624,1,Sep 29 2023 19: +0,1696010400
37.795,1,Sep 29 2023 22: +0,1696021200
38.981,1,Sep 29 2023 23: +0,1696024800
35.193,1,Sep 30 2023 01: +0,1696032000
37.853,1,Sep 30 2023 08: +0,1696057200
33.556,1,Sep 30 2023 12: +0,1696071600
33.353,1,Sep 30 2023 13: +0,1696075200
37.051,1,Sep 30 2023 14: +0,1696078800
37.951,1,Sep 30 2023 15: +0,1696082400
37.509,1,Sep 30 2023 17: +0,1696089600
37.853,1,Sep 30 2023 18: +0,1696093200
35.526,2,Sep 30 2023 19: +0,1696096800
38.238,1,Sep 30 2023 22: +0,1696107600
39.291,1,Sep 30 2023 23: +0,1696111200
39.285,1,Oct 01 2023 06: +0,1696136400
39.293,1,Oct 01 2023 11: +0,1696154400
39.293,1,Oct 01 2023 12: +0,1696158000
45.148,1,Oct 01 2023 13: +0,1696161600
38.098,3,Oct 01 2023 16: +0,1696172400
38.115,1,Oct 01 2023 17: +0,1696176000
32.893,1,Oct 01 2023 20: +0,1696186800
39.244,1,Oct 01 2023 22: +0,1696194000
38.115,3,Oct 01 2023 23: +0,1696197600
32.942,1,Oct 02 2023 04: +0,1696215600
32.744,1,Oct 02 2023 07: +0,1696226400
36.83,1,Oct 02 2023 12: +0,1696244400
36.839,1,Oct 02 2023 15: +0,1696255200
38.357,1,Oct 02 2023 20: +0,1696273200
36.21,1,Oct 02 2023 23: +0,1696284000
43.322,1,Oct 03 2023 00: +0,1696287600
38.127,1,Oct 03 2023 05: +0,1696305600
33.419,1,Oct 03 2023 18: +0,1696352400
37.731,2,Oct 03 2023 19: +0,1696356000
36.676,2,Oct 03 2023 20: +0,1696359600
38.714,1,Oct 03 2023 22: +0,1696366800
34.019,1,Oct 04 2023 02: +0,1696381200
39.29,1,Oct 04 2023 05: +0,1696392000
34.151,1,Oct 04 2023 07: +0,1696399200
39.29,1,Oct 04 2023 12: +0,1696417200
38.998,1,Oct 04 2023 18: +0,1696438800
34.587,1,Oct 04 2023 21: +0,1696449600
39.101,1,Oct 04 2023 22: +0,1696453200
34.101,1,Oct 05 2023 02: +0,1696467600
37.822,1,Oct 05 2023 15: +0,1696514400
38.566,2,Oct 05 2023 16: +0,1696518000
38.837,1,Oct 05 2023 17: +0,1696521600
38.849,1,Oct 05 2023 19: +0,1696528800
34.398,1,Oct 05 2023 21: +0,1696536000
39.58,1,Oct 06 2023 01: +0,1696550400
45.616,1,Oct 06 2023 02: +0,1696554000
37.511,1,Oct 06 2023 06: +0,1696568400
34.785,1,Oct 06 2023 07: +0,1696572000
40.795,1,Oct 06 2023 14: +0,1696597200
35.535,1,Oct 06 2023 17: +0,1696608000
35.609,1,Oct 06 2023 18: +0,1696611600
38.933,1,Oct 06 2023 19: +0,1696615200
39.451,1,Oct 06 2023 21: +0,1696622400
39.146,1,Oct 07 2023 01: +0,1696636800
35.535,1,Oct 07 2023 02: +0,1696640400
39.525,1,Oct 07 2023 04: +0,1696647600
38.829,2,Oct 07 2023 05: +0,1696651200
40.581,2,Oct 07 2023 11: +0,1696672800
42.082,1,Oct 07 2023 12: +0,1696676400
35.694,1,Oct 07 2023 23: +0,1696716000
39.09,1,Oct 08 2023 02: +0,1696726800
44.516,1,Oct 08 2023 05: +0,1696737600
39.089,1,Oct 08 2023 13: +0,1696766400
34.525,1,Oct 08 2023 19: +0,1696788000
36.984,1,Oct 08 2023 21: +0,1696795200
36.987,1,Oct 08 2023 22: +0,1696798800
35.833,1,Oct 09 2023 03: +0,1696816800
39.166,1,Oct 09 2023 13: +0,1696852800
36.472,1,Oct 09 2023 14: +0,1696856400
41.286,2,Oct 09 2023 18: +0,1696870800
39.114,1,Oct 09 2023 19: +0,1696874400
35.457,1,Oct 09 2023 23: +0,1696888800
34.831,1,Oct 10 2023 03: +0,1696903200
33.866,1,Oct 10 2023 08: +0,1696921200
34.127,1,Oct 10 2023 16: +0,1696950000
38.308,2,Oct 10 2023 17: +0,1696953600
37.021,2,Oct 11 2023 04: +0,1696993200
38.828,1,Oct 11 2023 06: +0,1697000400
34.465,1,Oct 11 2023 14: +0,1697029200
36.148,1,Oct 12 2023 11: +0,1697104800
34.788,1,Oct 12 2023 17: +0,1697126400
37.373,1,Oct 12 2023 18: +0,1697130000
34.097,1,Oct 12 2023 19: +0,1697133600
38.981,1,Oct 12 2023 22: +0,1697144400
38.8,1,Oct 13 2023 00: +0,1697151600
37.287,1,Oct 13 2023 04: +0,1697166000
34.856,1,Oct 13 2023 09: +0,1697184000
38.798,1,Oct 13 2023 14: +0,1697202000
40.896,1,Oct 13 2023 15: +0,1697205600
34.327,1,Oct 13 2023 16: +0,1697209200
37.5,1,Oct 13 2023 19: +0,1697220000
34.327,2,Oct 13 2023 20: +0,1697223600
26.847,1,Oct 13 2023 22: +0,1697230800
37.25,2,Oct 13 2023 23: +0,1697234400
38.611,1,Oct 14 2023 00: +0,1697238000
40.058,1,Oct 14 2023 01: +0,1697241600
38.718,1,Oct 14 2023 02: +0,1697245200
34.533,1,Oct 14 2023 08: +0,1697266800
37.884,1,Oct 14 2023 09: +0,1697270400
38.798,1,Oct 14 2023 10: +0,1697274000
38.011,1,Oct 14 2023 13: +0,1697284800
38.767,1,Oct 14 2023 21: +0,1697313600
34.602,1,Oct 14 2023 23: +0,1697320800
32.888,1,Oct 15 2023 00: +0,1697324400
38.743,1,Oct 15 2023 03: +0,1697335200
38.792,1,Oct 15 2023 05: +0,1697342400
37.821,1,Oct 15 2023 12: +0,1697367600
37.815,1,Oct 15 2023 15: +0,1697378400
34.29,2,Oct 15 2023 16: +0,1697382000
36.794,1,Oct 15 2023 17: +0,1697385600
38.922,3,Oct 15 2023 22: +0,1697403600
39.051,1,Oct 16 2023 03: +0,1697421600
39.055,1,Oct 16 2023 04: +0,1697425200
35.075,1,Oct 16 2023 13: +0,1697457600
34.811,1,Oct 16 2023 14: +0,1697461200
38.755,1,Oct 16 2023 19: +0,1697479200
38.92,1,Oct 16 2023 20: +0,1697482800
38.479,1,Oct 17 2023 02: +0,1697504400
35.906,1,Oct 17 2023 15: +0,1697551200
37.856,1,Oct 17 2023 18: +0,1697562000
35.972,1,Oct 17 2023 20: +0,1697569200
36.408,1,Oct 17 2023 23: +0,1697580000
35.997,3,Oct 18 2023 00: +0,1697583600
36.061,1,Oct 18 2023 07: +0,1697608800
37.093,2,Oct 18 2023 21: +0,1697659200
36.161,1,Oct 18 2023 22: +0,1697662800
38.046,2,Oct 19 2023 02: +0,1697677200
38.274,1,Oct 19 2023 14: +0,1697720400
38.292,2,Oct 19 2023 16: +0,1697727600
35.61,1,Oct 19 2023 18: +0,1697734800
38.372,1,Oct 19 2023 23: +0,1697752800
36.659,2,Oct 20 2023 02: +0,1697763600
36.368,1,Oct 20 2023 08: +0,1697785200
36.301,1,Oct 20 2023 09: +0,1697788800
36.301,1,Oct 20 2023 11: +0,1697796000
37.52,1,Oct 20 2023 23: +0,1697839200
37.569,2,Oct 21 2023 00: +0,1697842800
34.641,1,Oct 21 2023 01: +0,1697846400
35.958,2,Oct 21 2023 15: +0,1697896800
35.099,1,Oct 21 2023 20: +0,1697914800
37.528,1,Oct 21 2023 21: +0,1697918400
35.944,1,Oct 22 2023 08: +0,1697958000
37.887,1,Oct 22 2023 15: +0,1697983200
37.887,1,Oct 22 2023 17: +0,1697990400
34.492,2,Oct 23 2023 14: +0,1698066000
34.943,1,Oct 23 2023 19: +0,1698084000
34.963,1,Oct 23 2023 20: +0,1698087600
41.0,1,Oct 23 2023 21: +0,1698091200
35.414,1,Oct 23 2023 22: +0,1698094800
35.977,2,Oct 24 2023 00: +0,1698102000
37.536,1,Oct 24 2023 03: +0,1698112800
37.698,1,Oct 24 2023 05: +0,1698120000
37.907,1,Oct 24 2023 08: +0,1698130800
37.912,1,Oct 24 2023 14: +0,1698152400
34.88,1,Oct 24 2023 16: +0,1698159600
34.963,1,Oct 24 2023 22: +0,1698181200
47.244,1,Oct 25 2023 05: +0,1698206400
34.212,1,Oct 25 2023 06: +0,1698210000
34.212,1,Oct 25 2023 10: +0,1698224400
34.943,1,Oct 25 2023 12: +0,1698231600
33.837,1,Oct 25 2023 13: +0,1698235200
36.471,1,Oct 25 2023 14: +0,1698238800
31.921,1,Oct 25 2023 15: +0,1698242400
36.182,1,Oct 25 2023 17: +0,1698249600
34.643,1,Oct 25 2023 21: +0,1698264000
36.043,1,Oct 26 2023 00: +0,1698274800
32.448,1,Oct 26 2023 09: +0,1698307200
35.316,1,Oct 26 2023 15: +0,1698328800
35.846,2,Oct 26 2023 17: +0,1698336000
33.064,1,Oct 26 2023 20: +0,1698346800
35.212,2,Oct 26 2023 21: +0,1698350400
32.986,1,Oct 27 2023 00: +0,1698361200
35.467,1,Oct 27 2023 01: +0,1698364800
35.573,1,Oct 27 2023 11: +0,1698400800
35.086,2,Oct 27 2023 21: +0,1698436800
34.537,2,Oct 27 2023 23: +0,1698444000
33.073,1,Oct 28 2023 03: +0,1698458400
25.763,1,Oct 28 2023 07: +0,1698472800
34.089,1,Oct 28 2023 10: +0,1698483600
37.699,1,Oct 28 2023 11: +0,1698487200
40.503,1,Oct 28 2023 14: +0,1698498000
34.338,1,Oct 28 2023 18: +0,1698512400
34.55,1,Oct 28 2023 19: +0,1698516000
34.56,1,Oct 29 2023 04: +0,1698552000
34.907,1,Oct 29 2023 08: +0,1698566400
31.499,1,Oct 29 2023 11: +0,1698577200
30.841,1,Oct 29 2023 13: +0,1698584400
34.561,1,Oct 29 2023 14: +0,1698588000
34.477,1,Oct 29 2023 23: +0,1698620400
30.573,1,Oct 30 2023 08: +0,1698652800
34.091,1,Oct 30 2023 11: +0,1698663600
34.338,1,Oct 30 2023 18: +0,1698688800
33.479,1,Oct 30 2023 20: +0,1698696000
34.423,1,Oct 30 2023 22: +0,1698703200
31.239,1,Oct 31 2023 06: +0,1698732000
29.188,2,Oct 31 2023 09: +0,1698742800
29.43,1,Oct 31 2023 15: +0,1698764400
28.797,2,Oct 31 2023 17: +0,1698771600
28.789,1,Oct 31 2023 18: +0,1698775200
29.29,1,Oct 31 2023 22: +0,1698789600
29.29,1,Nov 01 2023 01: +0,1698800400
29.177,1,Nov 01 2023 14: +0,1698847200
30.916,1,Nov 01 2023 15: +0,1698850800
31.013,1,Nov 01 2023 18: +0,1698861600
30.155,2,Nov 01 2023 19: +0,1698865200
33.027,1,Nov 01 2023 21: +0,1698872400
32.668,1,Nov 01 2023 23: +0,1698879600
33.546,2,Nov 02 2023 02: +0,1698890400
29.084,1,Nov 02 2023 05: +0,1698901200
31.574,2,Nov 02 2023 15: +0,1698937200
28.005,1,Nov 02 2023 17: +0,1698944400
34.421,2,Nov 03 2023 02: +0,1698976800
30.225,1,Nov 03 2023 08: +0,1698998400
32.733,1,Nov 03 2023 15: +0,1699023600
31.653,2,Nov 03 2023 19: +0,1699038000
31.993,1,Nov 04 2023 04: +0,1699070400
33.118,1,Nov 04 2023 07: +0,1699081200
32.59,1,Nov 04 2023 08: +0,1699084800
30.167,1,Nov 04 2023 14: +0,1699106400
32.802,2,Nov 04 2023 17: +0,1699117200
33.268,1,Nov 04 2023 18: +0,1699120800
31.858,2,Nov 04 2023 20: +0,1699128000
33.905,1,Nov 04 2023 22: +0,1699135200
34.087,1,Nov 05 2023 00: +0,1699142400
46.937,1,Nov 05 2023 02: +0,1699149600
34.306,1,Nov 05 2023 17: +0,1699203600
31.523,1,Nov 05 2023 23: +0,1699225200
32.158,1,Nov 06 2023 00: +0,1699228800
33.68,1,Nov 06 2023 01: +0,1699232400
33.17,1,Nov 06 2023 05: +0,1699246800
32.099,1,Nov 07 2023 01: +0,1699318800
32.081,1,Nov 07 2023 04: +0,1699329600
32.763,2,Nov 07 2023 06: +0,1699336800
29.57,1,Nov 07 2023 07: +0,1699340400
32.089,1,Nov 07 2023 18: +0,1699380000
32.988,1,Nov 07 2023 23: +0,1699398000
33.105,2,Nov 08 2023 00: +0,1699401600
32.811,1,Nov 08 2023 03: +0,1699412400
33.179,6,Nov 08 2023 18: +0,1699466400
33.795,1,Nov 08 2023 23: +0,1699484400
33.299,1,Nov 09 2023 01: +0,1699491600
29.514,1,Nov 09 2023 10: +0,1699524000
33.136,1,Nov 09 2023 14: +0,1699538400
32.545,1,Nov 09 2023 15: +0,1699542000
29.402,1,Nov 09 2023 17: +0,1699549200
30.82,1,Nov 09 2023 22: +0,1699567200
29.023,1,Nov 10 2023 00: +0,1699574400
28.886,1,Nov 10 2023 07: +0,1699599600
28.766,1,Nov 10 2023 09: +0,1699606800
28.646,1,Nov 10 2023 10: +0,1699610400
28.648,1,Nov 10 2023 12: +0,1699617600
31.683,1,Nov 10 2023 14: +0,1699624800
29.586,1,Nov 10 2023 22: +0,1699653600
29.594,3,Nov 11 2023 00: +0,1699660800
29.065,1,Nov 11 2023 01: +0,1699664400
29.402,1,Nov 11 2023 07: +0,1699686000
32.394,1,Nov 11 2023 13: +0,1699707600
31.529,1,Nov 11 2023 14: +0,1699711200
28.808,1,Nov 11 2023 16: +0,1699718400
29.963,1,Nov 11 2023 18: +0,1699725600
30.491,1,Nov 11 2023 19: +0,1699729200
32.878,1,Nov 11 2023 21: +0,1699736400
31.367,1,Nov 11 2023 22: +0,1699740000
34.262,1,Nov 11 2023 23: +0,1699743600
51.492,1,Nov 12 2023 00: +0,1699747200
32.009,1,Nov 12 2023 04: +0,1699761600
32.095,1,Nov 12 2023 11: +0,1699786800
32.044,1,Nov 12 2023 13: +0,1699794000
32.086,1,Nov 12 2023 17: +0,1699808400
29.94,2,Nov 12 2023 20: +0,1699819200
33.26,1,Nov 12 2023 21: +0,1699822800
29.95,1,Nov 13 2023 00: +0,1699833600
29.882,1,Nov 13 2023 02: +0,1699840800
32.977,1,Nov 13 2023 10: +0,1699869600
29.963,1,Nov 13 2023 17: +0,1699894800
29.948,1,Nov 13 2023 21: +0,1699909200
32.662,1,Nov 13 2023 23: +0,1699916400
32.974,1,Nov 14 2023 08: +0,1699948800
30.316,1,Nov 14 2023 16: +0,1699977600
31.247,2,Nov 14 2023 22: +0,1699999200
30.409,1,Nov 15 2023 05: +0,1700024400
27.436,1,Nov 15 2023 12: +0,1700049600
30.409,1,Nov 15 2023 14: +0,1700056800
30.421,1,Nov 15 2023 16: +0,1700064000
29.957,1,Nov 15 2023 17: +0,1700067600
29.95,1,Nov 15 2023 18: +0,1700071200
30.409,1,Nov 15 2023 19: +0,1700074800
30.018,1,Nov 16 2023 01: +0,1700096400
31.961,1,Nov 16 2023 02: +0,1700100000
32.512,1,Nov 16 2023 10: +0,1700128800
32.534,2,Nov 17 2023 00: +0,1700179200
33.132,1,Nov 17 2023 01: +0,1700182800
32.771,1,Nov 17 2023 10: +0,1700215200
29.482,1,Nov 18 2023 06: +0,1700287200
29.372,1,Nov 18 2023 11: +0,1700305200
28.969,1,Nov 18 2023 15: +0,1700319600
31.154,1,Nov 18 2023 17: +0,1700326800
28.993,1,Nov 18 2023 19: +0,1700334000
28.993,1,Nov 18 2023 21: +0,1700341200
32.734,1,Nov 18 2023 23: +0,1700348400
29.065,1,Nov 19 2023 11: +0,1700391600
27.926,1,Nov 19 2023 12: +0,1700395200
28.031,1,Nov 19 2023 13: +0,1700398800
27.594,1,Nov 19 2023 14: +0,1700402400
26.61,1,Nov 19 2023 19: +0,1700420400
28.888,1,Nov 20 2023 00: +0,1700438400
27.95,1,Nov 20 2023 07: +0,1700463600
27.958,1,Nov 20 2023 11: +0,1700478000
31.325,1,Nov 20 2023 13: +0,1700485200
28.022,1,Nov 20 2023 22: +0,1700517600
25.671,1,Nov 21 2023 00: +0,1700524800
28.59,1,Nov 21 2023 10: +0,1700560800
27.91,1,Nov 21 2023 11: +0,1700564400
27.91,1,Nov 21 2023 13: +0,1700571600
28.134,1,Nov 21 2023 15: +0,1700578800
28.648,1,Nov 21 2023 16: +0,1700582400
28.448,1,Nov 21 2023 18: +0,1700589600
28.03,2,Nov 21 2023 19: +0,1700593200
28.773,1,Nov 21 2023 20: +0,1700596800
28.034,1,Nov 21 2023 21: +0,1700600400
28.111,1,Nov 21 2023 22: +0,1700604000
27.473,1,Nov 21 2023 23: +0,1700607600
28.034,1,Nov 22 2023 00: +0,1700611200
28.17,1,Nov 22 2023 04: +0,1700625600
28.17,1,Nov 22 2023 09: +0,1700643600
28.17,1,Nov 22 2023 10: +0,1700647200
28.927,1,Nov 22 2023 13: +0,1700658000
28.17,2,Nov 22 2023 16: +0,1700668800
28.138,1,Nov 22 2023 18: +0,1700676000
27.242,1,Nov 22 2023 19: +0,1700679600
28.146,1,Nov 22 2023 23: +0,1700694000
28.362,2,Nov 23 2023 00: +0,1700697600
27.233,1,Nov 23 2023 05: +0,1700715600
27.217,3,Nov 23 2023 06: +0,1700719200
27.457,1,Nov 23 2023 11: +0,1700737200
28.409,1,Nov 23 2023 12: +0,1700740800
27.489,1,Nov 23 2023 14: +0,1700748000
28.748,2,Nov 23 2023 15: +0,1700751600
27.513,1,Nov 23 2023 16: +0,1700755200
27.593,3,Nov 23 2023 19: +0,1700766000
33.196,1,Nov 23 2023 21: +0,1700773200
27.577,1,Nov 23 2023 22: +0,1700776800
30.406,1,Nov 23 2023 23: +0,1700780400
30.406,1,Nov 24 2023 04: +0,1700798400
32.188,1,Nov 24 2023 16: +0,1700841600
31.809,1,Nov 24 2023 19: +0,1700852400
29.834,2,Nov 24 2023 22: +0,1700863200
32.211,1,Nov 25 2023 02: +0,1700877600
32.323,1,Nov 25 2023 07: +0,1700895600
28.0,1,Nov 25 2023 08: +0,1700899200
30.134,2,Nov 25 2023 09: +0,1700902800
27.992,1,Nov 25 2023 11: +0,1700910000
27.664,1,Nov 25 2023 15: +0,1700924400
28.024,1,Nov 25 2023 16: +0,1700928000
27.992,1,Nov 25 2023 17: +0,1700931600
25.395,1,Nov 25 2023 20: +0,1700942400
27.992,1,Nov 25 2023 22: +0,1700949600
28.711,1,Nov 25 2023 23: +0,1700953200
27.585,1,Nov 26 2023 00: +0,1700956800
27.641,1,Nov 26 2023 02: +0,1700964000
31.125,1,Nov 26 2023 03: +0,1700967600
27.585,1,Nov 26 2023 04: +0,1700971200
32.284,1,Nov 26 2023 05: +0,1700974800
26.585,1,Nov 26 2023 09: +0,1700989200
28.709,1,Nov 26 2023 13: +0,1701003600
27.641,1,Nov 26 2023 14: +0,1701007200
29.722,2,Nov 26 2023 22: +0,1701036000
29.963,1,Nov 27 2023 10: +0,1701079200
27.609,1,Nov 27 2023 11: +0,1701082800
27.54,1,Nov 27 2023 13: +0,1701090000
26.833,1,Nov 27 2023 20: +0,1701115200
28.12,1,Nov 28 2023 07: +0,1701154800
30.732,1,Nov 28 2023 08: +0,1701158400
27.113,1,Nov 28 2023 09: +0,1701162000
27.146,1,Nov 28 2023 11: +0,1701169200
31.281,2,Nov 28 2023 18: +0,1701194400
30.365,1,Nov 29 2023 08: +0,1701244800
29.525,1,Nov 29 2023 13: +0,1701262800
32.267,1,Nov 29 2023 20: +0,1701288000
27.944,1,Nov 29 2023 22: +0,1701295200
28.42,2,Nov 30 2023 01: +0,1701306000
29.566,1,Nov 30 2023 06: +0,1701324000
28.013,1,Nov 30 2023 09: +0,1701334800
28.008,1,Nov 30 2023 10: +0,1701338400
28.352,2,Nov 30 2023 13: +0,1701349200
30.238,1,Nov 30 2023 15: +0,1701356400
28.004,1,Nov 30 2023 21: +0,1701378000
27.824,1,Nov 30 2023 22: +0,1701381600
27.585,1,Dec 01 2023 01: +0,1701392400
27.824,1,Dec 01 2023 08: +0,1701417600
27.84,1,Dec 01 2023 11: +0,1701428400
31.155,1,Dec 01 2023 13: +0,1701435600
28.04,1,Dec 01 2023 15: +0,1701442800
27.937,2,Dec 01 2023 20: +0,1701460800
28.683,2,Dec 02 2023 00: +0,1701475200
31.332,1,Dec 02 2023 04: +0,1701489600
30.769,2,Dec 02 2023 08: +0,1701504000
32.323,1,Dec 02 2023 10: +0,1701511200
33.525,1,Dec 03 2023 00: +0,1701561600
28.587,1,Dec 03 2023 13: +0,1701608400
26.47,1,Dec 03 2023 17: +0,1701622800
31.972,1,Dec 03 2023 18: +0,1701626400
33.074,1,Dec 03 2023 21: +0,1701637200
33.404,1,Dec 03 2023 23: +0,1701644400
33.522,1,Dec 04 2023 13: +0,1701694800
33.524,1,Dec 04 2023 16: +0,1701705600
30.275,1,Dec 04 2023 23: +0,1701730800
29.103,1,Dec 05 2023 00: +0,1701734400
33.354,1,Dec 05 2023 03: +0,1701745200
32.507,1,Dec 05 2023 23: +0,1701817200
29.159,1,Dec 06 2023 03: +0,1701831600
28.216,1,Dec 06 2023 20: +0,1701892800
30.241,4,Dec 06 2023 21: +0,1701896400
29.606,1,Dec 07 2023 07: +0,1701932400
31.972,1,Dec 07 2023 15: +0,1701961200
29.605,1,Dec 07 2023 19: +0,1701975600
28.514,1,Dec 07 2023 22: +0,1701986400
29.678,1,Dec 08 2023 03: +0,1702004400
27.521,1,Dec 08 2023 08: +0,1702022400
27.704,1,Dec 08 2023 10: +0,1702029600
29.562,2,Dec 08 2023 11: +0,1702033200
35.518,1,Dec 08 2023 14: +0,1702044000
28.072,1,Dec 08 2023 20: +0,1702065600
32.171,1,Dec 08 2023 22: +0,1702072800
27.932,2,Dec 08 2023 23: +0,1702076400
32.219,1,Dec 09 2023 02: +0,1702087200
32.259,1,Dec 09 2023 04: +0,1702094400
28.44,1,Dec 09 2023 16: +0,1702137600
28.488,1,Dec 09 2023 18: +0,1702144800
28.4,1,Dec 09 2023 20: +0,1702152000
27.768,1,Dec 09 2023 22: +0,1702159200
29.99,1,Dec 10 2023 06: +0,1702188000
28.383,1,Dec 10 2023 10: +0,1702202400
30.413,2,Dec 10 2023 11: +0,1702206000
29.928,1,Dec 10 2023 13: +0,1702213200
30.04,1,Dec 10 2023 14: +0,1702216800
31.036,1,Dec 10 2023 15: +0,1702220400
30.846,1,Dec 10 2023 21: +0,1702242000
30.964,1,Dec 11 2023 02: +0,1702260000
28.091,1,Dec 11 2023 06: +0,1702274400
27.956,2,Dec 11 2023 10: +0,1702288800
28.122,1,Dec 11 2023 13: +0,1702299600
28.375,1,Dec 12 2023 00: +0,1702339200
30.277,1,Dec 12 2023 01: +0,1702342800
31.091,1,Dec 12 2023 06: +0,1702360800
28.485,1,Dec 12 2023 09: +0,1702371600
30.277,1,Dec 12 2023 20: +0,1702411200
25.502,1,Dec 13 2023 02: +0,1702432800
29.125,1,Dec 13 2023 15: +0,1702479600
29.736,1,Dec 14 2023 02: +0,1702519200
23.622,1,Dec 14 2023 12: +0,1702555200
27.982,1,Dec 14 2023 15: +0,1702566000
28.998,2,Dec 14 2023 22: +0,1702591200
27.748,1,Dec 15 2023 01: +0,1702602000
28.596,1,Dec 15 2023 02: +0,1702605600
27.206,2,Dec 15 2023 05: +0,1702616400
27.633,1,Dec 15 2023 07: +0,1702623600
28.651,2,Dec 15 2023 09: +0,1702630800
28.738,1,Dec 15 2023 10: +0,1702634400
28.485,1,Dec 15 2023 11: +0,1702638000
28.612,1,Dec 15 2023 14: +0,1702648800
29.591,1,Dec 15 2023 15: +0,1702652400
28.691,1,Dec 15 2023 17: +0,1702659600
28.691,1,Dec 15 2023 18: +0,1702663200
26.297,1,Dec 15 2023 19: +0,1702666800
29.371,1,Dec 16 2023 15: +0,1702738800
27.705,1,Dec 16 2023 16: +0,1702742400
31.606,2,Dec 16 2023 20: +0,1702756800
29.413,1,Dec 17 2023 00: +0,1702771200
27.814,1,Dec 17 2023 05: +0,1702789200
28.027,1,Dec 17 2023 08: +0,1702800000
28.004,1,Dec 17 2023 10: +0,1702807200
27.972,1,Dec 17 2023 11: +0,1702810800
28.414,1,Dec 17 2023 12: +0,1702814400
27.688,3,Dec 17 2023 17: +0,1702832400
24.08,1,Dec 17 2023 20: +0,1702843200
27.467,1,Dec 17 2023 21: +0,1702846800
29.189,2,Dec 17 2023 23: +0,1702854000
27.996,1,Dec 18 2023 00: +0,1702857600
23.679,1,Dec 18 2023 03: +0,1702868400
28.106,1,Dec 18 2023 09: +0,1702890000
31.904,1,Dec 18 2023 11: +0,1702897200
25.84,1,Dec 18 2023 18: +0,1702922400
28.825,1,Dec 19 2023 01: +0,1702947600
27.633,1,Dec 19 2023 03: +0,1702954800
25.412,1,Dec 19 2023 04: +0,1702958400
28.783,1,Dec 19 2023 08: +0,1702972800
25.858,1,Dec 19 2023 09: +0,1702976400
28.959,2,Dec 19 2023 14: +0,1702994400
28.45,1,Dec 19 2023 19: +0,1703012400
29.559,1,Dec 20 2023 04: +0,1703044800
27.759,1,Dec 20 2023 12: +0,1703073600
27.759,1,Dec 20 2023 18: +0,1703095200
26.239,2,Dec 20 2023 21: +0,1703106000
27.817,1,Dec 21 2023 14: +0,1703167200
29.37,1,Dec 21 2023 19: +0,1703185200
29.377,1,Dec 21 2023 21: +0,1703192400
28.252,1,Dec 22 2023 00: +0,1703203200
29.745,1,Dec 22 2023 02: +0,1703210400
29.725,1,Dec 22 2023 03: +0,1703214000
27.985,1,Dec 22 2023 14: +0,1703253600
28.001,1,Dec 22 2023 18: +0,1703268000
23.944,2,Dec 22 2023 19: +0,1703271600
27.535,2,Dec 23 2023 00: +0,1703289600
25.45,2,Dec 23 2023 14: +0,1703340000
27.915,1,Dec 23 2023 15: +0,1703343600
36.698,2,Dec 23 2023 16: +0,1703347200
27.179,2,Dec 23 2023 17: +0,1703350800
27.907,1,Dec 24 2023 00: +0,1703376000
26.81,1,Dec 24 2023 15: +0,1703430000
25.058,1,Dec 24 2023 23: +0,1703458800
27.069,1,Dec 25 2023 00: +0,1703462400
29.208,1,Dec 25 2023 02: +0,1703469600
26.036,1,Dec 25 2023 05: +0,1703480400
27.078,1,Dec 25 2023 09: +0,1703494800
29.504,1,Dec 25 2023 10: +0,1703498400
27.308,2,Dec 25 2023 16: +0,1703520000
27.3,1,Dec 25 2023 18: +0,1703527200
28.25,2,Dec 25 2023 21: +0,1703538000
27.54,1,Dec 25 2023 22: +0,1703541600
28.969,1,Dec 26 2023 05: +0,1703566800
25.372,1,Dec 26 2023 06: +0,1703570400
28.757,1,Dec 26 2023 15: +0,1703602800
29.28,2,Dec 26 2023 20: +0,1703620800
27.773,1,Dec 26 2023 22: +0,1703628000
29.263,1,Dec 26 2023 23: +0,1703631600
28.631,1,Dec 27 2023 04: +0,1703649600
29.426,1,Dec 27 2023 06: +0,1703656800
29.063,1,Dec 27 2023 09: +0,1703667600
29.058,1,Dec 27 2023 15: +0,1703689200
26.027,1,Dec 27 2023 19: +0,1703703600
27.459,1,Dec 27 2023 21: +0,1703710800
26.993,1,Dec 27 2023 22: +0,1703714400
29.064,1,Dec 28 2023 03: +0,1703732400
28.497,1,Dec 28 2023 16: +0,1703779200
29.234,2,Dec 29 2023 01: +0,1703811600
29.51,1,Dec 29 2023 03: +0,1703818800
29.761,1,Dec 29 2023 11: +0,1703847600
42.622,1,Dec 29 2023 15: +0,1703862000
27.639,1,Dec 30 2023 04: +0,1703908800
26.098,1,Dec 30 2023 14: +0,1703944800
28.544,1,Dec 30 2023 15: +0,1703948400
28.963,1,Dec 30 2023 18: +0,1703959200
25.887,2,Dec 31 2023 15: +0,1704034800
59.763,1,Dec 31 2023 17: +0,1704042000
28.992,1,Dec 31 2023 19: +0,1704049200
28.655,1,Dec 31 2023 21: +0,1704056400
28.655,1,Dec 31 2023 22: +0,1704060000
29.105,1,Jan 01 2024 00: +0,1704067200
29.379,1,Jan 01 2024 06: +0,1704088800
28.655,1,Jan 01 2024 07: +0,1704092400
27.987,1,Jan 01 2024 15: +0,1704121200
31.295,1,Jan 01 2024 16: +0,1704124800
25.975,1,Jan 02 2024 03: +0,1704164400
28.317,1,Jan 02 2024 07: +0,1704178800
25.863,3,Jan 02 2024 14: +0,1704204000
27.987,1,Jan 02 2024 15: +0,1704207600
28.293,1,Jan 03 2024 02: +0,1704247200
25.949,1,Jan 03 2024 09: +0,1704272400
25.773,1,Jan 03 2024 13: +0,1704286800
27.837,1,Jan 03 2024 14: +0,1704290400
28.349,1,Jan 03 2024 15: +0,1704294000
28.498,1,Jan 03 2024 23: +0,1704322800
28.175,1,Jan 04 2024 02: +0,1704333600
47.21,1,Jan 04 2024 04: +0,1704340800
28.404,1,Jan 04 2024 07: +0,1704351600
27.81,2,Jan 04 2024 09: +0,1704358800
28.404,1,Jan 04 2024 11: +0,1704366000
28.341,1,Jan 04 2024 12: +0,1704369600
28.333,2,Jan 04 2024 14: +0,1704376800
28.325,1,Jan 04 2024 17: +0,1704387600
28.317,1,Jan 04 2024 21: +0,1704402000
28.493,1,Jan 04 2024 22: +0,1704405600
28.836,1,Jan 05 2024 02: +0,1704420000
26.805,1,Jan 05 2024 05: +0,1704430800
34.926,2,Jan 05 2024 11: +0,1704452400
28.317,1,Jan 05 2024 15: +0,1704466800
28.857,1,Jan 05 2024 17: +0,1704474000
28.986,1,Jan 05 2024 21: +0,1704488400
28.883,3,Jan 05 2024 22: +0,1704492000
28.057,1,Jan 06 2024 03: +0,1704510000
28.057,1,Jan 06 2024 04: +0,1704513600
29.016,1,Jan 06 2024 05: +0,1704517200
28.317,1,Jan 06 2024 09: +0,1704531600
29.017,1,Jan 06 2024 10: +0,1704535200
28.199,1,Jan 06 2024 12: +0,1704542400
26.514,1,Jan 06 2024 14: +0,1704549600
28.199,1,Jan 06 2024 22: +0,1704578400
28.994,1,Jan 07 2024 02: +0,1704592800
28.199,1,Jan 07 2024 03: +0,1704596400
28.144,1,Jan 07 2024 16: +0,1704643200
31.844,2,Jan 07 2024 18: +0,1704650400
28.152,1,Jan 08 2024 00: +0,1704672000
28.631,2,Jan 08 2024 03: +0,1704682800
29.03,1,Jan 08 2024 04: +0,1704686400
28.858,1,Jan 08 2024 22: +0,1704751200
27.326,1,Jan 09 2024 05: +0,1704776400
27.318,1,Jan 09 2024 09: +0,1704790800
27.955,1,Jan 09 2024 19: +0,1704826800
27.294,1,Jan 09 2024 21: +0,1704834000
27.523,1,Jan 10 2024 11: +0,1704884400
27.523,1,Jan 10 2024 23: +0,1704927600
26.246,1,Jan 11 2024 00: +0,1704931200
27.444,1,Jan 11 2024 01: +0,1704934800
27.995,1,Jan 11 2024 03: +0,1704942000
29.072,1,Jan 11 2024 10: +0,1704967200
29.135,1,Jan 11 2024 13: +0,1704978000
29.287,1,Jan 11 2024 22: +0,1705010400
27.802,1,Jan 11 2024 23: +0,1705014000
29.241,1,Jan 12 2024 02: +0,1705024800
29.227,1,Jan 12 2024 07: +0,1705042800
29.288,1,Jan 12 2024 10: +0,1705053600
27.809,1,Jan 12 2024 16: +0,1705075200
27.799,1,Jan 12 2024 18: +0,1705082400
29.364,1,Jan 13 2024 00: +0,1705104000
30.24,1,Jan 13 2024 04: +0,1705118400
30.229,1,Jan 13 2024 05: +0,1705122000
27.699,1,Jan 13 2024 22: +0,1705183200
30.221,1,Jan 13 2024 23: +0,1705186800
27.707,2,Jan 14 2024 16: +0,1705248000
27.697,1,Jan 15 2024 08: +0,1705305600
28.947,1,Jan 15 2024 15: +0,1705330800
27.91,2,Jan 15 2024 16: +0,1705334400
26.292,2,Jan 16 2024 16: +0,1705420800
27.427,1,Jan 17 2024 09: +0,1705482000
28.363,1,Jan 17 2024 22: +0,1705528800
28.632,1,Jan 18 2024 01: +0,1705539600
27.668,1,Jan 18 2024 04: +0,1705550400
27.549,1,Jan 19 2024 02: +0,1705629600
26.676,2,Jan 19 2024 08: +0,1705651200
27.004,1,Jan 19 2024 18: +0,1705687200
26.956,1,Jan 19 2024 23: +0,1705705200
26.524,1,Jan 20 2024 04: +0,1705723200
26.35,1,Jan 20 2024 09: +0,1705741200
26.69,1,Jan 20 2024 12: +0,1705752000
26.318,1,Jan 20 2024 15: +0,1705762800
26.497,2,Jan 21 2024 06: +0,1705816800
26.497,1,Jan 21 2024 07: +0,1705820400
26.199,1,Jan 21 2024 13: +0,1705842000
25.619,1,Jan 21 2024 18: +0,1705860000
25.773,2,Jan 21 2024 19: +0,1705863600
25.767,2,Jan 21 2024 22: +0,1705874400
26.505,1,Jan 21 2024 23: +0,1705878000
25.846,1,Jan 22 2024 01: +0,1705885200
24.967,2,Jan 22 2024 04: +0,1705896000
26.512,1,Jan 22 2024 08: +0,1705910400
25.52,2,Jan 22 2024 13: +0,1705928400
25.683,1,Jan 22 2024 17: +0,1705942800
27.733,1,Jan 22 2024 18: +0,1705946400
25.2,1,Jan 23 2024 01: +0,1705971600
26.592,1,Jan 23 2024 05: +0,1705986000
26.828,1,Jan 23 2024 11: +0,1706007600
26.836,1,Jan 24 2024 05: +0,1706072400
25.63,1,Jan 24 2024 08: +0,1706083200
25.477,1,Jan 24 2024 11: +0,1706094000
25.323,1,Jan 24 2024 15: +0,1706108400
27.725,1,Jan 25 2024 05: +0,1706158800
25.782,1,Jan 25 2024 18: +0,1706205600
25.372,2,Jan 25 2024 21: +0,1706216400
25.307,2,Jan 25 2024 23: +0,1706223600
24.828,1,Jan 26 2024 02: +0,1706234400
24.931,1,Jan 26 2024 03: +0,1706238000
23.325,1,Jan 26 2024 17: +0,1706288400
25.28,1,Jan 27 2024 06: +0,1706335200
26.653,1,Jan 27 2024 18: +0,1706378400
26.848,2,Jan 28 2024 00: +0,1706400000
26.455,1,Jan 28 2024 09: +0,1706432400
25.057,1,Jan 29 2024 00: +0,1706486400
25.057,1,Jan 29 2024 03: +0,1706497200
23.811,1,Jan 29 2024 09: +0,1706518800
22.257,1,Jan 29 2024 14: +0,1706536800
18.521,1,Jan 29 2024 23: +0,1706569200
24.827,1,Jan 30 2024 02: +0,1706580000
24.827,1,Jan 30 2024 06: +0,1706594400
25.031,1,Jan 30 2024 08: +0,1706601600
23.757,1,Jan 30 2024 13: +0,1706619600
26.4,1,Jan 30 2024 18: +0,1706637600
26.392,1,Jan 30 2024 19: +0,1706641200
26.606,1,Jan 30 2024 20: +0,1706644800
26.694,1,Jan 30 2024 22: +0,1706652000
23.025,1,Jan 31 2024 01: +0,1706662800
24.827,1,Jan 31 2024 06: +0,1706680800
26.765,1,Jan 31 2024 09: +0,1706691600
26.749,2,Jan 31 2024 10: +0,1706695200
26.528,1,Jan 31 2024 19: +0,1706727600
26.9,1,Jan 31 2024 23: +0,1706742000
26.543,1,Feb 01 2024 02: +0,1706752800
28.493,2,Feb 01 2024 04: +0,1706760000
26.916,1,Feb 01 2024 06: +0,1706767200
26.541,1,Feb 01 2024 12: +0,1706788800
26.803,1,Feb 01 2024 15: +0,1706799600
26.835,1,Feb 01 2024 22: +0,1706824800
26.788,1,Feb 02 2024 10: +0,1706868000
22.608,2,Feb 02 2024 15: +0,1706886000
25.033,1,Feb 02 2024 18: +0,1706896800
24.561,1,Feb 02 2024 22: +0,1706911200
26.474,1,Feb 03 2024 01: +0,1706922000
26.058,1,Feb 03 2024 14: +0,1706968800
26.74,1,Feb 03 2024 19: +0,1706986800
26.74,1,Feb 03 2024 20: +0,1706990400
27.127,1,Feb 03 2024 22: +0,1706997600
163.388,2,Feb 04 2024 01: +0,1707008400
26.733,1,Feb 04 2024 07: +0,1707030000
26.732,1,Feb 05 2024 15: +0,1707145200
27.409,1,Feb 06 2024 00: +0,1707177600
26.919,1,Feb 06 2024 12: +0,1707220800
26.948,1,Feb 06 2024 13: +0,1707224400
27.441,1,Feb 06 2024 22: +0,1707256800
27.438,1,Feb 07 2024 02: +0,1707271200
25.481,1,Feb 07 2024 13: +0,1707310800
27.294,1,Feb 07 2024 14: +0,1707314400
24.315,1,Feb 07 2024 16: +0,1707321600
14.04,1,Feb 07 2024 18: +0,1707328800
25.502,1,Feb 07 2024 19: +0,1707332400
26.708,1,Feb 07 2024 20: +0,1707336000
26.177,1,Feb 07 2024 23: +0,1707346800
24.234,1,Feb 08 2024 00: +0,1707350400
26.384,1,Feb 08 2024 01: +0,1707354000
23.579,1,Feb 08 2024 02: +0,1707357600
23.897,1,Feb 09 2024 15: +0,1707490800
25.098,1,Feb 10 2024 00: +0,1707523200
27.657,1,Feb 10 2024 01: +0,1707526800
25.355,1,Feb 10 2024 11: +0,1707562800
23.902,1,Feb 10 2024 18: +0,1707588000
26.54,1,Feb 10 2024 19: +0,1707591600
25.762,1,Feb 10 2024 20: +0,1707595200
26.649,1,Feb 10 2024 21: +0,1707598800
24.656,1,Feb 10 2024 23: +0,1707606000
27.087,1,Feb 11 2024 03: +0,1707620400
25.454,2,Feb 11 2024 04: +0,1707624000
29.088,1,Feb 11 2024 08: +0,1707638400
30.161,1,Feb 11 2024 11: +0,1707649200
30.171,1,Feb 11 2024 12: +0,1707652800
24.933,1,Feb 11 2024 18: +0,1707674400
24.709,1,Feb 11 2024 19: +0,1707678000
26.42,2,Feb 11 2024 21: +0,1707685200
27.359,2,Feb 11 2024 23: +0,1707692400
27.907,1,Feb 12 2024 02: +0,1707703200
25.762,1,Feb 12 2024 16: +0,1707753600
28.561,1,Feb 13 2024 00: +0,1707782400
24.625,1,Feb 13 2024 05: +0,1707800400
24.657,1,Feb 13 2024 14: +0,1707832800
26.222,2,Feb 13 2024 18: +0,1707847200
33.858,2,Feb 13 2024 23: +0,1707865200
29.963,1,Feb 14 2024 00: +0,1707868800
25.55,2,Feb 14 2024 14: +0,1707919200
24.697,1,Feb 14 2024 16: +0,1707926400
25.568,1,Feb 14 2024 17: +0,1707930000
24.349,2,Feb 14 2024 18: +0,1707933600
24.697,1,Feb 14 2024 21: +0,1707944400
24.705,1,Feb 15 2024 00: +0,1707955200
24.737,1,Feb 15 2024 01: +0,1707958800
24.725,2,Feb 15 2024 04: +0,1707969600
20.88,1,Feb 15 2024 12: +0,1707998400
24.705,1,Feb 15 2024 15: +0,1708009200
28.255,1,Feb 15 2024 18: +0,1708020000
28.28,1,Feb 15 2024 19: +0,1708023600
28.6,1,Feb 15 2024 23: +0,1708038000
24.417,1,Feb 16 2024 02: +0,1708048800
30.935,2,Feb 16 2024 03: +0,1708052400
24.553,1,Feb 16 2024 15: +0,1708095600
26.073,2,Feb 16 2024 17: +0,1708102800
27.531,1,Feb 16 2024 23: +0,1708124400
23.941,2,Feb 17 2024 00: +0,1708128000
27.39,1,Feb 17 2024 01: +0,1708131600
27.547,1,Feb 17 2024 03: +0,1708138800
28.792,1,Feb 17 2024 04: +0,1708142400
54.795,1,Feb 17 2024 11: +0,1708167600
28.853,1,Feb 17 2024 12: +0,1708171200
30.234,1,Feb 17 2024 13: +0,1708174800
29.929,1,Feb 17 2024 16: +0,1708185600
24.53,1,Feb 17 2024 17: +0,1708189200
30.011,1,Feb 18 2024 00: +0,1708214400
24.577,1,Feb 18 2024 06: +0,1708236000
23.892,1,Feb 18 2024 10: +0,1708250400
29.535,1,Feb 18 2024 14: +0,1708264800
29.605,1,Feb 18 2024 19: +0,1708282800
27.094,2,Feb 18 2024 21: +0,1708290000
29.029,1,Feb 19 2024 08: +0,1708329600
29.205,1,Feb 19 2024 12: +0,1708344000
24.359,1,Feb 19 2024 17: +0,1708362000
24.687,1,Feb 19 2024 23: +0,1708383600
24.365,1,Feb 20 2024 16: +0,1708444800
24.879,1,Feb 21 2024 08: +0,1708502400
25.52,2,Feb 21 2024 22: +0,1708552800
24.79,1,Feb 22 2024 05: +0,1708578000
28.934,1,Feb 22 2024 06: +0,1708581600
25.526,1,Feb 22 2024 10: +0,1708596000
28.927,1,Feb 22 2024 13: +0,1708606800
28.935,1,Feb 22 2024 21: +0,1708635600
24.748,1,Feb 23 2024 19: +0,1708714800
27.906,1,Feb 23 2024 23: +0,1708729200
24.154,1,Feb 24 2024 06: +0,1708754400
24.34,1,Feb 24 2024 13: +0,1708779600
24.44,1,Feb 24 2024 15: +0,1708786800
23.533,1,Feb 24 2024 20: +0,1708804800
22.878,1,Feb 25 2024 00: +0,1708819200
27.005,1,Feb 25 2024 01: +0,1708822800
23.523,1,Feb 25 2024 02: +0,1708826400
26.427,1,Feb 25 2024 04: +0,1708833600
26.449,1,Feb 25 2024 07: +0,1708844400
27.611,1,Feb 25 2024 10: +0,1708855200
26.449,1,Feb 25 2024 12: +0,1708862400
25.203,2,Feb 25 2024 14: +0,1708869600
23.492,1,Feb 25 2024 15: +0,1708873200
26.802,2,Feb 26 2024 21: +0,1708981200
23.872,1,Feb 27 2024 00: +0,1708992000
23.983,1,Feb 27 2024 08: +0,1709020800
27.844,1,Feb 27 2024 20: +0,1709064000
23.927,1,Feb 27 2024 23: +0,1709074800
28.228,2,Feb 28 2024 01: +0,1709082000
27.253,1,Feb 28 2024 14: +0,1709128800
27.777,1,Feb 28 2024 16: +0,1709136000
27.383,1,Feb 28 2024 18: +0,1709143200
22.076,1,Feb 29 2024 00: +0,1709164800
27.885,1,Feb 29 2024 03: +0,1709175600
24.172,1,Feb 29 2024 09: +0,1709197200
27.933,1,Feb 29 2024 14: +0,1709215200
27.949,1,Feb 29 2024 18: +0,1709229600
26.864,1,Feb 29 2024 21: +0,1709240400
23.746,1,Feb 29 2024 22: +0,1709244000
24.717,1,Mar 01 2024 01: +0,1709254800
27.933,1,Mar 01 2024 05: +0,1709269200
24.093,1,Mar 01 2024 09: +0,1709283600
24.133,1,Mar 01 2024 17: +0,1709312400
23.84,1,Mar 01 2024 18: +0,1709316000
24.322,3,Mar 02 2024 00: +0,1709337600
24.346,1,Mar 02 2024 09: +0,1709370000
23.716,1,Mar 02 2024 14: +0,1709388000
23.407,1,Mar 02 2024 19: +0,1709406000
24.021,1,Mar 02 2024 22: +0,1709416800
23.553,3,Mar 02 2024 23: +0,1709420400
23.794,1,Mar 03 2024 03: +0,1709434800
25.37,1,Mar 03 2024 10: +0,1709460000
25.94,1,Mar 03 2024 17: +0,1709485200
25.955,2,Mar 03 2024 19: +0,1709492400
27.297,1,Mar 04 2024 02: +0,1709517600
27.508,1,Mar 04 2024 05: +0,1709528400
27.507,1,Mar 04 2024 09: +0,1709542800
23.932,1,Mar 04 2024 17: +0,1709571600
23.924,1,Mar 04 2024 19: +0,1709578800
23.645,1,Mar 04 2024 22: +0,1709589600
29.198,1,Mar 04 2024 23: +0,1709593200
23.779,1,Mar 05 2024 15: +0,1709650800
23.826,1,Mar 05 2024 17: +0,1709658000
27.641,1,Mar 05 2024 23: +0,1709679600
27.277,1,Mar 06 2024 10: +0,1709719200
24.27,1,Mar 06 2024 11: +0,1709722800
24.34,1,Mar 06 2024 19: +0,1709751600
24.262,1,Mar 06 2024 20: +0,1709755200
24.309,1,Mar 06 2024 21: +0,1709758800
25.043,1,Mar 07 2024 00: +0,1709769600
27.477,1,Mar 07 2024 03: +0,1709780400
27.389,1,Mar 07 2024 08: +0,1709798400
27.512,1,Mar 08 2024 00: +0,1709856000
29.07,2,Mar 08 2024 21: +0,1709931600
24.582,1,Mar 08 2024 22: +0,1709935200
26.689,1,Mar 09 2024 03: +0,1709953200
27.151,2,Mar 09 2024 05: +0,1709960400
26.924,1,Mar 09 2024 09: +0,1709974800
27.511,2,Mar 09 2024 13: +0,1709989200
24.793,1,Mar 09 2024 16: +0,1710000000
26.174,1,Mar 10 2024 00: +0,1710028800
28.671,1,Mar 10 2024 04: +0,1710043200
27.609,1,Mar 10 2024 09: +0,1710061200
26.184,2,Mar 10 2024 12: +0,1710072000
28.077,1,Mar 10 2024 14: +0,1710079200
27.04,2,Mar 10 2024 17: +0,1710090000
28.08,1,Mar 10 2024 18: +0,1710093600
26.254,2,Mar 10 2024 22: +0,1710108000
26.185,1,Mar 11 2024 06: +0,1710136800
26.018,1,Mar 11 2024 07: +0,1710140400
26.197,1,Mar 11 2024 13: +0,1710162000
26.934,1,Mar 11 2024 16: +0,1710172800
24.738,1,Mar 11 2024 18: +0,1710180000
28.889,1,Mar 11 2024 19: +0,1710183600
27.679,2,Mar 11 2024 21: +0,1710190800
29.282,1,Mar 11 2024 23: +0,1710198000
25.752,1,Mar 12 2024 02: +0,1710208800
29.131,1,Mar 12 2024 03: +0,1710212400
26.012,1,Mar 12 2024 08: +0,1710230400
28.362,1,Mar 12 2024 11: +0,1710241200
28.368,1,Mar 12 2024 17: +0,1710262800
29.876,1,Mar 12 2024 19: +0,1710270000
26.587,1,Mar 13 2024 01: +0,1710291600
26.674,1,Mar 13 2024 04: +0,1710302400
27.58,1,Mar 13 2024 06: +0,1710309600
29.153,1,Mar 13 2024 08: +0,1710316800
26.587,1,Mar 13 2024 17: +0,1710349200
26.863,1,Mar 13 2024 18: +0,1710352800
26.863,1,Mar 13 2024 19: +0,1710356400
28.143,1,Mar 13 2024 22: +0,1710367200
26.871,1,Mar 14 2024 09: +0,1710406800
31.721,1,Mar 14 2024 13: +0,1710421200
26.958,1,Mar 14 2024 15: +0,1710428400
25.207,1,Mar 14 2024 18: +0,1710439200
26.792,1,Mar 15 2024 02: +0,1710468000
26.871,1,Mar 15 2024 07: +0,1710486000
26.869,1,Mar 15 2024 09: +0,1710493200
28.991,1,Mar 15 2024 13: +0,1710507600
29.169,1,Mar 15 2024 16: +0,1710518400
26.855,1,Mar 15 2024 21: +0,1710536400
28.305,1,Mar 15 2024 23: +0,1710543600
27.092,2,Mar 16 2024 06: +0,1710568800
27.439,1,Mar 16 2024 13: +0,1710594000
26.966,1,Mar 16 2024 18: +0,1710612000
26.966,1,Mar 16 2024 19: +0,1710615600
26.813,2,Mar 16 2024 21: +0,1710622800
27.673,2,Mar 16 2024 22: +0,1710626400
26.959,1,Mar 17 2024 08: +0,1710662400
26.367,1,Mar 17 2024 15: +0,1710687600
26.911,1,Mar 17 2024 19: +0,1710702000
27.729,1,Mar 17 2024 21: +0,1710709200
26.863,1,Mar 17 2024 22: +0,1710712800
28.368,1,Mar 18 2024 00: +0,1710720000
26.824,1,Mar 18 2024 12: +0,1710763200
26.879,1,Mar 18 2024 15: +0,1710774000
26.879,1,Mar 18 2024 17: +0,1710781200
26.745,1,Mar 18 2024 18: +0,1710784800
26.92,1,Mar 18 2024 22: +0,1710799200
26.572,1,Mar 18 2024 23: +0,1710802800
26.619,1,Mar 19 2024 01: +0,1710810000
26.044,1,Mar 19 2024 04: +0,1710820800
26.248,2,Mar 19 2024 07: +0,1710831600
27.407,1,Mar 19 2024 14: +0,1710856800
31.11,2,Mar 19 2024 16: +0,1710864000
26.123,1,Mar 19 2024 19: +0,1710874800
27.388,1,Mar 19 2024 20: +0,1710878400
26.29,1,Mar 19 2024 22: +0,1710885600
27.426,2,Mar 19 2024 23: +0,1710889200
27.621,1,Mar 20 2024 11: +0,1710932400
26.994,1,Mar 20 2024 15: +0,1710946800
26.67,1,Mar 20 2024 16: +0,1710950400
27.05,1,Mar 20 2024 18: +0,1710957600
27.05,1,Mar 20 2024 19: +0,1710961200
27.061,1,Mar 20 2024 20: +0,1710964800
26.929,1,Mar 21 2024 00: +0,1710979200
27.192,1,Mar 21 2024 03: +0,1710990000
27.192,1,Mar 21 2024 05: +0,1710997200
27.184,1,Mar 21 2024 06: +0,1711000800
27.243,1,Mar 21 2024 07: +0,1711004400
30.082,1,Mar 21 2024 08: +0,1711008000
27.184,1,Mar 21 2024 14: +0,1711029600
30.18,1,Mar 21 2024 23: +0,1711062000
27.469,3,Mar 22 2024 00: +0,1711065600
28.499,1,Mar 22 2024 02: +0,1711072800
29.148,1,Mar 22 2024 03: +0,1711076400
27.509,1,Mar 22 2024 06: +0,1711087200
26.701,1,Mar 22 2024 09: +0,1711098000
26.655,2,Mar 22 2024 13: +0,1711112400
27.469,1,Mar 22 2024 16: +0,1711123200
28.269,1,Mar 22 2024 19: +0,1711134000
27.984,1,Mar 22 2024 22: +0,1711144800
27.311,1,Mar 22 2024 23: +0,1711148400
28.154,2,Mar 23 2024 05: +0,1711170000
27.996,1,Mar 23 2024 08: +0,1711180800
29.955,1,Mar 23 2024 16: +0,1711209600
27.311,1,Mar 23 2024 18: +0,1711216800
27.43,1,Mar 24 2024 02: +0,1711245600
27.58,1,Mar 24 2024 05: +0,1711256400
25.443,1,Mar 24 2024 08: +0,1711267200
28.976,1,Mar 24 2024 10: +0,1711274400
28.38,1,Mar 24 2024 21: +0,1711314000
27.454,1,Mar 24 2024 22: +0,1711317600
27.445,1,Mar 25 2024 07: +0,1711350000
27.446,1,Mar 25 2024 12: +0,1711368000
27.454,1,Mar 25 2024 13: +0,1711371600
29.005,13,Mar 25 2024 14: +0,1711375200
28.162,2,Mar 25 2024 15: +0,1711378800
31.667,1,Mar 25 2024 23: +0,1711407600
29.877,2,Mar 26 2024 05: +0,1711429200
29.916,1,Mar 26 2024 06: +0,1711432800
25.245,1,Mar 26 2024 12: +0,1711454400
36.018,1,Mar 26 2024 18: +0,1711476000
34.826,1,Mar 26 2024 19: +0,1711479600
27.469,1,Mar 26 2024 21: +0,1711486800
29.179,1,Mar 26 2024 22: +0,1711490400
27.469,1,Mar 26 2024 23: +0,1711494000
28.329,1,Mar 27 2024 02: +0,1711504800
29.157,1,Mar 27 2024 03: +0,1711508400
27.462,1,Mar 27 2024 08: +0,1711526400
27.852,2,Mar 27 2024 12: +0,1711540800
27.256,1,Mar 27 2024 14: +0,1711548000
27.596,1,Mar 27 2024 16: +0,1711555200
28.368,2,Mar 27 2024 17: +0,1711558800
26.124,1,Mar 28 2024 04: +0,1711598400
30.055,1,Mar 28 2024 05: +0,1711602000
28.768,1,Mar 28 2024 15: +0,1711638000
26.119,1,Mar 28 2024 23: +0,1711666800
23.67,1,Mar 29 2024 00: +0,1711670400
29.084,1,Mar 29 2024 01: +0,1711674000
29.52,1,Mar 29 2024 03: +0,1711681200
28.465,2,Mar 29 2024 15: +0,1711724400
26.52,1,Mar 30 2024 04: +0,1711771200
28.665,2,Mar 30 2024 20: +0,1711828800
26.894,1,Mar 31 2024 00: +0,1711843200
31.373,1,Mar 31 2024 03: +0,1711850400
28.967,1,Mar 31 2024 05: +0,1711857600
26.386,1,Mar 31 2024 10: +0,1711875600
29.907,1,Mar 31 2024 15: +0,1711893600
29.844,1,Apr 01 2024 00: +0,1711926000
28.801,1,Apr 01 2024 07: +0,1711951200
26.386,1,Apr 01 2024 17: +0,1711987200
28.146,1,Apr 01 2024 18: +0,1711990800
28.904,1,Apr 02 2024 02: +0,1712019600
26.166,1,Apr 02 2024 03: +0,1712023200
29.841,2,Apr 02 2024 08: +0,1712041200
29.879,1,Apr 02 2024 19: +0,1712080800
26.86,1,Apr 02 2024 23: +0,1712095200
26.386,1,Apr 03 2024 01: +0,1712102400
29.74,1,Apr 03 2024 05: +0,1712116800
36.044,1,Apr 03 2024 08: +0,1712127600
28.097,1,Apr 03 2024 09: +0,1712131200
29.684,1,Apr 03 2024 18: +0,1712163600
29.758,1,Apr 03 2024 21: +0,1712174400
30.235,1,Apr 03 2024 22: +0,1712178000
28.412,2,Apr 04 2024 11: +0,1712224800
29.299,1,Apr 04 2024 15: +0,1712239200
27.981,2,Apr 04 2024 16: +0,1712242800
26.584,1,Apr 04 2024 17: +0,1712246400
31.766,1,Apr 04 2024 22: +0,1712264400
30.017,1,Apr 05 2024 08: +0,1712300400
25.989,1,Apr 05 2024 19: +0,1712340000
27.483,1,Apr 06 2024 00: +0,1712358000
25.861,1,Apr 06 2024 03: +0,1712368800
27.62,1,Apr 06 2024 05: +0,1712376000
29.065,1,Apr 06 2024 09: +0,1712390400
26.809,2,Apr 06 2024 14: +0,1712408400
34.567,1,Apr 06 2024 19: +0,1712426400
28.11,1,Apr 06 2024 22: +0,1712437200
27.804,1,Apr 07 2024 00: +0,1712444400
26.464,1,Apr 07 2024 02: +0,1712451600
28.11,1,Apr 07 2024 04: +0,1712458800
26.005,1,Apr 07 2024 17: +0,1712505600
27.582,1,Apr 07 2024 19: +0,1712512800
26.881,1,Apr 07 2024 21: +0,1712520000
28.118,2,Apr 08 2024 03: +0,1712541600
28.134,1,Apr 08 2024 04: +0,1712545200
29.939,1,Apr 08 2024 09: +0,1712563200
28.166,1,Apr 08 2024 11: +0,1712570400
31.057,1,Apr 08 2024 13: +0,1712577600
27.686,1,Apr 08 2024 19: +0,1712599200
31.468,1,Apr 08 2024 21: +0,1712606400
30.475,1,Apr 09 2024 09: +0,1712649600
27.819,1,Apr 09 2024 11: +0,1712656800
29.512,1,Apr 09 2024 23: +0,1712700000
29.72,1,Apr 10 2024 03: +0,1712714400
30.583,1,Apr 10 2024 04: +0,1712718000
27.906,1,Apr 10 2024 07: +0,1712728800
29.348,1,Apr 10 2024 16: +0,1712761200
28.768,1,Apr 11 2024 07: +0,1712815200
29.33,1,Apr 11 2024 20: +0,1712862000
29.925,2,Apr 11 2024 21: +0,1712865600
29.716,1,Apr 12 2024 01: +0,1712880000
26.973,1,Apr 12 2024 03: +0,1712887200
30.15,1,Apr 12 2024 05: +0,1712894400
33.956,1,Apr 12 2024 06: +0,1712898000
26.704,1,Apr 12 2024 11: +0,1712916000
33.031,1,Apr 12 2024 13: +0,1712923200
28.717,1,Apr 13 2024 01: +0,1712966400
55.416,1,Apr 13 2024 10: +0,1712998800
27.257,1,Apr 13 2024 14: +0,1713013200
29.101,1,Apr 13 2024 16: +0,1713020400
30.816,1,Apr 13 2024 17: +0,1713024000
29.967,1,Apr 14 2024 02: +0,1713056400
30.519,1,Apr 14 2024 08: +0,1713078000
27.257,1,Apr 14 2024 11: +0,1713088800
27.257,1,Apr 14 2024 14: +0,1713099600
29.868,1,Apr 14 2024 16: +0,1713106800
30.591,1,Apr 14 2024 19: +0,1713117600
28.913,1,Apr 14 2024 23: +0,1713132000
28.634,2,Apr 16 2024 01: +0,1713225600
26.487,1,Apr 16 2024 08: +0,1713250800
30.478,1,Apr 16 2024 09: +0,1713254400
26.487,1,Apr 16 2024 10: +0,1713258000
29.065,1,Apr 16 2024 18: +0,1713286800
29.051,1,Apr 16 2024 20: +0,1713294000
28.19,1,Apr 17 2024 05: +0,1713326400
26.479,1,Apr 17 2024 10: +0,1713344400
26.769,1,Apr 17 2024 18: +0,1713373200
27.306,1,Apr 18 2024 02: +0,1713402000
26.519,1,Apr 18 2024 16: +0,1713452400
28.53,1,Apr 18 2024 18: +0,1713459600
26.8,1,Apr 19 2024 02: +0,1713488400
28.164,1,Apr 19 2024 04: +0,1713495600
26.727,2,Apr 19 2024 18: +0,1713546000
24.584,1,Apr 19 2024 20: +0,1713553200
27.387,1,Apr 19 2024 21: +0,1713556800
26.206,1,Apr 19 2024 22: +0,1713560400
26.54,1,Apr 19 2024 23: +0,1713564000
35.96,1,Apr 20 2024 01: +0,1713571200
26.54,1,Apr 20 2024 03: +0,1713578400
28.62,1,Apr 20 2024 12: +0,1713610800
26.531,1,Apr 20 2024 13: +0,1713614400
27.4,1,Apr 20 2024 19: +0,1713636000
27.804,1,Apr 20 2024 20: +0,1713639600
27.811,1,Apr 20 2024 21: +0,1713643200
28.816,2,Apr 21 2024 06: +0,1713675600
26.19,1,Apr 21 2024 07: +0,1713679200
27.567,1,Apr 21 2024 16: +0,1713711600
33.704,1,Apr 21 2024 20: +0,1713726000
25.896,1,Apr 22 2024 10: +0,1713776400
27.033,2,Apr 22 2024 19: +0,1713808800
28.482,1,Apr 22 2024 23: +0,1713823200
28.434,1,Apr 23 2024 02: +0,1713834000
28.984,1,Apr 23 2024 18: +0,1713891600
25.568,1,Apr 24 2024 00: +0,1713913200
27.948,1,Apr 24 2024 18: +0,1713978000
27.313,1,Apr 24 2024 20: +0,1713985200
26.383,1,Apr 25 2024 03: +0,1714010400
25.704,1,Apr 25 2024 07: +0,1714024800
25.68,2,Apr 25 2024 12: +0,1714042800
27.539,1,Apr 25 2024 13: +0,1714046400
30.342,1,Apr 26 2024 03: +0,1714096800
29.152,1,Apr 26 2024 11: +0,1714125600
25.85,1,Apr 26 2024 14: +0,1714136400
25.85,1,Apr 26 2024 17: +0,1714147200
25.85,1,Apr 26 2024 18: +0,1714150800
25.559,1,Apr 27 2024 15: +0,1714226400
25.927,1,Apr 27 2024 17: +0,1714233600
26.091,1,Apr 27 2024 20: +0,1714244400
26.023,1,Apr 28 2024 01: +0,1714262400
25.8,1,Apr 28 2024 02: +0,1714266000
33.806,2,Apr 28 2024 03: +0,1714269600
24.187,1,Apr 28 2024 11: +0,1714298400
25.305,1,Apr 28 2024 15: +0,1714312800
25.241,1,Apr 28 2024 16: +0,1714316400
26.198,2,Apr 28 2024 17: +0,1714320000
23.716,1,Apr 29 2024 02: +0,1714352400
26.837,1,Apr 29 2024 08: +0,1714374000
25.225,1,Apr 29 2024 09: +0,1714377600
27.943,1,Apr 29 2024 14: +0,1714395600
24.362,1,Apr 29 2024 17: +0,1714406400
27.218,2,Apr 29 2024 20: +0,1714417200
28.922,2,Apr 30 2024 01: +0,1714435200
28.089,1,Apr 30 2024 12: +0,1714474800
32.454,1,Apr 30 2024 17: +0,1714492800
25.093,1,May 01 2024 14: +0,1714568400
25.203,1,May 02 2024 02: +0,1714611600
22.785,1,May 02 2024 03: +0,1714615200
27.359,1,May 02 2024 09: +0,1714636800
31.524,1,May 02 2024 10: +0,1714640400
25.219,1,May 02 2024 18: +0,1714669200
27.259,1,May 02 2024 19: +0,1714672800
27.303,1,May 02 2024 20: +0,1714676400
26.95,1,May 03 2024 15: +0,1714744800
26.615,1,May 03 2024 16: +0,1714748400
27.147,2,May 04 2024 00: +0,1714777200
27.863,1,May 04 2024 10: +0,1714813200
28.302,2,May 04 2024 14: +0,1714827600
26.269,1,May 04 2024 18: +0,1714842000
39.666,1,May 04 2024 19: +0,1714845600
28.904,1,May 04 2024 21: +0,1714852800
29.074,1,May 04 2024 23: +0,1714860000
26.94,2,May 05 2024 13: +0,1714910400
26.704,1,May 05 2024 14: +0,1714914000
29.048,1,May 05 2024 16: +0,1714921200
26.557,1,May 05 2024 18: +0,1714928400
28.832,1,May 06 2024 07: +0,1714975200
30.14,1,May 06 2024 13: +0,1714996800
27.075,2,May 06 2024 21: +0,1715025600
27.174,1,May 07 2024 00: +0,1715036400
26.846,1,May 07 2024 07: +0,1715061600
30.317,1,May 07 2024 10: +0,1715072400
30.687,1,May 07 2024 12: +0,1715079600
26.717,1,May 07 2024 17: +0,1715097600
25.826,1,May 08 2024 22: +0,1715202000
26.382,2,May 08 2024 23: +0,1715205600
25.452,1,May 09 2024 00: +0,1715209200
30.43,1,May 09 2024 08: +0,1715238000
31.805,1,May 09 2024 12: +0,1715252400
29.964,1,May 09 2024 20: +0,1715281200
30.679,1,May 09 2024 22: +0,1715288400
31.278,1,May 10 2024 05: +0,1715313600
31.614,1,May 10 2024 06: +0,1715317200
31.497,1,May 10 2024 12: +0,1715338800
32.022,1,May 10 2024 20: +0,1715367600
30.977,1,May 11 2024 11: +0,1715421600
26.663,1,May 11 2024 17: +0,1715443200
30.823,1,May 12 2024 00: +0,1715468400
31.404,1,May 12 2024 02: +0,1715475600
26.56,1,May 12 2024 12: +0,1715511600
27.659,1,May 12 2024 14: +0,1715518800
26.869,1,May 12 2024 15: +0,1715522400
26.418,1,May 12 2024 16: +0,1715526000
31.147,1,May 12 2024 18: +0,1715533200
27.58,1,May 13 2024 09: +0,1715587200
30.636,1,May 13 2024 13: +0,1715601600
26.347,2,May 13 2024 21: +0,1715630400
26.849,1,May 13 2024 23: +0,1715637600
28.421,1,May 14 2024 04: +0,1715655600
28.496,1,May 15 2024 01: +0,1715731200
29.981,1,May 15 2024 03: +0,1715738400
29.231,1,May 15 2024 08: +0,1715756400
29.225,1,May 15 2024 14: +0,1715778000
29.063,1,May 15 2024 20: +0,1715799600
29.548,1,May 16 2024 05: +0,1715832000
25.13,1,May 16 2024 08: +0,1715842800
29.516,1,May 16 2024 22: +0,1715893200
30.069,1,May 17 2024 11: +0,1715940000
29.229,1,May 17 2024 15: +0,1715954400
29.58,1,May 17 2024 20: +0,1715972400
27.603,1,May 17 2024 21: +0,1715976000
34.509,1,May 19 2024 01: +0,1716076800
27.855,1,May 19 2024 04: +0,1716087600
34.724,1,May 19 2024 10: +0,1716109200
29.476,1,May 20 2024 02: +0,1716166800
29.516,1,May 20 2024 05: +0,1716177600
26.607,1,May 20 2024 18: +0,1716224400
28.335,1,May 21 2024 09: +0,1716278400
27.721,1,May 21 2024 23: +0,1716328800
37.496,1,May 22 2024 07: +0,1716357600
29.271,1,May 22 2024 22: +0,1716411600
27.761,2,May 23 2024 02: +0,1716426000
29.401,1,May 23 2024 11: +0,1716458400
28.332,1,May 23 2024 22: +0,1716498000
29.063,1,May 23 2024 23: +0,1716501600
29.269,1,May 24 2024 11: +0,1716544800
26.847,1,May 24 2024 12: +0,1716548400
27.884,1,May 24 2024 21: +0,1716580800
27.759,1,May 24 2024 23: +0,1716588000
27.711,1,May 25 2024 00: +0,1716591600
28.057,1,May 25 2024 03: +0,1716602400
27.743,1,May 25 2024 12: +0,1716634800
27.688,1,May 25 2024 18: +0,1716656400
28.795,1,May 25 2024 23: +0,1716674400
28.905,1,May 26 2024 14: +0,1716728400
28.811,1,May 26 2024 19: +0,1716746400
29.302,1,May 26 2024 22: +0,1716757200
27.067,1,May 27 2024 15: +0,1716818400
34.074,1,May 27 2024 17: +0,1716825600
27.079,1,May 27 2024 18: +0,1716829200
24.362,1,May 28 2024 01: +0,1716854400
27.138,1,May 28 2024 03: +0,1716861600
27.256,1,May 29 2024 02: +0,1716944400
23.763,1,May 29 2024 13: +0,1716984000
27.311,2,May 29 2024 18: +0,1717002000
27.458,3,May 29 2024 20: +0,1717009200
27.523,1,May 30 2024 02: +0,1717030800
27.578,1,May 30 2024 04: +0,1717038000
28.324,2,May 30 2024 07: +0,1717048800
27.776,1,May 30 2024 16: +0,1717081200
26.392,1,May 30 2024 17: +0,1717084800
26.706,1,May 30 2024 19: +0,1717092000
27.448,1,May 30 2024 23: +0,1717106400
28.694,2,May 31 2024 03: +0,1717120800
28.868,2,May 31 2024 13: +0,1717156800
28.954,2,May 31 2024 23: +0,1717192800
28.013,1,Jun 01 2024 01: +0,1717200000
28.97,1,Jun 01 2024 03: +0,1717207200
30.507,2,Jun 01 2024 07: +0,1717221600
29.048,1,Jun 01 2024 10: +0,1717232400
28.954,1,Jun 01 2024 21: +0,1717272000
29.135,1,Jun 02 2024 09: +0,1717315200
30.671,1,Jun 02 2024 21: +0,1717358400
31.532,1,Jun 02 2024 22: +0,1717362000
29.252,1,Jun 03 2024 06: +0,1717390800
29.229,1,Jun 03 2024 09: +0,1717401600
31.792,1,Jun 04 2024 13: +0,1717502400
34.028,1,Jun 04 2024 14: +0,1717506000
30.995,1,Jun 05 2024 14: +0,1717592400
31.569,1,Jun 06 2024 01: +0,1717632000
29.462,1,Jun 06 2024 02: +0,1717635600
29.628,1,Jun 06 2024 15: +0,1717682400
31.706,1,Jun 07 2024 01: +0,1717718400
29.62,1,Jun 07 2024 09: +0,1717747200
29.62,1,Jun 07 2024 12: +0,1717758000
29.62,1,Jun 07 2024 14: +0,1717765200
25.921,1,Jun 07 2024 19: +0,1717783200
29.62,1,Jun 07 2024 20: +0,1717786800
29.62,1,Jun 07 2024 21: +0,1717790400
29.281,2,Jun 08 2024 07: +0,1717826400
28.135,1,Jun 08 2024 15: +0,1717855200
28.199,1,Jun 08 2024 16: +0,1717858800
28.428,1,Jun 08 2024 20: +0,1717873200
28.317,1,Jun 09 2024 02: +0,1717894800
28.349,1,Jun 09 2024 06: +0,1717909200
28.404,1,Jun 09 2024 18: +0,1717952400
31.299,1,Jun 09 2024 20: +0,1717959600
28.428,1,Jun 09 2024 21: +0,1717963200
28.966,1,Jun 10 2024 03: +0,1717984800
28.748,2,Jun 10 2024 12: +0,1718017200
28.53,1,Jun 10 2024 13: +0,1718020800
28.791,2,Jun 10 2024 20: +0,1718046000
29.067,3,Jun 10 2024 21: +0,1718049600
28.436,1,Jun 11 2024 01: +0,1718064000
28.404,1,Jun 11 2024 11: +0,1718100000
28.831,1,Jun 11 2024 12: +0,1718103600
28.465,1,Jun 11 2024 22: +0,1718139600
28.767,1,Jun 12 2024 08: +0,1718175600
30.022,1,Jun 12 2024 13: +0,1718193600
34.351,1,Jun 12 2024 21: +0,1718222400
29.169,1,Jun 13 2024 06: +0,1718254800
28.739,1,Jun 13 2024 07: +0,1718258400
27.251,1,Jun 13 2024 14: +0,1718283600
26.453,1,Jun 13 2024 17: +0,1718294400
28.996,1,Jun 14 2024 02: +0,1718326800
32.333,1,Jun 14 2024 06: +0,1718341200
27.188,1,Jun 15 2024 09: +0,1718438400
26.129,1,Jun 15 2024 10: +0,1718442000
28.09,2,Jun 15 2024 13: +0,1718452800
