price,quantity,date,unix timestamp
0.661,16,Aug 15 2013 01: +0,1376524800
0.275,47,Aug 16 2013 01: +0,1376611200
0.194,49,Aug 17 2013 01: +0,1376697600
0.151,55,Aug 18 2013 01: +0,1376784000
0.155,66,Aug 19 2013 01: +0,1376870400
0.114,49,Aug 20 2013 01: +0,1376956800
0.098,53,Aug 21 2013 01: +0,1377043200
0.078,85,Aug 22 2013 01: +0,1377129600
0.05,46,Aug 23 2013 01: +0,1377216000
0.048,53,Aug 24 2013 01: +0,1377302400
0.046,86,Aug 25 2013 01: +0,1377388800
0.036,67,Aug 26 2013 01: +0,1377475200
0.038,91,Aug 27 2013 01: +0,1377561600
0.041,69,Aug 28 2013 01: +0,1377648000
0.034,57,Aug 29 2013 01: +0,1377734400
0.03,72,Aug 30 2013 01: +0,1377820800
0.03,63,Aug 31 2013 01: +0,1377907200
0.067,56,Sep 01 2013 01: +0,1377993600
0.03,53,Sep 02 2013 01: +0,1378080000
0.031,51,Sep 03 2013 01: +0,1378166400
0.03,34,Sep 04 2013 01: +0,1378252800
0.03,24,Sep 05 2013 01: +0,1378339200
0.03,31,Sep 06 2013 01: +0,1378425600
0.03,48,Sep 07 2013 01: +0,1378512000
0.03,28,Sep 08 2013 01: +0,1378598400
0.03,25,Sep 09 2013 01: +0,1378684800
0.03,18,Sep 10 2013 01: +0,1378771200
0.03,17,Sep 11 2013 01: +0,1378857600
0.036,516,Sep 12 2013 01: +0,1378944000
0.048,506,Sep 13 2013 01: +0,1379030400
0.038,165,Sep 14 2013 01: +0,1379116800
0.033,171,Sep 15 2013 01: +0,1379203200
0.03,127,Sep 16 2013 01: +0,1379289600
0.03,85,Sep 17 2013 01: +0,1379376000
0.03,49,Sep 18 2013 01: +0,1379462400
0.03,53,Sep 19 2013 01: +0,1379548800
0.09,775,Sep 20 2013 01: +0,1379635200
0.083,282,Sep 21 2013 01: +0,1379721600
0.083,253,Sep 22 2013 01: +0,1379808000
0.067,150,Sep 23 2013 01: +0,1379894400
0.059,133,Sep 24 2013 01: +0,1379980800
0.061,180,Sep 25 2013 01: +0,1380067200
0.063,148,Sep 26 2013 01: +0,1380153600
0.057,173,Sep 27 2013 01: +0,1380240000
0.053,279,Sep 28 2013 01: +0,1380326400
0.058,275,Sep 29 2013 01: +0,1380412800
0.057,150,Sep 30 2013 01: +0,1380499200
0.057,134,Oct 01 2013 01: +0,1380585600
0.052,154,Oct 02 2013 01: +0,1380672000
0.05,149,Oct 03 2013 01: +0,1380758400
0.049,174,Oct 04 2013 01: +0,1380844800
0.051,190,Oct 05 2013 01: +0,1380931200
0.049,206,Oct 06 2013 01: +0,1381017600
0.048,183,Oct 07 2013 01: +0,1381104000
0.045,158,Oct 08 2013 01: +0,1381190400
0.042,138,Oct 09 2013 01: +0,1381276800
0.045,134,Oct 10 2013 01: +0,1381363200
0.045,156,Oct 11 2013 01: +0,1381449600
0.045,163,Oct 12 2013 01: +0,1381536000
0.041,215,Oct 13 2013 01: +0,1381622400
0.037,162,Oct 14 2013 01: +0,1381708800
0.041,169,Oct 15 2013 01: +0,1381795200
0.038,155,Oct 16 2013 01: +0,1381881600
0.036,131,Oct 17 2013 01: +0,1381968000
0.041,107,Oct 18 2013 01: +0,1382054400
0.04,196,Oct 19 2013 01: +0,1382140800
0.037,181,Oct 20 2013 01: +0,1382227200
0.039,168,Oct 21 2013 01: +0,1382313600
0.03,127,Oct 22 2013 01: +0,1382400000
0.036,152,Oct 23 2013 01: +0,1382486400
0.031,175,Oct 24 2013 01: +0,1382572800
0.032,202,Oct 25 2013 01: +0,1382659200
0.041,193,Oct 26 2013 01: +0,1382745600
0.032,168,Oct 27 2013 01: +0,1382832000
0.032,158,Oct 28 2013 01: +0,1382922000
0.032,151,Oct 29 2013 01: +0,1383008400
0.03,118,Oct 30 2013 01: +0,1383094800
0.032,132,Oct 31 2013 01: +0,1383181200
0.03,110,Nov 01 2013 01: +0,1383267600
0.03,134,Nov 02 2013 01: +0,1383354000
0.03,120,Nov 03 2013 01: +0,1383440400
0.031,201,Nov 04 2013 01: +0,1383526800
0.03,113,Nov 05 2013 01: +0,1383613200
0.031,137,Nov 06 2013 01: +0,1383699600
0.03,115,Nov 07 2013 01: +0,1383786000
0.03,138,Nov 08 2013 01: +0,1383872400
0.03,180,Nov 09 2013 01: +0,1383958800
0.03,187,Nov 10 2013 01: +0,1384045200
0.03,172,Nov 11 2013 01: +0,1384131600
0.03,146,Nov 12 2013 01: +0,1384218000
0.03,181,Nov 13 2013 01: +0,1384304400
0.03,90,Nov 14 2013 01: +0,1384390800
0.03,149,Nov 15 2013 01: +0,1384477200
0.03,116,Nov 16 2013 01: +0,1384563600
0.03,173,Nov 17 2013 01: +0,1384650000
0.03,100,Nov 18 2013 01: +0,1384736400
0.03,114,Nov 19 2013 01: +0,1384822800
0.03,72,Nov 20 2013 01: +0,1384909200
0.03,154,Nov 21 2013 01: +0,1384995600
0.03,105,Nov 22 2013 01: +0,1385082000
0.03,99,Nov 23 2013 01: +0,1385168400
0.03,161,Nov 24 2013 01: +0,1385254800
0.03,112,Nov 25 2013 01: +0,1385341200
0.03,124,Nov 26 2013 01: +0,1385427600
0.03,145,Nov 27 2013 01: +0,1385514000
0.03,114,Nov 28 2013 01: +0,1385600400
0.03,120,Nov 29 2013 01: +0,1385686800
0.03,246,Nov 30 2013 01: +0,1385773200
0.03,190,Dec 01 2013 01: +0,1385859600
0.03,75,Dec 02 2013 01: +0,1385946000
0.03,161,Dec 03 2013 01: +0,1386032400
0.03,114,Dec 04 2013 01: +0,1386118800
0.03,132,Dec 05 2013 01: +0,1386205200
0.03,98,Dec 06 2013 01: +0,1386291600
0.03,110,Dec 07 2013 01: +0,1386378000
0.03,159,Dec 08 2013 01: +0,1386464400
0.03,108,Dec 09 2013 01: +0,1386550800
0.03,101,Dec 10 2013 01: +0,1386637200
0.03,66,Dec 11 2013 01: +0,1386723600
0.03,83,Dec 12 2013 01: +0,1386810000
0.03,88,Dec 13 2013 01: +0,1386896400
0.036,72,Dec 14 2013 01: +0,1386982800
0.03,75,Dec 15 2013 01: +0,1387069200
0.03,64,Dec 16 2013 01: +0,1387155600
0.03,69,Dec 17 2013 01: +0,1387242000
0.03,79,Dec 18 2013 01: +0,1387328400
0.03,54,Dec 19 2013 01: +0,1387414800
0.03,110,Dec 20 2013 01: +0,1387501200
0.03,114,Dec 21 2013 01: +0,1387587600
0.03,116,Dec 22 2013 01: +0,1387674000
0.03,65,Dec 23 2013 01: +0,1387760400
0.03,125,Dec 24 2013 01: +0,1387846800
0.03,69,Dec 25 2013 01: +0,1387933200
0.03,164,Dec 26 2013 01: +0,1388019600
0.03,76,Dec 27 2013 01: +0,1388106000
0.031,105,Dec 28 2013 01: +0,1388192400
0.03,82,Dec 29 2013 01: +0,1388278800
0.03,89,Dec 30 2013 01: +0,1388365200
0.03,80,Dec 31 2013 01: +0,1388451600
0.03,95,Jan 01 2014 01: +0,1388538000
0.03,105,Jan 02 2014 01: +0,1388624400
0.03,64,Jan 03 2014 01: +0,1388710800
0.033,126,Jan 04 2014 01: +0,1388797200
0.033,104,Jan 05 2014 01: +0,1388883600
0.035,89,Jan 06 2014 01: +0,1388970000
0.033,62,Jan 07 2014 01: +0,1389056400
0.03,80,Jan 08 2014 01: +0,1389142800
0.034,86,Jan 09 2014 01: +0,1389229200
0.031,69,Jan 10 2014 01: +0,1389315600
0.037,82,Jan 11 2014 01: +0,1389402000
0.03,94,Jan 12 2014 01: +0,1389488400
0.032,84,Jan 13 2014 01: +0,1389574800
0.03,66,Jan 14 2014 01: +0,1389661200
0.033,151,Jan 15 2014 01: +0,1389747600
0.03,72,Jan 16 2014 01: +0,1389834000
0.032,70,Jan 17 2014 01: +0,1389920400
0.03,101,Jan 18 2014 01: +0,1390006800
0.039,98,Jan 19 2014 01: +0,1390093200
0.034,114,Jan 20 2014 01: +0,1390179600
0.03,112,Jan 21 2014 01: +0,1390266000
0.032,75,Jan 22 2014 01: +0,1390352400
0.031,71,Jan 23 2014 01: +0,1390438800
0.041,69,Jan 24 2014 01: +0,1390525200
0.033,64,Jan 25 2014 01: +0,1390611600
0.037,130,Jan 26 2014 01: +0,1390698000
0.031,67,Jan 27 2014 01: +0,1390784400
0.031,84,Jan 28 2014 01: +0,1390870800
0.033,99,Jan 29 2014 01: +0,1390957200
0.03,64,Jan 30 2014 01: +0,1391043600
0.03,81,Jan 31 2014 01: +0,1391130000
0.032,94,Feb 01 2014 01: +0,1391216400
0.031,91,Feb 02 2014 01: +0,1391302800
0.039,65,Feb 03 2014 01: +0,1391389200
0.03,64,Feb 04 2014 01: +0,1391475600
0.036,102,Feb 05 2014 01: +0,1391562000
0.03,73,Feb 06 2014 01: +0,1391648400
0.03,85,Feb 07 2014 01: +0,1391734800
0.031,123,Feb 08 2014 01: +0,1391821200
0.03,63,Feb 09 2014 01: +0,1391907600
0.031,90,Feb 10 2014 01: +0,1391994000
0.03,44,Feb 11 2014 01: +0,1392080400
0.032,65,Feb 12 2014 01: +0,1392166800
0.038,57,Feb 13 2014 01: +0,1392253200
0.03,64,Feb 14 2014 01: +0,1392339600
0.03,61,Feb 15 2014 01: +0,1392426000
0.036,66,Feb 16 2014 01: +0,1392512400
0.031,44,Feb 17 2014 01: +0,1392598800
0.032,54,Feb 18 2014 01: +0,1392685200
0.03,51,Feb 19 2014 01: +0,1392771600
0.03,74,Feb 20 2014 01: +0,1392858000
0.03,54,Feb 21 2014 01: +0,1392944400
0.03,48,Feb 22 2014 01: +0,1393030800
0.03,67,Feb 23 2014 01: +0,1393117200
0.03,61,Feb 24 2014 01: +0,1393203600
0.031,82,Feb 25 2014 01: +0,1393290000
0.031,72,Feb 26 2014 01: +0,1393376400
0.03,29,Feb 27 2014 01: +0,1393462800
0.031,50,Feb 28 2014 01: +0,1393549200
0.03,49,Mar 01 2014 01: +0,1393635600
0.03,98,Mar 02 2014 01: +0,1393722000
0.032,78,Mar 03 2014 01: +0,1393808400
0.031,59,Mar 04 2014 01: +0,1393894800
0.03,48,Mar 05 2014 01: +0,1393981200
0.03,58,Mar 06 2014 01: +0,1394067600
0.031,42,Mar 07 2014 01: +0,1394154000
0.033,101,Mar 08 2014 01: +0,1394240400
0.037,87,Mar 09 2014 01: +0,1394326800
0.033,68,Mar 10 2014 01: +0,1394413200
0.037,42,Mar 11 2014 01: +0,1394499600
0.036,42,Mar 12 2014 01: +0,1394586000
0.035,23,Mar 13 2014 01: +0,1394672400
0.041,26,Mar 14 2014 01: +0,1394758800
0.035,64,Mar 15 2014 01: +0,1394845200
0.03,66,Mar 16 2014 01: +0,1394931600
0.037,34,Mar 17 2014 01: +0,1395018000
0.032,58,Mar 18 2014 01: +0,1395104400
0.032,56,Mar 19 2014 01: +0,1395190800
0.036,50,Mar 20 2014 01: +0,1395277200
0.033,46,Mar 21 2014 01: +0,1395363600
0.033,54,Mar 22 2014 01: +0,1395450000
0.04,73,Mar 23 2014 01: +0,1395536400
0.038,55,Mar 24 2014 01: +0,1395622800
0.037,47,Mar 25 2014 01: +0,1395709200
0.039,58,Mar 26 2014 01: +0,1395795600
0.04,86,Mar 27 2014 01: +0,1395882000
0.035,56,Mar 28 2014 01: +0,1395968400
0.046,117,Mar 29 2014 01: +0,1396054800
0.043,109,Mar 30 2014 01: +0,1396141200
0.04,59,Mar 31 2014 01: +0,1396224000
0.055,58,Apr 01 2014 01: +0,1396310400
0.05,71,Apr 02 2014 01: +0,1396396800
0.057,72,Apr 03 2014 01: +0,1396483200
0.047,61,Apr 04 2014 01: +0,1396569600
0.046,50,Apr 05 2014 01: +0,1396656000
0.034,48,Apr 06 2014 01: +0,1396742400
0.04,93,Apr 07 2014 01: +0,1396828800
0.031,45,Apr 08 2014 01: +0,1396915200
0.041,48,Apr 09 2014 01: +0,1397001600
0.033,30,Apr 10 2014 01: +0,1397088000
0.05,53,Apr 11 2014 01: +0,1397174400
0.056,50,Apr 12 2014 01: +0,1397260800
0.05,80,Apr 13 2014 01: +0,1397347200
0.045,56,Apr 14 2014 01: +0,1397433600
0.052,65,Apr 15 2014 01: +0,1397520000
0.057,47,Apr 16 2014 01: +0,1397606400
0.059,51,Apr 17 2014 01: +0,1397692800
0.059,52,Apr 18 2014 01: +0,1397779200
0.066,127,Apr 19 2014 01: +0,1397865600
0.051,44,Apr 20 2014 01: +0,1397952000
0.053,68,Apr 21 2014 01: +0,1398038400
0.071,75,Apr 22 2014 01: +0,1398124800
0.071,47,Apr 23 2014 01: +0,1398211200
0.059,61,Apr 24 2014 01: +0,1398297600
0.067,41,Apr 25 2014 01: +0,1398384000
0.066,54,Apr 26 2014 01: +0,1398470400
0.071,85,Apr 27 2014 01: +0,1398556800
0.074,80,Apr 28 2014 01: +0,1398643200
0.071,35,Apr 29 2014 01: +0,1398729600
0.087,67,Apr 30 2014 01: +0,1398816000
0.09,49,May 01 2014 01: +0,1398902400
0.068,16,May 02 2014 01: +0,1398988800
0.076,46,May 03 2014 01: +0,1399075200
0.05,33,May 04 2014 01: +0,1399161600
0.057,45,May 05 2014 01: +0,1399248000
0.057,54,May 06 2014 01: +0,1399334400
0.068,45,May 07 2014 01: +0,1399420800
0.059,60,May 08 2014 01: +0,1399507200
0.046,62,May 09 2014 01: +0,1399593600
0.055,51,May 10 2014 01: +0,1399680000
0.048,63,May 11 2014 01: +0,1399766400
0.054,61,May 12 2014 01: +0,1399852800
0.051,59,May 13 2014 01: +0,1399939200
0.048,62,May 14 2014 01: +0,1400025600
0.072,82,May 15 2014 01: +0,1400112000
0.083,74,May 16 2014 01: +0,1400198400
0.067,46,May 17 2014 01: +0,1400284800
0.064,55,May 18 2014 01: +0,1400371200
0.061,38,May 19 2014 01: +0,1400457600
0.061,61,May 20 2014 01: +0,1400544000
0.075,59,May 21 2014 01: +0,1400630400
0.068,36,May 22 2014 01: +0,1400716800
0.059,44,May 23 2014 01: +0,1400803200
0.062,47,May 24 2014 01: +0,1400889600
0.06,64,May 25 2014 01: +0,1400976000
0.059,27,May 26 2014 01: +0,1401062400
0.051,34,May 27 2014 01: +0,1401148800
0.052,53,May 28 2014 01: +0,1401235200
0.091,50,May 29 2014 01: +0,1401321600
0.053,42,May 30 2014 01: +0,1401408000
0.057,32,May 31 2014 01: +0,1401494400
0.055,39,Jun 01 2014 01: +0,1401580800
0.063,35,Jun 02 2014 01: +0,1401667200
0.063,28,Jun 03 2014 01: +0,1401753600
0.068,52,Jun 04 2014 01: +0,1401840000
0.056,27,Jun 05 2014 01: +0,1401926400
0.06,24,Jun 06 2014 01: +0,1402012800
0.059,53,Jun 07 2014 01: +0,1402099200
0.059,42,Jun 08 2014 01: +0,1402185600
0.063,23,Jun 09 2014 01: +0,1402272000
0.061,15,Jun 10 2014 01: +0,1402358400
0.047,33,Jun 11 2014 01: +0,1402444800
0.053,24,Jun 12 2014 01: +0,1402531200
0.058,20,Jun 13 2014 01: +0,1402617600
0.062,35,Jun 14 2014 01: +0,1402704000
0.06,33,Jun 15 2014 01: +0,1402790400
0.066,38,Jun 16 2014 01: +0,1402876800
0.059,34,Jun 17 2014 01: +0,1402963200
0.057,23,Jun 18 2014 01: +0,1403049600
0.062,32,Jun 19 2014 01: +0,1403136000
0.036,56,Jun 20 2014 01: +0,1403222400
0.038,40,Jun 21 2014 01: +0,1403308800
0.037,44,Jun 22 2014 01: +0,1403395200
0.038,30,Jun 23 2014 01: +0,1403481600
0.066,19,Jun 24 2014 01: +0,1403568000
0.04,34,Jun 25 2014 01: +0,1403654400
0.045,72,Jun 26 2014 01: +0,1403740800
0.054,58,Jun 27 2014 01: +0,1403827200
0.051,35,Jun 28 2014 01: +0,1403913600
0.045,53,Jun 29 2014 01: +0,1404000000
0.045,55,Jun 30 2014 01: +0,1404086400
0.067,13,Jul 01 2014 01: +0,1404172800
0.049,21,Jul 02 2014 01: +0,1404259200
0.052,36,Jul 03 2014 01: +0,1404345600
0.05,25,Jul 04 2014 01: +0,1404432000
0.054,29,Jul 05 2014 01: +0,1404518400
0.051,35,Jul 06 2014 01: +0,1404604800
0.063,40,Jul 07 2014 01: +0,1404691200
0.06,11,Jul 08 2014 01: +0,1404777600
0.068,50,Jul 09 2014 01: +0,1404864000
0.112,43,Jul 10 2014 01: +0,1404950400
0.074,38,Jul 11 2014 01: +0,1405036800
0.068,22,Jul 12 2014 01: +0,1405123200
0.064,27,Jul 13 2014 01: +0,1405209600
0.063,24,Jul 14 2014 01: +0,1405296000
0.066,22,Jul 15 2014 01: +0,1405382400
0.066,34,Jul 16 2014 01: +0,1405468800
0.074,16,Jul 17 2014 01: +0,1405555200
0.062,23,Jul 18 2014 01: +0,1405641600
0.07,42,Jul 19 2014 01: +0,1405728000
0.066,39,Jul 20 2014 01: +0,1405814400
0.073,46,Jul 21 2014 01: +0,1405900800
0.065,26,Jul 22 2014 01: +0,1405987200
0.072,29,Jul 23 2014 01: +0,1406073600
0.076,35,Jul 24 2014 01: +0,1406160000
0.072,30,Jul 25 2014 01: +0,1406246400
0.083,42,Jul 26 2014 01: +0,1406332800
0.084,39,Jul 27 2014 01: +0,1406419200
0.078,19,Jul 28 2014 01: +0,1406505600
0.076,37,Jul 29 2014 01: +0,1406592000
0.079,22,Jul 30 2014 01: +0,1406678400
0.062,20,Jul 31 2014 01: +0,1406764800
0.077,35,Aug 01 2014 01: +0,1406851200
0.081,18,Aug 02 2014 01: +0,1406937600
0.077,30,Aug 03 2014 01: +0,1407024000
0.078,27,Aug 04 2014 01: +0,1407110400
0.071,32,Aug 05 2014 01: +0,1407196800
0.114,140,Aug 06 2014 01: +0,1407283200
0.162,18,Aug 07 2014 01: +0,1407369600
0.134,30,Aug 08 2014 01: +0,1407456000
0.147,39,Aug 09 2014 01: +0,1407542400
0.12,22,Aug 10 2014 01: +0,1407628800
0.12,31,Aug 11 2014 01: +0,1407715200
0.119,40,Aug 12 2014 01: +0,1407801600
0.138,26,Aug 13 2014 01: +0,1407888000
0.112,15,Aug 14 2014 01: +0,1407974400
0.098,26,Aug 15 2014 01: +0,1408060800
0.092,14,Aug 16 2014 01: +0,1408147200
0.077,37,Aug 17 2014 01: +0,1408233600
0.091,30,Aug 18 2014 01: +0,1408320000
0.099,49,Aug 19 2014 01: +0,1408406400
0.091,20,Aug 20 2014 01: +0,1408492800
0.093,35,Aug 21 2014 01: +0,1408579200
0.093,31,Aug 22 2014 01: +0,1408665600
0.104,31,Aug 23 2014 01: +0,1408752000
0.104,33,Aug 24 2014 01: +0,1408838400
0.122,37,Aug 25 2014 01: +0,1408924800
0.107,31,Aug 26 2014 01: +0,1409011200
0.131,18,Aug 27 2014 01: +0,1409097600
0.116,32,Aug 28 2014 01: +0,1409184000
0.114,25,Aug 29 2014 01: +0,1409270400
0.117,30,Aug 30 2014 01: +0,1409356800
0.113,31,Aug 31 2014 01: +0,1409443200
0.116,22,Sep 01 2014 01: +0,1409529600
0.119,34,Sep 02 2014 01: +0,1409616000
0.134,24,Sep 03 2014 01: +0,1409702400
0.114,31,Sep 04 2014 01: +0,1409788800
0.087,17,Sep 05 2014 01: +0,1409875200
0.108,30,Sep 06 2014 01: +0,1409961600
0.116,20,Sep 07 2014 01: +0,1410048000
0.112,25,Sep 08 2014 01: +0,1410134400
0.125,30,Sep 09 2014 01: +0,1410220800
0.131,24,Sep 10 2014 01: +0,1410307200
0.118,22,Sep 11 2014 01: +0,1410393600
0.131,23,Sep 12 2014 01: +0,1410480000
0.123,18,Sep 13 2014 01: +0,1410566400
0.115,15,Sep 14 2014 01: +0,1410652800
0.11,22,Sep 15 2014 01: +0,1410739200
0.116,17,Sep 16 2014 01: +0,1410825600
0.118,29,Sep 17 2014 01: +0,1410912000
0.116,6,Sep 18 2014 01: +0,1410998400
0.124,20,Sep 19 2014 01: +0,1411084800
0.116,18,Sep 20 2014 01: +0,1411171200
0.126,15,Sep 21 2014 01: +0,1411257600
0.121,11,Sep 22 2014 01: +0,1411344000
0.117,12,Sep 23 2014 01: +0,1411430400
0.116,20,Sep 24 2014 01: +0,1411516800
0.115,11,Sep 25 2014 01: +0,1411603200
0.112,15,Sep 26 2014 01: +0,1411689600
0.111,48,Sep 27 2014 01: +0,1411776000
0.1,19,Sep 28 2014 01: +0,1411862400
0.12,27,Sep 29 2014 01: +0,1411948800
0.099,6,Sep 30 2014 01: +0,1412035200
0.112,20,Oct 01 2014 01: +0,1412121600
0.112,20,Oct 02 2014 01: +0,1412208000
0.11,25,Oct 03 2014 01: +0,1412294400
0.141,30,Oct 04 2014 01: +0,1412380800
0.136,14,Oct 05 2014 01: +0,1412467200
0.12,7,Oct 06 2014 01: +0,1412553600
0.128,14,Oct 07 2014 01: +0,1412640000
0.117,19,Oct 08 2014 01: +0,1412726400
0.11,8,Oct 09 2014 01: +0,1412812800
0.097,7,Oct 10 2014 01: +0,1412899200
0.106,34,Oct 11 2014 01: +0,1412985600
0.121,37,Oct 12 2014 01: +0,1413072000
0.124,17,Oct 13 2014 01: +0,1413158400
0.106,10,Oct 14 2014 01: +0,1413244800
0.134,15,Oct 15 2014 01: +0,1413331200
0.098,15,Oct 16 2014 01: +0,1413417600
0.142,23,Oct 17 2014 01: +0,1413504000
0.121,14,Oct 18 2014 01: +0,1413590400
0.113,15,Oct 19 2014 01: +0,1413676800
0.101,20,Oct 20 2014 01: +0,1413763200
0.114,26,Oct 21 2014 01: +0,1413849600
0.114,21,Oct 22 2014 01: +0,1413936000
0.106,13,Oct 23 2014 01: +0,1414022400
0.115,11,Oct 24 2014 01: +0,1414108800
0.114,17,Oct 25 2014 01: +0,1414195200
0.115,6,Oct 26 2014 01: +0,1414281600
0.106,6,Oct 27 2014 01: +0,1414371600
0.123,15,Oct 28 2014 01: +0,1414458000
0.121,8,Oct 29 2014 01: +0,1414544400
0.117,16,Oct 30 2014 01: +0,1414630800
0.118,10,Oct 31 2014 01: +0,1414717200
0.11,21,Nov 01 2014 01: +0,1414803600
0.1,13,Nov 02 2014 01: +0,1414890000
0.107,13,Nov 03 2014 01: +0,1414976400
0.126,20,Nov 04 2014 01: +0,1415062800
0.13,25,Nov 05 2014 01: +0,1415149200
0.114,7,Nov 06 2014 01: +0,1415235600
0.094,5,Nov 07 2014 01: +0,1415322000
0.121,22,Nov 08 2014 01: +0,1415408400
0.115,20,Nov 09 2014 01: +0,1415494800
0.108,17,Nov 10 2014 01: +0,1415581200
0.118,15,Nov 11 2014 01: +0,1415667600
0.054,78,Nov 12 2014 01: +0,1415754000
0.042,111,Nov 13 2014 01: +0,1415840400
0.042,69,Nov 14 2014 01: +0,1415926800
0.038,142,Nov 15 2014 01: +0,1416013200
0.036,162,Nov 16 2014 01: +0,1416099600
0.038,103,Nov 17 2014 01: +0,1416186000
0.043,95,Nov 18 2014 01: +0,1416272400
0.04,108,Nov 19 2014 01: +0,1416358800
0.032,88,Nov 20 2014 01: +0,1416445200
0.033,97,Nov 21 2014 01: +0,1416531600
0.03,83,Nov 22 2014 01: +0,1416618000
0.03,122,Nov 23 2014 01: +0,1416704400
0.03,100,Nov 24 2014 01: +0,1416790800
0.034,109,Nov 25 2014 01: +0,1416877200
0.031,99,Nov 26 2014 01: +0,1416963600
0.03,90,Nov 27 2014 01: +0,1417050000
0.033,100,Nov 28 2014 01: +0,1417136400
0.051,14,Nov 29 2014 01: +0,1417222800
0.03,166,Nov 30 2014 01: +0,1417309200
0.03,79,Dec 01 2014 01: +0,1417395600
0.03,81,Dec 02 2014 01: +0,1417482000
0.03,100,Dec 03 2014 01: +0,1417568400
0.03,97,Dec 04 2014 01: +0,1417654800
0.036,103,Dec 05 2014 01: +0,1417741200
0.036,124,Dec 06 2014 01: +0,1417827600
0.031,95,Dec 07 2014 01: +0,1417914000
0.036,137,Dec 08 2014 01: +0,1418000400
0.036,76,Dec 09 2014 01: +0,1418086800
0.031,92,Dec 10 2014 01: +0,1418173200
0.034,131,Dec 11 2014 01: +0,1418259600
0.031,114,Dec 12 2014 01: +0,1418346000
0.03,134,Dec 13 2014 01: +0,1418432400
0.03,153,Dec 14 2014 01: +0,1418518800
0.03,109,Dec 15 2014 01: +0,1418605200
0.031,128,Dec 16 2014 01: +0,1418691600
0.032,86,Dec 17 2014 01: +0,1418778000
0.037,86,Dec 18 2014 01: +0,1418864400
0.03,86,Dec 19 2014 01: +0,1418950800
0.03,122,Dec 20 2014 01: +0,1419037200
0.03,117,Dec 21 2014 01: +0,1419123600
0.03,92,Dec 22 2014 01: +0,1419210000
0.032,83,Dec 23 2014 01: +0,1419296400
0.03,115,Dec 24 2014 01: +0,1419382800
0.034,124,Dec 25 2014 01: +0,1419469200
0.038,82,Dec 26 2014 01: +0,1419555600
0.039,153,Dec 27 2014 01: +0,1419642000
0.038,137,Dec 28 2014 01: +0,1419728400
0.036,89,Dec 29 2014 01: +0,1419814800
0.041,105,Dec 30 2014 01: +0,1419901200
0.041,84,Dec 31 2014 01: +0,1419987600
0.041,72,Jan 01 2015 01: +0,1420074000
0.041,159,Jan 02 2015 01: +0,1420160400
0.047,155,Jan 03 2015 01: +0,1420246800
0.046,136,Jan 04 2015 01: +0,1420333200
0.045,124,Jan 05 2015 01: +0,1420419600
0.04,96,Jan 06 2015 01: +0,1420506000
0.044,101,Jan 07 2015 01: +0,1420592400
0.04,109,Jan 08 2015 01: +0,1420678800
0.041,132,Jan 09 2015 01: +0,1420765200
0.043,139,Jan 10 2015 01: +0,1420851600
0.044,149,Jan 11 2015 01: +0,1420938000
0.04,100,Jan 12 2015 01: +0,1421024400
0.037,106,Jan 13 2015 01: +0,1421110800
0.042,147,Jan 14 2015 01: +0,1421197200
0.042,125,Jan 15 2015 01: +0,1421283600
0.04,125,Jan 16 2015 01: +0,1421370000
0.038,129,Jan 17 2015 01: +0,1421456400
0.04,119,Jan 18 2015 01: +0,1421542800
0.042,104,Jan 19 2015 01: +0,1421629200
0.039,80,Jan 20 2015 01: +0,1421715600
0.044,138,Jan 21 2015 01: +0,1421802000
0.206,101,Jan 22 2015 01: +0,1421888400
0.044,102,Jan 23 2015 01: +0,1421974800
0.044,163,Jan 24 2015 01: +0,1422061200
0.039,162,Jan 25 2015 01: +0,1422147600
0.036,67,Jan 26 2015 01: +0,1422234000
0.039,105,Jan 27 2015 01: +0,1422320400
0.045,126,Jan 28 2015 01: +0,1422406800
0.039,104,Jan 29 2015 01: +0,1422493200
0.041,127,Jan 30 2015 01: +0,1422579600
0.042,148,Jan 31 2015 01: +0,1422666000
0.039,147,Feb 01 2015 01: +0,1422752400
0.039,128,Feb 02 2015 01: +0,1422838800
0.044,137,Feb 03 2015 01: +0,1422925200
0.042,91,Feb 04 2015 01: +0,1423011600
0.042,82,Feb 05 2015 01: +0,1423098000
0.039,146,Feb 06 2015 01: +0,1423184400
0.039,143,Feb 07 2015 01: +0,1423270800
0.037,156,Feb 08 2015 01: +0,1423357200
0.038,119,Feb 09 2015 01: +0,1423443600
0.036,77,Feb 10 2015 01: +0,1423530000
0.034,106,Feb 11 2015 01: +0,1423616400
0.037,159,Feb 12 2015 01: +0,1423702800
0.03,187,Feb 13 2015 01: +0,1423789200
0.034,204,Feb 14 2015 01: +0,1423875600
0.032,240,Feb 15 2015 01: +0,1423962000
0.03,140,Feb 16 2015 01: +0,1424048400
0.034,187,Feb 17 2015 01: +0,1424134800
0.033,165,Feb 18 2015 01: +0,1424221200
0.033,201,Feb 19 2015 01: +0,1424307600
0.032,189,Feb 20 2015 01: +0,1424394000
0.039,198,Feb 21 2015 01: +0,1424480400
0.036,178,Feb 22 2015 01: +0,1424566800
0.034,151,Feb 23 2015 01: +0,1424653200
0.036,145,Feb 24 2015 01: +0,1424739600
0.031,109,Feb 25 2015 01: +0,1424826000
0.033,127,Feb 26 2015 01: +0,1424912400
0.032,127,Feb 27 2015 01: +0,1424998800
0.03,152,Feb 28 2015 01: +0,1425085200
0.03,169,Mar 01 2015 01: +0,1425171600
0.03,87,Mar 02 2015 01: +0,1425258000
0.033,115,Mar 03 2015 01: +0,1425344400
0.03,71,Mar 04 2015 01: +0,1425430800
0.03,110,Mar 05 2015 01: +0,1425517200
0.03,114,Mar 06 2015 01: +0,1425603600
0.036,116,Mar 07 2015 01: +0,1425690000
0.032,107,Mar 08 2015 01: +0,1425776400
0.034,152,Mar 09 2015 01: +0,1425862800
0.03,103,Mar 10 2015 01: +0,1425949200
0.03,105,Mar 11 2015 01: +0,1426035600
0.03,59,Mar 12 2015 01: +0,1426122000
0.032,173,Mar 13 2015 01: +0,1426208400
0.03,125,Mar 14 2015 01: +0,1426294800
0.03,109,Mar 15 2015 01: +0,1426381200
0.03,131,Mar 16 2015 01: +0,1426467600
0.03,71,Mar 17 2015 01: +0,1426554000
0.03,108,Mar 18 2015 01: +0,1426640400
0.031,110,Mar 19 2015 01: +0,1426726800
0.033,117,Mar 20 2015 01: +0,1426813200
0.032,93,Mar 21 2015 01: +0,1426899600
0.035,118,Mar 22 2015 01: +0,1426986000
0.035,79,Mar 23 2015 01: +0,1427072400
0.036,59,Mar 24 2015 01: +0,1427158800
0.037,78,Mar 25 2015 01: +0,1427245200
0.039,77,Mar 26 2015 01: +0,1427331600
0.038,92,Mar 27 2015 01: +0,1427418000
0.037,126,Mar 28 2015 01: +0,1427504400
0.039,109,Mar 29 2015 01: +0,1427590800
0.033,57,Mar 30 2015 01: +0,1427673600
0.042,86,Mar 31 2015 01: +0,1427760000
0.042,113,Apr 01 2015 01: +0,1427846400
0.044,109,Apr 02 2015 01: +0,1427932800
0.049,128,Apr 03 2015 01: +0,1428019200
0.05,90,Apr 04 2015 01: +0,1428105600
0.051,94,Apr 05 2015 01: +0,1428192000
0.056,88,Apr 06 2015 01: +0,1428278400
0.055,61,Apr 07 2015 01: +0,1428364800
0.059,71,Apr 08 2015 01: +0,1428451200
0.056,41,Apr 09 2015 01: +0,1428537600
0.07,88,Apr 10 2015 01: +0,1428624000
0.121,97,Apr 11 2015 01: +0,1428710400
0.378,106,Apr 12 2015 01: +0,1428796800
0.149,30,Apr 13 2015 01: +0,1428883200
0.087,13,Apr 14 2015 01: +0,1428969600
0.061,24,Apr 15 2015 01: +0,1429056000
0.055,26,Apr 16 2015 01: +0,1429142400
3.734,64,Apr 17 2015 01: +0,1429228800
0.064,67,Apr 18 2015 01: +0,1429315200
0.065,29,Apr 19 2015 01: +0,1429401600
0.058,26,Apr 20 2015 01: +0,1429488000
0.47,34,Apr 21 2015 01: +0,1429574400
0.058,23,Apr 22 2015 01: +0,1429660800
0.052,18,Apr 23 2015 01: +0,1429747200
0.049,18,Apr 24 2015 01: +0,1429833600
0.044,32,Apr 25 2015 01: +0,1429920000
0.053,45,Apr 26 2015 01: +0,1430006400
0.056,47,Apr 27 2015 01: +0,1430092800
0.193,333,Apr 28 2015 01: +0,1430179200
0.198,54,Apr 29 2015 01: +0,1430265600
0.074,31,Apr 30 2015 01: +0,1430352000
0.054,92,May 01 2015 01: +0,1430438400
0.061,81,May 02 2015 01: +0,1430524800
0.061,15,May 03 2015 01: +0,1430611200
0.059,20,May 04 2015 01: +0,1430697600
0.054,30,May 05 2015 01: +0,1430784000
0.059,43,May 06 2015 01: +0,1430870400
0.135,60,May 07 2015 01: +0,1430956800
0.068,41,May 08 2015 01: +0,1431043200
0.894,18,May 09 2015 01: +0,1431129600
0.066,25,May 10 2015 01: +0,1431216000
0.076,29,May 11 2015 01: +0,1431302400
0.062,13,May 12 2015 01: +0,1431388800
0.074,16,May 13 2015 01: +0,1431475200
0.063,10,May 14 2015 01: +0,1431561600
0.068,28,May 15 2015 01: +0,1431648000
0.075,22,May 16 2015 01: +0,1431734400
0.194,17,May 17 2015 01: +0,1431820800
0.067,24,May 18 2015 01: +0,1431907200
0.077,38,May 19 2015 01: +0,1431993600
0.071,14,May 20 2015 01: +0,1432080000
0.071,22,May 21 2015 01: +0,1432166400
0.069,14,May 22 2015 01: +0,1432252800
0.069,21,May 23 2015 01: +0,1432339200
0.069,30,May 24 2015 01: +0,1432425600
0.067,7,May 25 2015 01: +0,1432512000
0.083,35,May 26 2015 01: +0,1432598400
0.165,64,May 27 2015 01: +0,1432684800
0.129,21,May 28 2015 01: +0,1432771200
0.05,13,May 29 2015 01: +0,1432857600
0.058,26,May 30 2015 01: +0,1432944000
0.058,25,May 31 2015 01: +0,1433030400
0.051,16,Jun 01 2015 01: +0,1433116800
0.03,1,Jun 02 2015 01: +0,1433203200
0.03,1,Jun 06 2015 01: +0,1433548800
0.03,1,Jun 07 2015 01: +0,1433635200
0.03,124,Jun 11 2015 01: +0,1433980800
0.168,30,Jun 12 2015 01: +0,1434067200
0.047,42,Jun 13 2015 01: +0,1434153600
0.162,134,Jun 14 2015 01: +0,1434240000
0.059,6,Jun 15 2015 01: +0,1434326400
1.19,43,Jun 16 2015 01: +0,1434412800
0.049,61,Jun 17 2015 01: +0,1434499200
11.243,31,Jun 18 2015 01: +0,1434585600
0.058,6,Jun 19 2015 01: +0,1434672000
0.043,12,Jun 20 2015 01: +0,1434758400
0.049,28,Jun 21 2015 01: +0,1434844800
11.878,12,Jun 22 2015 01: +0,1434931200
0.056,23,Jun 23 2015 01: +0,1435017600
0.064,17,Jun 24 2015 01: +0,1435104000
0.072,11,Jun 25 2015 01: +0,1435190400
0.074,19,Jun 26 2015 01: +0,1435276800
0.062,57,Jun 27 2015 01: +0,1435363200
0.269,106,Jun 28 2015 01: +0,1435449600
0.157,8,Jun 29 2015 01: +0,1435536000
0.107,16,Jun 30 2015 01: +0,1435622400
0.072,3,Jul 01 2015 01: +0,1435708800
0.065,21,Jul 02 2015 01: +0,1435795200
0.409,252,Jul 03 2015 01: +0,1435881600
0.247,8,Jul 04 2015 01: +0,1435968000
0.162,12,Jul 05 2015 01: +0,1436054400
0.103,29,Jul 06 2015 01: +0,1436140800
0.09,71,Jul 07 2015 01: +0,1436227200
0.094,37,Jul 08 2015 01: +0,1436313600
0.093,22,Jul 09 2015 01: +0,1436400000
0.101,23,Jul 10 2015 01: +0,1436486400
0.094,14,Jul 11 2015 01: +0,1436572800
0.105,11,Jul 12 2015 01: +0,1436659200
0.102,22,Jul 13 2015 01: +0,1436745600
0.109,9,Jul 14 2015 01: +0,1436832000
0.112,13,Jul 15 2015 01: +0,1436918400
0.1,15,Jul 16 2015 01: +0,1437004800
0.11,28,Jul 17 2015 01: +0,1437091200
0.099,11,Jul 18 2015 01: +0,1437177600
0.112,28,Jul 19 2015 01: +0,1437264000
0.117,24,Jul 20 2015 01: +0,1437350400
0.136,24,Jul 21 2015 01: +0,1437436800
0.135,20,Jul 22 2015 01: +0,1437523200
0.125,19,Jul 23 2015 01: +0,1437609600
0.123,5,Jul 24 2015 01: +0,1437696000
0.1,12,Jul 25 2015 01: +0,1437782400
0.107,15,Jul 26 2015 01: +0,1437868800
0.108,19,Jul 27 2015 01: +0,1437955200
0.11,8,Jul 28 2015 01: +0,1438041600
0.093,19,Jul 29 2015 01: +0,1438128000
0.106,18,Jul 30 2015 01: +0,1438214400
0.095,35,Jul 31 2015 01: +0,1438300800
0.276,22,Aug 01 2015 01: +0,1438387200
0.118,15,Aug 02 2015 01: +0,1438473600
0.101,6,Aug 03 2015 01: +0,1438560000
0.083,14,Aug 04 2015 01: +0,1438646400
0.099,18,Aug 05 2015 01: +0,1438732800
0.086,24,Aug 06 2015 01: +0,1438819200
0.097,22,Aug 07 2015 01: +0,1438905600
0.098,13,Aug 08 2015 01: +0,1438992000
0.089,13,Aug 09 2015 01: +0,1439078400
0.094,26,Aug 10 2015 01: +0,1439164800
0.099,12,Aug 11 2015 01: +0,1439251200
0.107,24,Aug 12 2015 01: +0,1439337600
0.113,14,Aug 13 2015 01: +0,1439424000
3.08,20,Aug 14 2015 01: +0,1439510400
0.096,12,Aug 15 2015 01: +0,1439596800
0.098,27,Aug 16 2015 01: +0,1439683200
0.107,6,Aug 17 2015 01: +0,1439769600
0.103,18,Aug 18 2015 01: +0,1439856000
0.093,19,Aug 19 2015 01: +0,1439942400
0.079,14,Aug 20 2015 01: +0,1440028800
0.089,22,Aug 21 2015 01: +0,1440115200
0.09,25,Aug 22 2015 01: +0,1440201600
0.077,25,Aug 23 2015 01: +0,1440288000
0.067,23,Aug 24 2015 01: +0,1440374400
0.074,29,Aug 25 2015 01: +0,1440460800
0.07,11,Aug 26 2015 01: +0,1440547200
0.068,13,Aug 27 2015 01: +0,1440633600
0.065,18,Aug 28 2015 01: +0,1440720000
0.076,17,Aug 29 2015 01: +0,1440806400
0.07,21,Aug 30 2015 01: +0,1440892800
0.08,15,Aug 31 2015 01: +0,1440979200
0.078,20,Sep 01 2015 01: +0,1441065600
0.094,19,Sep 02 2015 01: +0,1441152000
0.07,9,Sep 03 2015 01: +0,1441238400
0.09,14,Sep 04 2015 01: +0,1441324800
0.073,22,Sep 05 2015 01: +0,1441411200
0.08,13,Sep 06 2015 01: +0,1441497600
0.078,12,Sep 07 2015 01: +0,1441584000
0.073,20,Sep 08 2015 01: +0,1441670400
0.084,5,Sep 09 2015 01: +0,1441756800
0.091,28,Sep 10 2015 01: +0,1441843200
0.089,17,Sep 11 2015 01: +0,1441929600
0.081,20,Sep 12 2015 01: +0,1442016000
0.086,20,Sep 13 2015 01: +0,1442102400
0.085,15,Sep 14 2015 01: +0,1442188800
0.097,39,Sep 15 2015 01: +0,1442275200
0.111,22,Sep 16 2015 01: +0,1442361600
0.121,2,Sep 17 2015 01: +0,1442448000
0.099,16,Sep 18 2015 01: +0,1442534400
0.085,18,Sep 19 2015 01: +0,1442620800
2.121,22,Sep 20 2015 01: +0,1442707200
0.104,12,Sep 21 2015 01: +0,1442793600
0.097,18,Sep 22 2015 01: +0,1442880000
0.089,15,Sep 23 2015 01: +0,1442966400
0.096,24,Sep 24 2015 01: +0,1443052800
0.116,16,Sep 25 2015 01: +0,1443139200
0.084,12,Sep 26 2015 01: +0,1443225600
0.097,16,Sep 27 2015 01: +0,1443312000
0.093,18,Sep 28 2015 01: +0,1443398400
0.095,23,Sep 29 2015 01: +0,1443484800
0.097,18,Sep 30 2015 01: +0,1443571200
0.1,22,Oct 01 2015 01: +0,1443657600
0.077,6,Oct 02 2015 01: +0,1443744000
0.09,32,Oct 03 2015 01: +0,1443830400
0.109,16,Oct 04 2015 01: +0,1443916800
0.111,14,Oct 05 2015 01: +0,1444003200
0.127,20,Oct 06 2015 01: +0,1444089600
0.089,6,Oct 07 2015 01: +0,1444176000
0.104,11,Oct 08 2015 01: +0,1444262400
0.112,10,Oct 09 2015 01: +0,1444348800
0.1,18,Oct 10 2015 01: +0,1444435200
0.119,5,Oct 11 2015 01: +0,1444521600
0.092,2,Oct 12 2015 01: +0,1444608000
0.106,7,Oct 13 2015 01: +0,1444694400
4.876,33,Oct 14 2015 01: +0,1444780800
0.088,44,Oct 15 2015 01: +0,1444867200
0.135,11,Oct 16 2015 01: +0,1444953600
0.096,6,Oct 17 2015 01: +0,1445040000
0.09,15,Oct 18 2015 01: +0,1445126400
0.106,8,Oct 19 2015 01: +0,1445212800
0.099,1,Oct 20 2015 01: +0,1445299200
0.092,10,Oct 21 2015 01: +0,1445385600
0.094,17,Oct 22 2015 01: +0,1445472000
0.108,22,Oct 23 2015 01: +0,1445558400
0.105,10,Oct 24 2015 01: +0,1445644800
0.104,12,Oct 25 2015 01: +0,1445731200
0.097,15,Oct 26 2015 01: +0,1445821200
0.109,3,Oct 27 2015 01: +0,1445907600
0.118,16,Oct 28 2015 01: +0,1445994000
0.145,10,Oct 29 2015 01: +0,1446080400
0.098,13,Oct 30 2015 01: +0,1446166800
0.097,16,Oct 31 2015 01: +0,1446253200
3.962,27,Nov 01 2015 01: +0,1446339600
0.161,10,Nov 02 2015 01: +0,1446426000
3.272,17,Nov 03 2015 01: +0,1446512400
3.248,14,Nov 04 2015 01: +0,1446598800
0.179,7,Nov 05 2015 01: +0,1446685200
0.154,13,Nov 06 2015 01: +0,1446771600
0.141,26,Nov 07 2015 01: +0,1446858000
0.139,7,Nov 08 2015 01: +0,1446944400
0.109,4,Nov 09 2015 01: +0,1447030800
0.142,8,Nov 10 2015 01: +0,1447117200
0.151,9,Nov 11 2015 01: +0,1447203600
0.134,10,Nov 12 2015 01: +0,1447290000
0.143,15,Nov 13 2015 01: +0,1447376400
0.121,8,Nov 14 2015 01: +0,1447462800
0.101,5,Nov 15 2015 01: +0,1447549200
0.111,10,Nov 16 2015 01: +0,1447635600
0.103,14,Nov 17 2015 01: +0,1447722000
0.092,8,Nov 18 2015 01: +0,1447808400
0.11,15,Nov 19 2015 01: +0,1447894800
0.102,14,Nov 20 2015 01: +0,1447981200
0.103,24,Nov 21 2015 01: +0,1448067600
0.106,16,Nov 22 2015 01: +0,1448154000
0.096,11,Nov 23 2015 01: +0,1448240400
0.11,13,Nov 24 2015 01: +0,1448326800
0.103,9,Nov 25 2015 01: +0,1448413200
0.095,11,Nov 26 2015 01: +0,1448499600
0.109,5,Nov 27 2015 01: +0,1448586000
0.088,14,Nov 28 2015 01: +0,1448672400
0.105,12,Nov 29 2015 01: +0,1448758800
0.08,11,Nov 30 2015 01: +0,1448845200
0.11,37,Dec 01 2015 01: +0,1448931600
0.145,4,Dec 02 2015 01: +0,1449018000
14.138,5,Dec 03 2015 01: +0,1449104400
0.163,6,Dec 04 2015 01: +0,1449190800
0.161,14,Dec 05 2015 01: +0,1449277200
0.165,6,Dec 06 2015 01: +0,1449363600
0.143,14,Dec 07 2015 01: +0,1449450000
0.139,19,Dec 08 2015 01: +0,1449536400
0.16,8,Dec 09 2015 01: +0,1449622800
0.158,6,Dec 10 2015 01: +0,1449709200
0.151,4,Dec 11 2015 01: +0,1449795600
0.147,5,Dec 12 2015 01: +0,1449882000
0.145,4,Dec 13 2015 01: +0,1449968400
0.15,3,Dec 14 2015 01: +0,1450054800
0.139,17,Dec 15 2015 01: +0,1450141200
0.313,77,Dec 16 2015 01: +0,1450227600
0.242,26,Dec 17 2015 01: +0,1450314000
0.132,5,Dec 18 2015 01: +0,1450400400
0.139,22,Dec 19 2015 01: +0,1450486800
0.132,16,Dec 20 2015 01: +0,1450573200
0.097,6,Dec 21 2015 01: +0,1450659600
0.106,7,Dec 22 2015 01: +0,1450746000
0.113,13,Dec 23 2015 01: +0,1450832400
0.101,10,Dec 24 2015 01: +0,1450918800
0.134,14,Dec 25 2015 01: +0,1451005200
0.097,8,Dec 26 2015 01: +0,1451091600
0.099,28,Dec 27 2015 01: +0,1451178000
0.102,19,Dec 28 2015 01: +0,1451264400
0.101,10,Dec 29 2015 01: +0,1451350800
0.116,31,Dec 30 2015 01: +0,1451437200
0.116,24,Dec 31 2015 01: +0,1451523600
0.139,6,Jan 01 2016 01: +0,1451610000
0.14,4,Jan 02 2016 01: +0,1451696400
0.133,19,Jan 03 2016 01: +0,1451782800
0.119,6,Jan 04 2016 01: +0,1451869200
0.107,13,Jan 05 2016 01: +0,1451955600
0.132,11,Jan 06 2016 01: +0,1452042000
0.146,18,Jan 07 2016 01: +0,1452128400
0.171,9,Jan 08 2016 01: +0,1452214800
0.16,3,Jan 09 2016 01: +0,1452301200
0.171,11,Jan 10 2016 01: +0,1452387600
0.158,6,Jan 11 2016 01: +0,1452474000
0.134,3,Jan 13 2016 01: +0,1452646800
0.157,12,Jan 14 2016 01: +0,1452733200
0.15,4,Jan 15 2016 01: +0,1452819600
0.151,5,Jan 16 2016 01: +0,1452906000
0.131,7,Jan 17 2016 01: +0,1452992400
0.143,16,Jan 18 2016 01: +0,1453078800
0.139,17,Jan 19 2016 01: +0,1453165200
0.13,1,Jan 20 2016 01: +0,1453251600
0.168,6,Jan 21 2016 01: +0,1453338000
0.149,7,Jan 22 2016 01: +0,1453424400
0.164,7,Jan 23 2016 01: +0,1453510800
0.145,15,Jan 24 2016 01: +0,1453597200
0.164,5,Jan 25 2016 01: +0,1453683600
0.138,15,Jan 26 2016 01: +0,1453770000
0.159,16,Jan 27 2016 01: +0,1453856400
0.148,6,Jan 28 2016 01: +0,1453942800
0.144,8,Jan 29 2016 01: +0,1454029200
0.145,14,Jan 30 2016 01: +0,1454115600
0.148,22,Jan 31 2016 01: +0,1454202000
0.141,12,Feb 01 2016 01: +0,1454288400
0.198,24,Feb 02 2016 01: +0,1454374800
0.203,1,Feb 03 2016 01: +0,1454461200
1.261,14,Feb 04 2016 01: +0,1454547600
0.19,1,Feb 05 2016 01: +0,1454634000
0.18,10,Feb 06 2016 01: +0,1454720400
0.251,5,Feb 07 2016 01: +0,1454806800
0.157,18,Feb 08 2016 01: +0,1454893200
0.15,5,Feb 09 2016 01: +0,1454979600
0.151,11,Feb 10 2016 01: +0,1455066000
0.146,6,Feb 11 2016 01: +0,1455152400
0.164,11,Feb 12 2016 01: +0,1455238800
0.203,10,Feb 13 2016 01: +0,1455325200
0.162,5,Feb 14 2016 01: +0,1455411600
0.204,4,Feb 15 2016 01: +0,1455498000
0.173,2,Feb 16 2016 01: +0,1455584400
0.184,23,Feb 17 2016 01: +0,1455670800
0.13,10,Feb 18 2016 01: +0,1455757200
0.162,14,Feb 19 2016 01: +0,1455843600
0.154,6,Feb 20 2016 01: +0,1455930000
0.157,13,Feb 21 2016 01: +0,1456016400
0.156,10,Feb 22 2016 01: +0,1456102800
0.166,11,Feb 23 2016 01: +0,1456189200
0.165,10,Feb 24 2016 01: +0,1456275600
0.17,11,Feb 25 2016 01: +0,1456362000
0.163,13,Feb 26 2016 01: +0,1456448400
0.164,5,Feb 27 2016 01: +0,1456534800
0.176,5,Feb 28 2016 01: +0,1456621200
0.158,9,Feb 29 2016 01: +0,1456707600
0.161,21,Mar 01 2016 01: +0,1456794000
0.169,6,Mar 02 2016 01: +0,1456880400
0.178,12,Mar 03 2016 01: +0,1456966800
0.165,2,Mar 04 2016 01: +0,1457053200
0.16,10,Mar 05 2016 01: +0,1457139600
0.185,18,Mar 06 2016 01: +0,1457226000
0.173,11,Mar 07 2016 01: +0,1457312400
0.172,19,Mar 08 2016 01: +0,1457398800
0.182,11,Mar 09 2016 01: +0,1457485200
0.171,6,Mar 10 2016 01: +0,1457571600
0.226,11,Mar 12 2016 01: +0,1457744400
0.214,8,Mar 13 2016 01: +0,1457830800
0.204,4,Mar 14 2016 01: +0,1457917200
0.177,7,Mar 15 2016 01: +0,1458003600
0.194,11,Mar 16 2016 01: +0,1458090000
0.223,2,Mar 17 2016 01: +0,1458176400
0.224,3,Mar 18 2016 01: +0,1458262800
0.223,8,Mar 19 2016 01: +0,1458349200
0.211,4,Mar 20 2016 01: +0,1458435600
0.205,2,Mar 21 2016 01: +0,1458522000
0.2,1,Mar 22 2016 01: +0,1458608400
0.141,1,Mar 23 2016 01: +0,1458694800
0.194,12,Mar 24 2016 01: +0,1458781200
0.208,6,Mar 25 2016 01: +0,1458867600
0.211,8,Mar 26 2016 01: +0,1458954000
0.231,8,Mar 27 2016 01: +0,1459040400
0.237,4,Mar 28 2016 01: +0,1459123200
0.237,4,Mar 29 2016 01: +0,1459209600
0.244,1,Mar 30 2016 01: +0,1459296000
0.211,15,Mar 31 2016 01: +0,1459382400
0.227,4,Apr 01 2016 01: +0,1459468800
0.187,9,Apr 02 2016 01: +0,1459555200
0.199,6,Apr 03 2016 01: +0,1459641600
0.18,5,Apr 04 2016 01: +0,1459728000
0.236,69,Apr 06 2016 01: +0,1459900800
0.442,7,Apr 07 2016 01: +0,1459987200
0.724,22,Apr 08 2016 01: +0,1460073600
0.624,4,Apr 09 2016 01: +0,1460160000
0.568,4,Apr 10 2016 01: +0,1460246400
0.435,5,Apr 11 2016 01: +0,1460332800
0.298,4,Apr 12 2016 01: +0,1460419200
0.325,2,Apr 13 2016 01: +0,1460505600
0.275,11,Apr 14 2016 01: +0,1460592000
0.285,4,Apr 15 2016 01: +0,1460678400
0.318,3,Apr 16 2016 01: +0,1460764800
0.224,3,Apr 17 2016 01: +0,1460851200
0.261,3,Apr 18 2016 01: +0,1460937600
0.243,3,Apr 19 2016 01: +0,1461024000
0.217,5,Apr 20 2016 01: +0,1461110400
0.223,1,Apr 21 2016 01: +0,1461196800
0.279,12,Apr 22 2016 01: +0,1461283200
0.29,1,Apr 23 2016 01: +0,1461369600
0.231,6,Apr 24 2016 01: +0,1461456000
0.215,1,Apr 25 2016 01: +0,1461542400
0.23,2,Apr 26 2016 01: +0,1461628800
0.192,2,Apr 27 2016 01: +0,1461715200
0.196,4,Apr 28 2016 01: +0,1461801600
0.213,14,Apr 29 2016 01: +0,1461888000
0.201,5,Apr 30 2016 01: +0,1461974400
0.217,12,May 01 2016 01: +0,1462060800
0.249,1,May 03 2016 01: +0,1462233600
0.207,3,May 04 2016 01: +0,1462320000
0.214,2,May 05 2016 01: +0,1462406400
0.456,37,May 06 2016 01: +0,1462492800
0.545,3,May 07 2016 01: +0,1462579200
0.601,2,May 08 2016 01: +0,1462665600
0.232,1,May 09 2016 01: +0,1462752000
0.405,2,May 11 2016 01: +0,1462924800
0.231,22,May 13 2016 01: +0,1463097600
0.487,7,May 14 2016 01: +0,1463184000
0.414,1,May 16 2016 01: +0,1463356800
0.268,2,May 21 2016 01: +0,1463788800
0.287,1,May 22 2016 01: +0,1463875200
0.239,3,May 23 2016 01: +0,1463961600
0.184,1,May 25 2016 01: +0,1464134400
0.198,4,May 26 2016 01: +0,1464220800
0.188,2,May 27 2016 01: +0,1464307200
0.195,2,May 28 2016 01: +0,1464393600
0.165,2,May 29 2016 01: +0,1464480000
0.179,5,May 31 2016 01: +0,1464652800
0.179,7,Jun 01 2016 01: +0,1464739200
0.194,3,Jun 02 2016 01: +0,1464825600
0.181,5,Jun 03 2016 01: +0,1464912000
0.19,1,Jun 04 2016 01: +0,1464998400
0.196,2,Jun 05 2016 01: +0,1465084800
0.179,8,Jun 06 2016 01: +0,1465171200
0.169,1,Jun 07 2016 01: +0,1465257600
0.186,3,Jun 08 2016 01: +0,1465344000
0.182,5,Jun 09 2016 01: +0,1465430400
0.18,4,Jun 10 2016 01: +0,1465516800
0.204,8,Jun 11 2016 01: +0,1465603200
0.157,4,Jun 12 2016 01: +0,1465689600
0.182,3,Jun 13 2016 01: +0,1465776000
0.157,2,Jun 14 2016 01: +0,1465862400
0.409,40,Jun 15 2016 01: +0,1465948800
0.527,27,Jun 16 2016 01: +0,1466035200
0.726,16,Jun 17 2016 01: +0,1466121600
0.581,4,Jun 18 2016 01: +0,1466208000
0.587,14,Jun 19 2016 01: +0,1466294400
0.601,10,Jun 20 2016 01: +0,1466380800
0.595,9,Jun 21 2016 01: +0,1466467200
0.614,5,Jun 22 2016 01: +0,1466553600
1.149,7,Jun 23 2016 01: +0,1466640000
0.487,7,Jun 25 2016 01: +0,1466812800
0.479,6,Jun 26 2016 01: +0,1466899200
0.477,3,Jun 27 2016 01: +0,1466985600
0.443,5,Jun 28 2016 01: +0,1467072000
0.512,29,Jun 29 2016 01: +0,1467158400
0.663,5,Jun 30 2016 01: +0,1467244800
0.901,2,Jul 01 2016 01: +0,1467331200
0.766,9,Jul 03 2016 01: +0,1467504000
0.535,3,Jul 04 2016 01: +0,1467590400
0.618,8,Jul 05 2016 01: +0,1467676800
0.598,1,Jul 06 2016 01: +0,1467763200
0.631,2,Jul 07 2016 01: +0,1467849600
0.586,2,Jul 08 2016 01: +0,1467936000
0.581,4,Jul 09 2016 01: +0,1468022400
0.578,5,Jul 10 2016 01: +0,1468108800
2.561,66,Jul 11 2016 01: +0,1468195200
0.709,4,Jul 12 2016 01: +0,1468281600
0.707,4,Jul 13 2016 01: +0,1468368000
0.752,9,Jul 14 2016 01: +0,1468454400
0.625,2,Jul 15 2016 01: +0,1468540800
0.716,1,Jul 16 2016 01: +0,1468627200
0.597,2,Jul 17 2016 01: +0,1468713600
0.693,6,Jul 18 2016 01: +0,1468800000
0.694,3,Jul 19 2016 01: +0,1468886400
0.679,2,Jul 21 2016 01: +0,1469059200
0.682,3,Jul 22 2016 01: +0,1469145600
0.677,2,Jul 23 2016 01: +0,1469232000
0.71,3,Jul 24 2016 01: +0,1469318400
0.701,3,Jul 26 2016 01: +0,1469491200
0.674,1,Jul 27 2016 01: +0,1469577600
0.704,1,Jul 28 2016 01: +0,1469664000
0.438,2,Jul 30 2016 01: +0,1469836800
0.529,3,Jul 31 2016 01: +0,1469923200
0.422,1,Aug 05 2016 01: +0,1470355200
21.8,2,Aug 08 2016 01: +0,1470614400
21.797,2,Aug 09 2016 01: +0,1470700800
0.38,1,Aug 10 2016 01: +0,1470787200
8.975,21,Aug 11 2016 01: +0,1470873600
42.88,1,Aug 12 2016 01: +0,1470960000
42.88,1,Aug 13 2016 01: +0,1471046400
11.103,7,Aug 14 2016 01: +0,1471132800
0.654,28,Aug 15 2016 01: +0,1471219200
0.881,2,Aug 16 2016 01: +0,1471305600
14.903,7,Aug 17 2016 01: +0,1471392000
2.488,51,Aug 18 2016 01: +0,1471478400
2.83,26,Aug 19 2016 01: +0,1471564800
4.269,5,Aug 20 2016 01: +0,1471651200
3.143,8,Aug 21 2016 01: +0,1471737600
3.626,7,Aug 22 2016 01: +0,1471824000
2.732,5,Aug 23 2016 01: +0,1471910400
2.725,1,Aug 24 2016 01: +0,1471996800
3.808,20,Aug 25 2016 01: +0,1472083200
4.292,4,Aug 27 2016 01: +0,1472256000
4.303,1,Aug 28 2016 01: +0,1472342400
2.747,2,Aug 29 2016 01: +0,1472428800
4.061,2,Aug 30 2016 01: +0,1472515200
3.882,2,Aug 31 2016 01: +0,1472601600
2.686,6,Sep 02 2016 01: +0,1472774400
1.758,10,Sep 03 2016 01: +0,1472860800
0.948,14,Sep 04 2016 01: +0,1472947200
0.772,2,Sep 05 2016 01: +0,1473033600
0.678,9,Sep 06 2016 01: +0,1473120000
0.756,17,Sep 07 2016 01: +0,1473206400
0.829,41,Sep 08 2016 01: +0,1473292800
0.822,47,Sep 09 2016 01: +0,1473379200
0.822,28,Sep 10 2016 01: +0,1473465600
0.824,18,Sep 11 2016 01: +0,1473552000
0.769,1,Sep 12 2016 01: +0,1473638400
0.785,2,Sep 13 2016 01: +0,1473724800
0.78,11,Sep 14 2016 01: +0,1473811200
0.834,41,Sep 15 2016 01: +0,1473897600
0.79,5,Sep 16 2016 01: +0,1473984000
0.741,5,Sep 17 2016 01: +0,1474070400
0.757,14,Sep 18 2016 01: +0,1474156800
0.768,11,Sep 19 2016 01: +0,1474243200
0.774,1,Sep 20 2016 01: +0,1474329600
0.78,7,Sep 21 2016 01: +0,1474416000
0.76,4,Sep 22 2016 01: +0,1474502400
0.653,3,Sep 23 2016 01: +0,1474588800
0.779,3,Sep 24 2016 01: +0,1474675200
0.616,6,Sep 25 2016 01: +0,1474761600
0.588,18,Sep 27 2016 01: +0,1474934400
0.528,7,Sep 28 2016 01: +0,1475020800
0.554,2,Sep 29 2016 01: +0,1475107200
0.51,6,Sep 30 2016 01: +0,1475193600
0.498,6,Oct 01 2016 01: +0,1475280000
0.768,2,Oct 02 2016 01: +0,1475366400
0.495,1,Oct 03 2016 01: +0,1475452800
0.41,5,Oct 04 2016 01: +0,1475539200
0.327,20,Oct 05 2016 01: +0,1475625600
0.339,61,Oct 06 2016 01: +0,1475712000
0.361,43,Oct 07 2016 01: +0,1475798400
0.363,38,Oct 08 2016 01: +0,1475884800
0.365,2,Oct 09 2016 01: +0,1475971200
0.397,1,Oct 13 2016 01: +0,1476316800
0.395,11,Oct 14 2016 01: +0,1476403200
0.403,15,Oct 15 2016 01: +0,1476489600
0.408,41,Oct 16 2016 01: +0,1476576000
0.434,4,Oct 17 2016 01: +0,1476662400
0.435,8,Oct 18 2016 01: +0,1476748800
0.469,6,Oct 19 2016 01: +0,1476835200
0.541,28,Oct 20 2016 01: +0,1476921600
0.658,4,Oct 21 2016 01: +0,1477008000
0.778,4,Oct 22 2016 01: +0,1477094400
0.873,6,Oct 23 2016 01: +0,1477180800
0.81,5,Oct 24 2016 01: +0,1477267200
0.929,8,Oct 25 2016 01: +0,1477353600
0.916,5,Oct 26 2016 01: +0,1477440000
0.943,3,Oct 27 2016 01: +0,1477526400
1.03,2,Oct 28 2016 01: +0,1477612800
0.618,3,Oct 29 2016 01: +0,1477699200
1.029,3,Oct 30 2016 01: +0,1477785600
0.613,2,Oct 31 2016 01: +0,1477875600
1.022,1,Nov 02 2016 01: +0,1478048400
0.485,1,Nov 04 2016 01: +0,1478221200
0.785,3,Nov 05 2016 01: +0,1478307600
0.793,2,Nov 06 2016 01: +0,1478394000
0.762,2,Nov 07 2016 01: +0,1478480400
0.946,2,Nov 08 2016 01: +0,1478566800
1.018,1,Nov 09 2016 01: +0,1478653200
0.826,7,Nov 10 2016 01: +0,1478739600
0.942,2,Nov 11 2016 01: +0,1478826000
0.949,6,Nov 12 2016 01: +0,1478912400
0.879,1,Nov 13 2016 01: +0,1478998800
1.012,3,Nov 14 2016 01: +0,1479085200
0.988,3,Nov 15 2016 01: +0,1479171600
0.999,1,Nov 16 2016 01: +0,1479258000
0.923,1,Nov 17 2016 01: +0,1479344400
0.894,2,Nov 19 2016 01: +0,1479517200
0.589,1,Nov 20 2016 01: +0,1479603600
0.709,2,Nov 21 2016 01: +0,1479690000
0.866,1,Nov 22 2016 01: +0,1479776400
0.809,3,Nov 24 2016 01: +0,1479949200
0.767,1,Nov 25 2016 01: +0,1480035600
0.827,4,Nov 26 2016 01: +0,1480122000
0.565,3,Nov 28 2016 01: +0,1480294800
0.739,2,Dec 02 2016 01: +0,1480640400
0.706,2,Dec 03 2016 01: +0,1480726800
0.697,2,Dec 04 2016 01: +0,1480813200
0.616,5,Dec 08 2016 01: +0,1481158800
0.671,5,Dec 09 2016 01: +0,1481245200
0.687,4,Dec 11 2016 01: +0,1481418000
0.651,2,Dec 12 2016 01: +0,1481504400
0.588,2,Dec 13 2016 01: +0,1481590800
0.601,2,Dec 14 2016 01: +0,1481677200
0.531,5,Dec 15 2016 01: +0,1481763600
0.599,1,Dec 16 2016 01: +0,1481850000
0.607,2,Dec 17 2016 01: +0,1481936400
0.601,1,Dec 18 2016 01: +0,1482022800
0.533,4,Dec 19 2016 01: +0,1482109200
0.564,2,Dec 21 2016 01: +0,1482282000
0.545,2,Dec 22 2016 01: +0,1482368400
0.522,3,Dec 23 2016 01: +0,1482454800
0.552,5,Dec 24 2016 01: +0,1482541200
0.57,1,Dec 25 2016 01: +0,1482627600
0.48,1,Dec 26 2016 01: +0,1482714000
0.345,4,Dec 27 2016 01: +0,1482800400
0.367,9,Dec 28 2016 01: +0,1482886800
0.406,2,Dec 29 2016 01: +0,1482973200
0.391,4,Dec 30 2016 01: +0,1483059600
0.337,2,Dec 31 2016 01: +0,1483146000
0.323,7,Jan 01 2017 01: +0,1483232400
0.337,5,Jan 02 2017 01: +0,1483318800
0.365,2,Jan 03 2017 01: +0,1483405200
0.342,1,Jan 04 2017 01: +0,1483491600
0.364,10,Jan 05 2017 01: +0,1483578000
0.394,6,Jan 07 2017 01: +0,1483750800
0.374,3,Jan 08 2017 01: +0,1483837200
0.398,6,Jan 09 2017 01: +0,1483923600
0.356,1,Jan 11 2017 01: +0,1484096400
0.295,2,Jan 12 2017 01: +0,1484182800
0.364,6,Jan 13 2017 01: +0,1484269200
0.366,2,Jan 14 2017 01: +0,1484355600
0.362,4,Jan 15 2017 01: +0,1484442000
0.39,5,Jan 16 2017 01: +0,1484528400
0.367,2,Jan 19 2017 01: +0,1484787600
0.364,1,Jan 22 2017 01: +0,1485046800
0.326,2,Jan 23 2017 01: +0,1485133200
0.343,3,Jan 24 2017 01: +0,1485219600
0.355,1,Jan 25 2017 01: +0,1485306000
0.349,4,Jan 26 2017 01: +0,1485392400
0.346,4,Jan 28 2017 01: +0,1485565200
0.335,2,Jan 29 2017 01: +0,1485651600
0.333,4,Jan 30 2017 01: +0,1485738000
0.303,1,Jan 31 2017 01: +0,1485824400
0.325,3,Feb 01 2017 01: +0,1485910800
0.334,1,Feb 02 2017 01: +0,1485997200
0.336,1,Feb 03 2017 01: +0,1486083600
0.326,3,Feb 04 2017 01: +0,1486170000
0.277,2,Feb 06 2017 01: +0,1486342800
0.304,1,Feb 07 2017 01: +0,1486429200
0.286,3,Feb 09 2017 01: +0,1486602000
0.309,2,Feb 10 2017 01: +0,1486688400
0.321,2,Feb 13 2017 01: +0,1486947600
0.281,1,Feb 14 2017 01: +0,1487034000
0.299,1,Feb 16 2017 01: +0,1487206800
0.287,2,Feb 17 2017 01: +0,1487293200
0.248,1,Feb 18 2017 01: +0,1487379600
0.249,2,Feb 19 2017 01: +0,1487466000
0.187,11,Feb 23 2017 01: +0,1487811600
0.227,21,Feb 24 2017 01: +0,1487898000
0.231,2,Feb 25 2017 01: +0,1487984400
0.223,1,Feb 28 2017 01: +0,1488243600
0.22,3,Mar 01 2017 01: +0,1488330000
0.222,4,Mar 02 2017 01: +0,1488416400
0.132,1,Mar 05 2017 01: +0,1488675600
0.211,6,Mar 06 2017 01: +0,1488762000
0.21,2,Mar 07 2017 01: +0,1488848400
0.214,5,Mar 08 2017 01: +0,1488934800
0.221,2,Mar 09 2017 01: +0,1489021200
0.221,16,Mar 10 2017 01: +0,1489107600
0.214,6,Mar 11 2017 01: +0,1489194000
0.199,4,Mar 12 2017 01: +0,1489280400
0.189,17,Mar 13 2017 01: +0,1489366800
0.222,3,Mar 14 2017 01: +0,1489453200
0.228,2,Mar 16 2017 01: +0,1489626000
0.242,1,Mar 17 2017 01: +0,1489712400
0.173,1,Mar 19 2017 01: +0,1489885200
0.246,4,Mar 21 2017 01: +0,1490058000
0.236,1,Mar 22 2017 01: +0,1490144400
0.215,1,Mar 23 2017 01: +0,1490230800
0.21,3,Mar 24 2017 01: +0,1490317200
0.237,6,Mar 25 2017 01: +0,1490403600
0.216,1,Mar 26 2017 01: +0,1490490000
0.231,14,Mar 27 2017 01: +0,1490572800
0.119,2,Mar 28 2017 01: +0,1490659200
0.259,5,Mar 29 2017 01: +0,1490745600
0.305,28,Mar 30 2017 01: +0,1490832000
2.359,1,Mar 31 2017 01: +0,1490918400
2.204,1,Apr 01 2017 01: +0,1491004800
0.77,15,Apr 02 2017 01: +0,1491091200
1.095,8,Apr 03 2017 01: +0,1491177600
1.313,9,Apr 04 2017 01: +0,1491264000
2.354,3,Apr 05 2017 01: +0,1491350400
0.338,4,Apr 06 2017 01: +0,1491436800
1.937,2,Apr 07 2017 01: +0,1491523200
0.364,13,Apr 08 2017 01: +0,1491609600
0.369,1,Apr 09 2017 01: +0,1491696000
0.283,6,Apr 11 2017 01: +0,1491868800
0.314,2,Apr 13 2017 01: +0,1492041600
0.301,2,Apr 14 2017 01: +0,1492128000
0.28,5,Apr 15 2017 01: +0,1492214400
0.041,1,Apr 16 2017 01: +0,1492300800
0.333,6,Apr 17 2017 01: +0,1492387200
0.288,22,Apr 19 2017 01: +0,1492560000
0.207,92,Apr 20 2017 01: +0,1492646400
0.301,3,Apr 21 2017 01: +0,1492732800
0.256,1,Apr 22 2017 01: +0,1492819200
0.302,3,Apr 23 2017 01: +0,1492905600
0.284,2,Apr 24 2017 01: +0,1492992000
0.263,26,Apr 26 2017 01: +0,1493164800
0.329,2,Apr 27 2017 01: +0,1493251200
1.225,2,Apr 29 2017 01: +0,1493424000
0.281,2,Apr 30 2017 01: +0,1493510400
0.93,11,May 01 2017 01: +0,1493596800
1.015,5,May 02 2017 01: +0,1493683200
0.847,70,May 03 2017 01: +0,1493769600
0.517,2,May 04 2017 01: +0,1493856000
0.414,1,May 05 2017 01: +0,1493942400
0.54,2,May 06 2017 01: +0,1494028800
0.546,8,May 07 2017 01: +0,1494115200
0.323,1,May 08 2017 01: +0,1494201600
0.517,3,May 09 2017 01: +0,1494288000
0.549,1,May 10 2017 01: +0,1494374400
0.48,8,May 11 2017 01: +0,1494460800
0.336,2,May 13 2017 01: +0,1494633600
0.311,4,May 15 2017 01: +0,1494806400
0.323,4,May 16 2017 01: +0,1494892800
0.319,4,May 17 2017 01: +0,1494979200
0.283,9,May 19 2017 01: +0,1495152000
0.349,3,May 20 2017 01: +0,1495238400
0.342,1,May 21 2017 01: +0,1495324800
15.203,22,May 22 2017 01: +0,1495411200
0.721,1,May 28 2017 01: +0,1495929600
0.361,1,May 29 2017 01: +0,1496016000
0.347,1,May 30 2017 01: +0,1496102400
0.431,12,Jun 01 2017 01: +0,1496275200
0.459,4,Jun 03 2017 01: +0,1496448000
0.408,2,Jun 04 2017 01: +0,1496534400
0.404,7,Jun 05 2017 01: +0,1496620800
0.382,11,Jun 06 2017 01: +0,1496707200
0.45,22,Jun 07 2017 01: +0,1496793600
6.576,1,Jun 08 2017 01: +0,1496880000
0.441,8,Jun 09 2017 01: +0,1496966400
0.414,1,Jun 10 2017 01: +0,1497052800
1.598,1,Jun 11 2017 01: +0,1497139200
6.537,1,Jun 12 2017 01: +0,1497225600
2.722,2,Jun 13 2017 01: +0,1497312000
2.021,5,Jun 14 2017 01: +0,1497398400
0.389,1,Jun 15 2017 01: +0,1497484800
5.034,2,Jun 16 2017 01: +0,1497571200
0.49,18,Jun 17 2017 01: +0,1497657600
0.455,3,Jun 18 2017 01: +0,1497744000
2.029,9,Jun 19 2017 01: +0,1497830400
0.405,1,Jun 20 2017 01: +0,1497916800
0.637,1,Jun 21 2017 01: +0,1498003200
2.738,2,Jun 23 2017 01: +0,1498176000
0.48,1,Jun 24 2017 01: +0,1498262400
0.447,1,Jun 25 2017 01: +0,1498348800
0.506,20,Jun 26 2017 01: +0,1498435200
0.455,1,Jun 27 2017 01: +0,1498521600
0.442,3,Jun 29 2017 01: +0,1498694400
0.438,4,Jun 30 2017 01: +0,1498780800
0.471,1,Jul 01 2017 01: +0,1498867200
0.339,3,Jul 02 2017 01: +0,1498953600
0.331,32,Jul 04 2017 01: +0,1499126400
0.343,15,Jul 05 2017 01: +0,1499212800
0.399,77,Jul 07 2017 01: +0,1499385600
0.476,8,Jul 08 2017 01: +0,1499472000
0.538,1,Jul 09 2017 01: +0,1499558400
2.912,8,Jul 10 2017 01: +0,1499644800
2.819,3,Jul 11 2017 01: +0,1499731200
0.539,1,Jul 12 2017 01: +0,1499817600
3.973,2,Jul 14 2017 01: +0,1499990400
3.62,7,Jul 15 2017 01: +0,1500076800
6.824,5,Jul 16 2017 01: +0,1500163200
6.707,21,Jul 17 2017 01: +0,1500249600
3.781,42,Jul 18 2017 01: +0,1500336000
4.365,6,Jul 19 2017 01: +0,1500422400
3.125,2,Jul 20 2017 01: +0,1500508800
0.794,6,Jul 21 2017 01: +0,1500595200
0.736,1,Jul 22 2017 01: +0,1500681600
0.761,1,Jul 23 2017 01: +0,1500768000
0.717,5,Jul 24 2017 01: +0,1500854400
3.814,2,Jul 26 2017 01: +0,1501027200
0.713,26,Jul 27 2017 01: +0,1501113600
0.643,8,Jul 28 2017 01: +0,1501200000
0.741,2,Jul 29 2017 01: +0,1501286400
0.721,2,Jul 30 2017 01: +0,1501372800
0.68,3,Aug 01 2017 01: +0,1501545600
0.712,4,Aug 03 2017 01: +0,1501718400
0.758,1,Aug 04 2017 01: +0,1501804800
0.685,2,Aug 05 2017 01: +0,1501891200
0.679,7,Aug 06 2017 01: +0,1501977600
0.673,2,Aug 07 2017 01: +0,1502064000
0.635,3,Aug 08 2017 01: +0,1502150400
0.637,7,Aug 09 2017 01: +0,1502236800
0.511,4,Aug 11 2017 01: +0,1502409600
2.701,17,Aug 16 2017 01: +0,1502841600
3.93,17,Aug 17 2017 01: +0,1502928000
0.678,1,Aug 18 2017 01: +0,1503014400
0.802,12,Aug 20 2017 01: +0,1503187200
0.665,1,Aug 22 2017 01: +0,1503360000
0.677,3,Aug 23 2017 01: +0,1503446400
0.672,2,Aug 24 2017 01: +0,1503532800
0.67,1,Aug 25 2017 01: +0,1503619200
0.608,1,Aug 26 2017 01: +0,1503705600
0.679,4,Aug 28 2017 01: +0,1503878400
0.633,1,Aug 30 2017 01: +0,1504051200
0.652,3,Aug 31 2017 01: +0,1504137600
0.571,1,Sep 02 2017 01: +0,1504310400
0.692,3,Sep 05 2017 01: +0,1504569600
0.691,2,Sep 06 2017 01: +0,1504656000
0.642,4,Sep 07 2017 01: +0,1504742400
0.547,1,Sep 08 2017 01: +0,1504828800
0.56,2,Sep 09 2017 01: +0,1504915200
0.542,1,Sep 13 2017 01: +0,1505260800
0.496,1,Sep 14 2017 01: +0,1505347200
0.44,2,Sep 15 2017 01: +0,1505433600
0.531,4,Sep 17 2017 01: +0,1505606400
5.042,6,Sep 18 2017 01: +0,1505692800
9.884,1,Sep 19 2017 01: +0,1505779200
1.191,3,Sep 20 2017 01: +0,1505865600
0.54,16,Sep 21 2017 01: +0,1505952000
0.495,1,Sep 23 2017 01: +0,1506124800
0.495,1,Sep 28 2017 01: +0,1506556800
0.515,2,Sep 30 2017 01: +0,1506729600
0.479,4,Oct 01 2017 01: +0,1506816000
0.496,2,Oct 02 2017 01: +0,1506902400
0.422,2,Oct 04 2017 01: +0,1507075200
0.425,3,Oct 05 2017 01: +0,1507161600
0.442,4,Oct 06 2017 01: +0,1507248000
0.405,1,Oct 07 2017 01: +0,1507334400
0.382,5,Oct 10 2017 01: +0,1507593600
0.39,2,Oct 11 2017 01: +0,1507680000
0.381,1,Oct 13 2017 01: +0,1507852800
0.393,2,Oct 15 2017 01: +0,1508025600
0.38,2,Oct 16 2017 01: +0,1508112000
0.33,2,Oct 17 2017 01: +0,1508198400
0.361,3,Oct 18 2017 01: +0,1508284800
0.376,2,Oct 19 2017 01: +0,1508371200
0.377,3,Oct 21 2017 01: +0,1508544000
0.377,3,Oct 22 2017 01: +0,1508630400
0.373,1,Oct 23 2017 01: +0,1508716800
0.312,2,Oct 24 2017 01: +0,1508803200
0.285,2,Oct 25 2017 01: +0,1508889600
0.256,1,Oct 26 2017 01: +0,1508976000
0.256,1,Oct 27 2017 01: +0,1509062400
0.244,2,Oct 28 2017 01: +0,1509148800
0.213,3,Oct 31 2017 01: +0,1509411600
0.21,10,Nov 01 2017 01: +0,1509498000
0.178,2,Nov 03 2017 01: +0,1509670800
0.179,4,Nov 04 2017 01: +0,1509757200
0.186,2,Nov 06 2017 01: +0,1509930000
0.171,1,Nov 09 2017 01: +0,1510189200
0.19,2,Nov 11 2017 01: +0,1510362000
0.182,4,Nov 12 2017 01: +0,1510448400
0.18,1,Nov 13 2017 01: +0,1510534800
0.212,22,Nov 14 2017 01: +0,1510621200
0.247,1,Nov 15 2017 01: +0,1510707600
0.205,1,Nov 19 2017 01: +0,1511053200
0.236,1,Nov 20 2017 01: +0,1511139600
0.216,5,Nov 21 2017 01: +0,1511226000
0.209,1,Nov 22 2017 01: +0,1511312400
0.209,1,Nov 23 2017 01: +0,1511398800
0.174,1,Nov 24 2017 01: +0,1511485200
0.184,1,Nov 26 2017 01: +0,1511658000
0.146,3,Nov 27 2017 01: +0,1511744400
0.171,1,Nov 28 2017 01: +0,1511830800
0.128,1,Nov 29 2017 01: +0,1511917200
0.184,3,Nov 30 2017 01: +0,1512003600
0.182,1,Dec 03 2017 01: +0,1512262800
0.18,2,Dec 04 2017 01: +0,1512349200
0.181,1,Dec 05 2017 01: +0,1512435600
0.178,1,Dec 06 2017 01: +0,1512522000
0.184,2,Dec 07 2017 01: +0,1512608400
0.153,2,Dec 09 2017 01: +0,1512781200
0.158,2,Dec 11 2017 01: +0,1512954000
0.152,1,Dec 12 2017 01: +0,1513040400
0.15,2,Dec 13 2017 01: +0,1513126800
0.152,10,Dec 14 2017 01: +0,1513213200
0.153,2,Dec 15 2017 01: +0,1513299600
0.099,1,Dec 16 2017 01: +0,1513386000
0.199,1,Dec 18 2017 01: +0,1513558800
0.16,2,Dec 19 2017 01: +0,1513645200
0.112,2,Dec 20 2017 01: +0,1513731600
0.14,2,Dec 21 2017 01: +0,1513818000
0.111,4,Dec 22 2017 01: +0,1513904400
0.136,12,Dec 24 2017 01: +0,1514077200
0.152,7,Dec 25 2017 01: +0,1514163600
0.17,2,Dec 26 2017 01: +0,1514250000
0.189,10,Dec 27 2017 01: +0,1514336400
0.179,2,Dec 28 2017 01: +0,1514422800
0.18,7,Dec 31 2017 01: +0,1514682000
0.185,5,Jan 01 2018 01: +0,1514768400
0.201,3,Jan 02 2018 01: +0,1514854800
0.194,4,Jan 03 2018 01: +0,1514941200
0.23,2,Jan 04 2018 01: +0,1515027600
0.224,2,Jan 06 2018 01: +0,1515200400
0.226,8,Jan 07 2018 01: +0,1515286800
0.179,3,Jan 08 2018 01: +0,1515373200
0.242,2,Jan 09 2018 01: +0,1515459600
0.248,2,Jan 10 2018 01: +0,1515546000
0.232,7,Jan 12 2018 01: +0,1515718800
0.251,1,Jan 13 2018 01: +0,1515805200
0.205,5,Jan 14 2018 01: +0,1515891600
0.163,2,Jan 15 2018 01: +0,1515978000
0.207,2,Jan 16 2018 01: +0,1516064400
0.216,2,Jan 17 2018 01: +0,1516150800
0.218,2,Jan 18 2018 01: +0,1516237200
0.228,1,Jan 20 2018 01: +0,1516410000
0.225,2,Jan 21 2018 01: +0,1516496400
0.226,3,Jan 22 2018 01: +0,1516582800
0.19,1,Jan 23 2018 01: +0,1516669200
0.229,4,Jan 24 2018 01: +0,1516755600
0.2,1,Jan 25 2018 01: +0,1516842000
0.212,1,Jan 27 2018 01: +0,1517014800
0.256,1,Jan 28 2018 01: +0,1517101200
0.22,3,Jan 29 2018 01: +0,1517187600
0.239,3,Jan 30 2018 01: +0,1517274000
0.238,2,Jan 31 2018 01: +0,1517360400
0.215,1,Feb 01 2018 01: +0,1517446800
0.196,2,Feb 02 2018 01: +0,1517533200
0.335,3,Feb 03 2018 01: +0,1517619600
0.207,1,Feb 04 2018 01: +0,1517706000
0.13,2,Feb 05 2018 01: +0,1517792400
0.199,1,Feb 06 2018 01: +0,1517878800
0.202,4,Feb 07 2018 01: +0,1517965200
0.203,1,Feb 08 2018 01: +0,1518051600
0.204,2,Feb 09 2018 01: +0,1518138000
0.19,1,Feb 10 2018 01: +0,1518224400
0.183,2,Feb 11 2018 01: +0,1518310800
0.372,2,Feb 12 2018 01: +0,1518397200
0.228,2,Feb 13 2018 01: +0,1518483600
0.202,2,Feb 15 2018 01: +0,1518656400
0.204,1,Feb 16 2018 01: +0,1518742800
0.224,13,Feb 17 2018 01: +0,1518829200
0.28,11,Feb 18 2018 01: +0,1518915600
0.356,1,Feb 19 2018 01: +0,1519002000
0.34,1,Feb 20 2018 01: +0,1519088400
0.284,4,Feb 21 2018 01: +0,1519174800
0.29,2,Feb 22 2018 01: +0,1519261200
0.332,1,Feb 23 2018 01: +0,1519347600
0.259,2,Feb 24 2018 01: +0,1519434000
0.269,1,Feb 25 2018 01: +0,1519520400
0.251,4,Feb 26 2018 01: +0,1519606800
0.14,2,Feb 27 2018 01: +0,1519693200
0.261,2,Feb 28 2018 01: +0,1519779600
0.257,7,Mar 01 2018 01: +0,1519866000
0.239,1,Mar 02 2018 01: +0,1519952400
0.124,1,Mar 04 2018 01: +0,1520125200
0.217,2,Mar 08 2018 01: +0,1520470800
0.205,1,Mar 09 2018 01: +0,1520557200
0.21,2,Mar 10 2018 01: +0,1520643600
0.196,3,Mar 11 2018 01: +0,1520730000
0.19,1,Mar 12 2018 01: +0,1520816400
0.161,2,Mar 14 2018 01: +0,1520989200
0.179,3,Mar 16 2018 01: +0,1521162000
0.149,2,Mar 18 2018 01: +0,1521334800
0.176,1,Mar 19 2018 01: +0,1521421200
0.169,2,Mar 20 2018 01: +0,1521507600
0.176,4,Mar 21 2018 01: +0,1521594000
0.184,2,Mar 22 2018 01: +0,1521680400
0.165,1,Mar 24 2018 01: +0,1521853200
0.168,6,Mar 26 2018 01: +0,1522022400
0.195,10,Mar 27 2018 01: +0,1522108800
0.251,10,Mar 28 2018 01: +0,1522195200
0.191,2,Mar 29 2018 01: +0,1522281600
0.169,4,Mar 30 2018 01: +0,1522368000
0.174,4,Mar 31 2018 01: +0,1522454400
0.155,1,Apr 01 2018 01: +0,1522540800
0.149,1,Apr 02 2018 01: +0,1522627200
0.189,3,Apr 03 2018 01: +0,1522713600
0.191,1,Apr 05 2018 01: +0,1522886400
0.185,11,Apr 08 2018 01: +0,1523145600
0.199,3,Apr 09 2018 01: +0,1523232000
0.174,1,Apr 12 2018 01: +0,1523491200
0.177,1,Apr 13 2018 01: +0,1523577600
0.178,2,Apr 15 2018 01: +0,1523750400
0.208,2,Apr 16 2018 01: +0,1523836800
0.157,2,Apr 19 2018 01: +0,1524096000
0.189,2,Apr 20 2018 01: +0,1524182400
0.176,2,Apr 23 2018 01: +0,1524441600
0.181,1,Apr 24 2018 01: +0,1524528000
0.152,2,Apr 25 2018 01: +0,1524614400
0.182,1,Apr 26 2018 01: +0,1524700800
0.161,2,Apr 27 2018 01: +0,1524787200
0.187,2,Apr 28 2018 01: +0,1524873600
0.19,1,Apr 30 2018 01: +0,1525046400
0.168,2,May 03 2018 01: +0,1525305600
0.189,13,May 04 2018 01: +0,1525392000
0.2,15,May 05 2018 01: +0,1525478400
0.259,9,May 07 2018 01: +0,1525651200
0.251,1,May 09 2018 01: +0,1525824000
0.22,5,May 10 2018 01: +0,1525910400
0.19,2,May 15 2018 01: +0,1526342400
0.169,1,May 16 2018 01: +0,1526428800
0.217,3,May 17 2018 01: +0,1526515200
0.21,1,May 20 2018 01: +0,1526774400
0.185,1,May 21 2018 01: +0,1526860800
0.163,1,May 30 2018 01: +0,1527638400
0.154,1,Jun 01 2018 01: +0,1527811200
0.189,8,Jun 02 2018 01: +0,1527897600
0.212,3,Jun 03 2018 01: +0,1527984000
0.224,7,Jun 12 2018 01: +0,1528761600
0.2,1,Jun 15 2018 01: +0,1529020800
0.221,1,Jun 18 2018 01: +0,1529280000
0.225,6,Jun 24 2018 01: +0,1529798400
0.193,1,Jun 27 2018 01: +0,1530057600
0.154,2,Jun 29 2018 01: +0,1530230400
0.21,2,Jul 02 2018 01: +0,1530489600
0.146,2,Jul 09 2018 01: +0,1531094400
0.223,9,Jul 10 2018 01: +0,1531180800
0.248,2,Jul 13 2018 01: +0,1531440000
0.268,6,Jul 14 2018 01: +0,1531526400
0.314,3,Jul 15 2018 01: +0,1531612800
0.257,4,Jul 16 2018 01: +0,1531699200
0.265,1,Jul 18 2018 01: +0,1531872000
0.25,1,Jul 19 2018 01: +0,1531958400
0.228,1,Jul 20 2018 01: +0,1532044800
0.271,3,Jul 24 2018 01: +0,1532390400
0.37,10,Jul 25 2018 01: +0,1532476800
0.316,2,Jul 26 2018 01: +0,1532563200
0.364,2,Jul 27 2018 01: +0,1532649600
0.31,1,Jul 28 2018 01: +0,1532736000
0.272,7,Jul 29 2018 01: +0,1532822400
0.258,1,Jul 30 2018 01: +0,1532908800
0.236,1,Aug 02 2018 01: +0,1533168000
0.236,2,Aug 04 2018 01: +0,1533340800
0.209,1,Aug 05 2018 01: +0,1533427200
0.23,1,Aug 07 2018 01: +0,1533600000
0.244,2,Aug 11 2018 01: +0,1533945600
0.255,2,Aug 12 2018 01: +0,1534032000
0.269,4,Aug 15 2018 01: +0,1534291200
0.19,1,Aug 21 2018 01: +0,1534809600
0.187,1,Aug 23 2018 01: +0,1534982400
0.198,1,Aug 26 2018 01: +0,1535241600
0.233,1,Aug 27 2018 01: +0,1535328000
0.219,1,Aug 30 2018 01: +0,1535587200
0.231,2,Aug 31 2018 01: +0,1535673600
0.184,2,Sep 01 2018 01: +0,1535760000
0.259,15,Sep 08 2018 01: +0,1536364800
0.299,1,Sep 11 2018 01: +0,1536624000
0.165,1,Sep 13 2018 01: +0,1536796800
0.199,1,Sep 15 2018 01: +0,1536969600
0.261,7,Sep 16 2018 01: +0,1537056000
0.256,1,Sep 18 2018 01: +0,1537228800
0.257,1,Sep 19 2018 01: +0,1537315200
0.303,3,Sep 22 2018 01: +0,1537574400
0.314,1,Sep 24 2018 01: +0,1537747200
0.3,1,Sep 26 2018 01: +0,1537920000
0.249,2,Sep 27 2018 01: +0,1538006400
0.319,1,Sep 30 2018 01: +0,1538265600
0.301,2,Oct 02 2018 01: +0,1538438400
0.256,2,Oct 05 2018 01: +0,1538697600
0.224,1,Oct 09 2018 01: +0,1539043200
0.256,1,Oct 16 2018 01: +0,1539648000
0.258,1,Oct 17 2018 01: +0,1539734400
0.263,1,Oct 18 2018 01: +0,1539820800
0.264,1,Oct 19 2018 01: +0,1539907200
0.26,2,Oct 20 2018 01: +0,1539993600
0.232,1,Oct 21 2018 01: +0,1540080000
0.236,4,Oct 22 2018 01: +0,1540166400
0.307,15,Oct 23 2018 01: +0,1540252800
0.279,2,Oct 24 2018 01: +0,1540339200
0.568,20,Oct 25 2018 01: +0,1540425600
0.755,1,Oct 27 2018 01: +0,1540598400
0.557,11,Nov 16 2018 01: +0,1542330000
0.461,2,Nov 19 2018 01: +0,1542589200
0.423,1,Nov 23 2018 01: +0,1542934800
0.455,1,Nov 24 2018 01: +0,1543021200
0.283,2,Nov 27 2018 01: +0,1543280400
0.418,2,Nov 28 2018 01: +0,1543366800
0.466,1,Nov 29 2018 01: +0,1543453200
0.296,6,Dec 06 2018 01: +0,1544058000
0.286,4,Dec 07 2018 01: +0,1544144400
0.308,2,Dec 12 2018 01: +0,1544576400
0.257,1,Dec 15 2018 01: +0,1544835600
0.266,1,Dec 16 2018 01: +0,1544922000
0.248,1,Dec 18 2018 01: +0,1545094800
0.219,1,Dec 19 2018 01: +0,1545181200
0.219,2,Dec 20 2018 01: +0,1545267600
0.217,7,Dec 21 2018 01: +0,1545354000
0.208,1,Dec 22 2018 01: +0,1545440400
0.177,2,Dec 24 2018 01: +0,1545613200
0.208,3,Dec 26 2018 01: +0,1545786000
0.209,3,Dec 27 2018 01: +0,1545872400
0.209,1,Dec 28 2018 01: +0,1545958800
0.176,3,Dec 29 2018 01: +0,1546045200
0.21,2,Dec 31 2018 01: +0,1546218000
0.243,10,Jan 01 2019 01: +0,1546304400
0.215,1,Jan 03 2019 01: +0,1546477200
0.202,1,Jan 04 2019 01: +0,1546563600
0.247,1,Jan 05 2019 01: +0,1546650000
0.219,1,Jan 06 2019 01: +0,1546736400
0.215,1,Jan 07 2019 01: +0,1546822800
0.152,1,Jan 09 2019 01: +0,1546995600
0.235,14,Jan 11 2019 01: +0,1547168400
0.259,2,Jan 12 2019 01: +0,1547254800
0.243,1,Jan 13 2019 01: +0,1547341200
0.228,3,Jan 14 2019 01: +0,1547427600
0.263,3,Jan 15 2019 01: +0,1547514000
0.284,2,Jan 16 2019 01: +0,1547600400
0.266,1,Jan 17 2019 01: +0,1547686800
0.236,2,Jan 20 2019 01: +0,1547946000
0.266,1,Jan 21 2019 01: +0,1548032400
0.219,2,Jan 22 2019 01: +0,1548118800
0.243,5,Jan 26 2019 01: +0,1548464400
0.209,1,Jan 28 2019 01: +0,1548637200
0.192,2,Jan 31 2019 01: +0,1548896400
0.239,1,Feb 01 2019 01: +0,1548982800
0.244,1,Feb 03 2019 01: +0,1549155600
0.228,1,Feb 06 2019 01: +0,1549414800
0.23,1,Feb 07 2019 01: +0,1549501200
0.245,5,Feb 09 2019 01: +0,1549674000
0.212,8,Feb 11 2019 01: +0,1549846800
0.161,4,Feb 12 2019 01: +0,1549933200
0.175,1,Feb 13 2019 01: +0,1550019600
0.218,7,Feb 14 2019 01: +0,1550106000
0.233,1,Feb 15 2019 01: +0,1550192400
0.237,9,Feb 16 2019 01: +0,1550278800
0.236,1,Feb 17 2019 01: +0,1550365200
0.209,2,Feb 18 2019 01: +0,1550451600
0.234,1,Feb 20 2019 01: +0,1550624400
0.212,6,Feb 22 2019 01: +0,1550797200
0.243,13,Feb 23 2019 01: +0,1550883600
0.263,5,Feb 24 2019 01: +0,1550970000
0.271,1,Mar 01 2019 01: +0,1551402000
0.247,2,Mar 02 2019 01: +0,1551488400
0.226,1,Mar 03 2019 01: +0,1551574800
0.22,2,Mar 04 2019 01: +0,1551661200
0.215,1,Mar 06 2019 01: +0,1551834000
0.149,1,Mar 08 2019 01: +0,1552006800
0.218,1,Mar 10 2019 01: +0,1552179600
0.222,1,Mar 13 2019 01: +0,1552438800
0.234,1,Mar 14 2019 01: +0,1552525200
0.236,1,Mar 15 2019 01: +0,1552611600
0.234,2,Mar 16 2019 01: +0,1552698000
0.234,1,Mar 17 2019 01: +0,1552784400
0.245,6,Mar 18 2019 01: +0,1552870800
0.216,1,Mar 21 2019 01: +0,1553130000
0.215,1,Mar 23 2019 01: +0,1553302800
0.215,1,Mar 26 2019 01: +0,1553562000
0.214,1,Mar 30 2019 01: +0,1553907600
0.203,2,Apr 01 2019 01: +0,1554076800
0.235,6,Apr 03 2019 01: +0,1554249600
0.174,1,Apr 04 2019 01: +0,1554336000
0.216,1,Apr 06 2019 01: +0,1554508800
0.188,3,Apr 07 2019 01: +0,1554595200
0.229,2,Apr 08 2019 01: +0,1554681600
0.221,12,Apr 09 2019 01: +0,1554768000
0.197,2,Apr 14 2019 01: +0,1555200000
0.215,1,Apr 15 2019 01: +0,1555286400
0.178,1,Apr 16 2019 01: +0,1555372800
0.201,2,Apr 17 2019 01: +0,1555459200
0.19,2,Apr 20 2019 01: +0,1555718400
0.213,1,Apr 24 2019 01: +0,1556064000
0.221,1,Apr 26 2019 01: +0,1556236800
0.179,1,Apr 28 2019 01: +0,1556409600
0.171,1,May 02 2019 01: +0,1556755200
0.191,1,May 04 2019 01: +0,1556928000
0.141,1,May 07 2019 01: +0,1557187200
0.175,4,May 08 2019 01: +0,1557273600
0.193,5,May 10 2019 01: +0,1557446400
0.147,3,May 11 2019 01: +0,1557532800
0.212,8,May 13 2019 01: +0,1557705600
0.252,2,May 15 2019 01: +0,1557878400
0.256,4,May 16 2019 01: +0,1557964800
0.265,5,May 17 2019 01: +0,1558051200
0.17,2,May 18 2019 01: +0,1558137600
0.256,9,May 20 2019 01: +0,1558310400
0.105,1,May 22 2019 01: +0,1558483200
0.147,1,May 23 2019 01: +0,1558569600
0.228,2,May 24 2019 01: +0,1558656000
0.224,2,May 25 2019 01: +0,1558742400
0.259,1,May 28 2019 01: +0,1559001600
0.264,1,May 30 2019 01: +0,1559174400
0.24,3,Jun 01 2019 01: +0,1559347200
0.235,2,Jun 02 2019 01: +0,1559433600
0.267,1,Jun 03 2019 01: +0,1559520000
0.254,2,Jun 04 2019 01: +0,1559606400
0.285,1,Jun 05 2019 01: +0,1559692800
0.243,1,Jun 08 2019 01: +0,1559952000
0.24,5,Jun 13 2019 01: +0,1560384000
0.279,2,Jun 15 2019 01: +0,1560556800
0.231,2,Jun 17 2019 01: +0,1560729600
0.285,4,Jun 18 2019 01: +0,1560816000
0.223,1,Jun 20 2019 01: +0,1560988800
0.237,3,Jun 23 2019 01: +0,1561248000
0.24,1,Jun 25 2019 01: +0,1561420800
0.181,1,Jun 26 2019 01: +0,1561507200
0.229,4,Jun 27 2019 01: +0,1561593600
0.233,4,Jun 28 2019 01: +0,1561680000
0.237,2,Jun 29 2019 01: +0,1561766400
0.262,2,Jun 30 2019 01: +0,1561852800
0.25,2,Jul 01 2019 01: +0,1561939200
0.228,1,Jul 02 2019 01: +0,1562025600
0.22,2,Jul 05 2019 01: +0,1562284800
0.19,1,Jul 06 2019 01: +0,1562371200
0.192,3,Jul 08 2019 01: +0,1562544000
0.221,10,Jul 09 2019 01: +0,1562630400
0.225,2,Jul 10 2019 01: +0,1562716800
0.261,2,Jul 11 2019 01: +0,1562803200
0.25,6,Jul 14 2019 01: +0,1563062400
0.248,1,Jul 15 2019 01: +0,1563148800
0.241,1,Jul 18 2019 01: +0,1563408000
0.973,3,Jul 19 2019 01: +0,1563494400
0.206,3,Jul 20 2019 01: +0,1563580800
0.268,3,Jul 21 2019 01: +0,1563667200
0.288,1,Jul 22 2019 01: +0,1563753600
0.299,1,Jul 23 2019 01: +0,1563840000
0.271,5,Jul 24 2019 01: +0,1563926400
0.24,1,Jul 26 2019 01: +0,1564099200
0.257,2,Jul 27 2019 01: +0,1564185600
0.293,5,Jul 30 2019 01: +0,1564444800
0.261,2,Aug 01 2019 01: +0,1564617600
0.276,1,Aug 05 2019 01: +0,1564963200
0.305,2,Aug 06 2019 01: +0,1565049600
0.304,2,Aug 08 2019 01: +0,1565222400
0.301,1,Aug 10 2019 01: +0,1565395200
0.276,1,Aug 11 2019 01: +0,1565481600
0.215,1,Aug 12 2019 01: +0,1565568000
0.256,1,Aug 15 2019 01: +0,1565827200
0.285,1,Aug 18 2019 01: +0,1566086400
0.304,2,Aug 19 2019 01: +0,1566172800
0.298,1,Aug 26 2019 01: +0,1566777600
0.283,1,Sep 01 2019 01: +0,1567296000
0.24,1,Sep 02 2019 01: +0,1567382400
0.276,1,Sep 03 2019 01: +0,1567468800
0.269,1,Sep 04 2019 01: +0,1567555200
0.256,1,Sep 08 2019 01: +0,1567900800
0.279,2,Sep 09 2019 01: +0,1567987200
0.293,1,Sep 10 2019 01: +0,1568073600
0.256,1,Sep 15 2019 01: +0,1568505600
0.285,1,Sep 17 2019 01: +0,1568678400
0.283,3,Sep 18 2019 01: +0,1568764800
0.285,1,Sep 21 2019 01: +0,1569024000
0.27,2,Sep 23 2019 01: +0,1569196800
0.245,2,Sep 24 2019 01: +0,1569283200
0.301,1,Sep 26 2019 01: +0,1569456000
0.253,1,Oct 02 2019 01: +0,1569974400
0.256,1,Oct 06 2019 01: +0,1570320000
0.281,1,Oct 07 2019 01: +0,1570406400
0.274,2,Oct 08 2019 01: +0,1570492800
0.294,6,Oct 09 2019 01: +0,1570579200
0.312,6,Oct 10 2019 01: +0,1570665600
0.329,1,Oct 11 2019 01: +0,1570752000
0.279,2,Oct 12 2019 01: +0,1570838400
0.278,1,Oct 15 2019 01: +0,1571097600
0.329,7,Oct 16 2019 01: +0,1571184000
0.31,1,Oct 19 2019 01: +0,1571443200
0.284,1,Oct 25 2019 01: +0,1571961600
0.283,3,Oct 28 2019 01: +0,1572224400
0.285,1,Oct 29 2019 01: +0,1572310800
0.284,1,Oct 30 2019 01: +0,1572397200
0.282,1,Oct 31 2019 01: +0,1572483600
0.291,5,Nov 02 2019 01: +0,1572656400
0.279,1,Nov 05 2019 01: +0,1572915600
0.291,3,Nov 06 2019 01: +0,1573002000
0.231,1,Nov 07 2019 01: +0,1573088400
0.288,4,Nov 09 2019 01: +0,1573261200
0.277,2,Nov 10 2019 01: +0,1573347600
0.233,1,Nov 11 2019 01: +0,1573434000
0.245,3,Nov 12 2019 01: +0,1573520400
0.308,4,Nov 13 2019 01: +0,1573606800
0.234,3,Nov 14 2019 01: +0,1573693200
0.294,10,Nov 15 2019 01: +0,1573779600
0.24,1,Nov 16 2019 01: +0,1573866000
0.256,1,Nov 17 2019 01: +0,1573952400
0.258,1,Nov 19 2019 01: +0,1574125200
0.265,1,Nov 23 2019 01: +0,1574470800
0.24,1,Nov 24 2019 01: +0,1574557200
0.293,3,Nov 25 2019 01: +0,1574643600
0.285,2,Nov 27 2019 01: +0,1574816400
0.289,2,Nov 30 2019 01: +0,1575075600
0.292,3,Dec 01 2019 01: +0,1575162000
0.299,4,Dec 02 2019 01: +0,1575248400
0.293,2,Dec 03 2019 01: +0,1575334800
0.315,1,Dec 04 2019 01: +0,1575421200
0.292,2,Dec 08 2019 01: +0,1575766800
0.354,3,Dec 11 2019 01: +0,1576026000
0.286,1,Dec 12 2019 01: +0,1576112400
0.238,1,Dec 14 2019 01: +0,1576285200
0.343,7,Dec 15 2019 01: +0,1576371600
0.289,1,Dec 16 2019 01: +0,1576458000
0.315,4,Dec 17 2019 01: +0,1576544400
0.298,3,Dec 18 2019 01: +0,1576630800
0.37,2,Dec 19 2019 01: +0,1576717200
0.37,2,Dec 20 2019 01: +0,1576803600
0.345,2,Dec 24 2019 01: +0,1577149200
0.374,4,Dec 25 2019 01: +0,1577235600
0.398,3,Dec 27 2019 01: +0,1577408400
0.336,4,Dec 28 2019 01: +0,1577494800
0.389,3,Dec 29 2019 01: +0,1577581200
0.322,3,Dec 30 2019 01: +0,1577667600
0.378,1,Dec 31 2019 01: +0,1577754000
0.38,2,Jan 02 2020 01: +0,1577926800
0.385,2,Jan 03 2020 01: +0,1578013200
0.4,3,Jan 04 2020 01: +0,1578099600
0.392,3,Jan 05 2020 01: +0,1578186000
0.401,5,Jan 06 2020 01: +0,1578272400
0.457,5,Jan 07 2020 01: +0,1578358800
0.533,2,Jan 10 2020 01: +0,1578618000
0.364,1,Jan 14 2020 01: +0,1578963600
0.426,2,Jan 17 2020 01: +0,1579222800
0.402,2,Jan 18 2020 01: +0,1579309200
0.532,1,Jan 19 2020 01: +0,1579395600
0.63,7,Jan 20 2020 01: +0,1579482000
0.468,1,Jan 21 2020 01: +0,1579568400
0.453,1,Jan 22 2020 01: +0,1579654800
0.46,1,Jan 23 2020 01: +0,1579741200
0.455,1,Jan 25 2020 01: +0,1579914000
0.471,1,Jan 26 2020 01: +0,1580000400
0.391,1,Jan 27 2020 01: +0,1580086800
0.525,1,Jan 28 2020 01: +0,1580173200
0.447,2,Jan 29 2020 01: +0,1580259600
0.378,1,Feb 02 2020 01: +0,1580605200
0.383,1,Feb 03 2020 01: +0,1580691600
0.476,2,Feb 06 2020 01: +0,1580950800
0.422,2,Feb 09 2020 01: +0,1581210000
0.436,1,Feb 10 2020 01: +0,1581296400
0.457,2,Feb 12 2020 01: +0,1581469200
0.405,1,Feb 14 2020 01: +0,1581642000
0.405,1,Feb 15 2020 01: +0,1581728400
0.431,2,Feb 17 2020 01: +0,1581901200
0.485,13,Feb 19 2020 01: +0,1582074000
0.532,3,Feb 21 2020 01: +0,1582246800
0.463,5,Feb 22 2020 01: +0,1582333200
0.458,3,Feb 23 2020 01: +0,1582419600
0.482,1,Feb 24 2020 01: +0,1582506000
0.529,4,Feb 25 2020 01: +0,1582592400
0.459,2,Feb 26 2020 01: +0,1582678800
0.507,6,Feb 27 2020 01: +0,1582765200
0.562,5,Feb 29 2020 01: +0,1582938000
0.565,2,Mar 01 2020 01: +0,1583024400
0.472,3,Mar 02 2020 01: +0,1583110800
0.566,6,Mar 03 2020 01: +0,1583197200
0.422,1,Mar 05 2020 01: +0,1583370000
0.561,1,Mar 06 2020 01: +0,1583456400
0.556,1,Mar 08 2020 01: +0,1583629200
0.379,1,Mar 09 2020 01: +0,1583715600
0.561,5,Mar 14 2020 01: +0,1584147600
0.314,1,Mar 15 2020 01: +0,1584234000
0.447,11,Mar 17 2020 01: +0,1584406800
0.452,2,Mar 20 2020 01: +0,1584666000
0.467,1,Mar 23 2020 01: +0,1584925200
0.414,1,Mar 24 2020 01: +0,1585011600
0.414,1,Mar 25 2020 01: +0,1585098000
0.356,1,Mar 26 2020 01: +0,1585184400
0.389,2,Mar 30 2020 01: +0,1585526400
0.372,1,Mar 31 2020 01: +0,1585612800
0.38,2,Apr 01 2020 01: +0,1585699200
0.385,2,Apr 02 2020 01: +0,1585785600
0.356,1,Apr 03 2020 01: +0,1585872000
0.28,7,Apr 04 2020 01: +0,1585958400
0.275,1,Apr 05 2020 01: +0,1586044800
0.341,3,Apr 07 2020 01: +0,1586217600
0.39,2,Apr 08 2020 01: +0,1586304000
0.377,1,Apr 09 2020 01: +0,1586390400
0.391,3,Apr 11 2020 01: +0,1586563200
0.364,3,Apr 12 2020 01: +0,1586649600
0.391,1,Apr 13 2020 01: +0,1586736000
0.333,6,Apr 14 2020 01: +0,1586822400
0.353,9,Apr 15 2020 01: +0,1586908800
0.304,1,Apr 17 2020 01: +0,1587081600
0.32,1,Apr 18 2020 01: +0,1587168000
0.216,3,Apr 19 2020 01: +0,1587254400
0.227,2,Apr 20 2020 01: +0,1587340800
0.31,1,Apr 21 2020 01: +0,1587427200
0.323,1,Apr 22 2020 01: +0,1587513600
0.307,2,Apr 23 2020 01: +0,1587600000
0.326,5,Apr 25 2020 01: +0,1587772800
0.278,1,Apr 26 2020 01: +0,1587859200
0.304,1,Apr 27 2020 01: +0,1587945600
0.342,1,Apr 29 2020 01: +0,1588118400
0.31,1,Apr 30 2020 01: +0,1588204800
0.319,1,May 01 2020 01: +0,1588291200
0.293,1,May 03 2020 01: +0,1588464000
0.287,2,May 04 2020 01: +0,1588550400
0.276,1,May 05 2020 01: +0,1588636800
0.28,4,May 06 2020 01: +0,1588723200
0.298,2,May 07 2020 01: +0,1588809600
0.295,2,May 09 2020 01: +0,1588982400
0.297,3,May 11 2020 01: +0,1589155200
0.288,5,May 13 2020 01: +0,1589328000
0.239,1,May 15 2020 01: +0,1589500800
0.31,7,May 16 2020 01: +0,1589587200
0.289,2,May 18 2020 01: +0,1589760000
0.296,4,May 19 2020 01: +0,1589846400
0.314,10,May 20 2020 01: +0,1589932800
0.3,2,May 21 2020 01: +0,1590019200
0.298,2,May 22 2020 01: +0,1590105600
0.3,9,May 23 2020 01: +0,1590192000
0.334,2,May 24 2020 01: +0,1590278400
0.298,3,May 25 2020 01: +0,1590364800
0.281,1,May 26 2020 01: +0,1590451200
0.338,2,May 29 2020 01: +0,1590710400
1.291,2,May 30 2020 01: +0,1590796800
0.299,2,Jun 01 2020 01: +0,1590969600
0.304,2,Jun 02 2020 01: +0,1591056000
0.323,1,Jun 06 2020 01: +0,1591401600
0.328,4,Jun 07 2020 01: +0,1591488000
0.313,3,Jun 08 2020 01: +0,1591574400
0.323,1,Jun 10 2020 01: +0,1591747200
0.345,2,Jun 12 2020 01: +0,1591920000
0.314,2,Jun 13 2020 01: +0,1592006400
0.335,11,Jun 15 2020 01: +0,1592179200
0.265,1,Jun 16 2020 01: +0,1592265600
0.342,3,Jun 18 2020 01: +0,1592438400
0.309,1,Jun 20 2020 01: +0,1592611200
0.31,1,Jun 22 2020 01: +0,1592784000
0.32,1,Jun 23 2020 01: +0,1592870400
0.319,3,Jun 24 2020 01: +0,1592956800
0.312,4,Jun 25 2020 01: +0,1593043200
0.332,16,Jun 26 2020 01: +0,1593129600
0.311,3,Jun 27 2020 01: +0,1593216000
0.342,2,Jun 28 2020 01: +0,1593302400
0.291,2,Jun 29 2020 01: +0,1593388800
0.301,1,Jul 01 2020 01: +0,1593561600
0.31,1,Jul 02 2020 01: +0,1593648000
0.29,2,Jul 03 2020 01: +0,1593734400
0.337,6,Jul 04 2020 01: +0,1593820800
0.342,13,Jul 05 2020 01: +0,1593907200
0.335,2,Jul 08 2020 01: +0,1594166400
0.328,3,Jul 09 2020 01: +0,1594252800
0.291,5,Jul 10 2020 01: +0,1594339200
0.369,2,Jul 15 2020 01: +0,1594771200
0.29,1,Jul 16 2020 01: +0,1594857600
0.313,1,Jul 17 2020 01: +0,1594944000
0.39,1,Jul 21 2020 01: +0,1595289600
0.413,1,Jul 22 2020 01: +0,1595376000
0.38,9,Jul 23 2020 01: +0,1595462400
0.386,1,Jul 24 2020 01: +0,1595548800
0.438,1,Jul 26 2020 01: +0,1595721600
0.313,2,Jul 27 2020 01: +0,1595808000
0.323,1,Jul 28 2020 01: +0,1595894400
0.435,3,Jul 29 2020 01: +0,1595980800
0.349,1,Jul 31 2020 01: +0,1596153600
0.397,3,Aug 03 2020 01: +0,1596412800
0.48,1,Aug 04 2020 01: +0,1596499200
0.465,2,Aug 05 2020 01: +0,1596585600
0.496,2,Aug 06 2020 01: +0,1596672000
0.489,5,Aug 07 2020 01: +0,1596758400
0.56,4,Aug 08 2020 01: +0,1596844800
0.655,2,Aug 10 2020 01: +0,1597017600
0.385,2,Aug 12 2020 01: +0,1597190400
0.472,2,Aug 13 2020 01: +0,1597276800
0.656,10,Aug 14 2020 01: +0,1597363200
0.489,1,Aug 15 2020 01: +0,1597449600
0.352,6,Aug 16 2020 01: +0,1597536000
0.392,4,Aug 17 2020 01: +0,1597622400
0.419,1,Aug 18 2020 01: +0,1597708800
0.446,1,Aug 19 2020 01: +0,1597795200
0.383,1,Aug 20 2020 01: +0,1597881600
0.442,1,Aug 22 2020 01: +0,1598054400
0.403,8,Aug 25 2020 01: +0,1598313600
0.41,4,Aug 26 2020 01: +0,1598400000
0.44,4,Aug 27 2020 01: +0,1598486400
0.448,1,Aug 28 2020 01: +0,1598572800
0.442,1,Aug 29 2020 01: +0,1598659200
0.428,5,Aug 30 2020 01: +0,1598745600
0.395,2,Sep 02 2020 01: +0,1599004800
0.405,1,Sep 08 2020 01: +0,1599523200
0.409,1,Sep 10 2020 01: +0,1599696000
0.393,2,Sep 11 2020 01: +0,1599782400
0.428,5,Sep 13 2020 01: +0,1599955200
0.402,4,Sep 17 2020 01: +0,1600300800
0.366,2,Sep 18 2020 01: +0,1600387200
0.437,1,Sep 19 2020 01: +0,1600473600
0.372,2,Sep 20 2020 01: +0,1600560000
0.406,2,Sep 23 2020 01: +0,1600819200
0.356,1,Sep 24 2020 01: +0,1600905600
0.447,1,Sep 25 2020 01: +0,1600992000
0.397,1,Sep 26 2020 01: +0,1601078400
0.45,1,Sep 27 2020 01: +0,1601164800
0.443,2,Sep 28 2020 01: +0,1601251200
0.452,5,Sep 30 2020 01: +0,1601424000
0.416,2,Oct 02 2020 01: +0,1601596800
0.432,3,Oct 03 2020 01: +0,1601683200
0.405,4,Oct 04 2020 01: +0,1601769600
0.407,1,Oct 05 2020 01: +0,1601856000
0.391,2,Oct 06 2020 01: +0,1601942400
0.474,1,Oct 07 2020 01: +0,1602028800
0.469,1,Oct 09 2020 01: +0,1602201600
0.437,3,Oct 10 2020 01: +0,1602288000
0.405,1,Oct 12 2020 01: +0,1602460800
0.397,1,Oct 13 2020 01: +0,1602547200
0.396,1,Oct 14 2020 01: +0,1602633600
0.461,2,Oct 16 2020 01: +0,1602806400
0.47,1,Oct 17 2020 01: +0,1602892800
0.458,4,Oct 18 2020 01: +0,1602979200
0.379,1,Oct 20 2020 01: +0,1603152000
0.388,2,Oct 21 2020 01: +0,1603238400
0.418,2,Oct 22 2020 01: +0,1603324800
0.415,3,Oct 23 2020 01: +0,1603411200
0.385,4,Oct 25 2020 01: +0,1603584000
0.45,1,Oct 26 2020 01: +0,1603674000
0.444,4,Oct 27 2020 01: +0,1603760400
0.397,1,Oct 28 2020 01: +0,1603846800
0.356,1,Oct 31 2020 01: +0,1604106000
0.375,1,Nov 02 2020 01: +0,1604278800
0.399,3,Nov 03 2020 01: +0,1604365200
0.409,4,Nov 04 2020 01: +0,1604451600
0.352,1,Nov 05 2020 01: +0,1604538000
0.331,1,Nov 07 2020 01: +0,1604710800
0.428,1,Nov 08 2020 01: +0,1604797200
0.418,1,Nov 09 2020 01: +0,1604883600
0.467,11,Nov 10 2020 01: +0,1604970000
0.492,4,Nov 11 2020 01: +0,1605056400
0.477,1,Nov 14 2020 01: +0,1605315600
0.389,1,Nov 16 2020 01: +0,1605488400
0.389,1,Nov 17 2020 01: +0,1605574800
0.389,1,Nov 18 2020 01: +0,1605661200
0.501,3,Nov 19 2020 01: +0,1605747600
0.422,1,Nov 22 2020 01: +0,1606006800
0.382,1,Nov 26 2020 01: +0,1606352400
0.323,1,Nov 27 2020 01: +0,1606438800
0.385,2,Nov 28 2020 01: +0,1606525200
0.38,2,Nov 29 2020 01: +0,1606611600
0.377,2,Nov 30 2020 01: +0,1606698000
0.367,1,Dec 01 2020 01: +0,1606784400
0.399,1,Dec 02 2020 01: +0,1606870800
0.234,1,Dec 03 2020 01: +0,1606957200
0.296,2,Dec 04 2020 01: +0,1607043600
0.26,2,Dec 05 2020 01: +0,1607130000
0.265,1,Dec 06 2020 01: +0,1607216400
0.31,2,Dec 07 2020 01: +0,1607302800
0.284,10,Dec 09 2020 01: +0,1607475600
0.27,2,Dec 10 2020 01: +0,1607562000
0.305,2,Dec 11 2020 01: +0,1607648400
0.275,8,Dec 12 2020 01: +0,1607734800
0.332,7,Dec 14 2020 01: +0,1607907600
0.356,1,Dec 15 2020 01: +0,1607994000
0.304,1,Dec 17 2020 01: +0,1608166800
0.32,2,Dec 21 2020 01: +0,1608512400
0.282,5,Dec 22 2020 01: +0,1608598800
0.261,5,Dec 23 2020 01: +0,1608685200
0.295,1,Dec 24 2020 01: +0,1608771600
0.322,3,Dec 25 2020 01: +0,1608858000
0.313,1,Dec 26 2020 01: +0,1608944400
0.279,1,Dec 27 2020 01: +0,1609030800
0.361,2,Dec 30 2020 01: +0,1609290000
0.278,1,Dec 31 2020 01: +0,1609376400
0.285,2,Jan 01 2021 01: +0,1609462800
0.367,1,Jan 03 2021 01: +0,1609635600
0.278,1,Jan 04 2021 01: +0,1609722000
0.318,4,Jan 05 2021 01: +0,1609808400
0.292,1,Jan 06 2021 01: +0,1609894800
0.29,1,Jan 07 2021 01: +0,1609981200
0.302,1,Jan 09 2021 01: +0,1610154000
0.265,1,Jan 10 2021 01: +0,1610240400
0.324,3,Jan 12 2021 01: +0,1610413200
0.351,2,Jan 16 2021 01: +0,1610758800
0.307,2,Jan 18 2021 01: +0,1610931600
0.311,4,Jan 20 2021 01: +0,1611104400
0.39,4,Jan 21 2021 01: +0,1611190800
0.254,1,Jan 22 2021 01: +0,1611277200
0.389,1,Jan 23 2021 01: +0,1611363600
0.395,1,Jan 24 2021 01: +0,1611450000
0.387,7,Jan 26 2021 01: +0,1611622800
0.314,1,Jan 27 2021 01: +0,1611709200
0.36,3,Jan 28 2021 01: +0,1611795600
0.365,3,Jan 29 2021 01: +0,1611882000
0.426,4,Jan 30 2021 01: +0,1611968400
0.369,2,Feb 02 2021 01: +0,1612227600
0.371,4,Feb 04 2021 01: +0,1612400400
0.371,2,Feb 05 2021 01: +0,1612486800
0.394,2,Feb 07 2021 01: +0,1612659600
0.381,1,Feb 09 2021 01: +0,1612832400
0.423,7,Feb 10 2021 01: +0,1612918800
0.485,3,Feb 11 2021 01: +0,1613005200
0.446,1,Feb 12 2021 01: +0,1613091600
0.368,4,Feb 15 2021 01: +0,1613350800
0.423,2,Feb 16 2021 01: +0,1613437200
0.442,2,Feb 17 2021 01: +0,1613523600
0.425,3,Feb 18 2021 01: +0,1613610000
0.469,2,Feb 19 2021 01: +0,1613696400
0.533,2,Feb 21 2021 01: +0,1613869200
0.586,1,Feb 22 2021 01: +0,1613955600
0.392,2,Feb 27 2021 01: +0,1614387600
0.553,2,Feb 28 2021 01: +0,1614474000
0.361,2,Mar 01 2021 01: +0,1614560400
0.473,4,Mar 03 2021 01: +0,1614733200
1.307,2,Mar 04 2021 01: +0,1614819600
0.545,5,Mar 06 2021 01: +0,1614992400
0.544,1,Mar 07 2021 01: +0,1615078800
0.558,1,Mar 08 2021 01: +0,1615165200
0.335,1,Mar 09 2021 01: +0,1615251600
0.542,1,Mar 13 2021 01: +0,1615597200
0.388,1,Mar 14 2021 01: +0,1615683600
0.542,1,Mar 15 2021 01: +0,1615770000
0.527,1,Mar 20 2021 01: +0,1616202000
0.501,1,Mar 21 2021 01: +0,1616288400
0.52,1,Mar 22 2021 01: +0,1616374800
0.538,10,Mar 24 2021 01: +0,1616547600
0.438,1,Mar 26 2021 01: +0,1616720400
0.448,1,Mar 27 2021 01: +0,1616806800
0.546,2,Mar 29 2021 01: +0,1616976000
0.551,3,Apr 02 2021 01: +0,1617321600
0.538,2,Apr 03 2021 01: +0,1617408000
0.565,8,Apr 04 2021 01: +0,1617494400
0.627,6,Apr 05 2021 01: +0,1617580800
0.686,3,Apr 06 2021 01: +0,1617667200
0.675,2,Apr 07 2021 01: +0,1617753600
0.662,1,Apr 08 2021 01: +0,1617840000
0.666,1,Apr 09 2021 01: +0,1617926400
0.648,6,Apr 10 2021 01: +0,1618012800
0.442,1,Apr 11 2021 01: +0,1618099200
0.52,3,Apr 12 2021 01: +0,1618185600
0.506,2,Apr 13 2021 01: +0,1618272000
0.618,2,Apr 14 2021 01: +0,1618358400
0.547,1,Apr 15 2021 01: +0,1618444800
0.493,2,Apr 16 2021 01: +0,1618531200
0.668,3,Apr 18 2021 01: +0,1618704000
0.893,9,Apr 19 2021 01: +0,1618790400
0.529,1,Apr 21 2021 01: +0,1618963200
0.596,2,Apr 23 2021 01: +0,1619136000
0.784,1,Apr 24 2021 01: +0,1619222400
0.712,2,Apr 25 2021 01: +0,1619308800
0.733,6,Apr 26 2021 01: +0,1619395200
0.945,2,Apr 27 2021 01: +0,1619481600
0.886,2,May 01 2021 01: +0,1619827200
0.976,3,May 03 2021 01: +0,1620000000
0.893,1,May 04 2021 01: +0,1620086400
0.751,1,May 05 2021 01: +0,1620172800
0.802,1,May 07 2021 01: +0,1620345600
0.782,1,May 08 2021 01: +0,1620432000
0.843,2,May 11 2021 01: +0,1620691200
0.912,7,May 12 2021 01: +0,1620777600
0.838,5,May 14 2021 01: +0,1620950400
0.786,1,May 16 2021 01: +0,1621123200
0.748,1,May 17 2021 01: +0,1621209600
0.83,2,May 18 2021 01: +0,1621296000
0.76,1,May 19 2021 01: +0,1621382400
0.647,1,May 22 2021 01: +0,1621641600
0.892,1,May 23 2021 01: +0,1621728000
0.783,3,May 24 2021 01: +0,1621814400
0.86,1,May 26 2021 01: +0,1621987200
0.759,1,May 28 2021 01: +0,1622160000
0.859,2,May 30 2021 01: +0,1622332800
0.9,4,May 31 2021 01: +0,1622419200
0.856,1,Jun 01 2021 01: +0,1622505600
0.761,1,Jun 02 2021 01: +0,1622592000
0.894,3,Jun 03 2021 01: +0,1622678400
0.901,1,Jun 04 2021 01: +0,1622764800
0.89,8,Jun 05 2021 01: +0,1622851200
0.781,1,Jun 07 2021 01: +0,1623024000
0.799,8,Jun 08 2021 01: +0,1623110400
0.826,6,Jun 09 2021 01: +0,1623196800
0.822,1,Jun 11 2021 01: +0,1623369600
0.795,2,Jun 12 2021 01: +0,1623456000
0.747,2,Jun 14 2021 01: +0,1623628800
0.848,3,Jun 15 2021 01: +0,1623715200
0.819,2,Jun 16 2021 01: +0,1623801600
0.843,4,Jun 17 2021 01: +0,1623888000
0.837,16,Jun 19 2021 01: +0,1624060800
0.905,1,Jun 24 2021 01: +0,1624492800
0.898,2,Jun 26 2021 01: +0,1624665600
0.893,1,Jun 27 2021 01: +0,1624752000
0.901,1,Jun 29 2021 01: +0,1624924800
0.877,3,Jun 30 2021 01: +0,1625011200
0.864,3,Jul 01 2021 01: +0,1625097600
0.807,2,Jul 02 2021 01: +0,1625184000
0.754,1,Jul 03 2021 01: +0,1625270400
0.744,2,Jul 05 2021 01: +0,1625443200
0.856,1,Jul 06 2021 01: +0,1625529600
0.874,1,Jul 07 2021 01: +0,1625616000
0.844,1,Jul 08 2021 01: +0,1625702400
0.842,2,Jul 09 2021 01: +0,1625788800
0.854,1,Jul 10 2021 01: +0,1625875200
0.629,1,Jul 13 2021 01: +0,1626134400
0.834,3,Jul 15 2021 01: +0,1626307200
0.823,1,Jul 17 2021 01: +0,1626480000
0.815,2,Jul 18 2021 01: +0,1626566400
0.793,1,Jul 19 2021 01: +0,1626652800
0.693,3,Jul 20 2021 01: +0,1626739200
0.817,1,Jul 22 2021 01: +0,1626912000
0.759,1,Jul 25 2021 01: +0,1627171200
0.819,1,Jul 26 2021 01: +0,1627257600
0.774,1,Jul 28 2021 01: +0,1627430400
0.828,1,Jul 29 2021 01: +0,1627516800
0.678,1,Jul 30 2021 01: +0,1627603200
0.662,1,Jul 31 2021 01: +0,1627689600
0.811,1,Aug 01 2021 01: +0,1627776000
0.803,5,Aug 02 2021 01: +0,1627862400
0.79,2,Aug 03 2021 01: +0,1627948800
0.776,2,Aug 04 2021 01: +0,1628035200
0.778,1,Aug 07 2021 01: +0,1628294400
0.836,2,Aug 08 2021 01: +0,1628380800
0.786,1,Aug 09 2021 01: +0,1628467200
0.733,2,Aug 10 2021 01: +0,1628553600
0.832,4,Aug 12 2021 01: +0,1628726400
0.765,1,Aug 20 2021 01: +0,1629417600
0.763,3,Aug 21 2021 01: +0,1629504000
0.782,2,Aug 22 2021 01: +0,1629590400
0.747,8,Aug 23 2021 01: +0,1629676800
0.802,2,Aug 24 2021 01: +0,1629763200
0.693,1,Aug 25 2021 01: +0,1629849600
0.741,8,Aug 26 2021 01: +0,1629936000
0.678,1,Aug 27 2021 01: +0,1630022400
0.732,4,Aug 29 2021 01: +0,1630195200
0.752,2,Aug 31 2021 01: +0,1630368000
0.738,4,Sep 01 2021 01: +0,1630454400
0.825,1,Sep 02 2021 01: +0,1630540800
0.695,1,Sep 05 2021 01: +0,1630800000
0.728,1,Sep 12 2021 01: +0,1631404800
0.526,2,Sep 16 2021 01: +0,1631750400
0.71,2,Sep 17 2021 01: +0,1631836800
0.715,1,Sep 18 2021 01: +0,1631923200
0.662,2,Sep 19 2021 01: +0,1632009600
0.624,1,Sep 22 2021 01: +0,1632268800
0.624,1,Sep 24 2021 01: +0,1632441600
0.609,3,Sep 25 2021 01: +0,1632528000
0.658,3,Sep 26 2021 01: +0,1632614400
0.566,2,Sep 28 2021 01: +0,1632787200
0.546,1,Sep 29 2021 01: +0,1632873600
0.471,2,Sep 30 2021 01: +0,1632960000
0.438,2,Oct 01 2021 01: +0,1633046400
0.454,2,Oct 02 2021 01: +0,1633132800
0.481,2,Oct 03 2021 01: +0,1633219200
0.477,1,Oct 04 2021 01: +0,1633305600
0.38,1,Oct 05 2021 01: +0,1633392000
0.33,4,Oct 08 2021 01: +0,1633651200
0.279,4,Oct 09 2021 01: +0,1633737600
0.394,3,Oct 10 2021 01: +0,1633824000
0.358,3,Oct 11 2021 01: +0,1633910400
0.468,1,Oct 12 2021 01: +0,1633996800
0.466,3,Oct 15 2021 01: +0,1634256000
0.355,2,Oct 16 2021 01: +0,1634342400
0.417,2,Oct 18 2021 01: +0,1634515200
0.486,2,Oct 20 2021 01: +0,1634688000
0.481,2,Oct 21 2021 01: +0,1634774400
0.356,1,Oct 22 2021 01: +0,1634860800
0.417,3,Oct 24 2021 01: +0,1635033600
0.396,1,Oct 29 2021 01: +0,1635465600
0.373,2,Nov 01 2021 01: +0,1635728400
0.242,1,Nov 02 2021 01: +0,1635814800
0.394,5,Nov 05 2021 01: +0,1636074000
0.448,5,Nov 07 2021 01: +0,1636246800
0.297,1,Nov 09 2021 01: +0,1636419600
0.546,1,Nov 10 2021 01: +0,1636506000
0.465,2,Nov 11 2021 01: +0,1636592400
0.385,5,Nov 12 2021 01: +0,1636678800
0.379,1,Nov 14 2021 01: +0,1636851600
0.443,1,Nov 15 2021 01: +0,1636938000
0.471,2,Nov 16 2021 01: +0,1637024400
0.45,3,Nov 17 2021 01: +0,1637110800
0.363,1,Nov 23 2021 01: +0,1637629200
0.371,1,Dec 01 2021 01: +0,1638320400
0.391,3,Dec 03 2021 01: +0,1638493200
0.364,6,Dec 04 2021 01: +0,1638579600
0.463,2,Dec 06 2021 01: +0,1638752400
0.389,1,Dec 10 2021 01: +0,1639098000
0.597,3,Dec 12 2021 01: +0,1639270800
0.387,1,Dec 15 2021 01: +0,1639530000
0.287,2,Dec 20 2021 01: +0,1639962000
0.487,3,Dec 23 2021 01: +0,1640221200
0.542,2,Dec 31 2021 01: +0,1640912400
0.499,6,Jan 01 2022 01: +0,1640998800
0.546,1,Jan 09 2022 01: +0,1641690000
0.483,4,Jan 10 2022 01: +0,1641776400
0.558,2,Jan 12 2022 01: +0,1641949200
0.547,1,Jan 14 2022 01: +0,1642122000
0.551,1,Jan 15 2022 01: +0,1642208400
0.498,2,Jan 16 2022 01: +0,1642294800
0.374,1,Jan 17 2022 01: +0,1642381200
0.43,1,Jan 18 2022 01: +0,1642467600
0.542,2,Jan 19 2022 01: +0,1642554000
0.38,1,Jan 20 2022 01: +0,1642640400
0.553,1,Jan 22 2022 01: +0,1642813200
0.544,1,Jan 25 2022 01: +0,1643072400
0.538,1,Jan 28 2022 01: +0,1643331600
0.385,2,Jan 30 2022 01: +0,1643504400
0.347,2,Feb 03 2022 01: +0,1643850000
0.495,1,Feb 05 2022 01: +0,1644022800
0.511,2,Feb 06 2022 01: +0,1644109200
0.397,1,Feb 07 2022 01: +0,1644195600
0.455,1,Feb 08 2022 01: +0,1644282000
0.534,1,Feb 09 2022 01: +0,1644368400
0.558,10,Feb 10 2022 01: +0,1644454800
0.527,3,Feb 13 2022 01: +0,1644714000
1.094,2,Feb 14 2022 01: +0,1644800400
0.458,1,Feb 15 2022 01: +0,1644886800
0.563,1,Feb 16 2022 01: +0,1644973200
0.605,5,Feb 18 2022 01: +0,1645146000
0.559,1,Feb 22 2022 01: +0,1645491600
0.585,4,Feb 24 2022 01: +0,1645664400
0.616,5,Mar 03 2022 01: +0,1646269200
0.486,1,Mar 04 2022 01: +0,1646355600
0.428,2,Mar 07 2022 01: +0,1646614800
0.423,1,Mar 08 2022 01: +0,1646701200
0.573,3,Mar 09 2022 01: +0,1646787600
0.625,1,Mar 10 2022 01: +0,1646874000
0.522,2,Mar 13 2022 01: +0,1647133200
0.552,1,Mar 16 2022 01: +0,1647392400
0.556,1,Mar 18 2022 01: +0,1647565200
0.676,2,Mar 22 2022 01: +0,1647910800
0.626,1,Mar 29 2022 01: +0,1648512000
0.705,1,Apr 02 2022 01: +0,1648857600
0.544,1,Apr 06 2022 01: +0,1649203200
0.664,5,Apr 07 2022 01: +0,1649289600
0.631,2,Apr 10 2022 01: +0,1649548800
0.666,4,Apr 12 2022 01: +0,1649721600
0.438,1,Apr 14 2022 01: +0,1649894400
0.671,3,Apr 16 2022 01: +0,1650067200
0.788,3,Apr 19 2022 01: +0,1650326400
0.841,1,Apr 20 2022 01: +0,1650412800
0.813,1,Apr 23 2022 01: +0,1650672000
0.581,1,Apr 25 2022 01: +0,1650844800
0.662,1,Apr 26 2022 01: +0,1650931200
0.768,2,Apr 27 2022 01: +0,1651017600
0.596,1,Apr 30 2022 01: +0,1651276800
0.587,1,May 03 2022 01: +0,1651536000
0.463,2,May 09 2022 01: +0,1652054400
0.468,2,May 10 2022 01: +0,1652140800
0.539,1,May 12 2022 01: +0,1652313600
0.534,1,May 13 2022 01: +0,1652400000
0.66,2,May 14 2022 01: +0,1652486400
0.491,1,May 16 2022 01: +0,1652659200
0.695,1,May 20 2022 01: +0,1653004800
0.869,1,May 22 2022 01: +0,1653177600
0.548,2,May 25 2022 01: +0,1653436800
0.546,2,May 26 2022 01: +0,1653523200
0.645,1,May 27 2022 01: +0,1653609600
0.574,1,May 28 2022 01: +0,1653696000
0.683,1,May 30 2022 01: +0,1653868800
0.665,1,May 31 2022 01: +0,1653955200
0.536,1,Jun 02 2022 01: +0,1654128000
0.579,1,Jun 03 2022 01: +0,1654214400
0.506,1,Jun 04 2022 01: +0,1654300800
0.62,2,Jun 05 2022 01: +0,1654387200
0.616,1,Jun 07 2022 01: +0,1654560000
0.624,1,Jun 08 2022 01: +0,1654646400
0.643,1,Jun 09 2022 01: +0,1654732800
0.558,1,Jun 12 2022 01: +0,1654992000
0.495,1,Jun 14 2022 01: +0,1655164800
0.614,1,Jun 17 2022 01: +0,1655424000
0.596,1,Jun 18 2022 01: +0,1655510400
0.607,1,Jun 21 2022 01: +0,1655769600
0.654,1,Jun 22 2022 01: +0,1655856000
0.557,1,Jun 24 2022 01: +0,1656028800
0.454,1,Jun 27 2022 01: +0,1656288000
0.543,2,Jun 28 2022 01: +0,1656374400
0.575,4,Jun 30 2022 01: +0,1656547200
0.542,2,Jul 03 2022 01: +0,1656806400
0.589,2,Jul 04 2022 01: +0,1656892800
0.546,1,Jul 06 2022 01: +0,1657065600
0.546,2,Jul 13 2022 01: +0,1657670400
0.636,1,Jul 14 2022 01: +0,1657756800
0.543,1,Jul 18 2022 01: +0,1658102400
0.574,1,Jul 20 2022 01: +0,1658275200
0.555,1,Jul 22 2022 01: +0,1658448000
0.488,1,Jul 23 2022 01: +0,1658534400
0.603,3,Jul 24 2022 01: +0,1658620800
0.521,1,Jul 26 2022 01: +0,1658793600
0.513,2,Jul 28 2022 01: +0,1658966400
0.623,1,Jul 31 2022 01: +0,1659225600
0.496,1,Aug 01 2022 01: +0,1659312000
0.561,1,Aug 03 2022 01: +0,1659484800
0.522,6,Aug 04 2022 01: +0,1659571200
0.535,1,Aug 05 2022 01: +0,1659657600
0.587,3,Aug 06 2022 01: +0,1659744000
0.549,1,Aug 07 2022 01: +0,1659830400
0.633,1,Aug 09 2022 01: +0,1660003200
0.558,3,Aug 10 2022 01: +0,1660089600
0.538,1,Aug 11 2022 01: +0,1660176000
0.641,8,Aug 12 2022 01: +0,1660262400
0.498,2,Aug 13 2022 01: +0,1660348800
0.723,1,Aug 14 2022 01: +0,1660435200
0.535,1,Aug 15 2022 01: +0,1660521600
0.642,2,Aug 17 2022 01: +0,1660694400
0.727,2,Aug 21 2022 01: +0,1661040000
0.703,1,Aug 22 2022 01: +0,1661126400
0.811,1,Aug 23 2022 01: +0,1661212800
0.538,1,Aug 26 2022 01: +0,1661472000
0.793,2,Aug 29 2022 01: +0,1661731200
0.662,1,Sep 01 2022 01: +0,1661990400
26.858,1,Sep 02 2022 01: +0,1662076800
0.629,1,Sep 07 2022 01: +0,1662508800
0.546,1,Sep 10 2022 01: +0,1662768000
0.529,1,Sep 14 2022 01: +0,1663113600
0.64,2,Sep 16 2022 01: +0,1663286400
0.647,1,Sep 17 2022 01: +0,1663372800
0.528,2,Sep 18 2022 01: +0,1663459200
0.504,3,Sep 19 2022 01: +0,1663545600
0.511,2,Sep 22 2022 01: +0,1663804800
0.565,1,Sep 23 2022 01: +0,1663891200
0.538,1,Sep 24 2022 01: +0,1663977600
0.591,1,Sep 26 2022 01: +0,1664150400
0.531,1,Sep 27 2022 01: +0,1664236800
0.525,4,Oct 04 2022 01: +0,1664841600
0.455,1,Oct 06 2022 01: +0,1665014400
0.455,1,Oct 07 2022 01: +0,1665100800
0.559,3,Oct 08 2022 01: +0,1665187200
0.491,1,Oct 16 2022 01: +0,1665878400
0.524,2,Oct 17 2022 01: +0,1665964800
0.68,1,Oct 20 2022 01: +0,1666224000
0.505,1,Oct 22 2022 01: +0,1666396800
0.498,1,Oct 24 2022 01: +0,1666569600
0.496,1,Oct 27 2022 01: +0,1666828800
0.47,1,Oct 29 2022 01: +0,1667001600
0.503,1,Oct 30 2022 01: +0,1667088000
0.477,1,Nov 03 2022 01: +0,1667437200
0.397,1,Nov 07 2022 01: +0,1667782800
0.462,2,Nov 08 2022 01: +0,1667869200
0.5,1,Nov 09 2022 01: +0,1667955600
0.511,5,Nov 10 2022 01: +0,1668042000
0.588,2,Nov 11 2022 01: +0,1668128400
0.476,1,Nov 12 2022 01: +0,1668214800
0.457,1,Nov 13 2022 01: +0,1668301200
0.571,1,Nov 15 2022 01: +0,1668474000
0.52,1,Nov 17 2022 01: +0,1668646800
0.407,1,Nov 18 2022 01: +0,1668733200
0.455,1,Nov 24 2022 01: +0,1669251600
0.466,2,Nov 28 2022 01: +0,1669597200
0.437,1,Nov 29 2022 01: +0,1669683600
0.434,1,Nov 30 2022 01: +0,1669770000
0.431,3,Dec 02 2022 01: +0,1669942800
0.39,2,Dec 04 2022 01: +0,1670115600
0.546,8,Dec 05 2022 01: +0,1670202000
0.546,1,Dec 06 2022 01: +0,1670288400
0.659,1,Dec 07 2022 01: +0,1670374800
0.524,1,Dec 08 2022 01: +0,1670461200
0.533,4,Dec 12 2022 01: +0,1670806800
0.481,2,Dec 15 2022 01: +0,1671066000
0.505,1,Dec 17 2022 01: +0,1671238800
0.501,6,Dec 24 2022 01: +0,1671843600
0.455,1,Dec 26 2022 01: +0,1672016400
0.475,2,Dec 27 2022 01: +0,1672102800
0.472,1,Dec 28 2022 01: +0,1672189200
0.438,1,Jan 01 2023 01: +0,1672534800
0.45,3,Jan 04 2023 01: +0,1672794000
0.488,1,Jan 06 2023 01: +0,1672966800
0.534,1,Jan 12 2023 01: +0,1673485200
0.536,2,Jan 15 2023 01: +0,1673744400
0.476,2,Jan 17 2023 01: +0,1673917200
0.315,3,Jan 19 2023 01: +0,1674090000
0.57,13,Jan 20 2023 01: +0,1674176400
0.496,2,Jan 22 2023 01: +0,1674349200
0.589,2,Jan 24 2023 01: +0,1674522000
0.414,1,Jan 27 2023 01: +0,1674781200
0.574,1,Jan 30 2023 01: +0,1675040400
0.604,1,Jan 31 2023 01: +0,1675126800
0.591,3,Feb 01 2023 01: +0,1675213200
0.582,1,Feb 02 2023 01: +0,1675299600
0.774,2,Feb 03 2023 01: +0,1675386000
0.571,1,Feb 04 2023 01: +0,1675472400
0.57,2,Feb 06 2023 01: +0,1675645200
0.592,4,Feb 07 2023 01: +0,1675731600
0.579,1,Feb 09 2023 01: +0,1675904400
0.569,2,Feb 10 2023 01: +0,1675990800
0.666,1,Feb 12 2023 01: +0,1676163600
0.713,1,Feb 13 2023 01: +0,1676250000
0.579,1,Feb 14 2023 01: +0,1676336400
0.63,2,Feb 17 2023 13: +0,1676638800
0.639,1,Feb 19 2023 10: +0,1676800800
0.643,2,Feb 20 2023 12: +0,1676894400
0.579,1,Feb 20 2023 17: +0,1676912400
0.699,1,Feb 20 2023 20: +0,1676923200
0.711,1,Feb 21 2023 18: +0,1677002400
0.712,2,Feb 22 2023 12: +0,1677067200
0.839,2,Feb 22 2023 22: +0,1677103200
0.836,1,Feb 23 2023 22: +0,1677189600
0.806,2,Feb 26 2023 01: +0,1677373200
0.703,1,Feb 26 2023 17: +0,1677430800
0.765,1,Feb 28 2023 13: +0,1677589200
0.791,1,Feb 28 2023 18: +0,1677607200
0.811,1,Mar 01 2023 12: +0,1677672000
0.811,1,Mar 02 2023 05: +0,1677733200
0.835,1,Mar 02 2023 19: +0,1677783600
0.629,1,Mar 02 2023 23: +0,1677798000
0.711,1,Mar 04 2023 07: +0,1677913200
0.856,2,Mar 04 2023 22: +0,1677967200
0.888,1,Mar 05 2023 08: +0,1678003200
0.885,1,Mar 05 2023 21: +0,1678050000
0.902,1,Mar 06 2023 10: +0,1678096800
1.014,1,Mar 07 2023 17: +0,1678208400
0.926,1,Mar 08 2023 15: +0,1678287600
0.769,1,Mar 09 2023 18: +0,1678384800
0.885,1,Mar 10 2023 12: +0,1678449600
0.885,1,Mar 12 2023 17: +0,1678640400
0.877,1,Mar 14 2023 05: +0,1678770000
0.885,2,Mar 15 2023 17: +0,1678899600
1.426,1,Mar 15 2023 20: +0,1678910400
0.983,1,Mar 16 2023 20: +0,1678996800
0.897,1,Mar 17 2023 00: +0,1679011200
0.967,1,Mar 19 2023 23: +0,1679266800
0.759,1,Mar 20 2023 16: +0,1679328000
0.958,1,Mar 20 2023 19: +0,1679338800
0.969,1,Mar 20 2023 22: +0,1679349600
0.978,1,Mar 21 2023 00: +0,1679356800
0.988,1,Mar 21 2023 01: +0,1679360400
0.99,1,Mar 21 2023 20: +0,1679428800
1.013,1,Mar 22 2023 18: +0,1679508000
0.711,1,Mar 22 2023 21: +0,1679518800
0.834,2,Mar 23 2023 18: +0,1679594400
0.849,1,Mar 25 2023 22: +0,1679781600
0.802,1,Mar 29 2023 10: +0,1680080400
0.799,1,Mar 29 2023 14: +0,1680094800
0.799,2,Mar 29 2023 21: +0,1680120000
0.612,1,Mar 30 2023 12: +0,1680174000
0.709,1,Mar 30 2023 17: +0,1680192000
0.741,1,Mar 30 2023 22: +0,1680210000
0.719,1,Mar 31 2023 12: +0,1680260400
0.818,1,Mar 31 2023 20: +0,1680289200
0.817,1,Apr 01 2023 10: +0,1680339600
0.808,1,Apr 02 2023 10: +0,1680426000
0.784,1,Apr 04 2023 18: +0,1680627600
0.78,2,Apr 04 2023 19: +0,1680631200
0.77,1,Apr 04 2023 20: +0,1680634800
0.765,1,Apr 04 2023 23: +0,1680645600
0.784,1,Apr 05 2023 01: +0,1680652800
0.674,1,Apr 05 2023 21: +0,1680724800
0.836,1,Apr 05 2023 22: +0,1680728400
0.781,1,Apr 06 2023 12: +0,1680778800
0.717,1,Apr 07 2023 11: +0,1680861600
0.667,1,Apr 07 2023 23: +0,1680904800
0.774,3,Apr 08 2023 22: +0,1680987600
0.435,1,Apr 10 2023 11: +0,1681120800
0.403,1,Apr 11 2023 03: +0,1681178400
0.778,1,Apr 12 2023 07: +0,1681279200
0.778,1,Apr 12 2023 08: +0,1681282800
0.779,1,Apr 12 2023 09: +0,1681286400
0.849,2,Apr 12 2023 10: +0,1681290000
0.814,1,Apr 12 2023 11: +0,1681293600
0.858,1,Apr 13 2023 18: +0,1681405200
0.915,1,Apr 13 2023 23: +0,1681423200
0.967,1,Apr 17 2023 23: +0,1681768800
0.816,1,Apr 18 2023 01: +0,1681776000
1.032,16,Apr 18 2023 08: +0,1681801200
0.72,1,Apr 18 2023 11: +0,1681812000
0.973,1,Apr 18 2023 18: +0,1681837200
1.454,17,Apr 18 2023 22: +0,1681851600
1.564,1,Apr 19 2023 09: +0,1681891200
1.047,1,Apr 20 2023 09: +0,1681977600
1.015,1,Apr 20 2023 10: +0,1681981200
1.618,4,Apr 20 2023 12: +0,1681988400
1.569,1,Apr 20 2023 15: +0,1681999200
1.014,1,Apr 20 2023 19: +0,1682013600
0.971,1,Apr 21 2023 02: +0,1682038800
2.03,5,Apr 21 2023 11: +0,1682071200
1.515,2,Apr 22 2023 17: +0,1682179200
1.078,1,Apr 22 2023 18: +0,1682182800
1.078,1,Apr 22 2023 19: +0,1682186400
1.457,3,Apr 22 2023 23: +0,1682200800
1.11,1,Apr 23 2023 18: +0,1682269200
2.305,5,Apr 23 2023 19: +0,1682272800
1.502,1,Apr 24 2023 00: +0,1682290800
1.247,1,Apr 24 2023 13: +0,1682337600
1.369,1,Apr 24 2023 16: +0,1682348400
1.139,1,Apr 25 2023 18: +0,1682442000
0.795,1,Apr 26 2023 11: +0,1682503200
1.542,3,Apr 26 2023 16: +0,1682521200
1.537,1,Apr 26 2023 20: +0,1682535600
1.453,1,Apr 26 2023 23: +0,1682546400
1.436,2,Apr 27 2023 10: +0,1682586000
1.653,2,Apr 27 2023 15: +0,1682604000
4.023,4,Apr 27 2023 19: +0,1682618400
1.505,1,Apr 27 2023 20: +0,1682622000
2.803,2,Apr 28 2023 11: +0,1682676000
3.036,1,Apr 28 2023 20: +0,1682708400
4.55,3,Apr 28 2023 21: +0,1682712000
2.799,1,Apr 29 2023 11: +0,1682762400
3.08,4,Apr 30 2023 18: +0,1682874000
4.247,2,May 01 2023 15: +0,1682949600
4.049,1,May 01 2023 17: +0,1682956800
4.594,1,May 01 2023 19: +0,1682964000
4.641,1,May 01 2023 20: +0,1682967600
4.568,1,May 02 2023 14: +0,1683032400
4.695,5,May 03 2023 11: +0,1683108000
8.76,9,May 03 2023 19: +0,1683136800
9.066,1,May 03 2023 20: +0,1683140400
8.824,1,May 04 2023 12: +0,1683198000
16.79,1,May 04 2023 17: +0,1683216000
3.051,2,May 04 2023 20: +0,1683226800
3.102,4,May 04 2023 21: +0,1683230400
2.282,2,May 05 2023 05: +0,1683259200
1.518,1,May 05 2023 16: +0,1683298800
2.054,1,May 08 2023 14: +0,1683550800
1.585,1,May 09 2023 14: +0,1683637200
2.067,6,May 09 2023 19: +0,1683655200
2.109,2,May 10 2023 22: +0,1683752400
2.098,1,May 11 2023 02: +0,1683766800
2.611,1,May 11 2023 21: +0,1683835200
1.606,1,May 12 2023 13: +0,1683892800
1.587,2,May 14 2023 10: +0,1684054800
1.656,2,May 15 2023 19: +0,1684173600
1.487,1,May 17 2023 14: +0,1684328400
1.438,1,May 20 2023 06: +0,1684558800
0.815,1,May 20 2023 10: +0,1684573200
1.254,1,May 23 2023 06: +0,1684818000
1.348,1,May 24 2023 10: +0,1684918800
1.154,1,May 31 2023 21: +0,1685563200
1.165,1,Jun 01 2023 00: +0,1685574000
1.137,1,Jun 05 2023 14: +0,1685970000
0.982,1,Jun 05 2023 22: +0,1685998800
1.131,1,Jun 05 2023 23: +0,1686002400
1.04,1,Jun 06 2023 23: +0,1686088800
1.106,1,Jun 07 2023 00: +0,1686092400
1.128,4,Jun 08 2023 03: +0,1686189600
1.049,1,Jun 09 2023 00: +0,1686265200
1.128,1,Jun 10 2023 13: +0,1686398400
1.151,1,Jun 10 2023 14: +0,1686402000
1.151,1,Jun 10 2023 16: +0,1686409200
1.152,1,Jun 11 2023 14: +0,1686488400
1.124,1,Jun 13 2023 13: +0,1686657600
1.17,1,Jun 15 2023 06: +0,1686805200
1.179,1,Jun 15 2023 12: +0,1686826800
1.213,1,Jun 15 2023 21: +0,1686859200
1.193,1,Jun 16 2023 07: +0,1686895200
1.209,1,Jun 16 2023 10: +0,1686906000
1.232,1,Jun 16 2023 14: +0,1686920400
1.271,1,Jun 17 2023 05: +0,1686974400
1.326,1,Jun 17 2023 17: +0,1687017600
1.349,1,Jun 18 2023 19: +0,1687111200
1.448,1,Jun 21 2023 03: +0,1687312800
1.353,1,Jun 22 2023 21: +0,1687464000
1.412,1,Jun 24 2023 07: +0,1687586400
0.661,1,Jun 25 2023 00: +0,1687647600
0.957,1,Jun 28 2023 02: +0,1687914000
1.241,4,Jun 28 2023 07: +0,1687932000
0.984,1,Jun 28 2023 09: +0,1687939200
0.801,1,Jun 28 2023 20: +0,1687978800
1.023,1,Jun 28 2023 21: +0,1687982400
0.998,1,Jun 28 2023 23: +0,1687989600
0.913,1,Jun 29 2023 02: +0,1688000400
1.119,1,Jul 01 2023 03: +0,1688176800
1.119,1,Jul 01 2023 06: +0,1688187600
1.119,1,Jul 01 2023 07: +0,1688191200
1.087,1,Jul 01 2023 16: +0,1688223600
1.057,1,Jul 01 2023 17: +0,1688227200
0.861,1,Jul 01 2023 19: +0,1688234400
1.116,1,Jul 02 2023 11: +0,1688292000
0.933,1,Jul 04 2023 11: +0,1688464800
0.867,1,Jul 04 2023 18: +0,1688490000
0.872,3,Jul 06 2023 07: +0,1688623200
0.871,10,Jul 06 2023 11: +0,1688637600
0.832,1,Jul 06 2023 14: +0,1688648400
1.028,1,Jul 07 2023 16: +0,1688742000
0.649,2,Jul 09 2023 15: +0,1688911200
0.591,1,Jul 16 2023 15: +0,1689516000
0.761,1,Jul 17 2023 16: +0,1689606000
0.762,2,Jul 17 2023 23: +0,1689631200
0.811,1,Jul 19 2023 10: +0,1689757200
0.789,1,Jul 19 2023 16: +0,1689778800
1.046,20,Jul 22 2023 22: +0,1690059600
1.014,1,Jul 23 2023 01: +0,1690070400
1.264,1,Jul 26 2023 11: +0,1690365600
0.891,1,Jul 26 2023 22: +0,1690405200
0.952,2,Jul 29 2023 09: +0,1690617600
0.929,1,Jul 29 2023 14: +0,1690635600
0.9,1,Jul 29 2023 22: +0,1690664400
0.908,2,Jul 29 2023 23: +0,1690668000
0.866,1,Jul 31 2023 05: +0,1690776000
0.866,1,Jul 31 2023 11: +0,1690797600
0.898,1,Aug 01 2023 07: +0,1690869600
0.779,1,Aug 01 2023 16: +0,1690902000
0.885,1,Aug 01 2023 21: +0,1690920000
1.018,1,Aug 06 2023 09: +0,1691308800
1.019,1,Aug 06 2023 14: +0,1691326800
1.023,2,Aug 06 2023 17: +0,1691337600
0.715,1,Aug 07 2023 23: +0,1691445600
1.005,1,Aug 08 2023 07: +0,1691474400
0.984,1,Aug 10 2023 20: +0,1691694000
0.795,1,Aug 13 2023 19: +0,1691949600
0.993,1,Aug 15 2023 20: +0,1692126000
0.667,1,Aug 21 2023 14: +0,1692622800
0.754,1,Aug 21 2023 23: +0,1692655200
0.864,2,Aug 22 2023 16: +0,1692716400
0.871,1,Aug 23 2023 14: +0,1692795600
0.807,2,Aug 26 2023 18: +0,1693069200
0.809,1,Aug 27 2023 13: +0,1693137600
0.867,1,Aug 28 2023 05: +0,1693195200
0.848,2,Aug 30 2023 14: +0,1693400400
0.863,3,Sep 01 2023 12: +0,1693566000
0.818,1,Sep 06 2023 08: +0,1693983600
0.87,1,Sep 06 2023 21: +0,1694030400
0.863,1,Sep 07 2023 22: +0,1694120400
0.853,1,Sep 09 2023 21: +0,1694289600
0.853,1,Sep 10 2023 16: +0,1694358000
0.869,1,Sep 10 2023 22: +0,1694379600
0.869,1,Sep 11 2023 06: +0,1694408400
0.877,1,Sep 11 2023 11: +0,1694426400
1.155,9,Sep 12 2023 07: +0,1694498400
1.328,1,Sep 13 2023 06: +0,1694581200
1.255,1,Sep 13 2023 21: +0,1694635200
1.432,1,Sep 14 2023 09: +0,1694678400
1.793,6,Sep 14 2023 14: +0,1694696400
1.622,1,Sep 15 2023 12: +0,1694775600
1.672,1,Sep 17 2023 00: +0,1694905200
1.689,2,Sep 17 2023 18: +0,1694970000
1.689,1,Sep 17 2023 19: +0,1694973600
2.67,14,Sep 19 2023 07: +0,1695103200
3.303,1,Sep 19 2023 15: +0,1695132000
3.204,2,Sep 19 2023 17: +0,1695139200
3.584,2,Sep 20 2023 09: +0,1695196800
3.906,2,Sep 20 2023 14: +0,1695214800
3.38,1,Sep 20 2023 20: +0,1695236400
3.106,1,Sep 21 2023 15: +0,1695304800
3.106,1,Sep 21 2023 19: +0,1695319200
3.147,1,Sep 22 2023 11: +0,1695376800
4.273,2,Sep 27 2023 06: +0,1695790800
2.983,1,Sep 29 2023 13: +0,1695988800
3.125,1,Sep 30 2023 05: +0,1696046400
1.858,1,Sep 30 2023 13: +0,1696075200
117.057,1,Sep 30 2023 20: +0,1696100400
1.872,1,Oct 01 2023 07: +0,1696140000
1.882,1,Oct 02 2023 12: +0,1696244400
2.419,1,Oct 02 2023 17: +0,1696262400
2.431,1,Oct 02 2023 18: +0,1696266000
2.059,1,Oct 02 2023 21: +0,1696276800
1.862,1,Oct 03 2023 18: +0,1696352400
1.895,1,Oct 03 2023 23: +0,1696370400
1.737,1,Oct 04 2023 15: +0,1696428000
2.396,2,Oct 08 2023 06: +0,1696741200
2.392,1,Oct 08 2023 07: +0,1696744800
2.4,1,Oct 08 2023 09: +0,1696752000
2.408,1,Oct 08 2023 13: +0,1696766400
2.53,4,Oct 10 2023 11: +0,1696932000
2.514,1,Oct 10 2023 21: +0,1696968000
2.465,1,Oct 11 2023 04: +0,1696993200
2.508,1,Oct 12 2023 01: +0,1697068800
2.565,1,Oct 12 2023 17: +0,1697126400
1.998,1,Oct 13 2023 05: +0,1697169600
2.319,32,Oct 13 2023 07: +0,1697176800
2.393,1,Oct 13 2023 23: +0,1697234400
1.99,1,Oct 14 2023 19: +0,1697306400
2.384,1,Oct 15 2023 06: +0,1697346000
2.319,1,Oct 15 2023 13: +0,1697371200
2.584,1,Oct 15 2023 14: +0,1697374800
2.36,1,Oct 16 2023 09: +0,1697443200
2.245,1,Oct 16 2023 12: +0,1697454000
2.004,1,Oct 22 2023 18: +0,1697994000
2.285,4,Oct 24 2023 08: +0,1698130800
1.754,12,Oct 25 2023 23: +0,1698271200
1.773,3,Oct 26 2023 00: +0,1698274800
1.721,2,Oct 27 2023 04: +0,1698375600
1.753,1,Oct 27 2023 21: +0,1698436800
1.729,1,Oct 29 2023 04: +0,1698552000
1.866,1,Oct 29 2023 05: +0,1698555600
2.987,1,Oct 31 2023 22: +0,1698789600
1.607,1,Nov 04 2023 22: +0,1699135200
1.399,1,Nov 06 2023 18: +0,1699293600
1.508,1,Nov 07 2023 03: +0,1699326000
1.548,3,Nov 08 2023 06: +0,1699423200
1.548,1,Nov 08 2023 14: +0,1699452000
1.548,1,Nov 09 2023 05: +0,1699506000
1.476,1,Nov 11 2023 21: +0,1699736400
1.516,1,Nov 12 2023 12: +0,1699790400
1.524,1,Nov 12 2023 13: +0,1699794000
1.541,1,Nov 14 2023 07: +0,1699945200
1.544,5,Nov 14 2023 14: +0,1699970400
1.524,1,Nov 14 2023 19: +0,1699988400
1.559,1,Nov 15 2023 11: +0,1700046000
1.223,1,Nov 18 2023 14: +0,1700316000
1.264,1,Nov 19 2023 03: +0,1700362800
0.692,1,Nov 20 2023 02: +0,1700445600
1.268,1,Nov 20 2023 20: +0,1700510400
1.179,6,Nov 21 2023 14: +0,1700575200
1.17,1,Nov 21 2023 22: +0,1700604000
1.138,1,Nov 22 2023 07: +0,1700636400
0.974,1,Nov 22 2023 17: +0,1700672400
1.104,4,Nov 22 2023 20: +0,1700683200
1.094,2,Nov 23 2023 17: +0,1700758800
1.17,1,Nov 24 2023 05: +0,1700802000
1.295,3,Nov 26 2023 09: +0,1700989200
0.959,1,Dec 01 2023 16: +0,1701446400
1.303,2,Dec 01 2023 20: +0,1701460800
1.311,2,Dec 01 2023 22: +0,1701468000
1.334,1,Dec 02 2023 03: +0,1701486000
1.358,1,Dec 02 2023 08: +0,1701504000
1.366,2,Dec 02 2023 09: +0,1701507600
1.39,2,Dec 03 2023 06: +0,1701583200
1.398,1,Dec 03 2023 16: +0,1701619200
1.398,5,Dec 04 2023 08: +0,1701676800
1.374,2,Dec 04 2023 11: +0,1701687600
1.334,2,Dec 04 2023 12: +0,1701691200
1.342,1,Dec 05 2023 01: +0,1701738000
1.342,5,Dec 05 2023 11: +0,1701774000
1.326,1,Dec 05 2023 17: +0,1701795600
1.342,3,Dec 05 2023 23: +0,1701817200
1.342,3,Dec 06 2023 01: +0,1701824400
1.119,1,Dec 06 2023 08: +0,1701849600
1.358,7,Dec 06 2023 19: +0,1701889200
1.191,1,Dec 07 2023 15: +0,1701961200
1.382,1,Dec 08 2023 05: +0,1702011600
1.398,3,Dec 09 2023 00: +0,1702080000
1.398,3,Dec 09 2023 05: +0,1702098000
1.2,1,Dec 11 2023 00: +0,1702252800
1.287,1,Dec 12 2023 23: +0,1702422000
1.011,1,Dec 13 2023 23: +0,1702508400
1.2,1,Dec 15 2023 19: +0,1702666800
1.161,2,Dec 15 2023 23: +0,1702681200
1.161,1,Dec 17 2023 10: +0,1702807200
1.137,1,Dec 17 2023 13: +0,1702818000
1.137,1,Dec 17 2023 17: +0,1702832400
1.137,1,Dec 17 2023 18: +0,1702836000
1.129,1,Dec 18 2023 05: +0,1702875600
1.06,2,Dec 18 2023 06: +0,1702879200
0.997,1,Dec 20 2023 14: +0,1703080800
1.026,2,Dec 20 2023 18: +0,1703095200
1.066,1,Dec 21 2023 14: +0,1703167200
1.055,1,Dec 21 2023 23: +0,1703199600
1.086,1,Dec 22 2023 16: +0,1703260800
1.118,1,Dec 22 2023 22: +0,1703282400
1.158,1,Dec 23 2023 13: +0,1703336400
0.816,1,Dec 25 2023 03: +0,1703473200
1.141,1,Dec 27 2023 13: +0,1703682000
1.181,1,Dec 28 2023 04: +0,1703736000
1.22,1,Dec 29 2023 01: +0,1703811600
1.044,1,Dec 30 2023 12: +0,1703937600
0.947,1,Jan 01 2024 01: +0,1704070800
0.995,2,Jan 01 2024 14: +0,1704117600
0.939,1,Jan 01 2024 19: +0,1704135600
0.905,1,Jan 03 2024 17: +0,1704301200
0.757,1,Jan 05 2024 12: +0,1704456000
0.944,1,Jan 07 2024 13: +0,1704632400
0.898,1,Jan 07 2024 15: +0,1704639600
0.952,1,Jan 08 2024 04: +0,1704686400
0.952,1,Jan 09 2024 00: +0,1704758400
0.96,3,Jan 09 2024 10: +0,1704794400
0.89,1,Jan 09 2024 11: +0,1704798000
0.99,1,Jan 09 2024 23: +0,1704841200
0.991,1,Jan 10 2024 05: +0,1704862800
0.796,1,Jan 11 2024 10: +0,1704967200
0.96,1,Jan 11 2024 11: +0,1704970800
0.96,1,Jan 11 2024 20: +0,1705003200
1.027,1,Jan 12 2024 13: +0,1705064400
1.043,2,Jan 12 2024 16: +0,1705075200
0.854,1,Jan 13 2024 10: +0,1705140000
0.891,1,Jan 13 2024 12: +0,1705147200
1.173,3,Jan 16 2024 11: +0,1705402800
1.197,1,Jan 17 2024 09: +0,1705482000
1.02,1,Jan 17 2024 19: +0,1705518000
1.02,1,Jan 19 2024 03: +0,1705633200
1.056,1,Jan 21 2024 13: +0,1705842000
1.134,1,Jan 22 2024 11: +0,1705921200
0.968,1,Jan 23 2024 13: +0,1706014800
0.882,1,Jan 23 2024 19: +0,1706036400
1.002,1,Jan 25 2024 04: +0,1706155200
1.138,2,Jan 25 2024 05: +0,1706158800
1.191,2,Jan 26 2024 02: +0,1706234400
1.128,2,Jan 28 2024 12: +0,1706443200
0.958,1,Jan 29 2024 21: +0,1706562000
1.136,2,Jan 30 2024 15: +0,1706626800
1.144,1,Jan 31 2024 02: +0,1706666400
1.139,7,Feb 01 2024 17: +0,1706806800
1.154,1,Feb 02 2024 16: +0,1706889600
1.311,2,Feb 02 2024 23: +0,1706914800
1.255,2,Feb 03 2024 09: +0,1706950800
1.366,1,Feb 03 2024 16: +0,1706976000
1.444,1,Feb 05 2024 11: +0,1707130800
1.297,1,Feb 05 2024 13: +0,1707138000
1.247,1,Feb 05 2024 15: +0,1707145200
1.247,1,Feb 06 2024 08: +0,1707206400
1.303,1,Feb 07 2024 03: +0,1707274800
1.292,2,Feb 08 2024 16: +0,1707408000
1.561,2,Feb 08 2024 17: +0,1707411600
1.907,2,Feb 08 2024 18: +0,1707415200
1.495,2,Feb 08 2024 23: +0,1707433200
1.033,1,Feb 09 2024 16: +0,1707494400
1.512,1,Feb 11 2024 02: +0,1707616800
1.402,1,Feb 12 2024 11: +0,1707735600
1.41,1,Feb 13 2024 07: +0,1707807600
1.577,1,Feb 15 2024 18: +0,1708020000
1.705,2,Feb 17 2024 05: +0,1708146000
1.737,3,Feb 17 2024 07: +0,1708153200
1.737,2,Feb 17 2024 10: +0,1708164000
1.152,1,Feb 17 2024 16: +0,1708185600
1.171,1,Feb 18 2024 01: +0,1708218000
1.688,1,Feb 20 2024 23: +0,1708470000
1.708,1,Feb 22 2024 08: +0,1708588800
1.728,2,Feb 23 2024 13: +0,1708693200
1.767,1,Feb 23 2024 18: +0,1708711200
1.822,1,Feb 23 2024 22: +0,1708725600
1.846,1,Feb 24 2024 03: +0,1708743600
1.935,1,Feb 27 2024 14: +0,1709042400
2.165,1,Mar 02 2024 19: +0,1709406000
1.279,1,Mar 03 2024 18: +0,1709488800
1.653,1,Mar 07 2024 07: +0,1709794800
1.709,1,Mar 07 2024 22: +0,1709848800
1.755,1,Mar 08 2024 23: +0,1709938800
0.789,1,Mar 09 2024 12: +0,1709985600
1.911,1,Mar 10 2024 21: +0,1710104400
1.911,1,Mar 11 2024 11: +0,1710154800
1.927,3,Mar 11 2024 12: +0,1710158400
1.194,1,Mar 11 2024 17: +0,1710176400
1.931,1,Mar 14 2024 12: +0,1710417600
1.931,1,Mar 14 2024 15: +0,1710428400
1.775,1,Mar 18 2024 13: +0,1710766800
1.187,1,Mar 21 2024 16: +0,1711036800
1.29,1,Mar 22 2024 18: +0,1711130400
1.417,1,Mar 24 2024 06: +0,1711260000
1.438,2,Mar 25 2024 05: +0,1711342800
1.873,3,Mar 29 2024 01: +0,1711674000
1.757,1,Mar 29 2024 07: +0,1711695600
1.867,1,Apr 02 2024 09: +0,1712044800
1.861,2,Apr 02 2024 19: +0,1712080800
1.867,1,Apr 03 2024 05: +0,1712116800
1.956,2,Apr 07 2024 01: +0,1712448000
1.968,1,Apr 07 2024 03: +0,1712455200
1.976,3,Apr 07 2024 12: +0,1712487600
1.847,1,Apr 07 2024 19: +0,1712512800
1.984,1,Apr 08 2024 11: +0,1712570400
1.992,1,Apr 08 2024 21: +0,1712606400
2.056,1,Apr 09 2024 06: +0,1712638800
2.088,1,Apr 09 2024 22: +0,1712696400
2.104,1,Apr 10 2024 09: +0,1712736000
2.048,1,Apr 10 2024 19: +0,1712772000
2.185,1,Apr 11 2024 13: +0,1712836800
2.216,1,Apr 11 2024 17: +0,1712851200
2.193,1,Apr 12 2024 02: +0,1712883600
2.225,2,Apr 12 2024 23: +0,1712959200
1.863,1,Apr 14 2024 01: +0,1713052800
2.193,1,Apr 14 2024 04: +0,1713063600
2.347,1,Apr 23 2024 22: +0,1713906000
1.812,1,Apr 24 2024 11: +0,1713952800
1.836,1,Apr 26 2024 15: +0,1714140000
1.628,1,Apr 26 2024 21: +0,1714161600
2.008,2,May 01 2024 09: +0,1714550400
2.189,1,May 01 2024 10: +0,1714554000
2.339,1,May 06 2024 04: +0,1714964400
1.928,1,May 10 2024 11: +0,1715335200
2.08,1,May 12 2024 06: +0,1715490000
1.612,1,May 12 2024 17: +0,1715529600
2.102,1,May 13 2024 17: +0,1715616000
1.881,1,May 15 2024 14: +0,1715778000
2.118,2,May 16 2024 04: +0,1715828400
2.157,1,May 16 2024 12: +0,1715857200
2.181,1,May 16 2024 16: +0,1715871600
2.18,1,May 18 2024 15: +0,1716040800
2.141,1,May 20 2024 18: +0,1716224400
2.196,1,May 23 2024 11: +0,1716458400
2.204,1,May 23 2024 12: +0,1716462000
2.254,1,May 25 2024 05: +0,1716609600
2.239,1,May 25 2024 12: +0,1716634800
2.239,1,May 25 2024 14: +0,1716642000
2.305,2,May 28 2024 22: +0,1716930000
2.349,1,May 29 2024 19: +0,1717005600
2.38,1,May 30 2024 03: +0,1717034400
2.388,1,May 30 2024 11: +0,1717063200
2.435,2,May 30 2024 21: +0,1717099200
2.431,1,May 30 2024 23: +0,1717106400
2.478,2,Jun 01 2024 00: +0,1717196400
2.498,2,Jun 01 2024 04: +0,1717210800
2.557,1,Jun 02 2024 16: +0,1717340400
2.741,1,Jun 04 2024 06: +0,1717477200
2.543,1,Jun 05 2024 23: +0,1717624800
2.796,1,Jun 06 2024 09: +0,1717660800
2.749,1,Jun 06 2024 13: +0,1717675200
2.796,1,Jun 06 2024 15: +0,1717682400
2.797,1,Jun 11 2024 02: +0,1718067600
2.809,2,Jun 11 2024 21: +0,1718136000
2.919,1,Jun 11 2024 22: +0,1718139600
2.772,1,Jun 12 2024 05: +0,1718164800
3.148,2,Jun 12 2024 19: +0,1718215200
