price,quantity,date,unix timestamp
0.165,1,Nov 18 2019 01: +0,1574038800
0.166,1827,Nov 19 2019 01: +0,1574125200
0.174,984,Nov 20 2019 01: +0,1574211600
0.19,836,Nov 21 2019 01: +0,1574298000
0.182,721,Nov 22 2019 01: +0,1574384400
0.188,730,Nov 23 2019 01: +0,1574470800
0.191,633,Nov 24 2019 01: +0,1574557200
0.192,516,Nov 25 2019 01: +0,1574643600
0.26,559,Nov 26 2019 01: +0,1574730000
0.189,744,Nov 27 2019 01: +0,1574816400
0.179,587,Nov 28 2019 01: +0,1574902800
0.186,450,Nov 29 2019 01: +0,1574989200
0.195,559,Nov 30 2019 01: +0,1575075600
0.2,454,Dec 01 2019 01: +0,1575162000
0.212,359,Dec 02 2019 01: +0,1575248400
0.255,362,Dec 03 2019 01: +0,1575334800
0.261,431,Dec 04 2019 01: +0,1575421200
0.233,412,Dec 05 2019 01: +0,1575507600
0.222,378,Dec 06 2019 01: +0,1575594000
0.227,450,Dec 07 2019 01: +0,1575680400
0.224,470,Dec 08 2019 01: +0,1575766800
0.24,312,Dec 09 2019 01: +0,1575853200
0.226,294,Dec 10 2019 01: +0,1575939600
0.23,385,Dec 11 2019 01: +0,1576026000
0.225,325,Dec 12 2019 01: +0,1576112400
0.231,418,Dec 13 2019 01: +0,1576198800
0.231,361,Dec 14 2019 01: +0,1576285200
0.229,300,Dec 15 2019 01: +0,1576371600
0.23,303,Dec 16 2019 01: +0,1576458000
0.227,319,Dec 17 2019 01: +0,1576544400
0.212,407,Dec 18 2019 01: +0,1576630800
0.188,370,Dec 19 2019 01: +0,1576717200
0.192,410,Dec 20 2019 01: +0,1576803600
0.201,421,Dec 21 2019 01: +0,1576890000
0.198,346,Dec 22 2019 01: +0,1576976400
0.195,349,Dec 23 2019 01: +0,1577062800
0.204,328,Dec 24 2019 01: +0,1577149200
0.205,512,Dec 25 2019 01: +0,1577235600
0.202,437,Dec 26 2019 01: +0,1577322000
0.198,431,Dec 27 2019 01: +0,1577408400
0.197,447,Dec 28 2019 01: +0,1577494800
0.201,377,Dec 29 2019 01: +0,1577581200
0.208,343,Dec 30 2019 01: +0,1577667600
0.202,314,Dec 31 2019 01: +0,1577754000
0.204,411,Jan 01 2020 01: +0,1577840400
0.207,388,Jan 02 2020 01: +0,1577926800
0.21,376,Jan 03 2020 01: +0,1578013200
0.207,356,Jan 04 2020 01: +0,1578099600
0.214,347,Jan 05 2020 01: +0,1578186000
0.208,313,Jan 06 2020 01: +0,1578272400
0.212,340,Jan 07 2020 01: +0,1578358800
0.217,358,Jan 08 2020 01: +0,1578445200
0.209,325,Jan 09 2020 01: +0,1578531600
0.211,336,Jan 10 2020 01: +0,1578618000
0.207,388,Jan 11 2020 01: +0,1578704400
0.209,389,Jan 12 2020 01: +0,1578790800
0.208,284,Jan 13 2020 01: +0,1578877200
0.213,277,Jan 14 2020 01: +0,1578963600
0.209,426,Jan 15 2020 01: +0,1579050000
0.205,371,Jan 16 2020 01: +0,1579136400
0.204,406,Jan 17 2020 01: +0,1579222800
0.206,457,Jan 18 2020 01: +0,1579309200
0.206,430,Jan 19 2020 01: +0,1579395600
0.206,363,Jan 20 2020 01: +0,1579482000
0.21,379,Jan 21 2020 01: +0,1579568400
0.207,597,Jan 22 2020 01: +0,1579654800
0.207,460,Jan 23 2020 01: +0,1579741200
0.198,400,Jan 24 2020 01: +0,1579827600
0.192,444,Jan 25 2020 01: +0,1579914000
0.193,398,Jan 26 2020 01: +0,1580000400
0.19,417,Jan 27 2020 01: +0,1580086800
0.184,355,Jan 28 2020 01: +0,1580173200
0.189,408,Jan 29 2020 01: +0,1580259600
0.187,343,Jan 30 2020 01: +0,1580346000
0.193,460,Jan 31 2020 01: +0,1580432400
0.194,437,Feb 01 2020 01: +0,1580518800
0.199,492,Feb 02 2020 01: +0,1580605200
0.199,377,Feb 03 2020 01: +0,1580691600
0.204,413,Feb 04 2020 01: +0,1580778000
0.203,422,Feb 05 2020 01: +0,1580864400
0.207,465,Feb 06 2020 01: +0,1580950800
0.205,485,Feb 07 2020 01: +0,1581037200
0.196,490,Feb 08 2020 01: +0,1581123600
0.202,417,Feb 09 2020 01: +0,1581210000
0.203,388,Feb 10 2020 01: +0,1581296400
0.199,413,Feb 11 2020 01: +0,1581382800
0.199,463,Feb 12 2020 01: +0,1581469200
0.193,374,Feb 13 2020 01: +0,1581555600
0.194,485,Feb 14 2020 01: +0,1581642000
0.199,499,Feb 15 2020 01: +0,1581728400
0.202,486,Feb 16 2020 01: +0,1581814800
0.203,415,Feb 17 2020 01: +0,1581901200
0.2,429,Feb 18 2020 01: +0,1581987600
0.201,472,Feb 19 2020 01: +0,1582074000
0.2,487,Feb 20 2020 01: +0,1582160400
0.199,473,Feb 21 2020 01: +0,1582246800
0.2,478,Feb 22 2020 01: +0,1582333200
0.197,455,Feb 23 2020 01: +0,1582419600
0.198,448,Feb 24 2020 01: +0,1582506000
0.192,606,Feb 25 2020 01: +0,1582592400
0.19,493,Feb 26 2020 01: +0,1582678800
0.187,664,Feb 27 2020 01: +0,1582765200
0.219,1046,Feb 28 2020 01: +0,1582851600
0.246,603,Feb 29 2020 01: +0,1582938000
0.237,602,Mar 01 2020 01: +0,1583024400
0.243,453,Mar 02 2020 01: +0,1583110800
0.234,431,Mar 03 2020 01: +0,1583197200
0.231,549,Mar 04 2020 01: +0,1583283600
0.231,557,Mar 05 2020 01: +0,1583370000
0.227,516,Mar 06 2020 01: +0,1583456400
0.216,644,Mar 07 2020 01: +0,1583542800
0.212,603,Mar 08 2020 01: +0,1583629200
0.209,527,Mar 09 2020 01: +0,1583715600
0.196,382,Mar 10 2020 01: +0,1583802000
0.195,395,Mar 11 2020 01: +0,1583888400
0.195,483,Mar 12 2020 01: +0,1583974800
0.195,492,Mar 13 2020 01: +0,1584061200
0.19,503,Mar 14 2020 01: +0,1584147600
0.192,542,Mar 15 2020 01: +0,1584234000
0.193,480,Mar 16 2020 01: +0,1584320400
0.191,597,Mar 17 2020 01: +0,1584406800
0.191,481,Mar 18 2020 01: +0,1584493200
0.183,430,Mar 19 2020 01: +0,1584579600
0.189,376,Mar 20 2020 01: +0,1584666000
0.185,295,Mar 21 2020 01: +0,1584752400
0.199,731,Mar 22 2020 01: +0,1584838800
0.196,344,Mar 23 2020 01: +0,1584925200
0.199,358,Mar 24 2020 01: +0,1585011600
0.2,473,Mar 25 2020 01: +0,1585098000
0.196,423,Mar 26 2020 01: +0,1585184400
0.196,402,Mar 27 2020 01: +0,1585270800
0.198,395,Mar 28 2020 01: +0,1585357200
0.198,198,Mar 29 2020 01: +0,1585443600
0.207,366,Mar 30 2020 01: +0,1585526400
0.201,757,Mar 31 2020 01: +0,1585612800
0.198,544,Apr 01 2020 01: +0,1585699200
0.206,548,Apr 02 2020 01: +0,1585785600
0.21,482,Apr 03 2020 01: +0,1585872000
0.219,439,Apr 04 2020 01: +0,1585958400
0.227,423,Apr 05 2020 01: +0,1586044800
0.222,341,Apr 06 2020 01: +0,1586131200
0.217,318,Apr 07 2020 01: +0,1586217600
0.223,341,Apr 08 2020 01: +0,1586304000
0.236,347,Apr 09 2020 01: +0,1586390400
0.233,333,Apr 10 2020 01: +0,1586476800
0.238,398,Apr 11 2020 01: +0,1586563200
0.236,327,Apr 12 2020 01: +0,1586649600
0.237,353,Apr 13 2020 01: +0,1586736000
0.24,307,Apr 14 2020 01: +0,1586822400
0.241,281,Apr 15 2020 01: +0,1586908800
0.245,281,Apr 16 2020 01: +0,1586995200
0.254,267,Apr 17 2020 01: +0,1587081600
0.239,302,Apr 18 2020 01: +0,1587168000
0.242,262,Apr 19 2020 01: +0,1587254400
0.239,231,Apr 20 2020 01: +0,1587340800
0.234,214,Apr 21 2020 01: +0,1587427200
0.232,193,Apr 22 2020 01: +0,1587513600
0.225,226,Apr 23 2020 01: +0,1587600000
0.231,215,Apr 24 2020 01: +0,1587686400
0.229,237,Apr 25 2020 01: +0,1587772800
0.227,271,Apr 26 2020 01: +0,1587859200
0.214,185,Apr 27 2020 01: +0,1587945600
0.225,212,Apr 28 2020 01: +0,1588032000
0.226,185,Apr 29 2020 01: +0,1588118400
0.233,208,Apr 30 2020 01: +0,1588204800
0.221,206,May 01 2020 01: +0,1588291200
0.23,213,May 02 2020 01: +0,1588377600
0.229,191,May 03 2020 01: +0,1588464000
0.235,169,May 04 2020 01: +0,1588550400
0.228,174,May 05 2020 01: +0,1588636800
0.236,207,May 06 2020 01: +0,1588723200
0.233,151,May 07 2020 01: +0,1588809600
0.24,228,May 08 2020 01: +0,1588896000
0.249,303,May 09 2020 01: +0,1588982400
0.246,234,May 10 2020 01: +0,1589068800
0.242,175,May 11 2020 01: +0,1589155200
0.234,182,May 12 2020 01: +0,1589241600
0.242,200,May 13 2020 01: +0,1589328000
0.24,186,May 14 2020 01: +0,1589414400
0.237,204,May 15 2020 01: +0,1589500800
0.239,175,May 16 2020 01: +0,1589587200
0.247,164,May 17 2020 01: +0,1589673600
0.251,155,May 18 2020 01: +0,1589760000
0.258,187,May 19 2020 01: +0,1589846400
0.258,147,May 20 2020 01: +0,1589932800
0.259,127,May 21 2020 01: +0,1590019200
0.27,125,May 22 2020 01: +0,1590105600
0.263,144,May 23 2020 01: +0,1590192000
0.255,138,May 24 2020 01: +0,1590278400
0.26,95,May 25 2020 01: +0,1590364800
0.247,148,May 26 2020 01: +0,1590451200
0.245,136,May 27 2020 01: +0,1590537600
0.251,147,May 28 2020 01: +0,1590624000
0.245,117,May 29 2020 01: +0,1590710400
0.246,125,May 30 2020 01: +0,1590796800
0.258,124,May 31 2020 01: +0,1590883200
0.258,102,Jun 01 2020 01: +0,1590969600
0.249,102,Jun 02 2020 01: +0,1591056000
0.258,100,Jun 03 2020 01: +0,1591142400
0.256,99,Jun 04 2020 01: +0,1591228800
0.262,107,Jun 05 2020 01: +0,1591315200
0.262,94,Jun 06 2020 01: +0,1591401600
0.255,131,Jun 07 2020 01: +0,1591488000
0.255,112,Jun 08 2020 01: +0,1591574400
0.25,137,Jun 09 2020 01: +0,1591660800
0.264,133,Jun 10 2020 01: +0,1591747200
0.262,93,Jun 11 2020 01: +0,1591833600
0.253,86,Jun 12 2020 01: +0,1591920000
0.265,109,Jun 13 2020 01: +0,1592006400
0.248,101,Jun 14 2020 01: +0,1592092800
0.256,85,Jun 15 2020 01: +0,1592179200
0.244,90,Jun 16 2020 01: +0,1592265600
0.272,82,Jun 17 2020 01: +0,1592352000
0.262,95,Jun 18 2020 01: +0,1592438400
0.256,93,Jun 19 2020 01: +0,1592524800
0.248,98,Jun 20 2020 01: +0,1592611200
0.242,128,Jun 21 2020 01: +0,1592697600
0.24,96,Jun 22 2020 01: +0,1592784000
0.245,84,Jun 23 2020 01: +0,1592870400
0.241,160,Jun 24 2020 01: +0,1592956800
0.229,131,Jun 25 2020 01: +0,1593043200
0.227,136,Jun 26 2020 01: +0,1593129600
0.217,124,Jun 27 2020 01: +0,1593216000
0.239,122,Jun 28 2020 01: +0,1593302400
0.228,107,Jun 29 2020 01: +0,1593388800
0.228,118,Jun 30 2020 01: +0,1593475200
0.228,89,Jul 01 2020 01: +0,1593561600
0.231,94,Jul 02 2020 01: +0,1593648000
0.228,105,Jul 03 2020 01: +0,1593734400
0.228,83,Jul 04 2020 01: +0,1593820800
0.236,114,Jul 05 2020 01: +0,1593907200
0.232,92,Jul 06 2020 01: +0,1593993600
0.227,95,Jul 07 2020 01: +0,1594080000
0.239,126,Jul 08 2020 01: +0,1594166400
0.234,123,Jul 09 2020 01: +0,1594252800
0.252,90,Jul 10 2020 01: +0,1594339200
0.244,61,Jul 11 2020 01: +0,1594425600
0.26,91,Jul 12 2020 01: +0,1594512000
0.256,68,Jul 13 2020 01: +0,1594598400
0.26,80,Jul 14 2020 01: +0,1594684800
0.27,88,Jul 15 2020 01: +0,1594771200
0.272,97,Jul 16 2020 01: +0,1594857600
0.273,89,Jul 17 2020 01: +0,1594944000
0.277,103,Jul 18 2020 01: +0,1595030400
0.274,72,Jul 19 2020 01: +0,1595116800
0.276,71,Jul 20 2020 01: +0,1595203200
0.302,58,Jul 21 2020 01: +0,1595289600
0.282,72,Jul 22 2020 01: +0,1595376000
0.292,46,Jul 23 2020 01: +0,1595462400
0.292,70,Jul 24 2020 01: +0,1595548800
0.282,60,Jul 25 2020 01: +0,1595635200
0.286,62,Jul 26 2020 01: +0,1595721600
0.294,57,Jul 27 2020 01: +0,1595808000
0.29,55,Jul 28 2020 01: +0,1595894400
0.289,84,Jul 29 2020 01: +0,1595980800
0.294,36,Jul 30 2020 01: +0,1596067200
0.313,65,Jul 31 2020 01: +0,1596153600
0.301,55,Aug 01 2020 01: +0,1596240000
0.294,70,Aug 02 2020 01: +0,1596326400
0.311,73,Aug 03 2020 01: +0,1596412800
0.32,82,Aug 04 2020 01: +0,1596499200
0.295,48,Aug 05 2020 01: +0,1596585600
0.306,62,Aug 06 2020 01: +0,1596672000
0.297,96,Aug 07 2020 01: +0,1596758400
0.291,105,Aug 08 2020 01: +0,1596844800
0.296,66,Aug 09 2020 01: +0,1596931200
0.295,96,Aug 10 2020 01: +0,1597017600
0.307,104,Aug 11 2020 01: +0,1597104000
0.295,79,Aug 12 2020 01: +0,1597190400
0.298,106,Aug 13 2020 01: +0,1597276800
0.28,95,Aug 14 2020 01: +0,1597363200
0.289,85,Aug 15 2020 01: +0,1597449600
0.293,76,Aug 16 2020 01: +0,1597536000
0.28,66,Aug 17 2020 01: +0,1597622400
0.294,110,Aug 18 2020 01: +0,1597708800
0.287,62,Aug 19 2020 01: +0,1597795200
0.274,50,Aug 20 2020 01: +0,1597881600
0.275,58,Aug 21 2020 01: +0,1597968000
0.279,77,Aug 22 2020 01: +0,1598054400
0.268,63,Aug 23 2020 01: +0,1598140800
0.277,88,Aug 24 2020 01: +0,1598227200
0.271,71,Aug 25 2020 01: +0,1598313600
0.273,84,Aug 26 2020 01: +0,1598400000
0.266,54,Aug 27 2020 01: +0,1598486400
0.267,62,Aug 28 2020 01: +0,1598572800
0.28,75,Aug 29 2020 01: +0,1598659200
0.263,84,Aug 30 2020 01: +0,1598745600
0.261,63,Aug 31 2020 01: +0,1598832000
0.26,76,Sep 01 2020 01: +0,1598918400
0.267,101,Sep 02 2020 01: +0,1599004800
0.254,57,Sep 03 2020 01: +0,1599091200
0.273,50,Sep 04 2020 01: +0,1599177600
0.257,57,Sep 05 2020 01: +0,1599264000
0.264,66,Sep 06 2020 01: +0,1599350400
0.267,54,Sep 07 2020 01: +0,1599436800
0.262,49,Sep 08 2020 01: +0,1599523200
0.258,41,Sep 09 2020 01: +0,1599609600
0.271,60,Sep 10 2020 01: +0,1599696000
0.261,52,Sep 11 2020 01: +0,1599782400
0.267,63,Sep 12 2020 01: +0,1599868800
0.272,76,Sep 13 2020 01: +0,1599955200
0.264,57,Sep 14 2020 01: +0,1600041600
0.275,57,Sep 15 2020 01: +0,1600128000
0.268,66,Sep 16 2020 01: +0,1600214400
0.272,67,Sep 17 2020 01: +0,1600300800
0.262,72,Sep 18 2020 01: +0,1600387200
0.267,69,Sep 19 2020 01: +0,1600473600
0.257,47,Sep 20 2020 01: +0,1600560000
0.259,72,Sep 21 2020 01: +0,1600646400
0.268,45,Sep 22 2020 01: +0,1600732800
0.263,48,Sep 23 2020 01: +0,1600819200
0.267,72,Sep 24 2020 01: +0,1600905600
0.267,71,Sep 25 2020 01: +0,1600992000
0.268,58,Sep 26 2020 01: +0,1601078400
0.261,72,Sep 27 2020 01: +0,1601164800
0.265,131,Sep 28 2020 01: +0,1601251200
0.252,67,Sep 29 2020 01: +0,1601337600
0.261,117,Sep 30 2020 01: +0,1601424000
0.267,107,Oct 01 2020 01: +0,1601510400
0.26,70,Oct 02 2020 01: +0,1601596800
0.267,79,Oct 03 2020 01: +0,1601683200
0.254,84,Oct 04 2020 01: +0,1601769600
0.261,69,Oct 05 2020 01: +0,1601856000
0.263,76,Oct 06 2020 01: +0,1601942400
0.255,74,Oct 07 2020 01: +0,1602028800
0.238,54,Oct 08 2020 01: +0,1602115200
0.251,106,Oct 09 2020 01: +0,1602201600
0.257,93,Oct 10 2020 01: +0,1602288000
0.267,81,Oct 11 2020 01: +0,1602374400
0.258,74,Oct 12 2020 01: +0,1602460800
0.262,70,Oct 13 2020 01: +0,1602547200
0.257,60,Oct 14 2020 01: +0,1602633600
0.268,73,Oct 15 2020 01: +0,1602720000
0.274,41,Oct 16 2020 01: +0,1602806400
0.266,48,Oct 17 2020 01: +0,1602892800
0.273,59,Oct 18 2020 01: +0,1602979200
0.271,62,Oct 19 2020 01: +0,1603065600
0.265,60,Oct 20 2020 01: +0,1603152000
0.268,76,Oct 21 2020 01: +0,1603238400
0.264,59,Oct 22 2020 01: +0,1603324800
0.267,64,Oct 23 2020 01: +0,1603411200
0.269,71,Oct 24 2020 01: +0,1603497600
0.273,74,Oct 25 2020 01: +0,1603584000
0.262,42,Oct 26 2020 01: +0,1603674000
0.265,52,Oct 27 2020 01: +0,1603760400
0.258,55,Oct 28 2020 01: +0,1603846800
0.263,60,Oct 29 2020 01: +0,1603933200
0.258,58,Oct 30 2020 01: +0,1604019600
0.267,55,Oct 31 2020 01: +0,1604106000
0.26,80,Nov 01 2020 01: +0,1604192400
0.261,56,Nov 02 2020 01: +0,1604278800
0.26,72,Nov 03 2020 01: +0,1604365200
0.275,46,Nov 04 2020 01: +0,1604451600
0.289,55,Nov 05 2020 01: +0,1604538000
0.282,53,Nov 06 2020 01: +0,1604624400
0.262,56,Nov 07 2020 01: +0,1604710800
0.28,79,Nov 08 2020 01: +0,1604797200
0.258,49,Nov 09 2020 01: +0,1604883600
0.263,65,Nov 10 2020 01: +0,1604970000
0.274,89,Nov 11 2020 01: +0,1605056400
0.274,58,Nov 12 2020 01: +0,1605142800
0.285,43,Nov 13 2020 01: +0,1605229200
0.281,55,Nov 14 2020 01: +0,1605315600
0.273,50,Nov 15 2020 01: +0,1605402000
0.27,56,Nov 16 2020 01: +0,1605488400
0.279,92,Nov 17 2020 01: +0,1605574800
0.277,59,Nov 18 2020 01: +0,1605661200
0.284,43,Nov 19 2020 01: +0,1605747600
0.282,57,Nov 20 2020 01: +0,1605834000
0.287,49,Nov 21 2020 01: +0,1605920400
0.29,54,Nov 22 2020 01: +0,1606006800
0.291,51,Nov 23 2020 01: +0,1606093200
0.279,39,Nov 24 2020 01: +0,1606179600
0.279,57,Nov 25 2020 01: +0,1606266000
0.267,77,Nov 26 2020 01: +0,1606352400
0.274,46,Nov 27 2020 01: +0,1606438800
0.269,78,Nov 28 2020 01: +0,1606525200
0.273,49,Nov 29 2020 01: +0,1606611600
0.265,62,Nov 30 2020 01: +0,1606698000
0.282,69,Dec 01 2020 01: +0,1606784400
0.281,40,Dec 02 2020 01: +0,1606870800
0.276,71,Dec 03 2020 01: +0,1606957200
0.256,81,Dec 04 2020 01: +0,1607043600
0.256,83,Dec 05 2020 01: +0,1607130000
0.272,64,Dec 06 2020 01: +0,1607216400
0.27,70,Dec 07 2020 01: +0,1607302800
0.264,63,Dec 08 2020 01: +0,1607389200
0.257,67,Dec 09 2020 01: +0,1607475600
0.263,59,Dec 10 2020 01: +0,1607562000
0.262,51,Dec 11 2020 01: +0,1607648400
0.286,62,Dec 12 2020 01: +0,1607734800
0.252,102,Dec 13 2020 01: +0,1607821200
0.278,48,Dec 14 2020 01: +0,1607907600
0.26,43,Dec 15 2020 01: +0,1607994000
0.254,45,Dec 16 2020 01: +0,1608080400
0.267,69,Dec 17 2020 01: +0,1608166800
0.275,53,Dec 18 2020 01: +0,1608253200
0.267,46,Dec 19 2020 01: +0,1608339600
0.276,62,Dec 20 2020 01: +0,1608426000
0.277,74,Dec 21 2020 01: +0,1608512400
0.26,56,Dec 22 2020 01: +0,1608598800
0.276,63,Dec 23 2020 01: +0,1608685200
0.266,65,Dec 24 2020 01: +0,1608771600
0.264,41,Dec 25 2020 01: +0,1608858000
0.271,47,Dec 26 2020 01: +0,1608944400
0.268,43,Dec 27 2020 01: +0,1609030800
0.272,54,Dec 28 2020 01: +0,1609117200
0.277,87,Dec 29 2020 01: +0,1609203600
0.289,43,Dec 30 2020 01: +0,1609290000
0.303,62,Dec 31 2020 01: +0,1609376400
0.289,41,Jan 01 2021 01: +0,1609462800
0.279,77,Jan 02 2021 01: +0,1609549200
0.286,72,Jan 03 2021 01: +0,1609635600
0.29,49,Jan 04 2021 01: +0,1609722000
0.302,54,Jan 05 2021 01: +0,1609808400
0.289,63,Jan 06 2021 01: +0,1609894800
0.292,58,Jan 07 2021 01: +0,1609981200
0.29,47,Jan 08 2021 01: +0,1610067600
0.333,191,Jan 09 2021 01: +0,1610154000
0.407,117,Jan 10 2021 01: +0,1610240400
0.648,43,Jan 11 2021 01: +0,1610326800
0.429,91,Jan 12 2021 01: +0,1610413200
0.431,65,Jan 13 2021 01: +0,1610499600
0.41,23,Jan 14 2021 01: +0,1610586000
0.404,73,Jan 15 2021 01: +0,1610672400
0.429,50,Jan 16 2021 01: +0,1610758800
0.404,37,Jan 17 2021 01: +0,1610845200
0.388,37,Jan 18 2021 01: +0,1610931600
0.385,49,Jan 19 2021 01: +0,1611018000
0.391,36,Jan 20 2021 01: +0,1611104400
0.396,42,Jan 21 2021 01: +0,1611190800
0.393,58,Jan 22 2021 01: +0,1611277200
0.407,58,Jan 23 2021 01: +0,1611363600
0.388,38,Jan 24 2021 01: +0,1611450000
0.376,55,Jan 25 2021 01: +0,1611536400
0.389,59,Jan 26 2021 01: +0,1611622800
0.378,56,Jan 27 2021 01: +0,1611709200
0.339,58,Jan 28 2021 01: +0,1611795600
0.288,49,Jan 29 2021 01: +0,1611882000
0.323,52,Jan 30 2021 01: +0,1611968400
0.329,62,Jan 31 2021 01: +0,1612054800
0.321,36,Feb 01 2021 01: +0,1612141200
0.328,49,Feb 02 2021 01: +0,1612227600
0.328,75,Feb 03 2021 01: +0,1612314000
0.346,47,Feb 04 2021 01: +0,1612400400
0.335,35,Feb 05 2021 01: +0,1612486800
0.333,52,Feb 06 2021 01: +0,1612573200
0.329,50,Feb 07 2021 01: +0,1612659600
0.33,41,Feb 08 2021 01: +0,1612746000
0.313,39,Feb 09 2021 01: +0,1612832400
0.325,46,Feb 10 2021 01: +0,1612918800
0.312,63,Feb 11 2021 01: +0,1613005200
0.315,56,Feb 12 2021 01: +0,1613091600
0.294,47,Feb 13 2021 01: +0,1613178000
0.293,40,Feb 14 2021 01: +0,1613264400
0.316,79,Feb 15 2021 01: +0,1613350800
0.294,45,Feb 16 2021 01: +0,1613437200
0.307,42,Feb 17 2021 01: +0,1613523600
0.301,79,Feb 18 2021 01: +0,1613610000
0.316,94,Feb 19 2021 01: +0,1613696400
0.33,58,Feb 20 2021 01: +0,1613782800
0.322,56,Feb 21 2021 01: +0,1613869200
0.329,49,Feb 22 2021 01: +0,1613955600
0.317,54,Feb 23 2021 01: +0,1614042000
0.324,79,Feb 24 2021 01: +0,1614128400
0.342,56,Feb 25 2021 01: +0,1614214800
0.326,50,Feb 26 2021 01: +0,1614301200
0.309,74,Feb 27 2021 01: +0,1614387600
0.318,69,Feb 28 2021 01: +0,1614474000
0.321,69,Mar 01 2021 01: +0,1614560400
0.33,46,Mar 02 2021 01: +0,1614646800
0.334,79,Mar 03 2021 01: +0,1614733200
0.335,46,Mar 04 2021 01: +0,1614819600
0.33,60,Mar 05 2021 01: +0,1614906000
0.357,69,Mar 06 2021 01: +0,1614992400
0.37,66,Mar 07 2021 01: +0,1615078800
0.354,63,Mar 08 2021 01: +0,1615165200
0.378,61,Mar 09 2021 01: +0,1615251600
0.376,68,Mar 10 2021 01: +0,1615338000
0.356,65,Mar 11 2021 01: +0,1615424400
0.358,43,Mar 12 2021 01: +0,1615510800
0.356,62,Mar 13 2021 01: +0,1615597200
0.361,48,Mar 14 2021 01: +0,1615683600
0.344,51,Mar 15 2021 01: +0,1615770000
0.357,67,Mar 16 2021 01: +0,1615856400
0.343,49,Mar 17 2021 01: +0,1615942800
0.373,65,Mar 18 2021 01: +0,1616029200
0.351,75,Mar 19 2021 01: +0,1616115600
0.348,62,Mar 20 2021 01: +0,1616202000
0.345,52,Mar 21 2021 01: +0,1616288400
0.352,68,Mar 22 2021 01: +0,1616374800
0.37,68,Mar 23 2021 01: +0,1616461200
0.359,56,Mar 24 2021 01: +0,1616547600
0.357,60,Mar 25 2021 01: +0,1616634000
0.356,52,Mar 26 2021 01: +0,1616720400
0.357,65,Mar 27 2021 01: +0,1616806800
0.345,59,Mar 28 2021 01: +0,1616893200
0.373,47,Mar 29 2021 01: +0,1616976000
0.365,46,Mar 30 2021 01: +0,1617062400
0.378,66,Mar 31 2021 01: +0,1617148800
0.356,66,Apr 01 2021 01: +0,1617235200
0.363,66,Apr 02 2021 01: +0,1617321600
0.363,62,Apr 03 2021 01: +0,1617408000
0.382,60,Apr 04 2021 01: +0,1617494400
0.432,79,Apr 05 2021 01: +0,1617580800
0.4,49,Apr 06 2021 01: +0,1617667200
0.337,44,Apr 07 2021 01: +0,1617753600
0.339,66,Apr 08 2021 01: +0,1617840000
0.309,92,Apr 09 2021 01: +0,1617926400
0.315,60,Apr 10 2021 01: +0,1618012800
0.318,32,Apr 11 2021 01: +0,1618099200
0.315,71,Apr 12 2021 01: +0,1618185600
0.309,45,Apr 13 2021 01: +0,1618272000
0.3,27,Apr 14 2021 01: +0,1618358400
0.333,67,Apr 15 2021 01: +0,1618444800
0.315,52,Apr 16 2021 01: +0,1618531200
0.322,56,Apr 17 2021 01: +0,1618617600
0.331,44,Apr 18 2021 01: +0,1618704000
0.35,62,Apr 19 2021 01: +0,1618790400
0.346,40,Apr 20 2021 01: +0,1618876800
0.368,30,Apr 21 2021 01: +0,1618963200
0.358,43,Apr 22 2021 01: +0,1619049600
0.342,45,Apr 23 2021 01: +0,1619136000
0.369,52,Apr 24 2021 01: +0,1619222400
0.338,36,Apr 25 2021 01: +0,1619308800
0.34,54,Apr 26 2021 01: +0,1619395200
0.338,42,Apr 27 2021 01: +0,1619481600
0.335,32,Apr 28 2021 01: +0,1619568000
0.325,31,Apr 29 2021 01: +0,1619654400
0.339,55,Apr 30 2021 01: +0,1619740800
0.355,31,May 01 2021 01: +0,1619827200
0.345,38,May 02 2021 01: +0,1619913600
0.368,42,May 03 2021 01: +0,1620000000
0.361,68,May 04 2021 01: +0,1620086400
0.35,56,May 05 2021 01: +0,1620172800
0.393,34,May 06 2021 01: +0,1620259200
0.367,69,May 07 2021 01: +0,1620345600
0.405,49,May 08 2021 01: +0,1620432000
0.388,37,May 09 2021 01: +0,1620518400
0.355,49,May 10 2021 01: +0,1620604800
0.363,45,May 11 2021 01: +0,1620691200
0.374,42,May 12 2021 01: +0,1620777600
0.365,49,May 13 2021 01: +0,1620864000
0.443,150,May 14 2021 01: +0,1620950400
0.499,128,May 15 2021 01: +0,1621036800
0.718,47,May 16 2021 01: +0,1621123200
0.626,70,May 17 2021 01: +0,1621209600
0.694,60,May 18 2021 01: +0,1621296000
0.675,87,May 19 2021 01: +0,1621382400
0.67,53,May 20 2021 01: +0,1621468800
0.667,33,May 21 2021 01: +0,1621555200
0.72,35,May 22 2021 01: +0,1621641600
0.725,82,May 23 2021 01: +0,1621728000
0.715,37,May 24 2021 01: +0,1621814400
0.691,31,May 25 2021 01: +0,1621900800
0.685,17,May 26 2021 01: +0,1621987200
0.61,29,May 27 2021 01: +0,1622073600
0.57,42,May 28 2021 01: +0,1622160000
0.522,41,May 29 2021 01: +0,1622246400
0.429,30,May 30 2021 01: +0,1622332800
0.402,46,May 31 2021 01: +0,1622419200
0.432,48,Jun 01 2021 01: +0,1622505600
0.415,45,Jun 02 2021 01: +0,1622592000
0.437,66,Jun 03 2021 01: +0,1622678400
0.445,36,Jun 04 2021 01: +0,1622764800
0.484,30,Jun 05 2021 01: +0,1622851200
0.504,19,Jun 06 2021 01: +0,1622937600
0.481,25,Jun 07 2021 01: +0,1623024000
0.488,27,Jun 08 2021 01: +0,1623110400
0.467,20,Jun 09 2021 01: +0,1623196800
0.452,23,Jun 10 2021 01: +0,1623283200
0.472,47,Jun 11 2021 01: +0,1623369600
0.473,35,Jun 12 2021 01: +0,1623456000
0.485,26,Jun 13 2021 01: +0,1623542400
0.501,37,Jun 14 2021 01: +0,1623628800
0.514,24,Jun 15 2021 01: +0,1623715200
0.532,24,Jun 16 2021 01: +0,1623801600
0.528,24,Jun 17 2021 01: +0,1623888000
0.485,19,Jun 18 2021 01: +0,1623974400
0.484,29,Jun 19 2021 01: +0,1624060800
0.486,19,Jun 20 2021 01: +0,1624147200
0.464,18,Jun 21 2021 01: +0,1624233600
0.432,23,Jun 22 2021 01: +0,1624320000
0.429,37,Jun 23 2021 01: +0,1624406400
0.438,39,Jun 24 2021 01: +0,1624492800
0.389,37,Jun 25 2021 01: +0,1624579200
0.365,25,Jun 26 2021 01: +0,1624665600
0.359,35,Jun 27 2021 01: +0,1624752000
0.348,32,Jun 28 2021 01: +0,1624838400
0.332,40,Jun 29 2021 01: +0,1624924800
0.322,33,Jun 30 2021 01: +0,1625011200
0.329,22,Jul 01 2021 01: +0,1625097600
0.313,20,Jul 02 2021 01: +0,1625184000
0.309,33,Jul 03 2021 01: +0,1625270400
0.313,18,Jul 04 2021 01: +0,1625356800
0.303,20,Jul 05 2021 01: +0,1625443200
0.312,19,Jul 06 2021 01: +0,1625529600
0.31,31,Jul 07 2021 01: +0,1625616000
0.296,30,Jul 08 2021 01: +0,1625702400
0.307,31,Jul 09 2021 01: +0,1625788800
0.308,16,Jul 10 2021 01: +0,1625875200
0.304,32,Jul 11 2021 01: +0,1625961600
0.309,18,Jul 12 2021 01: +0,1626048000
0.29,21,Jul 13 2021 01: +0,1626134400
0.285,20,Jul 14 2021 01: +0,1626220800
0.297,28,Jul 15 2021 01: +0,1626307200
0.304,30,Jul 16 2021 01: +0,1626393600
0.309,14,Jul 17 2021 01: +0,1626480000
0.302,30,Jul 18 2021 01: +0,1626566400
0.304,16,Jul 19 2021 01: +0,1626652800
0.307,19,Jul 20 2021 01: +0,1626739200
0.314,13,Jul 21 2021 01: +0,1626825600
0.307,50,Jul 22 2021 01: +0,1626912000
0.309,32,Jul 23 2021 01: +0,1626998400
0.297,37,Jul 24 2021 01: +0,1627084800
0.301,26,Jul 25 2021 01: +0,1627171200
0.292,17,Jul 26 2021 01: +0,1627257600
0.305,34,Jul 27 2021 01: +0,1627344000
0.316,35,Jul 28 2021 01: +0,1627430400
0.307,35,Jul 29 2021 01: +0,1627516800
0.307,26,Jul 30 2021 01: +0,1627603200
0.331,26,Jul 31 2021 01: +0,1627689600
0.316,39,Aug 01 2021 01: +0,1627776000
0.32,35,Aug 02 2021 01: +0,1627862400
0.31,26,Aug 03 2021 01: +0,1627948800
0.3,28,Aug 04 2021 01: +0,1628035200
0.319,20,Aug 05 2021 01: +0,1628121600
0.308,49,Aug 06 2021 01: +0,1628208000
0.315,34,Aug 07 2021 01: +0,1628294400
0.299,22,Aug 08 2021 01: +0,1628380800
0.318,26,Aug 09 2021 01: +0,1628467200
0.282,35,Aug 10 2021 01: +0,1628553600
0.276,43,Aug 11 2021 01: +0,1628640000
0.289,24,Aug 12 2021 01: +0,1628726400
0.28,28,Aug 13 2021 01: +0,1628812800
0.282,45,Aug 14 2021 01: +0,1628899200
0.299,39,Aug 15 2021 01: +0,1628985600
0.282,32,Aug 16 2021 01: +0,1629072000
0.283,30,Aug 17 2021 01: +0,1629158400
0.278,21,Aug 18 2021 01: +0,1629244800
0.276,40,Aug 19 2021 01: +0,1629331200
0.244,32,Aug 20 2021 01: +0,1629417600
0.279,66,Aug 21 2021 01: +0,1629504000
0.273,28,Aug 22 2021 01: +0,1629590400
0.274,22,Aug 23 2021 01: +0,1629676800
0.268,48,Aug 24 2021 01: +0,1629763200
0.279,15,Aug 25 2021 01: +0,1629849600
0.289,38,Aug 26 2021 01: +0,1629936000
0.265,66,Aug 27 2021 01: +0,1630022400
0.265,40,Aug 28 2021 01: +0,1630108800
0.284,50,Aug 29 2021 01: +0,1630195200
0.291,27,Aug 30 2021 01: +0,1630281600
0.278,26,Aug 31 2021 01: +0,1630368000
0.281,19,Sep 01 2021 01: +0,1630454400
0.264,38,Sep 02 2021 01: +0,1630540800
0.286,24,Sep 03 2021 01: +0,1630627200
0.266,40,Sep 04 2021 01: +0,1630713600
0.269,48,Sep 05 2021 01: +0,1630800000
0.289,47,Sep 06 2021 01: +0,1630886400
0.288,20,Sep 07 2021 01: +0,1630972800
0.29,31,Sep 08 2021 01: +0,1631059200
0.28,21,Sep 09 2021 01: +0,1631145600
0.264,35,Sep 10 2021 01: +0,1631232000
0.263,47,Sep 11 2021 01: +0,1631318400
0.278,25,Sep 12 2021 01: +0,1631404800
0.461,34,Sep 13 2021 01: +0,1631491200
0.277,26,Sep 14 2021 01: +0,1631577600
0.278,30,Sep 15 2021 01: +0,1631664000
0.269,32,Sep 16 2021 01: +0,1631750400
0.288,60,Sep 17 2021 01: +0,1631836800
0.261,25,Sep 18 2021 01: +0,1631923200
0.285,43,Sep 19 2021 01: +0,1632009600
0.272,250,Sep 20 2021 01: +0,1632096000
0.265,125,Sep 21 2021 01: +0,1632182400
0.25,64,Sep 22 2021 01: +0,1632268800
0.247,85,Sep 23 2021 01: +0,1632355200
0.249,43,Sep 24 2021 01: +0,1632441600
0.24,48,Sep 25 2021 01: +0,1632528000
0.262,39,Sep 26 2021 01: +0,1632614400
0.241,31,Sep 27 2021 01: +0,1632700800
0.232,43,Sep 28 2021 01: +0,1632787200
0.244,45,Sep 29 2021 01: +0,1632873600
0.249,21,Sep 30 2021 01: +0,1632960000
0.253,19,Oct 01 2021 01: +0,1633046400
0.25,63,Oct 02 2021 01: +0,1633132800
0.257,40,Oct 03 2021 01: +0,1633219200
0.238,24,Oct 04 2021 01: +0,1633305600
0.253,18,Oct 05 2021 01: +0,1633392000
0.245,33,Oct 06 2021 01: +0,1633478400
0.248,24,Oct 07 2021 01: +0,1633564800
0.254,29,Oct 08 2021 01: +0,1633651200
0.249,47,Oct 09 2021 01: +0,1633737600
0.247,37,Oct 10 2021 01: +0,1633824000
0.245,25,Oct 11 2021 01: +0,1633910400
0.244,27,Oct 12 2021 01: +0,1633996800
0.246,38,Oct 13 2021 01: +0,1634083200
0.242,39,Oct 14 2021 01: +0,1634169600
0.249,39,Oct 15 2021 01: +0,1634256000
0.262,35,Oct 16 2021 01: +0,1634342400
0.252,24,Oct 17 2021 01: +0,1634428800
0.263,20,Oct 18 2021 01: +0,1634515200
0.254,23,Oct 19 2021 01: +0,1634601600
0.258,26,Oct 20 2021 01: +0,1634688000
0.241,25,Oct 21 2021 01: +0,1634774400
0.245,30,Oct 22 2021 01: +0,1634860800
0.241,22,Oct 23 2021 01: +0,1634947200
0.213,19,Oct 24 2021 01: +0,1635033600
0.239,31,Oct 25 2021 01: +0,1635120000
0.237,14,Oct 26 2021 01: +0,1635206400
0.217,31,Oct 27 2021 01: +0,1635292800
0.231,27,Oct 28 2021 01: +0,1635379200
0.227,38,Oct 29 2021 01: +0,1635465600
0.234,18,Oct 30 2021 01: +0,1635552000
0.253,33,Oct 31 2021 01: +0,1635638400
0.236,48,Nov 01 2021 01: +0,1635728400
0.24,23,Nov 02 2021 01: +0,1635814800
0.229,19,Nov 03 2021 01: +0,1635901200
0.234,42,Nov 04 2021 01: +0,1635987600
0.238,35,Nov 05 2021 01: +0,1636074000
0.255,51,Nov 06 2021 01: +0,1636160400
0.239,24,Nov 07 2021 01: +0,1636246800
0.254,43,Nov 08 2021 01: +0,1636333200
0.233,39,Nov 09 2021 01: +0,1636419600
0.246,32,Nov 10 2021 01: +0,1636506000
0.239,36,Nov 11 2021 01: +0,1636592400
0.24,40,Nov 12 2021 01: +0,1636678800
0.243,33,Nov 13 2021 01: +0,1636765200
0.253,16,Nov 14 2021 01: +0,1636851600
0.246,15,Nov 15 2021 01: +0,1636938000
0.253,19,Nov 16 2021 01: +0,1637024400
0.237,35,Nov 17 2021 01: +0,1637110800
0.245,35,Nov 18 2021 01: +0,1637197200
0.238,30,Nov 19 2021 01: +0,1637283600
0.229,34,Nov 20 2021 01: +0,1637370000
0.246,25,Nov 21 2021 01: +0,1637456400
0.249,26,Nov 22 2021 01: +0,1637542800
0.232,22,Nov 23 2021 01: +0,1637629200
0.242,42,Nov 24 2021 01: +0,1637715600
0.234,38,Nov 25 2021 01: +0,1637802000
0.239,20,Nov 26 2021 01: +0,1637888400
0.244,28,Nov 27 2021 01: +0,1637974800
0.237,31,Nov 28 2021 01: +0,1638061200
0.218,18,Nov 29 2021 01: +0,1638147600
0.207,25,Nov 30 2021 01: +0,1638234000
0.217,27,Dec 01 2021 01: +0,1638320400
0.21,18,Dec 02 2021 01: +0,1638406800
0.237,18,Dec 03 2021 01: +0,1638493200
0.236,23,Dec 04 2021 01: +0,1638579600
0.236,36,Dec 05 2021 01: +0,1638666000
0.249,34,Dec 06 2021 01: +0,1638752400
0.244,27,Dec 07 2021 01: +0,1638838800
0.273,40,Dec 08 2021 01: +0,1638925200
0.244,12,Dec 09 2021 01: +0,1639011600
0.257,23,Dec 10 2021 01: +0,1639098000
0.256,38,Dec 11 2021 01: +0,1639184400
0.257,35,Dec 12 2021 01: +0,1639270800
0.239,26,Dec 13 2021 01: +0,1639357200
0.248,30,Dec 14 2021 01: +0,1639443600
0.266,17,Dec 15 2021 01: +0,1639530000
0.246,22,Dec 16 2021 01: +0,1639616400
0.243,24,Dec 17 2021 01: +0,1639702800
0.237,27,Dec 18 2021 01: +0,1639789200
0.245,31,Dec 19 2021 01: +0,1639875600
1.846,8,Dec 20 2021 01: +0,1639962000
0.219,22,Dec 21 2021 01: +0,1640048400
0.257,35,Dec 22 2021 01: +0,1640134800
0.265,43,Dec 23 2021 01: +0,1640221200
0.259,18,Dec 24 2021 01: +0,1640307600
0.255,32,Dec 25 2021 01: +0,1640394000
0.25,23,Dec 26 2021 01: +0,1640480400
0.254,37,Dec 27 2021 01: +0,1640566800
0.956,26,Dec 28 2021 01: +0,1640653200
0.265,44,Dec 29 2021 01: +0,1640739600
0.293,43,Dec 30 2021 01: +0,1640826000
0.288,32,Dec 31 2021 01: +0,1640912400
0.273,22,Jan 01 2022 01: +0,1640998800
0.275,23,Jan 02 2022 01: +0,1641085200
0.299,25,Jan 03 2022 01: +0,1641171600
0.274,23,Jan 04 2022 01: +0,1641258000
0.293,24,Jan 05 2022 01: +0,1641344400
0.295,28,Jan 06 2022 01: +0,1641430800
0.284,24,Jan 07 2022 01: +0,1641517200
0.276,22,Jan 08 2022 01: +0,1641603600
0.304,33,Jan 09 2022 01: +0,1641690000
0.298,32,Jan 10 2022 01: +0,1641776400
0.3,32,Jan 11 2022 01: +0,1641862800
0.304,20,Jan 12 2022 01: +0,1641949200
0.304,22,Jan 13 2022 01: +0,1642035600
0.309,40,Jan 14 2022 01: +0,1642122000
0.301,28,Jan 15 2022 01: +0,1642208400
0.316,36,Jan 16 2022 01: +0,1642294800
0.347,46,Jan 17 2022 01: +0,1642381200
0.354,36,Jan 18 2022 01: +0,1642467600
0.329,19,Jan 19 2022 01: +0,1642554000
0.343,26,Jan 20 2022 01: +0,1642640400
0.327,19,Jan 21 2022 01: +0,1642726800
0.325,35,Jan 22 2022 01: +0,1642813200
0.332,33,Jan 23 2022 01: +0,1642899600
0.31,27,Jan 24 2022 01: +0,1642986000
0.312,26,Jan 25 2022 01: +0,1643072400
0.317,25,Jan 26 2022 01: +0,1643158800
0.317,21,Jan 27 2022 01: +0,1643245200
0.314,29,Jan 28 2022 01: +0,1643331600
0.317,30,Jan 29 2022 01: +0,1643418000
0.314,27,Jan 30 2022 01: +0,1643504400
0.315,25,Jan 31 2022 01: +0,1643590800
0.309,29,Feb 01 2022 01: +0,1643677200
0.294,38,Feb 02 2022 01: +0,1643763600
0.294,46,Feb 03 2022 01: +0,1643850000
0.309,44,Feb 04 2022 01: +0,1643936400
0.294,20,Feb 05 2022 01: +0,1644022800
0.308,27,Feb 06 2022 01: +0,1644109200
0.307,25,Feb 07 2022 01: +0,1644195600
0.294,18,Feb 08 2022 01: +0,1644282000
0.304,43,Feb 09 2022 01: +0,1644368400
0.302,39,Feb 10 2022 01: +0,1644454800
0.311,23,Feb 11 2022 01: +0,1644541200
0.305,40,Feb 12 2022 01: +0,1644627600
0.301,20,Feb 13 2022 01: +0,1644714000
0.304,21,Feb 14 2022 01: +0,1644800400
0.311,24,Feb 15 2022 01: +0,1644886800
0.304,29,Feb 16 2022 01: +0,1644973200
0.302,29,Feb 17 2022 01: +0,1645059600
0.316,28,Feb 18 2022 01: +0,1645146000
0.311,27,Feb 19 2022 01: +0,1645232400
0.32,30,Feb 20 2022 01: +0,1645318800
0.328,30,Feb 21 2022 01: +0,1645405200
0.326,25,Feb 22 2022 01: +0,1645491600
0.312,26,Feb 23 2022 01: +0,1645578000
0.319,20,Feb 24 2022 01: +0,1645664400
0.312,28,Feb 25 2022 01: +0,1645750800
0.328,30,Feb 26 2022 01: +0,1645837200
0.298,18,Feb 27 2022 01: +0,1645923600
0.313,21,Feb 28 2022 01: +0,1646010000
0.298,25,Mar 01 2022 01: +0,1646096400
0.358,18,Mar 02 2022 01: +0,1646182800
0.307,18,Mar 03 2022 01: +0,1646269200
0.319,22,Mar 04 2022 01: +0,1646355600
0.315,32,Mar 05 2022 01: +0,1646442000
0.312,32,Mar 06 2022 01: +0,1646528400
0.332,25,Mar 07 2022 01: +0,1646614800
0.312,27,Mar 08 2022 01: +0,1646701200
0.312,26,Mar 09 2022 01: +0,1646787600
0.306,22,Mar 10 2022 01: +0,1646874000
0.317,37,Mar 11 2022 01: +0,1646960400
0.329,20,Mar 12 2022 01: +0,1647046800
0.338,41,Mar 13 2022 01: +0,1647133200
0.378,28,Mar 14 2022 01: +0,1647219600
0.37,24,Mar 15 2022 01: +0,1647306000
0.361,19,Mar 16 2022 01: +0,1647392400
0.396,16,Mar 17 2022 01: +0,1647478800
0.401,25,Mar 18 2022 01: +0,1647565200
0.373,23,Mar 19 2022 01: +0,1647651600
0.392,17,Mar 20 2022 01: +0,1647738000
0.35,22,Mar 21 2022 01: +0,1647824400
0.358,37,Mar 22 2022 01: +0,1647910800
0.355,22,Mar 23 2022 01: +0,1647997200
0.369,15,Mar 24 2022 01: +0,1648083600
0.359,31,Mar 25 2022 01: +0,1648170000
0.385,23,Mar 26 2022 01: +0,1648256400
0.351,28,Mar 27 2022 01: +0,1648342800
0.348,22,Mar 28 2022 01: +0,1648425600
0.354,34,Mar 29 2022 01: +0,1648512000
0.362,20,Mar 30 2022 01: +0,1648598400
0.351,20,Mar 31 2022 01: +0,1648684800
0.362,20,Apr 01 2022 01: +0,1648771200
0.343,22,Apr 02 2022 01: +0,1648857600
0.335,17,Apr 03 2022 01: +0,1648944000
0.316,33,Apr 04 2022 01: +0,1649030400
0.34,27,Apr 05 2022 01: +0,1649116800
0.324,19,Apr 06 2022 01: +0,1649203200
0.358,25,Apr 07 2022 01: +0,1649289600
0.341,22,Apr 08 2022 01: +0,1649376000
0.34,24,Apr 09 2022 01: +0,1649462400
0.354,26,Apr 10 2022 01: +0,1649548800
0.337,17,Apr 11 2022 01: +0,1649635200
0.386,46,Apr 12 2022 01: +0,1649721600
0.371,23,Apr 13 2022 01: +0,1649808000
0.329,20,Apr 14 2022 01: +0,1649894400
0.346,24,Apr 15 2022 01: +0,1649980800
0.358,33,Apr 16 2022 01: +0,1650067200
0.351,21,Apr 17 2022 01: +0,1650153600
0.348,17,Apr 18 2022 01: +0,1650240000
0.353,23,Apr 19 2022 01: +0,1650326400
0.38,31,Apr 20 2022 01: +0,1650412800
0.37,14,Apr 21 2022 01: +0,1650499200
0.405,13,Apr 22 2022 01: +0,1650585600
0.403,21,Apr 23 2022 01: +0,1650672000
0.389,19,Apr 24 2022 01: +0,1650758400
0.407,28,Apr 25 2022 01: +0,1650844800
0.39,13,Apr 26 2022 01: +0,1650931200
0.398,11,Apr 27 2022 01: +0,1651017600
0.368,20,Apr 28 2022 01: +0,1651104000
0.383,14,Apr 29 2022 01: +0,1651190400
0.401,30,Apr 30 2022 01: +0,1651276800
0.364,12,May 01 2022 01: +0,1651363200
0.36,27,May 02 2022 01: +0,1651449600
0.363,10,May 03 2022 01: +0,1651536000
0.354,29,May 04 2022 01: +0,1651622400
0.362,25,May 05 2022 01: +0,1651708800
0.355,11,May 06 2022 01: +0,1651795200
0.355,18,May 07 2022 01: +0,1651881600
0.336,36,May 08 2022 01: +0,1651968000
0.352,16,May 09 2022 01: +0,1652054400
0.365,20,May 10 2022 01: +0,1652140800
0.333,22,May 11 2022 01: +0,1652227200
0.362,29,May 12 2022 01: +0,1652313600
0.374,26,May 13 2022 01: +0,1652400000
0.367,19,May 14 2022 01: +0,1652486400
0.362,23,May 15 2022 01: +0,1652572800
0.397,33,May 16 2022 01: +0,1652659200
0.414,27,May 17 2022 01: +0,1652745600
0.39,12,May 18 2022 01: +0,1652832000
0.395,13,May 19 2022 01: +0,1652918400
0.367,12,May 20 2022 01: +0,1653004800
0.336,25,May 21 2022 01: +0,1653091200
0.33,18,May 22 2022 01: +0,1653177600
0.338,20,May 23 2022 01: +0,1653264000
0.358,24,May 24 2022 01: +0,1653350400
0.346,16,May 25 2022 01: +0,1653436800
0.335,30,May 26 2022 01: +0,1653523200
0.353,20,May 27 2022 01: +0,1653609600
0.345,28,May 28 2022 01: +0,1653696000
0.325,26,May 29 2022 01: +0,1653782400
0.329,25,May 30 2022 01: +0,1653868800
0.316,18,May 31 2022 01: +0,1653955200
0.346,36,Jun 01 2022 01: +0,1654041600
0.343,17,Jun 02 2022 01: +0,1654128000
0.284,16,Jun 03 2022 01: +0,1654214400
0.326,12,Jun 04 2022 01: +0,1654300800
0.334,24,Jun 05 2022 01: +0,1654387200
0.358,28,Jun 06 2022 01: +0,1654473600
0.369,15,Jun 07 2022 01: +0,1654560000
0.356,12,Jun 08 2022 01: +0,1654646400
0.335,24,Jun 09 2022 01: +0,1654732800
0.331,21,Jun 10 2022 01: +0,1654819200
0.321,21,Jun 11 2022 01: +0,1654905600
0.333,21,Jun 12 2022 01: +0,1654992000
0.359,25,Jun 13 2022 01: +0,1655078400
0.309,12,Jun 14 2022 01: +0,1655164800
0.33,16,Jun 15 2022 01: +0,1655251200
0.329,20,Jun 16 2022 01: +0,1655337600
0.294,9,Jun 17 2022 01: +0,1655424000
0.32,16,Jun 18 2022 01: +0,1655510400
0.315,12,Jun 19 2022 01: +0,1655596800
0.325,17,Jun 20 2022 01: +0,1655683200
0.321,20,Jun 21 2022 01: +0,1655769600
0.332,13,Jun 22 2022 01: +0,1655856000
0.291,14,Jun 23 2022 01: +0,1655942400
0.275,11,Jun 24 2022 01: +0,1656028800
0.278,22,Jun 25 2022 01: +0,1656115200
0.286,21,Jun 26 2022 01: +0,1656201600
0.288,24,Jun 27 2022 01: +0,1656288000
0.291,22,Jun 28 2022 01: +0,1656374400
0.272,17,Jun 29 2022 01: +0,1656460800
0.258,16,Jun 30 2022 01: +0,1656547200
0.275,32,Jul 01 2022 01: +0,1656633600
0.31,19,Jul 02 2022 01: +0,1656720000
0.307,22,Jul 03 2022 01: +0,1656806400
0.313,15,Jul 04 2022 01: +0,1656892800
0.288,23,Jul 05 2022 01: +0,1656979200
0.306,31,Jul 06 2022 01: +0,1657065600
0.295,22,Jul 07 2022 01: +0,1657152000
0.267,26,Jul 08 2022 01: +0,1657238400
0.293,8,Jul 09 2022 01: +0,1657324800
0.286,19,Jul 10 2022 01: +0,1657411200
0.291,18,Jul 11 2022 01: +0,1657497600
1.875,27,Jul 12 2022 01: +0,1657584000
0.28,11,Jul 13 2022 01: +0,1657670400
0.293,29,Jul 14 2022 01: +0,1657756800
0.305,20,Jul 15 2022 01: +0,1657843200
0.33,26,Jul 16 2022 01: +0,1657929600
0.349,22,Jul 17 2022 01: +0,1658016000
0.335,18,Jul 18 2022 01: +0,1658102400
0.33,23,Jul 19 2022 01: +0,1658188800
0.307,14,Jul 20 2022 01: +0,1658275200
0.33,29,Jul 21 2022 01: +0,1658361600
0.292,19,Jul 22 2022 01: +0,1658448000
0.317,43,Jul 23 2022 01: +0,1658534400
0.317,21,Jul 24 2022 01: +0,1658620800
0.316,16,Jul 25 2022 01: +0,1658707200
0.31,19,Jul 26 2022 01: +0,1658793600
0.287,22,Jul 27 2022 01: +0,1658880000
0.303,32,Jul 28 2022 01: +0,1658966400
0.319,16,Jul 29 2022 01: +0,1659052800
0.31,17,Jul 30 2022 01: +0,1659139200
0.31,20,Jul 31 2022 01: +0,1659225600
0.311,33,Aug 01 2022 01: +0,1659312000
0.334,16,Aug 02 2022 01: +0,1659398400
0.329,15,Aug 03 2022 01: +0,1659484800
0.314,17,Aug 04 2022 01: +0,1659571200
0.329,15,Aug 05 2022 01: +0,1659657600
0.33,20,Aug 06 2022 01: +0,1659744000
0.324,17,Aug 07 2022 01: +0,1659830400
0.319,27,Aug 08 2022 01: +0,1659916800
0.308,8,Aug 09 2022 01: +0,1660003200
0.327,19,Aug 10 2022 01: +0,1660089600
0.328,22,Aug 11 2022 01: +0,1660176000
0.317,25,Aug 12 2022 01: +0,1660262400
0.312,21,Aug 13 2022 01: +0,1660348800
0.316,37,Aug 14 2022 01: +0,1660435200
0.315,23,Aug 15 2022 01: +0,1660521600
0.325,28,Aug 16 2022 01: +0,1660608000
0.319,24,Aug 17 2022 01: +0,1660694400
0.31,25,Aug 18 2022 01: +0,1660780800
0.322,18,Aug 19 2022 01: +0,1660867200
0.301,25,Aug 20 2022 01: +0,1660953600
0.299,27,Aug 21 2022 01: +0,1661040000
0.325,15,Aug 22 2022 01: +0,1661126400
0.305,12,Aug 23 2022 01: +0,1661212800
0.312,16,Aug 24 2022 01: +0,1661299200
0.281,17,Aug 25 2022 01: +0,1661385600
0.315,24,Aug 26 2022 01: +0,1661472000
0.302,19,Aug 27 2022 01: +0,1661558400
0.287,16,Aug 28 2022 01: +0,1661644800
0.304,28,Aug 29 2022 01: +0,1661731200
0.29,17,Aug 30 2022 01: +0,1661817600
0.298,17,Aug 31 2022 01: +0,1661904000
0.3,19,Sep 01 2022 01: +0,1661990400
0.289,20,Sep 02 2022 01: +0,1662076800
0.292,23,Sep 03 2022 01: +0,1662163200
0.289,32,Sep 04 2022 01: +0,1662249600
0.28,17,Sep 05 2022 01: +0,1662336000
0.273,19,Sep 06 2022 01: +0,1662422400
0.287,18,Sep 07 2022 01: +0,1662508800
0.294,24,Sep 08 2022 01: +0,1662595200
0.283,29,Sep 09 2022 01: +0,1662681600
0.288,29,Sep 10 2022 01: +0,1662768000
0.284,26,Sep 11 2022 01: +0,1662854400
0.291,43,Sep 12 2022 01: +0,1662940800
0.295,25,Sep 13 2022 01: +0,1663027200
0.256,19,Sep 14 2022 01: +0,1663113600
0.297,28,Sep 15 2022 01: +0,1663200000
0.291,19,Sep 16 2022 01: +0,1663286400
0.281,18,Sep 17 2022 01: +0,1663372800
0.283,32,Sep 18 2022 01: +0,1663459200
0.298,22,Sep 19 2022 01: +0,1663545600
0.305,22,Sep 20 2022 01: +0,1663632000
0.292,20,Sep 21 2022 01: +0,1663718400
0.311,14,Sep 22 2022 01: +0,1663804800
0.296,16,Sep 23 2022 01: +0,1663891200
0.294,26,Sep 24 2022 01: +0,1663977600
0.29,24,Sep 25 2022 01: +0,1664064000
0.308,22,Sep 26 2022 01: +0,1664150400
0.303,21,Sep 27 2022 01: +0,1664236800
0.319,11,Sep 28 2022 01: +0,1664323200
0.263,13,Sep 29 2022 01: +0,1664409600
0.307,31,Sep 30 2022 01: +0,1664496000
0.278,26,Oct 01 2022 01: +0,1664582400
0.293,28,Oct 02 2022 01: +0,1664668800
0.295,19,Oct 03 2022 01: +0,1664755200
0.288,21,Oct 04 2022 01: +0,1664841600
0.292,28,Oct 05 2022 01: +0,1664928000
0.318,30,Oct 06 2022 01: +0,1665014400
0.291,16,Oct 07 2022 01: +0,1665100800
0.305,16,Oct 08 2022 01: +0,1665187200
0.316,15,Oct 09 2022 01: +0,1665273600
0.336,17,Oct 10 2022 01: +0,1665360000
0.317,31,Oct 11 2022 01: +0,1665446400
0.319,23,Oct 12 2022 01: +0,1665532800
0.301,24,Oct 13 2022 01: +0,1665619200
0.338,8,Oct 14 2022 01: +0,1665705600
0.352,19,Oct 15 2022 01: +0,1665792000
0.334,19,Oct 16 2022 01: +0,1665878400
0.361,14,Oct 17 2022 01: +0,1665964800
0.353,11,Oct 18 2022 01: +0,1666051200
0.368,12,Oct 19 2022 01: +0,1666137600
0.348,20,Oct 20 2022 01: +0,1666224000
0.371,25,Oct 21 2022 01: +0,1666310400
0.351,14,Oct 22 2022 01: +0,1666396800
0.323,10,Oct 23 2022 01: +0,1666483200
0.361,25,Oct 24 2022 01: +0,1666569600
0.354,17,Oct 25 2022 01: +0,1666656000
0.327,11,Oct 26 2022 01: +0,1666742400
0.349,19,Oct 27 2022 01: +0,1666828800
0.326,21,Oct 28 2022 01: +0,1666915200
0.285,14,Oct 29 2022 01: +0,1667001600
0.299,31,Oct 30 2022 01: +0,1667088000
0.317,19,Oct 31 2022 01: +0,1667178000
0.272,15,Nov 01 2022 01: +0,1667264400
0.298,21,Nov 02 2022 01: +0,1667350800
0.304,18,Nov 03 2022 01: +0,1667437200
0.282,8,Nov 04 2022 01: +0,1667523600
0.309,25,Nov 05 2022 01: +0,1667610000
0.311,31,Nov 06 2022 01: +0,1667696400
0.302,32,Nov 07 2022 01: +0,1667782800
0.317,15,Nov 08 2022 01: +0,1667869200
0.307,22,Nov 09 2022 01: +0,1667955600
0.303,20,Nov 10 2022 01: +0,1668042000
0.33,30,Nov 11 2022 01: +0,1668128400
0.332,26,Nov 12 2022 01: +0,1668214800
0.316,24,Nov 13 2022 01: +0,1668301200
0.318,15,Nov 14 2022 01: +0,1668387600
0.322,21,Nov 15 2022 01: +0,1668474000
0.331,12,Nov 16 2022 01: +0,1668560400
0.321,13,Nov 17 2022 01: +0,1668646800
0.318,15,Nov 18 2022 01: +0,1668733200
0.289,25,Nov 19 2022 01: +0,1668819600
0.29,26,Nov 20 2022 01: +0,1668906000
0.281,25,Nov 21 2022 01: +0,1668992400
0.288,24,Nov 22 2022 01: +0,1669078800
0.257,17,Nov 23 2022 01: +0,1669165200
0.264,15,Nov 24 2022 01: +0,1669251600
0.283,23,Nov 25 2022 01: +0,1669338000
0.279,17,Nov 26 2022 01: +0,1669424400
0.272,21,Nov 27 2022 01: +0,1669510800
0.278,23,Nov 28 2022 01: +0,1669597200
0.271,15,Nov 29 2022 01: +0,1669683600
0.274,17,Nov 30 2022 01: +0,1669770000
0.292,13,Dec 01 2022 01: +0,1669856400
0.287,53,Dec 02 2022 01: +0,1669942800
0.307,41,Dec 03 2022 01: +0,1670029200
0.31,25,Dec 04 2022 01: +0,1670115600
0.304,31,Dec 05 2022 01: +0,1670202000
0.322,16,Dec 06 2022 01: +0,1670288400
0.323,21,Dec 07 2022 01: +0,1670374800
0.313,18,Dec 08 2022 01: +0,1670461200
0.321,17,Dec 09 2022 01: +0,1670547600
0.331,21,Dec 10 2022 01: +0,1670634000
0.323,26,Dec 11 2022 01: +0,1670720400
0.322,16,Dec 12 2022 01: +0,1670806800
0.339,16,Dec 13 2022 01: +0,1670893200
0.389,17,Dec 14 2022 01: +0,1670979600
0.356,12,Dec 15 2022 01: +0,1671066000
0.361,9,Dec 16 2022 01: +0,1671152400
0.331,5,Dec 17 2022 01: +0,1671238800
0.333,22,Dec 18 2022 01: +0,1671325200
0.342,17,Dec 19 2022 01: +0,1671411600
0.296,27,Dec 20 2022 01: +0,1671498000
0.333,10,Dec 21 2022 01: +0,1671584400
0.325,27,Dec 22 2022 01: +0,1671670800
0.289,11,Dec 23 2022 01: +0,1671757200
0.383,24,Dec 24 2022 01: +0,1671843600
0.318,21,Dec 25 2022 01: +0,1671930000
0.287,30,Dec 26 2022 01: +0,1672016400
0.292,37,Dec 27 2022 01: +0,1672102800
0.291,14,Dec 28 2022 01: +0,1672189200
0.269,21,Dec 29 2022 01: +0,1672275600
0.293,30,Dec 30 2022 01: +0,1672362000
0.285,20,Dec 31 2022 01: +0,1672448400
0.291,22,Jan 01 2023 01: +0,1672534800
0.281,21,Jan 02 2023 01: +0,1672621200
0.275,36,Jan 03 2023 01: +0,1672707600
0.268,23,Jan 04 2023 01: +0,1672794000
0.295,33,Jan 05 2023 01: +0,1672880400
0.3,23,Jan 06 2023 01: +0,1672966800
0.298,30,Jan 07 2023 01: +0,1673053200
0.284,18,Jan 08 2023 01: +0,1673139600
0.32,39,Jan 09 2023 01: +0,1673226000
0.311,22,Jan 10 2023 01: +0,1673312400
0.303,32,Jan 11 2023 01: +0,1673398800
0.328,18,Jan 12 2023 01: +0,1673485200
0.325,24,Jan 13 2023 01: +0,1673571600
0.346,24,Jan 14 2023 01: +0,1673658000
0.398,17,Jan 15 2023 01: +0,1673744400
0.37,16,Jan 16 2023 01: +0,1673830800
0.386,21,Jan 17 2023 01: +0,1673917200
0.392,27,Jan 18 2023 01: +0,1674003600
0.353,21,Jan 19 2023 01: +0,1674090000
0.35,29,Jan 20 2023 01: +0,1674176400
0.397,24,Jan 21 2023 01: +0,1674262800
0.374,27,Jan 22 2023 01: +0,1674349200
0.341,20,Jan 23 2023 01: +0,1674435600
0.38,27,Jan 24 2023 01: +0,1674522000
0.347,45,Jan 25 2023 01: +0,1674608400
0.362,17,Jan 26 2023 01: +0,1674694800
0.368,30,Jan 27 2023 01: +0,1674781200
0.337,26,Jan 28 2023 01: +0,1674867600
0.369,26,Jan 29 2023 01: +0,1674954000
0.346,18,Jan 30 2023 01: +0,1675040400
0.396,18,Jan 31 2023 01: +0,1675126800
0.385,18,Feb 01 2023 01: +0,1675213200
0.375,27,Feb 02 2023 01: +0,1675299600
0.374,24,Feb 03 2023 01: +0,1675386000
0.398,24,Feb 04 2023 01: +0,1675472400
0.401,24,Feb 05 2023 01: +0,1675558800
0.386,15,Feb 06 2023 01: +0,1675645200
0.399,15,Feb 07 2023 01: +0,1675731600
0.415,16,Feb 08 2023 01: +0,1675818000
0.386,18,Feb 09 2023 01: +0,1675904400
0.408,35,Feb 10 2023 01: +0,1675990800
0.38,38,Feb 11 2023 01: +0,1676077200
0.38,41,Feb 12 2023 01: +0,1676163600
0.413,23,Feb 13 2023 01: +0,1676250000
0.412,25,Feb 14 2023 01: +0,1676336400
0.414,1,Feb 14 2023 21: +0,1676408400
0.45,2,Feb 14 2023 22: +0,1676412000
0.331,2,Feb 14 2023 23: +0,1676415600
0.447,1,Feb 15 2023 03: +0,1676430000
0.207,1,Feb 15 2023 04: +0,1676433600
0.467,2,Feb 15 2023 05: +0,1676437200
0.42,2,Feb 15 2023 10: +0,1676455200
0.422,1,Feb 15 2023 12: +0,1676462400
0.448,1,Feb 15 2023 13: +0,1676466000
0.448,1,Feb 15 2023 14: +0,1676469600
0.419,1,Feb 15 2023 15: +0,1676473200
0.446,3,Feb 15 2023 17: +0,1676480400
0.43,1,Feb 15 2023 22: +0,1676498400
0.415,2,Feb 15 2023 23: +0,1676502000
0.401,2,Feb 16 2023 00: +0,1676505600
0.437,4,Feb 16 2023 01: +0,1676509200
0.428,1,Feb 16 2023 07: +0,1676530800
0.356,1,Feb 16 2023 08: +0,1676534400
0.424,1,Feb 16 2023 13: +0,1676552400
0.396,2,Feb 16 2023 14: +0,1676556000
0.411,1,Feb 16 2023 17: +0,1676566800
0.442,1,Feb 16 2023 18: +0,1676570400
0.418,1,Feb 16 2023 19: +0,1676574000
0.426,1,Feb 16 2023 20: +0,1676577600
0.393,2,Feb 16 2023 23: +0,1676588400
0.365,2,Feb 17 2023 00: +0,1676592000
0.396,1,Feb 17 2023 02: +0,1676599200
0.339,1,Feb 17 2023 03: +0,1676602800
0.305,2,Feb 17 2023 04: +0,1676606400
0.428,2,Feb 17 2023 10: +0,1676628000
0.384,2,Feb 17 2023 11: +0,1676631600
0.373,5,Feb 17 2023 12: +0,1676635200
0.373,5,Feb 17 2023 13: +0,1676638800
0.344,5,Feb 17 2023 14: +0,1676642400
0.416,1,Feb 17 2023 15: +0,1676646000
0.385,2,Feb 17 2023 19: +0,1676660400
0.356,3,Feb 17 2023 20: +0,1676664000
0.455,19,Feb 17 2023 21: +0,1676667600
0.496,2,Feb 17 2023 22: +0,1676671200
0.496,3,Feb 18 2023 01: +0,1676682000
0.501,2,Feb 18 2023 02: +0,1676685600
0.488,1,Feb 18 2023 03: +0,1676689200
0.48,1,Feb 18 2023 07: +0,1676703600
0.496,3,Feb 18 2023 08: +0,1676707200
0.428,2,Feb 18 2023 10: +0,1676714400
0.553,4,Feb 18 2023 11: +0,1676718000
0.455,1,Feb 18 2023 14: +0,1676728800
0.496,7,Feb 18 2023 15: +0,1676732400
0.496,2,Feb 18 2023 16: +0,1676736000
0.496,1,Feb 18 2023 17: +0,1676739600
0.438,1,Feb 18 2023 18: +0,1676743200
0.408,1,Feb 18 2023 20: +0,1676750400
0.352,1,Feb 19 2023 02: +0,1676772000
0.506,1,Feb 19 2023 03: +0,1676775600
0.323,1,Feb 19 2023 04: +0,1676779200
0.414,1,Feb 19 2023 07: +0,1676790000
0.483,7,Feb 19 2023 10: +0,1676800800
0.409,1,Feb 19 2023 11: +0,1676804400
0.352,1,Feb 19 2023 12: +0,1676808000
0.397,4,Feb 19 2023 14: +0,1676815200
0.306,1,Feb 19 2023 15: +0,1676818800
0.41,2,Feb 19 2023 17: +0,1676826000
0.356,3,Feb 19 2023 18: +0,1676829600
0.471,4,Feb 19 2023 19: +0,1676833200
0.418,2,Feb 19 2023 21: +0,1676840400
0.44,1,Feb 19 2023 23: +0,1676847600
0.436,1,Feb 20 2023 00: +0,1676851200
0.428,1,Feb 20 2023 01: +0,1676854800
0.44,3,Feb 20 2023 02: +0,1676858400
0.424,1,Feb 20 2023 06: +0,1676872800
0.412,1,Feb 20 2023 10: +0,1676887200
0.508,1,Feb 20 2023 11: +0,1676890800
0.422,2,Feb 20 2023 12: +0,1676894400
0.409,4,Feb 20 2023 15: +0,1676905200
0.405,1,Feb 20 2023 17: +0,1676912400
0.414,3,Feb 20 2023 18: +0,1676916000
0.397,1,Feb 20 2023 19: +0,1676919600
0.418,1,Feb 20 2023 22: +0,1676930400
0.414,3,Feb 20 2023 23: +0,1676934000
0.389,1,Feb 21 2023 00: +0,1676937600
0.401,2,Feb 21 2023 01: +0,1676941200
0.419,1,Feb 21 2023 03: +0,1676948400
0.411,1,Feb 21 2023 09: +0,1676970000
0.424,1,Feb 21 2023 10: +0,1676973600
0.377,1,Feb 21 2023 11: +0,1676977200
0.269,2,Feb 21 2023 15: +0,1676991600
0.375,1,Feb 21 2023 16: +0,1676995200
0.383,4,Feb 21 2023 17: +0,1676998800
0.356,1,Feb 21 2023 19: +0,1677006000
0.378,7,Feb 21 2023 22: +0,1677016800
0.326,1,Feb 21 2023 23: +0,1677020400
0.327,2,Feb 22 2023 00: +0,1677024000
0.352,1,Feb 22 2023 02: +0,1677031200
0.356,1,Feb 22 2023 03: +0,1677034800
0.306,1,Feb 22 2023 05: +0,1677042000
0.4,5,Feb 22 2023 06: +0,1677045600
0.43,10,Feb 22 2023 08: +0,1677052800
0.442,4,Feb 22 2023 09: +0,1677056400
0.373,1,Feb 22 2023 14: +0,1677074400
0.451,2,Feb 22 2023 15: +0,1677078000
0.399,1,Feb 22 2023 16: +0,1677081600
0.444,1,Feb 22 2023 17: +0,1677085200
0.255,1,Feb 22 2023 19: +0,1677092400
0.404,4,Feb 22 2023 20: +0,1677096000
0.366,2,Feb 22 2023 21: +0,1677099600
0.356,1,Feb 22 2023 22: +0,1677103200
0.396,1,Feb 23 2023 00: +0,1677110400
0.405,1,Feb 23 2023 02: +0,1677117600
0.419,1,Feb 23 2023 03: +0,1677121200
0.428,2,Feb 23 2023 08: +0,1677139200
0.428,1,Feb 23 2023 10: +0,1677146400
0.404,4,Feb 23 2023 12: +0,1677153600
0.356,1,Feb 23 2023 13: +0,1677157200
0.407,1,Feb 23 2023 16: +0,1677168000
0.314,1,Feb 23 2023 18: +0,1677175200
0.314,1,Feb 23 2023 21: +0,1677186000
0.29,1,Feb 23 2023 22: +0,1677189600
0.353,1,Feb 23 2023 23: +0,1677193200
0.356,3,Feb 24 2023 00: +0,1677196800
0.379,2,Feb 24 2023 06: +0,1677218400
0.372,1,Feb 24 2023 07: +0,1677222000
0.36,2,Feb 24 2023 09: +0,1677229200
0.394,1,Feb 24 2023 11: +0,1677236400
0.399,2,Feb 24 2023 12: +0,1677240000
0.336,1,Feb 24 2023 16: +0,1677254400
0.401,10,Feb 24 2023 17: +0,1677258000
0.413,1,Feb 24 2023 18: +0,1677261600
0.412,1,Feb 24 2023 19: +0,1677265200
0.377,1,Feb 24 2023 20: +0,1677268800
0.356,4,Feb 24 2023 21: +0,1677272400
0.27,1,Feb 25 2023 01: +0,1677286800
0.312,2,Feb 25 2023 04: +0,1677297600
0.339,1,Feb 25 2023 06: +0,1677304800
0.381,1,Feb 25 2023 07: +0,1677308400
0.375,1,Feb 25 2023 08: +0,1677312000
0.333,1,Feb 25 2023 10: +0,1677319200
0.388,1,Feb 25 2023 12: +0,1677326400
0.397,4,Feb 25 2023 13: +0,1677330000
0.298,3,Feb 25 2023 14: +0,1677333600
0.363,2,Feb 25 2023 16: +0,1677340800
0.372,2,Feb 25 2023 18: +0,1677348000
0.339,2,Feb 25 2023 21: +0,1677358800
0.302,2,Feb 25 2023 22: +0,1677362400
0.331,1,Feb 26 2023 00: +0,1677369600
0.366,1,Feb 26 2023 05: +0,1677387600
0.27,1,Feb 26 2023 09: +0,1677402000
0.39,3,Feb 26 2023 10: +0,1677405600
0.281,2,Feb 26 2023 12: +0,1677412800
0.38,1,Feb 26 2023 13: +0,1677416400
0.38,2,Feb 26 2023 14: +0,1677420000
0.379,6,Feb 26 2023 15: +0,1677423600
0.306,1,Feb 26 2023 16: +0,1677427200
0.323,1,Feb 26 2023 17: +0,1677430800
0.314,1,Feb 26 2023 18: +0,1677434400
0.287,2,Feb 26 2023 19: +0,1677438000
0.323,1,Feb 26 2023 20: +0,1677441600
0.388,1,Feb 26 2023 21: +0,1677445200
0.331,1,Feb 26 2023 23: +0,1677452400
0.36,2,Feb 27 2023 01: +0,1677459600
0.395,3,Feb 27 2023 07: +0,1677481200
0.397,5,Feb 27 2023 08: +0,1677484800
0.399,1,Feb 27 2023 10: +0,1677492000
0.375,1,Feb 27 2023 15: +0,1677510000
0.388,1,Feb 27 2023 16: +0,1677513600
0.339,1,Feb 27 2023 18: +0,1677520800
0.391,1,Feb 27 2023 20: +0,1677528000
0.351,3,Feb 27 2023 22: +0,1677535200
0.354,2,Feb 27 2023 23: +0,1677538800
0.323,2,Feb 28 2023 03: +0,1677553200
0.371,2,Feb 28 2023 05: +0,1677560400
0.347,1,Feb 28 2023 09: +0,1677574800
0.39,1,Feb 28 2023 12: +0,1677585600
0.393,1,Feb 28 2023 14: +0,1677592800
0.331,1,Feb 28 2023 15: +0,1677596400
0.403,5,Feb 28 2023 16: +0,1677600000
0.306,1,Feb 28 2023 17: +0,1677603600
0.405,2,Feb 28 2023 18: +0,1677607200
0.362,1,Feb 28 2023 19: +0,1677610800
0.347,1,Feb 28 2023 20: +0,1677614400
0.376,1,Feb 28 2023 21: +0,1677618000
0.377,2,Feb 28 2023 22: +0,1677621600
0.354,1,Feb 28 2023 23: +0,1677625200
0.323,1,Mar 01 2023 00: +0,1677628800
0.391,1,Mar 01 2023 04: +0,1677643200
0.344,2,Mar 01 2023 05: +0,1677646800
0.331,1,Mar 01 2023 06: +0,1677650400
0.394,1,Mar 01 2023 12: +0,1677672000
0.392,1,Mar 01 2023 14: +0,1677679200
0.369,1,Mar 01 2023 15: +0,1677682800
0.331,1,Mar 01 2023 16: +0,1677686400
0.356,2,Mar 01 2023 17: +0,1677690000
0.388,2,Mar 01 2023 18: +0,1677693600
0.36,1,Mar 01 2023 19: +0,1677697200
0.364,1,Mar 01 2023 20: +0,1677700800
0.379,4,Mar 01 2023 21: +0,1677704400
0.364,2,Mar 01 2023 22: +0,1677708000
0.37,1,Mar 02 2023 00: +0,1677715200
0.356,2,Mar 02 2023 03: +0,1677726000
0.314,1,Mar 02 2023 04: +0,1677729600
0.372,1,Mar 02 2023 07: +0,1677740400
0.344,3,Mar 02 2023 08: +0,1677744000
0.371,5,Mar 02 2023 11: +0,1677754800
0.376,4,Mar 02 2023 12: +0,1677758400
0.39,2,Mar 02 2023 13: +0,1677762000
0.323,1,Mar 02 2023 14: +0,1677765600
0.356,2,Mar 02 2023 15: +0,1677769200
0.371,1,Mar 02 2023 16: +0,1677772800
0.347,5,Mar 02 2023 17: +0,1677776400
0.347,1,Mar 02 2023 18: +0,1677780000
0.356,3,Mar 02 2023 19: +0,1677783600
0.382,1,Mar 02 2023 20: +0,1677787200
0.373,2,Mar 02 2023 21: +0,1677790800
0.371,1,Mar 02 2023 23: +0,1677798000
0.389,1,Mar 03 2023 00: +0,1677801600
0.368,2,Mar 03 2023 01: +0,1677805200
0.37,3,Mar 03 2023 05: +0,1677819600
0.333,1,Mar 03 2023 07: +0,1677826800
0.281,1,Mar 03 2023 09: +0,1677834000
0.298,1,Mar 03 2023 10: +0,1677837600
0.373,3,Mar 03 2023 11: +0,1677841200
0.356,1,Mar 03 2023 13: +0,1677848400
0.393,1,Mar 03 2023 14: +0,1677852000
0.383,5,Mar 03 2023 16: +0,1677859200
0.368,2,Mar 03 2023 17: +0,1677862800
0.385,4,Mar 03 2023 18: +0,1677866400
0.385,7,Mar 03 2023 19: +0,1677870000
0.354,4,Mar 03 2023 20: +0,1677873600
0.347,1,Mar 03 2023 21: +0,1677877200
0.349,2,Mar 03 2023 22: +0,1677880800
0.306,1,Mar 03 2023 23: +0,1677884400
0.389,8,Mar 04 2023 00: +0,1677888000
0.356,3,Mar 04 2023 01: +0,1677891600
0.392,2,Mar 04 2023 02: +0,1677895200
0.339,3,Mar 04 2023 03: +0,1677898800
0.397,5,Mar 04 2023 04: +0,1677902400
0.393,1,Mar 04 2023 05: +0,1677906000
0.347,1,Mar 04 2023 06: +0,1677909600
0.39,1,Mar 04 2023 08: +0,1677916800
0.398,8,Mar 04 2023 09: +0,1677920400
0.499,2,Mar 04 2023 10: +0,1677924000
0.419,1,Mar 04 2023 11: +0,1677927600
0.387,3,Mar 04 2023 13: +0,1677934800
0.398,2,Mar 04 2023 14: +0,1677938400
0.356,1,Mar 04 2023 15: +0,1677942000
0.392,2,Mar 04 2023 16: +0,1677945600
0.39,1,Mar 04 2023 17: +0,1677949200
0.415,2,Mar 04 2023 18: +0,1677952800
0.379,2,Mar 04 2023 19: +0,1677956400
0.397,2,Mar 04 2023 20: +0,1677960000
0.418,2,Mar 04 2023 22: +0,1677967200
0.356,3,Mar 04 2023 23: +0,1677970800
0.335,2,Mar 05 2023 00: +0,1677974400
0.38,1,Mar 05 2023 04: +0,1677988800
0.397,7,Mar 05 2023 05: +0,1677992400
0.405,3,Mar 05 2023 06: +0,1677996000
0.405,1,Mar 05 2023 10: +0,1678010400
0.407,3,Mar 05 2023 11: +0,1678014000
0.405,1,Mar 05 2023 12: +0,1678017600
0.405,6,Mar 05 2023 13: +0,1678021200
0.405,3,Mar 05 2023 14: +0,1678024800
0.369,2,Mar 05 2023 15: +0,1678028400
0.405,3,Mar 05 2023 16: +0,1678032000
0.415,1,Mar 05 2023 17: +0,1678035600
0.405,1,Mar 05 2023 18: +0,1678039200
0.401,2,Mar 05 2023 19: +0,1678042800
0.359,2,Mar 05 2023 20: +0,1678046400
0.414,1,Mar 05 2023 21: +0,1678050000
0.368,2,Mar 06 2023 02: +0,1678068000
0.397,1,Mar 06 2023 04: +0,1678075200
0.389,2,Mar 06 2023 05: +0,1678078800
0.356,1,Mar 06 2023 06: +0,1678082400
0.389,1,Mar 06 2023 08: +0,1678089600
0.405,1,Mar 06 2023 09: +0,1678093200
0.414,1,Mar 06 2023 11: +0,1678100400
0.405,1,Mar 06 2023 12: +0,1678104000
0.37,2,Mar 06 2023 13: +0,1678107600
0.423,4,Mar 06 2023 14: +0,1678111200
0.404,5,Mar 06 2023 15: +0,1678114800
0.381,5,Mar 06 2023 16: +0,1678118400
0.405,1,Mar 06 2023 17: +0,1678122000
0.387,2,Mar 06 2023 19: +0,1678129200
0.382,2,Mar 06 2023 20: +0,1678132800
0.377,3,Mar 06 2023 21: +0,1678136400
0.38,5,Mar 06 2023 22: +0,1678140000
0.331,1,Mar 07 2023 01: +0,1678150800
0.333,1,Mar 07 2023 02: +0,1678154400
0.356,3,Mar 07 2023 03: +0,1678158000
0.356,1,Mar 07 2023 04: +0,1678161600
0.397,2,Mar 07 2023 05: +0,1678165200
0.332,2,Mar 07 2023 06: +0,1678168800
0.372,2,Mar 07 2023 09: +0,1678179600
0.361,2,Mar 07 2023 11: +0,1678186800
0.356,5,Mar 07 2023 13: +0,1678194000
0.399,1,Mar 07 2023 15: +0,1678201200
0.414,1,Mar 07 2023 16: +0,1678204800
0.356,1,Mar 07 2023 17: +0,1678208400
0.336,2,Mar 07 2023 18: +0,1678212000
0.427,10,Mar 07 2023 19: +0,1678215600
0.356,1,Mar 07 2023 22: +0,1678226400
0.356,1,Mar 07 2023 23: +0,1678230000
0.379,1,Mar 08 2023 00: +0,1678233600
0.331,1,Mar 08 2023 03: +0,1678244400
0.383,1,Mar 08 2023 06: +0,1678255200
0.323,4,Mar 08 2023 07: +0,1678258800
0.36,4,Mar 08 2023 10: +0,1678269600
0.363,2,Mar 08 2023 11: +0,1678273200
0.334,1,Mar 08 2023 12: +0,1678276800
0.356,1,Mar 08 2023 13: +0,1678280400
0.374,3,Mar 08 2023 14: +0,1678284000
0.377,4,Mar 08 2023 15: +0,1678287600
0.357,4,Mar 08 2023 16: +0,1678291200
0.372,2,Mar 08 2023 17: +0,1678294800
0.425,1,Mar 08 2023 18: +0,1678298400
0.356,1,Mar 08 2023 20: +0,1678305600
0.378,1,Mar 08 2023 21: +0,1678309200
0.315,2,Mar 08 2023 22: +0,1678312800
0.31,2,Mar 08 2023 23: +0,1678316400
0.366,3,Mar 09 2023 00: +0,1678320000
0.379,4,Mar 09 2023 01: +0,1678323600
0.379,3,Mar 09 2023 03: +0,1678330800
0.264,1,Mar 09 2023 08: +0,1678348800
0.368,2,Mar 09 2023 10: +0,1678356000
0.356,3,Mar 09 2023 12: +0,1678363200
0.31,2,Mar 09 2023 14: +0,1678370400
0.366,3,Mar 09 2023 18: +0,1678384800
0.36,2,Mar 09 2023 19: +0,1678388400
0.347,3,Mar 09 2023 22: +0,1678399200
0.356,2,Mar 10 2023 00: +0,1678406400
0.356,1,Mar 10 2023 01: +0,1678410000
0.384,2,Mar 10 2023 05: +0,1678424400
0.326,1,Mar 10 2023 07: +0,1678431600
0.367,1,Mar 10 2023 08: +0,1678435200
0.38,2,Mar 10 2023 11: +0,1678446000
0.411,10,Mar 10 2023 12: +0,1678449600
0.504,1,Mar 10 2023 13: +0,1678453200
0.339,1,Mar 10 2023 14: +0,1678456800
0.442,1,Mar 10 2023 15: +0,1678460400
0.371,1,Mar 10 2023 18: +0,1678471200
0.356,1,Mar 10 2023 19: +0,1678474800
0.339,2,Mar 10 2023 20: +0,1678478400
0.356,1,Mar 10 2023 21: +0,1678482000
0.376,2,Mar 11 2023 01: +0,1678496400
0.375,5,Mar 11 2023 02: +0,1678500000
0.414,2,Mar 11 2023 03: +0,1678503600
0.379,1,Mar 11 2023 06: +0,1678514400
0.356,1,Mar 11 2023 08: +0,1678521600
0.445,8,Mar 11 2023 10: +0,1678528800
0.427,1,Mar 11 2023 12: +0,1678536000
0.433,3,Mar 11 2023 14: +0,1678543200
0.39,2,Mar 11 2023 16: +0,1678550400
0.352,2,Mar 11 2023 17: +0,1678554000
0.331,2,Mar 11 2023 19: +0,1678561200
0.375,1,Mar 11 2023 20: +0,1678564800
0.379,2,Mar 11 2023 21: +0,1678568400
0.399,3,Mar 11 2023 22: +0,1678572000
0.402,2,Mar 12 2023 00: +0,1678579200
0.444,3,Mar 12 2023 01: +0,1678582800
0.297,2,Mar 12 2023 02: +0,1678586400
0.38,1,Mar 12 2023 05: +0,1678597200
0.356,3,Mar 12 2023 06: +0,1678600800
0.339,1,Mar 12 2023 09: +0,1678611600
0.375,5,Mar 12 2023 11: +0,1678618800
0.356,1,Mar 12 2023 12: +0,1678622400
0.432,4,Mar 12 2023 13: +0,1678626000
0.356,1,Mar 12 2023 16: +0,1678636800
0.336,2,Mar 12 2023 17: +0,1678640400
0.336,3,Mar 12 2023 18: +0,1678644000
0.379,1,Mar 12 2023 19: +0,1678647600
0.423,3,Mar 12 2023 20: +0,1678651200
0.415,3,Mar 12 2023 21: +0,1678654800
0.423,11,Mar 12 2023 22: +0,1678658400
0.356,1,Mar 12 2023 23: +0,1678662000
0.379,5,Mar 13 2023 01: +0,1678669200
0.38,1,Mar 13 2023 11: +0,1678705200
0.37,1,Mar 13 2023 14: +0,1678716000
0.332,4,Mar 13 2023 15: +0,1678719600
0.332,2,Mar 13 2023 16: +0,1678723200
0.356,1,Mar 13 2023 17: +0,1678726800
0.356,4,Mar 13 2023 18: +0,1678730400
0.392,3,Mar 13 2023 19: +0,1678734000
0.45,1,Mar 13 2023 20: +0,1678737600
0.376,1,Mar 13 2023 21: +0,1678741200
0.356,1,Mar 13 2023 22: +0,1678744800
0.405,1,Mar 14 2023 01: +0,1678755600
0.397,1,Mar 14 2023 03: +0,1678762800
0.405,1,Mar 14 2023 05: +0,1678770000
0.416,1,Mar 14 2023 09: +0,1678784400
0.307,2,Mar 14 2023 11: +0,1678791600
0.376,1,Mar 14 2023 12: +0,1678795200
0.33,1,Mar 14 2023 13: +0,1678798800
0.372,3,Mar 14 2023 14: +0,1678802400
0.331,2,Mar 14 2023 15: +0,1678806000
0.327,2,Mar 14 2023 16: +0,1678809600
0.369,2,Mar 14 2023 18: +0,1678816800
0.35,2,Mar 14 2023 19: +0,1678820400
0.387,4,Mar 14 2023 20: +0,1678824000
0.436,1,Mar 14 2023 21: +0,1678827600
0.343,1,Mar 14 2023 22: +0,1678831200
0.398,2,Mar 14 2023 23: +0,1678834800
0.374,2,Mar 15 2023 01: +0,1678842000
0.357,1,Mar 15 2023 02: +0,1678845600
0.357,1,Mar 15 2023 05: +0,1678856400
0.419,1,Mar 15 2023 07: +0,1678863600
0.418,1,Mar 15 2023 09: +0,1678870800
0.398,1,Mar 15 2023 10: +0,1678874400
0.46,1,Mar 15 2023 11: +0,1678878000
0.307,1,Mar 15 2023 12: +0,1678881600
0.398,1,Mar 15 2023 13: +0,1678885200
0.366,2,Mar 15 2023 14: +0,1678888800
0.398,3,Mar 15 2023 15: +0,1678892400
0.357,3,Mar 15 2023 18: +0,1678903200
0.417,1,Mar 15 2023 19: +0,1678906800
0.442,7,Mar 15 2023 20: +0,1678910400
0.426,2,Mar 15 2023 21: +0,1678914000
0.405,2,Mar 15 2023 23: +0,1678921200
0.449,4,Mar 16 2023 00: +0,1678924800
0.407,1,Mar 16 2023 05: +0,1678942800
0.399,1,Mar 16 2023 06: +0,1678946400
0.372,2,Mar 16 2023 09: +0,1678957200
0.394,2,Mar 16 2023 10: +0,1678960800
0.401,1,Mar 16 2023 11: +0,1678964400
0.407,1,Mar 16 2023 12: +0,1678968000
0.357,1,Mar 16 2023 13: +0,1678971600
0.414,1,Mar 16 2023 15: +0,1678978800
0.353,2,Mar 16 2023 16: +0,1678982400
0.365,2,Mar 16 2023 18: +0,1678989600
0.27,3,Mar 16 2023 19: +0,1678993200
0.354,2,Mar 16 2023 20: +0,1678996800
0.32,4,Mar 16 2023 21: +0,1679000400
0.439,1,Mar 17 2023 00: +0,1679011200
0.407,1,Mar 17 2023 02: +0,1679018400
0.399,2,Mar 17 2023 05: +0,1679029200
0.421,1,Mar 17 2023 06: +0,1679032800
0.422,3,Mar 17 2023 08: +0,1679040000
0.364,1,Mar 17 2023 11: +0,1679050800
0.341,3,Mar 17 2023 12: +0,1679054400
0.357,1,Mar 17 2023 14: +0,1679061600
0.392,3,Mar 17 2023 15: +0,1679065200
0.399,1,Mar 17 2023 16: +0,1679068800
0.363,4,Mar 17 2023 17: +0,1679072400
0.428,1,Mar 17 2023 18: +0,1679076000
0.426,1,Mar 17 2023 20: +0,1679083200
0.288,1,Mar 17 2023 21: +0,1679086800
0.402,2,Mar 17 2023 22: +0,1679090400
0.382,2,Mar 17 2023 23: +0,1679094000
0.427,3,Mar 18 2023 01: +0,1679101200
0.428,11,Mar 18 2023 02: +0,1679104800
0.357,2,Mar 18 2023 09: +0,1679130000
0.275,1,Mar 18 2023 11: +0,1679137200
0.426,2,Mar 18 2023 12: +0,1679140800
0.472,7,Mar 18 2023 13: +0,1679144400
0.346,3,Mar 18 2023 14: +0,1679148000
0.425,2,Mar 18 2023 15: +0,1679151600
0.333,2,Mar 18 2023 17: +0,1679158800
0.42,1,Mar 18 2023 18: +0,1679162400
0.452,1,Mar 18 2023 19: +0,1679166000
0.28,3,Mar 18 2023 20: +0,1679169600
0.385,1,Mar 18 2023 21: +0,1679173200
0.354,4,Mar 18 2023 22: +0,1679176800
0.351,4,Mar 18 2023 23: +0,1679180400
0.327,4,Mar 19 2023 00: +0,1679184000
0.416,2,Mar 19 2023 01: +0,1679187600
0.364,3,Mar 19 2023 02: +0,1679191200
0.416,1,Mar 19 2023 03: +0,1679194800
0.351,1,Mar 19 2023 04: +0,1679198400
0.384,2,Mar 19 2023 05: +0,1679202000
0.384,2,Mar 19 2023 06: +0,1679205600
0.36,2,Mar 19 2023 07: +0,1679209200
0.37,1,Mar 19 2023 08: +0,1679212800
0.425,3,Mar 19 2023 13: +0,1679230800
0.371,2,Mar 19 2023 14: +0,1679234400
0.373,1,Mar 19 2023 15: +0,1679238000
0.351,4,Mar 19 2023 16: +0,1679241600
0.371,4,Mar 19 2023 17: +0,1679245200
0.392,3,Mar 19 2023 19: +0,1679252400
0.351,2,Mar 19 2023 20: +0,1679256000
0.294,3,Mar 19 2023 21: +0,1679259600
0.387,3,Mar 19 2023 23: +0,1679266800
0.28,2,Mar 20 2023 00: +0,1679270400
0.343,1,Mar 20 2023 02: +0,1679277600
0.343,1,Mar 20 2023 04: +0,1679284800
0.338,1,Mar 20 2023 05: +0,1679288400
0.36,2,Mar 20 2023 08: +0,1679299200
0.384,2,Mar 20 2023 09: +0,1679302800
0.327,1,Mar 20 2023 10: +0,1679306400
0.353,2,Mar 20 2023 12: +0,1679313600
0.369,3,Mar 20 2023 13: +0,1679317200
0.388,1,Mar 20 2023 15: +0,1679324400
0.358,4,Mar 20 2023 16: +0,1679328000
0.339,1,Mar 20 2023 17: +0,1679331600
0.379,7,Mar 20 2023 19: +0,1679338800
0.383,4,Mar 20 2023 20: +0,1679342400
0.384,2,Mar 20 2023 21: +0,1679346000
0.352,2,Mar 21 2023 00: +0,1679356800
0.361,2,Mar 21 2023 01: +0,1679360400
0.384,3,Mar 21 2023 03: +0,1679367600
0.278,1,Mar 21 2023 04: +0,1679371200
0.364,2,Mar 21 2023 05: +0,1679374800
0.386,1,Mar 21 2023 07: +0,1679382000
0.352,1,Mar 21 2023 08: +0,1679385600
0.389,1,Mar 21 2023 09: +0,1679389200
0.378,3,Mar 21 2023 10: +0,1679392800
0.273,3,Mar 21 2023 11: +0,1679396400
0.36,2,Mar 21 2023 14: +0,1679407200
0.352,5,Mar 21 2023 15: +0,1679410800
0.401,4,Mar 21 2023 16: +0,1679414400
0.401,6,Mar 21 2023 17: +0,1679418000
0.396,6,Mar 21 2023 18: +0,1679421600
0.402,2,Mar 21 2023 19: +0,1679425200
0.343,1,Mar 21 2023 21: +0,1679432400
0.361,2,Mar 21 2023 22: +0,1679436000
0.343,2,Mar 22 2023 00: +0,1679443200
0.352,4,Mar 22 2023 01: +0,1679446800
0.358,2,Mar 22 2023 03: +0,1679454000
0.315,2,Mar 22 2023 04: +0,1679457600
0.388,5,Mar 22 2023 06: +0,1679464800
0.339,1,Mar 22 2023 07: +0,1679468400
0.366,2,Mar 22 2023 08: +0,1679472000
0.343,3,Mar 22 2023 09: +0,1679475600
0.384,1,Mar 22 2023 10: +0,1679479200
0.343,1,Mar 22 2023 12: +0,1679486400
0.375,1,Mar 22 2023 13: +0,1679490000
0.398,2,Mar 22 2023 14: +0,1679493600
0.394,2,Mar 22 2023 15: +0,1679497200
0.352,1,Mar 22 2023 16: +0,1679500800
0.352,1,Mar 22 2023 17: +0,1679504400
0.339,2,Mar 22 2023 18: +0,1679508000
0.384,1,Mar 22 2023 19: +0,1679511600
0.352,3,Mar 22 2023 20: +0,1679515200
0.458,1,Mar 22 2023 21: +0,1679518800
0.37,3,Mar 22 2023 22: +0,1679522400
0.388,4,Mar 23 2023 00: +0,1679529600
0.352,3,Mar 23 2023 01: +0,1679533200
0.377,1,Mar 23 2023 05: +0,1679547600
0.385,6,Mar 23 2023 06: +0,1679551200
0.352,1,Mar 23 2023 07: +0,1679554800
0.352,1,Mar 23 2023 10: +0,1679565600
0.392,7,Mar 23 2023 11: +0,1679569200
0.423,1,Mar 23 2023 13: +0,1679576400
0.392,4,Mar 23 2023 15: +0,1679583600
0.335,1,Mar 23 2023 16: +0,1679587200
0.343,5,Mar 23 2023 17: +0,1679590800
0.401,7,Mar 23 2023 18: +0,1679594400
0.372,2,Mar 23 2023 19: +0,1679598000
0.361,2,Mar 23 2023 20: +0,1679601600
0.402,2,Mar 23 2023 21: +0,1679605200
0.344,3,Mar 23 2023 22: +0,1679608800
0.374,2,Mar 23 2023 23: +0,1679612400
0.352,1,Mar 24 2023 03: +0,1679626800
0.352,1,Mar 24 2023 04: +0,1679630400
0.352,1,Mar 24 2023 05: +0,1679634000
0.352,1,Mar 24 2023 06: +0,1679637600
0.344,1,Mar 24 2023 07: +0,1679641200
0.365,2,Mar 24 2023 09: +0,1679648400
0.343,2,Mar 24 2023 11: +0,1679655600
0.336,3,Mar 24 2023 12: +0,1679659200
0.386,4,Mar 24 2023 13: +0,1679662800
0.576,1,Mar 24 2023 14: +0,1679666400
0.37,1,Mar 24 2023 15: +0,1679670000
0.335,2,Mar 24 2023 18: +0,1679680800
0.362,3,Mar 24 2023 19: +0,1679684400
0.332,1,Mar 24 2023 20: +0,1679688000
0.386,1,Mar 24 2023 21: +0,1679691600
0.336,3,Mar 24 2023 22: +0,1679695200
0.396,1,Mar 24 2023 23: +0,1679698800
0.449,5,Mar 25 2023 00: +0,1679702400
0.378,1,Mar 25 2023 01: +0,1679706000
0.349,2,Mar 25 2023 02: +0,1679709600
0.352,1,Mar 25 2023 03: +0,1679713200
0.344,1,Mar 25 2023 04: +0,1679716800
0.389,2,Mar 25 2023 05: +0,1679720400
0.255,3,Mar 25 2023 06: +0,1679724000
0.386,2,Mar 25 2023 09: +0,1679734800
0.393,1,Mar 25 2023 11: +0,1679742000
0.405,1,Mar 25 2023 12: +0,1679745600
0.405,3,Mar 25 2023 13: +0,1679749200
0.403,1,Mar 25 2023 14: +0,1679752800
0.393,1,Mar 25 2023 15: +0,1679756400
0.378,2,Mar 25 2023 16: +0,1679760000
0.405,1,Mar 25 2023 17: +0,1679763600
0.394,3,Mar 25 2023 18: +0,1679767200
0.388,2,Mar 25 2023 19: +0,1679770800
0.393,1,Mar 25 2023 20: +0,1679774400
0.403,6,Mar 25 2023 21: +0,1679778000
0.339,1,Mar 25 2023 22: +0,1679781600
0.414,1,Mar 25 2023 23: +0,1679785200
0.409,2,Mar 26 2023 00: +0,1679788800
0.414,13,Mar 26 2023 01: +0,1679792400
0.386,1,Mar 26 2023 02: +0,1679792400
0.414,1,Mar 26 2023 04: +0,1679799600
0.401,1,Mar 26 2023 06: +0,1679806800
0.414,1,Mar 26 2023 08: +0,1679814000
0.403,3,Mar 26 2023 09: +0,1679817600
0.405,3,Mar 26 2023 10: +0,1679821200
0.414,1,Mar 26 2023 11: +0,1679824800
0.352,1,Mar 26 2023 12: +0,1679828400
0.383,2,Mar 26 2023 13: +0,1679832000
0.412,3,Mar 26 2023 14: +0,1679835600
0.412,1,Mar 26 2023 15: +0,1679839200
0.414,4,Mar 26 2023 16: +0,1679842800
0.394,3,Mar 26 2023 17: +0,1679846400
0.403,3,Mar 26 2023 18: +0,1679850000
0.388,2,Mar 26 2023 19: +0,1679853600
0.357,2,Mar 26 2023 20: +0,1679857200
0.373,2,Mar 26 2023 21: +0,1679860800
0.375,1,Mar 26 2023 22: +0,1679864400
0.409,17,Mar 26 2023 23: +0,1679868000
0.403,1,Mar 27 2023 01: +0,1679875200
0.449,1,Mar 27 2023 02: +0,1679878800
0.355,2,Mar 27 2023 08: +0,1679900400
0.374,2,Mar 27 2023 11: +0,1679911200
0.409,1,Mar 27 2023 12: +0,1679914800
0.447,1,Mar 27 2023 14: +0,1679922000
0.416,3,Mar 27 2023 15: +0,1679925600
0.588,1,Mar 27 2023 17: +0,1679932800
0.302,1,Mar 27 2023 18: +0,1679936400
0.351,3,Mar 27 2023 19: +0,1679940000
0.393,3,Mar 27 2023 20: +0,1679943600
0.377,4,Mar 27 2023 21: +0,1679947200
0.413,1,Mar 27 2023 22: +0,1679950800
0.405,1,Mar 27 2023 23: +0,1679954400
0.414,2,Mar 28 2023 00: +0,1679958000
0.413,1,Mar 28 2023 01: +0,1679961600
0.285,1,Mar 28 2023 03: +0,1679968800
0.383,1,Mar 28 2023 04: +0,1679972400
0.411,2,Mar 28 2023 05: +0,1679976000
0.385,2,Mar 28 2023 06: +0,1679979600
0.37,2,Mar 28 2023 07: +0,1679983200
0.392,3,Mar 28 2023 08: +0,1679986800
0.351,1,Mar 28 2023 09: +0,1679990400
0.367,1,Mar 28 2023 10: +0,1679994000
0.412,2,Mar 28 2023 11: +0,1679997600
0.397,1,Mar 28 2023 13: +0,1680004800
0.378,1,Mar 28 2023 14: +0,1680008400
0.41,1,Mar 28 2023 17: +0,1680019200
0.381,4,Mar 28 2023 18: +0,1680022800
0.371,4,Mar 28 2023 19: +0,1680026400
0.441,2,Mar 28 2023 20: +0,1680030000
0.384,4,Mar 28 2023 21: +0,1680033600
0.396,1,Mar 28 2023 22: +0,1680037200
0.418,3,Mar 28 2023 23: +0,1680040800
0.382,2,Mar 29 2023 02: +0,1680051600
0.331,3,Mar 29 2023 03: +0,1680055200
0.375,1,Mar 29 2023 04: +0,1680058800
0.371,1,Mar 29 2023 05: +0,1680062400
0.374,2,Mar 29 2023 06: +0,1680066000
0.396,1,Mar 29 2023 07: +0,1680069600
0.348,1,Mar 29 2023 09: +0,1680076800
0.373,2,Mar 29 2023 11: +0,1680084000
0.39,3,Mar 29 2023 12: +0,1680087600
0.364,2,Mar 29 2023 13: +0,1680091200
0.398,1,Mar 29 2023 14: +0,1680094800
0.399,1,Mar 29 2023 15: +0,1680098400
0.348,1,Mar 29 2023 16: +0,1680102000
0.383,2,Mar 29 2023 17: +0,1680105600
0.542,2,Mar 29 2023 18: +0,1680109200
0.41,15,Mar 29 2023 19: +0,1680112800
0.41,2,Mar 29 2023 20: +0,1680116400
0.418,3,Mar 29 2023 21: +0,1680120000
0.4,1,Mar 29 2023 22: +0,1680123600
0.411,1,Mar 29 2023 23: +0,1680127200
0.409,1,Mar 30 2023 00: +0,1680130800
0.384,1,Mar 30 2023 02: +0,1680138000
0.346,2,Mar 30 2023 05: +0,1680148800
0.404,1,Mar 30 2023 06: +0,1680152400
0.243,2,Mar 30 2023 07: +0,1680156000
0.412,1,Mar 30 2023 08: +0,1680159600
0.316,1,Mar 30 2023 10: +0,1680166800
0.4,2,Mar 30 2023 12: +0,1680174000
0.367,1,Mar 30 2023 13: +0,1680177600
0.338,2,Mar 30 2023 14: +0,1680181200
0.398,6,Mar 30 2023 16: +0,1680188400
0.446,7,Mar 30 2023 17: +0,1680192000
0.436,3,Mar 30 2023 23: +0,1680213600
0.371,2,Mar 31 2023 00: +0,1680217200
0.409,2,Mar 31 2023 01: +0,1680220800
0.413,2,Mar 31 2023 02: +0,1680224400
0.441,1,Mar 31 2023 03: +0,1680228000
0.415,3,Mar 31 2023 08: +0,1680246000
0.415,1,Mar 31 2023 09: +0,1680249600
0.415,2,Mar 31 2023 10: +0,1680253200
0.418,4,Mar 31 2023 11: +0,1680256800
0.42,4,Mar 31 2023 12: +0,1680260400
0.49,1,Mar 31 2023 18: +0,1680282000
0.478,1,Mar 31 2023 23: +0,1680300000
0.461,5,Apr 01 2023 00: +0,1680303600
0.408,2,Apr 01 2023 01: +0,1680307200
0.487,2,Apr 01 2023 02: +0,1680310800
0.501,1,Apr 01 2023 03: +0,1680314400
0.504,1,Apr 01 2023 04: +0,1680318000
0.392,1,Apr 01 2023 05: +0,1680321600
0.413,2,Apr 01 2023 06: +0,1680325200
0.38,1,Apr 01 2023 08: +0,1680332400
0.495,3,Apr 01 2023 10: +0,1680339600
0.495,1,Apr 01 2023 11: +0,1680343200
0.44,3,Apr 01 2023 12: +0,1680346800
0.483,1,Apr 01 2023 13: +0,1680350400
0.448,2,Apr 01 2023 17: +0,1680364800
0.489,1,Apr 01 2023 18: +0,1680368400
0.398,2,Apr 01 2023 19: +0,1680372000
0.384,3,Apr 01 2023 20: +0,1680375600
0.472,4,Apr 01 2023 21: +0,1680379200
0.493,1,Apr 01 2023 22: +0,1680382800
0.413,1,Apr 02 2023 00: +0,1680390000
0.474,2,Apr 02 2023 02: +0,1680397200
0.372,1,Apr 02 2023 04: +0,1680404400
0.392,2,Apr 02 2023 06: +0,1680411600
0.395,2,Apr 02 2023 07: +0,1680415200
0.299,1,Apr 02 2023 09: +0,1680422400
0.429,2,Apr 02 2023 10: +0,1680426000
0.439,2,Apr 02 2023 11: +0,1680429600
0.413,1,Apr 02 2023 13: +0,1680436800
0.421,6,Apr 02 2023 17: +0,1680451200
0.44,8,Apr 02 2023 18: +0,1680454800
0.415,4,Apr 02 2023 19: +0,1680458400
0.462,2,Apr 02 2023 21: +0,1680465600
0.369,2,Apr 02 2023 23: +0,1680472800
0.483,1,Apr 03 2023 00: +0,1680476400
0.394,1,Apr 03 2023 01: +0,1680480000
0.42,1,Apr 03 2023 02: +0,1680483600
0.403,2,Apr 03 2023 03: +0,1680487200
0.425,1,Apr 03 2023 05: +0,1680494400
0.425,5,Apr 03 2023 07: +0,1680501600
0.38,3,Apr 03 2023 08: +0,1680505200
0.405,2,Apr 03 2023 09: +0,1680508800
0.431,1,Apr 03 2023 10: +0,1680512400
0.431,4,Apr 03 2023 13: +0,1680523200
0.459,2,Apr 03 2023 14: +0,1680526800
0.475,3,Apr 03 2023 15: +0,1680530400
0.392,4,Apr 03 2023 16: +0,1680534000
0.388,1,Apr 03 2023 17: +0,1680537600
0.438,2,Apr 03 2023 18: +0,1680541200
0.422,3,Apr 03 2023 19: +0,1680544800
0.413,1,Apr 03 2023 20: +0,1680548400
0.395,2,Apr 03 2023 21: +0,1680552000
0.421,1,Apr 03 2023 22: +0,1680555600
0.416,4,Apr 03 2023 23: +0,1680559200
0.406,1,Apr 04 2023 00: +0,1680562800
0.412,1,Apr 04 2023 02: +0,1680570000
0.351,1,Apr 04 2023 03: +0,1680573600
0.416,2,Apr 04 2023 04: +0,1680577200
0.42,3,Apr 04 2023 05: +0,1680580800
0.424,1,Apr 04 2023 06: +0,1680584400
0.396,3,Apr 04 2023 07: +0,1680588000
0.402,1,Apr 04 2023 09: +0,1680595200
0.432,1,Apr 04 2023 10: +0,1680598800
0.391,1,Apr 04 2023 14: +0,1680613200
0.392,3,Apr 04 2023 18: +0,1680627600
0.398,3,Apr 04 2023 19: +0,1680631200
0.409,3,Apr 04 2023 20: +0,1680634800
0.411,5,Apr 04 2023 21: +0,1680638400
0.428,10,Apr 04 2023 22: +0,1680642000
0.394,2,Apr 04 2023 23: +0,1680645600
0.403,3,Apr 05 2023 03: +0,1680660000
0.428,1,Apr 05 2023 06: +0,1680670800
0.452,3,Apr 05 2023 07: +0,1680674400
0.411,1,Apr 05 2023 09: +0,1680681600
0.452,5,Apr 05 2023 10: +0,1680685200
0.409,3,Apr 05 2023 11: +0,1680688800
0.408,4,Apr 05 2023 12: +0,1680692400
0.403,4,Apr 05 2023 13: +0,1680696000
0.42,1,Apr 05 2023 14: +0,1680699600
0.415,1,Apr 05 2023 15: +0,1680703200
0.38,2,Apr 05 2023 17: +0,1680710400
0.389,2,Apr 05 2023 18: +0,1680714000
0.388,2,Apr 05 2023 20: +0,1680721200
0.421,2,Apr 05 2023 21: +0,1680724800
0.249,1,Apr 05 2023 22: +0,1680728400
0.367,2,Apr 05 2023 23: +0,1680732000
0.44,2,Apr 06 2023 00: +0,1680735600
0.412,5,Apr 06 2023 01: +0,1680739200
0.367,2,Apr 06 2023 03: +0,1680746400
0.425,3,Apr 06 2023 05: +0,1680753600
0.382,4,Apr 06 2023 07: +0,1680760800
0.448,5,Apr 06 2023 09: +0,1680768000
0.416,2,Apr 06 2023 10: +0,1680771600
0.418,2,Apr 06 2023 17: +0,1680796800
0.468,10,Apr 06 2023 18: +0,1680800400
0.423,1,Apr 06 2023 19: +0,1680804000
0.395,1,Apr 06 2023 20: +0,1680807600
0.371,2,Apr 06 2023 21: +0,1680811200
0.402,3,Apr 06 2023 22: +0,1680814800
0.403,3,Apr 06 2023 23: +0,1680818400
0.322,1,Apr 07 2023 00: +0,1680822000
0.422,2,Apr 07 2023 01: +0,1680825600
0.403,2,Apr 07 2023 02: +0,1680829200
0.4,2,Apr 07 2023 04: +0,1680836400
0.334,2,Apr 07 2023 06: +0,1680843600
0.395,2,Apr 07 2023 07: +0,1680847200
0.395,1,Apr 07 2023 08: +0,1680850800
0.412,1,Apr 07 2023 10: +0,1680858000
0.438,4,Apr 07 2023 12: +0,1680865200
0.403,1,Apr 07 2023 15: +0,1680876000
0.449,1,Apr 07 2023 19: +0,1680890400
0.428,2,Apr 07 2023 20: +0,1680894000
0.439,1,Apr 07 2023 21: +0,1680897600
0.395,1,Apr 07 2023 22: +0,1680901200
0.43,4,Apr 07 2023 23: +0,1680904800
0.439,1,Apr 08 2023 00: +0,1680908400
0.416,4,Apr 08 2023 02: +0,1680915600
0.411,3,Apr 08 2023 04: +0,1680922800
0.387,1,Apr 08 2023 05: +0,1680926400
0.377,1,Apr 08 2023 06: +0,1680930000
0.444,1,Apr 08 2023 07: +0,1680933600
0.406,2,Apr 08 2023 09: +0,1680940800
0.46,3,Apr 08 2023 10: +0,1680944400
0.454,2,Apr 08 2023 11: +0,1680948000
0.454,2,Apr 08 2023 12: +0,1680951600
0.444,1,Apr 08 2023 17: +0,1680969600
0.45,2,Apr 08 2023 18: +0,1680973200
0.425,2,Apr 08 2023 19: +0,1680976800
0.421,2,Apr 08 2023 20: +0,1680980400
0.399,1,Apr 08 2023 21: +0,1680984000
0.413,1,Apr 08 2023 22: +0,1680987600
0.437,5,Apr 08 2023 23: +0,1680991200
0.435,3,Apr 09 2023 00: +0,1680994800
0.439,3,Apr 09 2023 01: +0,1680998400
0.446,2,Apr 09 2023 04: +0,1681009200
0.435,1,Apr 09 2023 05: +0,1681012800
0.387,3,Apr 09 2023 06: +0,1681016400
0.393,3,Apr 09 2023 07: +0,1681020000
0.435,1,Apr 09 2023 08: +0,1681023600
0.394,3,Apr 09 2023 09: +0,1681027200
0.406,4,Apr 09 2023 10: +0,1681030800
0.395,1,Apr 09 2023 11: +0,1681034400
0.448,1,Apr 09 2023 12: +0,1681038000
0.445,1,Apr 09 2023 17: +0,1681056000
0.395,3,Apr 09 2023 18: +0,1681059600
0.427,2,Apr 09 2023 19: +0,1681063200
0.454,5,Apr 09 2023 20: +0,1681066800
0.454,15,Apr 09 2023 21: +0,1681070400
0.406,4,Apr 09 2023 22: +0,1681074000
0.351,1,Apr 09 2023 23: +0,1681077600
0.449,6,Apr 10 2023 00: +0,1681081200
0.454,7,Apr 10 2023 01: +0,1681084800
0.392,2,Apr 10 2023 02: +0,1681088400
0.409,3,Apr 10 2023 03: +0,1681092000
0.406,2,Apr 10 2023 04: +0,1681095600
0.394,2,Apr 10 2023 05: +0,1681099200
0.408,1,Apr 10 2023 06: +0,1681102800
0.4,2,Apr 10 2023 09: +0,1681113600
0.448,1,Apr 10 2023 10: +0,1681117200
0.378,1,Apr 10 2023 11: +0,1681120800
0.439,3,Apr 10 2023 12: +0,1681124400
0.431,2,Apr 10 2023 13: +0,1681128000
0.44,2,Apr 10 2023 16: +0,1681138800
0.448,1,Apr 10 2023 17: +0,1681142400
0.445,4,Apr 10 2023 18: +0,1681146000
0.463,7,Apr 10 2023 19: +0,1681149600
0.421,2,Apr 10 2023 20: +0,1681153200
0.429,2,Apr 10 2023 21: +0,1681156800
0.437,1,Apr 10 2023 22: +0,1681160400
0.486,5,Apr 10 2023 23: +0,1681164000
0.445,1,Apr 11 2023 01: +0,1681171200
0.369,1,Apr 11 2023 02: +0,1681174800
0.502,1,Apr 11 2023 03: +0,1681178400
0.495,1,Apr 11 2023 05: +0,1681185600
0.488,2,Apr 11 2023 07: +0,1681192800
0.467,2,Apr 11 2023 10: +0,1681203600
0.471,2,Apr 11 2023 11: +0,1681207200
0.493,1,Apr 11 2023 13: +0,1681214400
0.497,1,Apr 11 2023 16: +0,1681225200
0.496,1,Apr 11 2023 17: +0,1681228800
0.441,1,Apr 11 2023 19: +0,1681236000
0.441,1,Apr 11 2023 20: +0,1681239600
0.473,5,Apr 11 2023 21: +0,1681243200
0.441,5,Apr 11 2023 22: +0,1681246800
0.417,3,Apr 11 2023 23: +0,1681250400
0.482,1,Apr 12 2023 00: +0,1681254000
0.496,2,Apr 12 2023 01: +0,1681257600
0.482,1,Apr 12 2023 02: +0,1681261200
0.487,3,Apr 12 2023 03: +0,1681264800
0.433,2,Apr 12 2023 04: +0,1681268400
0.425,1,Apr 12 2023 06: +0,1681275600
0.449,2,Apr 12 2023 08: +0,1681282800
0.417,2,Apr 12 2023 10: +0,1681290000
0.441,3,Apr 12 2023 11: +0,1681293600
0.441,1,Apr 12 2023 12: +0,1681297200
0.499,8,Apr 12 2023 18: +0,1681318800
0.441,3,Apr 12 2023 19: +0,1681322400
0.491,1,Apr 12 2023 20: +0,1681326000
0.484,1,Apr 12 2023 21: +0,1681329600
0.322,1,Apr 12 2023 22: +0,1681333200
0.529,1,Apr 12 2023 23: +0,1681336800
0.515,1,Apr 13 2023 00: +0,1681340400
0.37,1,Apr 13 2023 01: +0,1681344000
0.387,2,Apr 13 2023 02: +0,1681347600
0.441,1,Apr 13 2023 03: +0,1681351200
0.537,1,Apr 13 2023 05: +0,1681358400
0.369,1,Apr 13 2023 06: +0,1681362000
0.466,4,Apr 13 2023 10: +0,1681376400
0.465,2,Apr 13 2023 11: +0,1681380000
0.452,2,Apr 13 2023 12: +0,1681383600
0.482,1,Apr 13 2023 13: +0,1681387200
0.438,2,Apr 13 2023 19: +0,1681408800
0.475,3,Apr 13 2023 20: +0,1681412400
0.536,10,Apr 13 2023 22: +0,1681419600
0.417,1,Apr 13 2023 23: +0,1681423200
0.432,2,Apr 14 2023 00: +0,1681426800
0.424,2,Apr 14 2023 01: +0,1681430400
0.489,1,Apr 14 2023 04: +0,1681441200
0.479,1,Apr 14 2023 06: +0,1681448400
0.479,1,Apr 14 2023 07: +0,1681452000
0.57,1,Apr 14 2023 09: +0,1681459200
0.595,2,Apr 14 2023 10: +0,1681462800
0.477,2,Apr 14 2023 11: +0,1681466400
0.401,3,Apr 14 2023 12: +0,1681470000
0.441,3,Apr 14 2023 19: +0,1681495200
0.441,4,Apr 14 2023 20: +0,1681498800
0.401,1,Apr 14 2023 21: +0,1681502400
0.518,2,Apr 14 2023 22: +0,1681506000
0.345,2,Apr 14 2023 23: +0,1681509600
0.441,1,Apr 15 2023 00: +0,1681513200
0.513,2,Apr 15 2023 02: +0,1681520400
0.461,1,Apr 15 2023 05: +0,1681531200
0.417,1,Apr 15 2023 06: +0,1681534800
0.429,2,Apr 15 2023 07: +0,1681538400
0.421,2,Apr 15 2023 08: +0,1681542000
0.441,1,Apr 15 2023 09: +0,1681545600
0.493,4,Apr 15 2023 10: +0,1681549200
0.525,2,Apr 15 2023 20: +0,1681585200
0.53,1,Apr 15 2023 21: +0,1681588800
0.529,2,Apr 15 2023 22: +0,1681592400
0.451,1,Apr 15 2023 23: +0,1681596000
0.53,2,Apr 16 2023 00: +0,1681599600
0.504,1,Apr 16 2023 01: +0,1681603200
0.498,1,Apr 16 2023 02: +0,1681606800
0.53,3,Apr 16 2023 04: +0,1681614000
0.513,2,Apr 16 2023 06: +0,1681621200
0.433,1,Apr 16 2023 07: +0,1681624800
0.506,1,Apr 16 2023 08: +0,1681628400
0.46,1,Apr 16 2023 10: +0,1681635600
0.528,3,Apr 16 2023 11: +0,1681639200
0.571,1,Apr 16 2023 12: +0,1681642800
0.571,1,Apr 16 2023 16: +0,1681657200
0.591,2,Apr 16 2023 20: +0,1681671600
0.574,3,Apr 16 2023 21: +0,1681675200
0.504,1,Apr 16 2023 22: +0,1681678800
0.574,4,Apr 16 2023 23: +0,1681682400
0.557,1,Apr 17 2023 01: +0,1681689600
0.557,1,Apr 17 2023 02: +0,1681693200
0.417,2,Apr 17 2023 03: +0,1681696800
0.586,1,Apr 17 2023 04: +0,1681700400
0.574,1,Apr 17 2023 05: +0,1681704000
0.452,1,Apr 17 2023 07: +0,1681711200
0.401,7,Apr 17 2023 08: +0,1681714800
0.477,3,Apr 17 2023 11: +0,1681725600
0.513,2,Apr 17 2023 12: +0,1681729200
0.492,2,Apr 17 2023 17: +0,1681747200
0.581,1,Apr 17 2023 19: +0,1681754400
0.61,1,Apr 17 2023 20: +0,1681758000
0.468,1,Apr 17 2023 22: +0,1681765200
0.485,1,Apr 17 2023 23: +0,1681768800
0.469,2,Apr 18 2023 00: +0,1681772400
0.443,1,Apr 18 2023 01: +0,1681776000
0.89,2,Apr 18 2023 02: +0,1681779600
0.43,2,Apr 18 2023 03: +0,1681783200
0.52,3,Apr 18 2023 04: +0,1681786800
0.455,3,Apr 18 2023 10: +0,1681808400
0.441,2,Apr 18 2023 11: +0,1681812000
0.524,3,Apr 18 2023 12: +0,1681815600
0.532,1,Apr 18 2023 13: +0,1681819200
0.588,4,Apr 18 2023 14: +0,1681822800
0.537,1,Apr 18 2023 17: +0,1681833600
0.472,3,Apr 18 2023 18: +0,1681837200
0.431,2,Apr 18 2023 22: +0,1681851600
0.443,1,Apr 18 2023 23: +0,1681855200
0.49,2,Apr 19 2023 01: +0,1681862400
0.455,2,Apr 19 2023 02: +0,1681866000
0.56,2,Apr 19 2023 03: +0,1681869600
0.538,1,Apr 19 2023 04: +0,1681873200
0.435,1,Apr 19 2023 06: +0,1681880400
0.483,1,Apr 19 2023 07: +0,1681884000
0.496,2,Apr 19 2023 08: +0,1681887600
0.443,1,Apr 19 2023 10: +0,1681894800
0.548,1,Apr 19 2023 11: +0,1681898400
0.528,1,Apr 19 2023 15: +0,1681912800
0.55,2,Apr 19 2023 19: +0,1681927200
0.456,3,Apr 19 2023 20: +0,1681930800
0.555,1,Apr 19 2023 21: +0,1681934400
0.582,1,Apr 19 2023 22: +0,1681938000
0.551,2,Apr 19 2023 23: +0,1681941600
0.48,2,Apr 20 2023 00: +0,1681945200
0.504,2,Apr 20 2023 02: +0,1681952400
0.612,4,Apr 20 2023 03: +0,1681956000
0.538,1,Apr 20 2023 04: +0,1681959600
0.593,1,Apr 20 2023 05: +0,1681963200
0.512,2,Apr 20 2023 06: +0,1681966800
0.564,3,Apr 20 2023 07: +0,1681970400
0.304,3,Apr 20 2023 08: +0,1681974000
0.555,3,Apr 20 2023 09: +0,1681977600
0.573,4,Apr 20 2023 10: +0,1681981200
0.51,2,Apr 20 2023 11: +0,1681984800
0.411,1,Apr 20 2023 12: +0,1681988400
0.535,2,Apr 20 2023 13: +0,1681992000
0.55,4,Apr 20 2023 14: +0,1681995600
0.595,2,Apr 20 2023 15: +0,1681999200
0.606,2,Apr 20 2023 16: +0,1682002800
0.594,2,Apr 20 2023 17: +0,1682006400
0.467,1,Apr 20 2023 18: +0,1682010000
0.621,2,Apr 20 2023 19: +0,1682013600
0.443,1,Apr 20 2023 21: +0,1682020800
0.591,6,Apr 20 2023 23: +0,1682028000
0.485,1,Apr 21 2023 00: +0,1682031600
0.565,3,Apr 21 2023 01: +0,1682035200
0.477,5,Apr 21 2023 02: +0,1682038800
0.588,2,Apr 21 2023 04: +0,1682046000
0.538,1,Apr 21 2023 05: +0,1682049600
0.498,2,Apr 21 2023 07: +0,1682056800
0.491,3,Apr 21 2023 09: +0,1682064000
0.411,1,Apr 21 2023 11: +0,1682071200
0.619,3,Apr 21 2023 13: +0,1682078400
0.547,1,Apr 21 2023 14: +0,1682082000
0.547,5,Apr 21 2023 16: +0,1682089200
0.485,1,Apr 21 2023 17: +0,1682092800
0.573,4,Apr 21 2023 18: +0,1682096400
0.614,2,Apr 21 2023 19: +0,1682100000
0.274,1,Apr 21 2023 20: +0,1682103600
0.479,2,Apr 21 2023 22: +0,1682110800
0.486,2,Apr 21 2023 23: +0,1682114400
0.46,3,Apr 22 2023 00: +0,1682118000
0.521,4,Apr 22 2023 01: +0,1682121600
0.5,3,Apr 22 2023 02: +0,1682125200
0.621,1,Apr 22 2023 03: +0,1682128800
0.588,1,Apr 22 2023 04: +0,1682132400
0.566,1,Apr 22 2023 06: +0,1682139600
0.566,3,Apr 22 2023 07: +0,1682143200
0.527,2,Apr 22 2023 08: +0,1682146800
0.443,3,Apr 22 2023 09: +0,1682150400
0.568,2,Apr 22 2023 10: +0,1682154000
0.565,7,Apr 22 2023 11: +0,1682157600
0.521,4,Apr 22 2023 15: +0,1682172000
0.502,4,Apr 22 2023 16: +0,1682175600
0.488,5,Apr 22 2023 17: +0,1682179200
0.457,5,Apr 22 2023 18: +0,1682182800
0.442,1,Apr 22 2023 19: +0,1682186400
0.517,3,Apr 22 2023 20: +0,1682190000
0.509,4,Apr 22 2023 21: +0,1682193600
0.523,3,Apr 22 2023 23: +0,1682200800
0.571,4,Apr 23 2023 00: +0,1682204400
0.402,1,Apr 23 2023 01: +0,1682208000
0.454,2,Apr 23 2023 02: +0,1682211600
0.491,1,Apr 23 2023 03: +0,1682215200
0.378,2,Apr 23 2023 04: +0,1682218800
0.545,2,Apr 23 2023 05: +0,1682222400
0.483,2,Apr 23 2023 06: +0,1682226000
0.548,1,Apr 23 2023 07: +0,1682229600
0.491,1,Apr 23 2023 08: +0,1682233200
0.533,1,Apr 23 2023 09: +0,1682236800
0.548,1,Apr 23 2023 11: +0,1682244000
0.512,5,Apr 23 2023 13: +0,1682251200
0.505,2,Apr 23 2023 14: +0,1682254800
0.515,1,Apr 23 2023 15: +0,1682258400
0.491,5,Apr 23 2023 16: +0,1682262000
0.552,2,Apr 23 2023 17: +0,1682265600
0.567,1,Apr 23 2023 18: +0,1682269200
0.523,5,Apr 23 2023 19: +0,1682272800
0.551,2,Apr 23 2023 20: +0,1682276400
0.495,6,Apr 23 2023 22: +0,1682283600
0.525,2,Apr 23 2023 23: +0,1682287200
0.568,1,Apr 24 2023 00: +0,1682290800
0.491,1,Apr 24 2023 01: +0,1682294400
0.548,1,Apr 24 2023 02: +0,1682298000
0.556,1,Apr 24 2023 03: +0,1682301600
0.583,3,Apr 24 2023 06: +0,1682312400
0.492,2,Apr 24 2023 09: +0,1682323200
0.402,1,Apr 24 2023 10: +0,1682326800
0.469,2,Apr 24 2023 11: +0,1682330400
0.457,1,Apr 24 2023 12: +0,1682334000
0.574,1,Apr 24 2023 13: +0,1682337600
0.477,4,Apr 24 2023 14: +0,1682341200
0.539,5,Apr 24 2023 15: +0,1682344800
0.552,1,Apr 24 2023 16: +0,1682348400
0.415,2,Apr 24 2023 17: +0,1682352000
0.567,3,Apr 24 2023 18: +0,1682355600
0.565,2,Apr 24 2023 19: +0,1682359200
0.565,4,Apr 24 2023 20: +0,1682362800
0.587,8,Apr 24 2023 21: +0,1682366400
0.566,4,Apr 24 2023 23: +0,1682373600
0.54,1,Apr 25 2023 00: +0,1682377200
0.52,2,Apr 25 2023 01: +0,1682380800
0.531,1,Apr 25 2023 02: +0,1682384400
0.507,4,Apr 25 2023 04: +0,1682391600
0.555,1,Apr 25 2023 05: +0,1682395200
0.491,2,Apr 25 2023 07: +0,1682402400
0.469,3,Apr 25 2023 08: +0,1682406000
0.549,2,Apr 25 2023 10: +0,1682413200
0.41,1,Apr 25 2023 12: +0,1682420400
0.537,2,Apr 25 2023 14: +0,1682427600
0.54,1,Apr 25 2023 15: +0,1682431200
0.461,5,Apr 25 2023 16: +0,1682434800
0.54,7,Apr 25 2023 17: +0,1682438400
0.524,7,Apr 25 2023 19: +0,1682445600
0.551,3,Apr 25 2023 20: +0,1682449200
0.561,2,Apr 25 2023 21: +0,1682452800
0.401,2,Apr 26 2023 00: +0,1682463600
0.494,2,Apr 26 2023 01: +0,1682467200
0.487,1,Apr 26 2023 03: +0,1682474400
0.505,4,Apr 26 2023 04: +0,1682478000
0.53,1,Apr 26 2023 05: +0,1682481600
0.514,2,Apr 26 2023 06: +0,1682485200
0.549,3,Apr 26 2023 11: +0,1682503200
0.443,1,Apr 26 2023 12: +0,1682506800
0.495,1,Apr 26 2023 13: +0,1682510400
0.555,2,Apr 26 2023 14: +0,1682514000
0.53,1,Apr 26 2023 16: +0,1682521200
0.497,3,Apr 26 2023 18: +0,1682528400
0.458,2,Apr 26 2023 19: +0,1682532000
0.541,1,Apr 26 2023 21: +0,1682539200
0.556,2,Apr 26 2023 22: +0,1682542800
0.472,1,Apr 27 2023 03: +0,1682560800
0.505,1,Apr 27 2023 07: +0,1682575200
0.505,1,Apr 27 2023 08: +0,1682578800
0.507,3,Apr 27 2023 09: +0,1682582400
0.505,6,Apr 27 2023 10: +0,1682586000
0.479,1,Apr 27 2023 13: +0,1682596800
0.424,1,Apr 27 2023 14: +0,1682600400
0.392,5,Apr 27 2023 16: +0,1682607600
0.459,1,Apr 27 2023 17: +0,1682611200
0.458,1,Apr 27 2023 18: +0,1682614800
0.398,3,Apr 27 2023 19: +0,1682618400
0.466,1,Apr 27 2023 21: +0,1682625600
0.453,2,Apr 27 2023 22: +0,1682629200
0.543,2,Apr 27 2023 23: +0,1682632800
0.453,2,Apr 28 2023 00: +0,1682636400
0.544,2,Apr 28 2023 03: +0,1682647200
0.552,1,Apr 28 2023 07: +0,1682661600
0.498,2,Apr 28 2023 09: +0,1682668800
0.537,1,Apr 28 2023 10: +0,1682672400
0.475,1,Apr 28 2023 12: +0,1682679600
0.55,1,Apr 28 2023 13: +0,1682683200
0.505,2,Apr 28 2023 14: +0,1682686800
0.539,2,Apr 28 2023 15: +0,1682690400
0.554,1,Apr 28 2023 16: +0,1682694000
0.464,1,Apr 28 2023 18: +0,1682701200
0.48,7,Apr 28 2023 19: +0,1682704800
0.502,3,Apr 28 2023 20: +0,1682708400
0.461,1,Apr 28 2023 22: +0,1682715600
0.502,3,Apr 28 2023 23: +0,1682719200
0.436,2,Apr 29 2023 00: +0,1682722800
0.734,2,Apr 29 2023 01: +0,1682726400
0.464,2,Apr 29 2023 02: +0,1682730000
0.528,1,Apr 29 2023 03: +0,1682733600
0.377,2,Apr 29 2023 08: +0,1682751600
0.455,1,Apr 29 2023 10: +0,1682758800
0.44,1,Apr 29 2023 11: +0,1682762400
0.49,5,Apr 29 2023 12: +0,1682766000
0.272,3,Apr 29 2023 14: +0,1682773200
0.536,6,Apr 29 2023 15: +0,1682776800
0.542,7,Apr 29 2023 16: +0,1682780400
0.4,1,Apr 29 2023 17: +0,1682784000
0.56,7,Apr 29 2023 18: +0,1682787600
0.493,4,Apr 29 2023 20: +0,1682794800
0.466,1,Apr 29 2023 21: +0,1682798400
0.44,1,Apr 29 2023 22: +0,1682802000
0.537,6,Apr 30 2023 00: +0,1682809200
0.476,3,Apr 30 2023 01: +0,1682812800
0.475,1,Apr 30 2023 02: +0,1682816400
0.58,3,Apr 30 2023 04: +0,1682823600
0.432,1,Apr 30 2023 05: +0,1682827200
0.475,1,Apr 30 2023 07: +0,1682834400
0.53,4,Apr 30 2023 09: +0,1682841600
0.566,1,Apr 30 2023 10: +0,1682845200
0.519,2,Apr 30 2023 12: +0,1682852400
0.567,1,Apr 30 2023 13: +0,1682856000
0.579,3,Apr 30 2023 14: +0,1682859600
0.424,1,Apr 30 2023 15: +0,1682863200
0.568,1,Apr 30 2023 16: +0,1682866800
0.546,1,Apr 30 2023 17: +0,1682870400
0.56,1,Apr 30 2023 18: +0,1682874000
0.563,1,Apr 30 2023 19: +0,1682877600
0.568,3,Apr 30 2023 20: +0,1682881200
0.516,2,Apr 30 2023 21: +0,1682884800
0.546,1,Apr 30 2023 23: +0,1682892000
0.55,4,May 01 2023 00: +0,1682895600
0.592,4,May 01 2023 01: +0,1682899200
0.584,4,May 01 2023 02: +0,1682902800
0.46,3,May 01 2023 05: +0,1682913600
0.579,1,May 01 2023 06: +0,1682917200
0.572,1,May 01 2023 07: +0,1682920800
0.537,3,May 01 2023 10: +0,1682931600
0.408,1,May 01 2023 11: +0,1682935200
0.475,1,May 01 2023 12: +0,1682938800
0.475,2,May 01 2023 14: +0,1682946000
0.458,2,May 01 2023 15: +0,1682949600
0.529,5,May 01 2023 16: +0,1682953200
0.498,5,May 01 2023 17: +0,1682956800
0.525,4,May 01 2023 18: +0,1682960400
0.509,2,May 01 2023 20: +0,1682967600
0.452,4,May 01 2023 21: +0,1682971200
0.47,2,May 01 2023 22: +0,1682974800
0.477,2,May 02 2023 00: +0,1682982000
0.5,1,May 02 2023 02: +0,1682989200
0.504,1,May 02 2023 06: +0,1683003600
0.536,2,May 02 2023 09: +0,1683014400
0.536,1,May 02 2023 10: +0,1683018000
0.501,3,May 02 2023 12: +0,1683025200
0.527,4,May 02 2023 13: +0,1683028800
0.541,3,May 02 2023 15: +0,1683036000
0.546,3,May 02 2023 16: +0,1683039600
0.537,1,May 02 2023 17: +0,1683043200
0.583,4,May 02 2023 18: +0,1683046800
0.487,1,May 02 2023 19: +0,1683050400
0.52,7,May 02 2023 20: +0,1683054000
0.503,2,May 02 2023 21: +0,1683057600
0.543,3,May 02 2023 22: +0,1683061200
0.528,3,May 02 2023 23: +0,1683064800
0.473,1,May 03 2023 00: +0,1683068400
0.446,2,May 03 2023 01: +0,1683072000
0.54,5,May 03 2023 02: +0,1683075600
0.552,5,May 03 2023 03: +0,1683079200
0.552,2,May 03 2023 04: +0,1683082800
0.45,3,May 03 2023 06: +0,1683090000
0.544,3,May 03 2023 09: +0,1683100800
0.577,1,May 03 2023 10: +0,1683104400
0.569,3,May 03 2023 11: +0,1683108000
0.494,2,May 03 2023 12: +0,1683111600
0.495,2,May 03 2023 13: +0,1683115200
0.534,2,May 03 2023 14: +0,1683118800
0.566,2,May 03 2023 15: +0,1683122400
0.581,4,May 03 2023 16: +0,1683126000
0.587,3,May 03 2023 17: +0,1683129600
0.543,3,May 03 2023 18: +0,1683133200
0.614,6,May 03 2023 19: +0,1683136800
0.537,2,May 03 2023 20: +0,1683140400
0.615,2,May 03 2023 21: +0,1683144000
0.503,2,May 03 2023 23: +0,1683151200
0.506,1,May 04 2023 02: +0,1683162000
0.56,1,May 04 2023 03: +0,1683165600
0.497,1,May 04 2023 05: +0,1683172800
0.436,2,May 04 2023 07: +0,1683180000
0.552,2,May 04 2023 08: +0,1683183600
0.505,4,May 04 2023 09: +0,1683187200
0.536,2,May 04 2023 11: +0,1683194400
0.502,3,May 04 2023 12: +0,1683198000
0.5,2,May 04 2023 13: +0,1683201600
0.535,2,May 04 2023 14: +0,1683205200
0.489,4,May 04 2023 15: +0,1683208800
0.452,3,May 04 2023 17: +0,1683216000
0.488,2,May 04 2023 18: +0,1683219600
0.519,2,May 04 2023 19: +0,1683223200
0.549,17,May 04 2023 20: +0,1683226800
0.593,4,May 04 2023 21: +0,1683230400
0.506,1,May 04 2023 22: +0,1683234000
0.48,2,May 05 2023 00: +0,1683241200
0.535,1,May 05 2023 01: +0,1683244800
0.503,7,May 05 2023 04: +0,1683255600
0.51,3,May 05 2023 05: +0,1683259200
0.467,4,May 05 2023 07: +0,1683266400
0.51,1,May 05 2023 08: +0,1683270000
0.458,3,May 05 2023 11: +0,1683280800
0.401,1,May 05 2023 12: +0,1683284400
0.516,4,May 05 2023 13: +0,1683288000
0.474,1,May 05 2023 14: +0,1683291600
0.509,2,May 05 2023 15: +0,1683295200
0.517,3,May 05 2023 17: +0,1683302400
0.482,1,May 05 2023 18: +0,1683306000
0.499,3,May 05 2023 19: +0,1683309600
0.473,3,May 05 2023 20: +0,1683313200
0.58,1,May 05 2023 22: +0,1683320400
0.49,1,May 05 2023 23: +0,1683324000
0.497,1,May 06 2023 00: +0,1683327600
0.462,3,May 06 2023 01: +0,1683331200
0.414,1,May 06 2023 02: +0,1683334800
0.457,1,May 06 2023 03: +0,1683338400
0.466,3,May 06 2023 06: +0,1683349200
0.484,3,May 06 2023 07: +0,1683352800
0.49,3,May 06 2023 08: +0,1683356400
0.459,2,May 06 2023 09: +0,1683360000
0.45,3,May 06 2023 12: +0,1683370800
0.467,2,May 06 2023 13: +0,1683374400
0.497,2,May 06 2023 16: +0,1683385200
0.437,3,May 06 2023 17: +0,1683388800
0.466,6,May 06 2023 19: +0,1683396000
0.477,2,May 06 2023 20: +0,1683399600
0.482,4,May 06 2023 21: +0,1683403200
0.515,3,May 06 2023 22: +0,1683406800
0.501,2,May 06 2023 23: +0,1683410400
0.512,1,May 07 2023 00: +0,1683414000
0.469,1,May 07 2023 02: +0,1683421200
0.445,2,May 07 2023 03: +0,1683424800
0.475,1,May 07 2023 04: +0,1683428400
0.459,1,May 07 2023 05: +0,1683432000
0.429,1,May 07 2023 06: +0,1683435600
0.501,1,May 07 2023 09: +0,1683446400
0.463,1,May 07 2023 10: +0,1683450000
0.477,10,May 07 2023 11: +0,1683453600
0.449,4,May 07 2023 12: +0,1683457200
0.458,2,May 07 2023 13: +0,1683460800
0.437,5,May 07 2023 17: +0,1683475200
0.481,3,May 07 2023 18: +0,1683478800
0.502,10,May 07 2023 19: +0,1683482400
0.439,3,May 07 2023 20: +0,1683486000
0.475,2,May 07 2023 21: +0,1683489600
0.453,5,May 07 2023 22: +0,1683493200
0.421,2,May 07 2023 23: +0,1683496800
0.427,2,May 08 2023 00: +0,1683500400
0.439,1,May 08 2023 03: +0,1683511200
0.393,1,May 08 2023 04: +0,1683514800
0.384,1,May 08 2023 05: +0,1683518400
0.572,9,May 08 2023 06: +0,1683522000
0.446,2,May 08 2023 08: +0,1683529200
0.388,2,May 08 2023 10: +0,1683536400
0.427,2,May 08 2023 11: +0,1683540000
0.506,4,May 08 2023 12: +0,1683543600
0.504,1,May 08 2023 13: +0,1683547200
0.507,1,May 08 2023 15: +0,1683554400
0.453,1,May 08 2023 16: +0,1683558000
0.453,1,May 08 2023 17: +0,1683561600
0.434,1,May 08 2023 20: +0,1683572400
0.445,1,May 08 2023 21: +0,1683576000
0.436,1,May 08 2023 22: +0,1683579600
0.364,1,May 08 2023 23: +0,1683583200
0.461,5,May 09 2023 01: +0,1683590400
0.361,1,May 09 2023 02: +0,1683594000
0.467,4,May 09 2023 03: +0,1683597600
0.462,1,May 09 2023 04: +0,1683601200
0.482,1,May 09 2023 06: +0,1683608400
0.467,2,May 09 2023 08: +0,1683615600
0.474,1,May 09 2023 09: +0,1683619200
0.473,3,May 09 2023 10: +0,1683622800
0.504,3,May 09 2023 11: +0,1683626400
0.482,6,May 09 2023 12: +0,1683630000
0.503,2,May 09 2023 13: +0,1683633600
0.423,2,May 09 2023 14: +0,1683637200
0.498,2,May 09 2023 17: +0,1683648000
0.456,2,May 09 2023 19: +0,1683655200
0.485,2,May 09 2023 20: +0,1683658800
0.493,5,May 09 2023 22: +0,1683666000
0.437,3,May 10 2023 00: +0,1683673200
0.507,1,May 10 2023 02: +0,1683680400
0.509,1,May 10 2023 05: +0,1683691200
0.529,1,May 10 2023 06: +0,1683694800
0.494,2,May 10 2023 07: +0,1683698400
0.446,2,May 10 2023 11: +0,1683712800
0.449,2,May 10 2023 15: +0,1683727200
0.499,6,May 10 2023 18: +0,1683738000
0.502,1,May 10 2023 19: +0,1683741600
0.5,2,May 10 2023 21: +0,1683748800
0.382,2,May 10 2023 22: +0,1683752400
0.4,3,May 10 2023 23: +0,1683756000
0.469,1,May 11 2023 00: +0,1683759600
0.463,2,May 11 2023 02: +0,1683766800
0.456,2,May 11 2023 04: +0,1683774000
0.473,1,May 11 2023 06: +0,1683781200
0.395,1,May 11 2023 08: +0,1683788400
0.506,2,May 11 2023 09: +0,1683792000
0.452,2,May 11 2023 12: +0,1683802800
0.453,3,May 11 2023 14: +0,1683810000
0.402,3,May 11 2023 15: +0,1683813600
0.476,1,May 11 2023 17: +0,1683820800
0.509,1,May 11 2023 18: +0,1683824400
0.443,2,May 11 2023 21: +0,1683835200
0.456,1,May 12 2023 00: +0,1683846000
0.442,1,May 12 2023 01: +0,1683849600
0.456,1,May 12 2023 04: +0,1683860400
0.467,3,May 12 2023 07: +0,1683871200
0.488,1,May 12 2023 08: +0,1683874800
0.403,2,May 12 2023 09: +0,1683878400
0.463,1,May 12 2023 13: +0,1683892800
0.44,3,May 12 2023 14: +0,1683896400
0.463,1,May 12 2023 15: +0,1683900000
0.515,2,May 12 2023 16: +0,1683903600
0.392,1,May 12 2023 17: +0,1683907200
0.401,1,May 12 2023 18: +0,1683910800
0.456,1,May 12 2023 19: +0,1683914400
0.419,2,May 12 2023 20: +0,1683918000
0.456,2,May 12 2023 21: +0,1683921600
0.41,1,May 12 2023 22: +0,1683925200
0.496,6,May 13 2023 01: +0,1683936000
0.469,1,May 13 2023 02: +0,1683939600
0.432,1,May 13 2023 03: +0,1683943200
0.473,2,May 13 2023 04: +0,1683946800
0.472,1,May 13 2023 05: +0,1683950400
0.464,2,May 13 2023 08: +0,1683961200
0.462,1,May 13 2023 13: +0,1683979200
0.479,2,May 13 2023 16: +0,1683990000
0.432,1,May 13 2023 17: +0,1683993600
0.405,1,May 13 2023 18: +0,1683997200
0.47,1,May 13 2023 19: +0,1684000800
0.461,2,May 13 2023 20: +0,1684004400
0.436,2,May 13 2023 21: +0,1684008000
0.422,1,May 13 2023 22: +0,1684011600
0.432,1,May 14 2023 01: +0,1684022400
0.456,1,May 14 2023 03: +0,1684029600
0.464,1,May 14 2023 08: +0,1684047600
0.447,2,May 14 2023 09: +0,1684051200
0.49,4,May 14 2023 10: +0,1684054800
0.496,1,May 14 2023 11: +0,1684058400
0.409,1,May 14 2023 12: +0,1684062000
0.328,1,May 14 2023 13: +0,1684065600
0.478,3,May 14 2023 14: +0,1684069200
0.478,1,May 14 2023 15: +0,1684072800
0.46,2,May 14 2023 16: +0,1684076400
0.496,5,May 14 2023 17: +0,1684080000
0.472,2,May 14 2023 18: +0,1684083600
0.46,2,May 14 2023 19: +0,1684087200
0.472,1,May 14 2023 20: +0,1684090800
0.478,3,May 14 2023 21: +0,1684094400
0.476,2,May 15 2023 00: +0,1684105200
0.44,1,May 15 2023 01: +0,1684108800
0.48,1,May 15 2023 02: +0,1684112400
0.437,1,May 15 2023 04: +0,1684119600
0.464,1,May 15 2023 05: +0,1684123200
0.489,1,May 15 2023 07: +0,1684130400
0.495,1,May 15 2023 09: +0,1684137600
0.472,1,May 15 2023 10: +0,1684141200
0.432,1,May 15 2023 11: +0,1684144800
0.492,2,May 15 2023 12: +0,1684148400
0.487,2,May 15 2023 13: +0,1684152000
0.48,1,May 15 2023 14: +0,1684155600
0.519,4,May 15 2023 15: +0,1684159200
0.498,3,May 15 2023 16: +0,1684162800
0.491,2,May 15 2023 17: +0,1684166400
0.472,1,May 15 2023 18: +0,1684170000
0.499,1,May 15 2023 19: +0,1684173600
0.488,2,May 15 2023 20: +0,1684177200
0.478,3,May 15 2023 21: +0,1684180800
0.44,3,May 15 2023 23: +0,1684188000
0.488,2,May 16 2023 05: +0,1684209600
0.496,3,May 16 2023 06: +0,1684213200
0.488,2,May 16 2023 09: +0,1684224000
0.488,2,May 16 2023 10: +0,1684227600
0.464,3,May 16 2023 11: +0,1684231200
0.504,1,May 16 2023 12: +0,1684234800
0.505,8,May 16 2023 13: +0,1684238400
0.464,1,May 16 2023 15: +0,1684245600
0.44,1,May 16 2023 17: +0,1684252800
0.52,1,May 16 2023 18: +0,1684256400
0.515,1,May 16 2023 19: +0,1684260000
0.432,1,May 16 2023 20: +0,1684263600
0.44,3,May 16 2023 21: +0,1684267200
0.494,1,May 16 2023 23: +0,1684274400
0.48,1,May 17 2023 02: +0,1684285200
0.48,1,May 17 2023 03: +0,1684288800
0.48,1,May 17 2023 04: +0,1684292400
0.487,3,May 17 2023 05: +0,1684296000
0.496,1,May 17 2023 07: +0,1684303200
0.49,1,May 17 2023 08: +0,1684306800
0.464,2,May 17 2023 10: +0,1684314000
0.469,2,May 17 2023 12: +0,1684321200
0.497,1,May 17 2023 14: +0,1684328400
0.502,11,May 17 2023 15: +0,1684332000
0.391,1,May 17 2023 16: +0,1684335600
0.416,4,May 17 2023 17: +0,1684339200
0.329,1,May 17 2023 19: +0,1684346400
0.506,5,May 17 2023 22: +0,1684357200
0.48,1,May 18 2023 01: +0,1684368000
0.369,1,May 18 2023 03: +0,1684375200
0.413,2,May 18 2023 06: +0,1684386000
0.517,1,May 18 2023 09: +0,1684396800
0.51,6,May 18 2023 10: +0,1684400400
0.337,1,May 18 2023 12: +0,1684407600
0.519,2,May 18 2023 13: +0,1684411200
0.38,2,May 18 2023 16: +0,1684422000
0.482,5,May 18 2023 17: +0,1684425600
0.513,1,May 18 2023 18: +0,1684429200
0.474,3,May 18 2023 19: +0,1684432800
0.458,4,May 18 2023 20: +0,1684436400
0.655,3,May 18 2023 21: +0,1684440000
0.523,5,May 18 2023 22: +0,1684443600
0.546,1,May 18 2023 23: +0,1684447200
0.499,1,May 19 2023 00: +0,1684450800
0.563,1,May 19 2023 01: +0,1684454400
0.482,1,May 19 2023 02: +0,1684458000
0.558,1,May 19 2023 04: +0,1684465200
0.47,2,May 19 2023 06: +0,1684472400
0.568,1,May 19 2023 07: +0,1684476000
0.482,2,May 19 2023 10: +0,1684486800
0.627,7,May 19 2023 11: +0,1684490400
0.627,7,May 19 2023 12: +0,1684494000
0.546,2,May 19 2023 13: +0,1684497600
0.627,3,May 19 2023 14: +0,1684501200
0.617,6,May 19 2023 19: +0,1684519200
0.546,1,May 19 2023 22: +0,1684530000
0.482,6,May 20 2023 00: +0,1684537200
0.557,4,May 20 2023 01: +0,1684540800
0.619,3,May 20 2023 02: +0,1684544400
0.49,2,May 20 2023 04: +0,1684551600
0.482,3,May 20 2023 06: +0,1684558800
0.51,1,May 20 2023 07: +0,1684562400
0.49,2,May 20 2023 09: +0,1684569600
0.585,1,May 20 2023 10: +0,1684573200
0.49,1,May 20 2023 12: +0,1684580400
0.534,2,May 20 2023 14: +0,1684587600
0.482,1,May 20 2023 16: +0,1684594800
0.442,1,May 20 2023 17: +0,1684598400
0.482,1,May 20 2023 20: +0,1684609200
0.482,1,May 20 2023 22: +0,1684616400
0.486,2,May 20 2023 23: +0,1684620000
0.495,4,May 21 2023 00: +0,1684623600
0.474,2,May 21 2023 02: +0,1684630800
0.49,9,May 21 2023 04: +0,1684638000
0.525,6,May 21 2023 05: +0,1684641600
0.49,1,May 21 2023 07: +0,1684648800
0.49,1,May 21 2023 08: +0,1684652400
0.482,3,May 21 2023 09: +0,1684656000
0.49,5,May 21 2023 17: +0,1684684800
0.49,2,May 21 2023 19: +0,1684692000
0.448,2,May 21 2023 20: +0,1684695600
0.548,3,May 21 2023 22: +0,1684702800
0.455,2,May 21 2023 23: +0,1684706400
0.458,1,May 22 2023 00: +0,1684710000
0.514,3,May 22 2023 01: +0,1684713600
0.49,1,May 22 2023 04: +0,1684724400
0.375,2,May 22 2023 07: +0,1684735200
0.407,1,May 22 2023 08: +0,1684738800
0.556,2,May 22 2023 09: +0,1684742400
0.49,1,May 22 2023 11: +0,1684749600
0.542,4,May 22 2023 13: +0,1684756800
0.506,7,May 22 2023 16: +0,1684767600
0.482,1,May 22 2023 17: +0,1684771200
0.498,2,May 22 2023 19: +0,1684778400
0.458,1,May 22 2023 20: +0,1684782000
0.502,2,May 23 2023 00: +0,1684796400
0.498,1,May 23 2023 03: +0,1684807200
0.514,1,May 23 2023 04: +0,1684810800
0.458,1,May 23 2023 05: +0,1684814400
0.522,2,May 23 2023 06: +0,1684818000
0.482,1,May 23 2023 08: +0,1684825200
0.49,1,May 23 2023 09: +0,1684828800
0.482,2,May 23 2023 11: +0,1684836000
0.522,1,May 23 2023 12: +0,1684839600
0.53,1,May 23 2023 15: +0,1684850400
0.498,4,May 23 2023 17: +0,1684857600
0.55,1,May 23 2023 18: +0,1684861200
0.506,2,May 23 2023 19: +0,1684864800
0.498,2,May 23 2023 20: +0,1684868400
0.458,2,May 23 2023 21: +0,1684872000
0.482,2,May 23 2023 22: +0,1684875600
0.522,3,May 23 2023 23: +0,1684879200
0.514,1,May 24 2023 01: +0,1684886400
0.522,1,May 24 2023 02: +0,1684890000
0.514,1,May 24 2023 03: +0,1684893600
0.543,1,May 24 2023 04: +0,1684897200
0.53,1,May 24 2023 05: +0,1684900800
0.514,3,May 24 2023 06: +0,1684904400
0.442,1,May 24 2023 07: +0,1684908000
0.514,1,May 24 2023 08: +0,1684911600
0.515,2,May 24 2023 10: +0,1684918800
0.482,3,May 24 2023 11: +0,1684922400
0.525,1,May 24 2023 13: +0,1684929600
0.502,2,May 24 2023 16: +0,1684940400
0.525,3,May 24 2023 17: +0,1684944000
0.486,3,May 24 2023 18: +0,1684947600
0.567,1,May 24 2023 19: +0,1684951200
0.502,3,May 24 2023 20: +0,1684954800
0.486,1,May 25 2023 00: +0,1684969200
0.494,1,May 25 2023 02: +0,1684976400
0.502,2,May 25 2023 03: +0,1684980000
0.526,1,May 25 2023 05: +0,1684987200
0.491,2,May 25 2023 06: +0,1684990800
0.479,2,May 25 2023 10: +0,1685005200
0.462,1,May 25 2023 11: +0,1685008800
0.545,12,May 25 2023 13: +0,1685016000
0.427,1,May 25 2023 15: +0,1685023200
0.502,3,May 25 2023 17: +0,1685030400
0.502,1,May 25 2023 18: +0,1685034000
0.502,2,May 25 2023 19: +0,1685037600
0.535,2,May 25 2023 20: +0,1685041200
0.466,2,May 25 2023 22: +0,1685048400
0.583,1,May 26 2023 00: +0,1685055600
0.583,1,May 26 2023 01: +0,1685059200
0.54,2,May 26 2023 03: +0,1685066400
0.486,1,May 26 2023 04: +0,1685070000
0.544,2,May 26 2023 07: +0,1685080800
0.564,1,May 26 2023 09: +0,1685088000
0.462,1,May 26 2023 10: +0,1685091600
0.502,3,May 26 2023 13: +0,1685102400
0.568,1,May 26 2023 14: +0,1685106000
0.57,6,May 26 2023 15: +0,1685109600
0.502,2,May 26 2023 16: +0,1685113200
0.502,1,May 26 2023 18: +0,1685120400
0.569,10,May 26 2023 19: +0,1685124000
0.502,1,May 26 2023 20: +0,1685127600
0.694,1,May 26 2023 21: +0,1685131200
0.6,2,May 26 2023 22: +0,1685134800
0.566,4,May 26 2023 23: +0,1685138400
0.494,1,May 27 2023 01: +0,1685145600
0.569,1,May 27 2023 02: +0,1685149200
0.525,1,May 27 2023 04: +0,1685156400
0.542,2,May 27 2023 06: +0,1685163600
0.53,1,May 27 2023 09: +0,1685174400
0.535,1,May 27 2023 11: +0,1685181600
0.502,3,May 27 2023 13: +0,1685188800
0.477,1,May 27 2023 14: +0,1685192400
0.494,2,May 27 2023 16: +0,1685199600
0.52,2,May 27 2023 18: +0,1685206800
0.595,11,May 27 2023 19: +0,1685210400
0.688,1,May 27 2023 21: +0,1685217600
0.486,1,May 27 2023 23: +0,1685224800
0.51,1,May 28 2023 02: +0,1685235600
0.437,1,May 28 2023 03: +0,1685239200
0.51,1,May 28 2023 04: +0,1685242800
0.51,1,May 28 2023 08: +0,1685257200
0.553,3,May 28 2023 09: +0,1685260800
0.564,7,May 28 2023 10: +0,1685264400
0.51,1,May 28 2023 12: +0,1685271600
0.518,1,May 28 2023 13: +0,1685275200
0.526,2,May 28 2023 14: +0,1685278800
0.599,7,May 28 2023 16: +0,1685286000
0.582,2,May 28 2023 18: +0,1685293200
0.502,1,May 28 2023 20: +0,1685300400
0.592,2,May 28 2023 22: +0,1685307600
0.603,2,May 28 2023 23: +0,1685311200
0.543,2,May 29 2023 00: +0,1685314800
0.527,2,May 29 2023 01: +0,1685318400
0.372,1,May 29 2023 04: +0,1685329200
0.603,1,May 29 2023 09: +0,1685347200
0.534,1,May 29 2023 10: +0,1685350800
0.457,2,May 29 2023 12: +0,1685358000
0.445,1,May 29 2023 15: +0,1685368800
0.49,2,May 29 2023 16: +0,1685372400
0.506,2,May 29 2023 18: +0,1685379600
0.461,1,May 29 2023 20: +0,1685386800
0.533,2,May 29 2023 21: +0,1685390400
0.553,3,May 29 2023 23: +0,1685397600
0.534,1,May 30 2023 00: +0,1685401200
0.569,1,May 30 2023 02: +0,1685408400
0.551,2,May 30 2023 06: +0,1685422800
0.549,1,May 30 2023 08: +0,1685430000
0.659,18,May 30 2023 09: +0,1685433600
0.746,10,May 30 2023 10: +0,1685437200
0.368,1,May 30 2023 11: +0,1685440800
0.547,3,May 30 2023 14: +0,1685451600
0.614,2,May 30 2023 16: +0,1685458800
0.545,1,May 30 2023 17: +0,1685462400
0.518,1,May 30 2023 19: +0,1685469600
0.66,2,May 30 2023 20: +0,1685473200
0.417,1,May 30 2023 21: +0,1685476800
0.549,2,May 31 2023 00: +0,1685487600
0.659,1,May 31 2023 03: +0,1685498400
0.486,1,May 31 2023 04: +0,1685502000
0.662,9,May 31 2023 09: +0,1685520000
0.461,1,May 31 2023 10: +0,1685523600
0.607,1,May 31 2023 12: +0,1685530800
0.591,2,May 31 2023 13: +0,1685534400
0.555,2,May 31 2023 16: +0,1685545200
0.631,1,May 31 2023 18: +0,1685552400
0.631,5,May 31 2023 19: +0,1685556000
0.518,1,May 31 2023 21: +0,1685563200
0.611,2,Jun 01 2023 02: +0,1685581200
0.615,4,Jun 01 2023 07: +0,1685599200
0.603,2,Jun 01 2023 10: +0,1685610000
0.7,10,Jun 01 2023 14: +0,1685624400
0.642,1,Jun 01 2023 15: +0,1685628000
0.611,2,Jun 01 2023 17: +0,1685635200
0.673,2,Jun 01 2023 19: +0,1685642400
0.639,1,Jun 01 2023 23: +0,1685656800
0.559,1,Jun 02 2023 04: +0,1685674800
0.689,1,Jun 02 2023 05: +0,1685678400
0.664,2,Jun 02 2023 06: +0,1685682000
0.79,7,Jun 02 2023 12: +0,1685703600
0.865,2,Jun 02 2023 13: +0,1685707200
0.711,1,Jun 02 2023 15: +0,1685714400
0.711,1,Jun 02 2023 20: +0,1685732400
0.801,1,Jun 02 2023 22: +0,1685739600
0.752,1,Jun 02 2023 23: +0,1685743200
0.655,1,Jun 03 2023 01: +0,1685750400
0.752,1,Jun 03 2023 02: +0,1685754000
0.651,2,Jun 03 2023 06: +0,1685768400
0.767,2,Jun 03 2023 10: +0,1685782800
0.6,2,Jun 03 2023 11: +0,1685786400
0.657,1,Jun 03 2023 12: +0,1685790000
0.653,3,Jun 03 2023 13: +0,1685793600
0.583,1,Jun 03 2023 14: +0,1685797200
0.671,2,Jun 03 2023 16: +0,1685804400
0.639,1,Jun 03 2023 17: +0,1685808000
0.722,1,Jun 03 2023 18: +0,1685811600
0.658,1,Jun 03 2023 23: +0,1685829600
0.779,20,Jun 04 2023 00: +0,1685833200
0.809,1,Jun 04 2023 01: +0,1685836800
0.688,1,Jun 04 2023 02: +0,1685840400
0.704,1,Jun 04 2023 04: +0,1685847600
0.616,1,Jun 04 2023 09: +0,1685865600
0.545,1,Jun 04 2023 11: +0,1685872800
0.546,3,Jun 04 2023 12: +0,1685876400
0.741,1,Jun 04 2023 13: +0,1685880000
0.661,1,Jun 04 2023 14: +0,1685883600
0.662,2,Jun 04 2023 15: +0,1685887200
0.8,5,Jun 04 2023 16: +0,1685890800
0.758,1,Jun 04 2023 21: +0,1685908800
0.784,1,Jun 05 2023 01: +0,1685923200
0.656,1,Jun 05 2023 02: +0,1685926800
0.64,1,Jun 05 2023 07: +0,1685944800
0.792,9,Jun 05 2023 09: +0,1685952000
0.64,1,Jun 05 2023 10: +0,1685955600
0.689,1,Jun 05 2023 12: +0,1685962800
0.758,2,Jun 05 2023 13: +0,1685966400
0.648,1,Jun 05 2023 16: +0,1685977200
0.64,5,Jun 05 2023 17: +0,1685980800
0.818,1,Jun 05 2023 18: +0,1685984400
0.64,3,Jun 05 2023 19: +0,1685988000
0.668,1,Jun 05 2023 22: +0,1685998800
0.584,3,Jun 05 2023 23: +0,1686002400
0.528,1,Jun 06 2023 01: +0,1686009600
0.64,1,Jun 06 2023 03: +0,1686016800
0.651,1,Jun 06 2023 04: +0,1686020400
0.6,1,Jun 06 2023 05: +0,1686024000
0.664,1,Jun 06 2023 06: +0,1686027600
0.48,1,Jun 06 2023 07: +0,1686031200
0.816,8,Jun 06 2023 08: +0,1686034800
0.896,1,Jun 06 2023 09: +0,1686038400
0.709,1,Jun 06 2023 11: +0,1686045600
0.748,2,Jun 06 2023 18: +0,1686070800
0.688,1,Jun 06 2023 19: +0,1686074400
0.712,1,Jun 06 2023 21: +0,1686081600
0.712,1,Jun 06 2023 22: +0,1686085200
0.736,1,Jun 07 2023 00: +0,1686092400
0.427,1,Jun 07 2023 03: +0,1686103200
0.801,1,Jun 07 2023 04: +0,1686106800
0.894,15,Jun 07 2023 06: +0,1686114000
1.017,2,Jun 07 2023 07: +0,1686117600
1.01,3,Jun 07 2023 08: +0,1686121200
0.68,1,Jun 07 2023 16: +0,1686150000
0.672,1,Jun 07 2023 18: +0,1686157200
0.776,1,Jun 07 2023 20: +0,1686164400
0.846,1,Jun 07 2023 21: +0,1686168000
0.792,1,Jun 08 2023 00: +0,1686178800
0.744,1,Jun 08 2023 01: +0,1686182400
0.792,1,Jun 08 2023 02: +0,1686186000
0.644,1,Jun 08 2023 03: +0,1686189600
0.824,1,Jun 08 2023 04: +0,1686193200
0.792,1,Jun 08 2023 09: +0,1686211200
0.792,1,Jun 08 2023 11: +0,1686218400
0.792,1,Jun 08 2023 12: +0,1686222000
0.78,2,Jun 08 2023 13: +0,1686225600
0.654,3,Jun 08 2023 15: +0,1686232800
0.801,1,Jun 08 2023 17: +0,1686240000
0.76,1,Jun 08 2023 18: +0,1686243600
0.84,1,Jun 08 2023 19: +0,1686247200
0.56,1,Jun 08 2023 21: +0,1686254400
0.724,2,Jun 08 2023 22: +0,1686258000
0.576,1,Jun 08 2023 23: +0,1686261600
0.692,1,Jun 09 2023 00: +0,1686265200
0.868,12,Jun 09 2023 06: +0,1686286800
0.672,1,Jun 09 2023 09: +0,1686297600
0.798,1,Jun 09 2023 12: +0,1686308400
0.96,1,Jun 09 2023 16: +0,1686322800
0.787,2,Jun 09 2023 18: +0,1686330000
0.791,3,Jun 09 2023 19: +0,1686333600
0.8,1,Jun 09 2023 20: +0,1686337200
0.791,1,Jun 09 2023 21: +0,1686340800
0.788,2,Jun 10 2023 01: +0,1686355200
0.708,1,Jun 10 2023 02: +0,1686358800
0.708,1,Jun 10 2023 06: +0,1686373200
0.791,1,Jun 10 2023 08: +0,1686380400
0.783,3,Jun 10 2023 11: +0,1686391200
0.784,1,Jun 10 2023 12: +0,1686394800
0.769,1,Jun 10 2023 13: +0,1686398400
0.663,1,Jun 10 2023 14: +0,1686402000
0.791,1,Jun 10 2023 15: +0,1686405600
0.742,1,Jun 10 2023 16: +0,1686409200
0.7,2,Jun 10 2023 19: +0,1686420000
0.793,1,Jun 10 2023 21: +0,1686427200
0.82,1,Jun 10 2023 22: +0,1686430800
0.702,1,Jun 11 2023 11: +0,1686477600
0.69,2,Jun 11 2023 12: +0,1686481200
0.694,1,Jun 11 2023 16: +0,1686495600
0.655,1,Jun 11 2023 17: +0,1686499200
0.763,5,Jun 11 2023 18: +0,1686502800
0.702,1,Jun 11 2023 20: +0,1686510000
0.694,1,Jun 11 2023 21: +0,1686513600
0.67,2,Jun 11 2023 22: +0,1686517200
0.735,3,Jun 11 2023 23: +0,1686520800
0.787,1,Jun 12 2023 00: +0,1686524400
0.655,1,Jun 12 2023 01: +0,1686528000
0.678,1,Jun 12 2023 11: +0,1686564000
0.715,2,Jun 12 2023 13: +0,1686571200
0.773,4,Jun 12 2023 14: +0,1686574800
0.897,11,Jun 12 2023 16: +0,1686582000
0.768,5,Jun 12 2023 18: +0,1686589200
0.698,2,Jun 12 2023 20: +0,1686596400
0.712,1,Jun 12 2023 21: +0,1686600000
0.755,1,Jun 12 2023 23: +0,1686607200
0.763,2,Jun 13 2023 00: +0,1686610800
0.553,1,Jun 13 2023 02: +0,1686618000
0.741,1,Jun 13 2023 04: +0,1686625200
0.635,1,Jun 13 2023 07: +0,1686636000
0.659,4,Jun 13 2023 08: +0,1686639600
0.726,1,Jun 13 2023 09: +0,1686643200
0.789,31,Jun 13 2023 10: +0,1686646800
0.765,1,Jun 13 2023 21: +0,1686686400
0.94,3,Jun 13 2023 22: +0,1686690000
0.823,1,Jun 14 2023 05: +0,1686715200
0.86,3,Jun 14 2023 12: +0,1686740400
0.789,1,Jun 14 2023 13: +0,1686744000
0.789,2,Jun 14 2023 15: +0,1686751200
0.827,3,Jun 14 2023 16: +0,1686754800
0.695,2,Jun 14 2023 18: +0,1686762000
0.655,1,Jun 14 2023 19: +0,1686765600
0.868,3,Jun 14 2023 21: +0,1686772800
0.848,1,Jun 15 2023 02: +0,1686790800
0.88,4,Jun 15 2023 08: +0,1686812400
0.781,1,Jun 15 2023 09: +0,1686816000
0.663,17,Jun 15 2023 12: +0,1686826800
0.785,2,Jun 15 2023 15: +0,1686837600
0.823,2,Jun 15 2023 16: +0,1686841200
0.761,1,Jun 15 2023 17: +0,1686844800
0.771,1,Jun 15 2023 19: +0,1686852000
0.757,1,Jun 15 2023 20: +0,1686855600
0.781,1,Jun 15 2023 23: +0,1686866400
0.741,1,Jun 16 2023 02: +0,1686877200
0.741,1,Jun 16 2023 03: +0,1686880800
0.757,1,Jun 16 2023 05: +0,1686888000
0.733,1,Jun 16 2023 07: +0,1686895200
0.679,1,Jun 16 2023 09: +0,1686902400
0.825,1,Jun 16 2023 10: +0,1686906000
0.8,2,Jun 16 2023 15: +0,1686924000
0.811,1,Jun 16 2023 16: +0,1686927600
0.81,1,Jun 16 2023 17: +0,1686931200
0.81,1,Jun 16 2023 19: +0,1686938400
0.854,4,Jun 16 2023 20: +0,1686942000
0.764,3,Jun 16 2023 22: +0,1686949200
0.757,1,Jun 17 2023 00: +0,1686956400
0.538,1,Jun 17 2023 04: +0,1686970800
0.835,1,Jun 17 2023 09: +0,1686988800
0.844,3,Jun 17 2023 10: +0,1686992400
0.871,4,Jun 17 2023 12: +0,1686999600
0.78,1,Jun 17 2023 14: +0,1687006800
0.864,3,Jun 17 2023 19: +0,1687024800
0.835,1,Jun 17 2023 22: +0,1687035600
0.764,1,Jun 18 2023 01: +0,1687046400
0.86,1,Jun 18 2023 05: +0,1687060800
0.919,4,Jun 18 2023 06: +0,1687064400
0.897,1,Jun 18 2023 07: +0,1687068000
0.858,1,Jun 18 2023 10: +0,1687078800
0.858,1,Jun 18 2023 12: +0,1687086000
0.816,2,Jun 18 2023 13: +0,1687089600
0.935,2,Jun 18 2023 18: +0,1687107600
0.858,1,Jun 18 2023 19: +0,1687111200
0.788,1,Jun 18 2023 21: +0,1687118400
0.718,1,Jun 19 2023 03: +0,1687140000
0.844,3,Jun 19 2023 04: +0,1687143600
0.764,1,Jun 19 2023 06: +0,1687150800
0.858,1,Jun 19 2023 09: +0,1687161600
0.858,1,Jun 19 2023 11: +0,1687168800
0.835,3,Jun 19 2023 14: +0,1687179600
0.725,1,Jun 19 2023 15: +0,1687183200
0.784,2,Jun 19 2023 19: +0,1687197600
0.896,3,Jun 19 2023 20: +0,1687201200
0.628,1,Jun 19 2023 22: +0,1687208400
0.631,2,Jun 20 2023 01: +0,1687219200
0.905,1,Jun 20 2023 03: +0,1687226400
0.921,7,Jun 20 2023 07: +0,1687240800
0.834,1,Jun 20 2023 09: +0,1687248000
0.866,1,Jun 20 2023 10: +0,1687251600
0.913,1,Jun 20 2023 13: +0,1687262400
0.663,1,Jun 20 2023 17: +0,1687276800
0.881,1,Jun 20 2023 18: +0,1687280400
0.866,1,Jun 20 2023 20: +0,1687287600
0.944,1,Jun 21 2023 00: +0,1687302000
0.881,1,Jun 21 2023 05: +0,1687320000
0.906,1,Jun 21 2023 07: +0,1687327200
0.832,1,Jun 21 2023 11: +0,1687341600
0.96,8,Jun 21 2023 13: +0,1687348800
1.102,9,Jun 21 2023 14: +0,1687352400
1.2,3,Jun 21 2023 20: +0,1687374000
1.03,1,Jun 21 2023 22: +0,1687381200
0.557,1,Jun 22 2023 05: +0,1687406400
0.96,1,Jun 22 2023 07: +0,1687413600
0.956,2,Jun 22 2023 10: +0,1687424400
0.89,1,Jun 22 2023 11: +0,1687428000
0.941,4,Jun 22 2023 16: +0,1687446000
0.77,1,Jun 22 2023 17: +0,1687449600
0.941,5,Jun 22 2023 19: +0,1687456800
0.794,1,Jun 22 2023 20: +0,1687460400
0.875,2,Jun 22 2023 22: +0,1687467600
0.842,1,Jun 23 2023 01: +0,1687478400
0.849,1,Jun 23 2023 02: +0,1687482000
0.817,3,Jun 23 2023 06: +0,1687496400
0.818,1,Jun 23 2023 07: +0,1687500000
0.794,1,Jun 23 2023 08: +0,1687503600
0.661,3,Jun 23 2023 09: +0,1687507200
0.724,2,Jun 23 2023 10: +0,1687510800
0.763,1,Jun 23 2023 11: +0,1687514400
0.779,1,Jun 23 2023 12: +0,1687518000
0.825,2,Jun 23 2023 14: +0,1687525200
0.783,2,Jun 23 2023 19: +0,1687543200
0.692,3,Jun 23 2023 20: +0,1687546800
0.794,1,Jun 23 2023 21: +0,1687550400
0.827,10,Jun 23 2023 22: +0,1687554000
0.763,1,Jun 24 2023 00: +0,1687561200
0.743,1,Jun 24 2023 04: +0,1687575600
0.856,1,Jun 24 2023 09: +0,1687593600
0.743,2,Jun 24 2023 10: +0,1687597200
0.786,1,Jun 24 2023 11: +0,1687600800
0.845,2,Jun 24 2023 12: +0,1687604400
0.779,1,Jun 24 2023 14: +0,1687611600
0.818,2,Jun 24 2023 15: +0,1687615200
0.811,2,Jun 24 2023 16: +0,1687618800
0.865,4,Jun 24 2023 20: +0,1687633200
0.868,9,Jun 24 2023 21: +0,1687636800
0.919,2,Jun 24 2023 22: +0,1687640400
0.926,4,Jun 24 2023 23: +0,1687644000
0.842,1,Jun 25 2023 01: +0,1687651200
0.849,1,Jun 25 2023 03: +0,1687658400
0.668,1,Jun 25 2023 04: +0,1687662000
0.873,1,Jun 25 2023 07: +0,1687672800
0.934,2,Jun 25 2023 08: +0,1687676400
0.956,4,Jun 25 2023 09: +0,1687680000
0.881,1,Jun 25 2023 10: +0,1687683600
0.943,2,Jun 25 2023 11: +0,1687687200
0.794,1,Jun 25 2023 13: +0,1687694400
0.826,2,Jun 25 2023 14: +0,1687698000
0.853,4,Jun 25 2023 17: +0,1687708800
0.935,2,Jun 25 2023 18: +0,1687712400
0.96,9,Jun 25 2023 19: +0,1687716000
1.123,1,Jun 25 2023 20: +0,1687719600
0.865,3,Jun 25 2023 21: +0,1687723200
0.897,2,Jun 26 2023 01: +0,1687737600
0.865,1,Jun 26 2023 02: +0,1687741200
0.865,1,Jun 26 2023 03: +0,1687744800
0.924,2,Jun 26 2023 04: +0,1687748400
0.959,2,Jun 26 2023 09: +0,1687766400
0.995,2,Jun 26 2023 10: +0,1687770000
0.975,1,Jun 26 2023 11: +0,1687773600
0.975,1,Jun 26 2023 12: +0,1687777200
0.975,1,Jun 26 2023 16: +0,1687791600
0.943,2,Jun 26 2023 17: +0,1687795200
0.952,1,Jun 26 2023 18: +0,1687798800
0.9,2,Jun 26 2023 19: +0,1687802400
0.858,1,Jun 26 2023 21: +0,1687809600
0.953,2,Jun 26 2023 22: +0,1687813200
0.913,1,Jun 26 2023 23: +0,1687816800
0.925,2,Jun 27 2023 00: +0,1687820400
0.945,1,Jun 27 2023 11: +0,1687860000
0.961,1,Jun 27 2023 12: +0,1687863600
0.961,1,Jun 27 2023 13: +0,1687867200
0.819,2,Jun 27 2023 14: +0,1687870800
0.662,1,Jun 27 2023 15: +0,1687874400
0.961,1,Jun 27 2023 20: +0,1687892400
0.953,2,Jun 28 2023 02: +0,1687914000
0.953,1,Jun 28 2023 04: +0,1687921200
0.874,1,Jun 28 2023 05: +0,1687924800
0.969,3,Jun 28 2023 07: +0,1687932000
0.975,6,Jun 28 2023 09: +0,1687939200
0.401,1,Jun 28 2023 10: +0,1687942800
0.981,2,Jun 28 2023 11: +0,1687946400
0.969,3,Jun 28 2023 12: +0,1687950000
0.77,1,Jun 28 2023 13: +0,1687953600
0.874,1,Jun 28 2023 15: +0,1687960800
0.921,1,Jun 28 2023 16: +0,1687964400
0.923,1,Jun 28 2023 18: +0,1687971600
0.929,1,Jun 28 2023 19: +0,1687975200
0.99,6,Jun 28 2023 20: +0,1687978800
1.041,1,Jun 28 2023 22: +0,1687986000
0.929,1,Jun 29 2023 00: +0,1687993200
0.921,1,Jun 29 2023 04: +0,1688007600
1.017,1,Jun 29 2023 05: +0,1688011200
0.985,2,Jun 29 2023 09: +0,1688025600
0.925,4,Jun 29 2023 14: +0,1688043600
0.902,2,Jun 29 2023 15: +0,1688047200
0.945,4,Jun 29 2023 16: +0,1688050800
1.017,1,Jun 29 2023 17: +0,1688054400
0.95,1,Jun 29 2023 18: +0,1688058000
1.017,1,Jun 29 2023 19: +0,1688061600
1.037,4,Jun 29 2023 20: +0,1688065200
0.77,1,Jun 30 2023 01: +0,1688083200
1.017,3,Jun 30 2023 02: +0,1688086800
0.973,2,Jun 30 2023 03: +0,1688090400
1.045,1,Jun 30 2023 04: +0,1688094000
1.048,6,Jun 30 2023 05: +0,1688097600
0.994,2,Jun 30 2023 06: +0,1688101200
0.85,1,Jun 30 2023 09: +0,1688112000
1.068,4,Jun 30 2023 11: +0,1688119200
1.045,2,Jun 30 2023 13: +0,1688126400
1.049,6,Jun 30 2023 16: +0,1688137200
1.049,5,Jun 30 2023 17: +0,1688140800
1.049,2,Jun 30 2023 19: +0,1688148000
0.907,1,Jun 30 2023 21: +0,1688155200
0.787,1,Jul 01 2023 01: +0,1688169600
1.057,1,Jul 01 2023 05: +0,1688184000
1.057,1,Jul 01 2023 06: +0,1688187600
1.064,2,Jul 01 2023 07: +0,1688191200
0.997,2,Jul 01 2023 09: +0,1688198400
1.049,1,Jul 01 2023 12: +0,1688209200
1.017,2,Jul 01 2023 13: +0,1688212800
0.859,1,Jul 01 2023 14: +0,1688216400
0.934,2,Jul 01 2023 15: +0,1688220000
0.903,2,Jul 01 2023 16: +0,1688223600
1.017,1,Jul 01 2023 17: +0,1688227200
0.655,1,Jul 01 2023 19: +0,1688234400
0.922,1,Jul 01 2023 21: +0,1688241600
0.993,1,Jul 01 2023 22: +0,1688245200
0.954,1,Jul 02 2023 00: +0,1688252400
1.017,2,Jul 02 2023 01: +0,1688256000
0.844,1,Jul 02 2023 03: +0,1688263200
0.946,1,Jul 02 2023 04: +0,1688266800
0.993,1,Jul 02 2023 06: +0,1688274000
1.009,1,Jul 02 2023 07: +0,1688277600
1.017,2,Jul 02 2023 08: +0,1688281200
0.954,1,Jul 02 2023 09: +0,1688284800
0.771,1,Jul 02 2023 10: +0,1688288400
0.993,1,Jul 02 2023 13: +0,1688299200
0.993,3,Jul 02 2023 14: +0,1688302800
0.434,1,Jul 02 2023 15: +0,1688306400
0.954,1,Jul 02 2023 16: +0,1688310000
0.978,1,Jul 02 2023 17: +0,1688313600
0.93,2,Jul 02 2023 18: +0,1688317200
0.93,2,Jul 02 2023 20: +0,1688324400
0.712,1,Jul 02 2023 21: +0,1688328000
0.955,1,Jul 02 2023 22: +0,1688331600
0.793,2,Jul 02 2023 23: +0,1688335200
0.798,1,Jul 03 2023 03: +0,1688349600
0.84,3,Jul 03 2023 09: +0,1688371200
0.909,1,Jul 03 2023 10: +0,1688374800
0.937,1,Jul 03 2023 13: +0,1688385600
0.86,2,Jul 03 2023 14: +0,1688389200
0.852,1,Jul 03 2023 15: +0,1688392800
0.836,2,Jul 03 2023 16: +0,1688396400
0.868,5,Jul 03 2023 17: +0,1688400000
0.703,1,Jul 03 2023 19: +0,1688407200
0.732,1,Jul 03 2023 21: +0,1688414400
0.898,2,Jul 03 2023 22: +0,1688418000
0.843,1,Jul 03 2023 23: +0,1688421600
0.867,2,Jul 04 2023 04: +0,1688439600
0.843,1,Jul 04 2023 07: +0,1688450400
0.864,1,Jul 04 2023 14: +0,1688475600
0.857,1,Jul 04 2023 15: +0,1688479200
0.809,1,Jul 04 2023 17: +0,1688486400
0.88,3,Jul 04 2023 19: +0,1688493600
0.88,1,Jul 04 2023 20: +0,1688497200
0.88,1,Jul 04 2023 22: +0,1688504400
0.794,1,Jul 04 2023 23: +0,1688508000
0.794,1,Jul 05 2023 00: +0,1688511600
0.88,3,Jul 05 2023 01: +0,1688515200
0.904,2,Jul 05 2023 02: +0,1688518800
0.853,2,Jul 05 2023 05: +0,1688529600
0.681,2,Jul 05 2023 06: +0,1688533200
0.747,1,Jul 05 2023 07: +0,1688536800
0.741,2,Jul 05 2023 08: +0,1688540400
0.898,3,Jul 05 2023 09: +0,1688544000
0.872,1,Jul 05 2023 14: +0,1688562000
0.864,3,Jul 05 2023 17: +0,1688572800
0.909,2,Jul 05 2023 18: +0,1688576400
0.864,1,Jul 05 2023 19: +0,1688580000
0.786,1,Jul 05 2023 20: +0,1688583600
0.833,1,Jul 05 2023 21: +0,1688587200
0.833,1,Jul 05 2023 22: +0,1688590800
0.633,1,Jul 06 2023 04: +0,1688612400
0.938,10,Jul 06 2023 07: +0,1688623200
0.953,10,Jul 06 2023 08: +0,1688626800
0.998,1,Jul 06 2023 09: +0,1688630400
0.777,1,Jul 06 2023 11: +0,1688637600
0.889,2,Jul 06 2023 21: +0,1688673600
1.02,7,Jul 07 2023 01: +0,1688688000
1.031,1,Jul 07 2023 09: +0,1688716800
0.653,1,Jul 07 2023 10: +0,1688720400
0.848,1,Jul 07 2023 12: +0,1688727600
0.845,1,Jul 08 2023 00: +0,1688770800
0.845,1,Jul 08 2023 01: +0,1688774400
0.837,1,Jul 08 2023 03: +0,1688781600
0.775,1,Jul 08 2023 04: +0,1688785200
0.893,2,Jul 08 2023 05: +0,1688788800
0.634,1,Jul 08 2023 06: +0,1688792400
1.031,1,Jul 08 2023 11: +0,1688810400
0.653,1,Jul 08 2023 15: +0,1688824800
0.948,12,Jul 08 2023 17: +0,1688832000
0.807,2,Jul 08 2023 18: +0,1688835600
0.681,1,Jul 08 2023 20: +0,1688842800
0.805,1,Jul 08 2023 23: +0,1688853600
1.024,1,Jul 09 2023 02: +0,1688864400
0.845,2,Jul 09 2023 09: +0,1688889600
0.825,2,Jul 09 2023 17: +0,1688918400
0.788,1,Jul 10 2023 02: +0,1688950800
0.686,1,Jul 10 2023 03: +0,1688954400
0.786,2,Jul 10 2023 05: +0,1688961600
1.0,21,Jul 10 2023 09: +0,1688976000
0.809,1,Jul 10 2023 11: +0,1688983200
1.009,3,Jul 10 2023 14: +0,1688994000
0.832,1,Jul 10 2023 15: +0,1688997600
0.933,2,Jul 10 2023 17: +0,1689004800
0.77,2,Jul 10 2023 18: +0,1689008400
0.725,1,Jul 10 2023 19: +0,1689012000
0.755,2,Jul 10 2023 20: +0,1689015600
0.84,1,Jul 10 2023 21: +0,1689019200
0.809,1,Jul 10 2023 23: +0,1689026400
0.824,1,Jul 11 2023 05: +0,1689048000
1.078,2,Jul 11 2023 06: +0,1689051600
0.779,1,Jul 11 2023 08: +0,1689058800
0.864,1,Jul 11 2023 12: +0,1689073200
0.847,2,Jul 11 2023 13: +0,1689076800
0.847,1,Jul 11 2023 15: +0,1689084000
1.067,1,Jul 11 2023 19: +0,1689098400
0.855,2,Jul 11 2023 20: +0,1689102000
0.778,1,Jul 12 2023 00: +0,1689116400
0.777,4,Jul 12 2023 07: +0,1689141600
0.847,3,Jul 12 2023 09: +0,1689148800
0.692,2,Jul 12 2023 10: +0,1689152400
0.852,1,Jul 12 2023 11: +0,1689156000
0.766,2,Jul 12 2023 13: +0,1689163200
0.852,1,Jul 12 2023 14: +0,1689166800
0.848,2,Jul 12 2023 15: +0,1689170400
0.763,1,Jul 12 2023 17: +0,1689177600
0.763,1,Jul 12 2023 18: +0,1689181200
0.748,1,Jul 12 2023 21: +0,1689192000
0.771,1,Jul 12 2023 22: +0,1689195600
0.787,2,Jul 12 2023 23: +0,1689199200
0.73,1,Jul 13 2023 00: +0,1689202800
0.787,1,Jul 13 2023 01: +0,1689206400
0.741,1,Jul 13 2023 02: +0,1689210000
0.764,1,Jul 13 2023 06: +0,1689224400
0.794,1,Jul 13 2023 10: +0,1689238800
0.771,2,Jul 13 2023 14: +0,1689253200
0.803,2,Jul 13 2023 15: +0,1689256800
0.787,1,Jul 13 2023 16: +0,1689260400
0.744,2,Jul 13 2023 17: +0,1689264000
0.771,3,Jul 13 2023 19: +0,1689271200
0.741,1,Jul 13 2023 21: +0,1689278400
0.802,1,Jul 13 2023 23: +0,1689285600
0.81,1,Jul 14 2023 04: +0,1689303600
0.817,1,Jul 14 2023 11: +0,1689328800
0.81,1,Jul 14 2023 14: +0,1689339600
0.756,1,Jul 14 2023 15: +0,1689343200
0.704,2,Jul 14 2023 19: +0,1689357600
0.816,1,Jul 14 2023 23: +0,1689372000
0.985,1,Jul 15 2023 00: +0,1689375600
0.79,2,Jul 15 2023 03: +0,1689386400
0.903,23,Jul 15 2023 04: +0,1689390000
0.977,1,Jul 15 2023 06: +0,1689397200
0.855,2,Jul 15 2023 13: +0,1689422400
0.851,2,Jul 15 2023 15: +0,1689429600
0.771,1,Jul 15 2023 16: +0,1689433200
0.839,1,Jul 15 2023 17: +0,1689436800
0.869,2,Jul 15 2023 19: +0,1689444000
0.723,1,Jul 15 2023 21: +0,1689451200
0.847,1,Jul 15 2023 23: +0,1689458400
0.894,2,Jul 16 2023 03: +0,1689472800
0.839,1,Jul 16 2023 04: +0,1689476400
0.855,1,Jul 16 2023 05: +0,1689480000
0.832,1,Jul 16 2023 06: +0,1689483600
0.915,2,Jul 16 2023 09: +0,1689494400
0.855,1,Jul 16 2023 12: +0,1689505200
0.855,1,Jul 16 2023 15: +0,1689516000
0.855,1,Jul 16 2023 17: +0,1689523200
0.855,3,Jul 16 2023 19: +0,1689530400
0.855,1,Jul 17 2023 01: +0,1689552000
0.836,2,Jul 17 2023 04: +0,1689562800
0.855,1,Jul 17 2023 05: +0,1689566400
0.847,1,Jul 17 2023 07: +0,1689573600
0.863,1,Jul 17 2023 10: +0,1689584400
0.812,2,Jul 17 2023 12: +0,1689591600
0.827,1,Jul 17 2023 14: +0,1689598800
0.858,1,Jul 17 2023 17: +0,1689609600
0.858,1,Jul 17 2023 20: +0,1689620400
0.758,1,Jul 17 2023 21: +0,1689624000
0.867,7,Jul 17 2023 23: +0,1689631200
0.819,1,Jul 18 2023 02: +0,1689642000
0.881,2,Jul 18 2023 07: +0,1689660000
0.886,3,Jul 18 2023 13: +0,1689681600
0.837,1,Jul 18 2023 14: +0,1689685200
0.868,1,Jul 18 2023 16: +0,1689692400
0.999,11,Jul 18 2023 17: +0,1689696000
1.006,1,Jul 18 2023 18: +0,1689699600
0.868,1,Jul 18 2023 21: +0,1689710400
0.891,1,Jul 19 2023 11: +0,1689760800
0.853,1,Jul 19 2023 15: +0,1689775200
0.81,2,Jul 19 2023 16: +0,1689778800
0.984,1,Jul 19 2023 22: +0,1689800400
0.934,1,Jul 20 2023 03: +0,1689818400
0.84,1,Jul 20 2023 06: +0,1689829200
0.833,2,Jul 20 2023 11: +0,1689847200
0.965,4,Jul 20 2023 14: +0,1689858000
0.926,1,Jul 20 2023 16: +0,1689865200
1.003,5,Jul 20 2023 19: +0,1689876000
0.833,1,Jul 20 2023 22: +0,1689886800
0.763,2,Jul 20 2023 23: +0,1689890400
0.965,3,Jul 21 2023 02: +0,1689901200
1.019,1,Jul 21 2023 04: +0,1689908400
1.015,2,Jul 21 2023 07: +0,1689919200
1.022,1,Jul 21 2023 08: +0,1689922800
0.864,1,Jul 21 2023 15: +0,1689948000
1.019,1,Jul 21 2023 16: +0,1689951600
0.934,1,Jul 21 2023 17: +0,1689955200
0.997,1,Jul 21 2023 22: +0,1689973200
0.864,10,Jul 21 2023 23: +0,1689976800
1.011,1,Jul 22 2023 00: +0,1689980400
0.856,1,Jul 22 2023 02: +0,1689987600
0.653,1,Jul 22 2023 04: +0,1689994800
0.964,2,Jul 22 2023 06: +0,1690002000
1.004,3,Jul 22 2023 11: +0,1690020000
0.949,3,Jul 22 2023 12: +0,1690023600
0.864,1,Jul 22 2023 13: +0,1690027200
0.93,2,Jul 22 2023 14: +0,1690030800
0.988,1,Jul 22 2023 16: +0,1690038000
0.988,1,Jul 22 2023 17: +0,1690041600
1.005,2,Jul 22 2023 18: +0,1690045200
0.895,1,Jul 22 2023 19: +0,1690048800
0.864,1,Jul 22 2023 21: +0,1690056000
0.866,1,Jul 22 2023 23: +0,1690063200
0.991,1,Jul 23 2023 03: +0,1690077600
0.948,4,Jul 23 2023 08: +0,1690095600
0.655,1,Jul 23 2023 11: +0,1690106400
0.699,1,Jul 23 2023 17: +0,1690128000
0.655,1,Jul 23 2023 19: +0,1690135200
0.823,2,Jul 23 2023 20: +0,1690138800
1.016,14,Jul 24 2023 05: +0,1690171200
0.87,1,Jul 24 2023 06: +0,1690174800
1.029,1,Jul 24 2023 08: +0,1690182000
0.87,1,Jul 24 2023 11: +0,1690192800
0.967,1,Jul 24 2023 14: +0,1690203600
0.699,1,Jul 24 2023 15: +0,1690207200
0.749,1,Jul 24 2023 16: +0,1690210800
0.897,1,Jul 24 2023 18: +0,1690218000
0.995,1,Jul 24 2023 19: +0,1690221600
0.807,1,Jul 24 2023 21: +0,1690228800
1.002,12,Jul 25 2023 02: +0,1690246800
0.897,1,Jul 25 2023 03: +0,1690250400
0.869,1,Jul 25 2023 04: +0,1690254000
0.869,1,Jul 25 2023 05: +0,1690257600
0.936,1,Jul 25 2023 07: +0,1690264800
0.994,1,Jul 25 2023 13: +0,1690286400
0.96,1,Jul 25 2023 15: +0,1690293600
0.85,2,Jul 25 2023 16: +0,1690297200
0.789,1,Jul 25 2023 17: +0,1690300800
0.876,2,Jul 25 2023 18: +0,1690304400
0.797,4,Jul 25 2023 23: +0,1690322400
0.655,1,Jul 26 2023 01: +0,1690329600
0.89,1,Jul 26 2023 02: +0,1690333200
1.007,11,Jul 26 2023 03: +0,1690336800
0.906,1,Jul 26 2023 10: +0,1690362000
0.914,1,Jul 26 2023 11: +0,1690365600
0.921,1,Jul 26 2023 12: +0,1690369200
0.896,2,Jul 26 2023 15: +0,1690380000
1.015,11,Jul 26 2023 16: +0,1690383600
0.825,2,Jul 26 2023 20: +0,1690398000
0.959,2,Jul 26 2023 21: +0,1690401600
0.889,1,Jul 27 2023 00: +0,1690412400
1.005,2,Jul 27 2023 07: +0,1690437600
1.01,12,Jul 27 2023 08: +0,1690441200
1.045,1,Jul 27 2023 09: +0,1690444800
0.867,1,Jul 27 2023 10: +0,1690448400
0.797,2,Jul 27 2023 12: +0,1690455600
0.891,2,Jul 27 2023 14: +0,1690462800
1.033,1,Jul 27 2023 15: +0,1690466400
0.83,1,Jul 27 2023 16: +0,1690470000
0.871,1,Jul 27 2023 18: +0,1690477200
0.856,1,Jul 27 2023 20: +0,1690484400
0.826,2,Jul 27 2023 23: +0,1690495200
1.022,2,Jul 28 2023 01: +0,1690502400
0.895,1,Jul 28 2023 03: +0,1690509600
1.004,1,Jul 28 2023 05: +0,1690516800
1.007,1,Jul 28 2023 07: +0,1690524000
1.012,3,Jul 28 2023 09: +0,1690531200
0.872,1,Jul 28 2023 13: +0,1690545600
0.988,1,Jul 28 2023 15: +0,1690552800
1.007,1,Jul 28 2023 17: +0,1690560000
1.023,3,Jul 28 2023 18: +0,1690563600
1.035,1,Jul 28 2023 19: +0,1690567200
0.874,1,Jul 28 2023 20: +0,1690570800
0.881,1,Jul 28 2023 21: +0,1690574400
0.948,2,Jul 29 2023 01: +0,1690588800
1.023,1,Jul 29 2023 03: +0,1690596000
0.956,2,Jul 29 2023 06: +0,1690606800
0.874,1,Jul 29 2023 07: +0,1690610400
1.05,1,Jul 29 2023 08: +0,1690614000
1.053,1,Jul 29 2023 09: +0,1690617600
0.87,2,Jul 29 2023 10: +0,1690621200
1.09,1,Jul 29 2023 13: +0,1690632000
0.874,1,Jul 29 2023 14: +0,1690635600
0.992,1,Jul 29 2023 15: +0,1690639200
0.976,3,Jul 29 2023 17: +0,1690646400
1.015,1,Jul 29 2023 18: +0,1690650000
0.834,1,Jul 29 2023 19: +0,1690653600
0.72,1,Jul 29 2023 20: +0,1690657200
1.081,2,Jul 29 2023 21: +0,1690660800
0.787,1,Jul 29 2023 23: +0,1690668000
1.045,1,Jul 30 2023 00: +0,1690671600
1.047,2,Jul 30 2023 01: +0,1690675200
1.007,1,Jul 30 2023 05: +0,1690689600
0.787,1,Jul 30 2023 06: +0,1690693200
0.992,1,Jul 30 2023 08: +0,1690700400
1.045,3,Jul 30 2023 09: +0,1690704000
0.881,1,Jul 30 2023 11: +0,1690711200
0.866,1,Jul 30 2023 13: +0,1690718400
1.015,1,Jul 30 2023 14: +0,1690722000
1.015,3,Jul 30 2023 16: +0,1690729200
0.905,2,Jul 30 2023 17: +0,1690732800
1.06,1,Jul 30 2023 18: +0,1690736400
1.023,1,Jul 30 2023 19: +0,1690740000
0.968,2,Jul 30 2023 22: +0,1690750800
0.96,1,Jul 30 2023 23: +0,1690754400
1.023,1,Jul 31 2023 00: +0,1690758000
0.971,2,Jul 31 2023 08: +0,1690786800
1.027,2,Jul 31 2023 09: +0,1690790400
0.944,1,Jul 31 2023 10: +0,1690794000
0.929,1,Jul 31 2023 14: +0,1690808400
1.027,2,Jul 31 2023 16: +0,1690815600
0.96,1,Jul 31 2023 17: +0,1690819200
1.023,1,Jul 31 2023 20: +0,1690830000
0.976,1,Jul 31 2023 21: +0,1690833600
0.797,1,Jul 31 2023 23: +0,1690840800
1.047,1,Aug 01 2023 02: +0,1690851600
1.057,1,Aug 01 2023 03: +0,1690855200
0.968,1,Aug 01 2023 06: +0,1690866000
1.047,1,Aug 01 2023 07: +0,1690869600
0.932,2,Aug 01 2023 12: +0,1690887600
0.944,1,Aug 01 2023 13: +0,1690891200
0.999,1,Aug 01 2023 16: +0,1690902000
0.999,1,Aug 01 2023 21: +0,1690920000
1.023,1,Aug 01 2023 23: +0,1690927200
1.015,1,Aug 02 2023 00: +0,1690930800
1.007,3,Aug 02 2023 03: +0,1690941600
1.043,8,Aug 02 2023 06: +0,1690952400
0.833,1,Aug 02 2023 07: +0,1690956000
0.881,1,Aug 02 2023 10: +0,1690966800
0.994,7,Aug 02 2023 12: +0,1690974000
0.85,1,Aug 02 2023 14: +0,1690981200
0.881,1,Aug 02 2023 15: +0,1690984800
0.929,1,Aug 02 2023 16: +0,1690988400
0.941,4,Aug 02 2023 18: +0,1690995600
0.85,1,Aug 02 2023 20: +0,1691002800
0.85,1,Aug 02 2023 23: +0,1691013600
0.81,1,Aug 03 2023 01: +0,1691020800
0.913,1,Aug 03 2023 07: +0,1691042400
0.66,1,Aug 03 2023 11: +0,1691056800
0.844,2,Aug 03 2023 12: +0,1691060400
0.916,2,Aug 03 2023 13: +0,1691064000
1.023,11,Aug 03 2023 14: +0,1691067600
0.872,1,Aug 03 2023 15: +0,1691071200
0.881,1,Aug 03 2023 17: +0,1691078400
1.043,11,Aug 03 2023 18: +0,1691082000
1.008,3,Aug 03 2023 19: +0,1691085600
0.851,2,Aug 03 2023 22: +0,1691096400
0.929,1,Aug 04 2023 02: +0,1691110800
0.968,1,Aug 04 2023 16: +0,1691161200
0.96,1,Aug 04 2023 17: +0,1691164800
0.976,1,Aug 04 2023 22: +0,1691182800
0.905,1,Aug 04 2023 23: +0,1691186400
0.987,2,Aug 05 2023 05: +0,1691208000
0.787,1,Aug 05 2023 06: +0,1691211600
0.988,1,Aug 05 2023 11: +0,1691229600
0.905,1,Aug 05 2023 13: +0,1691236800
0.997,1,Aug 05 2023 16: +0,1691247600
0.858,1,Aug 05 2023 18: +0,1691254800
0.858,2,Aug 05 2023 20: +0,1691262000
0.988,1,Aug 05 2023 23: +0,1691272800
0.976,1,Aug 06 2023 00: +0,1691276400
0.787,1,Aug 06 2023 04: +0,1691290800
0.652,1,Aug 06 2023 05: +0,1691294400
0.999,1,Aug 06 2023 06: +0,1691298000
0.968,2,Aug 06 2023 08: +0,1691305200
0.988,1,Aug 06 2023 09: +0,1691308800
0.944,1,Aug 06 2023 11: +0,1691316000
0.973,1,Aug 06 2023 12: +0,1691319600
0.977,2,Aug 06 2023 13: +0,1691323200
0.994,2,Aug 06 2023 14: +0,1691326800
0.982,2,Aug 06 2023 16: +0,1691334000
0.938,1,Aug 06 2023 17: +0,1691337600
0.997,2,Aug 06 2023 20: +0,1691348400
1.047,1,Aug 06 2023 22: +0,1691355600
0.811,1,Aug 06 2023 23: +0,1691359200
0.834,1,Aug 07 2023 01: +0,1691366400
0.905,3,Aug 07 2023 02: +0,1691370000
0.995,1,Aug 07 2023 03: +0,1691373600
0.999,3,Aug 07 2023 05: +0,1691380800
0.997,1,Aug 07 2023 11: +0,1691402400
0.997,2,Aug 07 2023 12: +0,1691406000
0.936,2,Aug 07 2023 16: +0,1691420400
0.936,2,Aug 07 2023 17: +0,1691424000
0.85,4,Aug 07 2023 22: +0,1691442000
0.787,1,Aug 08 2023 01: +0,1691452800
0.992,1,Aug 08 2023 02: +0,1691456400
0.811,1,Aug 08 2023 04: +0,1691463600
1.006,3,Aug 08 2023 07: +0,1691474400
0.85,1,Aug 08 2023 09: +0,1691481600
0.992,1,Aug 08 2023 11: +0,1691488800
1.012,1,Aug 08 2023 12: +0,1691492400
0.976,1,Aug 08 2023 15: +0,1691503200
1.008,1,Aug 08 2023 17: +0,1691510400
1.004,2,Aug 08 2023 18: +0,1691514000
1.004,1,Aug 08 2023 22: +0,1691528400
0.811,2,Aug 08 2023 23: +0,1691532000
0.956,2,Aug 09 2023 00: +0,1691535600
0.806,1,Aug 09 2023 04: +0,1691550000
1.007,1,Aug 09 2023 06: +0,1691557200
1.004,1,Aug 09 2023 07: +0,1691560800
1.007,2,Aug 09 2023 10: +0,1691571600
0.995,5,Aug 09 2023 11: +0,1691575200
1.007,3,Aug 09 2023 12: +0,1691578800
0.993,2,Aug 09 2023 14: +0,1691586000
1.008,1,Aug 09 2023 15: +0,1691589600
1.006,1,Aug 09 2023 16: +0,1691593200
1.008,5,Aug 09 2023 18: +0,1691600400
0.937,2,Aug 09 2023 20: +0,1691607600
0.905,1,Aug 09 2023 22: +0,1691614800
0.896,1,Aug 10 2023 00: +0,1691622000
0.94,2,Aug 10 2023 08: +0,1691650800
1.015,1,Aug 10 2023 10: +0,1691658000
1.014,1,Aug 10 2023 12: +0,1691665200
0.999,1,Aug 10 2023 13: +0,1691668800
0.999,4,Aug 10 2023 14: +0,1691672400
1.031,1,Aug 10 2023 15: +0,1691676000
0.992,1,Aug 10 2023 16: +0,1691679600
1.0,1,Aug 10 2023 17: +0,1691683200
0.942,2,Aug 10 2023 22: +0,1691701200
0.952,1,Aug 10 2023 23: +0,1691704800
0.888,2,Aug 11 2023 02: +0,1691715600
0.86,1,Aug 11 2023 03: +0,1691719200
0.996,1,Aug 11 2023 08: +0,1691737200
0.993,2,Aug 11 2023 12: +0,1691751600
1.003,1,Aug 11 2023 16: +0,1691766000
1.013,1,Aug 11 2023 17: +0,1691769600
0.998,3,Aug 11 2023 19: +0,1691776800
1.094,1,Aug 11 2023 22: +0,1691787600
0.779,1,Aug 11 2023 23: +0,1691791200
0.866,1,Aug 12 2023 12: +0,1691838000
1.021,1,Aug 12 2023 14: +0,1691845200
0.995,2,Aug 12 2023 15: +0,1691848800
1.005,1,Aug 12 2023 16: +0,1691852400
1.03,12,Aug 12 2023 17: +0,1691856000
0.874,1,Aug 12 2023 20: +0,1691866800
0.95,2,Aug 13 2023 04: +0,1691895600
1.051,10,Aug 13 2023 09: +0,1691913600
0.947,1,Aug 13 2023 11: +0,1691920800
0.908,2,Aug 13 2023 12: +0,1691924400
0.842,1,Aug 13 2023 13: +0,1691928000
0.866,2,Aug 13 2023 14: +0,1691931600
0.85,1,Aug 13 2023 16: +0,1691938800
0.992,1,Aug 13 2023 19: +0,1691949600
0.656,1,Aug 13 2023 21: +0,1691956800
0.873,1,Aug 13 2023 22: +0,1691960400
0.924,2,Aug 14 2023 00: +0,1691967600
0.848,1,Aug 14 2023 01: +0,1691971200
0.848,1,Aug 14 2023 02: +0,1691974800
0.968,7,Aug 14 2023 04: +0,1691982000
0.96,1,Aug 14 2023 05: +0,1691985600
0.796,1,Aug 14 2023 07: +0,1691992800
0.953,1,Aug 14 2023 08: +0,1691996400
0.923,1,Aug 14 2023 15: +0,1692021600
0.9,1,Aug 14 2023 16: +0,1692025200
0.656,1,Aug 14 2023 18: +0,1692032400
0.986,15,Aug 15 2023 09: +0,1692086400
1.029,1,Aug 15 2023 11: +0,1692093600
0.974,1,Aug 15 2023 12: +0,1692097200
1.031,1,Aug 15 2023 13: +0,1692100800
0.972,1,Aug 15 2023 14: +0,1692104400
0.888,1,Aug 15 2023 17: +0,1692115200
1.025,1,Aug 15 2023 19: +0,1692122400
1.021,1,Aug 15 2023 20: +0,1692126000
0.947,1,Aug 15 2023 21: +0,1692129600
0.935,1,Aug 16 2023 01: +0,1692144000
0.942,2,Aug 16 2023 04: +0,1692154800
0.935,1,Aug 16 2023 09: +0,1692172800
1.021,20,Aug 16 2023 13: +0,1692187200
0.874,1,Aug 16 2023 14: +0,1692190800
0.901,1,Aug 16 2023 15: +0,1692194400
0.869,1,Aug 16 2023 18: +0,1692205200
0.847,1,Aug 16 2023 22: +0,1692219600
0.89,1,Aug 17 2023 07: +0,1692252000
0.872,1,Aug 17 2023 09: +0,1692259200
0.877,1,Aug 17 2023 10: +0,1692262800
0.61,1,Aug 17 2023 13: +0,1692273600
0.867,2,Aug 17 2023 14: +0,1692277200
0.84,1,Aug 17 2023 15: +0,1692280800
0.807,1,Aug 17 2023 20: +0,1692298800
0.986,1,Aug 17 2023 23: +0,1692309600
0.594,1,Aug 18 2023 06: +0,1692334800
0.594,1,Aug 18 2023 07: +0,1692338400
0.879,1,Aug 18 2023 08: +0,1692342000
0.594,1,Aug 18 2023 12: +0,1692356400
0.844,1,Aug 18 2023 14: +0,1692363600
0.65,1,Aug 18 2023 15: +0,1692367200
0.705,2,Aug 18 2023 16: +0,1692370800
0.636,1,Aug 18 2023 18: +0,1692378000
0.872,3,Aug 18 2023 19: +0,1692381600
0.563,2,Aug 18 2023 20: +0,1692385200
0.947,1,Aug 18 2023 22: +0,1692392400
0.919,1,Aug 19 2023 00: +0,1692399600
0.858,2,Aug 19 2023 03: +0,1692410400
0.942,3,Aug 19 2023 07: +0,1692424800
0.841,1,Aug 19 2023 09: +0,1692432000
0.838,2,Aug 19 2023 10: +0,1692435600
0.622,2,Aug 19 2023 12: +0,1692442800
0.563,1,Aug 19 2023 13: +0,1692446400
0.791,2,Aug 19 2023 14: +0,1692450000
0.958,1,Aug 19 2023 15: +0,1692453600
0.959,2,Aug 19 2023 18: +0,1692464400
0.83,1,Aug 19 2023 19: +0,1692468000
0.955,4,Aug 19 2023 21: +0,1692475200
0.941,1,Aug 19 2023 23: +0,1692482400
0.966,1,Aug 20 2023 00: +0,1692486000
0.947,1,Aug 20 2023 02: +0,1692493200
0.765,1,Aug 20 2023 03: +0,1692496800
0.636,1,Aug 20 2023 06: +0,1692507600
0.998,1,Aug 20 2023 08: +0,1692514800
0.998,1,Aug 20 2023 09: +0,1692518400
0.966,1,Aug 20 2023 11: +0,1692525600
0.966,1,Aug 20 2023 13: +0,1692532800
0.942,1,Aug 20 2023 16: +0,1692543600
0.942,1,Aug 20 2023 17: +0,1692547200
0.893,3,Aug 20 2023 18: +0,1692550800
0.966,1,Aug 20 2023 20: +0,1692558000
0.807,2,Aug 20 2023 21: +0,1692561600
0.95,1,Aug 21 2023 01: +0,1692576000
0.966,1,Aug 21 2023 02: +0,1692579600
0.994,1,Aug 21 2023 08: +0,1692601200
0.997,2,Aug 21 2023 09: +0,1692604800
0.919,3,Aug 21 2023 12: +0,1692615600
0.911,1,Aug 21 2023 14: +0,1692622800
0.856,1,Aug 21 2023 15: +0,1692626400
0.966,1,Aug 21 2023 20: +0,1692644400
0.515,1,Aug 21 2023 21: +0,1692648000
0.985,3,Aug 21 2023 22: +0,1692651600
0.786,1,Aug 22 2023 01: +0,1692662400
0.974,1,Aug 22 2023 02: +0,1692666000
0.919,1,Aug 22 2023 03: +0,1692669600
0.966,1,Aug 22 2023 04: +0,1692673200
0.974,1,Aug 22 2023 07: +0,1692684000
0.991,6,Aug 22 2023 09: +0,1692691200
0.998,6,Aug 22 2023 10: +0,1692694800
0.913,1,Aug 22 2023 15: +0,1692712800
0.984,5,Aug 22 2023 18: +0,1692723600
0.845,2,Aug 22 2023 21: +0,1692734400
0.865,1,Aug 23 2023 03: +0,1692756000
0.865,1,Aug 23 2023 07: +0,1692770400
0.856,1,Aug 23 2023 08: +0,1692774000
1.021,20,Aug 23 2023 09: +0,1692777600
1.041,10,Aug 23 2023 10: +0,1692781200
1.049,2,Aug 23 2023 11: +0,1692784800
0.873,3,Aug 23 2023 13: +0,1692792000
0.856,1,Aug 23 2023 15: +0,1692799200
0.865,1,Aug 23 2023 17: +0,1692806400
0.765,2,Aug 23 2023 18: +0,1692810000
0.865,1,Aug 23 2023 21: +0,1692820800
0.887,1,Aug 24 2023 02: +0,1692838800
0.865,1,Aug 24 2023 07: +0,1692856800
1.067,12,Aug 24 2023 08: +0,1692860400
1.084,6,Aug 24 2023 09: +0,1692864000
0.852,2,Aug 24 2023 10: +0,1692867600
0.881,1,Aug 24 2023 11: +0,1692871200
0.789,2,Aug 24 2023 13: +0,1692878400
0.881,1,Aug 24 2023 18: +0,1692896400
0.905,1,Aug 24 2023 21: +0,1692907200
0.972,4,Aug 24 2023 23: +0,1692914400
0.9,1,Aug 25 2023 00: +0,1692918000
0.904,1,Aug 25 2023 03: +0,1692928800
0.803,1,Aug 25 2023 05: +0,1692936000
1.079,16,Aug 25 2023 06: +0,1692939600
0.904,1,Aug 25 2023 08: +0,1692946800
1.104,10,Aug 25 2023 09: +0,1692950400
1.152,1,Aug 25 2023 15: +0,1692972000
0.94,2,Aug 25 2023 16: +0,1692975600
0.913,1,Aug 25 2023 18: +0,1692982800
0.892,2,Aug 25 2023 19: +0,1692986400
0.948,2,Aug 25 2023 20: +0,1692990000
0.894,2,Aug 26 2023 02: +0,1693011600
0.958,9,Aug 26 2023 07: +0,1693029600
1.123,10,Aug 26 2023 09: +0,1693036800
0.952,3,Aug 26 2023 19: +0,1693072800
0.926,2,Aug 26 2023 22: +0,1693083600
0.69,1,Aug 27 2023 00: +0,1693090800
0.929,1,Aug 27 2023 03: +0,1693101600
1.031,6,Aug 27 2023 08: +0,1693119600
0.985,1,Aug 27 2023 09: +0,1693123200
1.11,2,Aug 27 2023 12: +0,1693134000
1.086,1,Aug 27 2023 15: +0,1693144800
1.084,1,Aug 27 2023 16: +0,1693148400
1.036,1,Aug 27 2023 18: +0,1693155600
0.936,2,Aug 27 2023 19: +0,1693159200
0.721,1,Aug 27 2023 20: +0,1693162800
0.815,2,Aug 27 2023 21: +0,1693166400
0.881,2,Aug 27 2023 22: +0,1693170000
0.931,2,Aug 27 2023 23: +0,1693173600
0.775,1,Aug 28 2023 04: +0,1693191600
0.803,1,Aug 28 2023 05: +0,1693195200
1.05,16,Aug 28 2023 09: +0,1693209600
0.798,1,Aug 28 2023 15: +0,1693231200
0.954,1,Aug 28 2023 16: +0,1693234800
1.028,5,Aug 29 2023 05: +0,1693281600
1.138,9,Aug 29 2023 06: +0,1693285200
0.979,1,Aug 29 2023 15: +0,1693317600
0.893,2,Aug 29 2023 19: +0,1693332000
0.954,1,Aug 29 2023 22: +0,1693342800
0.954,1,Aug 30 2023 04: +0,1693364400
0.607,1,Aug 30 2023 05: +0,1693368000
1.042,4,Aug 30 2023 08: +0,1693378800
1.023,2,Aug 30 2023 09: +0,1693382400
0.962,2,Aug 30 2023 15: +0,1693404000
0.993,3,Aug 30 2023 20: +0,1693422000
1.009,1,Aug 30 2023 21: +0,1693425600
0.893,1,Aug 30 2023 23: +0,1693432800
0.962,1,Aug 31 2023 00: +0,1693436400
0.988,1,Aug 31 2023 04: +0,1693450800
0.988,1,Aug 31 2023 07: +0,1693461600
0.933,3,Aug 31 2023 08: +0,1693465200
1.0,8,Aug 31 2023 09: +0,1693468800
0.872,1,Aug 31 2023 11: +0,1693476000
1.207,13,Aug 31 2023 12: +0,1693479600
0.749,1,Aug 31 2023 13: +0,1693483200
0.662,1,Aug 31 2023 18: +0,1693501200
0.974,1,Aug 31 2023 23: +0,1693519200
0.631,1,Sep 01 2023 00: +0,1693522800
0.974,1,Sep 01 2023 02: +0,1693530000
0.97,1,Sep 01 2023 05: +0,1693540800
1.11,8,Sep 01 2023 09: +0,1693555200
1.125,1,Sep 01 2023 10: +0,1693558800
1.124,1,Sep 01 2023 11: +0,1693562400
1.12,1,Sep 01 2023 16: +0,1693580400
1.188,1,Sep 01 2023 18: +0,1693587600
1.25,1,Sep 01 2023 21: +0,1693598400
0.7,2,Sep 02 2023 03: +0,1693620000
0.902,1,Sep 02 2023 04: +0,1693623600
0.902,1,Sep 02 2023 05: +0,1693627200
1.025,1,Sep 02 2023 06: +0,1693630800
1.046,1,Sep 02 2023 08: +0,1693638000
1.188,7,Sep 02 2023 09: +0,1693641600
1.195,5,Sep 02 2023 10: +0,1693645200
1.195,2,Sep 02 2023 12: +0,1693652400
1.074,2,Sep 02 2023 21: +0,1693684800
0.975,1,Sep 02 2023 22: +0,1693688400
0.867,2,Sep 03 2023 04: +0,1693710000
0.96,2,Sep 03 2023 07: +0,1693720800
0.952,1,Sep 03 2023 08: +0,1693724400
1.119,8,Sep 03 2023 10: +0,1693731600
0.798,1,Sep 03 2023 12: +0,1693738800
1.211,1,Sep 03 2023 13: +0,1693742400
1.045,1,Sep 03 2023 18: +0,1693760400
1.034,1,Sep 03 2023 21: +0,1693771200
1.19,1,Sep 03 2023 22: +0,1693774800
1.043,1,Sep 04 2023 02: +0,1693789200
1.232,10,Sep 04 2023 10: +0,1693818000
1.062,1,Sep 04 2023 13: +0,1693828800
1.086,1,Sep 04 2023 15: +0,1693836000
1.145,1,Sep 04 2023 18: +0,1693846800
1.136,1,Sep 04 2023 19: +0,1693850400
1.074,2,Sep 05 2023 00: +0,1693868400
1.004,2,Sep 05 2023 01: +0,1693872000
0.91,1,Sep 05 2023 06: +0,1693890000
1.154,21,Sep 05 2023 07: +0,1693893600
1.246,10,Sep 05 2023 10: +0,1693904400
1.249,1,Sep 05 2023 12: +0,1693911600
0.997,2,Sep 05 2023 18: +0,1693933200
1.086,1,Sep 05 2023 22: +0,1693947600
0.902,1,Sep 06 2023 00: +0,1693954800
0.7,1,Sep 06 2023 05: +0,1693972800
0.7,1,Sep 06 2023 08: +0,1693983600
1.127,1,Sep 06 2023 09: +0,1693987200
1.127,4,Sep 06 2023 10: +0,1693990800
1.086,1,Sep 06 2023 12: +0,1693998000
1.151,1,Sep 06 2023 15: +0,1694008800
1.086,1,Sep 06 2023 16: +0,1694012400
0.943,1,Sep 06 2023 19: +0,1694023200
0.904,1,Sep 07 2023 00: +0,1694041200
0.7,1,Sep 07 2023 04: +0,1694055600
1.149,4,Sep 07 2023 08: +0,1694070000
1.159,7,Sep 07 2023 09: +0,1694073600
1.21,4,Sep 07 2023 11: +0,1694080800
0.7,1,Sep 07 2023 12: +0,1694084400
1.119,1,Sep 07 2023 14: +0,1694091600
1.217,1,Sep 07 2023 18: +0,1694106000
1.038,1,Sep 07 2023 19: +0,1694109600
1.129,1,Sep 08 2023 00: +0,1694127600
0.676,1,Sep 08 2023 02: +0,1694134800
1.111,1,Sep 08 2023 07: +0,1694152800
1.103,2,Sep 08 2023 11: +0,1694167200
1.086,1,Sep 08 2023 12: +0,1694170800
1.078,2,Sep 08 2023 13: +0,1694174400
1.177,7,Sep 08 2023 15: +0,1694181600
1.009,1,Sep 08 2023 17: +0,1694188800
1.049,2,Sep 08 2023 18: +0,1694192400
1.161,1,Sep 08 2023 19: +0,1694196000
1.007,1,Sep 08 2023 21: +0,1694203200
1.159,4,Sep 09 2023 04: +0,1694228400
1.213,8,Sep 09 2023 05: +0,1694232000
1.231,12,Sep 09 2023 07: +0,1694239200
1.271,6,Sep 09 2023 10: +0,1694250000
1.376,3,Sep 09 2023 11: +0,1694253600
0.991,1,Sep 09 2023 13: +0,1694260800
1.207,1,Sep 09 2023 14: +0,1694264400
1.346,1,Sep 09 2023 16: +0,1694271600
1.298,4,Sep 09 2023 22: +0,1694293200
1.179,2,Sep 10 2023 02: +0,1694307600
1.187,1,Sep 10 2023 04: +0,1694314800
1.245,2,Sep 10 2023 09: +0,1694332800
1.348,3,Sep 10 2023 10: +0,1694336400
1.316,2,Sep 10 2023 11: +0,1694340000
1.368,1,Sep 10 2023 12: +0,1694343600
1.143,1,Sep 10 2023 15: +0,1694354400
1.271,1,Sep 10 2023 17: +0,1694361600
0.837,3,Sep 10 2023 19: +0,1694368800
1.278,1,Sep 10 2023 23: +0,1694383200
1.278,1,Sep 11 2023 01: +0,1694390400
1.525,8,Sep 11 2023 06: +0,1694408400
0.604,1,Sep 11 2023 07: +0,1694412000
0.684,2,Sep 11 2023 08: +0,1694415600
1.247,1,Sep 11 2023 10: +0,1694422800
1.114,2,Sep 11 2023 15: +0,1694440800
1.135,1,Sep 11 2023 16: +0,1694444400
0.612,1,Sep 11 2023 17: +0,1694448000
0.908,3,Sep 11 2023 19: +0,1694455200
0.916,1,Sep 12 2023 14: +0,1694523600
1.502,1,Sep 12 2023 16: +0,1694530800
1.255,2,Sep 12 2023 17: +0,1694534400
1.072,2,Sep 12 2023 20: +0,1694545200
1.223,3,Sep 12 2023 21: +0,1694548800
1.268,2,Sep 13 2023 05: +0,1694577600
1.24,1,Sep 13 2023 06: +0,1694581200
1.143,1,Sep 13 2023 08: +0,1694588400
1.239,1,Sep 13 2023 10: +0,1694595600
0.7,1,Sep 13 2023 11: +0,1694599200
0.872,3,Sep 13 2023 13: +0,1694606400
1.24,1,Sep 13 2023 14: +0,1694610000
0.991,4,Sep 13 2023 17: +0,1694620800
1.042,2,Sep 13 2023 18: +0,1694624400
1.239,1,Sep 13 2023 20: +0,1694631600
1.278,1,Sep 13 2023 21: +0,1694635200
0.885,1,Sep 13 2023 22: +0,1694638800
1.215,1,Sep 13 2023 23: +0,1694642400
0.862,1,Sep 14 2023 00: +0,1694646000
1.223,3,Sep 14 2023 02: +0,1694653200
1.305,10,Sep 14 2023 03: +0,1694656800
1.263,1,Sep 14 2023 10: +0,1694682000
1.288,1,Sep 14 2023 12: +0,1694689200
1.271,1,Sep 14 2023 15: +0,1694700000
1.368,1,Sep 14 2023 16: +0,1694703600
1.296,1,Sep 14 2023 20: +0,1694718000
1.45,21,Sep 14 2023 23: +0,1694728800
1.388,4,Sep 15 2023 04: +0,1694746800
1.271,1,Sep 15 2023 05: +0,1694750400
0.987,1,Sep 15 2023 06: +0,1694754000
1.271,3,Sep 15 2023 09: +0,1694764800
1.316,1,Sep 15 2023 10: +0,1694768400
1.283,1,Sep 15 2023 11: +0,1694772000
1.255,1,Sep 15 2023 12: +0,1694775600
1.408,1,Sep 15 2023 14: +0,1694782800
1.255,3,Sep 15 2023 15: +0,1694786400
0.665,2,Sep 15 2023 19: +0,1694800800
0.598,1,Sep 15 2023 20: +0,1694804400
1.155,1,Sep 16 2023 01: +0,1694822400
0.598,1,Sep 16 2023 02: +0,1694826000
1.498,11,Sep 16 2023 04: +0,1694833200
0.792,1,Sep 16 2023 05: +0,1694836800
1.206,1,Sep 16 2023 06: +0,1694840400
1.396,1,Sep 16 2023 08: +0,1694847600
0.978,2,Sep 16 2023 09: +0,1694851200
1.394,4,Sep 16 2023 10: +0,1694854800
1.277,1,Sep 16 2023 17: +0,1694880000
1.26,1,Sep 16 2023 19: +0,1694887200
0.871,2,Sep 16 2023 20: +0,1694890800
0.867,2,Sep 16 2023 22: +0,1694898000
1.301,1,Sep 17 2023 01: +0,1694908800
1.236,1,Sep 17 2023 06: +0,1694926800
1.363,1,Sep 17 2023 09: +0,1694937600
1.083,1,Sep 17 2023 12: +0,1694948400
1.075,1,Sep 17 2023 13: +0,1694952000
1.083,1,Sep 17 2023 16: +0,1694962800
1.468,1,Sep 17 2023 17: +0,1694966400
1.285,2,Sep 17 2023 19: +0,1694973600
1.301,1,Sep 17 2023 20: +0,1694977200
1.301,1,Sep 17 2023 21: +0,1694980800
1.188,1,Sep 17 2023 22: +0,1694984400
0.844,2,Sep 17 2023 23: +0,1694988000
1.301,1,Sep 18 2023 00: +0,1694991600
1.301,1,Sep 18 2023 01: +0,1694995200
1.277,1,Sep 18 2023 03: +0,1695002400
0.866,1,Sep 18 2023 06: +0,1695013200
1.301,1,Sep 18 2023 07: +0,1695016800
1.252,1,Sep 18 2023 13: +0,1695038400
1.26,1,Sep 18 2023 14: +0,1695042000
1.352,10,Sep 18 2023 16: +0,1695049200
1.463,12,Sep 18 2023 18: +0,1695056400
0.714,1,Sep 18 2023 20: +0,1695063600
1.482,1,Sep 18 2023 21: +0,1695067200
1.287,1,Sep 18 2023 23: +0,1695074400
1.295,1,Sep 19 2023 00: +0,1695078000
1.229,1,Sep 19 2023 06: +0,1695099600
1.229,1,Sep 19 2023 09: +0,1695110400
1.278,1,Sep 19 2023 11: +0,1695117600
1.176,2,Sep 19 2023 18: +0,1695142800
1.332,2,Sep 20 2023 00: +0,1695164400
1.229,1,Sep 20 2023 01: +0,1695168000
1.272,1,Sep 20 2023 14: +0,1695214800
1.253,2,Sep 20 2023 15: +0,1695218400
1.186,3,Sep 20 2023 16: +0,1695222000
1.379,20,Sep 20 2023 18: +0,1695229200
0.468,1,Sep 20 2023 19: +0,1695232800
1.278,1,Sep 20 2023 23: +0,1695247200
1.287,1,Sep 21 2023 06: +0,1695272400
1.287,1,Sep 21 2023 16: +0,1695308400
1.319,1,Sep 21 2023 20: +0,1695322800
1.537,18,Sep 22 2023 00: +0,1695337200
1.328,1,Sep 22 2023 01: +0,1695340800
1.41,1,Sep 22 2023 15: +0,1695391200
0.898,1,Sep 22 2023 16: +0,1695394800
1.158,2,Sep 22 2023 17: +0,1695398400
1.389,2,Sep 22 2023 18: +0,1695402000
1.418,1,Sep 22 2023 19: +0,1695405600
1.393,1,Sep 22 2023 20: +0,1695409200
1.385,2,Sep 23 2023 03: +0,1695434400
1.27,3,Sep 23 2023 09: +0,1695456000
1.131,2,Sep 23 2023 11: +0,1695463200
1.274,2,Sep 23 2023 16: +0,1695481200
1.262,1,Sep 23 2023 17: +0,1695484800
1.295,1,Sep 23 2023 19: +0,1695492000
1.328,4,Sep 23 2023 21: +0,1695499200
1.258,2,Sep 23 2023 22: +0,1695502800
1.254,1,Sep 24 2023 00: +0,1695510000
1.346,1,Sep 24 2023 03: +0,1695520800
1.287,1,Sep 24 2023 04: +0,1695524400
1.41,1,Sep 24 2023 05: +0,1695528000
1.465,15,Sep 24 2023 08: +0,1695538800
1.753,1,Sep 24 2023 09: +0,1695542400
1.459,1,Sep 24 2023 17: +0,1695571200
1.47,1,Sep 24 2023 18: +0,1695574800
1.393,1,Sep 24 2023 19: +0,1695578400
1.295,1,Sep 24 2023 20: +0,1695582000
1.41,1,Sep 24 2023 22: +0,1695589200
1.295,1,Sep 25 2023 05: +0,1695614400
1.484,2,Sep 25 2023 08: +0,1695625200
1.314,1,Sep 25 2023 09: +0,1695628800
0.882,1,Sep 25 2023 12: +0,1695639600
1.392,1,Sep 25 2023 18: +0,1695661200
1.295,1,Sep 26 2023 02: +0,1695690000
1.387,1,Sep 26 2023 03: +0,1695693600
1.15,1,Sep 26 2023 15: +0,1695736800
1.33,1,Sep 26 2023 19: +0,1695751200
1.385,2,Sep 26 2023 22: +0,1695762000
1.378,1,Sep 26 2023 23: +0,1695765600
1.385,1,Sep 27 2023 02: +0,1695776400
1.355,1,Sep 27 2023 04: +0,1695783600
1.434,10,Sep 27 2023 06: +0,1695790800
1.393,1,Sep 27 2023 07: +0,1695794400
1.196,5,Sep 27 2023 16: +0,1695826800
1.431,3,Sep 27 2023 17: +0,1695830400
1.342,4,Sep 27 2023 21: +0,1695844800
1.375,3,Sep 27 2023 22: +0,1695848400
1.299,2,Sep 27 2023 23: +0,1695852000
1.305,1,Sep 28 2023 00: +0,1695855600
1.105,4,Sep 28 2023 02: +0,1695862800
1.08,2,Sep 28 2023 04: +0,1695870000
1.402,1,Sep 28 2023 06: +0,1695877200
1.401,2,Sep 28 2023 09: +0,1695888000
1.402,2,Sep 28 2023 10: +0,1695891600
0.697,1,Sep 28 2023 14: +0,1695906000
1.412,1,Sep 28 2023 16: +0,1695913200
1.305,3,Sep 28 2023 18: +0,1695920400
1.403,1,Sep 28 2023 19: +0,1695924000
1.383,1,Sep 28 2023 20: +0,1695927600
1.375,1,Sep 28 2023 21: +0,1695931200
1.405,5,Sep 28 2023 22: +0,1695934800
1.391,2,Sep 28 2023 23: +0,1695938400
1.244,1,Sep 29 2023 00: +0,1695942000
1.408,2,Sep 29 2023 02: +0,1695949200
1.402,1,Sep 29 2023 04: +0,1695956400
1.405,2,Sep 29 2023 05: +0,1695960000
0.929,2,Sep 29 2023 06: +0,1695963600
1.412,1,Sep 29 2023 08: +0,1695970800
1.417,1,Sep 29 2023 10: +0,1695978000
1.416,8,Sep 29 2023 11: +0,1695981600
1.408,1,Sep 29 2023 12: +0,1695985200
1.317,1,Sep 29 2023 13: +0,1695988800
1.35,3,Sep 29 2023 14: +0,1695992400
1.417,1,Sep 29 2023 15: +0,1695996000
1.388,3,Sep 29 2023 16: +0,1695999600
1.423,1,Sep 29 2023 17: +0,1696003200
1.428,2,Sep 29 2023 19: +0,1696010400
1.402,2,Sep 29 2023 21: +0,1696017600
1.107,2,Sep 29 2023 22: +0,1696021200
1.384,3,Sep 30 2023 01: +0,1696032000
1.352,1,Sep 30 2023 03: +0,1696039200
1.413,1,Sep 30 2023 04: +0,1696042800
1.421,1,Sep 30 2023 06: +0,1696050000
1.384,1,Sep 30 2023 07: +0,1696053600
1.433,1,Sep 30 2023 08: +0,1696057200
1.429,1,Sep 30 2023 11: +0,1696068000
1.39,1,Sep 30 2023 12: +0,1696071600
1.235,1,Sep 30 2023 13: +0,1696075200
1.217,1,Sep 30 2023 14: +0,1696078800
1.367,2,Sep 30 2023 16: +0,1696086000
1.424,1,Sep 30 2023 17: +0,1696089600
1.3,2,Sep 30 2023 19: +0,1696096800
1.424,3,Sep 30 2023 20: +0,1696100400
1.434,1,Sep 30 2023 21: +0,1696104000
1.409,2,Sep 30 2023 22: +0,1696107600
1.431,1,Sep 30 2023 23: +0,1696111200
1.432,1,Oct 01 2023 01: +0,1696118400
1.315,2,Oct 01 2023 03: +0,1696125600
1.295,1,Oct 01 2023 05: +0,1696132800
1.432,7,Oct 01 2023 07: +0,1696140000
1.432,5,Oct 01 2023 08: +0,1696143600
1.44,1,Oct 01 2023 09: +0,1696147200
1.44,1,Oct 01 2023 12: +0,1696158000
1.224,3,Oct 01 2023 14: +0,1696165200
1.085,4,Oct 01 2023 16: +0,1696172400
1.417,1,Oct 01 2023 17: +0,1696176000
1.451,1,Oct 01 2023 18: +0,1696179600
1.413,1,Oct 01 2023 19: +0,1696183200
1.452,5,Oct 01 2023 20: +0,1696186800
1.454,5,Oct 01 2023 21: +0,1696190400
1.338,1,Oct 01 2023 22: +0,1696194000
1.308,1,Oct 01 2023 23: +0,1696197600
1.373,2,Oct 02 2023 00: +0,1696201200
1.445,2,Oct 02 2023 01: +0,1696204800
1.334,2,Oct 02 2023 03: +0,1696212000
1.355,1,Oct 02 2023 04: +0,1696215600
1.449,2,Oct 02 2023 08: +0,1696230000
1.413,1,Oct 02 2023 09: +0,1696233600
1.447,3,Oct 02 2023 10: +0,1696237200
1.041,2,Oct 02 2023 14: +0,1696251600
1.34,2,Oct 02 2023 15: +0,1696255200
1.424,2,Oct 02 2023 16: +0,1696258800
1.411,5,Oct 02 2023 21: +0,1696276800
1.376,1,Oct 02 2023 22: +0,1696280400
1.013,2,Oct 03 2023 02: +0,1696294800
0.914,1,Oct 03 2023 04: +0,1696302000
1.068,2,Oct 03 2023 07: +0,1696312800
1.438,1,Oct 03 2023 08: +0,1696316400
1.433,2,Oct 03 2023 09: +0,1696320000
1.441,1,Oct 03 2023 10: +0,1696323600
0.809,2,Oct 03 2023 13: +0,1696334400
1.404,1,Oct 03 2023 16: +0,1696345200
1.156,3,Oct 03 2023 19: +0,1696356000
1.238,2,Oct 03 2023 20: +0,1696359600
1.186,1,Oct 03 2023 22: +0,1696366800
1.417,1,Oct 04 2023 01: +0,1696377600
1.205,1,Oct 04 2023 02: +0,1696381200
1.301,1,Oct 04 2023 07: +0,1696399200
1.131,1,Oct 04 2023 11: +0,1696413600
1.345,2,Oct 04 2023 13: +0,1696420800
1.419,1,Oct 04 2023 14: +0,1696424400
1.3,1,Oct 04 2023 15: +0,1696428000
1.3,1,Oct 04 2023 17: +0,1696435200
1.328,2,Oct 04 2023 18: +0,1696438800
1.286,1,Oct 04 2023 19: +0,1696442400
1.066,2,Oct 04 2023 20: +0,1696446000
1.326,1,Oct 04 2023 22: +0,1696453200
1.212,3,Oct 05 2023 00: +0,1696460400
1.301,1,Oct 05 2023 01: +0,1696464000
1.33,2,Oct 05 2023 06: +0,1696482000
1.301,1,Oct 05 2023 07: +0,1696485600
1.272,2,Oct 05 2023 08: +0,1696489200
1.326,2,Oct 05 2023 09: +0,1696492800
1.343,1,Oct 05 2023 12: +0,1696503600
1.351,5,Oct 05 2023 14: +0,1696510800
1.339,2,Oct 05 2023 15: +0,1696514400
1.343,1,Oct 05 2023 16: +0,1696518000
1.117,2,Oct 05 2023 17: +0,1696521600
1.343,1,Oct 05 2023 18: +0,1696525200
1.352,1,Oct 05 2023 20: +0,1696532400
1.337,1,Oct 06 2023 04: +0,1696561200
1.392,1,Oct 06 2023 05: +0,1696564800
1.343,3,Oct 06 2023 09: +0,1696579200
1.293,1,Oct 06 2023 10: +0,1696582800
1.343,3,Oct 06 2023 11: +0,1696586400
1.376,3,Oct 06 2023 13: +0,1696593600
1.104,2,Oct 06 2023 15: +0,1696600800
1.368,1,Oct 06 2023 17: +0,1696608000
1.366,1,Oct 06 2023 19: +0,1696615200
1.3,1,Oct 06 2023 21: +0,1696622400
1.357,1,Oct 07 2023 00: +0,1696633200
0.994,1,Oct 07 2023 01: +0,1696636800
1.283,1,Oct 07 2023 02: +0,1696640400
1.283,1,Oct 07 2023 03: +0,1696644000
1.349,1,Oct 07 2023 04: +0,1696647600
1.349,1,Oct 07 2023 06: +0,1696654800
1.351,2,Oct 07 2023 07: +0,1696658400
1.357,4,Oct 07 2023 09: +0,1696665600
1.3,1,Oct 07 2023 10: +0,1696669200
1.366,2,Oct 07 2023 11: +0,1696672800
1.369,1,Oct 07 2023 12: +0,1696676400
1.304,1,Oct 07 2023 13: +0,1696680000
1.322,1,Oct 07 2023 15: +0,1696687200
1.347,1,Oct 07 2023 18: +0,1696698000
1.355,3,Oct 07 2023 19: +0,1696701600
1.281,1,Oct 07 2023 20: +0,1696705200
1.29,1,Oct 07 2023 21: +0,1696708800
1.281,5,Oct 07 2023 22: +0,1696712400
1.325,2,Oct 08 2023 01: +0,1696723200
1.281,1,Oct 08 2023 02: +0,1696726800
1.037,1,Oct 08 2023 03: +0,1696730400
1.33,1,Oct 08 2023 09: +0,1696752000
1.301,1,Oct 08 2023 12: +0,1696762800
1.241,3,Oct 08 2023 13: +0,1696766400
1.216,1,Oct 08 2023 14: +0,1696770000
1.184,1,Oct 08 2023 16: +0,1696777200
1.2,1,Oct 08 2023 18: +0,1696784400
1.283,8,Oct 08 2023 20: +0,1696791600
1.345,6,Oct 08 2023 21: +0,1696795200
1.143,1,Oct 09 2023 03: +0,1696816800
1.273,1,Oct 09 2023 06: +0,1696827600
1.168,1,Oct 09 2023 07: +0,1696831200
0.612,1,Oct 09 2023 08: +0,1696834800
0.616,3,Oct 09 2023 10: +0,1696842000
1.261,10,Oct 09 2023 11: +0,1696845600
1.292,1,Oct 09 2023 14: +0,1696856400
1.188,2,Oct 09 2023 16: +0,1696863600
1.192,1,Oct 09 2023 17: +0,1696867200
0.694,1,Oct 09 2023 18: +0,1696870800
1.131,2,Oct 09 2023 19: +0,1696874400
1.201,1,Oct 09 2023 20: +0,1696878000
1.214,3,Oct 09 2023 21: +0,1696881600
1.126,11,Oct 10 2023 00: +0,1696892400
1.216,1,Oct 10 2023 02: +0,1696899600
1.035,2,Oct 10 2023 06: +0,1696914000
1.218,1,Oct 10 2023 08: +0,1696921200
0.783,1,Oct 10 2023 09: +0,1696924800
1.219,2,Oct 10 2023 14: +0,1696942800
1.218,1,Oct 10 2023 15: +0,1696946400
1.22,2,Oct 10 2023 16: +0,1696950000
1.125,1,Oct 10 2023 17: +0,1696953600
0.74,1,Oct 10 2023 18: +0,1696957200
1.102,1,Oct 10 2023 19: +0,1696960800
1.208,3,Oct 10 2023 21: +0,1696968000
1.209,1,Oct 10 2023 22: +0,1696971600
1.303,1,Oct 11 2023 01: +0,1696982400
1.216,1,Oct 11 2023 02: +0,1696986000
1.172,2,Oct 11 2023 04: +0,1696993200
1.143,1,Oct 11 2023 05: +0,1696996800
1.093,2,Oct 11 2023 08: +0,1697007600
1.2,1,Oct 11 2023 10: +0,1697014800
1.192,1,Oct 11 2023 12: +0,1697022000
0.984,2,Oct 11 2023 14: +0,1697029200
1.176,1,Oct 11 2023 16: +0,1697036400
1.168,1,Oct 11 2023 17: +0,1697040000
1.176,1,Oct 11 2023 18: +0,1697043600
1.159,4,Oct 11 2023 19: +0,1697047200
1.15,2,Oct 11 2023 20: +0,1697050800
1.126,2,Oct 11 2023 23: +0,1697061600
0.917,1,Oct 12 2023 00: +0,1697065200
0.912,2,Oct 12 2023 05: +0,1697083200
1.159,1,Oct 12 2023 06: +0,1697086800
1.151,1,Oct 12 2023 07: +0,1697090400
1.052,1,Oct 12 2023 08: +0,1697094000
1.217,14,Oct 12 2023 09: +0,1697097600
0.615,1,Oct 12 2023 10: +0,1697101200
1.235,1,Oct 12 2023 13: +0,1697112000
1.248,1,Oct 12 2023 15: +0,1697119200
1.106,2,Oct 12 2023 16: +0,1697122800
1.184,1,Oct 12 2023 18: +0,1697130000
1.153,2,Oct 12 2023 20: +0,1697137200
1.216,1,Oct 12 2023 21: +0,1697140800
1.154,1,Oct 13 2023 00: +0,1697151600
0.98,2,Oct 13 2023 01: +0,1697155200
1.209,3,Oct 13 2023 03: +0,1697162400
1.209,1,Oct 13 2023 05: +0,1697169600
1.233,1,Oct 13 2023 07: +0,1697176800
1.251,15,Oct 13 2023 08: +0,1697180400
1.291,1,Oct 13 2023 10: +0,1697187600
1.233,1,Oct 13 2023 11: +0,1697191200
1.25,1,Oct 13 2023 12: +0,1697194800
1.237,2,Oct 13 2023 13: +0,1697198400
1.293,1,Oct 13 2023 14: +0,1697202000
1.139,1,Oct 13 2023 15: +0,1697205600
0.859,1,Oct 13 2023 16: +0,1697209200
1.147,2,Oct 13 2023 17: +0,1697212800
0.789,1,Oct 13 2023 19: +0,1697220000
1.14,2,Oct 13 2023 20: +0,1697223600
1.294,1,Oct 13 2023 21: +0,1697227200
1.012,1,Oct 13 2023 22: +0,1697230800
1.264,3,Oct 14 2023 04: +0,1697252400
0.878,2,Oct 14 2023 06: +0,1697259600
1.051,2,Oct 14 2023 07: +0,1697263200
1.254,1,Oct 14 2023 12: +0,1697281200
0.946,5,Oct 14 2023 15: +0,1697292000
1.258,3,Oct 14 2023 17: +0,1697299200
1.225,1,Oct 14 2023 18: +0,1697302800
1.085,4,Oct 14 2023 19: +0,1697306400
1.168,1,Oct 14 2023 21: +0,1697313600
1.168,1,Oct 14 2023 22: +0,1697317200
1.202,1,Oct 15 2023 00: +0,1697324400
1.135,1,Oct 15 2023 03: +0,1697335200
1.2,1,Oct 15 2023 06: +0,1697346000
0.878,1,Oct 15 2023 09: +0,1697356800
1.192,5,Oct 15 2023 10: +0,1697360400
1.202,1,Oct 15 2023 12: +0,1697367600
1.2,1,Oct 15 2023 13: +0,1697371200
0.995,1,Oct 15 2023 14: +0,1697374800
1.202,1,Oct 15 2023 17: +0,1697385600
1.185,1,Oct 15 2023 18: +0,1697389200
1.196,2,Oct 15 2023 19: +0,1697392800
0.83,2,Oct 15 2023 21: +0,1697400000
1.192,1,Oct 15 2023 22: +0,1697403600
1.168,1,Oct 16 2023 02: +0,1697418000
1.139,2,Oct 16 2023 07: +0,1697436000
1.135,2,Oct 16 2023 10: +0,1697446800
1.135,1,Oct 16 2023 15: +0,1697464800
1.085,1,Oct 16 2023 21: +0,1697486400
1.143,4,Oct 16 2023 22: +0,1697490000
1.143,1,Oct 17 2023 01: +0,1697500800
1.143,1,Oct 17 2023 08: +0,1697526000
0.745,3,Oct 17 2023 09: +0,1697529600
1.143,1,Oct 17 2023 10: +0,1697533200
1.135,1,Oct 17 2023 13: +0,1697544000
1.135,3,Oct 17 2023 15: +0,1697551200
1.137,1,Oct 17 2023 17: +0,1697558400
1.045,1,Oct 17 2023 19: +0,1697565600
0.973,2,Oct 17 2023 22: +0,1697576400
1.136,1,Oct 18 2023 00: +0,1697583600
1.136,1,Oct 18 2023 04: +0,1697598000
1.021,1,Oct 18 2023 05: +0,1697601600
1.136,4,Oct 18 2023 08: +0,1697612400
1.111,1,Oct 18 2023 12: +0,1697626800
1.111,1,Oct 18 2023 13: +0,1697630400
1.096,2,Oct 18 2023 14: +0,1697634000
1.136,1,Oct 18 2023 15: +0,1697637600
1.087,1,Oct 18 2023 17: +0,1697644800
1.121,4,Oct 18 2023 20: +0,1697655600
1.137,1,Oct 18 2023 21: +0,1697659200
1.041,1,Oct 18 2023 23: +0,1697666400
1.111,1,Oct 19 2023 00: +0,1697670000
1.111,1,Oct 19 2023 03: +0,1697680800
1.144,1,Oct 19 2023 04: +0,1697684400
1.156,3,Oct 19 2023 07: +0,1697695200
1.14,2,Oct 19 2023 12: +0,1697713200
1.152,2,Oct 19 2023 13: +0,1697716800
1.144,2,Oct 19 2023 14: +0,1697720400
1.153,1,Oct 19 2023 16: +0,1697727600
0.879,4,Oct 19 2023 17: +0,1697731200
1.144,1,Oct 19 2023 20: +0,1697742000
1.032,1,Oct 19 2023 23: +0,1697752800
1.136,3,Oct 20 2023 03: +0,1697767200
1.111,1,Oct 20 2023 04: +0,1697770800
1.079,1,Oct 20 2023 05: +0,1697774400
1.111,1,Oct 20 2023 07: +0,1697781600
1.079,1,Oct 20 2023 09: +0,1697788800
1.111,5,Oct 20 2023 11: +0,1697796000
0.994,1,Oct 20 2023 13: +0,1697803200
1.111,3,Oct 20 2023 14: +0,1697806800
1.144,6,Oct 20 2023 15: +0,1697810400
1.132,1,Oct 20 2023 16: +0,1697814000
1.139,1,Oct 20 2023 17: +0,1697817600
1.143,1,Oct 20 2023 20: +0,1697828400
1.079,1,Oct 20 2023 21: +0,1697832000
1.143,1,Oct 20 2023 23: +0,1697839200
1.105,1,Oct 21 2023 00: +0,1697842800
1.135,1,Oct 21 2023 02: +0,1697850000
0.945,2,Oct 21 2023 03: +0,1697853600
1.138,6,Oct 21 2023 04: +0,1697857200
0.92,1,Oct 21 2023 05: +0,1697860800
1.138,1,Oct 21 2023 08: +0,1697871600
1.166,5,Oct 21 2023 09: +0,1697875200
1.142,1,Oct 21 2023 10: +0,1697878800
1.155,1,Oct 21 2023 11: +0,1697882400
1.146,6,Oct 21 2023 12: +0,1697886000
1.155,4,Oct 21 2023 13: +0,1697889600
1.089,1,Oct 21 2023 14: +0,1697893200
1.175,4,Oct 21 2023 15: +0,1697896800
1.171,5,Oct 21 2023 17: +0,1697904000
1.146,3,Oct 21 2023 18: +0,1697907600
1.113,3,Oct 21 2023 19: +0,1697911200
1.163,3,Oct 21 2023 23: +0,1697925600
1.072,2,Oct 22 2023 00: +0,1697929200
1.193,1,Oct 22 2023 01: +0,1697932800
1.188,4,Oct 22 2023 06: +0,1697950800
1.179,2,Oct 22 2023 08: +0,1697958000
1.179,1,Oct 22 2023 09: +0,1697961600
1.194,1,Oct 22 2023 11: +0,1697968800
1.179,2,Oct 22 2023 12: +0,1697972400
1.191,2,Oct 22 2023 14: +0,1697979600
0.973,1,Oct 22 2023 16: +0,1697986800
1.163,1,Oct 22 2023 17: +0,1697990400
1.151,2,Oct 22 2023 18: +0,1697994000
1.125,2,Oct 22 2023 19: +0,1697997600
1.126,2,Oct 22 2023 21: +0,1698004800
0.883,1,Oct 22 2023 23: +0,1698012000
0.79,3,Oct 23 2023 00: +0,1698015600
0.859,1,Oct 23 2023 05: +0,1698033600
1.113,1,Oct 23 2023 08: +0,1698044400
1.146,1,Oct 23 2023 09: +0,1698048000
1.056,1,Oct 23 2023 10: +0,1698051600
1.138,1,Oct 23 2023 12: +0,1698058800
1.131,2,Oct 23 2023 13: +0,1698062400
1.146,2,Oct 23 2023 16: +0,1698073200
1.146,20,Oct 23 2023 17: +0,1698076800
1.163,1,Oct 23 2023 19: +0,1698084000
1.064,2,Oct 23 2023 20: +0,1698087600
1.126,2,Oct 23 2023 21: +0,1698091200
1.146,1,Oct 23 2023 22: +0,1698094800
1.163,2,Oct 23 2023 23: +0,1698098400
1.095,2,Oct 24 2023 01: +0,1698105600
1.113,1,Oct 24 2023 02: +0,1698109200
1.151,2,Oct 24 2023 04: +0,1698116400
1.163,1,Oct 24 2023 09: +0,1698134400
1.113,1,Oct 24 2023 11: +0,1698141600
1.151,2,Oct 24 2023 14: +0,1698152400
1.155,1,Oct 24 2023 15: +0,1698156000
1.126,1,Oct 24 2023 18: +0,1698166800
1.019,2,Oct 24 2023 20: +0,1698174000
1.171,5,Oct 25 2023 04: +0,1698202800
1.155,1,Oct 25 2023 07: +0,1698213600
1.178,8,Oct 25 2023 09: +0,1698220800
1.179,1,Oct 25 2023 10: +0,1698224400
1.188,2,Oct 25 2023 11: +0,1698228000
1.188,2,Oct 25 2023 14: +0,1698238800
1.173,5,Oct 25 2023 15: +0,1698242400
1.188,5,Oct 25 2023 16: +0,1698246000
0.834,4,Oct 25 2023 17: +0,1698249600
0.835,2,Oct 25 2023 18: +0,1698253200
1.2,4,Oct 25 2023 20: +0,1698260400
1.188,1,Oct 25 2023 21: +0,1698264000
1.171,1,Oct 25 2023 23: +0,1698271200
1.035,2,Oct 26 2023 00: +0,1698274800
1.204,4,Oct 26 2023 03: +0,1698285600
1.188,2,Oct 26 2023 04: +0,1698289200
1.171,1,Oct 26 2023 06: +0,1698296400
1.229,18,Oct 26 2023 07: +0,1698300000
1.28,1,Oct 26 2023 10: +0,1698310800
1.171,1,Oct 26 2023 11: +0,1698314400
1.255,1,Oct 26 2023 12: +0,1698318000
1.218,1,Oct 26 2023 14: +0,1698325200
1.031,1,Oct 26 2023 15: +0,1698328800
1.177,2,Oct 26 2023 16: +0,1698332400
1.192,1,Oct 26 2023 18: +0,1698339600
1.192,1,Oct 26 2023 19: +0,1698343200
1.154,2,Oct 26 2023 20: +0,1698346800
1.096,1,Oct 26 2023 21: +0,1698350400
1.241,1,Oct 26 2023 22: +0,1698354000
1.193,1,Oct 27 2023 07: +0,1698386400
1.245,10,Oct 27 2023 11: +0,1698400800
1.136,1,Oct 27 2023 12: +0,1698404400
1.006,2,Oct 27 2023 15: +0,1698415200
1.2,2,Oct 27 2023 17: +0,1698422400
1.234,3,Oct 27 2023 19: +0,1698429600
0.974,1,Oct 27 2023 20: +0,1698433200
1.288,25,Oct 27 2023 21: +0,1698436800
1.274,2,Oct 27 2023 23: +0,1698444000
1.282,1,Oct 28 2023 00: +0,1698447600
1.282,1,Oct 28 2023 01: +0,1698451200
1.282,1,Oct 28 2023 02: +0,1698454800
1.161,1,Oct 28 2023 06: +0,1698469200
1.542,2,Oct 28 2023 08: +0,1698476400
1.282,1,Oct 28 2023 10: +0,1698483600
1.282,1,Oct 28 2023 12: +0,1698490800
1.039,1,Oct 28 2023 15: +0,1698501600
1.342,1,Oct 28 2023 16: +0,1698505200
1.282,4,Oct 28 2023 19: +0,1698516000
1.282,1,Oct 28 2023 22: +0,1698526800
1.282,1,Oct 29 2023 00: +0,1698534000
1.277,1,Oct 29 2023 03: +0,1698548400
1.262,1,Oct 29 2023 13: +0,1698584400
1.185,1,Oct 29 2023 14: +0,1698588000
1.152,1,Oct 29 2023 15: +0,1698591600
1.219,1,Oct 29 2023 16: +0,1698595200
1.203,1,Oct 29 2023 22: +0,1698616800
1.007,2,Oct 30 2023 02: +0,1698631200
1.173,2,Oct 30 2023 03: +0,1698634800
1.136,1,Oct 30 2023 04: +0,1698638400
1.223,1,Oct 30 2023 05: +0,1698642000
1.25,1,Oct 30 2023 07: +0,1698649200
0.958,1,Oct 30 2023 10: +0,1698660000
1.096,1,Oct 30 2023 12: +0,1698667200
1.193,2,Oct 30 2023 15: +0,1698678000
1.128,1,Oct 30 2023 16: +0,1698681600
1.177,2,Oct 30 2023 18: +0,1698688800
1.245,5,Oct 30 2023 19: +0,1698692400
1.236,1,Oct 30 2023 21: +0,1698699600
1.136,1,Oct 30 2023 22: +0,1698703200
1.267,1,Oct 30 2023 23: +0,1698706800
0.84,1,Oct 31 2023 00: +0,1698710400
1.152,1,Oct 31 2023 01: +0,1698714000
1.128,1,Oct 31 2023 02: +0,1698717600
1.258,1,Oct 31 2023 05: +0,1698728400
1.161,1,Oct 31 2023 06: +0,1698732000
1.267,3,Oct 31 2023 10: +0,1698746400
1.3,1,Oct 31 2023 13: +0,1698757200
1.152,1,Oct 31 2023 16: +0,1698768000
0.974,2,Oct 31 2023 20: +0,1698782400
1.112,2,Oct 31 2023 22: +0,1698789600
1.12,1,Nov 01 2023 00: +0,1698796800
0.495,1,Nov 01 2023 09: +0,1698829200
1.169,2,Nov 01 2023 11: +0,1698836400
0.87,1,Nov 01 2023 14: +0,1698847200
0.776,1,Nov 01 2023 16: +0,1698854400
1.071,1,Nov 01 2023 19: +0,1698865200
1.096,1,Nov 01 2023 20: +0,1698868800
1.096,1,Nov 01 2023 22: +0,1698876000
1.111,1,Nov 01 2023 23: +0,1698879600
0.821,1,Nov 02 2023 00: +0,1698883200
1.039,1,Nov 02 2023 07: +0,1698908400
1.115,12,Nov 02 2023 09: +0,1698915600
1.205,16,Nov 02 2023 10: +0,1698919200
1.096,5,Nov 02 2023 12: +0,1698926400
1.096,4,Nov 02 2023 13: +0,1698930000
1.268,3,Nov 02 2023 15: +0,1698937200
1.273,1,Nov 02 2023 19: +0,1698951600
1.273,1,Nov 02 2023 20: +0,1698955200
0.84,1,Nov 02 2023 23: +0,1698966000
0.771,1,Nov 03 2023 01: +0,1698973200
1.043,2,Nov 03 2023 03: +0,1698980400
1.258,1,Nov 03 2023 04: +0,1698984000
1.096,1,Nov 03 2023 14: +0,1699020000
1.096,7,Nov 03 2023 15: +0,1699023600
1.215,1,Nov 03 2023 17: +0,1699030800
1.173,1,Nov 03 2023 19: +0,1699038000
0.83,1,Nov 03 2023 21: +0,1699045200
1.151,1,Nov 03 2023 22: +0,1699048800
0.999,1,Nov 04 2023 00: +0,1699056000
0.842,1,Nov 04 2023 03: +0,1699066800
1.088,1,Nov 04 2023 04: +0,1699070400
1.118,1,Nov 04 2023 06: +0,1699077600
1.096,4,Nov 04 2023 11: +0,1699095600
1.043,1,Nov 04 2023 12: +0,1699099200
0.803,1,Nov 04 2023 16: +0,1699113600
0.956,1,Nov 04 2023 18: +0,1699120800
1.043,1,Nov 04 2023 19: +0,1699124400
1.128,1,Nov 05 2023 00: +0,1699142400
1.071,1,Nov 05 2023 01: +0,1699146000
1.096,3,Nov 05 2023 03: +0,1699153200
0.909,1,Nov 05 2023 04: +0,1699156800
1.096,1,Nov 05 2023 08: +0,1699171200
1.12,1,Nov 05 2023 10: +0,1699178400
1.079,1,Nov 05 2023 12: +0,1699185600
1.071,2,Nov 05 2023 13: +0,1699189200
0.946,2,Nov 05 2023 14: +0,1699192800
1.096,3,Nov 05 2023 15: +0,1699196400
1.077,2,Nov 05 2023 17: +0,1699203600
1.108,2,Nov 05 2023 18: +0,1699207200
1.096,1,Nov 05 2023 19: +0,1699210800
1.096,3,Nov 05 2023 20: +0,1699214400
1.12,1,Nov 06 2023 00: +0,1699228800
0.777,1,Nov 06 2023 02: +0,1699236000
1.096,1,Nov 06 2023 04: +0,1699243200
1.114,1,Nov 06 2023 07: +0,1699254000
0.914,2,Nov 06 2023 13: +0,1699275600
0.935,2,Nov 06 2023 18: +0,1699293600
1.025,1,Nov 06 2023 19: +0,1699297200
0.909,1,Nov 06 2023 20: +0,1699300800
0.771,1,Nov 06 2023 21: +0,1699304400
1.025,1,Nov 06 2023 22: +0,1699308000
1.016,1,Nov 07 2023 08: +0,1699344000
1.011,1,Nov 07 2023 10: +0,1699351200
0.99,2,Nov 07 2023 14: +0,1699365600
1.025,1,Nov 07 2023 15: +0,1699369200
0.816,5,Nov 07 2023 16: +0,1699372800
0.816,1,Nov 07 2023 17: +0,1699376400
1.024,3,Nov 07 2023 19: +0,1699383600
1.027,1,Nov 07 2023 20: +0,1699387200
1.017,2,Nov 07 2023 22: +0,1699394400
0.984,1,Nov 08 2023 01: +0,1699405200
0.984,1,Nov 08 2023 02: +0,1699408800
0.989,2,Nov 08 2023 03: +0,1699412400
0.929,1,Nov 08 2023 06: +0,1699423200
0.909,2,Nov 08 2023 15: +0,1699455600
0.92,2,Nov 08 2023 16: +0,1699459200
0.934,2,Nov 08 2023 22: +0,1699480800
0.941,1,Nov 08 2023 23: +0,1699484400
1.011,1,Nov 09 2023 00: +0,1699488000
1.012,1,Nov 09 2023 02: +0,1699495200
0.995,1,Nov 09 2023 03: +0,1699498800
0.987,1,Nov 09 2023 08: +0,1699516800
0.999,2,Nov 09 2023 09: +0,1699520400
1.001,2,Nov 09 2023 11: +0,1699527600
1.005,1,Nov 09 2023 12: +0,1699531200
0.955,1,Nov 09 2023 14: +0,1699538400
1.145,2,Nov 09 2023 16: +0,1699545600
1.011,1,Nov 09 2023 18: +0,1699552800
1.012,1,Nov 09 2023 20: +0,1699560000
0.999,2,Nov 09 2023 21: +0,1699563600
0.964,1,Nov 09 2023 23: +0,1699570800
1.019,1,Nov 10 2023 03: +0,1699585200
0.969,1,Nov 10 2023 04: +0,1699588800
0.974,1,Nov 10 2023 06: +0,1699596000
0.816,4,Nov 10 2023 07: +0,1699599600
0.995,1,Nov 10 2023 13: +0,1699621200
0.864,1,Nov 10 2023 15: +0,1699628400
1.012,1,Nov 10 2023 18: +0,1699639200
0.952,3,Nov 10 2023 22: +0,1699653600
0.85,2,Nov 10 2023 23: +0,1699657200
0.971,1,Nov 11 2023 00: +0,1699660800
0.847,1,Nov 11 2023 01: +0,1699664400
0.956,1,Nov 11 2023 10: +0,1699696800
0.954,1,Nov 11 2023 12: +0,1699704000
0.932,1,Nov 11 2023 15: +0,1699714800
0.96,3,Nov 11 2023 20: +0,1699732800
0.967,4,Nov 11 2023 21: +0,1699736400
0.963,3,Nov 11 2023 22: +0,1699740000
0.805,1,Nov 11 2023 23: +0,1699743600
0.939,1,Nov 12 2023 04: +0,1699761600
0.923,1,Nov 12 2023 06: +0,1699768800
0.963,2,Nov 12 2023 09: +0,1699779600
0.842,1,Nov 12 2023 14: +0,1699797600
0.967,1,Nov 12 2023 17: +0,1699808400
0.955,3,Nov 12 2023 21: +0,1699822800
0.888,2,Nov 12 2023 22: +0,1699826400
0.955,1,Nov 13 2023 03: +0,1699844400
0.96,10,Nov 13 2023 05: +0,1699851600
0.955,1,Nov 13 2023 10: +0,1699869600
0.971,1,Nov 13 2023 17: +0,1699894800
0.939,1,Nov 13 2023 20: +0,1699905600
0.9,1,Nov 13 2023 21: +0,1699909200
0.961,1,Nov 13 2023 22: +0,1699912800
0.955,1,Nov 14 2023 00: +0,1699920000
0.947,1,Nov 14 2023 01: +0,1699923600
0.898,1,Nov 14 2023 03: +0,1699930800
0.955,2,Nov 14 2023 12: +0,1699963200
0.953,1,Nov 14 2023 13: +0,1699966800
0.964,1,Nov 14 2023 14: +0,1699970400
0.876,2,Nov 14 2023 18: +0,1699984800
0.884,2,Nov 14 2023 20: +0,1699992000
0.987,1,Nov 14 2023 23: +0,1700002800
0.939,1,Nov 15 2023 03: +0,1700017200
0.975,2,Nov 15 2023 08: +0,1700035200
0.971,3,Nov 15 2023 15: +0,1700060400
0.971,3,Nov 15 2023 16: +0,1700064000
0.971,1,Nov 15 2023 18: +0,1700071200
0.971,2,Nov 15 2023 22: +0,1700085600
0.971,4,Nov 15 2023 23: +0,1700089200
1.001,1,Nov 16 2023 02: +0,1700100000
0.754,1,Nov 16 2023 03: +0,1700103600
0.971,1,Nov 16 2023 07: +0,1700118000
0.992,1,Nov 16 2023 10: +0,1700128800
0.971,1,Nov 16 2023 13: +0,1700139600
0.978,1,Nov 16 2023 16: +0,1700150400
0.894,1,Nov 16 2023 18: +0,1700157600
0.955,3,Nov 16 2023 19: +0,1700161200
0.935,2,Nov 16 2023 20: +0,1700164800
0.714,1,Nov 16 2023 21: +0,1700168400
0.77,2,Nov 16 2023 23: +0,1700175600
0.979,1,Nov 17 2023 03: +0,1700190000
0.882,1,Nov 17 2023 12: +0,1700222400
0.947,1,Nov 17 2023 17: +0,1700240400
0.776,1,Nov 17 2023 18: +0,1700244000
0.947,1,Nov 17 2023 20: +0,1700251200
0.862,3,Nov 17 2023 21: +0,1700254800
0.962,1,Nov 17 2023 22: +0,1700258400
0.947,2,Nov 17 2023 23: +0,1700262000
0.874,1,Nov 18 2023 00: +0,1700265600
0.947,1,Nov 18 2023 01: +0,1700269200
0.959,9,Nov 18 2023 05: +0,1700283600
0.785,1,Nov 18 2023 07: +0,1700290800
0.779,1,Nov 18 2023 10: +0,1700301600
0.967,1,Nov 18 2023 13: +0,1700312400
0.964,1,Nov 18 2023 15: +0,1700319600
0.947,1,Nov 18 2023 18: +0,1700330400
0.882,1,Nov 18 2023 20: +0,1700337600
0.89,1,Nov 18 2023 21: +0,1700341200
0.952,1,Nov 18 2023 22: +0,1700344800
0.973,1,Nov 18 2023 23: +0,1700348400
0.923,1,Nov 19 2023 02: +0,1700359200
0.866,1,Nov 19 2023 03: +0,1700362800
0.874,1,Nov 19 2023 07: +0,1700377200
0.963,1,Nov 19 2023 09: +0,1700384400
0.935,2,Nov 19 2023 10: +0,1700388000
0.913,2,Nov 19 2023 11: +0,1700391600
0.811,1,Nov 19 2023 12: +0,1700395200
0.876,2,Nov 19 2023 14: +0,1700402400
0.939,1,Nov 19 2023 16: +0,1700409600
0.955,4,Nov 19 2023 18: +0,1700416800
0.963,2,Nov 19 2023 19: +0,1700420400
0.963,1,Nov 19 2023 20: +0,1700424000
0.927,2,Nov 19 2023 23: +0,1700434800
0.882,1,Nov 20 2023 00: +0,1700438400
0.823,1,Nov 20 2023 02: +0,1700445600
0.971,1,Nov 20 2023 07: +0,1700463600
0.971,1,Nov 20 2023 10: +0,1700474400
0.975,1,Nov 20 2023 11: +0,1700478000
0.971,1,Nov 20 2023 15: +0,1700492400
0.971,1,Nov 20 2023 19: +0,1700506800
0.997,1,Nov 20 2023 20: +0,1700510400
1.015,1,Nov 20 2023 21: +0,1700514000
0.981,1,Nov 20 2023 22: +0,1700517600
0.971,1,Nov 20 2023 23: +0,1700521200
0.882,1,Nov 21 2023 00: +0,1700524800
0.971,1,Nov 21 2023 06: +0,1700546400
0.979,3,Nov 21 2023 09: +0,1700557200
0.972,4,Nov 21 2023 10: +0,1700560800
0.922,1,Nov 21 2023 12: +0,1700568000
0.963,4,Nov 21 2023 13: +0,1700571600
1.077,1,Nov 21 2023 14: +0,1700575200
0.979,3,Nov 21 2023 15: +0,1700578800
0.972,4,Nov 21 2023 16: +0,1700582400
0.987,3,Nov 21 2023 17: +0,1700586000
0.962,1,Nov 21 2023 19: +0,1700593200
0.869,2,Nov 21 2023 21: +0,1700600400
1.006,1,Nov 21 2023 22: +0,1700604000
1.01,1,Nov 22 2023 01: +0,1700614800
0.993,7,Nov 22 2023 04: +0,1700625600
0.993,1,Nov 22 2023 05: +0,1700629200
0.98,2,Nov 22 2023 06: +0,1700632800
1.018,4,Nov 22 2023 09: +0,1700643600
0.881,1,Nov 22 2023 12: +0,1700654400
0.974,1,Nov 22 2023 14: +0,1700661600
0.993,2,Nov 22 2023 16: +0,1700668800
0.993,1,Nov 22 2023 17: +0,1700672400
0.993,1,Nov 22 2023 21: +0,1700686800
0.993,1,Nov 22 2023 22: +0,1700690400
0.993,1,Nov 22 2023 23: +0,1700694000
0.889,1,Nov 23 2023 07: +0,1700722800
1.01,6,Nov 23 2023 14: +0,1700748000
0.993,4,Nov 23 2023 15: +0,1700751600
0.958,3,Nov 23 2023 18: +0,1700762400
1.018,1,Nov 23 2023 19: +0,1700766000
1.026,10,Nov 23 2023 21: +0,1700773200
1.034,4,Nov 23 2023 22: +0,1700776800
1.042,2,Nov 23 2023 23: +0,1700780400
0.828,2,Nov 24 2023 01: +0,1700787600
1.058,3,Nov 24 2023 04: +0,1700798400
1.058,2,Nov 24 2023 06: +0,1700805600
1.058,2,Nov 24 2023 07: +0,1700809200
1.061,6,Nov 24 2023 08: +0,1700812800
1.042,1,Nov 24 2023 10: +0,1700820000
0.993,1,Nov 24 2023 11: +0,1700823600
1.058,3,Nov 24 2023 12: +0,1700827200
1.066,3,Nov 24 2023 16: +0,1700841600
1.05,1,Nov 24 2023 17: +0,1700845200
0.985,1,Nov 24 2023 18: +0,1700848800
1.066,1,Nov 24 2023 19: +0,1700852400
1.066,1,Nov 24 2023 20: +0,1700856000
0.991,1,Nov 24 2023 22: +0,1700863200
1.043,2,Nov 24 2023 23: +0,1700866800
1.047,1,Nov 25 2023 01: +0,1700874000
1.079,1,Nov 25 2023 09: +0,1700902800
1.079,1,Nov 25 2023 10: +0,1700906400
1.071,3,Nov 25 2023 11: +0,1700910000
1.079,2,Nov 25 2023 12: +0,1700913600
1.016,4,Nov 25 2023 18: +0,1700935200
0.975,2,Nov 25 2023 19: +0,1700938800
0.991,2,Nov 25 2023 21: +0,1700946000
1.039,1,Nov 25 2023 22: +0,1700949600
1.042,1,Nov 26 2023 01: +0,1700960400
1.053,1,Nov 26 2023 03: +0,1700967600
1.007,1,Nov 26 2023 12: +0,1701000000
1.015,1,Nov 26 2023 14: +0,1701007200
1.023,6,Nov 26 2023 16: +0,1701014400
1.023,3,Nov 26 2023 17: +0,1701018000
0.909,2,Nov 26 2023 19: +0,1701025200
1.031,2,Nov 26 2023 20: +0,1701028800
0.991,1,Nov 26 2023 22: +0,1701036000
0.909,2,Nov 27 2023 00: +0,1701043200
1.039,1,Nov 27 2023 03: +0,1701054000
1.039,1,Nov 27 2023 05: +0,1701061200
1.053,1,Nov 27 2023 08: +0,1701072000
0.864,2,Nov 27 2023 11: +0,1701082800
0.999,2,Nov 27 2023 13: +0,1701090000
1.003,1,Nov 27 2023 14: +0,1701093600
0.823,1,Nov 27 2023 16: +0,1701100800
0.991,1,Nov 27 2023 18: +0,1701108000
0.603,1,Nov 27 2023 19: +0,1701111600
0.991,1,Nov 27 2023 20: +0,1701115200
0.983,1,Nov 27 2023 22: +0,1701122400
0.983,1,Nov 28 2023 04: +0,1701144000
1.046,2,Nov 28 2023 12: +0,1701172800
0.991,1,Nov 28 2023 15: +0,1701183600
1.007,3,Nov 28 2023 16: +0,1701187200
1.047,1,Nov 28 2023 17: +0,1701190800
1.043,4,Nov 28 2023 20: +0,1701201600
1.065,1,Nov 28 2023 21: +0,1701205200
0.638,1,Nov 28 2023 23: +0,1701212400
1.063,1,Nov 29 2023 04: +0,1701230400
1.065,1,Nov 29 2023 05: +0,1701234000
1.047,4,Nov 29 2023 09: +0,1701248400
1.055,1,Nov 29 2023 10: +0,1701252000
1.047,1,Nov 29 2023 11: +0,1701255600
1.047,1,Nov 29 2023 17: +0,1701277200
1.055,3,Nov 29 2023 18: +0,1701280800
1.055,3,Nov 29 2023 19: +0,1701284400
1.071,2,Nov 29 2023 21: +0,1701291600
1.099,1,Nov 30 2023 07: +0,1701327600
1.079,2,Nov 30 2023 09: +0,1701334800
1.079,1,Nov 30 2023 10: +0,1701338400
0.827,1,Nov 30 2023 14: +0,1701352800
1.079,1,Nov 30 2023 17: +0,1701363600
1.031,1,Nov 30 2023 18: +0,1701367200
1.1,1,Nov 30 2023 21: +0,1701378000
1.071,1,Nov 30 2023 22: +0,1701381600
0.829,3,Dec 01 2023 03: +0,1701399600
0.829,1,Dec 01 2023 04: +0,1701403200
0.829,1,Dec 01 2023 10: +0,1701424800
1.007,1,Dec 01 2023 12: +0,1701432000
0.829,1,Dec 01 2023 17: +0,1701450000
1.067,4,Dec 01 2023 18: +0,1701453600
1.055,1,Dec 01 2023 20: +0,1701460800
1.055,1,Dec 01 2023 23: +0,1701471600
1.023,14,Dec 02 2023 03: +0,1701486000
1.023,3,Dec 02 2023 05: +0,1701493200
1.003,4,Dec 02 2023 08: +0,1701504000
0.666,1,Dec 02 2023 11: +0,1701514800
0.666,1,Dec 02 2023 12: +0,1701518400
1.018,1,Dec 02 2023 17: +0,1701536400
0.991,1,Dec 02 2023 23: +0,1701558000
0.833,2,Dec 03 2023 02: +0,1701568800
0.991,1,Dec 03 2023 08: +0,1701590400
0.983,1,Dec 03 2023 12: +0,1701604800
0.799,1,Dec 03 2023 14: +0,1701612000
0.983,8,Dec 03 2023 15: +0,1701615600
0.983,1,Dec 03 2023 17: +0,1701622800
0.983,1,Dec 04 2023 03: +0,1701658800
0.959,3,Dec 04 2023 04: +0,1701662400
0.983,1,Dec 04 2023 10: +0,1701684000
0.919,1,Dec 04 2023 16: +0,1701705600
0.951,3,Dec 04 2023 19: +0,1701716400
0.975,1,Dec 04 2023 20: +0,1701720000
0.759,3,Dec 04 2023 21: +0,1701723600
0.983,2,Dec 04 2023 23: +0,1701730800
0.996,1,Dec 05 2023 00: +0,1701734400
0.855,1,Dec 05 2023 03: +0,1701745200
0.971,2,Dec 05 2023 15: +0,1701788400
0.887,1,Dec 05 2023 20: +0,1701806400
0.991,1,Dec 06 2023 01: +0,1701824400
0.855,1,Dec 06 2023 03: +0,1701831600
0.946,4,Dec 06 2023 15: +0,1701874800
0.907,2,Dec 06 2023 18: +0,1701885600
0.959,1,Dec 06 2023 19: +0,1701889200
0.899,2,Dec 06 2023 20: +0,1701892800
0.873,1,Dec 07 2023 00: +0,1701907200
0.759,1,Dec 07 2023 02: +0,1701914400
0.999,1,Dec 07 2023 12: +0,1701950400
0.855,1,Dec 07 2023 15: +0,1701961200
0.851,2,Dec 07 2023 16: +0,1701964800
0.819,2,Dec 07 2023 18: +0,1701972000
0.799,1,Dec 07 2023 19: +0,1701975600
0.852,2,Dec 07 2023 22: +0,1701986400
0.807,1,Dec 08 2023 00: +0,1701993600
0.823,1,Dec 08 2023 01: +0,1701997200
0.855,3,Dec 08 2023 02: +0,1702000800
0.847,7,Dec 08 2023 03: +0,1702004400
0.808,2,Dec 08 2023 05: +0,1702011600
0.863,7,Dec 08 2023 06: +0,1702015200
0.855,5,Dec 08 2023 08: +0,1702022400
0.743,1,Dec 08 2023 10: +0,1702029600
0.712,2,Dec 08 2023 13: +0,1702040400
0.759,1,Dec 08 2023 14: +0,1702044000
0.863,6,Dec 08 2023 17: +0,1702054800
0.863,4,Dec 08 2023 20: +0,1702065600
0.855,2,Dec 08 2023 21: +0,1702069200
0.863,5,Dec 08 2023 22: +0,1702072800
0.799,1,Dec 09 2023 03: +0,1702090800
0.823,1,Dec 09 2023 05: +0,1702098000
0.819,2,Dec 09 2023 06: +0,1702101600
0.762,1,Dec 09 2023 08: +0,1702108800
0.827,1,Dec 09 2023 12: +0,1702123200
0.918,1,Dec 09 2023 14: +0,1702130400
0.75,1,Dec 09 2023 15: +0,1702134000
0.918,10,Dec 09 2023 16: +0,1702137600
0.872,2,Dec 09 2023 17: +0,1702141200
0.883,2,Dec 09 2023 21: +0,1702155600
0.948,1,Dec 10 2023 04: +0,1702180800
0.875,2,Dec 10 2023 12: +0,1702209600
0.924,4,Dec 10 2023 15: +0,1702220400
0.908,1,Dec 10 2023 21: +0,1702242000
0.773,1,Dec 11 2023 00: +0,1702252800
0.927,1,Dec 11 2023 01: +0,1702256400
0.924,4,Dec 11 2023 06: +0,1702274400
0.933,2,Dec 11 2023 08: +0,1702281600
0.947,1,Dec 11 2023 11: +0,1702292400
0.941,6,Dec 11 2023 17: +0,1702314000
0.92,2,Dec 11 2023 20: +0,1702324800
0.978,1,Dec 12 2023 00: +0,1702339200
0.924,1,Dec 12 2023 03: +0,1702350000
0.954,6,Dec 12 2023 06: +0,1702360800
0.932,1,Dec 12 2023 09: +0,1702371600
0.95,1,Dec 12 2023 15: +0,1702393200
0.992,8,Dec 12 2023 16: +0,1702396800
0.94,1,Dec 13 2023 07: +0,1702450800
0.947,1,Dec 13 2023 09: +0,1702458000
0.943,2,Dec 13 2023 11: +0,1702465200
0.697,1,Dec 13 2023 16: +0,1702483200
0.908,1,Dec 13 2023 17: +0,1702486800
0.938,2,Dec 13 2023 18: +0,1702490400
0.829,2,Dec 14 2023 03: +0,1702522800
0.876,1,Dec 14 2023 11: +0,1702551600
0.996,1,Dec 14 2023 12: +0,1702555200
0.947,1,Dec 14 2023 15: +0,1702566000
0.908,1,Dec 14 2023 18: +0,1702576800
0.814,1,Dec 14 2023 20: +0,1702584000
0.79,1,Dec 14 2023 21: +0,1702587600
0.815,2,Dec 14 2023 22: +0,1702591200
0.698,1,Dec 14 2023 23: +0,1702594800
0.995,4,Dec 15 2023 00: +0,1702598400
0.947,1,Dec 15 2023 01: +0,1702602000
0.678,1,Dec 15 2023 03: +0,1702609200
0.853,1,Dec 15 2023 11: +0,1702638000
0.955,4,Dec 15 2023 14: +0,1702648800
0.955,4,Dec 15 2023 15: +0,1702652400
0.963,3,Dec 15 2023 16: +0,1702656000
1.014,6,Dec 15 2023 17: +0,1702659600
0.982,2,Dec 16 2023 02: +0,1702692000
0.947,1,Dec 16 2023 03: +0,1702695600
0.947,1,Dec 16 2023 04: +0,1702699200
0.94,1,Dec 16 2023 05: +0,1702702800
1.007,4,Dec 16 2023 07: +0,1702710000
0.908,1,Dec 16 2023 08: +0,1702713600
1.009,2,Dec 16 2023 17: +0,1702746000
0.965,1,Dec 16 2023 21: +0,1702760400
0.956,1,Dec 17 2023 00: +0,1702771200
0.999,8,Dec 17 2023 02: +0,1702778400
0.896,2,Dec 17 2023 21: +0,1702846800
0.889,2,Dec 17 2023 22: +0,1702850400
0.972,2,Dec 18 2023 00: +0,1702857600
0.995,1,Dec 18 2023 02: +0,1702864800
0.942,1,Dec 18 2023 12: +0,1702900800
0.999,9,Dec 18 2023 13: +0,1702904400
0.947,1,Dec 18 2023 18: +0,1702922400
0.956,1,Dec 18 2023 20: +0,1702929600
0.829,2,Dec 18 2023 22: +0,1702936800
0.717,1,Dec 19 2023 01: +0,1702947600
1.009,12,Dec 19 2023 05: +0,1702962000
0.868,1,Dec 19 2023 12: +0,1702987200
1.017,6,Dec 19 2023 16: +0,1703001600
0.717,1,Dec 19 2023 18: +0,1703008800
0.924,11,Dec 19 2023 20: +0,1703016000
0.853,1,Dec 19 2023 22: +0,1703023200
1.035,4,Dec 20 2023 07: +0,1703055600
1.049,6,Dec 20 2023 10: +0,1703066400
0.947,1,Dec 20 2023 11: +0,1703070000
1.069,2,Dec 20 2023 12: +0,1703073600
0.947,2,Dec 20 2023 14: +0,1703080800
0.896,2,Dec 20 2023 15: +0,1703084400
0.924,1,Dec 20 2023 20: +0,1703102400
0.819,2,Dec 20 2023 21: +0,1703106000
0.912,2,Dec 21 2023 00: +0,1703116800
0.884,1,Dec 21 2023 01: +0,1703120400
0.932,1,Dec 21 2023 08: +0,1703145600
0.932,1,Dec 21 2023 12: +0,1703160000
0.862,2,Dec 21 2023 15: +0,1703170800
0.787,1,Dec 21 2023 16: +0,1703174400
0.819,5,Dec 21 2023 21: +0,1703192400
0.929,2,Dec 22 2023 09: +0,1703235600
0.941,2,Dec 22 2023 14: +0,1703253600
0.634,1,Dec 22 2023 15: +0,1703257200
0.929,2,Dec 22 2023 17: +0,1703264400
1.003,1,Dec 22 2023 18: +0,1703268000
0.716,1,Dec 22 2023 21: +0,1703278800
0.804,2,Dec 22 2023 22: +0,1703282400
0.902,1,Dec 23 2023 09: +0,1703322000
0.893,2,Dec 23 2023 10: +0,1703325600
0.882,2,Dec 23 2023 11: +0,1703329200
0.736,1,Dec 23 2023 12: +0,1703332800
0.866,1,Dec 23 2023 15: +0,1703343600
0.882,1,Dec 23 2023 16: +0,1703347200
0.898,2,Dec 23 2023 18: +0,1703354400
0.811,1,Dec 23 2023 23: +0,1703372400
0.905,1,Dec 24 2023 02: +0,1703383200
0.874,1,Dec 24 2023 15: +0,1703430000
0.998,1,Dec 24 2023 20: +0,1703448000
0.734,1,Dec 25 2023 12: +0,1703505600
0.551,1,Dec 25 2023 13: +0,1703509200
0.882,1,Dec 25 2023 15: +0,1703516400
0.874,1,Dec 25 2023 21: +0,1703538000
0.842,1,Dec 25 2023 22: +0,1703541600
0.84,2,Dec 26 2023 00: +0,1703548800
0.929,1,Dec 26 2023 05: +0,1703566800
0.838,2,Dec 26 2023 09: +0,1703581200
0.802,2,Dec 26 2023 10: +0,1703584800
0.851,1,Dec 26 2023 12: +0,1703592000
0.864,2,Dec 26 2023 13: +0,1703595600
0.819,1,Dec 26 2023 15: +0,1703602800
0.903,1,Dec 26 2023 16: +0,1703606400
0.875,1,Dec 26 2023 18: +0,1703613600
0.811,1,Dec 26 2023 19: +0,1703617200
0.874,2,Dec 26 2023 20: +0,1703620800
0.869,1,Dec 27 2023 07: +0,1703660400
0.874,1,Dec 27 2023 10: +0,1703671200
0.954,1,Dec 27 2023 14: +0,1703685600
0.85,1,Dec 27 2023 17: +0,1703696400
0.862,2,Dec 27 2023 23: +0,1703718000
0.819,1,Dec 28 2023 00: +0,1703721600
0.827,1,Dec 28 2023 03: +0,1703732400
0.819,1,Dec 28 2023 06: +0,1703743200
0.853,1,Dec 28 2023 08: +0,1703750400
0.869,1,Dec 28 2023 09: +0,1703754000
0.837,1,Dec 28 2023 12: +0,1703764800
0.807,1,Dec 28 2023 16: +0,1703779200
0.779,1,Dec 28 2023 17: +0,1703782800
0.8,2,Dec 28 2023 18: +0,1703786400
0.853,1,Dec 28 2023 19: +0,1703790000
0.685,2,Dec 28 2023 21: +0,1703797200
0.873,1,Dec 28 2023 22: +0,1703800800
0.883,1,Dec 28 2023 23: +0,1703804400
0.883,2,Dec 29 2023 00: +0,1703808000
0.787,1,Dec 29 2023 08: +0,1703836800
0.787,1,Dec 29 2023 14: +0,1703858400
0.696,2,Dec 29 2023 15: +0,1703862000
0.881,1,Dec 29 2023 18: +0,1703872800
0.878,2,Dec 29 2023 20: +0,1703880000
0.881,1,Dec 30 2023 03: +0,1703905200
0.787,1,Dec 30 2023 05: +0,1703912400
0.637,1,Dec 30 2023 11: +0,1703934000
0.795,1,Dec 30 2023 13: +0,1703941200
0.795,1,Dec 30 2023 16: +0,1703952000
0.827,1,Dec 30 2023 18: +0,1703959200
0.819,1,Dec 31 2023 04: +0,1703995200
0.813,2,Dec 31 2023 09: +0,1704013200
0.795,1,Dec 31 2023 11: +0,1704020400
0.795,1,Dec 31 2023 12: +0,1704024000
0.812,1,Dec 31 2023 14: +0,1704031200
0.565,2,Dec 31 2023 15: +0,1704034800
0.811,1,Dec 31 2023 16: +0,1704038400
0.747,1,Dec 31 2023 17: +0,1704042000
0.818,2,Dec 31 2023 18: +0,1704045600
0.808,1,Dec 31 2023 19: +0,1704049200
0.826,1,Dec 31 2023 21: +0,1704056400
0.772,2,Dec 31 2023 22: +0,1704060000
0.805,1,Jan 01 2024 00: +0,1704067200
0.778,2,Jan 01 2024 01: +0,1704070800
0.762,1,Jan 01 2024 02: +0,1704074400
0.763,2,Jan 01 2024 03: +0,1704078000
0.826,4,Jan 01 2024 04: +0,1704081600
0.878,1,Jan 01 2024 09: +0,1704099600
0.829,2,Jan 01 2024 17: +0,1704128400
0.768,2,Jan 01 2024 20: +0,1704139200
0.787,1,Jan 02 2024 05: +0,1704171600
0.552,1,Jan 02 2024 10: +0,1704189600
0.684,2,Jan 02 2024 14: +0,1704204000
0.765,2,Jan 02 2024 18: +0,1704218400
0.684,1,Jan 02 2024 19: +0,1704222000
0.787,1,Jan 03 2024 00: +0,1704240000
0.834,1,Jan 03 2024 01: +0,1704243600
0.787,1,Jan 03 2024 09: +0,1704272400
0.787,1,Jan 03 2024 12: +0,1704283200
0.794,1,Jan 03 2024 15: +0,1704294000
0.771,1,Jan 03 2024 17: +0,1704301200
0.812,4,Jan 03 2024 18: +0,1704304800
0.763,1,Jan 04 2024 06: +0,1704348000
0.763,1,Jan 04 2024 07: +0,1704351600
0.833,1,Jan 04 2024 12: +0,1704369600
0.794,1,Jan 04 2024 16: +0,1704384000
0.841,10,Jan 04 2024 18: +0,1704391200
0.87,2,Jan 04 2024 21: +0,1704402000
0.808,1,Jan 05 2024 14: +0,1704463200
0.682,3,Jan 05 2024 19: +0,1704481200
0.682,1,Jan 05 2024 21: +0,1704488400
0.861,1,Jan 05 2024 22: +0,1704492000
0.865,1,Jan 06 2024 03: +0,1704510000
0.952,21,Jan 06 2024 06: +0,1704520800
0.947,1,Jan 06 2024 12: +0,1704542400
0.947,1,Jan 06 2024 19: +0,1704567600
1.056,1,Jan 06 2024 20: +0,1704571200
0.842,1,Jan 06 2024 22: +0,1704578400
0.818,3,Jan 07 2024 00: +0,1704585600
0.865,1,Jan 07 2024 15: +0,1704639600
0.907,2,Jan 07 2024 19: +0,1704654000
0.81,2,Jan 07 2024 21: +0,1704661200
0.787,1,Jan 08 2024 09: +0,1704704400
0.541,1,Jan 08 2024 12: +0,1704715200
0.904,1,Jan 08 2024 18: +0,1704736800
0.787,1,Jan 08 2024 20: +0,1704744000
0.912,1,Jan 09 2024 01: +0,1704762000
0.888,1,Jan 09 2024 06: +0,1704780000
0.931,1,Jan 09 2024 17: +0,1704819600
0.873,1,Jan 09 2024 18: +0,1704823200
0.089,3,Jan 09 2024 20: +0,1704830400
0.893,1,Jan 09 2024 21: +0,1704834000
0.81,1,Jan 09 2024 22: +0,1704837600
0.968,14,Jan 10 2024 04: +0,1704859200
0.865,2,Jan 10 2024 14: +0,1704895200
1.004,1,Jan 10 2024 16: +0,1704902400
0.99,1,Jan 10 2024 20: +0,1704916800
0.865,3,Jan 11 2024 13: +0,1704978000
0.903,5,Jan 11 2024 17: +0,1704992400
0.791,1,Jan 11 2024 21: +0,1705006800
0.836,1,Jan 12 2024 00: +0,1705017600
0.838,1,Jan 12 2024 01: +0,1705021200
0.791,1,Jan 12 2024 03: +0,1705028400
0.997,1,Jan 12 2024 06: +0,1705039200
0.961,8,Jan 12 2024 12: +0,1705060800
0.819,1,Jan 12 2024 14: +0,1705068000
0.955,2,Jan 12 2024 19: +0,1705086000
0.83,1,Jan 12 2024 23: +0,1705100400
0.998,1,Jan 13 2024 00: +0,1705104000
0.87,1,Jan 13 2024 03: +0,1705114800
0.862,1,Jan 13 2024 07: +0,1705129200
0.87,1,Jan 13 2024 09: +0,1705136400
0.877,3,Jan 13 2024 14: +0,1705154400
0.634,1,Jan 13 2024 15: +0,1705158000
0.899,1,Jan 13 2024 21: +0,1705179600
0.909,1,Jan 14 2024 00: +0,1705190400
0.925,2,Jan 14 2024 08: +0,1705219200
0.791,1,Jan 14 2024 09: +0,1705222800
0.917,1,Jan 14 2024 10: +0,1705226400
0.943,2,Jan 14 2024 12: +0,1705233600
0.695,1,Jan 14 2024 16: +0,1705248000
0.937,1,Jan 14 2024 21: +0,1705266000
0.885,1,Jan 14 2024 22: +0,1705269600
0.885,1,Jan 15 2024 08: +0,1705305600
0.936,1,Jan 15 2024 12: +0,1705320000
0.877,1,Jan 15 2024 15: +0,1705330800
0.946,10,Jan 15 2024 16: +0,1705334400
0.732,1,Jan 15 2024 22: +0,1705356000
0.914,2,Jan 16 2024 03: +0,1705374000
0.87,1,Jan 16 2024 10: +0,1705399200
0.917,1,Jan 16 2024 12: +0,1705406400
0.946,7,Jan 16 2024 13: +0,1705410000
0.917,1,Jan 16 2024 23: +0,1705446000
0.992,8,Jan 17 2024 10: +0,1705485600
0.917,1,Jan 17 2024 16: +0,1705507200
0.813,1,Jan 17 2024 17: +0,1705510800
1.031,9,Jan 17 2024 19: +0,1705518000
1.055,8,Jan 18 2024 07: +0,1705561200
0.909,1,Jan 18 2024 10: +0,1705572000
0.885,1,Jan 18 2024 14: +0,1705586400
0.925,1,Jan 18 2024 17: +0,1705597200
0.944,4,Jan 18 2024 18: +0,1705600800
1.025,2,Jan 18 2024 21: +0,1705611600
0.877,1,Jan 19 2024 00: +0,1705622400
1.063,1,Jan 19 2024 01: +0,1705626000
0.877,1,Jan 19 2024 10: +0,1705658400
0.738,1,Jan 19 2024 11: +0,1705662000
1.055,4,Jan 19 2024 12: +0,1705665600
0.738,1,Jan 19 2024 19: +0,1705690800
0.728,1,Jan 19 2024 22: +0,1705701600
1.059,1,Jan 20 2024 02: +0,1705716000
0.933,1,Jan 20 2024 08: +0,1705737600
1.012,5,Jan 20 2024 12: +0,1705752000
0.858,3,Jan 20 2024 18: +0,1705773600
0.929,1,Jan 20 2024 20: +0,1705780800
0.838,2,Jan 20 2024 21: +0,1705784400
0.435,1,Jan 20 2024 22: +0,1705788000
0.921,1,Jan 21 2024 01: +0,1705798800
0.882,1,Jan 21 2024 02: +0,1705802400
0.842,1,Jan 21 2024 03: +0,1705806000
0.921,2,Jan 21 2024 04: +0,1705809600
0.858,1,Jan 21 2024 14: +0,1705845600
0.858,1,Jan 21 2024 17: +0,1705856400
0.874,1,Jan 21 2024 23: +0,1705878000
0.866,1,Jan 22 2024 00: +0,1705881600
0.922,1,Jan 22 2024 06: +0,1705903200
0.905,1,Jan 22 2024 10: +0,1705917600
0.579,1,Jan 22 2024 11: +0,1705921200
0.858,1,Jan 22 2024 12: +0,1705924800
0.922,8,Jan 22 2024 13: +0,1705928400
0.913,1,Jan 22 2024 21: +0,1705957200
0.701,1,Jan 23 2024 06: +0,1705989600
0.905,1,Jan 23 2024 18: +0,1706032800
1.0,11,Jan 23 2024 20: +0,1706040000
0.858,1,Jan 24 2024 09: +0,1706086800
0.905,1,Jan 24 2024 10: +0,1706090400
0.913,1,Jan 24 2024 16: +0,1706112000
1.145,1,Jan 24 2024 17: +0,1706115600
0.893,2,Jan 24 2024 18: +0,1706119200
0.85,1,Jan 25 2024 05: +0,1706158800
0.858,1,Jan 25 2024 07: +0,1706166000
0.842,1,Jan 25 2024 08: +0,1706169600
0.838,2,Jan 25 2024 11: +0,1706180400
0.705,1,Jan 25 2024 14: +0,1706191200
0.921,7,Jan 25 2024 15: +0,1706194800
1.086,11,Jan 25 2024 16: +0,1706198400
0.882,1,Jan 25 2024 17: +0,1706202000
0.827,1,Jan 25 2024 19: +0,1706209200
0.787,3,Jan 25 2024 21: +0,1706216400
0.787,1,Jan 25 2024 22: +0,1706220000
0.905,1,Jan 26 2024 02: +0,1706234400
0.874,1,Jan 26 2024 07: +0,1706252400
0.882,1,Jan 26 2024 08: +0,1706256000
0.863,2,Jan 26 2024 10: +0,1706263200
0.779,1,Jan 26 2024 13: +0,1706274000
1.063,10,Jan 26 2024 17: +0,1706288400
0.858,1,Jan 26 2024 18: +0,1706292000
0.89,2,Jan 26 2024 22: +0,1706306400
0.85,1,Jan 27 2024 00: +0,1706313600
1.061,1,Jan 27 2024 04: +0,1706328000
0.89,1,Jan 27 2024 05: +0,1706331600
1.112,1,Jan 27 2024 14: +0,1706364000
0.842,1,Jan 27 2024 16: +0,1706371200
0.826,1,Jan 28 2024 00: +0,1706400000
0.873,1,Jan 28 2024 11: +0,1706439600
1.08,10,Jan 28 2024 12: +0,1706443200
1.069,1,Jan 28 2024 15: +0,1706454000
0.866,1,Jan 28 2024 20: +0,1706472000
0.749,2,Jan 29 2024 05: +0,1706504400
1.009,1,Jan 29 2024 11: +0,1706526000
1.005,2,Jan 29 2024 12: +0,1706529600
1.128,10,Jan 29 2024 14: +0,1706536800
1.033,1,Jan 29 2024 18: +0,1706551200
0.528,1,Jan 29 2024 20: +0,1706558400
0.858,1,Jan 30 2024 04: +0,1706587200
1.133,7,Jan 30 2024 16: +0,1706630400
0.787,1,Jan 30 2024 19: +0,1706641200
1.049,1,Jan 30 2024 23: +0,1706655600
0.865,1,Jan 31 2024 04: +0,1706673600
0.858,1,Jan 31 2024 06: +0,1706680800
1.057,1,Jan 31 2024 10: +0,1706695200
1.033,1,Jan 31 2024 11: +0,1706698800
1.161,10,Jan 31 2024 13: +0,1706706000
1.049,1,Jan 31 2024 14: +0,1706709600
1.033,1,Jan 31 2024 21: +0,1706734800
0.93,2,Feb 01 2024 02: +0,1706752800
0.858,1,Feb 01 2024 03: +0,1706756400
0.858,1,Feb 01 2024 08: +0,1706774400
1.139,7,Feb 01 2024 12: +0,1706788800
0.985,1,Feb 01 2024 15: +0,1706799600
1.195,1,Feb 02 2024 03: +0,1706842800
0.945,1,Feb 02 2024 14: +0,1706882400
1.109,3,Feb 02 2024 15: +0,1706886000
1.017,1,Feb 02 2024 22: +0,1706911200
1.099,1,Feb 02 2024 23: +0,1706914800
1.219,10,Feb 03 2024 03: +0,1706929200
1.045,2,Feb 03 2024 13: +0,1706965200
1.124,1,Feb 03 2024 16: +0,1706976000
1.065,1,Feb 03 2024 21: +0,1706994000
1.116,2,Feb 04 2024 01: +0,1707008400
1.184,1,Feb 04 2024 06: +0,1707026400
0.597,1,Feb 04 2024 16: +0,1707062400
0.914,1,Feb 04 2024 17: +0,1707066000
1.145,3,Feb 04 2024 18: +0,1707069600
0.858,1,Feb 04 2024 19: +0,1707073200
1.005,1,Feb 04 2024 20: +0,1707076800
0.858,1,Feb 04 2024 21: +0,1707080400
0.858,3,Feb 05 2024 00: +0,1707091200
0.858,2,Feb 05 2024 01: +0,1707094800
1.279,8,Feb 05 2024 03: +0,1707102000
1.308,1,Feb 05 2024 05: +0,1707109200
0.985,1,Feb 05 2024 16: +0,1707148800
0.922,1,Feb 05 2024 17: +0,1707152400
1.033,1,Feb 05 2024 18: +0,1707156000
0.961,2,Feb 05 2024 20: +0,1707163200
1.041,1,Feb 05 2024 23: +0,1707174000
1.041,1,Feb 06 2024 09: +0,1707210000
1.065,1,Feb 06 2024 11: +0,1707217200
1.1,10,Feb 06 2024 12: +0,1707220800
1.096,2,Feb 06 2024 13: +0,1707224400
1.151,4,Feb 06 2024 17: +0,1707238800
1.288,4,Feb 06 2024 19: +0,1707246000
1.042,1,Feb 07 2024 03: +0,1707274800
0.959,1,Feb 07 2024 04: +0,1707278400
0.662,1,Feb 07 2024 10: +0,1707300000
0.951,1,Feb 07 2024 11: +0,1707303600
1.109,1,Feb 07 2024 12: +0,1707307200
1.117,1,Feb 07 2024 16: +0,1707321600
1.245,10,Feb 07 2024 18: +0,1707328800
0.863,1,Feb 07 2024 19: +0,1707332400
1.186,1,Feb 07 2024 22: +0,1707343200
1.105,1,Feb 07 2024 23: +0,1707346800
1.11,1,Feb 08 2024 09: +0,1707382800
0.888,1,Feb 08 2024 13: +0,1707397200
0.882,1,Feb 08 2024 14: +0,1707400800
0.882,1,Feb 08 2024 16: +0,1707408000
1.21,1,Feb 08 2024 18: +0,1707415200
1.125,1,Feb 08 2024 21: +0,1707426000
1.268,1,Feb 08 2024 22: +0,1707429600
0.858,1,Feb 08 2024 23: +0,1707433200
1.002,1,Feb 09 2024 01: +0,1707440400
0.956,1,Feb 09 2024 04: +0,1707451200
0.798,1,Feb 09 2024 14: +0,1707487200
0.98,2,Feb 09 2024 15: +0,1707490800
0.865,1,Feb 09 2024 21: +0,1707512400
0.773,1,Feb 09 2024 22: +0,1707516000
1.292,1,Feb 10 2024 00: +0,1707523200
1.076,1,Feb 10 2024 01: +0,1707526800
1.081,1,Feb 10 2024 04: +0,1707537600
0.999,1,Feb 10 2024 08: +0,1707552000
1.03,1,Feb 10 2024 11: +0,1707562800
1.072,1,Feb 10 2024 14: +0,1707573600
1.041,2,Feb 10 2024 18: +0,1707588000
0.915,8,Feb 10 2024 22: +0,1707602400
0.971,1,Feb 11 2024 00: +0,1707609600
0.916,7,Feb 11 2024 01: +0,1707613200
0.962,1,Feb 11 2024 02: +0,1707616800
1.03,6,Feb 11 2024 04: +0,1707624000
0.988,1,Feb 11 2024 14: +0,1707660000
0.962,1,Feb 11 2024 18: +0,1707674400
0.891,7,Feb 11 2024 19: +0,1707678000
0.825,1,Feb 11 2024 22: +0,1707688800
0.962,1,Feb 11 2024 23: +0,1707692400
0.971,1,Feb 12 2024 05: +0,1707714000
0.975,2,Feb 12 2024 08: +0,1707724800
0.972,1,Feb 12 2024 09: +0,1707728400
0.869,1,Feb 12 2024 12: +0,1707739200
0.958,1,Feb 12 2024 13: +0,1707742800
0.979,1,Feb 12 2024 15: +0,1707750000
0.942,1,Feb 12 2024 17: +0,1707757200
0.955,1,Feb 12 2024 18: +0,1707760800
0.962,1,Feb 12 2024 19: +0,1707764400
0.958,1,Feb 12 2024 20: +0,1707768000
0.613,1,Feb 12 2024 23: +0,1707778800
0.972,1,Feb 13 2024 00: +0,1707782400
0.988,1,Feb 13 2024 06: +0,1707804000
0.995,3,Feb 13 2024 09: +0,1707814800
0.837,1,Feb 13 2024 15: +0,1707836400
0.948,1,Feb 13 2024 17: +0,1707843600
0.894,2,Feb 13 2024 19: +0,1707850800
0.979,2,Feb 13 2024 22: +0,1707861600
0.948,1,Feb 14 2024 01: +0,1707872400
0.956,1,Feb 14 2024 06: +0,1707890400
0.86,2,Feb 14 2024 10: +0,1707904800
0.967,1,Feb 14 2024 12: +0,1707912000
0.879,2,Feb 14 2024 13: +0,1707915600
0.98,10,Feb 14 2024 15: +0,1707922800
0.987,1,Feb 14 2024 17: +0,1707930000
0.98,11,Feb 14 2024 18: +0,1707933600
0.98,10,Feb 14 2024 19: +0,1707937200
1.064,2,Feb 14 2024 22: +0,1707948000
0.829,1,Feb 15 2024 06: +0,1707976800
1.018,1,Feb 15 2024 11: +0,1707994800
0.982,1,Feb 16 2024 02: +0,1708048800
0.865,1,Feb 16 2024 03: +0,1708052400
1.038,6,Feb 16 2024 04: +0,1708056000
1.102,8,Feb 16 2024 07: +0,1708066800
1.098,3,Feb 16 2024 16: +0,1708099200
0.912,4,Feb 16 2024 18: +0,1708106400
0.86,4,Feb 16 2024 19: +0,1708110000
0.86,1,Feb 16 2024 21: +0,1708117200
0.865,1,Feb 16 2024 23: +0,1708124400
0.866,1,Feb 17 2024 01: +0,1708131600
0.806,1,Feb 17 2024 02: +0,1708135200
0.896,1,Feb 17 2024 07: +0,1708153200
0.992,2,Feb 17 2024 08: +0,1708156800
1.012,1,Feb 17 2024 11: +0,1708167600
1.054,1,Feb 17 2024 14: +0,1708178400
1.024,2,Feb 17 2024 15: +0,1708182000
0.865,1,Feb 17 2024 16: +0,1708185600
1.044,3,Feb 17 2024 18: +0,1708192800
0.889,1,Feb 17 2024 21: +0,1708203600
0.98,3,Feb 17 2024 23: +0,1708210800
0.863,2,Feb 18 2024 00: +0,1708214400
1.056,8,Feb 18 2024 03: +0,1708225200
1.076,1,Feb 18 2024 08: +0,1708243200
1.082,2,Feb 18 2024 11: +0,1708254000
1.099,3,Feb 18 2024 12: +0,1708257600
1.099,1,Feb 18 2024 13: +0,1708261200
0.877,1,Feb 18 2024 14: +0,1708264800
1.098,3,Feb 18 2024 15: +0,1708268400
0.952,2,Feb 18 2024 20: +0,1708286400
1.044,2,Feb 18 2024 21: +0,1708290000
1.114,4,Feb 19 2024 03: +0,1708311600
1.106,1,Feb 19 2024 07: +0,1708326000
1.114,3,Feb 19 2024 09: +0,1708333200
1.114,1,Feb 19 2024 13: +0,1708347600
1.106,1,Feb 19 2024 15: +0,1708354800
1.114,2,Feb 19 2024 16: +0,1708358400
0.877,1,Feb 19 2024 19: +0,1708369200
1.066,1,Feb 19 2024 20: +0,1708372800
1.122,1,Feb 19 2024 21: +0,1708376400
1.114,1,Feb 20 2024 00: +0,1708387200
1.118,2,Feb 20 2024 01: +0,1708390800
1.13,3,Feb 20 2024 03: +0,1708398000
1.07,2,Feb 20 2024 04: +0,1708401600
1.13,3,Feb 20 2024 05: +0,1708405200
1.13,6,Feb 20 2024 08: +0,1708416000
1.114,1,Feb 20 2024 10: +0,1708423200
1.066,1,Feb 20 2024 11: +0,1708426800
0.948,2,Feb 20 2024 13: +0,1708434000
1.066,3,Feb 20 2024 14: +0,1708437600
1.047,2,Feb 20 2024 15: +0,1708441200
0.853,2,Feb 20 2024 16: +0,1708444800
1.003,1,Feb 20 2024 19: +0,1708455600
1.09,1,Feb 20 2024 20: +0,1708459200
1.059,3,Feb 20 2024 22: +0,1708466400
1.04,2,Feb 21 2024 04: +0,1708488000
0.59,1,Feb 21 2024 05: +0,1708491600
1.003,4,Feb 21 2024 12: +0,1708516800
1.024,2,Feb 21 2024 15: +0,1708527600
1.059,8,Feb 21 2024 16: +0,1708531200
1.186,1,Feb 21 2024 18: +0,1708538400
1.059,3,Feb 21 2024 19: +0,1708542000
0.855,1,Feb 21 2024 22: +0,1708552800
1.066,5,Feb 21 2024 23: +0,1708556400
1.09,1,Feb 22 2024 03: +0,1708570800
1.051,1,Feb 22 2024 07: +0,1708585200
1.066,8,Feb 22 2024 15: +0,1708614000
1.051,1,Feb 22 2024 21: +0,1708635600
1.027,1,Feb 22 2024 23: +0,1708642800
1.027,1,Feb 23 2024 00: +0,1708646400
0.94,2,Feb 23 2024 01: +0,1708650000
1.08,2,Feb 23 2024 03: +0,1708657200
1.114,1,Feb 23 2024 04: +0,1708660800
1.059,1,Feb 23 2024 12: +0,1708689600
1.13,12,Feb 23 2024 14: +0,1708696800
1.18,1,Feb 23 2024 18: +0,1708711200
1.142,1,Feb 23 2024 20: +0,1708718400
0.959,2,Feb 23 2024 21: +0,1708722000
1.042,1,Feb 23 2024 22: +0,1708725600
1.071,1,Feb 24 2024 10: +0,1708768800
1.128,3,Feb 24 2024 13: +0,1708779600
0.854,1,Feb 24 2024 17: +0,1708794000
0.845,1,Feb 24 2024 19: +0,1708801200
1.09,1,Feb 24 2024 21: +0,1708808400
1.128,1,Feb 24 2024 22: +0,1708812000
1.132,1,Feb 24 2024 23: +0,1708815600
0.908,1,Feb 25 2024 06: +0,1708840800
0.995,1,Feb 25 2024 07: +0,1708844400
0.854,1,Feb 25 2024 08: +0,1708848000
1.08,2,Feb 25 2024 13: +0,1708866000
1.082,6,Feb 25 2024 15: +0,1708873200
0.951,1,Feb 25 2024 17: +0,1708880400
0.9,2,Feb 25 2024 20: +0,1708891200
0.857,2,Feb 25 2024 21: +0,1708894800
0.983,1,Feb 25 2024 23: +0,1708902000
1.055,4,Feb 26 2024 03: +0,1708916400
0.857,1,Feb 26 2024 04: +0,1708920000
1.019,1,Feb 26 2024 10: +0,1708941600
1.007,2,Feb 26 2024 11: +0,1708945200
1.241,2,Feb 26 2024 20: +0,1708977600
0.984,2,Feb 26 2024 21: +0,1708981200
0.983,1,Feb 26 2024 22: +0,1708984800
0.845,1,Feb 27 2024 00: +0,1708992000
0.117,1,Feb 27 2024 02: +0,1708999200
1.114,9,Feb 27 2024 03: +0,1709002800
0.98,1,Feb 27 2024 08: +0,1709020800
0.985,1,Feb 27 2024 11: +0,1709031600
1.157,5,Feb 27 2024 15: +0,1709046000
0.857,1,Feb 27 2024 16: +0,1709049600
1.122,1,Feb 27 2024 17: +0,1709053200
0.859,4,Feb 27 2024 22: +0,1709071200
0.872,1,Feb 28 2024 01: +0,1709082000
0.981,1,Feb 28 2024 02: +0,1709085600
0.876,1,Feb 28 2024 06: +0,1709100000
1.153,1,Feb 28 2024 14: +0,1709128800
1.184,1,Feb 28 2024 16: +0,1709136000
0.714,1,Feb 28 2024 22: +0,1709157600
1.145,1,Feb 28 2024 23: +0,1709161200
0.857,2,Feb 29 2024 00: +0,1709164800
0.999,1,Feb 29 2024 05: +0,1709182800
0.98,1,Feb 29 2024 07: +0,1709190000
1.129,2,Feb 29 2024 12: +0,1709208000
0.857,1,Feb 29 2024 17: +0,1709226000
1.091,1,Feb 29 2024 18: +0,1709229600
1.145,11,Feb 29 2024 19: +0,1709233200
0.857,1,Feb 29 2024 21: +0,1709240400
0.865,3,Feb 29 2024 22: +0,1709244000
0.992,1,Feb 29 2024 23: +0,1709247600
1.03,2,Mar 01 2024 03: +0,1709262000
0.989,1,Mar 01 2024 09: +0,1709283600
1.155,1,Mar 01 2024 17: +0,1709312400
0.983,1,Mar 01 2024 21: +0,1709326800
0.954,1,Mar 02 2024 00: +0,1709337600
1.034,1,Mar 02 2024 02: +0,1709344800
1.113,2,Mar 02 2024 03: +0,1709348400
0.985,1,Mar 02 2024 05: +0,1709355600
1.059,1,Mar 02 2024 09: +0,1709370000
0.847,4,Mar 02 2024 14: +0,1709388000
1.05,2,Mar 02 2024 15: +0,1709391600
0.866,1,Mar 02 2024 17: +0,1709398800
0.87,1,Mar 02 2024 19: +0,1709406000
0.939,1,Mar 02 2024 20: +0,1709409600
0.847,1,Mar 02 2024 22: +0,1709416800
0.829,1,Mar 03 2024 00: +0,1709424000
1.022,1,Mar 03 2024 01: +0,1709427600
1.099,12,Mar 03 2024 03: +0,1709434800
1.022,1,Mar 03 2024 04: +0,1709438400
1.022,1,Mar 03 2024 08: +0,1709452800
0.999,1,Mar 03 2024 12: +0,1709467200
0.991,1,Mar 03 2024 14: +0,1709474400
1.065,2,Mar 03 2024 17: +0,1709485200
1.097,3,Mar 03 2024 21: +0,1709499600
1.116,4,Mar 04 2024 03: +0,1709521200
0.847,1,Mar 04 2024 13: +0,1709557200
0.866,1,Mar 04 2024 17: +0,1709571600
1.058,2,Mar 04 2024 20: +0,1709582400
1.117,12,Mar 05 2024 03: +0,1709607600
1.126,1,Mar 05 2024 04: +0,1709611200
1.014,1,Mar 05 2024 08: +0,1709625600
0.964,2,Mar 05 2024 13: +0,1709643600
1.022,1,Mar 05 2024 14: +0,1709647200
0.991,2,Mar 05 2024 15: +0,1709650800
1.108,9,Mar 05 2024 17: +0,1709658000
1.134,1,Mar 05 2024 19: +0,1709665200
0.87,3,Mar 05 2024 23: +0,1709679600
1.42,1,Mar 06 2024 01: +0,1709686800
1.167,1,Mar 06 2024 02: +0,1709690400
0.943,3,Mar 06 2024 14: +0,1709733600
0.913,1,Mar 06 2024 15: +0,1709737200
1.138,1,Mar 06 2024 17: +0,1709744400
0.927,2,Mar 06 2024 19: +0,1709751600
0.866,1,Mar 06 2024 21: +0,1709758800
1.022,1,Mar 06 2024 23: +0,1709766000
0.846,1,Mar 07 2024 06: +0,1709791200
0.846,1,Mar 07 2024 08: +0,1709798400
1.045,1,Mar 07 2024 11: +0,1709809200
0.976,1,Mar 07 2024 12: +0,1709812800
0.982,1,Mar 07 2024 14: +0,1709820000
0.846,1,Mar 07 2024 17: +0,1709830800
0.897,3,Mar 07 2024 21: +0,1709845200
1.114,2,Mar 07 2024 22: +0,1709848800
1.098,5,Mar 08 2024 03: +0,1709866800
1.038,1,Mar 08 2024 18: +0,1709920800
1.022,1,Mar 08 2024 19: +0,1709924400
1.006,1,Mar 08 2024 23: +0,1709938800
0.753,1,Mar 09 2024 01: +0,1709946000
0.848,1,Mar 09 2024 02: +0,1709949600
1.067,1,Mar 09 2024 04: +0,1709956800
1.014,1,Mar 09 2024 05: +0,1709960400
0.981,1,Mar 09 2024 06: +0,1709964000
0.873,1,Mar 09 2024 07: +0,1709967600
1.1,1,Mar 09 2024 11: +0,1709982000
1.006,1,Mar 09 2024 17: +0,1710003600
1.051,1,Mar 09 2024 18: +0,1710007200
0.983,1,Mar 10 2024 06: +0,1710050400
0.942,2,Mar 10 2024 10: +0,1710064800
0.967,1,Mar 10 2024 11: +0,1710068400
1.103,1,Mar 10 2024 12: +0,1710072000
1.103,1,Mar 10 2024 14: +0,1710079200
1.06,3,Mar 10 2024 18: +0,1710093600
0.967,1,Mar 10 2024 20: +0,1710100800
1.101,1,Mar 10 2024 21: +0,1710104400
0.872,1,Mar 11 2024 07: +0,1710140400
1.018,2,Mar 11 2024 10: +0,1710151200
0.995,1,Mar 11 2024 14: +0,1710165600
1.066,1,Mar 11 2024 15: +0,1710169200
0.991,1,Mar 11 2024 18: +0,1710180000
0.951,2,Mar 11 2024 19: +0,1710183600
0.983,1,Mar 11 2024 20: +0,1710187200
1.045,3,Mar 11 2024 21: +0,1710190800
0.843,1,Mar 11 2024 22: +0,1710194400
0.91,2,Mar 11 2024 23: +0,1710198000
0.969,2,Mar 12 2024 02: +0,1710208800
1.068,1,Mar 12 2024 08: +0,1710230400
0.989,1,Mar 12 2024 17: +0,1710262800
0.946,1,Mar 12 2024 21: +0,1710277200
0.857,1,Mar 12 2024 22: +0,1710280800
0.922,1,Mar 13 2024 00: +0,1710288000
1.069,1,Mar 13 2024 10: +0,1710324000
1.06,1,Mar 13 2024 12: +0,1710331200
1.064,1,Mar 13 2024 14: +0,1710338400
0.857,1,Mar 13 2024 17: +0,1710349200
0.888,3,Mar 13 2024 20: +0,1710360000
1.053,2,Mar 14 2024 04: +0,1710388800
0.993,1,Mar 14 2024 13: +0,1710421200
0.989,2,Mar 14 2024 14: +0,1710424800
0.856,4,Mar 14 2024 18: +0,1710439200
0.82,1,Mar 14 2024 19: +0,1710442800
0.888,3,Mar 14 2024 20: +0,1710446400
0.802,1,Mar 15 2024 00: +0,1710460800
0.879,1,Mar 15 2024 02: +0,1710468000
0.984,1,Mar 15 2024 16: +0,1710518400
0.9,1,Mar 15 2024 17: +0,1710522000
0.918,2,Mar 15 2024 20: +0,1710532800
0.923,1,Mar 15 2024 22: +0,1710540000
0.95,2,Mar 16 2024 01: +0,1710550800
0.986,1,Mar 16 2024 08: +0,1710576000
0.953,2,Mar 16 2024 11: +0,1710586800
0.779,1,Mar 16 2024 14: +0,1710597600
0.903,2,Mar 16 2024 16: +0,1710604800
0.93,2,Mar 16 2024 20: +0,1710619200
0.846,2,Mar 16 2024 21: +0,1710622800
0.868,1,Mar 16 2024 22: +0,1710626400
0.938,2,Mar 17 2024 00: +0,1710633600
0.858,2,Mar 17 2024 01: +0,1710637200
0.879,1,Mar 17 2024 03: +0,1710644400
0.879,1,Mar 17 2024 04: +0,1710648000
0.91,2,Mar 17 2024 07: +0,1710658800
0.868,1,Mar 17 2024 09: +0,1710666000
0.881,1,Mar 17 2024 14: +0,1710684000
0.79,1,Mar 17 2024 17: +0,1710694800
0.855,1,Mar 17 2024 19: +0,1710702000
0.854,1,Mar 17 2024 21: +0,1710709200
0.877,1,Mar 18 2024 06: +0,1710741600
0.88,1,Mar 18 2024 08: +0,1710748800
0.875,1,Mar 18 2024 09: +0,1710752400
0.877,1,Mar 18 2024 14: +0,1710770400
0.878,1,Mar 18 2024 17: +0,1710781200
0.938,1,Mar 18 2024 18: +0,1710784800
0.944,1,Mar 18 2024 20: +0,1710792000
0.87,2,Mar 19 2024 00: +0,1710806400
0.876,2,Mar 19 2024 07: +0,1710831600
0.918,1,Mar 19 2024 08: +0,1710835200
0.878,1,Mar 19 2024 15: +0,1710860400
0.596,1,Mar 19 2024 18: +0,1710871200
0.858,2,Mar 19 2024 22: +0,1710885600
0.879,1,Mar 19 2024 23: +0,1710889200
0.887,1,Mar 20 2024 01: +0,1710896400
0.887,2,Mar 20 2024 06: +0,1710914400
0.902,1,Mar 20 2024 11: +0,1710932400
0.902,1,Mar 20 2024 12: +0,1710936000
0.887,1,Mar 20 2024 14: +0,1710943200
0.855,1,Mar 20 2024 17: +0,1710954000
0.887,1,Mar 20 2024 18: +0,1710957600
0.816,1,Mar 20 2024 22: +0,1710972000
0.872,2,Mar 21 2024 01: +0,1710982800
0.877,2,Mar 21 2024 13: +0,1711026000
0.861,1,Mar 21 2024 16: +0,1711036800
0.858,1,Mar 21 2024 17: +0,1711040400
0.829,2,Mar 21 2024 19: +0,1711047600
0.863,2,Mar 21 2024 23: +0,1711062000
0.871,1,Mar 22 2024 00: +0,1711065600
0.813,1,Mar 22 2024 02: +0,1711072800
0.869,1,Mar 22 2024 03: +0,1711076400
0.803,1,Mar 22 2024 12: +0,1711108800
0.858,2,Mar 22 2024 13: +0,1711112400
0.873,2,Mar 22 2024 15: +0,1711119600
0.871,1,Mar 22 2024 20: +0,1711137600
0.83,1,Mar 22 2024 21: +0,1711141200
0.876,1,Mar 23 2024 03: +0,1711162800
0.871,1,Mar 23 2024 09: +0,1711184400
0.848,1,Mar 23 2024 11: +0,1711191600
0.876,1,Mar 23 2024 15: +0,1711206000
0.851,2,Mar 23 2024 16: +0,1711209600
0.863,1,Mar 23 2024 18: +0,1711216800
0.871,1,Mar 23 2024 19: +0,1711220400
0.8,1,Mar 23 2024 23: +0,1711234800
0.799,1,Mar 24 2024 00: +0,1711238400
0.785,1,Mar 24 2024 05: +0,1711256400
1.012,1,Mar 24 2024 11: +0,1711278000
0.831,3,Mar 24 2024 15: +0,1711292400
0.847,3,Mar 24 2024 17: +0,1711299600
0.815,1,Mar 24 2024 18: +0,1711303200
0.863,1,Mar 24 2024 19: +0,1711306800
0.882,1,Mar 24 2024 21: +0,1711314000
0.871,1,Mar 24 2024 22: +0,1711317600
0.861,2,Mar 25 2024 00: +0,1711324800
0.863,1,Mar 25 2024 05: +0,1711342800
0.847,1,Mar 25 2024 09: +0,1711357200
0.871,11,Mar 25 2024 11: +0,1711364400
0.882,1,Mar 25 2024 13: +0,1711371600
0.831,1,Mar 25 2024 14: +0,1711375200
0.815,1,Mar 25 2024 15: +0,1711378800
0.869,3,Mar 25 2024 18: +0,1711389600
0.847,1,Mar 25 2024 20: +0,1711396800
0.685,1,Mar 25 2024 21: +0,1711400400
0.805,4,Mar 26 2024 00: +0,1711411200
0.863,1,Mar 26 2024 07: +0,1711436400
0.863,3,Mar 26 2024 08: +0,1711440000
0.839,1,Mar 26 2024 12: +0,1711454400
0.839,1,Mar 26 2024 18: +0,1711476000
0.855,1,Mar 26 2024 21: +0,1711486800
0.847,1,Mar 27 2024 05: +0,1711515600
0.866,1,Mar 27 2024 08: +0,1711526400
0.852,2,Mar 27 2024 13: +0,1711544400
0.849,1,Mar 27 2024 14: +0,1711548000
0.856,2,Mar 27 2024 16: +0,1711555200
0.774,1,Mar 27 2024 19: +0,1711566000
0.841,1,Mar 27 2024 22: +0,1711576800
0.792,1,Mar 28 2024 00: +0,1711584000
0.801,1,Mar 28 2024 04: +0,1711598400
0.816,4,Mar 28 2024 15: +0,1711638000
0.839,2,Mar 28 2024 16: +0,1711641600
0.785,2,Mar 28 2024 17: +0,1711645200
0.849,1,Mar 28 2024 18: +0,1711648800
0.849,4,Mar 28 2024 19: +0,1711652400
0.776,4,Mar 28 2024 21: +0,1711659600
0.812,1,Mar 28 2024 22: +0,1711663200
0.837,2,Mar 29 2024 01: +0,1711674000
0.574,1,Mar 29 2024 05: +0,1711688400
0.575,1,Mar 29 2024 06: +0,1711692000
0.876,1,Mar 29 2024 07: +0,1711695600
0.852,2,Mar 29 2024 11: +0,1711710000
0.873,3,Mar 29 2024 12: +0,1711713600
0.871,3,Mar 29 2024 19: +0,1711738800
0.878,2,Mar 29 2024 22: +0,1711749600
0.879,8,Mar 29 2024 23: +0,1711753200
0.89,2,Mar 30 2024 00: +0,1711756800
0.815,1,Mar 30 2024 02: +0,1711764000
0.879,3,Mar 30 2024 08: +0,1711785600
0.879,1,Mar 30 2024 12: +0,1711800000
0.872,2,Mar 30 2024 16: +0,1711814400
0.86,1,Mar 30 2024 18: +0,1711821600
0.797,3,Mar 30 2024 20: +0,1711828800
0.789,1,Mar 30 2024 23: +0,1711839600
0.907,1,Mar 31 2024 03: +0,1711850400
0.853,1,Mar 31 2024 14: +0,1711890000
0.886,1,Mar 31 2024 21: +0,1711915200
0.86,1,Mar 31 2024 22: +0,1711918800
0.904,1,Apr 01 2024 05: +0,1711944000
0.884,1,Apr 01 2024 06: +0,1711947600
0.878,2,Apr 01 2024 07: +0,1711951200
0.891,1,Apr 01 2024 12: +0,1711969200
0.884,1,Apr 01 2024 19: +0,1711994400
0.783,1,Apr 01 2024 20: +0,1711998000
0.905,1,Apr 01 2024 21: +0,1712001600
0.907,1,Apr 02 2024 08: +0,1712041200
0.901,1,Apr 02 2024 09: +0,1712044800
0.906,1,Apr 02 2024 11: +0,1712052000
0.909,1,Apr 02 2024 12: +0,1712055600
0.907,1,Apr 02 2024 15: +0,1712066400
0.901,1,Apr 02 2024 16: +0,1712070000
0.926,1,Apr 02 2024 18: +0,1712077200
0.892,1,Apr 02 2024 19: +0,1712080800
0.918,1,Apr 02 2024 22: +0,1712091600
0.909,1,Apr 03 2024 02: +0,1712106000
0.855,1,Apr 03 2024 14: +0,1712149200
0.868,4,Apr 03 2024 22: +0,1712178000
0.774,1,Apr 04 2024 13: +0,1712232000
0.868,1,Apr 04 2024 14: +0,1712235600
0.843,1,Apr 04 2024 16: +0,1712242800
0.814,2,Apr 04 2024 18: +0,1712250000
0.929,1,Apr 04 2024 20: +0,1712257200
0.813,1,Apr 05 2024 03: +0,1712282400
0.873,2,Apr 05 2024 09: +0,1712304000
0.907,1,Apr 05 2024 10: +0,1712307600
0.916,1,Apr 05 2024 12: +0,1712314800
0.919,1,Apr 05 2024 13: +0,1712318400
1.081,1,Apr 05 2024 14: +0,1712322000
0.789,1,Apr 05 2024 17: +0,1712332800
0.919,1,Apr 05 2024 18: +0,1712336400
0.875,1,Apr 05 2024 22: +0,1712350800
0.811,1,Apr 06 2024 00: +0,1712358000
0.867,1,Apr 06 2024 09: +0,1712390400
0.901,1,Apr 06 2024 10: +0,1712394000
0.867,3,Apr 06 2024 11: +0,1712397600
0.897,1,Apr 06 2024 14: +0,1712408400
0.843,1,Apr 06 2024 16: +0,1712415600
0.9,2,Apr 06 2024 19: +0,1712426400
0.877,1,Apr 06 2024 21: +0,1712433600
0.9,1,Apr 06 2024 22: +0,1712437200
0.902,1,Apr 06 2024 23: +0,1712440800
0.843,1,Apr 07 2024 01: +0,1712448000
0.9,1,Apr 07 2024 06: +0,1712466000
0.887,2,Apr 07 2024 07: +0,1712469600
0.883,3,Apr 07 2024 10: +0,1712480400
0.917,1,Apr 07 2024 12: +0,1712487600
0.863,2,Apr 07 2024 14: +0,1712494800
0.913,2,Apr 07 2024 15: +0,1712498400
0.876,2,Apr 07 2024 16: +0,1712502000
0.927,1,Apr 07 2024 19: +0,1712512800
0.831,1,Apr 08 2024 05: +0,1712548800
0.765,1,Apr 08 2024 11: +0,1712570400
0.859,1,Apr 08 2024 15: +0,1712584800
0.845,2,Apr 08 2024 20: +0,1712602800
0.871,1,Apr 08 2024 21: +0,1712606400
0.854,1,Apr 08 2024 22: +0,1712610000
0.851,5,Apr 09 2024 17: +0,1712678400
0.936,1,Apr 09 2024 22: +0,1712696400
0.858,2,Apr 10 2024 04: +0,1712718000
0.869,2,Apr 10 2024 11: +0,1712743200
0.854,2,Apr 10 2024 17: +0,1712764800
0.862,2,Apr 10 2024 19: +0,1712772000
0.877,1,Apr 10 2024 20: +0,1712775600
0.843,1,Apr 11 2024 05: +0,1712808000
0.799,2,Apr 11 2024 13: +0,1712836800
0.851,3,Apr 11 2024 16: +0,1712847600
0.865,3,Apr 11 2024 17: +0,1712851200
0.87,1,Apr 11 2024 23: +0,1712872800
0.843,6,Apr 12 2024 09: +0,1712908800
0.835,1,Apr 12 2024 12: +0,1712919600
0.851,1,Apr 12 2024 15: +0,1712930400
0.835,4,Apr 12 2024 16: +0,1712934000
0.799,2,Apr 12 2024 19: +0,1712944800
0.863,1,Apr 12 2024 20: +0,1712948400
0.811,1,Apr 12 2024 23: +0,1712959200
0.827,1,Apr 13 2024 06: +0,1712984400
0.843,14,Apr 13 2024 08: +0,1712991600
0.843,1,Apr 13 2024 09: +0,1712995200
0.835,1,Apr 13 2024 10: +0,1712998800
0.827,1,Apr 13 2024 12: +0,1713006000
0.871,6,Apr 13 2024 13: +0,1713009600
0.843,3,Apr 13 2024 14: +0,1713013200
0.864,1,Apr 13 2024 16: +0,1713020400
0.827,1,Apr 13 2024 19: +0,1713031200
0.876,1,Apr 13 2024 20: +0,1713034800
0.941,1,Apr 13 2024 21: +0,1713038400
0.835,1,Apr 14 2024 09: +0,1713081600
0.835,1,Apr 14 2024 11: +0,1713088800
0.843,1,Apr 14 2024 12: +0,1713092400
0.827,1,Apr 14 2024 18: +0,1713114000
0.813,1,Apr 15 2024 01: +0,1713139200
0.795,1,Apr 15 2024 03: +0,1713146400
0.877,1,Apr 15 2024 06: +0,1713157200
0.811,1,Apr 15 2024 15: +0,1713189600
0.787,1,Apr 15 2024 16: +0,1713193200
0.811,1,Apr 15 2024 17: +0,1713196800
0.811,1,Apr 15 2024 18: +0,1713200400
0.811,1,Apr 16 2024 03: +0,1713232800
0.851,1,Apr 16 2024 04: +0,1713236400
0.86,1,Apr 16 2024 06: +0,1713243600
0.854,1,Apr 16 2024 10: +0,1713258000
0.779,1,Apr 16 2024 15: +0,1713276000
0.779,1,Apr 16 2024 17: +0,1713283200
0.803,1,Apr 16 2024 21: +0,1713297600
0.803,1,Apr 17 2024 00: +0,1713308400
0.6,1,Apr 17 2024 07: +0,1713333600
0.816,2,Apr 17 2024 15: +0,1713362400
0.779,1,Apr 17 2024 16: +0,1713366000
0.811,1,Apr 17 2024 23: +0,1713391200
0.779,1,Apr 18 2024 02: +0,1713402000
0.811,3,Apr 18 2024 08: +0,1713423600
0.848,1,Apr 18 2024 09: +0,1713427200
0.834,1,Apr 18 2024 20: +0,1713466800
0.763,1,Apr 19 2024 01: +0,1713484800
0.763,1,Apr 19 2024 02: +0,1713488400
0.738,1,Apr 19 2024 13: +0,1713528000
0.725,2,Apr 19 2024 16: +0,1713538800
0.771,4,Apr 19 2024 17: +0,1713542400
0.787,2,Apr 19 2024 18: +0,1713546000
0.743,1,Apr 19 2024 19: +0,1713549600
0.779,6,Apr 19 2024 22: +0,1713560400
0.779,8,Apr 19 2024 23: +0,1713564000
0.757,1,Apr 20 2024 05: +0,1713585600
0.715,1,Apr 20 2024 06: +0,1713589200
0.758,1,Apr 20 2024 07: +0,1713592800
0.738,1,Apr 20 2024 13: +0,1713614400
0.767,3,Apr 20 2024 15: +0,1713621600
0.738,1,Apr 20 2024 16: +0,1713625200
0.817,1,Apr 20 2024 17: +0,1713628800
0.837,1,Apr 20 2024 18: +0,1713632400
0.837,1,Apr 20 2024 20: +0,1713639600
0.738,1,Apr 21 2024 03: +0,1713664800
0.807,1,Apr 21 2024 11: +0,1713693600
0.801,1,Apr 21 2024 17: +0,1713715200
0.806,1,Apr 21 2024 19: +0,1713722400
0.685,1,Apr 21 2024 20: +0,1713726000
0.683,2,Apr 21 2024 21: +0,1713729600
0.75,1,Apr 21 2024 22: +0,1713733200
0.806,1,Apr 21 2024 23: +0,1713736800
0.758,1,Apr 22 2024 01: +0,1713744000
0.812,1,Apr 22 2024 15: +0,1713794400
0.758,2,Apr 22 2024 16: +0,1713798000
0.758,1,Apr 22 2024 17: +0,1713801600
0.71,1,Apr 22 2024 18: +0,1713805200
0.71,1,Apr 22 2024 22: +0,1713819600
0.615,2,Apr 22 2024 23: +0,1713823200
0.766,1,Apr 23 2024 08: +0,1713855600
0.771,1,Apr 23 2024 12: +0,1713870000
0.753,2,Apr 23 2024 16: +0,1713884400
0.755,3,Apr 23 2024 19: +0,1713895200
0.746,1,Apr 23 2024 20: +0,1713898800
0.774,1,Apr 23 2024 23: +0,1713909600
0.702,1,Apr 24 2024 05: +0,1713931200
0.722,2,Apr 24 2024 08: +0,1713942000
0.731,1,Apr 24 2024 09: +0,1713945600
0.742,6,Apr 24 2024 11: +0,1713952800
0.743,2,Apr 24 2024 13: +0,1713960000
0.734,1,Apr 24 2024 16: +0,1713970800
0.743,1,Apr 24 2024 18: +0,1713978000
0.745,2,Apr 24 2024 19: +0,1713981600
0.71,1,Apr 24 2024 20: +0,1713985200
0.595,1,Apr 25 2024 06: +0,1714021200
0.706,1,Apr 25 2024 09: +0,1714032000
0.71,9,Apr 25 2024 14: +0,1714050000
0.733,1,Apr 25 2024 15: +0,1714053600
0.736,1,Apr 25 2024 16: +0,1714057200
0.733,1,Apr 25 2024 18: +0,1714064400
0.715,3,Apr 25 2024 20: +0,1714071600
0.699,2,Apr 25 2024 21: +0,1714075200
0.752,2,Apr 25 2024 22: +0,1714078800
0.71,1,Apr 26 2024 04: +0,1714100400
0.729,2,Apr 26 2024 05: +0,1714104000
0.73,2,Apr 26 2024 07: +0,1714111200
0.734,1,Apr 26 2024 11: +0,1714125600
0.687,1,Apr 26 2024 12: +0,1714129200
0.739,1,Apr 26 2024 13: +0,1714132800
0.737,2,Apr 26 2024 14: +0,1714136400
0.723,1,Apr 26 2024 18: +0,1714150800
0.723,1,Apr 26 2024 19: +0,1714154400
0.737,1,Apr 26 2024 21: +0,1714161600
0.782,1,Apr 26 2024 23: +0,1714168800
0.734,1,Apr 27 2024 00: +0,1714172400
0.742,1,Apr 27 2024 01: +0,1714176000
0.757,11,Apr 27 2024 04: +0,1714186800
0.774,1,Apr 27 2024 05: +0,1714190400
0.735,1,Apr 27 2024 08: +0,1714201200
0.739,1,Apr 27 2024 11: +0,1714212000
0.693,2,Apr 27 2024 15: +0,1714226400
0.691,1,Apr 27 2024 16: +0,1714230000
0.723,2,Apr 27 2024 21: +0,1714248000
0.74,2,Apr 27 2024 23: +0,1714255200
0.736,2,Apr 28 2024 00: +0,1714258800
0.73,2,Apr 28 2024 02: +0,1714266000
0.734,1,Apr 28 2024 03: +0,1714269600
0.737,1,Apr 28 2024 04: +0,1714273200
0.798,1,Apr 28 2024 09: +0,1714291200
0.735,1,Apr 28 2024 11: +0,1714298400
0.735,1,Apr 28 2024 12: +0,1714302000
0.723,2,Apr 28 2024 13: +0,1714305600
0.679,2,Apr 28 2024 14: +0,1714309200
0.743,1,Apr 28 2024 15: +0,1714312800
0.655,1,Apr 28 2024 16: +0,1714316400
0.695,1,Apr 28 2024 17: +0,1714320000
0.702,1,Apr 28 2024 18: +0,1714323600
0.738,1,Apr 28 2024 20: +0,1714330800
0.718,2,Apr 28 2024 21: +0,1714334400
0.761,1,Apr 29 2024 00: +0,1714345200
0.71,1,Apr 29 2024 03: +0,1714356000
0.71,1,Apr 29 2024 06: +0,1714366800
0.661,1,Apr 29 2024 16: +0,1714402800
0.712,2,Apr 29 2024 17: +0,1714406400
0.803,5,Apr 29 2024 19: +0,1714413600
0.687,1,Apr 29 2024 23: +0,1714428000
0.661,1,Apr 30 2024 02: +0,1714438800
0.702,1,Apr 30 2024 06: +0,1714453200
0.734,1,Apr 30 2024 07: +0,1714456800
0.661,1,Apr 30 2024 13: +0,1714478400
0.729,1,Apr 30 2024 15: +0,1714485600
0.71,1,May 01 2024 03: +0,1714528800
0.71,1,May 01 2024 06: +0,1714539600
0.661,1,May 01 2024 07: +0,1714543200
0.71,1,May 01 2024 11: +0,1714557600
0.71,1,May 01 2024 13: +0,1714564800
0.698,2,May 01 2024 15: +0,1714572000
0.626,2,May 01 2024 16: +0,1714575600
0.661,1,May 01 2024 17: +0,1714579200
0.716,1,May 01 2024 21: +0,1714593600
0.73,2,May 02 2024 01: +0,1714608000
0.662,1,May 02 2024 06: +0,1714626000
0.695,1,May 02 2024 10: +0,1714640400
0.694,1,May 02 2024 18: +0,1714669200
0.722,2,May 02 2024 19: +0,1714672800
0.724,1,May 02 2024 23: +0,1714687200
0.766,1,May 03 2024 10: +0,1714726800
0.712,1,May 03 2024 11: +0,1714730400
0.702,1,May 03 2024 12: +0,1714734000
0.691,2,May 03 2024 15: +0,1714744800
0.702,1,May 03 2024 16: +0,1714748400
0.702,1,May 03 2024 17: +0,1714752000
0.759,1,May 03 2024 19: +0,1714759200
0.701,2,May 03 2024 20: +0,1714762800
0.688,2,May 03 2024 22: +0,1714770000
0.662,1,May 04 2024 00: +0,1714777200
0.702,1,May 04 2024 02: +0,1714784400
0.713,1,May 04 2024 14: +0,1714827600
0.737,4,May 04 2024 16: +0,1714834800
0.738,1,May 04 2024 17: +0,1714838400
0.713,1,May 04 2024 18: +0,1714842000
0.745,2,May 04 2024 19: +0,1714845600
0.745,3,May 04 2024 20: +0,1714849200
0.761,9,May 04 2024 21: +0,1714852800
0.769,3,May 04 2024 22: +0,1714856400
0.777,3,May 05 2024 04: +0,1714878000
0.777,1,May 05 2024 05: +0,1714881600
0.761,1,May 05 2024 07: +0,1714888800
0.777,2,May 05 2024 09: +0,1714896000
0.793,2,May 05 2024 10: +0,1714899600
0.793,3,May 05 2024 11: +0,1714903200
0.781,2,May 05 2024 12: +0,1714906800
0.769,3,May 05 2024 14: +0,1714914000
0.774,3,May 05 2024 16: +0,1714921200
0.753,2,May 05 2024 18: +0,1714928400
0.745,2,May 05 2024 20: +0,1714935600
0.777,1,May 06 2024 00: +0,1714950000
0.789,6,May 06 2024 04: +0,1714964400
0.793,1,May 06 2024 07: +0,1714975200
0.793,1,May 06 2024 08: +0,1714978800
0.793,1,May 06 2024 11: +0,1714989600
0.789,2,May 06 2024 12: +0,1714993200
0.809,1,May 06 2024 13: +0,1714996800
0.801,1,May 06 2024 14: +0,1715000400
0.793,1,May 06 2024 16: +0,1715007600
0.801,2,May 06 2024 19: +0,1715018400
0.809,1,May 06 2024 20: +0,1715022000
0.809,1,May 06 2024 21: +0,1715025600
0.769,1,May 06 2024 23: +0,1715032800
0.809,1,May 07 2024 07: +0,1715061600
0.753,1,May 07 2024 12: +0,1715079600
0.785,1,May 07 2024 16: +0,1715094000
0.769,1,May 07 2024 18: +0,1715101200
0.777,3,May 07 2024 22: +0,1715115600
0.803,1,May 08 2024 10: +0,1715158800
0.793,3,May 08 2024 16: +0,1715180400
0.801,1,May 08 2024 18: +0,1715187600
0.801,1,May 08 2024 21: +0,1715198400
0.818,1,May 08 2024 22: +0,1715202000
0.713,1,May 09 2024 04: +0,1715223600
0.793,1,May 09 2024 11: +0,1715248800
0.705,1,May 09 2024 12: +0,1715252400
0.781,2,May 09 2024 13: +0,1715256000
0.777,3,May 09 2024 14: +0,1715259600
0.767,1,May 09 2024 20: +0,1715281200
0.751,2,May 09 2024 21: +0,1715284800
0.792,1,May 09 2024 23: +0,1715292000
0.798,10,May 10 2024 09: +0,1715328000
0.798,3,May 10 2024 12: +0,1715338800
0.774,2,May 10 2024 14: +0,1715346000
0.778,2,May 10 2024 21: +0,1715371200
0.799,2,May 10 2024 23: +0,1715378400
0.782,1,May 11 2024 03: +0,1715392800
0.81,2,May 11 2024 07: +0,1715407200
0.79,1,May 11 2024 10: +0,1715418000
0.798,1,May 11 2024 11: +0,1715421600
0.798,3,May 11 2024 13: +0,1715428800
0.819,1,May 11 2024 15: +0,1715436000
0.79,1,May 11 2024 21: +0,1715457600
0.79,1,May 12 2024 00: +0,1715468400
0.798,1,May 12 2024 02: +0,1715475600
0.814,1,May 12 2024 03: +0,1715479200
0.811,1,May 12 2024 04: +0,1715482800
0.79,1,May 12 2024 06: +0,1715490000
0.817,1,May 12 2024 13: +0,1715515200
0.822,1,May 12 2024 18: +0,1715533200
0.782,1,May 12 2024 19: +0,1715536800
0.692,1,May 12 2024 20: +0,1715540400
0.791,1,May 12 2024 21: +0,1715544000
0.767,1,May 13 2024 02: +0,1715562000
0.814,1,May 13 2024 07: +0,1715580000
0.751,1,May 13 2024 08: +0,1715583600
0.813,1,May 13 2024 09: +0,1715587200
0.417,1,May 13 2024 19: +0,1715623200
0.794,2,May 13 2024 20: +0,1715626800
0.83,2,May 13 2024 21: +0,1715630400
0.836,1,May 14 2024 16: +0,1715698800
0.909,1,May 14 2024 20: +0,1715713200
0.822,1,May 14 2024 23: +0,1715724000
0.79,1,May 15 2024 01: +0,1715731200
0.912,1,May 15 2024 03: +0,1715738400
0.774,1,May 15 2024 05: +0,1715745600
0.759,1,May 15 2024 12: +0,1715770800
0.804,1,May 15 2024 17: +0,1715788800
0.855,1,May 15 2024 18: +0,1715792400
0.864,1,May 16 2024 00: +0,1715814000
0.814,1,May 16 2024 04: +0,1715828400
0.842,1,May 16 2024 06: +0,1715835600
0.767,1,May 16 2024 09: +0,1715846400
0.774,1,May 16 2024 18: +0,1715878800
0.814,1,May 16 2024 21: +0,1715889600
0.823,1,May 16 2024 22: +0,1715893200
0.751,1,May 16 2024 23: +0,1715896800
0.774,1,May 17 2024 09: +0,1715932800
0.695,1,May 17 2024 11: +0,1715940000
0.759,1,May 17 2024 15: +0,1715954400
0.798,1,May 17 2024 21: +0,1715976000
0.798,1,May 18 2024 00: +0,1715986800
0.791,1,May 18 2024 07: +0,1716012000
0.85,1,May 18 2024 11: +0,1716026400
0.593,1,May 18 2024 12: +0,1716030000
0.795,1,May 18 2024 14: +0,1716037200
0.805,1,May 18 2024 19: +0,1716055200
0.771,1,May 18 2024 22: +0,1716066000
0.795,1,May 19 2024 04: +0,1716087600
0.74,1,May 19 2024 09: +0,1716105600
0.795,1,May 19 2024 13: +0,1716120000
0.744,1,May 19 2024 16: +0,1716130800
0.687,1,May 19 2024 18: +0,1716138000
0.709,2,May 19 2024 22: +0,1716152400
0.725,1,May 20 2024 00: +0,1716159600
0.732,1,May 20 2024 06: +0,1716181200
0.701,1,May 20 2024 12: +0,1716202800
0.755,1,May 20 2024 13: +0,1716206400
0.693,3,May 20 2024 14: +0,1716210000
0.748,1,May 20 2024 15: +0,1716213600
0.756,2,May 20 2024 16: +0,1716217200
0.747,1,May 20 2024 20: +0,1716231600
0.763,1,May 21 2024 11: +0,1716285600
0.701,1,May 21 2024 14: +0,1716296400
0.724,1,May 22 2024 02: +0,1716339600
0.701,1,May 22 2024 09: +0,1716364800
0.757,1,May 22 2024 10: +0,1716368400
0.718,1,May 22 2024 15: +0,1716386400
0.701,1,May 22 2024 16: +0,1716390000
0.659,2,May 22 2024 17: +0,1716393600
0.687,2,May 22 2024 18: +0,1716397200
0.68,1,May 22 2024 19: +0,1716400800
0.663,1,May 22 2024 20: +0,1716404400
0.678,1,May 23 2024 01: +0,1716422400
0.688,1,May 23 2024 02: +0,1716426000
0.68,1,May 23 2024 06: +0,1716440400
0.688,1,May 23 2024 11: +0,1716458400
0.661,1,May 23 2024 15: +0,1716472800
0.785,1,May 23 2024 16: +0,1716476400
0.699,4,May 23 2024 23: +0,1716501600
0.699,5,May 24 2024 01: +0,1716508800
0.68,1,May 24 2024 03: +0,1716516000
0.685,1,May 24 2024 06: +0,1716526800
0.668,1,May 24 2024 13: +0,1716552000
0.668,1,May 24 2024 15: +0,1716559200
0.714,1,May 24 2024 16: +0,1716562800
0.505,1,May 24 2024 18: +0,1716570000
0.72,1,May 25 2024 02: +0,1716598800
0.754,1,May 25 2024 09: +0,1716624000
0.646,1,May 25 2024 10: +0,1716627600
0.668,1,May 25 2024 13: +0,1716638400
0.668,1,May 25 2024 17: +0,1716652800
0.657,1,May 25 2024 22: +0,1716670800
0.713,2,May 26 2024 00: +0,1716678000
0.757,1,May 26 2024 07: +0,1716703200
0.691,1,May 26 2024 09: +0,1716710400
0.755,1,May 26 2024 15: +0,1716732000
0.668,1,May 26 2024 17: +0,1716739200
0.668,1,May 26 2024 23: +0,1716760800
0.73,2,May 27 2024 00: +0,1716764400
0.707,2,May 27 2024 01: +0,1716768000
0.75,1,May 27 2024 04: +0,1716778800
0.762,3,May 27 2024 07: +0,1716789600
0.762,1,May 27 2024 13: +0,1716811200
0.762,1,May 27 2024 15: +0,1716818400
0.759,1,May 27 2024 16: +0,1716822000
0.668,5,May 28 2024 04: +0,1716865200
0.694,2,May 28 2024 09: +0,1716883200
0.738,1,May 28 2024 14: +0,1716901200
0.668,1,May 28 2024 15: +0,1716904800
0.668,1,May 28 2024 17: +0,1716912000
0.759,5,May 28 2024 19: +0,1716919200
0.75,1,May 28 2024 20: +0,1716922800
0.65,1,May 29 2024 02: +0,1716944400
0.754,2,May 29 2024 05: +0,1716955200
0.754,1,May 29 2024 09: +0,1716969600
0.668,1,May 29 2024 13: +0,1716984000
0.738,1,May 29 2024 14: +0,1716987600
0.804,1,May 29 2024 15: +0,1716991200
0.742,1,May 29 2024 17: +0,1716998400
0.669,1,May 29 2024 18: +0,1717002000
0.668,1,May 30 2024 06: +0,1717045200
0.597,1,May 30 2024 07: +0,1717048800
0.734,2,May 30 2024 20: +0,1717095600
0.667,1,May 31 2024 12: +0,1717153200
0.667,1,May 31 2024 15: +0,1717164000
0.679,1,May 31 2024 16: +0,1717167600
0.683,1,May 31 2024 18: +0,1717174800
0.659,3,May 31 2024 19: +0,1717178400
0.651,1,May 31 2024 20: +0,1717182000
0.659,1,May 31 2024 22: +0,1717189200
0.761,4,May 31 2024 23: +0,1717192800
0.659,1,Jun 01 2024 05: +0,1717214400
0.696,1,Jun 01 2024 06: +0,1717218000
0.76,1,Jun 01 2024 07: +0,1717221600
0.76,1,Jun 01 2024 12: +0,1717239600
0.724,2,Jun 01 2024 13: +0,1717243200
0.667,1,Jun 01 2024 14: +0,1717246800
0.784,2,Jun 01 2024 18: +0,1717261200
0.792,3,Jun 01 2024 19: +0,1717264800
0.667,1,Jun 02 2024 01: +0,1717286400
0.632,1,Jun 02 2024 03: +0,1717293600
0.667,1,Jun 02 2024 10: +0,1717318800
0.651,1,Jun 02 2024 12: +0,1717326000
0.715,1,Jun 02 2024 17: +0,1717344000
0.724,3,Jun 02 2024 18: +0,1717347600
0.674,1,Jun 02 2024 21: +0,1717358400
0.667,1,Jun 02 2024 23: +0,1717365600
0.667,2,Jun 03 2024 00: +0,1717369200
0.667,1,Jun 03 2024 10: +0,1717405200
0.656,1,Jun 03 2024 20: +0,1717441200
0.658,2,Jun 04 2024 00: +0,1717455600
0.679,1,Jun 04 2024 01: +0,1717459200
0.679,1,Jun 04 2024 07: +0,1717480800
0.679,1,Jun 04 2024 13: +0,1717502400
0.656,1,Jun 04 2024 15: +0,1717509600
0.679,2,Jun 04 2024 16: +0,1717513200
0.687,1,Jun 04 2024 17: +0,1717516800
0.695,7,Jun 04 2024 19: +0,1717524000
0.75,1,Jun 04 2024 20: +0,1717527600
0.703,1,Jun 05 2024 01: +0,1717545600
0.75,1,Jun 05 2024 08: +0,1717570800
0.79,1,Jun 05 2024 15: +0,1717596000
0.703,2,Jun 05 2024 17: +0,1717603200
0.699,4,Jun 05 2024 18: +0,1717606800
0.716,2,Jun 05 2024 19: +0,1717610400
0.687,2,Jun 06 2024 05: +0,1717646400
0.742,1,Jun 06 2024 17: +0,1717689600
0.695,1,Jun 06 2024 20: +0,1717700400
0.635,1,Jun 07 2024 02: +0,1717722000
0.635,1,Jun 07 2024 11: +0,1717754400
0.738,1,Jun 07 2024 17: +0,1717776000
0.695,1,Jun 07 2024 20: +0,1717786800
0.703,1,Jun 07 2024 23: +0,1717797600
0.636,1,Jun 08 2024 00: +0,1717801200
0.746,1,Jun 08 2024 01: +0,1717804800
0.75,1,Jun 08 2024 05: +0,1717819200
0.703,1,Jun 08 2024 06: +0,1717822800
0.703,3,Jun 08 2024 07: +0,1717826400
0.7,2,Jun 08 2024 19: +0,1717869600
0.696,1,Jun 09 2024 09: +0,1717920000
0.616,1,Jun 09 2024 12: +0,1717930800
0.687,1,Jun 09 2024 16: +0,1717945200
0.697,1,Jun 09 2024 18: +0,1717952400
0.656,1,Jun 09 2024 21: +0,1717963200
0.663,1,Jun 09 2024 22: +0,1717966800
0.657,2,Jun 10 2024 01: +0,1717977600
0.687,1,Jun 10 2024 03: +0,1717984800
0.545,1,Jun 10 2024 06: +0,1717995600
0.648,1,Jun 10 2024 07: +0,1717999200
0.718,1,Jun 10 2024 10: +0,1718010000
0.687,2,Jun 10 2024 15: +0,1718028000
0.679,1,Jun 10 2024 22: +0,1718053200
0.679,1,Jun 11 2024 06: +0,1718082000
0.703,1,Jun 11 2024 08: +0,1718089200
0.661,1,Jun 11 2024 15: +0,1718114400
0.685,1,Jun 11 2024 16: +0,1718118000
0.663,2,Jun 11 2024 17: +0,1718121600
0.671,1,Jun 12 2024 00: +0,1718146800
0.578,1,Jun 12 2024 18: +0,1718211600
0.64,1,Jun 12 2024 19: +0,1718215200
0.672,1,Jun 12 2024 20: +0,1718218800
0.64,1,Jun 12 2024 21: +0,1718222400
0.672,1,Jun 12 2024 23: +0,1718229600
0.669,1,Jun 13 2024 01: +0,1718236800
0.64,5,Jun 13 2024 08: +0,1718262000
0.621,2,Jun 13 2024 10: +0,1718269200
0.648,2,Jun 13 2024 11: +0,1718272800
0.648,1,Jun 13 2024 12: +0,1718276400
0.653,2,Jun 13 2024 14: +0,1718283600
0.648,1,Jun 13 2024 20: +0,1718305200
0.656,1,Jun 13 2024 21: +0,1718308800
0.656,1,Jun 13 2024 23: +0,1718316000
0.648,1,Jun 14 2024 03: +0,1718330400
0.648,2,Jun 14 2024 05: +0,1718337600
0.64,1,Jun 14 2024 07: +0,1718344800
0.64,2,Jun 14 2024 08: +0,1718348400
0.648,1,Jun 14 2024 11: +0,1718359200
0.64,1,Jun 14 2024 13: +0,1718366400
0.616,1,Jun 14 2024 21: +0,1718395200
0.651,1,Jun 14 2024 23: +0,1718402400
0.649,1,Jun 15 2024 00: +0,1718406000
0.656,1,Jun 15 2024 03: +0,1718416800
0.659,1,Jun 15 2024 07: +0,1718431200
0.63,1,Jun 15 2024 15: +0,1718460000
