price,quantity,date,unix timestamp
2.486,43,Dec 19 2013 01: +0,1387414800
1.816,77,Dec 20 2013 01: +0,1387501200
1.319,47,Dec 21 2013 01: +0,1387587600
1.481,79,Dec 22 2013 01: +0,1387674000
1.168,81,Dec 23 2013 01: +0,1387760400
1.098,76,Dec 24 2013 01: +0,1387846800
1.163,74,Dec 25 2013 01: +0,1387933200
1.334,141,Dec 26 2013 01: +0,1388019600
1.366,103,Dec 27 2013 01: +0,1388106000
1.279,99,Dec 28 2013 01: +0,1388192400
0.971,102,Dec 29 2013 01: +0,1388278800
0.811,115,Dec 30 2013 01: +0,1388365200
0.938,126,Dec 31 2013 01: +0,1388451600
0.941,90,Jan 01 2014 01: +0,1388538000
0.84,112,Jan 02 2014 01: +0,1388624400
0.83,119,Jan 03 2014 01: +0,1388710800
0.892,142,Jan 04 2014 01: +0,1388797200
0.91,137,Jan 05 2014 01: +0,1388883600
0.868,167,Jan 06 2014 01: +0,1388970000
0.955,152,Jan 07 2014 01: +0,1389056400
0.945,107,Jan 08 2014 01: +0,1389142800
0.82,133,Jan 09 2014 01: +0,1389229200
0.803,167,Jan 10 2014 01: +0,1389315600
0.892,146,Jan 11 2014 01: +0,1389402000
0.865,167,Jan 12 2014 01: +0,1389488400
0.817,175,Jan 13 2014 01: +0,1389574800
0.798,157,Jan 14 2014 01: +0,1389661200
0.803,155,Jan 15 2014 01: +0,1389747600
0.77,153,Jan 16 2014 01: +0,1389834000
0.841,136,Jan 17 2014 01: +0,1389920400
0.776,174,Jan 18 2014 01: +0,1390006800
0.716,200,Jan 19 2014 01: +0,1390093200
0.731,161,Jan 20 2014 01: +0,1390179600
0.706,144,Jan 21 2014 01: +0,1390266000
0.717,135,Jan 22 2014 01: +0,1390352400
0.676,135,Jan 23 2014 01: +0,1390438800
0.68,151,Jan 24 2014 01: +0,1390525200
0.681,192,Jan 25 2014 01: +0,1390611600
0.702,178,Jan 26 2014 01: +0,1390698000
0.705,142,Jan 27 2014 01: +0,1390784400
0.621,168,Jan 28 2014 01: +0,1390870800
0.632,152,Jan 29 2014 01: +0,1390957200
0.663,236,Jan 30 2014 01: +0,1391043600
0.68,166,Jan 31 2014 01: +0,1391130000
0.648,184,Feb 01 2014 01: +0,1391216400
0.646,211,Feb 02 2014 01: +0,1391302800
0.647,179,Feb 03 2014 01: +0,1391389200
0.611,181,Feb 04 2014 01: +0,1391475600
0.679,184,Feb 05 2014 01: +0,1391562000
0.669,189,Feb 06 2014 01: +0,1391648400
0.677,170,Feb 07 2014 01: +0,1391734800
0.605,194,Feb 08 2014 01: +0,1391821200
0.604,201,Feb 09 2014 01: +0,1391907600
0.757,226,Feb 10 2014 01: +0,1391994000
0.669,154,Feb 11 2014 01: +0,1392080400
0.633,202,Feb 12 2014 01: +0,1392166800
0.606,159,Feb 13 2014 01: +0,1392253200
0.551,197,Feb 14 2014 01: +0,1392339600
0.537,285,Feb 15 2014 01: +0,1392426000
0.534,214,Feb 16 2014 01: +0,1392512400
0.586,228,Feb 17 2014 01: +0,1392598800
0.599,176,Feb 18 2014 01: +0,1392685200
0.518,184,Feb 19 2014 01: +0,1392771600
0.502,181,Feb 20 2014 01: +0,1392858000
0.465,264,Feb 21 2014 01: +0,1392944400
0.464,275,Feb 22 2014 01: +0,1393030800
0.511,275,Feb 23 2014 01: +0,1393117200
0.507,266,Feb 24 2014 01: +0,1393203600
0.548,221,Feb 25 2014 01: +0,1393290000
0.517,208,Feb 26 2014 01: +0,1393376400
0.525,237,Feb 27 2014 01: +0,1393462800
0.53,198,Feb 28 2014 01: +0,1393549200
0.559,294,Mar 01 2014 01: +0,1393635600
0.565,204,Mar 02 2014 01: +0,1393722000
0.579,253,Mar 03 2014 01: +0,1393808400
0.564,244,Mar 04 2014 01: +0,1393894800
0.575,218,Mar 05 2014 01: +0,1393981200
0.598,185,Mar 06 2014 01: +0,1394067600
0.603,232,Mar 07 2014 01: +0,1394154000
0.57,298,Mar 08 2014 01: +0,1394240400
0.603,238,Mar 09 2014 01: +0,1394326800
0.595,257,Mar 10 2014 01: +0,1394413200
0.607,196,Mar 11 2014 01: +0,1394499600
0.62,177,Mar 12 2014 01: +0,1394586000
0.596,120,Mar 13 2014 01: +0,1394672400
0.632,185,Mar 14 2014 01: +0,1394758800
0.579,351,Mar 15 2014 01: +0,1394845200
0.533,265,Mar 16 2014 01: +0,1394931600
0.566,322,Mar 17 2014 01: +0,1395018000
0.627,185,Mar 18 2014 01: +0,1395104400
0.606,207,Mar 19 2014 01: +0,1395190800
0.61,200,Mar 20 2014 01: +0,1395277200
0.586,258,Mar 21 2014 01: +0,1395363600
0.603,269,Mar 22 2014 01: +0,1395450000
0.601,279,Mar 23 2014 01: +0,1395536400
0.608,212,Mar 24 2014 01: +0,1395622800
0.594,212,Mar 25 2014 01: +0,1395709200
0.632,201,Mar 26 2014 01: +0,1395795600
0.602,211,Mar 27 2014 01: +0,1395882000
0.644,284,Mar 28 2014 01: +0,1395968400
0.601,270,Mar 29 2014 01: +0,1396054800
0.601,317,Mar 30 2014 01: +0,1396141200
0.626,235,Mar 31 2014 01: +0,1396224000
0.698,184,Apr 01 2014 01: +0,1396310400
0.613,248,Apr 02 2014 01: +0,1396396800
0.653,227,Apr 03 2014 01: +0,1396483200
0.623,217,Apr 04 2014 01: +0,1396569600
0.607,275,Apr 05 2014 01: +0,1396656000
0.634,239,Apr 06 2014 01: +0,1396742400
0.641,270,Apr 07 2014 01: +0,1396828800
0.64,233,Apr 08 2014 01: +0,1396915200
0.626,246,Apr 09 2014 01: +0,1397001600
0.628,231,Apr 10 2014 01: +0,1397088000
0.621,314,Apr 11 2014 01: +0,1397174400
0.655,272,Apr 12 2014 01: +0,1397260800
0.652,311,Apr 13 2014 01: +0,1397347200
0.697,314,Apr 14 2014 01: +0,1397433600
0.657,310,Apr 15 2014 01: +0,1397520000
0.649,439,Apr 16 2014 01: +0,1397606400
0.67,333,Apr 17 2014 01: +0,1397692800
0.637,286,Apr 18 2014 01: +0,1397779200
0.64,265,Apr 19 2014 01: +0,1397865600
0.619,385,Apr 20 2014 01: +0,1397952000
0.641,327,Apr 21 2014 01: +0,1398038400
0.649,249,Apr 22 2014 01: +0,1398124800
0.634,324,Apr 23 2014 01: +0,1398211200
0.617,293,Apr 24 2014 01: +0,1398297600
0.612,328,Apr 25 2014 01: +0,1398384000
0.664,342,Apr 26 2014 01: +0,1398470400
0.626,294,Apr 27 2014 01: +0,1398556800
0.623,296,Apr 28 2014 01: +0,1398643200
0.625,279,Apr 29 2014 01: +0,1398729600
0.641,265,Apr 30 2014 01: +0,1398816000
0.595,313,May 01 2014 01: +0,1398902400
0.565,285,May 02 2014 01: +0,1398988800
0.572,375,May 03 2014 01: +0,1399075200
0.543,449,May 04 2014 01: +0,1399161600
0.573,423,May 05 2014 01: +0,1399248000
0.622,407,May 06 2014 01: +0,1399334400
0.586,323,May 07 2014 01: +0,1399420800
0.592,382,May 08 2014 01: +0,1399507200
0.569,439,May 09 2014 01: +0,1399593600
0.501,379,May 10 2014 01: +0,1399680000
0.471,405,May 11 2014 01: +0,1399766400
0.483,375,May 12 2014 01: +0,1399852800
0.5,299,May 13 2014 01: +0,1399939200
0.499,368,May 14 2014 01: +0,1400025600
0.572,441,May 15 2014 01: +0,1400112000
0.563,361,May 16 2014 01: +0,1400198400
0.542,396,May 17 2014 01: +0,1400284800
0.535,364,May 18 2014 01: +0,1400371200
0.516,321,May 19 2014 01: +0,1400457600
0.557,259,May 20 2014 01: +0,1400544000
0.555,345,May 21 2014 01: +0,1400630400
0.503,234,May 22 2014 01: +0,1400716800
0.481,436,May 23 2014 01: +0,1400803200
0.508,392,May 24 2014 01: +0,1400889600
0.531,329,May 25 2014 01: +0,1400976000
0.524,316,May 26 2014 01: +0,1401062400
0.504,293,May 27 2014 01: +0,1401148800
0.495,321,May 28 2014 01: +0,1401235200
0.501,296,May 29 2014 01: +0,1401321600
0.505,295,May 30 2014 01: +0,1401408000
0.488,298,May 31 2014 01: +0,1401494400
0.487,357,Jun 01 2014 01: +0,1401580800
0.497,292,Jun 02 2014 01: +0,1401667200
0.501,326,Jun 03 2014 01: +0,1401753600
0.494,316,Jun 04 2014 01: +0,1401840000
0.489,267,Jun 05 2014 01: +0,1401926400
0.506,323,Jun 06 2014 01: +0,1402012800
0.48,313,Jun 07 2014 01: +0,1402099200
0.473,318,Jun 08 2014 01: +0,1402185600
0.509,277,Jun 09 2014 01: +0,1402272000
0.507,279,Jun 10 2014 01: +0,1402358400
0.478,290,Jun 11 2014 01: +0,1402444800
0.492,311,Jun 12 2014 01: +0,1402531200
0.507,308,Jun 13 2014 01: +0,1402617600
0.518,302,Jun 14 2014 01: +0,1402704000
0.489,346,Jun 15 2014 01: +0,1402790400
0.494,391,Jun 16 2014 01: +0,1402876800
0.465,371,Jun 17 2014 01: +0,1402963200
0.438,336,Jun 18 2014 01: +0,1403049600
0.439,251,Jun 19 2014 01: +0,1403136000
0.4,398,Jun 20 2014 01: +0,1403222400
0.389,354,Jun 21 2014 01: +0,1403308800
0.4,335,Jun 22 2014 01: +0,1403395200
0.406,298,Jun 23 2014 01: +0,1403481600
0.427,319,Jun 24 2014 01: +0,1403568000
0.418,322,Jun 25 2014 01: +0,1403654400
0.461,270,Jun 26 2014 01: +0,1403740800
0.46,348,Jun 27 2014 01: +0,1403827200
0.496,322,Jun 28 2014 01: +0,1403913600
0.441,375,Jun 29 2014 01: +0,1404000000
0.448,342,Jun 30 2014 01: +0,1404086400
0.49,342,Jul 01 2014 01: +0,1404172800
0.379,373,Jul 02 2014 01: +0,1404259200
0.42,356,Jul 03 2014 01: +0,1404345600
0.482,305,Jul 04 2014 01: +0,1404432000
0.482,287,Jul 05 2014 01: +0,1404518400
0.469,354,Jul 06 2014 01: +0,1404604800
0.491,277,Jul 07 2014 01: +0,1404691200
0.504,315,Jul 08 2014 01: +0,1404777600
0.486,308,Jul 09 2014 01: +0,1404864000
0.473,348,Jul 10 2014 01: +0,1404950400
0.472,360,Jul 11 2014 01: +0,1405036800
0.496,350,Jul 12 2014 01: +0,1405123200
0.509,311,Jul 13 2014 01: +0,1405209600
0.503,333,Jul 14 2014 01: +0,1405296000
0.506,345,Jul 15 2014 01: +0,1405382400
0.548,316,Jul 16 2014 01: +0,1405468800
0.516,314,Jul 17 2014 01: +0,1405555200
0.491,303,Jul 18 2014 01: +0,1405641600
0.486,306,Jul 19 2014 01: +0,1405728000
0.477,372,Jul 20 2014 01: +0,1405814400
0.482,313,Jul 21 2014 01: +0,1405900800
0.496,316,Jul 22 2014 01: +0,1405987200
0.512,253,Jul 23 2014 01: +0,1406073600
0.537,308,Jul 24 2014 01: +0,1406160000
0.52,331,Jul 25 2014 01: +0,1406246400
0.55,270,Jul 26 2014 01: +0,1406332800
0.522,322,Jul 27 2014 01: +0,1406419200
0.51,357,Jul 28 2014 01: +0,1406505600
0.509,364,Jul 29 2014 01: +0,1406592000
0.531,362,Jul 30 2014 01: +0,1406678400
0.532,343,Jul 31 2014 01: +0,1406764800
0.554,370,Aug 01 2014 01: +0,1406851200
0.574,403,Aug 02 2014 01: +0,1406937600
0.538,448,Aug 03 2014 01: +0,1407024000
0.54,394,Aug 04 2014 01: +0,1407110400
0.468,398,Aug 05 2014 01: +0,1407196800
0.495,375,Aug 06 2014 01: +0,1407283200
0.533,417,Aug 07 2014 01: +0,1407369600
0.547,361,Aug 08 2014 01: +0,1407456000
0.536,393,Aug 09 2014 01: +0,1407542400
0.529,292,Aug 10 2014 01: +0,1407628800
0.574,393,Aug 11 2014 01: +0,1407715200
0.555,383,Aug 12 2014 01: +0,1407801600
0.573,299,Aug 13 2014 01: +0,1407888000
0.57,396,Aug 14 2014 01: +0,1407974400
0.582,446,Aug 15 2014 01: +0,1408060800
0.571,442,Aug 16 2014 01: +0,1408147200
0.46,510,Aug 17 2014 01: +0,1408233600
0.514,410,Aug 18 2014 01: +0,1408320000
0.58,397,Aug 19 2014 01: +0,1408406400
0.575,391,Aug 20 2014 01: +0,1408492800
0.564,348,Aug 21 2014 01: +0,1408579200
0.561,430,Aug 22 2014 01: +0,1408665600
0.605,388,Aug 23 2014 01: +0,1408752000
0.587,391,Aug 24 2014 01: +0,1408838400
0.617,419,Aug 25 2014 01: +0,1408924800
0.599,442,Aug 26 2014 01: +0,1409011200
0.59,408,Aug 27 2014 01: +0,1409097600
0.578,368,Aug 28 2014 01: +0,1409184000
0.593,386,Aug 29 2014 01: +0,1409270400
0.606,436,Aug 30 2014 01: +0,1409356800
0.59,417,Aug 31 2014 01: +0,1409443200
0.611,362,Sep 01 2014 01: +0,1409529600
0.605,402,Sep 02 2014 01: +0,1409616000
0.643,368,Sep 03 2014 01: +0,1409702400
0.639,371,Sep 04 2014 01: +0,1409788800
0.612,356,Sep 05 2014 01: +0,1409875200
0.62,429,Sep 06 2014 01: +0,1409961600
0.622,356,Sep 07 2014 01: +0,1410048000
0.614,364,Sep 08 2014 01: +0,1410134400
0.649,284,Sep 09 2014 01: +0,1410220800
0.642,291,Sep 10 2014 01: +0,1410307200
0.566,407,Sep 11 2014 01: +0,1410393600
0.566,442,Sep 12 2014 01: +0,1410480000
0.573,390,Sep 13 2014 01: +0,1410566400
0.577,412,Sep 14 2014 01: +0,1410652800
0.608,343,Sep 15 2014 01: +0,1410739200
0.577,291,Sep 16 2014 01: +0,1410825600
0.589,364,Sep 17 2014 01: +0,1410912000
0.62,272,Sep 18 2014 01: +0,1410998400
0.608,392,Sep 19 2014 01: +0,1411084800
0.59,415,Sep 20 2014 01: +0,1411171200
0.565,356,Sep 21 2014 01: +0,1411257600
0.589,299,Sep 22 2014 01: +0,1411344000
0.575,330,Sep 23 2014 01: +0,1411430400
0.595,282,Sep 24 2014 01: +0,1411516800
0.583,240,Sep 25 2014 01: +0,1411603200
0.552,336,Sep 26 2014 01: +0,1411689600
0.569,411,Sep 27 2014 01: +0,1411776000
0.562,398,Sep 28 2014 01: +0,1411862400
0.58,290,Sep 29 2014 01: +0,1411948800
0.553,305,Sep 30 2014 01: +0,1412035200
0.551,298,Oct 01 2014 01: +0,1412121600
0.55,328,Oct 02 2014 01: +0,1412208000
0.57,351,Oct 03 2014 01: +0,1412294400
0.597,376,Oct 04 2014 01: +0,1412380800
0.565,372,Oct 05 2014 01: +0,1412467200
0.608,281,Oct 06 2014 01: +0,1412553600
0.599,239,Oct 07 2014 01: +0,1412640000
0.629,284,Oct 08 2014 01: +0,1412726400
0.69,233,Oct 09 2014 01: +0,1412812800
0.58,326,Oct 10 2014 01: +0,1412899200
0.605,377,Oct 11 2014 01: +0,1412985600
0.605,357,Oct 12 2014 01: +0,1413072000
0.598,255,Oct 13 2014 01: +0,1413158400
0.609,239,Oct 14 2014 01: +0,1413244800
0.632,235,Oct 15 2014 01: +0,1413331200
0.612,253,Oct 16 2014 01: +0,1413417600
0.62,256,Oct 17 2014 01: +0,1413504000
0.589,277,Oct 18 2014 01: +0,1413590400
0.574,247,Oct 19 2014 01: +0,1413676800
0.588,313,Oct 20 2014 01: +0,1413763200
0.577,178,Oct 21 2014 01: +0,1413849600
0.601,226,Oct 22 2014 01: +0,1413936000
0.59,180,Oct 23 2014 01: +0,1414022400
0.584,222,Oct 24 2014 01: +0,1414108800
0.651,255,Oct 25 2014 01: +0,1414195200
0.557,291,Oct 26 2014 01: +0,1414281600
0.573,248,Oct 27 2014 01: +0,1414371600
0.586,195,Oct 28 2014 01: +0,1414458000
0.621,189,Oct 29 2014 01: +0,1414544400
0.739,141,Oct 30 2014 01: +0,1414630800
0.615,281,Oct 31 2014 01: +0,1414717200
0.601,273,Nov 01 2014 01: +0,1414803600
0.601,230,Nov 02 2014 01: +0,1414890000
0.583,218,Nov 03 2014 01: +0,1414976400
0.577,169,Nov 04 2014 01: +0,1415062800
0.609,186,Nov 05 2014 01: +0,1415149200
0.646,174,Nov 06 2014 01: +0,1415235600
0.639,176,Nov 07 2014 01: +0,1415322000
0.616,211,Nov 08 2014 01: +0,1415408400
0.594,198,Nov 09 2014 01: +0,1415494800
0.585,193,Nov 10 2014 01: +0,1415581200
0.634,188,Nov 11 2014 01: +0,1415667600
0.45,219,Nov 12 2014 01: +0,1415754000
0.463,198,Nov 13 2014 01: +0,1415840400
0.518,206,Nov 14 2014 01: +0,1415926800
0.54,239,Nov 15 2014 01: +0,1416013200
0.55,189,Nov 16 2014 01: +0,1416099600
0.544,222,Nov 17 2014 01: +0,1416186000
0.586,135,Nov 18 2014 01: +0,1416272400
0.598,126,Nov 19 2014 01: +0,1416358800
0.571,122,Nov 20 2014 01: +0,1416445200
0.515,136,Nov 21 2014 01: +0,1416531600
0.511,173,Nov 22 2014 01: +0,1416618000
0.501,166,Nov 23 2014 01: +0,1416704400
0.483,141,Nov 24 2014 01: +0,1416790800
0.538,149,Nov 25 2014 01: +0,1416877200
0.554,125,Nov 26 2014 01: +0,1416963600
0.554,178,Nov 27 2014 01: +0,1417050000
0.576,140,Nov 28 2014 01: +0,1417136400
0.858,34,Nov 29 2014 01: +0,1417222800
0.54,305,Nov 30 2014 01: +0,1417309200
0.512,155,Dec 01 2014 01: +0,1417395600
0.562,175,Dec 02 2014 01: +0,1417482000
0.609,111,Dec 03 2014 01: +0,1417568400
0.626,115,Dec 04 2014 01: +0,1417654800
0.656,130,Dec 05 2014 01: +0,1417741200
0.691,167,Dec 06 2014 01: +0,1417827600
0.652,201,Dec 07 2014 01: +0,1417914000
0.703,167,Dec 08 2014 01: +0,1418000400
0.708,131,Dec 09 2014 01: +0,1418086800
0.896,174,Dec 10 2014 01: +0,1418173200
0.788,161,Dec 11 2014 01: +0,1418259600
0.808,123,Dec 12 2014 01: +0,1418346000
0.715,150,Dec 13 2014 01: +0,1418432400
0.643,157,Dec 14 2014 01: +0,1418518800
0.644,180,Dec 15 2014 01: +0,1418605200
0.59,147,Dec 16 2014 01: +0,1418691600
0.692,133,Dec 17 2014 01: +0,1418778000
0.663,147,Dec 18 2014 01: +0,1418864400
0.679,160,Dec 19 2014 01: +0,1418950800
0.629,183,Dec 20 2014 01: +0,1419037200
0.627,137,Dec 21 2014 01: +0,1419123600
0.609,144,Dec 22 2014 01: +0,1419210000
0.655,176,Dec 23 2014 01: +0,1419296400
0.659,163,Dec 24 2014 01: +0,1419382800
0.707,151,Dec 25 2014 01: +0,1419469200
0.738,174,Dec 26 2014 01: +0,1419555600
0.753,172,Dec 27 2014 01: +0,1419642000
0.764,186,Dec 28 2014 01: +0,1419728400
0.775,185,Dec 29 2014 01: +0,1419814800
0.813,206,Dec 30 2014 01: +0,1419901200
0.859,159,Dec 31 2014 01: +0,1419987600
0.823,152,Jan 01 2015 01: +0,1420074000
0.791,216,Jan 02 2015 01: +0,1420160400
0.813,210,Jan 03 2015 01: +0,1420246800
0.804,163,Jan 04 2015 01: +0,1420333200
0.768,167,Jan 05 2015 01: +0,1420419600
0.805,168,Jan 06 2015 01: +0,1420506000
0.854,148,Jan 07 2015 01: +0,1420592400
0.849,179,Jan 08 2015 01: +0,1420678800
0.831,173,Jan 09 2015 01: +0,1420765200
0.771,187,Jan 10 2015 01: +0,1420851600
0.788,185,Jan 11 2015 01: +0,1420938000
0.839,180,Jan 12 2015 01: +0,1421024400
0.83,167,Jan 13 2015 01: +0,1421110800
0.809,181,Jan 14 2015 01: +0,1421197200
0.849,169,Jan 15 2015 01: +0,1421283600
0.841,171,Jan 16 2015 01: +0,1421370000
0.826,192,Jan 17 2015 01: +0,1421456400
0.797,184,Jan 18 2015 01: +0,1421542800
0.771,160,Jan 19 2015 01: +0,1421629200
0.799,174,Jan 20 2015 01: +0,1421715600
0.812,166,Jan 21 2015 01: +0,1421802000
0.808,125,Jan 22 2015 01: +0,1421888400
0.797,124,Jan 23 2015 01: +0,1421974800
0.809,164,Jan 24 2015 01: +0,1422061200
0.759,165,Jan 25 2015 01: +0,1422147600
0.772,188,Jan 26 2015 01: +0,1422234000
0.796,158,Jan 27 2015 01: +0,1422320400
0.796,140,Jan 28 2015 01: +0,1422406800
0.803,136,Jan 29 2015 01: +0,1422493200
0.789,161,Jan 30 2015 01: +0,1422579600
0.798,160,Jan 31 2015 01: +0,1422666000
0.794,187,Feb 01 2015 01: +0,1422752400
0.723,153,Feb 02 2015 01: +0,1422838800
0.826,133,Feb 03 2015 01: +0,1422925200
0.814,124,Feb 04 2015 01: +0,1423011600
0.832,138,Feb 05 2015 01: +0,1423098000
0.777,127,Feb 06 2015 01: +0,1423184400
0.796,192,Feb 07 2015 01: +0,1423270800
0.766,139,Feb 08 2015 01: +0,1423357200
0.828,158,Feb 09 2015 01: +0,1423443600
0.816,114,Feb 10 2015 01: +0,1423530000
0.78,139,Feb 11 2015 01: +0,1423616400
0.802,114,Feb 12 2015 01: +0,1423702800
0.796,140,Feb 13 2015 01: +0,1423789200
0.858,135,Feb 14 2015 01: +0,1423875600
0.835,172,Feb 15 2015 01: +0,1423962000
0.788,120,Feb 16 2015 01: +0,1424048400
0.812,122,Feb 17 2015 01: +0,1424134800
0.81,134,Feb 18 2015 01: +0,1424221200
0.822,132,Feb 19 2015 01: +0,1424307600
0.872,144,Feb 20 2015 01: +0,1424394000
0.865,124,Feb 21 2015 01: +0,1424480400
0.89,112,Feb 22 2015 01: +0,1424566800
0.896,90,Feb 23 2015 01: +0,1424653200
0.945,116,Feb 24 2015 01: +0,1424739600
0.987,77,Feb 25 2015 01: +0,1424826000
0.866,90,Feb 26 2015 01: +0,1424912400
0.904,131,Feb 27 2015 01: +0,1424998800
0.866,131,Feb 28 2015 01: +0,1425085200
0.879,125,Mar 01 2015 01: +0,1425171600
0.92,111,Mar 02 2015 01: +0,1425258000
0.992,84,Mar 03 2015 01: +0,1425344400
0.963,82,Mar 04 2015 01: +0,1425430800
0.892,108,Mar 05 2015 01: +0,1425517200
0.892,110,Mar 06 2015 01: +0,1425603600
0.88,129,Mar 07 2015 01: +0,1425690000
0.892,115,Mar 08 2015 01: +0,1425776400
0.88,79,Mar 09 2015 01: +0,1425862800
0.829,97,Mar 10 2015 01: +0,1425949200
0.869,99,Mar 11 2015 01: +0,1426035600
0.859,87,Mar 12 2015 01: +0,1426122000
0.892,90,Mar 13 2015 01: +0,1426208400
0.845,149,Mar 14 2015 01: +0,1426294800
0.783,153,Mar 15 2015 01: +0,1426381200
0.834,98,Mar 16 2015 01: +0,1426467600
0.979,79,Mar 17 2015 01: +0,1426554000
0.861,95,Mar 18 2015 01: +0,1426640400
0.889,83,Mar 19 2015 01: +0,1426726800
0.883,95,Mar 20 2015 01: +0,1426813200
0.897,147,Mar 21 2015 01: +0,1426899600
0.909,102,Mar 22 2015 01: +0,1426986000
0.926,99,Mar 23 2015 01: +0,1427072400
0.899,99,Mar 24 2015 01: +0,1427158800
0.93,60,Mar 25 2015 01: +0,1427245200
0.95,105,Mar 26 2015 01: +0,1427331600
1.002,108,Mar 27 2015 01: +0,1427418000
0.908,107,Mar 28 2015 01: +0,1427504400
0.958,112,Mar 29 2015 01: +0,1427590800
0.918,113,Mar 30 2015 01: +0,1427673600
0.975,90,Mar 31 2015 01: +0,1427760000
1.094,131,Apr 01 2015 01: +0,1427846400
1.122,73,Apr 02 2015 01: +0,1427932800
1.042,112,Apr 03 2015 01: +0,1428019200
1.079,102,Apr 04 2015 01: +0,1428105600
1.122,118,Apr 05 2015 01: +0,1428192000
1.155,115,Apr 06 2015 01: +0,1428278400
1.238,96,Apr 07 2015 01: +0,1428364800
1.345,105,Apr 08 2015 01: +0,1428451200
1.284,70,Apr 09 2015 01: +0,1428537600
1.185,65,Apr 10 2015 01: +0,1428624000
1.163,106,Apr 11 2015 01: +0,1428710400
1.075,84,Apr 12 2015 01: +0,1428796800
1.053,76,Apr 13 2015 01: +0,1428883200
0.941,81,Apr 14 2015 01: +0,1428969600
1.007,75,Apr 15 2015 01: +0,1429056000
0.862,79,Apr 16 2015 01: +0,1429142400
0.855,102,Apr 17 2015 01: +0,1429228800
0.936,137,Apr 18 2015 01: +0,1429315200
0.945,101,Apr 19 2015 01: +0,1429401600
1.103,93,Apr 20 2015 01: +0,1429488000
0.995,96,Apr 21 2015 01: +0,1429574400
1.018,79,Apr 22 2015 01: +0,1429660800
1.007,99,Apr 23 2015 01: +0,1429747200
0.897,92,Apr 24 2015 01: +0,1429833600
0.914,110,Apr 25 2015 01: +0,1429920000
0.926,121,Apr 26 2015 01: +0,1430006400
0.96,88,Apr 27 2015 01: +0,1430092800
1.009,79,Apr 28 2015 01: +0,1430179200
0.938,81,Apr 29 2015 01: +0,1430265600
0.971,116,Apr 30 2015 01: +0,1430352000
1.005,101,May 01 2015 01: +0,1430438400
1.036,91,May 02 2015 01: +0,1430524800
0.998,104,May 03 2015 01: +0,1430611200
0.91,101,May 04 2015 01: +0,1430697600
1.018,77,May 05 2015 01: +0,1430784000
1.016,115,May 06 2015 01: +0,1430870400
0.968,82,May 07 2015 01: +0,1430956800
0.954,114,May 08 2015 01: +0,1431043200
0.984,125,May 09 2015 01: +0,1431129600
0.947,114,May 10 2015 01: +0,1431216000
0.959,97,May 11 2015 01: +0,1431302400
1.062,95,May 12 2015 01: +0,1431388800
1.015,71,May 13 2015 01: +0,1431475200
0.989,126,May 14 2015 01: +0,1431561600
1.04,97,May 15 2015 01: +0,1431648000
1.033,121,May 16 2015 01: +0,1431734400
1.003,112,May 17 2015 01: +0,1431820800
0.988,74,May 18 2015 01: +0,1431907200
0.957,82,May 19 2015 01: +0,1431993600
0.943,67,May 20 2015 01: +0,1432080000
0.971,105,May 21 2015 01: +0,1432166400
0.981,100,May 22 2015 01: +0,1432252800
1.052,108,May 23 2015 01: +0,1432339200
0.985,83,May 24 2015 01: +0,1432425600
1.005,111,May 25 2015 01: +0,1432512000
1.102,64,May 26 2015 01: +0,1432598400
0.724,134,May 27 2015 01: +0,1432684800
0.766,110,May 28 2015 01: +0,1432771200
0.774,119,May 29 2015 01: +0,1432857600
0.858,90,May 30 2015 01: +0,1432944000
0.888,133,May 31 2015 01: +0,1433030400
0.978,112,Jun 01 2015 01: +0,1433116800
0.98,88,Jun 02 2015 01: +0,1433203200
0.957,103,Jun 03 2015 01: +0,1433289600
1.022,100,Jun 04 2015 01: +0,1433376000
0.97,117,Jun 05 2015 01: +0,1433462400
0.987,108,Jun 06 2015 01: +0,1433548800
1.058,95,Jun 07 2015 01: +0,1433635200
1.026,94,Jun 08 2015 01: +0,1433721600
1.011,66,Jun 09 2015 01: +0,1433808000
0.964,75,Jun 10 2015 01: +0,1433894400
0.908,95,Jun 11 2015 01: +0,1433980800
0.834,101,Jun 12 2015 01: +0,1434067200
0.828,117,Jun 13 2015 01: +0,1434153600
0.807,98,Jun 14 2015 01: +0,1434240000
0.841,116,Jun 15 2015 01: +0,1434326400
0.812,82,Jun 16 2015 01: +0,1434412800
0.771,98,Jun 17 2015 01: +0,1434499200
0.754,82,Jun 18 2015 01: +0,1434585600
0.799,162,Jun 19 2015 01: +0,1434672000
0.865,94,Jun 20 2015 01: +0,1434758400
0.814,103,Jun 21 2015 01: +0,1434844800
0.785,90,Jun 22 2015 01: +0,1434931200
0.882,92,Jun 23 2015 01: +0,1435017600
0.883,56,Jun 24 2015 01: +0,1435104000
0.899,64,Jun 25 2015 01: +0,1435190400
0.862,65,Jun 26 2015 01: +0,1435276800
0.885,90,Jun 27 2015 01: +0,1435363200
0.951,100,Jun 28 2015 01: +0,1435449600
1.021,86,Jun 29 2015 01: +0,1435536000
1.106,76,Jun 30 2015 01: +0,1435622400
0.949,75,Jul 01 2015 01: +0,1435708800
0.982,88,Jul 02 2015 01: +0,1435795200
0.937,78,Jul 03 2015 01: +0,1435881600
0.944,77,Jul 04 2015 01: +0,1435968000
0.949,69,Jul 05 2015 01: +0,1436054400
1.058,69,Jul 06 2015 01: +0,1436140800
1.13,92,Jul 07 2015 01: +0,1436227200
0.991,48,Jul 08 2015 01: +0,1436313600
1.079,70,Jul 09 2015 01: +0,1436400000
1.131,70,Jul 10 2015 01: +0,1436486400
1.129,60,Jul 11 2015 01: +0,1436572800
1.3,82,Jul 12 2015 01: +0,1436659200
1.001,89,Jul 13 2015 01: +0,1436745600
1.045,81,Jul 14 2015 01: +0,1436832000
1.034,60,Jul 15 2015 01: +0,1436918400
1.048,71,Jul 16 2015 01: +0,1437004800
1.019,66,Jul 17 2015 01: +0,1437091200
1.013,54,Jul 18 2015 01: +0,1437177600
0.991,63,Jul 19 2015 01: +0,1437264000
1.058,54,Jul 20 2015 01: +0,1437350400
1.01,82,Jul 21 2015 01: +0,1437436800
1.012,66,Jul 22 2015 01: +0,1437523200
1.007,64,Jul 23 2015 01: +0,1437609600
1.014,67,Jul 24 2015 01: +0,1437696000
0.987,71,Jul 25 2015 01: +0,1437782400
0.941,59,Jul 26 2015 01: +0,1437868800
0.951,100,Jul 27 2015 01: +0,1437955200
1.03,75,Jul 28 2015 01: +0,1438041600
0.999,54,Jul 29 2015 01: +0,1438128000
1.042,75,Jul 30 2015 01: +0,1438214400
1.14,52,Jul 31 2015 01: +0,1438300800
0.975,69,Aug 01 2015 01: +0,1438387200
0.94,66,Aug 02 2015 01: +0,1438473600
1.086,80,Aug 03 2015 01: +0,1438560000
1.084,51,Aug 04 2015 01: +0,1438646400
1.023,75,Aug 05 2015 01: +0,1438732800
0.956,73,Aug 06 2015 01: +0,1438819200
0.986,81,Aug 07 2015 01: +0,1438905600
0.995,55,Aug 08 2015 01: +0,1438992000
1.013,56,Aug 09 2015 01: +0,1439078400
0.985,71,Aug 10 2015 01: +0,1439164800
1.048,86,Aug 11 2015 01: +0,1439251200
1.039,49,Aug 12 2015 01: +0,1439337600
1.005,52,Aug 13 2015 01: +0,1439424000
1.003,57,Aug 14 2015 01: +0,1439510400
0.882,85,Aug 15 2015 01: +0,1439596800
0.9,65,Aug 16 2015 01: +0,1439683200
0.942,68,Aug 17 2015 01: +0,1439769600
0.95,81,Aug 18 2015 01: +0,1439856000
0.997,56,Aug 19 2015 01: +0,1439942400
0.97,54,Aug 20 2015 01: +0,1440028800
0.865,84,Aug 21 2015 01: +0,1440115200
0.907,68,Aug 22 2015 01: +0,1440201600
0.902,70,Aug 23 2015 01: +0,1440288000
0.939,100,Aug 24 2015 01: +0,1440374400
1.02,76,Aug 25 2015 01: +0,1440460800
1.039,104,Aug 26 2015 01: +0,1440547200
1.033,85,Aug 27 2015 01: +0,1440633600
1.045,69,Aug 28 2015 01: +0,1440720000
1.187,65,Aug 29 2015 01: +0,1440806400
1.201,66,Aug 30 2015 01: +0,1440892800
1.123,52,Aug 31 2015 01: +0,1440979200
1.137,70,Sep 01 2015 01: +0,1441065600
1.164,60,Sep 02 2015 01: +0,1441152000
1.119,57,Sep 03 2015 01: +0,1441238400
1.125,83,Sep 04 2015 01: +0,1441324800
1.164,58,Sep 05 2015 01: +0,1441411200
1.272,63,Sep 06 2015 01: +0,1441497600
1.2,42,Sep 07 2015 01: +0,1441584000
1.136,60,Sep 08 2015 01: +0,1441670400
1.126,55,Sep 09 2015 01: +0,1441756800
1.078,57,Sep 10 2015 01: +0,1441843200
1.263,67,Sep 11 2015 01: +0,1441929600
1.205,51,Sep 12 2015 01: +0,1442016000
1.082,60,Sep 13 2015 01: +0,1442102400
1.128,50,Sep 14 2015 01: +0,1442188800
1.14,49,Sep 15 2015 01: +0,1442275200
1.105,81,Sep 16 2015 01: +0,1442361600
1.135,58,Sep 17 2015 01: +0,1442448000
1.013,98,Sep 18 2015 01: +0,1442534400
0.966,99,Sep 19 2015 01: +0,1442620800
1.025,86,Sep 20 2015 01: +0,1442707200
0.969,68,Sep 21 2015 01: +0,1442793600
1.047,61,Sep 22 2015 01: +0,1442880000
1.09,54,Sep 23 2015 01: +0,1442966400
1.057,61,Sep 24 2015 01: +0,1443052800
1.044,68,Sep 25 2015 01: +0,1443139200
1.117,110,Sep 26 2015 01: +0,1443225600
1.084,84,Sep 27 2015 01: +0,1443312000
1.051,57,Sep 28 2015 01: +0,1443398400
1.079,59,Sep 29 2015 01: +0,1443484800
1.046,61,Sep 30 2015 01: +0,1443571200
1.086,79,Oct 01 2015 01: +0,1443657600
1.239,63,Oct 02 2015 01: +0,1443744000
1.094,72,Oct 03 2015 01: +0,1443830400
1.021,79,Oct 04 2015 01: +0,1443916800
1.049,55,Oct 05 2015 01: +0,1444003200
1.026,45,Oct 06 2015 01: +0,1444089600
1.099,52,Oct 07 2015 01: +0,1444176000
1.055,45,Oct 08 2015 01: +0,1444262400
1.061,61,Oct 09 2015 01: +0,1444348800
1.099,80,Oct 10 2015 01: +0,1444435200
1.15,53,Oct 11 2015 01: +0,1444521600
1.085,42,Oct 12 2015 01: +0,1444608000
1.031,68,Oct 13 2015 01: +0,1444694400
1.022,50,Oct 14 2015 01: +0,1444780800
1.048,69,Oct 15 2015 01: +0,1444867200
1.105,32,Oct 16 2015 01: +0,1444953600
1.163,65,Oct 17 2015 01: +0,1445040000
1.11,72,Oct 18 2015 01: +0,1445126400
1.349,33,Oct 19 2015 01: +0,1445212800
1.272,44,Oct 20 2015 01: +0,1445299200
1.181,59,Oct 21 2015 01: +0,1445385600
1.0,34,Oct 22 2015 01: +0,1445472000
0.965,57,Oct 23 2015 01: +0,1445558400
1.094,53,Oct 24 2015 01: +0,1445644800
1.074,68,Oct 25 2015 01: +0,1445731200
1.017,61,Oct 26 2015 01: +0,1445821200
0.988,58,Oct 27 2015 01: +0,1445907600
1.023,45,Oct 28 2015 01: +0,1445994000
0.997,58,Oct 29 2015 01: +0,1446080400
1.01,76,Oct 30 2015 01: +0,1446166800
0.983,88,Oct 31 2015 01: +0,1446253200
0.892,73,Nov 01 2015 01: +0,1446339600
0.954,79,Nov 02 2015 01: +0,1446426000
0.979,77,Nov 03 2015 01: +0,1446512400
1.052,67,Nov 04 2015 01: +0,1446598800
0.976,60,Nov 05 2015 01: +0,1446685200
1.111,78,Nov 06 2015 01: +0,1446771600
1.081,87,Nov 07 2015 01: +0,1446858000
1.121,51,Nov 08 2015 01: +0,1446944400
1.026,69,Nov 09 2015 01: +0,1447030800
1.045,42,Nov 10 2015 01: +0,1447117200
0.965,60,Nov 11 2015 01: +0,1447203600
0.996,54,Nov 12 2015 01: +0,1447290000
0.997,46,Nov 13 2015 01: +0,1447376400
1.011,56,Nov 14 2015 01: +0,1447462800
1.038,56,Nov 15 2015 01: +0,1447549200
0.93,59,Nov 16 2015 01: +0,1447635600
0.938,59,Nov 17 2015 01: +0,1447722000
0.997,49,Nov 18 2015 01: +0,1447808400
1.061,45,Nov 19 2015 01: +0,1447894800
1.094,50,Nov 20 2015 01: +0,1447981200
1.096,65,Nov 21 2015 01: +0,1448067600
1.037,41,Nov 22 2015 01: +0,1448154000
1.068,50,Nov 23 2015 01: +0,1448240400
1.162,52,Nov 24 2015 01: +0,1448326800
1.064,54,Nov 25 2015 01: +0,1448413200
0.86,54,Nov 26 2015 01: +0,1448499600
0.914,57,Nov 27 2015 01: +0,1448586000
0.95,61,Nov 28 2015 01: +0,1448672400
0.928,56,Nov 29 2015 01: +0,1448758800
0.874,70,Nov 30 2015 01: +0,1448845200
0.998,48,Dec 01 2015 01: +0,1448931600
0.92,40,Dec 02 2015 01: +0,1449018000
0.999,74,Dec 03 2015 01: +0,1449104400
1.099,81,Dec 04 2015 01: +0,1449190800
1.195,64,Dec 05 2015 01: +0,1449277200
1.209,57,Dec 06 2015 01: +0,1449363600
1.206,45,Dec 07 2015 01: +0,1449450000
1.16,57,Dec 08 2015 01: +0,1449536400
0.981,52,Dec 09 2015 01: +0,1449622800
0.999,73,Dec 10 2015 01: +0,1449709200
1.051,57,Dec 11 2015 01: +0,1449795600
1.326,51,Dec 12 2015 01: +0,1449882000
1.207,48,Dec 13 2015 01: +0,1449968400
1.108,55,Dec 14 2015 01: +0,1450054800
1.325,36,Dec 15 2015 01: +0,1450141200
1.19,42,Dec 16 2015 01: +0,1450227600
1.334,26,Dec 17 2015 01: +0,1450314000
1.158,33,Dec 18 2015 01: +0,1450400400
1.097,50,Dec 19 2015 01: +0,1450486800
1.078,49,Dec 20 2015 01: +0,1450573200
1.116,44,Dec 21 2015 01: +0,1450659600
1.105,49,Dec 22 2015 01: +0,1450746000
0.899,70,Dec 23 2015 01: +0,1450832400
1.067,44,Dec 24 2015 01: +0,1450918800
1.026,63,Dec 25 2015 01: +0,1451005200
1.244,66,Dec 26 2015 01: +0,1451091600
1.169,85,Dec 27 2015 01: +0,1451178000
1.204,87,Dec 28 2015 01: +0,1451264400
1.085,76,Dec 29 2015 01: +0,1451350800
1.25,52,Dec 30 2015 01: +0,1451437200
1.249,61,Dec 31 2015 01: +0,1451523600
1.173,75,Jan 01 2016 01: +0,1451610000
1.061,49,Jan 02 2016 01: +0,1451696400
1.122,66,Jan 03 2016 01: +0,1451782800
1.092,55,Jan 04 2016 01: +0,1451869200
1.22,53,Jan 05 2016 01: +0,1451955600
1.221,40,Jan 06 2016 01: +0,1452042000
1.161,43,Jan 07 2016 01: +0,1452128400
1.269,40,Jan 08 2016 01: +0,1452214800
1.308,69,Jan 09 2016 01: +0,1452301200
1.103,48,Jan 10 2016 01: +0,1452387600
1.154,46,Jan 11 2016 01: +0,1452474000
1.211,45,Jan 12 2016 01: +0,1452560400
1.36,36,Jan 13 2016 01: +0,1452646800
1.193,39,Jan 14 2016 01: +0,1452733200
1.173,38,Jan 15 2016 01: +0,1452819600
1.179,71,Jan 16 2016 01: +0,1452906000
1.434,50,Jan 17 2016 01: +0,1452992400
1.346,44,Jan 18 2016 01: +0,1453078800
1.452,58,Jan 19 2016 01: +0,1453165200
1.397,36,Jan 20 2016 01: +0,1453251600
1.176,42,Jan 21 2016 01: +0,1453338000
1.303,43,Jan 22 2016 01: +0,1453424400
1.362,64,Jan 23 2016 01: +0,1453510800
1.51,33,Jan 24 2016 01: +0,1453597200
1.348,46,Jan 25 2016 01: +0,1453683600
1.312,35,Jan 26 2016 01: +0,1453770000
1.26,50,Jan 27 2016 01: +0,1453856400
1.269,37,Jan 28 2016 01: +0,1453942800
1.27,50,Jan 29 2016 01: +0,1454029200
1.303,51,Jan 30 2016 01: +0,1454115600
1.246,48,Jan 31 2016 01: +0,1454202000
1.264,37,Feb 01 2016 01: +0,1454288400
1.357,46,Feb 02 2016 01: +0,1454374800
1.475,34,Feb 03 2016 01: +0,1454461200
1.298,37,Feb 04 2016 01: +0,1454547600
1.366,53,Feb 05 2016 01: +0,1454634000
1.286,44,Feb 06 2016 01: +0,1454720400
1.373,54,Feb 07 2016 01: +0,1454806800
1.238,57,Feb 08 2016 01: +0,1454893200
1.149,44,Feb 09 2016 01: +0,1454979600
1.171,52,Feb 10 2016 01: +0,1455066000
1.41,50,Feb 11 2016 01: +0,1455152400
1.053,46,Feb 12 2016 01: +0,1455238800
1.121,58,Feb 13 2016 01: +0,1455325200
1.181,68,Feb 14 2016 01: +0,1455411600
1.392,54,Feb 15 2016 01: +0,1455498000
1.281,46,Feb 16 2016 01: +0,1455584400
1.285,39,Feb 17 2016 01: +0,1455670800
0.999,87,Feb 18 2016 01: +0,1455757200
1.187,75,Feb 19 2016 01: +0,1455843600
1.183,77,Feb 20 2016 01: +0,1455930000
1.198,74,Feb 21 2016 01: +0,1456016400
1.187,59,Feb 22 2016 01: +0,1456102800
1.246,51,Feb 23 2016 01: +0,1456189200
1.227,63,Feb 24 2016 01: +0,1456275600
1.189,69,Feb 25 2016 01: +0,1456362000
1.298,63,Feb 26 2016 01: +0,1456448400
1.28,67,Feb 27 2016 01: +0,1456534800
1.347,59,Feb 28 2016 01: +0,1456621200
1.345,37,Feb 29 2016 01: +0,1456707600
1.297,44,Mar 01 2016 01: +0,1456794000
1.41,41,Mar 02 2016 01: +0,1456880400
1.319,52,Mar 03 2016 01: +0,1456966800
1.295,62,Mar 04 2016 01: +0,1457053200
1.256,70,Mar 05 2016 01: +0,1457139600
1.203,50,Mar 06 2016 01: +0,1457226000
1.172,44,Mar 07 2016 01: +0,1457312400
1.187,75,Mar 08 2016 01: +0,1457398800
1.184,46,Mar 09 2016 01: +0,1457485200
1.226,38,Mar 10 2016 01: +0,1457571600
1.249,40,Mar 11 2016 01: +0,1457658000
1.417,47,Mar 12 2016 01: +0,1457744400
1.311,51,Mar 13 2016 01: +0,1457830800
1.395,35,Mar 14 2016 01: +0,1457917200
1.294,31,Mar 15 2016 01: +0,1458003600
1.468,39,Mar 16 2016 01: +0,1458090000
1.493,28,Mar 17 2016 01: +0,1458176400
1.34,41,Mar 18 2016 01: +0,1458262800
1.385,46,Mar 19 2016 01: +0,1458349200
1.327,40,Mar 20 2016 01: +0,1458435600
1.231,44,Mar 21 2016 01: +0,1458522000
1.387,27,Mar 22 2016 01: +0,1458608400
1.27,30,Mar 23 2016 01: +0,1458694800
1.208,45,Mar 24 2016 01: +0,1458781200
1.248,45,Mar 25 2016 01: +0,1458867600
1.235,48,Mar 26 2016 01: +0,1458954000
1.243,32,Mar 27 2016 01: +0,1459040400
1.32,28,Mar 28 2016 01: +0,1459123200
1.207,42,Mar 29 2016 01: +0,1459209600
1.339,40,Mar 30 2016 01: +0,1459296000
1.317,34,Mar 31 2016 01: +0,1459382400
1.434,51,Apr 01 2016 01: +0,1459468800
1.491,47,Apr 02 2016 01: +0,1459555200
1.209,58,Apr 03 2016 01: +0,1459641600
1.256,36,Apr 04 2016 01: +0,1459728000
1.279,51,Apr 05 2016 01: +0,1459814400
1.403,22,Apr 06 2016 01: +0,1459900800
1.402,34,Apr 07 2016 01: +0,1459987200
1.783,27,Apr 08 2016 01: +0,1460073600
1.447,62,Apr 09 2016 01: +0,1460160000
1.699,40,Apr 10 2016 01: +0,1460246400
1.533,29,Apr 11 2016 01: +0,1460332800
1.529,34,Apr 12 2016 01: +0,1460419200
1.436,35,Apr 13 2016 01: +0,1460505600
1.286,48,Apr 14 2016 01: +0,1460592000
1.51,29,Apr 15 2016 01: +0,1460678400
1.53,38,Apr 16 2016 01: +0,1460764800
1.541,34,Apr 17 2016 01: +0,1460851200
1.357,41,Apr 18 2016 01: +0,1460937600
1.399,51,Apr 19 2016 01: +0,1461024000
1.444,29,Apr 20 2016 01: +0,1461110400
1.394,32,Apr 21 2016 01: +0,1461196800
1.323,58,Apr 22 2016 01: +0,1461283200
1.415,41,Apr 23 2016 01: +0,1461369600
1.619,40,Apr 24 2016 01: +0,1461456000
1.604,16,Apr 25 2016 01: +0,1461542400
1.346,49,Apr 26 2016 01: +0,1461628800
1.582,20,Apr 27 2016 01: +0,1461715200
1.408,30,Apr 28 2016 01: +0,1461801600
1.399,44,Apr 29 2016 01: +0,1461888000
1.452,37,Apr 30 2016 01: +0,1461974400
1.328,41,May 01 2016 01: +0,1462060800
1.34,33,May 02 2016 01: +0,1462147200
1.478,39,May 03 2016 01: +0,1462233600
1.566,28,May 04 2016 01: +0,1462320000
1.493,41,May 05 2016 01: +0,1462406400
1.601,38,May 06 2016 01: +0,1462492800
1.48,31,May 07 2016 01: +0,1462579200
1.328,37,May 08 2016 01: +0,1462665600
1.514,33,May 09 2016 01: +0,1462752000
1.596,23,May 10 2016 01: +0,1462838400
1.445,20,May 11 2016 01: +0,1462924800
1.435,21,May 12 2016 01: +0,1463011200
1.484,22,May 13 2016 01: +0,1463097600
1.346,35,May 14 2016 01: +0,1463184000
1.398,43,May 15 2016 01: +0,1463270400
1.463,38,May 16 2016 01: +0,1463356800
1.401,21,May 17 2016 01: +0,1463443200
1.422,29,May 18 2016 01: +0,1463529600
1.343,29,May 19 2016 01: +0,1463616000
1.378,22,May 20 2016 01: +0,1463702400
1.314,31,May 21 2016 01: +0,1463788800
1.287,27,May 22 2016 01: +0,1463875200
1.29,27,May 23 2016 01: +0,1463961600
1.223,21,May 24 2016 01: +0,1464048000
1.227,21,May 25 2016 01: +0,1464134400
1.33,38,May 26 2016 01: +0,1464220800
1.215,30,May 27 2016 01: +0,1464307200
1.182,30,May 28 2016 01: +0,1464393600
1.235,33,May 29 2016 01: +0,1464480000
1.251,25,May 30 2016 01: +0,1464566400
1.228,18,May 31 2016 01: +0,1464652800
1.224,43,Jun 01 2016 01: +0,1464739200
1.222,25,Jun 02 2016 01: +0,1464825600
1.337,51,Jun 03 2016 01: +0,1464912000
1.21,36,Jun 04 2016 01: +0,1464998400
1.178,29,Jun 05 2016 01: +0,1465084800
1.086,41,Jun 06 2016 01: +0,1465171200
1.049,24,Jun 07 2016 01: +0,1465257600
0.993,38,Jun 08 2016 01: +0,1465344000
1.105,30,Jun 09 2016 01: +0,1465430400
1.265,34,Jun 10 2016 01: +0,1465516800
1.352,17,Jun 11 2016 01: +0,1465603200
1.349,22,Jun 12 2016 01: +0,1465689600
1.232,19,Jun 13 2016 01: +0,1465776000
1.287,28,Jun 14 2016 01: +0,1465862400
1.158,22,Jun 15 2016 01: +0,1465948800
1.152,34,Jun 16 2016 01: +0,1466035200
1.311,31,Jun 17 2016 01: +0,1466121600
1.101,52,Jun 18 2016 01: +0,1466208000
1.063,43,Jun 19 2016 01: +0,1466294400
1.121,41,Jun 20 2016 01: +0,1466380800
1.107,45,Jun 21 2016 01: +0,1466467200
1.121,34,Jun 22 2016 01: +0,1466553600
0.971,30,Jun 23 2016 01: +0,1466640000
0.871,52,Jun 24 2016 01: +0,1466726400
0.865,38,Jun 25 2016 01: +0,1466812800
0.882,60,Jun 26 2016 01: +0,1466899200
1.033,33,Jun 27 2016 01: +0,1466985600
0.979,31,Jun 28 2016 01: +0,1467072000
0.96,36,Jun 29 2016 01: +0,1467158400
0.901,39,Jun 30 2016 01: +0,1467244800
0.913,62,Jul 01 2016 01: +0,1467331200
1.033,42,Jul 02 2016 01: +0,1467417600
0.989,30,Jul 03 2016 01: +0,1467504000
0.953,45,Jul 04 2016 01: +0,1467590400
0.919,31,Jul 05 2016 01: +0,1467676800
1.02,53,Jul 06 2016 01: +0,1467763200
1.334,64,Jul 07 2016 01: +0,1467849600
1.311,29,Jul 08 2016 01: +0,1467936000
1.255,32,Jul 09 2016 01: +0,1468022400
1.199,40,Jul 10 2016 01: +0,1468108800
1.056,24,Jul 11 2016 01: +0,1468195200
1.111,27,Jul 12 2016 01: +0,1468281600
1.17,33,Jul 13 2016 01: +0,1468368000
1.171,34,Jul 14 2016 01: +0,1468454400
1.16,36,Jul 15 2016 01: +0,1468540800
1.164,34,Jul 16 2016 01: +0,1468627200
1.133,25,Jul 17 2016 01: +0,1468713600
1.087,27,Jul 18 2016 01: +0,1468800000
1.175,41,Jul 19 2016 01: +0,1468886400
1.209,22,Jul 20 2016 01: +0,1468972800
1.246,19,Jul 21 2016 01: +0,1469059200
1.129,22,Jul 22 2016 01: +0,1469145600
1.179,29,Jul 23 2016 01: +0,1469232000
1.208,21,Jul 24 2016 01: +0,1469318400
1.154,22,Jul 25 2016 01: +0,1469404800
1.208,22,Jul 26 2016 01: +0,1469491200
1.244,21,Jul 27 2016 01: +0,1469577600
1.177,22,Jul 28 2016 01: +0,1469664000
1.112,26,Jul 29 2016 01: +0,1469750400
1.119,27,Jul 30 2016 01: +0,1469836800
1.099,29,Jul 31 2016 01: +0,1469923200
1.212,25,Aug 01 2016 01: +0,1470009600
1.17,22,Aug 02 2016 01: +0,1470096000
1.156,21,Aug 03 2016 01: +0,1470182400
1.16,26,Aug 04 2016 01: +0,1470268800
1.206,21,Aug 05 2016 01: +0,1470355200
1.149,23,Aug 06 2016 01: +0,1470441600
1.159,28,Aug 07 2016 01: +0,1470528000
1.226,22,Aug 08 2016 01: +0,1470614400
1.24,15,Aug 09 2016 01: +0,1470700800
1.218,19,Aug 10 2016 01: +0,1470787200
1.14,21,Aug 11 2016 01: +0,1470873600
1.131,24,Aug 12 2016 01: +0,1470960000
1.194,17,Aug 13 2016 01: +0,1471046400
1.133,26,Aug 14 2016 01: +0,1471132800
1.12,20,Aug 15 2016 01: +0,1471219200
1.119,24,Aug 16 2016 01: +0,1471305600
1.118,20,Aug 17 2016 01: +0,1471392000
1.169,32,Aug 18 2016 01: +0,1471478400
1.26,27,Aug 19 2016 01: +0,1471564800
1.285,27,Aug 20 2016 01: +0,1471651200
1.129,30,Aug 21 2016 01: +0,1471737600
1.102,21,Aug 22 2016 01: +0,1471824000
1.132,28,Aug 23 2016 01: +0,1471910400
1.164,26,Aug 24 2016 01: +0,1471996800
1.046,21,Aug 25 2016 01: +0,1472083200
1.053,37,Aug 26 2016 01: +0,1472169600
1.172,30,Aug 27 2016 01: +0,1472256000
1.247,19,Aug 28 2016 01: +0,1472342400
1.267,20,Aug 29 2016 01: +0,1472428800
1.173,16,Aug 30 2016 01: +0,1472515200
1.221,26,Aug 31 2016 01: +0,1472601600
1.132,17,Sep 01 2016 01: +0,1472688000
1.08,28,Sep 02 2016 01: +0,1472774400
1.089,28,Sep 03 2016 01: +0,1472860800
1.269,29,Sep 04 2016 01: +0,1472947200
1.166,26,Sep 05 2016 01: +0,1473033600
1.143,21,Sep 06 2016 01: +0,1473120000
1.06,23,Sep 07 2016 01: +0,1473206400
1.081,20,Sep 08 2016 01: +0,1473292800
1.184,24,Sep 09 2016 01: +0,1473379200
1.139,19,Sep 10 2016 01: +0,1473465600
1.078,16,Sep 11 2016 01: +0,1473552000
1.025,25,Sep 12 2016 01: +0,1473638400
1.272,33,Sep 13 2016 01: +0,1473724800
1.164,19,Sep 14 2016 01: +0,1473811200
1.127,18,Sep 15 2016 01: +0,1473897600
1.134,31,Sep 16 2016 01: +0,1473984000
1.18,27,Sep 17 2016 01: +0,1474070400
1.227,24,Sep 18 2016 01: +0,1474156800
1.213,16,Sep 19 2016 01: +0,1474243200
1.206,20,Sep 20 2016 01: +0,1474329600
1.158,16,Sep 21 2016 01: +0,1474416000
1.168,29,Sep 22 2016 01: +0,1474502400
1.181,27,Sep 23 2016 01: +0,1474588800
1.196,23,Sep 24 2016 01: +0,1474675200
1.161,29,Sep 25 2016 01: +0,1474761600
1.223,16,Sep 26 2016 01: +0,1474848000
1.096,19,Sep 27 2016 01: +0,1474934400
1.141,14,Sep 28 2016 01: +0,1475020800
1.066,17,Sep 29 2016 01: +0,1475107200
1.042,24,Sep 30 2016 01: +0,1475193600
1.281,29,Oct 01 2016 01: +0,1475280000
1.216,20,Oct 02 2016 01: +0,1475366400
1.277,26,Oct 03 2016 01: +0,1475452800
1.241,15,Oct 04 2016 01: +0,1475539200
1.233,8,Oct 05 2016 01: +0,1475625600
1.134,33,Oct 06 2016 01: +0,1475712000
1.202,13,Oct 07 2016 01: +0,1475798400
1.109,35,Oct 08 2016 01: +0,1475884800
1.136,24,Oct 09 2016 01: +0,1475971200
1.039,37,Oct 10 2016 01: +0,1476057600
1.098,16,Oct 11 2016 01: +0,1476144000
1.003,18,Oct 12 2016 01: +0,1476230400
0.949,20,Oct 13 2016 01: +0,1476316800
1.044,27,Oct 14 2016 01: +0,1476403200
1.132,26,Oct 15 2016 01: +0,1476489600
1.086,16,Oct 16 2016 01: +0,1476576000
1.674,16,Oct 17 2016 01: +0,1476662400
0.968,21,Oct 18 2016 01: +0,1476748800
0.999,22,Oct 19 2016 01: +0,1476835200
0.948,16,Oct 20 2016 01: +0,1476921600
0.973,25,Oct 21 2016 01: +0,1477008000
0.985,25,Oct 22 2016 01: +0,1477094400
0.938,21,Oct 23 2016 01: +0,1477180800
0.917,19,Oct 24 2016 01: +0,1477267200
0.883,29,Oct 25 2016 01: +0,1477353600
0.932,19,Oct 26 2016 01: +0,1477440000
1.046,18,Oct 27 2016 01: +0,1477526400
0.999,21,Oct 28 2016 01: +0,1477612800
1.091,22,Oct 29 2016 01: +0,1477699200
0.977,13,Oct 30 2016 01: +0,1477785600
0.951,15,Oct 31 2016 01: +0,1477875600
0.835,27,Nov 01 2016 01: +0,1477962000
0.937,26,Nov 02 2016 01: +0,1478048400
0.993,18,Nov 03 2016 01: +0,1478134800
0.985,19,Nov 04 2016 01: +0,1478221200
1.325,29,Nov 05 2016 01: +0,1478307600
1.208,15,Nov 06 2016 01: +0,1478394000
1.085,18,Nov 07 2016 01: +0,1478480400
1.09,19,Nov 08 2016 01: +0,1478566800
1.099,12,Nov 09 2016 01: +0,1478653200
1.161,22,Nov 10 2016 01: +0,1478739600
1.121,15,Nov 11 2016 01: +0,1478826000
1.031,13,Nov 12 2016 01: +0,1478912400
0.99,19,Nov 13 2016 01: +0,1478998800
1.065,27,Nov 14 2016 01: +0,1479085200
1.125,23,Nov 15 2016 01: +0,1479171600
1.075,14,Nov 16 2016 01: +0,1479258000
1.1,14,Nov 17 2016 01: +0,1479344400
1.23,15,Nov 18 2016 01: +0,1479430800
0.98,11,Nov 19 2016 01: +0,1479517200
1.02,23,Nov 20 2016 01: +0,1479603600
0.988,23,Nov 21 2016 01: +0,1479690000
1.055,16,Nov 22 2016 01: +0,1479776400
0.868,21,Nov 23 2016 01: +0,1479862800
0.822,24,Nov 24 2016 01: +0,1479949200
0.914,18,Nov 25 2016 01: +0,1480035600
0.974,34,Nov 26 2016 01: +0,1480122000
0.981,22,Nov 27 2016 01: +0,1480208400
0.94,29,Nov 28 2016 01: +0,1480294800
1.149,15,Nov 29 2016 01: +0,1480381200
1.022,20,Nov 30 2016 01: +0,1480467600
0.853,15,Dec 01 2016 01: +0,1480554000
0.994,22,Dec 02 2016 01: +0,1480640400
1.079,44,Dec 03 2016 01: +0,1480726800
1.079,24,Dec 04 2016 01: +0,1480813200
1.072,19,Dec 05 2016 01: +0,1480899600
1.056,14,Dec 06 2016 01: +0,1480986000
1.174,18,Dec 07 2016 01: +0,1481072400
1.128,20,Dec 08 2016 01: +0,1481158800
1.062,17,Dec 09 2016 01: +0,1481245200
1.091,18,Dec 10 2016 01: +0,1481331600
1.033,15,Dec 11 2016 01: +0,1481418000
0.926,20,Dec 12 2016 01: +0,1481504400
1.028,20,Dec 13 2016 01: +0,1481590800
1.086,12,Dec 14 2016 01: +0,1481677200
1.122,15,Dec 15 2016 01: +0,1481763600
1.019,16,Dec 16 2016 01: +0,1481850000
0.921,14,Dec 17 2016 01: +0,1481936400
0.922,24,Dec 18 2016 01: +0,1482022800
0.885,17,Dec 19 2016 01: +0,1482109200
0.947,17,Dec 20 2016 01: +0,1482195600
0.871,16,Dec 21 2016 01: +0,1482282000
0.879,26,Dec 22 2016 01: +0,1482368400
0.812,21,Dec 23 2016 01: +0,1482454800
0.783,37,Dec 24 2016 01: +0,1482541200
0.861,24,Dec 25 2016 01: +0,1482627600
0.927,18,Dec 26 2016 01: +0,1482714000
0.99,36,Dec 27 2016 01: +0,1482800400
0.956,35,Dec 28 2016 01: +0,1482886800
0.956,22,Dec 29 2016 01: +0,1482973200
0.944,32,Dec 30 2016 01: +0,1483059600
0.888,24,Dec 31 2016 01: +0,1483146000
0.852,43,Jan 01 2017 01: +0,1483232400
1.005,31,Jan 02 2017 01: +0,1483318800
1.012,19,Jan 03 2017 01: +0,1483405200
1.0,26,Jan 04 2017 01: +0,1483491600
0.97,21,Jan 05 2017 01: +0,1483578000
0.997,16,Jan 06 2017 01: +0,1483664400
1.03,25,Jan 07 2017 01: +0,1483750800
1.028,26,Jan 08 2017 01: +0,1483837200
0.973,36,Jan 09 2017 01: +0,1483923600
1.091,23,Jan 10 2017 01: +0,1484010000
1.122,18,Jan 11 2017 01: +0,1484096400
1.064,21,Jan 12 2017 01: +0,1484182800
1.08,27,Jan 13 2017 01: +0,1484269200
1.17,37,Jan 14 2017 01: +0,1484355600
1.121,31,Jan 15 2017 01: +0,1484442000
1.241,16,Jan 16 2017 01: +0,1484528400
1.216,26,Jan 17 2017 01: +0,1484614800
1.123,22,Jan 18 2017 01: +0,1484701200
1.07,16,Jan 19 2017 01: +0,1484787600
1.067,22,Jan 20 2017 01: +0,1484874000
1.018,23,Jan 21 2017 01: +0,1484960400
1.167,29,Jan 22 2017 01: +0,1485046800
1.156,8,Jan 23 2017 01: +0,1485133200
0.91,21,Jan 24 2017 01: +0,1485219600
0.884,22,Jan 25 2017 01: +0,1485306000
0.856,30,Jan 26 2017 01: +0,1485392400
0.946,30,Jan 27 2017 01: +0,1485478800
1.109,20,Jan 28 2017 01: +0,1485565200
1.218,28,Jan 29 2017 01: +0,1485651600
1.187,20,Jan 30 2017 01: +0,1485738000
1.236,25,Jan 31 2017 01: +0,1485824400
1.228,19,Feb 01 2017 01: +0,1485910800
1.104,26,Feb 02 2017 01: +0,1485997200
1.203,17,Feb 03 2017 01: +0,1486083600
1.197,26,Feb 04 2017 01: +0,1486170000
0.995,35,Feb 05 2017 01: +0,1486256400
0.969,13,Feb 06 2017 01: +0,1486342800
1.081,30,Feb 07 2017 01: +0,1486429200
1.342,23,Feb 08 2017 01: +0,1486515600
1.275,36,Feb 09 2017 01: +0,1486602000
1.928,15,Feb 10 2017 01: +0,1486688400
1.282,17,Feb 11 2017 01: +0,1486774800
1.271,28,Feb 12 2017 01: +0,1486861200
1.044,15,Feb 13 2017 01: +0,1486947600
1.076,24,Feb 14 2017 01: +0,1487034000
1.093,24,Feb 15 2017 01: +0,1487120400
1.091,30,Feb 16 2017 01: +0,1487206800
1.081,25,Feb 17 2017 01: +0,1487293200
1.111,20,Feb 18 2017 01: +0,1487379600
1.088,19,Feb 19 2017 01: +0,1487466000
1.102,23,Feb 20 2017 01: +0,1487552400
1.223,46,Feb 21 2017 01: +0,1487638800
1.309,17,Feb 22 2017 01: +0,1487725200
1.278,24,Feb 23 2017 01: +0,1487811600
1.348,20,Feb 24 2017 01: +0,1487898000
1.341,14,Feb 25 2017 01: +0,1487984400
1.299,18,Feb 26 2017 01: +0,1488070800
1.121,13,Feb 27 2017 01: +0,1488157200
1.102,30,Feb 28 2017 01: +0,1488243600
1.145,24,Mar 01 2017 01: +0,1488330000
1.33,28,Mar 02 2017 01: +0,1488416400
1.828,16,Mar 03 2017 01: +0,1488502800
9.043,20,Mar 04 2017 01: +0,1488589200
1.465,22,Mar 05 2017 01: +0,1488675600
1.534,15,Mar 06 2017 01: +0,1488762000
1.327,13,Mar 07 2017 01: +0,1488848400
1.448,25,Mar 08 2017 01: +0,1488934800
1.458,17,Mar 09 2017 01: +0,1489021200
1.378,11,Mar 10 2017 01: +0,1489107600
1.3,26,Mar 11 2017 01: +0,1489194000
1.285,17,Mar 12 2017 01: +0,1489280400
1.436,13,Mar 13 2017 01: +0,1489366800
1.479,11,Mar 14 2017 01: +0,1489453200
1.476,17,Mar 15 2017 01: +0,1489539600
1.337,22,Mar 16 2017 01: +0,1489626000
1.266,24,Mar 17 2017 01: +0,1489712400
1.283,19,Mar 18 2017 01: +0,1489798800
1.196,23,Mar 19 2017 01: +0,1489885200
1.302,20,Mar 20 2017 01: +0,1489971600
1.403,16,Mar 21 2017 01: +0,1490058000
1.387,17,Mar 22 2017 01: +0,1490144400
1.333,15,Mar 23 2017 01: +0,1490230800
1.276,10,Mar 24 2017 01: +0,1490317200
1.328,22,Mar 25 2017 01: +0,1490403600
1.314,23,Mar 26 2017 01: +0,1490490000
1.294,18,Mar 27 2017 01: +0,1490572800
1.208,17,Mar 28 2017 01: +0,1490659200
1.131,18,Mar 29 2017 01: +0,1490745600
0.967,9,Mar 30 2017 01: +0,1490832000
1.061,38,Mar 31 2017 01: +0,1490918400
1.179,35,Apr 01 2017 01: +0,1491004800
1.204,22,Apr 02 2017 01: +0,1491091200
1.117,17,Apr 03 2017 01: +0,1491177600
1.012,18,Apr 04 2017 01: +0,1491264000
1.258,18,Apr 05 2017 01: +0,1491350400
1.004,13,Apr 06 2017 01: +0,1491436800
1.113,25,Apr 07 2017 01: +0,1491523200
1.129,24,Apr 08 2017 01: +0,1491609600
0.981,32,Apr 09 2017 01: +0,1491696000
1.049,28,Apr 10 2017 01: +0,1491782400
1.056,16,Apr 11 2017 01: +0,1491868800
1.099,27,Apr 12 2017 01: +0,1491955200
1.179,12,Apr 13 2017 01: +0,1492041600
1.129,18,Apr 14 2017 01: +0,1492128000
1.106,24,Apr 15 2017 01: +0,1492214400
1.209,15,Apr 16 2017 01: +0,1492300800
1.301,14,Apr 17 2017 01: +0,1492387200
1.176,16,Apr 18 2017 01: +0,1492473600
1.114,18,Apr 19 2017 01: +0,1492560000
1.078,12,Apr 20 2017 01: +0,1492646400
1.132,21,Apr 21 2017 01: +0,1492732800
1.152,15,Apr 22 2017 01: +0,1492819200
1.009,36,Apr 23 2017 01: +0,1492905600
1.166,16,Apr 24 2017 01: +0,1492992000
1.141,15,Apr 25 2017 01: +0,1493078400
1.136,16,Apr 26 2017 01: +0,1493164800
1.145,12,Apr 27 2017 01: +0,1493251200
1.227,18,Apr 28 2017 01: +0,1493337600
1.278,22,Apr 29 2017 01: +0,1493424000
1.303,18,Apr 30 2017 01: +0,1493510400
1.344,17,May 01 2017 01: +0,1493596800
1.193,18,May 02 2017 01: +0,1493683200
1.216,17,May 03 2017 01: +0,1493769600
1.365,17,May 04 2017 01: +0,1493856000
1.142,12,May 05 2017 01: +0,1493942400
1.32,29,May 06 2017 01: +0,1494028800
1.21,19,May 07 2017 01: +0,1494115200
1.226,10,May 08 2017 01: +0,1494201600
1.178,15,May 09 2017 01: +0,1494288000
1.221,16,May 10 2017 01: +0,1494374400
1.247,21,May 11 2017 01: +0,1494460800
1.196,20,May 12 2017 01: +0,1494547200
1.31,21,May 13 2017 01: +0,1494633600
1.292,19,May 14 2017 01: +0,1494720000
1.203,15,May 15 2017 01: +0,1494806400
1.256,15,May 16 2017 01: +0,1494892800
1.218,9,May 17 2017 01: +0,1494979200
1.268,13,May 18 2017 01: +0,1495065600
1.353,21,May 19 2017 01: +0,1495152000
1.35,13,May 20 2017 01: +0,1495238400
1.441,19,May 21 2017 01: +0,1495324800
1.452,14,May 22 2017 01: +0,1495411200
1.306,15,May 23 2017 01: +0,1495497600
1.143,33,May 24 2017 01: +0,1495584000
1.121,20,May 25 2017 01: +0,1495670400
1.208,22,May 26 2017 01: +0,1495756800
1.249,19,May 27 2017 01: +0,1495843200
1.047,25,May 28 2017 01: +0,1495929600
1.03,18,May 29 2017 01: +0,1496016000
1.22,23,May 30 2017 01: +0,1496102400
1.218,22,May 31 2017 01: +0,1496188800
1.245,20,Jun 01 2017 01: +0,1496275200
1.142,15,Jun 02 2017 01: +0,1496361600
1.252,14,Jun 03 2017 01: +0,1496448000
1.124,11,Jun 04 2017 01: +0,1496534400
1.146,15,Jun 05 2017 01: +0,1496620800
1.235,16,Jun 06 2017 01: +0,1496707200
1.15,14,Jun 07 2017 01: +0,1496793600
1.156,21,Jun 08 2017 01: +0,1496880000
1.39,15,Jun 09 2017 01: +0,1496966400
1.158,17,Jun 10 2017 01: +0,1497052800
1.322,13,Jun 11 2017 01: +0,1497139200
1.363,12,Jun 12 2017 01: +0,1497225600
1.282,20,Jun 13 2017 01: +0,1497312000
1.132,9,Jun 14 2017 01: +0,1497398400
1.159,15,Jun 15 2017 01: +0,1497484800
1.155,18,Jun 16 2017 01: +0,1497571200
1.238,20,Jun 17 2017 01: +0,1497657600
1.125,16,Jun 18 2017 01: +0,1497744000
1.24,29,Jun 19 2017 01: +0,1497830400
1.267,8,Jun 20 2017 01: +0,1497916800
1.172,9,Jun 21 2017 01: +0,1498003200
1.061,18,Jun 22 2017 01: +0,1498089600
0.924,31,Jun 23 2017 01: +0,1498176000
1.056,11,Jun 24 2017 01: +0,1498262400
0.963,21,Jun 25 2017 01: +0,1498348800
1.053,25,Jun 26 2017 01: +0,1498435200
1.039,17,Jun 27 2017 01: +0,1498521600
1.035,27,Jun 28 2017 01: +0,1498608000
1.129,13,Jun 29 2017 01: +0,1498694400
1.146,21,Jun 30 2017 01: +0,1498780800
1.165,17,Jul 01 2017 01: +0,1498867200
1.179,20,Jul 02 2017 01: +0,1498953600
1.482,20,Jul 03 2017 01: +0,1499040000
1.078,20,Jul 04 2017 01: +0,1499126400
1.298,15,Jul 05 2017 01: +0,1499212800
1.124,17,Jul 06 2017 01: +0,1499299200
1.162,18,Jul 07 2017 01: +0,1499385600
1.043,16,Jul 08 2017 01: +0,1499472000
1.148,22,Jul 09 2017 01: +0,1499558400
1.209,14,Jul 10 2017 01: +0,1499644800
1.266,11,Jul 11 2017 01: +0,1499731200
1.202,17,Jul 12 2017 01: +0,1499817600
1.534,30,Jul 13 2017 01: +0,1499904000
1.183,9,Jul 14 2017 01: +0,1499990400
1.179,18,Jul 15 2017 01: +0,1500076800
1.289,17,Jul 16 2017 01: +0,1500163200
1.244,17,Jul 17 2017 01: +0,1500249600
1.204,10,Jul 18 2017 01: +0,1500336000
1.292,10,Jul 19 2017 01: +0,1500422400
1.311,14,Jul 20 2017 01: +0,1500508800
1.262,19,Jul 21 2017 01: +0,1500595200
1.366,10,Jul 22 2017 01: +0,1500681600
1.298,18,Jul 23 2017 01: +0,1500768000
1.145,11,Jul 24 2017 01: +0,1500854400
1.206,28,Jul 25 2017 01: +0,1500940800
1.324,23,Jul 26 2017 01: +0,1501027200
1.287,19,Jul 27 2017 01: +0,1501113600
1.22,21,Jul 28 2017 01: +0,1501200000
1.2,28,Jul 29 2017 01: +0,1501286400
1.179,16,Jul 30 2017 01: +0,1501372800
1.172,22,Jul 31 2017 01: +0,1501459200
1.142,16,Aug 01 2017 01: +0,1501545600
1.247,24,Aug 02 2017 01: +0,1501632000
1.369,17,Aug 03 2017 01: +0,1501718400
1.388,30,Aug 04 2017 01: +0,1501804800
1.387,13,Aug 05 2017 01: +0,1501891200
1.49,15,Aug 06 2017 01: +0,1501977600
1.349,16,Aug 07 2017 01: +0,1502064000
1.484,17,Aug 08 2017 01: +0,1502150400
1.306,23,Aug 09 2017 01: +0,1502236800
1.276,10,Aug 10 2017 01: +0,1502323200
1.229,25,Aug 11 2017 01: +0,1502409600
1.347,22,Aug 12 2017 01: +0,1502496000
1.1,15,Aug 13 2017 01: +0,1502582400
1.112,17,Aug 14 2017 01: +0,1502668800
1.139,17,Aug 15 2017 01: +0,1502755200
1.274,17,Aug 16 2017 01: +0,1502841600
1.392,9,Aug 17 2017 01: +0,1502928000
1.333,17,Aug 18 2017 01: +0,1503014400
1.262,24,Aug 19 2017 01: +0,1503100800
1.2,14,Aug 20 2017 01: +0,1503187200
1.237,15,Aug 21 2017 01: +0,1503273600
1.269,26,Aug 22 2017 01: +0,1503360000
1.228,12,Aug 23 2017 01: +0,1503446400
1.127,27,Aug 24 2017 01: +0,1503532800
1.086,14,Aug 25 2017 01: +0,1503619200
1.062,28,Aug 26 2017 01: +0,1503705600
1.083,15,Aug 27 2017 01: +0,1503792000
1.126,32,Aug 28 2017 01: +0,1503878400
1.241,25,Aug 29 2017 01: +0,1503964800
1.216,23,Aug 30 2017 01: +0,1504051200
1.194,9,Aug 31 2017 01: +0,1504137600
1.222,15,Sep 01 2017 01: +0,1504224000
1.198,24,Sep 02 2017 01: +0,1504310400
1.207,22,Sep 03 2017 01: +0,1504396800
1.178,16,Sep 04 2017 01: +0,1504483200
1.172,12,Sep 05 2017 01: +0,1504569600
1.17,12,Sep 06 2017 01: +0,1504656000
1.447,19,Sep 07 2017 01: +0,1504742400
1.16,10,Sep 08 2017 01: +0,1504828800
1.239,27,Sep 09 2017 01: +0,1504915200
1.225,15,Sep 10 2017 01: +0,1505001600
1.289,24,Sep 11 2017 01: +0,1505088000
1.198,17,Sep 12 2017 01: +0,1505174400
1.265,11,Sep 13 2017 01: +0,1505260800
1.209,8,Sep 14 2017 01: +0,1505347200
1.239,15,Sep 15 2017 01: +0,1505433600
1.348,16,Sep 16 2017 01: +0,1505520000
1.137,18,Sep 17 2017 01: +0,1505606400
1.256,28,Sep 18 2017 01: +0,1505692800
1.433,33,Sep 19 2017 01: +0,1505779200
1.29,17,Sep 20 2017 01: +0,1505865600
1.468,10,Sep 21 2017 01: +0,1505952000
1.285,9,Sep 22 2017 01: +0,1506038400
1.15,17,Sep 23 2017 01: +0,1506124800
1.126,18,Sep 24 2017 01: +0,1506211200
1.153,16,Sep 25 2017 01: +0,1506297600
1.115,8,Sep 26 2017 01: +0,1506384000
1.167,15,Sep 27 2017 01: +0,1506470400
1.103,10,Sep 28 2017 01: +0,1506556800
1.089,16,Sep 29 2017 01: +0,1506643200
1.124,24,Sep 30 2017 01: +0,1506729600
1.131,13,Oct 01 2017 01: +0,1506816000
1.326,18,Oct 02 2017 01: +0,1506902400
1.12,19,Oct 03 2017 01: +0,1506988800
1.29,14,Oct 04 2017 01: +0,1507075200
1.25,14,Oct 05 2017 01: +0,1507161600
1.185,20,Oct 06 2017 01: +0,1507248000
1.194,22,Oct 07 2017 01: +0,1507334400
1.402,27,Oct 08 2017 01: +0,1507420800
1.205,19,Oct 09 2017 01: +0,1507507200
1.156,17,Oct 10 2017 01: +0,1507593600
1.242,11,Oct 11 2017 01: +0,1507680000
1.204,18,Oct 12 2017 01: +0,1507766400
1.273,12,Oct 13 2017 01: +0,1507852800
1.29,10,Oct 14 2017 01: +0,1507939200
1.068,15,Oct 15 2017 01: +0,1508025600
1.093,8,Oct 16 2017 01: +0,1508112000
1.114,23,Oct 17 2017 01: +0,1508198400
1.028,14,Oct 18 2017 01: +0,1508284800
1.094,16,Oct 19 2017 01: +0,1508371200
1.16,13,Oct 20 2017 01: +0,1508457600
1.168,22,Oct 21 2017 01: +0,1508544000
1.078,11,Oct 22 2017 01: +0,1508630400
1.04,18,Oct 23 2017 01: +0,1508716800
1.157,10,Oct 24 2017 01: +0,1508803200
1.106,9,Oct 25 2017 01: +0,1508889600
1.077,8,Oct 26 2017 01: +0,1508976000
1.038,8,Oct 27 2017 01: +0,1509062400
1.123,25,Oct 28 2017 01: +0,1509148800
1.238,18,Oct 29 2017 01: +0,1509235200
1.093,11,Oct 30 2017 01: +0,1509325200
2.222,19,Oct 31 2017 01: +0,1509411600
1.152,15,Nov 01 2017 01: +0,1509498000
1.362,9,Nov 02 2017 01: +0,1509584400
1.308,14,Nov 03 2017 01: +0,1509670800
1.207,21,Nov 04 2017 01: +0,1509757200
1.187,18,Nov 05 2017 01: +0,1509843600
1.152,7,Nov 06 2017 01: +0,1509930000
1.152,7,Nov 07 2017 01: +0,1510016400
1.148,9,Nov 08 2017 01: +0,1510102800
1.257,9,Nov 09 2017 01: +0,1510189200
1.161,7,Nov 10 2017 01: +0,1510275600
1.156,15,Nov 11 2017 01: +0,1510362000
1.244,14,Nov 12 2017 01: +0,1510448400
1.326,24,Nov 13 2017 01: +0,1510534800
1.362,10,Nov 14 2017 01: +0,1510621200
1.212,14,Nov 15 2017 01: +0,1510707600
1.3,11,Nov 16 2017 01: +0,1510794000
1.177,10,Nov 17 2017 01: +0,1510880400
1.257,14,Nov 18 2017 01: +0,1510966800
1.216,22,Nov 19 2017 01: +0,1511053200
1.246,4,Nov 20 2017 01: +0,1511139600
1.364,18,Nov 21 2017 01: +0,1511226000
1.449,2,Nov 22 2017 01: +0,1511312400
1.186,12,Nov 23 2017 01: +0,1511398800
1.24,12,Nov 24 2017 01: +0,1511485200
1.172,20,Nov 25 2017 01: +0,1511571600
1.179,11,Nov 26 2017 01: +0,1511658000
1.106,14,Nov 27 2017 01: +0,1511744400
1.168,11,Nov 28 2017 01: +0,1511830800
1.106,8,Nov 29 2017 01: +0,1511917200
1.105,16,Nov 30 2017 01: +0,1512003600
1.063,6,Dec 01 2017 01: +0,1512090000
1.165,17,Dec 02 2017 01: +0,1512176400
1.074,6,Dec 03 2017 01: +0,1512262800
0.997,8,Dec 04 2017 01: +0,1512349200
0.995,13,Dec 05 2017 01: +0,1512435600
1.056,6,Dec 06 2017 01: +0,1512522000
1.003,16,Dec 07 2017 01: +0,1512608400
1.345,9,Dec 08 2017 01: +0,1512694800
1.059,13,Dec 09 2017 01: +0,1512781200
1.27,13,Dec 10 2017 01: +0,1512867600
1.361,16,Dec 11 2017 01: +0,1512954000
1.177,14,Dec 12 2017 01: +0,1513040400
1.231,9,Dec 13 2017 01: +0,1513126800
1.093,9,Dec 14 2017 01: +0,1513213200
1.107,10,Dec 15 2017 01: +0,1513299600
1.138,13,Dec 16 2017 01: +0,1513386000
1.17,7,Dec 17 2017 01: +0,1513472400
1.056,14,Dec 18 2017 01: +0,1513558800
1.203,22,Dec 19 2017 01: +0,1513645200
1.151,9,Dec 20 2017 01: +0,1513731600
1.035,17,Dec 21 2017 01: +0,1513818000
1.04,14,Dec 22 2017 01: +0,1513904400
1.021,17,Dec 23 2017 01: +0,1513990800
1.07,19,Dec 24 2017 01: +0,1514077200
1.02,21,Dec 25 2017 01: +0,1514163600
1.132,21,Dec 26 2017 01: +0,1514250000
1.17,29,Dec 27 2017 01: +0,1514336400
1.14,16,Dec 28 2017 01: +0,1514422800
1.089,15,Dec 29 2017 01: +0,1514509200
1.078,27,Dec 30 2017 01: +0,1514595600
1.289,13,Dec 31 2017 01: +0,1514682000
1.308,20,Jan 01 2018 01: +0,1514768400
1.263,17,Jan 02 2018 01: +0,1514854800
1.175,9,Jan 03 2018 01: +0,1514941200
1.097,17,Jan 04 2018 01: +0,1515027600
1.09,15,Jan 05 2018 01: +0,1515114000
1.159,8,Jan 06 2018 01: +0,1515200400
1.161,12,Jan 07 2018 01: +0,1515286800
1.099,18,Jan 08 2018 01: +0,1515373200
1.153,20,Jan 09 2018 01: +0,1515459600
1.129,11,Jan 10 2018 01: +0,1515546000
1.346,35,Jan 11 2018 01: +0,1515632400
1.582,11,Jan 12 2018 01: +0,1515718800
1.29,16,Jan 13 2018 01: +0,1515805200
1.284,9,Jan 14 2018 01: +0,1515891600
1.285,20,Jan 15 2018 01: +0,1515978000
1.21,14,Jan 16 2018 01: +0,1516064400
1.206,14,Jan 17 2018 01: +0,1516150800
1.2,31,Jan 18 2018 01: +0,1516237200
1.302,19,Jan 19 2018 01: +0,1516323600
1.326,11,Jan 20 2018 01: +0,1516410000
1.208,19,Jan 21 2018 01: +0,1516496400
1.088,19,Jan 22 2018 01: +0,1516582800
1.156,15,Jan 23 2018 01: +0,1516669200
1.184,9,Jan 24 2018 01: +0,1516755600
1.155,16,Jan 25 2018 01: +0,1516842000
1.008,14,Jan 26 2018 01: +0,1516928400
1.107,17,Jan 27 2018 01: +0,1517014800
1.123,21,Jan 28 2018 01: +0,1517101200
1.174,14,Jan 29 2018 01: +0,1517187600
1.186,15,Jan 30 2018 01: +0,1517274000
1.334,18,Jan 31 2018 01: +0,1517360400
1.291,9,Feb 01 2018 01: +0,1517446800
1.332,18,Feb 02 2018 01: +0,1517533200
1.314,12,Feb 03 2018 01: +0,1517619600
1.322,18,Feb 04 2018 01: +0,1517706000
1.486,15,Feb 05 2018 01: +0,1517792400
1.352,7,Feb 06 2018 01: +0,1517878800
1.248,15,Feb 07 2018 01: +0,1517965200
1.374,5,Feb 08 2018 01: +0,1518051600
1.29,10,Feb 09 2018 01: +0,1518138000
1.287,16,Feb 10 2018 01: +0,1518224400
1.153,18,Feb 11 2018 01: +0,1518310800
1.235,11,Feb 12 2018 01: +0,1518397200
1.153,9,Feb 13 2018 01: +0,1518483600
1.137,9,Feb 14 2018 01: +0,1518570000
1.118,6,Feb 15 2018 01: +0,1518656400
1.073,17,Feb 16 2018 01: +0,1518742800
1.094,27,Feb 17 2018 01: +0,1518829200
1.059,27,Feb 18 2018 01: +0,1518915600
1.059,23,Feb 19 2018 01: +0,1519002000
1.164,16,Feb 20 2018 01: +0,1519088400
1.261,14,Feb 21 2018 01: +0,1519174800
1.199,28,Feb 22 2018 01: +0,1519261200
1.243,9,Feb 23 2018 01: +0,1519347600
1.289,23,Feb 24 2018 01: +0,1519434000
1.388,30,Feb 25 2018 01: +0,1519520400
1.303,22,Feb 26 2018 01: +0,1519606800
1.261,8,Feb 27 2018 01: +0,1519693200
1.34,14,Feb 28 2018 01: +0,1519779600
1.244,19,Mar 01 2018 01: +0,1519866000
1.182,16,Mar 02 2018 01: +0,1519952400
1.245,17,Mar 03 2018 01: +0,1520038800
1.251,19,Mar 04 2018 01: +0,1520125200
1.199,14,Mar 05 2018 01: +0,1520211600
1.375,12,Mar 06 2018 01: +0,1520298000
1.291,11,Mar 07 2018 01: +0,1520384400
1.251,11,Mar 08 2018 01: +0,1520470800
1.181,11,Mar 09 2018 01: +0,1520557200
1.261,19,Mar 10 2018 01: +0,1520643600
1.248,12,Mar 11 2018 01: +0,1520730000
1.191,16,Mar 12 2018 01: +0,1520816400
1.214,8,Mar 13 2018 01: +0,1520902800
1.064,9,Mar 14 2018 01: +0,1520989200
1.103,14,Mar 15 2018 01: +0,1521075600
1.167,14,Mar 16 2018 01: +0,1521162000
1.251,10,Mar 17 2018 01: +0,1521248400
1.145,11,Mar 18 2018 01: +0,1521334800
1.237,19,Mar 19 2018 01: +0,1521421200
1.15,14,Mar 20 2018 01: +0,1521507600
1.182,5,Mar 21 2018 01: +0,1521594000
1.158,20,Mar 22 2018 01: +0,1521680400
1.154,9,Mar 23 2018 01: +0,1521766800
1.294,9,Mar 24 2018 01: +0,1521853200
1.136,15,Mar 25 2018 01: +0,1521939600
1.19,11,Mar 26 2018 01: +0,1522022400
1.108,13,Mar 27 2018 01: +0,1522108800
1.178,7,Mar 28 2018 01: +0,1522195200
1.128,15,Mar 29 2018 01: +0,1522281600
1.365,12,Mar 30 2018 01: +0,1522368000
1.043,18,Mar 31 2018 01: +0,1522454400
1.143,34,Apr 01 2018 01: +0,1522540800
1.187,7,Apr 02 2018 01: +0,1522627200
1.226,12,Apr 03 2018 01: +0,1522713600
1.281,6,Apr 04 2018 01: +0,1522800000
1.171,9,Apr 05 2018 01: +0,1522886400
1.139,9,Apr 06 2018 01: +0,1522972800
1.159,10,Apr 07 2018 01: +0,1523059200
1.138,11,Apr 08 2018 01: +0,1523145600
1.215,13,Apr 09 2018 01: +0,1523232000
1.191,14,Apr 10 2018 01: +0,1523318400
1.297,18,Apr 11 2018 01: +0,1523404800
1.239,17,Apr 12 2018 01: +0,1523491200
1.217,5,Apr 13 2018 01: +0,1523577600
1.325,8,Apr 14 2018 01: +0,1523664000
1.445,10,Apr 15 2018 01: +0,1523750400
1.383,8,Apr 16 2018 01: +0,1523836800
1.533,9,Apr 17 2018 01: +0,1523923200
1.437,9,Apr 18 2018 01: +0,1524009600
1.251,6,Apr 19 2018 01: +0,1524096000
1.184,6,Apr 20 2018 01: +0,1524182400
1.181,11,Apr 21 2018 01: +0,1524268800
1.231,13,Apr 22 2018 01: +0,1524355200
1.513,9,Apr 23 2018 01: +0,1524441600
1.296,14,Apr 24 2018 01: +0,1524528000
1.205,10,Apr 25 2018 01: +0,1524614400
1.234,6,Apr 26 2018 01: +0,1524700800
1.26,10,Apr 27 2018 01: +0,1524787200
1.273,9,Apr 28 2018 01: +0,1524873600
1.4,14,Apr 29 2018 01: +0,1524960000
1.482,4,Apr 30 2018 01: +0,1525046400
1.306,6,May 01 2018 01: +0,1525132800
1.163,10,May 02 2018 01: +0,1525219200
1.294,13,May 03 2018 01: +0,1525305600
1.402,11,May 04 2018 01: +0,1525392000
1.364,7,May 05 2018 01: +0,1525478400
1.453,7,May 06 2018 01: +0,1525564800
1.278,7,May 07 2018 01: +0,1525651200
1.273,13,May 08 2018 01: +0,1525737600
1.277,13,May 09 2018 01: +0,1525824000
1.252,7,May 10 2018 01: +0,1525910400
1.133,10,May 11 2018 01: +0,1525996800
1.161,7,May 12 2018 01: +0,1526083200
1.12,11,May 13 2018 01: +0,1526169600
1.064,9,May 14 2018 01: +0,1526256000
1.04,3,May 15 2018 01: +0,1526342400
1.129,5,May 16 2018 01: +0,1526428800
1.069,7,May 17 2018 01: +0,1526515200
1.067,8,May 18 2018 01: +0,1526601600
1.045,8,May 19 2018 01: +0,1526688000
1.111,4,May 20 2018 01: +0,1526774400
1.056,7,May 21 2018 01: +0,1526860800
1.107,9,May 22 2018 01: +0,1526947200
1.064,11,May 23 2018 01: +0,1527033600
1.03,7,May 24 2018 01: +0,1527120000
0.986,8,May 25 2018 01: +0,1527206400
1.107,11,May 26 2018 01: +0,1527292800
1.226,11,May 27 2018 01: +0,1527379200
0.957,10,May 28 2018 01: +0,1527465600
1.921,5,May 29 2018 01: +0,1527552000
1.004,10,May 30 2018 01: +0,1527638400
1.008,8,May 31 2018 01: +0,1527724800
1.004,13,Jun 01 2018 01: +0,1527811200
1.032,12,Jun 02 2018 01: +0,1527897600
1.038,16,Jun 03 2018 01: +0,1527984000
1.218,7,Jun 04 2018 01: +0,1528070400
1.139,22,Jun 05 2018 01: +0,1528156800
1.225,4,Jun 06 2018 01: +0,1528243200
1.078,9,Jun 07 2018 01: +0,1528329600
1.01,7,Jun 08 2018 01: +0,1528416000
0.96,10,Jun 09 2018 01: +0,1528502400
1.024,5,Jun 10 2018 01: +0,1528588800
0.942,10,Jun 11 2018 01: +0,1528675200
0.975,8,Jun 12 2018 01: +0,1528761600
0.946,18,Jun 13 2018 01: +0,1528848000
0.944,10,Jun 14 2018 01: +0,1528934400
0.981,15,Jun 15 2018 01: +0,1529020800
1.071,9,Jun 16 2018 01: +0,1529107200
1.093,5,Jun 17 2018 01: +0,1529193600
1.048,6,Jun 18 2018 01: +0,1529280000
1.051,5,Jun 19 2018 01: +0,1529366400
1.129,7,Jun 20 2018 01: +0,1529452800
0.958,8,Jun 21 2018 01: +0,1529539200
1.019,7,Jun 22 2018 01: +0,1529625600
0.86,10,Jun 23 2018 01: +0,1529712000
0.859,11,Jun 24 2018 01: +0,1529798400
0.851,7,Jun 25 2018 01: +0,1529884800
0.929,10,Jun 26 2018 01: +0,1529971200
0.989,9,Jun 27 2018 01: +0,1530057600
0.951,8,Jun 28 2018 01: +0,1530144000
0.906,8,Jun 29 2018 01: +0,1530230400
0.944,5,Jun 30 2018 01: +0,1530316800
0.971,8,Jul 01 2018 01: +0,1530403200
0.913,16,Jul 02 2018 01: +0,1530489600
0.987,14,Jul 03 2018 01: +0,1530576000
0.948,3,Jul 04 2018 01: +0,1530662400
0.876,7,Jul 05 2018 01: +0,1530748800
0.914,12,Jul 06 2018 01: +0,1530835200
0.936,5,Jul 07 2018 01: +0,1530921600
0.992,3,Jul 08 2018 01: +0,1531008000
1.04,10,Jul 09 2018 01: +0,1531094400
1.007,10,Jul 10 2018 01: +0,1531180800
1.067,10,Jul 11 2018 01: +0,1531267200
1.027,11,Jul 12 2018 01: +0,1531353600
1.0,15,Jul 13 2018 01: +0,1531440000
1.017,10,Jul 14 2018 01: +0,1531526400
0.939,10,Jul 15 2018 01: +0,1531612800
1.032,11,Jul 16 2018 01: +0,1531699200
1.043,8,Jul 17 2018 01: +0,1531785600
1.041,9,Jul 18 2018 01: +0,1531872000
0.982,8,Jul 19 2018 01: +0,1531958400
0.999,10,Jul 20 2018 01: +0,1532044800
0.975,5,Jul 21 2018 01: +0,1532131200
0.964,9,Jul 22 2018 01: +0,1532217600
0.968,5,Jul 23 2018 01: +0,1532304000
1.076,20,Jul 24 2018 01: +0,1532390400
1.25,8,Jul 25 2018 01: +0,1532476800
1.021,4,Jul 26 2018 01: +0,1532563200
1.034,9,Jul 27 2018 01: +0,1532649600
1.079,7,Jul 28 2018 01: +0,1532736000
1.043,6,Jul 29 2018 01: +0,1532822400
1.003,16,Jul 30 2018 01: +0,1532908800
1.15,9,Jul 31 2018 01: +0,1532995200
1.1,15,Aug 01 2018 01: +0,1533081600
1.03,6,Aug 02 2018 01: +0,1533168000
1.006,8,Aug 03 2018 01: +0,1533254400
0.934,12,Aug 04 2018 01: +0,1533340800
0.948,14,Aug 05 2018 01: +0,1533427200
0.919,6,Aug 06 2018 01: +0,1533513600
0.857,7,Aug 07 2018 01: +0,1533600000
0.864,10,Aug 08 2018 01: +0,1533686400
0.861,13,Aug 09 2018 01: +0,1533772800
0.959,14,Aug 10 2018 01: +0,1533859200
1.086,6,Aug 11 2018 01: +0,1533945600
1.038,9,Aug 12 2018 01: +0,1534032000
1.06,9,Aug 13 2018 01: +0,1534118400
1.118,13,Aug 14 2018 01: +0,1534204800
1.06,6,Aug 15 2018 01: +0,1534291200
1.303,8,Aug 16 2018 01: +0,1534377600
1.053,8,Aug 17 2018 01: +0,1534464000
1.083,5,Aug 18 2018 01: +0,1534550400
0.961,15,Aug 19 2018 01: +0,1534636800
1.046,3,Aug 20 2018 01: +0,1534723200
1.017,9,Aug 21 2018 01: +0,1534809600
1.0,14,Aug 22 2018 01: +0,1534896000
1.089,20,Aug 23 2018 01: +0,1534982400
1.241,9,Aug 24 2018 01: +0,1535068800
1.171,9,Aug 25 2018 01: +0,1535155200
1.262,14,Aug 26 2018 01: +0,1535241600
1.333,8,Aug 27 2018 01: +0,1535328000
1.457,8,Aug 28 2018 01: +0,1535414400
1.237,23,Aug 29 2018 01: +0,1535500800
1.63,4,Aug 30 2018 01: +0,1535587200
1.246,9,Aug 31 2018 01: +0,1535673600
1.276,9,Sep 01 2018 01: +0,1535760000
1.36,7,Sep 02 2018 01: +0,1535846400
1.175,8,Sep 03 2018 01: +0,1535932800
1.237,3,Sep 04 2018 01: +0,1536019200
1.196,14,Sep 05 2018 01: +0,1536105600
1.126,4,Sep 06 2018 01: +0,1536192000
1.145,3,Sep 07 2018 01: +0,1536278400
1.01,7,Sep 08 2018 01: +0,1536364800
1.037,11,Sep 09 2018 01: +0,1536451200
1.094,8,Sep 10 2018 01: +0,1536537600
1.056,1,Sep 11 2018 01: +0,1536624000
1.094,4,Sep 12 2018 01: +0,1536710400
1.02,7,Sep 13 2018 01: +0,1536796800
1.077,3,Sep 14 2018 01: +0,1536883200
1.083,7,Sep 15 2018 01: +0,1536969600
1.079,14,Sep 16 2018 01: +0,1537056000
1.089,4,Sep 17 2018 01: +0,1537142400
0.988,6,Sep 18 2018 01: +0,1537228800
1.084,9,Sep 19 2018 01: +0,1537315200
1.004,7,Sep 20 2018 01: +0,1537401600
1.097,7,Sep 21 2018 01: +0,1537488000
1.107,9,Sep 22 2018 01: +0,1537574400
1.077,12,Sep 23 2018 01: +0,1537660800
1.096,12,Sep 24 2018 01: +0,1537747200
1.179,2,Sep 25 2018 01: +0,1537833600
1.088,6,Sep 26 2018 01: +0,1537920000
1.156,6,Sep 27 2018 01: +0,1538006400
1.061,4,Sep 28 2018 01: +0,1538092800
1.061,18,Sep 29 2018 01: +0,1538179200
1.165,7,Sep 30 2018 01: +0,1538265600
1.369,4,Oct 01 2018 01: +0,1538352000
1.299,4,Oct 02 2018 01: +0,1538438400
1.182,6,Oct 03 2018 01: +0,1538524800
1.396,25,Oct 04 2018 01: +0,1538611200
2.375,4,Oct 05 2018 01: +0,1538697600
1.503,4,Oct 06 2018 01: +0,1538784000
1.142,3,Oct 07 2018 01: +0,1538870400
1.293,10,Oct 08 2018 01: +0,1538956800
1.039,10,Oct 09 2018 01: +0,1539043200
1.124,12,Oct 10 2018 01: +0,1539129600
1.208,6,Oct 11 2018 01: +0,1539216000
1.21,7,Oct 12 2018 01: +0,1539302400
1.072,7,Oct 13 2018 01: +0,1539388800
1.049,4,Oct 14 2018 01: +0,1539475200
1.129,6,Oct 15 2018 01: +0,1539561600
1.122,6,Oct 16 2018 01: +0,1539648000
1.22,6,Oct 17 2018 01: +0,1539734400
1.291,7,Oct 18 2018 01: +0,1539820800
1.196,5,Oct 19 2018 01: +0,1539907200
1.213,10,Oct 20 2018 01: +0,1539993600
1.173,8,Oct 21 2018 01: +0,1540080000
1.152,2,Oct 22 2018 01: +0,1540166400
1.06,7,Oct 23 2018 01: +0,1540252800
1.154,8,Oct 24 2018 01: +0,1540339200
1.147,4,Oct 25 2018 01: +0,1540425600
1.542,4,Oct 26 2018 01: +0,1540512000
1.053,8,Oct 27 2018 01: +0,1540598400
1.132,11,Oct 28 2018 01: +0,1540684800
1.109,6,Oct 29 2018 01: +0,1540774800
0.956,7,Oct 30 2018 01: +0,1540861200
0.94,5,Oct 31 2018 01: +0,1540947600
0.879,5,Nov 01 2018 01: +0,1541034000
0.885,10,Nov 02 2018 01: +0,1541120400
0.936,4,Nov 03 2018 01: +0,1541206800
0.958,12,Nov 04 2018 01: +0,1541293200
1.176,17,Nov 05 2018 01: +0,1541379600
0.983,3,Nov 06 2018 01: +0,1541466000
1.183,8,Nov 07 2018 01: +0,1541552400
1.262,23,Nov 08 2018 01: +0,1541638800
1.5,7,Nov 09 2018 01: +0,1541725200
1.086,6,Nov 10 2018 01: +0,1541811600
1.187,6,Nov 11 2018 01: +0,1541898000
1.332,7,Nov 12 2018 01: +0,1541984400
1.26,7,Nov 13 2018 01: +0,1542070800
1.249,1,Nov 14 2018 01: +0,1542157200
1.613,7,Nov 15 2018 01: +0,1542243600
1.237,5,Nov 16 2018 01: +0,1542330000
1.18,12,Nov 17 2018 01: +0,1542416400
1.352,5,Nov 18 2018 01: +0,1542502800
1.224,7,Nov 19 2018 01: +0,1542589200
1.497,2,Nov 20 2018 01: +0,1542675600
1.235,3,Nov 21 2018 01: +0,1542762000
1.195,7,Nov 22 2018 01: +0,1542848400
1.168,9,Nov 23 2018 01: +0,1542934800
1.199,7,Nov 24 2018 01: +0,1543021200
1.113,8,Nov 25 2018 01: +0,1543107600
1.134,18,Nov 26 2018 01: +0,1543194000
1.096,6,Nov 27 2018 01: +0,1543280400
1.115,7,Nov 28 2018 01: +0,1543366800
1.098,5,Nov 29 2018 01: +0,1543453200
1.132,8,Nov 30 2018 01: +0,1543539600
1.081,3,Dec 01 2018 01: +0,1543626000
1.002,11,Dec 02 2018 01: +0,1543712400
1.033,15,Dec 03 2018 01: +0,1543798800
1.0,6,Dec 04 2018 01: +0,1543885200
0.862,3,Dec 05 2018 01: +0,1543971600
1.144,17,Dec 06 2018 01: +0,1544058000
1.191,6,Dec 07 2018 01: +0,1544144400
1.135,9,Dec 08 2018 01: +0,1544230800
1.062,8,Dec 09 2018 01: +0,1544317200
1.13,9,Dec 10 2018 01: +0,1544403600
1.039,13,Dec 11 2018 01: +0,1544490000
1.149,12,Dec 12 2018 01: +0,1544576400
1.331,4,Dec 13 2018 01: +0,1544662800
1.167,13,Dec 14 2018 01: +0,1544749200
1.142,9,Dec 15 2018 01: +0,1544835600
1.074,10,Dec 16 2018 01: +0,1544922000
1.047,7,Dec 17 2018 01: +0,1545008400
1.083,10,Dec 18 2018 01: +0,1545094800
1.218,9,Dec 19 2018 01: +0,1545181200
1.397,4,Dec 20 2018 01: +0,1545267600
1.099,14,Dec 21 2018 01: +0,1545354000
1.033,10,Dec 22 2018 01: +0,1545440400
0.998,3,Dec 23 2018 01: +0,1545526800
1.087,15,Dec 24 2018 01: +0,1545613200
0.981,9,Dec 25 2018 01: +0,1545699600
1.184,16,Dec 26 2018 01: +0,1545786000
1.25,21,Dec 27 2018 01: +0,1545872400
1.122,6,Dec 28 2018 01: +0,1545958800
1.157,17,Dec 29 2018 01: +0,1546045200
1.265,17,Dec 30 2018 01: +0,1546131600
1.611,7,Dec 31 2018 01: +0,1546218000
1.518,8,Jan 01 2019 01: +0,1546304400
1.479,5,Jan 02 2019 01: +0,1546390800
1.442,9,Jan 03 2019 01: +0,1546477200
1.348,5,Jan 04 2019 01: +0,1546563600
1.354,11,Jan 05 2019 01: +0,1546650000
1.259,4,Jan 06 2019 01: +0,1546736400
1.265,5,Jan 07 2019 01: +0,1546822800
1.171,12,Jan 08 2019 01: +0,1546909200
1.099,6,Jan 09 2019 01: +0,1546995600
1.42,24,Jan 10 2019 01: +0,1547082000
1.318,9,Jan 11 2019 01: +0,1547168400
1.261,8,Jan 12 2019 01: +0,1547254800
1.285,7,Jan 13 2019 01: +0,1547341200
1.248,7,Jan 14 2019 01: +0,1547427600
1.292,9,Jan 15 2019 01: +0,1547514000
1.262,9,Jan 16 2019 01: +0,1547600400
1.287,10,Jan 17 2019 01: +0,1547686800
1.335,7,Jan 18 2019 01: +0,1547773200
1.24,3,Jan 19 2019 01: +0,1547859600
1.374,9,Jan 20 2019 01: +0,1547946000
1.256,4,Jan 21 2019 01: +0,1548032400
1.271,7,Jan 22 2019 01: +0,1548118800
1.399,7,Jan 23 2019 01: +0,1548205200
1.356,4,Jan 24 2019 01: +0,1548291600
1.202,4,Jan 25 2019 01: +0,1548378000
1.299,8,Jan 26 2019 01: +0,1548464400
1.385,8,Jan 27 2019 01: +0,1548550800
1.413,8,Jan 28 2019 01: +0,1548637200
1.17,2,Jan 29 2019 01: +0,1548723600
1.324,9,Jan 30 2019 01: +0,1548810000
1.225,8,Jan 31 2019 01: +0,1548896400
1.328,5,Feb 01 2019 01: +0,1548982800
1.257,5,Feb 02 2019 01: +0,1549069200
1.413,19,Feb 03 2019 01: +0,1549155600
1.137,4,Feb 04 2019 01: +0,1549242000
1.242,7,Feb 05 2019 01: +0,1549328400
1.253,6,Feb 06 2019 01: +0,1549414800
1.266,8,Feb 07 2019 01: +0,1549501200
4.62,10,Feb 08 2019 01: +0,1549587600
1.091,3,Feb 09 2019 01: +0,1549674000
1.096,7,Feb 10 2019 01: +0,1549760400
1.138,9,Feb 11 2019 01: +0,1549846800
1.17,10,Feb 12 2019 01: +0,1549933200
1.281,13,Feb 13 2019 01: +0,1550019600
1.245,9,Feb 14 2019 01: +0,1550106000
1.316,11,Feb 15 2019 01: +0,1550192400
1.097,6,Feb 16 2019 01: +0,1550278800
1.666,17,Feb 17 2019 01: +0,1550365200
1.103,7,Feb 18 2019 01: +0,1550451600
1.182,6,Feb 19 2019 01: +0,1550538000
1.188,12,Feb 20 2019 01: +0,1550624400
1.267,4,Feb 21 2019 01: +0,1550710800
1.0,4,Feb 22 2019 01: +0,1550797200
1.555,14,Feb 23 2019 01: +0,1550883600
1.582,11,Feb 24 2019 01: +0,1550970000
1.535,5,Feb 25 2019 01: +0,1551056400
1.333,6,Feb 26 2019 01: +0,1551142800
1.482,17,Feb 27 2019 01: +0,1551229200
1.723,3,Feb 28 2019 01: +0,1551315600
1.48,5,Mar 01 2019 01: +0,1551402000
1.566,8,Mar 02 2019 01: +0,1551488400
1.439,5,Mar 03 2019 01: +0,1551574800
1.445,3,Mar 04 2019 01: +0,1551661200
1.347,5,Mar 05 2019 01: +0,1551747600
1.303,16,Mar 06 2019 01: +0,1551834000
2.252,3,Mar 07 2019 01: +0,1551920400
1.744,5,Mar 08 2019 01: +0,1552006800
1.626,6,Mar 09 2019 01: +0,1552093200
1.52,5,Mar 10 2019 01: +0,1552179600
1.553,11,Mar 11 2019 01: +0,1552266000
1.494,2,Mar 12 2019 01: +0,1552352400
1.516,6,Mar 13 2019 01: +0,1552438800
1.537,9,Mar 14 2019 01: +0,1552525200
1.533,10,Mar 15 2019 01: +0,1552611600
1.757,13,Mar 16 2019 01: +0,1552698000
1.955,10,Mar 17 2019 01: +0,1552784400
1.699,7,Mar 18 2019 01: +0,1552870800
1.509,11,Mar 19 2019 01: +0,1552957200
1.697,3,Mar 20 2019 01: +0,1553043600
2.234,13,Mar 21 2019 01: +0,1553130000
1.47,18,Mar 22 2019 01: +0,1553216400
1.468,7,Mar 23 2019 01: +0,1553302800
1.673,12,Mar 24 2019 01: +0,1553389200
1.708,5,Mar 25 2019 01: +0,1553475600
1.62,5,Mar 26 2019 01: +0,1553562000
1.453,8,Mar 27 2019 01: +0,1553648400
2.992,7,Mar 28 2019 01: +0,1553734800
1.487,16,Mar 29 2019 01: +0,1553821200
2.051,15,Mar 30 2019 01: +0,1553907600
1.471,4,Mar 31 2019 01: +0,1553994000
1.53,1,Apr 01 2019 01: +0,1554076800
1.367,4,Apr 02 2019 01: +0,1554163200
1.446,7,Apr 03 2019 01: +0,1554249600
1.618,11,Apr 04 2019 01: +0,1554336000
1.492,4,Apr 05 2019 01: +0,1554422400
1.495,8,Apr 06 2019 01: +0,1554508800
1.613,7,Apr 07 2019 01: +0,1554595200
1.77,7,Apr 08 2019 01: +0,1554681600
1.879,4,Apr 09 2019 01: +0,1554768000
1.595,7,Apr 10 2019 01: +0,1554854400
1.212,4,Apr 11 2019 01: +0,1554940800
1.475,16,Apr 12 2019 01: +0,1555027200
1.459,10,Apr 13 2019 01: +0,1555113600
1.349,3,Apr 14 2019 01: +0,1555200000
1.404,9,Apr 15 2019 01: +0,1555286400
1.45,11,Apr 16 2019 01: +0,1555372800
1.67,5,Apr 17 2019 01: +0,1555459200
1.483,5,Apr 18 2019 01: +0,1555545600
1.467,12,Apr 19 2019 01: +0,1555632000
1.523,6,Apr 20 2019 01: +0,1555718400
1.631,5,Apr 21 2019 01: +0,1555804800
1.667,7,Apr 22 2019 01: +0,1555891200
1.569,4,Apr 23 2019 01: +0,1555977600
1.481,8,Apr 24 2019 01: +0,1556064000
1.484,9,Apr 25 2019 01: +0,1556150400
1.394,5,Apr 26 2019 01: +0,1556236800
1.371,11,Apr 27 2019 01: +0,1556323200
1.4,11,Apr 28 2019 01: +0,1556409600
1.378,8,Apr 29 2019 01: +0,1556496000
1.375,7,Apr 30 2019 01: +0,1556582400
1.258,7,May 01 2019 01: +0,1556668800
1.274,11,May 02 2019 01: +0,1556755200
1.452,8,May 03 2019 01: +0,1556841600
1.248,4,May 04 2019 01: +0,1556928000
1.673,8,May 05 2019 01: +0,1557014400
1.239,6,May 06 2019 01: +0,1557100800
1.324,3,May 07 2019 01: +0,1557187200
1.127,2,May 08 2019 01: +0,1557273600
1.357,6,May 09 2019 01: +0,1557360000
1.318,6,May 10 2019 01: +0,1557446400
1.238,6,May 11 2019 01: +0,1557532800
1.436,34,May 12 2019 01: +0,1557619200
1.494,13,May 13 2019 01: +0,1557705600
1.263,15,May 14 2019 01: +0,1557792000
1.35,10,May 15 2019 01: +0,1557878400
1.571,10,May 16 2019 01: +0,1557964800
1.356,14,May 17 2019 01: +0,1558051200
1.679,14,May 18 2019 01: +0,1558137600
1.743,8,May 19 2019 01: +0,1558224000
1.556,7,May 20 2019 01: +0,1558310400
1.568,7,May 21 2019 01: +0,1558396800
1.612,4,May 22 2019 01: +0,1558483200
1.52,12,May 23 2019 01: +0,1558569600
1.524,7,May 24 2019 01: +0,1558656000
1.703,5,May 25 2019 01: +0,1558742400
1.61,1,May 26 2019 01: +0,1558828800
1.621,7,May 27 2019 01: +0,1558915200
1.603,12,May 28 2019 01: +0,1559001600
1.415,9,May 29 2019 01: +0,1559088000
1.432,8,May 30 2019 01: +0,1559174400
1.6,4,May 31 2019 01: +0,1559260800
1.564,12,Jun 01 2019 01: +0,1559347200
1.607,6,Jun 02 2019 01: +0,1559433600
1.473,4,Jun 03 2019 01: +0,1559520000
1.618,7,Jun 04 2019 01: +0,1559606400
1.678,4,Jun 05 2019 01: +0,1559692800
2.344,4,Jun 06 2019 01: +0,1559779200
1.637,6,Jun 07 2019 01: +0,1559865600
1.491,2,Jun 08 2019 01: +0,1559952000
1.583,10,Jun 09 2019 01: +0,1560038400
1.537,7,Jun 10 2019 01: +0,1560124800
1.443,8,Jun 11 2019 01: +0,1560211200
1.381,10,Jun 12 2019 01: +0,1560297600
1.804,4,Jun 13 2019 01: +0,1560384000
1.753,12,Jun 14 2019 01: +0,1560470400
1.616,2,Jun 15 2019 01: +0,1560556800
1.717,7,Jun 16 2019 01: +0,1560643200
1.67,2,Jun 17 2019 01: +0,1560729600
1.78,4,Jun 18 2019 01: +0,1560816000
1.726,9,Jun 19 2019 01: +0,1560902400
1.642,8,Jun 20 2019 01: +0,1560988800
1.843,11,Jun 21 2019 01: +0,1561075200
2.525,3,Jun 22 2019 01: +0,1561161600
1.84,2,Jun 23 2019 01: +0,1561248000
1.664,12,Jun 24 2019 01: +0,1561334400
1.689,9,Jun 25 2019 01: +0,1561420800
1.709,5,Jun 26 2019 01: +0,1561507200
1.954,7,Jun 27 2019 01: +0,1561593600
1.96,4,Jun 28 2019 01: +0,1561680000
1.936,1,Jun 29 2019 01: +0,1561766400
1.715,5,Jun 30 2019 01: +0,1561852800
1.542,4,Jul 01 2019 01: +0,1561939200
1.582,5,Jul 02 2019 01: +0,1562025600
1.742,17,Jul 03 2019 01: +0,1562112000
1.744,4,Jul 04 2019 01: +0,1562198400
1.579,10,Jul 05 2019 01: +0,1562284800
1.543,6,Jul 06 2019 01: +0,1562371200
1.45,13,Jul 07 2019 01: +0,1562457600
1.627,2,Jul 08 2019 01: +0,1562544000
1.566,4,Jul 09 2019 01: +0,1562630400
1.61,9,Jul 10 2019 01: +0,1562716800
1.658,9,Jul 11 2019 01: +0,1562803200
1.72,4,Jul 12 2019 01: +0,1562889600
1.73,5,Jul 13 2019 01: +0,1562976000
2.472,8,Jul 14 2019 01: +0,1563062400
1.8,3,Jul 15 2019 01: +0,1563148800
1.668,4,Jul 16 2019 01: +0,1563235200
1.439,4,Jul 17 2019 01: +0,1563321600
1.662,8,Jul 18 2019 01: +0,1563408000
1.725,6,Jul 19 2019 01: +0,1563494400
1.852,5,Jul 20 2019 01: +0,1563580800
1.672,6,Jul 21 2019 01: +0,1563667200
1.758,3,Jul 22 2019 01: +0,1563753600
1.722,4,Jul 23 2019 01: +0,1563840000
1.47,3,Jul 24 2019 01: +0,1563926400
1.729,11,Jul 25 2019 01: +0,1564012800
1.865,2,Jul 26 2019 01: +0,1564099200
1.431,3,Jul 27 2019 01: +0,1564185600
1.658,10,Jul 28 2019 01: +0,1564272000
2.206,13,Jul 29 2019 01: +0,1564358400
2.033,1,Jul 30 2019 01: +0,1564444800
2.017,1,Jul 31 2019 01: +0,1564531200
1.934,3,Aug 01 2019 01: +0,1564617600
1.84,7,Aug 02 2019 01: +0,1564704000
1.938,7,Aug 03 2019 01: +0,1564790400
2.077,8,Aug 04 2019 01: +0,1564876800
1.831,4,Aug 05 2019 01: +0,1564963200
1.983,1,Aug 06 2019 01: +0,1565049600
1.905,10,Aug 07 2019 01: +0,1565136000
1.884,7,Aug 08 2019 01: +0,1565222400
1.77,4,Aug 09 2019 01: +0,1565308800
2.011,10,Aug 10 2019 01: +0,1565395200
2.012,12,Aug 11 2019 01: +0,1565481600
2.015,5,Aug 12 2019 01: +0,1565568000
2.126,2,Aug 13 2019 01: +0,1565654400
1.958,6,Aug 14 2019 01: +0,1565740800
1.815,4,Aug 15 2019 01: +0,1565827200
2.209,8,Aug 16 2019 01: +0,1565913600
2.043,6,Aug 17 2019 01: +0,1566000000
1.955,5,Aug 18 2019 01: +0,1566086400
2.23,5,Aug 19 2019 01: +0,1566172800
2.291,2,Aug 20 2019 01: +0,1566259200
1.772,3,Aug 21 2019 01: +0,1566345600
1.876,7,Aug 22 2019 01: +0,1566432000
1.959,2,Aug 23 2019 01: +0,1566518400
1.912,11,Aug 24 2019 01: +0,1566604800
1.715,5,Aug 25 2019 01: +0,1566691200
1.918,4,Aug 26 2019 01: +0,1566777600
1.906,8,Aug 27 2019 01: +0,1566864000
1.616,6,Aug 28 2019 01: +0,1566950400
1.819,5,Aug 29 2019 01: +0,1567036800
1.841,4,Aug 30 2019 01: +0,1567123200
1.817,4,Aug 31 2019 01: +0,1567209600
1.912,10,Sep 01 2019 01: +0,1567296000
1.893,6,Sep 02 2019 01: +0,1567382400
1.751,13,Sep 03 2019 01: +0,1567468800
1.963,3,Sep 04 2019 01: +0,1567555200
1.847,9,Sep 05 2019 01: +0,1567641600
1.663,2,Sep 06 2019 01: +0,1567728000
1.697,6,Sep 07 2019 01: +0,1567814400
1.646,6,Sep 08 2019 01: +0,1567900800
1.782,3,Sep 09 2019 01: +0,1567987200
1.792,10,Sep 10 2019 01: +0,1568073600
1.599,5,Sep 11 2019 01: +0,1568160000
1.563,3,Sep 12 2019 01: +0,1568246400
1.743,15,Sep 13 2019 01: +0,1568332800
1.863,6,Sep 14 2019 01: +0,1568419200
1.731,5,Sep 15 2019 01: +0,1568505600
1.864,4,Sep 16 2019 01: +0,1568592000
1.749,4,Sep 17 2019 01: +0,1568678400
1.837,11,Sep 18 2019 01: +0,1568764800
1.841,6,Sep 19 2019 01: +0,1568851200
1.881,3,Sep 20 2019 01: +0,1568937600
1.723,7,Sep 21 2019 01: +0,1569024000
1.744,5,Sep 22 2019 01: +0,1569110400
1.972,12,Sep 23 2019 01: +0,1569196800
1.815,3,Sep 24 2019 01: +0,1569283200
1.82,4,Sep 25 2019 01: +0,1569369600
3.044,6,Sep 26 2019 01: +0,1569456000
1.948,7,Sep 27 2019 01: +0,1569542400
1.89,5,Sep 28 2019 01: +0,1569628800
2.119,9,Sep 29 2019 01: +0,1569715200
2.107,7,Sep 30 2019 01: +0,1569801600
1.823,6,Oct 01 2019 01: +0,1569888000
1.938,5,Oct 02 2019 01: +0,1569974400
1.958,7,Oct 03 2019 01: +0,1570060800
2.13,4,Oct 04 2019 01: +0,1570147200
2.071,15,Oct 05 2019 01: +0,1570233600
2.22,7,Oct 06 2019 01: +0,1570320000
2.115,14,Oct 07 2019 01: +0,1570406400
2.17,4,Oct 08 2019 01: +0,1570492800
2.126,6,Oct 09 2019 01: +0,1570579200
2.014,9,Oct 10 2019 01: +0,1570665600
2.37,8,Oct 11 2019 01: +0,1570752000
2.302,13,Oct 12 2019 01: +0,1570838400
2.367,5,Oct 13 2019 01: +0,1570924800
2.245,3,Oct 14 2019 01: +0,1571011200
2.299,5,Oct 15 2019 01: +0,1571097600
2.276,7,Oct 16 2019 01: +0,1571184000
2.286,12,Oct 17 2019 01: +0,1571270400
2.328,20,Oct 18 2019 01: +0,1571356800
2.344,16,Oct 19 2019 01: +0,1571443200
2.339,6,Oct 20 2019 01: +0,1571529600
2.376,10,Oct 21 2019 01: +0,1571616000
2.381,7,Oct 22 2019 01: +0,1571702400
2.298,6,Oct 23 2019 01: +0,1571788800
2.298,5,Oct 24 2019 01: +0,1571875200
2.141,6,Oct 25 2019 01: +0,1571961600
1.989,6,Oct 26 2019 01: +0,1572048000
1.972,3,Oct 27 2019 01: +0,1572134400
2.101,8,Oct 28 2019 01: +0,1572224400
1.901,8,Oct 29 2019 01: +0,1572310800
1.815,9,Oct 30 2019 01: +0,1572397200
2.047,4,Oct 31 2019 01: +0,1572483600
2.002,6,Nov 01 2019 01: +0,1572570000
1.92,11,Nov 02 2019 01: +0,1572656400
1.775,9,Nov 03 2019 01: +0,1572742800
1.74,6,Nov 04 2019 01: +0,1572829200
1.708,6,Nov 05 2019 01: +0,1572915600
1.963,8,Nov 06 2019 01: +0,1573002000
2.194,5,Nov 07 2019 01: +0,1573088400
2.113,4,Nov 08 2019 01: +0,1573174800
1.843,8,Nov 09 2019 01: +0,1573261200
1.98,10,Nov 10 2019 01: +0,1573347600
2.033,13,Nov 11 2019 01: +0,1573434000
2.274,4,Nov 12 2019 01: +0,1573520400
1.994,6,Nov 13 2019 01: +0,1573606800
2.107,13,Nov 14 2019 01: +0,1573693200
2.175,8,Nov 15 2019 01: +0,1573779600
2.042,2,Nov 16 2019 01: +0,1573866000
1.987,7,Nov 17 2019 01: +0,1573952400
2.026,3,Nov 18 2019 01: +0,1574038800
1.918,15,Nov 19 2019 01: +0,1574125200
1.806,11,Nov 20 2019 01: +0,1574211600
1.769,6,Nov 21 2019 01: +0,1574298000
1.747,12,Nov 22 2019 01: +0,1574384400
1.778,17,Nov 23 2019 01: +0,1574470800
1.948,13,Nov 24 2019 01: +0,1574557200
1.917,21,Nov 25 2019 01: +0,1574643600
2.061,4,Nov 26 2019 01: +0,1574730000
1.79,6,Nov 27 2019 01: +0,1574816400
1.828,10,Nov 28 2019 01: +0,1574902800
1.725,6,Nov 29 2019 01: +0,1574989200
1.461,6,Nov 30 2019 01: +0,1575075600
1.667,10,Dec 01 2019 01: +0,1575162000
1.69,6,Dec 02 2019 01: +0,1575248400
1.707,4,Dec 03 2019 01: +0,1575334800
1.717,6,Dec 04 2019 01: +0,1575421200
1.818,14,Dec 05 2019 01: +0,1575507600
1.727,9,Dec 06 2019 01: +0,1575594000
1.758,9,Dec 07 2019 01: +0,1575680400
1.952,18,Dec 08 2019 01: +0,1575766800
1.899,14,Dec 09 2019 01: +0,1575853200
1.898,7,Dec 10 2019 01: +0,1575939600
2.486,4,Dec 11 2019 01: +0,1576026000
2.078,9,Dec 12 2019 01: +0,1576112400
1.824,8,Dec 13 2019 01: +0,1576198800
1.897,11,Dec 14 2019 01: +0,1576285200
2.534,10,Dec 15 2019 01: +0,1576371600
2.218,5,Dec 16 2019 01: +0,1576458000
1.897,8,Dec 18 2019 01: +0,1576630800
1.897,7,Dec 19 2019 01: +0,1576717200
1.79,7,Dec 20 2019 01: +0,1576803600
1.912,4,Dec 21 2019 01: +0,1576890000
1.955,8,Dec 22 2019 01: +0,1576976400
1.97,10,Dec 23 2019 01: +0,1577062800
1.86,4,Dec 24 2019 01: +0,1577149200
1.911,10,Dec 25 2019 01: +0,1577235600
1.989,12,Dec 26 2019 01: +0,1577322000
1.955,11,Dec 27 2019 01: +0,1577408400
2.329,10,Dec 28 2019 01: +0,1577494800
1.861,9,Dec 29 2019 01: +0,1577581200
2.006,4,Dec 30 2019 01: +0,1577667600
2.16,7,Dec 31 2019 01: +0,1577754000
1.974,6,Jan 01 2020 01: +0,1577840400
1.908,11,Jan 02 2020 01: +0,1577926800
1.911,11,Jan 03 2020 01: +0,1578013200
2.207,12,Jan 04 2020 01: +0,1578099600
2.236,8,Jan 05 2020 01: +0,1578186000
2.267,18,Jan 06 2020 01: +0,1578272400
2.534,3,Jan 07 2020 01: +0,1578358800
2.208,6,Jan 08 2020 01: +0,1578445200
2.38,5,Jan 09 2020 01: +0,1578531600
2.307,5,Jan 10 2020 01: +0,1578618000
3.13,17,Jan 11 2020 01: +0,1578704400
2.391,4,Jan 12 2020 01: +0,1578790800
2.169,5,Jan 13 2020 01: +0,1578877200
2.313,6,Jan 14 2020 01: +0,1578963600
2.294,6,Jan 15 2020 01: +0,1579050000
2.274,8,Jan 16 2020 01: +0,1579136400
2.512,5,Jan 17 2020 01: +0,1579222800
2.23,6,Jan 18 2020 01: +0,1579309200
1.979,5,Jan 19 2020 01: +0,1579395600
1.988,7,Jan 20 2020 01: +0,1579482000
2.048,10,Jan 21 2020 01: +0,1579568400
1.994,5,Jan 22 2020 01: +0,1579654800
2.095,6,Jan 23 2020 01: +0,1579741200
2.398,7,Jan 24 2020 01: +0,1579827600
2.199,3,Jan 25 2020 01: +0,1579914000
1.997,5,Jan 26 2020 01: +0,1580000400
2.026,7,Jan 27 2020 01: +0,1580086800
2.127,8,Jan 28 2020 01: +0,1580173200
2.046,7,Jan 29 2020 01: +0,1580259600
1.831,6,Jan 30 2020 01: +0,1580346000
1.926,4,Jan 31 2020 01: +0,1580432400
1.943,10,Feb 01 2020 01: +0,1580518800
2.059,12,Feb 02 2020 01: +0,1580605200
2.271,8,Feb 03 2020 01: +0,1580691600
3.206,4,Feb 04 2020 01: +0,1580778000
2.326,5,Feb 05 2020 01: +0,1580864400
2.116,6,Feb 06 2020 01: +0,1580950800
2.4,23,Feb 07 2020 01: +0,1581037200
2.193,7,Feb 08 2020 01: +0,1581123600
2.213,7,Feb 09 2020 01: +0,1581210000
2.392,9,Feb 10 2020 01: +0,1581296400
2.584,17,Feb 11 2020 01: +0,1581382800
2.538,7,Feb 12 2020 01: +0,1581469200
2.49,3,Feb 13 2020 01: +0,1581555600
2.25,15,Feb 14 2020 01: +0,1581642000
2.372,6,Feb 15 2020 01: +0,1581728400
2.548,9,Feb 16 2020 01: +0,1581814800
2.439,5,Feb 17 2020 01: +0,1581901200
2.349,7,Feb 18 2020 01: +0,1581987600
2.148,8,Feb 19 2020 01: +0,1582074000
2.203,5,Feb 20 2020 01: +0,1582160400
2.213,6,Feb 21 2020 01: +0,1582246800
2.11,10,Feb 22 2020 01: +0,1582333200
2.24,6,Feb 23 2020 01: +0,1582419600
2.121,7,Feb 24 2020 01: +0,1582506000
2.189,10,Feb 25 2020 01: +0,1582592400
2.305,8,Feb 26 2020 01: +0,1582678800
2.399,10,Feb 27 2020 01: +0,1582765200
2.259,4,Feb 28 2020 01: +0,1582851600
2.165,6,Feb 29 2020 01: +0,1582938000
2.256,12,Mar 01 2020 01: +0,1583024400
2.237,3,Mar 02 2020 01: +0,1583110800
2.193,10,Mar 03 2020 01: +0,1583197200
2.296,13,Mar 04 2020 01: +0,1583283600
2.614,7,Mar 05 2020 01: +0,1583370000
2.466,6,Mar 06 2020 01: +0,1583456400
2.705,2,Mar 07 2020 01: +0,1583542800
3.054,7,Mar 08 2020 01: +0,1583629200
2.415,8,Mar 09 2020 01: +0,1583715600
2.419,7,Mar 10 2020 01: +0,1583802000
2.592,3,Mar 11 2020 01: +0,1583888400
2.339,4,Mar 12 2020 01: +0,1583974800
2.4,13,Mar 13 2020 01: +0,1584061200
2.742,8,Mar 14 2020 01: +0,1584147600
2.399,8,Mar 15 2020 01: +0,1584234000
2.437,8,Mar 16 2020 01: +0,1584320400
2.347,4,Mar 17 2020 01: +0,1584406800
2.29,5,Mar 18 2020 01: +0,1584493200
2.315,13,Mar 19 2020 01: +0,1584579600
2.871,9,Mar 20 2020 01: +0,1584666000
2.242,6,Mar 21 2020 01: +0,1584752400
2.465,11,Mar 22 2020 01: +0,1584838800
2.232,11,Mar 23 2020 01: +0,1584925200
2.183,5,Mar 24 2020 01: +0,1585011600
2.031,15,Mar 25 2020 01: +0,1585098000
2.232,15,Mar 26 2020 01: +0,1585184400
2.259,14,Mar 27 2020 01: +0,1585270800
2.015,7,Mar 28 2020 01: +0,1585357200
2.264,7,Mar 29 2020 01: +0,1585443600
2.229,6,Mar 30 2020 01: +0,1585526400
2.124,3,Mar 31 2020 01: +0,1585612800
1.982,6,Apr 01 2020 01: +0,1585699200
2.032,9,Apr 02 2020 01: +0,1585785600
1.963,11,Apr 03 2020 01: +0,1585872000
2.048,21,Apr 04 2020 01: +0,1585958400
2.342,25,Apr 05 2020 01: +0,1586044800
2.209,10,Apr 06 2020 01: +0,1586131200
2.219,12,Apr 07 2020 01: +0,1586217600
2.242,12,Apr 08 2020 01: +0,1586304000
2.659,8,Apr 09 2020 01: +0,1586390400
2.441,25,Apr 10 2020 01: +0,1586476800
2.462,15,Apr 11 2020 01: +0,1586563200
2.462,8,Apr 12 2020 01: +0,1586649600
2.48,21,Apr 13 2020 01: +0,1586736000
2.728,5,Apr 14 2020 01: +0,1586822400
2.397,10,Apr 15 2020 01: +0,1586908800
2.474,13,Apr 16 2020 01: +0,1586995200
2.633,6,Apr 17 2020 01: +0,1587081600
2.433,8,Apr 18 2020 01: +0,1587168000
2.548,21,Apr 19 2020 01: +0,1587254400
2.601,9,Apr 20 2020 01: +0,1587340800
2.35,9,Apr 21 2020 01: +0,1587427200
2.607,21,Apr 22 2020 01: +0,1587513600
2.708,4,Apr 23 2020 01: +0,1587600000
2.756,8,Apr 24 2020 01: +0,1587686400
2.575,6,Apr 25 2020 01: +0,1587772800
2.484,14,Apr 26 2020 01: +0,1587859200
2.525,8,Apr 27 2020 01: +0,1587945600
2.344,7,Apr 28 2020 01: +0,1588032000
2.196,16,Apr 29 2020 01: +0,1588118400
2.478,5,Apr 30 2020 01: +0,1588204800
2.221,11,May 01 2020 01: +0,1588291200
2.272,8,May 02 2020 01: +0,1588377600
2.389,12,May 03 2020 01: +0,1588464000
2.356,12,May 04 2020 01: +0,1588550400
2.06,8,May 05 2020 01: +0,1588636800
2.221,17,May 06 2020 01: +0,1588723200
2.34,14,May 07 2020 01: +0,1588809600
2.232,4,May 08 2020 01: +0,1588896000
2.258,12,May 09 2020 01: +0,1588982400
2.305,17,May 10 2020 01: +0,1589068800
2.387,7,May 11 2020 01: +0,1589155200
2.261,9,May 12 2020 01: +0,1589241600
2.261,9,May 13 2020 01: +0,1589328000
2.44,8,May 14 2020 01: +0,1589414400
2.364,4,May 15 2020 01: +0,1589500800
2.328,19,May 16 2020 01: +0,1589587200
2.435,6,May 17 2020 01: +0,1589673600
2.342,8,May 18 2020 01: +0,1589760000
1.942,5,May 19 2020 01: +0,1589846400
2.638,18,May 20 2020 01: +0,1589932800
2.439,6,May 21 2020 01: +0,1590019200
2.251,11,May 22 2020 01: +0,1590105600
2.679,8,May 23 2020 01: +0,1590192000
2.174,15,May 24 2020 01: +0,1590278400
2.121,6,May 25 2020 01: +0,1590364800
2.109,10,May 26 2020 01: +0,1590451200
2.169,8,May 27 2020 01: +0,1590537600
2.139,6,May 28 2020 01: +0,1590624000
2.066,9,May 29 2020 01: +0,1590710400
2.003,9,May 30 2020 01: +0,1590796800
2.062,9,May 31 2020 01: +0,1590883200
2.096,7,Jun 01 2020 01: +0,1590969600
2.13,15,Jun 02 2020 01: +0,1591056000
2.253,11,Jun 03 2020 01: +0,1591142400
2.355,7,Jun 04 2020 01: +0,1591228800
2.272,6,Jun 05 2020 01: +0,1591315200
2.495,8,Jun 06 2020 01: +0,1591401600
2.449,9,Jun 07 2020 01: +0,1591488000
2.484,12,Jun 08 2020 01: +0,1591574400
2.658,4,Jun 09 2020 01: +0,1591660800
2.412,17,Jun 10 2020 01: +0,1591747200
2.655,17,Jun 11 2020 01: +0,1591833600
2.636,3,Jun 12 2020 01: +0,1591920000
2.672,6,Jun 13 2020 01: +0,1592006400
2.512,9,Jun 14 2020 01: +0,1592092800
2.648,3,Jun 15 2020 01: +0,1592179200
2.601,8,Jun 16 2020 01: +0,1592265600
2.63,2,Jun 17 2020 01: +0,1592352000
2.55,18,Jun 18 2020 01: +0,1592438400
2.251,3,Jun 19 2020 01: +0,1592524800
2.484,11,Jun 20 2020 01: +0,1592611200
2.215,5,Jun 21 2020 01: +0,1592697600
2.327,4,Jun 22 2020 01: +0,1592784000
2.614,1,Jun 23 2020 01: +0,1592870400
2.212,2,Jun 24 2020 01: +0,1592956800
2.197,11,Jun 25 2020 01: +0,1593043200
2.883,5,Jun 26 2020 01: +0,1593129600
2.407,17,Jun 27 2020 01: +0,1593216000
2.184,7,Jun 28 2020 01: +0,1593302400
2.062,6,Jun 29 2020 01: +0,1593388800
2.179,7,Jun 30 2020 01: +0,1593475200
2.148,6,Jul 01 2020 01: +0,1593561600
2.054,2,Jul 02 2020 01: +0,1593648000
1.939,7,Jul 03 2020 01: +0,1593734400
2.419,20,Jul 04 2020 01: +0,1593820800
2.187,3,Jul 05 2020 01: +0,1593907200
2.245,6,Jul 06 2020 01: +0,1593993600
2.316,9,Jul 07 2020 01: +0,1594080000
2.284,7,Jul 08 2020 01: +0,1594166400
2.472,7,Jul 09 2020 01: +0,1594252800
2.389,6,Jul 10 2020 01: +0,1594339200
3.642,8,Jul 11 2020 01: +0,1594425600
2.84,6,Jul 12 2020 01: +0,1594512000
2.82,6,Jul 13 2020 01: +0,1594598400
2.411,4,Jul 14 2020 01: +0,1594684800
2.703,9,Jul 15 2020 01: +0,1594771200
2.719,14,Jul 16 2020 01: +0,1594857600
2.809,52,Jul 17 2020 01: +0,1594944000
2.755,10,Jul 18 2020 01: +0,1595030400
2.891,14,Jul 19 2020 01: +0,1595116800
3.168,5,Jul 20 2020 01: +0,1595203200
2.687,6,Jul 21 2020 01: +0,1595289600
2.491,2,Jul 22 2020 01: +0,1595376000
2.902,2,Jul 23 2020 01: +0,1595462400
2.699,5,Jul 24 2020 01: +0,1595548800
2.759,10,Jul 25 2020 01: +0,1595635200
2.579,7,Jul 26 2020 01: +0,1595721600
2.612,3,Jul 27 2020 01: +0,1595808000
2.781,7,Jul 28 2020 01: +0,1595894400
2.436,4,Jul 29 2020 01: +0,1595980800
2.782,3,Jul 30 2020 01: +0,1596067200
2.709,8,Jul 31 2020 01: +0,1596153600
2.899,2,Aug 01 2020 01: +0,1596240000
2.801,8,Aug 02 2020 01: +0,1596326400
3.039,5,Aug 03 2020 01: +0,1596412800
3.009,8,Aug 04 2020 01: +0,1596499200
3.111,17,Aug 05 2020 01: +0,1596585600
3.279,4,Aug 06 2020 01: +0,1596672000
3.164,3,Aug 07 2020 01: +0,1596758400
3.15,4,Aug 08 2020 01: +0,1596844800
3.016,6,Aug 09 2020 01: +0,1596931200
2.985,4,Aug 10 2020 01: +0,1597017600
2.79,6,Aug 11 2020 01: +0,1597104000
2.907,10,Aug 12 2020 01: +0,1597190400
3.113,10,Aug 13 2020 01: +0,1597276800
2.832,4,Aug 14 2020 01: +0,1597363200
2.761,6,Aug 15 2020 01: +0,1597449600
2.736,2,Aug 16 2020 01: +0,1597536000
2.644,7,Aug 17 2020 01: +0,1597622400
2.369,4,Aug 18 2020 01: +0,1597708800
2.574,7,Aug 19 2020 01: +0,1597795200
2.7,10,Aug 20 2020 01: +0,1597881600
2.435,4,Aug 21 2020 01: +0,1597968000
3.251,4,Aug 22 2020 01: +0,1598054400
2.542,2,Aug 23 2020 01: +0,1598140800
2.425,2,Aug 24 2020 01: +0,1598227200
2.396,12,Aug 25 2020 01: +0,1598313600
2.473,6,Aug 26 2020 01: +0,1598400000
2.46,3,Aug 27 2020 01: +0,1598486400
2.655,7,Aug 28 2020 01: +0,1598572800
2.854,10,Aug 29 2020 01: +0,1598659200
2.674,11,Aug 30 2020 01: +0,1598745600
2.515,5,Aug 31 2020 01: +0,1598832000
2.603,7,Sep 01 2020 01: +0,1598918400
2.583,2,Sep 02 2020 01: +0,1599004800
2.385,2,Sep 03 2020 01: +0,1599091200
2.327,5,Sep 04 2020 01: +0,1599177600
2.42,5,Sep 05 2020 01: +0,1599264000
2.637,4,Sep 06 2020 01: +0,1599350400
2.854,7,Sep 07 2020 01: +0,1599436800
2.474,5,Sep 08 2020 01: +0,1599523200
2.595,7,Sep 09 2020 01: +0,1599609600
2.445,5,Sep 10 2020 01: +0,1599696000
2.592,3,Sep 11 2020 01: +0,1599782400
2.831,7,Sep 12 2020 01: +0,1599868800
2.747,3,Sep 13 2020 01: +0,1599955200
2.586,8,Sep 14 2020 01: +0,1600041600
2.52,7,Sep 15 2020 01: +0,1600128000
2.448,1,Sep 16 2020 01: +0,1600214400
2.618,2,Sep 17 2020 01: +0,1600300800
2.429,2,Sep 18 2020 01: +0,1600387200
2.53,6,Sep 19 2020 01: +0,1600473600
2.579,5,Sep 20 2020 01: +0,1600560000
2.597,12,Sep 21 2020 01: +0,1600646400
2.643,4,Sep 22 2020 01: +0,1600732800
2.69,8,Sep 23 2020 01: +0,1600819200
2.574,13,Sep 24 2020 01: +0,1600905600
2.594,8,Sep 25 2020 01: +0,1600992000
2.878,15,Sep 26 2020 01: +0,1601078400
3.277,6,Sep 27 2020 01: +0,1601164800
3.095,3,Sep 28 2020 01: +0,1601251200
2.827,3,Sep 29 2020 01: +0,1601337600
2.41,3,Sep 30 2020 01: +0,1601424000
2.892,8,Oct 01 2020 01: +0,1601510400
2.573,2,Oct 02 2020 01: +0,1601596800
2.492,5,Oct 03 2020 01: +0,1601683200
2.708,8,Oct 04 2020 01: +0,1601769600
2.674,7,Oct 05 2020 01: +0,1601856000
2.547,5,Oct 06 2020 01: +0,1601942400
2.781,10,Oct 07 2020 01: +0,1602028800
2.862,3,Oct 08 2020 01: +0,1602115200
2.808,12,Oct 09 2020 01: +0,1602201600
2.935,5,Oct 10 2020 01: +0,1602288000
2.934,7,Oct 11 2020 01: +0,1602374400
2.921,14,Oct 12 2020 01: +0,1602460800
3.426,3,Oct 13 2020 01: +0,1602547200
3.654,4,Oct 14 2020 01: +0,1602633600
3.288,2,Oct 15 2020 01: +0,1602720000
2.551,7,Oct 16 2020 01: +0,1602806400
3.156,17,Oct 17 2020 01: +0,1602892800
3.104,7,Oct 18 2020 01: +0,1602979200
2.979,9,Oct 19 2020 01: +0,1603065600
2.948,3,Oct 20 2020 01: +0,1603152000
2.784,5,Oct 21 2020 01: +0,1603238400
2.852,3,Oct 22 2020 01: +0,1603324800
2.91,8,Oct 23 2020 01: +0,1603411200
2.988,6,Oct 24 2020 01: +0,1603497600
2.879,8,Oct 25 2020 01: +0,1603584000
2.822,6,Oct 26 2020 01: +0,1603674000
2.78,4,Oct 27 2020 01: +0,1603760400
2.715,4,Oct 28 2020 01: +0,1603846800
2.58,4,Oct 29 2020 01: +0,1603933200
2.635,5,Oct 30 2020 01: +0,1604019600
2.67,8,Oct 31 2020 01: +0,1604106000
2.704,3,Nov 01 2020 01: +0,1604192400
2.813,6,Nov 02 2020 01: +0,1604278800
2.946,12,Nov 03 2020 01: +0,1604365200
2.856,4,Nov 05 2020 01: +0,1604538000
2.652,7,Nov 06 2020 01: +0,1604624400
2.648,10,Nov 07 2020 01: +0,1604710800
2.824,6,Nov 08 2020 01: +0,1604797200
2.724,13,Nov 09 2020 01: +0,1604883600
3.083,8,Nov 10 2020 01: +0,1604970000
2.941,7,Nov 11 2020 01: +0,1605056400
2.718,6,Nov 12 2020 01: +0,1605142800
2.678,2,Nov 13 2020 01: +0,1605229200
2.818,7,Nov 14 2020 01: +0,1605315600
2.651,2,Nov 15 2020 01: +0,1605402000
3.056,8,Nov 16 2020 01: +0,1605488400
2.465,2,Nov 17 2020 01: +0,1605574800
2.908,5,Nov 18 2020 01: +0,1605661200
2.569,5,Nov 19 2020 01: +0,1605747600
2.596,8,Nov 20 2020 01: +0,1605834000
2.77,9,Nov 21 2020 01: +0,1605920400
2.697,5,Nov 22 2020 01: +0,1606006800
2.881,6,Nov 23 2020 01: +0,1606093200
6.383,6,Nov 24 2020 01: +0,1606179600
2.976,7,Nov 25 2020 01: +0,1606266000
3.037,10,Nov 26 2020 01: +0,1606352400
3.049,9,Nov 27 2020 01: +0,1606438800
3.019,4,Nov 28 2020 01: +0,1606525200
3.077,7,Nov 29 2020 01: +0,1606611600
2.679,6,Nov 30 2020 01: +0,1606698000
2.757,7,Dec 01 2020 01: +0,1606784400
3.201,1,Dec 02 2020 01: +0,1606870800
2.778,13,Dec 03 2020 01: +0,1606957200
2.364,3,Dec 04 2020 01: +0,1607043600
2.402,7,Dec 05 2020 01: +0,1607130000
2.646,7,Dec 06 2020 01: +0,1607216400
2.349,9,Dec 07 2020 01: +0,1607302800
2.382,6,Dec 08 2020 01: +0,1607389200
2.212,8,Dec 09 2020 01: +0,1607475600
1.912,12,Dec 10 2020 01: +0,1607562000
2.416,7,Dec 11 2020 01: +0,1607648400
2.27,8,Dec 12 2020 01: +0,1607734800
2.265,3,Dec 13 2020 01: +0,1607821200
2.093,6,Dec 14 2020 01: +0,1607907600
2.326,9,Dec 15 2020 01: +0,1607994000
2.62,7,Dec 16 2020 01: +0,1608080400
2.519,3,Dec 17 2020 01: +0,1608166800
2.43,5,Dec 18 2020 01: +0,1608253200
2.402,8,Dec 19 2020 01: +0,1608339600
2.335,7,Dec 20 2020 01: +0,1608426000
2.486,10,Dec 21 2020 01: +0,1608512400
2.781,13,Dec 22 2020 01: +0,1608598800
2.674,6,Dec 23 2020 01: +0,1608685200
2.653,5,Dec 24 2020 01: +0,1608771600
2.927,10,Dec 25 2020 01: +0,1608858000
2.698,5,Dec 26 2020 01: +0,1608944400
3.187,3,Dec 27 2020 01: +0,1609030800
2.892,3,Dec 28 2020 01: +0,1609117200
2.765,8,Dec 29 2020 01: +0,1609203600
3.103,7,Dec 30 2020 01: +0,1609290000
3.003,6,Dec 31 2020 01: +0,1609376400
3.161,15,Jan 01 2021 01: +0,1609462800
3.05,10,Jan 02 2021 01: +0,1609549200
3.113,9,Jan 03 2021 01: +0,1609635600
3.052,11,Jan 04 2021 01: +0,1609722000
3.305,5,Jan 05 2021 01: +0,1609808400
3.589,4,Jan 06 2021 01: +0,1609894800
3.046,7,Jan 07 2021 01: +0,1609981200
3.156,6,Jan 08 2021 01: +0,1610067600
3.332,11,Jan 09 2021 01: +0,1610154000
3.327,8,Jan 10 2021 01: +0,1610240400
3.289,7,Jan 11 2021 01: +0,1610326800
3.593,7,Jan 12 2021 01: +0,1610413200
3.31,4,Jan 13 2021 01: +0,1610499600
3.441,2,Jan 14 2021 01: +0,1610586000
3.457,10,Jan 15 2021 01: +0,1610672400
3.429,8,Jan 16 2021 01: +0,1610758800
3.398,7,Jan 17 2021 01: +0,1610845200
3.321,4,Jan 18 2021 01: +0,1610931600
3.5,7,Jan 19 2021 01: +0,1611018000
3.337,10,Jan 20 2021 01: +0,1611104400
3.303,7,Jan 21 2021 01: +0,1611190800
3.401,3,Jan 22 2021 01: +0,1611277200
3.254,19,Jan 23 2021 01: +0,1611363600
3.245,7,Jan 24 2021 01: +0,1611450000
4.968,5,Jan 25 2021 01: +0,1611536400
3.382,8,Jan 26 2021 01: +0,1611622800
3.309,6,Jan 27 2021 01: +0,1611709200
3.221,7,Jan 28 2021 01: +0,1611795600
2.987,6,Jan 29 2021 01: +0,1611882000
3.013,5,Jan 30 2021 01: +0,1611968400
3.083,6,Jan 31 2021 01: +0,1612054800
3.218,10,Feb 01 2021 01: +0,1612141200
3.32,1,Feb 02 2021 01: +0,1612227600
3.013,6,Feb 03 2021 01: +0,1612314000
3.283,7,Feb 04 2021 01: +0,1612400400
3.18,7,Feb 05 2021 01: +0,1612486800
3.236,7,Feb 06 2021 01: +0,1612573200
3.021,5,Feb 07 2021 01: +0,1612659600
3.266,15,Feb 08 2021 01: +0,1612746000
3.255,4,Feb 09 2021 01: +0,1612832400
4.13,9,Feb 10 2021 01: +0,1612918800
3.23,6,Feb 11 2021 01: +0,1613005200
3.729,11,Feb 12 2021 01: +0,1613091600
3.361,14,Feb 13 2021 01: +0,1613178000
2.974,13,Feb 14 2021 01: +0,1613264400
3.31,9,Feb 15 2021 01: +0,1613350800
2.893,9,Feb 16 2021 01: +0,1613437200
3.249,4,Feb 17 2021 01: +0,1613523600
2.784,8,Feb 18 2021 01: +0,1613610000
3.003,4,Feb 19 2021 01: +0,1613696400
3.087,6,Feb 20 2021 01: +0,1613782800
3.316,11,Feb 21 2021 01: +0,1613869200
3.444,3,Feb 22 2021 01: +0,1613955600
3.264,9,Feb 23 2021 01: +0,1614042000
3.088,6,Feb 24 2021 01: +0,1614128400
3.202,5,Feb 25 2021 01: +0,1614214800
3.298,5,Feb 26 2021 01: +0,1614301200
3.387,17,Feb 27 2021 01: +0,1614387600
3.763,9,Feb 28 2021 01: +0,1614474000
3.217,4,Mar 01 2021 01: +0,1614560400
3.266,5,Mar 02 2021 01: +0,1614646800
3.262,4,Mar 03 2021 01: +0,1614733200
3.393,3,Mar 04 2021 01: +0,1614819600
3.571,8,Mar 05 2021 01: +0,1614906000
3.421,5,Mar 06 2021 01: +0,1614992400
3.733,4,Mar 07 2021 01: +0,1615078800
3.516,3,Mar 08 2021 01: +0,1615165200
3.41,5,Mar 09 2021 01: +0,1615251600
3.328,3,Mar 10 2021 01: +0,1615338000
3.057,3,Mar 11 2021 01: +0,1615424400
3.463,3,Mar 12 2021 01: +0,1615510800
3.329,6,Mar 13 2021 01: +0,1615597200
3.331,3,Mar 14 2021 01: +0,1615683600
3.496,18,Mar 15 2021 01: +0,1615770000
4.774,3,Mar 16 2021 01: +0,1615856400
3.506,7,Mar 17 2021 01: +0,1615942800
3.528,4,Mar 18 2021 01: +0,1616029200
3.773,4,Mar 19 2021 01: +0,1616115600
4.27,14,Mar 20 2021 01: +0,1616202000
4.141,7,Mar 21 2021 01: +0,1616288400
3.916,4,Mar 22 2021 01: +0,1616374800
3.574,8,Mar 23 2021 01: +0,1616461200
3.392,4,Mar 24 2021 01: +0,1616547600
3.425,11,Mar 25 2021 01: +0,1616634000
3.574,10,Mar 26 2021 01: +0,1616720400
3.581,10,Mar 27 2021 01: +0,1616806800
3.975,11,Mar 28 2021 01: +0,1616893200
4.272,3,Mar 29 2021 01: +0,1616976000
3.65,7,Mar 30 2021 01: +0,1617062400
4.002,6,Mar 31 2021 01: +0,1617148800
4.085,4,Apr 01 2021 01: +0,1617235200
3.945,4,Apr 02 2021 01: +0,1617321600
4.292,5,Apr 03 2021 01: +0,1617408000
3.953,3,Apr 04 2021 01: +0,1617494400
4.968,6,Apr 05 2021 01: +0,1617580800
3.805,1,Apr 06 2021 01: +0,1617667200
4.086,5,Apr 07 2021 01: +0,1617753600
3.723,5,Apr 08 2021 01: +0,1617840000
4.333,11,Apr 09 2021 01: +0,1617926400
3.831,8,Apr 10 2021 01: +0,1618012800
4.408,7,Apr 11 2021 01: +0,1618099200
4.222,6,Apr 12 2021 01: +0,1618185600
3.902,4,Apr 13 2021 01: +0,1618272000
4.117,3,Apr 14 2021 01: +0,1618358400
4.03,6,Apr 15 2021 01: +0,1618444800
4.139,3,Apr 16 2021 01: +0,1618531200
4.363,8,Apr 17 2021 01: +0,1618617600
4.307,8,Apr 18 2021 01: +0,1618704000
4.174,4,Apr 19 2021 01: +0,1618790400
3.857,5,Apr 20 2021 01: +0,1618876800
3.611,5,Apr 21 2021 01: +0,1618963200
3.518,5,Apr 22 2021 01: +0,1619049600
3.47,2,Apr 23 2021 01: +0,1619136000
3.511,8,Apr 24 2021 01: +0,1619222400
4.626,26,Apr 25 2021 01: +0,1619308800
3.43,5,Apr 26 2021 01: +0,1619395200
3.618,6,Apr 27 2021 01: +0,1619481600
3.411,7,Apr 28 2021 01: +0,1619568000
3.634,16,Apr 29 2021 01: +0,1619654400
3.871,10,Apr 30 2021 01: +0,1619740800
3.98,8,May 01 2021 01: +0,1619827200
3.805,2,May 02 2021 01: +0,1619913600
4.165,4,May 03 2021 01: +0,1620000000
4.119,7,May 04 2021 01: +0,1620086400
4.102,6,May 05 2021 01: +0,1620172800
4.108,3,May 06 2021 01: +0,1620259200
3.928,5,May 07 2021 01: +0,1620345600
4.653,4,May 08 2021 01: +0,1620432000
4.222,4,May 09 2021 01: +0,1620518400
4.171,10,May 10 2021 01: +0,1620604800
3.665,8,May 11 2021 01: +0,1620691200
5.217,3,May 12 2021 01: +0,1620777600
4.996,1,May 13 2021 01: +0,1620864000
4.3,3,May 14 2021 01: +0,1620950400
4.263,5,May 15 2021 01: +0,1621036800
4.296,3,May 16 2021 01: +0,1621123200
4.219,8,May 17 2021 01: +0,1621209600
3.754,8,May 18 2021 01: +0,1621296000
4.34,9,May 19 2021 01: +0,1621382400
3.879,2,May 20 2021 01: +0,1621468800
4.095,7,May 21 2021 01: +0,1621555200
3.95,3,May 22 2021 01: +0,1621641600
4.06,4,May 23 2021 01: +0,1621728000
4.113,4,May 24 2021 01: +0,1621814400
4.12,5,May 25 2021 01: +0,1621900800
4.097,2,May 26 2021 01: +0,1621987200
3.724,8,May 27 2021 01: +0,1622073600
3.805,8,May 28 2021 01: +0,1622160000
3.88,6,May 29 2021 01: +0,1622246400
3.606,4,May 30 2021 01: +0,1622332800
4.136,4,May 31 2021 01: +0,1622419200
4.039,4,Jun 01 2021 01: +0,1622505600
4.061,2,Jun 02 2021 01: +0,1622592000
4.165,9,Jun 03 2021 01: +0,1622678400
4.288,12,Jun 04 2021 01: +0,1622764800
4.482,12,Jun 05 2021 01: +0,1622851200
4.93,7,Jun 06 2021 01: +0,1622937600
4.866,9,Jun 07 2021 01: +0,1623024000
4.775,3,Jun 08 2021 01: +0,1623110400
4.994,13,Jun 09 2021 01: +0,1623196800
5.035,11,Jun 10 2021 01: +0,1623283200
5.371,8,Jun 11 2021 01: +0,1623369600
5.628,4,Jun 12 2021 01: +0,1623456000
5.279,6,Jun 13 2021 01: +0,1623542400
5.228,6,Jun 14 2021 01: +0,1623628800
4.405,3,Jun 15 2021 01: +0,1623715200
4.263,4,Jun 16 2021 01: +0,1623801600
4.635,4,Jun 17 2021 01: +0,1623888000
4.26,8,Jun 18 2021 01: +0,1623974400
4.425,7,Jun 19 2021 01: +0,1624060800
4.47,6,Jun 20 2021 01: +0,1624147200
4.24,4,Jun 21 2021 01: +0,1624233600
3.885,6,Jun 22 2021 01: +0,1624320000
3.681,2,Jun 23 2021 01: +0,1624406400
4.03,6,Jun 24 2021 01: +0,1624492800
3.759,6,Jun 25 2021 01: +0,1624579200
4.085,4,Jun 26 2021 01: +0,1624665600
3.748,5,Jun 27 2021 01: +0,1624752000
4.295,3,Jun 28 2021 01: +0,1624838400
3.74,7,Jun 29 2021 01: +0,1624924800
3.712,5,Jun 30 2021 01: +0,1625011200
3.789,5,Jul 01 2021 01: +0,1625097600
3.754,10,Jul 02 2021 01: +0,1625184000
3.455,13,Jul 03 2021 01: +0,1625270400
4.196,7,Jul 04 2021 01: +0,1625356800
4.226,2,Jul 05 2021 01: +0,1625443200
3.896,2,Jul 06 2021 01: +0,1625529600
3.516,6,Jul 07 2021 01: +0,1625616000
3.973,4,Jul 08 2021 01: +0,1625702400
3.953,3,Jul 09 2021 01: +0,1625788800
3.605,6,Jul 10 2021 01: +0,1625875200
3.627,5,Jul 11 2021 01: +0,1625961600
3.309,1,Jul 12 2021 01: +0,1626048000
3.478,4,Jul 13 2021 01: +0,1626134400
3.447,11,Jul 14 2021 01: +0,1626220800
3.796,4,Jul 15 2021 01: +0,1626307200
3.518,7,Jul 16 2021 01: +0,1626393600
3.749,12,Jul 17 2021 01: +0,1626480000
3.982,8,Jul 18 2021 01: +0,1626566400
4.134,1,Jul 19 2021 01: +0,1626652800
4.206,9,Jul 20 2021 01: +0,1626739200
4.213,5,Jul 21 2021 01: +0,1626825600
4.206,5,Jul 22 2021 01: +0,1626912000
4.32,4,Jul 23 2021 01: +0,1626998400
4.38,4,Jul 24 2021 01: +0,1627084800
4.371,4,Jul 25 2021 01: +0,1627171200
3.888,6,Jul 26 2021 01: +0,1627257600
3.846,2,Jul 27 2021 01: +0,1627344000
3.798,2,Jul 28 2021 01: +0,1627430400
3.468,4,Jul 29 2021 01: +0,1627516800
3.735,7,Jul 30 2021 01: +0,1627603200
4.978,5,Jul 31 2021 01: +0,1627689600
3.958,2,Aug 01 2021 01: +0,1627776000
3.371,7,Aug 02 2021 01: +0,1627862400
3.658,4,Aug 03 2021 01: +0,1627948800
4.076,2,Aug 04 2021 01: +0,1628035200
3.766,2,Aug 05 2021 01: +0,1628121600
4.185,7,Aug 06 2021 01: +0,1628208000
3.961,4,Aug 07 2021 01: +0,1628294400
4.264,4,Aug 08 2021 01: +0,1628380800
4.357,3,Aug 09 2021 01: +0,1628467200
4.078,4,Aug 10 2021 01: +0,1628553600
3.801,2,Aug 11 2021 01: +0,1628640000
3.968,10,Aug 12 2021 01: +0,1628726400
4.062,3,Aug 13 2021 01: +0,1628812800
3.681,1,Aug 14 2021 01: +0,1628899200
3.793,2,Aug 15 2021 01: +0,1628985600
3.707,6,Aug 16 2021 01: +0,1629072000
3.84,6,Aug 17 2021 01: +0,1629158400
3.986,5,Aug 18 2021 01: +0,1629244800
3.917,5,Aug 19 2021 01: +0,1629331200
5.707,1,Aug 20 2021 01: +0,1629417600
3.664,2,Aug 21 2021 01: +0,1629504000
3.978,8,Aug 22 2021 01: +0,1629590400
3.639,6,Aug 23 2021 01: +0,1629676800
3.487,2,Aug 24 2021 01: +0,1629763200
3.543,10,Aug 25 2021 01: +0,1629849600
3.691,6,Aug 26 2021 01: +0,1629936000
3.796,2,Aug 27 2021 01: +0,1630022400
3.842,3,Aug 28 2021 01: +0,1630108800
3.86,4,Aug 29 2021 01: +0,1630195200
3.825,3,Aug 30 2021 01: +0,1630281600
3.41,4,Aug 31 2021 01: +0,1630368000
4.092,7,Sep 01 2021 01: +0,1630454400
4.771,3,Sep 02 2021 01: +0,1630540800
3.759,5,Sep 03 2021 01: +0,1630627200
3.827,4,Sep 04 2021 01: +0,1630713600
3.672,4,Sep 05 2021 01: +0,1630800000
4.259,5,Sep 06 2021 01: +0,1630886400
3.756,8,Sep 07 2021 01: +0,1630972800
3.73,8,Sep 08 2021 01: +0,1631059200
4.343,4,Sep 09 2021 01: +0,1631145600
3.757,7,Sep 10 2021 01: +0,1631232000
3.857,4,Sep 11 2021 01: +0,1631318400
3.751,4,Sep 12 2021 01: +0,1631404800
3.624,6,Sep 13 2021 01: +0,1631491200
3.587,4,Sep 14 2021 01: +0,1631577600
3.555,5,Sep 15 2021 01: +0,1631664000
3.117,3,Sep 16 2021 01: +0,1631750400
3.687,11,Sep 17 2021 01: +0,1631836800
3.56,7,Sep 18 2021 01: +0,1631923200
3.43,9,Sep 19 2021 01: +0,1632009600
3.684,6,Sep 20 2021 01: +0,1632096000
3.609,3,Sep 21 2021 01: +0,1632182400
3.274,8,Sep 22 2021 01: +0,1632268800
3.024,4,Sep 23 2021 01: +0,1632355200
2.854,4,Sep 24 2021 01: +0,1632441600
3.303,14,Sep 25 2021 01: +0,1632528000
3.44,9,Sep 26 2021 01: +0,1632614400
3.444,10,Sep 27 2021 01: +0,1632700800
3.231,7,Sep 28 2021 01: +0,1632787200
3.102,4,Sep 29 2021 01: +0,1632873600
3.175,7,Oct 01 2021 01: +0,1633046400
3.485,3,Oct 02 2021 01: +0,1633132800
3.594,5,Oct 03 2021 01: +0,1633219200
3.262,7,Oct 04 2021 01: +0,1633305600
3.697,8,Oct 05 2021 01: +0,1633392000
3.583,2,Oct 06 2021 01: +0,1633478400
3.396,4,Oct 07 2021 01: +0,1633564800
3.389,3,Oct 08 2021 01: +0,1633651200
3.845,6,Oct 09 2021 01: +0,1633737600
3.075,4,Oct 10 2021 01: +0,1633824000
3.483,3,Oct 11 2021 01: +0,1633910400
3.495,3,Oct 12 2021 01: +0,1633996800
3.422,6,Oct 13 2021 01: +0,1634083200
3.023,7,Oct 14 2021 01: +0,1634169600
3.615,8,Oct 15 2021 01: +0,1634256000
3.155,4,Oct 16 2021 01: +0,1634342400
3.393,7,Oct 17 2021 01: +0,1634428800
3.738,4,Oct 18 2021 01: +0,1634515200
3.313,4,Oct 19 2021 01: +0,1634601600
3.45,7,Oct 20 2021 01: +0,1634688000
3.281,6,Oct 21 2021 01: +0,1634774400
3.177,4,Oct 22 2021 01: +0,1634860800
5.32,6,Oct 23 2021 01: +0,1634947200
3.132,2,Oct 24 2021 01: +0,1635033600
3.267,1,Oct 25 2021 01: +0,1635120000
2.879,1,Oct 26 2021 01: +0,1635206400
3.206,3,Oct 27 2021 01: +0,1635292800
3.07,5,Oct 28 2021 01: +0,1635379200
2.517,6,Oct 29 2021 01: +0,1635465600
2.354,7,Oct 30 2021 01: +0,1635552000
3.484,25,Oct 31 2021 01: +0,1635638400
3.344,16,Nov 01 2021 01: +0,1635728400
3.772,4,Nov 02 2021 01: +0,1635814800
3.766,9,Nov 03 2021 01: +0,1635901200
3.928,16,Nov 04 2021 01: +0,1635987600
3.874,3,Nov 05 2021 01: +0,1636074000
3.891,4,Nov 06 2021 01: +0,1636160400
3.524,6,Nov 07 2021 01: +0,1636246800
3.943,2,Nov 08 2021 01: +0,1636333200
3.501,4,Nov 09 2021 01: +0,1636419600
3.571,4,Nov 10 2021 01: +0,1636506000
3.83,4,Nov 11 2021 01: +0,1636592400
3.657,5,Nov 12 2021 01: +0,1636678800
5.674,4,Nov 13 2021 01: +0,1636765200
3.806,4,Nov 14 2021 01: +0,1636851600
3.675,3,Nov 15 2021 01: +0,1636938000
3.217,7,Nov 16 2021 01: +0,1637024400
3.685,7,Nov 18 2021 01: +0,1637197200
3.995,10,Nov 19 2021 01: +0,1637283600
3.881,6,Nov 20 2021 01: +0,1637370000
3.72,6,Nov 21 2021 01: +0,1637456400
3.788,4,Nov 22 2021 01: +0,1637542800
3.642,3,Nov 23 2021 01: +0,1637629200
3.661,7,Nov 24 2021 01: +0,1637715600
3.632,4,Nov 25 2021 01: +0,1637802000
3.648,3,Nov 26 2021 01: +0,1637888400
3.516,7,Nov 27 2021 01: +0,1637974800
3.494,3,Nov 28 2021 01: +0,1638061200
3.649,1,Nov 29 2021 01: +0,1638147600
3.478,4,Nov 30 2021 01: +0,1638234000
3.575,3,Dec 01 2021 01: +0,1638320400
3.625,8,Dec 02 2021 01: +0,1638406800
3.917,6,Dec 03 2021 01: +0,1638493200
3.573,3,Dec 04 2021 01: +0,1638579600
3.702,1,Dec 05 2021 01: +0,1638666000
3.517,7,Dec 06 2021 01: +0,1638752400
3.491,2,Dec 07 2021 01: +0,1638838800
4.308,7,Dec 08 2021 01: +0,1638925200
3.949,3,Dec 09 2021 01: +0,1639011600
3.937,6,Dec 10 2021 01: +0,1639098000
3.649,7,Dec 11 2021 01: +0,1639184400
3.351,6,Dec 12 2021 01: +0,1639270800
3.441,4,Dec 13 2021 01: +0,1639357200
3.739,10,Dec 14 2021 01: +0,1639443600
4.103,3,Dec 15 2021 01: +0,1639530000
3.682,4,Dec 16 2021 01: +0,1639616400
7.025,5,Dec 17 2021 01: +0,1639702800
3.666,4,Dec 18 2021 01: +0,1639789200
3.753,9,Dec 19 2021 01: +0,1639875600
3.818,3,Dec 20 2021 01: +0,1639962000
3.856,3,Dec 21 2021 01: +0,1640048400
11.163,2,Dec 22 2021 01: +0,1640134800
3.837,4,Dec 23 2021 01: +0,1640221200
3.993,7,Dec 24 2021 01: +0,1640307600
4.191,11,Dec 25 2021 01: +0,1640394000
3.693,2,Dec 26 2021 01: +0,1640480400
4.396,5,Dec 27 2021 01: +0,1640566800
4.128,2,Dec 28 2021 01: +0,1640653200
3.959,7,Dec 29 2021 01: +0,1640739600
4.138,7,Dec 30 2021 01: +0,1640826000
4.126,4,Jan 01 2022 01: +0,1640998800
4.009,7,Jan 02 2022 01: +0,1641085200
4.452,7,Jan 03 2022 01: +0,1641171600
4.464,7,Jan 04 2022 01: +0,1641258000
4.035,6,Jan 05 2022 01: +0,1641344400
4.342,6,Jan 06 2022 01: +0,1641430800
4.358,7,Jan 07 2022 01: +0,1641517200
4.927,9,Jan 08 2022 01: +0,1641603600
4.965,2,Jan 09 2022 01: +0,1641690000
4.278,6,Jan 10 2022 01: +0,1641776400
4.301,3,Jan 11 2022 01: +0,1641862800
4.33,3,Jan 12 2022 01: +0,1641949200
4.601,11,Jan 13 2022 01: +0,1642035600
5.128,1,Jan 14 2022 01: +0,1642122000
5.614,3,Jan 15 2022 01: +0,1642208400
4.251,3,Jan 16 2022 01: +0,1642294800
4.344,8,Jan 17 2022 01: +0,1642381200
4.391,7,Jan 18 2022 01: +0,1642467600
5.05,6,Jan 19 2022 01: +0,1642554000
4.169,5,Jan 20 2022 01: +0,1642640400
4.378,4,Jan 21 2022 01: +0,1642726800
3.79,3,Jan 22 2022 01: +0,1642813200
4.509,4,Jan 23 2022 01: +0,1642899600
4.385,3,Jan 24 2022 01: +0,1642986000
4.331,5,Jan 25 2022 01: +0,1643072400
4.126,6,Jan 26 2022 01: +0,1643158800
4.238,4,Jan 27 2022 01: +0,1643245200
4.417,3,Jan 28 2022 01: +0,1643331600
5.014,6,Jan 29 2022 01: +0,1643418000
4.419,10,Jan 30 2022 01: +0,1643504400
4.645,3,Jan 31 2022 01: +0,1643590800
4.756,7,Feb 01 2022 01: +0,1643677200
4.516,7,Feb 02 2022 01: +0,1643763600
4.159,5,Feb 03 2022 01: +0,1643850000
4.521,8,Feb 04 2022 01: +0,1643936400
4.351,1,Feb 05 2022 01: +0,1644022800
4.349,4,Feb 06 2022 01: +0,1644109200
4.365,4,Feb 07 2022 01: +0,1644195600
4.469,11,Feb 09 2022 01: +0,1644368400
4.685,3,Feb 10 2022 01: +0,1644454800
4.27,6,Feb 11 2022 01: +0,1644541200
5.896,5,Feb 12 2022 01: +0,1644627600
4.41,4,Feb 13 2022 01: +0,1644714000
4.5,2,Feb 14 2022 01: +0,1644800400
4.132,7,Feb 15 2022 01: +0,1644886800
4.297,7,Feb 16 2022 01: +0,1644973200
3.764,4,Feb 17 2022 01: +0,1645059600
4.344,3,Feb 18 2022 01: +0,1645146000
3.973,6,Feb 19 2022 01: +0,1645232400
4.208,6,Feb 20 2022 01: +0,1645318800
3.992,3,Feb 21 2022 01: +0,1645405200
4.435,14,Feb 22 2022 01: +0,1645491600
4.354,9,Feb 23 2022 01: +0,1645578000
4.305,2,Feb 24 2022 01: +0,1645664400
4.242,5,Feb 25 2022 01: +0,1645750800
5.064,9,Feb 26 2022 01: +0,1645837200
4.428,10,Feb 27 2022 01: +0,1645923600
4.598,8,Feb 28 2022 01: +0,1646010000
4.541,1,Mar 01 2022 01: +0,1646096400
4.668,6,Mar 02 2022 01: +0,1646182800
4.71,9,Mar 03 2022 01: +0,1646269200
4.831,4,Mar 04 2022 01: +0,1646355600
4.639,7,Mar 05 2022 01: +0,1646442000
5.319,2,Mar 06 2022 01: +0,1646528400
4.173,3,Mar 07 2022 01: +0,1646614800
4.552,3,Mar 08 2022 01: +0,1646701200
4.537,3,Mar 09 2022 01: +0,1646787600
4.554,5,Mar 10 2022 01: +0,1646874000
4.523,10,Mar 11 2022 01: +0,1646960400
4.98,1,Mar 12 2022 01: +0,1647046800
4.77,3,Mar 13 2022 01: +0,1647133200
5.15,3,Mar 14 2022 01: +0,1647219600
4.886,5,Mar 15 2022 01: +0,1647306000
4.517,6,Mar 16 2022 01: +0,1647392400
4.66,8,Mar 17 2022 01: +0,1647478800
4.969,3,Mar 18 2022 01: +0,1647565200
5.205,2,Mar 19 2022 01: +0,1647651600
4.655,6,Mar 20 2022 01: +0,1647738000
4.957,6,Mar 21 2022 01: +0,1647824400
4.73,6,Mar 22 2022 01: +0,1647910800
4.621,3,Mar 23 2022 01: +0,1647997200
4.467,7,Mar 24 2022 01: +0,1648083600
5.352,7,Mar 25 2022 01: +0,1648170000
6.209,5,Mar 26 2022 01: +0,1648256400
4.839,3,Mar 27 2022 01: +0,1648342800
4.252,2,Mar 28 2022 01: +0,1648425600
5.085,3,Mar 29 2022 01: +0,1648512000
4.922,1,Mar 30 2022 01: +0,1648598400
4.97,5,Mar 31 2022 01: +0,1648684800
5.309,4,Apr 01 2022 01: +0,1648771200
4.317,7,Apr 02 2022 01: +0,1648857600
5.095,2,Apr 03 2022 01: +0,1648944000
5.084,5,Apr 04 2022 01: +0,1649030400
4.768,2,Apr 05 2022 01: +0,1649116800
4.617,7,Apr 06 2022 01: +0,1649203200
5.039,3,Apr 07 2022 01: +0,1649289600
4.935,4,Apr 08 2022 01: +0,1649376000
5.016,2,Apr 09 2022 01: +0,1649462400
5.443,5,Apr 10 2022 01: +0,1649548800
5.037,4,Apr 11 2022 01: +0,1649635200
5.327,1,Apr 12 2022 01: +0,1649721600
5.349,9,Apr 13 2022 01: +0,1649808000
5.237,5,Apr 15 2022 01: +0,1649980800
5.275,3,Apr 17 2022 01: +0,1650153600
5.125,3,Apr 18 2022 01: +0,1650240000
4.918,2,Apr 19 2022 01: +0,1650326400
4.592,2,Apr 20 2022 01: +0,1650412800
5.659,1,Apr 21 2022 01: +0,1650499200
6.966,3,Apr 22 2022 01: +0,1650585600
4.98,9,Apr 23 2022 01: +0,1650672000
5.46,4,Apr 24 2022 01: +0,1650758400
5.05,4,Apr 25 2022 01: +0,1650844800
4.999,6,Apr 26 2022 01: +0,1650931200
6.419,4,Apr 27 2022 01: +0,1651017600
3.716,3,Apr 28 2022 01: +0,1651104000
5.662,2,Apr 29 2022 01: +0,1651190400
5.66,5,Apr 30 2022 01: +0,1651276800
5.484,4,May 01 2022 01: +0,1651363200
5.348,2,May 02 2022 01: +0,1651449600
5.739,7,May 03 2022 01: +0,1651536000
5.665,3,May 04 2022 01: +0,1651622400
5.171,8,May 05 2022 01: +0,1651708800
5.502,5,May 06 2022 01: +0,1651795200
5.379,2,May 07 2022 01: +0,1651881600
5.654,4,May 08 2022 01: +0,1651968000
6.815,5,May 09 2022 01: +0,1652054400
5.368,3,May 10 2022 01: +0,1652140800
5.343,3,May 11 2022 01: +0,1652227200
4.936,6,May 12 2022 01: +0,1652313600
5.253,6,May 13 2022 01: +0,1652400000
4.835,5,May 14 2022 01: +0,1652486400
5.017,2,May 15 2022 01: +0,1652572800
4.858,4,May 16 2022 01: +0,1652659200
5.021,9,May 17 2022 01: +0,1652745600
5.243,4,May 18 2022 01: +0,1652832000
5.278,2,May 19 2022 01: +0,1652918400
5.643,1,May 20 2022 01: +0,1653004800
5.347,5,May 21 2022 01: +0,1653091200
4.422,4,May 22 2022 01: +0,1653177600
4.996,2,May 23 2022 01: +0,1653264000
5.114,6,May 24 2022 01: +0,1653350400
5.384,2,May 25 2022 01: +0,1653436800
4.578,2,May 26 2022 01: +0,1653523200
5.001,3,May 27 2022 01: +0,1653609600
4.944,4,May 28 2022 01: +0,1653696000
5.113,4,May 29 2022 01: +0,1653782400
4.838,6,May 30 2022 01: +0,1653868800
4.899,2,May 31 2022 01: +0,1653955200
5.596,1,Jun 01 2022 01: +0,1654041600
5.087,7,Jun 02 2022 01: +0,1654128000
5.62,2,Jun 03 2022 01: +0,1654214400
5.393,2,Jun 04 2022 01: +0,1654300800
5.129,7,Jun 05 2022 01: +0,1654387200
4.934,2,Jun 06 2022 01: +0,1654473600
5.292,5,Jun 07 2022 01: +0,1654560000
5.124,6,Jun 08 2022 01: +0,1654646400
5.139,5,Jun 09 2022 01: +0,1654732800
5.166,7,Jun 10 2022 01: +0,1654819200
4.729,3,Jun 11 2022 01: +0,1654905600
4.803,5,Jun 12 2022 01: +0,1654992000
5.211,2,Jun 13 2022 01: +0,1655078400
5.132,6,Jun 14 2022 01: +0,1655164800
5.11,3,Jun 15 2022 01: +0,1655251200
5.785,9,Jun 16 2022 01: +0,1655337600
4.857,5,Jun 17 2022 01: +0,1655424000
4.643,2,Jun 18 2022 01: +0,1655510400
4.521,5,Jun 19 2022 01: +0,1655596800
4.57,4,Jun 20 2022 01: +0,1655683200
4.704,3,Jun 21 2022 01: +0,1655769600
5.013,1,Jun 22 2022 01: +0,1655856000
4.412,4,Jun 23 2022 01: +0,1655942400
4.664,7,Jun 24 2022 01: +0,1656028800
3.558,1,Jun 25 2022 01: +0,1656115200
4.64,2,Jun 26 2022 01: +0,1656201600
4.569,5,Jun 27 2022 01: +0,1656288000
4.632,2,Jun 28 2022 01: +0,1656374400
4.616,4,Jun 29 2022 01: +0,1656460800
4.734,3,Jun 30 2022 01: +0,1656547200
4.808,2,Jul 01 2022 01: +0,1656633600
4.52,5,Jul 02 2022 01: +0,1656720000
4.827,3,Jul 03 2022 01: +0,1656806400
4.156,2,Jul 04 2022 01: +0,1656892800
4.649,6,Jul 05 2022 01: +0,1656979200
4.649,9,Jul 06 2022 01: +0,1657065600
4.699,3,Jul 07 2022 01: +0,1657152000
4.892,7,Jul 08 2022 01: +0,1657238400
5.606,4,Jul 09 2022 01: +0,1657324800
5.07,7,Jul 10 2022 01: +0,1657411200
4.989,7,Jul 11 2022 01: +0,1657497600
5.0,4,Jul 12 2022 01: +0,1657584000
5.087,3,Jul 13 2022 01: +0,1657670400
5.401,2,Jul 14 2022 01: +0,1657756800
5.359,5,Jul 15 2022 01: +0,1657843200
5.431,2,Jul 16 2022 01: +0,1657929600
5.723,5,Jul 18 2022 01: +0,1658102400
5.346,3,Jul 19 2022 01: +0,1658188800
4.984,2,Jul 20 2022 01: +0,1658275200
4.999,5,Jul 21 2022 01: +0,1658361600
5.43,6,Jul 22 2022 01: +0,1658448000
4.977,6,Jul 23 2022 01: +0,1658534400
4.684,3,Jul 24 2022 01: +0,1658620800
5.129,7,Jul 25 2022 01: +0,1658707200
5.174,2,Jul 26 2022 01: +0,1658793600
4.871,9,Jul 27 2022 01: +0,1658880000
5.405,4,Jul 28 2022 01: +0,1658966400
5.543,5,Jul 29 2022 01: +0,1659052800
5.522,7,Jul 30 2022 01: +0,1659139200
4.938,4,Jul 31 2022 01: +0,1659225600
4.833,5,Aug 01 2022 01: +0,1659312000
4.874,6,Aug 02 2022 01: +0,1659398400
4.843,5,Aug 03 2022 01: +0,1659484800
4.95,5,Aug 04 2022 01: +0,1659571200
5.17,2,Aug 05 2022 01: +0,1659657600
5.186,10,Aug 06 2022 01: +0,1659744000
5.802,7,Aug 07 2022 01: +0,1659830400
4.886,5,Aug 08 2022 01: +0,1659916800
4.983,1,Aug 09 2022 01: +0,1660003200
5.501,6,Aug 10 2022 01: +0,1660089600
5.077,5,Aug 11 2022 01: +0,1660176000
4.672,2,Aug 12 2022 01: +0,1660262400
4.385,1,Aug 13 2022 01: +0,1660348800
4.602,6,Aug 14 2022 01: +0,1660435200
4.742,4,Aug 15 2022 01: +0,1660521600
4.62,3,Aug 16 2022 01: +0,1660608000
4.076,3,Aug 17 2022 01: +0,1660694400
5.127,9,Aug 18 2022 01: +0,1660780800
4.971,8,Aug 19 2022 01: +0,1660867200
4.612,4,Aug 20 2022 01: +0,1660953600
4.654,8,Aug 21 2022 01: +0,1661040000
4.658,7,Aug 22 2022 01: +0,1661126400
4.867,4,Aug 23 2022 01: +0,1661212800
5.384,1,Aug 24 2022 01: +0,1661299200
4.698,5,Aug 25 2022 01: +0,1661385600
5.003,9,Aug 26 2022 01: +0,1661472000
5.075,5,Aug 27 2022 01: +0,1661558400
5.087,2,Aug 28 2022 01: +0,1661644800
4.579,5,Aug 29 2022 01: +0,1661731200
4.92,2,Aug 30 2022 01: +0,1661817600
4.952,9,Sep 01 2022 01: +0,1661990400
5.848,10,Sep 02 2022 01: +0,1662076800
5.185,1,Sep 03 2022 01: +0,1662163200
4.434,4,Sep 04 2022 01: +0,1662249600
4.135,1,Sep 05 2022 01: +0,1662336000
4.441,1,Sep 06 2022 01: +0,1662422400
4.464,5,Sep 07 2022 01: +0,1662508800
4.474,4,Sep 08 2022 01: +0,1662595200
5.251,3,Sep 09 2022 01: +0,1662681600
4.319,6,Sep 10 2022 01: +0,1662768000
4.732,4,Sep 11 2022 01: +0,1662854400
4.508,3,Sep 12 2022 01: +0,1662940800
4.571,4,Sep 13 2022 01: +0,1663027200
4.79,2,Sep 14 2022 01: +0,1663113600
4.777,6,Sep 15 2022 01: +0,1663200000
4.844,5,Sep 16 2022 01: +0,1663286400
4.562,5,Sep 17 2022 01: +0,1663372800
4.71,7,Sep 18 2022 01: +0,1663459200
4.04,2,Sep 19 2022 01: +0,1663545600
4.929,4,Sep 20 2022 01: +0,1663632000
4.698,1,Sep 21 2022 01: +0,1663718400
4.674,5,Sep 22 2022 01: +0,1663804800
4.074,9,Sep 23 2022 01: +0,1663891200
4.534,2,Sep 24 2022 01: +0,1663977600
4.52,5,Sep 25 2022 01: +0,1664064000
4.663,9,Sep 26 2022 01: +0,1664150400
4.525,3,Sep 27 2022 01: +0,1664236800
4.47,5,Sep 28 2022 01: +0,1664323200
4.285,1,Sep 29 2022 01: +0,1664409600
4.375,4,Sep 30 2022 01: +0,1664496000
4.674,5,Oct 01 2022 01: +0,1664582400
4.47,3,Oct 02 2022 01: +0,1664668800
4.952,2,Oct 03 2022 01: +0,1664755200
4.307,4,Oct 04 2022 01: +0,1664841600
4.96,4,Oct 05 2022 01: +0,1664928000
4.231,8,Oct 07 2022 01: +0,1665100800
4.694,3,Oct 08 2022 01: +0,1665187200
4.864,1,Oct 09 2022 01: +0,1665273600
4.541,2,Oct 10 2022 01: +0,1665360000
4.367,4,Oct 11 2022 01: +0,1665446400
4.624,3,Oct 12 2022 01: +0,1665532800
4.657,5,Oct 13 2022 01: +0,1665619200
4.942,2,Oct 14 2022 01: +0,1665705600
4.964,2,Oct 15 2022 01: +0,1665792000
14.133,3,Oct 17 2022 01: +0,1665964800
4.544,4,Oct 18 2022 01: +0,1666051200
4.838,8,Oct 19 2022 01: +0,1666137600
4.774,2,Oct 20 2022 01: +0,1666224000
4.471,3,Oct 21 2022 01: +0,1666310400
4.568,4,Oct 22 2022 01: +0,1666396800
4.646,4,Oct 23 2022 01: +0,1666483200
4.948,3,Oct 24 2022 01: +0,1666569600
4.407,2,Oct 25 2022 01: +0,1666656000
4.343,1,Oct 26 2022 01: +0,1666742400
4.253,5,Oct 27 2022 01: +0,1666828800
3.315,1,Oct 28 2022 01: +0,1666915200
4.479,11,Oct 29 2022 01: +0,1667001600
4.599,3,Oct 30 2022 01: +0,1667088000
4.722,4,Oct 31 2022 01: +0,1667178000
6.847,3,Nov 01 2022 01: +0,1667264400
4.67,2,Nov 02 2022 01: +0,1667350800
4.651,2,Nov 03 2022 01: +0,1667437200
4.694,2,Nov 04 2022 01: +0,1667523600
4.644,8,Nov 05 2022 01: +0,1667610000
4.429,4,Nov 06 2022 01: +0,1667696400
4.711,2,Nov 07 2022 01: +0,1667782800
4.795,7,Nov 08 2022 01: +0,1667869200
4.944,2,Nov 09 2022 01: +0,1667955600
4.861,5,Nov 10 2022 01: +0,1668042000
4.781,3,Nov 11 2022 01: +0,1668128400
4.938,4,Nov 12 2022 01: +0,1668214800
4.9,7,Nov 13 2022 01: +0,1668301200
5.253,1,Nov 14 2022 01: +0,1668387600
5.187,2,Nov 15 2022 01: +0,1668474000
4.711,4,Nov 16 2022 01: +0,1668560400
4.893,3,Nov 17 2022 01: +0,1668646800
4.959,10,Nov 18 2022 01: +0,1668733200
6.201,3,Nov 19 2022 01: +0,1668819600
5.211,1,Nov 20 2022 01: +0,1668906000
5.026,2,Nov 21 2022 01: +0,1668992400
4.854,4,Nov 22 2022 01: +0,1669078800
4.523,2,Nov 23 2022 01: +0,1669165200
4.587,2,Nov 24 2022 01: +0,1669251600
4.16,3,Nov 26 2022 01: +0,1669424400
4.089,4,Nov 27 2022 01: +0,1669510800
4.599,5,Nov 28 2022 01: +0,1669597200
4.498,7,Nov 29 2022 01: +0,1669683600
4.426,4,Nov 30 2022 01: +0,1669770000
4.453,2,Dec 01 2022 01: +0,1669856400
4.456,7,Dec 02 2022 01: +0,1669942800
4.481,5,Dec 03 2022 01: +0,1670029200
5.397,7,Dec 04 2022 01: +0,1670115600
4.778,3,Dec 05 2022 01: +0,1670202000
4.856,1,Dec 06 2022 01: +0,1670288400
4.543,5,Dec 07 2022 01: +0,1670374800
4.774,4,Dec 08 2022 01: +0,1670461200
4.846,2,Dec 09 2022 01: +0,1670547600
5.382,5,Dec 10 2022 01: +0,1670634000
4.976,10,Dec 11 2022 01: +0,1670720400
4.963,1,Dec 12 2022 01: +0,1670806800
4.65,6,Dec 13 2022 01: +0,1670893200
4.921,2,Dec 14 2022 01: +0,1670979600
4.702,2,Dec 15 2022 01: +0,1671066000
4.967,1,Dec 16 2022 01: +0,1671152400
4.719,4,Dec 17 2022 01: +0,1671238800
4.73,5,Dec 18 2022 01: +0,1671325200
4.834,5,Dec 19 2022 01: +0,1671411600
4.152,3,Dec 20 2022 01: +0,1671498000
4.957,5,Dec 21 2022 01: +0,1671584400
4.971,2,Dec 22 2022 01: +0,1671670800
5.05,7,Dec 23 2022 01: +0,1671757200
5.205,10,Dec 24 2022 01: +0,1671843600
5.123,6,Dec 25 2022 01: +0,1671930000
4.895,6,Dec 26 2022 01: +0,1672016400
4.407,4,Dec 27 2022 01: +0,1672102800
4.972,4,Dec 28 2022 01: +0,1672189200
5.117,2,Dec 29 2022 01: +0,1672275600
4.902,10,Dec 30 2022 01: +0,1672362000
4.773,8,Dec 31 2022 01: +0,1672448400
4.706,6,Jan 01 2023 01: +0,1672534800
4.774,4,Jan 03 2023 01: +0,1672707600
4.679,6,Jan 04 2023 01: +0,1672794000
4.673,6,Jan 05 2023 01: +0,1672880400
4.835,9,Jan 06 2023 01: +0,1672966800
4.511,6,Jan 07 2023 01: +0,1673053200
4.773,8,Jan 08 2023 01: +0,1673139600
4.931,4,Jan 09 2023 01: +0,1673226000
5.138,6,Jan 10 2023 01: +0,1673312400
5.1,3,Jan 11 2023 01: +0,1673398800
5.278,11,Jan 12 2023 01: +0,1673485200
4.893,6,Jan 13 2023 01: +0,1673571600
5.094,6,Jan 14 2023 01: +0,1673658000
4.136,1,Jan 15 2023 01: +0,1673744400
4.945,3,Jan 16 2023 01: +0,1673830800
4.591,2,Jan 17 2023 01: +0,1673917200
5.059,6,Jan 18 2023 01: +0,1674003600
5.241,7,Jan 19 2023 01: +0,1674090000
5.594,3,Jan 20 2023 01: +0,1674176400
5.355,5,Jan 21 2023 01: +0,1674262800
5.239,3,Jan 22 2023 01: +0,1674349200
5.083,2,Jan 23 2023 01: +0,1674435600
5.508,5,Jan 24 2023 01: +0,1674522000
5.231,7,Jan 25 2023 01: +0,1674608400
5.483,6,Jan 26 2023 01: +0,1674694800
5.442,7,Jan 27 2023 01: +0,1674781200
5.4,7,Jan 28 2023 01: +0,1674867600
5.612,2,Jan 29 2023 01: +0,1674954000
5.432,4,Jan 30 2023 01: +0,1675040400
5.692,5,Jan 31 2023 01: +0,1675126800
5.232,2,Feb 01 2023 01: +0,1675213200
5.662,2,Feb 02 2023 01: +0,1675299600
5.49,5,Feb 03 2023 01: +0,1675386000
5.822,4,Feb 04 2023 01: +0,1675472400
5.562,8,Feb 05 2023 01: +0,1675558800
5.466,4,Feb 06 2023 01: +0,1675645200
5.882,2,Feb 07 2023 01: +0,1675731600
5.821,3,Feb 08 2023 01: +0,1675818000
5.747,3,Feb 09 2023 01: +0,1675904400
5.369,4,Feb 10 2023 01: +0,1675990800
5.479,4,Feb 11 2023 01: +0,1676077200
9.396,3,Feb 12 2023 01: +0,1676163600
6.072,6,Feb 13 2023 01: +0,1676250000
5.625,5,Feb 14 2023 01: +0,1676336400
5.079,1,Feb 14 2023 22: +0,1676412000
6.134,1,Feb 15 2023 00: +0,1676419200
6.121,3,Feb 15 2023 01: +0,1676422800
5.286,1,Feb 15 2023 05: +0,1676437200
6.093,1,Feb 15 2023 11: +0,1676458800
6.179,7,Feb 15 2023 13: +0,1676466000
5.046,1,Feb 15 2023 17: +0,1676480400
5.55,1,Feb 15 2023 22: +0,1676498400
5.389,1,Feb 16 2023 01: +0,1676509200
6.394,1,Feb 16 2023 10: +0,1676541600
6.095,1,Feb 16 2023 11: +0,1676545200
5.352,1,Feb 16 2023 15: +0,1676559600
6.164,1,Feb 16 2023 19: +0,1676574000
5.286,1,Feb 16 2023 21: +0,1676581200
6.149,1,Feb 16 2023 22: +0,1676584800
4.98,1,Feb 17 2023 06: +0,1676613600
5.36,1,Feb 17 2023 12: +0,1676635200
5.487,2,Feb 17 2023 23: +0,1676674800
5.327,1,Feb 18 2023 04: +0,1676692800
5.352,1,Feb 18 2023 15: +0,1676732400
5.426,1,Feb 18 2023 20: +0,1676750400
4.607,2,Feb 19 2023 01: +0,1676768400
5.302,1,Feb 19 2023 11: +0,1676804400
5.712,1,Feb 19 2023 15: +0,1676818800
5.707,1,Feb 19 2023 19: +0,1676833200
5.782,1,Feb 20 2023 01: +0,1676854800
5.195,1,Feb 20 2023 13: +0,1676898000
5.772,1,Feb 20 2023 17: +0,1676912400
5.587,1,Feb 20 2023 20: +0,1676923200
5.062,1,Feb 20 2023 22: +0,1676930400
5.816,1,Feb 20 2023 23: +0,1676934000
5.352,1,Feb 21 2023 00: +0,1676937600
5.815,1,Feb 21 2023 01: +0,1676941200
5.542,1,Feb 21 2023 06: +0,1676959200
5.975,2,Feb 21 2023 14: +0,1676988000
6.786,1,Feb 21 2023 16: +0,1676995200
5.84,1,Feb 21 2023 17: +0,1676998800
5.832,1,Feb 21 2023 19: +0,1677006000
5.95,2,Feb 21 2023 21: +0,1677013200
5.798,2,Feb 22 2023 12: +0,1677067200
5.484,1,Feb 22 2023 23: +0,1677106800
6.06,1,Feb 23 2023 10: +0,1677146400
5.625,1,Feb 23 2023 20: +0,1677182400
5.484,1,Feb 23 2023 21: +0,1677186000
5.871,1,Feb 24 2023 20: +0,1677268800
5.679,1,Feb 24 2023 22: +0,1677276000
5.707,1,Feb 25 2023 08: +0,1677312000
5.535,2,Feb 25 2023 17: +0,1677344400
5.674,1,Feb 26 2023 00: +0,1677369600
5.874,1,Feb 26 2023 02: +0,1677376800
5.171,1,Feb 26 2023 04: +0,1677384000
5.873,1,Feb 26 2023 12: +0,1677412800
5.451,1,Feb 26 2023 20: +0,1677441600
5.211,1,Feb 27 2023 00: +0,1677456000
5.873,1,Feb 27 2023 06: +0,1677477600
5.453,1,Feb 27 2023 08: +0,1677484800
5.467,1,Feb 27 2023 15: +0,1677510000
5.542,1,Feb 28 2023 06: +0,1677564000
4.88,1,Feb 28 2023 10: +0,1677578400
5.273,2,Feb 28 2023 15: +0,1677596400
5.436,1,Feb 28 2023 21: +0,1677618000
5.302,1,Mar 01 2023 06: +0,1677650400
5.36,1,Mar 01 2023 10: +0,1677664800
5.112,1,Mar 01 2023 14: +0,1677679200
5.484,1,Mar 01 2023 17: +0,1677690000
5.418,1,Mar 01 2023 18: +0,1677693600
5.401,2,Mar 01 2023 19: +0,1677697200
5.401,1,Mar 01 2023 20: +0,1677700800
5.471,1,Mar 01 2023 21: +0,1677704400
6.379,1,Mar 02 2023 01: +0,1677718800
5.517,1,Mar 02 2023 03: +0,1677726000
5.459,1,Mar 02 2023 06: +0,1677736800
5.66,1,Mar 02 2023 17: +0,1677776400
5.647,1,Mar 02 2023 23: +0,1677798000
5.708,1,Mar 03 2023 07: +0,1677826800
5.626,1,Mar 03 2023 11: +0,1677841200
5.492,1,Mar 03 2023 13: +0,1677848400
5.492,1,Mar 03 2023 15: +0,1677855600
5.493,2,Mar 03 2023 16: +0,1677859200
6.147,1,Mar 04 2023 02: +0,1677895200
5.793,1,Mar 04 2023 07: +0,1677913200
5.517,1,Mar 04 2023 10: +0,1677924000
5.517,1,Mar 04 2023 16: +0,1677945600
5.708,2,Mar 04 2023 18: +0,1677952800
5.826,2,Mar 04 2023 21: +0,1677963600
5.253,1,Mar 04 2023 22: +0,1677967200
6.06,3,Mar 05 2023 02: +0,1677981600
5.261,2,Mar 05 2023 03: +0,1677985200
5.048,1,Mar 05 2023 16: +0,1678032000
6.32,1,Mar 05 2023 22: +0,1678053600
5.706,1,Mar 05 2023 23: +0,1678057200
5.277,1,Mar 06 2023 01: +0,1678064400
5.211,1,Mar 06 2023 03: +0,1678071600
5.286,1,Mar 06 2023 08: +0,1678089600
4.975,1,Mar 06 2023 10: +0,1678096800
5.269,2,Mar 06 2023 11: +0,1678100400
5.683,1,Mar 06 2023 12: +0,1678104000
5.244,2,Mar 06 2023 19: +0,1678129200
5.335,1,Mar 06 2023 21: +0,1678136400
5.352,4,Mar 06 2023 23: +0,1678143600
5.286,3,Mar 07 2023 02: +0,1678154400
5.956,1,Mar 07 2023 03: +0,1678158000
5.385,1,Mar 07 2023 04: +0,1678161600
5.368,1,Mar 07 2023 21: +0,1678222800
5.666,1,Mar 07 2023 22: +0,1678226400
5.385,1,Mar 08 2023 02: +0,1678240800
5.697,1,Mar 08 2023 09: +0,1678266000
5.352,1,Mar 08 2023 14: +0,1678284000
5.69,1,Mar 08 2023 18: +0,1678298400
5.435,1,Mar 09 2023 00: +0,1678320000
5.352,1,Mar 09 2023 09: +0,1678352400
5.195,2,Mar 09 2023 15: +0,1678374000
4.963,1,Mar 09 2023 16: +0,1678377600
5.368,1,Mar 09 2023 22: +0,1678399200
5.021,1,Mar 10 2023 02: +0,1678413600
5.443,1,Mar 10 2023 04: +0,1678420800
5.443,1,Mar 10 2023 05: +0,1678424400
5.443,1,Mar 10 2023 08: +0,1678435200
5.694,1,Mar 10 2023 12: +0,1678449600
5.53,1,Mar 10 2023 15: +0,1678460400
5.667,1,Mar 10 2023 17: +0,1678467600
5.248,1,Mar 10 2023 21: +0,1678482000
5.426,1,Mar 11 2023 12: +0,1678536000
5.274,1,Mar 11 2023 15: +0,1678546800
4.384,1,Mar 11 2023 18: +0,1678557600
5.29,1,Mar 11 2023 19: +0,1678561200
5.504,1,Mar 11 2023 22: +0,1678572000
5.286,1,Mar 11 2023 23: +0,1678575600
5.335,1,Mar 12 2023 02: +0,1678586400
5.286,1,Mar 12 2023 16: +0,1678636800
5.236,1,Mar 12 2023 21: +0,1678654800
5.302,1,Mar 13 2023 03: +0,1678676400
5.302,1,Mar 13 2023 11: +0,1678705200
5.499,1,Mar 13 2023 14: +0,1678716000
5.162,1,Mar 13 2023 19: +0,1678734000
5.302,1,Mar 13 2023 21: +0,1678741200
5.608,1,Mar 13 2023 23: +0,1678748400
5.517,1,Mar 14 2023 06: +0,1678773600
5.84,10,Mar 14 2023 08: +0,1678780800
6.228,1,Mar 14 2023 19: +0,1678820400
5.374,1,Mar 14 2023 22: +0,1678831200
5.391,1,Mar 15 2023 13: +0,1678885200
6.306,6,Mar 15 2023 16: +0,1678896000
5.814,1,Mar 15 2023 19: +0,1678906800
6.189,1,Mar 15 2023 20: +0,1678910400
6.727,1,Mar 15 2023 21: +0,1678914000
6.92,2,Mar 15 2023 22: +0,1678917600
5.599,1,Mar 16 2023 01: +0,1678928400
5.449,1,Mar 16 2023 04: +0,1678939200
6.319,2,Mar 16 2023 13: +0,1678971600
5.499,1,Mar 16 2023 17: +0,1678986000
5.408,1,Mar 17 2023 11: +0,1679050800
5.499,1,Mar 17 2023 14: +0,1679061600
5.888,1,Mar 17 2023 16: +0,1679068800
5.349,1,Mar 17 2023 22: +0,1679090400
5.031,1,Mar 18 2023 03: +0,1679108400
5.133,1,Mar 18 2023 04: +0,1679112000
5.133,1,Mar 18 2023 12: +0,1679140800
5.098,2,Mar 18 2023 13: +0,1679144400
5.331,1,Mar 18 2023 15: +0,1679151600
4.936,1,Mar 18 2023 17: +0,1679158800
4.993,1,Mar 18 2023 20: +0,1679169600
3.479,1,Mar 19 2023 00: +0,1679184000
5.182,1,Mar 19 2023 01: +0,1679187600
5.261,2,Mar 19 2023 04: +0,1679198400
5.694,2,Mar 19 2023 15: +0,1679238000
5.6,1,Mar 20 2023 13: +0,1679317200
4.824,1,Mar 20 2023 23: +0,1679353200
3.974,1,Mar 21 2023 00: +0,1679356800
5.601,1,Mar 21 2023 01: +0,1679360400
4.996,1,Mar 21 2023 03: +0,1679367600
5.266,1,Mar 21 2023 05: +0,1679374800
5.39,1,Mar 21 2023 07: +0,1679382000
5.686,1,Mar 21 2023 10: +0,1679392800
5.053,1,Mar 21 2023 23: +0,1679439600
5.076,1,Mar 22 2023 06: +0,1679464800
4.939,1,Mar 22 2023 16: +0,1679500800
5.35,1,Mar 22 2023 17: +0,1679504400
5.352,2,Mar 23 2023 03: +0,1679540400
5.682,1,Mar 23 2023 05: +0,1679547600
5.078,1,Mar 23 2023 07: +0,1679554800
5.086,1,Mar 23 2023 16: +0,1679587200
5.111,1,Mar 23 2023 17: +0,1679590800
5.427,2,Mar 23 2023 20: +0,1679601600
5.26,2,Mar 23 2023 22: +0,1679608800
4.706,1,Mar 23 2023 23: +0,1679612400
4.419,1,Mar 24 2023 01: +0,1679619600
5.663,1,Mar 24 2023 03: +0,1679626800
5.564,1,Mar 24 2023 08: +0,1679644800
5.654,1,Mar 24 2023 11: +0,1679655600
5.222,2,Mar 24 2023 17: +0,1679677200
5.131,1,Mar 24 2023 20: +0,1679688000
5.147,1,Mar 24 2023 21: +0,1679691600
5.72,7,Mar 24 2023 22: +0,1679695200
5.114,1,Mar 25 2023 08: +0,1679731200
5.242,1,Mar 25 2023 13: +0,1679749200
4.591,1,Mar 25 2023 17: +0,1679763600
5.647,1,Mar 25 2023 19: +0,1679770800
5.64,1,Mar 25 2023 20: +0,1679774400
5.213,1,Mar 26 2023 06: +0,1679806800
5.014,1,Mar 26 2023 12: +0,1679828400
4.462,1,Mar 26 2023 14: +0,1679835600
4.935,2,Mar 26 2023 17: +0,1679846400
5.421,3,Mar 26 2023 18: +0,1679850000
5.64,2,Mar 26 2023 19: +0,1679853600
5.257,2,Mar 26 2023 21: +0,1679860800
4.962,1,Mar 26 2023 23: +0,1679868000
5.53,1,Mar 27 2023 00: +0,1679871600
4.894,1,Mar 27 2023 02: +0,1679878800
4.666,1,Mar 27 2023 11: +0,1679911200
5.526,1,Mar 27 2023 14: +0,1679922000
4.981,1,Mar 27 2023 22: +0,1679950800
4.845,1,Mar 28 2023 00: +0,1679958000
5.439,1,Mar 28 2023 12: +0,1680001200
5.078,1,Mar 28 2023 15: +0,1680012000
5.831,2,Mar 28 2023 20: +0,1680030000
4.85,1,Mar 29 2023 01: +0,1680048000
5.256,1,Mar 29 2023 02: +0,1680051600
5.651,1,Mar 29 2023 05: +0,1680062400
5.537,1,Mar 29 2023 08: +0,1680073200
5.093,1,Mar 29 2023 09: +0,1680076800
5.595,2,Mar 29 2023 13: +0,1680091200
5.02,1,Mar 29 2023 14: +0,1680094800
5.214,1,Mar 29 2023 17: +0,1680105600
5.602,1,Mar 29 2023 18: +0,1680109200
0.93,1,Mar 29 2023 19: +0,1680112800
5.63,1,Mar 29 2023 20: +0,1680116400
5.998,1,Mar 29 2023 23: +0,1680127200
5.214,1,Mar 30 2023 03: +0,1680141600
5.273,1,Mar 30 2023 10: +0,1680166800
5.174,1,Mar 30 2023 13: +0,1680177600
4.387,1,Mar 30 2023 15: +0,1680184800
6.815,1,Mar 30 2023 17: +0,1680192000
6.022,2,Mar 30 2023 23: +0,1680213600
6.777,1,Mar 31 2023 00: +0,1680217200
6.742,1,Mar 31 2023 03: +0,1680228000
8.231,1,Mar 31 2023 04: +0,1680231600
6.909,1,Mar 31 2023 23: +0,1680300000
5.683,1,Apr 01 2023 00: +0,1680303600
5.414,2,Apr 01 2023 02: +0,1680310800
5.424,2,Apr 01 2023 04: +0,1680318000
6.535,1,Apr 01 2023 10: +0,1680339600
5.78,1,Apr 01 2023 18: +0,1680368400
6.638,1,Apr 01 2023 22: +0,1680382800
6.508,1,Apr 01 2023 23: +0,1680386400
5.764,1,Apr 02 2023 04: +0,1680404400
6.257,2,Apr 02 2023 11: +0,1680429600
5.026,2,Apr 02 2023 12: +0,1680433200
60.629,1,Apr 02 2023 17: +0,1680451200
5.052,1,Apr 02 2023 22: +0,1680469200
5.85,1,Apr 02 2023 23: +0,1680472800
6.629,1,Apr 03 2023 08: +0,1680505200
6.55,1,Apr 03 2023 13: +0,1680523200
5.853,1,Apr 03 2023 15: +0,1680530400
5.72,1,Apr 03 2023 20: +0,1680548400
6.596,1,Apr 04 2023 02: +0,1680570000
5.518,1,Apr 04 2023 08: +0,1680591600
6.478,1,Apr 04 2023 12: +0,1680606000
6.475,1,Apr 04 2023 18: +0,1680627600
5.355,2,Apr 04 2023 22: +0,1680642000
7.309,2,Apr 04 2023 23: +0,1680645600
5.685,2,Apr 05 2023 17: +0,1680710400
6.162,1,Apr 05 2023 18: +0,1680714000
6.178,1,Apr 05 2023 21: +0,1680724800
7.356,1,Apr 06 2023 02: +0,1680742800
6.145,1,Apr 06 2023 04: +0,1680750000
6.757,1,Apr 06 2023 08: +0,1680764400
6.466,1,Apr 06 2023 09: +0,1680768000
6.844,2,Apr 06 2023 17: +0,1680796800
5.944,1,Apr 06 2023 18: +0,1680800400
6.429,3,Apr 06 2023 19: +0,1680804000
6.535,3,Apr 06 2023 20: +0,1680807600
6.318,3,Apr 07 2023 05: +0,1680840000
6.32,1,Apr 07 2023 13: +0,1680868800
6.362,1,Apr 07 2023 21: +0,1680897600
6.161,1,Apr 08 2023 02: +0,1680915600
5.839,1,Apr 08 2023 08: +0,1680937200
5.968,1,Apr 08 2023 09: +0,1680940800
5.637,1,Apr 08 2023 19: +0,1680976800
5.976,2,Apr 08 2023 20: +0,1680980400
6.152,1,Apr 09 2023 01: +0,1680998400
7.068,2,Apr 09 2023 02: +0,1681002000
6.008,1,Apr 09 2023 04: +0,1681009200
6.008,1,Apr 09 2023 05: +0,1681012800
6.0,1,Apr 09 2023 10: +0,1681030800
5.71,1,Apr 09 2023 12: +0,1681038000
5.96,1,Apr 09 2023 14: +0,1681045200
6.056,1,Apr 09 2023 19: +0,1681063200
5.564,1,Apr 09 2023 21: +0,1681070400
5.669,2,Apr 09 2023 23: +0,1681077600
5.847,3,Apr 10 2023 00: +0,1681081200
5.903,1,Apr 10 2023 08: +0,1681110000
6.351,2,Apr 10 2023 09: +0,1681113600
6.055,1,Apr 10 2023 15: +0,1681135200
5.933,1,Apr 10 2023 18: +0,1681146000
5.933,1,Apr 10 2023 20: +0,1681153200
5.27,1,Apr 10 2023 22: +0,1681160400
5.97,2,Apr 10 2023 23: +0,1681164000
5.933,1,Apr 11 2023 08: +0,1681196400
6.111,3,Apr 11 2023 09: +0,1681200000
6.055,1,Apr 11 2023 10: +0,1681203600
5.855,1,Apr 11 2023 17: +0,1681228800
4.813,1,Apr 11 2023 21: +0,1681243200
3.213,1,Apr 12 2023 03: +0,1681264800
6.192,1,Apr 12 2023 13: +0,1681300800
5.613,2,Apr 12 2023 16: +0,1681311600
6.268,1,Apr 12 2023 21: +0,1681329600
5.855,1,Apr 13 2023 01: +0,1681344000
5.863,1,Apr 13 2023 08: +0,1681369200
5.83,1,Apr 13 2023 10: +0,1681376400
5.567,1,Apr 13 2023 12: +0,1681383600
6.256,2,Apr 14 2023 03: +0,1681437600
6.337,1,Apr 14 2023 05: +0,1681444800
6.216,1,Apr 14 2023 18: +0,1681491600
6.207,1,Apr 14 2023 19: +0,1681495200
5.655,1,Apr 14 2023 22: +0,1681506000
6.098,1,Apr 15 2023 00: +0,1681513200
6.248,6,Apr 15 2023 01: +0,1681516800
5.647,1,Apr 15 2023 03: +0,1681524000
6.01,1,Apr 15 2023 13: +0,1681560000
5.966,1,Apr 15 2023 21: +0,1681588800
5.679,1,Apr 15 2023 22: +0,1681592400
6.192,3,Apr 16 2023 00: +0,1681599600
5.96,2,Apr 16 2023 02: +0,1681606800
6.023,1,Apr 16 2023 18: +0,1681664400
6.329,1,Apr 16 2023 22: +0,1681678800
6.614,1,Apr 16 2023 23: +0,1681682400
5.913,1,Apr 17 2023 01: +0,1681689600
6.601,1,Apr 17 2023 02: +0,1681693200
6.601,1,Apr 17 2023 03: +0,1681696800
6.802,1,Apr 17 2023 06: +0,1681707600
5.911,1,Apr 17 2023 07: +0,1681711200
6.779,1,Apr 17 2023 17: +0,1681747200
5.933,1,Apr 17 2023 23: +0,1681768800
5.74,1,Apr 18 2023 07: +0,1681797600
6.08,2,Apr 18 2023 20: +0,1681844400
6.161,1,Apr 19 2023 00: +0,1681858800
6.132,1,Apr 19 2023 01: +0,1681862400
6.509,1,Apr 19 2023 05: +0,1681876800
7.937,1,Apr 19 2023 07: +0,1681884000
6.309,1,Apr 19 2023 11: +0,1681898400
7.474,1,Apr 19 2023 18: +0,1681923600
6.556,2,Apr 20 2023 04: +0,1681959600
6.552,1,Apr 20 2023 11: +0,1681984800
80.593,1,Apr 20 2023 13: +0,1681992000
6.56,1,Apr 20 2023 17: +0,1682006400
6.431,1,Apr 20 2023 22: +0,1682024400
7.503,1,Apr 21 2023 00: +0,1682031600
6.899,3,Apr 21 2023 01: +0,1682035200
7.94,1,Apr 21 2023 04: +0,1682046000
20.301,1,Apr 21 2023 09: +0,1682064000
6.883,4,Apr 21 2023 10: +0,1682067600
7.5,1,Apr 21 2023 17: +0,1682092800
7.104,1,Apr 21 2023 18: +0,1682096400
6.891,1,Apr 21 2023 19: +0,1682100000
7.153,1,Apr 21 2023 21: +0,1682107200
7.092,1,Apr 21 2023 23: +0,1682114400
7.092,1,Apr 22 2023 01: +0,1682121600
6.673,1,Apr 22 2023 06: +0,1682139600
7.026,2,Apr 22 2023 18: +0,1682182800
6.78,1,Apr 22 2023 19: +0,1682186400
6.683,2,Apr 22 2023 20: +0,1682190000
6.355,2,Apr 22 2023 21: +0,1682193600
8.047,1,Apr 22 2023 22: +0,1682197200
6.684,2,Apr 23 2023 02: +0,1682211600
7.208,1,Apr 23 2023 08: +0,1682233200
7.355,1,Apr 23 2023 12: +0,1682247600
6.987,1,Apr 23 2023 22: +0,1682283600
6.225,1,Apr 24 2023 02: +0,1682298000
7.212,1,Apr 24 2023 08: +0,1682319600
6.217,2,Apr 24 2023 10: +0,1682326800
7.353,1,Apr 24 2023 12: +0,1682334000
7.245,1,Apr 24 2023 13: +0,1682337600
7.234,1,Apr 24 2023 14: +0,1682341200
7.488,1,Apr 24 2023 18: +0,1682355600
7.328,2,Apr 24 2023 23: +0,1682373600
6.024,1,Apr 25 2023 01: +0,1682380800
6.177,1,Apr 25 2023 06: +0,1682398800
7.226,1,Apr 25 2023 15: +0,1682431200
6.023,1,Apr 25 2023 18: +0,1682442000
6.62,2,Apr 25 2023 19: +0,1682445600
5.104,1,Apr 25 2023 20: +0,1682449200
6.37,2,Apr 26 2023 01: +0,1682467200
6.837,1,Apr 26 2023 02: +0,1682470800
7.104,1,Apr 26 2023 08: +0,1682492400
5.567,1,Apr 26 2023 18: +0,1682528400
5.559,1,Apr 26 2023 21: +0,1682539200
6.408,1,Apr 27 2023 00: +0,1682550000
5.519,1,Apr 27 2023 01: +0,1682553600
5.311,1,Apr 27 2023 07: +0,1682575200
5.623,1,Apr 27 2023 08: +0,1682578800
5.631,1,Apr 27 2023 14: +0,1682600400
6.872,1,Apr 27 2023 22: +0,1682629200
5.055,1,Apr 28 2023 01: +0,1682640000
5.691,2,Apr 28 2023 03: +0,1682647200
6.518,1,Apr 28 2023 12: +0,1682679600
5.727,1,Apr 28 2023 15: +0,1682690400
6.614,3,Apr 28 2023 18: +0,1682701200
5.703,3,Apr 28 2023 20: +0,1682708400
5.279,1,Apr 29 2023 04: +0,1682737200
4.848,1,Apr 29 2023 14: +0,1682773200
5.833,1,Apr 29 2023 17: +0,1682784000
5.679,1,Apr 29 2023 18: +0,1682787600
6.02,1,Apr 29 2023 23: +0,1682805600
6.029,1,Apr 30 2023 02: +0,1682816400
6.046,1,Apr 30 2023 13: +0,1682856000
6.073,1,Apr 30 2023 14: +0,1682859600
5.703,3,Apr 30 2023 15: +0,1682863200
5.697,1,Apr 30 2023 16: +0,1682866800
6.04,1,Apr 30 2023 18: +0,1682874000
6.411,1,Apr 30 2023 20: +0,1682881200
5.729,1,Apr 30 2023 21: +0,1682884800
5.679,1,May 01 2023 03: +0,1682906400
6.007,1,May 01 2023 04: +0,1682910000
6.007,1,May 01 2023 06: +0,1682917200
5.658,1,May 01 2023 11: +0,1682935200
6.922,1,May 01 2023 12: +0,1682938800
5.567,1,May 01 2023 15: +0,1682949600
5.752,3,May 01 2023 17: +0,1682956800
5.689,2,May 01 2023 18: +0,1682960400
6.309,2,May 01 2023 19: +0,1682964000
6.754,1,May 01 2023 20: +0,1682967600
5.271,1,May 01 2023 21: +0,1682971200
6.905,1,May 01 2023 23: +0,1682978400
6.762,1,May 02 2023 02: +0,1682989200
5.621,1,May 02 2023 06: +0,1683003600
7.073,1,May 02 2023 10: +0,1683018000
5.559,2,May 02 2023 20: +0,1683054000
5.703,1,May 02 2023 21: +0,1683057600
4.011,1,May 02 2023 23: +0,1683064800
6.759,1,May 03 2023 19: +0,1683136800
5.703,1,May 03 2023 20: +0,1683140400
5.751,1,May 03 2023 22: +0,1683147600
9.292,1,May 04 2023 08: +0,1683183600
7.201,1,May 04 2023 14: +0,1683205200
6.09,2,May 04 2023 19: +0,1683223200
6.515,1,May 05 2023 03: +0,1683252000
5.495,1,May 05 2023 07: +0,1683266400
6.324,1,May 05 2023 14: +0,1683291600
5.263,1,May 05 2023 18: +0,1683306000
5.256,1,May 05 2023 20: +0,1683313200
6.13,1,May 05 2023 21: +0,1683316800
5.964,1,May 05 2023 23: +0,1683324000
6.506,8,May 06 2023 00: +0,1683327600
5.748,2,May 06 2023 02: +0,1683334800
5.168,1,May 06 2023 07: +0,1683352800
5.486,1,May 06 2023 09: +0,1683360000
6.381,1,May 06 2023 10: +0,1683363600
5.065,1,May 06 2023 12: +0,1683370800
5.486,3,May 06 2023 18: +0,1683392400
6.106,1,May 06 2023 19: +0,1683396000
6.353,1,May 06 2023 22: +0,1683406800
5.391,1,May 07 2023 03: +0,1683424800
4.593,1,May 07 2023 04: +0,1683428400
6.305,1,May 07 2023 14: +0,1683464400
5.454,1,May 07 2023 18: +0,1683478800
5.814,2,May 07 2023 20: +0,1683486000
5.446,1,May 07 2023 21: +0,1683489600
5.462,1,May 07 2023 22: +0,1683493200
6.855,1,May 08 2023 01: +0,1683504000
4.945,1,May 08 2023 02: +0,1683507600
5.462,1,May 08 2023 05: +0,1683518400
5.698,1,May 08 2023 15: +0,1683554400
5.442,2,May 08 2023 22: +0,1683579600
5.955,1,May 08 2023 23: +0,1683583200
4.982,1,May 09 2023 00: +0,1683586800
5.211,2,May 09 2023 06: +0,1683608400
4.508,1,May 09 2023 11: +0,1683626400
5.144,2,May 09 2023 12: +0,1683630000
5.639,1,May 09 2023 17: +0,1683648000
5.478,1,May 09 2023 20: +0,1683658800
6.001,1,May 09 2023 22: +0,1683666000
5.939,2,May 10 2023 01: +0,1683676800
5.997,1,May 10 2023 10: +0,1683709200
5.0,1,May 10 2023 15: +0,1683727200
5.553,2,May 10 2023 17: +0,1683734400
5.767,2,May 10 2023 21: +0,1683748800
6.53,1,May 11 2023 01: +0,1683763200
6.709,4,May 11 2023 02: +0,1683766800
6.527,1,May 11 2023 13: +0,1683806400
6.637,1,May 11 2023 18: +0,1683824400
5.395,1,May 11 2023 23: +0,1683842400
5.027,1,May 12 2023 15: +0,1683900000
5.579,1,May 12 2023 16: +0,1683903600
5.587,1,May 12 2023 19: +0,1683914400
5.606,1,May 13 2023 00: +0,1683932400
5.595,1,May 13 2023 01: +0,1683936000
5.595,1,May 13 2023 02: +0,1683939600
5.595,1,May 13 2023 05: +0,1683950400
5.843,2,May 13 2023 07: +0,1683957600
5.491,1,May 13 2023 10: +0,1683968400
5.621,1,May 13 2023 11: +0,1683972000
5.003,1,May 13 2023 12: +0,1683975600
6.42,10,May 13 2023 13: +0,1683979200
5.643,1,May 13 2023 17: +0,1683993600
6.668,1,May 13 2023 20: +0,1684004400
5.715,1,May 13 2023 21: +0,1684008000
5.715,1,May 13 2023 22: +0,1684011600
5.715,1,May 13 2023 23: +0,1684015200
5.339,1,May 14 2023 08: +0,1684047600
5.275,1,May 14 2023 12: +0,1684062000
5.589,1,May 14 2023 14: +0,1684069200
5.605,1,May 14 2023 20: +0,1684090800
6.509,10,May 14 2023 21: +0,1684094400
5.189,1,May 15 2023 01: +0,1684108800
5.037,1,May 16 2023 00: +0,1684191600
5.512,1,May 16 2023 01: +0,1684195200
5.037,1,May 16 2023 05: +0,1684209600
6.034,2,May 16 2023 12: +0,1684234800
5.013,1,May 16 2023 13: +0,1684238400
5.885,1,May 16 2023 15: +0,1684245600
6.068,1,May 16 2023 16: +0,1684249200
5.268,1,May 16 2023 18: +0,1684256400
6.529,1,May 16 2023 19: +0,1684260000
5.208,1,May 16 2023 21: +0,1684267200
6.096,1,May 16 2023 23: +0,1684274400
21.734,1,May 17 2023 11: +0,1684317600
4.568,1,May 17 2023 13: +0,1684324800
6.418,6,May 18 2023 03: +0,1684375200
5.378,1,May 18 2023 10: +0,1684400400
6.433,1,May 18 2023 13: +0,1684411200
5.378,1,May 18 2023 15: +0,1684418400
6.005,1,May 18 2023 18: +0,1684429200
6.174,1,May 18 2023 19: +0,1684432800
5.371,1,May 18 2023 20: +0,1684436400
6.191,1,May 18 2023 21: +0,1684440000
6.155,2,May 19 2023 05: +0,1684468800
5.529,1,May 19 2023 06: +0,1684472400
6.32,1,May 19 2023 10: +0,1684486800
6.472,1,May 19 2023 22: +0,1684530000
6.85,1,May 19 2023 23: +0,1684533600
5.557,1,May 20 2023 00: +0,1684537200
5.524,1,May 20 2023 08: +0,1684566000
6.415,1,May 20 2023 09: +0,1684569600
5.371,1,May 20 2023 21: +0,1684612800
5.492,1,May 20 2023 22: +0,1684616400
6.362,1,May 21 2023 06: +0,1684645200
5.433,1,May 21 2023 15: +0,1684677600
7.808,1,May 21 2023 16: +0,1684681200
6.164,1,May 21 2023 22: +0,1684702800
4.935,1,May 22 2023 06: +0,1684731600
6.315,1,May 22 2023 09: +0,1684742400
6.157,4,May 22 2023 12: +0,1684753200
6.068,1,May 22 2023 17: +0,1684771200
5.473,1,May 23 2023 09: +0,1684828800
6.134,1,May 23 2023 11: +0,1684836000
6.267,1,May 23 2023 13: +0,1684843200
5.49,1,May 23 2023 16: +0,1684854000
6.168,1,May 23 2023 17: +0,1684857600
5.908,1,May 23 2023 22: +0,1684875600
7.394,1,May 23 2023 23: +0,1684879200
5.671,1,May 24 2023 14: +0,1684933200
5.091,1,May 24 2023 15: +0,1684936800
12.721,1,May 24 2023 21: +0,1684958400
5.142,1,May 24 2023 22: +0,1684962000
5.671,2,May 24 2023 23: +0,1684965600
5.037,1,May 25 2023 00: +0,1684969200
5.702,2,May 25 2023 15: +0,1685023200
5.506,1,May 25 2023 20: +0,1685041200
6.049,1,May 25 2023 23: +0,1685052000
5.936,1,May 26 2023 02: +0,1685062800
6.065,1,May 26 2023 06: +0,1685077200
6.37,1,May 26 2023 12: +0,1685098800
6.438,1,May 26 2023 20: +0,1685127600
9.331,1,May 26 2023 21: +0,1685131200
6.102,1,May 27 2023 04: +0,1685156400
6.255,1,May 27 2023 05: +0,1685160000
5.888,2,May 27 2023 08: +0,1685170800
6.258,1,May 27 2023 17: +0,1685203200
6.328,1,May 27 2023 20: +0,1685214000
5.758,2,May 27 2023 22: +0,1685221200
6.438,1,May 28 2023 06: +0,1685250000
5.778,1,May 28 2023 07: +0,1685253600
5.81,1,May 28 2023 19: +0,1685296800
6.432,1,May 29 2023 04: +0,1685329200
5.835,2,May 29 2023 08: +0,1685343600
6.033,2,May 29 2023 15: +0,1685368800
5.843,1,May 29 2023 16: +0,1685372400
6.365,4,May 30 2023 01: +0,1685404800
6.118,1,May 30 2023 10: +0,1685437200
5.802,1,May 30 2023 16: +0,1685458800
6.077,1,May 30 2023 20: +0,1685473200
6.326,1,May 31 2023 09: +0,1685520000
5.931,1,May 31 2023 10: +0,1685523600
6.448,1,May 31 2023 20: +0,1685559600
6.445,1,May 31 2023 21: +0,1685563200
6.369,1,Jun 01 2023 12: +0,1685617200
6.374,1,Jun 01 2023 19: +0,1685642400
6.014,1,Jun 02 2023 00: +0,1685660400
5.99,1,Jun 02 2023 02: +0,1685667600
8.945,1,Jun 02 2023 04: +0,1685674800
6.423,1,Jun 02 2023 09: +0,1685692800
6.431,1,Jun 02 2023 13: +0,1685707200
6.49,1,Jun 02 2023 16: +0,1685718000
6.693,2,Jun 02 2023 20: +0,1685732400
5.982,1,Jun 02 2023 21: +0,1685736000
6.772,2,Jun 03 2023 01: +0,1685750400
6.014,1,Jun 03 2023 03: +0,1685757600
6.844,1,Jun 03 2023 04: +0,1685761200
6.03,2,Jun 03 2023 13: +0,1685793600
6.038,1,Jun 03 2023 17: +0,1685808000
6.024,1,Jun 04 2023 05: +0,1685851200
6.016,1,Jun 04 2023 19: +0,1685901600
6.024,1,Jun 05 2023 00: +0,1685919600
6.122,1,Jun 05 2023 11: +0,1685959200
6.112,5,Jun 05 2023 18: +0,1685984400
5.864,1,Jun 06 2023 05: +0,1686024000
6.552,1,Jun 06 2023 13: +0,1686052800
6.398,2,Jun 06 2023 18: +0,1686070800
6.411,1,Jun 06 2023 23: +0,1686088800
5.96,1,Jun 07 2023 04: +0,1686106800
5.592,1,Jun 07 2023 06: +0,1686114000
5.997,2,Jun 07 2023 07: +0,1686117600
5.848,1,Jun 07 2023 14: +0,1686142800
5.84,1,Jun 07 2023 20: +0,1686164400
5.796,2,Jun 08 2023 05: +0,1686196800
5.578,1,Jun 08 2023 07: +0,1686204000
6.759,1,Jun 08 2023 12: +0,1686222000
5.744,1,Jun 08 2023 16: +0,1686236400
5.984,2,Jun 08 2023 17: +0,1686240000
5.98,2,Jun 08 2023 19: +0,1686247200
6.4,1,Jun 08 2023 20: +0,1686250800
6.08,1,Jun 09 2023 05: +0,1686283200
6.072,1,Jun 09 2023 06: +0,1686286800
6.137,1,Jun 09 2023 08: +0,1686294000
7.284,1,Jun 09 2023 10: +0,1686301200
6.421,2,Jun 09 2023 22: +0,1686344400
6.563,1,Jun 10 2023 03: +0,1686362400
7.389,1,Jun 10 2023 06: +0,1686373200
6.811,5,Jun 10 2023 16: +0,1686409200
6.786,1,Jun 11 2023 06: +0,1686459600
6.783,1,Jun 11 2023 10: +0,1686474000
6.794,1,Jun 11 2023 14: +0,1686488400
7.446,1,Jun 11 2023 17: +0,1686499200
7.089,1,Jun 12 2023 03: +0,1686535200
6.436,1,Jun 12 2023 06: +0,1686546000
7.471,1,Jun 12 2023 14: +0,1686574800
7.259,1,Jun 12 2023 20: +0,1686596400
7.264,1,Jun 13 2023 00: +0,1686610800
7.17,1,Jun 13 2023 02: +0,1686618000
7.252,1,Jun 13 2023 08: +0,1686639600
6.91,1,Jun 13 2023 14: +0,1686661200
6.783,1,Jun 13 2023 17: +0,1686672000
7.61,1,Jun 13 2023 18: +0,1686675600
6.91,1,Jun 13 2023 20: +0,1686682800
6.799,3,Jun 13 2023 21: +0,1686686400
6.602,1,Jun 14 2023 14: +0,1686747600
6.602,1,Jun 14 2023 15: +0,1686751200
6.31,1,Jun 14 2023 18: +0,1686762000
6.941,1,Jun 14 2023 20: +0,1686769200
6.436,1,Jun 15 2023 04: +0,1686798000
6.716,2,Jun 15 2023 09: +0,1686816000
7.09,1,Jun 15 2023 19: +0,1686852000
6.763,1,Jun 15 2023 21: +0,1686859200
6.926,1,Jun 16 2023 00: +0,1686870000
8.089,1,Jun 16 2023 17: +0,1686931200
9.75,1,Jun 16 2023 21: +0,1686945600
6.24,1,Jun 17 2023 00: +0,1686956400
7.051,1,Jun 17 2023 04: +0,1686970800
6.209,1,Jun 17 2023 14: +0,1687006800
6.529,1,Jun 17 2023 15: +0,1687010400
4.28,1,Jun 17 2023 16: +0,1687014000
6.49,1,Jun 18 2023 04: +0,1687057200
6.529,1,Jun 18 2023 09: +0,1687075200
5.777,1,Jun 18 2023 18: +0,1687107600
6.162,1,Jun 18 2023 22: +0,1687122000
7.175,1,Jun 19 2023 19: +0,1687197600
6.201,1,Jun 19 2023 21: +0,1687204800
7.23,1,Jun 20 2023 01: +0,1687219200
7.233,1,Jun 20 2023 03: +0,1687226400
6.264,1,Jun 20 2023 23: +0,1687298400
6.523,1,Jun 21 2023 08: +0,1687330800
6.877,1,Jun 21 2023 09: +0,1687334400
6.618,1,Jun 21 2023 14: +0,1687352400
7.192,1,Jun 22 2023 05: +0,1687406400
6.752,1,Jun 22 2023 12: +0,1687431600
6.732,1,Jun 23 2023 00: +0,1687474800
6.284,1,Jun 23 2023 07: +0,1687500000
4.713,1,Jun 23 2023 08: +0,1687503600
6.661,2,Jun 23 2023 13: +0,1687521600
6.449,1,Jun 23 2023 14: +0,1687525200
6.74,1,Jun 23 2023 16: +0,1687532400
5.343,1,Jun 23 2023 21: +0,1687550400
7.388,5,Jun 24 2023 11: +0,1687600800
7.02,2,Jun 24 2023 12: +0,1687604400
6.489,1,Jun 24 2023 14: +0,1687611600
6.292,1,Jun 25 2023 02: +0,1687654800
6.668,1,Jun 25 2023 08: +0,1687676400
5.697,1,Jun 25 2023 10: +0,1687683600
7.692,2,Jun 25 2023 12: +0,1687690800
5.912,2,Jun 25 2023 13: +0,1687694400
5.497,1,Jun 25 2023 18: +0,1687712400
6.675,1,Jun 25 2023 20: +0,1687719600
6.787,1,Jun 26 2023 02: +0,1687741200
6.783,4,Jun 26 2023 11: +0,1687773600
5.503,1,Jun 26 2023 23: +0,1687816800
4.527,1,Jun 27 2023 00: +0,1687820400
6.62,2,Jun 27 2023 20: +0,1687892400
7.553,2,Jun 27 2023 21: +0,1687896000
6.968,1,Jun 27 2023 23: +0,1687903200
6.481,1,Jun 28 2023 11: +0,1687946400
6.418,1,Jun 28 2023 14: +0,1687957200
6.362,2,Jun 28 2023 17: +0,1687968000
6.956,1,Jun 28 2023 23: +0,1687989600
6.394,1,Jun 29 2023 00: +0,1687993200
6.457,1,Jun 29 2023 02: +0,1688000400
6.465,1,Jun 29 2023 05: +0,1688011200
6.957,1,Jun 29 2023 09: +0,1688025600
6.947,2,Jun 29 2023 19: +0,1688061600
6.008,1,Jul 01 2023 03: +0,1688176800
5.801,1,Jul 01 2023 09: +0,1688198400
6.134,1,Jul 01 2023 11: +0,1688205600
6.591,1,Jul 01 2023 13: +0,1688212800
4.904,1,Jul 01 2023 17: +0,1688227200
6.728,1,Jul 01 2023 18: +0,1688230800
6.728,1,Jul 01 2023 19: +0,1688234400
5.716,1,Jul 01 2023 22: +0,1688245200
5.779,2,Jul 01 2023 23: +0,1688248800
4.308,1,Jul 02 2023 00: +0,1688252400
6.668,1,Jul 02 2023 13: +0,1688299200
5.977,2,Jul 02 2023 21: +0,1688328000
5.363,1,Jul 03 2023 14: +0,1688389200
5.928,1,Jul 03 2023 22: +0,1688418000
6.227,1,Jul 04 2023 04: +0,1688439600
5.297,1,Jul 04 2023 16: +0,1688482800
6.397,1,Jul 04 2023 23: +0,1688508000
6.673,2,Jul 05 2023 05: +0,1688529600
6.136,2,Jul 05 2023 10: +0,1688547600
12.479,1,Jul 05 2023 20: +0,1688583600
6.712,1,Jul 06 2023 02: +0,1688605200
8.983,1,Jul 06 2023 11: +0,1688637600
6.937,1,Jul 06 2023 15: +0,1688652000
6.361,1,Jul 06 2023 16: +0,1688655600
4.905,1,Jul 06 2023 23: +0,1688680800
5.486,1,Jul 07 2023 01: +0,1688688000
6.059,2,Jul 07 2023 04: +0,1688698800
4.702,1,Jul 07 2023 22: +0,1688763600
6.35,5,Jul 08 2023 02: +0,1688778000
5.367,1,Jul 08 2023 03: +0,1688781600
5.365,1,Jul 08 2023 16: +0,1688828400
7.237,1,Jul 08 2023 19: +0,1688839200
6.29,2,Jul 09 2023 13: +0,1688904000
5.131,1,Jul 09 2023 23: +0,1688940000
7.142,1,Jul 10 2023 10: +0,1688979600
5.076,1,Jul 10 2023 15: +0,1688997600
5.076,1,Jul 10 2023 21: +0,1689019200
7.941,1,Jul 10 2023 23: +0,1689026400
6.269,1,Jul 11 2023 17: +0,1689091200
5.068,2,Jul 11 2023 22: +0,1689109200
5.385,1,Jul 12 2023 11: +0,1689156000
5.389,1,Jul 12 2023 17: +0,1689177600
5.076,2,Jul 12 2023 19: +0,1689184800
5.076,1,Jul 12 2023 21: +0,1689192000
5.423,1,Jul 12 2023 22: +0,1689195600
5.025,1,Jul 13 2023 15: +0,1689256800
5.422,1,Jul 13 2023 17: +0,1689264000
5.098,2,Jul 13 2023 20: +0,1689274800
5.071,1,Jul 13 2023 22: +0,1689282000
5.04,1,Jul 14 2023 00: +0,1689289200
5.422,1,Jul 14 2023 04: +0,1689303600
5.535,1,Jul 14 2023 06: +0,1689310800
5.227,1,Jul 14 2023 18: +0,1689354000
5.174,1,Jul 15 2023 00: +0,1689375600
5.135,1,Jul 15 2023 01: +0,1689379200
5.227,2,Jul 15 2023 02: +0,1689382800
5.235,1,Jul 15 2023 03: +0,1689386400
5.311,1,Jul 15 2023 05: +0,1689393600
5.227,1,Jul 15 2023 07: +0,1689400800
4.709,1,Jul 15 2023 11: +0,1689415200
5.406,1,Jul 15 2023 19: +0,1689444000
5.436,2,Jul 16 2023 12: +0,1689505200
5.029,1,Jul 16 2023 16: +0,1689519600
5.648,4,Jul 16 2023 19: +0,1689530400
6.089,1,Jul 17 2023 03: +0,1689559200
5.415,1,Jul 17 2023 15: +0,1689602400
4.52,1,Jul 17 2023 20: +0,1689620400
6.126,1,Jul 17 2023 21: +0,1689624000
5.364,1,Jul 18 2023 11: +0,1689674400
5.217,1,Jul 18 2023 13: +0,1689681600
5.477,1,Jul 18 2023 18: +0,1689699600
5.827,1,Jul 18 2023 19: +0,1689703200
5.395,1,Jul 18 2023 20: +0,1689706800
5.279,1,Jul 18 2023 21: +0,1689710400
5.503,1,Jul 19 2023 18: +0,1689786000
5.724,1,Jul 19 2023 19: +0,1689789600
5.525,4,Jul 20 2023 00: +0,1689807600
5.788,1,Jul 20 2023 10: +0,1689843600
5.82,1,Jul 20 2023 16: +0,1689865200
6.631,2,Jul 20 2023 19: +0,1689876000
5.851,1,Jul 20 2023 21: +0,1689883200
5.369,1,Jul 20 2023 22: +0,1689886800
6.264,1,Jul 21 2023 01: +0,1689897600
7.003,1,Jul 21 2023 11: +0,1689933600
5.307,1,Jul 21 2023 12: +0,1689937200
5.525,1,Jul 21 2023 18: +0,1689958800
5.517,1,Jul 21 2023 21: +0,1689969600
5.478,1,Jul 22 2023 01: +0,1689984000
5.974,1,Jul 22 2023 05: +0,1689998400
6.072,1,Jul 22 2023 06: +0,1690002000
4.84,1,Jul 22 2023 18: +0,1690045200
4.86,1,Jul 23 2023 08: +0,1690095600
5.539,1,Jul 23 2023 12: +0,1690110000
5.312,1,Jul 23 2023 21: +0,1690142400
6.271,1,Jul 24 2023 19: +0,1690221600
6.28,1,Jul 24 2023 21: +0,1690228800
5.817,1,Jul 25 2023 17: +0,1690300800
6.263,1,Jul 25 2023 18: +0,1690304400
5.342,1,Jul 27 2023 00: +0,1690412400
12.316,1,Jul 27 2023 01: +0,1690416000
5.737,1,Jul 27 2023 02: +0,1690419600
5.44,1,Jul 27 2023 12: +0,1690455600
6.019,1,Jul 27 2023 16: +0,1690470000
5.813,1,Jul 27 2023 18: +0,1690477200
6.297,2,Jul 28 2023 06: +0,1690520400
5.058,1,Jul 28 2023 08: +0,1690527600
5.864,2,Jul 29 2023 07: +0,1690610400
5.139,1,Jul 29 2023 18: +0,1690650000
5.406,1,Jul 29 2023 23: +0,1690668000
5.194,1,Jul 30 2023 01: +0,1690675200
6.354,1,Jul 30 2023 02: +0,1690678800
5.395,3,Jul 30 2023 11: +0,1690711200
6.256,1,Jul 30 2023 15: +0,1690725600
5.273,1,Jul 30 2023 18: +0,1690736400
6.965,1,Jul 31 2023 04: +0,1690772400
5.248,1,Jul 31 2023 07: +0,1690783200
5.218,1,Jul 31 2023 14: +0,1690808400
5.512,1,Jul 31 2023 17: +0,1690819200
6.264,1,Jul 31 2023 19: +0,1690826400
6.378,6,Jul 31 2023 20: +0,1690830000
5.471,1,Aug 01 2023 01: +0,1690848000
6.453,1,Aug 01 2023 06: +0,1690866000
5.399,1,Aug 01 2023 10: +0,1690880400
6.48,1,Aug 01 2023 12: +0,1690887600
5.729,1,Aug 01 2023 20: +0,1690916400
6.728,1,Aug 03 2023 01: +0,1691020800
5.524,1,Aug 03 2023 13: +0,1691064000
6.54,1,Aug 05 2023 01: +0,1691193600
5.887,1,Aug 05 2023 12: +0,1691233200
6.264,1,Aug 06 2023 00: +0,1691276400
5.367,1,Aug 06 2023 03: +0,1691287200
5.477,1,Aug 06 2023 10: +0,1691312400
5.717,1,Aug 06 2023 18: +0,1691341200
5.587,1,Aug 07 2023 02: +0,1691370000
5.916,1,Aug 07 2023 03: +0,1691373600
5.621,1,Aug 07 2023 04: +0,1691377200
5.61,1,Aug 07 2023 05: +0,1691380800
5.642,1,Aug 07 2023 11: +0,1691402400
5.666,1,Aug 07 2023 12: +0,1691406000
6.061,1,Aug 07 2023 13: +0,1691409600
6.095,1,Aug 07 2023 15: +0,1691416800
5.965,1,Aug 07 2023 22: +0,1691442000
6.047,1,Aug 08 2023 01: +0,1691452800
6.044,2,Aug 08 2023 05: +0,1691467200
5.973,1,Aug 08 2023 13: +0,1691496000
5.58,1,Aug 08 2023 17: +0,1691510400
5.65,1,Aug 08 2023 22: +0,1691528400
6.024,2,Aug 08 2023 23: +0,1691532000
6.238,2,Aug 10 2023 00: +0,1691622000
5.454,1,Aug 10 2023 12: +0,1691665200
6.26,3,Aug 10 2023 21: +0,1691697600
6.516,1,Aug 10 2023 23: +0,1691704800
5.556,1,Aug 11 2023 17: +0,1691769600
6.507,1,Aug 11 2023 20: +0,1691780400
6.107,1,Aug 11 2023 21: +0,1691784000
5.611,1,Aug 11 2023 23: +0,1691791200
5.587,1,Aug 12 2023 04: +0,1691809200
5.178,1,Aug 12 2023 15: +0,1691848800
5.524,1,Aug 12 2023 22: +0,1691874000
6.61,1,Aug 13 2023 04: +0,1691895600
6.471,1,Aug 13 2023 09: +0,1691913600
5.524,1,Aug 13 2023 16: +0,1691938800
6.376,1,Aug 13 2023 18: +0,1691946000
5.753,1,Aug 14 2023 03: +0,1691978400
5.347,2,Aug 14 2023 04: +0,1691982000
6.16,1,Aug 14 2023 07: +0,1691992800
5.249,1,Aug 14 2023 10: +0,1692003600
5.79,1,Aug 14 2023 19: +0,1692036000
5.623,1,Aug 14 2023 22: +0,1692046800
5.79,1,Aug 15 2023 00: +0,1692054000
5.702,1,Aug 15 2023 07: +0,1692079200
5.536,1,Aug 15 2023 10: +0,1692090000
5.274,2,Aug 15 2023 16: +0,1692111600
5.435,3,Aug 15 2023 17: +0,1692115200
5.357,1,Aug 15 2023 22: +0,1692133200
5.775,2,Aug 16 2023 07: +0,1692165600
5.608,1,Aug 16 2023 08: +0,1692169200
6.599,1,Aug 16 2023 11: +0,1692180000
6.31,1,Aug 17 2023 12: +0,1692270000
5.358,2,Aug 17 2023 16: +0,1692284400
5.349,1,Aug 17 2023 21: +0,1692302400
5.304,1,Aug 17 2023 22: +0,1692306000
5.311,1,Aug 18 2023 12: +0,1692356400
5.188,2,Aug 18 2023 21: +0,1692388800
5.113,1,Aug 19 2023 01: +0,1692403200
5.192,1,Aug 19 2023 02: +0,1692406800
5.671,1,Aug 19 2023 16: +0,1692457200
5.713,2,Aug 19 2023 19: +0,1692468000
5.176,1,Aug 19 2023 20: +0,1692471600
5.168,1,Aug 19 2023 22: +0,1692478800
5.576,1,Aug 20 2023 06: +0,1692507600
5.49,2,Aug 20 2023 07: +0,1692511200
5.79,3,Aug 20 2023 11: +0,1692525600
5.184,1,Aug 20 2023 12: +0,1692529200
3.938,1,Aug 20 2023 17: +0,1692547200
3.929,1,Aug 21 2023 02: +0,1692579600
5.501,1,Aug 21 2023 11: +0,1692612000
5.286,1,Aug 21 2023 18: +0,1692637200
5.729,2,Aug 21 2023 23: +0,1692655200
6.527,1,Aug 22 2023 17: +0,1692720000
5.84,2,Aug 22 2023 18: +0,1692723600
6.532,1,Aug 23 2023 09: +0,1692777600
4.96,1,Aug 23 2023 13: +0,1692792000
5.357,1,Aug 24 2023 07: +0,1692856800
4.992,1,Aug 24 2023 09: +0,1692864000
5.46,2,Aug 24 2023 14: +0,1692882000
5.822,1,Aug 24 2023 17: +0,1692892800
6.091,4,Aug 24 2023 23: +0,1692914400
6.211,1,Aug 25 2023 02: +0,1692925200
5.222,1,Aug 25 2023 11: +0,1692957600
6.162,2,Aug 25 2023 12: +0,1692961200
6.28,2,Aug 26 2023 13: +0,1693051200
7.117,1,Aug 27 2023 02: +0,1693098000
5.444,1,Aug 27 2023 12: +0,1693134000
5.143,1,Aug 27 2023 20: +0,1693162800
5.968,1,Aug 27 2023 21: +0,1693166400
5.563,1,Aug 28 2023 07: +0,1693202400
6.135,1,Aug 28 2023 11: +0,1693216800
6.168,1,Aug 28 2023 12: +0,1693220400
5.583,1,Aug 28 2023 13: +0,1693224000
5.441,1,Aug 29 2023 08: +0,1693292400
6.079,1,Aug 29 2023 09: +0,1693296000
6.649,1,Aug 29 2023 10: +0,1693299600
5.527,1,Aug 29 2023 15: +0,1693317600
5.598,1,Aug 30 2023 20: +0,1693422000
5.623,1,Aug 31 2023 04: +0,1693450800
5.527,1,Aug 31 2023 17: +0,1693497600
5.173,1,Aug 31 2023 19: +0,1693504800
6.243,1,Sep 01 2023 05: +0,1693540800
6.68,2,Sep 01 2023 20: +0,1693594800
5.401,1,Sep 01 2023 21: +0,1693598400
6.149,1,Sep 02 2023 00: +0,1693609200
5.472,1,Sep 02 2023 10: +0,1693645200
6.439,1,Sep 02 2023 18: +0,1693674000
5.417,1,Sep 02 2023 20: +0,1693681200
6.894,1,Sep 03 2023 00: +0,1693695600
5.912,2,Sep 03 2023 05: +0,1693713600
6.449,1,Sep 03 2023 11: +0,1693735200
5.61,1,Sep 03 2023 20: +0,1693767600
5.76,2,Sep 03 2023 21: +0,1693771200
6.852,1,Sep 03 2023 22: +0,1693774800
8.565,1,Sep 04 2023 00: +0,1693782000
5.386,1,Sep 04 2023 04: +0,1693796400
5.553,1,Sep 04 2023 14: +0,1693832400
6.71,1,Sep 04 2023 23: +0,1693864800
5.561,1,Sep 05 2023 02: +0,1693875600
5.577,1,Sep 05 2023 10: +0,1693904400
6.593,1,Sep 05 2023 17: +0,1693929600
5.609,1,Sep 05 2023 20: +0,1693940400
6.421,1,Sep 05 2023 22: +0,1693947600
6.398,1,Sep 05 2023 23: +0,1693951200
5.625,1,Sep 06 2023 09: +0,1693987200
5.792,2,Sep 06 2023 10: +0,1693990800
5.529,1,Sep 06 2023 17: +0,1694016000
5.69,1,Sep 06 2023 18: +0,1694019600
5.488,1,Sep 06 2023 22: +0,1694034000
6.704,1,Sep 07 2023 01: +0,1694044800
5.625,1,Sep 07 2023 02: +0,1694048400
5.625,1,Sep 07 2023 03: +0,1694052000
6.752,4,Sep 07 2023 04: +0,1694055600
6.953,1,Sep 07 2023 10: +0,1694077200
5.786,1,Sep 07 2023 11: +0,1694080800
6.376,2,Sep 07 2023 19: +0,1694109600
7.09,1,Sep 08 2023 02: +0,1694134800
5.786,1,Sep 08 2023 12: +0,1694170800
5.601,1,Sep 08 2023 17: +0,1694188800
5.481,1,Sep 08 2023 22: +0,1694206800
6.937,1,Sep 08 2023 23: +0,1694210400
5.748,2,Sep 09 2023 10: +0,1694250000
5.765,1,Sep 09 2023 16: +0,1694271600
5.432,1,Sep 10 2023 03: +0,1694311200
5.77,1,Sep 10 2023 07: +0,1694325600
5.424,1,Sep 10 2023 09: +0,1694332800
5.765,1,Sep 10 2023 12: +0,1694343600
5.392,1,Sep 10 2023 15: +0,1694354400
6.024,1,Sep 10 2023 21: +0,1694376000
6.438,1,Sep 11 2023 08: +0,1694415600
6.035,1,Sep 11 2023 09: +0,1694419200
6.593,1,Sep 11 2023 18: +0,1694451600
5.641,1,Sep 11 2023 21: +0,1694462400
6.602,1,Sep 12 2023 10: +0,1694509200
5.786,1,Sep 12 2023 21: +0,1694548800
6.169,2,Sep 12 2023 22: +0,1694552400
6.451,1,Sep 13 2023 07: +0,1694584800
5.802,1,Sep 13 2023 14: +0,1694610000
5.802,1,Sep 13 2023 16: +0,1694617200
5.802,1,Sep 13 2023 22: +0,1694638800
5.44,1,Sep 14 2023 06: +0,1694667600
5.88,1,Sep 14 2023 08: +0,1694674800
6.377,1,Sep 14 2023 20: +0,1694718000
6.36,1,Sep 14 2023 21: +0,1694721600
6.406,1,Sep 14 2023 23: +0,1694728800
6.378,1,Sep 15 2023 07: +0,1694757600
6.119,1,Sep 15 2023 12: +0,1694775600
6.351,1,Sep 15 2023 16: +0,1694790000
6.924,1,Sep 15 2023 17: +0,1694793600
5.785,1,Sep 15 2023 23: +0,1694815200
5.68,1,Sep 16 2023 02: +0,1694826000
21.013,1,Sep 16 2023 04: +0,1694833200
5.72,1,Sep 16 2023 12: +0,1694862000
6.051,1,Sep 16 2023 13: +0,1694865600
6.068,1,Sep 16 2023 14: +0,1694869200
5.647,1,Sep 16 2023 18: +0,1694883600
5.922,1,Sep 16 2023 19: +0,1694887200
6.229,1,Sep 17 2023 03: +0,1694916000
5.995,2,Sep 17 2023 05: +0,1694923200
5.647,1,Sep 17 2023 06: +0,1694926800
6.089,2,Sep 17 2023 07: +0,1694930400
6.076,1,Sep 17 2023 08: +0,1694934000
6.051,1,Sep 17 2023 11: +0,1694944800
6.887,1,Sep 17 2023 12: +0,1694948400
6.197,2,Sep 17 2023 20: +0,1694977200
6.108,1,Sep 18 2023 06: +0,1695013200
6.019,1,Sep 18 2023 10: +0,1695027600
6.392,1,Sep 18 2023 13: +0,1695038400
6.473,1,Sep 18 2023 19: +0,1695060000
6.499,1,Sep 19 2023 01: +0,1695081600
6.564,1,Sep 19 2023 16: +0,1695135600
6.253,1,Sep 19 2023 22: +0,1695157200
6.556,1,Sep 20 2023 05: +0,1695182400
7.102,11,Sep 20 2023 08: +0,1695193200
7.794,1,Sep 20 2023 10: +0,1695200400
6.425,1,Sep 21 2023 09: +0,1695283200
7.318,2,Sep 21 2023 18: +0,1695315600
5.696,1,Sep 21 2023 22: +0,1695330000
6.409,1,Sep 21 2023 23: +0,1695333600
6.532,1,Sep 22 2023 07: +0,1695362400
7.71,1,Sep 22 2023 10: +0,1695373200
6.409,1,Sep 23 2023 01: +0,1695427200
5.786,2,Sep 24 2023 01: +0,1695513600
6.705,1,Sep 24 2023 16: +0,1695567600
6.977,1,Sep 24 2023 19: +0,1695578400
6.199,1,Sep 25 2023 11: +0,1695636000
5.515,2,Sep 25 2023 17: +0,1695657600
7.306,1,Sep 25 2023 23: +0,1695679200
5.597,1,Sep 26 2023 13: +0,1695729600
8.732,1,Sep 26 2023 18: +0,1695747600
6.306,1,Sep 27 2023 14: +0,1695819600
6.31,1,Sep 27 2023 16: +0,1695826800
5.631,2,Sep 27 2023 22: +0,1695848400
6.335,3,Sep 27 2023 23: +0,1695852000
6.245,1,Sep 28 2023 01: +0,1695859200
6.417,1,Sep 28 2023 02: +0,1695862800
6.505,1,Sep 28 2023 09: +0,1695888000
7.26,1,Sep 28 2023 13: +0,1695902400
6.066,1,Sep 28 2023 14: +0,1695906000
6.296,1,Sep 28 2023 18: +0,1695920400
6.388,2,Sep 28 2023 19: +0,1695924000
4.911,1,Sep 28 2023 20: +0,1695927600
8.033,2,Sep 29 2023 02: +0,1695949200
6.04,1,Sep 29 2023 03: +0,1695952800
6.367,1,Sep 29 2023 11: +0,1695981600
6.494,2,Sep 29 2023 15: +0,1695996000
6.056,1,Sep 29 2023 20: +0,1696014000
6.048,1,Sep 29 2023 21: +0,1696017600
6.306,1,Sep 30 2023 04: +0,1696042800
6.261,1,Sep 30 2023 11: +0,1696068000
6.3,1,Sep 30 2023 12: +0,1696071600
6.037,2,Sep 30 2023 13: +0,1696075200
6.269,1,Sep 30 2023 14: +0,1696078800
6.296,1,Sep 30 2023 15: +0,1696082400
6.261,1,Sep 30 2023 19: +0,1696096800
6.253,1,Sep 30 2023 23: +0,1696111200
6.318,3,Oct 01 2023 00: +0,1696114800
6.081,1,Oct 01 2023 03: +0,1696125600
6.333,1,Oct 01 2023 07: +0,1696140000
6.322,1,Oct 01 2023 08: +0,1696143600
6.516,1,Oct 01 2023 13: +0,1696161600
6.6,3,Oct 01 2023 16: +0,1696172400
7.285,1,Oct 01 2023 17: +0,1696176000
7.374,1,Oct 01 2023 19: +0,1696183200
7.786,1,Oct 01 2023 20: +0,1696186800
6.879,2,Oct 01 2023 21: +0,1696190400
7.407,1,Oct 02 2023 01: +0,1696204800
7.431,1,Oct 02 2023 03: +0,1696212000
9.96,1,Oct 02 2023 05: +0,1696219200
7.341,2,Oct 02 2023 17: +0,1696262400
7.47,1,Oct 02 2023 20: +0,1696273200
7.763,2,Oct 03 2023 00: +0,1696287600
5.558,2,Oct 03 2023 09: +0,1696320000
9.044,1,Oct 03 2023 14: +0,1696338000
6.408,1,Oct 03 2023 17: +0,1696348800
7.331,1,Oct 03 2023 18: +0,1696352400
7.438,2,Oct 03 2023 19: +0,1696356000
7.517,1,Oct 03 2023 21: +0,1696363200
7.459,2,Oct 03 2023 22: +0,1696366800
7.829,2,Oct 04 2023 02: +0,1696381200
8.352,1,Oct 04 2023 06: +0,1696395600
7.741,1,Oct 04 2023 08: +0,1696402800
7.417,1,Oct 04 2023 09: +0,1696406400
7.741,1,Oct 04 2023 12: +0,1696417200
9.13,10,Oct 04 2023 13: +0,1696420800
7.823,2,Oct 04 2023 18: +0,1696438800
8.122,1,Oct 04 2023 21: +0,1696449600
7.553,1,Oct 05 2023 01: +0,1696464000
6.795,1,Oct 05 2023 13: +0,1696507200
7.245,2,Oct 05 2023 15: +0,1696514400
7.034,1,Oct 05 2023 17: +0,1696521600
7.566,1,Oct 05 2023 20: +0,1696532400
7.603,1,Oct 05 2023 23: +0,1696543200
7.809,1,Oct 06 2023 02: +0,1696554000
7.804,1,Oct 06 2023 09: +0,1696579200
7.026,1,Oct 06 2023 19: +0,1696615200
7.139,1,Oct 06 2023 23: +0,1696629600
7.026,1,Oct 07 2023 00: +0,1696633200
7.141,1,Oct 07 2023 01: +0,1696636800
0.85,1,Oct 07 2023 05: +0,1696651200
7.207,1,Oct 07 2023 06: +0,1696654800
7.658,1,Oct 07 2023 09: +0,1696665600
7.89,1,Oct 07 2023 10: +0,1696669200
7.797,1,Oct 07 2023 14: +0,1696683600
4.293,1,Oct 07 2023 20: +0,1696705200
6.971,1,Oct 07 2023 22: +0,1696712400
6.953,1,Oct 08 2023 01: +0,1696723200
6.718,1,Oct 08 2023 05: +0,1696737600
8.268,1,Oct 08 2023 10: +0,1696755600
6.802,1,Oct 08 2023 11: +0,1696759200
6.85,2,Oct 08 2023 13: +0,1696766400
16.315,1,Oct 08 2023 14: +0,1696770000
6.905,1,Oct 08 2023 19: +0,1696788000
7.224,1,Oct 08 2023 21: +0,1696795200
8.938,1,Oct 08 2023 22: +0,1696798800
7.222,1,Oct 08 2023 23: +0,1696802400
8.526,1,Oct 09 2023 02: +0,1696813200
7.007,2,Oct 09 2023 03: +0,1696816800
10.293,1,Oct 09 2023 06: +0,1696827600
7.72,1,Oct 09 2023 10: +0,1696842000
6.873,1,Oct 09 2023 14: +0,1696856400
6.873,1,Oct 09 2023 16: +0,1696863600
6.775,1,Oct 09 2023 22: +0,1696885200
6.692,2,Oct 10 2023 07: +0,1696917600
6.775,1,Oct 10 2023 08: +0,1696921200
6.799,1,Oct 10 2023 13: +0,1696939200
6.734,1,Oct 10 2023 16: +0,1696950000
7.259,1,Oct 10 2023 17: +0,1696953600
7.309,2,Oct 10 2023 22: +0,1696971600
6.734,1,Oct 11 2023 01: +0,1696982400
7.569,1,Oct 11 2023 02: +0,1696986000
7.044,2,Oct 11 2023 04: +0,1696993200
7.327,1,Oct 11 2023 19: +0,1697047200
6.759,1,Oct 11 2023 20: +0,1697050800
7.227,1,Oct 12 2023 03: +0,1697076000
6.783,1,Oct 12 2023 06: +0,1697086800
7.898,1,Oct 12 2023 11: +0,1697104800
7.035,2,Oct 12 2023 16: +0,1697122800
6.799,1,Oct 12 2023 17: +0,1697126400
7.312,1,Oct 12 2023 19: +0,1697133600
7.34,1,Oct 13 2023 02: +0,1697158800
7.82,1,Oct 13 2023 05: +0,1697169600
7.309,1,Oct 13 2023 10: +0,1697187600
7.318,3,Oct 13 2023 16: +0,1697209200
7.318,1,Oct 13 2023 21: +0,1697227200
7.153,1,Oct 13 2023 23: +0,1697234400
5.649,1,Oct 14 2023 05: +0,1697256000
7.318,1,Oct 14 2023 07: +0,1697263200
6.737,1,Oct 14 2023 09: +0,1697270400
7.818,1,Oct 14 2023 12: +0,1697281200
7.185,1,Oct 14 2023 17: +0,1697299200
7.137,1,Oct 14 2023 20: +0,1697310000
7.153,1,Oct 15 2023 00: +0,1697324400
6.676,1,Oct 15 2023 04: +0,1697338800
7.153,1,Oct 15 2023 06: +0,1697346000
7.178,1,Oct 15 2023 07: +0,1697349600
7.317,1,Oct 15 2023 11: +0,1697364000
6.578,1,Oct 15 2023 16: +0,1697382000
6.664,2,Oct 15 2023 17: +0,1697385600
6.405,1,Oct 15 2023 21: +0,1697400000
6.405,1,Oct 16 2023 00: +0,1697410800
6.619,1,Oct 16 2023 02: +0,1697418000
6.898,1,Oct 16 2023 03: +0,1697421600
6.553,1,Oct 16 2023 04: +0,1697425200
6.836,1,Oct 16 2023 10: +0,1697446800
7.044,2,Oct 16 2023 12: +0,1697454000
6.973,1,Oct 16 2023 17: +0,1697472000
6.908,2,Oct 16 2023 20: +0,1697482800
7.869,1,Oct 17 2023 02: +0,1697504400
7.375,1,Oct 17 2023 04: +0,1697511600
7.167,1,Oct 17 2023 09: +0,1697529600
6.651,1,Oct 17 2023 16: +0,1697554800
6.767,2,Oct 17 2023 17: +0,1697558400
7.384,1,Oct 17 2023 18: +0,1697562000
7.314,2,Oct 17 2023 23: +0,1697580000
7.408,1,Oct 18 2023 00: +0,1697583600
7.927,1,Oct 18 2023 09: +0,1697616000
8.046,1,Oct 18 2023 11: +0,1697623200
7.724,1,Oct 18 2023 14: +0,1697634000
6.668,2,Oct 18 2023 16: +0,1697641200
7.635,1,Oct 18 2023 19: +0,1697652000
7.459,2,Oct 19 2023 17: +0,1697731200
7.4,1,Oct 20 2023 00: +0,1697756400
7.362,2,Oct 20 2023 09: +0,1697788800
5.765,1,Oct 20 2023 12: +0,1697799600
7.406,1,Oct 20 2023 13: +0,1697803200
6.536,1,Oct 20 2023 15: +0,1697810400
6.78,1,Oct 20 2023 18: +0,1697821200
7.005,1,Oct 20 2023 21: +0,1697832000
7.25,1,Oct 20 2023 22: +0,1697835600
7.316,1,Oct 21 2023 05: +0,1697860800
15.704,1,Oct 21 2023 06: +0,1697864400
7.167,1,Oct 21 2023 17: +0,1697904000
7.176,1,Oct 21 2023 21: +0,1697918400
4.295,1,Oct 21 2023 22: +0,1697922000
7.299,2,Oct 22 2023 00: +0,1697929200
7.547,1,Oct 22 2023 04: +0,1697943600
7.585,1,Oct 22 2023 06: +0,1697950800
7.736,3,Oct 22 2023 08: +0,1697958000
6.829,1,Oct 22 2023 14: +0,1697979600
7.159,1,Oct 22 2023 18: +0,1697994000
7.806,8,Oct 22 2023 22: +0,1698008400
8.248,1,Oct 23 2023 07: +0,1698040800
6.804,1,Oct 23 2023 20: +0,1698087600
6.804,1,Oct 24 2023 04: +0,1698116400
8.025,1,Oct 24 2023 06: +0,1698123600
6.804,1,Oct 24 2023 13: +0,1698148800
7.524,2,Oct 24 2023 16: +0,1698159600
7.06,1,Oct 25 2023 02: +0,1698195600
6.639,1,Oct 25 2023 04: +0,1698202800
6.701,2,Oct 25 2023 05: +0,1698206400
7.049,1,Oct 25 2023 09: +0,1698220800
5.765,1,Oct 25 2023 10: +0,1698224400
7.103,1,Oct 25 2023 14: +0,1698238800
6.973,1,Oct 25 2023 21: +0,1698264000
6.763,1,Oct 26 2023 00: +0,1698274800
4.805,1,Oct 26 2023 01: +0,1698278400
7.017,1,Oct 26 2023 03: +0,1698285600
6.844,1,Oct 26 2023 16: +0,1698332400
6.433,3,Oct 26 2023 19: +0,1698343200
5.9,1,Oct 26 2023 22: +0,1698354000
6.894,1,Oct 27 2023 00: +0,1698361200
6.98,1,Oct 27 2023 01: +0,1698364800
6.98,1,Oct 27 2023 03: +0,1698372000
8.092,1,Oct 27 2023 09: +0,1698393600
6.126,1,Oct 27 2023 10: +0,1698397200
6.933,1,Oct 27 2023 13: +0,1698408000
5.998,1,Oct 27 2023 14: +0,1698411600
6.412,1,Oct 27 2023 15: +0,1698415200
6.322,1,Oct 27 2023 16: +0,1698418800
6.98,1,Oct 27 2023 18: +0,1698426000
6.992,1,Oct 27 2023 19: +0,1698429600
5.684,1,Oct 28 2023 04: +0,1698462000
10.364,1,Oct 28 2023 11: +0,1698487200
6.111,1,Oct 28 2023 12: +0,1698490800
6.874,1,Oct 28 2023 17: +0,1698508800
5.563,1,Oct 28 2023 20: +0,1698519600
6.412,1,Oct 29 2023 04: +0,1698552000
6.883,1,Oct 29 2023 05: +0,1698555600
6.119,1,Oct 29 2023 08: +0,1698566400
6.972,1,Oct 29 2023 10: +0,1698573600
6.972,1,Oct 29 2023 11: +0,1698577200
7.11,1,Oct 29 2023 15: +0,1698591600
6.103,1,Oct 29 2023 19: +0,1698606000
6.103,1,Oct 29 2023 20: +0,1698609600
5.917,1,Oct 29 2023 21: +0,1698613200
6.704,2,Oct 29 2023 23: +0,1698620400
4.87,1,Oct 30 2023 06: +0,1698645600
6.226,2,Oct 30 2023 07: +0,1698649200
6.912,1,Oct 30 2023 10: +0,1698660000
6.663,2,Oct 30 2023 14: +0,1698674400
6.493,1,Oct 30 2023 19: +0,1698692400
6.917,1,Oct 30 2023 21: +0,1698699600
6.322,1,Oct 31 2023 02: +0,1698717600
6.314,1,Oct 31 2023 15: +0,1698764400
6.726,2,Oct 31 2023 20: +0,1698782400
6.322,1,Oct 31 2023 21: +0,1698786000
6.626,1,Nov 01 2023 04: +0,1698811200
6.304,1,Nov 01 2023 16: +0,1698854400
6.218,1,Nov 01 2023 18: +0,1698861600
6.959,1,Nov 01 2023 20: +0,1698868800
6.347,1,Nov 01 2023 23: +0,1698879600
6.923,1,Nov 02 2023 02: +0,1698890400
7.077,2,Nov 02 2023 03: +0,1698894000
6.674,2,Nov 02 2023 04: +0,1698897600
7.337,1,Nov 03 2023 02: +0,1698976800
6.493,1,Nov 03 2023 05: +0,1698987600
7.203,1,Nov 03 2023 11: +0,1699009200
7.645,2,Nov 03 2023 15: +0,1699023600
6.55,1,Nov 03 2023 16: +0,1699027200
7.835,1,Nov 03 2023 23: +0,1699052400
7.67,1,Nov 05 2023 02: +0,1699149600
7.127,1,Nov 05 2023 14: +0,1699192800
6.71,1,Nov 05 2023 15: +0,1699196400
7.146,1,Nov 05 2023 17: +0,1699203600
7.169,1,Nov 05 2023 22: +0,1699221600
7.791,1,Nov 06 2023 01: +0,1699232400
6.696,1,Nov 06 2023 06: +0,1699250400
6.99,1,Nov 06 2023 15: +0,1699282800
7.186,1,Nov 07 2023 14: +0,1699365600
7.172,1,Nov 07 2023 16: +0,1699372800
6.37,1,Nov 07 2023 21: +0,1699390800
6.246,2,Nov 08 2023 01: +0,1699405200
6.426,1,Nov 08 2023 03: +0,1699412400
6.739,1,Nov 08 2023 10: +0,1699437600
6.923,1,Nov 09 2023 01: +0,1699491600
6.017,1,Nov 09 2023 03: +0,1699498800
6.707,1,Nov 09 2023 08: +0,1699516800
6.434,1,Nov 09 2023 11: +0,1699527600
6.426,1,Nov 09 2023 12: +0,1699531200
6.793,1,Nov 09 2023 23: +0,1699570800
6.811,3,Nov 11 2023 03: +0,1699671600
6.596,2,Nov 11 2023 06: +0,1699682400
6.482,1,Nov 11 2023 21: +0,1699736400
6.511,1,Nov 11 2023 23: +0,1699743600
6.43,1,Nov 12 2023 05: +0,1699765200
6.578,1,Nov 12 2023 13: +0,1699794000
4.918,1,Nov 13 2023 06: +0,1699855200
5.856,1,Nov 13 2023 07: +0,1699858800
6.443,3,Nov 13 2023 14: +0,1699884000
6.448,1,Nov 13 2023 17: +0,1699894800
6.458,1,Nov 13 2023 22: +0,1699912800
6.233,1,Nov 14 2023 12: +0,1699963200
6.442,1,Nov 14 2023 13: +0,1699966800
6.578,1,Nov 14 2023 18: +0,1699984800
6.394,1,Nov 14 2023 19: +0,1699988400
6.305,1,Nov 14 2023 23: +0,1700002800
6.185,1,Nov 15 2023 03: +0,1700017200
6.961,1,Nov 15 2023 05: +0,1700024400
6.499,3,Nov 15 2023 11: +0,1700046000
5.196,1,Nov 15 2023 12: +0,1700049600
5.708,1,Nov 15 2023 13: +0,1700053200
5.836,1,Nov 15 2023 15: +0,1700060400
6.861,1,Nov 15 2023 18: +0,1700071200
7.052,1,Nov 15 2023 19: +0,1700074800
6.915,1,Nov 16 2023 01: +0,1700096400
6.98,1,Nov 16 2023 09: +0,1700125200
6.101,1,Nov 16 2023 13: +0,1700139600
6.361,1,Nov 17 2023 01: +0,1700182800
6.715,1,Nov 17 2023 03: +0,1700190000
5.541,2,Nov 17 2023 14: +0,1700229600
6.068,1,Nov 17 2023 22: +0,1700258400
3.832,1,Nov 18 2023 05: +0,1700283600
6.089,1,Nov 18 2023 07: +0,1700290800
5.696,1,Nov 18 2023 21: +0,1700341200
5.997,1,Nov 18 2023 22: +0,1700344800
5.696,1,Nov 19 2023 05: +0,1700370000
5.676,1,Nov 19 2023 22: +0,1700431200
6.017,1,Nov 20 2023 05: +0,1700456400
6.017,1,Nov 20 2023 15: +0,1700492400
5.816,1,Nov 21 2023 00: +0,1700524800
6.049,1,Nov 21 2023 05: +0,1700542800
6.135,1,Nov 21 2023 08: +0,1700553600
6.702,2,Nov 21 2023 14: +0,1700575200
6.465,1,Nov 21 2023 15: +0,1700578800
5.857,1,Nov 22 2023 10: +0,1700647200
6.286,1,Nov 22 2023 11: +0,1700650800
5.857,1,Nov 22 2023 12: +0,1700654400
5.528,1,Nov 22 2023 17: +0,1700672400
6.254,1,Nov 22 2023 18: +0,1700676000
6.293,1,Nov 23 2023 17: +0,1700758800
6.317,1,Nov 23 2023 19: +0,1700766000
6.37,1,Nov 23 2023 20: +0,1700769600
5.737,1,Nov 23 2023 22: +0,1700776800
6.474,1,Nov 24 2023 04: +0,1700798400
5.386,1,Nov 25 2023 02: +0,1700877600
5.418,1,Nov 25 2023 09: +0,1700902800
6.416,1,Nov 25 2023 10: +0,1700906400
5.673,2,Nov 25 2023 15: +0,1700924400
6.037,1,Nov 25 2023 18: +0,1700935200
6.072,1,Nov 25 2023 19: +0,1700938800
6.595,1,Nov 25 2023 22: +0,1700949600
5.658,1,Nov 26 2023 11: +0,1700996400
5.937,1,Nov 26 2023 18: +0,1701021600
6.027,1,Nov 26 2023 22: +0,1701036000
4.811,1,Nov 26 2023 23: +0,1701039600
5.237,1,Nov 27 2023 01: +0,1701046800
5.414,2,Nov 27 2023 14: +0,1701093600
7.883,1,Nov 27 2023 16: +0,1701100800
5.034,1,Nov 27 2023 17: +0,1701104400
4.938,1,Nov 27 2023 22: +0,1701122400
6.009,1,Nov 27 2023 23: +0,1701126000
6.033,1,Nov 28 2023 01: +0,1701133200
5.357,1,Nov 28 2023 11: +0,1701169200
5.413,1,Nov 28 2023 13: +0,1701176400
5.49,1,Nov 28 2023 16: +0,1701187200
5.413,1,Nov 28 2023 20: +0,1701201600
6.433,1,Nov 29 2023 00: +0,1701216000
5.49,1,Nov 29 2023 03: +0,1701226800
6.626,2,Nov 29 2023 18: +0,1701280800
6.593,1,Nov 29 2023 19: +0,1701284400
6.395,1,Nov 30 2023 12: +0,1701345600
6.395,1,Nov 30 2023 13: +0,1701349200
6.608,1,Nov 30 2023 18: +0,1701367200
6.521,1,Nov 30 2023 19: +0,1701370800
6.561,2,Dec 01 2023 05: +0,1701406800
5.578,1,Dec 01 2023 09: +0,1701421200
5.554,1,Dec 01 2023 22: +0,1701468000
6.631,1,Dec 02 2023 00: +0,1701475200
6.065,1,Dec 03 2023 03: +0,1701572400
5.586,1,Dec 03 2023 05: +0,1701579600
6.152,1,Dec 03 2023 09: +0,1701594000
5.511,1,Dec 03 2023 18: +0,1701626400
5.793,1,Dec 03 2023 19: +0,1701630000
5.146,1,Dec 03 2023 21: +0,1701637200
6.377,1,Dec 04 2023 02: +0,1701655200
6.705,1,Dec 04 2023 04: +0,1701662400
20.719,1,Dec 04 2023 12: +0,1701691200
6.386,1,Dec 04 2023 14: +0,1701698400
5.857,1,Dec 06 2023 09: +0,1701853200
5.857,1,Dec 06 2023 13: +0,1701867600
5.857,1,Dec 06 2023 17: +0,1701882000
6.324,1,Dec 07 2023 02: +0,1701914400
6.129,1,Dec 07 2023 08: +0,1701936000
6.069,1,Dec 08 2023 08: +0,1702022400
5.857,1,Dec 08 2023 11: +0,1702033200
5.729,2,Dec 08 2023 16: +0,1702051200
6.094,1,Dec 09 2023 16: +0,1702137600
3.998,1,Dec 10 2023 08: +0,1702195200
5.873,1,Dec 10 2023 13: +0,1702213200
5.944,1,Dec 11 2023 16: +0,1702310400
6.008,1,Dec 11 2023 19: +0,1702321200
5.921,1,Dec 12 2023 02: +0,1702346400
5.787,1,Dec 12 2023 06: +0,1702360800
5.787,1,Dec 12 2023 10: +0,1702375200
5.748,2,Dec 12 2023 12: +0,1702382400
6.021,1,Dec 12 2023 23: +0,1702422000
5.671,1,Dec 13 2023 02: +0,1702432800
5.945,1,Dec 13 2023 15: +0,1702479600
5.961,1,Dec 14 2023 13: +0,1702558800
6.029,1,Dec 14 2023 17: +0,1702573200
5.953,1,Dec 14 2023 18: +0,1702576800
6.13,1,Dec 14 2023 22: +0,1702591200
5.898,1,Dec 15 2023 03: +0,1702609200
5.653,2,Dec 15 2023 06: +0,1702620000
5.172,1,Dec 15 2023 11: +0,1702638000
6.134,1,Dec 15 2023 19: +0,1702666800
6.104,1,Dec 15 2023 20: +0,1702670400
6.127,1,Dec 16 2023 03: +0,1702695600
5.969,1,Dec 16 2023 19: +0,1702753200
6.024,1,Dec 17 2023 01: +0,1702774800
5.96,1,Dec 17 2023 11: +0,1702810800
4.812,1,Dec 18 2023 06: +0,1702879200
5.519,1,Dec 18 2023 14: +0,1702908000
5.929,1,Dec 18 2023 17: +0,1702918800
6.46,1,Dec 18 2023 22: +0,1702936800
5.139,1,Dec 19 2023 09: +0,1702976400
5.985,2,Dec 19 2023 14: +0,1702994400
5.945,1,Dec 19 2023 23: +0,1703026800
6.0,1,Dec 20 2023 04: +0,1703044800
5.969,1,Dec 20 2023 14: +0,1703080800
5.945,1,Dec 20 2023 15: +0,1703084400
5.997,1,Dec 20 2023 20: +0,1703102400
5.921,1,Dec 20 2023 23: +0,1703113200
6.024,1,Dec 21 2023 03: +0,1703127600
6.063,1,Dec 21 2023 13: +0,1703163600
5.969,1,Dec 21 2023 16: +0,1703174400
6.078,1,Dec 21 2023 19: +0,1703185200
6.384,1,Dec 22 2023 00: +0,1703203200
5.802,1,Dec 22 2023 23: +0,1703286000
5.77,1,Dec 23 2023 18: +0,1703354400
5.075,1,Dec 23 2023 20: +0,1703361600
5.638,1,Dec 23 2023 21: +0,1703365200
6.311,1,Dec 24 2023 03: +0,1703386800
6.203,1,Dec 24 2023 08: +0,1703404800
5.77,1,Dec 24 2023 10: +0,1703412000
5.518,1,Dec 24 2023 14: +0,1703426400
5.668,1,Dec 24 2023 20: +0,1703448000
5.432,1,Dec 24 2023 21: +0,1703451600
5.989,1,Dec 24 2023 23: +0,1703458800
5.854,2,Dec 25 2023 12: +0,1703505600
6.267,1,Dec 25 2023 15: +0,1703516400
5.503,1,Dec 26 2023 01: +0,1703552400
5.495,1,Dec 26 2023 06: +0,1703570400
5.873,2,Dec 26 2023 15: +0,1703602800
5.406,1,Dec 27 2023 13: +0,1703682000
4.988,1,Dec 27 2023 16: +0,1703692800
5.463,1,Dec 27 2023 17: +0,1703696400
6.075,1,Dec 27 2023 19: +0,1703703600
5.503,1,Dec 28 2023 07: +0,1703746800
5.905,2,Dec 28 2023 21: +0,1703797200
5.581,1,Dec 29 2023 00: +0,1703808000
5.676,1,Dec 29 2023 02: +0,1703815200
6.063,2,Dec 29 2023 11: +0,1703847600
6.077,1,Dec 29 2023 17: +0,1703869200
5.981,1,Dec 30 2023 05: +0,1703912400
5.77,1,Dec 30 2023 10: +0,1703930400
6.106,1,Dec 30 2023 11: +0,1703934000
6.091,1,Dec 30 2023 13: +0,1703941200
5.786,1,Dec 30 2023 17: +0,1703955600
3.481,1,Dec 30 2023 22: +0,1703973600
5.668,1,Dec 31 2023 07: +0,1704006000
5.77,1,Dec 31 2023 09: +0,1704013200
5.758,1,Dec 31 2023 22: +0,1704060000
5.907,1,Jan 01 2024 05: +0,1704085200
5.766,1,Jan 01 2024 13: +0,1704114000
5.569,1,Jan 01 2024 21: +0,1704142800
5.787,1,Jan 02 2024 09: +0,1704186000
5.577,1,Jan 03 2024 01: +0,1704243600
5.607,2,Jan 03 2024 03: +0,1704250800
5.789,1,Jan 03 2024 05: +0,1704258000
6.025,1,Jan 03 2024 07: +0,1704265200
4.678,2,Jan 03 2024 22: +0,1704319200
5.53,1,Jan 03 2024 23: +0,1704322800
5.449,1,Jan 04 2024 06: +0,1704348000
5.309,1,Jan 04 2024 12: +0,1704369600
5.375,1,Jan 04 2024 20: +0,1704398400
5.585,1,Jan 05 2024 04: +0,1704427200
5.44,1,Jan 05 2024 11: +0,1704452400
5.703,1,Jan 05 2024 13: +0,1704459600
5.302,1,Jan 06 2024 00: +0,1704499200
5.317,1,Jan 06 2024 01: +0,1704502800
5.333,1,Jan 06 2024 05: +0,1704517200
5.346,1,Jan 06 2024 21: +0,1704574800
5.75,1,Jan 07 2024 03: +0,1704596400
5.573,2,Jan 07 2024 14: +0,1704636000
5.699,1,Jan 07 2024 19: +0,1704654000
5.834,1,Jan 08 2024 16: +0,1704729600
5.561,1,Jan 08 2024 17: +0,1704733200
5.837,1,Jan 08 2024 19: +0,1704740400
5.836,1,Jan 08 2024 23: +0,1704754800
5.86,1,Jan 09 2024 03: +0,1704769200
5.585,1,Jan 09 2024 11: +0,1704798000
5.871,1,Jan 09 2024 13: +0,1704805200
5.932,1,Jan 09 2024 14: +0,1704808800
6.033,1,Jan 09 2024 16: +0,1704816000
6.144,1,Jan 09 2024 19: +0,1704826800
5.84,1,Jan 09 2024 22: +0,1704837600
5.632,1,Jan 10 2024 10: +0,1704880800
4.94,1,Jan 10 2024 17: +0,1704906000
5.618,1,Jan 11 2024 15: +0,1704985200
5.839,1,Jan 11 2024 16: +0,1704988800
5.841,1,Jan 11 2024 20: +0,1705003200
5.984,1,Jan 11 2024 23: +0,1705014000
5.882,1,Jan 12 2024 09: +0,1705050000
5.47,1,Jan 13 2024 02: +0,1705111200
5.391,1,Jan 13 2024 15: +0,1705158000
5.73,1,Jan 13 2024 17: +0,1705165200
5.454,1,Jan 13 2024 20: +0,1705176000
5.389,2,Jan 13 2024 21: +0,1705179600
5.562,1,Jan 14 2024 02: +0,1705197600
5.786,2,Jan 14 2024 06: +0,1705212000
5.794,1,Jan 14 2024 07: +0,1705215600
5.9,1,Jan 14 2024 10: +0,1705226400
5.936,1,Jan 14 2024 11: +0,1705230000
5.794,1,Jan 14 2024 19: +0,1705258800
6.047,1,Jan 15 2024 04: +0,1705291200
6.087,1,Jan 15 2024 22: +0,1705356000
6.057,1,Jan 15 2024 23: +0,1705359600
5.733,1,Jan 16 2024 09: +0,1705395600
6.933,1,Jan 16 2024 17: +0,1705424400
5.991,1,Jan 16 2024 23: +0,1705446000
5.905,1,Jan 17 2024 06: +0,1705471200
6.032,1,Jan 17 2024 09: +0,1705482000
6.058,1,Jan 17 2024 13: +0,1705496400
5.545,2,Jan 17 2024 20: +0,1705521600
5.526,1,Jan 17 2024 21: +0,1705525200
5.149,1,Jan 18 2024 00: +0,1705536000
5.834,1,Jan 18 2024 02: +0,1705543200
5.945,1,Jan 18 2024 06: +0,1705557600
6.031,1,Jan 18 2024 16: +0,1705593600
5.682,1,Jan 19 2024 20: +0,1705694400
5.996,1,Jan 19 2024 21: +0,1705698000
5.536,1,Jan 20 2024 02: +0,1705716000
6.116,1,Jan 20 2024 05: +0,1705726800
5.718,1,Jan 20 2024 06: +0,1705730400
5.992,1,Jan 20 2024 09: +0,1705741200
6.01,1,Jan 20 2024 21: +0,1705784400
5.118,2,Jan 21 2024 21: +0,1705870800
4.582,1,Jan 22 2024 14: +0,1705932000
5.83,1,Jan 22 2024 17: +0,1705942800
5.332,2,Jan 22 2024 18: +0,1705946400
5.528,1,Jan 23 2024 09: +0,1706000400
5.177,1,Jan 23 2024 10: +0,1706004000
5.269,1,Jan 23 2024 21: +0,1706043600
4.889,1,Jan 24 2024 20: +0,1706126400
5.8,1,Jan 24 2024 21: +0,1706130000
5.488,1,Jan 25 2024 04: +0,1706155200
5.298,1,Jan 25 2024 17: +0,1706202000
5.77,1,Jan 26 2024 03: +0,1706238000
5.822,1,Jan 26 2024 05: +0,1706245200
5.893,1,Jan 26 2024 17: +0,1706288400
5.886,1,Jan 26 2024 23: +0,1706310000
5.955,1,Jan 27 2024 04: +0,1706328000
6.027,1,Jan 27 2024 08: +0,1706342400
5.204,2,Jan 27 2024 15: +0,1706367600
6.032,1,Jan 27 2024 16: +0,1706371200
21.474,1,Jan 28 2024 00: +0,1706400000
5.315,1,Jan 28 2024 03: +0,1706410800
5.29,1,Jan 29 2024 13: +0,1706533200
5.277,1,Jan 30 2024 16: +0,1706630400
5.212,1,Jan 30 2024 21: +0,1706648400
5.58,2,Jan 31 2024 00: +0,1706659200
5.077,1,Jan 31 2024 17: +0,1706720400
5.298,1,Jan 31 2024 18: +0,1706724000
5.296,2,Jan 31 2024 23: +0,1706742000
5.029,1,Feb 01 2024 03: +0,1706756400
6.078,1,Feb 01 2024 06: +0,1706767200
5.371,1,Feb 01 2024 10: +0,1706781600
5.371,1,Feb 01 2024 12: +0,1706788800
4.981,1,Feb 01 2024 14: +0,1706796000
5.22,1,Feb 01 2024 16: +0,1706803200
5.507,1,Feb 01 2024 18: +0,1706810400
5.311,2,Feb 02 2024 10: +0,1706868000
5.18,1,Feb 02 2024 14: +0,1706882400
5.543,1,Feb 02 2024 18: +0,1706896800
5.724,2,Feb 02 2024 19: +0,1706900400
5.482,1,Feb 03 2024 04: +0,1706932800
5.498,1,Feb 03 2024 09: +0,1706950800
5.901,1,Feb 03 2024 12: +0,1706961600
5.943,1,Feb 03 2024 18: +0,1706983200
5.482,1,Feb 04 2024 04: +0,1707019200
5.585,1,Feb 04 2024 13: +0,1707051600
5.556,2,Feb 04 2024 14: +0,1707055200
5.76,1,Feb 04 2024 18: +0,1707069600
5.784,1,Feb 05 2024 03: +0,1707102000
7.396,1,Feb 05 2024 08: +0,1707120000
5.521,1,Feb 05 2024 14: +0,1707141600
5.545,1,Feb 06 2024 15: +0,1707231600
5.712,2,Feb 07 2024 04: +0,1707278400
5.885,1,Feb 07 2024 13: +0,1707310800
5.553,1,Feb 07 2024 15: +0,1707318000
5.482,1,Feb 08 2024 00: +0,1707350400
4.878,1,Feb 08 2024 02: +0,1707357600
5.723,1,Feb 08 2024 10: +0,1707386400
5.45,1,Feb 08 2024 14: +0,1707400800
5.434,1,Feb 08 2024 15: +0,1707404400
5.49,1,Feb 08 2024 18: +0,1707415200
5.363,2,Feb 09 2024 10: +0,1707472800
5.299,1,Feb 09 2024 11: +0,1707476400
5.323,1,Feb 09 2024 16: +0,1707494400
5.804,1,Feb 10 2024 14: +0,1707573600
4.796,1,Feb 10 2024 23: +0,1707606000
5.154,1,Feb 11 2024 00: +0,1707609600
5.417,1,Feb 11 2024 02: +0,1707616800
5.417,1,Feb 11 2024 06: +0,1707631200
4.796,1,Feb 12 2024 03: +0,1707706800
4.828,1,Feb 12 2024 08: +0,1707724800
4.989,2,Feb 12 2024 11: +0,1707735600
4.78,1,Feb 12 2024 16: +0,1707753600
4.629,1,Feb 12 2024 17: +0,1707757200
5.019,1,Feb 12 2024 18: +0,1707760800
5.04,1,Feb 12 2024 19: +0,1707764400
5.414,10,Feb 12 2024 21: +0,1707771600
4.929,1,Feb 13 2024 01: +0,1707786000
4.82,1,Feb 13 2024 03: +0,1707793200
5.736,3,Feb 13 2024 04: +0,1707796800
5.019,1,Feb 13 2024 07: +0,1707807600
4.979,1,Feb 13 2024 15: +0,1707836400
5.075,1,Feb 13 2024 19: +0,1707850800
5.075,1,Feb 13 2024 20: +0,1707854400
5.103,2,Feb 14 2024 08: +0,1707897600
5.719,1,Feb 15 2024 14: +0,1708005600
5.067,1,Feb 15 2024 15: +0,1708009200
5.642,2,Feb 15 2024 20: +0,1708027200
5.107,1,Feb 16 2024 04: +0,1708056000
5.099,1,Feb 16 2024 16: +0,1708099200
5.107,1,Feb 16 2024 18: +0,1708106400
5.84,3,Feb 16 2024 22: +0,1708120800
5.579,1,Feb 17 2024 08: +0,1708156800
5.107,1,Feb 17 2024 14: +0,1708178400
5.959,1,Feb 17 2024 17: +0,1708189200
5.82,1,Feb 18 2024 10: +0,1708250400
5.945,10,Feb 19 2024 03: +0,1708311600
4.409,1,Feb 19 2024 14: +0,1708351200
4.859,1,Feb 20 2024 09: +0,1708419600
5.506,1,Feb 20 2024 12: +0,1708430400
5.088,1,Feb 20 2024 16: +0,1708444800
5.26,4,Feb 20 2024 21: +0,1708462800
4.859,1,Feb 20 2024 22: +0,1708466400
5.265,2,Feb 21 2024 02: +0,1708480800
5.574,1,Feb 21 2024 13: +0,1708520400
5.437,1,Feb 21 2024 15: +0,1708527600
4.409,1,Feb 21 2024 20: +0,1708545600
5.293,1,Feb 22 2024 02: +0,1708567200
5.274,1,Feb 22 2024 13: +0,1708606800
5.427,2,Feb 22 2024 20: +0,1708632000
4.607,1,Feb 23 2024 08: +0,1708675200
5.054,1,Feb 23 2024 16: +0,1708704000
5.345,1,Feb 24 2024 06: +0,1708754400
5.782,1,Feb 25 2024 03: +0,1708830000
5.324,1,Feb 25 2024 17: +0,1708880400
5.3,1,Feb 25 2024 18: +0,1708884000
5.356,1,Feb 25 2024 21: +0,1708894800
5.364,1,Feb 26 2024 03: +0,1708916400
5.466,1,Feb 26 2024 13: +0,1708952400
7.861,1,Feb 26 2024 18: +0,1708970400
5.372,1,Feb 26 2024 20: +0,1708977600
5.875,1,Feb 28 2024 04: +0,1709092800
5.237,1,Feb 28 2024 19: +0,1709146800
5.654,1,Feb 28 2024 23: +0,1709161200
5.064,1,Feb 29 2024 03: +0,1709175600
5.379,2,Feb 29 2024 16: +0,1709222400
5.592,1,Feb 29 2024 19: +0,1709233200
6.199,1,Feb 29 2024 21: +0,1709240400
5.127,1,Mar 01 2024 16: +0,1709308800
5.304,1,Mar 02 2024 03: +0,1709348400
4.969,1,Mar 02 2024 13: +0,1709384400
5.463,1,Mar 02 2024 16: +0,1709395200
5.864,2,Mar 02 2024 17: +0,1709398800
5.773,1,Mar 02 2024 22: +0,1709416800
5.344,1,Mar 03 2024 01: +0,1709427600
5.381,1,Mar 03 2024 12: +0,1709467200
4.416,1,Mar 03 2024 22: +0,1709503200
5.36,1,Mar 04 2024 06: +0,1709532000
5.36,1,Mar 04 2024 13: +0,1709557200
6.771,1,Mar 04 2024 23: +0,1709593200
5.024,1,Mar 05 2024 01: +0,1709600400
4.33,1,Mar 05 2024 09: +0,1709629200
5.36,1,Mar 05 2024 16: +0,1709654400
5.274,1,Mar 06 2024 10: +0,1709719200
5.739,1,Mar 06 2024 11: +0,1709722800
5.784,1,Mar 07 2024 08: +0,1709798400
5.804,1,Mar 07 2024 12: +0,1709812800
5.453,1,Mar 08 2024 03: +0,1709866800
5.68,1,Mar 08 2024 17: +0,1709917200
5.652,1,Mar 08 2024 21: +0,1709931600
5.484,1,Mar 09 2024 13: +0,1709989200
5.469,2,Mar 10 2024 01: +0,1710032400
5.399,1,Mar 10 2024 11: +0,1710068400
4.704,1,Mar 10 2024 22: +0,1710108000
5.344,1,Mar 11 2024 12: +0,1710158400
5.835,1,Mar 11 2024 18: +0,1710180000
5.689,1,Mar 13 2024 00: +0,1710288000
5.461,1,Mar 13 2024 08: +0,1710316800
5.615,2,Mar 13 2024 15: +0,1710342000
4.744,1,Mar 14 2024 15: +0,1710428400
5.532,1,Mar 14 2024 20: +0,1710446400
5.507,1,Mar 14 2024 21: +0,1710450000
5.32,1,Mar 15 2024 09: +0,1710493200
5.508,1,Mar 15 2024 16: +0,1710518400
5.051,1,Mar 15 2024 19: +0,1710529200
5.658,1,Mar 16 2024 06: +0,1710568800
5.232,1,Mar 16 2024 15: +0,1710601200
4.98,1,Mar 16 2024 16: +0,1710604800
5.242,1,Mar 16 2024 18: +0,1710612000
4.531,1,Mar 16 2024 22: +0,1710626400
4.807,2,Mar 17 2024 06: +0,1710655200
5.051,1,Mar 17 2024 23: +0,1710716400
5.122,1,Mar 18 2024 00: +0,1710720000
4.76,1,Mar 18 2024 06: +0,1710741600
4.807,1,Mar 18 2024 07: +0,1710745200
4.925,1,Mar 18 2024 23: +0,1710802800
4.87,1,Mar 19 2024 01: +0,1710810000
4.896,2,Mar 19 2024 06: +0,1710828000
4.925,1,Mar 19 2024 15: +0,1710860400
5.122,1,Mar 19 2024 19: +0,1710874800
5.228,2,Mar 20 2024 04: +0,1710907200
5.492,2,Mar 20 2024 23: +0,1710975600
5.074,1,Mar 21 2024 05: +0,1710997200
5.074,1,Mar 21 2024 07: +0,1711004400
5.404,1,Mar 21 2024 20: +0,1711051200
5.07,1,Mar 22 2024 08: +0,1711094400
5.745,1,Mar 22 2024 14: +0,1711116000
5.058,1,Mar 23 2024 04: +0,1711166400
5.066,1,Mar 23 2024 05: +0,1711170000
5.367,1,Mar 24 2024 01: +0,1711242000
5.074,1,Mar 24 2024 09: +0,1711270800
4.591,1,Mar 25 2024 00: +0,1711324800
4.932,2,Mar 25 2024 11: +0,1711364400
5.074,1,Mar 25 2024 14: +0,1711375200
4.552,1,Mar 25 2024 17: +0,1711386000
5.074,1,Mar 25 2024 19: +0,1711393200
5.074,1,Mar 25 2024 22: +0,1711404000
5.22,1,Mar 26 2024 00: +0,1711411200
5.351,1,Mar 26 2024 02: +0,1711418400
5.389,1,Mar 26 2024 13: +0,1711458000
5.546,1,Mar 26 2024 15: +0,1711465200
5.692,1,Mar 26 2024 21: +0,1711486800
5.074,1,Mar 27 2024 07: +0,1711522800
5.211,1,Mar 27 2024 10: +0,1711533600
5.72,2,Mar 27 2024 15: +0,1711551600
5.256,1,Mar 29 2024 16: +0,1711728000
5.367,1,Mar 29 2024 20: +0,1711742400
5.45,2,Mar 29 2024 21: +0,1711746000
4.552,1,Mar 30 2024 00: +0,1711756800
5.391,1,Mar 30 2024 10: +0,1711792800
5.392,2,Mar 30 2024 13: +0,1711803600
5.232,1,Mar 30 2024 22: +0,1711836000
5.232,1,Mar 31 2024 14: +0,1711890000
5.334,1,Mar 31 2024 15: +0,1711893600
5.652,1,Mar 31 2024 21: +0,1711915200
5.344,1,Mar 31 2024 22: +0,1711918800
5.957,1,Apr 01 2024 00: +0,1711926000
5.614,2,Apr 02 2024 01: +0,1712016000
5.673,1,Apr 02 2024 04: +0,1712026800
5.768,3,Apr 03 2024 02: +0,1712106000
5.516,1,Apr 03 2024 03: +0,1712109600
5.784,1,Apr 03 2024 04: +0,1712113200
5.895,3,Apr 03 2024 09: +0,1712131200
5.516,1,Apr 03 2024 21: +0,1712174400
5.953,2,Apr 04 2024 07: +0,1712210400
5.966,1,Apr 04 2024 08: +0,1712214000
5.239,1,Apr 05 2024 00: +0,1712271600
5.558,1,Apr 05 2024 19: +0,1712340000
5.626,1,Apr 05 2024 22: +0,1712350800
5.734,1,Apr 06 2024 02: +0,1712365200
5.461,1,Apr 06 2024 06: +0,1712379600
5.625,1,Apr 06 2024 08: +0,1712386800
6.075,1,Apr 06 2024 12: +0,1712401200
4.984,1,Apr 06 2024 13: +0,1712404800
5.686,1,Apr 06 2024 16: +0,1712415600
6.071,1,Apr 06 2024 17: +0,1712419200
6.25,1,Apr 06 2024 22: +0,1712437200
5.887,1,Apr 07 2024 06: +0,1712466000
5.815,1,Apr 07 2024 14: +0,1712494800
5.871,3,Apr 07 2024 16: +0,1712502000
5.293,1,Apr 07 2024 23: +0,1712527200
6.397,1,Apr 08 2024 11: +0,1712570400
5.63,3,Apr 08 2024 18: +0,1712595600
5.55,1,Apr 09 2024 08: +0,1712646000
5.871,1,Apr 09 2024 10: +0,1712653200
5.887,1,Apr 09 2024 16: +0,1712674800
5.863,1,Apr 09 2024 19: +0,1712685600
5.935,1,Apr 10 2024 04: +0,1712718000
16.047,1,Apr 10 2024 05: +0,1712721600
5.75,1,Apr 10 2024 08: +0,1712732400
5.887,1,Apr 10 2024 16: +0,1712761200
5.871,1,Apr 10 2024 22: +0,1712782800
5.924,1,Apr 10 2024 23: +0,1712786400
5.702,1,Apr 11 2024 07: +0,1712815200
5.863,1,Apr 11 2024 10: +0,1712826000
4.618,1,Apr 11 2024 12: +0,1712833200
5.999,1,Apr 11 2024 13: +0,1712836800
6.168,1,Apr 11 2024 16: +0,1712847600
5.132,1,Apr 11 2024 18: +0,1712854800
6.168,1,Apr 12 2024 17: +0,1712937600
6.24,1,Apr 12 2024 20: +0,1712948400
6.168,1,Apr 13 2024 05: +0,1712980800
5.951,2,Apr 13 2024 15: +0,1713016800
6.023,1,Apr 14 2024 00: +0,1713049200
6.321,1,Apr 14 2024 22: +0,1713128400
6.289,1,Apr 15 2024 11: +0,1713175200
6.216,2,Apr 15 2024 12: +0,1713178800
5.55,1,Apr 15 2024 13: +0,1713182400
6.314,2,Apr 16 2024 19: +0,1713290400
4.449,3,Apr 17 2024 07: +0,1713333600
4.369,1,Apr 17 2024 15: +0,1713362400
5.518,1,Apr 18 2024 10: +0,1713430800
5.501,1,Apr 18 2024 14: +0,1713445200
5.381,1,Apr 18 2024 18: +0,1713459600
5.559,1,Apr 19 2024 10: +0,1713517200
5.012,1,Apr 19 2024 15: +0,1713535200
5.605,1,Apr 19 2024 19: +0,1713549600
5.429,1,Apr 20 2024 07: +0,1713592800
5.421,1,Apr 20 2024 12: +0,1713610800
5.421,1,Apr 20 2024 14: +0,1713618000
5.471,1,Apr 20 2024 16: +0,1713625200
6.364,1,Apr 20 2024 18: +0,1713632400
6.369,1,Apr 21 2024 01: +0,1713657600
5.396,1,Apr 21 2024 20: +0,1713726000
5.54,1,Apr 22 2024 10: +0,1713776400
5.109,1,Apr 22 2024 13: +0,1713787200
5.396,1,Apr 22 2024 16: +0,1713798000
5.955,1,Apr 22 2024 19: +0,1713808800
5.452,2,Apr 23 2024 11: +0,1713866400
5.181,1,Apr 23 2024 17: +0,1713888000
5.428,1,Apr 24 2024 02: +0,1713920400
5.869,1,Apr 24 2024 05: +0,1713931200
5.843,1,Apr 24 2024 07: +0,1713938400
5.866,1,Apr 24 2024 18: +0,1713978000
5.851,1,Apr 25 2024 04: +0,1714014000
5.524,1,Apr 25 2024 12: +0,1714042800
5.109,1,Apr 25 2024 18: +0,1714064400
5.668,1,Apr 26 2024 02: +0,1714093200
5.029,1,Apr 26 2024 05: +0,1714104000
4.877,1,Apr 26 2024 13: +0,1714132800
5.117,1,Apr 26 2024 17: +0,1714147200
5.206,1,Apr 26 2024 20: +0,1714158000
5.332,1,Apr 26 2024 21: +0,1714161600
5.117,1,Apr 26 2024 22: +0,1714165200
5.197,1,Apr 27 2024 03: +0,1714183200
5.205,4,Apr 27 2024 09: +0,1714204800
5.117,1,Apr 27 2024 12: +0,1714215600
5.47,2,Apr 27 2024 20: +0,1714244400
5.213,1,Apr 28 2024 12: +0,1714302000
5.213,1,Apr 28 2024 17: +0,1714320000
5.213,1,Apr 28 2024 19: +0,1714327200
5.811,1,Apr 29 2024 09: +0,1714377600
5.559,1,Apr 29 2024 12: +0,1714388400
5.364,1,Apr 29 2024 23: +0,1714428000
6.067,1,Apr 30 2024 02: +0,1714438800
5.265,2,Apr 30 2024 04: +0,1714446000
5.125,2,Apr 30 2024 08: +0,1714460400
5.682,1,Apr 30 2024 09: +0,1714464000
5.484,1,Apr 30 2024 16: +0,1714489200
5.754,1,May 01 2024 15: +0,1714572000
5.797,1,May 01 2024 19: +0,1714586400
5.187,1,May 02 2024 16: +0,1714662000
5.386,2,May 02 2024 21: +0,1714680000
5.617,1,May 03 2024 10: +0,1714726800
5.702,1,May 03 2024 14: +0,1714741200
5.685,1,May 03 2024 19: +0,1714759200
5.706,1,May 03 2024 21: +0,1714766400
5.283,1,May 04 2024 03: +0,1714788000
5.714,2,May 04 2024 20: +0,1714849200
5.74,1,May 04 2024 22: +0,1714856400
5.943,1,May 05 2024 01: +0,1714867200
5.598,1,May 06 2024 17: +0,1715011200
5.598,1,May 06 2024 18: +0,1715014800
5.662,1,May 06 2024 19: +0,1715018400
5.686,2,May 07 2024 04: +0,1715050800
5.806,1,May 07 2024 15: +0,1715090400
5.83,1,May 07 2024 16: +0,1715094000
5.846,1,May 07 2024 17: +0,1715097600
5.87,1,May 07 2024 19: +0,1715104800
5.788,2,May 07 2024 22: +0,1715115600
5.75,1,May 08 2024 01: +0,1715126400
5.951,2,May 08 2024 11: +0,1715162400
6.031,1,May 08 2024 13: +0,1715169600
9.198,1,May 08 2024 17: +0,1715184000
6.367,1,May 08 2024 20: +0,1715194800
6.443,2,May 08 2024 22: +0,1715202000
6.479,1,May 08 2024 23: +0,1715205600
6.655,1,May 09 2024 03: +0,1715220000
6.747,4,May 09 2024 07: +0,1715234400
6.679,1,May 09 2024 08: +0,1715238000
6.679,1,May 09 2024 09: +0,1715241600
6.639,1,May 09 2024 12: +0,1715252400
6.504,1,May 09 2024 18: +0,1715274000
6.751,1,May 10 2024 07: +0,1715320800
6.393,1,May 10 2024 22: +0,1715374800
6.629,1,May 11 2024 03: +0,1715392800
6.331,1,May 11 2024 17: +0,1715443200
5.903,1,May 12 2024 04: +0,1715482800
6.366,1,May 12 2024 22: +0,1715547600
5.927,1,May 13 2024 14: +0,1715605200
5.872,1,May 13 2024 16: +0,1715612400
4.544,1,May 13 2024 17: +0,1715616000
6.757,1,May 14 2024 01: +0,1715644800
6.156,1,May 15 2024 18: +0,1715792400
6.148,1,May 15 2024 21: +0,1715803200
6.101,1,May 16 2024 03: +0,1715824800
6.117,1,May 16 2024 10: +0,1715850000
6.148,1,May 16 2024 12: +0,1715857200
5.706,1,May 16 2024 14: +0,1715864400
6.124,1,May 16 2024 19: +0,1715882400
6.156,1,May 17 2024 21: +0,1715976000
5.986,2,May 18 2024 15: +0,1716040800
6.06,1,May 19 2024 13: +0,1716120000
5.95,1,May 20 2024 11: +0,1716199200
5.942,1,May 21 2024 17: +0,1716307200
5.98,1,May 22 2024 13: +0,1716379200
11.55,1,May 22 2024 14: +0,1716382800
4.916,1,May 22 2024 15: +0,1716386400
5.765,2,May 23 2024 20: +0,1716490800
5.934,2,May 23 2024 22: +0,1716498000
5.938,1,May 24 2024 10: +0,1716541200
5.42,1,May 24 2024 18: +0,1716570000
5.977,1,May 24 2024 20: +0,1716577200
5.979,1,May 24 2024 21: +0,1716580800
5.964,1,May 26 2024 16: +0,1716735600
6.259,1,May 26 2024 22: +0,1716757200
5.97,1,May 28 2024 03: +0,1716861600
5.577,1,May 28 2024 05: +0,1716868800
5.184,1,May 28 2024 20: +0,1716922800
5.75,1,May 29 2024 03: +0,1716948000
5.75,1,May 29 2024 09: +0,1716969600
6.005,1,May 29 2024 13: +0,1716984000
5.99,1,May 29 2024 21: +0,1717012800
5.758,1,May 30 2024 00: +0,1717023600
5.748,1,May 31 2024 05: +0,1717128000
5.748,1,May 31 2024 11: +0,1717149600
5.717,3,May 31 2024 19: +0,1717178400
5.978,1,Jun 01 2024 09: +0,1717228800
5.89,1,Jun 01 2024 14: +0,1717246800
5.748,1,Jun 01 2024 17: +0,1717257600
5.992,1,Jun 01 2024 18: +0,1717261200
6.062,1,Jun 01 2024 21: +0,1717272000
5.647,1,Jun 02 2024 01: +0,1717286400
5.748,1,Jun 02 2024 11: +0,1717322400
5.96,3,Jun 02 2024 16: +0,1717340400
6.078,1,Jun 02 2024 19: +0,1717351200
6.109,1,Jun 02 2024 20: +0,1717354800
5.748,1,Jun 02 2024 22: +0,1717362000
6.244,1,Jun 02 2024 23: +0,1717365600
6.243,1,Jun 03 2024 00: +0,1717369200
6.337,1,Jun 03 2024 02: +0,1717376400
6.258,1,Jun 03 2024 10: +0,1717405200
6.793,1,Jun 03 2024 22: +0,1717448400
6.875,1,Jun 05 2024 07: +0,1717567200
6.461,1,Jun 06 2024 00: +0,1717628400
6.927,1,Jun 06 2024 06: +0,1717650000
5.924,1,Jun 06 2024 07: +0,1717653600
6.509,1,Jun 06 2024 14: +0,1717678800
6.611,1,Jun 06 2024 20: +0,1717700400
6.709,1,Jun 07 2024 01: +0,1717718400
6.611,1,Jun 07 2024 09: +0,1717747200
6.611,1,Jun 07 2024 11: +0,1717754400
6.713,2,Jun 07 2024 14: +0,1717765200
6.882,1,Jun 07 2024 20: +0,1717786800
6.624,1,Jun 08 2024 00: +0,1717801200
6.868,1,Jun 08 2024 07: +0,1717826400
6.627,1,Jun 08 2024 08: +0,1717830000
6.082,1,Jun 08 2024 19: +0,1717869600
6.09,1,Jun 08 2024 21: +0,1717876800
6.05,1,Jun 08 2024 22: +0,1717880400
6.548,1,Jun 09 2024 02: +0,1717894800
6.843,1,Jun 09 2024 14: +0,1717938000
6.414,1,Jun 09 2024 15: +0,1717941600
6.248,1,Jun 10 2024 03: +0,1717984800
6.248,1,Jun 10 2024 11: +0,1718013600
6.493,2,Jun 10 2024 21: +0,1718049600
6.643,1,Jun 10 2024 23: +0,1718056800
6.248,1,Jun 11 2024 19: +0,1718128800
6.928,1,Jun 12 2024 05: +0,1718164800
5.924,1,Jun 12 2024 14: +0,1718197200
5.932,1,Jun 12 2024 17: +0,1718208000
6.027,1,Jun 12 2024 22: +0,1718226000
6.058,1,Jun 13 2024 03: +0,1718244000
5.96,2,Jun 13 2024 09: +0,1718265600
6.05,1,Jun 13 2024 10: +0,1718269200
6.301,2,Jun 13 2024 16: +0,1718290800
6.079,1,Jun 14 2024 00: +0,1718319600
5.695,1,Jun 14 2024 13: +0,1718366400
6.319,1,Jun 15 2024 05: +0,1718424000
