price,quantity,date,unix timestamp
3.263,1,Oct 27 2021 01: +0,1635292800
0.993,14,Oct 28 2021 01: +0,1635379200
0.716,32,Oct 29 2021 01: +0,1635465600
0.624,27,Oct 30 2021 01: +0,1635552000
0.55,22,Oct 31 2021 01: +0,1635638400
0.566,22,Nov 01 2021 01: +0,1635728400
0.604,15,Nov 02 2021 01: +0,1635814800
0.603,19,Nov 03 2021 01: +0,1635901200
0.646,19,Nov 04 2021 01: +0,1635987600
0.937,23,Nov 05 2021 01: +0,1636074000
0.744,37,Nov 06 2021 01: +0,1636160400
0.656,42,Nov 07 2021 01: +0,1636246800
0.545,34,Nov 08 2021 01: +0,1636333200
0.538,19,Nov 09 2021 01: +0,1636419600
0.501,85,Nov 10 2021 01: +0,1636506000
0.551,23,Nov 11 2021 01: +0,1636592400
0.65,14,Nov 12 2021 01: +0,1636678800
0.629,25,Nov 13 2021 01: +0,1636765200
0.488,17,Nov 14 2021 01: +0,1636851600
0.474,23,Nov 15 2021 01: +0,1636938000
0.453,22,Nov 16 2021 01: +0,1637024400
0.399,33,Nov 17 2021 01: +0,1637110800
0.409,19,Nov 18 2021 01: +0,1637197200
0.369,22,Nov 19 2021 01: +0,1637283600
0.376,20,Nov 20 2021 01: +0,1637370000
0.359,15,Nov 21 2021 01: +0,1637456400
0.334,22,Nov 22 2021 01: +0,1637542800
0.341,21,Nov 23 2021 01: +0,1637629200
0.335,17,Nov 24 2021 01: +0,1637715600
0.325,15,Nov 25 2021 01: +0,1637802000
0.336,30,Nov 26 2021 01: +0,1637888400
0.304,18,Nov 27 2021 01: +0,1637974800
0.353,23,Nov 28 2021 01: +0,1638061200
0.3,11,Nov 29 2021 01: +0,1638147600
0.274,28,Nov 30 2021 01: +0,1638234000
0.243,22,Dec 01 2021 01: +0,1638320400
0.249,18,Dec 02 2021 01: +0,1638406800
0.267,17,Dec 03 2021 01: +0,1638493200
0.294,24,Dec 04 2021 01: +0,1638579600
0.344,16,Dec 05 2021 01: +0,1638666000
0.328,18,Dec 06 2021 01: +0,1638752400
0.291,11,Dec 07 2021 01: +0,1638838800
0.277,17,Dec 08 2021 01: +0,1638925200
0.268,11,Dec 09 2021 01: +0,1639011600
0.271,14,Dec 10 2021 01: +0,1639098000
0.281,17,Dec 11 2021 01: +0,1639184400
0.258,14,Dec 12 2021 01: +0,1639270800
0.243,7,Dec 13 2021 01: +0,1639357200
0.271,20,Dec 14 2021 01: +0,1639443600
0.269,21,Dec 15 2021 01: +0,1639530000
0.278,9,Dec 16 2021 01: +0,1639616400
0.267,12,Dec 17 2021 01: +0,1639702800
0.275,12,Dec 18 2021 01: +0,1639789200
0.262,21,Dec 19 2021 01: +0,1639875600
0.269,14,Dec 20 2021 01: +0,1639962000
0.263,17,Dec 21 2021 01: +0,1640048400
0.247,19,Dec 22 2021 01: +0,1640134800
0.23,13,Dec 23 2021 01: +0,1640221200
0.31,16,Dec 24 2021 01: +0,1640307600
0.286,17,Dec 25 2021 01: +0,1640394000
0.281,15,Dec 26 2021 01: +0,1640480400
0.293,13,Dec 27 2021 01: +0,1640566800
0.29,9,Dec 28 2021 01: +0,1640653200
0.288,27,Dec 29 2021 01: +0,1640739600
0.314,15,Dec 30 2021 01: +0,1640826000
0.343,5,Dec 31 2021 01: +0,1640912400
0.283,12,Jan 01 2022 01: +0,1640998800
0.287,11,Jan 02 2022 01: +0,1641085200
0.308,22,Jan 03 2022 01: +0,1641171600
0.319,10,Jan 04 2022 01: +0,1641258000
0.311,20,Jan 05 2022 01: +0,1641344400
0.309,11,Jan 06 2022 01: +0,1641430800
0.368,18,Jan 07 2022 01: +0,1641517200
0.301,11,Jan 08 2022 01: +0,1641603600
0.307,17,Jan 09 2022 01: +0,1641690000
0.317,10,Jan 10 2022 01: +0,1641776400
0.3,12,Jan 11 2022 01: +0,1641862800
0.306,10,Jan 12 2022 01: +0,1641949200
0.295,12,Jan 13 2022 01: +0,1642035600
0.336,11,Jan 14 2022 01: +0,1642122000
0.316,13,Jan 15 2022 01: +0,1642208400
0.375,16,Jan 16 2022 01: +0,1642294800
0.428,13,Jan 17 2022 01: +0,1642381200
0.472,14,Jan 18 2022 01: +0,1642467600
0.411,8,Jan 19 2022 01: +0,1642554000
0.412,10,Jan 20 2022 01: +0,1642640400
0.398,10,Jan 21 2022 01: +0,1642726800
0.367,11,Jan 22 2022 01: +0,1642813200
0.411,20,Jan 23 2022 01: +0,1642899600
0.342,10,Jan 24 2022 01: +0,1642986000
0.334,14,Jan 25 2022 01: +0,1643072400
0.338,13,Jan 26 2022 01: +0,1643158800
0.341,13,Jan 27 2022 01: +0,1643245200
0.308,14,Jan 28 2022 01: +0,1643331600
0.363,16,Jan 29 2022 01: +0,1643418000
0.377,18,Jan 30 2022 01: +0,1643504400
0.302,15,Jan 31 2022 01: +0,1643590800
0.365,11,Feb 01 2022 01: +0,1643677200
8.586,19,Feb 02 2022 01: +0,1643763600
0.317,11,Feb 03 2022 01: +0,1643850000
0.33,21,Feb 04 2022 01: +0,1643936400
0.336,11,Feb 05 2022 01: +0,1644022800
0.317,17,Feb 06 2022 01: +0,1644109200
0.318,13,Feb 07 2022 01: +0,1644195600
0.332,16,Feb 08 2022 01: +0,1644282000
0.349,8,Feb 09 2022 01: +0,1644368400
0.308,11,Feb 10 2022 01: +0,1644454800
9.56,16,Feb 11 2022 01: +0,1644541200
0.29,12,Feb 12 2022 01: +0,1644627600
0.311,13,Feb 13 2022 01: +0,1644714000
12.85,10,Feb 14 2022 01: +0,1644800400
0.334,23,Feb 15 2022 01: +0,1644886800
0.33,19,Feb 16 2022 01: +0,1644973200
0.314,13,Feb 17 2022 01: +0,1645059600
0.303,15,Feb 18 2022 01: +0,1645146000
0.315,20,Feb 19 2022 01: +0,1645232400
0.318,13,Feb 20 2022 01: +0,1645318800
0.355,14,Feb 21 2022 01: +0,1645405200
0.358,15,Feb 22 2022 01: +0,1645491600
0.349,19,Feb 23 2022 01: +0,1645578000
0.333,14,Feb 24 2022 01: +0,1645664400
0.309,18,Feb 25 2022 01: +0,1645750800
0.352,22,Feb 26 2022 01: +0,1645837200
0.453,10,Feb 27 2022 01: +0,1645923600
0.353,11,Feb 28 2022 01: +0,1646010000
0.405,9,Mar 01 2022 01: +0,1646096400
0.363,9,Mar 02 2022 01: +0,1646182800
0.339,6,Mar 03 2022 01: +0,1646269200
0.345,15,Mar 04 2022 01: +0,1646355600
0.285,9,Mar 05 2022 01: +0,1646442000
0.332,18,Mar 06 2022 01: +0,1646528400
0.319,13,Mar 07 2022 01: +0,1646614800
0.342,10,Mar 08 2022 01: +0,1646701200
0.343,18,Mar 09 2022 01: +0,1646787600
0.338,13,Mar 10 2022 01: +0,1646874000
0.351,10,Mar 11 2022 01: +0,1646960400
0.35,26,Mar 12 2022 01: +0,1647046800
0.345,23,Mar 13 2022 01: +0,1647133200
0.305,10,Mar 14 2022 01: +0,1647219600
0.3,46,Mar 15 2022 01: +0,1647306000
0.319,12,Mar 16 2022 01: +0,1647392400
0.276,13,Mar 17 2022 01: +0,1647478800
0.278,14,Mar 18 2022 01: +0,1647565200
0.3,26,Mar 19 2022 01: +0,1647651600
0.284,16,Mar 20 2022 01: +0,1647738000
0.301,15,Mar 21 2022 01: +0,1647824400
0.306,11,Mar 22 2022 01: +0,1647910800
0.317,10,Mar 23 2022 01: +0,1647997200
0.305,9,Mar 24 2022 01: +0,1648083600
0.294,14,Mar 25 2022 01: +0,1648170000
0.347,17,Mar 26 2022 01: +0,1648256400
0.351,6,Mar 27 2022 01: +0,1648342800
0.328,21,Mar 28 2022 01: +0,1648425600
0.348,14,Mar 29 2022 01: +0,1648512000
0.331,17,Mar 30 2022 01: +0,1648598400
0.318,10,Mar 31 2022 01: +0,1648684800
0.302,14,Apr 01 2022 01: +0,1648771200
0.308,11,Apr 02 2022 01: +0,1648857600
0.294,15,Apr 03 2022 01: +0,1648944000
0.3,7,Apr 04 2022 01: +0,1649030400
0.354,12,Apr 05 2022 01: +0,1649116800
0.337,8,Apr 06 2022 01: +0,1649203200
0.328,9,Apr 07 2022 01: +0,1649289600
0.312,16,Apr 08 2022 01: +0,1649376000
0.305,27,Apr 09 2022 01: +0,1649462400
0.324,8,Apr 10 2022 01: +0,1649548800
0.308,15,Apr 11 2022 01: +0,1649635200
0.319,19,Apr 12 2022 01: +0,1649721600
0.312,12,Apr 13 2022 01: +0,1649808000
0.309,13,Apr 14 2022 01: +0,1649894400
0.306,18,Apr 15 2022 01: +0,1649980800
22.812,13,Apr 16 2022 01: +0,1650067200
0.304,12,Apr 17 2022 01: +0,1650153600
0.294,19,Apr 18 2022 01: +0,1650240000
0.303,17,Apr 19 2022 01: +0,1650326400
0.323,10,Apr 20 2022 01: +0,1650412800
0.286,6,Apr 21 2022 01: +0,1650499200
0.28,16,Apr 22 2022 01: +0,1650585600
0.304,13,Apr 23 2022 01: +0,1650672000
0.279,18,Apr 24 2022 01: +0,1650758400
0.289,5,Apr 25 2022 01: +0,1650844800
0.294,11,Apr 26 2022 01: +0,1650931200
0.278,10,Apr 27 2022 01: +0,1651017600
0.244,7,Apr 28 2022 01: +0,1651104000
0.27,19,Apr 29 2022 01: +0,1651190400
0.279,16,Apr 30 2022 01: +0,1651276800
0.251,17,May 01 2022 01: +0,1651363200
0.263,18,May 02 2022 01: +0,1651449600
0.27,16,May 03 2022 01: +0,1651536000
0.248,18,May 04 2022 01: +0,1651622400
0.245,12,May 05 2022 01: +0,1651708800
0.249,14,May 06 2022 01: +0,1651795200
0.249,9,May 07 2022 01: +0,1651881600
0.246,11,May 08 2022 01: +0,1651968000
0.228,16,May 09 2022 01: +0,1652054400
0.245,21,May 10 2022 01: +0,1652140800
0.222,17,May 11 2022 01: +0,1652227200
0.219,16,May 12 2022 01: +0,1652313600
0.224,25,May 13 2022 01: +0,1652400000
0.198,21,May 14 2022 01: +0,1652486400
0.229,19,May 15 2022 01: +0,1652572800
0.217,11,May 16 2022 01: +0,1652659200
0.24,21,May 17 2022 01: +0,1652745600
0.253,20,May 18 2022 01: +0,1652832000
0.215,18,May 19 2022 01: +0,1652918400
0.236,22,May 20 2022 01: +0,1653004800
0.217,19,May 21 2022 01: +0,1653091200
0.206,31,May 22 2022 01: +0,1653177600
0.207,24,May 23 2022 01: +0,1653264000
0.168,23,May 24 2022 01: +0,1653350400
0.189,27,May 25 2022 01: +0,1653436800
0.197,33,May 26 2022 01: +0,1653523200
0.168,18,May 27 2022 01: +0,1653609600
0.173,22,May 28 2022 01: +0,1653696000
0.168,19,May 29 2022 01: +0,1653782400
0.162,31,May 30 2022 01: +0,1653868800
0.18,19,May 31 2022 01: +0,1653955200
0.181,23,Jun 01 2022 01: +0,1654041600
0.155,13,Jun 02 2022 01: +0,1654128000
0.15,30,Jun 03 2022 01: +0,1654214400
0.147,34,Jun 04 2022 01: +0,1654300800
0.164,20,Jun 05 2022 01: +0,1654387200
0.159,26,Jun 06 2022 01: +0,1654473600
0.159,19,Jun 07 2022 01: +0,1654560000
0.139,31,Jun 08 2022 01: +0,1654646400
0.162,23,Jun 09 2022 01: +0,1654732800
0.159,28,Jun 10 2022 01: +0,1654819200
0.138,16,Jun 11 2022 01: +0,1654905600
0.141,17,Jun 12 2022 01: +0,1654992000
0.141,12,Jun 13 2022 01: +0,1655078400
0.159,16,Jun 14 2022 01: +0,1655164800
0.151,34,Jun 15 2022 01: +0,1655251200
0.14,15,Jun 16 2022 01: +0,1655337600
0.137,17,Jun 17 2022 01: +0,1655424000
0.136,33,Jun 18 2022 01: +0,1655510400
0.138,22,Jun 19 2022 01: +0,1655596800
0.153,15,Jun 20 2022 01: +0,1655683200
0.173,12,Jun 21 2022 01: +0,1655769600
0.135,20,Jun 22 2022 01: +0,1655856000
0.124,25,Jun 23 2022 01: +0,1655942400
10.495,18,Jun 24 2022 01: +0,1656028800
0.138,18,Jun 25 2022 01: +0,1656115200
0.143,11,Jun 26 2022 01: +0,1656201600
0.176,14,Jun 27 2022 01: +0,1656288000
0.153,21,Jun 28 2022 01: +0,1656374400
0.149,13,Jun 29 2022 01: +0,1656460800
0.149,22,Jun 30 2022 01: +0,1656547200
0.143,17,Jul 01 2022 01: +0,1656633600
0.166,22,Jul 02 2022 01: +0,1656720000
0.158,15,Jul 03 2022 01: +0,1656806400
0.151,18,Jul 04 2022 01: +0,1656892800
0.166,14,Jul 05 2022 01: +0,1656979200
0.161,18,Jul 06 2022 01: +0,1657065600
0.147,23,Jul 07 2022 01: +0,1657152000
0.165,14,Jul 08 2022 01: +0,1657238400
0.153,22,Jul 09 2022 01: +0,1657324800
0.193,30,Jul 10 2022 01: +0,1657411200
0.193,20,Jul 11 2022 01: +0,1657497600
0.221,25,Jul 12 2022 01: +0,1657584000
0.214,13,Jul 13 2022 01: +0,1657670400
0.171,16,Jul 14 2022 01: +0,1657756800
0.176,28,Jul 15 2022 01: +0,1657843200
0.166,35,Jul 16 2022 01: +0,1657929600
0.187,16,Jul 17 2022 01: +0,1658016000
0.206,17,Jul 18 2022 01: +0,1658102400
0.177,12,Jul 19 2022 01: +0,1658188800
0.172,13,Jul 20 2022 01: +0,1658275200
0.187,21,Jul 21 2022 01: +0,1658361600
0.168,19,Jul 22 2022 01: +0,1658448000
0.196,14,Jul 23 2022 01: +0,1658534400
0.222,16,Jul 24 2022 01: +0,1658620800
0.238,6,Jul 25 2022 01: +0,1658707200
0.239,19,Jul 26 2022 01: +0,1658793600
0.225,12,Jul 27 2022 01: +0,1658880000
0.201,12,Jul 28 2022 01: +0,1658966400
0.211,15,Jul 29 2022 01: +0,1659052800
0.214,20,Jul 30 2022 01: +0,1659139200
0.227,17,Jul 31 2022 01: +0,1659225600
0.193,15,Aug 01 2022 01: +0,1659312000
0.208,17,Aug 02 2022 01: +0,1659398400
0.2,12,Aug 03 2022 01: +0,1659484800
0.192,15,Aug 04 2022 01: +0,1659571200
0.203,12,Aug 05 2022 01: +0,1659657600
0.208,17,Aug 06 2022 01: +0,1659744000
0.193,17,Aug 07 2022 01: +0,1659830400
0.214,15,Aug 08 2022 01: +0,1659916800
0.205,4,Aug 09 2022 01: +0,1660003200
0.215,26,Aug 10 2022 01: +0,1660089600
0.203,16,Aug 11 2022 01: +0,1660176000
0.204,16,Aug 12 2022 01: +0,1660262400
0.219,21,Aug 13 2022 01: +0,1660348800
0.193,15,Aug 14 2022 01: +0,1660435200
0.209,13,Aug 15 2022 01: +0,1660521600
0.207,23,Aug 16 2022 01: +0,1660608000
0.199,23,Aug 17 2022 01: +0,1660694400
0.203,15,Aug 18 2022 01: +0,1660780800
0.193,31,Aug 19 2022 01: +0,1660867200
0.207,21,Aug 20 2022 01: +0,1660953600
0.179,17,Aug 21 2022 01: +0,1661040000
0.189,17,Aug 22 2022 01: +0,1661126400
0.193,14,Aug 23 2022 01: +0,1661212800
0.197,15,Aug 24 2022 01: +0,1661299200
0.193,24,Aug 25 2022 01: +0,1661385600
0.183,17,Aug 26 2022 01: +0,1661472000
0.195,17,Aug 27 2022 01: +0,1661558400
0.184,22,Aug 28 2022 01: +0,1661644800
0.184,17,Aug 29 2022 01: +0,1661731200
0.184,6,Aug 30 2022 01: +0,1661817600
0.184,19,Aug 31 2022 01: +0,1661904000
0.184,18,Sep 01 2022 01: +0,1661990400
0.182,14,Sep 02 2022 01: +0,1662076800
0.171,17,Sep 03 2022 01: +0,1662163200
0.181,17,Sep 04 2022 01: +0,1662249600
0.171,11,Sep 05 2022 01: +0,1662336000
0.172,20,Sep 06 2022 01: +0,1662422400
0.168,13,Sep 07 2022 01: +0,1662508800
0.172,13,Sep 08 2022 01: +0,1662595200
0.178,13,Sep 09 2022 01: +0,1662681600
0.171,29,Sep 10 2022 01: +0,1662768000
0.17,18,Sep 11 2022 01: +0,1662854400
0.172,12,Sep 12 2022 01: +0,1662940800
0.169,15,Sep 13 2022 01: +0,1663027200
0.16,16,Sep 14 2022 01: +0,1663113600
0.174,17,Sep 15 2022 01: +0,1663200000
0.148,19,Sep 16 2022 01: +0,1663286400
0.161,23,Sep 17 2022 01: +0,1663372800
0.171,16,Sep 18 2022 01: +0,1663459200
0.167,14,Sep 19 2022 01: +0,1663545600
0.168,17,Sep 20 2022 01: +0,1663632000
0.183,18,Sep 21 2022 01: +0,1663718400
0.182,12,Sep 22 2022 01: +0,1663804800
0.18,19,Sep 23 2022 01: +0,1663891200
0.176,20,Sep 24 2022 01: +0,1663977600
0.178,16,Sep 25 2022 01: +0,1664064000
0.185,19,Sep 26 2022 01: +0,1664150400
0.178,11,Sep 27 2022 01: +0,1664236800
0.187,14,Sep 28 2022 01: +0,1664323200
0.172,15,Sep 29 2022 01: +0,1664409600
0.165,19,Sep 30 2022 01: +0,1664496000
0.175,18,Oct 01 2022 01: +0,1664582400
0.165,16,Oct 02 2022 01: +0,1664668800
0.164,10,Oct 03 2022 01: +0,1664755200
0.166,12,Oct 04 2022 01: +0,1664841600
0.166,17,Oct 05 2022 01: +0,1664928000
0.169,13,Oct 06 2022 01: +0,1665014400
0.16,10,Oct 07 2022 01: +0,1665100800
0.153,12,Oct 08 2022 01: +0,1665187200
0.169,14,Oct 09 2022 01: +0,1665273600
0.172,21,Oct 10 2022 01: +0,1665360000
0.168,19,Oct 11 2022 01: +0,1665446400
0.158,13,Oct 12 2022 01: +0,1665532800
0.167,17,Oct 13 2022 01: +0,1665619200
0.138,8,Oct 14 2022 01: +0,1665705600
0.166,30,Oct 15 2022 01: +0,1665792000
0.174,27,Oct 16 2022 01: +0,1665878400
0.172,11,Oct 17 2022 01: +0,1665964800
0.157,27,Oct 18 2022 01: +0,1666051200
0.169,16,Oct 19 2022 01: +0,1666137600
0.179,13,Oct 20 2022 01: +0,1666224000
0.17,13,Oct 21 2022 01: +0,1666310400
0.167,26,Oct 22 2022 01: +0,1666396800
0.164,16,Oct 23 2022 01: +0,1666483200
0.162,14,Oct 24 2022 01: +0,1666569600
0.155,20,Oct 25 2022 01: +0,1666656000
0.139,12,Oct 26 2022 01: +0,1666742400
0.158,21,Oct 27 2022 01: +0,1666828800
0.164,23,Oct 28 2022 01: +0,1666915200
0.164,19,Oct 29 2022 01: +0,1667001600
0.172,10,Oct 30 2022 01: +0,1667088000
0.147,20,Oct 31 2022 01: +0,1667178000
0.157,14,Nov 01 2022 01: +0,1667264400
0.159,12,Nov 02 2022 01: +0,1667350800
0.148,18,Nov 03 2022 01: +0,1667437200
0.16,16,Nov 04 2022 01: +0,1667523600
0.171,21,Nov 05 2022 01: +0,1667610000
0.148,26,Nov 06 2022 01: +0,1667696400
0.146,31,Nov 07 2022 01: +0,1667782800
0.173,15,Nov 08 2022 01: +0,1667869200
0.162,27,Nov 09 2022 01: +0,1667955600
0.131,21,Nov 10 2022 01: +0,1668042000
0.156,27,Nov 11 2022 01: +0,1668128400
0.165,20,Nov 12 2022 01: +0,1668214800
0.171,27,Nov 13 2022 01: +0,1668301200
0.169,15,Nov 14 2022 01: +0,1668387600
0.174,13,Nov 15 2022 01: +0,1668474000
0.173,13,Nov 16 2022 01: +0,1668560400
0.153,12,Nov 17 2022 01: +0,1668646800
0.183,27,Nov 18 2022 01: +0,1668733200
0.21,48,Nov 19 2022 01: +0,1668819600
0.239,27,Nov 20 2022 01: +0,1668906000
0.231,13,Nov 21 2022 01: +0,1668992400
0.246,23,Nov 22 2022 01: +0,1669078800
0.212,23,Nov 23 2022 01: +0,1669165200
0.184,21,Nov 24 2022 01: +0,1669251600
0.182,22,Nov 25 2022 01: +0,1669338000
0.19,14,Nov 26 2022 01: +0,1669424400
0.173,21,Nov 27 2022 01: +0,1669510800
0.154,19,Nov 28 2022 01: +0,1669597200
0.158,25,Nov 29 2022 01: +0,1669683600
0.202,19,Nov 30 2022 01: +0,1669770000
0.144,11,Dec 01 2022 01: +0,1669856400
0.132,22,Dec 02 2022 01: +0,1669942800
0.145,30,Dec 03 2022 01: +0,1670029200
0.154,24,Dec 04 2022 01: +0,1670115600
0.167,20,Dec 05 2022 01: +0,1670202000
0.181,21,Dec 06 2022 01: +0,1670288400
0.176,29,Dec 07 2022 01: +0,1670374800
0.181,24,Dec 08 2022 01: +0,1670461200
0.186,27,Dec 09 2022 01: +0,1670547600
0.205,21,Dec 10 2022 01: +0,1670634000
0.176,14,Dec 11 2022 01: +0,1670720400
0.177,17,Dec 12 2022 01: +0,1670806800
0.185,26,Dec 13 2022 01: +0,1670893200
0.178,23,Dec 14 2022 01: +0,1670979600
0.183,27,Dec 15 2022 01: +0,1671066000
0.168,13,Dec 16 2022 01: +0,1671152400
0.174,19,Dec 17 2022 01: +0,1671238800
0.171,15,Dec 18 2022 01: +0,1671325200
0.162,18,Dec 19 2022 01: +0,1671411600
0.172,23,Dec 20 2022 01: +0,1671498000
0.148,8,Dec 21 2022 01: +0,1671584400
0.152,32,Dec 22 2022 01: +0,1671670800
0.149,21,Dec 23 2022 01: +0,1671757200
0.161,20,Dec 24 2022 01: +0,1671843600
0.154,24,Dec 25 2022 01: +0,1671930000
0.158,20,Dec 26 2022 01: +0,1672016400
0.15,24,Dec 27 2022 01: +0,1672102800
0.152,46,Dec 28 2022 01: +0,1672189200
0.151,24,Dec 29 2022 01: +0,1672275600
0.145,15,Dec 30 2022 01: +0,1672362000
0.156,25,Dec 31 2022 01: +0,1672448400
0.141,20,Jan 01 2023 01: +0,1672534800
0.15,31,Jan 02 2023 01: +0,1672621200
0.14,40,Jan 03 2023 01: +0,1672707600
0.132,36,Jan 04 2023 01: +0,1672794000
0.147,29,Jan 05 2023 01: +0,1672880400
0.159,23,Jan 06 2023 01: +0,1672966800
0.146,22,Jan 07 2023 01: +0,1673053200
0.153,24,Jan 08 2023 01: +0,1673139600
0.142,23,Jan 09 2023 01: +0,1673226000
0.157,26,Jan 10 2023 01: +0,1673312400
0.145,39,Jan 11 2023 01: +0,1673398800
0.156,25,Jan 12 2023 01: +0,1673485200
0.162,26,Jan 13 2023 01: +0,1673571600
0.153,25,Jan 14 2023 01: +0,1673658000
0.159,20,Jan 15 2023 01: +0,1673744400
0.156,26,Jan 16 2023 01: +0,1673830800
0.158,26,Jan 17 2023 01: +0,1673917200
0.159,22,Jan 18 2023 01: +0,1674003600
0.154,18,Jan 19 2023 01: +0,1674090000
0.155,24,Jan 20 2023 01: +0,1674176400
0.158,31,Jan 21 2023 01: +0,1674262800
0.151,21,Jan 22 2023 01: +0,1674349200
15.214,27,Jan 23 2023 01: +0,1674435600
0.153,42,Jan 24 2023 01: +0,1674522000
0.138,48,Jan 25 2023 01: +0,1674608400
0.156,23,Jan 26 2023 01: +0,1674694800
0.164,29,Jan 27 2023 01: +0,1674781200
0.145,30,Jan 28 2023 01: +0,1674867600
0.152,31,Jan 29 2023 01: +0,1674954000
0.153,26,Jan 30 2023 01: +0,1675040400
0.152,34,Jan 31 2023 01: +0,1675126800
0.152,17,Feb 01 2023 01: +0,1675213200
0.146,31,Feb 02 2023 01: +0,1675299600
0.156,43,Feb 03 2023 01: +0,1675386000
0.157,32,Feb 04 2023 01: +0,1675472400
0.173,28,Feb 05 2023 01: +0,1675558800
0.152,26,Feb 06 2023 01: +0,1675645200
0.157,27,Feb 07 2023 01: +0,1675731600
0.158,37,Feb 08 2023 01: +0,1675818000
0.156,34,Feb 09 2023 01: +0,1675904400
0.155,33,Feb 10 2023 01: +0,1675990800
0.153,38,Feb 11 2023 01: +0,1676077200
0.164,43,Feb 12 2023 01: +0,1676163600
0.164,45,Feb 13 2023 01: +0,1676250000
0.234,28,Feb 14 2023 01: +0,1676336400
0.206,1,Feb 14 2023 23: +0,1676415600
0.216,1,Feb 15 2023 00: +0,1676419200
0.215,1,Feb 15 2023 04: +0,1676433600
0.208,1,Feb 15 2023 05: +0,1676437200
0.24,19,Feb 15 2023 07: +0,1676444400
0.405,5,Feb 15 2023 08: +0,1676448000
0.397,1,Feb 15 2023 09: +0,1676451600
0.153,1,Feb 15 2023 13: +0,1676466000
0.258,3,Feb 15 2023 16: +0,1676476800
0.194,1,Feb 15 2023 17: +0,1676480400
0.186,3,Feb 15 2023 18: +0,1676484000
0.2,1,Feb 15 2023 19: +0,1676487600
0.182,1,Feb 15 2023 21: +0,1676494800
0.209,2,Feb 15 2023 22: +0,1676498400
0.201,1,Feb 15 2023 23: +0,1676502000
0.215,1,Feb 16 2023 00: +0,1676505600
0.206,2,Feb 16 2023 01: +0,1676509200
0.163,1,Feb 16 2023 03: +0,1676516400
0.162,2,Feb 16 2023 06: +0,1676527200
0.167,1,Feb 16 2023 10: +0,1676541600
0.16,2,Feb 16 2023 13: +0,1676552400
0.16,2,Feb 16 2023 14: +0,1676556000
0.17,4,Feb 16 2023 15: +0,1676559600
0.183,1,Feb 16 2023 16: +0,1676563200
0.177,2,Feb 16 2023 17: +0,1676566800
0.186,1,Feb 16 2023 18: +0,1676570400
0.221,3,Feb 16 2023 19: +0,1676574000
0.171,2,Feb 16 2023 20: +0,1676577600
0.181,3,Feb 16 2023 21: +0,1676581200
0.191,4,Feb 16 2023 22: +0,1676584800
0.197,1,Feb 17 2023 01: +0,1676595600
0.167,1,Feb 17 2023 05: +0,1676610000
0.163,6,Feb 17 2023 11: +0,1676631600
0.162,5,Feb 17 2023 12: +0,1676635200
0.19,1,Feb 17 2023 13: +0,1676638800
0.177,4,Feb 17 2023 14: +0,1676642400
0.181,5,Feb 17 2023 16: +0,1676649600
0.172,2,Feb 17 2023 18: +0,1676656800
0.166,2,Feb 17 2023 19: +0,1676660400
0.176,2,Feb 17 2023 20: +0,1676664000
0.197,1,Feb 17 2023 21: +0,1676667600
0.192,3,Feb 17 2023 22: +0,1676671200
0.213,1,Feb 18 2023 01: +0,1676682000
0.168,3,Feb 18 2023 02: +0,1676685600
0.138,1,Feb 18 2023 04: +0,1676692800
0.178,1,Feb 18 2023 08: +0,1676707200
0.182,3,Feb 18 2023 09: +0,1676710800
0.192,2,Feb 18 2023 10: +0,1676714400
0.197,1,Feb 18 2023 11: +0,1676718000
0.18,1,Feb 18 2023 12: +0,1676721600
0.176,3,Feb 18 2023 13: +0,1676725200
0.181,4,Feb 18 2023 15: +0,1676732400
0.179,4,Feb 18 2023 16: +0,1676736000
0.183,4,Feb 18 2023 17: +0,1676739600
0.061,1,Feb 18 2023 18: +0,1676743200
0.167,1,Feb 18 2023 19: +0,1676746800
0.176,3,Feb 18 2023 20: +0,1676750400
0.181,4,Feb 18 2023 21: +0,1676754000
0.193,2,Feb 18 2023 23: +0,1676761200
0.206,4,Feb 19 2023 00: +0,1676764800
0.323,5,Feb 19 2023 01: +0,1676768400
0.152,1,Feb 19 2023 02: +0,1676772000
0.174,1,Feb 19 2023 04: +0,1676779200
0.273,1,Feb 19 2023 06: +0,1676786400
0.216,2,Feb 19 2023 08: +0,1676793600
0.129,1,Feb 19 2023 09: +0,1676797200
0.257,1,Feb 19 2023 10: +0,1676800800
0.151,1,Feb 19 2023 11: +0,1676804400
0.202,2,Feb 19 2023 13: +0,1676811600
0.196,3,Feb 19 2023 14: +0,1676815200
0.248,3,Feb 19 2023 15: +0,1676818800
0.249,1,Feb 19 2023 16: +0,1676822400
0.206,2,Feb 19 2023 18: +0,1676829600
0.246,1,Feb 19 2023 20: +0,1676836800
0.095,1,Feb 19 2023 21: +0,1676840400
0.189,3,Feb 19 2023 22: +0,1676844000
0.257,1,Feb 19 2023 23: +0,1676847600
0.199,1,Feb 20 2023 05: +0,1676869200
0.209,1,Feb 20 2023 06: +0,1676872800
0.206,1,Feb 20 2023 07: +0,1676876400
0.214,2,Feb 20 2023 08: +0,1676880000
0.165,1,Feb 20 2023 10: +0,1676887200
0.144,1,Feb 20 2023 12: +0,1676894400
0.185,2,Feb 20 2023 13: +0,1676898000
0.174,1,Feb 20 2023 14: +0,1676901600
0.183,4,Feb 20 2023 15: +0,1676905200
0.175,2,Feb 20 2023 16: +0,1676908800
0.155,4,Feb 20 2023 17: +0,1676912400
0.198,2,Feb 20 2023 18: +0,1676916000
0.187,2,Feb 20 2023 20: +0,1676923200
0.165,1,Feb 20 2023 21: +0,1676926800
0.165,3,Feb 20 2023 22: +0,1676930400
0.165,2,Feb 20 2023 23: +0,1676934000
0.18,1,Feb 21 2023 01: +0,1676941200
0.144,1,Feb 21 2023 02: +0,1676944800
0.192,19,Feb 21 2023 04: +0,1676952000
0.199,1,Feb 21 2023 05: +0,1676955600
0.158,1,Feb 21 2023 07: +0,1676962800
0.145,1,Feb 21 2023 08: +0,1676966400
0.201,2,Feb 21 2023 09: +0,1676970000
0.2,1,Feb 21 2023 10: +0,1676973600
0.2,1,Feb 21 2023 11: +0,1676977200
0.176,2,Feb 21 2023 13: +0,1676984400
0.2,1,Feb 21 2023 14: +0,1676988000
0.165,8,Feb 21 2023 15: +0,1676991600
0.171,10,Feb 21 2023 16: +0,1676995200
0.2,1,Feb 21 2023 17: +0,1676998800
0.165,8,Feb 21 2023 20: +0,1677009600
0.178,2,Feb 21 2023 21: +0,1677013200
0.165,1,Feb 21 2023 23: +0,1677020400
0.141,1,Feb 22 2023 00: +0,1677024000
0.2,1,Feb 22 2023 01: +0,1677027600
0.202,1,Feb 22 2023 02: +0,1677031200
0.165,1,Feb 22 2023 03: +0,1677034800
0.181,1,Feb 22 2023 05: +0,1677042000
0.157,1,Feb 22 2023 06: +0,1677045600
0.209,1,Feb 22 2023 07: +0,1677049200
0.196,2,Feb 22 2023 09: +0,1677056400
0.199,1,Feb 22 2023 11: +0,1677063600
0.165,1,Feb 22 2023 13: +0,1677070800
0.165,5,Feb 22 2023 14: +0,1677074400
0.157,1,Feb 22 2023 15: +0,1677078000
0.184,3,Feb 22 2023 17: +0,1677085200
0.195,5,Feb 22 2023 18: +0,1677088800
0.204,2,Feb 22 2023 19: +0,1677092400
0.168,2,Feb 22 2023 23: +0,1677106800
0.203,1,Feb 23 2023 00: +0,1677110400
0.198,1,Feb 23 2023 01: +0,1677114000
0.199,1,Feb 23 2023 03: +0,1677121200
0.209,1,Feb 23 2023 05: +0,1677128400
0.21,1,Feb 23 2023 06: +0,1677132000
0.198,1,Feb 23 2023 09: +0,1677142800
0.2,1,Feb 23 2023 11: +0,1677150000
0.194,3,Feb 23 2023 13: +0,1677157200
0.18,2,Feb 23 2023 14: +0,1677160800
0.172,1,Feb 23 2023 15: +0,1677164400
0.171,1,Feb 23 2023 16: +0,1677168000
0.198,3,Feb 23 2023 17: +0,1677171600
0.212,1,Feb 23 2023 18: +0,1677175200
0.144,2,Feb 23 2023 19: +0,1677178800
0.18,2,Feb 23 2023 21: +0,1677186000
0.185,2,Feb 23 2023 23: +0,1677193200
0.162,1,Feb 24 2023 00: +0,1677196800
0.201,2,Feb 24 2023 02: +0,1677204000
0.179,3,Feb 24 2023 07: +0,1677222000
0.167,3,Feb 24 2023 08: +0,1677225600
0.164,2,Feb 24 2023 11: +0,1677236400
0.166,3,Feb 24 2023 12: +0,1677240000
0.163,3,Feb 24 2023 14: +0,1677247200
0.181,2,Feb 24 2023 15: +0,1677250800
0.171,2,Feb 24 2023 16: +0,1677254400
0.166,2,Feb 24 2023 17: +0,1677258000
0.19,13,Feb 24 2023 18: +0,1677261600
0.174,4,Feb 24 2023 19: +0,1677265200
0.165,4,Feb 24 2023 20: +0,1677268800
0.198,5,Feb 24 2023 21: +0,1677272400
0.197,1,Feb 24 2023 22: +0,1677276000
0.198,1,Feb 25 2023 01: +0,1677286800
0.176,2,Feb 25 2023 03: +0,1677294000
0.165,2,Feb 25 2023 06: +0,1677304800
0.167,1,Feb 25 2023 09: +0,1677315600
0.13,1,Feb 25 2023 11: +0,1677322800
0.168,2,Feb 25 2023 13: +0,1677330000
0.171,3,Feb 25 2023 14: +0,1677333600
0.162,2,Feb 25 2023 15: +0,1677337200
0.171,10,Feb 25 2023 16: +0,1677340800
0.17,2,Feb 25 2023 17: +0,1677344400
0.168,4,Feb 25 2023 18: +0,1677348000
0.162,1,Feb 25 2023 19: +0,1677351600
0.172,2,Feb 25 2023 21: +0,1677358800
0.185,2,Feb 25 2023 22: +0,1677362400
0.183,1,Feb 25 2023 23: +0,1677366000
0.156,1,Feb 26 2023 02: +0,1677376800
0.16,2,Feb 26 2023 04: +0,1677384000
0.195,1,Feb 26 2023 05: +0,1677387600
0.164,2,Feb 26 2023 06: +0,1677391200
0.159,4,Feb 26 2023 11: +0,1677409200
0.124,2,Feb 26 2023 13: +0,1677416400
0.165,1,Feb 26 2023 14: +0,1677420000
0.16,3,Feb 26 2023 15: +0,1677423600
0.167,2,Feb 26 2023 16: +0,1677427200
0.199,1,Feb 26 2023 17: +0,1677430800
0.16,2,Feb 26 2023 18: +0,1677434400
0.142,2,Feb 26 2023 20: +0,1677441600
0.183,1,Feb 26 2023 21: +0,1677445200
0.16,3,Feb 26 2023 23: +0,1677452400
0.199,1,Feb 27 2023 00: +0,1677456000
0.199,1,Feb 27 2023 01: +0,1677459600
0.186,1,Feb 27 2023 02: +0,1677463200
0.175,1,Feb 27 2023 06: +0,1677477600
0.197,1,Feb 27 2023 08: +0,1677484800
0.128,1,Feb 27 2023 10: +0,1677492000
0.16,1,Feb 27 2023 11: +0,1677495600
0.174,1,Feb 27 2023 12: +0,1677499200
0.16,1,Feb 27 2023 14: +0,1677506400
0.188,2,Feb 27 2023 15: +0,1677510000
0.162,5,Feb 27 2023 16: +0,1677513600
0.147,2,Feb 27 2023 17: +0,1677517200
0.168,4,Feb 27 2023 18: +0,1677520800
0.162,2,Feb 27 2023 19: +0,1677524400
0.176,1,Feb 27 2023 22: +0,1677535200
0.194,1,Feb 28 2023 00: +0,1677542400
0.171,2,Feb 28 2023 01: +0,1677546000
0.17,1,Feb 28 2023 04: +0,1677556800
0.119,2,Feb 28 2023 05: +0,1677560400
0.14,1,Feb 28 2023 06: +0,1677564000
0.165,3,Feb 28 2023 09: +0,1677574800
0.171,1,Feb 28 2023 10: +0,1677578400
0.154,2,Feb 28 2023 11: +0,1677582000
0.166,3,Feb 28 2023 12: +0,1677585600
0.133,1,Feb 28 2023 15: +0,1677596400
0.159,4,Feb 28 2023 16: +0,1677600000
0.175,1,Feb 28 2023 17: +0,1677603600
0.17,2,Feb 28 2023 18: +0,1677607200
0.219,1,Feb 28 2023 19: +0,1677610800
0.106,2,Feb 28 2023 20: +0,1677614400
0.193,1,Feb 28 2023 21: +0,1677618000
0.162,7,Feb 28 2023 22: +0,1677621600
0.162,1,Feb 28 2023 23: +0,1677625200
0.162,1,Mar 01 2023 00: +0,1677628800
0.161,4,Mar 01 2023 01: +0,1677632400
0.162,1,Mar 01 2023 02: +0,1677636000
0.165,1,Mar 01 2023 03: +0,1677639600
0.159,1,Mar 01 2023 04: +0,1677643200
0.186,1,Mar 01 2023 06: +0,1677650400
0.159,1,Mar 01 2023 08: +0,1677657600
0.185,3,Mar 01 2023 09: +0,1677661200
0.186,1,Mar 01 2023 11: +0,1677668400
0.186,2,Mar 01 2023 12: +0,1677672000
0.152,1,Mar 01 2023 13: +0,1677675600
0.183,2,Mar 01 2023 14: +0,1677679200
0.186,1,Mar 01 2023 15: +0,1677682800
0.152,1,Mar 01 2023 16: +0,1677686400
0.164,2,Mar 01 2023 17: +0,1677690000
0.184,4,Mar 01 2023 18: +0,1677693600
0.155,1,Mar 01 2023 19: +0,1677697200
0.174,2,Mar 01 2023 20: +0,1677700800
0.184,1,Mar 01 2023 21: +0,1677704400
0.165,3,Mar 02 2023 00: +0,1677715200
0.192,2,Mar 02 2023 01: +0,1677718800
0.19,1,Mar 02 2023 04: +0,1677729600
0.166,1,Mar 02 2023 06: +0,1677736800
0.165,1,Mar 02 2023 10: +0,1677751200
0.165,2,Mar 02 2023 11: +0,1677754800
0.176,2,Mar 02 2023 12: +0,1677758400
0.194,1,Mar 02 2023 13: +0,1677762000
0.15,3,Mar 02 2023 14: +0,1677765600
0.155,2,Mar 02 2023 17: +0,1677776400
0.176,5,Mar 02 2023 18: +0,1677780000
0.186,3,Mar 02 2023 19: +0,1677783600
0.167,1,Mar 02 2023 22: +0,1677794400
0.186,1,Mar 02 2023 23: +0,1677798000
0.184,1,Mar 03 2023 01: +0,1677805200
0.151,1,Mar 03 2023 03: +0,1677812400
0.154,2,Mar 03 2023 05: +0,1677819600
0.17,1,Mar 03 2023 07: +0,1677826800
0.143,2,Mar 03 2023 08: +0,1677830400
0.161,2,Mar 03 2023 10: +0,1677837600
0.157,1,Mar 03 2023 11: +0,1677841200
0.193,3,Mar 03 2023 12: +0,1677844800
0.175,1,Mar 03 2023 13: +0,1677848400
0.165,3,Mar 03 2023 15: +0,1677855600
0.141,1,Mar 03 2023 16: +0,1677859200
0.184,1,Mar 03 2023 17: +0,1677862800
0.188,2,Mar 03 2023 18: +0,1677866400
0.183,1,Mar 03 2023 19: +0,1677870000
0.186,1,Mar 03 2023 20: +0,1677873600
0.165,2,Mar 03 2023 21: +0,1677877200
0.179,7,Mar 03 2023 22: +0,1677880800
0.186,3,Mar 03 2023 23: +0,1677884400
0.184,1,Mar 04 2023 00: +0,1677888000
0.182,3,Mar 04 2023 02: +0,1677895200
0.161,1,Mar 04 2023 04: +0,1677902400
0.193,2,Mar 04 2023 09: +0,1677920400
0.172,3,Mar 04 2023 10: +0,1677924000
0.176,1,Mar 04 2023 11: +0,1677927600
0.158,2,Mar 04 2023 12: +0,1677931200
0.169,2,Mar 04 2023 13: +0,1677934800
0.18,3,Mar 04 2023 14: +0,1677938400
0.18,3,Mar 04 2023 15: +0,1677942000
0.182,4,Mar 04 2023 16: +0,1677945600
0.161,1,Mar 04 2023 17: +0,1677949200
0.154,5,Mar 04 2023 19: +0,1677956400
0.157,3,Mar 04 2023 20: +0,1677960000
0.179,3,Mar 04 2023 21: +0,1677963600
0.184,1,Mar 04 2023 22: +0,1677967200
0.176,1,Mar 05 2023 01: +0,1677978000
0.157,2,Mar 05 2023 02: +0,1677981600
0.18,1,Mar 05 2023 08: +0,1678003200
0.188,2,Mar 05 2023 09: +0,1678006800
0.184,4,Mar 05 2023 10: +0,1678010400
0.184,1,Mar 05 2023 12: +0,1678017600
0.185,2,Mar 05 2023 13: +0,1678021200
0.142,2,Mar 05 2023 14: +0,1678024800
0.176,3,Mar 05 2023 15: +0,1678028400
0.154,6,Mar 05 2023 16: +0,1678032000
0.17,5,Mar 05 2023 17: +0,1678035600
0.178,2,Mar 05 2023 18: +0,1678039200
0.186,1,Mar 05 2023 19: +0,1678042800
0.141,1,Mar 05 2023 20: +0,1678046400
0.16,6,Mar 05 2023 21: +0,1678050000
0.114,1,Mar 05 2023 22: +0,1678053600
0.157,1,Mar 05 2023 23: +0,1678057200
0.185,1,Mar 06 2023 00: +0,1678060800
0.176,1,Mar 06 2023 01: +0,1678064400
0.163,1,Mar 06 2023 04: +0,1678075200
0.153,2,Mar 06 2023 07: +0,1678086000
0.134,1,Mar 06 2023 09: +0,1678093200
0.161,2,Mar 06 2023 10: +0,1678096800
0.17,2,Mar 06 2023 11: +0,1678100400
0.177,2,Mar 06 2023 12: +0,1678104000
0.171,1,Mar 06 2023 13: +0,1678107600
0.183,3,Mar 06 2023 14: +0,1678111200
0.162,2,Mar 06 2023 15: +0,1678114800
0.157,3,Mar 06 2023 16: +0,1678118400
0.134,4,Mar 06 2023 17: +0,1678122000
0.163,4,Mar 06 2023 18: +0,1678125600
0.17,2,Mar 06 2023 19: +0,1678129200
0.157,5,Mar 06 2023 20: +0,1678132800
0.138,2,Mar 06 2023 22: +0,1678140000
0.187,1,Mar 06 2023 23: +0,1678143600
0.157,1,Mar 07 2023 01: +0,1678150800
0.174,2,Mar 07 2023 04: +0,1678161600
0.175,2,Mar 07 2023 05: +0,1678165200
0.184,1,Mar 07 2023 06: +0,1678168800
0.157,1,Mar 07 2023 07: +0,1678172400
0.18,2,Mar 07 2023 08: +0,1678176000
0.157,1,Mar 07 2023 10: +0,1678183200
0.182,1,Mar 07 2023 11: +0,1678186800
0.165,1,Mar 07 2023 12: +0,1678190400
0.176,1,Mar 07 2023 14: +0,1678197600
0.182,1,Mar 07 2023 15: +0,1678201200
0.157,1,Mar 07 2023 16: +0,1678204800
0.182,3,Mar 07 2023 17: +0,1678208400
0.182,1,Mar 07 2023 18: +0,1678212000
0.183,7,Mar 07 2023 19: +0,1678215600
0.176,1,Mar 07 2023 21: +0,1678222800
0.185,2,Mar 07 2023 22: +0,1678226400
0.178,2,Mar 08 2023 00: +0,1678233600
0.133,2,Mar 08 2023 01: +0,1678237200
0.161,2,Mar 08 2023 04: +0,1678248000
0.143,2,Mar 08 2023 07: +0,1678258800
0.157,1,Mar 08 2023 10: +0,1678269600
0.149,2,Mar 08 2023 11: +0,1678273200
0.171,1,Mar 08 2023 12: +0,1678276800
0.178,2,Mar 08 2023 13: +0,1678280400
0.142,3,Mar 08 2023 14: +0,1678284000
0.174,6,Mar 08 2023 15: +0,1678287600
0.167,1,Mar 08 2023 16: +0,1678291200
0.171,1,Mar 08 2023 17: +0,1678294800
0.157,3,Mar 08 2023 18: +0,1678298400
0.174,6,Mar 08 2023 19: +0,1678302000
0.167,4,Mar 08 2023 20: +0,1678305600
0.151,1,Mar 08 2023 21: +0,1678309200
0.174,1,Mar 08 2023 22: +0,1678312800
0.174,1,Mar 08 2023 23: +0,1678316400
0.144,1,Mar 09 2023 00: +0,1678320000
0.152,3,Mar 09 2023 01: +0,1678323600
0.152,1,Mar 09 2023 02: +0,1678327200
0.165,3,Mar 09 2023 03: +0,1678330800
0.154,2,Mar 09 2023 04: +0,1678334400
0.143,1,Mar 09 2023 05: +0,1678338000
0.157,1,Mar 09 2023 06: +0,1678341600
0.166,3,Mar 09 2023 07: +0,1678345200
0.152,3,Mar 09 2023 08: +0,1678348800
0.146,1,Mar 09 2023 09: +0,1678352400
0.166,1,Mar 09 2023 10: +0,1678356000
0.131,2,Mar 09 2023 13: +0,1678366800
0.149,1,Mar 09 2023 14: +0,1678370400
0.162,2,Mar 09 2023 15: +0,1678374000
0.169,5,Mar 09 2023 16: +0,1678377600
0.18,3,Mar 09 2023 17: +0,1678381200
0.161,3,Mar 09 2023 18: +0,1678384800
0.14,1,Mar 09 2023 19: +0,1678388400
0.171,3,Mar 09 2023 20: +0,1678392000
0.18,1,Mar 09 2023 21: +0,1678395600
0.162,2,Mar 09 2023 23: +0,1678402800
0.181,2,Mar 10 2023 00: +0,1678406400
0.181,1,Mar 10 2023 01: +0,1678410000
0.179,3,Mar 10 2023 02: +0,1678413600
0.18,1,Mar 10 2023 03: +0,1678417200
0.17,2,Mar 10 2023 06: +0,1678428000
0.165,1,Mar 10 2023 08: +0,1678435200
0.18,3,Mar 10 2023 09: +0,1678438800
0.18,1,Mar 10 2023 10: +0,1678442400
0.142,1,Mar 10 2023 11: +0,1678446000
0.172,2,Mar 10 2023 12: +0,1678449600
0.165,3,Mar 10 2023 13: +0,1678453200
0.164,1,Mar 10 2023 14: +0,1678456800
0.151,3,Mar 10 2023 15: +0,1678460400
0.161,1,Mar 10 2023 16: +0,1678464000
0.106,1,Mar 10 2023 17: +0,1678467600
0.157,3,Mar 10 2023 18: +0,1678471200
0.153,3,Mar 10 2023 19: +0,1678474800
0.165,2,Mar 10 2023 20: +0,1678478400
0.166,3,Mar 10 2023 21: +0,1678482000
0.164,1,Mar 10 2023 22: +0,1678485600
0.171,2,Mar 10 2023 23: +0,1678489200
0.174,1,Mar 11 2023 00: +0,1678492800
0.147,1,Mar 11 2023 04: +0,1678507200
0.171,1,Mar 11 2023 07: +0,1678518000
0.169,2,Mar 11 2023 10: +0,1678528800
0.169,2,Mar 11 2023 11: +0,1678532400
0.148,2,Mar 11 2023 12: +0,1678536000
0.176,1,Mar 11 2023 13: +0,1678539600
0.163,1,Mar 11 2023 14: +0,1678543200
0.177,2,Mar 11 2023 15: +0,1678546800
0.174,4,Mar 11 2023 16: +0,1678550400
0.164,2,Mar 11 2023 17: +0,1678554000
0.176,1,Mar 11 2023 18: +0,1678557600
0.173,4,Mar 11 2023 19: +0,1678561200
0.152,7,Mar 11 2023 20: +0,1678564800
0.152,2,Mar 11 2023 21: +0,1678568400
0.163,3,Mar 11 2023 22: +0,1678572000
0.162,3,Mar 11 2023 23: +0,1678575600
0.129,1,Mar 12 2023 00: +0,1678579200
0.164,2,Mar 12 2023 01: +0,1678582800
0.161,1,Mar 12 2023 02: +0,1678586400
0.143,1,Mar 12 2023 08: +0,1678608000
0.16,1,Mar 12 2023 09: +0,1678611600
0.171,3,Mar 12 2023 10: +0,1678615200
0.16,3,Mar 12 2023 12: +0,1678622400
0.163,2,Mar 12 2023 13: +0,1678626000
0.173,2,Mar 12 2023 14: +0,1678629600
0.138,1,Mar 12 2023 15: +0,1678633200
0.126,2,Mar 12 2023 16: +0,1678636800
0.176,3,Mar 12 2023 17: +0,1678640400
0.172,4,Mar 12 2023 18: +0,1678644000
0.176,3,Mar 12 2023 19: +0,1678647600
0.176,1,Mar 12 2023 20: +0,1678651200
0.162,1,Mar 12 2023 22: +0,1678658400
0.13,1,Mar 12 2023 23: +0,1678662000
0.171,1,Mar 13 2023 00: +0,1678665600
0.176,3,Mar 13 2023 03: +0,1678676400
0.142,1,Mar 13 2023 04: +0,1678680000
0.168,2,Mar 13 2023 05: +0,1678683600
0.14,1,Mar 13 2023 08: +0,1678694400
0.15,1,Mar 13 2023 09: +0,1678698000
0.159,2,Mar 13 2023 10: +0,1678701600
0.147,2,Mar 13 2023 12: +0,1678708800
0.171,1,Mar 13 2023 13: +0,1678712400
0.172,1,Mar 13 2023 14: +0,1678716000
0.162,2,Mar 13 2023 15: +0,1678719600
0.131,5,Mar 13 2023 17: +0,1678726800
0.179,2,Mar 13 2023 18: +0,1678730400
0.156,2,Mar 13 2023 19: +0,1678734000
0.172,5,Mar 13 2023 20: +0,1678737600
0.159,2,Mar 13 2023 21: +0,1678741200
0.171,2,Mar 14 2023 00: +0,1678752000
0.149,1,Mar 14 2023 06: +0,1678773600
0.143,1,Mar 14 2023 07: +0,1678777200
0.146,2,Mar 14 2023 08: +0,1678780800
0.165,1,Mar 14 2023 10: +0,1678788000
0.163,3,Mar 14 2023 11: +0,1678791600
0.124,1,Mar 14 2023 12: +0,1678795200
0.163,1,Mar 14 2023 13: +0,1678798800
0.132,1,Mar 14 2023 15: +0,1678806000
0.156,3,Mar 14 2023 16: +0,1678809600
0.163,4,Mar 14 2023 17: +0,1678813200
0.158,4,Mar 14 2023 18: +0,1678816800
0.143,3,Mar 14 2023 19: +0,1678820400
0.147,4,Mar 14 2023 20: +0,1678824000
0.169,7,Mar 14 2023 21: +0,1678827600
0.166,2,Mar 14 2023 22: +0,1678831200
0.167,1,Mar 14 2023 23: +0,1678834800
0.134,2,Mar 15 2023 05: +0,1678856400
0.158,3,Mar 15 2023 06: +0,1678860000
0.154,1,Mar 15 2023 08: +0,1678867200
0.143,3,Mar 15 2023 09: +0,1678870800
0.169,4,Mar 15 2023 12: +0,1678881600
0.172,3,Mar 15 2023 13: +0,1678885200
0.169,4,Mar 15 2023 14: +0,1678888800
0.172,3,Mar 15 2023 15: +0,1678892400
0.17,2,Mar 15 2023 16: +0,1678896000
0.18,2,Mar 15 2023 17: +0,1678899600
0.172,4,Mar 15 2023 18: +0,1678903200
0.172,4,Mar 15 2023 19: +0,1678906800
0.169,2,Mar 15 2023 20: +0,1678910400
0.175,3,Mar 15 2023 21: +0,1678914000
0.14,2,Mar 15 2023 22: +0,1678917600
0.171,3,Mar 15 2023 23: +0,1678921200
0.141,1,Mar 16 2023 01: +0,1678928400
0.173,1,Mar 16 2023 02: +0,1678932000
0.138,1,Mar 16 2023 04: +0,1678939200
0.144,1,Mar 16 2023 06: +0,1678946400
0.144,3,Mar 16 2023 08: +0,1678953600
0.172,3,Mar 16 2023 11: +0,1678964400
0.172,2,Mar 16 2023 13: +0,1678971600
0.172,1,Mar 16 2023 14: +0,1678975200
0.172,3,Mar 16 2023 15: +0,1678978800
0.167,2,Mar 16 2023 16: +0,1678982400
0.158,2,Mar 16 2023 17: +0,1678986000
0.169,5,Mar 16 2023 18: +0,1678989600
0.136,2,Mar 16 2023 19: +0,1678993200
0.141,8,Mar 16 2023 20: +0,1678996800
0.156,1,Mar 16 2023 21: +0,1679000400
0.144,3,Mar 16 2023 22: +0,1679004000
0.173,1,Mar 17 2023 00: +0,1679011200
0.134,1,Mar 17 2023 04: +0,1679025600
0.155,1,Mar 17 2023 06: +0,1679032800
0.158,2,Mar 17 2023 07: +0,1679036400
0.14,1,Mar 17 2023 09: +0,1679043600
0.159,2,Mar 17 2023 10: +0,1679047200
0.161,1,Mar 17 2023 11: +0,1679050800
0.16,4,Mar 17 2023 12: +0,1679054400
0.151,4,Mar 17 2023 13: +0,1679058000
0.158,1,Mar 17 2023 15: +0,1679065200
0.158,1,Mar 17 2023 16: +0,1679068800
0.132,4,Mar 17 2023 17: +0,1679072400
0.166,5,Mar 17 2023 18: +0,1679076000
0.145,4,Mar 17 2023 19: +0,1679079600
0.138,5,Mar 17 2023 20: +0,1679083200
0.16,3,Mar 17 2023 21: +0,1679086800
0.131,3,Mar 17 2023 23: +0,1679094000
0.153,1,Mar 18 2023 00: +0,1679097600
0.143,1,Mar 18 2023 01: +0,1679101200
0.16,1,Mar 18 2023 02: +0,1679104800
0.076,1,Mar 18 2023 03: +0,1679108400
0.166,1,Mar 18 2023 05: +0,1679115600
0.064,1,Mar 18 2023 06: +0,1679119200
0.11,2,Mar 18 2023 08: +0,1679126400
0.143,1,Mar 18 2023 09: +0,1679130000
0.125,2,Mar 18 2023 10: +0,1679133600
0.144,4,Mar 18 2023 11: +0,1679137200
0.152,5,Mar 18 2023 12: +0,1679140800
0.14,4,Mar 18 2023 13: +0,1679144400
0.131,2,Mar 18 2023 14: +0,1679148000
0.149,2,Mar 18 2023 15: +0,1679151600
0.14,1,Mar 18 2023 16: +0,1679155200
0.171,3,Mar 18 2023 17: +0,1679158800
0.135,2,Mar 18 2023 18: +0,1679162400
0.139,2,Mar 18 2023 21: +0,1679173200
0.16,2,Mar 18 2023 23: +0,1679180400
0.139,1,Mar 19 2023 01: +0,1679187600
0.141,2,Mar 19 2023 02: +0,1679191200
0.147,1,Mar 19 2023 03: +0,1679194800
0.151,2,Mar 19 2023 04: +0,1679198400
0.159,1,Mar 19 2023 05: +0,1679202000
0.167,3,Mar 19 2023 06: +0,1679205600
0.167,2,Mar 19 2023 07: +0,1679209200
0.168,1,Mar 19 2023 08: +0,1679212800
0.16,2,Mar 19 2023 10: +0,1679220000
0.154,2,Mar 19 2023 11: +0,1679223600
0.147,2,Mar 19 2023 12: +0,1679227200
0.142,3,Mar 19 2023 13: +0,1679230800
0.147,1,Mar 19 2023 15: +0,1679238000
0.148,4,Mar 19 2023 16: +0,1679241600
0.138,1,Mar 19 2023 17: +0,1679245200
0.159,1,Mar 19 2023 18: +0,1679248800
0.135,4,Mar 19 2023 19: +0,1679252400
0.149,4,Mar 19 2023 20: +0,1679256000
0.133,3,Mar 19 2023 21: +0,1679259600
0.142,1,Mar 19 2023 22: +0,1679263200
0.149,5,Mar 19 2023 23: +0,1679266800
0.131,1,Mar 20 2023 00: +0,1679270400
0.138,1,Mar 20 2023 03: +0,1679281200
0.138,1,Mar 20 2023 06: +0,1679292000
0.15,1,Mar 20 2023 08: +0,1679299200
0.156,1,Mar 20 2023 09: +0,1679302800
0.145,2,Mar 20 2023 10: +0,1679306400
0.156,7,Mar 20 2023 11: +0,1679310000
0.159,3,Mar 20 2023 12: +0,1679313600
0.138,1,Mar 20 2023 13: +0,1679317200
0.137,1,Mar 20 2023 14: +0,1679320800
0.162,4,Mar 20 2023 15: +0,1679324400
0.146,2,Mar 20 2023 17: +0,1679331600
0.146,4,Mar 20 2023 18: +0,1679335200
0.165,2,Mar 20 2023 19: +0,1679338800
0.141,2,Mar 20 2023 20: +0,1679342400
0.158,2,Mar 20 2023 21: +0,1679346000
0.144,2,Mar 20 2023 22: +0,1679349600
0.14,5,Mar 20 2023 23: +0,1679353200
11.554,2,Mar 21 2023 02: +0,1679364000
0.151,1,Mar 21 2023 03: +0,1679367600
0.151,1,Mar 21 2023 05: +0,1679374800
0.132,1,Mar 21 2023 07: +0,1679382000
0.143,2,Mar 21 2023 08: +0,1679385600
0.147,9,Mar 21 2023 10: +0,1679392800
0.158,1,Mar 21 2023 11: +0,1679396400
0.151,3,Mar 21 2023 12: +0,1679400000
0.154,4,Mar 21 2023 14: +0,1679407200
0.153,4,Mar 21 2023 15: +0,1679410800
0.155,2,Mar 21 2023 16: +0,1679414400
0.134,1,Mar 21 2023 17: +0,1679418000
0.15,1,Mar 21 2023 18: +0,1679421600
0.157,4,Mar 21 2023 19: +0,1679425200
0.133,2,Mar 21 2023 20: +0,1679428800
0.153,2,Mar 21 2023 21: +0,1679432400
0.159,2,Mar 21 2023 22: +0,1679436000
0.132,3,Mar 22 2023 01: +0,1679446800
0.162,1,Mar 22 2023 03: +0,1679454000
0.134,1,Mar 22 2023 07: +0,1679468400
0.116,1,Mar 22 2023 09: +0,1679475600
0.146,2,Mar 22 2023 11: +0,1679482800
0.134,3,Mar 22 2023 12: +0,1679486400
0.137,4,Mar 22 2023 13: +0,1679490000
0.132,1,Mar 22 2023 14: +0,1679493600
0.136,4,Mar 22 2023 15: +0,1679497200
0.138,2,Mar 22 2023 16: +0,1679500800
0.138,5,Mar 22 2023 17: +0,1679504400
0.137,5,Mar 22 2023 18: +0,1679508000
0.16,3,Mar 22 2023 19: +0,1679511600
0.128,2,Mar 22 2023 20: +0,1679515200
0.138,5,Mar 22 2023 21: +0,1679518800
0.124,2,Mar 22 2023 22: +0,1679522400
0.132,1,Mar 22 2023 23: +0,1679526000
0.137,3,Mar 23 2023 00: +0,1679529600
0.138,1,Mar 23 2023 01: +0,1679533200
0.147,1,Mar 23 2023 03: +0,1679540400
0.119,2,Mar 23 2023 06: +0,1679551200
0.138,3,Mar 23 2023 07: +0,1679554800
0.121,1,Mar 23 2023 08: +0,1679558400
0.141,1,Mar 23 2023 09: +0,1679562000
0.132,1,Mar 23 2023 10: +0,1679565600
0.141,9,Mar 23 2023 11: +0,1679569200
0.138,1,Mar 23 2023 13: +0,1679576400
0.146,3,Mar 23 2023 14: +0,1679580000
0.123,2,Mar 23 2023 15: +0,1679583600
0.15,1,Mar 23 2023 16: +0,1679587200
0.15,1,Mar 23 2023 17: +0,1679590800
0.146,6,Mar 23 2023 18: +0,1679594400
0.143,4,Mar 23 2023 19: +0,1679598000
0.147,3,Mar 23 2023 20: +0,1679601600
0.153,4,Mar 23 2023 21: +0,1679605200
0.146,3,Mar 23 2023 23: +0,1679612400
0.134,1,Mar 24 2023 00: +0,1679616000
0.132,1,Mar 24 2023 01: +0,1679619600
0.146,1,Mar 24 2023 02: +0,1679623200
0.147,1,Mar 24 2023 03: +0,1679626800
0.147,1,Mar 24 2023 05: +0,1679634000
0.162,1,Mar 24 2023 06: +0,1679637600
0.146,1,Mar 24 2023 08: +0,1679644800
0.15,5,Mar 24 2023 09: +0,1679648400
0.146,3,Mar 24 2023 10: +0,1679652000
0.146,1,Mar 24 2023 11: +0,1679655600
0.145,3,Mar 24 2023 12: +0,1679659200
0.147,1,Mar 24 2023 13: +0,1679662800
0.147,1,Mar 24 2023 14: +0,1679666400
0.132,3,Mar 24 2023 15: +0,1679670000
0.116,1,Mar 24 2023 16: +0,1679673600
0.132,8,Mar 24 2023 17: +0,1679677200
0.15,6,Mar 24 2023 18: +0,1679680800
1.481,1,Mar 24 2023 19: +0,1679684400
0.147,3,Mar 24 2023 20: +0,1679688000
0.143,3,Mar 24 2023 21: +0,1679691600
0.144,5,Mar 24 2023 22: +0,1679695200
0.151,2,Mar 24 2023 23: +0,1679698800
0.158,1,Mar 25 2023 00: +0,1679702400
0.151,1,Mar 25 2023 01: +0,1679706000
0.151,2,Mar 25 2023 02: +0,1679709600
0.158,2,Mar 25 2023 03: +0,1679713200
0.154,2,Mar 25 2023 05: +0,1679720400
0.151,1,Mar 25 2023 06: +0,1679724000
0.155,5,Mar 25 2023 09: +0,1679734800
0.162,1,Mar 25 2023 10: +0,1679738400
0.138,1,Mar 25 2023 11: +0,1679742000
0.152,3,Mar 25 2023 12: +0,1679745600
0.158,3,Mar 25 2023 13: +0,1679749200
0.158,9,Mar 25 2023 14: +0,1679752800
0.138,1,Mar 25 2023 15: +0,1679756400
0.159,4,Mar 25 2023 16: +0,1679760000
0.162,3,Mar 25 2023 17: +0,1679763600
0.162,6,Mar 25 2023 18: +0,1679767200
0.162,1,Mar 25 2023 19: +0,1679770800
0.161,3,Mar 25 2023 20: +0,1679774400
0.142,2,Mar 25 2023 21: +0,1679778000
0.158,5,Mar 25 2023 22: +0,1679781600
0.16,8,Mar 26 2023 00: +0,1679788800
0.158,3,Mar 26 2023 01: +0,1679792400
0.162,1,Mar 26 2023 02: +0,1679792400
0.173,2,Mar 26 2023 03: +0,1679796000
0.16,3,Mar 26 2023 06: +0,1679806800
0.162,3,Mar 26 2023 07: +0,1679810400
0.134,2,Mar 26 2023 08: +0,1679814000
0.162,1,Mar 26 2023 09: +0,1679817600
0.162,1,Mar 26 2023 10: +0,1679821200
0.159,3,Mar 26 2023 11: +0,1679824800
0.161,4,Mar 26 2023 12: +0,1679828400
0.159,2,Mar 26 2023 13: +0,1679832000
0.162,6,Mar 26 2023 14: +0,1679835600
0.161,3,Mar 26 2023 15: +0,1679839200
0.161,4,Mar 26 2023 16: +0,1679842800
0.167,3,Mar 26 2023 17: +0,1679846400
0.161,4,Mar 26 2023 19: +0,1679853600
0.133,1,Mar 26 2023 20: +0,1679857200
0.143,4,Mar 26 2023 21: +0,1679860800
0.142,6,Mar 26 2023 22: +0,1679864400
0.133,4,Mar 26 2023 23: +0,1679868000
0.158,1,Mar 27 2023 02: +0,1679878800
0.147,2,Mar 27 2023 05: +0,1679889600
0.15,2,Mar 27 2023 06: +0,1679893200
0.172,32,Mar 27 2023 08: +0,1679900400
0.186,3,Mar 27 2023 09: +0,1679904000
0.211,26,Mar 27 2023 10: +0,1679907600
0.101,1,Mar 27 2023 11: +0,1679911200
0.139,1,Mar 27 2023 14: +0,1679922000
0.356,1,Mar 27 2023 16: +0,1679929200
0.357,1,Mar 27 2023 17: +0,1679932800
0.348,6,Mar 27 2023 18: +0,1679936400
0.147,1,Mar 27 2023 19: +0,1679940000
0.373,3,Mar 27 2023 20: +0,1679943600
0.203,3,Mar 27 2023 21: +0,1679947200
0.221,1,Mar 27 2023 22: +0,1679950800
0.188,3,Mar 27 2023 23: +0,1679954400
0.403,6,Mar 28 2023 03: +0,1679968800
0.495,1,Mar 28 2023 04: +0,1679972400
0.534,1,Mar 28 2023 05: +0,1679976000
0.141,1,Mar 28 2023 09: +0,1679990400
0.333,2,Mar 28 2023 14: +0,1680008400
0.414,1,Mar 28 2023 15: +0,1680012000
0.409,1,Mar 28 2023 17: +0,1680019200
0.4,1,Mar 28 2023 18: +0,1680022800
0.37,1,Mar 28 2023 19: +0,1680026400
0.201,1,Mar 28 2023 20: +0,1680030000
0.284,1,Mar 28 2023 21: +0,1680033600
0.332,4,Mar 28 2023 22: +0,1680037200
0.315,2,Mar 29 2023 01: +0,1680048000
0.279,1,Mar 29 2023 03: +0,1680055200
0.299,1,Mar 29 2023 04: +0,1680058800
0.285,1,Mar 29 2023 08: +0,1680073200
0.288,1,Mar 29 2023 10: +0,1680080400
0.263,1,Mar 29 2023 12: +0,1680087600
0.257,2,Mar 29 2023 13: +0,1680091200
0.29,2,Mar 29 2023 14: +0,1680094800
0.27,3,Mar 29 2023 15: +0,1680098400
0.257,1,Mar 29 2023 16: +0,1680102000
0.257,3,Mar 29 2023 18: +0,1680109200
0.22,2,Mar 29 2023 20: +0,1680116400
0.298,3,Mar 29 2023 21: +0,1680120000
0.236,3,Mar 29 2023 22: +0,1680123600
0.312,4,Mar 29 2023 23: +0,1680127200
0.211,1,Mar 30 2023 02: +0,1680138000
0.4,1,Mar 30 2023 04: +0,1680145200
0.284,1,Mar 30 2023 07: +0,1680156000
0.352,1,Mar 30 2023 10: +0,1680166800
0.181,1,Mar 30 2023 11: +0,1680170400
0.211,1,Mar 30 2023 12: +0,1680174000
0.298,1,Mar 30 2023 15: +0,1680184800
0.314,2,Mar 30 2023 16: +0,1680188400
0.263,2,Mar 30 2023 17: +0,1680192000
0.412,1,Mar 30 2023 18: +0,1680195600
0.317,1,Mar 30 2023 19: +0,1680199200
0.316,2,Mar 30 2023 23: +0,1680213600
0.344,1,Mar 31 2023 01: +0,1680220800
0.234,1,Mar 31 2023 06: +0,1680238800
0.291,1,Mar 31 2023 08: +0,1680246000
0.238,2,Mar 31 2023 09: +0,1680249600
0.295,2,Mar 31 2023 10: +0,1680253200
0.29,1,Mar 31 2023 12: +0,1680260400
0.335,1,Mar 31 2023 13: +0,1680264000
0.207,2,Mar 31 2023 21: +0,1680292800
0.238,2,Mar 31 2023 23: +0,1680300000
0.279,2,Apr 01 2023 00: +0,1680303600
0.333,1,Apr 01 2023 02: +0,1680310800
0.218,1,Apr 01 2023 04: +0,1680318000
0.184,1,Apr 01 2023 05: +0,1680321600
0.322,2,Apr 01 2023 06: +0,1680325200
0.286,4,Apr 01 2023 08: +0,1680332400
0.332,1,Apr 01 2023 10: +0,1680339600
0.308,1,Apr 01 2023 12: +0,1680346800
0.225,1,Apr 01 2023 13: +0,1680350400
0.336,1,Apr 01 2023 14: +0,1680354000
0.311,1,Apr 01 2023 15: +0,1680357600
0.472,1,Apr 01 2023 16: +0,1680361200
0.248,4,Apr 01 2023 18: +0,1680368400
0.224,1,Apr 01 2023 19: +0,1680372000
0.301,3,Apr 01 2023 20: +0,1680375600
0.269,2,Apr 01 2023 21: +0,1680379200
0.273,3,Apr 01 2023 22: +0,1680382800
0.222,2,Apr 01 2023 23: +0,1680386400
0.288,1,Apr 02 2023 00: +0,1680390000
0.19,1,Apr 02 2023 01: +0,1680393600
0.235,2,Apr 02 2023 02: +0,1680397200
0.259,2,Apr 02 2023 03: +0,1680400800
0.257,2,Apr 02 2023 04: +0,1680404400
0.224,1,Apr 02 2023 05: +0,1680408000
0.206,2,Apr 02 2023 06: +0,1680411600
0.255,2,Apr 02 2023 08: +0,1680418800
0.304,3,Apr 02 2023 11: +0,1680429600
0.266,2,Apr 02 2023 12: +0,1680433200
0.293,1,Apr 02 2023 13: +0,1680436800
0.312,1,Apr 02 2023 15: +0,1680444000
0.303,2,Apr 02 2023 16: +0,1680447600
0.295,3,Apr 02 2023 18: +0,1680454800
0.308,1,Apr 02 2023 19: +0,1680458400
0.257,2,Apr 02 2023 20: +0,1680462000
0.208,1,Apr 02 2023 21: +0,1680465600
0.234,3,Apr 02 2023 22: +0,1680469200
0.227,2,Apr 02 2023 23: +0,1680472800
0.263,1,Apr 03 2023 00: +0,1680476400
0.218,2,Apr 03 2023 01: +0,1680480000
0.229,2,Apr 03 2023 02: +0,1680483600
0.226,3,Apr 03 2023 06: +0,1680498000
0.287,2,Apr 03 2023 08: +0,1680505200
0.303,2,Apr 03 2023 10: +0,1680512400
0.203,2,Apr 03 2023 11: +0,1680516000
0.295,1,Apr 03 2023 12: +0,1680519600
0.297,1,Apr 03 2023 13: +0,1680523200
0.297,3,Apr 03 2023 15: +0,1680530400
0.299,5,Apr 03 2023 16: +0,1680534000
0.303,2,Apr 03 2023 17: +0,1680537600
0.274,2,Apr 03 2023 18: +0,1680541200
0.299,3,Apr 03 2023 21: +0,1680552000
0.298,1,Apr 04 2023 06: +0,1680584400
0.299,1,Apr 04 2023 08: +0,1680591600
0.235,3,Apr 04 2023 09: +0,1680595200
0.321,2,Apr 04 2023 10: +0,1680598800
0.284,1,Apr 04 2023 11: +0,1680602400
0.262,2,Apr 04 2023 12: +0,1680606000
0.233,1,Apr 04 2023 13: +0,1680609600
0.305,1,Apr 04 2023 17: +0,1680624000
0.222,1,Apr 04 2023 18: +0,1680627600
0.225,1,Apr 04 2023 19: +0,1680631200
0.229,4,Apr 04 2023 20: +0,1680634800
0.244,1,Apr 04 2023 21: +0,1680638400
0.236,5,Apr 04 2023 22: +0,1680642000
0.221,2,Apr 04 2023 23: +0,1680645600
0.266,3,Apr 05 2023 00: +0,1680649200
0.198,2,Apr 05 2023 01: +0,1680652800
0.184,2,Apr 05 2023 02: +0,1680656400
0.243,1,Apr 05 2023 03: +0,1680660000
0.21,1,Apr 05 2023 06: +0,1680670800
0.241,17,Apr 05 2023 07: +0,1680674400
0.302,1,Apr 05 2023 09: +0,1680681600
0.3,1,Apr 05 2023 11: +0,1680688800
0.181,1,Apr 05 2023 13: +0,1680696000
0.3,3,Apr 05 2023 16: +0,1680706800
0.268,3,Apr 05 2023 17: +0,1680710400
0.249,4,Apr 05 2023 18: +0,1680714000
0.3,1,Apr 05 2023 19: +0,1680717600
0.234,2,Apr 05 2023 20: +0,1680721200
0.275,1,Apr 05 2023 21: +0,1680724800
0.295,1,Apr 05 2023 22: +0,1680728400
0.242,1,Apr 05 2023 23: +0,1680732000
0.276,1,Apr 06 2023 00: +0,1680735600
0.281,3,Apr 06 2023 01: +0,1680739200
0.286,2,Apr 06 2023 02: +0,1680742800
0.231,1,Apr 06 2023 04: +0,1680750000
0.242,3,Apr 06 2023 08: +0,1680764400
0.222,1,Apr 06 2023 09: +0,1680768000
0.242,1,Apr 06 2023 10: +0,1680771600
0.317,2,Apr 06 2023 11: +0,1680775200
0.243,6,Apr 06 2023 12: +0,1680778800
0.251,1,Apr 06 2023 13: +0,1680782400
0.253,3,Apr 06 2023 16: +0,1680793200
0.223,3,Apr 06 2023 17: +0,1680796800
0.297,2,Apr 06 2023 18: +0,1680800400
0.303,4,Apr 06 2023 19: +0,1680804000
0.257,2,Apr 06 2023 20: +0,1680807600
0.281,4,Apr 06 2023 21: +0,1680811200
0.289,3,Apr 06 2023 22: +0,1680814800
0.301,1,Apr 06 2023 23: +0,1680818400
0.292,1,Apr 07 2023 00: +0,1680822000
0.266,2,Apr 07 2023 01: +0,1680825600
0.296,1,Apr 07 2023 02: +0,1680829200
0.233,1,Apr 07 2023 05: +0,1680840000
0.298,1,Apr 07 2023 06: +0,1680843600
0.267,2,Apr 07 2023 07: +0,1680847200
0.236,1,Apr 07 2023 08: +0,1680850800
0.288,2,Apr 07 2023 09: +0,1680854400
0.307,1,Apr 07 2023 10: +0,1680858000
0.307,1,Apr 07 2023 11: +0,1680861600
0.233,1,Apr 07 2023 12: +0,1680865200
0.245,1,Apr 07 2023 13: +0,1680868800
0.298,1,Apr 07 2023 16: +0,1680879600
0.28,1,Apr 07 2023 17: +0,1680883200
0.26,2,Apr 07 2023 18: +0,1680886800
0.282,3,Apr 07 2023 19: +0,1680890400
0.299,1,Apr 07 2023 20: +0,1680894000
0.262,4,Apr 07 2023 22: +0,1680901200
0.29,1,Apr 07 2023 23: +0,1680904800
0.287,1,Apr 08 2023 00: +0,1680908400
0.275,1,Apr 08 2023 03: +0,1680919200
0.285,2,Apr 08 2023 04: +0,1680922800
0.289,1,Apr 08 2023 05: +0,1680926400
0.196,1,Apr 08 2023 06: +0,1680930000
0.274,1,Apr 08 2023 07: +0,1680933600
0.245,2,Apr 08 2023 08: +0,1680937200
0.288,11,Apr 08 2023 09: +0,1680940800
0.253,1,Apr 08 2023 10: +0,1680944400
0.257,4,Apr 08 2023 11: +0,1680948000
0.289,1,Apr 08 2023 18: +0,1680973200
0.244,1,Apr 08 2023 19: +0,1680976800
0.269,4,Apr 08 2023 20: +0,1680980400
0.244,3,Apr 08 2023 21: +0,1680984000
0.22,2,Apr 08 2023 22: +0,1680987600
0.291,2,Apr 08 2023 23: +0,1680991200
0.3,3,Apr 09 2023 00: +0,1680994800
0.244,1,Apr 09 2023 02: +0,1681002000
0.28,2,Apr 09 2023 03: +0,1681005600
0.21,4,Apr 09 2023 04: +0,1681009200
0.171,1,Apr 09 2023 06: +0,1681016400
0.264,1,Apr 09 2023 08: +0,1681023600
0.269,1,Apr 09 2023 09: +0,1681027200
0.235,6,Apr 09 2023 10: +0,1681030800
0.296,2,Apr 09 2023 11: +0,1681034400
0.287,1,Apr 09 2023 13: +0,1681041600
0.151,1,Apr 09 2023 15: +0,1681048800
0.283,2,Apr 09 2023 16: +0,1681052400
0.242,1,Apr 09 2023 17: +0,1681056000
0.242,5,Apr 09 2023 18: +0,1681059600
0.272,3,Apr 09 2023 19: +0,1681063200
0.287,8,Apr 09 2023 20: +0,1681066800
0.272,2,Apr 09 2023 21: +0,1681070400
0.299,3,Apr 09 2023 22: +0,1681074000
0.299,1,Apr 09 2023 23: +0,1681077600
0.302,2,Apr 10 2023 00: +0,1681081200
0.295,1,Apr 10 2023 01: +0,1681084800
0.299,1,Apr 10 2023 02: +0,1681088400
0.235,1,Apr 10 2023 05: +0,1681099200
0.292,4,Apr 10 2023 09: +0,1681113600
0.299,1,Apr 10 2023 11: +0,1681120800
0.252,3,Apr 10 2023 13: +0,1681128000
0.238,2,Apr 10 2023 17: +0,1681142400
0.243,3,Apr 10 2023 18: +0,1681146000
0.284,3,Apr 10 2023 19: +0,1681149600
0.272,2,Apr 10 2023 21: +0,1681156800
0.27,1,Apr 10 2023 22: +0,1681160400
0.235,3,Apr 10 2023 23: +0,1681164000
0.224,2,Apr 11 2023 01: +0,1681171200
0.266,2,Apr 11 2023 03: +0,1681178400
0.283,2,Apr 11 2023 04: +0,1681182000
0.254,2,Apr 11 2023 05: +0,1681185600
0.242,3,Apr 11 2023 07: +0,1681192800
0.263,1,Apr 11 2023 08: +0,1681196400
0.251,3,Apr 11 2023 11: +0,1681207200
0.244,1,Apr 11 2023 12: +0,1681210800
0.27,3,Apr 11 2023 13: +0,1681214400
0.257,6,Apr 11 2023 16: +0,1681225200
0.301,5,Apr 11 2023 17: +0,1681228800
0.288,1,Apr 11 2023 18: +0,1681232400
0.256,2,Apr 11 2023 19: +0,1681236000
0.27,3,Apr 11 2023 20: +0,1681239600
0.26,2,Apr 11 2023 21: +0,1681243200
0.241,3,Apr 11 2023 22: +0,1681246800
0.287,1,Apr 11 2023 23: +0,1681250400
0.298,1,Apr 12 2023 00: +0,1681254000
0.282,3,Apr 12 2023 01: +0,1681257600
0.282,1,Apr 12 2023 02: +0,1681261200
0.184,1,Apr 12 2023 04: +0,1681268400
0.225,1,Apr 12 2023 06: +0,1681275600
0.233,3,Apr 12 2023 07: +0,1681279200
0.241,1,Apr 12 2023 09: +0,1681286400
0.257,1,Apr 12 2023 12: +0,1681297200
0.223,5,Apr 12 2023 13: +0,1681300800
0.268,1,Apr 12 2023 16: +0,1681311600
0.263,1,Apr 12 2023 17: +0,1681315200
0.244,4,Apr 12 2023 18: +0,1681318800
0.274,2,Apr 12 2023 19: +0,1681322400
0.247,2,Apr 12 2023 20: +0,1681326000
0.236,2,Apr 12 2023 21: +0,1681329600
0.249,4,Apr 12 2023 22: +0,1681333200
0.176,2,Apr 12 2023 23: +0,1681336800
0.254,3,Apr 13 2023 00: +0,1681340400
0.273,1,Apr 13 2023 01: +0,1681344000
0.24,1,Apr 13 2023 02: +0,1681347600
0.268,2,Apr 13 2023 06: +0,1681362000
0.259,2,Apr 13 2023 07: +0,1681365600
0.24,2,Apr 13 2023 08: +0,1681369200
0.267,1,Apr 13 2023 09: +0,1681372800
0.264,1,Apr 13 2023 11: +0,1681380000
0.273,3,Apr 13 2023 12: +0,1681383600
0.241,3,Apr 13 2023 13: +0,1681387200
0.261,1,Apr 13 2023 14: +0,1681390800
0.267,2,Apr 13 2023 15: +0,1681394400
0.267,1,Apr 13 2023 16: +0,1681398000
0.267,1,Apr 13 2023 17: +0,1681401600
0.264,1,Apr 13 2023 18: +0,1681405200
0.248,2,Apr 13 2023 19: +0,1681408800
0.281,3,Apr 13 2023 20: +0,1681412400
0.248,1,Apr 13 2023 21: +0,1681416000
0.266,1,Apr 13 2023 22: +0,1681419600
0.266,3,Apr 13 2023 23: +0,1681423200
0.276,1,Apr 14 2023 03: +0,1681437600
0.3,1,Apr 14 2023 04: +0,1681441200
0.276,1,Apr 14 2023 08: +0,1681455600
0.276,1,Apr 14 2023 09: +0,1681459200
0.283,2,Apr 14 2023 11: +0,1681466400
0.228,6,Apr 14 2023 12: +0,1681470000
0.241,2,Apr 14 2023 13: +0,1681473600
0.275,2,Apr 14 2023 19: +0,1681495200
0.265,6,Apr 14 2023 21: +0,1681502400
0.273,3,Apr 14 2023 22: +0,1681506000
0.25,2,Apr 14 2023 23: +0,1681509600
0.207,1,Apr 15 2023 01: +0,1681516800
0.225,1,Apr 15 2023 04: +0,1681527600
0.244,1,Apr 15 2023 05: +0,1681531200
0.265,1,Apr 15 2023 06: +0,1681534800
0.246,1,Apr 15 2023 07: +0,1681538400
0.264,1,Apr 15 2023 08: +0,1681542000
0.259,4,Apr 15 2023 09: +0,1681545600
0.247,3,Apr 15 2023 10: +0,1681549200
0.268,1,Apr 15 2023 11: +0,1681552800
0.271,2,Apr 15 2023 12: +0,1681556400
0.276,1,Apr 15 2023 17: +0,1681574400
0.274,12,Apr 15 2023 22: +0,1681592400
0.234,4,Apr 15 2023 23: +0,1681596000
0.257,5,Apr 16 2023 00: +0,1681599600
0.233,1,Apr 16 2023 01: +0,1681603200
0.257,1,Apr 16 2023 02: +0,1681606800
0.264,1,Apr 16 2023 03: +0,1681610400
0.249,3,Apr 16 2023 05: +0,1681617600
0.264,3,Apr 16 2023 06: +0,1681621200
0.233,1,Apr 16 2023 07: +0,1681624800
0.24,2,Apr 16 2023 08: +0,1681628400
0.299,1,Apr 16 2023 09: +0,1681632000
0.265,2,Apr 16 2023 10: +0,1681635600
0.264,2,Apr 16 2023 18: +0,1681664400
0.276,1,Apr 16 2023 19: +0,1681668000
0.26,2,Apr 16 2023 20: +0,1681671600
0.263,5,Apr 16 2023 21: +0,1681675200
0.256,4,Apr 16 2023 22: +0,1681678800
0.25,2,Apr 16 2023 23: +0,1681682400
0.261,2,Apr 17 2023 00: +0,1681686000
0.233,1,Apr 17 2023 02: +0,1681693200
0.249,1,Apr 17 2023 03: +0,1681696800
0.247,3,Apr 17 2023 06: +0,1681707600
0.241,3,Apr 17 2023 07: +0,1681711200
0.255,1,Apr 17 2023 08: +0,1681714800
0.241,2,Apr 17 2023 09: +0,1681718400
0.225,2,Apr 17 2023 11: +0,1681725600
0.236,2,Apr 17 2023 12: +0,1681729200
0.258,1,Apr 17 2023 17: +0,1681747200
0.259,2,Apr 17 2023 19: +0,1681754400
0.258,10,Apr 17 2023 20: +0,1681758000
0.244,2,Apr 17 2023 21: +0,1681761600
0.241,4,Apr 17 2023 22: +0,1681765200
0.261,3,Apr 17 2023 23: +0,1681768800
0.265,1,Apr 18 2023 00: +0,1681772400
0.263,2,Apr 18 2023 01: +0,1681776000
0.25,1,Apr 18 2023 02: +0,1681779600
0.249,2,Apr 18 2023 03: +0,1681783200
0.236,2,Apr 18 2023 05: +0,1681790400
0.226,3,Apr 18 2023 07: +0,1681797600
0.23,1,Apr 18 2023 08: +0,1681801200
0.249,3,Apr 18 2023 09: +0,1681804800
0.261,1,Apr 18 2023 10: +0,1681808400
0.256,2,Apr 18 2023 12: +0,1681815600
0.309,1,Apr 18 2023 15: +0,1681826400
0.264,2,Apr 18 2023 19: +0,1681840800
0.214,1,Apr 18 2023 20: +0,1681844400
0.264,1,Apr 18 2023 21: +0,1681848000
0.227,1,Apr 18 2023 22: +0,1681851600
0.259,4,Apr 18 2023 23: +0,1681855200
0.263,3,Apr 19 2023 01: +0,1681862400
0.267,1,Apr 19 2023 04: +0,1681873200
0.267,1,Apr 19 2023 06: +0,1681880400
0.24,1,Apr 19 2023 07: +0,1681884000
0.24,2,Apr 19 2023 09: +0,1681891200
0.266,2,Apr 19 2023 10: +0,1681894800
0.253,1,Apr 19 2023 13: +0,1681905600
0.266,1,Apr 19 2023 14: +0,1681909200
0.265,1,Apr 19 2023 15: +0,1681912800
0.266,1,Apr 19 2023 16: +0,1681916400
0.265,2,Apr 19 2023 17: +0,1681920000
0.267,3,Apr 19 2023 18: +0,1681923600
0.207,2,Apr 19 2023 19: +0,1681927200
0.268,3,Apr 19 2023 20: +0,1681930800
0.268,6,Apr 19 2023 21: +0,1681934400
0.276,1,Apr 19 2023 22: +0,1681938000
0.305,12,Apr 19 2023 23: +0,1681941600
0.23,1,Apr 20 2023 00: +0,1681945200
0.302,3,Apr 20 2023 02: +0,1681952400
0.254,1,Apr 20 2023 04: +0,1681959600
0.302,1,Apr 20 2023 09: +0,1681977600
0.32,2,Apr 20 2023 11: +0,1681984800
0.226,1,Apr 20 2023 12: +0,1681988400
0.302,3,Apr 20 2023 14: +0,1681995600
0.329,2,Apr 20 2023 16: +0,1682002800
0.351,2,Apr 20 2023 17: +0,1682006400
0.304,1,Apr 20 2023 18: +0,1682010000
0.246,1,Apr 20 2023 19: +0,1682013600
0.235,2,Apr 20 2023 20: +0,1682017200
0.287,4,Apr 20 2023 21: +0,1682020800
0.502,2,Apr 20 2023 22: +0,1682024400
0.474,1,Apr 21 2023 00: +0,1682031600
0.408,1,Apr 21 2023 05: +0,1682049600
0.475,1,Apr 21 2023 06: +0,1682053200
0.428,2,Apr 21 2023 09: +0,1682064000
0.422,2,Apr 21 2023 12: +0,1682074800
0.439,3,Apr 21 2023 13: +0,1682078400
0.399,2,Apr 21 2023 14: +0,1682082000
0.428,2,Apr 21 2023 15: +0,1682085600
0.459,1,Apr 21 2023 17: +0,1682092800
0.469,1,Apr 21 2023 18: +0,1682096400
0.337,2,Apr 21 2023 20: +0,1682103600
0.37,3,Apr 21 2023 21: +0,1682107200
0.459,2,Apr 21 2023 22: +0,1682110800
0.459,1,Apr 21 2023 23: +0,1682114400
0.459,1,Apr 22 2023 00: +0,1682118000
0.362,1,Apr 22 2023 01: +0,1682121600
0.387,1,Apr 22 2023 02: +0,1682125200
0.232,1,Apr 22 2023 04: +0,1682132400
0.287,3,Apr 22 2023 05: +0,1682136000
0.389,1,Apr 22 2023 06: +0,1682139600
0.301,2,Apr 22 2023 07: +0,1682143200
0.332,12,Apr 22 2023 09: +0,1682150400
0.447,8,Apr 22 2023 10: +0,1682154000
0.176,1,Apr 22 2023 11: +0,1682157600
0.468,3,Apr 22 2023 12: +0,1682161200
0.364,1,Apr 22 2023 13: +0,1682164800
0.441,1,Apr 22 2023 15: +0,1682172000
0.438,2,Apr 22 2023 16: +0,1682175600
0.361,4,Apr 22 2023 19: +0,1682186400
0.406,1,Apr 22 2023 20: +0,1682190000
0.403,4,Apr 22 2023 21: +0,1682193600
0.4,2,Apr 22 2023 22: +0,1682197200
0.464,2,Apr 22 2023 23: +0,1682200800
0.368,4,Apr 23 2023 07: +0,1682229600
0.291,2,Apr 23 2023 08: +0,1682233200
0.468,1,Apr 23 2023 10: +0,1682240400
0.38,2,Apr 23 2023 11: +0,1682244000
0.425,2,Apr 23 2023 12: +0,1682247600
0.362,6,Apr 23 2023 13: +0,1682251200
0.425,1,Apr 23 2023 14: +0,1682254800
0.363,1,Apr 23 2023 15: +0,1682258400
0.424,1,Apr 23 2023 16: +0,1682262000
0.425,3,Apr 23 2023 17: +0,1682265600
0.429,1,Apr 23 2023 18: +0,1682269200
0.52,2,Apr 23 2023 21: +0,1682280000
0.402,1,Apr 23 2023 23: +0,1682287200
0.454,4,Apr 24 2023 02: +0,1682298000
0.403,1,Apr 24 2023 04: +0,1682305200
0.353,1,Apr 24 2023 10: +0,1682326800
0.442,1,Apr 24 2023 11: +0,1682330400
0.439,2,Apr 24 2023 12: +0,1682334000
0.355,1,Apr 24 2023 14: +0,1682341200
0.345,1,Apr 24 2023 15: +0,1682344800
0.387,2,Apr 24 2023 16: +0,1682348400
0.451,1,Apr 24 2023 17: +0,1682352000
0.342,1,Apr 24 2023 18: +0,1682355600
0.352,1,Apr 24 2023 19: +0,1682359200
0.414,3,Apr 24 2023 20: +0,1682362800
0.368,2,Apr 24 2023 22: +0,1682370000
0.418,1,Apr 25 2023 00: +0,1682377200
0.395,2,Apr 25 2023 01: +0,1682380800
0.362,1,Apr 25 2023 03: +0,1682388000
0.362,1,Apr 25 2023 04: +0,1682391600
0.402,1,Apr 25 2023 05: +0,1682395200
0.346,1,Apr 25 2023 06: +0,1682398800
0.359,4,Apr 25 2023 07: +0,1682402400
0.361,1,Apr 25 2023 09: +0,1682409600
0.346,7,Apr 25 2023 10: +0,1682413200
0.346,7,Apr 25 2023 11: +0,1682416800
0.338,2,Apr 25 2023 12: +0,1682420400
0.33,3,Apr 25 2023 13: +0,1682424000
0.346,3,Apr 25 2023 14: +0,1682427600
0.381,2,Apr 25 2023 15: +0,1682431200
0.266,2,Apr 25 2023 17: +0,1682438400
0.284,7,Apr 25 2023 18: +0,1682442000
0.253,1,Apr 25 2023 19: +0,1682445600
0.363,2,Apr 25 2023 20: +0,1682449200
0.264,4,Apr 25 2023 21: +0,1682452800
0.219,2,Apr 26 2023 00: +0,1682463600
0.248,1,Apr 26 2023 01: +0,1682467200
0.261,4,Apr 26 2023 02: +0,1682470800
0.175,1,Apr 26 2023 05: +0,1682481600
0.36,3,Apr 26 2023 07: +0,1682488800
0.224,1,Apr 26 2023 08: +0,1682492400
0.268,2,Apr 26 2023 09: +0,1682496000
0.29,2,Apr 26 2023 10: +0,1682499600
0.25,2,Apr 26 2023 11: +0,1682503200
0.224,1,Apr 26 2023 12: +0,1682506800
0.295,2,Apr 26 2023 13: +0,1682510400
0.266,3,Apr 26 2023 14: +0,1682514000
0.358,8,Apr 26 2023 15: +0,1682517600
0.385,2,Apr 26 2023 17: +0,1682524800
0.371,7,Apr 26 2023 18: +0,1682528400
0.264,1,Apr 26 2023 19: +0,1682532000
0.205,1,Apr 26 2023 20: +0,1682535600
0.242,4,Apr 26 2023 21: +0,1682539200
0.289,2,Apr 26 2023 22: +0,1682542800
0.425,1,Apr 26 2023 23: +0,1682546400
0.235,1,Apr 27 2023 00: +0,1682550000
0.264,2,Apr 27 2023 01: +0,1682553600
0.296,1,Apr 27 2023 02: +0,1682557200
0.244,1,Apr 27 2023 05: +0,1682568000
0.288,2,Apr 27 2023 06: +0,1682571600
0.337,2,Apr 27 2023 07: +0,1682575200
0.288,1,Apr 27 2023 08: +0,1682578800
0.235,3,Apr 27 2023 09: +0,1682582400
0.257,1,Apr 27 2023 10: +0,1682586000
0.209,2,Apr 27 2023 13: +0,1682596800
0.254,1,Apr 27 2023 14: +0,1682600400
0.23,3,Apr 27 2023 15: +0,1682604000
0.204,20,Apr 27 2023 16: +0,1682607600
0.266,1,Apr 27 2023 17: +0,1682611200
0.202,1,Apr 27 2023 18: +0,1682614800
0.249,4,Apr 27 2023 19: +0,1682618400
0.236,1,Apr 27 2023 20: +0,1682622000
0.254,7,Apr 27 2023 22: +0,1682629200
0.154,1,Apr 27 2023 23: +0,1682632800
0.235,1,Apr 28 2023 01: +0,1682640000
0.23,4,Apr 28 2023 02: +0,1682643600
0.236,2,Apr 28 2023 04: +0,1682650800
0.123,1,Apr 28 2023 05: +0,1682654400
0.245,1,Apr 28 2023 10: +0,1682672400
0.251,2,Apr 28 2023 11: +0,1682676000
0.237,3,Apr 28 2023 12: +0,1682679600
0.223,3,Apr 28 2023 13: +0,1682683200
0.232,1,Apr 28 2023 14: +0,1682686800
0.237,4,Apr 28 2023 15: +0,1682690400
0.253,1,Apr 28 2023 16: +0,1682694000
0.232,2,Apr 28 2023 17: +0,1682697600
0.26,2,Apr 28 2023 19: +0,1682704800
0.229,1,Apr 28 2023 20: +0,1682708400
0.256,2,Apr 28 2023 21: +0,1682712000
0.264,1,Apr 28 2023 22: +0,1682715600
0.272,1,Apr 28 2023 23: +0,1682719200
0.266,2,Apr 29 2023 00: +0,1682722800
0.197,1,Apr 29 2023 01: +0,1682726400
0.265,2,Apr 29 2023 02: +0,1682730000
0.266,1,Apr 29 2023 04: +0,1682737200
0.264,1,Apr 29 2023 05: +0,1682740800
0.246,2,Apr 29 2023 06: +0,1682744400
0.227,1,Apr 29 2023 07: +0,1682748000
0.223,1,Apr 29 2023 08: +0,1682751600
0.2,1,Apr 29 2023 09: +0,1682755200
0.246,2,Apr 29 2023 10: +0,1682758800
0.233,5,Apr 29 2023 11: +0,1682762400
0.23,7,Apr 29 2023 12: +0,1682766000
0.221,2,Apr 29 2023 13: +0,1682769600
0.251,3,Apr 29 2023 15: +0,1682776800
0.266,2,Apr 29 2023 16: +0,1682780400
0.316,4,Apr 29 2023 17: +0,1682784000
0.231,2,Apr 29 2023 18: +0,1682787600
0.211,1,Apr 29 2023 19: +0,1682791200
0.228,1,Apr 29 2023 20: +0,1682794800
0.265,5,Apr 29 2023 21: +0,1682798400
0.245,4,Apr 29 2023 22: +0,1682802000
0.249,2,Apr 29 2023 23: +0,1682805600
0.256,5,Apr 30 2023 00: +0,1682809200
0.278,2,Apr 30 2023 01: +0,1682812800
0.246,1,Apr 30 2023 03: +0,1682820000
0.269,2,Apr 30 2023 04: +0,1682823600
0.192,1,Apr 30 2023 06: +0,1682830800
0.258,2,Apr 30 2023 07: +0,1682834400
0.186,1,Apr 30 2023 09: +0,1682841600
0.261,4,Apr 30 2023 10: +0,1682845200
0.254,3,Apr 30 2023 11: +0,1682848800
0.266,1,Apr 30 2023 12: +0,1682852400
0.265,2,Apr 30 2023 13: +0,1682856000
0.26,2,Apr 30 2023 14: +0,1682859600
0.24,4,Apr 30 2023 15: +0,1682863200
0.376,2,Apr 30 2023 16: +0,1682866800
0.232,1,Apr 30 2023 17: +0,1682870400
0.246,3,Apr 30 2023 18: +0,1682874000
0.28,2,Apr 30 2023 19: +0,1682877600
0.36,2,Apr 30 2023 20: +0,1682881200
0.232,1,Apr 30 2023 22: +0,1682888400
0.295,3,Apr 30 2023 23: +0,1682892000
0.239,1,May 01 2023 00: +0,1682895600
0.201,2,May 01 2023 01: +0,1682899200
0.227,2,May 01 2023 02: +0,1682902800
0.247,1,May 01 2023 09: +0,1682928000
0.224,2,May 01 2023 10: +0,1682931600
0.293,3,May 01 2023 11: +0,1682935200
0.296,1,May 01 2023 12: +0,1682938800
0.282,3,May 01 2023 13: +0,1682942400
0.303,3,May 01 2023 14: +0,1682946000
0.317,1,May 01 2023 15: +0,1682949600
0.317,3,May 01 2023 16: +0,1682953200
0.322,4,May 01 2023 17: +0,1682956800
0.222,1,May 01 2023 18: +0,1682960400
0.324,2,May 01 2023 19: +0,1682964000
0.194,3,May 01 2023 21: +0,1682971200
0.319,1,May 01 2023 23: +0,1682978400
0.319,3,May 02 2023 00: +0,1682982000
0.28,1,May 02 2023 01: +0,1682985600
0.234,2,May 02 2023 05: +0,1683000000
0.25,2,May 02 2023 07: +0,1683007200
0.345,1,May 02 2023 08: +0,1683010800
0.238,2,May 02 2023 09: +0,1683014400
0.255,1,May 02 2023 10: +0,1683018000
0.298,1,May 02 2023 11: +0,1683021600
0.231,1,May 02 2023 13: +0,1683028800
0.273,2,May 02 2023 14: +0,1683032400
0.33,2,May 02 2023 16: +0,1683039600
0.324,1,May 02 2023 17: +0,1683043200
0.344,2,May 02 2023 18: +0,1683046800
0.334,1,May 02 2023 19: +0,1683050400
0.232,3,May 02 2023 23: +0,1683064800
0.304,1,May 03 2023 03: +0,1683079200
0.199,1,May 03 2023 06: +0,1683090000
0.328,1,May 03 2023 07: +0,1683093600
0.232,1,May 03 2023 09: +0,1683100800
0.224,1,May 03 2023 10: +0,1683104400
0.425,1,May 03 2023 11: +0,1683108000
0.367,1,May 03 2023 13: +0,1683115200
0.232,1,May 03 2023 14: +0,1683118800
0.307,1,May 03 2023 15: +0,1683122400
0.321,4,May 03 2023 16: +0,1683126000
0.284,2,May 03 2023 17: +0,1683129600
0.302,1,May 03 2023 18: +0,1683133200
0.325,2,May 03 2023 19: +0,1683136800
0.273,2,May 03 2023 20: +0,1683140400
0.238,3,May 03 2023 21: +0,1683144000
0.238,2,May 04 2023 01: +0,1683158400
0.294,1,May 04 2023 05: +0,1683172800
0.294,1,May 04 2023 07: +0,1683180000
0.244,1,May 04 2023 08: +0,1683183600
0.278,3,May 04 2023 11: +0,1683194400
0.294,3,May 04 2023 12: +0,1683198000
0.304,1,May 04 2023 13: +0,1683201600
0.289,2,May 04 2023 15: +0,1683208800
51.249,2,May 04 2023 16: +0,1683212400
0.229,2,May 04 2023 17: +0,1683216000
0.294,1,May 04 2023 18: +0,1683219600
0.26,1,May 04 2023 19: +0,1683223200
0.258,8,May 04 2023 20: +0,1683226800
0.222,1,May 04 2023 22: +0,1683234000
0.221,2,May 05 2023 01: +0,1683244800
0.218,2,May 05 2023 02: +0,1683248400
0.245,3,May 05 2023 03: +0,1683252000
0.239,1,May 05 2023 05: +0,1683259200
0.247,1,May 05 2023 06: +0,1683262800
0.232,1,May 05 2023 07: +0,1683266400
0.251,3,May 05 2023 09: +0,1683273600
0.245,12,May 05 2023 10: +0,1683277200
0.233,4,May 05 2023 11: +0,1683280800
0.269,2,May 05 2023 13: +0,1683288000
0.242,3,May 05 2023 14: +0,1683291600
0.173,1,May 05 2023 15: +0,1683295200
0.251,1,May 05 2023 16: +0,1683298800
0.242,5,May 05 2023 17: +0,1683302400
0.243,2,May 05 2023 18: +0,1683306000
0.242,5,May 05 2023 19: +0,1683309600
0.24,2,May 05 2023 20: +0,1683313200
0.242,3,May 05 2023 21: +0,1683316800
0.163,1,May 05 2023 22: +0,1683320400
0.239,1,May 05 2023 23: +0,1683324000
0.247,2,May 06 2023 00: +0,1683327600
0.245,5,May 06 2023 01: +0,1683331200
0.234,2,May 06 2023 02: +0,1683334800
0.219,1,May 06 2023 03: +0,1683338400
0.274,2,May 06 2023 04: +0,1683342000
0.254,1,May 06 2023 05: +0,1683345600
0.249,2,May 06 2023 06: +0,1683349200
0.251,2,May 06 2023 07: +0,1683352800
0.242,3,May 06 2023 08: +0,1683356400
0.247,6,May 06 2023 09: +0,1683360000
0.246,1,May 06 2023 10: +0,1683363600
0.253,1,May 06 2023 11: +0,1683367200
0.242,1,May 06 2023 12: +0,1683370800
0.242,3,May 06 2023 13: +0,1683374400
0.253,3,May 06 2023 14: +0,1683378000
0.219,1,May 06 2023 15: +0,1683381600
0.228,5,May 06 2023 16: +0,1683385200
0.263,4,May 06 2023 17: +0,1683388800
0.259,2,May 06 2023 18: +0,1683392400
0.273,2,May 06 2023 19: +0,1683396000
0.262,3,May 06 2023 20: +0,1683399600
0.239,1,May 06 2023 21: +0,1683403200
0.263,3,May 06 2023 22: +0,1683406800
0.204,1,May 06 2023 23: +0,1683410400
0.262,1,May 07 2023 00: +0,1683414000
0.182,1,May 07 2023 01: +0,1683417600
0.242,1,May 07 2023 09: +0,1683446400
0.258,1,May 07 2023 11: +0,1683453600
0.242,3,May 07 2023 12: +0,1683457200
0.247,4,May 07 2023 13: +0,1683460800
0.23,5,May 07 2023 15: +0,1683468000
0.231,3,May 07 2023 17: +0,1683475200
0.231,3,May 07 2023 19: +0,1683482400
0.229,2,May 07 2023 20: +0,1683486000
0.231,1,May 07 2023 21: +0,1683489600
0.221,2,May 08 2023 00: +0,1683500400
0.221,2,May 08 2023 01: +0,1683504000
0.211,1,May 08 2023 03: +0,1683511200
0.191,1,May 08 2023 05: +0,1683518400
0.222,1,May 08 2023 06: +0,1683522000
0.189,1,May 08 2023 07: +0,1683525600
0.2,2,May 08 2023 08: +0,1683529200
0.193,3,May 08 2023 09: +0,1683532800
0.213,2,May 08 2023 10: +0,1683536400
0.23,1,May 08 2023 12: +0,1683543600
0.23,1,May 08 2023 13: +0,1683547200
0.229,2,May 08 2023 14: +0,1683550800
0.252,11,May 08 2023 15: +0,1683554400
0.243,3,May 08 2023 16: +0,1683558000
0.245,3,May 08 2023 17: +0,1683561600
0.247,2,May 08 2023 18: +0,1683565200
0.249,3,May 08 2023 19: +0,1683568800
0.279,2,May 08 2023 20: +0,1683572400
0.245,2,May 08 2023 21: +0,1683576000
0.216,2,May 08 2023 22: +0,1683579600
0.243,3,May 08 2023 23: +0,1683583200
0.246,1,May 09 2023 03: +0,1683597600
0.229,2,May 09 2023 05: +0,1683604800
0.229,2,May 09 2023 06: +0,1683608400
0.245,1,May 09 2023 09: +0,1683619200
0.192,3,May 09 2023 10: +0,1683622800
0.246,4,May 09 2023 11: +0,1683626400
0.23,4,May 09 2023 12: +0,1683630000
0.252,1,May 09 2023 13: +0,1683633600
0.217,2,May 09 2023 14: +0,1683637200
0.222,1,May 09 2023 15: +0,1683640800
0.246,4,May 09 2023 16: +0,1683644400
0.213,2,May 09 2023 17: +0,1683648000
0.215,2,May 09 2023 18: +0,1683651600
0.246,3,May 09 2023 19: +0,1683655200
0.24,4,May 09 2023 20: +0,1683658800
0.244,3,May 09 2023 21: +0,1683662400
0.247,2,May 09 2023 22: +0,1683666000
0.244,1,May 10 2023 01: +0,1683676800
1.319,1,May 10 2023 03: +0,1683684000
0.244,1,May 10 2023 05: +0,1683691200
0.251,2,May 10 2023 07: +0,1683698400
0.236,1,May 10 2023 08: +0,1683702000
0.25,1,May 10 2023 09: +0,1683705600
0.226,1,May 10 2023 10: +0,1683709200
0.25,1,May 10 2023 15: +0,1683727200
0.245,2,May 10 2023 16: +0,1683730800
0.237,4,May 10 2023 17: +0,1683734400
0.223,2,May 10 2023 18: +0,1683738000
0.248,1,May 10 2023 19: +0,1683741600
0.201,2,May 10 2023 20: +0,1683745200
0.21,1,May 10 2023 22: +0,1683752400
0.215,2,May 10 2023 23: +0,1683756000
0.24,2,May 11 2023 06: +0,1683781200
0.208,1,May 11 2023 09: +0,1683792000
0.217,1,May 11 2023 10: +0,1683795600
0.216,2,May 11 2023 11: +0,1683799200
0.252,1,May 11 2023 12: +0,1683802800
0.231,1,May 11 2023 13: +0,1683806400
0.245,5,May 11 2023 14: +0,1683810000
0.238,3,May 11 2023 15: +0,1683813600
0.251,6,May 11 2023 16: +0,1683817200
0.21,2,May 11 2023 17: +0,1683820800
0.215,1,May 11 2023 18: +0,1683824400
0.253,1,May 11 2023 19: +0,1683828000
0.234,2,May 11 2023 20: +0,1683831600
0.215,5,May 11 2023 21: +0,1683835200
0.257,2,May 11 2023 22: +0,1683838800
0.211,1,May 11 2023 23: +0,1683842400
0.252,2,May 12 2023 01: +0,1683849600
0.25,1,May 12 2023 02: +0,1683853200
0.243,1,May 12 2023 05: +0,1683864000
0.227,2,May 12 2023 06: +0,1683867600
0.234,2,May 12 2023 08: +0,1683874800
0.256,5,May 12 2023 13: +0,1683892800
0.253,1,May 12 2023 14: +0,1683896400
0.251,3,May 12 2023 15: +0,1683900000
0.252,2,May 12 2023 16: +0,1683903600
0.231,2,May 12 2023 17: +0,1683907200
0.168,1,May 12 2023 18: +0,1683910800
0.248,3,May 12 2023 19: +0,1683914400
0.253,3,May 12 2023 20: +0,1683918000
0.254,3,May 12 2023 21: +0,1683921600
0.256,2,May 12 2023 22: +0,1683925200
0.252,1,May 12 2023 23: +0,1683928800
0.213,3,May 13 2023 00: +0,1683932400
0.25,1,May 13 2023 02: +0,1683939600
0.246,1,May 13 2023 06: +0,1683954000
0.213,1,May 13 2023 07: +0,1683957600
0.183,4,May 13 2023 08: +0,1683961200
0.252,1,May 13 2023 09: +0,1683964800
0.155,1,May 13 2023 10: +0,1683968400
0.182,1,May 13 2023 11: +0,1683972000
0.247,2,May 13 2023 13: +0,1683979200
0.246,3,May 13 2023 14: +0,1683982800
0.23,3,May 13 2023 15: +0,1683986400
0.427,1,May 13 2023 16: +0,1683990000
0.252,1,May 13 2023 17: +0,1683993600
0.231,3,May 13 2023 18: +0,1683997200
0.242,2,May 13 2023 19: +0,1684000800
0.257,2,May 13 2023 20: +0,1684004400
0.25,3,May 13 2023 21: +0,1684008000
0.215,1,May 13 2023 22: +0,1684011600
0.231,1,May 14 2023 00: +0,1684018800
0.198,1,May 14 2023 01: +0,1684022400
0.25,5,May 14 2023 02: +0,1684026000
0.166,1,May 14 2023 03: +0,1684029600
0.25,1,May 14 2023 05: +0,1684036800
0.205,1,May 14 2023 07: +0,1684044000
0.248,1,May 14 2023 09: +0,1684051200
0.25,1,May 14 2023 10: +0,1684054800
0.222,2,May 14 2023 11: +0,1684058400
0.205,1,May 14 2023 12: +0,1684062000
0.243,1,May 14 2023 13: +0,1684065600
0.264,1,May 14 2023 15: +0,1684072800
0.216,1,May 14 2023 16: +0,1684076400
0.205,1,May 14 2023 17: +0,1684080000
0.248,2,May 14 2023 18: +0,1684083600
0.233,2,May 14 2023 19: +0,1684087200
0.25,4,May 14 2023 20: +0,1684090800
0.248,3,May 14 2023 21: +0,1684094400
0.25,1,May 14 2023 22: +0,1684098000
0.229,2,May 15 2023 00: +0,1684105200
0.253,1,May 15 2023 01: +0,1684108800
0.225,2,May 15 2023 04: +0,1684119600
0.216,1,May 15 2023 07: +0,1684130400
0.24,1,May 15 2023 08: +0,1684134000
0.215,1,May 15 2023 10: +0,1684141200
0.18,1,May 15 2023 11: +0,1684144800
0.254,1,May 15 2023 12: +0,1684148400
0.255,3,May 15 2023 13: +0,1684152000
0.216,1,May 15 2023 14: +0,1684155600
0.252,1,May 15 2023 15: +0,1684159200
0.252,1,May 15 2023 16: +0,1684162800
0.255,2,May 15 2023 17: +0,1684166400
0.344,2,May 15 2023 18: +0,1684170000
0.2,1,May 15 2023 21: +0,1684180800
0.226,3,May 15 2023 22: +0,1684184400
0.235,1,May 15 2023 23: +0,1684188000
0.26,2,May 16 2023 01: +0,1684195200
0.216,2,May 16 2023 03: +0,1684202400
0.246,2,May 16 2023 05: +0,1684209600
0.216,2,May 16 2023 07: +0,1684216800
0.216,1,May 16 2023 08: +0,1684220400
0.231,2,May 16 2023 09: +0,1684224000
0.211,1,May 16 2023 10: +0,1684227600
0.243,3,May 16 2023 13: +0,1684238400
0.238,2,May 16 2023 14: +0,1684242000
0.244,5,May 16 2023 15: +0,1684245600
0.253,3,May 16 2023 17: +0,1684252800
0.257,1,May 16 2023 18: +0,1684256400
0.252,3,May 16 2023 20: +0,1684263600
0.216,1,May 16 2023 21: +0,1684267200
0.252,3,May 16 2023 22: +0,1684270800
0.211,1,May 16 2023 23: +0,1684274400
0.203,3,May 17 2023 00: +0,1684278000
0.236,2,May 17 2023 01: +0,1684281600
0.206,1,May 17 2023 03: +0,1684288800
0.257,1,May 17 2023 04: +0,1684292400
0.216,1,May 17 2023 06: +0,1684299600
0.199,1,May 17 2023 08: +0,1684306800
0.219,3,May 17 2023 10: +0,1684314000
0.215,2,May 17 2023 11: +0,1684317600
0.229,1,May 17 2023 12: +0,1684321200
0.192,3,May 17 2023 13: +0,1684324800
0.23,2,May 17 2023 14: +0,1684328400
0.257,1,May 17 2023 15: +0,1684332000
0.241,1,May 17 2023 16: +0,1684335600
0.237,4,May 17 2023 17: +0,1684339200
0.24,2,May 17 2023 18: +0,1684342800
0.2,1,May 17 2023 19: +0,1684346400
0.249,1,May 17 2023 20: +0,1684350000
0.26,14,May 17 2023 21: +0,1684353600
0.239,2,May 17 2023 23: +0,1684360800
0.208,1,May 18 2023 00: +0,1684364400
0.217,1,May 18 2023 01: +0,1684368000
0.112,1,May 18 2023 02: +0,1684371600
0.238,1,May 18 2023 03: +0,1684375200
0.257,1,May 18 2023 05: +0,1684382400
0.219,2,May 18 2023 09: +0,1684396800
0.243,1,May 18 2023 10: +0,1684400400
0.267,1,May 18 2023 11: +0,1684404000
0.268,1,May 18 2023 12: +0,1684407600
0.266,1,May 18 2023 13: +0,1684411200
0.286,2,May 18 2023 14: +0,1684414800
0.25,1,May 18 2023 15: +0,1684418400
0.27,1,May 18 2023 17: +0,1684425600
0.22,2,May 18 2023 18: +0,1684429200
0.323,2,May 18 2023 19: +0,1684432800
0.222,3,May 18 2023 20: +0,1684436400
0.221,1,May 18 2023 21: +0,1684440000
0.268,3,May 18 2023 22: +0,1684443600
0.219,1,May 18 2023 23: +0,1684447200
0.26,1,May 19 2023 00: +0,1684450800
0.221,1,May 19 2023 01: +0,1684454400
0.257,1,May 19 2023 02: +0,1684458000
0.222,2,May 19 2023 04: +0,1684465200
0.103,1,May 19 2023 05: +0,1684468800
0.219,1,May 19 2023 08: +0,1684479600
0.203,1,May 19 2023 09: +0,1684483200
0.179,1,May 19 2023 11: +0,1684490400
0.262,3,May 19 2023 12: +0,1684494000
0.259,2,May 19 2023 14: +0,1684501200
0.24,2,May 19 2023 15: +0,1684504800
0.219,3,May 19 2023 16: +0,1684508400
0.239,1,May 19 2023 18: +0,1684515600
0.241,1,May 19 2023 19: +0,1684519200
0.235,2,May 19 2023 20: +0,1684522800
0.201,2,May 19 2023 21: +0,1684526400
0.255,2,May 19 2023 22: +0,1684530000
0.219,1,May 19 2023 23: +0,1684533600
0.26,1,May 20 2023 00: +0,1684537200
0.222,2,May 20 2023 04: +0,1684551600
0.257,1,May 20 2023 05: +0,1684555200
0.523,1,May 20 2023 06: +0,1684558800
0.259,2,May 20 2023 07: +0,1684562400
0.249,2,May 20 2023 08: +0,1684566000
0.221,2,May 20 2023 10: +0,1684573200
0.246,2,May 20 2023 11: +0,1684576800
0.248,1,May 20 2023 12: +0,1684580400
0.22,1,May 20 2023 13: +0,1684584000
0.231,4,May 20 2023 16: +0,1684594800
0.434,1,May 20 2023 17: +0,1684598400
0.161,3,May 20 2023 18: +0,1684602000
0.252,1,May 20 2023 19: +0,1684605600
0.255,1,May 20 2023 20: +0,1684609200
0.257,3,May 20 2023 21: +0,1684612800
0.275,1,May 20 2023 22: +0,1684616400
0.237,4,May 20 2023 23: +0,1684620000
0.223,3,May 21 2023 00: +0,1684623600
0.257,2,May 21 2023 01: +0,1684627200
0.26,3,May 21 2023 04: +0,1684638000
0.22,1,May 21 2023 05: +0,1684641600
0.225,1,May 21 2023 06: +0,1684645200
0.261,3,May 21 2023 08: +0,1684652400
0.221,1,May 21 2023 09: +0,1684656000
0.22,1,May 21 2023 10: +0,1684659600
0.247,2,May 21 2023 11: +0,1684663200
0.255,2,May 21 2023 12: +0,1684666800
0.223,2,May 21 2023 14: +0,1684674000
0.26,5,May 21 2023 15: +0,1684677600
0.261,2,May 21 2023 16: +0,1684681200
0.261,2,May 21 2023 17: +0,1684684800
0.259,2,May 21 2023 18: +0,1684688400
0.261,2,May 21 2023 19: +0,1684692000
0.211,4,May 21 2023 20: +0,1684695600
0.234,1,May 21 2023 21: +0,1684699200
0.234,1,May 21 2023 22: +0,1684702800
0.262,1,May 22 2023 01: +0,1684713600
0.248,2,May 22 2023 05: +0,1684728000
0.246,1,May 22 2023 07: +0,1684735200
0.255,2,May 22 2023 09: +0,1684742400
0.258,1,May 22 2023 10: +0,1684746000
0.204,2,May 22 2023 13: +0,1684756800
0.207,2,May 22 2023 14: +0,1684760400
0.255,6,May 22 2023 17: +0,1684771200
0.215,1,May 22 2023 18: +0,1684774800
0.26,2,May 22 2023 19: +0,1684778400
0.262,1,May 22 2023 20: +0,1684782000
0.235,2,May 22 2023 21: +0,1684785600
0.22,1,May 22 2023 22: +0,1684789200
0.264,1,May 22 2023 23: +0,1684792800
0.226,1,May 23 2023 00: +0,1684796400
0.205,2,May 23 2023 01: +0,1684800000
0.223,1,May 23 2023 02: +0,1684803600
0.215,2,May 23 2023 07: +0,1684821600
0.24,1,May 23 2023 08: +0,1684825200
0.222,1,May 23 2023 09: +0,1684828800
0.261,3,May 23 2023 10: +0,1684832400
0.13,1,May 23 2023 12: +0,1684839600
0.248,2,May 23 2023 15: +0,1684850400
0.21,1,May 23 2023 18: +0,1684861200
0.236,2,May 23 2023 19: +0,1684864800
0.26,5,May 23 2023 20: +0,1684868400
0.249,1,May 23 2023 21: +0,1684872000
0.241,2,May 24 2023 00: +0,1684882800
0.112,1,May 24 2023 02: +0,1684890000
0.241,2,May 24 2023 04: +0,1684897200
0.169,1,May 24 2023 08: +0,1684911600
0.261,1,May 24 2023 10: +0,1684918800
0.321,2,May 24 2023 11: +0,1684922400
0.257,1,May 24 2023 12: +0,1684926000
0.263,1,May 24 2023 13: +0,1684929600
0.224,2,May 24 2023 14: +0,1684933200
0.223,3,May 24 2023 15: +0,1684936800
0.247,2,May 24 2023 16: +0,1684940400
0.224,1,May 24 2023 17: +0,1684944000
0.242,4,May 24 2023 18: +0,1684947600
0.26,5,May 24 2023 19: +0,1684951200
0.222,2,May 24 2023 20: +0,1684954800
0.263,2,May 24 2023 21: +0,1684958400
0.245,1,May 24 2023 22: +0,1684962000
0.264,1,May 25 2023 01: +0,1684972800
0.264,1,May 25 2023 03: +0,1684980000
0.262,1,May 25 2023 07: +0,1684994400
0.264,1,May 25 2023 08: +0,1684998000
0.262,1,May 25 2023 10: +0,1685005200
0.262,1,May 25 2023 13: +0,1685016000
0.228,1,May 25 2023 15: +0,1685023200
0.262,1,May 25 2023 16: +0,1685026800
0.242,2,May 25 2023 17: +0,1685030400
0.275,1,May 25 2023 18: +0,1685034000
0.244,2,May 25 2023 19: +0,1685037600
0.221,3,May 25 2023 20: +0,1685041200
0.26,1,May 25 2023 21: +0,1685044800
0.209,3,May 25 2023 22: +0,1685048400
0.251,1,May 26 2023 00: +0,1685055600
0.258,2,May 26 2023 03: +0,1685066400
0.188,1,May 26 2023 05: +0,1685073600
0.211,2,May 26 2023 08: +0,1685084400
0.259,1,May 26 2023 09: +0,1685088000
209.29,1,May 26 2023 14: +0,1685106000
0.149,1,May 26 2023 15: +0,1685109600
0.242,3,May 26 2023 16: +0,1685113200
0.251,3,May 26 2023 17: +0,1685116800
0.22,2,May 26 2023 18: +0,1685120400
1.434,2,May 26 2023 19: +0,1685124000
0.236,2,May 26 2023 20: +0,1685127600
0.243,1,May 27 2023 01: +0,1685145600
0.188,1,May 27 2023 03: +0,1685152800
0.203,2,May 27 2023 04: +0,1685156400
0.22,1,May 27 2023 07: +0,1685167200
0.202,1,May 27 2023 11: +0,1685181600
0.241,1,May 27 2023 13: +0,1685188800
0.23,2,May 27 2023 14: +0,1685192400
0.255,2,May 27 2023 15: +0,1685196000
0.26,1,May 27 2023 16: +0,1685199600
0.13,1,May 27 2023 17: +0,1685203200
0.239,4,May 27 2023 18: +0,1685206800
0.225,2,May 27 2023 20: +0,1685214000
0.222,6,May 27 2023 21: +0,1685217600
0.239,2,May 27 2023 22: +0,1685221200
0.261,1,May 27 2023 23: +0,1685224800
0.261,2,May 28 2023 00: +0,1685228400
0.26,1,May 28 2023 01: +0,1685232000
0.261,1,May 28 2023 03: +0,1685239200
0.182,1,May 28 2023 04: +0,1685242800
0.209,1,May 28 2023 06: +0,1685250000
0.26,3,May 28 2023 07: +0,1685253600
0.262,1,May 28 2023 11: +0,1685268000
0.26,1,May 28 2023 12: +0,1685271600
0.221,5,May 28 2023 15: +0,1685282400
0.259,5,May 28 2023 16: +0,1685286000
0.251,1,May 28 2023 17: +0,1685289600
0.258,7,May 28 2023 18: +0,1685293200
0.261,5,May 28 2023 19: +0,1685296800
0.24,4,May 28 2023 20: +0,1685300400
0.214,1,May 28 2023 21: +0,1685304000
0.264,1,May 28 2023 22: +0,1685307600
0.246,2,May 28 2023 23: +0,1685311200
0.256,2,May 29 2023 00: +0,1685314800
0.236,2,May 29 2023 01: +0,1685318400
0.26,2,May 29 2023 02: +0,1685322000
0.259,1,May 29 2023 04: +0,1685329200
0.204,2,May 29 2023 05: +0,1685332800
0.261,3,May 29 2023 08: +0,1685343600
0.261,1,May 29 2023 09: +0,1685347200
0.221,1,May 29 2023 11: +0,1685354400
0.259,1,May 29 2023 13: +0,1685361600
0.217,1,May 29 2023 15: +0,1685368800
0.231,2,May 29 2023 16: +0,1685372400
0.239,2,May 29 2023 17: +0,1685376000
0.262,3,May 29 2023 18: +0,1685379600
0.261,3,May 29 2023 19: +0,1685383200
0.258,3,May 29 2023 20: +0,1685386800
0.213,1,May 29 2023 23: +0,1685397600
0.291,1,May 30 2023 02: +0,1685408400
0.216,1,May 30 2023 06: +0,1685422800
0.261,1,May 30 2023 09: +0,1685433600
0.25,1,May 30 2023 14: +0,1685451600
0.231,2,May 30 2023 15: +0,1685455200
0.23,2,May 30 2023 16: +0,1685458800
0.26,1,May 30 2023 18: +0,1685466000
0.221,1,May 30 2023 19: +0,1685469600
0.18,1,May 30 2023 20: +0,1685473200
0.223,1,May 30 2023 21: +0,1685476800
0.26,4,May 31 2023 00: +0,1685487600
0.223,1,May 31 2023 04: +0,1685502000
0.22,3,May 31 2023 06: +0,1685509200
0.255,2,May 31 2023 08: +0,1685516400
0.206,1,May 31 2023 09: +0,1685520000
0.26,1,May 31 2023 10: +0,1685523600
0.261,1,May 31 2023 12: +0,1685530800
0.162,1,May 31 2023 15: +0,1685541600
0.22,3,May 31 2023 16: +0,1685545200
0.236,2,May 31 2023 17: +0,1685548800
0.259,4,May 31 2023 18: +0,1685552400
0.262,1,May 31 2023 19: +0,1685556000
0.242,2,May 31 2023 20: +0,1685559600
0.263,2,Jun 01 2023 00: +0,1685574000
0.18,1,Jun 01 2023 01: +0,1685577600
0.216,2,Jun 01 2023 03: +0,1685584800
0.259,2,Jun 01 2023 04: +0,1685588400
0.261,2,Jun 01 2023 09: +0,1685606400
0.168,1,Jun 01 2023 11: +0,1685613600
0.231,1,Jun 01 2023 12: +0,1685617200
0.226,2,Jun 01 2023 13: +0,1685620800
0.259,1,Jun 01 2023 14: +0,1685624400
0.258,1,Jun 01 2023 15: +0,1685628000
0.264,1,Jun 01 2023 16: +0,1685631600
0.259,1,Jun 01 2023 17: +0,1685635200
0.259,1,Jun 01 2023 19: +0,1685642400
0.255,3,Jun 01 2023 21: +0,1685649600
0.26,2,Jun 01 2023 22: +0,1685653200
0.272,1,Jun 02 2023 02: +0,1685667600
0.219,1,Jun 02 2023 03: +0,1685671200
0.256,1,Jun 02 2023 07: +0,1685685600
0.219,1,Jun 02 2023 08: +0,1685689200
0.253,2,Jun 02 2023 09: +0,1685692800
0.23,1,Jun 02 2023 10: +0,1685696400
0.26,1,Jun 02 2023 11: +0,1685700000
0.214,1,Jun 02 2023 12: +0,1685703600
0.219,1,Jun 02 2023 15: +0,1685714400
0.214,1,Jun 02 2023 16: +0,1685718000
0.233,2,Jun 02 2023 17: +0,1685721600
0.258,3,Jun 02 2023 18: +0,1685725200
0.276,2,Jun 02 2023 19: +0,1685728800
0.218,2,Jun 02 2023 20: +0,1685732400
0.219,1,Jun 02 2023 21: +0,1685736000
0.247,1,Jun 02 2023 22: +0,1685739600
0.226,2,Jun 02 2023 23: +0,1685743200
0.262,2,Jun 03 2023 00: +0,1685746800
0.262,1,Jun 03 2023 08: +0,1685775600
0.28,1,Jun 03 2023 09: +0,1685779200
0.198,1,Jun 03 2023 12: +0,1685790000
0.241,1,Jun 03 2023 13: +0,1685793600
0.259,3,Jun 03 2023 15: +0,1685800800
0.208,1,Jun 03 2023 17: +0,1685808000
0.241,1,Jun 03 2023 19: +0,1685815200
0.344,1,Jun 03 2023 20: +0,1685818800
0.198,1,Jun 03 2023 21: +0,1685822400
0.22,1,Jun 03 2023 23: +0,1685829600
0.231,1,Jun 04 2023 04: +0,1685847600
0.237,1,Jun 04 2023 05: +0,1685851200
0.218,2,Jun 04 2023 06: +0,1685854800
0.222,3,Jun 04 2023 07: +0,1685858400
0.258,1,Jun 04 2023 09: +0,1685865600
0.218,1,Jun 04 2023 10: +0,1685869200
0.261,2,Jun 04 2023 11: +0,1685872800
0.229,3,Jun 04 2023 12: +0,1685876400
0.26,1,Jun 04 2023 14: +0,1685883600
0.221,3,Jun 04 2023 15: +0,1685887200
0.288,2,Jun 04 2023 16: +0,1685890800
0.221,1,Jun 04 2023 17: +0,1685894400
0.23,4,Jun 04 2023 18: +0,1685898000
0.224,3,Jun 04 2023 20: +0,1685905200
0.268,2,Jun 04 2023 21: +0,1685908800
0.258,1,Jun 04 2023 22: +0,1685912400
0.244,1,Jun 05 2023 00: +0,1685919600
0.248,1,Jun 05 2023 04: +0,1685934000
0.221,2,Jun 05 2023 05: +0,1685937600
0.244,1,Jun 05 2023 06: +0,1685941200
0.224,3,Jun 05 2023 08: +0,1685948400
0.224,1,Jun 05 2023 10: +0,1685955600
0.25,2,Jun 05 2023 11: +0,1685959200
0.195,1,Jun 05 2023 12: +0,1685962800
0.245,1,Jun 05 2023 13: +0,1685966400
0.243,2,Jun 05 2023 14: +0,1685970000
63.292,2,Jun 05 2023 15: +0,1685973600
0.22,2,Jun 05 2023 16: +0,1685977200
0.257,2,Jun 05 2023 17: +0,1685980800
0.237,2,Jun 05 2023 18: +0,1685984400
0.27,2,Jun 05 2023 19: +0,1685988000
0.17,2,Jun 05 2023 21: +0,1685995200
0.169,2,Jun 05 2023 23: +0,1686002400
0.16,1,Jun 06 2023 06: +0,1686027600
0.256,1,Jun 06 2023 09: +0,1686038400
0.258,1,Jun 06 2023 11: +0,1686045600
0.239,3,Jun 06 2023 12: +0,1686049200
0.256,2,Jun 06 2023 14: +0,1686056400
0.26,1,Jun 06 2023 15: +0,1686060000
0.187,1,Jun 06 2023 16: +0,1686063600
0.221,14,Jun 06 2023 17: +0,1686067200
0.364,2,Jun 06 2023 18: +0,1686070800
0.268,1,Jun 06 2023 19: +0,1686074400
0.248,5,Jun 06 2023 21: +0,1686081600
0.258,3,Jun 06 2023 22: +0,1686085200
0.256,2,Jun 06 2023 23: +0,1686088800
0.272,1,Jun 07 2023 00: +0,1686092400
0.256,1,Jun 07 2023 01: +0,1686096000
0.258,1,Jun 07 2023 04: +0,1686106800
0.221,1,Jun 07 2023 05: +0,1686110400
0.27,1,Jun 07 2023 06: +0,1686114000
0.232,2,Jun 07 2023 07: +0,1686117600
0.217,2,Jun 07 2023 09: +0,1686124800
0.247,3,Jun 07 2023 13: +0,1686139200
0.244,2,Jun 07 2023 15: +0,1686146400
0.252,2,Jun 07 2023 16: +0,1686150000
0.219,1,Jun 07 2023 17: +0,1686153600
0.263,2,Jun 07 2023 18: +0,1686157200
0.258,3,Jun 07 2023 19: +0,1686160800
0.26,4,Jun 07 2023 20: +0,1686164400
0.267,1,Jun 08 2023 09: +0,1686211200
0.264,1,Jun 08 2023 10: +0,1686214800
0.242,2,Jun 08 2023 11: +0,1686218400
0.261,2,Jun 08 2023 13: +0,1686225600
0.269,5,Jun 08 2023 14: +0,1686229200
0.23,2,Jun 08 2023 17: +0,1686240000
0.257,3,Jun 08 2023 20: +0,1686250800
0.222,2,Jun 08 2023 21: +0,1686254400
0.232,1,Jun 08 2023 22: +0,1686258000
0.27,2,Jun 08 2023 23: +0,1686261600
0.226,2,Jun 09 2023 06: +0,1686286800
0.221,1,Jun 09 2023 07: +0,1686290400
0.264,2,Jun 09 2023 09: +0,1686297600
0.217,2,Jun 09 2023 10: +0,1686301200
0.251,2,Jun 09 2023 12: +0,1686308400
0.243,2,Jun 09 2023 13: +0,1686312000
0.248,3,Jun 09 2023 17: +0,1686326400
0.262,1,Jun 09 2023 19: +0,1686333600
0.243,2,Jun 09 2023 20: +0,1686337200
0.24,2,Jun 09 2023 22: +0,1686344400
0.259,1,Jun 09 2023 23: +0,1686348000
0.259,2,Jun 10 2023 00: +0,1686351600
0.259,1,Jun 10 2023 02: +0,1686358800
0.259,1,Jun 10 2023 07: +0,1686376800
0.257,2,Jun 10 2023 09: +0,1686384000
0.268,1,Jun 10 2023 10: +0,1686387600
0.263,1,Jun 10 2023 14: +0,1686402000
0.217,2,Jun 10 2023 17: +0,1686412800
0.204,2,Jun 10 2023 18: +0,1686416400
0.207,6,Jun 10 2023 19: +0,1686420000
0.239,1,Jun 10 2023 20: +0,1686423600
0.254,2,Jun 10 2023 21: +0,1686427200
0.22,1,Jun 10 2023 22: +0,1686430800
0.22,1,Jun 10 2023 23: +0,1686434400
0.257,1,Jun 11 2023 01: +0,1686441600
0.26,1,Jun 11 2023 02: +0,1686445200
0.252,1,Jun 11 2023 03: +0,1686448800
0.273,1,Jun 11 2023 07: +0,1686463200
0.264,3,Jun 11 2023 08: +0,1686466800
0.213,1,Jun 11 2023 09: +0,1686470400
0.257,2,Jun 11 2023 10: +0,1686474000
0.263,1,Jun 11 2023 11: +0,1686477600
0.163,1,Jun 11 2023 12: +0,1686481200
0.257,1,Jun 11 2023 13: +0,1686484800
0.263,1,Jun 11 2023 14: +0,1686488400
0.238,2,Jun 11 2023 15: +0,1686492000
0.221,1,Jun 11 2023 16: +0,1686495600
0.221,2,Jun 11 2023 17: +0,1686499200
0.264,1,Jun 11 2023 18: +0,1686502800
0.184,2,Jun 11 2023 19: +0,1686506400
0.26,1,Jun 11 2023 20: +0,1686510000
0.242,2,Jun 11 2023 21: +0,1686513600
0.22,1,Jun 11 2023 22: +0,1686517200
0.237,1,Jun 12 2023 02: +0,1686531600
0.223,1,Jun 12 2023 10: +0,1686560400
0.217,2,Jun 12 2023 11: +0,1686564000
0.222,1,Jun 12 2023 12: +0,1686567600
0.249,2,Jun 12 2023 13: +0,1686571200
0.207,2,Jun 12 2023 14: +0,1686574800
0.234,2,Jun 12 2023 15: +0,1686578400
0.224,2,Jun 12 2023 16: +0,1686582000
0.229,1,Jun 12 2023 18: +0,1686589200
0.263,1,Jun 12 2023 19: +0,1686592800
0.213,1,Jun 12 2023 20: +0,1686596400
0.213,1,Jun 12 2023 21: +0,1686600000
0.234,1,Jun 12 2023 22: +0,1686603600
0.217,2,Jun 13 2023 00: +0,1686610800
0.183,1,Jun 13 2023 05: +0,1686628800
0.206,1,Jun 13 2023 06: +0,1686632400
0.258,1,Jun 13 2023 08: +0,1686639600
0.193,1,Jun 13 2023 10: +0,1686646800
0.213,1,Jun 13 2023 11: +0,1686650400
0.213,1,Jun 13 2023 12: +0,1686654000
0.26,1,Jun 13 2023 13: +0,1686657600
0.256,4,Jun 13 2023 14: +0,1686661200
0.236,2,Jun 13 2023 15: +0,1686664800
0.213,1,Jun 13 2023 16: +0,1686668400
0.235,1,Jun 13 2023 17: +0,1686672000
0.257,3,Jun 13 2023 18: +0,1686675600
0.222,2,Jun 13 2023 20: +0,1686682800
0.257,4,Jun 13 2023 22: +0,1686690000
0.263,1,Jun 14 2023 02: +0,1686704400
0.19,1,Jun 14 2023 04: +0,1686711600
0.263,1,Jun 14 2023 05: +0,1686715200
0.268,1,Jun 14 2023 07: +0,1686722400
0.218,1,Jun 14 2023 10: +0,1686733200
0.255,1,Jun 14 2023 12: +0,1686740400
0.252,1,Jun 14 2023 13: +0,1686744000
0.232,3,Jun 14 2023 14: +0,1686747600
0.213,1,Jun 14 2023 15: +0,1686751200
0.228,1,Jun 14 2023 16: +0,1686754800
0.202,2,Jun 14 2023 17: +0,1686758400
0.23,3,Jun 14 2023 18: +0,1686762000
0.272,1,Jun 14 2023 19: +0,1686765600
0.235,3,Jun 14 2023 21: +0,1686772800
0.213,3,Jun 14 2023 23: +0,1686780000
0.213,1,Jun 15 2023 00: +0,1686783600
0.252,1,Jun 15 2023 01: +0,1686787200
0.187,1,Jun 15 2023 03: +0,1686794400
0.213,1,Jun 15 2023 05: +0,1686801600
0.232,2,Jun 15 2023 10: +0,1686819600
0.236,2,Jun 15 2023 11: +0,1686823200
0.221,1,Jun 15 2023 12: +0,1686826800
0.372,2,Jun 15 2023 13: +0,1686830400
0.246,4,Jun 15 2023 14: +0,1686834000
0.218,3,Jun 15 2023 16: +0,1686841200
0.24,2,Jun 15 2023 17: +0,1686844800
0.243,1,Jun 15 2023 18: +0,1686848400
0.259,1,Jun 15 2023 19: +0,1686852000
0.236,2,Jun 15 2023 21: +0,1686859200
0.242,1,Jun 15 2023 22: +0,1686862800
0.238,1,Jun 16 2023 00: +0,1686870000
0.252,1,Jun 16 2023 03: +0,1686880800
0.261,1,Jun 16 2023 04: +0,1686884400
0.258,1,Jun 16 2023 05: +0,1686888000
0.218,1,Jun 16 2023 07: +0,1686895200
0.218,2,Jun 16 2023 11: +0,1686909600
0.249,2,Jun 16 2023 13: +0,1686916800
0.218,1,Jun 16 2023 14: +0,1686920400
0.257,2,Jun 16 2023 15: +0,1686924000
0.251,1,Jun 16 2023 17: +0,1686931200
0.244,3,Jun 16 2023 18: +0,1686934800
0.186,1,Jun 16 2023 19: +0,1686938400
0.26,13,Jun 16 2023 20: +0,1686942000
0.211,1,Jun 16 2023 22: +0,1686949200
0.335,1,Jun 17 2023 03: +0,1686967200
0.32,1,Jun 17 2023 07: +0,1686981600
0.228,1,Jun 17 2023 08: +0,1686985200
0.321,1,Jun 17 2023 13: +0,1687003200
0.354,2,Jun 17 2023 14: +0,1687006800
0.228,2,Jun 17 2023 20: +0,1687028400
0.305,1,Jun 17 2023 21: +0,1687032000
0.267,2,Jun 17 2023 22: +0,1687035600
0.311,1,Jun 17 2023 23: +0,1687039200
0.314,1,Jun 18 2023 00: +0,1687042800
0.289,1,Jun 18 2023 04: +0,1687057200
0.29,1,Jun 18 2023 05: +0,1687060800
0.218,1,Jun 18 2023 08: +0,1687071600
0.196,1,Jun 18 2023 09: +0,1687075200
0.274,3,Jun 18 2023 10: +0,1687078800
0.293,2,Jun 18 2023 14: +0,1687093200
0.231,2,Jun 18 2023 16: +0,1687100400
0.211,1,Jun 18 2023 17: +0,1687104000
0.245,2,Jun 18 2023 18: +0,1687107600
0.25,3,Jun 18 2023 19: +0,1687111200
0.25,1,Jun 18 2023 20: +0,1687114800
0.234,1,Jun 18 2023 21: +0,1687118400
0.239,1,Jun 19 2023 00: +0,1687129200
0.221,2,Jun 19 2023 03: +0,1687140000
0.218,1,Jun 19 2023 04: +0,1687143600
0.234,1,Jun 19 2023 06: +0,1687150800
0.252,1,Jun 19 2023 08: +0,1687158000
0.252,1,Jun 19 2023 11: +0,1687168800
0.35,1,Jun 19 2023 14: +0,1687179600
0.235,2,Jun 19 2023 15: +0,1687183200
0.249,1,Jun 19 2023 17: +0,1687190400
0.218,1,Jun 19 2023 18: +0,1687194000
0.243,3,Jun 19 2023 20: +0,1687201200
0.224,2,Jun 19 2023 21: +0,1687204800
0.231,2,Jun 19 2023 22: +0,1687208400
0.241,1,Jun 19 2023 23: +0,1687212000
0.254,1,Jun 20 2023 01: +0,1687219200
0.235,3,Jun 20 2023 02: +0,1687222800
0.267,1,Jun 20 2023 14: +0,1687266000
0.266,1,Jun 20 2023 15: +0,1687269600
0.228,1,Jun 20 2023 16: +0,1687273200
0.198,1,Jun 20 2023 19: +0,1687284000
0.251,1,Jun 20 2023 22: +0,1687294800
0.231,4,Jun 20 2023 23: +0,1687298400
0.243,4,Jun 21 2023 02: +0,1687309200
0.252,1,Jun 21 2023 03: +0,1687312800
0.252,1,Jun 21 2023 05: +0,1687320000
0.278,1,Jun 21 2023 06: +0,1687323600
0.233,1,Jun 21 2023 08: +0,1687330800
0.188,1,Jun 21 2023 09: +0,1687334400
0.251,4,Jun 21 2023 10: +0,1687338000
0.253,1,Jun 21 2023 13: +0,1687348800
0.262,4,Jun 21 2023 14: +0,1687352400
0.203,2,Jun 21 2023 15: +0,1687356000
0.271,3,Jun 21 2023 16: +0,1687359600
0.246,2,Jun 21 2023 17: +0,1687363200
0.233,1,Jun 21 2023 18: +0,1687366800
0.233,1,Jun 21 2023 19: +0,1687370400
0.232,3,Jun 21 2023 22: +0,1687381200
0.226,1,Jun 21 2023 23: +0,1687384800
0.277,1,Jun 22 2023 01: +0,1687392000
0.267,2,Jun 22 2023 02: +0,1687395600
0.232,3,Jun 22 2023 03: +0,1687399200
0.279,1,Jun 22 2023 04: +0,1687402800
0.232,1,Jun 22 2023 07: +0,1687413600
0.277,1,Jun 22 2023 10: +0,1687424400
0.232,1,Jun 22 2023 11: +0,1687428000
0.226,2,Jun 22 2023 12: +0,1687431600
0.267,1,Jun 22 2023 13: +0,1687435200
0.217,1,Jun 22 2023 14: +0,1687438800
0.277,1,Jun 22 2023 15: +0,1687442400
0.223,2,Jun 22 2023 16: +0,1687446000
0.272,2,Jun 22 2023 18: +0,1687453200
0.256,4,Jun 22 2023 19: +0,1687456800
0.296,1,Jun 22 2023 20: +0,1687460400
0.278,2,Jun 22 2023 21: +0,1687464000
0.277,1,Jun 22 2023 22: +0,1687467600
0.229,1,Jun 23 2023 00: +0,1687474800
0.241,2,Jun 23 2023 01: +0,1687478400
0.22,2,Jun 23 2023 04: +0,1687489200
0.218,2,Jun 23 2023 07: +0,1687500000
0.22,1,Jun 23 2023 08: +0,1687503600
0.221,1,Jun 23 2023 09: +0,1687507200
0.238,2,Jun 23 2023 12: +0,1687518000
0.114,1,Jun 23 2023 13: +0,1687521600
0.199,2,Jun 23 2023 14: +0,1687525200
0.223,2,Jun 23 2023 15: +0,1687528800
0.255,1,Jun 23 2023 17: +0,1687536000
0.203,1,Jun 23 2023 18: +0,1687539600
0.188,1,Jun 23 2023 21: +0,1687550400
0.232,1,Jun 23 2023 22: +0,1687554000
0.42,1,Jun 23 2023 23: +0,1687557600
0.199,1,Jun 24 2023 00: +0,1687561200
0.211,3,Jun 24 2023 02: +0,1687568400
0.197,1,Jun 24 2023 04: +0,1687575600
0.275,1,Jun 24 2023 07: +0,1687586400
0.232,1,Jun 24 2023 09: +0,1687593600
0.203,1,Jun 24 2023 10: +0,1687597200
0.203,1,Jun 24 2023 11: +0,1687600800
0.219,2,Jun 24 2023 12: +0,1687604400
0.183,2,Jun 24 2023 13: +0,1687608000
0.185,1,Jun 24 2023 15: +0,1687615200
0.207,4,Jun 24 2023 16: +0,1687618800
0.231,3,Jun 24 2023 18: +0,1687626000
0.189,2,Jun 24 2023 19: +0,1687629600
0.232,1,Jun 24 2023 21: +0,1687636800
0.218,2,Jun 25 2023 00: +0,1687647600
0.229,1,Jun 25 2023 04: +0,1687662000
0.23,1,Jun 25 2023 06: +0,1687669200
0.185,1,Jun 25 2023 12: +0,1687690800
0.217,1,Jun 25 2023 14: +0,1687698000
0.186,3,Jun 25 2023 16: +0,1687705200
0.213,4,Jun 25 2023 17: +0,1687708800
0.187,1,Jun 25 2023 18: +0,1687712400
0.214,3,Jun 25 2023 19: +0,1687716000
0.215,2,Jun 25 2023 20: +0,1687719600
0.178,1,Jun 25 2023 21: +0,1687723200
0.187,1,Jun 25 2023 22: +0,1687726800
0.276,1,Jun 26 2023 00: +0,1687734000
0.196,1,Jun 26 2023 01: +0,1687737600
0.18,2,Jun 26 2023 02: +0,1687741200
0.163,1,Jun 26 2023 03: +0,1687744800
0.19,1,Jun 26 2023 04: +0,1687748400
0.245,1,Jun 26 2023 07: +0,1687759200
0.23,1,Jun 26 2023 08: +0,1687762800
0.196,1,Jun 26 2023 09: +0,1687766400
0.178,1,Jun 26 2023 10: +0,1687770000
0.163,1,Jun 26 2023 11: +0,1687773600
0.183,2,Jun 26 2023 12: +0,1687777200
0.217,2,Jun 26 2023 15: +0,1687788000
0.245,1,Jun 26 2023 16: +0,1687791600
0.216,2,Jun 26 2023 17: +0,1687795200
0.212,2,Jun 26 2023 19: +0,1687802400
0.198,2,Jun 26 2023 20: +0,1687806000
0.202,1,Jun 26 2023 21: +0,1687809600
0.24,1,Jun 26 2023 22: +0,1687813200
0.245,1,Jun 27 2023 00: +0,1687820400
0.246,1,Jun 27 2023 07: +0,1687845600
0.228,2,Jun 27 2023 10: +0,1687856400
0.185,3,Jun 27 2023 12: +0,1687863600
0.229,3,Jun 27 2023 13: +0,1687867200
0.13,1,Jun 27 2023 14: +0,1687870800
0.231,1,Jun 27 2023 15: +0,1687874400
0.181,2,Jun 27 2023 19: +0,1687888800
0.209,1,Jun 27 2023 20: +0,1687892400
0.157,1,Jun 27 2023 21: +0,1687896000
0.21,1,Jun 27 2023 22: +0,1687899600
0.206,2,Jun 27 2023 23: +0,1687903200
0.174,1,Jun 28 2023 01: +0,1687910400
0.174,1,Jun 28 2023 02: +0,1687914000
0.21,1,Jun 28 2023 07: +0,1687932000
0.183,1,Jun 28 2023 08: +0,1687935600
0.19,2,Jun 28 2023 10: +0,1687942800
0.213,2,Jun 28 2023 11: +0,1687946400
0.176,1,Jun 28 2023 12: +0,1687950000
0.192,3,Jun 28 2023 13: +0,1687953600
0.207,1,Jun 28 2023 14: +0,1687957200
0.186,3,Jun 28 2023 15: +0,1687960800
0.198,1,Jun 28 2023 16: +0,1687964400
0.253,2,Jun 28 2023 17: +0,1687968000
0.207,2,Jun 28 2023 18: +0,1687971600
0.21,3,Jun 28 2023 19: +0,1687975200
0.245,1,Jun 28 2023 23: +0,1687989600
0.191,1,Jun 29 2023 03: +0,1688004000
0.184,1,Jun 29 2023 04: +0,1688007600
0.21,1,Jun 29 2023 06: +0,1688014800
0.18,1,Jun 29 2023 08: +0,1688022000
0.19,1,Jun 29 2023 09: +0,1688025600
0.175,2,Jun 29 2023 13: +0,1688040000
0.204,6,Jun 29 2023 14: +0,1688043600
0.208,6,Jun 29 2023 15: +0,1688047200
0.218,2,Jun 29 2023 16: +0,1688050800
0.234,1,Jun 29 2023 17: +0,1688054400
0.217,2,Jun 29 2023 20: +0,1688065200
0.192,2,Jun 29 2023 21: +0,1688068800
0.169,1,Jun 29 2023 22: +0,1688072400
0.169,2,Jun 29 2023 23: +0,1688076000
0.165,3,Jun 30 2023 00: +0,1688079600
0.19,1,Jun 30 2023 04: +0,1688094000
0.147,1,Jun 30 2023 08: +0,1688108400
0.174,1,Jun 30 2023 10: +0,1688115600
0.172,3,Jun 30 2023 12: +0,1688122800
0.182,1,Jun 30 2023 13: +0,1688126400
0.173,4,Jun 30 2023 14: +0,1688130000
0.169,2,Jun 30 2023 17: +0,1688140800
0.181,1,Jun 30 2023 18: +0,1688144400
0.182,2,Jun 30 2023 19: +0,1688148000
0.178,2,Jun 30 2023 21: +0,1688155200
0.188,1,Jun 30 2023 22: +0,1688158800
0.177,2,Jun 30 2023 23: +0,1688162400
0.189,1,Jul 01 2023 01: +0,1688169600
0.153,8,Jul 01 2023 06: +0,1688187600
0.157,1,Jul 01 2023 08: +0,1688194800
0.159,2,Jul 01 2023 12: +0,1688209200
0.138,1,Jul 01 2023 13: +0,1688212800
0.149,3,Jul 01 2023 15: +0,1688220000
0.161,2,Jul 01 2023 17: +0,1688227200
0.158,2,Jul 01 2023 18: +0,1688230800
0.187,3,Jul 01 2023 20: +0,1688238000
0.187,1,Jul 01 2023 22: +0,1688245200
0.163,2,Jul 02 2023 01: +0,1688256000
0.158,1,Jul 02 2023 02: +0,1688259600
0.178,1,Jul 02 2023 03: +0,1688263200
0.184,1,Jul 02 2023 06: +0,1688274000
0.162,1,Jul 02 2023 08: +0,1688281200
0.18,1,Jul 02 2023 12: +0,1688295600
0.178,1,Jul 02 2023 13: +0,1688299200
0.169,2,Jul 02 2023 15: +0,1688306400
0.172,1,Jul 02 2023 16: +0,1688310000
0.16,3,Jul 02 2023 17: +0,1688313600
0.163,3,Jul 02 2023 19: +0,1688320800
0.129,2,Jul 02 2023 20: +0,1688324400
0.154,1,Jul 02 2023 21: +0,1688328000
0.164,2,Jul 02 2023 23: +0,1688335200
0.172,1,Jul 03 2023 00: +0,1688338800
0.17,2,Jul 03 2023 05: +0,1688356800
0.183,1,Jul 03 2023 07: +0,1688364000
0.178,1,Jul 03 2023 08: +0,1688367600
0.163,1,Jul 03 2023 10: +0,1688374800
0.184,1,Jul 03 2023 13: +0,1688385600
0.165,2,Jul 03 2023 14: +0,1688389200
0.184,1,Jul 03 2023 15: +0,1688392800
0.188,2,Jul 03 2023 16: +0,1688396400
0.13,2,Jul 03 2023 18: +0,1688403600
0.183,1,Jul 03 2023 19: +0,1688407200
0.167,1,Jul 03 2023 20: +0,1688410800
0.188,1,Jul 03 2023 21: +0,1688414400
0.159,1,Jul 03 2023 22: +0,1688418000
0.184,1,Jul 03 2023 23: +0,1688421600
0.154,1,Jul 04 2023 01: +0,1688428800
0.184,1,Jul 04 2023 08: +0,1688454000
0.18,1,Jul 04 2023 09: +0,1688457600
0.168,2,Jul 04 2023 10: +0,1688461200
0.159,1,Jul 04 2023 11: +0,1688464800
0.203,1,Jul 04 2023 13: +0,1688472000
0.189,1,Jul 04 2023 14: +0,1688475600
0.155,1,Jul 04 2023 15: +0,1688479200
0.189,1,Jul 04 2023 16: +0,1688482800
0.177,1,Jul 04 2023 18: +0,1688490000
0.167,2,Jul 04 2023 19: +0,1688493600
0.159,1,Jul 04 2023 20: +0,1688497200
0.212,1,Jul 04 2023 21: +0,1688500800
0.172,5,Jul 05 2023 00: +0,1688511600
0.188,1,Jul 05 2023 01: +0,1688515200
0.145,1,Jul 05 2023 05: +0,1688529600
0.189,1,Jul 05 2023 07: +0,1688536800
0.18,2,Jul 05 2023 08: +0,1688540400
0.13,1,Jul 05 2023 12: +0,1688554800
0.158,2,Jul 05 2023 13: +0,1688558400
0.192,2,Jul 05 2023 14: +0,1688562000
0.197,1,Jul 05 2023 15: +0,1688565600
0.2,1,Jul 05 2023 20: +0,1688583600
0.226,1,Jul 05 2023 21: +0,1688587200
0.205,3,Jul 06 2023 01: +0,1688601600
0.107,1,Jul 06 2023 02: +0,1688605200
0.234,2,Jul 06 2023 03: +0,1688608800
0.174,1,Jul 06 2023 07: +0,1688623200
0.146,1,Jul 06 2023 08: +0,1688626800
0.204,1,Jul 06 2023 09: +0,1688630400
0.235,1,Jul 06 2023 10: +0,1688634000
0.179,2,Jul 06 2023 13: +0,1688644800
0.212,1,Jul 06 2023 14: +0,1688648400
0.134,2,Jul 06 2023 15: +0,1688652000
0.211,1,Jul 06 2023 16: +0,1688655600
0.156,2,Jul 06 2023 17: +0,1688659200
0.236,1,Jul 06 2023 18: +0,1688662800
0.133,3,Jul 06 2023 19: +0,1688666400
0.142,1,Jul 06 2023 22: +0,1688677200
0.229,1,Jul 06 2023 23: +0,1688680800
0.216,1,Jul 07 2023 04: +0,1688698800
0.144,1,Jul 07 2023 09: +0,1688716800
0.144,1,Jul 07 2023 16: +0,1688742000
0.228,1,Jul 07 2023 18: +0,1688749200
0.274,1,Jul 08 2023 01: +0,1688774400
0.152,2,Jul 08 2023 03: +0,1688781600
0.233,2,Jul 08 2023 08: +0,1688799600
0.239,1,Jul 08 2023 11: +0,1688810400
0.143,1,Jul 08 2023 16: +0,1688828400
0.137,1,Jul 08 2023 17: +0,1688832000
0.205,4,Jul 08 2023 19: +0,1688839200
0.171,1,Jul 08 2023 20: +0,1688842800
0.25,2,Jul 08 2023 21: +0,1688846400
0.171,1,Jul 08 2023 23: +0,1688853600
0.143,1,Jul 09 2023 00: +0,1688857200
0.275,1,Jul 09 2023 03: +0,1688868000
0.128,1,Jul 09 2023 05: +0,1688875200
0.172,1,Jul 09 2023 08: +0,1688886000
0.272,1,Jul 09 2023 09: +0,1688889600
0.217,2,Jul 09 2023 10: +0,1688893200
0.137,2,Jul 09 2023 12: +0,1688900400
0.17,1,Jul 09 2023 13: +0,1688904000
0.137,1,Jul 09 2023 14: +0,1688907600
0.136,1,Jul 09 2023 20: +0,1688929200
0.319,1,Jul 10 2023 01: +0,1688947200
0.135,1,Jul 10 2023 09: +0,1688976000
0.302,1,Jul 10 2023 10: +0,1688979600
0.323,1,Jul 10 2023 20: +0,1689015600
0.329,1,Jul 10 2023 22: +0,1689022800
0.327,1,Jul 10 2023 23: +0,1689026400
0.334,1,Jul 11 2023 00: +0,1689030000
0.211,1,Jul 11 2023 03: +0,1689040800
0.177,1,Jul 11 2023 04: +0,1689044400
0.136,1,Jul 11 2023 05: +0,1689048000
0.136,1,Jul 11 2023 07: +0,1689055200
0.133,1,Jul 11 2023 08: +0,1689058800
0.177,1,Jul 11 2023 10: +0,1689066000
0.176,1,Jul 11 2023 11: +0,1689069600
0.177,1,Jul 11 2023 13: +0,1689076800
0.136,1,Jul 11 2023 16: +0,1689087600
0.136,1,Jul 11 2023 17: +0,1689091200
0.184,1,Jul 11 2023 20: +0,1689102000
0.195,1,Jul 11 2023 21: +0,1689105600
0.159,1,Jul 12 2023 02: +0,1689123600
0.134,2,Jul 12 2023 03: +0,1689127200
0.096,1,Jul 12 2023 05: +0,1689134400
0.15,1,Jul 12 2023 07: +0,1689141600
0.111,1,Jul 12 2023 08: +0,1689145200
0.162,13,Jul 12 2023 09: +0,1689148800
0.137,1,Jul 12 2023 11: +0,1689156000
0.127,1,Jul 12 2023 13: +0,1689163200
0.136,1,Jul 12 2023 14: +0,1689166800
0.136,1,Jul 12 2023 15: +0,1689170400
0.152,2,Jul 12 2023 16: +0,1689174000
0.172,1,Jul 12 2023 17: +0,1689177600
0.137,1,Jul 12 2023 18: +0,1689181200
0.162,1,Jul 12 2023 19: +0,1689184800
0.18,1,Jul 12 2023 21: +0,1689192000
0.13,3,Jul 12 2023 22: +0,1689195600
0.214,2,Jul 12 2023 23: +0,1689199200
0.159,3,Jul 13 2023 03: +0,1689213600
0.161,3,Jul 13 2023 05: +0,1689220800
0.135,1,Jul 13 2023 06: +0,1689224400
0.135,1,Jul 13 2023 07: +0,1689228000
0.159,2,Jul 13 2023 09: +0,1689235200
0.161,3,Jul 13 2023 10: +0,1689238800
0.129,4,Jul 13 2023 11: +0,1689242400
0.142,2,Jul 13 2023 14: +0,1689253200
0.17,2,Jul 13 2023 15: +0,1689256800
0.139,5,Jul 13 2023 17: +0,1689264000
0.171,1,Jul 13 2023 18: +0,1689267600
0.15,2,Jul 13 2023 19: +0,1689271200
0.174,1,Jul 13 2023 20: +0,1689274800
0.145,2,Jul 13 2023 21: +0,1689278400
0.133,2,Jul 13 2023 23: +0,1689285600
0.144,1,Jul 14 2023 10: +0,1689325200
0.125,2,Jul 14 2023 11: +0,1689328800
0.111,1,Jul 14 2023 15: +0,1689343200
0.166,1,Jul 14 2023 19: +0,1689357600
0.139,2,Jul 14 2023 20: +0,1689361200
0.137,3,Jul 14 2023 22: +0,1689368400
0.133,5,Jul 14 2023 23: +0,1689372000
0.195,1,Jul 15 2023 00: +0,1689375600
0.145,2,Jul 15 2023 04: +0,1689390000
0.148,1,Jul 15 2023 07: +0,1689400800
0.161,1,Jul 15 2023 08: +0,1689404400
0.165,2,Jul 15 2023 10: +0,1689411600
0.163,1,Jul 15 2023 11: +0,1689415200
0.148,2,Jul 15 2023 12: +0,1689418800
0.163,1,Jul 15 2023 13: +0,1689422400
0.163,1,Jul 15 2023 16: +0,1689433200
0.144,2,Jul 15 2023 18: +0,1689440400
0.168,1,Jul 15 2023 19: +0,1689444000
0.128,1,Jul 15 2023 20: +0,1689447600
0.172,1,Jul 15 2023 21: +0,1689451200
0.171,1,Jul 15 2023 22: +0,1689454800
0.16,1,Jul 16 2023 03: +0,1689472800
0.165,1,Jul 16 2023 12: +0,1689505200
0.128,1,Jul 16 2023 13: +0,1689508800
0.171,3,Jul 16 2023 14: +0,1689512400
0.128,3,Jul 16 2023 15: +0,1689516000
0.154,1,Jul 16 2023 16: +0,1689519600
0.171,1,Jul 16 2023 18: +0,1689526800
0.136,2,Jul 16 2023 19: +0,1689530400
0.167,1,Jul 16 2023 20: +0,1689534000
0.133,1,Jul 16 2023 22: +0,1689541200
0.111,3,Jul 16 2023 23: +0,1689544800
0.111,2,Jul 17 2023 04: +0,1689562800
0.137,1,Jul 17 2023 05: +0,1689566400
0.11,1,Jul 17 2023 06: +0,1689570000
0.131,2,Jul 17 2023 09: +0,1689580800
0.137,1,Jul 17 2023 10: +0,1689584400
0.136,1,Jul 17 2023 11: +0,1689588000
0.135,1,Jul 17 2023 12: +0,1689591600
0.137,1,Jul 17 2023 14: +0,1689598800
0.169,2,Jul 17 2023 17: +0,1689609600
0.115,1,Jul 17 2023 18: +0,1689613200
0.149,2,Jul 17 2023 19: +0,1689616800
0.163,1,Jul 17 2023 21: +0,1689624000
0.121,2,Jul 17 2023 22: +0,1689627600
0.143,1,Jul 17 2023 23: +0,1689631200
0.132,1,Jul 18 2023 00: +0,1689634800
0.145,1,Jul 18 2023 01: +0,1689638400
0.144,1,Jul 18 2023 05: +0,1689652800
0.129,1,Jul 18 2023 07: +0,1689660000
0.137,4,Jul 18 2023 10: +0,1689670800
0.135,2,Jul 18 2023 12: +0,1689678000
0.145,2,Jul 18 2023 13: +0,1689681600
0.139,2,Jul 18 2023 14: +0,1689685200
0.144,1,Jul 18 2023 15: +0,1689688800
0.107,2,Jul 18 2023 16: +0,1689692400
0.176,1,Jul 18 2023 17: +0,1689696000
0.154,2,Jul 18 2023 19: +0,1689703200
0.162,3,Jul 18 2023 21: +0,1689710400
0.13,1,Jul 18 2023 22: +0,1689714000
0.161,1,Jul 18 2023 23: +0,1689717600
0.147,2,Jul 19 2023 00: +0,1689721200
0.163,3,Jul 19 2023 01: +0,1689724800
0.168,2,Jul 19 2023 03: +0,1689732000
0.168,1,Jul 19 2023 05: +0,1689739200
0.176,1,Jul 19 2023 07: +0,1689746400
0.129,1,Jul 19 2023 10: +0,1689757200
0.129,1,Jul 19 2023 11: +0,1689760800
0.132,1,Jul 19 2023 12: +0,1689764400
0.12,1,Jul 19 2023 13: +0,1689768000
0.165,2,Jul 19 2023 14: +0,1689771600
0.139,3,Jul 19 2023 15: +0,1689775200
0.168,1,Jul 19 2023 17: +0,1689782400
0.168,1,Jul 19 2023 18: +0,1689786000
0.15,2,Jul 19 2023 19: +0,1689789600
0.129,1,Jul 19 2023 20: +0,1689793200
0.161,1,Jul 19 2023 21: +0,1689796800
0.137,3,Jul 19 2023 22: +0,1689800400
0.112,1,Jul 19 2023 23: +0,1689804000
0.16,1,Jul 20 2023 00: +0,1689807600
0.166,1,Jul 20 2023 01: +0,1689811200
0.131,1,Jul 20 2023 06: +0,1689829200
0.17,1,Jul 20 2023 07: +0,1689832800
0.171,1,Jul 20 2023 08: +0,1689836400
0.169,3,Jul 20 2023 10: +0,1689843600
0.17,2,Jul 20 2023 11: +0,1689847200
0.171,6,Jul 20 2023 14: +0,1689858000
0.172,1,Jul 20 2023 16: +0,1689865200
0.173,2,Jul 20 2023 17: +0,1689868800
0.159,2,Jul 20 2023 18: +0,1689872400
0.172,1,Jul 20 2023 19: +0,1689876000
0.148,2,Jul 20 2023 20: +0,1689879600
0.151,3,Jul 20 2023 21: +0,1689883200
0.155,2,Jul 20 2023 22: +0,1689886800
0.171,2,Jul 21 2023 00: +0,1689894000
0.172,1,Jul 21 2023 01: +0,1689897600
0.179,1,Jul 21 2023 02: +0,1689901200
0.14,1,Jul 21 2023 05: +0,1689912000
0.135,1,Jul 21 2023 06: +0,1689915600
0.126,2,Jul 21 2023 07: +0,1689919200
0.122,1,Jul 21 2023 08: +0,1689922800
0.152,2,Jul 21 2023 09: +0,1689926400
0.172,1,Jul 21 2023 10: +0,1689930000
0.173,2,Jul 21 2023 11: +0,1689933600
0.189,1,Jul 21 2023 12: +0,1689937200
0.136,1,Jul 21 2023 13: +0,1689940800
0.174,3,Jul 21 2023 14: +0,1689944400
0.136,3,Jul 21 2023 15: +0,1689948000
0.177,3,Jul 21 2023 16: +0,1689951600
0.182,3,Jul 21 2023 18: +0,1689958800
0.158,2,Jul 21 2023 19: +0,1689962400
0.134,1,Jul 21 2023 20: +0,1689966000
0.161,2,Jul 21 2023 21: +0,1689969600
0.13,3,Jul 21 2023 22: +0,1689973200
0.156,1,Jul 21 2023 23: +0,1689976800
0.179,1,Jul 22 2023 00: +0,1689980400
0.13,1,Jul 22 2023 01: +0,1689984000
0.189,1,Jul 22 2023 02: +0,1689987600
0.13,3,Jul 22 2023 10: +0,1690016400
0.137,1,Jul 22 2023 11: +0,1690020000
0.116,1,Jul 22 2023 12: +0,1690023600
0.13,2,Jul 22 2023 13: +0,1690027200
0.152,2,Jul 22 2023 14: +0,1690030800
0.182,1,Jul 22 2023 15: +0,1690034400
0.156,3,Jul 22 2023 16: +0,1690038000
0.153,3,Jul 22 2023 17: +0,1690041600
0.159,1,Jul 22 2023 18: +0,1690045200
0.171,2,Jul 22 2023 19: +0,1690048800
0.163,1,Jul 22 2023 20: +0,1690052400
0.151,2,Jul 22 2023 21: +0,1690056000
0.196,1,Jul 22 2023 22: +0,1690059600
0.17,1,Jul 22 2023 23: +0,1690063200
0.167,1,Jul 23 2023 03: +0,1690077600
5.698,1,Jul 23 2023 05: +0,1690084800
0.13,2,Jul 23 2023 07: +0,1690092000
0.143,1,Jul 23 2023 08: +0,1690095600
0.148,3,Jul 23 2023 09: +0,1690099200
0.165,1,Jul 23 2023 12: +0,1690110000
0.145,2,Jul 23 2023 13: +0,1690113600
0.184,2,Jul 23 2023 14: +0,1690117200
0.175,1,Jul 23 2023 15: +0,1690120800
0.18,3,Jul 23 2023 16: +0,1690124400
0.184,2,Jul 23 2023 18: +0,1690131600
0.189,2,Jul 23 2023 20: +0,1690138800
0.187,1,Jul 23 2023 21: +0,1690142400
0.16,1,Jul 23 2023 23: +0,1690149600
0.226,1,Jul 24 2023 05: +0,1690171200
0.188,1,Jul 24 2023 08: +0,1690182000
0.208,1,Jul 24 2023 09: +0,1690185600
0.21,1,Jul 24 2023 11: +0,1690192800
0.339,1,Jul 24 2023 12: +0,1690196400
0.214,1,Jul 24 2023 13: +0,1690200000
0.182,1,Jul 24 2023 15: +0,1690207200
0.218,1,Jul 24 2023 17: +0,1690214400
0.165,1,Jul 24 2023 20: +0,1690225200
0.206,1,Jul 24 2023 22: +0,1690232400
0.13,1,Jul 25 2023 00: +0,1690239600
0.209,1,Jul 25 2023 03: +0,1690250400
0.165,1,Jul 25 2023 11: +0,1690279200
0.165,1,Jul 25 2023 12: +0,1690282800
0.181,3,Jul 25 2023 15: +0,1690293600
0.169,3,Jul 25 2023 19: +0,1690308000
0.163,2,Jul 25 2023 21: +0,1690315200
0.129,2,Jul 25 2023 22: +0,1690318800
0.239,1,Jul 25 2023 23: +0,1690322400
0.271,1,Jul 26 2023 01: +0,1690329600
0.151,2,Jul 26 2023 03: +0,1690336800
0.147,1,Jul 26 2023 05: +0,1690344000
0.151,1,Jul 26 2023 07: +0,1690351200
0.165,1,Jul 26 2023 08: +0,1690354800
0.164,1,Jul 26 2023 09: +0,1690358400
0.151,2,Jul 26 2023 13: +0,1690372800
0.145,1,Jul 26 2023 14: +0,1690376400
0.174,3,Jul 26 2023 15: +0,1690380000
0.158,2,Jul 26 2023 18: +0,1690390800
0.181,3,Jul 26 2023 20: +0,1690398000
0.127,2,Jul 26 2023 21: +0,1690401600
0.158,1,Jul 26 2023 22: +0,1690405200
0.175,1,Jul 27 2023 00: +0,1690412400
0.148,2,Jul 27 2023 02: +0,1690419600
0.177,1,Jul 27 2023 03: +0,1690423200
0.178,1,Jul 27 2023 05: +0,1690430400
0.177,1,Jul 27 2023 08: +0,1690441200
0.176,1,Jul 27 2023 09: +0,1690444800
0.182,1,Jul 27 2023 12: +0,1690455600
0.182,1,Jul 27 2023 15: +0,1690466400
0.149,1,Jul 27 2023 16: +0,1690470000
0.164,1,Jul 27 2023 18: +0,1690477200
0.149,1,Jul 27 2023 19: +0,1690480800
0.166,2,Jul 27 2023 22: +0,1690491600
0.148,1,Jul 27 2023 23: +0,1690495200
0.163,1,Jul 28 2023 00: +0,1690498800
0.163,1,Jul 28 2023 04: +0,1690513200
0.163,1,Jul 28 2023 07: +0,1690524000
0.14,1,Jul 28 2023 09: +0,1690531200
0.179,1,Jul 28 2023 10: +0,1690534800
0.156,1,Jul 28 2023 12: +0,1690542000
0.146,1,Jul 28 2023 13: +0,1690545600
0.157,2,Jul 28 2023 14: +0,1690549200
0.184,1,Jul 28 2023 15: +0,1690552800
0.179,5,Jul 28 2023 16: +0,1690556400
0.177,1,Jul 28 2023 17: +0,1690560000
0.173,1,Jul 28 2023 19: +0,1690567200
0.18,1,Jul 28 2023 20: +0,1690570800
0.182,1,Jul 28 2023 22: +0,1690578000
0.151,1,Jul 29 2023 00: +0,1690585200
0.031,1,Jul 29 2023 05: +0,1690603200
0.173,1,Jul 29 2023 06: +0,1690606800
0.171,1,Jul 29 2023 07: +0,1690610400
0.153,2,Jul 29 2023 08: +0,1690614000
0.179,2,Jul 29 2023 09: +0,1690617600
0.15,1,Jul 29 2023 11: +0,1690624800
0.181,1,Jul 29 2023 12: +0,1690628400
0.188,1,Jul 29 2023 13: +0,1690632000
0.144,2,Jul 29 2023 17: +0,1690646400
0.225,1,Jul 29 2023 18: +0,1690650000
0.201,1,Jul 29 2023 19: +0,1690653600
0.334,1,Jul 29 2023 20: +0,1690657200
0.329,1,Jul 29 2023 22: +0,1690664400
0.219,1,Jul 30 2023 00: +0,1690671600
0.191,1,Jul 30 2023 03: +0,1690682400
0.22,1,Jul 30 2023 04: +0,1690686000
0.15,1,Jul 30 2023 06: +0,1690693200
0.183,1,Jul 30 2023 07: +0,1690696800
0.162,2,Jul 30 2023 12: +0,1690714800
0.18,1,Jul 30 2023 13: +0,1690718400
0.18,1,Jul 30 2023 14: +0,1690722000
0.181,3,Jul 30 2023 15: +0,1690725600
0.18,2,Jul 30 2023 16: +0,1690729200
0.181,1,Jul 30 2023 17: +0,1690732800
0.156,1,Jul 30 2023 19: +0,1690740000
0.162,1,Jul 30 2023 23: +0,1690754400
0.19,3,Jul 31 2023 02: +0,1690765200
0.155,1,Jul 31 2023 03: +0,1690768800
0.136,5,Jul 31 2023 07: +0,1690783200
0.175,2,Jul 31 2023 08: +0,1690786800
0.146,1,Jul 31 2023 10: +0,1690794000
0.145,2,Jul 31 2023 12: +0,1690801200
0.154,1,Jul 31 2023 13: +0,1690804800
0.166,2,Jul 31 2023 14: +0,1690808400
0.159,4,Jul 31 2023 19: +0,1690826400
0.189,1,Jul 31 2023 20: +0,1690830000
0.151,1,Jul 31 2023 21: +0,1690833600
0.173,2,Jul 31 2023 22: +0,1690837200
0.243,1,Jul 31 2023 23: +0,1690840800
0.15,1,Aug 01 2023 00: +0,1690844400
0.159,1,Aug 01 2023 01: +0,1690848000
0.196,2,Aug 01 2023 02: +0,1690851600
0.152,3,Aug 01 2023 09: +0,1690876800
0.19,1,Aug 01 2023 10: +0,1690880400
0.226,1,Aug 01 2023 12: +0,1690887600
0.192,3,Aug 01 2023 13: +0,1690891200
0.191,1,Aug 01 2023 14: +0,1690894800
0.194,2,Aug 01 2023 15: +0,1690898400
0.154,1,Aug 01 2023 16: +0,1690902000
0.278,1,Aug 01 2023 17: +0,1690905600
0.174,2,Aug 01 2023 18: +0,1690909200
0.156,1,Aug 01 2023 19: +0,1690912800
0.155,3,Aug 01 2023 20: +0,1690916400
0.164,2,Aug 01 2023 21: +0,1690920000
0.187,3,Aug 01 2023 22: +0,1690923600
0.181,1,Aug 01 2023 23: +0,1690927200
0.154,1,Aug 02 2023 01: +0,1690934400
0.155,1,Aug 02 2023 05: +0,1690948800
0.251,2,Aug 02 2023 07: +0,1690956000
0.129,1,Aug 02 2023 08: +0,1690959600
0.169,1,Aug 02 2023 09: +0,1690963200
0.147,4,Aug 02 2023 13: +0,1690977600
0.187,1,Aug 02 2023 14: +0,1690981200
0.165,1,Aug 02 2023 15: +0,1690984800
0.175,2,Aug 02 2023 16: +0,1690988400
0.337,3,Aug 02 2023 17: +0,1690992000
0.186,1,Aug 02 2023 18: +0,1690995600
0.152,4,Aug 02 2023 19: +0,1690999200
0.129,1,Aug 02 2023 20: +0,1691002800
0.165,2,Aug 03 2023 00: +0,1691017200
0.198,1,Aug 03 2023 01: +0,1691020800
0.452,1,Aug 03 2023 04: +0,1691031600
0.173,2,Aug 03 2023 06: +0,1691038800
0.186,2,Aug 03 2023 07: +0,1691042400
0.165,2,Aug 03 2023 11: +0,1691056800
0.155,2,Aug 03 2023 15: +0,1691071200
0.142,1,Aug 03 2023 16: +0,1691074800
0.188,1,Aug 03 2023 17: +0,1691078400
0.188,3,Aug 03 2023 18: +0,1691082000
0.193,3,Aug 03 2023 19: +0,1691085600
0.188,3,Aug 03 2023 20: +0,1691089200
0.172,2,Aug 03 2023 21: +0,1691092800
0.14,1,Aug 03 2023 23: +0,1691100000
0.197,2,Aug 04 2023 00: +0,1691103600
0.258,1,Aug 04 2023 01: +0,1691107200
0.241,1,Aug 04 2023 03: +0,1691114400
0.157,1,Aug 04 2023 05: +0,1691121600
0.235,1,Aug 04 2023 06: +0,1691125200
0.221,1,Aug 04 2023 08: +0,1691132400
0.165,1,Aug 04 2023 13: +0,1691150400
0.173,4,Aug 04 2023 14: +0,1691154000
0.221,2,Aug 04 2023 16: +0,1691161200
0.331,1,Aug 04 2023 17: +0,1691164800
0.206,1,Aug 04 2023 18: +0,1691168400
0.157,3,Aug 04 2023 19: +0,1691172000
0.194,2,Aug 04 2023 23: +0,1691186400
0.208,1,Aug 05 2023 00: +0,1691190000
0.207,1,Aug 05 2023 05: +0,1691208000
0.217,1,Aug 05 2023 10: +0,1691226000
0.197,1,Aug 05 2023 12: +0,1691233200
0.174,2,Aug 05 2023 15: +0,1691244000
0.225,2,Aug 05 2023 16: +0,1691247600
0.171,1,Aug 05 2023 20: +0,1691262000
0.169,2,Aug 05 2023 22: +0,1691269200
0.172,1,Aug 05 2023 23: +0,1691272800
0.172,1,Aug 06 2023 00: +0,1691276400
0.194,1,Aug 06 2023 02: +0,1691283600
0.211,1,Aug 06 2023 07: +0,1691301600
0.162,1,Aug 06 2023 08: +0,1691305200
0.209,1,Aug 06 2023 09: +0,1691308800
0.209,1,Aug 06 2023 10: +0,1691312400
0.209,1,Aug 06 2023 11: +0,1691316000
0.342,1,Aug 06 2023 12: +0,1691319600
0.212,3,Aug 06 2023 14: +0,1691326800
0.172,1,Aug 06 2023 15: +0,1691330400
0.164,1,Aug 06 2023 16: +0,1691334000
0.204,1,Aug 06 2023 17: +0,1691337600
0.211,3,Aug 06 2023 18: +0,1691341200
0.217,1,Aug 06 2023 19: +0,1691344800
0.141,1,Aug 07 2023 00: +0,1691362800
0.205,1,Aug 07 2023 02: +0,1691370000
0.191,2,Aug 07 2023 03: +0,1691373600
0.063,3,Aug 07 2023 04: +0,1691377200
0.174,1,Aug 07 2023 14: +0,1691413200
0.19,2,Aug 07 2023 15: +0,1691416800
0.189,1,Aug 07 2023 18: +0,1691427600
0.198,2,Aug 07 2023 19: +0,1691431200
0.173,1,Aug 07 2023 20: +0,1691434800
0.194,2,Aug 07 2023 21: +0,1691438400
0.221,1,Aug 07 2023 22: +0,1691442000
0.17,5,Aug 08 2023 02: +0,1691456400
0.16,1,Aug 08 2023 04: +0,1691463600
0.163,2,Aug 08 2023 05: +0,1691467200
0.17,1,Aug 08 2023 09: +0,1691481600
0.198,1,Aug 08 2023 10: +0,1691485200
0.197,1,Aug 08 2023 11: +0,1691488800
0.205,2,Aug 08 2023 13: +0,1691496000
0.161,2,Aug 08 2023 14: +0,1691499600
0.189,1,Aug 08 2023 15: +0,1691503200
0.149,1,Aug 08 2023 17: +0,1691510400
0.158,3,Aug 08 2023 19: +0,1691517600
0.149,1,Aug 08 2023 20: +0,1691521200
0.126,1,Aug 08 2023 21: +0,1691524800
0.189,1,Aug 08 2023 22: +0,1691528400
0.158,1,Aug 09 2023 00: +0,1691535600
0.183,1,Aug 09 2023 02: +0,1691542800
0.186,1,Aug 09 2023 05: +0,1691553600
0.158,2,Aug 09 2023 08: +0,1691564400
0.175,2,Aug 09 2023 10: +0,1691571600
0.158,1,Aug 09 2023 11: +0,1691575200
0.171,1,Aug 09 2023 13: +0,1691582400
0.198,1,Aug 09 2023 14: +0,1691586000
0.193,1,Aug 09 2023 15: +0,1691589600
0.169,2,Aug 09 2023 17: +0,1691596800
0.194,1,Aug 09 2023 18: +0,1691600400
0.192,1,Aug 09 2023 19: +0,1691604000
0.194,1,Aug 09 2023 21: +0,1691611200
0.194,1,Aug 10 2023 01: +0,1691625600
0.159,1,Aug 10 2023 07: +0,1691647200
0.144,2,Aug 10 2023 11: +0,1691661600
0.175,1,Aug 10 2023 12: +0,1691665200
0.189,1,Aug 10 2023 13: +0,1691668800
0.153,1,Aug 10 2023 15: +0,1691676000
0.176,2,Aug 10 2023 17: +0,1691683200
0.19,1,Aug 10 2023 18: +0,1691686800
0.19,1,Aug 10 2023 20: +0,1691694000
0.189,2,Aug 10 2023 21: +0,1691697600
0.17,2,Aug 10 2023 22: +0,1691701200
0.151,2,Aug 11 2023 00: +0,1691708400
0.15,1,Aug 11 2023 01: +0,1691712000
0.171,1,Aug 11 2023 05: +0,1691726400
0.15,2,Aug 11 2023 06: +0,1691730000
0.15,1,Aug 11 2023 07: +0,1691733600
0.175,3,Aug 11 2023 08: +0,1691737200
0.162,2,Aug 11 2023 11: +0,1691748000
0.174,1,Aug 11 2023 13: +0,1691755200
0.179,3,Aug 11 2023 14: +0,1691758800
0.13,1,Aug 11 2023 16: +0,1691766000
0.167,2,Aug 11 2023 17: +0,1691769600
0.144,1,Aug 11 2023 20: +0,1691780400
0.162,4,Aug 11 2023 21: +0,1691784000
0.173,2,Aug 11 2023 23: +0,1691791200
0.208,1,Aug 12 2023 06: +0,1691816400
0.146,1,Aug 12 2023 10: +0,1691830800
0.162,2,Aug 12 2023 15: +0,1691848800
0.171,1,Aug 12 2023 16: +0,1691852400
0.15,1,Aug 12 2023 18: +0,1691859600
0.164,1,Aug 12 2023 19: +0,1691863200
0.142,3,Aug 12 2023 20: +0,1691866800
0.173,1,Aug 12 2023 22: +0,1691874000
0.142,1,Aug 13 2023 00: +0,1691881200
0.129,1,Aug 13 2023 02: +0,1691888400
0.181,1,Aug 13 2023 06: +0,1691902800
0.167,1,Aug 13 2023 09: +0,1691913600
0.134,1,Aug 13 2023 10: +0,1691917200
0.134,3,Aug 13 2023 13: +0,1691928000
0.156,1,Aug 13 2023 14: +0,1691931600
0.147,2,Aug 13 2023 15: +0,1691935200
0.142,1,Aug 13 2023 16: +0,1691938800
0.174,2,Aug 13 2023 17: +0,1691942400
0.156,3,Aug 13 2023 18: +0,1691946000
0.167,1,Aug 13 2023 19: +0,1691949600
0.134,1,Aug 13 2023 21: +0,1691956800
0.157,2,Aug 13 2023 22: +0,1691960400
0.163,8,Aug 14 2023 02: +0,1691974800
0.141,1,Aug 14 2023 03: +0,1691978400
0.158,4,Aug 14 2023 06: +0,1691989200
0.167,1,Aug 14 2023 07: +0,1691992800
0.116,2,Aug 14 2023 11: +0,1692007200
0.138,4,Aug 14 2023 12: +0,1692010800
0.155,1,Aug 14 2023 13: +0,1692014400
0.129,1,Aug 14 2023 14: +0,1692018000
0.174,1,Aug 14 2023 17: +0,1692028800
0.173,2,Aug 14 2023 18: +0,1692032400
0.11,2,Aug 14 2023 19: +0,1692036000
0.174,1,Aug 14 2023 20: +0,1692039600
0.172,1,Aug 14 2023 21: +0,1692043200
0.139,1,Aug 14 2023 22: +0,1692046800
0.172,1,Aug 14 2023 23: +0,1692050400
0.171,1,Aug 15 2023 02: +0,1692061200
0.168,2,Aug 15 2023 03: +0,1692064800
0.172,1,Aug 15 2023 07: +0,1692079200
0.171,1,Aug 15 2023 08: +0,1692082800
0.172,1,Aug 15 2023 09: +0,1692086400
0.154,2,Aug 15 2023 11: +0,1692093600
0.205,1,Aug 15 2023 13: +0,1692100800
0.173,2,Aug 15 2023 15: +0,1692108000
0.149,2,Aug 15 2023 18: +0,1692118800
0.127,1,Aug 15 2023 19: +0,1692122400
0.157,1,Aug 15 2023 20: +0,1692126000
0.134,2,Aug 15 2023 22: +0,1692133200
0.17,2,Aug 16 2023 00: +0,1692140400
0.196,1,Aug 16 2023 02: +0,1692147600
0.174,2,Aug 16 2023 03: +0,1692151200
0.175,1,Aug 16 2023 05: +0,1692158400
0.142,3,Aug 16 2023 08: +0,1692169200
0.197,1,Aug 16 2023 12: +0,1692183600
0.154,1,Aug 16 2023 14: +0,1692190800
0.149,2,Aug 16 2023 15: +0,1692194400
0.183,2,Aug 16 2023 16: +0,1692198000
0.156,1,Aug 16 2023 18: +0,1692205200
0.145,4,Aug 16 2023 21: +0,1692216000
0.157,2,Aug 16 2023 23: +0,1692223200
0.159,1,Aug 17 2023 01: +0,1692230400
0.163,1,Aug 17 2023 03: +0,1692237600
0.168,2,Aug 17 2023 07: +0,1692252000
0.146,1,Aug 17 2023 09: +0,1692259200
0.161,2,Aug 17 2023 10: +0,1692262800
0.159,2,Aug 17 2023 12: +0,1692270000
0.146,3,Aug 17 2023 13: +0,1692273600
0.145,1,Aug 17 2023 16: +0,1692284400
0.137,2,Aug 17 2023 17: +0,1692288000
0.144,1,Aug 17 2023 18: +0,1692291600
0.162,2,Aug 17 2023 19: +0,1692295200
0.163,1,Aug 17 2023 20: +0,1692298800
0.162,1,Aug 17 2023 21: +0,1692302400
0.164,1,Aug 17 2023 22: +0,1692306000
0.141,1,Aug 17 2023 23: +0,1692309600
0.111,1,Aug 18 2023 01: +0,1692316800
0.209,1,Aug 18 2023 02: +0,1692320400
0.163,1,Aug 18 2023 03: +0,1692324000
0.168,2,Aug 18 2023 09: +0,1692345600
0.127,7,Aug 18 2023 10: +0,1692349200
0.167,1,Aug 18 2023 11: +0,1692352800
0.109,1,Aug 18 2023 13: +0,1692360000
0.164,3,Aug 18 2023 14: +0,1692363600
0.165,4,Aug 18 2023 15: +0,1692367200
0.151,1,Aug 18 2023 16: +0,1692370800
0.166,5,Aug 18 2023 18: +0,1692378000
0.171,1,Aug 18 2023 19: +0,1692381600
0.155,2,Aug 18 2023 20: +0,1692385200
0.162,1,Aug 18 2023 21: +0,1692388800
0.141,1,Aug 18 2023 22: +0,1692392400
0.15,1,Aug 19 2023 05: +0,1692417600
0.23,1,Aug 19 2023 08: +0,1692428400
0.138,1,Aug 19 2023 09: +0,1692432000
0.171,1,Aug 19 2023 10: +0,1692435600
0.172,1,Aug 19 2023 11: +0,1692439200
0.172,3,Aug 19 2023 12: +0,1692442800
0.241,2,Aug 19 2023 15: +0,1692453600
0.157,3,Aug 19 2023 16: +0,1692457200
0.173,1,Aug 19 2023 17: +0,1692460800
0.166,2,Aug 19 2023 21: +0,1692475200
0.149,3,Aug 19 2023 22: +0,1692478800
0.183,1,Aug 20 2023 00: +0,1692486000
0.172,2,Aug 20 2023 02: +0,1692493200
0.191,1,Aug 20 2023 07: +0,1692511200
0.194,1,Aug 20 2023 11: +0,1692525600
0.196,4,Aug 20 2023 13: +0,1692532800
0.196,1,Aug 20 2023 14: +0,1692536400
0.189,2,Aug 20 2023 15: +0,1692540000
0.178,1,Aug 20 2023 16: +0,1692543600
0.196,3,Aug 20 2023 19: +0,1692554400
0.195,1,Aug 20 2023 20: +0,1692558000
0.151,4,Aug 20 2023 21: +0,1692561600
0.198,1,Aug 20 2023 22: +0,1692565200
0.153,1,Aug 21 2023 00: +0,1692572400
0.147,1,Aug 21 2023 08: +0,1692601200
0.151,2,Aug 21 2023 11: +0,1692612000
0.182,1,Aug 21 2023 12: +0,1692615600
0.162,2,Aug 21 2023 13: +0,1692619200
0.179,1,Aug 21 2023 14: +0,1692622800
0.154,1,Aug 21 2023 15: +0,1692626400
0.153,3,Aug 21 2023 17: +0,1692633600
0.188,2,Aug 21 2023 18: +0,1692637200
0.189,1,Aug 21 2023 20: +0,1692644400
0.179,2,Aug 21 2023 21: +0,1692648000
0.197,1,Aug 21 2023 22: +0,1692651600
0.189,2,Aug 21 2023 23: +0,1692655200
0.189,1,Aug 22 2023 00: +0,1692658800
0.175,2,Aug 22 2023 02: +0,1692666000
0.162,1,Aug 22 2023 04: +0,1692673200
0.202,1,Aug 22 2023 05: +0,1692676800
0.155,1,Aug 22 2023 06: +0,1692680400
0.137,1,Aug 22 2023 14: +0,1692709200
0.155,1,Aug 22 2023 16: +0,1692716400
0.166,1,Aug 22 2023 17: +0,1692720000
0.199,1,Aug 22 2023 18: +0,1692723600
0.2,3,Aug 22 2023 19: +0,1692727200
0.156,1,Aug 22 2023 20: +0,1692730800
0.183,2,Aug 22 2023 22: +0,1692738000
0.189,4,Aug 22 2023 23: +0,1692741600
0.127,1,Aug 23 2023 03: +0,1692756000
0.198,1,Aug 23 2023 07: +0,1692770400
0.182,2,Aug 23 2023 13: +0,1692792000
0.224,1,Aug 23 2023 15: +0,1692799200
0.212,4,Aug 23 2023 16: +0,1692802800
0.237,3,Aug 23 2023 17: +0,1692806400
0.32,1,Aug 23 2023 21: +0,1692820800
0.332,2,Aug 23 2023 22: +0,1692824400
0.324,1,Aug 23 2023 23: +0,1692828000
0.238,1,Aug 24 2023 02: +0,1692838800
0.275,1,Aug 24 2023 03: +0,1692842400
0.324,1,Aug 24 2023 04: +0,1692846000
0.182,1,Aug 24 2023 10: +0,1692867600
0.245,1,Aug 24 2023 12: +0,1692874800
0.183,3,Aug 24 2023 13: +0,1692878400
0.182,2,Aug 24 2023 14: +0,1692882000
0.182,1,Aug 24 2023 16: +0,1692889200
0.184,1,Aug 24 2023 18: +0,1692896400
0.213,2,Aug 24 2023 22: +0,1692910800
0.261,2,Aug 25 2023 02: +0,1692925200
0.224,1,Aug 25 2023 04: +0,1692932400
0.172,1,Aug 25 2023 09: +0,1692950400
0.215,2,Aug 25 2023 12: +0,1692961200
0.219,1,Aug 25 2023 13: +0,1692964800
0.222,1,Aug 25 2023 14: +0,1692968400
0.206,2,Aug 25 2023 16: +0,1692975600
0.266,6,Aug 25 2023 18: +0,1692982800
0.198,1,Aug 25 2023 19: +0,1692986400
0.214,1,Aug 26 2023 00: +0,1693004400
0.192,1,Aug 26 2023 02: +0,1693011600
0.03,1,Aug 26 2023 04: +0,1693018800
0.214,1,Aug 26 2023 05: +0,1693022400
0.23,3,Aug 26 2023 08: +0,1693033200
0.177,1,Aug 26 2023 09: +0,1693036800
0.23,1,Aug 26 2023 12: +0,1693047600
0.183,2,Aug 26 2023 13: +0,1693051200
0.215,2,Aug 26 2023 15: +0,1693058400
0.222,1,Aug 26 2023 16: +0,1693062000
0.229,1,Aug 26 2023 17: +0,1693065600
0.192,1,Aug 26 2023 22: +0,1693083600
0.188,1,Aug 27 2023 00: +0,1693090800
0.18,1,Aug 27 2023 01: +0,1693094400
0.177,1,Aug 27 2023 03: +0,1693101600
0.191,1,Aug 27 2023 04: +0,1693105200
0.214,1,Aug 27 2023 07: +0,1693116000
0.187,1,Aug 27 2023 08: +0,1693119600
0.183,3,Aug 27 2023 10: +0,1693126800
0.187,1,Aug 27 2023 13: +0,1693137600
0.164,2,Aug 27 2023 14: +0,1693141200
0.188,1,Aug 27 2023 15: +0,1693144800
0.184,2,Aug 27 2023 17: +0,1693152000
0.183,2,Aug 27 2023 21: +0,1693166400
0.174,1,Aug 27 2023 22: +0,1693170000
0.184,2,Aug 27 2023 23: +0,1693173600
0.223,1,Aug 28 2023 01: +0,1693180800
0.335,1,Aug 28 2023 03: +0,1693188000
0.21,1,Aug 28 2023 05: +0,1693195200
0.175,1,Aug 28 2023 06: +0,1693198800
0.181,3,Aug 28 2023 09: +0,1693209600
0.185,1,Aug 28 2023 12: +0,1693220400
0.158,1,Aug 28 2023 14: +0,1693227600
0.176,3,Aug 28 2023 16: +0,1693234800
0.195,1,Aug 28 2023 18: +0,1693242000
0.2,1,Aug 28 2023 19: +0,1693245600
0.202,2,Aug 28 2023 22: +0,1693256400
0.188,2,Aug 29 2023 00: +0,1693263600
0.18,1,Aug 29 2023 07: +0,1693288800
0.205,2,Aug 29 2023 11: +0,1693303200
0.187,2,Aug 29 2023 13: +0,1693310400
0.158,1,Aug 29 2023 14: +0,1693314000
0.198,1,Aug 29 2023 15: +0,1693317600
0.198,1,Aug 29 2023 17: +0,1693324800
0.187,2,Aug 29 2023 18: +0,1693328400
0.172,3,Aug 29 2023 19: +0,1693332000
0.197,1,Aug 30 2023 02: +0,1693357200
0.158,1,Aug 30 2023 04: +0,1693364400
0.199,1,Aug 30 2023 09: +0,1693382400
0.142,1,Aug 30 2023 12: +0,1693393200
0.128,1,Aug 30 2023 13: +0,1693396800
0.209,1,Aug 30 2023 14: +0,1693400400
0.21,2,Aug 30 2023 15: +0,1693404000
0.187,2,Aug 30 2023 17: +0,1693411200
0.212,1,Aug 30 2023 18: +0,1693414800
0.168,2,Aug 30 2023 19: +0,1693418400
0.204,1,Aug 30 2023 20: +0,1693422000
0.198,1,Aug 30 2023 21: +0,1693425600
0.207,3,Aug 30 2023 22: +0,1693429200
0.206,3,Aug 31 2023 01: +0,1693440000
0.181,1,Aug 31 2023 03: +0,1693447200
0.166,1,Aug 31 2023 04: +0,1693450800
0.143,2,Aug 31 2023 06: +0,1693458000
0.207,1,Aug 31 2023 09: +0,1693468800
0.167,1,Aug 31 2023 12: +0,1693479600
0.155,2,Aug 31 2023 14: +0,1693486800
0.16,1,Aug 31 2023 15: +0,1693490400
0.203,2,Aug 31 2023 16: +0,1693494000
0.252,2,Aug 31 2023 17: +0,1693497600
0.186,1,Aug 31 2023 19: +0,1693504800
0.163,1,Aug 31 2023 20: +0,1693508400
0.194,3,Aug 31 2023 21: +0,1693512000
0.202,1,Aug 31 2023 22: +0,1693515600
0.199,3,Sep 01 2023 06: +0,1693544400
0.196,3,Sep 01 2023 08: +0,1693551600
0.205,1,Sep 01 2023 09: +0,1693555200
0.205,1,Sep 01 2023 10: +0,1693558800
0.154,1,Sep 01 2023 11: +0,1693562400
0.199,1,Sep 01 2023 12: +0,1693566000
0.214,2,Sep 01 2023 16: +0,1693580400
0.205,1,Sep 01 2023 17: +0,1693584000
0.206,2,Sep 01 2023 18: +0,1693587600
0.208,2,Sep 01 2023 19: +0,1693591200
0.191,2,Sep 01 2023 20: +0,1693594800
0.186,3,Sep 01 2023 21: +0,1693598400
0.168,1,Sep 01 2023 22: +0,1693602000
0.191,2,Sep 01 2023 23: +0,1693605600
0.207,3,Sep 02 2023 00: +0,1693609200
0.317,1,Sep 02 2023 02: +0,1693616400
0.215,10,Sep 02 2023 03: +0,1693620000
0.199,1,Sep 02 2023 04: +0,1693623600
0.199,1,Sep 02 2023 08: +0,1693638000
0.201,1,Sep 02 2023 09: +0,1693641600
0.167,1,Sep 02 2023 12: +0,1693652400
0.2,2,Sep 02 2023 13: +0,1693656000
0.208,1,Sep 02 2023 17: +0,1693670400
0.187,2,Sep 02 2023 18: +0,1693674000
0.206,1,Sep 02 2023 19: +0,1693677600
0.209,5,Sep 02 2023 20: +0,1693681200
0.172,3,Sep 02 2023 21: +0,1693684800
0.206,4,Sep 02 2023 22: +0,1693688400
0.168,1,Sep 03 2023 01: +0,1693699200
0.205,1,Sep 03 2023 02: +0,1693702800
0.162,1,Sep 03 2023 04: +0,1693710000
0.176,1,Sep 03 2023 05: +0,1693713600
0.177,1,Sep 03 2023 06: +0,1693717200
0.209,1,Sep 03 2023 07: +0,1693720800
0.206,1,Sep 03 2023 09: +0,1693728000
0.21,2,Sep 03 2023 11: +0,1693735200
0.22,2,Sep 03 2023 12: +0,1693738800
0.207,1,Sep 03 2023 14: +0,1693746000
0.215,1,Sep 03 2023 15: +0,1693749600
0.212,2,Sep 03 2023 17: +0,1693756800
0.167,5,Sep 03 2023 19: +0,1693764000
0.174,5,Sep 03 2023 20: +0,1693767600
0.193,2,Sep 03 2023 21: +0,1693771200
0.167,1,Sep 03 2023 23: +0,1693778400
0.164,2,Sep 04 2023 00: +0,1693782000
0.167,1,Sep 04 2023 04: +0,1693796400
0.171,1,Sep 04 2023 09: +0,1693814400
0.211,1,Sep 04 2023 10: +0,1693818000
0.149,1,Sep 04 2023 13: +0,1693828800
0.215,4,Sep 04 2023 14: +0,1693832400
0.209,1,Sep 04 2023 15: +0,1693836000
0.21,3,Sep 04 2023 16: +0,1693839600
0.211,4,Sep 04 2023 17: +0,1693843200
0.33,1,Sep 04 2023 18: +0,1693846800
0.179,3,Sep 04 2023 19: +0,1693850400
0.184,1,Sep 04 2023 21: +0,1693857600
0.281,2,Sep 04 2023 23: +0,1693864800
0.214,3,Sep 05 2023 00: +0,1693868400
0.211,1,Sep 05 2023 01: +0,1693872000
0.166,1,Sep 05 2023 02: +0,1693875600
0.217,1,Sep 05 2023 03: +0,1693879200
0.219,1,Sep 05 2023 06: +0,1693890000
0.219,1,Sep 05 2023 12: +0,1693911600
0.219,1,Sep 05 2023 14: +0,1693918800
0.218,2,Sep 05 2023 17: +0,1693929600
0.219,1,Sep 05 2023 18: +0,1693933200
0.219,1,Sep 05 2023 19: +0,1693936800
0.176,1,Sep 05 2023 20: +0,1693940400
0.233,1,Sep 05 2023 21: +0,1693944000
0.193,2,Sep 05 2023 23: +0,1693951200
0.234,1,Sep 06 2023 03: +0,1693965600
0.24,1,Sep 06 2023 04: +0,1693969200
0.233,2,Sep 06 2023 06: +0,1693976400
0.176,1,Sep 06 2023 07: +0,1693980000
0.226,1,Sep 06 2023 09: +0,1693987200
0.194,2,Sep 06 2023 11: +0,1693994400
0.225,1,Sep 06 2023 12: +0,1693998000
0.254,2,Sep 06 2023 13: +0,1694001600
0.338,1,Sep 06 2023 16: +0,1694012400
0.181,3,Sep 06 2023 17: +0,1694016000
0.23,1,Sep 06 2023 18: +0,1694019600
0.179,1,Sep 06 2023 19: +0,1694023200
0.23,5,Sep 06 2023 20: +0,1694026800
0.095,1,Sep 06 2023 21: +0,1694030400
0.178,1,Sep 06 2023 22: +0,1694034000
0.246,2,Sep 07 2023 00: +0,1694041200
0.326,20,Sep 07 2023 03: +0,1694052000
0.322,5,Sep 07 2023 04: +0,1694055600
0.264,2,Sep 07 2023 05: +0,1694059200
0.218,1,Sep 07 2023 07: +0,1694066400
0.217,2,Sep 07 2023 08: +0,1694070000
2.306,2,Sep 07 2023 10: +0,1694077200
0.304,1,Sep 07 2023 11: +0,1694080800
0.209,1,Sep 07 2023 12: +0,1694084400
0.222,1,Sep 07 2023 14: +0,1694091600
0.297,3,Sep 07 2023 16: +0,1694098800
0.242,1,Sep 07 2023 17: +0,1694102400
0.276,1,Sep 07 2023 18: +0,1694106000
0.32,1,Sep 07 2023 19: +0,1694109600
0.328,1,Sep 07 2023 20: +0,1694113200
0.283,3,Sep 07 2023 21: +0,1694116800
0.241,1,Sep 08 2023 05: +0,1694145600
0.25,1,Sep 08 2023 08: +0,1694156400
0.243,2,Sep 08 2023 09: +0,1694160000
0.206,1,Sep 08 2023 10: +0,1694163600
0.211,4,Sep 08 2023 11: +0,1694167200
0.187,1,Sep 08 2023 12: +0,1694170800
0.26,2,Sep 08 2023 13: +0,1694174400
0.245,1,Sep 08 2023 14: +0,1694178000
0.23,4,Sep 08 2023 15: +0,1694181600
0.234,2,Sep 08 2023 17: +0,1694188800
0.249,3,Sep 08 2023 19: +0,1694196000
0.267,3,Sep 08 2023 20: +0,1694199600
0.253,2,Sep 08 2023 22: +0,1694206800
0.239,2,Sep 08 2023 23: +0,1694210400
0.219,1,Sep 09 2023 06: +0,1694235600
0.203,12,Sep 09 2023 08: +0,1694242800
0.188,1,Sep 09 2023 09: +0,1694246400
0.177,2,Sep 09 2023 11: +0,1694253600
0.232,1,Sep 09 2023 13: +0,1694260800
0.232,2,Sep 09 2023 16: +0,1694271600
0.216,2,Sep 09 2023 17: +0,1694275200
0.211,2,Sep 09 2023 18: +0,1694278800
0.245,4,Sep 09 2023 19: +0,1694282400
0.198,1,Sep 09 2023 20: +0,1694286000
0.243,5,Sep 09 2023 22: +0,1694293200
0.215,2,Sep 09 2023 23: +0,1694296800
0.243,8,Sep 10 2023 00: +0,1694300400
0.196,2,Sep 10 2023 04: +0,1694314800
0.248,1,Sep 10 2023 05: +0,1694318400
0.196,1,Sep 10 2023 07: +0,1694325600
0.22,2,Sep 10 2023 08: +0,1694329200
0.245,1,Sep 10 2023 09: +0,1694332800
0.241,1,Sep 10 2023 10: +0,1694336400
0.242,3,Sep 10 2023 12: +0,1694343600
0.219,1,Sep 10 2023 13: +0,1694347200
0.198,1,Sep 10 2023 14: +0,1694350800
0.224,2,Sep 10 2023 15: +0,1694354400
0.229,1,Sep 10 2023 17: +0,1694361600
0.231,1,Sep 10 2023 18: +0,1694365200
0.231,2,Sep 10 2023 20: +0,1694372400
0.161,1,Sep 10 2023 21: +0,1694376000
0.228,4,Sep 10 2023 22: +0,1694379600
0.238,1,Sep 10 2023 23: +0,1694383200
0.25,1,Sep 11 2023 01: +0,1694390400
0.163,1,Sep 11 2023 03: +0,1694397600
0.231,3,Sep 11 2023 05: +0,1694404800
0.193,1,Sep 11 2023 09: +0,1694419200
0.164,1,Sep 11 2023 11: +0,1694426400
0.213,2,Sep 11 2023 14: +0,1694437200
0.202,4,Sep 11 2023 15: +0,1694440800
0.285,1,Sep 11 2023 16: +0,1694444400
0.238,2,Sep 11 2023 18: +0,1694451600
0.233,3,Sep 11 2023 19: +0,1694455200
0.267,2,Sep 11 2023 22: +0,1694466000
0.228,1,Sep 12 2023 01: +0,1694476800
0.233,1,Sep 12 2023 05: +0,1694491200
0.224,2,Sep 12 2023 06: +0,1694494800
0.246,2,Sep 12 2023 09: +0,1694505600
0.203,2,Sep 12 2023 10: +0,1694509200
0.233,1,Sep 12 2023 11: +0,1694512800
0.247,3,Sep 12 2023 12: +0,1694516400
0.268,1,Sep 12 2023 13: +0,1694520000
0.208,1,Sep 12 2023 14: +0,1694523600
0.277,1,Sep 12 2023 15: +0,1694527200
0.168,1,Sep 12 2023 16: +0,1694530800
0.213,1,Sep 12 2023 18: +0,1694538000
0.227,2,Sep 12 2023 19: +0,1694541600
0.258,2,Sep 12 2023 20: +0,1694545200
0.336,1,Sep 12 2023 21: +0,1694548800
0.185,1,Sep 12 2023 22: +0,1694552400
0.181,1,Sep 12 2023 23: +0,1694556000
0.198,1,Sep 13 2023 01: +0,1694563200
0.2,1,Sep 13 2023 08: +0,1694588400
0.2,1,Sep 13 2023 12: +0,1694602800
0.184,3,Sep 13 2023 13: +0,1694606400
0.185,2,Sep 13 2023 14: +0,1694610000
0.188,1,Sep 13 2023 16: +0,1694617200
0.194,2,Sep 13 2023 17: +0,1694620800
0.188,5,Sep 13 2023 20: +0,1694631600
0.216,1,Sep 13 2023 21: +0,1694635200
0.207,2,Sep 13 2023 22: +0,1694638800
0.163,1,Sep 13 2023 23: +0,1694642400
0.217,1,Sep 14 2023 02: +0,1694653200
0.167,3,Sep 14 2023 03: +0,1694656800
0.209,1,Sep 14 2023 04: +0,1694660400
0.243,1,Sep 14 2023 06: +0,1694667600
0.219,1,Sep 14 2023 08: +0,1694674800
0.169,2,Sep 14 2023 10: +0,1694682000
0.199,3,Sep 14 2023 11: +0,1694685600
0.257,1,Sep 14 2023 12: +0,1694689200
0.216,3,Sep 14 2023 13: +0,1694692800
0.21,3,Sep 14 2023 14: +0,1694696400
0.175,2,Sep 14 2023 15: +0,1694700000
0.219,3,Sep 14 2023 16: +0,1694703600
0.322,39,Sep 14 2023 17: +0,1694707200
0.322,2,Sep 14 2023 18: +0,1694710800
0.258,3,Sep 14 2023 19: +0,1694714400
0.457,1,Sep 14 2023 22: +0,1694725200
0.225,1,Sep 14 2023 23: +0,1694728800
0.456,1,Sep 15 2023 01: +0,1694736000
0.436,3,Sep 15 2023 03: +0,1694743200
0.473,1,Sep 15 2023 06: +0,1694754000
0.399,1,Sep 15 2023 09: +0,1694764800
0.399,1,Sep 15 2023 10: +0,1694768400
0.33,2,Sep 15 2023 14: +0,1694782800
0.249,1,Sep 15 2023 15: +0,1694786400
0.3,2,Sep 15 2023 16: +0,1694790000
0.251,3,Sep 15 2023 19: +0,1694800800
0.291,4,Sep 15 2023 20: +0,1694804400
0.237,1,Sep 15 2023 21: +0,1694808000
0.322,1,Sep 15 2023 22: +0,1694811600
0.323,1,Sep 16 2023 04: +0,1694833200
0.275,2,Sep 16 2023 06: +0,1694840400
0.361,1,Sep 16 2023 07: +0,1694844000
0.347,3,Sep 16 2023 09: +0,1694851200
0.424,2,Sep 16 2023 10: +0,1694854800
0.347,5,Sep 16 2023 11: +0,1694858400
0.362,1,Sep 16 2023 12: +0,1694862000
0.344,1,Sep 16 2023 16: +0,1694876400
0.356,1,Sep 16 2023 17: +0,1694880000
0.339,1,Sep 16 2023 18: +0,1694883600
0.27,1,Sep 16 2023 19: +0,1694887200
0.336,2,Sep 16 2023 20: +0,1694890800
0.323,5,Sep 16 2023 23: +0,1694901600
0.344,1,Sep 17 2023 00: +0,1694905200
0.344,1,Sep 17 2023 01: +0,1694908800
0.271,2,Sep 17 2023 02: +0,1694912400
0.273,1,Sep 17 2023 08: +0,1694934000
0.346,1,Sep 17 2023 10: +0,1694941200
0.339,6,Sep 17 2023 11: +0,1694944800
0.259,1,Sep 17 2023 14: +0,1694955600
0.315,3,Sep 17 2023 15: +0,1694959200
0.317,2,Sep 17 2023 16: +0,1694962800
0.406,2,Sep 17 2023 17: +0,1694966400
0.308,2,Sep 17 2023 19: +0,1694973600
0.336,1,Sep 17 2023 20: +0,1694977200
0.259,1,Sep 17 2023 23: +0,1694988000
0.331,4,Sep 18 2023 01: +0,1694995200
0.356,1,Sep 18 2023 03: +0,1695002400
0.356,1,Sep 18 2023 06: +0,1695013200
0.279,1,Sep 18 2023 11: +0,1695031200
0.322,2,Sep 18 2023 12: +0,1695034800
0.422,10,Sep 18 2023 13: +0,1695038400
0.289,1,Sep 18 2023 14: +0,1695042000
0.316,2,Sep 18 2023 15: +0,1695045600
0.269,2,Sep 18 2023 17: +0,1695052800
0.318,2,Sep 18 2023 18: +0,1695056400
0.293,4,Sep 18 2023 22: +0,1695070800
0.288,2,Sep 19 2023 02: +0,1695085200
0.291,1,Sep 19 2023 06: +0,1695099600
0.281,1,Sep 19 2023 07: +0,1695103200
0.316,1,Sep 19 2023 08: +0,1695106800
0.293,2,Sep 19 2023 09: +0,1695110400
0.262,1,Sep 19 2023 11: +0,1695117600
0.309,1,Sep 19 2023 12: +0,1695121200
0.323,1,Sep 19 2023 13: +0,1695124800
0.323,1,Sep 19 2023 16: +0,1695135600
0.288,1,Sep 19 2023 18: +0,1695142800
0.342,1,Sep 19 2023 21: +0,1695153600
0.289,1,Sep 19 2023 23: +0,1695160800
0.367,1,Sep 20 2023 11: +0,1695204000
0.351,18,Sep 20 2023 12: +0,1695207600
0.359,1,Sep 20 2023 14: +0,1695214800
0.384,2,Sep 20 2023 15: +0,1695218400
0.363,1,Sep 20 2023 17: +0,1695225600
0.363,1,Sep 20 2023 18: +0,1695229200
0.662,1,Sep 20 2023 21: +0,1695240000
0.459,2,Sep 20 2023 23: +0,1695247200
0.247,1,Sep 21 2023 00: +0,1695250800
0.332,1,Sep 21 2023 01: +0,1695254400
0.429,1,Sep 21 2023 03: +0,1695261600
0.331,2,Sep 21 2023 04: +0,1695265200
0.344,1,Sep 21 2023 06: +0,1695272400
0.404,1,Sep 21 2023 11: +0,1695290400
0.355,1,Sep 21 2023 12: +0,1695294000
0.288,1,Sep 21 2023 14: +0,1695301200
0.345,1,Sep 21 2023 16: +0,1695308400
0.346,3,Sep 21 2023 17: +0,1695312000
0.151,1,Sep 21 2023 18: +0,1695315600
0.344,1,Sep 21 2023 19: +0,1695319200
0.353,1,Sep 21 2023 21: +0,1695326400
0.344,1,Sep 21 2023 22: +0,1695330000
0.303,1,Sep 22 2023 02: +0,1695344400
0.356,1,Sep 22 2023 03: +0,1695348000
0.412,1,Sep 22 2023 10: +0,1695373200
0.354,1,Sep 22 2023 11: +0,1695376800
0.353,1,Sep 22 2023 16: +0,1695394800
0.254,1,Sep 22 2023 18: +0,1695402000
0.349,1,Sep 22 2023 21: +0,1695412800
0.295,1,Sep 22 2023 23: +0,1695420000
0.303,1,Sep 23 2023 04: +0,1695438000
0.354,2,Sep 23 2023 06: +0,1695445200
0.344,1,Sep 23 2023 07: +0,1695448800
0.326,2,Sep 23 2023 08: +0,1695452400
0.354,1,Sep 23 2023 11: +0,1695463200
0.354,1,Sep 23 2023 14: +0,1695474000
0.361,1,Sep 23 2023 15: +0,1695477600
0.384,2,Sep 23 2023 16: +0,1695481200
0.419,1,Sep 23 2023 18: +0,1695488400
0.314,1,Sep 23 2023 20: +0,1695495600
0.303,1,Sep 23 2023 21: +0,1695499200
0.287,1,Sep 23 2023 23: +0,1695506400
0.303,1,Sep 24 2023 00: +0,1695510000
0.421,1,Sep 24 2023 03: +0,1695520800
0.311,1,Sep 24 2023 06: +0,1695531600
0.287,1,Sep 24 2023 07: +0,1695535200
0.279,2,Sep 24 2023 08: +0,1695538800
0.346,1,Sep 24 2023 14: +0,1695560400
0.311,1,Sep 24 2023 15: +0,1695564000
0.291,2,Sep 24 2023 17: +0,1695571200
0.317,1,Sep 24 2023 18: +0,1695574800
0.317,2,Sep 24 2023 19: +0,1695578400
0.287,1,Sep 24 2023 20: +0,1695582000
0.294,2,Sep 24 2023 22: +0,1695589200
0.344,1,Sep 25 2023 05: +0,1695614400
0.311,1,Sep 25 2023 09: +0,1695628800
0.313,2,Sep 25 2023 12: +0,1695639600
0.262,1,Sep 25 2023 14: +0,1695646800
0.3,2,Sep 25 2023 15: +0,1695650400
0.294,2,Sep 25 2023 16: +0,1695654000
0.262,1,Sep 25 2023 18: +0,1695661200
0.304,1,Sep 25 2023 23: +0,1695679200
0.361,1,Sep 26 2023 04: +0,1695697200
0.301,1,Sep 26 2023 07: +0,1695708000
0.323,2,Sep 26 2023 10: +0,1695718800
0.318,1,Sep 26 2023 12: +0,1695726000
0.349,1,Sep 26 2023 16: +0,1695740400
0.344,1,Sep 26 2023 17: +0,1695744000
0.312,1,Sep 26 2023 20: +0,1695754800
0.289,1,Sep 26 2023 21: +0,1695758400
0.343,1,Sep 27 2023 01: +0,1695772800
0.307,2,Sep 27 2023 03: +0,1695780000
0.336,1,Sep 27 2023 06: +0,1695790800
0.336,1,Sep 27 2023 08: +0,1695798000
0.221,1,Sep 27 2023 12: +0,1695812400
0.329,1,Sep 27 2023 16: +0,1695826800
0.31,1,Sep 27 2023 18: +0,1695834000
0.31,1,Sep 27 2023 21: +0,1695844800
0.291,2,Sep 27 2023 22: +0,1695848400
0.287,4,Sep 28 2023 00: +0,1695855600
0.329,1,Sep 28 2023 03: +0,1695866400
0.286,1,Sep 28 2023 06: +0,1695877200
0.311,3,Sep 28 2023 07: +0,1695880800
0.32,1,Sep 28 2023 08: +0,1695884400
0.295,2,Sep 28 2023 09: +0,1695888000
0.294,1,Sep 28 2023 14: +0,1695906000
0.303,1,Sep 28 2023 15: +0,1695909600
0.262,1,Sep 28 2023 16: +0,1695913200
0.295,1,Sep 28 2023 17: +0,1695916800
0.286,3,Sep 28 2023 18: +0,1695920400
0.378,1,Sep 28 2023 19: +0,1695924000
0.367,2,Sep 28 2023 22: +0,1695934800
0.295,1,Sep 28 2023 23: +0,1695938400
0.343,1,Sep 29 2023 08: +0,1695970800
0.328,1,Sep 29 2023 10: +0,1695978000
0.328,1,Sep 29 2023 11: +0,1695981600
0.276,1,Sep 29 2023 12: +0,1695985200
0.303,2,Sep 29 2023 13: +0,1695988800
0.277,1,Sep 29 2023 15: +0,1695996000
0.288,3,Sep 29 2023 16: +0,1695999600
0.342,1,Sep 29 2023 17: +0,1696003200
0.29,1,Sep 29 2023 18: +0,1696006800
0.308,1,Sep 29 2023 19: +0,1696010400
0.311,2,Sep 29 2023 20: +0,1696014000
0.341,1,Sep 29 2023 22: +0,1696021200
0.282,1,Sep 29 2023 23: +0,1696024800
0.262,1,Sep 30 2023 11: +0,1696068000
0.327,11,Sep 30 2023 12: +0,1696071600
0.322,2,Sep 30 2023 13: +0,1696075200
0.315,4,Sep 30 2023 19: +0,1696096800
0.3,1,Oct 01 2023 03: +0,1696125600
0.312,1,Oct 01 2023 06: +0,1696136400
0.32,1,Oct 01 2023 08: +0,1696143600
0.307,1,Oct 01 2023 10: +0,1696150800
0.309,3,Oct 01 2023 14: +0,1696165200
0.31,1,Oct 01 2023 15: +0,1696168800
0.268,3,Oct 01 2023 18: +0,1696179600
0.301,2,Oct 01 2023 20: +0,1696186800
0.221,1,Oct 01 2023 21: +0,1696190400
0.277,1,Oct 01 2023 23: +0,1696197600
0.295,1,Oct 02 2023 04: +0,1696215600
0.231,2,Oct 02 2023 07: +0,1696226400
0.419,1,Oct 02 2023 08: +0,1696230000
0.221,1,Oct 02 2023 09: +0,1696233600
0.257,2,Oct 02 2023 10: +0,1696237200
0.293,4,Oct 02 2023 12: +0,1696244400
0.239,1,Oct 02 2023 13: +0,1696248000
0.261,1,Oct 02 2023 15: +0,1696255200
0.306,2,Oct 02 2023 16: +0,1696258800
0.329,2,Oct 02 2023 17: +0,1696262400
0.251,1,Oct 02 2023 18: +0,1696266000
0.299,2,Oct 02 2023 20: +0,1696273200
0.317,2,Oct 02 2023 21: +0,1696276800
0.323,1,Oct 02 2023 22: +0,1696280400
0.329,1,Oct 03 2023 01: +0,1696291200
0.296,1,Oct 03 2023 02: +0,1696294800
0.395,1,Oct 03 2023 04: +0,1696302000
0.269,1,Oct 03 2023 06: +0,1696309200
0.304,1,Oct 03 2023 07: +0,1696312800
0.269,1,Oct 03 2023 12: +0,1696330800
0.295,1,Oct 03 2023 13: +0,1696334400
0.269,4,Oct 03 2023 15: +0,1696341600
0.284,1,Oct 03 2023 16: +0,1696345200
0.318,2,Oct 03 2023 17: +0,1696348800
0.305,1,Oct 03 2023 19: +0,1696356000
0.326,1,Oct 03 2023 22: +0,1696366800
0.319,1,Oct 03 2023 23: +0,1696370400
0.346,2,Oct 04 2023 00: +0,1696374000
0.268,1,Oct 04 2023 08: +0,1696402800
0.317,2,Oct 04 2023 14: +0,1696424400
0.315,1,Oct 04 2023 17: +0,1696435200
0.28,1,Oct 04 2023 18: +0,1696438800
0.309,2,Oct 04 2023 19: +0,1696442400
0.268,1,Oct 04 2023 20: +0,1696446000
0.268,1,Oct 04 2023 21: +0,1696449600
0.268,1,Oct 04 2023 23: +0,1696456800
0.268,1,Oct 05 2023 01: +0,1696464000
0.268,1,Oct 05 2023 02: +0,1696467600
0.304,1,Oct 05 2023 04: +0,1696474800
0.268,1,Oct 05 2023 05: +0,1696478400
0.238,1,Oct 05 2023 10: +0,1696496400
0.302,1,Oct 05 2023 11: +0,1696500000
0.318,1,Oct 05 2023 14: +0,1696510800
0.298,1,Oct 05 2023 16: +0,1696518000
0.302,1,Oct 05 2023 17: +0,1696521600
0.302,1,Oct 05 2023 18: +0,1696525200
0.296,2,Oct 05 2023 19: +0,1696528800
0.264,2,Oct 05 2023 22: +0,1696539600
0.268,1,Oct 05 2023 23: +0,1696543200
0.268,3,Oct 06 2023 02: +0,1696554000
0.3,2,Oct 06 2023 03: +0,1696557600
0.142,1,Oct 06 2023 05: +0,1696564800
0.268,1,Oct 06 2023 06: +0,1696568400
0.285,2,Oct 06 2023 07: +0,1696572000
0.279,2,Oct 06 2023 09: +0,1696579200
0.299,2,Oct 06 2023 10: +0,1696582800
0.268,1,Oct 06 2023 11: +0,1696586400
0.277,1,Oct 06 2023 12: +0,1696590000
0.32,1,Oct 06 2023 13: +0,1696593600
0.268,1,Oct 06 2023 16: +0,1696604400
0.313,2,Oct 06 2023 17: +0,1696608000
0.311,1,Oct 06 2023 18: +0,1696611600
0.311,1,Oct 06 2023 19: +0,1696615200
0.234,1,Oct 06 2023 20: +0,1696618800
0.261,2,Oct 06 2023 22: +0,1696626000
0.387,1,Oct 06 2023 23: +0,1696629600
0.259,1,Oct 07 2023 03: +0,1696644000
0.256,1,Oct 07 2023 05: +0,1696651200
0.287,2,Oct 07 2023 06: +0,1696654800
0.311,1,Oct 07 2023 09: +0,1696665600
0.315,1,Oct 07 2023 12: +0,1696676400
0.295,1,Oct 07 2023 14: +0,1696683600
0.266,1,Oct 07 2023 15: +0,1696687200
0.279,4,Oct 07 2023 16: +0,1696690800
0.246,1,Oct 07 2023 18: +0,1696698000
0.266,2,Oct 07 2023 20: +0,1696705200
0.266,1,Oct 07 2023 21: +0,1696708800
0.306,1,Oct 07 2023 23: +0,1696716000
0.309,1,Oct 08 2023 05: +0,1696737600
0.315,3,Oct 08 2023 09: +0,1696752000
0.298,1,Oct 08 2023 11: +0,1696759200
0.309,1,Oct 08 2023 12: +0,1696762800
0.28,2,Oct 08 2023 16: +0,1696777200
0.266,2,Oct 08 2023 17: +0,1696780800
0.257,2,Oct 08 2023 18: +0,1696784400
0.266,3,Oct 08 2023 19: +0,1696788000
0.294,2,Oct 08 2023 21: +0,1696795200
0.261,1,Oct 08 2023 23: +0,1696802400
0.296,1,Oct 09 2023 01: +0,1696809600
0.296,1,Oct 09 2023 11: +0,1696845600
0.303,2,Oct 09 2023 15: +0,1696860000
0.298,4,Oct 09 2023 17: +0,1696867200
0.262,1,Oct 09 2023 19: +0,1696874400
0.304,1,Oct 09 2023 20: +0,1696878000
0.261,1,Oct 09 2023 21: +0,1696881600
0.27,2,Oct 10 2023 02: +0,1696899600
0.291,1,Oct 10 2023 03: +0,1696903200
0.275,1,Oct 10 2023 04: +0,1696906800
0.285,2,Oct 10 2023 05: +0,1696910400
0.274,1,Oct 10 2023 08: +0,1696921200
0.261,1,Oct 10 2023 10: +0,1696928400
0.261,2,Oct 10 2023 15: +0,1696946400
0.266,2,Oct 10 2023 17: +0,1696953600
0.283,2,Oct 10 2023 18: +0,1696957200
0.304,1,Oct 10 2023 19: +0,1696960800
0.274,2,Oct 10 2023 21: +0,1696968000
0.303,1,Oct 10 2023 23: +0,1696975200
0.286,1,Oct 11 2023 00: +0,1696978800
0.283,1,Oct 11 2023 01: +0,1696982400
0.265,1,Oct 11 2023 02: +0,1696986000
0.243,3,Oct 11 2023 03: +0,1696989600
0.269,2,Oct 11 2023 07: +0,1697004000
0.261,1,Oct 11 2023 08: +0,1697007600
0.265,2,Oct 11 2023 09: +0,1697011200
0.28,1,Oct 11 2023 16: +0,1697036400
0.258,2,Oct 11 2023 17: +0,1697040000
0.295,2,Oct 11 2023 18: +0,1697043600
0.311,3,Oct 11 2023 19: +0,1697047200
0.269,1,Oct 11 2023 21: +0,1697054400
0.27,1,Oct 11 2023 23: +0,1697061600
0.267,1,Oct 12 2023 02: +0,1697072400
0.291,2,Oct 12 2023 03: +0,1697076000
0.291,1,Oct 12 2023 09: +0,1697097600
0.28,1,Oct 12 2023 12: +0,1697108400
0.261,1,Oct 12 2023 13: +0,1697112000
0.284,2,Oct 12 2023 14: +0,1697115600
0.306,1,Oct 12 2023 15: +0,1697119200
0.268,1,Oct 12 2023 16: +0,1697122800
0.291,2,Oct 12 2023 17: +0,1697126400
0.29,1,Oct 12 2023 19: +0,1697133600
0.305,1,Oct 12 2023 20: +0,1697137200
0.289,1,Oct 12 2023 21: +0,1697140800
0.293,3,Oct 12 2023 23: +0,1697148000
0.277,2,Oct 13 2023 03: +0,1697162400
0.307,1,Oct 13 2023 09: +0,1697184000
0.302,2,Oct 13 2023 11: +0,1697191200
0.302,1,Oct 13 2023 12: +0,1697194800
0.254,2,Oct 13 2023 13: +0,1697198400
0.255,1,Oct 13 2023 14: +0,1697202000
0.304,1,Oct 13 2023 16: +0,1697209200
0.307,1,Oct 13 2023 19: +0,1697220000
0.301,3,Oct 13 2023 21: +0,1697227200
0.301,1,Oct 13 2023 22: +0,1697230800
0.303,1,Oct 13 2023 23: +0,1697234400
0.305,1,Oct 14 2023 00: +0,1697238000
0.255,1,Oct 14 2023 01: +0,1697241600
0.304,1,Oct 14 2023 02: +0,1697245200
0.27,2,Oct 14 2023 05: +0,1697256000
0.306,1,Oct 14 2023 07: +0,1697263200
0.304,2,Oct 14 2023 08: +0,1697266800
0.293,1,Oct 14 2023 09: +0,1697270400
0.293,1,Oct 14 2023 12: +0,1697281200
0.293,3,Oct 14 2023 13: +0,1697284800
0.32,1,Oct 14 2023 15: +0,1697292000
0.255,1,Oct 14 2023 16: +0,1697295600
0.279,2,Oct 14 2023 18: +0,1697302800
0.295,1,Oct 14 2023 19: +0,1697306400
0.308,2,Oct 14 2023 22: +0,1697317200
0.303,1,Oct 14 2023 23: +0,1697320800
0.309,2,Oct 15 2023 01: +0,1697328000
0.307,2,Oct 15 2023 02: +0,1697331600
0.255,1,Oct 15 2023 04: +0,1697338800
0.255,1,Oct 15 2023 08: +0,1697353200
0.222,1,Oct 15 2023 12: +0,1697367600
0.268,2,Oct 15 2023 13: +0,1697371200
0.25,1,Oct 15 2023 14: +0,1697374800
0.244,1,Oct 15 2023 15: +0,1697378400
0.309,3,Oct 15 2023 16: +0,1697382000
0.255,2,Oct 15 2023 17: +0,1697385600
0.278,2,Oct 15 2023 18: +0,1697389200
0.259,1,Oct 15 2023 19: +0,1697392800
0.263,1,Oct 15 2023 20: +0,1697396400
0.308,1,Oct 15 2023 21: +0,1697400000
0.242,1,Oct 15 2023 22: +0,1697403600
0.308,1,Oct 16 2023 07: +0,1697436000
0.309,16,Oct 16 2023 14: +0,1697461200
0.304,1,Oct 16 2023 16: +0,1697468400
0.311,3,Oct 16 2023 17: +0,1697472000
0.277,2,Oct 16 2023 19: +0,1697479200
0.301,2,Oct 16 2023 21: +0,1697486400
0.259,1,Oct 16 2023 23: +0,1697493600
0.411,1,Oct 17 2023 02: +0,1697504400
0.259,1,Oct 17 2023 07: +0,1697522400
0.222,1,Oct 17 2023 09: +0,1697529600
0.277,1,Oct 17 2023 13: +0,1697544000
0.265,1,Oct 17 2023 18: +0,1697562000
0.296,3,Oct 17 2023 19: +0,1697565600
0.294,1,Oct 17 2023 23: +0,1697580000
0.28,1,Oct 18 2023 00: +0,1697583600
0.222,1,Oct 18 2023 04: +0,1697598000
0.255,2,Oct 18 2023 06: +0,1697605200
0.296,2,Oct 18 2023 08: +0,1697612400
0.279,2,Oct 18 2023 16: +0,1697641200
0.261,2,Oct 18 2023 17: +0,1697644800
0.264,4,Oct 18 2023 18: +0,1697648400
0.28,1,Oct 18 2023 19: +0,1697652000
0.415,1,Oct 18 2023 21: +0,1697659200
0.304,1,Oct 18 2023 22: +0,1697662800
0.296,1,Oct 19 2023 00: +0,1697670000
0.41,1,Oct 19 2023 03: +0,1697680800
0.302,1,Oct 19 2023 06: +0,1697691600
0.258,1,Oct 19 2023 11: +0,1697709600
0.277,1,Oct 19 2023 12: +0,1697713200
0.267,2,Oct 19 2023 13: +0,1697716800
0.271,1,Oct 19 2023 15: +0,1697724000
0.268,2,Oct 19 2023 16: +0,1697727600
0.278,1,Oct 19 2023 17: +0,1697731200
0.284,3,Oct 19 2023 18: +0,1697734800
0.294,2,Oct 19 2023 19: +0,1697738400
0.23,1,Oct 19 2023 20: +0,1697742000
0.296,1,Oct 19 2023 23: +0,1697752800
0.303,1,Oct 20 2023 00: +0,1697756400
0.265,2,Oct 20 2023 01: +0,1697760000
0.296,3,Oct 20 2023 03: +0,1697767200
0.328,1,Oct 20 2023 04: +0,1697770800
0.3,1,Oct 20 2023 08: +0,1697785200
0.27,1,Oct 20 2023 11: +0,1697796000
0.284,1,Oct 20 2023 13: +0,1697803200
0.25,4,Oct 20 2023 15: +0,1697810400
0.279,2,Oct 20 2023 17: +0,1697817600
0.296,1,Oct 20 2023 18: +0,1697821200
0.251,2,Oct 20 2023 19: +0,1697824800
0.296,1,Oct 20 2023 20: +0,1697828400
0.214,1,Oct 21 2023 03: +0,1697853600
0.3,1,Oct 21 2023 06: +0,1697864400
0.276,2,Oct 21 2023 08: +0,1697871600
0.259,1,Oct 21 2023 12: +0,1697886000
0.296,12,Oct 21 2023 15: +0,1697896800
0.314,2,Oct 21 2023 17: +0,1697904000
0.257,1,Oct 21 2023 18: +0,1697907600
0.214,1,Oct 21 2023 19: +0,1697911200
0.275,2,Oct 21 2023 20: +0,1697914800
0.295,1,Oct 21 2023 21: +0,1697918400
0.297,1,Oct 21 2023 22: +0,1697922000
0.302,2,Oct 22 2023 00: +0,1697929200
0.239,1,Oct 22 2023 02: +0,1697936400
0.305,1,Oct 22 2023 04: +0,1697943600
0.252,2,Oct 22 2023 06: +0,1697950800
0.249,1,Oct 22 2023 08: +0,1697958000
0.278,3,Oct 22 2023 09: +0,1697961600
0.241,1,Oct 22 2023 10: +0,1697965200
0.231,2,Oct 22 2023 12: +0,1697972400
0.251,1,Oct 22 2023 13: +0,1697976000
0.279,1,Oct 22 2023 14: +0,1697979600
0.231,2,Oct 22 2023 15: +0,1697983200
0.299,2,Oct 22 2023 16: +0,1697986800
0.271,1,Oct 22 2023 17: +0,1697990400
0.223,1,Oct 22 2023 18: +0,1697994000
0.241,2,Oct 22 2023 22: +0,1698008400
0.228,2,Oct 23 2023 04: +0,1698030000
0.265,1,Oct 23 2023 06: +0,1698037200
0.236,1,Oct 23 2023 07: +0,1698040800
0.25,1,Oct 23 2023 08: +0,1698044400
0.271,1,Oct 23 2023 17: +0,1698076800
0.264,1,Oct 23 2023 20: +0,1698087600
0.281,1,Oct 23 2023 21: +0,1698091200
0.247,1,Oct 23 2023 22: +0,1698094800
0.256,1,Oct 24 2023 05: +0,1698120000
0.232,1,Oct 24 2023 08: +0,1698130800
0.241,1,Oct 24 2023 10: +0,1698138000
0.249,3,Oct 24 2023 11: +0,1698141600
0.265,2,Oct 24 2023 12: +0,1698145200
0.227,1,Oct 24 2023 14: +0,1698152400
0.256,1,Oct 24 2023 15: +0,1698156000
0.261,3,Oct 24 2023 16: +0,1698159600
0.26,3,Oct 24 2023 17: +0,1698163200
0.221,3,Oct 24 2023 18: +0,1698166800
0.252,2,Oct 24 2023 23: +0,1698184800
0.282,2,Oct 25 2023 00: +0,1698188400
0.294,1,Oct 25 2023 05: +0,1698206400
0.28,1,Oct 25 2023 08: +0,1698217200
0.271,2,Oct 25 2023 10: +0,1698224400
0.289,1,Oct 25 2023 12: +0,1698231600
0.298,1,Oct 25 2023 13: +0,1698235200
0.279,1,Oct 25 2023 14: +0,1698238800
0.272,1,Oct 25 2023 15: +0,1698242400
0.278,1,Oct 25 2023 18: +0,1698253200
0.327,2,Oct 25 2023 19: +0,1698256800
0.38,2,Oct 25 2023 20: +0,1698260400
0.285,1,Oct 25 2023 22: +0,1698267600
0.241,1,Oct 26 2023 00: +0,1698274800
0.251,1,Oct 26 2023 03: +0,1698285600
0.253,3,Oct 26 2023 04: +0,1698289200
0.29,1,Oct 26 2023 07: +0,1698300000
0.219,2,Oct 26 2023 13: +0,1698321600
0.255,1,Oct 26 2023 14: +0,1698325200
0.219,2,Oct 26 2023 15: +0,1698328800
0.229,1,Oct 26 2023 16: +0,1698332400
0.231,2,Oct 26 2023 17: +0,1698336000
0.228,1,Oct 26 2023 18: +0,1698339600
0.224,1,Oct 26 2023 21: +0,1698350400
0.188,2,Oct 26 2023 23: +0,1698357600
0.292,3,Oct 27 2023 03: +0,1698372000
0.317,1,Oct 27 2023 04: +0,1698375600
0.245,1,Oct 27 2023 07: +0,1698386400
0.162,1,Oct 27 2023 09: +0,1698393600
0.219,2,Oct 27 2023 10: +0,1698397200
0.226,1,Oct 27 2023 14: +0,1698411600
0.245,1,Oct 27 2023 16: +0,1698418800
0.233,2,Oct 27 2023 17: +0,1698422400
0.246,1,Oct 27 2023 18: +0,1698426000
0.255,2,Oct 27 2023 23: +0,1698444000
0.243,1,Oct 28 2023 00: +0,1698447600
0.276,1,Oct 28 2023 02: +0,1698454800
0.275,1,Oct 28 2023 03: +0,1698458400
0.26,1,Oct 28 2023 05: +0,1698465600
0.249,1,Oct 28 2023 09: +0,1698480000
0.279,2,Oct 28 2023 10: +0,1698483600
0.249,1,Oct 28 2023 12: +0,1698490800
0.255,1,Oct 28 2023 14: +0,1698498000
0.222,1,Oct 28 2023 16: +0,1698505200
0.24,1,Oct 28 2023 19: +0,1698516000
0.254,1,Oct 28 2023 20: +0,1698519600
0.266,1,Oct 28 2023 22: +0,1698526800
0.249,1,Oct 29 2023 01: +0,1698537600
0.271,2,Oct 29 2023 04: +0,1698552000
0.199,1,Oct 29 2023 05: +0,1698555600
0.242,1,Oct 29 2023 11: +0,1698577200
0.255,1,Oct 29 2023 12: +0,1698580800
0.249,5,Oct 29 2023 13: +0,1698584400
0.214,6,Oct 29 2023 16: +0,1698595200
0.246,1,Oct 29 2023 17: +0,1698598800
0.243,1,Oct 29 2023 18: +0,1698602400
0.197,1,Oct 29 2023 19: +0,1698606000
0.403,1,Oct 29 2023 20: +0,1698609600
0.219,2,Oct 29 2023 23: +0,1698620400
0.192,2,Oct 30 2023 00: +0,1698624000
0.245,1,Oct 30 2023 10: +0,1698660000
0.197,1,Oct 30 2023 12: +0,1698667200
0.255,1,Oct 30 2023 13: +0,1698670800
0.253,1,Oct 30 2023 14: +0,1698674400
0.198,1,Oct 30 2023 15: +0,1698678000
0.403,1,Oct 30 2023 19: +0,1698692400
0.251,1,Oct 30 2023 20: +0,1698696000
0.187,1,Oct 30 2023 23: +0,1698706800
0.198,1,Oct 31 2023 01: +0,1698714000
0.17,1,Oct 31 2023 06: +0,1698732000
0.276,1,Oct 31 2023 10: +0,1698746400
0.196,3,Oct 31 2023 11: +0,1698750000
0.213,1,Oct 31 2023 12: +0,1698753600
0.227,1,Oct 31 2023 14: +0,1698760800
0.228,1,Oct 31 2023 15: +0,1698764400
0.19,1,Oct 31 2023 17: +0,1698771600
0.19,1,Oct 31 2023 18: +0,1698775200
0.239,2,Oct 31 2023 19: +0,1698778800
0.211,1,Oct 31 2023 22: +0,1698789600
0.222,2,Nov 01 2023 01: +0,1698800400
0.232,1,Nov 01 2023 05: +0,1698814800
0.198,1,Nov 01 2023 06: +0,1698818400
0.198,2,Nov 01 2023 07: +0,1698822000
0.23,1,Nov 01 2023 13: +0,1698843600
0.199,1,Nov 01 2023 17: +0,1698858000
0.196,3,Nov 01 2023 18: +0,1698861600
0.215,1,Nov 01 2023 19: +0,1698865200
0.224,1,Nov 01 2023 20: +0,1698868800
0.179,2,Nov 01 2023 22: +0,1698876000
0.233,1,Nov 02 2023 01: +0,1698886800
0.253,1,Nov 02 2023 07: +0,1698908400
0.231,1,Nov 02 2023 08: +0,1698912000
0.194,1,Nov 02 2023 16: +0,1698940800
0.194,3,Nov 02 2023 18: +0,1698948000
0.214,1,Nov 02 2023 19: +0,1698951600
0.229,2,Nov 02 2023 20: +0,1698955200
0.22,2,Nov 02 2023 22: +0,1698962400
0.231,1,Nov 02 2023 23: +0,1698966000
0.187,1,Nov 03 2023 03: +0,1698980400
0.201,3,Nov 03 2023 04: +0,1698984000
0.209,1,Nov 03 2023 05: +0,1698987600
0.231,1,Nov 03 2023 07: +0,1698994800
0.17,1,Nov 03 2023 10: +0,1699005600
0.162,1,Nov 03 2023 12: +0,1699012800
0.207,2,Nov 03 2023 13: +0,1699016400
0.227,1,Nov 03 2023 16: +0,1699027200
0.228,4,Nov 03 2023 17: +0,1699030800
0.192,2,Nov 03 2023 18: +0,1699034400
0.231,1,Nov 03 2023 19: +0,1699038000
0.217,1,Nov 03 2023 23: +0,1699052400
0.235,1,Nov 04 2023 00: +0,1699056000
0.21,2,Nov 04 2023 09: +0,1699088400
0.23,1,Nov 04 2023 11: +0,1699095600
0.235,1,Nov 04 2023 12: +0,1699099200
0.232,1,Nov 04 2023 20: +0,1699128000
0.235,1,Nov 04 2023 21: +0,1699131600
0.194,1,Nov 05 2023 00: +0,1699142400
0.243,1,Nov 05 2023 08: +0,1699171200
0.224,2,Nov 05 2023 10: +0,1699178400
0.22,3,Nov 05 2023 12: +0,1699185600
0.209,1,Nov 05 2023 13: +0,1699189200
0.19,1,Nov 05 2023 16: +0,1699200000
0.214,2,Nov 05 2023 18: +0,1699207200
0.236,2,Nov 05 2023 19: +0,1699210800
0.181,2,Nov 05 2023 20: +0,1699214400
0.217,1,Nov 05 2023 21: +0,1699218000
0.231,2,Nov 05 2023 23: +0,1699225200
0.197,1,Nov 06 2023 00: +0,1699228800
0.227,1,Nov 06 2023 10: +0,1699264800
0.209,1,Nov 06 2023 13: +0,1699275600
0.219,1,Nov 06 2023 15: +0,1699282800
0.191,1,Nov 06 2023 16: +0,1699286400
0.211,1,Nov 06 2023 17: +0,1699290000
0.209,2,Nov 06 2023 19: +0,1699297200
0.207,2,Nov 06 2023 20: +0,1699300800
0.232,1,Nov 06 2023 21: +0,1699304400
0.189,2,Nov 06 2023 22: +0,1699308000
0.233,1,Nov 07 2023 00: +0,1699315200
0.209,1,Nov 07 2023 03: +0,1699326000
0.193,1,Nov 07 2023 09: +0,1699347600
0.215,1,Nov 07 2023 11: +0,1699354800
0.152,1,Nov 07 2023 12: +0,1699358400
0.23,2,Nov 07 2023 13: +0,1699362000
0.254,1,Nov 07 2023 15: +0,1699369200
0.168,1,Nov 07 2023 17: +0,1699376400
0.191,2,Nov 07 2023 18: +0,1699380000
0.218,1,Nov 07 2023 19: +0,1699383600
0.191,2,Nov 08 2023 00: +0,1699401600
0.207,1,Nov 08 2023 06: +0,1699423200
0.196,2,Nov 08 2023 07: +0,1699426800
0.232,1,Nov 08 2023 09: +0,1699434000
0.187,2,Nov 08 2023 16: +0,1699459200
0.225,1,Nov 08 2023 17: +0,1699462800
0.227,2,Nov 08 2023 18: +0,1699466400
0.201,1,Nov 08 2023 19: +0,1699470000
0.201,2,Nov 08 2023 20: +0,1699473600
0.193,1,Nov 08 2023 21: +0,1699477200
0.208,1,Nov 08 2023 23: +0,1699484400
0.233,1,Nov 09 2023 00: +0,1699488000
0.232,2,Nov 09 2023 01: +0,1699491600
0.241,1,Nov 09 2023 06: +0,1699509600
0.231,1,Nov 09 2023 07: +0,1699513200
0.277,1,Nov 09 2023 10: +0,1699524000
0.216,2,Nov 09 2023 15: +0,1699542000
0.214,2,Nov 09 2023 16: +0,1699545600
0.206,1,Nov 09 2023 18: +0,1699552800
0.201,1,Nov 09 2023 20: +0,1699560000
0.15,2,Nov 09 2023 21: +0,1699563600
0.223,1,Nov 09 2023 23: +0,1699570800
0.16,1,Nov 10 2023 05: +0,1699592400
0.206,1,Nov 10 2023 09: +0,1699606800
0.206,1,Nov 10 2023 14: +0,1699624800
0.214,1,Nov 10 2023 15: +0,1699628400
0.196,2,Nov 10 2023 23: +0,1699657200
0.128,1,Nov 11 2023 01: +0,1699664400
0.214,2,Nov 11 2023 02: +0,1699668000
0.214,1,Nov 11 2023 04: +0,1699675200
0.217,1,Nov 11 2023 05: +0,1699678800
0.218,1,Nov 11 2023 06: +0,1699682400
0.225,1,Nov 11 2023 10: +0,1699696800
0.177,1,Nov 11 2023 12: +0,1699704000
0.225,2,Nov 11 2023 14: +0,1699711200
0.225,5,Nov 11 2023 18: +0,1699725600
0.221,3,Nov 11 2023 20: +0,1699732800
0.255,2,Nov 11 2023 21: +0,1699736400
0.199,2,Nov 11 2023 22: +0,1699740000
0.228,1,Nov 12 2023 05: +0,1699765200
0.196,2,Nov 12 2023 06: +0,1699768800
0.226,1,Nov 12 2023 08: +0,1699776000
0.216,2,Nov 12 2023 13: +0,1699794000
0.247,1,Nov 12 2023 14: +0,1699797600
0.221,2,Nov 12 2023 15: +0,1699801200
0.231,1,Nov 12 2023 18: +0,1699812000
0.193,1,Nov 12 2023 20: +0,1699819200
0.218,1,Nov 13 2023 00: +0,1699833600
0.206,1,Nov 13 2023 01: +0,1699837200
0.206,1,Nov 13 2023 05: +0,1699851600
0.232,1,Nov 13 2023 06: +0,1699855200
0.201,1,Nov 13 2023 11: +0,1699873200
0.193,1,Nov 13 2023 12: +0,1699876800
0.215,4,Nov 13 2023 13: +0,1699880400
0.225,3,Nov 13 2023 15: +0,1699887600
0.234,1,Nov 13 2023 17: +0,1699894800
0.193,1,Nov 13 2023 19: +0,1699902000
0.217,2,Nov 13 2023 20: +0,1699905600
0.231,1,Nov 13 2023 21: +0,1699909200
0.205,1,Nov 13 2023 23: +0,1699916400
0.201,1,Nov 14 2023 06: +0,1699941600
0.201,1,Nov 14 2023 10: +0,1699956000
0.249,1,Nov 14 2023 13: +0,1699966800
0.193,1,Nov 14 2023 16: +0,1699977600
0.213,2,Nov 14 2023 17: +0,1699981200
0.235,1,Nov 14 2023 18: +0,1699984800
0.218,1,Nov 14 2023 21: +0,1699995600
0.21,2,Nov 14 2023 23: +0,1700002800
0.233,1,Nov 15 2023 03: +0,1700017200
0.213,1,Nov 15 2023 05: +0,1700024400
0.222,1,Nov 15 2023 07: +0,1700031600
0.239,1,Nov 15 2023 11: +0,1700046000
0.23,1,Nov 15 2023 15: +0,1700060400
0.23,1,Nov 15 2023 16: +0,1700064000
0.224,1,Nov 15 2023 19: +0,1700074800
0.225,1,Nov 15 2023 21: +0,1700082000
0.256,1,Nov 15 2023 22: +0,1700085600
0.19,1,Nov 16 2023 00: +0,1700092800
0.148,2,Nov 16 2023 02: +0,1700100000
0.057,1,Nov 16 2023 13: +0,1700139600
0.211,3,Nov 16 2023 14: +0,1700143200
0.238,1,Nov 16 2023 17: +0,1700154000
0.221,1,Nov 16 2023 18: +0,1700157600
0.226,2,Nov 16 2023 19: +0,1700161200
0.279,1,Nov 16 2023 20: +0,1700164800
0.24,1,Nov 16 2023 22: +0,1700172000
0.279,1,Nov 16 2023 23: +0,1700175600
0.201,1,Nov 17 2023 03: +0,1700190000
0.195,1,Nov 17 2023 11: +0,1700218800
0.196,1,Nov 17 2023 12: +0,1700222400
0.269,1,Nov 17 2023 13: +0,1700226000
0.244,1,Nov 17 2023 14: +0,1700229600
0.271,2,Nov 17 2023 19: +0,1700247600
0.323,1,Nov 17 2023 22: +0,1700258400
0.331,1,Nov 18 2023 04: +0,1700280000
0.249,2,Nov 18 2023 06: +0,1700287200
0.243,1,Nov 18 2023 07: +0,1700290800
0.186,1,Nov 18 2023 11: +0,1700305200
0.236,2,Nov 18 2023 14: +0,1700316000
0.237,1,Nov 18 2023 20: +0,1700337600
0.189,2,Nov 18 2023 22: +0,1700344800
0.267,1,Nov 18 2023 23: +0,1700348400
0.221,1,Nov 19 2023 06: +0,1700373600
0.241,1,Nov 19 2023 08: +0,1700380800
0.234,1,Nov 19 2023 13: +0,1700398800
0.222,2,Nov 19 2023 15: +0,1700406000
0.231,1,Nov 19 2023 20: +0,1700424000
0.198,1,Nov 20 2023 06: +0,1700460000
0.285,1,Nov 20 2023 07: +0,1700463600
0.193,1,Nov 20 2023 11: +0,1700478000
0.178,3,Nov 20 2023 12: +0,1700481600
0.193,1,Nov 20 2023 14: +0,1700488800
0.249,1,Nov 20 2023 17: +0,1700499600
0.19,2,Nov 20 2023 19: +0,1700506800
0.237,2,Nov 20 2023 21: +0,1700514000
0.244,1,Nov 21 2023 03: +0,1700535600
0.185,1,Nov 21 2023 04: +0,1700539200
0.251,1,Nov 21 2023 07: +0,1700550000
0.249,1,Nov 21 2023 08: +0,1700553600
0.249,1,Nov 21 2023 13: +0,1700571600
0.225,1,Nov 21 2023 16: +0,1700582400
0.24,1,Nov 21 2023 20: +0,1700596800
0.251,1,Nov 21 2023 21: +0,1700600400
0.225,1,Nov 22 2023 03: +0,1700622000
0.182,1,Nov 22 2023 07: +0,1700636400
0.197,1,Nov 22 2023 13: +0,1700658000
0.215,1,Nov 22 2023 14: +0,1700661600
0.176,2,Nov 22 2023 19: +0,1700679600
0.17,1,Nov 22 2023 23: +0,1700694000
0.192,1,Nov 23 2023 04: +0,1700712000
0.196,2,Nov 23 2023 06: +0,1700719200
0.18,1,Nov 23 2023 10: +0,1700733600
0.152,1,Nov 23 2023 12: +0,1700740800
0.209,1,Nov 23 2023 15: +0,1700751600
0.184,1,Nov 23 2023 17: +0,1700758800
0.18,1,Nov 23 2023 18: +0,1700762400
0.199,1,Nov 23 2023 19: +0,1700766000
0.201,1,Nov 23 2023 20: +0,1700769600
0.236,2,Nov 23 2023 22: +0,1700776800
0.19,1,Nov 24 2023 00: +0,1700784000
0.201,1,Nov 24 2023 01: +0,1700787600
0.216,1,Nov 24 2023 02: +0,1700791200
0.219,1,Nov 24 2023 06: +0,1700805600
0.226,1,Nov 24 2023 08: +0,1700812800
0.221,1,Nov 24 2023 13: +0,1700830800
0.23,1,Nov 24 2023 15: +0,1700838000
0.18,1,Nov 24 2023 19: +0,1700852400
0.185,1,Nov 24 2023 20: +0,1700856000
0.208,2,Nov 24 2023 21: +0,1700859600
0.208,2,Nov 24 2023 23: +0,1700866800
0.224,1,Nov 25 2023 07: +0,1700895600
0.186,1,Nov 25 2023 09: +0,1700902800
0.226,2,Nov 25 2023 13: +0,1700917200
0.218,1,Nov 25 2023 16: +0,1700928000
0.173,1,Nov 25 2023 18: +0,1700935200
0.152,1,Nov 25 2023 21: +0,1700946000
0.188,1,Nov 25 2023 22: +0,1700949600
0.201,1,Nov 26 2023 01: +0,1700960400
0.144,1,Nov 26 2023 02: +0,1700964000
0.144,1,Nov 26 2023 04: +0,1700971200
0.134,1,Nov 26 2023 05: +0,1700974800
0.175,1,Nov 26 2023 07: +0,1700982000
0.175,1,Nov 26 2023 09: +0,1700989200
0.177,1,Nov 26 2023 12: +0,1701000000
0.181,1,Nov 26 2023 15: +0,1701010800
0.194,1,Nov 26 2023 16: +0,1701014400
0.228,3,Nov 26 2023 17: +0,1701018000
0.19,2,Nov 26 2023 18: +0,1701021600
0.209,1,Nov 26 2023 20: +0,1701028800
0.16,1,Nov 27 2023 01: +0,1701046800
0.16,1,Nov 27 2023 07: +0,1701068400
0.178,1,Nov 27 2023 09: +0,1701075600
0.227,1,Nov 27 2023 10: +0,1701079200
0.171,1,Nov 27 2023 12: +0,1701086400
0.144,1,Nov 27 2023 15: +0,1701097200
0.224,1,Nov 27 2023 16: +0,1701100800
0.227,1,Nov 27 2023 17: +0,1701104400
0.227,1,Nov 27 2023 20: +0,1701115200
0.152,1,Nov 27 2023 21: +0,1701118800
0.208,1,Nov 27 2023 23: +0,1701126000
0.16,1,Nov 28 2023 00: +0,1701129600
0.203,1,Nov 28 2023 10: +0,1701165600
0.227,1,Nov 28 2023 13: +0,1701176400
0.16,1,Nov 28 2023 16: +0,1701187200
0.218,1,Nov 28 2023 17: +0,1701190800
0.181,1,Nov 28 2023 18: +0,1701194400
0.166,1,Nov 28 2023 20: +0,1701201600
0.223,1,Nov 29 2023 03: +0,1701226800
0.205,1,Nov 29 2023 04: +0,1701230400
0.192,1,Nov 29 2023 06: +0,1701237600
0.208,1,Nov 29 2023 11: +0,1701255600
0.192,1,Nov 29 2023 18: +0,1701280800
0.165,2,Nov 29 2023 19: +0,1701284400
0.21,1,Nov 29 2023 20: +0,1701288000
0.155,1,Nov 29 2023 21: +0,1701291600
0.216,1,Nov 30 2023 02: +0,1701309600
0.165,1,Nov 30 2023 04: +0,1701316800
0.165,1,Nov 30 2023 06: +0,1701324000
0.22,2,Nov 30 2023 07: +0,1701327600
0.227,1,Nov 30 2023 08: +0,1701331200
0.172,1,Nov 30 2023 17: +0,1701363600
0.2,1,Nov 30 2023 18: +0,1701367200
0.175,1,Nov 30 2023 19: +0,1701370800
0.209,2,Nov 30 2023 20: +0,1701374400
0.227,1,Nov 30 2023 22: +0,1701381600
0.175,1,Nov 30 2023 23: +0,1701385200
0.209,1,Dec 01 2023 04: +0,1701403200
0.165,1,Dec 01 2023 05: +0,1701406800
0.206,1,Dec 01 2023 11: +0,1701428400
0.154,1,Dec 01 2023 12: +0,1701432000
0.16,1,Dec 01 2023 20: +0,1701460800
0.17,3,Dec 01 2023 22: +0,1701468000
0.23,1,Dec 02 2023 05: +0,1701493200
0.137,3,Dec 02 2023 12: +0,1701518400
0.216,1,Dec 02 2023 13: +0,1701522000
0.194,1,Dec 02 2023 15: +0,1701529200
0.167,1,Dec 02 2023 19: +0,1701543600
0.163,4,Dec 02 2023 20: +0,1701547200
0.199,1,Dec 02 2023 21: +0,1701550800
0.198,1,Dec 02 2023 22: +0,1701554400
0.201,1,Dec 02 2023 23: +0,1701558000
0.214,2,Dec 03 2023 06: +0,1701583200
0.231,1,Dec 03 2023 08: +0,1701590400
0.21,1,Dec 03 2023 09: +0,1701594000
0.163,1,Dec 03 2023 11: +0,1701601200
0.194,1,Dec 03 2023 13: +0,1701608400
0.17,1,Dec 03 2023 16: +0,1701619200
0.136,1,Dec 03 2023 18: +0,1701626400
0.216,1,Dec 03 2023 20: +0,1701633600
0.224,1,Dec 03 2023 23: +0,1701644400
0.225,1,Dec 04 2023 00: +0,1701648000
0.151,1,Dec 04 2023 02: +0,1701655200
0.151,1,Dec 04 2023 03: +0,1701658800
0.164,1,Dec 04 2023 04: +0,1701662400
0.2,1,Dec 04 2023 05: +0,1701666000
0.201,1,Dec 04 2023 14: +0,1701698400
0.21,1,Dec 04 2023 15: +0,1701702000
0.211,1,Dec 04 2023 18: +0,1701712800
0.174,1,Dec 04 2023 19: +0,1701716400
0.163,1,Dec 04 2023 21: +0,1701723600
0.177,2,Dec 05 2023 00: +0,1701734400
0.205,1,Dec 05 2023 03: +0,1701745200
0.211,1,Dec 05 2023 09: +0,1701766800
0.209,1,Dec 05 2023 11: +0,1701774000
0.203,1,Dec 05 2023 15: +0,1701788400
0.149,3,Dec 05 2023 20: +0,1701806400
0.149,1,Dec 05 2023 22: +0,1701813600
0.206,1,Dec 06 2023 01: +0,1701824400
0.208,1,Dec 06 2023 03: +0,1701831600
0.207,1,Dec 06 2023 08: +0,1701849600
0.172,1,Dec 06 2023 12: +0,1701864000
0.136,1,Dec 06 2023 13: +0,1701867600
0.173,1,Dec 06 2023 15: +0,1701874800
0.174,1,Dec 06 2023 16: +0,1701878400
0.199,1,Dec 06 2023 18: +0,1701885600
0.189,2,Dec 06 2023 21: +0,1701896400
0.21,2,Dec 06 2023 22: +0,1701900000
0.168,1,Dec 07 2023 01: +0,1701910800
0.184,1,Dec 07 2023 06: +0,1701928800
0.2,1,Dec 07 2023 09: +0,1701939600
0.168,2,Dec 07 2023 11: +0,1701946800
0.199,2,Dec 07 2023 13: +0,1701954000
0.201,1,Dec 07 2023 14: +0,1701957600
0.199,1,Dec 07 2023 15: +0,1701961200
0.207,1,Dec 07 2023 16: +0,1701964800
0.181,1,Dec 07 2023 18: +0,1701972000
0.207,2,Dec 07 2023 21: +0,1701982800
0.218,1,Dec 07 2023 23: +0,1701990000
0.211,1,Dec 08 2023 05: +0,1702011600
0.184,1,Dec 08 2023 10: +0,1702029600
0.23,1,Dec 08 2023 11: +0,1702033200
0.208,1,Dec 08 2023 14: +0,1702044000
0.187,2,Dec 08 2023 16: +0,1702051200
0.215,1,Dec 08 2023 17: +0,1702054800
0.171,1,Dec 08 2023 18: +0,1702058400
0.187,2,Dec 08 2023 19: +0,1702062000
0.172,1,Dec 08 2023 20: +0,1702065600
0.112,1,Dec 08 2023 21: +0,1702069200
0.215,2,Dec 08 2023 22: +0,1702072800
0.225,1,Dec 09 2023 01: +0,1702083600
0.169,1,Dec 09 2023 07: +0,1702105200
0.215,4,Dec 09 2023 09: +0,1702112400
0.191,1,Dec 09 2023 10: +0,1702116000
0.179,2,Dec 09 2023 13: +0,1702126800
0.165,1,Dec 09 2023 16: +0,1702137600
0.089,1,Dec 09 2023 23: +0,1702162800
0.215,1,Dec 10 2023 00: +0,1702166400
0.2,1,Dec 10 2023 07: +0,1702191600
0.206,1,Dec 10 2023 09: +0,1702198800
0.211,1,Dec 10 2023 10: +0,1702202400
0.208,1,Dec 10 2023 11: +0,1702206000
0.171,3,Dec 10 2023 17: +0,1702227600
0.195,1,Dec 10 2023 18: +0,1702231200
0.171,1,Dec 10 2023 19: +0,1702234800
0.195,1,Dec 10 2023 23: +0,1702249200
0.171,1,Dec 11 2023 00: +0,1702252800
0.196,1,Dec 11 2023 05: +0,1702270800
0.197,1,Dec 11 2023 06: +0,1702274400
0.195,1,Dec 11 2023 09: +0,1702285200
0.187,2,Dec 11 2023 10: +0,1702288800
0.195,1,Dec 11 2023 13: +0,1702299600
0.197,1,Dec 11 2023 20: +0,1702324800
0.169,1,Dec 12 2023 01: +0,1702342800
0.173,1,Dec 12 2023 03: +0,1702350000
0.182,2,Dec 12 2023 07: +0,1702364400
0.197,1,Dec 12 2023 08: +0,1702368000
0.194,1,Dec 12 2023 10: +0,1702375200
0.202,2,Dec 12 2023 11: +0,1702378800
0.156,1,Dec 12 2023 13: +0,1702386000
0.169,2,Dec 12 2023 16: +0,1702396800
0.182,1,Dec 12 2023 17: +0,1702400400
0.196,1,Dec 12 2023 18: +0,1702404000
0.153,1,Dec 12 2023 23: +0,1702422000
0.21,1,Dec 13 2023 00: +0,1702425600
0.172,1,Dec 13 2023 02: +0,1702432800
0.209,1,Dec 13 2023 05: +0,1702443600
0.21,1,Dec 13 2023 09: +0,1702458000
0.182,1,Dec 13 2023 13: +0,1702472400
0.182,1,Dec 13 2023 15: +0,1702479600
0.196,1,Dec 13 2023 19: +0,1702494000
0.233,1,Dec 13 2023 23: +0,1702508400
0.198,1,Dec 14 2023 00: +0,1702512000
0.166,1,Dec 14 2023 05: +0,1702530000
0.166,1,Dec 14 2023 08: +0,1702540800
0.196,2,Dec 14 2023 12: +0,1702555200
0.2,1,Dec 14 2023 14: +0,1702562400
0.196,1,Dec 14 2023 16: +0,1702569600
0.182,3,Dec 14 2023 17: +0,1702573200
0.191,1,Dec 14 2023 18: +0,1702576800
0.197,1,Dec 14 2023 21: +0,1702587600
0.162,2,Dec 14 2023 22: +0,1702591200
0.178,2,Dec 15 2023 00: +0,1702598400
0.2,1,Dec 15 2023 01: +0,1702602000
0.171,1,Dec 15 2023 14: +0,1702648800
0.182,3,Dec 15 2023 15: +0,1702652400
0.154,1,Dec 15 2023 16: +0,1702656000
0.177,2,Dec 15 2023 17: +0,1702659600
0.17,1,Dec 15 2023 19: +0,1702666800
0.187,4,Dec 15 2023 20: +0,1702670400
0.148,1,Dec 15 2023 23: +0,1702681200
0.158,1,Dec 16 2023 01: +0,1702688400
0.17,4,Dec 16 2023 04: +0,1702699200
0.181,1,Dec 16 2023 09: +0,1702717200
0.134,1,Dec 16 2023 10: +0,1702720800
0.158,4,Dec 16 2023 16: +0,1702742400
0.166,2,Dec 16 2023 19: +0,1702753200
0.166,1,Dec 16 2023 22: +0,1702764000
0.164,2,Dec 17 2023 10: +0,1702807200
0.148,2,Dec 17 2023 14: +0,1702821600
0.206,2,Dec 17 2023 16: +0,1702828800
0.172,2,Dec 17 2023 18: +0,1702836000
0.166,1,Dec 17 2023 20: +0,1702843200
0.166,1,Dec 18 2023 01: +0,1702861200
0.176,1,Dec 18 2023 02: +0,1702864800
0.147,1,Dec 18 2023 07: +0,1702882800
0.147,1,Dec 18 2023 14: +0,1702908000
0.176,1,Dec 18 2023 16: +0,1702915200
0.16,2,Dec 18 2023 17: +0,1702918800
0.174,2,Dec 18 2023 20: +0,1702929600
0.155,1,Dec 19 2023 05: +0,1702962000
0.129,1,Dec 19 2023 06: +0,1702965600
0.147,2,Dec 19 2023 09: +0,1702976400
0.147,1,Dec 19 2023 13: +0,1702990800
0.16,1,Dec 19 2023 14: +0,1702994400
0.14,1,Dec 20 2023 01: +0,1703034000
0.11,1,Dec 20 2023 03: +0,1703041200
0.126,1,Dec 20 2023 04: +0,1703044800
0.14,1,Dec 20 2023 05: +0,1703048400
0.134,1,Dec 20 2023 07: +0,1703055600
0.148,2,Dec 20 2023 12: +0,1703073600
0.172,1,Dec 20 2023 14: +0,1703080800
0.134,1,Dec 20 2023 16: +0,1703088000
0.164,11,Dec 20 2023 17: +0,1703091600
0.172,3,Dec 20 2023 18: +0,1703095200
0.178,1,Dec 20 2023 22: +0,1703109600
0.181,1,Dec 20 2023 23: +0,1703113200
0.191,1,Dec 21 2023 08: +0,1703145600
0.181,2,Dec 21 2023 10: +0,1703152800
0.134,1,Dec 21 2023 13: +0,1703163600
0.179,1,Dec 21 2023 15: +0,1703170800
0.143,1,Dec 21 2023 18: +0,1703181600
0.182,1,Dec 21 2023 23: +0,1703199600
0.173,1,Dec 22 2023 01: +0,1703206800
0.154,1,Dec 22 2023 04: +0,1703217600
0.183,1,Dec 22 2023 08: +0,1703232000
0.142,1,Dec 22 2023 09: +0,1703235600
0.147,1,Dec 22 2023 12: +0,1703246400
0.126,1,Dec 22 2023 13: +0,1703250000
0.145,1,Dec 22 2023 14: +0,1703253600
0.178,1,Dec 22 2023 16: +0,1703260800
0.119,1,Dec 22 2023 17: +0,1703264400
0.2,1,Dec 22 2023 19: +0,1703271600
0.15,1,Dec 22 2023 21: +0,1703278800
0.142,1,Dec 23 2023 02: +0,1703296800
0.179,1,Dec 23 2023 03: +0,1703300400
0.163,2,Dec 23 2023 05: +0,1703307600
0.184,1,Dec 23 2023 07: +0,1703314800
0.134,1,Dec 23 2023 09: +0,1703322000
0.097,1,Dec 23 2023 13: +0,1703336400
0.134,1,Dec 23 2023 16: +0,1703347200
0.152,1,Dec 23 2023 21: +0,1703365200
0.152,1,Dec 23 2023 23: +0,1703372400
0.134,1,Dec 24 2023 02: +0,1703383200
0.157,3,Dec 24 2023 03: +0,1703386800
0.181,1,Dec 24 2023 11: +0,1703415600
0.178,3,Dec 24 2023 13: +0,1703422800
0.135,2,Dec 24 2023 14: +0,1703426400
0.19,1,Dec 24 2023 16: +0,1703433600
0.205,1,Dec 24 2023 19: +0,1703444400
0.113,1,Dec 25 2023 14: +0,1703512800
0.142,1,Dec 25 2023 16: +0,1703520000
0.207,1,Dec 25 2023 17: +0,1703523600
0.182,1,Dec 25 2023 18: +0,1703527200
0.14,2,Dec 25 2023 22: +0,1703541600
0.181,1,Dec 25 2023 23: +0,1703545200
0.185,1,Dec 26 2023 04: +0,1703563200
0.184,1,Dec 26 2023 07: +0,1703574000
0.176,1,Dec 26 2023 12: +0,1703592000
0.184,3,Dec 26 2023 14: +0,1703599200
0.165,1,Dec 26 2023 15: +0,1703602800
0.126,1,Dec 26 2023 18: +0,1703613600
0.216,4,Dec 27 2023 02: +0,1703642400
0.181,1,Dec 27 2023 03: +0,1703646000
0.142,1,Dec 27 2023 08: +0,1703664000
0.186,2,Dec 27 2023 11: +0,1703674800
0.182,1,Dec 27 2023 15: +0,1703689200
0.12,1,Dec 27 2023 17: +0,1703696400
0.176,1,Dec 27 2023 20: +0,1703707200
0.172,1,Dec 27 2023 22: +0,1703714400
0.165,1,Dec 27 2023 23: +0,1703718000
0.165,1,Dec 28 2023 03: +0,1703732400
0.165,1,Dec 28 2023 08: +0,1703750400
0.182,2,Dec 28 2023 11: +0,1703761200
0.186,2,Dec 28 2023 13: +0,1703768400
0.2,2,Dec 28 2023 16: +0,1703779200
0.161,2,Dec 28 2023 17: +0,1703782800
0.165,1,Dec 28 2023 19: +0,1703790000
0.198,2,Dec 28 2023 21: +0,1703797200
0.171,1,Dec 29 2023 00: +0,1703808000
0.144,1,Dec 29 2023 03: +0,1703818800
0.205,1,Dec 29 2023 11: +0,1703847600
0.175,1,Dec 29 2023 15: +0,1703862000
0.176,1,Dec 29 2023 16: +0,1703865600
0.199,3,Dec 29 2023 18: +0,1703872800
0.128,2,Dec 29 2023 19: +0,1703876400
0.164,1,Dec 29 2023 20: +0,1703880000
0.209,1,Dec 30 2023 00: +0,1703894400
0.162,1,Dec 30 2023 13: +0,1703941200
0.145,1,Dec 30 2023 16: +0,1703952000
0.126,1,Dec 30 2023 18: +0,1703959200
0.126,1,Dec 30 2023 19: +0,1703962800
0.183,1,Dec 30 2023 21: +0,1703970000
0.164,2,Dec 31 2023 00: +0,1703980800
0.201,1,Dec 31 2023 08: +0,1704009600
0.2,1,Dec 31 2023 13: +0,1704027600
0.136,1,Dec 31 2023 19: +0,1704049200
0.134,1,Dec 31 2023 22: +0,1704060000
0.165,1,Jan 01 2024 00: +0,1704067200
0.136,1,Jan 01 2024 03: +0,1704078000
0.166,1,Jan 01 2024 11: +0,1704106800
0.166,2,Jan 01 2024 16: +0,1704124800
0.154,1,Jan 01 2024 18: +0,1704132000
0.156,1,Jan 02 2024 00: +0,1704153600
0.15,1,Jan 02 2024 02: +0,1704160800
0.149,2,Jan 02 2024 09: +0,1704186000
0.139,1,Jan 02 2024 15: +0,1704207600
0.17,1,Jan 02 2024 16: +0,1704211200
0.16,1,Jan 02 2024 19: +0,1704222000
0.134,1,Jan 02 2024 20: +0,1704225600
0.134,1,Jan 02 2024 21: +0,1704229200
0.159,1,Jan 02 2024 23: +0,1704236400
0.154,1,Jan 03 2024 09: +0,1704272400
0.155,1,Jan 03 2024 11: +0,1704279600
0.157,3,Jan 03 2024 15: +0,1704294000
0.157,1,Jan 03 2024 18: +0,1704304800
0.136,2,Jan 03 2024 19: +0,1704308400
0.151,2,Jan 03 2024 21: +0,1704315600
0.136,1,Jan 04 2024 05: +0,1704344400
0.154,1,Jan 04 2024 06: +0,1704348000
0.154,1,Jan 04 2024 07: +0,1704351600
0.161,1,Jan 04 2024 09: +0,1704358800
0.163,1,Jan 04 2024 10: +0,1704362400
0.148,1,Jan 04 2024 19: +0,1704394800
0.163,2,Jan 04 2024 23: +0,1704409200
0.09,1,Jan 05 2024 04: +0,1704427200
0.142,1,Jan 05 2024 06: +0,1704434400
0.15,2,Jan 05 2024 14: +0,1704463200
0.153,1,Jan 05 2024 18: +0,1704477600
0.159,1,Jan 05 2024 19: +0,1704481200
0.149,2,Jan 05 2024 22: +0,1704492000
0.165,1,Jan 05 2024 23: +0,1704495600
0.126,1,Jan 06 2024 00: +0,1704499200
0.155,3,Jan 06 2024 01: +0,1704502800
0.143,1,Jan 06 2024 05: +0,1704517200
0.134,1,Jan 06 2024 07: +0,1704524400
0.146,3,Jan 06 2024 13: +0,1704546000
0.2,1,Jan 06 2024 14: +0,1704549600
0.144,1,Jan 06 2024 17: +0,1704560400
0.148,2,Jan 06 2024 20: +0,1704571200
0.136,1,Jan 06 2024 23: +0,1704582000
0.164,1,Jan 07 2024 00: +0,1704585600
0.137,1,Jan 07 2024 01: +0,1704589200
0.165,1,Jan 07 2024 03: +0,1704596400
0.157,1,Jan 07 2024 12: +0,1704628800
0.157,1,Jan 07 2024 13: +0,1704632400
0.165,1,Jan 07 2024 14: +0,1704636000
0.172,1,Jan 07 2024 16: +0,1704643200
0.149,1,Jan 07 2024 17: +0,1704646800
0.165,2,Jan 07 2024 18: +0,1704650400
0.168,2,Jan 07 2024 20: +0,1704657600
0.134,1,Jan 07 2024 21: +0,1704661200
0.134,1,Jan 08 2024 00: +0,1704672000
0.142,1,Jan 08 2024 01: +0,1704675600
0.154,1,Jan 08 2024 09: +0,1704704400
0.178,1,Jan 08 2024 14: +0,1704722400
0.145,1,Jan 08 2024 17: +0,1704733200
0.142,1,Jan 08 2024 18: +0,1704736800
0.173,2,Jan 08 2024 20: +0,1704744000
0.181,1,Jan 09 2024 00: +0,1704758400
0.177,1,Jan 09 2024 03: +0,1704769200
0.181,2,Jan 09 2024 16: +0,1704816000
0.156,1,Jan 09 2024 17: +0,1704819600
0.165,1,Jan 09 2024 18: +0,1704823200
0.139,1,Jan 09 2024 20: +0,1704830400
0.139,1,Jan 09 2024 21: +0,1704834000
0.168,1,Jan 09 2024 22: +0,1704837600
0.181,1,Jan 10 2024 03: +0,1704855600
0.182,2,Jan 10 2024 14: +0,1704895200
0.154,2,Jan 10 2024 15: +0,1704898800
0.139,3,Jan 10 2024 16: +0,1704902400
0.136,1,Jan 10 2024 17: +0,1704906000
0.185,1,Jan 10 2024 19: +0,1704913200
0.155,1,Jan 10 2024 21: +0,1704920400
0.181,1,Jan 10 2024 22: +0,1704924000
0.184,1,Jan 11 2024 00: +0,1704931200
0.144,1,Jan 11 2024 01: +0,1704934800
0.179,1,Jan 11 2024 04: +0,1704945600
0.161,2,Jan 11 2024 05: +0,1704949200
0.149,1,Jan 11 2024 10: +0,1704967200
0.175,1,Jan 11 2024 11: +0,1704970800
0.181,1,Jan 11 2024 14: +0,1704981600
0.181,1,Jan 11 2024 15: +0,1704985200
0.181,1,Jan 11 2024 17: +0,1704992400
0.139,1,Jan 11 2024 18: +0,1704996000
0.178,1,Jan 11 2024 20: +0,1705003200
0.15,1,Jan 11 2024 21: +0,1705006800
0.15,1,Jan 11 2024 23: +0,1705014000
0.158,1,Jan 12 2024 01: +0,1705021200
0.15,1,Jan 12 2024 02: +0,1705024800
0.172,1,Jan 12 2024 04: +0,1705032000
0.158,1,Jan 12 2024 06: +0,1705039200
0.19,1,Jan 12 2024 11: +0,1705057200
0.183,1,Jan 12 2024 12: +0,1705060800
0.172,1,Jan 12 2024 13: +0,1705064400
0.182,1,Jan 12 2024 16: +0,1705075200
0.173,2,Jan 12 2024 17: +0,1705078800
0.182,1,Jan 12 2024 23: +0,1705100400
0.168,3,Jan 13 2024 14: +0,1705154400
0.15,1,Jan 13 2024 15: +0,1705158000
0.18,2,Jan 13 2024 19: +0,1705172400
0.14,3,Jan 13 2024 20: +0,1705176000
0.15,1,Jan 13 2024 21: +0,1705179600
0.182,9,Jan 14 2024 06: +0,1705212000
0.205,1,Jan 14 2024 14: +0,1705240800
0.208,2,Jan 14 2024 20: +0,1705262400
0.228,2,Jan 14 2024 21: +0,1705266000
0.107,1,Jan 15 2024 09: +0,1705309200
0.158,1,Jan 15 2024 11: +0,1705316400
0.179,1,Jan 15 2024 12: +0,1705320000
0.181,2,Jan 15 2024 16: +0,1705334400
0.196,1,Jan 15 2024 21: +0,1705352400
0.189,1,Jan 16 2024 06: +0,1705384800
0.15,1,Jan 16 2024 09: +0,1705395600
0.165,2,Jan 16 2024 12: +0,1705406400
0.182,1,Jan 16 2024 14: +0,1705413600
0.189,1,Jan 16 2024 15: +0,1705417200
0.179,1,Jan 16 2024 17: +0,1705424400
0.182,1,Jan 16 2024 18: +0,1705428000
0.15,1,Jan 16 2024 23: +0,1705446000
0.177,1,Jan 17 2024 03: +0,1705460400
0.094,4,Jan 17 2024 10: +0,1705485600
0.166,2,Jan 17 2024 11: +0,1705489200
0.188,1,Jan 17 2024 16: +0,1705507200
0.172,2,Jan 17 2024 20: +0,1705521600
0.174,1,Jan 17 2024 22: +0,1705528800
0.174,1,Jan 17 2024 23: +0,1705532400
0.172,1,Jan 18 2024 00: +0,1705536000
0.174,1,Jan 18 2024 01: +0,1705539600
0.175,1,Jan 18 2024 10: +0,1705572000
0.173,1,Jan 18 2024 11: +0,1705575600
0.175,1,Jan 18 2024 14: +0,1705586400
0.169,2,Jan 18 2024 18: +0,1705600800
0.176,2,Jan 18 2024 19: +0,1705604400
0.134,1,Jan 18 2024 20: +0,1705608000
0.156,2,Jan 19 2024 00: +0,1705622400
0.189,2,Jan 19 2024 05: +0,1705640400
0.194,1,Jan 19 2024 08: +0,1705651200
0.199,3,Jan 19 2024 10: +0,1705658400
0.157,2,Jan 19 2024 23: +0,1705705200
0.198,1,Jan 20 2024 05: +0,1705726800
0.142,1,Jan 20 2024 11: +0,1705748400
0.202,1,Jan 20 2024 14: +0,1705759200
0.194,1,Jan 20 2024 15: +0,1705762800
0.196,1,Jan 20 2024 16: +0,1705766400
0.2,3,Jan 20 2024 17: +0,1705770000
0.16,3,Jan 20 2024 20: +0,1705780800
0.183,1,Jan 21 2024 00: +0,1705795200
0.215,1,Jan 21 2024 01: +0,1705798800
0.164,3,Jan 21 2024 10: +0,1705831200
0.184,1,Jan 21 2024 12: +0,1705838400
0.14,1,Jan 21 2024 15: +0,1705849200
0.176,1,Jan 21 2024 16: +0,1705852800
0.159,2,Jan 21 2024 17: +0,1705856400
0.15,2,Jan 21 2024 18: +0,1705860000
0.188,9,Jan 21 2024 21: +0,1705870800
0.177,1,Jan 21 2024 23: +0,1705878000
0.228,1,Jan 22 2024 04: +0,1705896000
0.139,1,Jan 22 2024 07: +0,1705906800
0.1,1,Jan 22 2024 11: +0,1705921200
0.135,1,Jan 22 2024 15: +0,1705935600
0.127,1,Jan 22 2024 16: +0,1705939200
0.135,1,Jan 22 2024 18: +0,1705946400
0.155,1,Jan 22 2024 19: +0,1705950000
0.139,1,Jan 22 2024 22: +0,1705960800
0.155,2,Jan 23 2024 08: +0,1705996800
0.127,1,Jan 23 2024 09: +0,1706000400
0.127,3,Jan 23 2024 10: +0,1706004000
0.117,1,Jan 23 2024 13: +0,1706014800
0.139,1,Jan 23 2024 15: +0,1706022000
0.135,1,Jan 23 2024 17: +0,1706029200
0.139,1,Jan 23 2024 20: +0,1706040000
0.095,1,Jan 23 2024 21: +0,1706043600
0.152,1,Jan 23 2024 23: +0,1706050800
0.135,1,Jan 24 2024 06: +0,1706076000
0.124,1,Jan 24 2024 09: +0,1706086800
0.149,3,Jan 24 2024 11: +0,1706094000
0.141,2,Jan 24 2024 12: +0,1706097600
0.143,2,Jan 24 2024 15: +0,1706108400
0.155,1,Jan 24 2024 16: +0,1706112000
0.155,3,Jan 24 2024 21: +0,1706130000
0.151,1,Jan 25 2024 09: +0,1706173200
0.156,1,Jan 25 2024 11: +0,1706180400
0.149,1,Jan 25 2024 17: +0,1706202000
0.149,4,Jan 25 2024 19: +0,1706209200
0.155,1,Jan 26 2024 04: +0,1706241600
0.155,1,Jan 26 2024 12: +0,1706270400
0.15,1,Jan 26 2024 14: +0,1706277600
0.149,1,Jan 26 2024 20: +0,1706299200
0.148,1,Jan 26 2024 22: +0,1706306400
0.127,1,Jan 27 2024 05: +0,1706331600
0.174,1,Jan 27 2024 08: +0,1706342400
0.173,2,Jan 27 2024 12: +0,1706356800
0.169,1,Jan 27 2024 15: +0,1706367600
0.147,3,Jan 27 2024 17: +0,1706374800
0.127,1,Jan 27 2024 18: +0,1706378400
0.149,1,Jan 27 2024 20: +0,1706385600
0.135,1,Jan 28 2024 04: +0,1706414400
0.143,2,Jan 28 2024 07: +0,1706425200
0.135,1,Jan 28 2024 08: +0,1706428800
0.181,1,Jan 28 2024 20: +0,1706472000
0.138,1,Jan 28 2024 23: +0,1706482800
0.139,1,Jan 29 2024 00: +0,1706486400
0.137,1,Jan 29 2024 02: +0,1706493600
0.159,1,Jan 29 2024 04: +0,1706500800
0.135,1,Jan 29 2024 07: +0,1706511600
0.135,1,Jan 29 2024 10: +0,1706522400
0.137,2,Jan 29 2024 12: +0,1706529600
0.138,1,Jan 29 2024 16: +0,1706544000
0.139,1,Jan 29 2024 17: +0,1706547600
0.138,1,Jan 29 2024 19: +0,1706554800
0.151,1,Jan 29 2024 20: +0,1706558400
0.143,1,Jan 30 2024 06: +0,1706594400
0.141,2,Jan 30 2024 11: +0,1706612400
0.118,2,Jan 30 2024 12: +0,1706616000
0.112,1,Jan 30 2024 13: +0,1706619600
0.163,2,Jan 30 2024 14: +0,1706623200
0.127,1,Jan 30 2024 15: +0,1706626800
0.207,1,Jan 30 2024 16: +0,1706630400
0.135,2,Jan 30 2024 20: +0,1706644800
0.135,3,Jan 30 2024 21: +0,1706648400
0.143,3,Jan 31 2024 04: +0,1706673600
0.135,1,Jan 31 2024 06: +0,1706680800
0.15,3,Jan 31 2024 07: +0,1706684400
0.127,1,Jan 31 2024 08: +0,1706688000
0.153,2,Jan 31 2024 09: +0,1706691600
0.156,1,Jan 31 2024 10: +0,1706695200
0.135,1,Jan 31 2024 13: +0,1706706000
0.135,1,Jan 31 2024 15: +0,1706713200
0.14,1,Jan 31 2024 18: +0,1706724000
0.159,1,Jan 31 2024 20: +0,1706731200
0.158,1,Jan 31 2024 21: +0,1706734800
0.093,1,Jan 31 2024 23: +0,1706742000
0.143,1,Feb 01 2024 07: +0,1706770800
0.095,1,Feb 01 2024 10: +0,1706781600
0.103,1,Feb 01 2024 11: +0,1706785200
0.119,2,Feb 01 2024 12: +0,1706788800
0.135,1,Feb 01 2024 13: +0,1706792400
0.155,1,Feb 01 2024 16: +0,1706803200
0.135,1,Feb 01 2024 17: +0,1706806800
0.159,1,Feb 01 2024 23: +0,1706828400
0.159,1,Feb 02 2024 00: +0,1706832000
0.127,1,Feb 02 2024 01: +0,1706835600
0.103,1,Feb 02 2024 02: +0,1706839200
0.143,1,Feb 02 2024 03: +0,1706842800
0.146,1,Feb 02 2024 09: +0,1706864400
0.159,2,Feb 02 2024 12: +0,1706875200
0.151,2,Feb 02 2024 14: +0,1706882400
0.151,1,Feb 02 2024 16: +0,1706889600
0.139,2,Feb 02 2024 17: +0,1706893200
0.163,1,Feb 02 2024 21: +0,1706907600
0.164,1,Feb 02 2024 23: +0,1706914800
0.143,1,Feb 03 2024 00: +0,1706918400
0.159,6,Feb 03 2024 10: +0,1706954400
0.135,1,Feb 03 2024 18: +0,1706983200
0.137,2,Feb 03 2024 20: +0,1706990400
0.103,1,Feb 03 2024 21: +0,1706994000
0.155,1,Feb 03 2024 22: +0,1706997600
0.099,1,Feb 04 2024 01: +0,1707008400
0.135,1,Feb 04 2024 11: +0,1707044400
0.159,3,Feb 04 2024 14: +0,1707055200
0.157,1,Feb 04 2024 15: +0,1707058800
0.135,1,Feb 04 2024 18: +0,1707069600
0.15,2,Feb 04 2024 19: +0,1707073200
0.163,6,Feb 04 2024 20: +0,1707076800
0.165,2,Feb 04 2024 23: +0,1707087600
0.135,1,Feb 05 2024 03: +0,1707102000
0.148,2,Feb 05 2024 04: +0,1707105600
0.169,1,Feb 05 2024 07: +0,1707116400
0.17,1,Feb 05 2024 11: +0,1707130800
0.127,1,Feb 05 2024 12: +0,1707134400
0.167,1,Feb 05 2024 15: +0,1707145200
0.127,1,Feb 05 2024 19: +0,1707159600
0.137,1,Feb 05 2024 23: +0,1707174000
0.127,1,Feb 06 2024 01: +0,1707181200
0.17,2,Feb 06 2024 13: +0,1707224400
0.171,1,Feb 06 2024 20: +0,1707249600
0.159,1,Feb 07 2024 00: +0,1707264000
0.148,2,Feb 07 2024 02: +0,1707271200
0.167,2,Feb 07 2024 08: +0,1707292800
0.159,2,Feb 07 2024 15: +0,1707318000
0.163,2,Feb 07 2024 16: +0,1707321600
0.137,3,Feb 07 2024 17: +0,1707325200
0.119,1,Feb 07 2024 19: +0,1707332400
0.125,2,Feb 07 2024 20: +0,1707336000
0.146,3,Feb 07 2024 22: +0,1707343200
0.158,2,Feb 07 2024 23: +0,1707346800
0.135,1,Feb 08 2024 00: +0,1707350400
0.157,1,Feb 08 2024 01: +0,1707354000
0.143,1,Feb 08 2024 06: +0,1707372000
0.173,1,Feb 08 2024 08: +0,1707379200
0.157,1,Feb 08 2024 12: +0,1707393600
0.167,1,Feb 08 2024 13: +0,1707397200
0.154,3,Feb 08 2024 19: +0,1707418800
0.155,1,Feb 08 2024 20: +0,1707422400
0.174,1,Feb 08 2024 22: +0,1707429600
0.167,1,Feb 08 2024 23: +0,1707433200
0.158,3,Feb 09 2024 00: +0,1707436800
0.142,2,Feb 09 2024 01: +0,1707440400
0.237,1,Feb 09 2024 04: +0,1707451200
0.141,1,Feb 09 2024 06: +0,1707458400
0.174,1,Feb 09 2024 08: +0,1707465600
0.169,2,Feb 09 2024 09: +0,1707469200
0.135,1,Feb 09 2024 11: +0,1707476400
0.135,1,Feb 09 2024 12: +0,1707480000
0.135,1,Feb 09 2024 13: +0,1707483600
0.146,1,Feb 09 2024 15: +0,1707490800
0.12,1,Feb 09 2024 18: +0,1707501600
0.171,1,Feb 09 2024 21: +0,1707512400
0.215,1,Feb 09 2024 23: +0,1707519600
0.2,1,Feb 10 2024 04: +0,1707537600
0.173,1,Feb 10 2024 09: +0,1707555600
0.135,1,Feb 10 2024 11: +0,1707562800
0.173,1,Feb 10 2024 12: +0,1707566400
0.172,1,Feb 10 2024 13: +0,1707570000
0.172,10,Feb 10 2024 14: +0,1707573600
0.192,1,Feb 10 2024 15: +0,1707577200
0.101,1,Feb 10 2024 16: +0,1707580800
0.169,2,Feb 10 2024 18: +0,1707588000
0.169,1,Feb 10 2024 20: +0,1707595200
0.192,1,Feb 10 2024 23: +0,1707606000
0.135,1,Feb 11 2024 00: +0,1707609600
0.197,1,Feb 11 2024 10: +0,1707645600
0.163,1,Feb 11 2024 17: +0,1707670800
0.151,1,Feb 11 2024 18: +0,1707674400
0.21,2,Feb 11 2024 20: +0,1707681600
0.153,1,Feb 11 2024 21: +0,1707685200
0.192,3,Feb 12 2024 13: +0,1707742800
0.193,1,Feb 12 2024 15: +0,1707750000
0.221,2,Feb 12 2024 16: +0,1707753600
0.113,1,Feb 12 2024 22: +0,1707775200
0.14,1,Feb 12 2024 23: +0,1707778800
0.197,1,Feb 13 2024 14: +0,1707832800
0.182,2,Feb 13 2024 16: +0,1707840000
0.202,1,Feb 13 2024 19: +0,1707850800
0.143,3,Feb 13 2024 22: +0,1707861600
0.199,1,Feb 14 2024 00: +0,1707868800
0.165,1,Feb 14 2024 07: +0,1707894000
0.102,1,Feb 14 2024 08: +0,1707897600
0.135,3,Feb 14 2024 10: +0,1707904800
0.192,1,Feb 14 2024 11: +0,1707908400
0.166,2,Feb 14 2024 12: +0,1707912000
0.205,1,Feb 14 2024 18: +0,1707933600
0.202,1,Feb 14 2024 20: +0,1707940800
0.171,1,Feb 14 2024 23: +0,1707951600
0.14,3,Feb 15 2024 00: +0,1707955200
0.198,1,Feb 15 2024 04: +0,1707969600
0.114,1,Feb 15 2024 07: +0,1707980400
0.114,1,Feb 15 2024 08: +0,1707984000
0.16,1,Feb 15 2024 10: +0,1707991200
0.206,2,Feb 15 2024 11: +0,1707994800
0.198,1,Feb 15 2024 15: +0,1708009200
0.202,2,Feb 15 2024 17: +0,1708016400
0.196,1,Feb 15 2024 19: +0,1708023600
0.247,1,Feb 16 2024 05: +0,1708059600
0.201,1,Feb 16 2024 08: +0,1708070400
0.21,1,Feb 16 2024 10: +0,1708077600
0.203,1,Feb 16 2024 12: +0,1708084800
0.143,6,Feb 16 2024 13: +0,1708088400
0.164,2,Feb 16 2024 15: +0,1708095600
0.184,1,Feb 16 2024 20: +0,1708113600
0.135,1,Feb 17 2024 00: +0,1708128000
0.159,1,Feb 17 2024 02: +0,1708135200
0.162,1,Feb 17 2024 07: +0,1708153200
0.167,1,Feb 17 2024 08: +0,1708156800
0.167,1,Feb 17 2024 10: +0,1708164000
0.18,2,Feb 17 2024 13: +0,1708174800
0.154,3,Feb 17 2024 14: +0,1708178400
0.21,1,Feb 17 2024 15: +0,1708182000
0.211,2,Feb 17 2024 18: +0,1708192800
0.202,1,Feb 17 2024 19: +0,1708196400
0.069,1,Feb 17 2024 20: +0,1708200000
0.205,2,Feb 17 2024 21: +0,1708203600
0.214,1,Feb 17 2024 23: +0,1708210800
0.21,1,Feb 18 2024 00: +0,1708214400
0.21,2,Feb 18 2024 01: +0,1708218000
0.127,3,Feb 18 2024 06: +0,1708236000
0.153,1,Feb 18 2024 07: +0,1708239600
0.208,1,Feb 18 2024 14: +0,1708264800
0.237,1,Feb 18 2024 16: +0,1708272000
0.199,1,Feb 18 2024 17: +0,1708275600
0.292,1,Feb 18 2024 21: +0,1708290000
0.168,2,Feb 18 2024 23: +0,1708297200
0.168,4,Feb 19 2024 00: +0,1708300800
0.182,1,Feb 19 2024 03: +0,1708311600
0.163,1,Feb 19 2024 09: +0,1708333200
0.153,2,Feb 19 2024 14: +0,1708351200
0.17,3,Feb 19 2024 17: +0,1708362000
0.168,2,Feb 19 2024 18: +0,1708365600
0.195,2,Feb 19 2024 19: +0,1708369200
0.166,2,Feb 19 2024 21: +0,1708376400
0.166,2,Feb 20 2024 00: +0,1708387200
0.207,1,Feb 20 2024 04: +0,1708401600
0.195,1,Feb 20 2024 10: +0,1708423200
0.178,1,Feb 20 2024 15: +0,1708441200
0.142,1,Feb 20 2024 21: +0,1708462800
0.17,2,Feb 20 2024 22: +0,1708466400
0.138,1,Feb 21 2024 04: +0,1708488000
0.182,7,Feb 21 2024 09: +0,1708506000
0.154,2,Feb 21 2024 10: +0,1708509600
0.138,1,Feb 21 2024 14: +0,1708524000
0.18,1,Feb 21 2024 15: +0,1708527600
0.205,3,Feb 21 2024 16: +0,1708531200
0.152,1,Feb 21 2024 20: +0,1708545600
0.158,1,Feb 21 2024 21: +0,1708549200
0.179,1,Feb 21 2024 23: +0,1708556400
0.154,3,Feb 22 2024 00: +0,1708560000
0.162,1,Feb 22 2024 07: +0,1708585200
0.194,7,Feb 22 2024 10: +0,1708596000
0.17,1,Feb 22 2024 12: +0,1708603200
0.202,1,Feb 22 2024 13: +0,1708606800
0.205,1,Feb 22 2024 15: +0,1708614000
0.205,1,Feb 22 2024 18: +0,1708624800
0.188,1,Feb 22 2024 19: +0,1708628400
0.194,1,Feb 22 2024 23: +0,1708642800
0.196,3,Feb 23 2024 01: +0,1708650000
0.209,10,Feb 23 2024 02: +0,1708653600
0.215,1,Feb 23 2024 04: +0,1708660800
0.217,1,Feb 23 2024 09: +0,1708678800
0.208,2,Feb 23 2024 10: +0,1708682400
0.153,2,Feb 23 2024 13: +0,1708693200
0.169,1,Feb 23 2024 15: +0,1708700400
0.209,1,Feb 23 2024 18: +0,1708711200
0.147,1,Feb 23 2024 20: +0,1708718400
0.158,1,Feb 24 2024 07: +0,1708758000
0.158,1,Feb 24 2024 08: +0,1708761600
0.142,1,Feb 24 2024 09: +0,1708765200
0.154,2,Feb 24 2024 12: +0,1708776000
0.136,2,Feb 24 2024 14: +0,1708783200
0.169,1,Feb 24 2024 15: +0,1708786800
0.218,2,Feb 24 2024 17: +0,1708794000
0.256,1,Feb 24 2024 18: +0,1708797600
0.177,1,Feb 24 2024 19: +0,1708801200
0.211,2,Feb 24 2024 20: +0,1708804800
0.196,1,Feb 25 2024 00: +0,1708819200
0.205,1,Feb 25 2024 08: +0,1708848000
0.175,2,Feb 25 2024 10: +0,1708855200
0.206,1,Feb 25 2024 14: +0,1708869600
0.214,1,Feb 25 2024 16: +0,1708876800
0.183,1,Feb 25 2024 20: +0,1708891200
0.171,2,Feb 26 2024 11: +0,1708945200
0.201,2,Feb 26 2024 13: +0,1708952400
0.208,1,Feb 26 2024 15: +0,1708959600
0.196,1,Feb 26 2024 17: +0,1708966800
0.248,1,Feb 26 2024 18: +0,1708970400
0.197,1,Feb 26 2024 21: +0,1708981200
0.158,1,Feb 26 2024 22: +0,1708984800
0.197,1,Feb 26 2024 23: +0,1708988400
0.166,1,Feb 27 2024 03: +0,1709002800
0.158,1,Feb 27 2024 04: +0,1709006400
0.209,1,Feb 27 2024 05: +0,1709010000
0.147,1,Feb 27 2024 06: +0,1709013600
0.2,1,Feb 27 2024 10: +0,1709028000
0.19,1,Feb 27 2024 11: +0,1709031600
0.197,1,Feb 27 2024 13: +0,1709038800
0.198,1,Feb 27 2024 15: +0,1709046000
0.209,1,Feb 27 2024 16: +0,1709049600
0.214,1,Feb 27 2024 17: +0,1709053200
0.209,1,Feb 27 2024 18: +0,1709056800
0.158,3,Feb 27 2024 22: +0,1709071200
0.183,1,Feb 28 2024 02: +0,1709085600
0.21,1,Feb 28 2024 03: +0,1709089200
0.137,3,Feb 28 2024 06: +0,1709100000
0.148,1,Feb 28 2024 07: +0,1709103600
0.197,1,Feb 28 2024 11: +0,1709118000
0.134,1,Feb 28 2024 12: +0,1709121600
0.166,2,Feb 28 2024 13: +0,1709125200
0.217,2,Feb 28 2024 15: +0,1709132400
0.213,6,Feb 28 2024 16: +0,1709136000
0.213,5,Feb 28 2024 17: +0,1709139600
0.197,4,Feb 28 2024 18: +0,1709143200
0.215,4,Feb 28 2024 19: +0,1709146800
0.213,1,Feb 28 2024 20: +0,1709150400
0.209,2,Feb 28 2024 21: +0,1709154000
0.197,2,Feb 28 2024 22: +0,1709157600
0.19,1,Feb 28 2024 23: +0,1709161200
0.213,1,Feb 29 2024 00: +0,1709164800
0.213,4,Feb 29 2024 01: +0,1709168400
0.213,1,Feb 29 2024 02: +0,1709172000
0.213,1,Feb 29 2024 05: +0,1709182800
0.213,1,Feb 29 2024 10: +0,1709200800
0.226,1,Feb 29 2024 13: +0,1709211600
0.218,1,Feb 29 2024 15: +0,1709218800
0.228,1,Feb 29 2024 16: +0,1709222400
0.22,4,Feb 29 2024 18: +0,1709229600
0.236,1,Feb 29 2024 19: +0,1709233200
0.183,2,Feb 29 2024 21: +0,1709240400
0.134,1,Feb 29 2024 22: +0,1709244000
0.18,1,Feb 29 2024 23: +0,1709247600
0.181,1,Mar 01 2024 11: +0,1709290800
0.18,1,Mar 01 2024 12: +0,1709294400
0.158,1,Mar 01 2024 14: +0,1709301600
0.236,1,Mar 01 2024 15: +0,1709305200
0.182,1,Mar 01 2024 16: +0,1709308800
0.182,7,Mar 01 2024 17: +0,1709312400
0.183,2,Mar 01 2024 18: +0,1709316000
0.186,1,Mar 01 2024 19: +0,1709319600
0.181,1,Mar 01 2024 20: +0,1709323200
0.18,1,Mar 02 2024 01: +0,1709341200
0.182,2,Mar 02 2024 03: +0,1709348400
0.187,1,Mar 02 2024 04: +0,1709352000
0.186,1,Mar 02 2024 07: +0,1709362800
0.148,3,Mar 02 2024 08: +0,1709366400
0.236,1,Mar 02 2024 09: +0,1709370000
0.21,4,Mar 02 2024 11: +0,1709377200
0.148,1,Mar 02 2024 12: +0,1709380800
0.145,1,Mar 02 2024 14: +0,1709388000
0.146,1,Mar 02 2024 17: +0,1709398800
0.196,5,Mar 02 2024 18: +0,1709402400
0.152,1,Mar 02 2024 19: +0,1709406000
0.228,1,Mar 02 2024 20: +0,1709409600
0.211,3,Mar 02 2024 21: +0,1709413200
0.206,2,Mar 02 2024 22: +0,1709416800
0.153,3,Mar 02 2024 23: +0,1709420400
0.22,1,Mar 03 2024 00: +0,1709424000
0.218,2,Mar 03 2024 03: +0,1709434800
0.217,1,Mar 03 2024 06: +0,1709445600
0.218,1,Mar 03 2024 09: +0,1709456400
0.217,1,Mar 03 2024 10: +0,1709460000
0.212,2,Mar 03 2024 15: +0,1709478000
0.233,1,Mar 03 2024 19: +0,1709492400
0.199,2,Mar 03 2024 22: +0,1709503200
0.218,1,Mar 04 2024 07: +0,1709535600
0.218,1,Mar 04 2024 08: +0,1709539200
0.219,1,Mar 04 2024 09: +0,1709542800
0.156,2,Mar 04 2024 12: +0,1709553600
0.218,1,Mar 04 2024 13: +0,1709557200
0.211,1,Mar 04 2024 15: +0,1709564400
0.211,1,Mar 04 2024 17: +0,1709571600
0.22,1,Mar 04 2024 18: +0,1709575200
0.214,2,Mar 04 2024 19: +0,1709578800
0.156,1,Mar 04 2024 20: +0,1709582400
0.189,2,Mar 04 2024 21: +0,1709586000
0.391,1,Mar 04 2024 22: +0,1709589600
0.145,1,Mar 04 2024 23: +0,1709593200
0.219,1,Mar 05 2024 02: +0,1709604000
0.173,1,Mar 05 2024 08: +0,1709625600
0.158,1,Mar 05 2024 13: +0,1709643600
0.164,1,Mar 05 2024 15: +0,1709650800
0.185,1,Mar 05 2024 16: +0,1709654400
0.216,2,Mar 05 2024 17: +0,1709658000
0.164,1,Mar 05 2024 18: +0,1709661600
0.135,1,Mar 05 2024 20: +0,1709668800
0.212,1,Mar 05 2024 21: +0,1709672400
0.136,1,Mar 06 2024 02: +0,1709690400
0.206,1,Mar 06 2024 03: +0,1709694000
0.213,1,Mar 06 2024 07: +0,1709708400
0.203,1,Mar 06 2024 11: +0,1709722800
0.213,3,Mar 06 2024 13: +0,1709730000
0.212,4,Mar 06 2024 15: +0,1709737200
0.177,2,Mar 06 2024 18: +0,1709748000
0.156,1,Mar 06 2024 20: +0,1709755200
0.172,1,Mar 06 2024 21: +0,1709758800
0.197,2,Mar 06 2024 23: +0,1709766000
0.188,2,Mar 07 2024 01: +0,1709773200
0.213,1,Mar 07 2024 09: +0,1709802000
0.21,2,Mar 07 2024 11: +0,1709809200
0.205,1,Mar 07 2024 12: +0,1709812800
0.204,1,Mar 07 2024 16: +0,1709827200
0.159,2,Mar 07 2024 18: +0,1709834400
0.17,3,Mar 07 2024 19: +0,1709838000
0.203,6,Mar 07 2024 20: +0,1709841600
0.164,1,Mar 07 2024 21: +0,1709845200
0.175,1,Mar 08 2024 00: +0,1709856000
0.164,1,Mar 08 2024 02: +0,1709863200
0.189,2,Mar 08 2024 08: +0,1709884800
0.184,2,Mar 08 2024 09: +0,1709888400
0.193,2,Mar 08 2024 10: +0,1709892000
0.2,1,Mar 08 2024 12: +0,1709899200
0.206,1,Mar 08 2024 15: +0,1709910000
0.192,2,Mar 08 2024 16: +0,1709913600
0.199,1,Mar 08 2024 17: +0,1709917200
0.213,1,Mar 08 2024 18: +0,1709920800
0.169,2,Mar 08 2024 19: +0,1709924400
0.204,1,Mar 08 2024 20: +0,1709928000
0.171,1,Mar 08 2024 23: +0,1709938800
0.141,1,Mar 09 2024 02: +0,1709949600
0.202,1,Mar 09 2024 09: +0,1709974800
0.203,1,Mar 09 2024 11: +0,1709982000
0.154,1,Mar 09 2024 14: +0,1709992800
0.173,1,Mar 09 2024 17: +0,1710003600
0.184,2,Mar 09 2024 18: +0,1710007200
0.171,6,Mar 09 2024 19: +0,1710010800
0.187,2,Mar 09 2024 20: +0,1710014400
0.214,1,Mar 09 2024 21: +0,1710018000
0.172,1,Mar 09 2024 22: +0,1710021600
0.195,1,Mar 10 2024 01: +0,1710032400
0.133,1,Mar 10 2024 02: +0,1710036000
0.171,1,Mar 10 2024 03: +0,1710039600
0.179,1,Mar 10 2024 09: +0,1710061200
0.179,1,Mar 10 2024 11: +0,1710068400
0.17,1,Mar 10 2024 12: +0,1710072000
0.209,2,Mar 10 2024 15: +0,1710082800
0.2,2,Mar 10 2024 19: +0,1710097200
0.197,1,Mar 10 2024 22: +0,1710108000
0.197,1,Mar 11 2024 03: +0,1710126000
0.238,1,Mar 11 2024 04: +0,1710129600
0.196,1,Mar 11 2024 05: +0,1710133200
0.188,2,Mar 11 2024 12: +0,1710158400
0.196,4,Mar 11 2024 13: +0,1710162000
0.201,2,Mar 11 2024 15: +0,1710169200
0.175,5,Mar 11 2024 16: +0,1710172800
0.207,2,Mar 11 2024 17: +0,1710176400
0.195,1,Mar 11 2024 19: +0,1710183600
0.213,1,Mar 12 2024 01: +0,1710205200
0.221,1,Mar 12 2024 02: +0,1710208800
0.213,1,Mar 12 2024 03: +0,1710212400
0.217,1,Mar 12 2024 13: +0,1710248400
0.224,1,Mar 12 2024 15: +0,1710255600
0.208,1,Mar 12 2024 17: +0,1710262800
0.207,2,Mar 12 2024 18: +0,1710266400
0.25,1,Mar 12 2024 19: +0,1710270000
0.166,1,Mar 12 2024 23: +0,1710284400
0.193,2,Mar 13 2024 04: +0,1710302400
0.196,1,Mar 13 2024 05: +0,1710306000
0.211,2,Mar 13 2024 06: +0,1710309600
0.223,1,Mar 13 2024 07: +0,1710313200
0.208,1,Mar 13 2024 12: +0,1710331200
0.18,1,Mar 13 2024 14: +0,1710338400
0.213,1,Mar 13 2024 15: +0,1710342000
0.189,2,Mar 13 2024 17: +0,1710349200
0.232,1,Mar 13 2024 18: +0,1710352800
0.15,1,Mar 13 2024 21: +0,1710363600
0.221,1,Mar 14 2024 00: +0,1710374400
0.222,1,Mar 14 2024 07: +0,1710399600
0.189,1,Mar 14 2024 08: +0,1710403200
0.204,2,Mar 14 2024 12: +0,1710417600
0.207,1,Mar 14 2024 13: +0,1710421200
0.197,3,Mar 14 2024 15: +0,1710428400
0.203,2,Mar 14 2024 16: +0,1710432000
0.204,2,Mar 14 2024 17: +0,1710435600
0.181,2,Mar 14 2024 19: +0,1710442800
0.198,1,Mar 14 2024 20: +0,1710446400
0.182,3,Mar 14 2024 21: +0,1710450000
0.221,2,Mar 14 2024 23: +0,1710457200
0.176,1,Mar 15 2024 01: +0,1710464400
0.126,1,Mar 15 2024 09: +0,1710493200
0.17,1,Mar 15 2024 13: +0,1710507600
0.175,2,Mar 15 2024 17: +0,1710522000
0.181,2,Mar 15 2024 18: +0,1710525600
0.197,3,Mar 15 2024 22: +0,1710540000
0.199,1,Mar 16 2024 02: +0,1710554400
0.19,2,Mar 16 2024 03: +0,1710558000
0.197,1,Mar 16 2024 07: +0,1710572400
0.229,1,Mar 16 2024 14: +0,1710597600
0.187,1,Mar 16 2024 15: +0,1710601200
0.181,1,Mar 16 2024 17: +0,1710608400
0.197,2,Mar 16 2024 18: +0,1710612000
0.187,2,Mar 16 2024 19: +0,1710615600
0.197,1,Mar 16 2024 20: +0,1710619200
0.196,2,Mar 16 2024 22: +0,1710626400
0.171,1,Mar 17 2024 04: +0,1710648000
0.187,2,Mar 17 2024 09: +0,1710666000
0.181,2,Mar 17 2024 10: +0,1710669600
0.102,1,Mar 17 2024 11: +0,1710673200
0.158,1,Mar 17 2024 12: +0,1710676800
0.199,1,Mar 17 2024 17: +0,1710694800
0.171,1,Mar 17 2024 18: +0,1710698400
0.197,2,Mar 17 2024 20: +0,1710705600
0.177,1,Mar 17 2024 22: +0,1710712800
0.199,1,Mar 18 2024 08: +0,1710748800
0.158,1,Mar 18 2024 11: +0,1710759600
0.19,1,Mar 18 2024 12: +0,1710763200
0.188,1,Mar 18 2024 13: +0,1710766800
0.198,3,Mar 18 2024 17: +0,1710781200
0.194,2,Mar 18 2024 19: +0,1710788400
0.17,2,Mar 18 2024 21: +0,1710795600
0.206,1,Mar 19 2024 08: +0,1710835200
0.187,1,Mar 19 2024 13: +0,1710853200
0.168,1,Mar 19 2024 17: +0,1710867600
0.194,2,Mar 19 2024 18: +0,1710871200
0.207,1,Mar 19 2024 19: +0,1710874800
0.24,1,Mar 19 2024 20: +0,1710878400
0.161,2,Mar 19 2024 21: +0,1710882000
0.197,1,Mar 20 2024 00: +0,1710892800
0.194,1,Mar 20 2024 02: +0,1710900000
0.2,1,Mar 20 2024 03: +0,1710903600
0.184,1,Mar 20 2024 09: +0,1710925200
0.127,1,Mar 20 2024 11: +0,1710932400
0.182,1,Mar 20 2024 12: +0,1710936000
0.194,1,Mar 20 2024 13: +0,1710939600
0.198,1,Mar 20 2024 16: +0,1710950400
0.188,2,Mar 20 2024 18: +0,1710957600
0.182,2,Mar 20 2024 19: +0,1710961200
0.198,1,Mar 20 2024 20: +0,1710964800
0.204,1,Mar 20 2024 21: +0,1710968400
0.214,1,Mar 20 2024 22: +0,1710972000
0.187,1,Mar 21 2024 01: +0,1710982800
0.162,2,Mar 21 2024 02: +0,1710986400
0.182,1,Mar 21 2024 04: +0,1710993600
0.189,2,Mar 21 2024 05: +0,1710997200
0.219,1,Mar 21 2024 07: +0,1711004400
0.2,1,Mar 21 2024 11: +0,1711018800
0.188,3,Mar 21 2024 12: +0,1711022400
0.209,2,Mar 21 2024 15: +0,1711033200
0.188,1,Mar 21 2024 16: +0,1711036800
0.223,1,Mar 21 2024 17: +0,1711040400
0.256,1,Mar 21 2024 19: +0,1711047600
0.182,1,Mar 21 2024 23: +0,1711062000
0.223,2,Mar 22 2024 00: +0,1711065600
0.189,1,Mar 22 2024 05: +0,1711083600
0.164,1,Mar 22 2024 08: +0,1711094400
0.172,2,Mar 22 2024 09: +0,1711098000
0.169,1,Mar 22 2024 17: +0,1711126800
0.224,1,Mar 22 2024 18: +0,1711130400
0.283,1,Mar 22 2024 19: +0,1711134000
0.222,1,Mar 22 2024 23: +0,1711148400
0.203,1,Mar 23 2024 04: +0,1711166400
0.221,1,Mar 23 2024 05: +0,1711170000
0.22,1,Mar 23 2024 08: +0,1711180800
0.403,1,Mar 23 2024 10: +0,1711188000
0.263,1,Mar 23 2024 13: +0,1711198800
0.248,1,Mar 23 2024 15: +0,1711206000
0.192,2,Mar 23 2024 17: +0,1711213200
0.23,1,Mar 23 2024 18: +0,1711216800
0.208,2,Mar 23 2024 19: +0,1711220400
0.237,1,Mar 23 2024 21: +0,1711227600
0.189,2,Mar 23 2024 23: +0,1711234800
0.175,1,Mar 24 2024 05: +0,1711256400
0.238,1,Mar 24 2024 10: +0,1711274400
0.18,1,Mar 24 2024 13: +0,1711285200
0.206,1,Mar 24 2024 14: +0,1711288800
0.212,1,Mar 24 2024 15: +0,1711292400
0.18,1,Mar 24 2024 17: +0,1711299600
0.18,1,Mar 24 2024 18: +0,1711303200
0.185,3,Mar 24 2024 19: +0,1711306800
0.23,1,Mar 24 2024 21: +0,1711314000
0.168,2,Mar 25 2024 01: +0,1711328400
0.232,1,Mar 25 2024 10: +0,1711360800
0.232,1,Mar 25 2024 11: +0,1711364400
0.231,1,Mar 25 2024 12: +0,1711368000
0.23,1,Mar 25 2024 15: +0,1711378800
0.179,1,Mar 25 2024 16: +0,1711382400
0.23,1,Mar 25 2024 17: +0,1711386000
0.18,2,Mar 25 2024 19: +0,1711393200
0.135,1,Mar 25 2024 22: +0,1711404000
0.179,2,Mar 26 2024 00: +0,1711411200
0.182,1,Mar 26 2024 02: +0,1711418400
0.182,2,Mar 26 2024 06: +0,1711432800
0.211,2,Mar 26 2024 10: +0,1711447200
0.23,1,Mar 26 2024 12: +0,1711454400
0.171,2,Mar 26 2024 15: +0,1711465200
0.177,1,Mar 26 2024 17: +0,1711472400
0.178,1,Mar 26 2024 20: +0,1711483200
0.179,1,Mar 27 2024 04: +0,1711512000
0.222,1,Mar 27 2024 12: +0,1711540800
0.226,1,Mar 27 2024 14: +0,1711548000
0.194,2,Mar 27 2024 18: +0,1711562400
0.178,1,Mar 27 2024 22: +0,1711576800
0.166,1,Mar 28 2024 05: +0,1711602000
0.193,1,Mar 28 2024 10: +0,1711620000
0.201,1,Mar 28 2024 12: +0,1711627200
0.175,1,Mar 28 2024 15: +0,1711638000
0.15,1,Mar 28 2024 17: +0,1711645200
0.158,2,Mar 28 2024 18: +0,1711648800
0.21,1,Mar 28 2024 20: +0,1711656000
0.116,1,Mar 29 2024 02: +0,1711677600
0.2,1,Mar 29 2024 05: +0,1711688400
0.224,1,Mar 29 2024 06: +0,1711692000
0.1,1,Mar 29 2024 07: +0,1711695600
0.208,1,Mar 29 2024 10: +0,1711706400
0.17,1,Mar 29 2024 11: +0,1711710000
0.157,2,Mar 29 2024 12: +0,1711713600
0.178,2,Mar 29 2024 14: +0,1711720800
0.225,2,Mar 29 2024 16: +0,1711728000
0.166,1,Mar 29 2024 17: +0,1711731600
0.166,1,Mar 29 2024 18: +0,1711735200
0.222,1,Mar 29 2024 19: +0,1711738800
0.223,2,Mar 30 2024 02: +0,1711764000
0.216,1,Mar 30 2024 03: +0,1711767600
0.225,1,Mar 30 2024 05: +0,1711774800
0.175,1,Mar 30 2024 10: +0,1711792800
0.194,1,Mar 30 2024 13: +0,1711803600
0.23,1,Mar 30 2024 14: +0,1711807200
0.185,2,Mar 30 2024 15: +0,1711810800
0.172,1,Mar 30 2024 17: +0,1711818000
0.172,3,Mar 30 2024 18: +0,1711821600
0.175,1,Mar 30 2024 19: +0,1711825200
0.186,1,Mar 30 2024 20: +0,1711828800
0.221,1,Mar 30 2024 22: +0,1711836000
0.171,1,Mar 31 2024 03: +0,1711850400
0.181,1,Mar 31 2024 06: +0,1711861200
0.186,1,Mar 31 2024 07: +0,1711864800
0.175,1,Mar 31 2024 08: +0,1711868400
0.196,1,Mar 31 2024 10: +0,1711875600
0.196,1,Mar 31 2024 14: +0,1711890000
0.179,1,Mar 31 2024 17: +0,1711900800
0.196,3,Mar 31 2024 20: +0,1711911600
0.222,1,Apr 01 2024 00: +0,1711926000
0.18,4,Apr 01 2024 05: +0,1711944000
0.221,3,Apr 01 2024 07: +0,1711951200
0.221,1,Apr 01 2024 09: +0,1711958400
0.349,1,Apr 01 2024 10: +0,1711962000
0.18,1,Apr 01 2024 12: +0,1711969200
0.189,1,Apr 01 2024 14: +0,1711976400
0.175,1,Apr 01 2024 16: +0,1711983600
0.204,2,Apr 01 2024 18: +0,1711990800
0.195,2,Apr 01 2024 21: +0,1712001600
0.208,1,Apr 02 2024 01: +0,1712016000
0.197,1,Apr 02 2024 08: +0,1712041200
0.191,1,Apr 02 2024 09: +0,1712044800
0.196,1,Apr 02 2024 10: +0,1712048400
0.224,1,Apr 02 2024 11: +0,1712052000
0.199,1,Apr 02 2024 15: +0,1712066400
0.166,1,Apr 02 2024 16: +0,1712070000
0.221,1,Apr 02 2024 17: +0,1712073600
0.171,1,Apr 02 2024 19: +0,1712080800
0.197,1,Apr 02 2024 20: +0,1712084400
0.198,2,Apr 02 2024 22: +0,1712091600
0.197,1,Apr 03 2024 05: +0,1712116800
0.189,1,Apr 03 2024 07: +0,1712124000
0.203,10,Apr 03 2024 09: +0,1712131200
0.185,2,Apr 03 2024 10: +0,1712134800
0.179,1,Apr 03 2024 11: +0,1712138400
0.209,1,Apr 03 2024 13: +0,1712145600
0.18,1,Apr 03 2024 16: +0,1712156400
0.18,1,Apr 03 2024 18: +0,1712163600
0.221,2,Apr 03 2024 19: +0,1712167200
0.198,1,Apr 03 2024 20: +0,1712170800
0.187,2,Apr 03 2024 22: +0,1712178000
0.134,1,Apr 04 2024 01: +0,1712188800
0.165,1,Apr 04 2024 02: +0,1712192400
0.167,1,Apr 04 2024 05: +0,1712203200
0.219,1,Apr 04 2024 10: +0,1712221200
0.189,1,Apr 04 2024 17: +0,1712246400
0.188,1,Apr 04 2024 18: +0,1712250000
0.16,1,Apr 04 2024 21: +0,1712260800
0.214,3,Apr 04 2024 23: +0,1712268000
0.221,1,Apr 05 2024 03: +0,1712282400
0.191,1,Apr 05 2024 07: +0,1712296800
0.222,1,Apr 05 2024 09: +0,1712304000
0.202,1,Apr 05 2024 14: +0,1712322000
0.308,2,Apr 05 2024 16: +0,1712329200
0.199,2,Apr 05 2024 22: +0,1712350800
0.224,1,Apr 06 2024 07: +0,1712383200
0.224,1,Apr 06 2024 11: +0,1712397600
0.224,1,Apr 06 2024 14: +0,1712408400
0.215,1,Apr 06 2024 21: +0,1712433600
0.225,1,Apr 07 2024 02: +0,1712451600
0.169,1,Apr 07 2024 08: +0,1712473200
0.212,1,Apr 07 2024 10: +0,1712480400
0.217,1,Apr 07 2024 15: +0,1712498400
0.208,1,Apr 07 2024 18: +0,1712509200
0.224,1,Apr 07 2024 20: +0,1712516400
0.205,1,Apr 07 2024 22: +0,1712523600
0.208,1,Apr 07 2024 23: +0,1712527200
0.178,1,Apr 08 2024 00: +0,1712530800
0.225,1,Apr 08 2024 02: +0,1712538000
0.212,1,Apr 08 2024 08: +0,1712559600
0.174,1,Apr 08 2024 15: +0,1712584800
0.179,2,Apr 08 2024 21: +0,1712606400
0.18,3,Apr 09 2024 11: +0,1712656800
0.2,1,Apr 09 2024 12: +0,1712660400
0.2,2,Apr 09 2024 13: +0,1712664000
0.169,1,Apr 09 2024 15: +0,1712671200
0.185,1,Apr 09 2024 21: +0,1712692800
0.202,1,Apr 09 2024 23: +0,1712700000
0.181,1,Apr 10 2024 00: +0,1712703600
0.169,1,Apr 10 2024 01: +0,1712707200
0.2,1,Apr 10 2024 07: +0,1712728800
0.201,1,Apr 10 2024 13: +0,1712750400
0.168,1,Apr 10 2024 14: +0,1712754000
0.177,1,Apr 10 2024 17: +0,1712764800
0.201,1,Apr 10 2024 19: +0,1712772000
0.188,2,Apr 10 2024 20: +0,1712775600
0.209,11,Apr 10 2024 21: +0,1712779200
0.225,1,Apr 10 2024 22: +0,1712782800
0.212,1,Apr 11 2024 13: +0,1712836800
0.207,1,Apr 11 2024 17: +0,1712851200
0.176,1,Apr 11 2024 18: +0,1712854800
0.208,1,Apr 11 2024 19: +0,1712858400
0.2,1,Apr 11 2024 21: +0,1712865600
0.208,1,Apr 12 2024 00: +0,1712876400
0.185,1,Apr 12 2024 07: +0,1712901600
0.175,1,Apr 12 2024 09: +0,1712908800
0.209,1,Apr 12 2024 10: +0,1712912400
0.201,1,Apr 12 2024 13: +0,1712923200
0.222,1,Apr 12 2024 15: +0,1712930400
0.349,1,Apr 12 2024 17: +0,1712937600
0.156,1,Apr 12 2024 19: +0,1712944800
0.201,1,Apr 12 2024 22: +0,1712955600
0.211,1,Apr 12 2024 23: +0,1712959200
0.223,1,Apr 13 2024 01: +0,1712966400
0.209,1,Apr 13 2024 06: +0,1712984400
0.157,1,Apr 13 2024 07: +0,1712988000
0.158,1,Apr 13 2024 09: +0,1712995200
0.222,3,Apr 13 2024 10: +0,1712998800
0.196,1,Apr 13 2024 11: +0,1713002400
0.154,1,Apr 13 2024 17: +0,1713024000
0.218,3,Apr 13 2024 20: +0,1713034800
0.171,1,Apr 13 2024 21: +0,1713038400
0.221,1,Apr 13 2024 22: +0,1713042000
0.201,1,Apr 13 2024 23: +0,1713045600
0.145,1,Apr 14 2024 00: +0,1713049200
0.206,1,Apr 14 2024 03: +0,1713060000
0.157,2,Apr 14 2024 04: +0,1713063600
0.207,1,Apr 14 2024 07: +0,1713074400
0.205,1,Apr 14 2024 12: +0,1713092400
0.206,1,Apr 14 2024 14: +0,1713099600
0.215,2,Apr 14 2024 16: +0,1713106800
0.205,1,Apr 14 2024 18: +0,1713114000
0.184,2,Apr 14 2024 19: +0,1713117600
0.205,1,Apr 14 2024 21: +0,1713124800
0.221,1,Apr 14 2024 22: +0,1713128400
0.225,1,Apr 14 2024 23: +0,1713132000
0.161,1,Apr 15 2024 00: +0,1713135600
0.188,1,Apr 15 2024 09: +0,1713168000
0.186,1,Apr 15 2024 11: +0,1713175200
0.203,1,Apr 15 2024 12: +0,1713178800
0.145,1,Apr 15 2024 19: +0,1713204000
0.197,1,Apr 15 2024 22: +0,1713214800
0.169,1,Apr 16 2024 07: +0,1713247200
0.169,1,Apr 16 2024 10: +0,1713258000
0.192,8,Apr 16 2024 15: +0,1713276000
0.147,1,Apr 16 2024 19: +0,1713290400
0.221,1,Apr 16 2024 20: +0,1713294000
0.201,7,Apr 16 2024 21: +0,1713297600
0.168,1,Apr 16 2024 22: +0,1713301200
0.215,1,Apr 17 2024 04: +0,1713322800
0.394,1,Apr 17 2024 09: +0,1713340800
0.214,1,Apr 17 2024 13: +0,1713355200
0.215,1,Apr 17 2024 16: +0,1713366000
0.198,2,Apr 17 2024 17: +0,1713369600
0.161,1,Apr 17 2024 19: +0,1713376800
0.169,1,Apr 17 2024 20: +0,1713380400
0.196,1,Apr 17 2024 21: +0,1713384000
0.205,1,Apr 17 2024 22: +0,1713387600
0.205,1,Apr 18 2024 00: +0,1713394800
0.169,1,Apr 18 2024 02: +0,1713402000
0.161,1,Apr 18 2024 06: +0,1713416400
0.185,1,Apr 18 2024 09: +0,1713427200
0.161,2,Apr 18 2024 11: +0,1713434400
0.157,2,Apr 18 2024 15: +0,1713448800
0.2,2,Apr 18 2024 17: +0,1713456000
0.194,1,Apr 18 2024 18: +0,1713459600
0.203,1,Apr 18 2024 19: +0,1713463200
0.188,2,Apr 18 2024 21: +0,1713470400
0.155,1,Apr 19 2024 04: +0,1713495600
0.161,3,Apr 19 2024 06: +0,1713502800
0.161,1,Apr 19 2024 07: +0,1713506400
0.189,1,Apr 19 2024 15: +0,1713535200
0.174,1,Apr 19 2024 16: +0,1713538800
0.188,1,Apr 19 2024 21: +0,1713556800
0.171,1,Apr 19 2024 23: +0,1713564000
0.171,1,Apr 20 2024 00: +0,1713567600
0.04,1,Apr 20 2024 01: +0,1713571200
0.176,1,Apr 20 2024 04: +0,1713582000
0.185,1,Apr 20 2024 07: +0,1713592800
0.098,1,Apr 20 2024 13: +0,1713614400
0.175,2,Apr 20 2024 14: +0,1713618000
0.184,2,Apr 20 2024 16: +0,1713625200
0.19,1,Apr 20 2024 20: +0,1713639600
0.205,1,Apr 20 2024 23: +0,1713650400
0.188,1,Apr 21 2024 03: +0,1713664800
0.195,1,Apr 21 2024 04: +0,1713668400
0.199,1,Apr 21 2024 05: +0,1713672000
0.164,1,Apr 21 2024 08: +0,1713682800
0.189,1,Apr 21 2024 12: +0,1713697200
0.203,1,Apr 21 2024 13: +0,1713700800
0.185,3,Apr 21 2024 18: +0,1713718800
0.152,2,Apr 21 2024 22: +0,1713733200
0.183,1,Apr 22 2024 04: +0,1713754800
0.175,2,Apr 22 2024 08: +0,1713769200
0.183,1,Apr 22 2024 12: +0,1713783600
0.187,1,Apr 22 2024 15: +0,1713794400
0.2,3,Apr 22 2024 18: +0,1713805200
0.187,1,Apr 22 2024 20: +0,1713812400
0.195,1,Apr 22 2024 21: +0,1713816000
0.192,1,Apr 22 2024 23: +0,1713823200
0.187,1,Apr 23 2024 01: +0,1713830400
0.186,1,Apr 23 2024 02: +0,1713834000
0.19,1,Apr 23 2024 03: +0,1713837600
0.204,1,Apr 23 2024 05: +0,1713844800
0.204,1,Apr 23 2024 11: +0,1713866400
0.174,3,Apr 23 2024 12: +0,1713870000
0.18,2,Apr 23 2024 15: +0,1713880800
0.2,1,Apr 23 2024 17: +0,1713888000
0.176,1,Apr 23 2024 21: +0,1713902400
0.391,1,Apr 23 2024 22: +0,1713906000
0.173,1,Apr 24 2024 03: +0,1713924000
0.201,1,Apr 24 2024 09: +0,1713945600
0.191,1,Apr 24 2024 11: +0,1713952800
0.157,1,Apr 24 2024 13: +0,1713960000
0.209,2,Apr 24 2024 14: +0,1713963600
0.165,1,Apr 24 2024 15: +0,1713967200
0.187,1,Apr 24 2024 17: +0,1713974400
0.192,1,Apr 24 2024 18: +0,1713978000
0.169,4,Apr 24 2024 19: +0,1713981600
0.168,2,Apr 24 2024 20: +0,1713985200
0.19,1,Apr 25 2024 01: +0,1714003200
0.196,1,Apr 25 2024 11: +0,1714039200
0.201,1,Apr 25 2024 15: +0,1714053600
0.191,1,Apr 25 2024 18: +0,1714064400
0.202,3,Apr 25 2024 20: +0,1714071600
0.192,1,Apr 26 2024 02: +0,1714093200
0.196,1,Apr 26 2024 09: +0,1714118400
0.163,2,Apr 26 2024 15: +0,1714140000
0.175,1,Apr 26 2024 17: +0,1714147200
0.161,1,Apr 26 2024 19: +0,1714154400
0.183,2,Apr 27 2024 00: +0,1714172400
0.184,1,Apr 27 2024 06: +0,1714194000
0.163,2,Apr 27 2024 11: +0,1714212000
0.129,2,Apr 27 2024 15: +0,1714226400
0.149,1,Apr 27 2024 17: +0,1714233600
0.14,1,Apr 27 2024 20: +0,1714244400
0.184,1,Apr 27 2024 21: +0,1714248000
0.179,1,Apr 27 2024 22: +0,1714251600
0.138,1,Apr 28 2024 01: +0,1714262400
0.15,2,Apr 28 2024 02: +0,1714266000
0.192,1,Apr 28 2024 03: +0,1714269600
0.128,1,Apr 28 2024 05: +0,1714276800
0.18,1,Apr 28 2024 08: +0,1714287600
0.128,1,Apr 28 2024 11: +0,1714298400
0.177,1,Apr 28 2024 13: +0,1714305600
0.186,2,Apr 28 2024 15: +0,1714312800
0.185,1,Apr 28 2024 16: +0,1714316400
0.184,3,Apr 28 2024 19: +0,1714327200
0.18,4,Apr 28 2024 20: +0,1714330800
0.098,1,Apr 28 2024 21: +0,1714334400
0.158,1,Apr 28 2024 23: +0,1714341600
0.19,1,Apr 29 2024 05: +0,1714363200
0.191,1,Apr 29 2024 08: +0,1714374000
0.146,1,Apr 29 2024 10: +0,1714381200
0.173,1,Apr 29 2024 12: +0,1714388400
0.172,3,Apr 29 2024 18: +0,1714410000
0.182,1,Apr 29 2024 19: +0,1714413600
0.165,1,Apr 30 2024 04: +0,1714446000
0.168,1,Apr 30 2024 05: +0,1714449600
0.146,1,Apr 30 2024 07: +0,1714456800
0.156,1,Apr 30 2024 15: +0,1714485600
0.168,1,Apr 30 2024 17: +0,1714492800
0.179,1,Apr 30 2024 19: +0,1714500000
0.16,1,Apr 30 2024 21: +0,1714507200
0.162,1,May 01 2024 01: +0,1714521600
0.197,1,May 01 2024 05: +0,1714536000
0.144,1,May 01 2024 09: +0,1714550400
0.153,1,May 01 2024 11: +0,1714557600
0.128,1,May 01 2024 12: +0,1714561200
0.168,1,May 01 2024 13: +0,1714564800
0.14,1,May 01 2024 17: +0,1714579200
0.156,1,May 01 2024 18: +0,1714582800
0.144,1,May 01 2024 20: +0,1714590000
0.152,3,May 01 2024 22: +0,1714597200
0.152,1,May 02 2024 06: +0,1714626000
0.148,2,May 02 2024 08: +0,1714633200
0.173,1,May 02 2024 10: +0,1714640400
0.16,1,May 02 2024 11: +0,1714644000
0.158,1,May 02 2024 14: +0,1714654800
0.152,2,May 02 2024 15: +0,1714658400
0.154,2,May 02 2024 16: +0,1714662000
0.173,2,May 02 2024 18: +0,1714669200
0.182,1,May 03 2024 10: +0,1714726800
0.158,2,May 03 2024 12: +0,1714734000
0.167,1,May 03 2024 13: +0,1714737600
0.152,3,May 03 2024 15: +0,1714744800
0.169,1,May 03 2024 17: +0,1714752000
0.165,1,May 03 2024 19: +0,1714759200
0.157,2,May 03 2024 22: +0,1714770000
0.168,1,May 04 2024 05: +0,1714795200
0.165,1,May 04 2024 07: +0,1714802400
0.152,1,May 04 2024 08: +0,1714806000
0.166,1,May 04 2024 11: +0,1714816800
0.181,1,May 04 2024 18: +0,1714842000
0.154,2,May 04 2024 19: +0,1714845600
0.129,2,May 04 2024 20: +0,1714849200
0.152,3,May 04 2024 21: +0,1714852800
0.136,2,May 04 2024 22: +0,1714856400
0.16,1,May 04 2024 23: +0,1714860000
0.16,1,May 05 2024 07: +0,1714888800
0.16,1,May 05 2024 08: +0,1714892400
0.152,1,May 05 2024 13: +0,1714910400
0.184,1,May 05 2024 15: +0,1714917600
0.158,1,May 05 2024 16: +0,1714921200
0.152,1,May 05 2024 17: +0,1714924800
0.148,1,May 05 2024 21: +0,1714939200
0.164,1,May 06 2024 11: +0,1714989600
0.167,1,May 06 2024 14: +0,1715000400
0.165,2,May 06 2024 17: +0,1715011200
0.165,1,May 06 2024 20: +0,1715022000
0.158,1,May 07 2024 03: +0,1715047200
0.153,1,May 07 2024 14: +0,1715086800
0.155,2,May 07 2024 19: +0,1715104800
0.14,2,May 07 2024 20: +0,1715108400
0.15,1,May 07 2024 22: +0,1715115600
0.139,2,May 07 2024 23: +0,1715119200
0.16,2,May 08 2024 03: +0,1715133600
0.167,1,May 08 2024 04: +0,1715137200
0.171,1,May 08 2024 05: +0,1715140800
0.144,1,May 08 2024 06: +0,1715144400
0.147,1,May 08 2024 08: +0,1715151600
0.169,2,May 08 2024 12: +0,1715166000
0.143,1,May 08 2024 15: +0,1715176800
0.169,1,May 08 2024 18: +0,1715187600
0.164,4,May 08 2024 19: +0,1715191200
0.181,1,May 08 2024 20: +0,1715194800
0.182,1,May 08 2024 22: +0,1715202000
0.164,1,May 08 2024 23: +0,1715205600
0.166,1,May 09 2024 00: +0,1715209200
0.141,1,May 09 2024 06: +0,1715230800
0.182,1,May 09 2024 10: +0,1715245200
0.145,2,May 09 2024 13: +0,1715256000
0.192,1,May 09 2024 14: +0,1715259600
0.144,1,May 09 2024 15: +0,1715263200
0.179,2,May 09 2024 18: +0,1715274000
0.158,1,May 09 2024 22: +0,1715288400
0.166,1,May 09 2024 23: +0,1715292000
0.167,1,May 10 2024 02: +0,1715302800
0.176,2,May 10 2024 09: +0,1715328000
0.2,1,May 10 2024 11: +0,1715335200
0.16,2,May 10 2024 13: +0,1715342400
0.179,1,May 10 2024 15: +0,1715349600
0.164,2,May 10 2024 17: +0,1715356800
0.153,1,May 10 2024 18: +0,1715360400
0.18,2,May 10 2024 20: +0,1715367600
0.187,2,May 10 2024 22: +0,1715374800
0.145,1,May 11 2024 08: +0,1715410800
0.178,2,May 11 2024 14: +0,1715432400
0.195,1,May 11 2024 15: +0,1715436000
0.18,1,May 11 2024 16: +0,1715439600
0.15,1,May 11 2024 21: +0,1715457600
0.142,1,May 11 2024 22: +0,1715461200
0.139,1,May 12 2024 00: +0,1715468400
0.161,1,May 12 2024 04: +0,1715482800
0.178,2,May 12 2024 08: +0,1715497200
0.161,1,May 12 2024 11: +0,1715508000
0.16,1,May 12 2024 12: +0,1715511600
0.242,2,May 12 2024 15: +0,1715522400
0.196,1,May 12 2024 16: +0,1715526000
0.187,2,May 12 2024 20: +0,1715540400
0.158,1,May 12 2024 23: +0,1715551200
0.158,1,May 13 2024 03: +0,1715565600
0.15,3,May 13 2024 06: +0,1715576400
0.164,1,May 13 2024 07: +0,1715580000
0.169,1,May 13 2024 11: +0,1715594400
0.166,1,May 13 2024 12: +0,1715598000
0.185,2,May 13 2024 13: +0,1715601600
0.2,1,May 13 2024 16: +0,1715612400
0.171,1,May 13 2024 17: +0,1715616000
0.182,1,May 13 2024 20: +0,1715626800
0.195,1,May 13 2024 21: +0,1715630400
0.197,1,May 14 2024 02: +0,1715648400
0.199,1,May 14 2024 03: +0,1715652000
0.197,1,May 14 2024 12: +0,1715684400
0.166,3,May 14 2024 14: +0,1715691600
0.158,1,May 14 2024 17: +0,1715702400
0.198,1,May 14 2024 22: +0,1715720400
0.198,1,May 15 2024 07: +0,1715752800
0.198,2,May 15 2024 12: +0,1715770800
0.196,1,May 15 2024 14: +0,1715778000
0.201,2,May 15 2024 15: +0,1715781600
0.196,1,May 15 2024 17: +0,1715788800
0.205,1,May 15 2024 20: +0,1715799600
0.191,2,May 15 2024 23: +0,1715810400
0.15,1,May 16 2024 00: +0,1715814000
0.161,1,May 16 2024 10: +0,1715850000
0.182,1,May 16 2024 14: +0,1715864400
0.119,1,May 16 2024 17: +0,1715875200
0.175,1,May 16 2024 18: +0,1715878800
0.134,1,May 16 2024 19: +0,1715882400
0.199,1,May 16 2024 20: +0,1715886000
0.155,1,May 16 2024 21: +0,1715889600
0.198,1,May 16 2024 22: +0,1715893200
0.179,2,May 17 2024 00: +0,1715900400
0.159,1,May 17 2024 05: +0,1715918400
0.166,1,May 17 2024 07: +0,1715925600
0.171,1,May 17 2024 12: +0,1715943600
0.165,2,May 17 2024 13: +0,1715947200
0.162,1,May 17 2024 14: +0,1715950800
0.153,4,May 17 2024 15: +0,1715954400
0.184,11,May 17 2024 16: +0,1715958000
0.165,1,May 17 2024 17: +0,1715961600
0.17,1,May 17 2024 20: +0,1715972400
0.206,1,May 17 2024 21: +0,1715976000
0.17,3,May 17 2024 22: +0,1715979600
0.149,1,May 18 2024 02: +0,1715994000
0.154,2,May 18 2024 04: +0,1716001200
0.184,1,May 18 2024 07: +0,1716012000
0.16,1,May 18 2024 11: +0,1716026400
0.16,2,May 18 2024 14: +0,1716037200
0.171,2,May 18 2024 15: +0,1716040800
0.139,1,May 18 2024 16: +0,1716044400
0.171,2,May 18 2024 17: +0,1716048000
0.16,1,May 18 2024 19: +0,1716055200
0.163,1,May 18 2024 21: +0,1716062400
0.162,1,May 18 2024 23: +0,1716069600
0.165,1,May 19 2024 05: +0,1716091200
0.177,1,May 19 2024 10: +0,1716109200
0.167,1,May 19 2024 12: +0,1716116400
0.165,1,May 19 2024 13: +0,1716120000
0.165,1,May 19 2024 16: +0,1716130800
0.18,1,May 19 2024 17: +0,1716134400
0.171,4,May 19 2024 20: +0,1716145200
0.15,1,May 19 2024 21: +0,1716148800
0.17,1,May 19 2024 23: +0,1716156000
0.15,1,May 20 2024 08: +0,1716188400
0.157,1,May 20 2024 11: +0,1716199200
0.094,1,May 20 2024 15: +0,1716213600
0.145,1,May 20 2024 16: +0,1716217200
0.126,1,May 20 2024 18: +0,1716224400
0.175,2,May 20 2024 19: +0,1716228000
0.156,1,May 20 2024 22: +0,1716238800
0.181,1,May 20 2024 23: +0,1716242400
0.144,2,May 21 2024 01: +0,1716249600
0.154,3,May 21 2024 13: +0,1716292800
0.145,1,May 21 2024 22: +0,1716325200
0.144,1,May 22 2024 05: +0,1716350400
0.167,1,May 22 2024 07: +0,1716357600
0.147,1,May 22 2024 11: +0,1716372000
0.149,1,May 22 2024 12: +0,1716375600
0.149,1,May 22 2024 17: +0,1716393600
0.181,1,May 22 2024 21: +0,1716408000
0.152,2,May 22 2024 22: +0,1716411600
0.131,1,May 23 2024 00: +0,1716418800
0.15,1,May 23 2024 01: +0,1716422400
0.179,1,May 23 2024 07: +0,1716444000
0.142,1,May 23 2024 10: +0,1716454800
0.138,3,May 23 2024 17: +0,1716480000
0.13,1,May 23 2024 19: +0,1716487200
0.136,1,May 23 2024 20: +0,1716490800
0.128,2,May 23 2024 23: +0,1716501600
0.136,1,May 24 2024 01: +0,1716508800
0.127,1,May 24 2024 03: +0,1716516000
0.134,2,May 24 2024 08: +0,1716534000
0.129,1,May 24 2024 11: +0,1716544800
0.141,1,May 24 2024 15: +0,1716559200
0.115,2,May 24 2024 16: +0,1716562800
0.127,1,May 24 2024 18: +0,1716570000
0.134,1,May 24 2024 19: +0,1716573600
0.131,1,May 25 2024 02: +0,1716598800
0.132,1,May 25 2024 03: +0,1716602400
0.137,1,May 25 2024 07: +0,1716616800
0.141,1,May 25 2024 10: +0,1716627600
0.126,2,May 25 2024 11: +0,1716631200
0.138,1,May 25 2024 15: +0,1716645600
0.141,1,May 25 2024 16: +0,1716649200
0.144,1,May 25 2024 18: +0,1716656400
0.136,2,May 25 2024 19: +0,1716660000
0.128,1,May 25 2024 20: +0,1716663600
0.126,1,May 25 2024 23: +0,1716674400
0.126,1,May 26 2024 03: +0,1716688800
0.145,1,May 26 2024 06: +0,1716699600
0.141,2,May 26 2024 07: +0,1716703200
0.137,1,May 26 2024 08: +0,1716706800
0.13,2,May 26 2024 11: +0,1716717600
0.145,1,May 26 2024 12: +0,1716721200
0.145,1,May 26 2024 15: +0,1716732000
0.138,1,May 26 2024 21: +0,1716753600
0.149,2,May 27 2024 00: +0,1716764400
0.134,1,May 27 2024 08: +0,1716793200
0.142,1,May 27 2024 11: +0,1716804000
0.127,1,May 27 2024 12: +0,1716807600
0.141,1,May 27 2024 14: +0,1716814800
0.145,1,May 27 2024 17: +0,1716825600
0.145,1,May 27 2024 21: +0,1716840000
0.144,1,May 27 2024 23: +0,1716847200
0.153,2,May 28 2024 00: +0,1716850800
0.134,1,May 28 2024 04: +0,1716865200
0.134,1,May 28 2024 06: +0,1716872400
0.139,2,May 28 2024 11: +0,1716890400
0.15,1,May 28 2024 12: +0,1716894000
0.139,2,May 28 2024 13: +0,1716897600
0.144,1,May 28 2024 15: +0,1716904800
0.134,1,May 28 2024 20: +0,1716922800
0.283,1,May 28 2024 22: +0,1716930000
0.141,2,May 29 2024 06: +0,1716958800
0.126,1,May 29 2024 10: +0,1716973200
0.091,1,May 29 2024 13: +0,1716984000
0.145,1,May 29 2024 16: +0,1716994800
0.14,1,May 29 2024 18: +0,1717002000
0.136,1,May 29 2024 19: +0,1717005600
0.143,2,May 29 2024 21: +0,1717012800
0.17,1,May 30 2024 01: +0,1717027200
0.141,1,May 30 2024 02: +0,1717030800
0.141,1,May 30 2024 05: +0,1717041600
0.139,6,May 30 2024 10: +0,1717059600
0.134,1,May 30 2024 11: +0,1717063200
0.134,1,May 30 2024 13: +0,1717070400
0.19,1,May 30 2024 14: +0,1717074000
0.146,1,May 30 2024 16: +0,1717081200
0.134,1,May 30 2024 17: +0,1717084800
0.137,2,May 30 2024 20: +0,1717095600
0.141,1,May 30 2024 22: +0,1717102800
0.136,1,May 31 2024 01: +0,1717113600
0.142,1,May 31 2024 03: +0,1717120800
0.141,1,May 31 2024 04: +0,1717124400
0.141,1,May 31 2024 06: +0,1717131600
0.144,1,May 31 2024 09: +0,1717142400
0.138,1,May 31 2024 11: +0,1717149600
0.125,1,May 31 2024 12: +0,1717153200
0.134,5,May 31 2024 13: +0,1717156800
0.134,1,May 31 2024 14: +0,1717160400
0.137,2,May 31 2024 16: +0,1717167600
0.133,1,May 31 2024 18: +0,1717174800
0.145,1,May 31 2024 19: +0,1717178400
0.133,1,May 31 2024 20: +0,1717182000
0.137,1,May 31 2024 21: +0,1717185600
0.141,1,May 31 2024 23: +0,1717192800
0.141,1,Jun 01 2024 06: +0,1717218000
0.139,1,Jun 01 2024 07: +0,1717221600
0.142,1,Jun 01 2024 09: +0,1717228800
0.144,1,Jun 01 2024 12: +0,1717239600
0.142,1,Jun 01 2024 13: +0,1717243200
0.143,1,Jun 01 2024 17: +0,1717257600
0.147,1,Jun 01 2024 18: +0,1717261200
0.166,1,Jun 01 2024 19: +0,1717264800
0.078,1,Jun 01 2024 20: +0,1717268400
0.18,1,Jun 02 2024 01: +0,1717286400
0.157,1,Jun 02 2024 07: +0,1717308000
0.162,1,Jun 02 2024 09: +0,1717315200
0.157,1,Jun 02 2024 13: +0,1717329600
0.098,1,Jun 02 2024 17: +0,1717344000
0.135,2,Jun 02 2024 19: +0,1717351200
0.157,1,Jun 02 2024 20: +0,1717354800
0.17,1,Jun 03 2024 01: +0,1717372800
0.141,1,Jun 03 2024 03: +0,1717380000
0.173,1,Jun 03 2024 11: +0,1717408800
0.125,1,Jun 03 2024 19: +0,1717437600
0.126,1,Jun 03 2024 20: +0,1717441200
0.16,1,Jun 03 2024 23: +0,1717452000
0.177,1,Jun 04 2024 05: +0,1717473600
0.16,1,Jun 04 2024 06: +0,1717477200
0.156,1,Jun 04 2024 07: +0,1717480800
0.157,2,Jun 04 2024 16: +0,1717513200
0.158,1,Jun 04 2024 17: +0,1717516800
0.132,2,Jun 04 2024 18: +0,1717520400
0.129,3,Jun 04 2024 20: +0,1717527600
0.102,1,Jun 05 2024 08: +0,1717570800
0.142,1,Jun 05 2024 11: +0,1717581600
0.156,2,Jun 05 2024 16: +0,1717599600
0.126,1,Jun 05 2024 17: +0,1717603200
0.152,2,Jun 05 2024 19: +0,1717610400
0.159,1,Jun 05 2024 20: +0,1717614000
0.152,2,Jun 06 2024 09: +0,1717660800
0.177,1,Jun 06 2024 10: +0,1717664400
0.152,1,Jun 06 2024 14: +0,1717678800
0.118,3,Jun 06 2024 15: +0,1717682400
0.128,4,Jun 06 2024 16: +0,1717686000
0.182,1,Jun 06 2024 18: +0,1717693200
0.177,1,Jun 06 2024 19: +0,1717696800
0.126,1,Jun 06 2024 20: +0,1717700400
0.13,2,Jun 07 2024 01: +0,1717718400
0.158,1,Jun 07 2024 02: +0,1717722000
0.157,1,Jun 07 2024 03: +0,1717725600
0.153,2,Jun 07 2024 11: +0,1717754400
0.155,1,Jun 07 2024 13: +0,1717761600
0.106,1,Jun 07 2024 15: +0,1717768800
0.13,1,Jun 07 2024 17: +0,1717776000
0.154,1,Jun 07 2024 18: +0,1717779600
0.142,2,Jun 08 2024 03: +0,1717812000
0.118,1,Jun 08 2024 04: +0,1717815600
0.158,1,Jun 08 2024 10: +0,1717837200
0.129,1,Jun 08 2024 11: +0,1717840800
0.126,5,Jun 08 2024 12: +0,1717844400
0.14,2,Jun 08 2024 16: +0,1717858800
0.138,2,Jun 08 2024 18: +0,1717866000
0.155,1,Jun 08 2024 19: +0,1717869600
0.157,1,Jun 08 2024 20: +0,1717873200
0.126,1,Jun 09 2024 00: +0,1717887600
0.177,1,Jun 09 2024 15: +0,1717941600
0.154,1,Jun 09 2024 16: +0,1717945200
0.164,1,Jun 09 2024 17: +0,1717948800
0.155,1,Jun 09 2024 20: +0,1717959600
0.156,1,Jun 09 2024 21: +0,1717963200
0.118,1,Jun 09 2024 22: +0,1717966800
0.156,1,Jun 10 2024 08: +0,1718002800
0.163,1,Jun 10 2024 10: +0,1718010000
0.163,1,Jun 10 2024 11: +0,1718013600
0.126,1,Jun 10 2024 12: +0,1718017200
0.164,1,Jun 10 2024 13: +0,1718020800
0.15,1,Jun 10 2024 17: +0,1718035200
0.155,1,Jun 10 2024 18: +0,1718038800
0.145,1,Jun 10 2024 23: +0,1718056800
0.106,1,Jun 11 2024 06: +0,1718082000
0.118,1,Jun 11 2024 10: +0,1718096400
0.127,1,Jun 11 2024 11: +0,1718100000
0.143,1,Jun 11 2024 15: +0,1718114400
0.153,2,Jun 11 2024 17: +0,1718121600
0.134,2,Jun 11 2024 19: +0,1718128800
0.141,1,Jun 11 2024 20: +0,1718132400
0.131,2,Jun 11 2024 22: +0,1718139600
0.141,2,Jun 11 2024 23: +0,1718143200
0.146,1,Jun 12 2024 02: +0,1718154000
0.144,2,Jun 12 2024 10: +0,1718182800
0.142,2,Jun 12 2024 12: +0,1718190000
0.144,2,Jun 12 2024 13: +0,1718193600
0.178,1,Jun 12 2024 16: +0,1718204400
0.134,1,Jun 13 2024 05: +0,1718251200
0.133,1,Jun 13 2024 07: +0,1718258400
0.148,3,Jun 13 2024 08: +0,1718262000
0.146,1,Jun 13 2024 11: +0,1718272800
0.148,2,Jun 13 2024 12: +0,1718276400
0.132,2,Jun 13 2024 13: +0,1718280000
0.126,1,Jun 13 2024 14: +0,1718283600
0.128,1,Jun 13 2024 15: +0,1718287200
0.171,1,Jun 13 2024 16: +0,1718290800
0.15,2,Jun 13 2024 18: +0,1718298000
0.126,1,Jun 13 2024 19: +0,1718301600
0.171,1,Jun 13 2024 20: +0,1718305200
0.157,2,Jun 13 2024 21: +0,1718308800
0.176,1,Jun 14 2024 00: +0,1718319600
0.166,1,Jun 14 2024 16: +0,1718377200
0.167,1,Jun 14 2024 18: +0,1718384400
0.169,2,Jun 14 2024 19: +0,1718388000
0.163,1,Jun 14 2024 21: +0,1718395200
0.163,2,Jun 14 2024 22: +0,1718398800
0.15,1,Jun 15 2024 14: +0,1718456400
0.135,1,Jun 15 2024 15: +0,1718460000
