price,quantity,date,unix timestamp
94.192,10,Nov 12 2014 01: +0,1415754000
72.861,13,Nov 13 2014 01: +0,1415840400
75.323,5,Nov 14 2014 01: +0,1415926800
67.918,11,Nov 15 2014 01: +0,1416013200
70.554,4,Nov 16 2014 01: +0,1416099600
73.838,4,Nov 17 2014 01: +0,1416186000
78.359,7,Nov 18 2014 01: +0,1416272400
47.767,4,Nov 19 2014 01: +0,1416358800
66.453,3,Nov 20 2014 01: +0,1416445200
66.924,9,Nov 21 2014 01: +0,1416531600
66.736,1,Nov 22 2014 01: +0,1416618000
68.963,4,Nov 23 2014 01: +0,1416704400
57.95,5,Nov 24 2014 01: +0,1416790800
57.348,4,Nov 25 2014 01: +0,1416877200
49.73,7,Nov 26 2014 01: +0,1416963600
54.24,6,Nov 27 2014 01: +0,1417050000
54.078,5,Nov 28 2014 01: +0,1417136400
61.564,3,Nov 29 2014 01: +0,1417222800
51.904,16,Nov 30 2014 01: +0,1417309200
52.179,6,Dec 01 2014 01: +0,1417395600
65.079,3,Dec 02 2014 01: +0,1417482000
48.576,6,Dec 03 2014 01: +0,1417568400
49.749,2,Dec 04 2014 01: +0,1417654800
64.973,3,Dec 05 2014 01: +0,1417741200
55.691,6,Dec 06 2014 01: +0,1417827600
55.931,3,Dec 07 2014 01: +0,1417914000
55.729,6,Dec 08 2014 01: +0,1418000400
57.075,1,Dec 09 2014 01: +0,1418086800
55.783,8,Dec 10 2014 01: +0,1418173200
68.931,4,Dec 11 2014 01: +0,1418259600
63.715,3,Dec 12 2014 01: +0,1418346000
59.475,8,Dec 13 2014 01: +0,1418432400
63.948,4,Dec 14 2014 01: +0,1418518800
61.596,6,Dec 15 2014 01: +0,1418605200
62.959,6,Dec 16 2014 01: +0,1418691600
72.67,5,Dec 17 2014 01: +0,1418778000
76.456,4,Dec 18 2014 01: +0,1418864400
75.79,2,Dec 19 2014 01: +0,1418950800
72.944,4,Dec 20 2014 01: +0,1419037200
58.401,2,Dec 21 2014 01: +0,1419123600
65.28,4,Dec 22 2014 01: +0,1419210000
65.159,4,Dec 23 2014 01: +0,1419296400
63.88,6,Dec 24 2014 01: +0,1419382800
67.327,5,Dec 25 2014 01: +0,1419469200
59.695,8,Dec 26 2014 01: +0,1419555600
63.258,2,Dec 27 2014 01: +0,1419642000
55.006,8,Dec 28 2014 01: +0,1419728400
51.764,8,Dec 29 2014 01: +0,1419814800
58.593,5,Dec 30 2014 01: +0,1419901200
61.536,5,Dec 31 2014 01: +0,1419987600
61.54,1,Jan 01 2015 01: +0,1420074000
58.963,8,Jan 02 2015 01: +0,1420160400
61.496,7,Jan 03 2015 01: +0,1420246800
58.486,8,Jan 04 2015 01: +0,1420333200
59.04,13,Jan 05 2015 01: +0,1420419600
61.497,5,Jan 06 2015 01: +0,1420506000
54.499,7,Jan 07 2015 01: +0,1420592400
58.262,7,Jan 08 2015 01: +0,1420678800
59.627,9,Jan 09 2015 01: +0,1420765200
53.097,7,Jan 10 2015 01: +0,1420851600
49.319,8,Jan 11 2015 01: +0,1420938000
48.899,9,Jan 12 2015 01: +0,1421024400
45.367,9,Jan 13 2015 01: +0,1421110800
45.778,8,Jan 14 2015 01: +0,1421197200
48.24,6,Jan 15 2015 01: +0,1421283600
47.626,8,Jan 16 2015 01: +0,1421370000
51.109,9,Jan 17 2015 01: +0,1421456400
50.745,9,Jan 18 2015 01: +0,1421542800
48.481,4,Jan 19 2015 01: +0,1421629200
47.355,6,Jan 20 2015 01: +0,1421715600
48.406,9,Jan 21 2015 01: +0,1421802000
47.428,9,Jan 22 2015 01: +0,1421888400
49.174,5,Jan 23 2015 01: +0,1421974800
47.543,10,Jan 24 2015 01: +0,1422061200
47.094,13,Jan 25 2015 01: +0,1422147600
48.75,5,Jan 26 2015 01: +0,1422234000
47.145,8,Jan 27 2015 01: +0,1422320400
47.407,8,Jan 28 2015 01: +0,1422406800
48.962,6,Jan 29 2015 01: +0,1422493200
48.755,13,Jan 30 2015 01: +0,1422579600
51.399,6,Jan 31 2015 01: +0,1422666000
48.623,9,Feb 01 2015 01: +0,1422752400
49.584,10,Feb 02 2015 01: +0,1422838800
53.3,7,Feb 03 2015 01: +0,1422925200
57.884,8,Feb 04 2015 01: +0,1423011600
55.087,3,Feb 05 2015 01: +0,1423098000
52.213,11,Feb 06 2015 01: +0,1423184400
51.511,7,Feb 07 2015 01: +0,1423270800
52.2,4,Feb 08 2015 01: +0,1423357200
53.165,2,Feb 09 2015 01: +0,1423443600
55.918,7,Feb 10 2015 01: +0,1423530000
44.81,5,Feb 11 2015 01: +0,1423616400
49.056,13,Feb 12 2015 01: +0,1423702800
49.655,9,Feb 13 2015 01: +0,1423789200
49.524,8,Feb 14 2015 01: +0,1423875600
48.361,6,Feb 15 2015 01: +0,1423962000
47.27,9,Feb 16 2015 01: +0,1424048400
47.507,10,Feb 17 2015 01: +0,1424134800
52.812,8,Feb 18 2015 01: +0,1424221200
60.974,2,Feb 19 2015 01: +0,1424307600
52.751,8,Feb 20 2015 01: +0,1424394000
51.124,5,Feb 21 2015 01: +0,1424480400
53.237,7,Feb 22 2015 01: +0,1424566800
52.038,7,Feb 23 2015 01: +0,1424653200
52.116,5,Feb 24 2015 01: +0,1424739600
49.444,4,Feb 25 2015 01: +0,1424826000
54.373,6,Feb 26 2015 01: +0,1424912400
45.603,7,Feb 27 2015 01: +0,1424998800
53.645,6,Feb 28 2015 01: +0,1425085200
55.895,10,Mar 01 2015 01: +0,1425171600
56.02,5,Mar 02 2015 01: +0,1425258000
56.552,7,Mar 03 2015 01: +0,1425344400
54.435,4,Mar 04 2015 01: +0,1425430800
53.908,6,Mar 05 2015 01: +0,1425517200
57.825,5,Mar 06 2015 01: +0,1425603600
57.347,4,Mar 07 2015 01: +0,1425690000
53.009,2,Mar 08 2015 01: +0,1425776400
46.961,7,Mar 09 2015 01: +0,1425862800
40.789,6,Mar 10 2015 01: +0,1425949200
44.749,10,Mar 11 2015 01: +0,1426035600
49.367,5,Mar 12 2015 01: +0,1426122000
44.012,7,Mar 13 2015 01: +0,1426208400
47.792,14,Mar 14 2015 01: +0,1426294800
50.755,8,Mar 15 2015 01: +0,1426381200
45.427,5,Mar 16 2015 01: +0,1426467600
47.759,11,Mar 17 2015 01: +0,1426554000
49.901,3,Mar 18 2015 01: +0,1426640400
47.599,5,Mar 19 2015 01: +0,1426726800
46.877,7,Mar 20 2015 01: +0,1426813200
48.752,14,Mar 21 2015 01: +0,1426899600
51.311,5,Mar 22 2015 01: +0,1426986000
41.192,10,Mar 23 2015 01: +0,1427072400
51.347,4,Mar 24 2015 01: +0,1427158800
57.167,6,Mar 25 2015 01: +0,1427245200
54.07,8,Mar 26 2015 01: +0,1427331600
48.337,10,Mar 27 2015 01: +0,1427418000
54.467,7,Mar 28 2015 01: +0,1427504400
57.494,4,Mar 29 2015 01: +0,1427590800
51.478,6,Mar 30 2015 01: +0,1427673600
54.892,8,Mar 31 2015 01: +0,1427760000
53.923,8,Apr 01 2015 01: +0,1427846400
46.915,17,Apr 02 2015 01: +0,1427932800
48.369,15,Apr 03 2015 01: +0,1428019200
50.471,10,Apr 04 2015 01: +0,1428105600
50.824,9,Apr 05 2015 01: +0,1428192000
49.386,12,Apr 06 2015 01: +0,1428278400
50.471,7,Apr 07 2015 01: +0,1428364800
47.164,14,Apr 08 2015 01: +0,1428451200
49.679,9,Apr 09 2015 01: +0,1428537600
52.377,9,Apr 10 2015 01: +0,1428624000
50.238,16,Apr 11 2015 01: +0,1428710400
51.38,11,Apr 12 2015 01: +0,1428796800
51.193,10,Apr 13 2015 01: +0,1428883200
48.393,6,Apr 14 2015 01: +0,1428969600
41.997,4,Apr 15 2015 01: +0,1429056000
39.479,13,Apr 16 2015 01: +0,1429142400
39.216,7,Apr 17 2015 01: +0,1429228800
41.072,9,Apr 18 2015 01: +0,1429315200
39.901,9,Apr 19 2015 01: +0,1429401600
37.156,12,Apr 20 2015 01: +0,1429488000
37.449,4,Apr 21 2015 01: +0,1429574400
36.387,7,Apr 22 2015 01: +0,1429660800
41.354,14,Apr 23 2015 01: +0,1429747200
43.59,7,Apr 24 2015 01: +0,1429833600
47.548,5,Apr 25 2015 01: +0,1429920000
50.236,7,Apr 26 2015 01: +0,1430006400
50.653,5,Apr 27 2015 01: +0,1430092800
44.168,6,Apr 28 2015 01: +0,1430179200
45.472,9,Apr 29 2015 01: +0,1430265600
49.515,12,Apr 30 2015 01: +0,1430352000
44.997,18,May 01 2015 01: +0,1430438400
45.207,10,May 02 2015 01: +0,1430524800
46.868,9,May 03 2015 01: +0,1430611200
41.395,10,May 04 2015 01: +0,1430697600
46.238,10,May 05 2015 01: +0,1430784000
48.123,5,May 06 2015 01: +0,1430870400
46.486,8,May 07 2015 01: +0,1430956800
48.056,5,May 08 2015 01: +0,1431043200
49.668,9,May 09 2015 01: +0,1431129600
47.286,13,May 10 2015 01: +0,1431216000
49.959,8,May 11 2015 01: +0,1431302400
53.376,6,May 12 2015 01: +0,1431388800
53.299,5,May 13 2015 01: +0,1431475200
43.746,6,May 14 2015 01: +0,1431561600
46.46,9,May 15 2015 01: +0,1431648000
49.099,10,May 16 2015 01: +0,1431734400
49.506,10,May 17 2015 01: +0,1431820800
50.02,11,May 18 2015 01: +0,1431907200
50.859,8,May 19 2015 01: +0,1431993600
45.131,9,May 20 2015 01: +0,1432080000
48.114,9,May 21 2015 01: +0,1432166400
49.528,11,May 22 2015 01: +0,1432252800
50.602,11,May 23 2015 01: +0,1432339200
48.894,6,May 24 2015 01: +0,1432425600
47.989,8,May 25 2015 01: +0,1432512000
54.029,8,May 26 2015 01: +0,1432598400
38.803,19,May 27 2015 01: +0,1432684800
41.757,10,May 28 2015 01: +0,1432771200
42.066,13,May 29 2015 01: +0,1432857600
43.712,12,May 30 2015 01: +0,1432944000
40.25,10,May 31 2015 01: +0,1433030400
43.202,6,Jun 01 2015 01: +0,1433116800
50.083,3,Jun 02 2015 01: +0,1433203200
46.479,5,Jun 03 2015 01: +0,1433289600
41.725,4,Jun 04 2015 01: +0,1433376000
41.566,11,Jun 05 2015 01: +0,1433462400
43.444,7,Jun 06 2015 01: +0,1433548800
37.296,16,Jun 07 2015 01: +0,1433635200
41.442,7,Jun 08 2015 01: +0,1433721600
43.807,8,Jun 09 2015 01: +0,1433808000
45.887,7,Jun 10 2015 01: +0,1433894400
45.588,4,Jun 11 2015 01: +0,1433980800
43.692,8,Jun 12 2015 01: +0,1434067200
41.474,11,Jun 13 2015 01: +0,1434153600
45.571,11,Jun 14 2015 01: +0,1434240000
44.759,4,Jun 15 2015 01: +0,1434326400
44.412,6,Jun 16 2015 01: +0,1434412800
41.302,3,Jun 17 2015 01: +0,1434499200
41.09,8,Jun 18 2015 01: +0,1434585600
40.785,7,Jun 19 2015 01: +0,1434672000
40.005,8,Jun 20 2015 01: +0,1434758400
40.518,9,Jun 21 2015 01: +0,1434844800
41.357,7,Jun 22 2015 01: +0,1434931200
35.32,7,Jun 23 2015 01: +0,1435017600
41.38,11,Jun 24 2015 01: +0,1435104000
41.911,11,Jun 25 2015 01: +0,1435190400
42.643,9,Jun 26 2015 01: +0,1435276800
43.719,7,Jun 27 2015 01: +0,1435363200
47.208,7,Jun 28 2015 01: +0,1435449600
48.513,7,Jun 29 2015 01: +0,1435536000
50.973,8,Jun 30 2015 01: +0,1435622400
48.523,12,Jul 01 2015 01: +0,1435708800
49.261,3,Jul 02 2015 01: +0,1435795200
48.428,7,Jul 03 2015 01: +0,1435881600
51.403,2,Jul 04 2015 01: +0,1435968000
47.522,6,Jul 05 2015 01: +0,1436054400
49.123,2,Jul 06 2015 01: +0,1436140800
44.199,12,Jul 07 2015 01: +0,1436227200
48.241,9,Jul 08 2015 01: +0,1436313600
49.605,4,Jul 09 2015 01: +0,1436400000
44.631,5,Jul 10 2015 01: +0,1436486400
48.905,14,Jul 11 2015 01: +0,1436572800
52.98,6,Jul 12 2015 01: +0,1436659200
47.039,11,Jul 13 2015 01: +0,1436745600
55.293,9,Jul 14 2015 01: +0,1436832000
59.443,4,Jul 15 2015 01: +0,1436918400
59.719,5,Jul 16 2015 01: +0,1437004800
60.81,7,Jul 17 2015 01: +0,1437091200
53.353,2,Jul 18 2015 01: +0,1437177600
56.136,7,Jul 19 2015 01: +0,1437264000
52.793,4,Jul 20 2015 01: +0,1437350400
53.927,9,Jul 22 2015 01: +0,1437523200
51.228,4,Jul 23 2015 01: +0,1437609600
56.952,6,Jul 24 2015 01: +0,1437696000
52.498,8,Jul 25 2015 01: +0,1437782400
58.935,4,Jul 26 2015 01: +0,1437868800
53.82,11,Jul 27 2015 01: +0,1437955200
45.66,3,Jul 28 2015 01: +0,1438041600
52.485,6,Jul 29 2015 01: +0,1438128000
52.46,5,Jul 30 2015 01: +0,1438214400
53.257,12,Jul 31 2015 01: +0,1438300800
56.326,2,Aug 01 2015 01: +0,1438387200
62.278,1,Aug 02 2015 01: +0,1438473600
58.302,11,Aug 03 2015 01: +0,1438560000
56.68,2,Aug 04 2015 01: +0,1438646400
50.603,9,Aug 05 2015 01: +0,1438732800
53.93,8,Aug 06 2015 01: +0,1438819200
41.597,3,Aug 07 2015 01: +0,1438905600
43.619,3,Aug 08 2015 01: +0,1438992000
48.798,10,Aug 09 2015 01: +0,1439078400
50.643,6,Aug 10 2015 01: +0,1439164800
46.369,2,Aug 11 2015 01: +0,1439251200
49.883,7,Aug 12 2015 01: +0,1439337600
48.377,6,Aug 13 2015 01: +0,1439424000
48.283,4,Aug 14 2015 01: +0,1439510400
49.34,6,Aug 15 2015 01: +0,1439596800
45.95,5,Aug 16 2015 01: +0,1439683200
49.298,5,Aug 17 2015 01: +0,1439769600
49.683,7,Aug 18 2015 01: +0,1439856000
47.261,4,Aug 19 2015 01: +0,1439942400
43.742,7,Aug 20 2015 01: +0,1440028800
47.706,5,Aug 21 2015 01: +0,1440115200
45.042,4,Aug 22 2015 01: +0,1440201600
44.01,8,Aug 23 2015 01: +0,1440288000
46.243,8,Aug 24 2015 01: +0,1440374400
48.696,5,Aug 25 2015 01: +0,1440460800
47.248,9,Aug 26 2015 01: +0,1440547200
49.056,8,Aug 27 2015 01: +0,1440633600
53.394,1,Aug 28 2015 01: +0,1440720000
55.577,6,Aug 29 2015 01: +0,1440806400
53.684,6,Aug 30 2015 01: +0,1440892800
58.357,4,Aug 31 2015 01: +0,1440979200
63.228,4,Sep 01 2015 01: +0,1441065600
60.26,11,Sep 02 2015 01: +0,1441152000
58.017,4,Sep 03 2015 01: +0,1441238400
60.855,2,Sep 04 2015 01: +0,1441324800
59.432,4,Sep 05 2015 01: +0,1441411200
58.611,4,Sep 06 2015 01: +0,1441497600
59.12,5,Sep 07 2015 01: +0,1441584000
57.242,8,Sep 08 2015 01: +0,1441670400
54.828,3,Sep 09 2015 01: +0,1441756800
62.368,4,Sep 10 2015 01: +0,1441843200
62.007,3,Sep 11 2015 01: +0,1441929600
53.287,5,Sep 12 2015 01: +0,1442016000
56.317,7,Sep 13 2015 01: +0,1442102400
60.072,8,Sep 14 2015 01: +0,1442188800
60.59,7,Sep 15 2015 01: +0,1442275200
60.955,4,Sep 16 2015 01: +0,1442361600
61.452,10,Sep 17 2015 01: +0,1442448000
76.071,3,Sep 18 2015 01: +0,1442534400
61.017,5,Sep 19 2015 01: +0,1442620800
62.094,2,Sep 20 2015 01: +0,1442707200
60.005,2,Sep 21 2015 01: +0,1442793600
57.931,7,Sep 22 2015 01: +0,1442880000
64.875,3,Sep 23 2015 01: +0,1442966400
66.293,4,Sep 24 2015 01: +0,1443052800
65.605,2,Sep 25 2015 01: +0,1443139200
66.186,1,Sep 26 2015 01: +0,1443225600
59.425,4,Sep 27 2015 01: +0,1443312000
62.529,5,Sep 28 2015 01: +0,1443398400
64.863,2,Sep 29 2015 01: +0,1443484800
63.699,4,Sep 30 2015 01: +0,1443571200
59.806,5,Oct 01 2015 01: +0,1443657600
60.0,5,Oct 02 2015 01: +0,1443744000
64.436,1,Oct 03 2015 01: +0,1443830400
64.081,1,Oct 05 2015 01: +0,1444003200
60.363,3,Oct 06 2015 01: +0,1444089600
52.946,7,Oct 07 2015 01: +0,1444176000
56.637,5,Oct 08 2015 01: +0,1444262400
58.967,3,Oct 09 2015 01: +0,1444348800
46.199,2,Oct 10 2015 01: +0,1444435200
61.639,4,Oct 11 2015 01: +0,1444521600
61.369,5,Oct 12 2015 01: +0,1444608000
63.001,3,Oct 13 2015 01: +0,1444694400
58.762,3,Oct 15 2015 01: +0,1444867200
60.921,3,Oct 16 2015 01: +0,1444953600
48.134,3,Oct 17 2015 01: +0,1445040000
57.321,6,Oct 18 2015 01: +0,1445126400
60.119,4,Oct 19 2015 01: +0,1445212800
47.681,2,Oct 20 2015 01: +0,1445299200
62.343,3,Oct 21 2015 01: +0,1445385600
58.573,4,Oct 22 2015 01: +0,1445472000
57.225,2,Oct 23 2015 01: +0,1445558400
57.476,6,Oct 24 2015 01: +0,1445644800
54.825,2,Oct 25 2015 01: +0,1445731200
48.994,3,Oct 26 2015 01: +0,1445821200
51.435,10,Oct 27 2015 01: +0,1445907600
62.088,3,Oct 28 2015 01: +0,1445994000
54.337,3,Oct 29 2015 01: +0,1446080400
54.82,4,Oct 30 2015 01: +0,1446166800
55.145,6,Oct 31 2015 01: +0,1446253200
47.434,3,Nov 01 2015 01: +0,1446339600
50.409,6,Nov 02 2015 01: +0,1446426000
53.998,4,Nov 03 2015 01: +0,1446512400
56.563,4,Nov 04 2015 01: +0,1446598800
54.285,4,Nov 05 2015 01: +0,1446685200
56.256,3,Nov 06 2015 01: +0,1446771600
52.582,6,Nov 07 2015 01: +0,1446858000
63.814,1,Nov 08 2015 01: +0,1446944400
50.46,4,Nov 09 2015 01: +0,1447030800
47.266,3,Nov 10 2015 01: +0,1447117200
51.254,3,Nov 11 2015 01: +0,1447203600
47.624,4,Nov 12 2015 01: +0,1447290000
50.769,4,Nov 13 2015 01: +0,1447376400
45.897,4,Nov 14 2015 01: +0,1447462800
50.387,4,Nov 15 2015 01: +0,1447549200
49.87,1,Nov 16 2015 01: +0,1447635600
47.011,6,Nov 17 2015 01: +0,1447722000
41.725,8,Nov 18 2015 01: +0,1447808400
44.103,7,Nov 19 2015 01: +0,1447894800
45.002,9,Nov 20 2015 01: +0,1447981200
45.533,5,Nov 21 2015 01: +0,1448067600
47.501,6,Nov 22 2015 01: +0,1448154000
48.244,2,Nov 23 2015 01: +0,1448240400
44.347,6,Nov 24 2015 01: +0,1448326800
51.922,8,Nov 25 2015 01: +0,1448413200
53.458,3,Nov 26 2015 01: +0,1448499600
49.591,10,Nov 27 2015 01: +0,1448586000
49.71,7,Nov 28 2015 01: +0,1448672400
53.188,3,Nov 29 2015 01: +0,1448758800
47.605,4,Nov 30 2015 01: +0,1448845200
45.927,9,Dec 01 2015 01: +0,1448931600
47.074,2,Dec 02 2015 01: +0,1449018000
46.293,5,Dec 03 2015 01: +0,1449104400
47.39,7,Dec 04 2015 01: +0,1449190800
45.879,6,Dec 05 2015 01: +0,1449277200
49.731,7,Dec 06 2015 01: +0,1449363600
48.593,2,Dec 07 2015 01: +0,1449450000
50.644,5,Dec 08 2015 01: +0,1449536400
46.409,4,Dec 09 2015 01: +0,1449622800
45.6,6,Dec 10 2015 01: +0,1449709200
49.311,3,Dec 11 2015 01: +0,1449795600
45.056,2,Dec 12 2015 01: +0,1449882000
45.898,7,Dec 13 2015 01: +0,1449968400
40.552,4,Dec 14 2015 01: +0,1450054800
44.304,10,Dec 15 2015 01: +0,1450141200
49.988,7,Dec 16 2015 01: +0,1450227600
45.868,7,Dec 17 2015 01: +0,1450314000
50.81,3,Dec 18 2015 01: +0,1450400400
43.901,2,Dec 19 2015 01: +0,1450486800
47.426,6,Dec 20 2015 01: +0,1450573200
49.116,2,Dec 21 2015 01: +0,1450659600
44.515,9,Dec 22 2015 01: +0,1450746000
41.474,4,Dec 23 2015 01: +0,1450832400
44.203,7,Dec 24 2015 01: +0,1450918800
49.564,6,Dec 25 2015 01: +0,1451005200
48.784,4,Dec 26 2015 01: +0,1451091600
44.929,12,Dec 27 2015 01: +0,1451178000
44.827,6,Dec 28 2015 01: +0,1451264400
48.606,4,Dec 29 2015 01: +0,1451350800
49.786,7,Dec 30 2015 01: +0,1451437200
47.232,6,Dec 31 2015 01: +0,1451523600
49.754,8,Jan 01 2016 01: +0,1451610000
47.551,9,Jan 02 2016 01: +0,1451696400
43.916,5,Jan 03 2016 01: +0,1451782800
44.236,7,Jan 04 2016 01: +0,1451869200
45.347,7,Jan 05 2016 01: +0,1451955600
49.202,5,Jan 06 2016 01: +0,1452042000
49.455,7,Jan 07 2016 01: +0,1452128400
47.08,3,Jan 08 2016 01: +0,1452214800
45.558,8,Jan 09 2016 01: +0,1452301200
44.302,6,Jan 10 2016 01: +0,1452387600
42.212,3,Jan 11 2016 01: +0,1452474000
47.085,6,Jan 12 2016 01: +0,1452560400
47.231,5,Jan 13 2016 01: +0,1452646800
48.178,4,Jan 14 2016 01: +0,1452733200
47.354,4,Jan 15 2016 01: +0,1452819600
50.937,5,Jan 16 2016 01: +0,1452906000
48.227,7,Jan 17 2016 01: +0,1452992400
47.372,4,Jan 18 2016 01: +0,1453078800
46.114,7,Jan 19 2016 01: +0,1453165200
51.61,6,Jan 20 2016 01: +0,1453251600
46.142,2,Jan 21 2016 01: +0,1453338000
50.315,2,Jan 22 2016 01: +0,1453424400
44.775,5,Jan 23 2016 01: +0,1453510800
44.368,6,Jan 24 2016 01: +0,1453597200
40.746,4,Jan 25 2016 01: +0,1453683600
46.934,11,Jan 26 2016 01: +0,1453770000
52.529,2,Jan 27 2016 01: +0,1453856400
50.254,4,Jan 28 2016 01: +0,1453942800
48.573,5,Jan 29 2016 01: +0,1454029200
51.882,8,Jan 30 2016 01: +0,1454115600
49.197,5,Jan 31 2016 01: +0,1454202000
50.905,9,Feb 01 2016 01: +0,1454288400
51.934,5,Feb 02 2016 01: +0,1454374800
47.737,7,Feb 03 2016 01: +0,1454461200
45.404,4,Feb 04 2016 01: +0,1454547600
44.584,5,Feb 05 2016 01: +0,1454634000
48.693,6,Feb 06 2016 01: +0,1454720400
40.957,3,Feb 07 2016 01: +0,1454806800
40.811,6,Feb 08 2016 01: +0,1454893200
47.089,6,Feb 09 2016 01: +0,1454979600
42.867,4,Feb 10 2016 01: +0,1455066000
39.601,4,Feb 11 2016 01: +0,1455152400
44.681,5,Feb 12 2016 01: +0,1455238800
44.092,4,Feb 13 2016 01: +0,1455325200
47.0,10,Feb 14 2016 01: +0,1455411600
50.377,3,Feb 15 2016 01: +0,1455498000
45.852,2,Feb 16 2016 01: +0,1455584400
47.001,6,Feb 17 2016 01: +0,1455670800
40.766,4,Feb 18 2016 01: +0,1455757200
41.846,8,Feb 19 2016 01: +0,1455843600
48.456,8,Feb 20 2016 01: +0,1455930000
45.543,5,Feb 21 2016 01: +0,1456016400
45.046,5,Feb 22 2016 01: +0,1456102800
45.076,6,Feb 23 2016 01: +0,1456189200
47.042,9,Feb 24 2016 01: +0,1456275600
45.599,4,Feb 25 2016 01: +0,1456362000
43.05,5,Feb 26 2016 01: +0,1456448400
47.501,9,Feb 27 2016 01: +0,1456534800
46.655,5,Feb 28 2016 01: +0,1456621200
41.571,9,Feb 29 2016 01: +0,1456707600
48.111,2,Mar 01 2016 01: +0,1456794000
47.281,8,Mar 02 2016 01: +0,1456880400
48.901,6,Mar 03 2016 01: +0,1456966800
47.014,3,Mar 04 2016 01: +0,1457053200
45.693,7,Mar 05 2016 01: +0,1457139600
49.743,7,Mar 06 2016 01: +0,1457226000
44.29,2,Mar 09 2016 01: +0,1457485200
50.001,5,Mar 10 2016 01: +0,1457571600
51.173,3,Mar 11 2016 01: +0,1457658000
49.392,3,Mar 12 2016 01: +0,1457744400
54.783,3,Mar 13 2016 01: +0,1457830800
51.346,6,Mar 14 2016 01: +0,1457917200
50.944,2,Mar 15 2016 01: +0,1458003600
44.123,1,Mar 16 2016 01: +0,1458090000
54.767,1,Mar 17 2016 01: +0,1458176400
48.602,5,Mar 18 2016 01: +0,1458262800
54.066,2,Mar 19 2016 01: +0,1458349200
54.051,2,Mar 20 2016 01: +0,1458435600
51.264,1,Mar 21 2016 01: +0,1458522000
52.723,3,Mar 22 2016 01: +0,1458608400
56.05,5,Mar 23 2016 01: +0,1458694800
59.178,3,Mar 24 2016 01: +0,1458781200
63.144,2,Mar 25 2016 01: +0,1458867600
55.292,6,Mar 26 2016 01: +0,1458954000
57.902,1,Mar 27 2016 01: +0,1459040400
52.72,4,Mar 28 2016 01: +0,1459123200
54.335,3,Mar 29 2016 01: +0,1459209600
52.696,6,Mar 30 2016 01: +0,1459296000
63.244,2,Mar 31 2016 01: +0,1459382400
59.37,3,Apr 01 2016 01: +0,1459468800
56.064,4,Apr 02 2016 01: +0,1459555200
53.641,5,Apr 03 2016 01: +0,1459641600
59.031,2,Apr 04 2016 01: +0,1459728000
53.687,1,Apr 05 2016 01: +0,1459814400
51.511,4,Apr 06 2016 01: +0,1459900800
51.238,6,Apr 07 2016 01: +0,1459987200
52.567,4,Apr 08 2016 01: +0,1460073600
55.191,5,Apr 09 2016 01: +0,1460160000
60.586,2,Apr 10 2016 01: +0,1460246400
51.473,3,Apr 11 2016 01: +0,1460332800
55.628,9,Apr 12 2016 01: +0,1460419200
59.812,2,Apr 13 2016 01: +0,1460505600
52.027,3,Apr 14 2016 01: +0,1460592000
54.27,3,Apr 15 2016 01: +0,1460678400
51.252,8,Apr 16 2016 01: +0,1460764800
49.73,4,Apr 17 2016 01: +0,1460851200
48.953,7,Apr 18 2016 01: +0,1460937600
48.523,4,Apr 19 2016 01: +0,1461024000
50.567,6,Apr 20 2016 01: +0,1461110400
52.488,5,Apr 21 2016 01: +0,1461196800
54.405,5,Apr 22 2016 01: +0,1461283200
56.167,2,Apr 23 2016 01: +0,1461369600
60.154,4,Apr 24 2016 01: +0,1461456000
48.183,3,Apr 25 2016 01: +0,1461542400
49.444,2,Apr 26 2016 01: +0,1461628800
58.996,3,Apr 27 2016 01: +0,1461715200
58.631,4,Apr 28 2016 01: +0,1461801600
60.476,4,Apr 29 2016 01: +0,1461888000
60.047,2,Apr 30 2016 01: +0,1461974400
65.825,1,May 01 2016 01: +0,1462060800
54.646,3,May 03 2016 01: +0,1462233600
53.373,2,May 04 2016 01: +0,1462320000
52.46,6,May 05 2016 01: +0,1462406400
59.53,4,May 06 2016 01: +0,1462492800
55.7,6,May 07 2016 01: +0,1462579200
62.313,1,May 08 2016 01: +0,1462665600
59.738,1,May 09 2016 01: +0,1462752000
59.498,1,May 10 2016 01: +0,1462838400
53.185,5,May 11 2016 01: +0,1462924800
55.03,4,May 12 2016 01: +0,1463011200
56.386,7,May 13 2016 01: +0,1463097600
57.021,6,May 14 2016 01: +0,1463184000
55.204,3,May 15 2016 01: +0,1463270400
50.487,1,May 16 2016 01: +0,1463356800
53.73,2,May 18 2016 01: +0,1463529600
54.643,3,May 19 2016 01: +0,1463616000
47.173,5,May 20 2016 01: +0,1463702400
53.191,7,May 21 2016 01: +0,1463788800
54.609,3,May 22 2016 01: +0,1463875200
54.609,3,May 23 2016 01: +0,1463961600
53.544,3,May 24 2016 01: +0,1464048000
53.428,4,May 25 2016 01: +0,1464134400
49.101,2,May 26 2016 01: +0,1464220800
48.789,2,May 27 2016 01: +0,1464307200
54.389,4,May 28 2016 01: +0,1464393600
49.946,4,May 29 2016 01: +0,1464480000
46.905,3,May 30 2016 01: +0,1464566400
50.115,4,May 31 2016 01: +0,1464652800
49.856,3,Jun 01 2016 01: +0,1464739200
45.304,3,Jun 02 2016 01: +0,1464825600
46.946,2,Jun 03 2016 01: +0,1464912000
51.3,4,Jun 04 2016 01: +0,1464998400
44.141,3,Jun 05 2016 01: +0,1465084800
50.855,3,Jun 06 2016 01: +0,1465171200
48.243,4,Jun 07 2016 01: +0,1465257600
45.963,6,Jun 08 2016 01: +0,1465344000
48.306,5,Jun 09 2016 01: +0,1465430400
51.783,4,Jun 10 2016 01: +0,1465516800
51.462,4,Jun 11 2016 01: +0,1465603200
49.739,2,Jun 12 2016 01: +0,1465689600
46.51,4,Jun 13 2016 01: +0,1465776000
48.514,4,Jun 14 2016 01: +0,1465862400
49.65,1,Jun 15 2016 01: +0,1465948800
43.848,2,Jun 16 2016 01: +0,1466035200
45.517,4,Jun 17 2016 01: +0,1466121600
49.558,3,Jun 18 2016 01: +0,1466208000
49.981,4,Jun 19 2016 01: +0,1466294400
40.574,1,Jun 20 2016 01: +0,1466380800
44.693,1,Jun 21 2016 01: +0,1466467200
39.278,2,Jun 22 2016 01: +0,1466553600
36.079,3,Jun 23 2016 01: +0,1466640000
39.675,2,Jun 24 2016 01: +0,1466726400
38.088,7,Jun 25 2016 01: +0,1466812800
33.807,5,Jun 26 2016 01: +0,1466899200
32.907,6,Jun 27 2016 01: +0,1466985600
35.514,6,Jun 28 2016 01: +0,1467072000
32.278,10,Jun 29 2016 01: +0,1467158400
36.618,4,Jun 30 2016 01: +0,1467244800
36.55,7,Jul 01 2016 01: +0,1467331200
33.151,5,Jul 02 2016 01: +0,1467417600
32.138,8,Jul 03 2016 01: +0,1467504000
32.517,10,Jul 04 2016 01: +0,1467590400
31.859,7,Jul 05 2016 01: +0,1467676800
31.977,3,Jul 06 2016 01: +0,1467763200
32.973,5,Jul 07 2016 01: +0,1467849600
35.757,4,Jul 08 2016 01: +0,1467936000
41.593,5,Jul 09 2016 01: +0,1468022400
42.578,5,Jul 10 2016 01: +0,1468108800
34.929,3,Jul 11 2016 01: +0,1468195200
39.484,2,Jul 12 2016 01: +0,1468281600
38.877,1,Jul 13 2016 01: +0,1468368000
39.357,2,Jul 14 2016 01: +0,1468454400
41.792,6,Jul 15 2016 01: +0,1468540800
42.514,3,Jul 16 2016 01: +0,1468627200
40.11,3,Jul 17 2016 01: +0,1468713600
37.0,5,Jul 18 2016 01: +0,1468800000
36.508,3,Jul 19 2016 01: +0,1468886400
36.48,5,Jul 20 2016 01: +0,1468972800
39.986,1,Jul 21 2016 01: +0,1469059200
32.98,5,Jul 22 2016 01: +0,1469145600
39.366,5,Jul 23 2016 01: +0,1469232000
31.812,4,Jul 24 2016 01: +0,1469318400
32.227,3,Jul 25 2016 01: +0,1469404800
31.924,5,Jul 26 2016 01: +0,1469491200
34.99,4,Jul 27 2016 01: +0,1469577600
33.15,3,Jul 28 2016 01: +0,1469664000
36.008,1,Jul 29 2016 01: +0,1469750400
35.898,5,Jul 30 2016 01: +0,1469836800
36.439,2,Jul 31 2016 01: +0,1469923200
35.532,6,Aug 01 2016 01: +0,1470009600
35.701,4,Aug 02 2016 01: +0,1470096000
37.16,1,Aug 03 2016 01: +0,1470182400
31.904,4,Aug 04 2016 01: +0,1470268800
35.965,3,Aug 05 2016 01: +0,1470355200
36.943,4,Aug 06 2016 01: +0,1470441600
37.374,5,Aug 07 2016 01: +0,1470528000
38.279,1,Aug 08 2016 01: +0,1470614400
41.14,4,Aug 09 2016 01: +0,1470700800
39.854,1,Aug 10 2016 01: +0,1470787200
37.45,2,Aug 11 2016 01: +0,1470873600
37.184,3,Aug 12 2016 01: +0,1470960000
33.856,2,Aug 13 2016 01: +0,1471046400
38.043,1,Aug 14 2016 01: +0,1471132800
36.836,2,Aug 15 2016 01: +0,1471219200
34.451,5,Aug 16 2016 01: +0,1471305600
31.01,2,Aug 17 2016 01: +0,1471392000
34.645,5,Aug 18 2016 01: +0,1471478400
36.081,6,Aug 19 2016 01: +0,1471564800
35.069,1,Aug 20 2016 01: +0,1471651200
33.214,8,Aug 21 2016 01: +0,1471737600
33.961,2,Aug 22 2016 01: +0,1471824000
27.023,2,Aug 23 2016 01: +0,1471910400
35.236,1,Aug 24 2016 01: +0,1471996800
32.619,3,Aug 25 2016 01: +0,1472083200
33.082,3,Aug 26 2016 01: +0,1472169600
34.598,5,Aug 27 2016 01: +0,1472256000
30.975,8,Aug 28 2016 01: +0,1472342400
33.248,4,Aug 29 2016 01: +0,1472428800
30.99,2,Aug 30 2016 01: +0,1472515200
30.045,6,Aug 31 2016 01: +0,1472601600
32.75,8,Sep 01 2016 01: +0,1472688000
40.173,5,Sep 02 2016 01: +0,1472774400
0.579,1,Sep 03 2016 01: +0,1472860800
32.056,2,Sep 04 2016 01: +0,1472947200
40.971,2,Sep 05 2016 01: +0,1473033600
40.085,1,Sep 06 2016 01: +0,1473120000
35.2,1,Sep 07 2016 01: +0,1473206400
36.284,4,Sep 08 2016 01: +0,1473292800
34.762,6,Sep 09 2016 01: +0,1473379200
36.004,4,Sep 10 2016 01: +0,1473465600
32.891,5,Sep 11 2016 01: +0,1473552000
36.351,5,Sep 12 2016 01: +0,1473638400
35.669,1,Sep 13 2016 01: +0,1473724800
37.347,3,Sep 14 2016 01: +0,1473811200
32.107,2,Sep 15 2016 01: +0,1473897600
33.745,4,Sep 16 2016 01: +0,1473984000
36.655,6,Sep 17 2016 01: +0,1474070400
31.355,7,Sep 18 2016 01: +0,1474156800
33.962,2,Sep 19 2016 01: +0,1474243200
34.771,2,Sep 20 2016 01: +0,1474329600
32.933,4,Sep 21 2016 01: +0,1474416000
35.631,3,Sep 22 2016 01: +0,1474502400
33.645,3,Sep 23 2016 01: +0,1474588800
37.017,2,Sep 24 2016 01: +0,1474675200
36.87,2,Sep 25 2016 01: +0,1474761600
36.491,2,Sep 27 2016 01: +0,1474934400
33.603,3,Sep 28 2016 01: +0,1475020800
34.036,5,Sep 29 2016 01: +0,1475107200
32.283,1,Sep 30 2016 01: +0,1475193600
32.88,3,Oct 01 2016 01: +0,1475280000
35.712,1,Oct 02 2016 01: +0,1475366400
35.58,5,Oct 03 2016 01: +0,1475452800
33.141,3,Oct 04 2016 01: +0,1475539200
34.073,4,Oct 05 2016 01: +0,1475625600
35.432,1,Oct 07 2016 01: +0,1475798400
34.355,5,Oct 08 2016 01: +0,1475884800
35.147,1,Oct 09 2016 01: +0,1475971200
33.291,5,Oct 10 2016 01: +0,1476057600
29.778,1,Oct 11 2016 01: +0,1476144000
29.274,1,Oct 12 2016 01: +0,1476230400
32.427,5,Oct 13 2016 01: +0,1476316800
33.022,2,Oct 14 2016 01: +0,1476403200
34.182,2,Oct 15 2016 01: +0,1476489600
31.181,2,Oct 16 2016 01: +0,1476576000
32.84,1,Oct 17 2016 01: +0,1476662400
29.156,4,Oct 18 2016 01: +0,1476748800
31.984,4,Oct 19 2016 01: +0,1476835200
32.667,1,Oct 20 2016 01: +0,1476921600
30.756,4,Oct 21 2016 01: +0,1477008000
31.296,6,Oct 22 2016 01: +0,1477094400
33.841,2,Oct 23 2016 01: +0,1477180800
33.211,3,Oct 25 2016 01: +0,1477353600
30.963,3,Oct 26 2016 01: +0,1477440000
29.751,2,Oct 27 2016 01: +0,1477526400
28.884,1,Oct 28 2016 01: +0,1477612800
30.723,4,Oct 29 2016 01: +0,1477699200
28.601,3,Oct 30 2016 01: +0,1477785600
29.174,7,Oct 31 2016 01: +0,1477875600
30.158,7,Nov 01 2016 01: +0,1477962000
32.031,2,Nov 02 2016 01: +0,1478048400
28.371,4,Nov 03 2016 01: +0,1478134800
32.836,1,Nov 04 2016 01: +0,1478221200
31.919,3,Nov 05 2016 01: +0,1478307600
32.056,1,Nov 06 2016 01: +0,1478394000
30.157,4,Nov 07 2016 01: +0,1478480400
30.256,5,Nov 08 2016 01: +0,1478566800
27.657,4,Nov 09 2016 01: +0,1478653200
28.725,5,Nov 10 2016 01: +0,1478739600
30.638,5,Nov 12 2016 01: +0,1478912400
29.807,3,Nov 13 2016 01: +0,1478998800
27.599,3,Nov 14 2016 01: +0,1479085200
25.779,2,Nov 15 2016 01: +0,1479171600
29.001,2,Nov 16 2016 01: +0,1479258000
29.097,9,Nov 17 2016 01: +0,1479344400
31.699,3,Nov 18 2016 01: +0,1479430800
29.419,4,Nov 19 2016 01: +0,1479517200
25.408,4,Nov 20 2016 01: +0,1479603600
27.035,6,Nov 21 2016 01: +0,1479690000
25.753,6,Nov 22 2016 01: +0,1479776400
24.951,5,Nov 23 2016 01: +0,1479862800
25.081,2,Nov 24 2016 01: +0,1479949200
27.55,6,Nov 25 2016 01: +0,1480035600
25.203,7,Nov 26 2016 01: +0,1480122000
25.101,2,Nov 27 2016 01: +0,1480208400
25.602,5,Nov 28 2016 01: +0,1480294800
18.653,5,Nov 29 2016 01: +0,1480381200
28.406,5,Nov 30 2016 01: +0,1480467600
28.029,5,Dec 01 2016 01: +0,1480554000
29.212,2,Dec 02 2016 01: +0,1480640400
30.332,2,Dec 03 2016 01: +0,1480726800
28.109,7,Dec 04 2016 01: +0,1480813200
30.611,1,Dec 05 2016 01: +0,1480899600
30.655,1,Dec 06 2016 01: +0,1480986000
29.351,3,Dec 07 2016 01: +0,1481072400
26.606,3,Dec 08 2016 01: +0,1481158800
28.474,2,Dec 09 2016 01: +0,1481245200
27.659,6,Dec 10 2016 01: +0,1481331600
28.2,3,Dec 11 2016 01: +0,1481418000
27.579,4,Dec 12 2016 01: +0,1481504400
28.302,1,Dec 13 2016 01: +0,1481590800
25.622,2,Dec 14 2016 01: +0,1481677200
27.231,5,Dec 15 2016 01: +0,1481763600
24.385,2,Dec 16 2016 01: +0,1481850000
25.579,7,Dec 17 2016 01: +0,1481936400
26.026,4,Dec 18 2016 01: +0,1482022800
25.146,5,Dec 19 2016 01: +0,1482109200
26.527,2,Dec 20 2016 01: +0,1482195600
26.69,4,Dec 21 2016 01: +0,1482282000
27.792,2,Dec 22 2016 01: +0,1482368400
28.817,6,Dec 23 2016 01: +0,1482454800
32.004,3,Dec 24 2016 01: +0,1482541200
32.453,5,Dec 25 2016 01: +0,1482627600
31.996,10,Dec 26 2016 01: +0,1482714000
27.936,4,Dec 27 2016 01: +0,1482800400
31.442,6,Dec 28 2016 01: +0,1482886800
29.367,4,Dec 29 2016 01: +0,1482973200
30.109,1,Dec 30 2016 01: +0,1483059600
30.304,9,Dec 31 2016 01: +0,1483146000
30.56,7,Jan 01 2017 01: +0,1483232400
32.705,4,Jan 02 2017 01: +0,1483318800
46.271,2,Jan 03 2017 01: +0,1483405200
43.592,1,Jan 04 2017 01: +0,1483491600
38.251,4,Jan 05 2017 01: +0,1483578000
29.872,3,Jan 06 2017 01: +0,1483664400
32.279,6,Jan 07 2017 01: +0,1483750800
36.749,5,Jan 08 2017 01: +0,1483837200
31.983,4,Jan 09 2017 01: +0,1483923600
32.617,6,Jan 10 2017 01: +0,1484010000
30.27,5,Jan 11 2017 01: +0,1484096400
30.829,6,Jan 12 2017 01: +0,1484182800
31.378,8,Jan 13 2017 01: +0,1484269200
33.795,9,Jan 14 2017 01: +0,1484355600
34.87,2,Jan 15 2017 01: +0,1484442000
35.912,3,Jan 16 2017 01: +0,1484528400
35.337,1,Jan 17 2017 01: +0,1484614800
36.758,4,Jan 18 2017 01: +0,1484701200
38.939,2,Jan 19 2017 01: +0,1484787600
36.099,2,Jan 20 2017 01: +0,1484874000
35.029,5,Jan 21 2017 01: +0,1484960400
32.639,4,Jan 22 2017 01: +0,1485046800
33.914,3,Jan 23 2017 01: +0,1485133200
36.715,3,Jan 24 2017 01: +0,1485219600
29.196,1,Jan 25 2017 01: +0,1485306000
33.63,4,Jan 26 2017 01: +0,1485392400
34.085,5,Jan 27 2017 01: +0,1485478800
33.876,7,Jan 28 2017 01: +0,1485565200
36.488,2,Jan 29 2017 01: +0,1485651600
32.897,4,Jan 30 2017 01: +0,1485738000
32.692,3,Jan 31 2017 01: +0,1485824400
33.829,8,Feb 01 2017 01: +0,1485910800
37.947,4,Feb 02 2017 01: +0,1485997200
39.257,5,Feb 03 2017 01: +0,1486083600
40.028,4,Feb 04 2017 01: +0,1486170000
35.075,3,Feb 05 2017 01: +0,1486256400
38.677,1,Feb 06 2017 01: +0,1486342800
37.305,4,Feb 08 2017 01: +0,1486515600
37.889,5,Feb 09 2017 01: +0,1486602000
35.3,2,Feb 10 2017 01: +0,1486688400
31.991,3,Feb 11 2017 01: +0,1486774800
38.432,5,Feb 12 2017 01: +0,1486861200
44.164,2,Feb 13 2017 01: +0,1486947600
39.742,4,Feb 15 2017 01: +0,1487120400
43.835,1,Feb 16 2017 01: +0,1487206800
38.395,2,Feb 17 2017 01: +0,1487293200
38.172,3,Feb 18 2017 01: +0,1487379600
27.624,3,Feb 19 2017 01: +0,1487466000
33.993,4,Feb 21 2017 01: +0,1487638800
33.421,5,Feb 22 2017 01: +0,1487725200
29.803,2,Feb 23 2017 01: +0,1487811600
30.612,1,Feb 24 2017 01: +0,1487898000
33.108,6,Feb 25 2017 01: +0,1487984400
34.635,3,Feb 26 2017 01: +0,1488070800
37.345,3,Feb 27 2017 01: +0,1488157200
35.406,3,Feb 28 2017 01: +0,1488243600
39.38,7,Mar 01 2017 01: +0,1488330000
41.945,4,Mar 02 2017 01: +0,1488416400
42.186,1,Mar 03 2017 01: +0,1488502800
36.656,2,Mar 04 2017 01: +0,1488589200
38.483,2,Mar 05 2017 01: +0,1488675600
35.482,2,Mar 06 2017 01: +0,1488762000
40.498,2,Mar 07 2017 01: +0,1488848400
39.899,2,Mar 08 2017 01: +0,1488934800
33.861,2,Mar 09 2017 01: +0,1489021200
36.932,3,Mar 10 2017 01: +0,1489107600
36.919,7,Mar 11 2017 01: +0,1489194000
34.244,5,Mar 12 2017 01: +0,1489280400
35.316,3,Mar 13 2017 01: +0,1489366800
36.607,5,Mar 14 2017 01: +0,1489453200
37.868,1,Mar 15 2017 01: +0,1489539600
32.976,5,Mar 16 2017 01: +0,1489626000
30.269,12,Mar 17 2017 01: +0,1489712400
29.267,4,Mar 18 2017 01: +0,1489798800
27.891,6,Mar 19 2017 01: +0,1489885200
30.634,2,Mar 20 2017 01: +0,1489971600
29.479,6,Mar 22 2017 01: +0,1490144400
31.983,6,Mar 23 2017 01: +0,1490230800
31.83,4,Mar 24 2017 01: +0,1490317200
31.255,5,Mar 25 2017 01: +0,1490403600
34.659,3,Mar 26 2017 01: +0,1490490000
32.861,1,Mar 27 2017 01: +0,1490572800
31.146,2,Mar 28 2017 01: +0,1490659200
31.683,6,Mar 29 2017 01: +0,1490745600
29.894,2,Mar 30 2017 01: +0,1490832000
28.565,3,Mar 31 2017 01: +0,1490918400
30.722,4,Apr 01 2017 01: +0,1491004800
29.078,6,Apr 02 2017 01: +0,1491091200
31.633,2,Apr 03 2017 01: +0,1491177600
30.4,3,Apr 04 2017 01: +0,1491264000
32.892,4,Apr 05 2017 01: +0,1491350400
34.584,1,Apr 06 2017 01: +0,1491436800
30.334,3,Apr 07 2017 01: +0,1491523200
37.176,4,Apr 08 2017 01: +0,1491609600
30.787,4,Apr 09 2017 01: +0,1491696000
34.791,1,Apr 10 2017 01: +0,1491782400
30.354,3,Apr 11 2017 01: +0,1491868800
31.639,4,Apr 12 2017 01: +0,1491955200
33.519,2,Apr 13 2017 01: +0,1492041600
33.614,2,Apr 14 2017 01: +0,1492128000
32.861,3,Apr 16 2017 01: +0,1492300800
30.503,3,Apr 17 2017 01: +0,1492387200
33.518,3,Apr 18 2017 01: +0,1492473600
33.051,1,Apr 19 2017 01: +0,1492560000
33.265,3,Apr 21 2017 01: +0,1492732800
31.661,3,Apr 22 2017 01: +0,1492819200
29.899,4,Apr 23 2017 01: +0,1492905600
34.199,2,Apr 24 2017 01: +0,1492992000
31.675,2,Apr 25 2017 01: +0,1493078400
34.191,5,Apr 26 2017 01: +0,1493164800
35.938,5,Apr 27 2017 01: +0,1493251200
33.054,3,Apr 28 2017 01: +0,1493337600
32.063,7,Apr 30 2017 01: +0,1493510400
38.877,1,May 01 2017 01: +0,1493596800
37.213,2,May 02 2017 01: +0,1493683200
31.871,2,May 03 2017 01: +0,1493769600
26.144,3,May 04 2017 01: +0,1493856000
38.435,3,May 05 2017 01: +0,1493942400
33.155,2,May 07 2017 01: +0,1494115200
33.169,1,May 08 2017 01: +0,1494201600
31.025,2,May 09 2017 01: +0,1494288000
35.073,4,May 10 2017 01: +0,1494374400
29.758,2,May 11 2017 01: +0,1494460800
33.981,3,May 12 2017 01: +0,1494547200
32.423,2,May 13 2017 01: +0,1494633600
35.766,1,May 15 2017 01: +0,1494806400
33.999,3,May 16 2017 01: +0,1494892800
34.756,1,May 17 2017 01: +0,1494979200
34.922,4,May 18 2017 01: +0,1495065600
36.59,2,May 19 2017 01: +0,1495152000
31.677,2,May 20 2017 01: +0,1495238400
32.365,2,May 21 2017 01: +0,1495324800
36.571,4,May 22 2017 01: +0,1495411200
35.971,3,May 23 2017 01: +0,1495497600
35.825,1,May 24 2017 01: +0,1495584000
31.267,2,May 25 2017 01: +0,1495670400
33.295,2,May 26 2017 01: +0,1495756800
41.345,2,May 27 2017 01: +0,1495843200
30.478,2,May 28 2017 01: +0,1495929600
36.507,1,May 29 2017 01: +0,1496016000
35.156,3,Jun 01 2017 01: +0,1496275200
33.044,2,Jun 02 2017 01: +0,1496361600
35.68,4,Jun 03 2017 01: +0,1496448000
35.369,2,Jun 04 2017 01: +0,1496534400
44.743,3,Jun 05 2017 01: +0,1496620800
38.478,4,Jun 06 2017 01: +0,1496707200
38.21,4,Jun 07 2017 01: +0,1496793600
41.57,2,Jun 08 2017 01: +0,1496880000
38.038,2,Jun 09 2017 01: +0,1496966400
41.544,1,Jun 10 2017 01: +0,1497052800
35.569,2,Jun 11 2017 01: +0,1497139200
41.581,1,Jun 12 2017 01: +0,1497225600
41.64,1,Jun 13 2017 01: +0,1497312000
33.6,1,Jun 14 2017 01: +0,1497398400
38.133,4,Jun 15 2017 01: +0,1497484800
36.922,1,Jun 16 2017 01: +0,1497571200
37.237,5,Jun 18 2017 01: +0,1497744000
44.575,1,Jun 19 2017 01: +0,1497830400
39.853,2,Jun 20 2017 01: +0,1497916800
36.853,2,Jun 21 2017 01: +0,1498003200
32.262,3,Jun 22 2017 01: +0,1498089600
33.769,1,Jun 24 2017 01: +0,1498262400
36.657,1,Jun 25 2017 01: +0,1498348800
36.561,1,Jun 26 2017 01: +0,1498435200
34.546,3,Jun 27 2017 01: +0,1498521600
32.077,5,Jun 28 2017 01: +0,1498608000
29.72,1,Jun 29 2017 01: +0,1498694400
37.094,3,Jun 30 2017 01: +0,1498780800
40.571,1,Jul 01 2017 01: +0,1498867200
38.046,3,Jul 02 2017 01: +0,1498953600
29.687,1,Jul 03 2017 01: +0,1499040000
43.149,1,Jul 04 2017 01: +0,1499126400
42.188,2,Jul 05 2017 01: +0,1499212800
71.326,2,Jul 06 2017 01: +0,1499299200
57.554,3,Jul 07 2017 01: +0,1499385600
83.794,1,Jul 08 2017 01: +0,1499472000
37.062,2,Jul 09 2017 01: +0,1499558400
55.912,4,Jul 10 2017 01: +0,1499644800
52.339,2,Jul 11 2017 01: +0,1499731200
36.832,3,Jul 12 2017 01: +0,1499817600
67.958,2,Jul 15 2017 01: +0,1500076800
51.384,5,Jul 16 2017 01: +0,1500163200
29.398,1,Jul 17 2017 01: +0,1500249600
44.011,5,Jul 18 2017 01: +0,1500336000
34.394,1,Jul 19 2017 01: +0,1500422400
54.852,5,Jul 20 2017 01: +0,1500508800
59.061,5,Jul 21 2017 01: +0,1500595200
44.666,2,Jul 22 2017 01: +0,1500681600
73.699,8,Jul 24 2017 01: +0,1500854400
69.737,3,Jul 25 2017 01: +0,1500940800
52.19,2,Jul 29 2017 01: +0,1501286400
47.29,3,Jul 30 2017 01: +0,1501372800
42.88,3,Jul 31 2017 01: +0,1501459200
44.77,4,Aug 01 2017 01: +0,1501545600
43.991,2,Aug 03 2017 01: +0,1501718400
39.142,1,Aug 05 2017 01: +0,1501891200
45.248,4,Aug 06 2017 01: +0,1501977600
46.342,2,Aug 07 2017 01: +0,1502064000
37.016,1,Aug 10 2017 01: +0,1502323200
39.42,3,Aug 11 2017 01: +0,1502409600
39.939,2,Aug 12 2017 01: +0,1502496000
36.119,4,Aug 14 2017 01: +0,1502668800
34.971,3,Aug 15 2017 01: +0,1502755200
41.8,1,Aug 17 2017 01: +0,1502928000
43.158,1,Aug 18 2017 01: +0,1503014400
42.7,1,Aug 19 2017 01: +0,1503100800
35.259,3,Aug 20 2017 01: +0,1503187200
32.592,2,Aug 21 2017 01: +0,1503273600
35.617,1,Aug 22 2017 01: +0,1503360000
36.207,1,Aug 23 2017 01: +0,1503446400
36.174,4,Aug 26 2017 01: +0,1503705600
32.855,1,Aug 27 2017 01: +0,1503792000
37.346,3,Aug 28 2017 01: +0,1503878400
37.554,1,Aug 30 2017 01: +0,1504051200
38.039,2,Aug 31 2017 01: +0,1504137600
32.5,1,Sep 01 2017 01: +0,1504224000
39.07,2,Sep 02 2017 01: +0,1504310400
37.305,1,Sep 04 2017 01: +0,1504483200
33.641,3,Sep 05 2017 01: +0,1504569600
37.967,1,Sep 09 2017 01: +0,1504915200
37.812,3,Sep 10 2017 01: +0,1505001600
60.435,5,Sep 12 2017 01: +0,1505174400
59.01,6,Sep 13 2017 01: +0,1505260800
39.057,2,Sep 14 2017 01: +0,1505347200
39.368,3,Sep 16 2017 01: +0,1505520000
39.63,1,Sep 18 2017 01: +0,1505692800
32.603,2,Sep 19 2017 01: +0,1505779200
36.619,2,Sep 20 2017 01: +0,1505865600
33.094,1,Sep 21 2017 01: +0,1505952000
39.671,1,Sep 25 2017 01: +0,1506297600
38.719,4,Sep 29 2017 01: +0,1506643200
34.261,1,Oct 01 2017 01: +0,1506816000
33.823,4,Oct 05 2017 01: +0,1507161600
37.855,4,Oct 06 2017 01: +0,1507248000
41.532,3,Oct 07 2017 01: +0,1507334400
39.946,1,Oct 09 2017 01: +0,1507507200
41.159,2,Oct 10 2017 01: +0,1507593600
37.184,3,Oct 12 2017 01: +0,1507766400
37.484,2,Oct 14 2017 01: +0,1507939200
34.402,1,Oct 15 2017 01: +0,1508025600
31.813,2,Oct 17 2017 01: +0,1508198400
36.156,1,Oct 19 2017 01: +0,1508371200
39.74,2,Oct 21 2017 01: +0,1508544000
36.106,1,Oct 23 2017 01: +0,1508716800
35.26,3,Oct 26 2017 01: +0,1508976000
35.241,2,Oct 27 2017 01: +0,1509062400
31.201,1,Oct 28 2017 01: +0,1509148800
36.395,2,Oct 29 2017 01: +0,1509235200
33.224,3,Nov 01 2017 01: +0,1509498000
32.04,4,Nov 04 2017 01: +0,1509757200
34.456,3,Nov 05 2017 01: +0,1509843600
31.433,1,Nov 07 2017 01: +0,1510016400
35.562,1,Nov 08 2017 01: +0,1510102800
29.696,1,Nov 09 2017 01: +0,1510189200
36.019,1,Nov 10 2017 01: +0,1510275600
32.089,3,Nov 12 2017 01: +0,1510448400
33.689,1,Nov 16 2017 01: +0,1510794000
31.422,5,Nov 17 2017 01: +0,1510880400
29.414,1,Nov 18 2017 01: +0,1510966800
33.757,5,Nov 19 2017 01: +0,1511053200
35.599,2,Nov 20 2017 01: +0,1511139600
35.986,1,Nov 21 2017 01: +0,1511226000
34.741,1,Nov 23 2017 01: +0,1511398800
36.214,1,Nov 24 2017 01: +0,1511485200
32.797,1,Nov 26 2017 01: +0,1511658000
32.467,2,Nov 27 2017 01: +0,1511744400
38.247,2,Dec 02 2017 01: +0,1512176400
40.131,2,Dec 03 2017 01: +0,1512262800
31.275,1,Dec 04 2017 01: +0,1512349200
35.581,2,Dec 05 2017 01: +0,1512435600
35.064,2,Dec 09 2017 01: +0,1512781200
38.386,3,Dec 10 2017 01: +0,1512867600
41.524,1,Dec 12 2017 01: +0,1513040400
35.081,3,Dec 14 2017 01: +0,1513213200
36.904,2,Dec 16 2017 01: +0,1513386000
30.553,2,Dec 17 2017 01: +0,1513472400
33.591,1,Dec 18 2017 01: +0,1513558800
32.568,2,Dec 19 2017 01: +0,1513645200
31.677,2,Dec 20 2017 01: +0,1513731600
33.976,1,Dec 21 2017 01: +0,1513818000
33.989,1,Dec 22 2017 01: +0,1513904400
35.551,2,Dec 23 2017 01: +0,1513990800
28.761,1,Dec 24 2017 01: +0,1514077200
35.544,1,Dec 25 2017 01: +0,1514163600
33.672,3,Dec 26 2017 01: +0,1514250000
31.926,2,Dec 27 2017 01: +0,1514336400
37.401,3,Dec 28 2017 01: +0,1514422800
29.497,2,Dec 30 2017 01: +0,1514595600
35.457,1,Dec 31 2017 01: +0,1514682000
36.45,2,Jan 02 2018 01: +0,1514854800
25.764,1,Jan 03 2018 01: +0,1514941200
35.127,3,Jan 05 2018 01: +0,1515114000
38.111,1,Jan 06 2018 01: +0,1515200400
38.084,1,Jan 07 2018 01: +0,1515286800
34.653,2,Jan 09 2018 01: +0,1515459600
33.678,2,Jan 10 2018 01: +0,1515546000
31.484,4,Jan 11 2018 01: +0,1515632400
33.108,2,Jan 14 2018 01: +0,1515891600
33.481,5,Jan 15 2018 01: +0,1515978000
35.477,1,Jan 17 2018 01: +0,1516150800
34.758,1,Jan 18 2018 01: +0,1516237200
35.305,4,Jan 19 2018 01: +0,1516323600
36.313,1,Jan 20 2018 01: +0,1516410000
36.711,1,Jan 21 2018 01: +0,1516496400
35.869,3,Jan 25 2018 01: +0,1516842000
33.76,2,Jan 26 2018 01: +0,1516928400
32.856,3,Jan 27 2018 01: +0,1517014800
33.094,1,Jan 28 2018 01: +0,1517101200
29.382,2,Jan 29 2018 01: +0,1517187600
32.252,2,Jan 30 2018 01: +0,1517274000
31.924,5,Jan 31 2018 01: +0,1517360400
35.564,1,Feb 01 2018 01: +0,1517446800
35.552,1,Feb 02 2018 01: +0,1517533200
30.537,3,Feb 03 2018 01: +0,1517619600
30.785,1,Feb 04 2018 01: +0,1517706000
36.5,1,Feb 05 2018 01: +0,1517792400
35.88,1,Feb 06 2018 01: +0,1517878800
28.216,2,Feb 07 2018 01: +0,1517965200
35.25,2,Feb 09 2018 01: +0,1518138000
32.272,2,Feb 10 2018 01: +0,1518224400
35.424,1,Feb 11 2018 01: +0,1518310800
36.33,2,Feb 12 2018 01: +0,1518397200
36.519,1,Feb 13 2018 01: +0,1518483600
37.747,1,Feb 14 2018 01: +0,1518570000
35.535,1,Feb 15 2018 01: +0,1518656400
29.77,2,Feb 16 2018 01: +0,1518742800
31.889,2,Feb 17 2018 01: +0,1518829200
29.431,6,Feb 19 2018 01: +0,1519002000
31.209,2,Feb 20 2018 01: +0,1519088400
26.927,1,Feb 21 2018 01: +0,1519174800
29.715,2,Feb 22 2018 01: +0,1519261200
30.33,4,Feb 24 2018 01: +0,1519434000
29.833,3,Feb 26 2018 01: +0,1519606800
28.959,2,Feb 27 2018 01: +0,1519693200
32.374,2,Feb 28 2018 01: +0,1519779600
32.028,1,Mar 01 2018 01: +0,1519866000
30.396,3,Mar 02 2018 01: +0,1519952400
29.451,2,Mar 03 2018 01: +0,1520038800
29.242,4,Mar 04 2018 01: +0,1520125200
32.537,2,Mar 05 2018 01: +0,1520211600
32.1,1,Mar 06 2018 01: +0,1520298000
34.518,2,Mar 07 2018 01: +0,1520384400
34.798,4,Mar 09 2018 01: +0,1520557200
36.775,1,Mar 10 2018 01: +0,1520643600
31.44,1,Mar 11 2018 01: +0,1520730000
29.989,5,Mar 12 2018 01: +0,1520816400
23.497,1,Mar 13 2018 01: +0,1520902800
29.505,4,Mar 14 2018 01: +0,1520989200
36.104,3,Mar 15 2018 01: +0,1521075600
37.967,5,Mar 16 2018 01: +0,1521162000
34.435,2,Mar 17 2018 01: +0,1521248400
38.802,3,Mar 18 2018 01: +0,1521334800
36.425,3,Mar 19 2018 01: +0,1521421200
34.476,1,Mar 20 2018 01: +0,1521507600
34.477,1,Mar 21 2018 01: +0,1521594000
33.78,1,Mar 22 2018 01: +0,1521680400
30.596,4,Mar 23 2018 01: +0,1521766800
32.567,4,Mar 24 2018 01: +0,1521853200
41.457,1,Mar 27 2018 01: +0,1522108800
32.613,2,Mar 29 2018 01: +0,1522281600
31.671,3,Mar 30 2018 01: +0,1522368000
34.841,1,Mar 31 2018 01: +0,1522454400
30.795,6,Apr 01 2018 01: +0,1522540800
29.456,1,Apr 02 2018 01: +0,1522627200
34.053,2,Apr 03 2018 01: +0,1522713600
27.561,1,Apr 05 2018 01: +0,1522886400
33.288,1,Apr 06 2018 01: +0,1522972800
31.631,1,Apr 07 2018 01: +0,1523059200
31.499,3,Apr 08 2018 01: +0,1523145600
31.708,3,Apr 09 2018 01: +0,1523232000
23.412,1,Apr 10 2018 01: +0,1523318400
27.493,3,Apr 11 2018 01: +0,1523404800
29.424,4,Apr 12 2018 01: +0,1523491200
28.955,5,Apr 13 2018 01: +0,1523577600
43.532,2,Apr 14 2018 01: +0,1523664000
31.978,2,Apr 16 2018 01: +0,1523836800
36.805,2,Apr 17 2018 01: +0,1523923200
31.962,1,Apr 18 2018 01: +0,1524009600
37.091,3,Apr 19 2018 01: +0,1524096000
30.752,3,Apr 20 2018 01: +0,1524182400
35.649,2,Apr 21 2018 01: +0,1524268800
35.758,3,Apr 22 2018 01: +0,1524355200
33.753,2,Apr 23 2018 01: +0,1524441600
30.953,1,Apr 25 2018 01: +0,1524614400
32.193,3,Apr 27 2018 01: +0,1524787200
28.306,1,Apr 28 2018 01: +0,1524873600
27.113,4,Apr 29 2018 01: +0,1524960000
29.721,4,Apr 30 2018 01: +0,1525046400
29.871,1,May 03 2018 01: +0,1525305600
31.077,1,May 04 2018 01: +0,1525392000
31.984,3,May 05 2018 01: +0,1525478400
28.46,1,May 06 2018 01: +0,1525564800
29.048,2,May 09 2018 01: +0,1525824000
29.531,3,May 10 2018 01: +0,1525910400
29.443,3,May 11 2018 01: +0,1525996800
28.968,4,May 12 2018 01: +0,1526083200
27.694,2,May 13 2018 01: +0,1526169600
25.278,1,May 15 2018 01: +0,1526342400
28.969,3,May 16 2018 01: +0,1526428800
26.139,1,May 17 2018 01: +0,1526515200
27.069,2,May 18 2018 01: +0,1526601600
29.945,2,May 19 2018 01: +0,1526688000
29.9,2,May 20 2018 01: +0,1526774400
30.091,1,May 21 2018 01: +0,1526860800
29.57,1,May 22 2018 01: +0,1526947200
25.369,1,May 23 2018 01: +0,1527033600
25.004,2,May 24 2018 01: +0,1527120000
27.528,2,May 25 2018 01: +0,1527206400
26.613,1,May 28 2018 01: +0,1527465600
25.27,1,May 29 2018 01: +0,1527552000
24.294,1,May 30 2018 01: +0,1527638400
29.683,2,May 31 2018 01: +0,1527724800
29.746,1,Jun 01 2018 01: +0,1527811200
29.756,1,Jun 02 2018 01: +0,1527897600
23.783,1,Jun 03 2018 01: +0,1527984000
25.948,3,Jun 04 2018 01: +0,1528070400
31.437,1,Jun 05 2018 01: +0,1528156800
29.783,1,Jun 06 2018 01: +0,1528243200
28.739,5,Jun 09 2018 01: +0,1528502400
30.279,7,Jun 10 2018 01: +0,1528588800
34.294,1,Jun 11 2018 01: +0,1528675200
28.878,3,Jun 12 2018 01: +0,1528761600
27.54,4,Jun 13 2018 01: +0,1528848000
31.548,1,Jun 14 2018 01: +0,1528934400
19.775,1,Jun 16 2018 01: +0,1529107200
26.598,2,Jun 17 2018 01: +0,1529193600
22.044,1,Jun 19 2018 01: +0,1529366400
29.86,2,Jun 23 2018 01: +0,1529712000
28.556,5,Jun 24 2018 01: +0,1529798400
22.234,1,Jun 26 2018 01: +0,1529971200
25.437,2,Jun 27 2018 01: +0,1530057600
30.444,1,Jun 28 2018 01: +0,1530144000
27.248,5,Jun 29 2018 01: +0,1530230400
24.517,3,Jul 01 2018 01: +0,1530403200
22.127,1,Jul 02 2018 01: +0,1530489600
28.243,1,Jul 03 2018 01: +0,1530576000
25.584,1,Jul 04 2018 01: +0,1530662400
22.173,2,Jul 05 2018 01: +0,1530748800
24.167,2,Jul 06 2018 01: +0,1530835200
23.926,2,Jul 07 2018 01: +0,1530921600
28.324,1,Jul 08 2018 01: +0,1531008000
26.223,5,Jul 09 2018 01: +0,1531094400
27.998,2,Jul 11 2018 01: +0,1531267200
30.586,3,Jul 15 2018 01: +0,1531612800
30.357,2,Jul 16 2018 01: +0,1531699200
26.967,2,Jul 17 2018 01: +0,1531785600
30.527,2,Jul 19 2018 01: +0,1531958400
24.476,1,Jul 20 2018 01: +0,1532044800
24.598,3,Jul 21 2018 01: +0,1532131200
25.846,2,Jul 22 2018 01: +0,1532217600
29.548,3,Jul 23 2018 01: +0,1532304000
27.349,5,Jul 24 2018 01: +0,1532390400
22.268,1,Jul 25 2018 01: +0,1532476800
24.803,2,Jul 26 2018 01: +0,1532563200
27.661,3,Jul 28 2018 01: +0,1532736000
28.317,4,Jul 29 2018 01: +0,1532822400
25.905,6,Jul 30 2018 01: +0,1532908800
28.968,1,Jul 31 2018 01: +0,1532995200
27.956,3,Aug 01 2018 01: +0,1533081600
26.139,2,Aug 02 2018 01: +0,1533168000
25.198,3,Aug 03 2018 01: +0,1533254400
26.341,2,Aug 04 2018 01: +0,1533340800
28.794,1,Aug 05 2018 01: +0,1533427200
25.521,2,Aug 07 2018 01: +0,1533600000
22.069,2,Aug 09 2018 01: +0,1533772800
22.011,1,Aug 11 2018 01: +0,1533945600
25.985,2,Aug 12 2018 01: +0,1534032000
21.229,3,Aug 13 2018 01: +0,1534118400
24.674,4,Aug 14 2018 01: +0,1534204800
23.641,1,Aug 15 2018 01: +0,1534291200
24.488,3,Aug 16 2018 01: +0,1534377600
26.11,2,Aug 17 2018 01: +0,1534464000
20.618,2,Aug 18 2018 01: +0,1534550400
19.728,1,Aug 20 2018 01: +0,1534723200
24.112,4,Aug 21 2018 01: +0,1534809600
20.812,1,Aug 22 2018 01: +0,1534896000
25.016,3,Aug 23 2018 01: +0,1534982400
23.973,6,Aug 24 2018 01: +0,1535068800
26.635,1,Aug 25 2018 01: +0,1535155200
21.105,2,Aug 26 2018 01: +0,1535241600
27.741,2,Aug 27 2018 01: +0,1535328000
28.86,1,Aug 28 2018 01: +0,1535414400
28.878,1,Aug 29 2018 01: +0,1535500800
24.478,1,Aug 30 2018 01: +0,1535587200
30.911,1,Sep 02 2018 01: +0,1535846400
27.786,1,Sep 03 2018 01: +0,1535932800
25.848,3,Sep 05 2018 01: +0,1536105600
33.743,1,Sep 06 2018 01: +0,1536192000
22.445,5,Sep 08 2018 01: +0,1536364800
19.124,1,Sep 09 2018 01: +0,1536451200
23.382,2,Sep 11 2018 01: +0,1536624000
28.542,2,Sep 12 2018 01: +0,1536710400
22.686,3,Sep 13 2018 01: +0,1536796800
26.844,2,Sep 14 2018 01: +0,1536883200
28.533,1,Sep 15 2018 01: +0,1536969600
28.585,2,Sep 16 2018 01: +0,1537056000
26.976,1,Sep 18 2018 01: +0,1537228800
26.057,2,Sep 20 2018 01: +0,1537401600
27.988,1,Sep 21 2018 01: +0,1537488000
25.769,3,Sep 23 2018 01: +0,1537660800
25.888,1,Sep 24 2018 01: +0,1537747200
27.355,1,Sep 25 2018 01: +0,1537833600
29.035,3,Sep 27 2018 01: +0,1538006400
30.845,1,Oct 02 2018 01: +0,1538438400
28.232,2,Oct 04 2018 01: +0,1538611200
25.062,3,Oct 07 2018 01: +0,1538870400
28.319,3,Oct 08 2018 01: +0,1538956800
28.41,2,Oct 09 2018 01: +0,1539043200
30.022,2,Oct 10 2018 01: +0,1539129600
25.411,1,Oct 11 2018 01: +0,1539216000
29.873,4,Oct 12 2018 01: +0,1539302400
25.932,1,Oct 13 2018 01: +0,1539388800
28.349,2,Oct 14 2018 01: +0,1539475200
30.759,1,Oct 15 2018 01: +0,1539561600
27.776,1,Oct 16 2018 01: +0,1539648000
27.694,1,Oct 17 2018 01: +0,1539734400
35.962,1,Oct 18 2018 01: +0,1539820800
30.995,2,Oct 19 2018 01: +0,1539907200
35.812,1,Oct 20 2018 01: +0,1539993600
27.661,1,Oct 22 2018 01: +0,1540166400
35.907,1,Oct 23 2018 01: +0,1540252800
34.194,3,Oct 25 2018 01: +0,1540425600
24.43,2,Oct 26 2018 01: +0,1540512000
31.431,2,Oct 27 2018 01: +0,1540598400
31.277,2,Oct 28 2018 01: +0,1540684800
35.339,2,Oct 29 2018 01: +0,1540774800
33.57,1,Oct 31 2018 01: +0,1540947600
33.57,1,Nov 01 2018 01: +0,1541034000
28.198,1,Nov 03 2018 01: +0,1541206800
31.12,2,Nov 04 2018 01: +0,1541293200
25.088,1,Nov 05 2018 01: +0,1541379600
27.748,2,Nov 06 2018 01: +0,1541466000
33.901,1,Nov 07 2018 01: +0,1541552400
33.061,1,Nov 08 2018 01: +0,1541638800
27.843,1,Nov 09 2018 01: +0,1541725200
28.19,3,Nov 11 2018 01: +0,1541898000
28.953,1,Nov 12 2018 01: +0,1541984400
33.263,2,Nov 13 2018 01: +0,1542070800
26.664,2,Nov 14 2018 01: +0,1542157200
27.09,1,Nov 15 2018 01: +0,1542243600
25.995,3,Nov 16 2018 01: +0,1542330000
32.152,1,Nov 17 2018 01: +0,1542416400
30.847,4,Nov 18 2018 01: +0,1542502800
32.396,2,Nov 19 2018 01: +0,1542589200
26.089,3,Nov 22 2018 01: +0,1542848400
23.26,1,Nov 24 2018 01: +0,1543021200
25.873,2,Nov 28 2018 01: +0,1543366800
29.471,3,Nov 30 2018 01: +0,1543539600
32.467,1,Dec 02 2018 01: +0,1543712400
32.825,1,Dec 03 2018 01: +0,1543798800
33.955,1,Dec 04 2018 01: +0,1543885200
26.441,2,Dec 05 2018 01: +0,1543971600
27.121,2,Dec 06 2018 01: +0,1544058000
27.754,3,Dec 07 2018 01: +0,1544144400
32.184,1,Dec 08 2018 01: +0,1544230800
23.521,2,Dec 10 2018 01: +0,1544403600
29.822,1,Dec 11 2018 01: +0,1544490000
20.838,4,Dec 12 2018 01: +0,1544576400
22.109,2,Dec 13 2018 01: +0,1544662800
22.887,2,Dec 14 2018 01: +0,1544749200
23.168,2,Dec 15 2018 01: +0,1544835600
26.296,8,Dec 16 2018 01: +0,1544922000
24.473,4,Dec 17 2018 01: +0,1545008400
23.764,2,Dec 18 2018 01: +0,1545094800
22.947,2,Dec 19 2018 01: +0,1545181200
25.565,4,Dec 20 2018 01: +0,1545267600
25.157,4,Dec 22 2018 01: +0,1545440400
21.088,1,Dec 23 2018 01: +0,1545526800
26.221,1,Dec 25 2018 01: +0,1545699600
23.133,3,Dec 28 2018 01: +0,1545958800
30.096,3,Dec 29 2018 01: +0,1546045200
27.14,4,Dec 30 2018 01: +0,1546131600
28.312,2,Dec 31 2018 01: +0,1546218000
24.315,2,Jan 01 2019 01: +0,1546304400
30.054,3,Jan 02 2019 01: +0,1546390800
28.852,3,Jan 03 2019 01: +0,1546477200
30.027,5,Jan 04 2019 01: +0,1546563600
32.679,1,Jan 05 2019 01: +0,1546650000
22.756,1,Jan 06 2019 01: +0,1546736400
25.586,5,Jan 07 2019 01: +0,1546822800
30.772,2,Jan 08 2019 01: +0,1546909200
32.23,1,Jan 10 2019 01: +0,1547082000
30.676,2,Jan 12 2019 01: +0,1547254800
25.27,2,Jan 13 2019 01: +0,1547341200
28.004,2,Jan 15 2019 01: +0,1547514000
30.586,1,Jan 16 2019 01: +0,1547600400
31.848,2,Jan 19 2019 01: +0,1547859600
32.015,1,Jan 20 2019 01: +0,1547946000
26.358,2,Jan 21 2019 01: +0,1548032400
30.314,2,Jan 23 2019 01: +0,1548205200
24.405,1,Jan 24 2019 01: +0,1548291600
30.755,2,Jan 25 2019 01: +0,1548378000
30.231,2,Jan 26 2019 01: +0,1548464400
25.831,5,Jan 27 2019 01: +0,1548550800
31.956,2,Jan 28 2019 01: +0,1548637200
27.652,1,Jan 29 2019 01: +0,1548723600
32.4,1,Jan 30 2019 01: +0,1548810000
31.945,2,Feb 02 2019 01: +0,1549069200
31.821,1,Feb 03 2019 01: +0,1549155600
31.291,2,Feb 04 2019 01: +0,1549242000
30.314,3,Feb 06 2019 01: +0,1549414800
28.906,2,Feb 07 2019 01: +0,1549501200
23.449,1,Feb 09 2019 01: +0,1549674000
29.639,4,Feb 10 2019 01: +0,1549760400
31.342,1,Feb 11 2019 01: +0,1549846800
26.511,1,Feb 12 2019 01: +0,1549933200
26.643,1,Feb 13 2019 01: +0,1550019600
21.879,1,Feb 14 2019 01: +0,1550106000
26.384,2,Feb 15 2019 01: +0,1550192400
30.519,3,Feb 16 2019 01: +0,1550278800
25.936,2,Feb 17 2019 01: +0,1550365200
30.636,4,Feb 18 2019 01: +0,1550451600
31.703,1,Feb 19 2019 01: +0,1550538000
27.883,3,Feb 20 2019 01: +0,1550624400
29.953,1,Feb 21 2019 01: +0,1550710800
31.602,1,Feb 22 2019 01: +0,1550797200
27.334,2,Feb 23 2019 01: +0,1550883600
31.482,1,Feb 25 2019 01: +0,1551056400
31.821,1,Feb 26 2019 01: +0,1551142800
29.382,8,Mar 02 2019 01: +0,1551488400
29.989,4,Mar 03 2019 01: +0,1551574800
25.681,1,Mar 04 2019 01: +0,1551661200
32.783,1,Mar 05 2019 01: +0,1551747600
33.135,1,Mar 07 2019 01: +0,1551920400
36.858,3,Mar 08 2019 01: +0,1552006800
31.308,3,Mar 09 2019 01: +0,1552093200
33.112,1,Mar 10 2019 01: +0,1552179600
35.014,3,Mar 11 2019 01: +0,1552266000
35.242,3,Mar 12 2019 01: +0,1552352400
36.196,2,Mar 13 2019 01: +0,1552438800
43.013,1,Mar 14 2019 01: +0,1552525200
29.886,1,Mar 16 2019 01: +0,1552698000
33.685,3,Mar 17 2019 01: +0,1552784400
32.425,2,Mar 18 2019 01: +0,1552870800
27.562,2,Mar 20 2019 01: +0,1553043600
29.685,3,Mar 21 2019 01: +0,1553130000
28.708,2,Mar 22 2019 01: +0,1553216400
27.606,3,Mar 23 2019 01: +0,1553302800
30.372,2,Mar 24 2019 01: +0,1553389200
25.874,1,Mar 26 2019 01: +0,1553562000
29.561,2,Mar 27 2019 01: +0,1553648400
24.977,2,Mar 28 2019 01: +0,1553734800
23.221,3,Mar 29 2019 01: +0,1553821200
29.625,1,Mar 30 2019 01: +0,1553907600
30.388,4,Mar 31 2019 01: +0,1553994000
26.515,4,Apr 01 2019 01: +0,1554076800
29.141,5,Apr 02 2019 01: +0,1554163200
26.427,1,Apr 04 2019 01: +0,1554336000
28.107,1,Apr 05 2019 01: +0,1554422400
30.824,2,Apr 06 2019 01: +0,1554508800
31.275,2,Apr 08 2019 01: +0,1554681600
30.704,3,Apr 09 2019 01: +0,1554768000
31.953,3,Apr 10 2019 01: +0,1554854400
27.594,1,Apr 11 2019 01: +0,1554940800
26.192,2,Apr 12 2019 01: +0,1555027200
26.726,1,Apr 13 2019 01: +0,1555113600
26.449,4,Apr 15 2019 01: +0,1555286400
26.291,3,Apr 16 2019 01: +0,1555372800
26.367,3,Apr 17 2019 01: +0,1555459200
27.22,2,Apr 18 2019 01: +0,1555545600
27.904,3,Apr 19 2019 01: +0,1555632000
29.503,1,Apr 20 2019 01: +0,1555718400
27.594,2,Apr 21 2019 01: +0,1555804800
29.512,1,Apr 22 2019 01: +0,1555891200
26.851,2,Apr 23 2019 01: +0,1555977600
23.438,1,Apr 24 2019 01: +0,1556064000
25.891,1,Apr 25 2019 01: +0,1556150400
27.682,5,Apr 26 2019 01: +0,1556236800
28.619,2,Apr 27 2019 01: +0,1556323200
26.588,2,Apr 28 2019 01: +0,1556409600
30.009,5,Apr 29 2019 01: +0,1556496000
33.462,2,Apr 30 2019 01: +0,1556582400
28.951,1,May 01 2019 01: +0,1556668800
33.702,2,May 02 2019 01: +0,1556755200
27.71,1,May 03 2019 01: +0,1556841600
33.3,1,May 04 2019 01: +0,1556928000
30.254,2,May 05 2019 01: +0,1557014400
30.136,4,May 06 2019 01: +0,1557100800
28.518,5,May 07 2019 01: +0,1557187200
30.49,1,May 08 2019 01: +0,1557273600
32.177,1,May 09 2019 01: +0,1557360000
32.131,1,May 12 2019 01: +0,1557619200
31.908,2,May 13 2019 01: +0,1557705600
31.797,1,May 14 2019 01: +0,1557792000
28.67,1,May 15 2019 01: +0,1557878400
29.994,2,May 16 2019 01: +0,1557964800
31.627,2,May 17 2019 01: +0,1558051200
36.008,1,May 18 2019 01: +0,1558137600
32.309,1,May 19 2019 01: +0,1558224000
32.384,1,May 21 2019 01: +0,1558396800
31.353,1,May 22 2019 01: +0,1558483200
32.231,3,May 23 2019 01: +0,1558569600
36.774,1,May 24 2019 01: +0,1558656000
37.487,1,May 25 2019 01: +0,1558742400
32.215,3,May 27 2019 01: +0,1558915200
37.349,2,May 28 2019 01: +0,1559001600
32.351,1,May 29 2019 01: +0,1559088000
37.302,1,May 30 2019 01: +0,1559174400
27.774,2,May 31 2019 01: +0,1559260800
36.929,2,Jun 01 2019 01: +0,1559347200
30.854,1,Jun 02 2019 01: +0,1559433600
37.069,1,Jun 03 2019 01: +0,1559520000
37.151,2,Jun 04 2019 01: +0,1559606400
31.691,3,Jun 05 2019 01: +0,1559692800
31.741,3,Jun 07 2019 01: +0,1559865600
29.93,2,Jun 08 2019 01: +0,1559952000
37.158,1,Jun 09 2019 01: +0,1560038400
33.251,4,Jun 10 2019 01: +0,1560124800
33.841,1,Jun 11 2019 01: +0,1560211200
36.833,1,Jun 13 2019 01: +0,1560384000
34.136,4,Jun 15 2019 01: +0,1560556800
37.104,2,Jun 16 2019 01: +0,1560643200
32.275,4,Jun 17 2019 01: +0,1560729600
32.089,3,Jun 18 2019 01: +0,1560816000
36.751,2,Jun 19 2019 01: +0,1560902400
35.089,4,Jun 21 2019 01: +0,1561075200
36.611,2,Jun 24 2019 01: +0,1561334400
36.372,4,Jun 26 2019 01: +0,1561507200
43.188,1,Jun 28 2019 01: +0,1561680000
45.329,1,Jun 29 2019 01: +0,1561766400
37.849,1,Jul 02 2019 01: +0,1562025600
41.367,2,Jul 04 2019 01: +0,1562198400
39.771,2,Jul 05 2019 01: +0,1562284800
41.35,1,Jul 07 2019 01: +0,1562457600
45.028,1,Jul 08 2019 01: +0,1562544000
41.824,2,Jul 09 2019 01: +0,1562630400
42.723,1,Jul 12 2019 01: +0,1562889600
42.06,1,Jul 15 2019 01: +0,1563148800
39.431,1,Jul 16 2019 01: +0,1563235200
38.852,1,Jul 18 2019 01: +0,1563408000
41.64,1,Jul 19 2019 01: +0,1563494400
37.033,1,Jul 21 2019 01: +0,1563667200
53.741,1,Jul 23 2019 01: +0,1563840000
37.066,1,Jul 25 2019 01: +0,1564012800
35.269,4,Jul 28 2019 01: +0,1564272000
60.152,1,Jul 29 2019 01: +0,1564358400
36.307,4,Jul 30 2019 01: +0,1564444800
35.538,3,Aug 02 2019 01: +0,1564704000
40.077,1,Aug 03 2019 01: +0,1564790400
40.126,2,Aug 04 2019 01: +0,1564876800
39.727,2,Aug 06 2019 01: +0,1565049600
36.226,3,Aug 07 2019 01: +0,1565136000
36.946,2,Aug 09 2019 01: +0,1565308800
45.517,3,Aug 10 2019 01: +0,1565395200
34.749,1,Aug 11 2019 01: +0,1565481600
42.489,2,Aug 12 2019 01: +0,1565568000
43.031,2,Aug 13 2019 01: +0,1565654400
42.169,2,Aug 14 2019 01: +0,1565740800
42.267,4,Aug 16 2019 01: +0,1565913600
39.646,2,Aug 18 2019 01: +0,1566086400
38.596,1,Aug 19 2019 01: +0,1566172800
36.942,1,Aug 21 2019 01: +0,1566345600
34.518,2,Aug 23 2019 01: +0,1566518400
38.258,3,Aug 25 2019 01: +0,1566691200
34.625,2,Aug 26 2019 01: +0,1566777600
40.432,1,Aug 28 2019 01: +0,1566950400
41.4,3,Aug 31 2019 01: +0,1567209600
40.174,2,Sep 01 2019 01: +0,1567296000
32.591,2,Sep 02 2019 01: +0,1567382400
19.741,2,Sep 04 2019 01: +0,1567555200
37.228,1,Sep 07 2019 01: +0,1567814400
38.274,2,Sep 08 2019 01: +0,1567900800
34.652,2,Sep 09 2019 01: +0,1567987200
37.396,3,Sep 10 2019 01: +0,1568073600
37.493,2,Sep 12 2019 01: +0,1568246400
40.301,1,Sep 14 2019 01: +0,1568419200
33.876,1,Sep 15 2019 01: +0,1568505600
40.273,1,Sep 17 2019 01: +0,1568678400
37.384,2,Sep 18 2019 01: +0,1568764800
41.607,1,Sep 19 2019 01: +0,1568851200
37.5,3,Sep 20 2019 01: +0,1568937600
41.809,1,Sep 21 2019 01: +0,1569024000
41.491,1,Sep 22 2019 01: +0,1569110400
37.993,3,Sep 24 2019 01: +0,1569283200
36.646,1,Sep 25 2019 01: +0,1569369600
36.635,1,Sep 26 2019 01: +0,1569456000
40.94,1,Sep 27 2019 01: +0,1569542400
47.136,2,Sep 28 2019 01: +0,1569628800
38.348,1,Oct 01 2019 01: +0,1569888000
46.81,1,Oct 02 2019 01: +0,1569974400
40.833,2,Oct 03 2019 01: +0,1570060800
37.487,1,Oct 04 2019 01: +0,1570147200
45.067,2,Oct 05 2019 01: +0,1570233600
44.888,1,Oct 06 2019 01: +0,1570320000
42.611,2,Oct 07 2019 01: +0,1570406400
39.523,2,Oct 09 2019 01: +0,1570579200
45.107,2,Oct 10 2019 01: +0,1570665600
41.278,2,Oct 12 2019 01: +0,1570838400
39.551,2,Oct 19 2019 01: +0,1571443200
36.975,2,Oct 20 2019 01: +0,1571529600
40.283,2,Oct 21 2019 01: +0,1571616000
32.913,1,Oct 22 2019 01: +0,1571702400
40.328,3,Oct 23 2019 01: +0,1571788800
35.745,2,Oct 25 2019 01: +0,1571961600
35.656,2,Oct 26 2019 01: +0,1572048000
31.896,1,Oct 27 2019 01: +0,1572134400
42.496,8,Oct 30 2019 01: +0,1572397200
44.254,1,Oct 31 2019 01: +0,1572483600
44.675,1,Nov 01 2019 01: +0,1572570000
47.562,1,Nov 04 2019 01: +0,1572829200
46.899,1,Nov 06 2019 01: +0,1573002000
40.8,2,Nov 08 2019 01: +0,1573174800
37.934,3,Nov 11 2019 01: +0,1573434000
41.019,1,Nov 12 2019 01: +0,1573520400
41.754,3,Nov 14 2019 01: +0,1573693200
41.661,4,Nov 19 2019 01: +0,1574125200
31.131,2,Nov 21 2019 01: +0,1574298000
30.239,3,Nov 22 2019 01: +0,1574384400
30.932,2,Nov 24 2019 01: +0,1574557200
33.549,1,Nov 27 2019 01: +0,1574816400
35.047,1,Nov 29 2019 01: +0,1574989200
38.305,3,Nov 30 2019 01: +0,1575075600
40.556,1,Dec 01 2019 01: +0,1575162000
39.536,2,Dec 04 2019 01: +0,1575421200
39.798,2,Dec 05 2019 01: +0,1575507600
39.4,1,Dec 06 2019 01: +0,1575594000
33.484,1,Dec 07 2019 01: +0,1575680400
40.519,1,Dec 09 2019 01: +0,1575853200
40.12,1,Dec 11 2019 01: +0,1576026000
38.502,1,Dec 12 2019 01: +0,1576112400
31.375,2,Dec 13 2019 01: +0,1576198800
31.366,1,Dec 14 2019 01: +0,1576285200
35.389,1,Dec 15 2019 01: +0,1576371600
38.05,1,Dec 16 2019 01: +0,1576458000
38.931,3,Dec 17 2019 01: +0,1576544400
41.904,1,Dec 18 2019 01: +0,1576630800
29.838,3,Dec 19 2019 01: +0,1576717200
23.781,1,Dec 20 2019 01: +0,1576803600
36.299,2,Dec 21 2019 01: +0,1576890000
37.19,1,Dec 23 2019 01: +0,1577062800
36.961,2,Dec 24 2019 01: +0,1577149200
35.275,2,Dec 25 2019 01: +0,1577235600
38.935,3,Dec 26 2019 01: +0,1577322000
44.13,1,Dec 27 2019 01: +0,1577408400
33.984,2,Dec 29 2019 01: +0,1577581200
23.624,1,Dec 30 2019 01: +0,1577667600
36.709,3,Dec 31 2019 01: +0,1577754000
37.061,6,Jan 02 2020 01: +0,1577926800
32.049,2,Jan 03 2020 01: +0,1578013200
37.987,2,Jan 04 2020 01: +0,1578099600
30.794,1,Jan 07 2020 01: +0,1578358800
30.44,1,Jan 08 2020 01: +0,1578445200
32.803,2,Jan 09 2020 01: +0,1578531600
31.706,1,Jan 10 2020 01: +0,1578618000
32.491,2,Jan 12 2020 01: +0,1578790800
32.902,3,Jan 13 2020 01: +0,1578877200
34.298,1,Jan 14 2020 01: +0,1578963600
32.821,2,Jan 15 2020 01: +0,1579050000
35.747,1,Jan 16 2020 01: +0,1579136400
32.639,4,Jan 17 2020 01: +0,1579222800
34.113,3,Jan 18 2020 01: +0,1579309200
37.495,3,Jan 19 2020 01: +0,1579395600
32.276,1,Jan 20 2020 01: +0,1579482000
30.792,2,Jan 21 2020 01: +0,1579568400
34.827,1,Jan 22 2020 01: +0,1579654800
35.783,1,Jan 23 2020 01: +0,1579741200
36.794,2,Jan 24 2020 01: +0,1579827600
37.214,1,Jan 25 2020 01: +0,1579914000
30.787,4,Jan 26 2020 01: +0,1580000400
43.763,2,Jan 27 2020 01: +0,1580086800
36.89,1,Jan 28 2020 01: +0,1580173200
37.253,2,Jan 31 2020 01: +0,1580432400
45.079,1,Feb 01 2020 01: +0,1580518800
40.244,1,Feb 03 2020 01: +0,1580691600
37.142,1,Feb 04 2020 01: +0,1580778000
40.68,1,Feb 05 2020 01: +0,1580864400
41.34,2,Feb 06 2020 01: +0,1580950800
36.095,1,Feb 07 2020 01: +0,1581037200
41.041,3,Feb 09 2020 01: +0,1581210000
36.578,1,Feb 10 2020 01: +0,1581296400
35.367,2,Feb 12 2020 01: +0,1581469200
37.223,1,Feb 14 2020 01: +0,1581642000
33.012,1,Feb 18 2020 01: +0,1581987600
31.545,2,Feb 20 2020 01: +0,1582160400
32.4,2,Feb 21 2020 01: +0,1582246800
36.677,1,Feb 23 2020 01: +0,1582419600
36.525,1,Feb 24 2020 01: +0,1582506000
31.273,1,Feb 25 2020 01: +0,1582592400
32.148,2,Feb 26 2020 01: +0,1582678800
30.774,1,Feb 27 2020 01: +0,1582765200
36.032,1,Feb 28 2020 01: +0,1582851600
36.562,2,Feb 29 2020 01: +0,1582938000
32.984,2,Mar 03 2020 01: +0,1583197200
36.367,2,Mar 04 2020 01: +0,1583283600
35.213,1,Mar 05 2020 01: +0,1583370000
32.533,2,Mar 06 2020 01: +0,1583456400
32.808,4,Mar 07 2020 01: +0,1583542800
34.159,1,Mar 08 2020 01: +0,1583629200
45.003,1,Mar 09 2020 01: +0,1583715600
42.802,1,Mar 10 2020 01: +0,1583802000
32.433,1,Mar 11 2020 01: +0,1583888400
37.538,2,Mar 12 2020 01: +0,1583974800
36.914,3,Mar 13 2020 01: +0,1584061200
43.015,1,Mar 14 2020 01: +0,1584147600
44.478,2,Mar 15 2020 01: +0,1584234000
32.135,1,Mar 16 2020 01: +0,1584320400
35.846,2,Mar 17 2020 01: +0,1584406800
41.708,3,Mar 18 2020 01: +0,1584493200
41.195,1,Mar 19 2020 01: +0,1584579600
35.031,1,Mar 20 2020 01: +0,1584666000
38.952,1,Mar 21 2020 01: +0,1584752400
35.008,1,Mar 22 2020 01: +0,1584838800
41.342,1,Mar 23 2020 01: +0,1584925200
43.952,3,Mar 24 2020 01: +0,1585011600
37.219,2,Mar 28 2020 01: +0,1585357200
36.867,1,Mar 30 2020 01: +0,1585526400
31.753,2,Mar 31 2020 01: +0,1585612800
32.266,1,Apr 01 2020 01: +0,1585699200
31.391,1,Apr 02 2020 01: +0,1585785600
38.181,2,Apr 03 2020 01: +0,1585872000
34.544,2,Apr 04 2020 01: +0,1585958400
37.711,1,Apr 05 2020 01: +0,1586044800
32.343,3,Apr 06 2020 01: +0,1586131200
31.572,3,Apr 07 2020 01: +0,1586217600
38.078,2,Apr 08 2020 01: +0,1586304000
30.461,2,Apr 09 2020 01: +0,1586390400
36.166,5,Apr 10 2020 01: +0,1586476800
36.551,4,Apr 12 2020 01: +0,1586649600
38.488,2,Apr 13 2020 01: +0,1586736000
38.06,2,Apr 15 2020 01: +0,1586908800
38.114,1,Apr 16 2020 01: +0,1586995200
33.456,1,Apr 17 2020 01: +0,1587081600
37.691,2,Apr 18 2020 01: +0,1587168000
34.779,3,Apr 19 2020 01: +0,1587254400
35.477,3,Apr 23 2020 01: +0,1587600000
33.262,2,Apr 24 2020 01: +0,1587686400
37.17,4,Apr 25 2020 01: +0,1587772800
36.218,2,Apr 26 2020 01: +0,1587859200
45.169,2,Apr 27 2020 01: +0,1587945600
35.283,2,Apr 28 2020 01: +0,1588032000
49.643,1,Apr 29 2020 01: +0,1588118400
40.63,2,May 01 2020 01: +0,1588291200
40.824,2,May 02 2020 01: +0,1588377600
41.61,2,May 03 2020 01: +0,1588464000
46.355,1,May 04 2020 01: +0,1588550400
43.04,3,May 06 2020 01: +0,1588723200
37.322,2,May 07 2020 01: +0,1588809600
33.509,1,May 08 2020 01: +0,1588896000
38.838,2,May 09 2020 01: +0,1588982400
29.77,1,May 11 2020 01: +0,1589155200
46.184,2,May 12 2020 01: +0,1589241600
46.191,1,May 13 2020 01: +0,1589328000
46.346,1,May 14 2020 01: +0,1589414400
42.146,2,May 15 2020 01: +0,1589500800
39.034,1,May 16 2020 01: +0,1589587200
47.388,1,May 17 2020 01: +0,1589673600
36.36,1,May 20 2020 01: +0,1589932800
43.713,3,May 21 2020 01: +0,1590019200
40.576,3,May 22 2020 01: +0,1590105600
39.949,1,May 23 2020 01: +0,1590192000
46.341,2,May 25 2020 01: +0,1590364800
44.734,1,May 28 2020 01: +0,1590624000
44.913,2,May 29 2020 01: +0,1590710400
42.195,5,May 31 2020 01: +0,1590883200
46.612,2,Jun 03 2020 01: +0,1591142400
45.495,1,Jun 07 2020 01: +0,1591488000
43.261,2,Jun 08 2020 01: +0,1591574400
47.114,1,Jun 09 2020 01: +0,1591660800
40.104,1,Jun 11 2020 01: +0,1591833600
43.757,2,Jun 13 2020 01: +0,1592006400
39.109,1,Jun 16 2020 01: +0,1592265600
41.679,2,Jun 17 2020 01: +0,1592352000
43.401,4,Jun 18 2020 01: +0,1592438400
45.911,2,Jun 20 2020 01: +0,1592611200
39.423,1,Jun 22 2020 01: +0,1592784000
48.86,1,Jun 23 2020 01: +0,1592870400
46.81,1,Jun 24 2020 01: +0,1592956800
49.022,1,Jun 25 2020 01: +0,1593043200
41.429,3,Jun 26 2020 01: +0,1593129600
37.989,3,Jun 27 2020 01: +0,1593216000
45.738,2,Jul 02 2020 01: +0,1593648000
39.249,2,Jul 05 2020 01: +0,1593907200
47.068,1,Jul 08 2020 01: +0,1594166400
43.133,2,Jul 09 2020 01: +0,1594252800
46.586,1,Jul 10 2020 01: +0,1594339200
39.136,1,Jul 13 2020 01: +0,1594598400
41.484,2,Jul 14 2020 01: +0,1594684800
45.099,2,Jul 15 2020 01: +0,1594771200
39.795,2,Jul 16 2020 01: +0,1594857600
47.05,1,Jul 17 2020 01: +0,1594944000
43.518,2,Jul 18 2020 01: +0,1595030400
39.721,1,Jul 19 2020 01: +0,1595116800
47.07,2,Jul 22 2020 01: +0,1595376000
40.086,1,Jul 23 2020 01: +0,1595462400
46.305,1,Jul 25 2020 01: +0,1595635200
46.987,2,Jul 26 2020 01: +0,1595721600
44.891,3,Jul 27 2020 01: +0,1595808000
43.042,3,Jul 31 2020 01: +0,1596153600
43.772,2,Aug 01 2020 01: +0,1596240000
48.452,3,Aug 02 2020 01: +0,1596326400
58.076,1,Aug 03 2020 01: +0,1596412800
57.646,1,Aug 04 2020 01: +0,1596499200
58.162,1,Aug 05 2020 01: +0,1596585600
52.854,2,Aug 07 2020 01: +0,1596758400
60.385,1,Aug 09 2020 01: +0,1596931200
42.801,1,Aug 10 2020 01: +0,1597017600
64.2,1,Aug 15 2020 01: +0,1597449600
45.629,3,Aug 16 2020 01: +0,1597536000
42.36,1,Aug 17 2020 01: +0,1597622400
44.621,2,Aug 20 2020 01: +0,1597881600
47.812,1,Aug 21 2020 01: +0,1597968000
48.34,1,Aug 22 2020 01: +0,1598054400
40.822,2,Aug 23 2020 01: +0,1598140800
38.946,1,Aug 24 2020 01: +0,1598227200
39.137,1,Aug 25 2020 01: +0,1598313600
43.519,1,Aug 26 2020 01: +0,1598400000
43.401,3,Aug 27 2020 01: +0,1598486400
36.983,1,Aug 28 2020 01: +0,1598572800
34.352,1,Aug 30 2020 01: +0,1598745600
40.223,3,Sep 01 2020 01: +0,1598918400
44.995,1,Sep 02 2020 01: +0,1599004800
37.81,1,Sep 04 2020 01: +0,1599177600
36.863,1,Sep 05 2020 01: +0,1599264000
44.033,2,Sep 06 2020 01: +0,1599350400
43.658,1,Sep 07 2020 01: +0,1599436800
44.618,1,Sep 08 2020 01: +0,1599523200
41.444,3,Sep 09 2020 01: +0,1599609600
39.069,2,Sep 10 2020 01: +0,1599696000
36.492,2,Sep 12 2020 01: +0,1599868800
41.721,2,Sep 13 2020 01: +0,1599955200
50.833,2,Sep 14 2020 01: +0,1600041600
46.454,1,Sep 15 2020 01: +0,1600128000
38.579,1,Sep 19 2020 01: +0,1600473600
36.222,1,Sep 21 2020 01: +0,1600646400
44.587,1,Sep 22 2020 01: +0,1600732800
36.475,3,Sep 23 2020 01: +0,1600819200
36.404,1,Sep 24 2020 01: +0,1600905600
35.099,1,Sep 26 2020 01: +0,1601078400
35.413,2,Sep 27 2020 01: +0,1601164800
36.843,2,Sep 28 2020 01: +0,1601251200
34.91,1,Sep 29 2020 01: +0,1601337600
39.747,2,Sep 30 2020 01: +0,1601424000
41.544,1,Oct 01 2020 01: +0,1601510400
41.627,1,Oct 02 2020 01: +0,1601596800
42.189,2,Oct 03 2020 01: +0,1601683200
37.81,1,Oct 04 2020 01: +0,1601769600
40.008,2,Oct 05 2020 01: +0,1601856000
34.391,1,Oct 07 2020 01: +0,1602028800
38.268,3,Oct 08 2020 01: +0,1602115200
37.392,1,Oct 10 2020 01: +0,1602288000
40.226,2,Oct 11 2020 01: +0,1602374400
37.046,1,Oct 12 2020 01: +0,1602460800
36.983,1,Oct 14 2020 01: +0,1602633600
43.207,2,Oct 15 2020 01: +0,1602720000
40.908,2,Oct 17 2020 01: +0,1602892800
53.51,1,Oct 18 2020 01: +0,1602979200
37.909,1,Oct 19 2020 01: +0,1603065600
37.927,2,Oct 23 2020 01: +0,1603411200
40.639,2,Oct 24 2020 01: +0,1603497600
40.27,2,Oct 25 2020 01: +0,1603584000
40.491,2,Oct 27 2020 01: +0,1603760400
37.615,5,Oct 28 2020 01: +0,1603846800
38.491,1,Nov 01 2020 01: +0,1604192400
38.0,1,Nov 03 2020 01: +0,1604365200
37.695,2,Nov 04 2020 01: +0,1604451600
35.42,1,Nov 05 2020 01: +0,1604538000
45.412,1,Nov 06 2020 01: +0,1604624400
40.542,3,Nov 08 2020 01: +0,1604797200
36.793,2,Nov 09 2020 01: +0,1604883600
36.889,1,Nov 10 2020 01: +0,1604970000
42.359,1,Nov 11 2020 01: +0,1605056400
37.905,2,Nov 14 2020 01: +0,1605315600
41.478,2,Nov 15 2020 01: +0,1605402000
35.844,1,Nov 16 2020 01: +0,1605488400
42.959,2,Nov 18 2020 01: +0,1605661200
56.008,1,Nov 19 2020 01: +0,1605747600
36.073,2,Nov 21 2020 01: +0,1605920400
36.004,1,Nov 22 2020 01: +0,1606006800
38.457,2,Nov 24 2020 01: +0,1606179600
34.551,1,Nov 26 2020 01: +0,1606352400
40.349,2,Nov 27 2020 01: +0,1606438800
33.094,2,Nov 29 2020 01: +0,1606611600
29.278,2,Nov 30 2020 01: +0,1606698000
33.832,2,Dec 01 2020 01: +0,1606784400
34.89,1,Dec 02 2020 01: +0,1606870800
34.444,6,Dec 03 2020 01: +0,1606957200
28.843,3,Dec 04 2020 01: +0,1607043600
39.999,1,Dec 05 2020 01: +0,1607130000
27.908,1,Dec 09 2020 01: +0,1607475600
29.507,2,Dec 10 2020 01: +0,1607562000
37.159,2,Dec 11 2020 01: +0,1607648400
32.695,3,Dec 13 2020 01: +0,1607821200
28.446,1,Dec 15 2020 01: +0,1607994000
33.09,1,Dec 16 2020 01: +0,1608080400
33.262,4,Dec 18 2020 01: +0,1608253200
31.477,3,Dec 19 2020 01: +0,1608339600
35.205,2,Dec 20 2020 01: +0,1608426000
28.537,1,Dec 21 2020 01: +0,1608512400
34.865,1,Dec 23 2020 01: +0,1608685200
34.872,1,Dec 24 2020 01: +0,1608771600
30.88,6,Dec 25 2020 01: +0,1608858000
35.87,2,Dec 26 2020 01: +0,1608944400
30.031,2,Dec 27 2020 01: +0,1609030800
35.661,2,Dec 29 2020 01: +0,1609203600
31.645,3,Dec 31 2020 01: +0,1609376400
32.86,3,Jan 01 2021 01: +0,1609462800
37.078,1,Jan 02 2021 01: +0,1609549200
32.009,4,Jan 03 2021 01: +0,1609635600
35.368,2,Jan 04 2021 01: +0,1609722000
36.658,6,Jan 06 2021 01: +0,1609894800
41.043,6,Jan 09 2021 01: +0,1610154000
60.367,1,Jan 10 2021 01: +0,1610240400
35.231,3,Jan 12 2021 01: +0,1610413200
46.566,1,Jan 13 2021 01: +0,1610499600
34.816,1,Jan 14 2021 01: +0,1610586000
44.098,1,Jan 17 2021 01: +0,1610845200
38.43,2,Jan 18 2021 01: +0,1610931600
40.766,2,Jan 19 2021 01: +0,1611018000
33.922,1,Jan 21 2021 01: +0,1611190800
36.495,3,Jan 23 2021 01: +0,1611363600
33.797,2,Jan 24 2021 01: +0,1611450000
37.223,1,Jan 25 2021 01: +0,1611536400
40.055,2,Jan 26 2021 01: +0,1611622800
39.136,1,Jan 27 2021 01: +0,1611709200
39.708,5,Jan 28 2021 01: +0,1611795600
29.12,1,Jan 29 2021 01: +0,1611882000
31.948,3,Jan 30 2021 01: +0,1611968400
35.1,4,Jan 31 2021 01: +0,1612054800
37.808,3,Feb 01 2021 01: +0,1612141200
35.38,2,Feb 03 2021 01: +0,1612314000
34.816,1,Feb 04 2021 01: +0,1612400400
36.748,4,Feb 05 2021 01: +0,1612486800
39.805,1,Feb 06 2021 01: +0,1612573200
39.666,2,Feb 07 2021 01: +0,1612659600
37.152,4,Feb 08 2021 01: +0,1612746000
33.558,1,Feb 10 2021 01: +0,1612918800
37.897,2,Feb 11 2021 01: +0,1613005200
41.905,1,Feb 12 2021 01: +0,1613091600
37.668,2,Feb 13 2021 01: +0,1613178000
35.041,3,Feb 14 2021 01: +0,1613264400
31.788,1,Feb 15 2021 01: +0,1613350800
39.924,2,Feb 16 2021 01: +0,1613437200
38.182,1,Feb 17 2021 01: +0,1613523600
39.925,2,Feb 19 2021 01: +0,1613696400
37.776,3,Feb 20 2021 01: +0,1613782800
31.871,1,Feb 21 2021 01: +0,1613869200
32.026,2,Feb 23 2021 01: +0,1614042000
33.899,2,Feb 26 2021 01: +0,1614301200
36.038,3,Feb 27 2021 01: +0,1614387600
36.766,2,Feb 28 2021 01: +0,1614474000
37.971,2,Mar 03 2021 01: +0,1614733200
45.85,1,Mar 04 2021 01: +0,1614819600
32.983,2,Mar 07 2021 01: +0,1615078800
35.36,2,Mar 08 2021 01: +0,1615165200
33.443,1,Mar 10 2021 01: +0,1615338000
33.257,3,Mar 11 2021 01: +0,1615424400
34.383,3,Mar 12 2021 01: +0,1615510800
36.975,1,Mar 13 2021 01: +0,1615597200
33.55,1,Mar 14 2021 01: +0,1615683600
34.944,2,Mar 18 2021 01: +0,1616029200
37.376,2,Mar 19 2021 01: +0,1616115600
35.817,3,Mar 20 2021 01: +0,1616202000
38.855,2,Mar 21 2021 01: +0,1616288400
46.692,2,Mar 24 2021 01: +0,1616547600
44.131,3,Mar 26 2021 01: +0,1616720400
41.987,1,Mar 28 2021 01: +0,1616893200
41.37,1,Mar 29 2021 01: +0,1616976000
34.601,2,Mar 31 2021 01: +0,1617148800
33.297,1,Apr 01 2021 01: +0,1617235200
34.642,1,Apr 02 2021 01: +0,1617321600
35.748,4,Apr 03 2021 01: +0,1617408000
41.668,5,Apr 04 2021 01: +0,1617494400
34.51,1,Apr 06 2021 01: +0,1617667200
35.086,3,Apr 08 2021 01: +0,1617840000
34.319,1,Apr 09 2021 01: +0,1617926400
33.895,1,Apr 10 2021 01: +0,1618012800
34.17,1,Apr 11 2021 01: +0,1618099200
35.779,2,Apr 12 2021 01: +0,1618185600
38.66,1,Apr 13 2021 01: +0,1618272000
43.405,1,Apr 15 2021 01: +0,1618444800
33.705,1,Apr 17 2021 01: +0,1618617600
38.832,2,Apr 19 2021 01: +0,1618790400
36.983,3,Apr 20 2021 01: +0,1618876800
37.223,1,Apr 21 2021 01: +0,1618963200
34.918,3,Apr 22 2021 01: +0,1619049600
29.955,1,Apr 23 2021 01: +0,1619136000
29.294,3,Apr 24 2021 01: +0,1619222400
32.22,2,Apr 26 2021 01: +0,1619395200
36.516,6,Apr 28 2021 01: +0,1619568000
28.951,1,Apr 30 2021 01: +0,1619740800
31.342,1,May 01 2021 01: +0,1619827200
35.218,2,May 02 2021 01: +0,1619913600
31.292,2,May 03 2021 01: +0,1620000000
31.176,1,May 05 2021 01: +0,1620172800
31.379,2,May 07 2021 01: +0,1620345600
32.939,3,May 09 2021 01: +0,1620518400
35.02,1,May 10 2021 01: +0,1620604800
36.88,2,May 11 2021 01: +0,1620691200
37.794,1,May 13 2021 01: +0,1620864000
39.684,3,May 14 2021 01: +0,1620950400
41.851,2,May 15 2021 01: +0,1621036800
43.757,1,May 16 2021 01: +0,1621123200
34.369,2,May 20 2021 01: +0,1621468800
33.955,1,May 21 2021 01: +0,1621555200
41.257,2,May 22 2021 01: +0,1621641600
34.35,1,May 23 2021 01: +0,1621728000
41.334,1,May 24 2021 01: +0,1621814400
42.016,1,May 25 2021 01: +0,1621900800
38.294,4,May 28 2021 01: +0,1622160000
36.392,2,May 29 2021 01: +0,1622246400
41.458,1,May 30 2021 01: +0,1622332800
35.586,1,Jun 01 2021 01: +0,1622505600
38.925,2,Jun 03 2021 01: +0,1622678400
38.865,2,Jun 04 2021 01: +0,1622764800
42.265,1,Jun 05 2021 01: +0,1622851200
48.014,2,Jun 06 2021 01: +0,1622937600
45.315,1,Jun 08 2021 01: +0,1623110400
35.709,1,Jun 09 2021 01: +0,1623196800
39.001,1,Jun 10 2021 01: +0,1623283200
40.188,4,Jun 11 2021 01: +0,1623369600
38.191,2,Jun 12 2021 01: +0,1623456000
37.448,2,Jun 14 2021 01: +0,1623628800
43.438,2,Jun 16 2021 01: +0,1623801600
43.272,1,Jun 17 2021 01: +0,1623888000
43.184,1,Jun 18 2021 01: +0,1623974400
34.369,1,Jun 19 2021 01: +0,1624060800
37.184,2,Jun 24 2021 01: +0,1624492800
36.538,4,Jun 25 2021 01: +0,1624579200
52.387,2,Jun 26 2021 01: +0,1624665600
35.511,1,Jun 27 2021 01: +0,1624752000
49.249,1,Jun 28 2021 01: +0,1624838400
36.578,2,Jun 29 2021 01: +0,1624924800
36.609,1,Jun 30 2021 01: +0,1625011200
38.808,2,Jul 03 2021 01: +0,1625270400
34.986,1,Jul 06 2021 01: +0,1625529600
36.112,2,Jul 09 2021 01: +0,1625788800
37.821,4,Jul 10 2021 01: +0,1625875200
38.876,2,Jul 14 2021 01: +0,1626220800
33.84,1,Jul 17 2021 01: +0,1626480000
39.728,2,Jul 19 2021 01: +0,1626652800
29.96,1,Jul 20 2021 01: +0,1626739200
31.464,2,Jul 22 2021 01: +0,1626912000
39.406,2,Jul 23 2021 01: +0,1626998400
35.901,2,Jul 24 2021 01: +0,1627084800
38.093,2,Jul 28 2021 01: +0,1627430400
31.914,1,Jul 30 2021 01: +0,1627603200
36.259,3,Jul 31 2021 01: +0,1627689600
40.267,1,Aug 01 2021 01: +0,1627776000
35.467,4,Aug 02 2021 01: +0,1627862400
42.406,2,Aug 07 2021 01: +0,1628294400
45.841,2,Aug 10 2021 01: +0,1628553600
38.468,2,Aug 12 2021 01: +0,1628726400
51.385,2,Aug 14 2021 01: +0,1628899200
34.22,2,Aug 16 2021 01: +0,1629072000
42.955,2,Aug 17 2021 01: +0,1629158400
33.788,2,Aug 20 2021 01: +0,1629417600
34.395,1,Aug 21 2021 01: +0,1629504000
46.586,1,Aug 22 2021 01: +0,1629590400
44.618,1,Aug 24 2021 01: +0,1629763200
39.305,2,Aug 25 2021 01: +0,1629849600
34.625,1,Aug 26 2021 01: +0,1629936000
82.734,1,Aug 28 2021 01: +0,1630108800
42.407,1,Aug 29 2021 01: +0,1630195200
43.03,1,Aug 31 2021 01: +0,1630368000
44.368,2,Sep 02 2021 01: +0,1630540800
35.032,3,Sep 08 2021 01: +0,1631059200
46.118,1,Sep 10 2021 01: +0,1631232000
45.948,1,Sep 11 2021 01: +0,1631318400
47.72,1,Sep 12 2021 01: +0,1631404800
36.517,1,Sep 13 2021 01: +0,1631491200
38.034,3,Sep 14 2021 01: +0,1631577600
38.891,1,Sep 16 2021 01: +0,1631750400
33.459,1,Sep 20 2021 01: +0,1632096000
32.086,1,Sep 21 2021 01: +0,1632182400
32.561,4,Sep 22 2021 01: +0,1632268800
31.12,3,Sep 26 2021 01: +0,1632614400
29.605,4,Sep 28 2021 01: +0,1632787200
38.009,1,Sep 29 2021 01: +0,1632873600
30.297,3,Sep 30 2021 01: +0,1632960000
35.985,1,Oct 01 2021 01: +0,1633046400
35.874,4,Oct 03 2021 01: +0,1633219200
40.283,1,Oct 05 2021 01: +0,1633392000
40.744,1,Oct 06 2021 01: +0,1633478400
31.912,1,Oct 08 2021 01: +0,1633651200
33.924,2,Oct 09 2021 01: +0,1633737600
37.607,4,Oct 10 2021 01: +0,1633824000
35.752,2,Oct 11 2021 01: +0,1633910400
39.996,1,Oct 13 2021 01: +0,1634083200
32.785,4,Oct 15 2021 01: +0,1634256000
40.64,1,Oct 16 2021 01: +0,1634342400
35.85,2,Oct 17 2021 01: +0,1634428800
36.897,3,Oct 20 2021 01: +0,1634688000
40.435,1,Oct 22 2021 01: +0,1634860800
37.066,2,Oct 24 2021 01: +0,1635033600
34.554,1,Oct 26 2021 01: +0,1635206400
30.44,2,Oct 27 2021 01: +0,1635292800
29.764,1,Oct 28 2021 01: +0,1635379200
35.126,2,Oct 29 2021 01: +0,1635465600
33.137,2,Oct 31 2021 01: +0,1635638400
29.861,1,Nov 01 2021 01: +0,1635728400
29.696,1,Nov 04 2021 01: +0,1635987600
29.774,1,Nov 05 2021 01: +0,1636074000
26.709,1,Nov 07 2021 01: +0,1636246800
32.275,1,Nov 08 2021 01: +0,1636333200
26.821,2,Nov 10 2021 01: +0,1636506000
27.679,5,Nov 11 2021 01: +0,1636592400
27.423,4,Nov 13 2021 01: +0,1636765200
36.478,1,Nov 14 2021 01: +0,1636851600
27.297,1,Nov 15 2021 01: +0,1636938000
32.409,1,Nov 17 2021 01: +0,1637110800
31.871,1,Nov 19 2021 01: +0,1637283600
32.202,2,Nov 22 2021 01: +0,1637542800
30.682,1,Nov 23 2021 01: +0,1637629200
29.761,1,Nov 25 2021 01: +0,1637802000
40.745,1,Nov 27 2021 01: +0,1637974800
27.661,4,Nov 30 2021 01: +0,1638234000
31.747,1,Dec 02 2021 01: +0,1638406800
31.633,2,Dec 03 2021 01: +0,1638493200
31.979,3,Dec 05 2021 01: +0,1638666000
29.286,2,Dec 06 2021 01: +0,1638752400
33.001,4,Dec 07 2021 01: +0,1638838800
39.297,1,Dec 08 2021 01: +0,1638925200
30.002,1,Dec 09 2021 01: +0,1639011600
30.796,1,Dec 10 2021 01: +0,1639098000
34.972,2,Dec 13 2021 01: +0,1639357200
31.399,1,Dec 14 2021 01: +0,1639443600
38.236,2,Dec 16 2021 01: +0,1639616400
30.92,1,Dec 17 2021 01: +0,1639702800
35.161,3,Dec 18 2021 01: +0,1639789200
31.399,1,Dec 19 2021 01: +0,1639875600
37.235,1,Dec 20 2021 01: +0,1639962000
36.209,2,Dec 21 2021 01: +0,1640048400
37.444,2,Dec 23 2021 01: +0,1640221200
34.277,3,Dec 24 2021 01: +0,1640307600
39.538,3,Dec 26 2021 01: +0,1640480400
40.759,2,Dec 28 2021 01: +0,1640653200
35.334,2,Dec 31 2021 01: +0,1640912400
33.761,3,Jan 01 2022 01: +0,1640998800
35.388,2,Jan 02 2022 01: +0,1641085200
36.333,1,Jan 04 2022 01: +0,1641258000
35.4,3,Jan 05 2022 01: +0,1641344400
32.47,2,Jan 06 2022 01: +0,1641430800
39.642,3,Jan 07 2022 01: +0,1641517200
37.235,1,Jan 08 2022 01: +0,1641603600
32.988,1,Jan 09 2022 01: +0,1641690000
40.161,1,Jan 11 2022 01: +0,1641862800
40.619,1,Jan 13 2022 01: +0,1642035600
43.389,1,Jan 14 2022 01: +0,1642122000
33.5,1,Jan 16 2022 01: +0,1642294800
34.22,1,Jan 17 2022 01: +0,1642381200
37.691,2,Jan 18 2022 01: +0,1642467600
37.224,2,Jan 19 2022 01: +0,1642554000
33.285,1,Jan 20 2022 01: +0,1642640400
32.82,1,Jan 21 2022 01: +0,1642726800
33.368,1,Jan 22 2022 01: +0,1642813200
34.714,2,Jan 27 2022 01: +0,1643245200
33.037,1,Jan 28 2022 01: +0,1643331600
32.616,2,Jan 29 2022 01: +0,1643418000
32.218,1,Jan 30 2022 01: +0,1643504400
40.267,1,Jan 31 2022 01: +0,1643590800
40.432,1,Feb 01 2022 01: +0,1643677200
36.342,2,Feb 02 2022 01: +0,1643763600
43.319,3,Feb 04 2022 01: +0,1643936400
31.979,1,Feb 05 2022 01: +0,1644022800
29.778,1,Feb 07 2022 01: +0,1644195600
29.803,1,Feb 08 2022 01: +0,1644282000
33.35,4,Feb 11 2022 01: +0,1644541200
31.614,2,Feb 13 2022 01: +0,1644714000
34.646,3,Feb 14 2022 01: +0,1644800400
38.174,2,Feb 15 2022 01: +0,1644886800
35.444,2,Feb 16 2022 01: +0,1644973200
38.083,1,Feb 17 2022 01: +0,1645059600
30.192,1,Feb 18 2022 01: +0,1645146000
38.587,1,Feb 19 2022 01: +0,1645232400
43.164,1,Feb 20 2022 01: +0,1645318800
38.571,1,Feb 21 2022 01: +0,1645405200
32.625,3,Feb 22 2022 01: +0,1645491600
34.512,4,Feb 23 2022 01: +0,1645578000
37.517,1,Feb 25 2022 01: +0,1645750800
30.799,2,Feb 26 2022 01: +0,1645837200
29.678,1,Feb 27 2022 01: +0,1645923600
33.948,1,Feb 28 2022 01: +0,1646010000
37.592,2,Mar 01 2022 01: +0,1646096400
38.257,1,Mar 02 2022 01: +0,1646182800
41.251,2,Mar 04 2022 01: +0,1646355600
34.915,3,Mar 05 2022 01: +0,1646442000
38.192,2,Mar 06 2022 01: +0,1646528400
31.28,2,Mar 07 2022 01: +0,1646614800
29.417,2,Mar 10 2022 01: +0,1646874000
30.655,1,Mar 11 2022 01: +0,1646960400
30.888,2,Mar 12 2022 01: +0,1647046800
31.201,2,Mar 13 2022 01: +0,1647133200
30.605,1,Mar 15 2022 01: +0,1647306000
28.984,1,Mar 16 2022 01: +0,1647392400
33.771,2,Mar 18 2022 01: +0,1647565200
27.313,1,Mar 19 2022 01: +0,1647651600
33.079,1,Mar 20 2022 01: +0,1647738000
33.468,5,Mar 21 2022 01: +0,1647824400
36.964,1,Mar 23 2022 01: +0,1647997200
35.738,2,Mar 24 2022 01: +0,1648083600
36.404,1,Mar 25 2022 01: +0,1648170000
35.614,2,Mar 26 2022 01: +0,1648256400
37.085,2,Mar 27 2022 01: +0,1648342800
37.066,1,Mar 31 2022 01: +0,1648684800
32.078,1,Apr 01 2022 01: +0,1648771200
35.655,2,Apr 02 2022 01: +0,1648857600
36.751,1,Apr 03 2022 01: +0,1648944000
39.529,3,Apr 04 2022 01: +0,1649030400
36.573,3,Apr 05 2022 01: +0,1649116800
33.236,1,Apr 06 2022 01: +0,1649203200
31.974,2,Apr 08 2022 01: +0,1649376000
35.868,3,Apr 09 2022 01: +0,1649462400
32.102,4,Apr 10 2022 01: +0,1649548800
36.065,1,Apr 12 2022 01: +0,1649721600
31.416,1,Apr 13 2022 01: +0,1649808000
32.62,2,Apr 14 2022 01: +0,1649894400
35.433,3,Apr 15 2022 01: +0,1649980800
36.349,1,Apr 21 2022 01: +0,1650499200
33.888,2,Apr 23 2022 01: +0,1650672000
38.462,3,Apr 24 2022 01: +0,1650758400
32.127,1,Apr 25 2022 01: +0,1650844800
50.375,2,Apr 26 2022 01: +0,1650931200
31.697,2,Apr 28 2022 01: +0,1651104000
35.989,2,Apr 30 2022 01: +0,1651276800
37.99,1,May 02 2022 01: +0,1651449600
31.019,1,May 05 2022 01: +0,1651708800
38.583,1,May 06 2022 01: +0,1651795200
38.629,2,May 07 2022 01: +0,1651881600
38.748,1,May 08 2022 01: +0,1651968000
35.891,1,May 11 2022 01: +0,1652227200
35.079,2,May 12 2022 01: +0,1652313600
38.53,1,May 14 2022 01: +0,1652486400
38.389,1,May 15 2022 01: +0,1652572800
38.786,1,May 18 2022 01: +0,1652832000
32.02,1,May 19 2022 01: +0,1652918400
38.504,1,May 20 2022 01: +0,1653004800
38.523,1,May 21 2022 01: +0,1653091200
36.402,1,May 22 2022 01: +0,1653177600
38.538,1,May 23 2022 01: +0,1653264000
35.124,4,May 24 2022 01: +0,1653350400
33.565,2,May 25 2022 01: +0,1653436800
32.036,1,May 26 2022 01: +0,1653523200
29.77,1,May 29 2022 01: +0,1653782400
30.2,1,Jun 03 2022 01: +0,1654214400
31.795,3,Jun 05 2022 01: +0,1654387200
30.278,2,Jun 06 2022 01: +0,1654473600
34.89,1,Jun 07 2022 01: +0,1654560000
35.296,2,Jun 08 2022 01: +0,1654646400
34.758,1,Jun 09 2022 01: +0,1654732800
39.769,1,Jun 10 2022 01: +0,1654819200
30.358,4,Jun 11 2022 01: +0,1654905600
31.546,4,Jun 12 2022 01: +0,1654992000
29.456,2,Jun 13 2022 01: +0,1655078400
28.587,1,Jun 14 2022 01: +0,1655164800
26.472,1,Jun 15 2022 01: +0,1655251200
34.162,1,Jun 16 2022 01: +0,1655337600
33.612,2,Jun 17 2022 01: +0,1655424000
30.335,1,Jun 18 2022 01: +0,1655510400
42.903,1,Jun 19 2022 01: +0,1655596800
28.951,1,Jun 21 2022 01: +0,1655769600
45.032,1,Jun 23 2022 01: +0,1655942400
34.72,1,Jun 24 2022 01: +0,1656028800
36.069,2,Jun 25 2022 01: +0,1656115200
39.228,1,Jun 26 2022 01: +0,1656201600
38.355,1,Jun 27 2022 01: +0,1656288000
31.888,1,Jun 28 2022 01: +0,1656374400
33.681,2,Jun 30 2022 01: +0,1656547200
39.266,3,Jul 01 2022 01: +0,1656633600
38.344,2,Jul 02 2022 01: +0,1656720000
28.595,1,Jul 03 2022 01: +0,1656806400
38.841,2,Jul 04 2022 01: +0,1656892800
35.841,1,Jul 06 2022 01: +0,1657065600
34.348,3,Jul 08 2022 01: +0,1657238400
40.242,1,Jul 13 2022 01: +0,1657670400
36.669,2,Jul 14 2022 01: +0,1657756800
41.193,1,Jul 15 2022 01: +0,1657843200
41.201,1,Jul 16 2022 01: +0,1657929600
38.59,1,Jul 19 2022 01: +0,1658188800
41.508,1,Jul 20 2022 01: +0,1658275200
34.369,1,Jul 21 2022 01: +0,1658361600
41.367,1,Jul 22 2022 01: +0,1658448000
41.581,1,Jul 23 2022 01: +0,1658534400
35.204,1,Jul 24 2022 01: +0,1658620800
33.939,2,Jul 28 2022 01: +0,1658966400
34.41,1,Jul 29 2022 01: +0,1659052800
32.227,1,Jul 31 2022 01: +0,1659225600
38.613,1,Aug 01 2022 01: +0,1659312000
38.05,1,Aug 02 2022 01: +0,1659398400
38.921,2,Aug 03 2022 01: +0,1659484800
41.152,1,Aug 04 2022 01: +0,1659571200
35.99,3,Aug 05 2022 01: +0,1659657600
33.128,1,Aug 06 2022 01: +0,1659744000
36.429,2,Aug 07 2022 01: +0,1659830400
39.943,1,Aug 08 2022 01: +0,1659916800
47.554,1,Aug 14 2022 01: +0,1660435200
50.416,1,Aug 15 2022 01: +0,1660521600
41.34,1,Aug 18 2022 01: +0,1660780800
47.563,1,Aug 19 2022 01: +0,1660867200
36.829,2,Aug 20 2022 01: +0,1660953600
42.643,4,Aug 21 2022 01: +0,1661040000
31.575,1,Aug 23 2022 01: +0,1661212800
39.715,1,Aug 24 2022 01: +0,1661299200
39.483,1,Aug 26 2022 01: +0,1661472000
32.991,1,Aug 27 2022 01: +0,1661558400
31.183,2,Aug 28 2022 01: +0,1661644800
33.459,1,Aug 29 2022 01: +0,1661731200
40.67,1,Aug 30 2022 01: +0,1661817600
39.731,1,Aug 31 2022 01: +0,1661904000
33.112,1,Sep 01 2022 01: +0,1661990400
31.325,1,Sep 02 2022 01: +0,1662076800
31.815,1,Sep 03 2022 01: +0,1662163200
34.704,2,Sep 04 2022 01: +0,1662249600
36.983,3,Sep 05 2022 01: +0,1662336000
32.26,1,Sep 06 2022 01: +0,1662422400
30.217,1,Sep 07 2022 01: +0,1662508800
31.598,1,Sep 08 2022 01: +0,1662595200
36.89,1,Sep 09 2022 01: +0,1662681600
35.304,1,Sep 10 2022 01: +0,1662768000
34.613,2,Sep 11 2022 01: +0,1662854400
37.634,1,Sep 13 2022 01: +0,1663027200
37.835,1,Sep 14 2022 01: +0,1663113600
32.003,1,Sep 16 2022 01: +0,1663286400
29.996,2,Sep 17 2022 01: +0,1663372800
30.673,3,Sep 18 2022 01: +0,1663459200
32.864,2,Sep 19 2022 01: +0,1663545600
31.937,1,Sep 20 2022 01: +0,1663632000
31.548,2,Sep 22 2022 01: +0,1663804800
34.824,1,Sep 24 2022 01: +0,1663977600
36.635,2,Sep 26 2022 01: +0,1664150400
36.545,1,Sep 28 2022 01: +0,1664323200
36.478,1,Sep 29 2022 01: +0,1664409600
34.354,3,Sep 30 2022 01: +0,1664496000
32.582,2,Oct 02 2022 01: +0,1664668800
30.117,1,Oct 03 2022 01: +0,1664755200
35.967,1,Oct 04 2022 01: +0,1664841600
36.113,2,Oct 07 2022 01: +0,1665100800
27.785,1,Oct 09 2022 01: +0,1665273600
32.198,2,Oct 10 2022 01: +0,1665360000
30.117,1,Oct 11 2022 01: +0,1665446400
30.688,1,Oct 13 2022 01: +0,1665619200
32.111,1,Oct 14 2022 01: +0,1665705600
33.464,2,Oct 16 2022 01: +0,1665878400
31.325,1,Oct 17 2022 01: +0,1665964800
32.691,4,Oct 18 2022 01: +0,1666051200
31.859,2,Oct 20 2022 01: +0,1666224000
31.912,2,Oct 21 2022 01: +0,1666310400
28.02,2,Oct 22 2022 01: +0,1666396800
29.332,1,Oct 24 2022 01: +0,1666569600
25.973,1,Oct 25 2022 01: +0,1666656000
33.087,1,Oct 27 2022 01: +0,1666828800
27.869,1,Oct 28 2022 01: +0,1666915200
27.338,1,Oct 30 2022 01: +0,1667088000
27.909,2,Nov 03 2022 01: +0,1667437200
34.316,1,Nov 04 2022 01: +0,1667523600
35.39,1,Nov 05 2022 01: +0,1667610000
45.654,2,Nov 06 2022 01: +0,1667696400
29.34,2,Nov 08 2022 01: +0,1667869200
29.41,1,Nov 09 2022 01: +0,1667955600
29.265,1,Nov 10 2022 01: +0,1668042000
32.913,2,Nov 12 2022 01: +0,1668214800
35.399,2,Nov 13 2022 01: +0,1668301200
32.626,2,Nov 16 2022 01: +0,1668560400
34.69,1,Nov 18 2022 01: +0,1668733200
29.083,1,Nov 20 2022 01: +0,1668906000
29.588,1,Nov 22 2022 01: +0,1669078800
185.233,2,Nov 25 2022 01: +0,1669338000
29.274,3,Nov 26 2022 01: +0,1669424400
31.557,2,Nov 27 2022 01: +0,1669510800
27.843,1,Nov 28 2022 01: +0,1669597200
27.594,2,Nov 30 2022 01: +0,1669770000
32.459,2,Dec 01 2022 01: +0,1669856400
29.081,3,Dec 02 2022 01: +0,1669942800
32.081,1,Dec 03 2022 01: +0,1670029200
31.426,1,Dec 04 2022 01: +0,1670115600
28.256,1,Dec 05 2022 01: +0,1670202000
35.874,2,Dec 07 2022 01: +0,1670374800
27.843,1,Dec 08 2022 01: +0,1670461200
30.591,2,Dec 09 2022 01: +0,1670547600
27.487,1,Dec 10 2022 01: +0,1670634000
25.77,2,Dec 13 2022 01: +0,1670893200
30.314,2,Dec 15 2022 01: +0,1671066000
30.388,2,Dec 16 2022 01: +0,1671152400
31.855,1,Dec 17 2022 01: +0,1671238800
29.73,2,Dec 19 2022 01: +0,1671411600
31.856,2,Dec 20 2022 01: +0,1671498000
37.183,1,Dec 21 2022 01: +0,1671584400
28.703,1,Dec 22 2022 01: +0,1671670800
35.124,1,Dec 23 2022 01: +0,1671757200
29.365,1,Dec 24 2022 01: +0,1671843600
29.406,1,Dec 25 2022 01: +0,1671930000
35.304,1,Dec 26 2022 01: +0,1672016400
35.261,3,Dec 27 2022 01: +0,1672102800
37.959,1,Dec 29 2022 01: +0,1672275600
31.863,1,Dec 30 2022 01: +0,1672362000
33.323,3,Jan 01 2023 01: +0,1672534800
36.718,1,Jan 03 2023 01: +0,1672707600
28.951,1,Jan 04 2023 01: +0,1672794000
34.04,3,Jan 08 2023 01: +0,1673139600
30.184,1,Jan 10 2023 01: +0,1673312400
31.606,1,Jan 11 2023 01: +0,1673398800
31.187,3,Jan 13 2023 01: +0,1673571600
31.11,1,Jan 14 2023 01: +0,1673658000
34.568,2,Jan 15 2023 01: +0,1673744400
34.576,3,Jan 16 2023 01: +0,1673830800
35.632,2,Jan 18 2023 01: +0,1674003600
35.006,1,Jan 19 2023 01: +0,1674090000
38.997,1,Jan 21 2023 01: +0,1674262800
40.531,2,Jan 22 2023 01: +0,1674349200
28.537,1,Jan 23 2023 01: +0,1674435600
38.039,2,Jan 24 2023 01: +0,1674522000
32.21,1,Jan 25 2023 01: +0,1674608400
31.958,2,Jan 26 2023 01: +0,1674694800
38.805,2,Jan 27 2023 01: +0,1674781200
40.71,3,Jan 28 2023 01: +0,1674867600
45.445,1,Jan 30 2023 01: +0,1675040400
36.317,2,Feb 03 2023 01: +0,1675386000
33.583,1,Feb 04 2023 01: +0,1675472400
40.25,1,Feb 05 2023 01: +0,1675558800
36.232,1,Feb 06 2023 01: +0,1675645200
36.009,1,Feb 07 2023 01: +0,1675731600
38.818,2,Feb 08 2023 01: +0,1675818000
35.551,2,Feb 09 2023 01: +0,1675904400
33.859,3,Feb 11 2023 01: +0,1676077200
30.171,2,Feb 12 2023 01: +0,1676163600
37.453,5,Feb 13 2023 01: +0,1676250000
38.368,1,Feb 14 2023 01: +0,1676336400
38.166,1,Feb 17 2023 07: +0,1676617200
38.179,1,Feb 17 2023 14: +0,1676642400
37.785,1,Feb 17 2023 18: +0,1676656800
37.835,1,Feb 18 2023 18: +0,1676743200
38.141,1,Feb 19 2023 13: +0,1676811600
37.835,1,Feb 19 2023 18: +0,1676829600
37.893,1,Feb 21 2023 11: +0,1676977200
43.754,1,Feb 21 2023 19: +0,1677006000
48.671,1,Feb 24 2023 04: +0,1677211200
38.191,1,Feb 24 2023 13: +0,1677243600
44.555,1,Feb 24 2023 16: +0,1677254400
33.939,1,Feb 25 2023 03: +0,1677294000
33.881,1,Mar 01 2023 08: +0,1677657600
43.428,1,Mar 03 2023 12: +0,1677844800
42.756,1,Mar 03 2023 21: +0,1677877200
36.309,1,Mar 04 2023 10: +0,1677924000
36.975,1,Mar 07 2023 15: +0,1678201200
43.145,1,Mar 07 2023 21: +0,1678222800
43.625,1,Mar 09 2023 04: +0,1678334400
47.768,1,Mar 09 2023 23: +0,1678402800
45.089,1,Mar 10 2023 21: +0,1678482000
48.685,1,Mar 12 2023 16: +0,1678636800
44.089,2,Mar 12 2023 18: +0,1678644000
53.751,1,Mar 12 2023 19: +0,1678647600
55.751,1,Mar 14 2023 02: +0,1678759200
46.74,1,Mar 14 2023 17: +0,1678813200
45.28,1,Mar 15 2023 11: +0,1678878000
56.486,1,Mar 16 2023 07: +0,1678950000
46.0,1,Mar 17 2023 14: +0,1679061600
40.373,1,Mar 17 2023 17: +0,1679072400
45.262,1,Mar 17 2023 20: +0,1679083200
31.99,1,Mar 17 2023 23: +0,1679094000
40.523,1,Mar 18 2023 00: +0,1679097600
47.016,1,Mar 18 2023 07: +0,1679122800
45.909,1,Mar 20 2023 12: +0,1679313600
40.177,1,Mar 20 2023 20: +0,1679342400
42.106,1,Mar 20 2023 23: +0,1679353200
44.957,1,Mar 23 2023 08: +0,1679558400
43.674,1,Mar 23 2023 10: +0,1679565600
45.829,1,Mar 23 2023 13: +0,1679576400
57.289,1,Mar 23 2023 16: +0,1679587200
66.585,1,Mar 23 2023 17: +0,1679590800
55.604,1,Mar 23 2023 21: +0,1679605200
57.315,1,Mar 24 2023 17: +0,1679677200
63.648,1,Mar 26 2023 03: +0,1679796000
54.824,1,Mar 26 2023 16: +0,1679842800
57.012,1,Mar 27 2023 18: +0,1679936400
54.979,1,Mar 28 2023 13: +0,1680004800
54.474,1,Mar 28 2023 19: +0,1680026400
61.009,1,Mar 29 2023 01: +0,1680048000
55.503,1,Mar 29 2023 13: +0,1680091200
47.711,1,Mar 30 2023 12: +0,1680174000
47.53,1,Mar 30 2023 17: +0,1680192000
59.821,1,Mar 30 2023 22: +0,1680210000
46.482,1,Mar 31 2023 01: +0,1680220800
60.508,1,Mar 31 2023 12: +0,1680260400
54.499,1,Mar 31 2023 22: +0,1680296400
60.547,1,Apr 01 2023 13: +0,1680350400
50.12,1,Apr 03 2023 00: +0,1680476400
46.176,2,Apr 03 2023 08: +0,1680505200
52.539,1,Apr 03 2023 09: +0,1680508800
54.507,1,Apr 03 2023 23: +0,1680559200
52.511,1,Apr 04 2023 02: +0,1680570000
60.257,1,Apr 04 2023 18: +0,1680627600
61.186,1,Apr 05 2023 00: +0,1680649200
46.81,1,Apr 05 2023 04: +0,1680663600
48.075,1,Apr 06 2023 22: +0,1680814800
47.35,1,Apr 07 2023 01: +0,1680825600
66.934,1,Apr 08 2023 17: +0,1680969600
66.268,1,Apr 08 2023 22: +0,1680987600
66.309,1,Apr 09 2023 00: +0,1680994800
66.34,1,Apr 09 2023 06: +0,1681016400
66.458,1,Apr 09 2023 20: +0,1681066800
59.62,1,Apr 12 2023 17: +0,1681315200
58.768,1,Apr 13 2023 22: +0,1681419600
51.334,1,Apr 14 2023 01: +0,1681430400
59.339,1,Apr 14 2023 02: +0,1681434000
52.024,1,Apr 14 2023 09: +0,1681459200
59.198,1,Apr 14 2023 21: +0,1681502400
60.158,1,Apr 15 2023 13: +0,1681560000
56.604,1,Apr 17 2023 01: +0,1681689600
66.574,1,Apr 17 2023 06: +0,1681707600
68.25,1,Apr 18 2023 05: +0,1681790400
50.684,1,Apr 19 2023 01: +0,1681862400
67.135,1,Apr 22 2023 19: +0,1682186400
69.205,2,Apr 23 2023 05: +0,1682222400
75.984,1,Apr 23 2023 06: +0,1682226000
81.57,1,Apr 24 2023 22: +0,1682370000
71.905,1,Apr 27 2023 17: +0,1682611200
70.297,1,Apr 30 2023 03: +0,1682820000
65.305,1,Apr 30 2023 18: +0,1682874000
77.93,1,May 01 2023 13: +0,1682942400
57.411,1,May 02 2023 01: +0,1682985600
76.731,1,May 02 2023 04: +0,1682996400
75.017,1,May 04 2023 09: +0,1683187200
57.215,1,May 06 2023 10: +0,1683363600
57.199,1,May 07 2023 15: +0,1683468000
46.044,1,May 08 2023 03: +0,1683511200
60.805,1,May 10 2023 02: +0,1683680400
63.371,1,May 10 2023 06: +0,1683694800
56.501,1,May 11 2023 11: +0,1683799200
51.692,1,May 11 2023 22: +0,1683838800
66.413,1,May 13 2023 10: +0,1683968400
64.995,1,May 13 2023 13: +0,1683979200
51.34,1,May 13 2023 16: +0,1683990000
53.351,1,May 14 2023 19: +0,1684087200
52.574,1,May 15 2023 04: +0,1684119600
51.334,1,May 15 2023 06: +0,1684126800
60.178,1,May 15 2023 22: +0,1684184400
80.238,1,May 18 2023 00: +0,1684364400
56.52,1,May 18 2023 18: +0,1684429200
49.987,1,May 18 2023 20: +0,1684436400
56.348,1,May 19 2023 15: +0,1684504800
50.952,1,May 19 2023 19: +0,1684519200
46.449,1,May 20 2023 17: +0,1684598400
52.105,1,May 21 2023 15: +0,1684677600
52.105,1,May 21 2023 16: +0,1684681200
61.066,1,May 23 2023 19: +0,1684864800
46.213,1,May 23 2023 23: +0,1684879200
73.253,1,May 26 2023 16: +0,1685113200
56.647,1,May 26 2023 19: +0,1685124000
58.508,1,May 28 2023 00: +0,1685228400
52.779,1,May 29 2023 14: +0,1685365200
62.606,1,Jun 02 2023 00: +0,1685660400
53.293,1,Jun 03 2023 00: +0,1685746800
53.709,1,Jun 03 2023 08: +0,1685775600
53.781,1,Jun 03 2023 17: +0,1685808000
58.684,2,Jun 04 2023 01: +0,1685836800
60.152,1,Jun 04 2023 16: +0,1685890800
61.78,1,Jun 05 2023 21: +0,1685995200
61.227,1,Jun 07 2023 22: +0,1686171600
65.789,1,Jun 08 2023 19: +0,1686247200
69.061,1,Jun 09 2023 17: +0,1686326400
60.888,1,Jun 10 2023 11: +0,1686391200
55.213,1,Jun 11 2023 10: +0,1686474000
53.044,1,Jun 11 2023 20: +0,1686510000
58.687,1,Jun 13 2023 01: +0,1686614400
60.899,1,Jun 13 2023 17: +0,1686672000
55.405,1,Jun 15 2023 16: +0,1686841200
64.016,1,Jun 17 2023 00: +0,1686956400
62.761,1,Jun 17 2023 02: +0,1686963600
67.319,2,Jun 18 2023 20: +0,1687114800
55.811,1,Jun 18 2023 22: +0,1687122000
67.214,1,Jun 19 2023 06: +0,1687150800
59.371,1,Jun 20 2023 15: +0,1687269600
56.782,1,Jun 21 2023 09: +0,1687334400
56.664,1,Jun 21 2023 22: +0,1687381200
69.105,1,Jun 22 2023 01: +0,1687392000
53.391,1,Jun 22 2023 08: +0,1687417200
57.207,1,Jun 23 2023 19: +0,1687543200
51.419,1,Jun 24 2023 02: +0,1687568400
56.318,1,Jun 24 2023 22: +0,1687640400
55.32,1,Jun 26 2023 12: +0,1687777200
68.695,1,Jun 26 2023 23: +0,1687816800
55.773,1,Jun 27 2023 20: +0,1687892400
55.722,1,Jun 28 2023 23: +0,1687989600
55.599,1,Jun 30 2023 07: +0,1688104800
57.152,1,Jul 02 2023 15: +0,1688306400
59.911,1,Jul 02 2023 17: +0,1688313600
45.227,1,Jul 08 2023 12: +0,1688814000
52.075,1,Jul 11 2023 23: +0,1689112800
45.197,1,Jul 12 2023 01: +0,1689120000
44.409,1,Jul 14 2023 15: +0,1689343200
43.937,1,Jul 14 2023 22: +0,1689368400
51.014,1,Jul 15 2023 02: +0,1689382800
51.316,1,Jul 15 2023 03: +0,1689386400
42.358,1,Jul 16 2023 20: +0,1689534000
53.225,1,Jul 18 2023 20: +0,1689706800
46.601,1,Jul 19 2023 17: +0,1689782400
46.766,1,Jul 19 2023 22: +0,1689800400
53.007,1,Jul 21 2023 19: +0,1689962400
53.047,1,Jul 21 2023 20: +0,1689966000
53.31,1,Jul 22 2023 02: +0,1689987600
48.431,1,Jul 22 2023 21: +0,1690056000
69.209,1,Jul 24 2023 08: +0,1690182000
47.663,1,Jul 25 2023 00: +0,1690239600
47.31,1,Jul 26 2023 00: +0,1690326000
47.197,1,Jul 27 2023 09: +0,1690444800
53.937,1,Jul 28 2023 05: +0,1690516800
63.405,1,Jul 28 2023 23: +0,1690581600
64.735,1,Aug 01 2023 04: +0,1690858800
47.996,1,Aug 03 2023 20: +0,1691089200
65.147,1,Aug 04 2023 22: +0,1691182800
65.427,1,Aug 06 2023 06: +0,1691298000
48.453,1,Aug 06 2023 16: +0,1691334000
67.489,1,Aug 07 2023 15: +0,1691416800
63.846,1,Aug 09 2023 05: +0,1691553600
48.992,1,Aug 15 2023 09: +0,1692086400
64.278,1,Aug 17 2023 03: +0,1692237600
60.943,1,Aug 17 2023 04: +0,1692241200
56.478,1,Aug 17 2023 13: +0,1692273600
62.621,1,Aug 20 2023 23: +0,1692568800
49.991,1,Aug 24 2023 08: +0,1692860400
59.983,1,Aug 24 2023 15: +0,1692885600
49.991,1,Aug 24 2023 18: +0,1692896400
56.626,1,Aug 26 2023 19: +0,1693072800
49.219,1,Aug 30 2023 17: +0,1693411200
56.911,1,Aug 31 2023 09: +0,1693468800
45.339,1,Sep 01 2023 02: +0,1693530000
44.622,1,Sep 01 2023 12: +0,1693566000
57.571,1,Sep 02 2023 22: +0,1693688400
56.962,1,Sep 03 2023 20: +0,1693767600
61.195,1,Sep 04 2023 20: +0,1693854000
59.314,1,Sep 05 2023 08: +0,1693897200
52.453,1,Sep 10 2023 10: +0,1694336400
61.201,1,Sep 10 2023 22: +0,1694379600
54.659,1,Sep 10 2023 23: +0,1694383200
52.309,1,Sep 11 2023 20: +0,1694458800
59.551,1,Sep 12 2023 21: +0,1694548800
64.602,1,Sep 14 2023 07: +0,1694671200
64.757,1,Sep 15 2023 01: +0,1694736000
53.493,1,Sep 16 2023 15: +0,1694872800
53.461,1,Sep 16 2023 19: +0,1694887200
64.917,1,Sep 17 2023 05: +0,1694923200
65.045,1,Sep 17 2023 06: +0,1694926800
64.906,1,Sep 17 2023 16: +0,1694962800
64.563,1,Sep 18 2023 11: +0,1695031200
66.59,1,Sep 18 2023 16: +0,1695049200
55.58,1,Sep 19 2023 16: +0,1695135600
54.908,1,Sep 19 2023 23: +0,1695160800
63.548,1,Sep 20 2023 06: +0,1695186000
63.545,1,Sep 20 2023 07: +0,1695189600
65.819,1,Sep 20 2023 10: +0,1695200400
74.453,1,Sep 21 2023 16: +0,1695308400
58.218,1,Sep 23 2023 00: +0,1695423600
73.914,1,Sep 24 2023 20: +0,1695582000
73.99,1,Sep 25 2023 06: +0,1695618000
61.334,1,Sep 26 2023 21: +0,1695758400
83.424,1,Sep 27 2023 02: +0,1695776400
61.31,1,Sep 28 2023 19: +0,1695924000
79.503,1,Sep 28 2023 20: +0,1695927600
76.939,1,Sep 29 2023 12: +0,1695985200
86.476,1,Sep 30 2023 12: +0,1696071600
88.154,1,Sep 30 2023 16: +0,1696086000
90.029,1,Sep 30 2023 18: +0,1696093200
99.597,1,Oct 01 2023 13: +0,1696161600
81.838,1,Oct 02 2023 11: +0,1696240800
83.004,1,Oct 02 2023 14: +0,1696251600
69.965,1,Oct 03 2023 12: +0,1696330800
72.42,1,Oct 03 2023 20: +0,1696359600
81.538,1,Oct 04 2023 13: +0,1696420800
81.126,1,Oct 04 2023 18: +0,1696438800
91.892,1,Oct 06 2023 15: +0,1696600800
77.135,1,Oct 07 2023 19: +0,1696701600
93.116,1,Oct 08 2023 00: +0,1696719600
77.812,1,Oct 08 2023 19: +0,1696788000
79.159,1,Oct 10 2023 10: +0,1696928400
89.786,1,Oct 10 2023 15: +0,1696946400
90.45,1,Oct 12 2023 02: +0,1697072400
83.997,1,Oct 13 2023 01: +0,1697155200
99.446,1,Oct 14 2023 06: +0,1697259600
84.219,1,Oct 14 2023 16: +0,1697295600
84.318,1,Oct 14 2023 21: +0,1697313600
84.293,1,Oct 15 2023 12: +0,1697367600
85.614,2,Oct 15 2023 21: +0,1697400000
86.497,1,Oct 19 2023 19: +0,1697738400
100.17,1,Oct 20 2023 06: +0,1697778000
86.603,1,Oct 21 2023 02: +0,1697850000
87.609,1,Oct 21 2023 20: +0,1697914800
97.325,1,Oct 22 2023 19: +0,1697997600
100.382,1,Oct 24 2023 06: +0,1698123600
90.159,1,Oct 29 2023 16: +0,1698595200
89.276,1,Oct 30 2023 17: +0,1698685200
97.405,1,Oct 31 2023 06: +0,1698732000
93.332,1,Nov 02 2023 03: +0,1698894000
93.334,1,Nov 02 2023 17: +0,1698944400
94.982,1,Nov 02 2023 23: +0,1698966000
87.783,1,Nov 05 2023 02: +0,1699149600
95.714,1,Nov 07 2023 06: +0,1699336800
83.857,1,Nov 07 2023 19: +0,1699383600
83.777,1,Nov 07 2023 20: +0,1699387200
108.76,1,Nov 09 2023 18: +0,1699552800
80.223,1,Nov 10 2023 00: +0,1699574400
80.239,1,Nov 10 2023 17: +0,1699635600
98.734,1,Nov 11 2023 05: +0,1699678800
108.606,1,Nov 14 2023 07: +0,1699945200
110.307,2,Nov 17 2023 03: +0,1700190000
101.364,1,Dec 03 2023 12: +0,1701604800
103.882,1,Dec 06 2023 19: +0,1701889200
85.235,1,Dec 12 2023 09: +0,1702371600
80.127,1,Dec 13 2023 15: +0,1702479600
80.056,1,Dec 14 2023 04: +0,1702526400
80.229,1,Dec 17 2023 15: +0,1702825200
77.862,1,Dec 22 2023 16: +0,1703260800
81.184,1,Dec 22 2023 19: +0,1703271600
89.018,1,Dec 23 2023 14: +0,1703340000
81.94,1,Dec 24 2023 20: +0,1703448000
108.251,1,Dec 25 2023 00: +0,1703462400
100.534,1,Dec 29 2023 10: +0,1703844000
81.632,1,Jan 06 2024 02: +0,1704506400
80.141,1,Jan 12 2024 03: +0,1705028400
76.947,1,Jan 13 2024 14: +0,1705154400
75.098,1,Jan 13 2024 20: +0,1705176000
90.908,1,Jan 14 2024 00: +0,1705190400
82.212,1,Jan 14 2024 07: +0,1705215600
106.668,1,Jan 15 2024 17: +0,1705338000
80.039,1,Jan 17 2024 12: +0,1705492800
106.654,1,Jan 19 2024 02: +0,1705629600
106.766,1,Jan 19 2024 07: +0,1705647600
86.057,1,Jan 22 2024 21: +0,1705957200
69.054,1,Jan 27 2024 18: +0,1706378400
94.373,1,Feb 05 2024 22: +0,1707170400
100.115,1,Feb 06 2024 09: +0,1707210000
70.262,1,Feb 09 2024 11: +0,1707476400
68.947,1,Feb 09 2024 21: +0,1707512400
91.769,1,Feb 10 2024 02: +0,1707530400
74.441,1,Feb 13 2024 15: +0,1707836400
72.067,1,Feb 13 2024 16: +0,1707840000
47.339,1,Feb 20 2024 00: +0,1708387200
49.559,1,Feb 21 2024 16: +0,1708531200
70.505,1,Feb 24 2024 00: +0,1708732800
78.824,1,Feb 25 2024 21: +0,1708894800
79.283,1,Feb 26 2024 00: +0,1708905600
72.153,1,Mar 01 2024 15: +0,1709305200
79.365,1,Mar 02 2024 05: +0,1709355600
62.411,1,Mar 04 2024 06: +0,1709532000
83.847,1,Mar 05 2024 07: +0,1709622000
78.373,1,Mar 08 2024 05: +0,1709874000
78.801,1,Mar 17 2024 02: +0,1710640800
78.59,1,Mar 20 2024 17: +0,1710954000
79.543,1,Mar 21 2024 07: +0,1711004400
66.956,1,Mar 22 2024 19: +0,1711134000
77.358,1,Mar 24 2024 11: +0,1711278000
77.809,1,Mar 24 2024 19: +0,1711306800
69.911,1,Apr 01 2024 21: +0,1712001600
78.307,1,Apr 03 2024 04: +0,1712113200
75.679,1,Apr 08 2024 20: +0,1712602800
88.685,1,Apr 12 2024 02: +0,1712883600
79.473,1,Apr 17 2024 18: +0,1713373200
83.12,1,Apr 18 2024 15: +0,1713448800
81.34,1,Apr 19 2024 23: +0,1713564000
73.185,1,Apr 22 2024 09: +0,1713772800
81.702,1,Apr 23 2024 08: +0,1713855600
91.801,1,Apr 28 2024 12: +0,1714302000
95.791,1,Apr 29 2024 00: +0,1714345200
75.156,1,Apr 30 2024 21: +0,1714507200
86.231,1,May 03 2024 01: +0,1714694400
85.809,1,May 04 2024 09: +0,1714809600
78.422,1,May 07 2024 07: +0,1715061600
74.482,1,May 08 2024 22: +0,1715202000
71.839,1,May 09 2024 02: +0,1715216400
70.341,1,May 09 2024 11: +0,1715248800
73.256,1,May 10 2024 12: +0,1715338800
77.445,1,May 13 2024 01: +0,1715558400
97.146,1,May 13 2024 23: +0,1715637600
78.238,1,May 17 2024 19: +0,1715968800
57.908,1,May 19 2024 04: +0,1716087600
90.509,1,May 21 2024 05: +0,1716264000
99.722,1,May 31 2024 14: +0,1717160400
85.919,1,Jun 10 2024 15: +0,1718028000
