price,quantity,date,unix timestamp
4.366,9,Aug 12 2021 01: +0,1628726400
12.823,442,Aug 13 2021 01: +0,1628812800
13.339,269,Aug 14 2021 01: +0,1628899200
13.868,185,Aug 15 2021 01: +0,1628985600
14.015,112,Aug 16 2021 01: +0,1629072000
14.172,113,Aug 17 2021 01: +0,1629158400
14.065,81,Aug 18 2021 01: +0,1629244800
13.622,75,Aug 19 2021 01: +0,1629331200
13.981,88,Aug 20 2021 01: +0,1629417600
13.892,88,Aug 21 2021 01: +0,1629504000
12.53,80,Aug 22 2021 01: +0,1629590400
12.738,80,Aug 23 2021 01: +0,1629676800
12.693,49,Aug 24 2021 01: +0,1629763200
12.563,47,Aug 25 2021 01: +0,1629849600
12.988,55,Aug 26 2021 01: +0,1629936000
13.241,67,Aug 27 2021 01: +0,1630022400
13.644,64,Aug 28 2021 01: +0,1630108800
13.715,62,Aug 29 2021 01: +0,1630195200
13.566,46,Aug 30 2021 01: +0,1630281600
11.863,50,Aug 31 2021 01: +0,1630368000
12.148,39,Sep 01 2021 01: +0,1630454400
12.035,49,Sep 02 2021 01: +0,1630540800
12.163,38,Sep 03 2021 01: +0,1630627200
11.79,56,Sep 04 2021 01: +0,1630713600
11.678,48,Sep 05 2021 01: +0,1630800000
11.446,29,Sep 06 2021 01: +0,1630886400
11.406,33,Sep 07 2021 01: +0,1630972800
11.244,43,Sep 08 2021 01: +0,1631059200
11.315,32,Sep 09 2021 01: +0,1631145600
11.335,82,Sep 10 2021 01: +0,1631232000
11.404,56,Sep 11 2021 01: +0,1631318400
11.424,39,Sep 12 2021 01: +0,1631404800
11.144,28,Sep 13 2021 01: +0,1631491200
11.176,24,Sep 14 2021 01: +0,1631577600
10.927,32,Sep 15 2021 01: +0,1631664000
10.74,23,Sep 16 2021 01: +0,1631750400
10.132,25,Sep 17 2021 01: +0,1631836800
10.387,28,Sep 18 2021 01: +0,1631923200
10.038,40,Sep 19 2021 01: +0,1632009600
9.525,22,Sep 20 2021 01: +0,1632096000
9.862,20,Sep 21 2021 01: +0,1632182400
7.346,67,Sep 22 2021 01: +0,1632268800
7.467,29,Sep 23 2021 01: +0,1632355200
7.795,15,Sep 24 2021 01: +0,1632441600
7.948,24,Sep 25 2021 01: +0,1632528000
8.357,12,Sep 26 2021 01: +0,1632614400
8.584,17,Sep 27 2021 01: +0,1632700800
8.736,21,Sep 28 2021 01: +0,1632787200
8.592,12,Sep 29 2021 01: +0,1632873600
8.431,24,Sep 30 2021 01: +0,1632960000
8.579,20,Oct 01 2021 01: +0,1633046400
9.055,23,Oct 02 2021 01: +0,1633132800
9.041,21,Oct 03 2021 01: +0,1633219200
9.522,11,Oct 04 2021 01: +0,1633305600
8.617,10,Oct 05 2021 01: +0,1633392000
9.527,16,Oct 06 2021 01: +0,1633478400
9.668,16,Oct 07 2021 01: +0,1633564800
9.319,33,Oct 08 2021 01: +0,1633651200
9.534,19,Oct 09 2021 01: +0,1633737600
9.492,14,Oct 10 2021 01: +0,1633824000
9.124,14,Oct 11 2021 01: +0,1633910400
8.956,17,Oct 12 2021 01: +0,1633996800
8.95,9,Oct 13 2021 01: +0,1634083200
8.983,9,Oct 14 2021 01: +0,1634169600
8.915,15,Oct 15 2021 01: +0,1634256000
8.388,21,Oct 16 2021 01: +0,1634342400
8.867,11,Oct 17 2021 01: +0,1634428800
8.562,13,Oct 18 2021 01: +0,1634515200
8.51,6,Oct 19 2021 01: +0,1634601600
8.296,8,Oct 20 2021 01: +0,1634688000
8.622,13,Oct 21 2021 01: +0,1634774400
7.342,24,Oct 22 2021 01: +0,1634860800
7.22,21,Oct 23 2021 01: +0,1634947200
7.523,17,Oct 24 2021 01: +0,1635033600
7.852,11,Oct 25 2021 01: +0,1635120000
7.846,8,Oct 26 2021 01: +0,1635206400
7.686,13,Oct 27 2021 01: +0,1635292800
7.803,11,Oct 28 2021 01: +0,1635379200
7.886,11,Oct 29 2021 01: +0,1635465600
7.858,14,Oct 30 2021 01: +0,1635552000
8.047,14,Oct 31 2021 01: +0,1635638400
7.996,12,Nov 01 2021 01: +0,1635728400
8.297,8,Nov 02 2021 01: +0,1635814800
7.785,13,Nov 03 2021 01: +0,1635901200
7.653,6,Nov 04 2021 01: +0,1635987600
7.399,7,Nov 05 2021 01: +0,1636074000
7.338,10,Nov 06 2021 01: +0,1636160400
6.83,8,Nov 07 2021 01: +0,1636246800
7.212,6,Nov 08 2021 01: +0,1636333200
7.155,7,Nov 09 2021 01: +0,1636419600
6.613,23,Nov 10 2021 01: +0,1636506000
6.685,16,Nov 11 2021 01: +0,1636592400
6.555,15,Nov 12 2021 01: +0,1636678800
6.382,17,Nov 13 2021 01: +0,1636765200
6.697,18,Nov 14 2021 01: +0,1636851600
6.966,5,Nov 15 2021 01: +0,1636938000
6.915,5,Nov 16 2021 01: +0,1637024400
6.613,9,Nov 17 2021 01: +0,1637110800
6.517,13,Nov 18 2021 01: +0,1637197200
6.633,7,Nov 19 2021 01: +0,1637283600
7.139,14,Nov 20 2021 01: +0,1637370000
6.872,12,Nov 21 2021 01: +0,1637456400
7.119,8,Nov 22 2021 01: +0,1637542800
6.956,4,Nov 23 2021 01: +0,1637629200
6.528,7,Nov 24 2021 01: +0,1637715600
6.524,8,Nov 25 2021 01: +0,1637802000
6.768,15,Nov 26 2021 01: +0,1637888400
6.924,18,Nov 27 2021 01: +0,1637974800
6.82,11,Nov 28 2021 01: +0,1638061200
6.44,16,Nov 29 2021 01: +0,1638147600
6.412,9,Nov 30 2021 01: +0,1638234000
7.028,13,Dec 01 2021 01: +0,1638320400
7.28,6,Dec 02 2021 01: +0,1638406800
6.719,9,Dec 03 2021 01: +0,1638493200
6.949,10,Dec 04 2021 01: +0,1638579600
6.933,5,Dec 05 2021 01: +0,1638666000
6.748,10,Dec 06 2021 01: +0,1638752400
7.26,7,Dec 07 2021 01: +0,1638838800
6.795,6,Dec 08 2021 01: +0,1638925200
6.895,7,Dec 09 2021 01: +0,1639011600
7.414,13,Dec 10 2021 01: +0,1639098000
7.353,11,Dec 11 2021 01: +0,1639184400
7.441,12,Dec 12 2021 01: +0,1639270800
7.391,9,Dec 13 2021 01: +0,1639357200
7.105,8,Dec 14 2021 01: +0,1639443600
6.969,9,Dec 15 2021 01: +0,1639530000
6.524,6,Dec 16 2021 01: +0,1639616400
6.534,14,Dec 17 2021 01: +0,1639702800
7.39,11,Dec 18 2021 01: +0,1639789200
7.04,9,Dec 19 2021 01: +0,1639875600
7.403,4,Dec 20 2021 01: +0,1639962000
7.577,6,Dec 21 2021 01: +0,1640048400
7.289,4,Dec 22 2021 01: +0,1640134800
6.618,10,Dec 23 2021 01: +0,1640221200
6.226,13,Dec 24 2021 01: +0,1640307600
6.431,12,Dec 25 2021 01: +0,1640394000
6.451,6,Dec 26 2021 01: +0,1640480400
6.703,10,Dec 27 2021 01: +0,1640566800
6.95,5,Dec 28 2021 01: +0,1640653200
6.843,9,Dec 29 2021 01: +0,1640739600
6.926,8,Dec 30 2021 01: +0,1640826000
7.109,15,Dec 31 2021 01: +0,1640912400
7.498,14,Jan 01 2022 01: +0,1640998800
7.64,10,Jan 02 2022 01: +0,1641085200
7.375,8,Jan 03 2022 01: +0,1641171600
7.071,5,Jan 04 2022 01: +0,1641258000
7.013,9,Jan 05 2022 01: +0,1641344400
7.055,9,Jan 06 2022 01: +0,1641430800
6.849,6,Jan 07 2022 01: +0,1641517200
7.479,9,Jan 08 2022 01: +0,1641603600
7.606,12,Jan 09 2022 01: +0,1641690000
7.606,8,Jan 10 2022 01: +0,1641776400
7.023,4,Jan 11 2022 01: +0,1641862800
7.559,9,Jan 12 2022 01: +0,1641949200
6.725,4,Jan 13 2022 01: +0,1642035600
6.959,8,Jan 14 2022 01: +0,1642122000
7.185,10,Jan 15 2022 01: +0,1642208400
7.391,8,Jan 16 2022 01: +0,1642294800
7.009,6,Jan 17 2022 01: +0,1642381200
8.091,6,Jan 18 2022 01: +0,1642467600
7.432,5,Jan 19 2022 01: +0,1642554000
7.003,6,Jan 20 2022 01: +0,1642640400
7.152,13,Jan 21 2022 01: +0,1642726800
7.188,9,Jan 22 2022 01: +0,1642813200
6.927,4,Jan 23 2022 01: +0,1642899600
6.879,9,Jan 24 2022 01: +0,1642986000
7.16,13,Jan 25 2022 01: +0,1643072400
6.93,6,Jan 26 2022 01: +0,1643158800
7.033,6,Jan 27 2022 01: +0,1643245200
6.546,11,Jan 28 2022 01: +0,1643331600
7.127,7,Jan 29 2022 01: +0,1643418000
6.922,6,Jan 30 2022 01: +0,1643504400
6.954,13,Jan 31 2022 01: +0,1643590800
6.702,7,Feb 01 2022 01: +0,1643677200
6.852,10,Feb 02 2022 01: +0,1643763600
6.924,12,Feb 03 2022 01: +0,1643850000
7.111,4,Feb 04 2022 01: +0,1643936400
7.561,11,Feb 05 2022 01: +0,1644022800
6.821,7,Feb 06 2022 01: +0,1644109200
7.867,4,Feb 07 2022 01: +0,1644195600
6.94,15,Feb 08 2022 01: +0,1644282000
7.617,11,Feb 09 2022 01: +0,1644368400
7.972,6,Feb 10 2022 01: +0,1644454800
8.157,12,Feb 11 2022 01: +0,1644541200
7.683,7,Feb 12 2022 01: +0,1644627600
7.208,11,Feb 13 2022 01: +0,1644714000
7.501,4,Feb 14 2022 01: +0,1644800400
7.515,13,Feb 15 2022 01: +0,1644886800
7.749,10,Feb 16 2022 01: +0,1644973200
7.836,7,Feb 17 2022 01: +0,1645059600
7.779,11,Feb 18 2022 01: +0,1645146000
7.724,6,Feb 19 2022 01: +0,1645232400
7.709,6,Feb 20 2022 01: +0,1645318800
7.891,7,Feb 21 2022 01: +0,1645405200
7.974,7,Feb 22 2022 01: +0,1645491600
7.602,8,Feb 23 2022 01: +0,1645578000
7.745,12,Feb 24 2022 01: +0,1645664400
7.903,14,Feb 25 2022 01: +0,1645750800
7.62,9,Feb 26 2022 01: +0,1645837200
7.176,5,Feb 27 2022 01: +0,1645923600
7.489,5,Feb 28 2022 01: +0,1646010000
7.243,8,Mar 01 2022 01: +0,1646096400
7.725,5,Mar 02 2022 01: +0,1646182800
7.582,9,Mar 03 2022 01: +0,1646269200
7.647,10,Mar 04 2022 01: +0,1646355600
8.083,7,Mar 05 2022 01: +0,1646442000
7.288,8,Mar 06 2022 01: +0,1646528400
7.992,6,Mar 07 2022 01: +0,1646614800
7.421,14,Mar 08 2022 01: +0,1646701200
8.424,6,Mar 09 2022 01: +0,1646787600
8.613,5,Mar 10 2022 01: +0,1646874000
8.146,9,Mar 11 2022 01: +0,1646960400
8.336,14,Mar 12 2022 01: +0,1647046800
8.23,11,Mar 13 2022 01: +0,1647133200
7.925,5,Mar 14 2022 01: +0,1647219600
8.339,12,Mar 15 2022 01: +0,1647306000
7.675,5,Mar 16 2022 01: +0,1647392400
8.197,9,Mar 17 2022 01: +0,1647478800
7.406,8,Mar 18 2022 01: +0,1647565200
7.674,10,Mar 19 2022 01: +0,1647651600
7.708,13,Mar 20 2022 01: +0,1647738000
8.054,3,Mar 21 2022 01: +0,1647824400
7.927,4,Mar 22 2022 01: +0,1647910800
8.04,7,Mar 23 2022 01: +0,1647997200
7.834,8,Mar 24 2022 01: +0,1648083600
8.12,10,Mar 25 2022 01: +0,1648170000
8.006,5,Mar 26 2022 01: +0,1648256400
7.869,7,Mar 27 2022 01: +0,1648342800
7.752,6,Mar 28 2022 01: +0,1648425600
7.857,12,Mar 29 2022 01: +0,1648512000
7.133,5,Mar 30 2022 01: +0,1648598400
7.436,6,Mar 31 2022 01: +0,1648684800
7.26,5,Apr 01 2022 01: +0,1648771200
7.902,10,Apr 02 2022 01: +0,1648857600
8.073,12,Apr 03 2022 01: +0,1648944000
7.879,7,Apr 04 2022 01: +0,1649030400
7.949,8,Apr 05 2022 01: +0,1649116800
8.176,4,Apr 06 2022 01: +0,1649203200
8.128,8,Apr 07 2022 01: +0,1649289600
7.95,10,Apr 08 2022 01: +0,1649376000
8.038,6,Apr 09 2022 01: +0,1649462400
7.862,8,Apr 10 2022 01: +0,1649548800
7.722,6,Apr 11 2022 01: +0,1649635200
8.023,7,Apr 12 2022 01: +0,1649721600
7.753,9,Apr 13 2022 01: +0,1649808000
8.839,7,Apr 14 2022 01: +0,1649894400
8.486,8,Apr 15 2022 01: +0,1649980800
8.536,10,Apr 16 2022 01: +0,1650067200
7.443,9,Apr 17 2022 01: +0,1650153600
8.042,5,Apr 18 2022 01: +0,1650240000
8.452,6,Apr 19 2022 01: +0,1650326400
8.077,6,Apr 20 2022 01: +0,1650412800
8.023,1,Apr 21 2022 01: +0,1650499200
7.74,10,Apr 22 2022 01: +0,1650585600
8.087,8,Apr 23 2022 01: +0,1650672000
8.01,4,Apr 24 2022 01: +0,1650758400
8.361,5,Apr 25 2022 01: +0,1650844800
7.766,4,Apr 26 2022 01: +0,1650931200
7.781,6,Apr 27 2022 01: +0,1651017600
7.89,6,Apr 28 2022 01: +0,1651104000
8.113,12,Apr 29 2022 01: +0,1651190400
7.727,8,Apr 30 2022 01: +0,1651276800
7.967,8,May 01 2022 01: +0,1651363200
7.639,8,May 02 2022 01: +0,1651449600
6.974,5,May 03 2022 01: +0,1651536000
7.237,30,May 04 2022 01: +0,1651622400
7.123,13,May 05 2022 01: +0,1651708800
7.089,10,May 06 2022 01: +0,1651795200
7.302,9,May 07 2022 01: +0,1651881600
7.2,16,May 08 2022 01: +0,1651968000
7.621,7,May 09 2022 01: +0,1652054400
8.215,7,May 10 2022 01: +0,1652140800
7.062,10,May 11 2022 01: +0,1652227200
7.29,4,May 12 2022 01: +0,1652313600
7.142,8,May 13 2022 01: +0,1652400000
6.937,11,May 14 2022 01: +0,1652486400
7.106,6,May 15 2022 01: +0,1652572800
7.947,5,May 16 2022 01: +0,1652659200
7.212,6,May 17 2022 01: +0,1652745600
7.037,5,May 18 2022 01: +0,1652832000
6.725,8,May 19 2022 01: +0,1652918400
7.037,9,May 20 2022 01: +0,1653004800
7.293,8,May 21 2022 01: +0,1653091200
6.025,1,May 22 2022 01: +0,1653177600
6.795,4,May 23 2022 01: +0,1653264000
7.063,4,May 24 2022 01: +0,1653350400
7.044,4,May 25 2022 01: +0,1653436800
7.3,13,May 26 2022 01: +0,1653523200
7.191,5,May 27 2022 01: +0,1653609600
7.178,9,May 28 2022 01: +0,1653696000
7.091,2,May 29 2022 01: +0,1653782400
7.089,3,May 30 2022 01: +0,1653868800
7.472,10,May 31 2022 01: +0,1653955200
7.394,7,Jun 01 2022 01: +0,1654041600
7.309,8,Jun 02 2022 01: +0,1654128000
7.279,8,Jun 03 2022 01: +0,1654214400
7.19,10,Jun 04 2022 01: +0,1654300800
7.561,7,Jun 05 2022 01: +0,1654387200
7.749,6,Jun 06 2022 01: +0,1654473600
7.625,6,Jun 07 2022 01: +0,1654560000
7.663,8,Jun 08 2022 01: +0,1654646400
7.065,4,Jun 09 2022 01: +0,1654732800
7.958,8,Jun 10 2022 01: +0,1654819200
7.519,7,Jun 11 2022 01: +0,1654905600
8.117,8,Jun 12 2022 01: +0,1654992000
7.846,2,Jun 13 2022 01: +0,1655078400
6.862,9,Jun 14 2022 01: +0,1655164800
7.021,5,Jun 15 2022 01: +0,1655251200
7.239,6,Jun 16 2022 01: +0,1655337600
6.886,9,Jun 17 2022 01: +0,1655424000
7.01,6,Jun 18 2022 01: +0,1655510400
7.28,7,Jun 19 2022 01: +0,1655596800
6.904,3,Jun 20 2022 01: +0,1655683200
6.801,5,Jun 21 2022 01: +0,1655769600
7.078,11,Jun 22 2022 01: +0,1655856000
6.613,9,Jun 23 2022 01: +0,1655942400
6.338,13,Jun 24 2022 01: +0,1656028800
6.494,9,Jun 25 2022 01: +0,1656115200
6.489,7,Jun 26 2022 01: +0,1656201600
6.353,4,Jun 27 2022 01: +0,1656288000
6.715,4,Jun 28 2022 01: +0,1656374400
6.622,6,Jun 29 2022 01: +0,1656460800
6.669,7,Jun 30 2022 01: +0,1656547200
6.696,10,Jul 01 2022 01: +0,1656633600
6.791,9,Jul 02 2022 01: +0,1656720000
7.345,10,Jul 03 2022 01: +0,1656806400
7.335,5,Jul 04 2022 01: +0,1656892800
7.39,11,Jul 05 2022 01: +0,1656979200
6.667,13,Jul 06 2022 01: +0,1657065600
6.437,13,Jul 07 2022 01: +0,1657152000
6.389,5,Jul 08 2022 01: +0,1657238400
6.737,7,Jul 09 2022 01: +0,1657324800
7.078,8,Jul 10 2022 01: +0,1657411200
7.406,3,Jul 11 2022 01: +0,1657497600
7.345,5,Jul 12 2022 01: +0,1657584000
7.623,7,Jul 13 2022 01: +0,1657670400
7.562,11,Jul 14 2022 01: +0,1657756800
7.684,11,Jul 15 2022 01: +0,1657843200
7.76,10,Jul 16 2022 01: +0,1657929600
7.229,6,Jul 17 2022 01: +0,1658016000
7.152,9,Jul 18 2022 01: +0,1658102400
8.09,10,Jul 19 2022 01: +0,1658188800
8.58,4,Jul 20 2022 01: +0,1658275200
7.395,11,Jul 21 2022 01: +0,1658361600
7.245,9,Jul 22 2022 01: +0,1658448000
7.03,7,Jul 23 2022 01: +0,1658534400
7.107,11,Jul 24 2022 01: +0,1658620800
7.613,7,Jul 25 2022 01: +0,1658707200
7.828,5,Jul 26 2022 01: +0,1658793600
7.628,10,Jul 27 2022 01: +0,1658880000
7.673,9,Jul 28 2022 01: +0,1658966400
7.08,3,Jul 29 2022 01: +0,1659052800
7.62,10,Jul 30 2022 01: +0,1659139200
7.367,9,Jul 31 2022 01: +0,1659225600
7.856,7,Aug 01 2022 01: +0,1659312000
6.952,9,Aug 02 2022 01: +0,1659398400
7.794,17,Aug 03 2022 01: +0,1659484800
7.423,8,Aug 04 2022 01: +0,1659571200
7.835,13,Aug 05 2022 01: +0,1659657600
8.226,10,Aug 06 2022 01: +0,1659744000
7.401,11,Aug 07 2022 01: +0,1659830400
7.414,11,Aug 08 2022 01: +0,1659916800
7.851,4,Aug 09 2022 01: +0,1660003200
7.731,12,Aug 10 2022 01: +0,1660089600
7.562,8,Aug 11 2022 01: +0,1660176000
7.621,10,Aug 12 2022 01: +0,1660262400
8.08,4,Aug 13 2022 01: +0,1660348800
7.239,8,Aug 14 2022 01: +0,1660435200
7.204,8,Aug 15 2022 01: +0,1660521600
7.266,19,Aug 16 2022 01: +0,1660608000
7.14,11,Aug 17 2022 01: +0,1660694400
6.983,15,Aug 18 2022 01: +0,1660780800
7.498,13,Aug 19 2022 01: +0,1660867200
6.81,12,Aug 20 2022 01: +0,1660953600
7.791,14,Aug 21 2022 01: +0,1661040000
7.282,10,Aug 22 2022 01: +0,1661126400
7.925,4,Aug 23 2022 01: +0,1661212800
6.928,44,Aug 24 2022 01: +0,1661299200
6.751,31,Aug 25 2022 01: +0,1661385600
6.593,15,Aug 26 2022 01: +0,1661472000
6.986,12,Aug 27 2022 01: +0,1661558400
6.977,11,Aug 28 2022 01: +0,1661644800
7.121,8,Aug 29 2022 01: +0,1661731200
6.881,7,Aug 30 2022 01: +0,1661817600
6.675,12,Aug 31 2022 01: +0,1661904000
6.618,22,Sep 01 2022 01: +0,1661990400
6.294,12,Sep 02 2022 01: +0,1662076800
6.088,10,Sep 03 2022 01: +0,1662163200
6.109,6,Sep 04 2022 01: +0,1662249600
6.477,5,Sep 05 2022 01: +0,1662336000
6.017,8,Sep 06 2022 01: +0,1662422400
5.973,8,Sep 07 2022 01: +0,1662508800
5.843,8,Sep 08 2022 01: +0,1662595200
6.076,4,Sep 09 2022 01: +0,1662681600
5.884,12,Sep 10 2022 01: +0,1662768000
6.181,11,Sep 11 2022 01: +0,1662854400
6.541,7,Sep 12 2022 01: +0,1662940800
6.422,7,Sep 13 2022 01: +0,1663027200
5.434,17,Sep 14 2022 01: +0,1663113600
5.612,14,Sep 15 2022 01: +0,1663200000
5.541,13,Sep 16 2022 01: +0,1663286400
5.869,11,Sep 17 2022 01: +0,1663372800
5.806,11,Sep 18 2022 01: +0,1663459200
6.036,10,Sep 19 2022 01: +0,1663545600
6.243,5,Sep 20 2022 01: +0,1663632000
5.816,12,Sep 21 2022 01: +0,1663718400
5.947,6,Sep 22 2022 01: +0,1663804800
5.495,6,Sep 23 2022 01: +0,1663891200
5.493,16,Sep 24 2022 01: +0,1663977600
5.623,8,Sep 25 2022 01: +0,1664064000
5.532,5,Sep 26 2022 01: +0,1664150400
5.604,7,Sep 27 2022 01: +0,1664236800
5.371,4,Sep 28 2022 01: +0,1664323200
5.702,9,Sep 29 2022 01: +0,1664409600
5.427,10,Sep 30 2022 01: +0,1664496000
5.569,13,Oct 01 2022 01: +0,1664582400
5.421,11,Oct 02 2022 01: +0,1664668800
5.537,10,Oct 03 2022 01: +0,1664755200
5.402,6,Oct 04 2022 01: +0,1664841600
5.628,7,Oct 05 2022 01: +0,1664928000
5.45,7,Oct 06 2022 01: +0,1665014400
5.778,4,Oct 07 2022 01: +0,1665100800
5.623,12,Oct 08 2022 01: +0,1665187200
6.084,6,Oct 09 2022 01: +0,1665273600
5.744,8,Oct 10 2022 01: +0,1665360000
5.638,6,Oct 11 2022 01: +0,1665446400
5.58,7,Oct 12 2022 01: +0,1665532800
5.53,7,Oct 13 2022 01: +0,1665619200
5.735,5,Oct 14 2022 01: +0,1665705600
5.753,10,Oct 15 2022 01: +0,1665792000
6.121,8,Oct 16 2022 01: +0,1665878400
5.666,3,Oct 17 2022 01: +0,1665964800
5.714,6,Oct 18 2022 01: +0,1666051200
5.442,9,Oct 19 2022 01: +0,1666137600
5.997,3,Oct 20 2022 01: +0,1666224000
5.761,8,Oct 21 2022 01: +0,1666310400
5.334,13,Oct 22 2022 01: +0,1666396800
5.199,12,Oct 23 2022 01: +0,1666483200
5.206,8,Oct 24 2022 01: +0,1666569600
5.353,4,Oct 25 2022 01: +0,1666656000
5.228,9,Oct 26 2022 01: +0,1666742400
5.307,9,Oct 27 2022 01: +0,1666828800
5.424,2,Oct 28 2022 01: +0,1666915200
5.535,9,Oct 29 2022 01: +0,1667001600
5.604,5,Oct 30 2022 01: +0,1667088000
5.363,5,Oct 31 2022 01: +0,1667178000
5.317,6,Nov 01 2022 01: +0,1667264400
5.49,6,Nov 02 2022 01: +0,1667350800
5.289,5,Nov 03 2022 01: +0,1667437200
5.233,9,Nov 04 2022 01: +0,1667523600
5.35,8,Nov 05 2022 01: +0,1667610000
5.379,7,Nov 06 2022 01: +0,1667696400
5.555,7,Nov 07 2022 01: +0,1667782800
5.391,3,Nov 08 2022 01: +0,1667869200
5.896,2,Nov 09 2022 01: +0,1667955600
5.408,4,Nov 10 2022 01: +0,1668042000
5.68,4,Nov 11 2022 01: +0,1668128400
5.699,5,Nov 12 2022 01: +0,1668214800
5.716,5,Nov 13 2022 01: +0,1668301200
5.686,2,Nov 14 2022 01: +0,1668387600
5.592,2,Nov 15 2022 01: +0,1668474000
5.57,3,Nov 16 2022 01: +0,1668560400
5.51,5,Nov 17 2022 01: +0,1668646800
5.061,2,Nov 18 2022 01: +0,1668733200
5.075,4,Nov 19 2022 01: +0,1668819600
5.292,5,Nov 20 2022 01: +0,1668906000
5.436,6,Nov 21 2022 01: +0,1668992400
5.434,7,Nov 22 2022 01: +0,1669078800
5.326,2,Nov 23 2022 01: +0,1669165200
4.665,6,Nov 24 2022 01: +0,1669251600
5.368,6,Nov 25 2022 01: +0,1669338000
5.317,5,Nov 26 2022 01: +0,1669424400
5.587,3,Nov 27 2022 01: +0,1669510800
5.186,8,Nov 28 2022 01: +0,1669597200
4.357,7,Nov 29 2022 01: +0,1669683600
5.125,6,Nov 30 2022 01: +0,1669770000
5.154,3,Dec 01 2022 01: +0,1669856400
5.596,6,Dec 02 2022 01: +0,1669942800
5.789,6,Dec 03 2022 01: +0,1670029200
5.557,5,Dec 04 2022 01: +0,1670115600
5.138,4,Dec 05 2022 01: +0,1670202000
5.259,6,Dec 06 2022 01: +0,1670288400
5.365,8,Dec 07 2022 01: +0,1670374800
5.57,3,Dec 08 2022 01: +0,1670461200
5.595,6,Dec 09 2022 01: +0,1670547600
5.354,4,Dec 10 2022 01: +0,1670634000
5.996,2,Dec 11 2022 01: +0,1670720400
5.844,5,Dec 12 2022 01: +0,1670806800
5.78,6,Dec 13 2022 01: +0,1670893200
4.266,1,Dec 14 2022 01: +0,1670979600
5.622,2,Dec 15 2022 01: +0,1671066000
5.269,6,Dec 16 2022 01: +0,1671152400
5.08,2,Dec 17 2022 01: +0,1671238800
5.552,7,Dec 18 2022 01: +0,1671325200
5.436,7,Dec 19 2022 01: +0,1671411600
5.953,3,Dec 20 2022 01: +0,1671498000
5.69,5,Dec 21 2022 01: +0,1671584400
5.421,6,Dec 22 2022 01: +0,1671670800
5.764,11,Dec 23 2022 01: +0,1671757200
5.635,5,Dec 24 2022 01: +0,1671843600
5.519,10,Dec 25 2022 01: +0,1671930000
5.322,5,Dec 26 2022 01: +0,1672016400
5.612,9,Dec 27 2022 01: +0,1672102800
5.206,4,Dec 28 2022 01: +0,1672189200
5.397,8,Dec 29 2022 01: +0,1672275600
5.941,4,Dec 30 2022 01: +0,1672362000
5.538,6,Dec 31 2022 01: +0,1672448400
5.257,5,Jan 01 2023 01: +0,1672534800
5.957,4,Jan 02 2023 01: +0,1672621200
5.14,5,Jan 03 2023 01: +0,1672707600
5.746,6,Jan 04 2023 01: +0,1672794000
5.793,1,Jan 05 2023 01: +0,1672880400
5.688,2,Jan 06 2023 01: +0,1672966800
5.792,6,Jan 07 2023 01: +0,1673053200
6.377,1,Jan 08 2023 01: +0,1673139600
6.008,6,Jan 09 2023 01: +0,1673226000
6.105,7,Jan 10 2023 01: +0,1673312400
6.266,4,Jan 11 2023 01: +0,1673398800
6.137,3,Jan 12 2023 01: +0,1673485200
6.186,3,Jan 13 2023 01: +0,1673571600
6.055,6,Jan 14 2023 01: +0,1673658000
6.066,2,Jan 15 2023 01: +0,1673744400
6.427,3,Jan 16 2023 01: +0,1673830800
6.934,8,Jan 17 2023 01: +0,1673917200
6.704,4,Jan 18 2023 01: +0,1674003600
5.904,9,Jan 19 2023 01: +0,1674090000
6.839,5,Jan 20 2023 01: +0,1674176400
6.557,6,Jan 21 2023 01: +0,1674262800
6.012,6,Jan 22 2023 01: +0,1674349200
6.492,2,Jan 23 2023 01: +0,1674435600
5.846,7,Jan 24 2023 01: +0,1674522000
6.414,6,Jan 25 2023 01: +0,1674608400
6.808,6,Jan 26 2023 01: +0,1674694800
6.285,4,Jan 27 2023 01: +0,1674781200
6.292,7,Jan 28 2023 01: +0,1674867600
6.211,3,Jan 29 2023 01: +0,1674954000
6.021,7,Jan 30 2023 01: +0,1675040400
5.998,5,Jan 31 2023 01: +0,1675126800
5.961,5,Feb 01 2023 01: +0,1675213200
6.206,7,Feb 02 2023 01: +0,1675299600
6.022,4,Feb 03 2023 01: +0,1675386000
6.352,7,Feb 04 2023 01: +0,1675472400
6.95,10,Feb 05 2023 01: +0,1675558800
6.376,5,Feb 06 2023 01: +0,1675645200
6.765,4,Feb 07 2023 01: +0,1675731600
6.043,9,Feb 08 2023 01: +0,1675818000
6.057,4,Feb 09 2023 01: +0,1675904400
6.003,13,Feb 10 2023 01: +0,1675990800
6.152,20,Feb 11 2023 01: +0,1676077200
6.002,9,Feb 12 2023 01: +0,1676163600
6.503,7,Feb 13 2023 01: +0,1676250000
6.195,7,Feb 14 2023 01: +0,1676336400
5.641,1,Feb 15 2023 07: +0,1676444400
6.662,1,Feb 15 2023 09: +0,1676451600
5.807,1,Feb 15 2023 10: +0,1676455200
5.841,1,Feb 15 2023 17: +0,1676480400
6.285,1,Feb 15 2023 18: +0,1676484000
5.617,1,Feb 15 2023 21: +0,1676494800
6.218,1,Feb 15 2023 22: +0,1676498400
5.55,1,Feb 16 2023 00: +0,1676505600
6.852,2,Feb 16 2023 02: +0,1676512800
5.823,1,Feb 16 2023 07: +0,1676530800
6.045,2,Feb 16 2023 12: +0,1676548800
6.042,1,Feb 16 2023 17: +0,1676566800
5.592,1,Feb 16 2023 21: +0,1676581200
6.74,1,Feb 16 2023 22: +0,1676584800
5.592,1,Feb 17 2023 06: +0,1676613600
6.091,1,Feb 17 2023 14: +0,1676642400
6.608,3,Feb 17 2023 16: +0,1676649600
6.701,1,Feb 17 2023 21: +0,1676667600
5.683,1,Feb 18 2023 06: +0,1676700000
6.287,1,Feb 18 2023 07: +0,1676703600
5.683,1,Feb 18 2023 11: +0,1676718000
5.683,1,Feb 18 2023 15: +0,1676732400
6.391,2,Feb 18 2023 17: +0,1676739600
5.716,1,Feb 18 2023 19: +0,1676746800
5.716,1,Feb 18 2023 23: +0,1676761200
5.716,1,Feb 19 2023 02: +0,1676772000
5.632,2,Feb 19 2023 05: +0,1676782800
5.643,1,Feb 19 2023 07: +0,1676790000
6.11,1,Feb 19 2023 12: +0,1676808000
5.683,1,Feb 19 2023 14: +0,1676815200
6.009,1,Feb 19 2023 17: +0,1676826000
6.005,1,Feb 20 2023 02: +0,1676858400
5.961,1,Feb 20 2023 06: +0,1676872800
6.353,1,Feb 20 2023 07: +0,1676876400
5.456,1,Feb 20 2023 15: +0,1676905200
5.705,2,Feb 20 2023 16: +0,1676908800
5.694,1,Feb 20 2023 20: +0,1676923200
6.164,1,Feb 20 2023 21: +0,1676926800
6.369,1,Feb 21 2023 00: +0,1676937600
5.543,1,Feb 21 2023 07: +0,1676962800
6.031,1,Feb 21 2023 13: +0,1676984400
5.543,1,Feb 22 2023 05: +0,1677042000
5.408,1,Feb 22 2023 07: +0,1677049200
5.542,1,Feb 22 2023 08: +0,1677052800
6.366,1,Feb 22 2023 11: +0,1677063600
5.592,1,Feb 22 2023 15: +0,1677078000
6.39,1,Feb 22 2023 18: +0,1677088800
6.535,1,Feb 22 2023 19: +0,1677092400
6.514,1,Feb 22 2023 21: +0,1677099600
5.979,2,Feb 23 2023 05: +0,1677128400
5.492,1,Feb 23 2023 11: +0,1677150000
5.474,1,Feb 24 2023 05: +0,1677214800
6.28,1,Feb 24 2023 11: +0,1677236400
6.335,1,Feb 24 2023 12: +0,1677240000
5.302,1,Feb 24 2023 13: +0,1677243600
5.578,2,Feb 24 2023 14: +0,1677247200
6.377,1,Feb 24 2023 16: +0,1677254400
5.377,1,Feb 25 2023 03: +0,1677294000
5.385,1,Feb 25 2023 07: +0,1677308400
5.344,1,Feb 25 2023 13: +0,1677330000
5.344,1,Feb 25 2023 15: +0,1677337200
5.368,2,Feb 25 2023 17: +0,1677344400
6.269,1,Feb 25 2023 20: +0,1677355200
6.278,1,Feb 25 2023 23: +0,1677366000
5.335,1,Feb 26 2023 02: +0,1677376800
6.282,1,Feb 26 2023 04: +0,1677384000
6.288,1,Feb 26 2023 07: +0,1677394800
6.295,1,Feb 26 2023 14: +0,1677420000
6.297,1,Feb 26 2023 22: +0,1677448800
6.267,1,Feb 27 2023 01: +0,1677459600
6.295,1,Feb 27 2023 02: +0,1677463200
6.413,1,Feb 27 2023 05: +0,1677474000
6.415,1,Feb 27 2023 06: +0,1677477600
6.424,1,Feb 27 2023 14: +0,1677506400
6.539,2,Feb 27 2023 21: +0,1677531600
6.661,1,Feb 28 2023 05: +0,1677560400
5.905,1,Feb 28 2023 08: +0,1677571200
5.707,1,Feb 28 2023 10: +0,1677578400
5.567,3,Feb 28 2023 12: +0,1677585600
6.147,2,Feb 28 2023 21: +0,1677618000
5.567,1,Mar 01 2023 15: +0,1677682800
5.344,1,Mar 01 2023 17: +0,1677690000
5.567,1,Mar 01 2023 21: +0,1677704400
5.567,1,Mar 02 2023 00: +0,1677715200
5.476,1,Mar 02 2023 07: +0,1677740400
1.383,1,Mar 02 2023 09: +0,1677747600
3.78,1,Mar 02 2023 10: +0,1677751200
5.534,1,Mar 02 2023 12: +0,1677758400
5.914,1,Mar 02 2023 17: +0,1677776400
5.633,1,Mar 02 2023 20: +0,1677787200
5.989,1,Mar 03 2023 01: +0,1677805200
5.484,1,Mar 03 2023 05: +0,1677819600
5.792,2,Mar 03 2023 10: +0,1677837600
5.799,2,Mar 03 2023 11: +0,1677841200
5.625,1,Mar 03 2023 13: +0,1677848400
5.55,1,Mar 03 2023 14: +0,1677852000
5.583,2,Mar 04 2023 05: +0,1677906000
5.492,1,Mar 04 2023 06: +0,1677909600
5.385,1,Mar 04 2023 14: +0,1677938400
5.658,1,Mar 04 2023 21: +0,1677963600
5.743,1,Mar 05 2023 04: +0,1677988800
4.187,1,Mar 05 2023 05: +0,1677992400
5.36,1,Mar 05 2023 06: +0,1677996000
5.734,1,Mar 05 2023 11: +0,1678014000
5.492,1,Mar 05 2023 15: +0,1678028400
6.149,1,Mar 05 2023 17: +0,1678035600
6.092,1,Mar 05 2023 22: +0,1678053600
6.349,2,Mar 05 2023 23: +0,1678057200
5.267,1,Mar 06 2023 04: +0,1678075200
5.749,1,Mar 06 2023 05: +0,1678078800
4.801,1,Mar 06 2023 06: +0,1678082400
5.625,1,Mar 06 2023 13: +0,1678107600
4.839,1,Mar 07 2023 01: +0,1678150800
5.542,1,Mar 07 2023 10: +0,1678183200
5.476,1,Mar 07 2023 13: +0,1678194000
5.542,1,Mar 07 2023 14: +0,1678197600
5.476,1,Mar 07 2023 16: +0,1678204800
5.401,1,Mar 08 2023 05: +0,1678251600
6.181,1,Mar 08 2023 07: +0,1678258800
6.188,1,Mar 08 2023 20: +0,1678305600
6.181,1,Mar 09 2023 12: +0,1678363200
6.237,1,Mar 09 2023 18: +0,1678384800
5.234,1,Mar 09 2023 20: +0,1678392000
6.294,2,Mar 10 2023 03: +0,1678417200
5.847,2,Mar 10 2023 10: +0,1678442400
6.245,1,Mar 10 2023 12: +0,1678449600
5.451,3,Mar 10 2023 13: +0,1678453200
5.955,2,Mar 10 2023 15: +0,1678460400
6.465,1,Mar 10 2023 16: +0,1678464000
5.459,1,Mar 10 2023 23: +0,1678489200
5.401,2,Mar 11 2023 10: +0,1678528800
5.387,1,Mar 11 2023 16: +0,1678550400
6.283,1,Mar 11 2023 19: +0,1678561200
6.418,1,Mar 11 2023 22: +0,1678572000
6.411,1,Mar 12 2023 00: +0,1678579200
6.411,1,Mar 12 2023 06: +0,1678600800
5.49,1,Mar 12 2023 13: +0,1678626000
6.397,1,Mar 12 2023 15: +0,1678633200
5.418,1,Mar 12 2023 17: +0,1678640400
5.468,1,Mar 12 2023 23: +0,1678662000
6.369,1,Mar 13 2023 05: +0,1678683600
6.436,1,Mar 13 2023 06: +0,1678687200
5.492,1,Mar 13 2023 10: +0,1678701600
5.451,1,Mar 13 2023 19: +0,1678734000
5.401,1,Mar 13 2023 22: +0,1678744800
5.889,2,Mar 14 2023 02: +0,1678759200
6.444,1,Mar 14 2023 03: +0,1678762800
5.415,1,Mar 14 2023 08: +0,1678780800
6.017,1,Mar 14 2023 16: +0,1678809600
6.025,1,Mar 14 2023 19: +0,1678820400
6.437,1,Mar 14 2023 20: +0,1678824000
5.963,2,Mar 14 2023 23: +0,1678834800
5.399,1,Mar 15 2023 02: +0,1678845600
5.964,2,Mar 15 2023 10: +0,1678874400
6.468,1,Mar 15 2023 16: +0,1678896000
5.474,1,Mar 15 2023 17: +0,1678899600
6.465,1,Mar 15 2023 18: +0,1678903200
5.516,1,Mar 16 2023 01: +0,1678928400
6.363,1,Mar 16 2023 04: +0,1678939200
6.321,3,Mar 16 2023 15: +0,1678978800
5.466,1,Mar 16 2023 20: +0,1678996800
5.608,1,Mar 17 2023 01: +0,1679014800
6.027,2,Mar 17 2023 03: +0,1679022000
5.458,1,Mar 17 2023 06: +0,1679032800
5.466,1,Mar 17 2023 10: +0,1679047200
6.016,1,Mar 17 2023 14: +0,1679061600
6.376,1,Mar 17 2023 17: +0,1679072400
6.381,1,Mar 17 2023 19: +0,1679079600
6.335,1,Mar 17 2023 23: +0,1679094000
6.158,1,Mar 18 2023 08: +0,1679126400
5.356,1,Mar 18 2023 12: +0,1679140800
5.421,1,Mar 18 2023 13: +0,1679144400
6.098,1,Mar 18 2023 14: +0,1679148000
6.184,1,Mar 18 2023 15: +0,1679151600
5.574,1,Mar 18 2023 19: +0,1679166000
6.3,1,Mar 18 2023 21: +0,1679173200
6.12,1,Mar 19 2023 10: +0,1679220000
5.454,1,Mar 19 2023 15: +0,1679238000
4.962,4,Mar 19 2023 16: +0,1679241600
6.054,1,Mar 19 2023 20: +0,1679256000
5.94,1,Mar 19 2023 21: +0,1679259600
5.717,1,Mar 20 2023 08: +0,1679299200
5.409,1,Mar 20 2023 14: +0,1679320800
5.364,1,Mar 20 2023 16: +0,1679328000
5.364,1,Mar 20 2023 17: +0,1679331600
5.176,1,Mar 20 2023 21: +0,1679346000
5.381,1,Mar 21 2023 03: +0,1679367600
5.372,2,Mar 21 2023 07: +0,1679382000
5.372,1,Mar 21 2023 08: +0,1679385600
5.641,1,Mar 21 2023 10: +0,1679392800
5.372,1,Mar 21 2023 16: +0,1679414400
5.372,1,Mar 21 2023 17: +0,1679418000
5.725,1,Mar 21 2023 18: +0,1679421600
5.364,1,Mar 22 2023 03: +0,1679454000
5.469,1,Mar 22 2023 14: +0,1679493600
5.7,1,Mar 22 2023 18: +0,1679508000
5.727,1,Mar 22 2023 19: +0,1679511600
5.727,1,Mar 23 2023 00: +0,1679529600
6.12,1,Mar 23 2023 01: +0,1679533200
6.124,1,Mar 23 2023 02: +0,1679536800
6.133,1,Mar 23 2023 03: +0,1679540400
6.143,1,Mar 23 2023 04: +0,1679544000
6.179,1,Mar 23 2023 07: +0,1679554800
6.176,1,Mar 23 2023 09: +0,1679562000
5.34,1,Mar 23 2023 10: +0,1679565600
5.758,2,Mar 23 2023 11: +0,1679569200
6.157,1,Mar 23 2023 12: +0,1679572800
6.168,1,Mar 23 2023 13: +0,1679576400
5.291,1,Mar 23 2023 14: +0,1679580000
6.168,1,Mar 23 2023 15: +0,1679583600
6.159,1,Mar 23 2023 16: +0,1679587200
5.013,2,Mar 23 2023 19: +0,1679598000
6.162,1,Mar 23 2023 20: +0,1679601600
6.175,3,Mar 23 2023 21: +0,1679605200
6.282,1,Mar 24 2023 02: +0,1679623200
6.389,1,Mar 24 2023 04: +0,1679630400
5.325,1,Mar 24 2023 11: +0,1679655600
5.327,1,Mar 24 2023 13: +0,1679662800
6.398,1,Mar 24 2023 14: +0,1679666400
5.327,1,Mar 24 2023 15: +0,1679670000
6.389,1,Mar 24 2023 17: +0,1679677200
6.378,2,Mar 24 2023 20: +0,1679688000
5.319,1,Mar 24 2023 23: +0,1679698800
5.851,2,Mar 25 2023 01: +0,1679706000
6.247,1,Mar 25 2023 03: +0,1679713200
6.38,1,Mar 25 2023 07: +0,1679727600
6.366,1,Mar 25 2023 08: +0,1679731200
5.832,2,Mar 25 2023 16: +0,1679760000
6.253,2,Mar 25 2023 21: +0,1679778000
6.39,1,Mar 25 2023 23: +0,1679785200
6.465,1,Mar 26 2023 00: +0,1679788800
6.587,1,Mar 26 2023 04: +0,1679799600
5.466,1,Mar 26 2023 05: +0,1679803200
5.458,1,Mar 26 2023 06: +0,1679806800
5.196,1,Mar 26 2023 09: +0,1679817600
6.25,1,Mar 26 2023 10: +0,1679821200
6.588,1,Mar 26 2023 11: +0,1679824800
6.626,1,Mar 26 2023 12: +0,1679828400
6.835,2,Mar 26 2023 15: +0,1679839200
7.067,1,Mar 26 2023 16: +0,1679842800
7.289,2,Mar 26 2023 17: +0,1679846400
7.499,1,Mar 26 2023 18: +0,1679850000
7.502,2,Mar 26 2023 19: +0,1679853600
7.316,1,Mar 27 2023 07: +0,1679896800
6.517,1,Mar 27 2023 10: +0,1679907600
7.203,2,Mar 27 2023 14: +0,1679922000
7.148,1,Mar 27 2023 17: +0,1679932800
6.499,1,Mar 27 2023 18: +0,1679936400
7.146,1,Mar 27 2023 19: +0,1679940000
6.503,1,Mar 27 2023 20: +0,1679943600
4.902,1,Mar 27 2023 23: +0,1679954400
6.061,1,Mar 28 2023 00: +0,1679958000
7.105,1,Mar 28 2023 03: +0,1679968800
7.333,1,Mar 28 2023 09: +0,1679990400
7.237,1,Mar 28 2023 13: +0,1680004800
6.061,1,Mar 28 2023 16: +0,1680015600
7.104,1,Mar 28 2023 17: +0,1680019200
6.006,1,Mar 28 2023 21: +0,1680033600
7.178,1,Mar 29 2023 01: +0,1680048000
7.143,1,Mar 29 2023 07: +0,1680069600
7.13,1,Mar 29 2023 08: +0,1680073200
7.105,1,Mar 29 2023 18: +0,1680109200
7.122,1,Mar 29 2023 23: +0,1680127200
7.114,1,Mar 30 2023 03: +0,1680141600
7.114,1,Mar 30 2023 04: +0,1680145200
7.047,1,Mar 30 2023 18: +0,1680195600
7.09,1,Mar 30 2023 22: +0,1680210000
7.066,1,Mar 31 2023 00: +0,1680217200
7.084,1,Mar 31 2023 02: +0,1680224400
7.081,1,Mar 31 2023 03: +0,1680228000
6.467,1,Mar 31 2023 04: +0,1680231600
6.467,1,Mar 31 2023 05: +0,1680235200
7.081,1,Mar 31 2023 06: +0,1680238800
6.168,1,Mar 31 2023 07: +0,1680242400
7.079,2,Mar 31 2023 12: +0,1680260400
7.04,1,Mar 31 2023 18: +0,1680282000
7.075,1,Mar 31 2023 20: +0,1680289200
7.033,1,Apr 01 2023 01: +0,1680307200
6.257,4,Apr 01 2023 02: +0,1680310800
7.025,1,Apr 01 2023 06: +0,1680325200
5.877,1,Apr 01 2023 10: +0,1680339600
5.903,1,Apr 01 2023 11: +0,1680343200
7.036,1,Apr 01 2023 13: +0,1680350400
7.035,1,Apr 01 2023 14: +0,1680354000
7.025,2,Apr 01 2023 20: +0,1680375600
7.03,1,Apr 01 2023 23: +0,1680386400
7.05,1,Apr 02 2023 01: +0,1680393600
5.926,1,Apr 02 2023 02: +0,1680397200
5.926,1,Apr 02 2023 04: +0,1680404400
6.884,1,Apr 02 2023 07: +0,1680415200
5.881,1,Apr 02 2023 11: +0,1680429600
5.956,1,Apr 02 2023 16: +0,1680447600
7.046,1,Apr 02 2023 18: +0,1680454800
5.95,1,Apr 02 2023 21: +0,1680465600
7.041,1,Apr 02 2023 22: +0,1680469200
6.52,2,Apr 02 2023 23: +0,1680472800
6.338,1,Apr 03 2023 00: +0,1680476400
7.073,1,Apr 03 2023 01: +0,1680480000
7.279,2,Apr 03 2023 03: +0,1680487200
6.348,2,Apr 03 2023 05: +0,1680494400
7.031,1,Apr 03 2023 10: +0,1680512400
7.434,1,Apr 03 2023 11: +0,1680516000
7.019,1,Apr 03 2023 13: +0,1680523200
6.071,1,Apr 03 2023 14: +0,1680526800
6.162,2,Apr 03 2023 15: +0,1680530400
6.935,1,Apr 03 2023 16: +0,1680534000
6.309,1,Apr 03 2023 18: +0,1680541200
6.915,2,Apr 03 2023 19: +0,1680544800
7.63,1,Apr 03 2023 22: +0,1680555600
7.481,1,Apr 04 2023 02: +0,1680570000
5.933,2,Apr 04 2023 07: +0,1680588000
7.004,1,Apr 04 2023 08: +0,1680591600
5.784,1,Apr 04 2023 18: +0,1680627600
6.955,1,Apr 04 2023 19: +0,1680631200
5.667,1,Apr 04 2023 20: +0,1680634800
6.857,1,Apr 04 2023 21: +0,1680638400
5.837,1,Apr 04 2023 22: +0,1680642000
5.84,1,Apr 04 2023 23: +0,1680645600
6.939,1,Apr 05 2023 00: +0,1680649200
6.944,1,Apr 05 2023 03: +0,1680660000
6.667,1,Apr 05 2023 05: +0,1680667200
6.956,1,Apr 05 2023 07: +0,1680674400
6.867,2,Apr 05 2023 09: +0,1680681600
6.692,1,Apr 05 2023 11: +0,1680688800
5.88,1,Apr 05 2023 12: +0,1680692400
6.866,1,Apr 05 2023 15: +0,1680703200
6.825,1,Apr 05 2023 16: +0,1680706800
6.812,1,Apr 05 2023 22: +0,1680728400
6.835,1,Apr 06 2023 02: +0,1680742800
6.778,1,Apr 06 2023 13: +0,1680782400
6.827,1,Apr 06 2023 14: +0,1680786000
6.425,1,Apr 06 2023 18: +0,1680800400
6.826,1,Apr 06 2023 20: +0,1680807600
6.807,1,Apr 06 2023 21: +0,1680811200
6.723,1,Apr 07 2023 01: +0,1680825600
6.811,1,Apr 07 2023 03: +0,1680832800
6.055,1,Apr 07 2023 10: +0,1680858000
6.953,1,Apr 07 2023 19: +0,1680890400
6.75,1,Apr 08 2023 00: +0,1680908400
6.024,1,Apr 08 2023 02: +0,1680915600
6.766,1,Apr 08 2023 03: +0,1680919200
6.956,1,Apr 08 2023 05: +0,1680926400
6.064,1,Apr 08 2023 07: +0,1680933600
6.064,1,Apr 08 2023 08: +0,1680937200
6.024,1,Apr 08 2023 10: +0,1680944400
6.958,1,Apr 08 2023 11: +0,1680948000
6.995,2,Apr 08 2023 16: +0,1680966000
7.04,1,Apr 08 2023 17: +0,1680969600
7.035,1,Apr 08 2023 18: +0,1680973200
7.114,2,Apr 08 2023 21: +0,1680984000
8.048,1,Apr 08 2023 22: +0,1680987600
7.976,1,Apr 09 2023 01: +0,1680998400
6.564,1,Apr 09 2023 02: +0,1681002000
8.013,1,Apr 09 2023 04: +0,1681009200
8.064,1,Apr 09 2023 08: +0,1681023600
7.984,1,Apr 09 2023 12: +0,1681038000
7.97,1,Apr 09 2023 14: +0,1681045200
6.54,1,Apr 09 2023 17: +0,1681056000
6.492,1,Apr 09 2023 22: +0,1681074000
6.447,1,Apr 09 2023 23: +0,1681077600
6.981,1,Apr 10 2023 04: +0,1681095600
7.333,1,Apr 10 2023 05: +0,1681099200
7.267,1,Apr 10 2023 08: +0,1681110000
7.271,1,Apr 10 2023 10: +0,1681117200
8.032,1,Apr 10 2023 11: +0,1681120800
6.443,1,Apr 10 2023 13: +0,1681128000
7.661,2,Apr 10 2023 18: +0,1681146000
6.335,1,Apr 10 2023 19: +0,1681149600
6.079,1,Apr 11 2023 00: +0,1681167600
7.067,1,Apr 11 2023 01: +0,1681171200
7.418,1,Apr 11 2023 03: +0,1681178400
7.423,2,Apr 11 2023 05: +0,1681185600
7.13,1,Apr 11 2023 10: +0,1681203600
7.333,2,Apr 11 2023 12: +0,1681210800
7.351,1,Apr 11 2023 14: +0,1681218000
6.248,1,Apr 11 2023 20: +0,1681239600
6.196,1,Apr 11 2023 21: +0,1681243200
6.125,1,Apr 11 2023 23: +0,1681250400
6.064,1,Apr 12 2023 00: +0,1681254000
6.016,1,Apr 12 2023 06: +0,1681275600
7.339,1,Apr 12 2023 07: +0,1681279200
7.364,1,Apr 12 2023 09: +0,1681286400
6.152,1,Apr 12 2023 10: +0,1681290000
7.389,1,Apr 12 2023 11: +0,1681293600
6.479,1,Apr 12 2023 18: +0,1681318800
7.407,1,Apr 12 2023 20: +0,1681326000
7.425,1,Apr 12 2023 21: +0,1681329600
7.394,1,Apr 12 2023 22: +0,1681333200
6.645,2,Apr 13 2023 07: +0,1681365600
6.986,1,Apr 13 2023 08: +0,1681369200
6.357,1,Apr 13 2023 09: +0,1681372800
6.998,3,Apr 13 2023 12: +0,1681383600
7.452,1,Apr 13 2023 17: +0,1681401600
7.465,1,Apr 13 2023 20: +0,1681412400
6.192,1,Apr 13 2023 21: +0,1681416000
6.319,1,Apr 14 2023 00: +0,1681426800
7.227,1,Apr 14 2023 06: +0,1681448400
6.521,2,Apr 14 2023 08: +0,1681455600
6.297,2,Apr 14 2023 10: +0,1681462800
7.401,1,Apr 14 2023 18: +0,1681491600
7.454,1,Apr 14 2023 19: +0,1681495200
7.424,1,Apr 14 2023 23: +0,1681509600
7.433,1,Apr 15 2023 01: +0,1681516800
6.14,2,Apr 15 2023 02: +0,1681520400
6.232,2,Apr 15 2023 04: +0,1681527600
7.423,1,Apr 15 2023 06: +0,1681534800
5.371,1,Apr 15 2023 09: +0,1681545600
7.43,1,Apr 15 2023 10: +0,1681549200
7.429,1,Apr 15 2023 12: +0,1681556400
7.433,1,Apr 15 2023 17: +0,1681574400
7.433,1,Apr 15 2023 21: +0,1681588800
7.43,1,Apr 15 2023 23: +0,1681596000
2.032,1,Apr 16 2023 00: +0,1681599600
6.361,1,Apr 16 2023 03: +0,1681610400
7.235,1,Apr 16 2023 04: +0,1681614000
7.354,1,Apr 16 2023 07: +0,1681624800
7.443,1,Apr 16 2023 08: +0,1681628400
7.512,1,Apr 16 2023 09: +0,1681632000
7.521,1,Apr 16 2023 19: +0,1681668000
6.2,1,Apr 16 2023 23: +0,1681682400
7.137,2,Apr 17 2023 01: +0,1681689600
7.634,1,Apr 17 2023 02: +0,1681693200
6.665,1,Apr 17 2023 15: +0,1681740000
7.106,2,Apr 17 2023 16: +0,1681743600
7.312,1,Apr 17 2023 17: +0,1681747200
6.422,1,Apr 17 2023 19: +0,1681754400
6.522,1,Apr 18 2023 08: +0,1681801200
7.24,1,Apr 18 2023 12: +0,1681815600
7.252,1,Apr 18 2023 14: +0,1681822800
7.493,1,Apr 18 2023 17: +0,1681833600
6.446,1,Apr 18 2023 19: +0,1681840800
7.491,1,Apr 18 2023 20: +0,1681844400
7.599,1,Apr 19 2023 00: +0,1681858800
7.673,1,Apr 19 2023 02: +0,1681866000
7.695,1,Apr 19 2023 05: +0,1681876800
6.632,1,Apr 19 2023 18: +0,1681923600
7.016,1,Apr 19 2023 19: +0,1681927200
6.617,1,Apr 19 2023 21: +0,1681934400
7.696,1,Apr 19 2023 23: +0,1681941600
7.701,1,Apr 20 2023 05: +0,1681963200
6.778,1,Apr 20 2023 06: +0,1681966800
6.778,2,Apr 20 2023 07: +0,1681970400
6.906,2,Apr 20 2023 13: +0,1681992000
7.705,1,Apr 20 2023 14: +0,1681995600
7.405,1,Apr 20 2023 15: +0,1681999200
7.434,2,Apr 20 2023 16: +0,1682002800
6.802,1,Apr 20 2023 17: +0,1682006400
7.67,1,Apr 20 2023 20: +0,1682017200
7.874,1,Apr 20 2023 23: +0,1682028000
7.159,1,Apr 21 2023 02: +0,1682038800
7.431,2,Apr 21 2023 10: +0,1682067600
8.117,1,Apr 21 2023 11: +0,1682071200
7.416,2,Apr 21 2023 13: +0,1682078400
7.497,2,Apr 21 2023 18: +0,1682096400
8.085,2,Apr 21 2023 20: +0,1682103600
8.472,1,Apr 22 2023 00: +0,1682118000
8.602,1,Apr 22 2023 02: +0,1682125200
7.97,1,Apr 22 2023 03: +0,1682128800
6.931,1,Apr 22 2023 04: +0,1682132400
8.634,2,Apr 22 2023 06: +0,1682139600
6.917,1,Apr 22 2023 12: +0,1682161200
6.788,1,Apr 22 2023 14: +0,1682168400
6.788,1,Apr 22 2023 15: +0,1682172000
7.932,1,Apr 22 2023 19: +0,1682186400
6.772,1,Apr 22 2023 21: +0,1682193600
7.389,2,Apr 22 2023 23: +0,1682200800
8.005,1,Apr 23 2023 04: +0,1682218800
7.999,1,Apr 23 2023 07: +0,1682229600
8.004,3,Apr 23 2023 08: +0,1682233200
8.004,1,Apr 23 2023 09: +0,1682236800
7.355,2,Apr 23 2023 10: +0,1682240400
7.408,2,Apr 23 2023 15: +0,1682258400
6.794,1,Apr 23 2023 16: +0,1682262000
6.794,1,Apr 23 2023 18: +0,1682269200
6.434,1,Apr 23 2023 22: +0,1682283600
7.697,1,Apr 24 2023 04: +0,1682305200
6.778,1,Apr 24 2023 05: +0,1682308800
6.426,1,Apr 24 2023 10: +0,1682326800
7.01,1,Apr 24 2023 12: +0,1682334000
7.067,1,Apr 24 2023 14: +0,1682341200
7.448,1,Apr 24 2023 15: +0,1682344800
7.52,1,Apr 24 2023 16: +0,1682348400
6.402,1,Apr 24 2023 17: +0,1682352000
6.975,1,Apr 24 2023 19: +0,1682359200
7.649,1,Apr 24 2023 21: +0,1682366400
7.021,2,Apr 25 2023 02: +0,1682384400
6.386,1,Apr 25 2023 03: +0,1682388000
7.584,1,Apr 25 2023 05: +0,1682395200
6.369,1,Apr 25 2023 08: +0,1682406000
6.359,1,Apr 25 2023 09: +0,1682409600
6.187,1,Apr 25 2023 12: +0,1682420400
6.149,2,Apr 25 2023 13: +0,1682424000
5.942,1,Apr 25 2023 14: +0,1682427600
6.513,3,Apr 25 2023 17: +0,1682438400
6.652,1,Apr 25 2023 21: +0,1682452800
6.5,1,Apr 26 2023 05: +0,1682481600
6.128,1,Apr 26 2023 06: +0,1682485200
6.004,1,Apr 26 2023 14: +0,1682514000
5.749,1,Apr 26 2023 16: +0,1682521200
4.989,2,Apr 26 2023 18: +0,1682528400
5.926,1,Apr 26 2023 19: +0,1682532000
5.839,2,Apr 26 2023 20: +0,1682535600
5.218,1,Apr 26 2023 23: +0,1682546400
6.246,1,Apr 27 2023 00: +0,1682550000
6.527,1,Apr 27 2023 02: +0,1682557200
6.647,1,Apr 27 2023 05: +0,1682568000
6.471,1,Apr 27 2023 09: +0,1682582400
6.662,1,Apr 27 2023 11: +0,1682589600
6.606,2,Apr 27 2023 17: +0,1682611200
6.735,1,Apr 27 2023 20: +0,1682622000
7.134,2,Apr 28 2023 04: +0,1682650800
7.149,1,Apr 28 2023 09: +0,1682668800
6.007,1,Apr 28 2023 12: +0,1682679600
6.007,1,Apr 28 2023 14: +0,1682686800
6.007,1,Apr 28 2023 15: +0,1682690400
5.959,1,Apr 28 2023 16: +0,1682694000
6.555,2,Apr 28 2023 21: +0,1682712000
7.087,1,Apr 28 2023 23: +0,1682719200
7.088,1,Apr 29 2023 02: +0,1682730000
6.911,1,Apr 29 2023 09: +0,1682755200
7.04,1,Apr 29 2023 10: +0,1682758800
6.197,2,Apr 29 2023 11: +0,1682762400
7.036,2,Apr 29 2023 12: +0,1682766000
7.084,2,Apr 29 2023 13: +0,1682769600
5.935,2,Apr 29 2023 17: +0,1682784000
5.943,3,Apr 29 2023 19: +0,1682791200
7.129,1,Apr 29 2023 21: +0,1682798400
7.165,1,Apr 30 2023 04: +0,1682823600
5.943,1,Apr 30 2023 06: +0,1682830800
7.051,1,Apr 30 2023 11: +0,1682848800
7.151,1,Apr 30 2023 12: +0,1682852400
7.041,3,Apr 30 2023 13: +0,1682856000
6.936,1,Apr 30 2023 14: +0,1682859600
7.16,1,Apr 30 2023 18: +0,1682874000
6.407,1,Apr 30 2023 20: +0,1682881200
6.573,2,Apr 30 2023 21: +0,1682884800
7.155,1,May 01 2023 00: +0,1682895600
6.847,1,May 01 2023 01: +0,1682899200
6.967,1,May 01 2023 08: +0,1682924400
6.296,1,May 01 2023 10: +0,1682931600
5.991,1,May 01 2023 11: +0,1682935200
6.572,1,May 01 2023 12: +0,1682938800
6.458,2,May 01 2023 18: +0,1682960400
6.937,10,May 01 2023 20: +0,1682967600
5.912,2,May 01 2023 22: +0,1682974800
6.881,1,May 02 2023 02: +0,1682989200
6.921,1,May 02 2023 10: +0,1683018000
5.717,1,May 02 2023 11: +0,1683021600
7.09,1,May 02 2023 14: +0,1683032400
5.927,1,May 02 2023 18: +0,1683046800
7.044,2,May 02 2023 21: +0,1683057600
5.843,2,May 03 2023 02: +0,1683075600
7.044,1,May 03 2023 15: +0,1683122400
7.056,2,May 03 2023 19: +0,1683136800
7.109,1,May 04 2023 02: +0,1683162000
6.231,1,May 04 2023 03: +0,1683165600
7.12,1,May 04 2023 04: +0,1683169200
5.951,1,May 04 2023 08: +0,1683183600
6.912,1,May 04 2023 12: +0,1683198000
6.994,1,May 04 2023 18: +0,1683219600
6.478,2,May 05 2023 03: +0,1683252000
6.172,1,May 05 2023 04: +0,1683255600
5.838,1,May 05 2023 05: +0,1683259200
5.838,1,May 05 2023 07: +0,1683266400
6.039,1,May 05 2023 09: +0,1683273600
5.906,2,May 05 2023 11: +0,1683280800
5.766,1,May 05 2023 12: +0,1683284400
6.364,1,May 05 2023 13: +0,1683288000
5.615,1,May 05 2023 14: +0,1683291600
6.447,1,May 05 2023 17: +0,1683302400
5.375,1,May 05 2023 19: +0,1683309600
6.377,1,May 05 2023 22: +0,1683320400
6.44,1,May 05 2023 23: +0,1683324000
6.438,1,May 06 2023 02: +0,1683334800
5.683,4,May 06 2023 07: +0,1683352800
5.167,1,May 06 2023 08: +0,1683356400
6.362,1,May 06 2023 10: +0,1683363600
5.582,1,May 06 2023 13: +0,1683374400
5.645,1,May 06 2023 14: +0,1683378000
5.621,2,May 06 2023 15: +0,1683381600
6.1,1,May 06 2023 16: +0,1683385200
5.677,1,May 06 2023 17: +0,1683388800
5.87,2,May 06 2023 18: +0,1683392400
6.27,1,May 06 2023 19: +0,1683396000
6.215,1,May 07 2023 02: +0,1683421200
6.082,1,May 07 2023 03: +0,1683424800
6.084,1,May 07 2023 04: +0,1683428400
5.232,1,May 07 2023 05: +0,1683432000
6.078,1,May 07 2023 13: +0,1683460800
5.359,1,May 07 2023 19: +0,1683482400
6.003,1,May 08 2023 00: +0,1683500400
5.567,1,May 08 2023 07: +0,1683525600
5.937,1,May 08 2023 14: +0,1683550800
4.351,1,May 08 2023 16: +0,1683558000
5.828,1,May 08 2023 23: +0,1683583200
5.825,1,May 09 2023 04: +0,1683601200
5.855,1,May 09 2023 05: +0,1683604800
5.243,1,May 09 2023 12: +0,1683630000
5.243,1,May 09 2023 13: +0,1683633600
5.243,1,May 09 2023 16: +0,1683644400
5.278,1,May 09 2023 21: +0,1683662400
5.943,2,May 10 2023 08: +0,1683702000
5.963,1,May 10 2023 14: +0,1683723600
6.045,1,May 10 2023 15: +0,1683727200
6.032,1,May 10 2023 17: +0,1683734400
6.075,2,May 10 2023 18: +0,1683738000
6.261,1,May 11 2023 04: +0,1683774000
5.973,1,May 11 2023 12: +0,1683802800
6.09,1,May 11 2023 18: +0,1683824400
5.307,1,May 11 2023 20: +0,1683831600
5.315,1,May 12 2023 01: +0,1683849600
6.075,1,May 12 2023 03: +0,1683856800
6.323,1,May 12 2023 05: +0,1683864000
6.335,3,May 12 2023 09: +0,1683878400
6.453,1,May 12 2023 12: +0,1683889200
6.578,1,May 12 2023 13: +0,1683892800
6.802,1,May 12 2023 15: +0,1683900000
6.802,1,May 12 2023 20: +0,1683918000
5.675,1,May 13 2023 03: +0,1683943200
6.596,1,May 13 2023 05: +0,1683950400
6.556,1,May 13 2023 07: +0,1683957600
6.6,1,May 13 2023 11: +0,1683972000
6.58,1,May 13 2023 13: +0,1683979200
6.076,1,May 13 2023 21: +0,1684008000
6.498,2,May 13 2023 23: +0,1684015200
5.651,1,May 14 2023 00: +0,1684018800
6.416,1,May 14 2023 02: +0,1684026000
6.525,1,May 14 2023 19: +0,1684087200
6.091,2,May 14 2023 21: +0,1684094400
6.525,1,May 15 2023 01: +0,1684108800
6.525,1,May 15 2023 03: +0,1684116000
6.513,1,May 15 2023 06: +0,1684126800
5.573,1,May 15 2023 10: +0,1684141200
5.575,1,May 15 2023 14: +0,1684155600
6.089,1,May 15 2023 15: +0,1684159200
5.658,2,May 15 2023 21: +0,1684180800
6.325,1,May 16 2023 04: +0,1684206000
5.397,1,May 16 2023 15: +0,1684245600
5.312,1,May 16 2023 20: +0,1684263600
6.208,1,May 16 2023 23: +0,1684274400
6.218,1,May 17 2023 00: +0,1684278000
6.2,1,May 17 2023 01: +0,1684281600
6.216,1,May 17 2023 05: +0,1684296000
6.216,1,May 17 2023 08: +0,1684306800
6.216,1,May 17 2023 17: +0,1684339200
6.216,1,May 17 2023 18: +0,1684342800
6.25,1,May 17 2023 19: +0,1684346400
6.51,1,May 17 2023 21: +0,1684353600
6.213,1,May 18 2023 01: +0,1684368000
5.96,2,May 18 2023 03: +0,1684375200
5.672,1,May 18 2023 07: +0,1684389600
4.106,1,May 18 2023 10: +0,1684400400
6.114,2,May 18 2023 15: +0,1684418400
6.77,1,May 18 2023 19: +0,1684432800
6.68,1,May 18 2023 22: +0,1684443600
6.682,1,May 18 2023 23: +0,1684447200
6.554,1,May 19 2023 05: +0,1684468800
6.546,1,May 19 2023 06: +0,1684472400
5.603,1,May 19 2023 07: +0,1684476000
5.869,1,May 19 2023 08: +0,1684479600
5.67,2,May 19 2023 14: +0,1684501200
6.551,1,May 19 2023 16: +0,1684508400
5.781,1,May 19 2023 17: +0,1684512000
6.601,2,May 19 2023 19: +0,1684519200
6.68,1,May 20 2023 00: +0,1684537200
5.492,1,May 20 2023 05: +0,1684555200
6.584,1,May 20 2023 10: +0,1684573200
6.598,1,May 20 2023 13: +0,1684584000
6.637,1,May 20 2023 16: +0,1684594800
6.637,1,May 20 2023 18: +0,1684602000
5.62,1,May 20 2023 20: +0,1684609200
5.319,2,May 20 2023 22: +0,1684616400
5.58,1,May 21 2023 00: +0,1684623600
5.556,1,May 21 2023 01: +0,1684627200
5.564,2,May 21 2023 04: +0,1684638000
6.602,2,May 21 2023 05: +0,1684641600
5.366,2,May 21 2023 09: +0,1684656000
5.208,1,May 21 2023 11: +0,1684663200
5.723,1,May 22 2023 00: +0,1684710000
5.596,1,May 22 2023 02: +0,1684717200
6.068,1,May 22 2023 06: +0,1684731600
6.515,1,May 22 2023 07: +0,1684735200
5.473,1,May 22 2023 09: +0,1684742400
5.385,1,May 22 2023 13: +0,1684756800
5.489,1,May 22 2023 15: +0,1684764000
5.465,1,May 22 2023 16: +0,1684767600
6.361,1,May 22 2023 21: +0,1684785600
6.357,1,May 23 2023 07: +0,1684821600
5.473,1,May 23 2023 09: +0,1684828800
5.465,1,May 23 2023 13: +0,1684843200
5.855,2,May 23 2023 19: +0,1684864800
5.854,2,May 23 2023 20: +0,1684868400
6.303,1,May 23 2023 23: +0,1684879200
6.333,1,May 24 2023 01: +0,1684886400
6.166,1,May 24 2023 03: +0,1684893600
6.166,1,May 24 2023 04: +0,1684897200
5.401,1,May 24 2023 05: +0,1684900800
6.305,1,May 24 2023 06: +0,1684904400
5.923,2,May 24 2023 13: +0,1684929600
6.421,1,May 24 2023 18: +0,1684947600
5.377,1,May 24 2023 22: +0,1684962000
6.398,1,May 24 2023 23: +0,1684965600
6.358,1,May 25 2023 00: +0,1684969200
5.272,1,May 25 2023 08: +0,1684998000
5.823,2,May 25 2023 13: +0,1685016000
5.158,1,May 25 2023 18: +0,1685034000
5.377,1,May 25 2023 19: +0,1685037600
6.254,1,May 25 2023 20: +0,1685041200
6.265,1,May 25 2023 23: +0,1685052000
5.369,1,May 26 2023 02: +0,1685062800
5.498,1,May 26 2023 05: +0,1685073600
5.403,1,May 26 2023 08: +0,1685084400
5.327,1,May 26 2023 10: +0,1685091600
5.36,1,May 26 2023 11: +0,1685095200
6.274,2,May 26 2023 14: +0,1685106000
6.334,1,May 26 2023 19: +0,1685124000
6.33,1,May 26 2023 22: +0,1685134800
6.352,1,May 27 2023 06: +0,1685163600
5.38,3,May 27 2023 07: +0,1685167200
5.364,1,May 27 2023 14: +0,1685192400
5.366,1,May 27 2023 16: +0,1685199600
6.375,1,May 27 2023 17: +0,1685203200
5.357,1,May 28 2023 02: +0,1685235600
6.283,1,May 28 2023 06: +0,1685250000
5.598,1,May 28 2023 08: +0,1685257200
5.708,1,May 28 2023 11: +0,1685268000
6.295,1,May 28 2023 13: +0,1685275200
6.338,1,May 28 2023 16: +0,1685286000
6.348,1,May 28 2023 19: +0,1685296800
5.659,1,May 29 2023 08: +0,1685343600
5.673,1,May 29 2023 15: +0,1685368800
5.689,1,May 29 2023 16: +0,1685372400
6.363,1,May 29 2023 18: +0,1685379600
6.474,1,May 29 2023 19: +0,1685383200
5.147,1,May 29 2023 23: +0,1685397600
6.061,2,May 30 2023 05: +0,1685419200
6.399,1,May 30 2023 08: +0,1685430000
5.721,1,May 30 2023 09: +0,1685433600
6.485,2,May 30 2023 11: +0,1685440800
6.485,1,May 30 2023 12: +0,1685444400
6.147,1,May 30 2023 18: +0,1685466000
6.158,1,May 30 2023 19: +0,1685469600
6.198,1,May 31 2023 00: +0,1685487600
6.206,1,May 31 2023 02: +0,1685494800
6.273,2,May 31 2023 04: +0,1685502000
6.376,1,May 31 2023 09: +0,1685520000
6.365,2,May 31 2023 12: +0,1685530800
6.802,2,May 31 2023 13: +0,1685534400
6.473,1,May 31 2023 22: +0,1685566800
6.514,1,Jun 01 2023 02: +0,1685581200
6.534,1,Jun 01 2023 04: +0,1685588400
7.185,1,Jun 01 2023 05: +0,1685592000
7.23,1,Jun 01 2023 10: +0,1685610000
6.082,2,Jun 01 2023 11: +0,1685613600
6.134,1,Jun 01 2023 12: +0,1685617200
6.956,1,Jun 01 2023 14: +0,1685624400
7.067,1,Jun 01 2023 15: +0,1685628000
7.067,1,Jun 01 2023 19: +0,1685642400
6.911,2,Jun 01 2023 22: +0,1685653200
7.132,1,Jun 02 2023 00: +0,1685660400
7.133,1,Jun 02 2023 06: +0,1685682000
6.134,1,Jun 02 2023 09: +0,1685692800
6.384,1,Jun 02 2023 10: +0,1685696400
6.973,1,Jun 02 2023 17: +0,1685721600
6.402,1,Jun 02 2023 19: +0,1685728800
6.094,1,Jun 02 2023 20: +0,1685732400
6.829,2,Jun 02 2023 21: +0,1685736000
6.98,1,Jun 02 2023 23: +0,1685743200
7.076,1,Jun 03 2023 00: +0,1685746800
7.005,1,Jun 03 2023 07: +0,1685772000
6.15,1,Jun 03 2023 09: +0,1685779200
6.772,1,Jun 03 2023 14: +0,1685797200
6.166,1,Jun 03 2023 15: +0,1685800800
6.062,1,Jun 03 2023 19: +0,1685815200
6.176,1,Jun 04 2023 00: +0,1685833200
6.176,1,Jun 04 2023 01: +0,1685836800
6.192,1,Jun 04 2023 05: +0,1685851200
6.912,1,Jun 04 2023 06: +0,1685854800
6.192,1,Jun 04 2023 10: +0,1685869200
5.236,1,Jun 04 2023 14: +0,1685883600
6.832,1,Jun 04 2023 17: +0,1685894400
5.208,1,Jun 04 2023 18: +0,1685898000
6.655,2,Jun 04 2023 19: +0,1685901600
6.249,1,Jun 05 2023 07: +0,1685944800
6.248,1,Jun 05 2023 11: +0,1685959200
6.256,1,Jun 05 2023 12: +0,1685962800
7.006,1,Jun 05 2023 14: +0,1685970000
6.232,1,Jun 05 2023 17: +0,1685980800
6.232,1,Jun 05 2023 18: +0,1685984400
6.232,1,Jun 05 2023 21: +0,1685995200
7.007,1,Jun 06 2023 02: +0,1686013200
6.176,1,Jun 06 2023 10: +0,1686042000
7.034,1,Jun 06 2023 12: +0,1686049200
7.078,1,Jun 06 2023 14: +0,1686056400
6.296,1,Jun 06 2023 15: +0,1686060000
7.128,1,Jun 06 2023 20: +0,1686078000
7.136,1,Jun 06 2023 21: +0,1686081600
5.976,1,Jun 07 2023 00: +0,1686092400
6.479,3,Jun 07 2023 09: +0,1686124800
7.117,1,Jun 07 2023 13: +0,1686139200
6.33,1,Jun 08 2023 06: +0,1686200400
6.304,1,Jun 08 2023 07: +0,1686204000
6.851,1,Jun 08 2023 11: +0,1686218400
6.848,1,Jun 08 2023 12: +0,1686222000
6.296,1,Jun 08 2023 17: +0,1686240000
6.304,1,Jun 08 2023 18: +0,1686243600
6.422,1,Jun 09 2023 01: +0,1686268800
6.28,1,Jun 09 2023 08: +0,1686294000
6.33,1,Jun 09 2023 10: +0,1686301200
6.12,1,Jun 09 2023 15: +0,1686319200
6.246,1,Jun 09 2023 21: +0,1686340800
6.085,1,Jun 10 2023 00: +0,1686351600
6.404,1,Jun 10 2023 03: +0,1686362400
6.244,1,Jun 10 2023 04: +0,1686366000
6.523,1,Jun 10 2023 10: +0,1686387600
6.376,2,Jun 10 2023 12: +0,1686394800
6.192,1,Jun 10 2023 16: +0,1686409200
6.192,1,Jun 10 2023 18: +0,1686416400
6.563,1,Jun 10 2023 22: +0,1686430800
6.192,4,Jun 10 2023 23: +0,1686434400
6.564,1,Jun 11 2023 01: +0,1686441600
6.595,1,Jun 11 2023 04: +0,1686452400
6.192,3,Jun 11 2023 07: +0,1686463200
6.928,1,Jun 11 2023 10: +0,1686474000
6.927,1,Jun 11 2023 11: +0,1686477600
6.927,1,Jun 11 2023 13: +0,1686484800
6.184,2,Jun 11 2023 15: +0,1686492000
6.113,1,Jun 11 2023 22: +0,1686517200
6.176,1,Jun 12 2023 04: +0,1686538800
6.184,1,Jun 12 2023 10: +0,1686560400
6.184,1,Jun 12 2023 11: +0,1686564000
6.073,1,Jun 12 2023 13: +0,1686571200
6.322,1,Jun 12 2023 15: +0,1686578400
6.184,1,Jun 12 2023 17: +0,1686585600
6.148,2,Jun 12 2023 18: +0,1686589200
5.947,3,Jun 12 2023 20: +0,1686596400
6.333,1,Jun 12 2023 22: +0,1686603600
6.184,1,Jun 13 2023 02: +0,1686618000
6.294,1,Jun 13 2023 05: +0,1686628800
6.335,1,Jun 13 2023 09: +0,1686643200
6.184,1,Jun 13 2023 13: +0,1686657600
6.182,1,Jun 13 2023 16: +0,1686668400
6.334,1,Jun 13 2023 17: +0,1686672000
6.334,1,Jun 13 2023 19: +0,1686679200
6.357,1,Jun 13 2023 21: +0,1686686400
6.418,1,Jun 13 2023 22: +0,1686690000
6.176,1,Jun 14 2023 04: +0,1686711600
6.275,2,Jun 14 2023 05: +0,1686715200
6.18,1,Jun 14 2023 11: +0,1686736800
6.504,2,Jun 14 2023 12: +0,1686740400
6.176,1,Jun 14 2023 13: +0,1686744000
6.176,1,Jun 14 2023 15: +0,1686751200
6.168,1,Jun 14 2023 18: +0,1686762000
6.144,1,Jun 14 2023 19: +0,1686765600
6.226,1,Jun 14 2023 20: +0,1686769200
6.261,1,Jun 15 2023 03: +0,1686794400
5.308,1,Jun 15 2023 06: +0,1686805200
6.077,2,Jun 15 2023 08: +0,1686812400
6.9,1,Jun 15 2023 10: +0,1686819600
6.998,1,Jun 15 2023 12: +0,1686826800
6.998,1,Jun 15 2023 13: +0,1686830400
5.991,1,Jun 16 2023 00: +0,1686870000
6.17,1,Jun 16 2023 01: +0,1686873600
6.141,2,Jun 16 2023 05: +0,1686888000
6.407,1,Jun 16 2023 14: +0,1686920400
6.431,1,Jun 16 2023 15: +0,1686924000
6.157,2,Jun 16 2023 16: +0,1686927600
6.435,1,Jun 17 2023 01: +0,1686960000
6.722,1,Jun 17 2023 05: +0,1686974400
6.396,2,Jun 17 2023 06: +0,1686978000
5.452,1,Jun 17 2023 11: +0,1686996000
6.03,1,Jun 17 2023 12: +0,1686999600
7.034,1,Jun 17 2023 14: +0,1687006800
7.037,1,Jun 17 2023 15: +0,1687010400
7.036,1,Jun 17 2023 18: +0,1687021200
6.026,2,Jun 18 2023 04: +0,1687057200
6.842,1,Jun 18 2023 08: +0,1687071600
6.45,1,Jun 18 2023 09: +0,1687075200
6.014,1,Jun 18 2023 13: +0,1687089600
6.397,1,Jun 19 2023 01: +0,1687132800
6.56,1,Jun 19 2023 04: +0,1687143600
5.991,1,Jun 19 2023 11: +0,1687168800
6.561,1,Jun 19 2023 12: +0,1687172400
5.991,1,Jun 19 2023 18: +0,1687194000
6.651,1,Jun 19 2023 21: +0,1687204800
6.713,1,Jun 20 2023 01: +0,1687219200
6.043,1,Jun 20 2023 03: +0,1687226400
6.043,1,Jun 20 2023 14: +0,1687266000
5.996,1,Jun 20 2023 16: +0,1687273200
5.683,2,Jun 20 2023 17: +0,1687276800
6.334,1,Jun 20 2023 22: +0,1687294800
6.565,1,Jun 21 2023 05: +0,1687320000
6.454,1,Jun 21 2023 13: +0,1687348800
5.886,1,Jun 21 2023 14: +0,1687352400
6.019,1,Jun 21 2023 18: +0,1687366800
6.406,1,Jun 21 2023 19: +0,1687370400
6.473,1,Jun 21 2023 21: +0,1687377600
6.515,1,Jun 22 2023 03: +0,1687399200
6.081,2,Jun 22 2023 12: +0,1687431600
6.528,1,Jun 22 2023 14: +0,1687438800
5.906,1,Jun 22 2023 18: +0,1687453200
6.528,1,Jun 22 2023 20: +0,1687460400
5.955,1,Jun 23 2023 03: +0,1687485600
5.883,1,Jun 23 2023 05: +0,1687492800
6.115,2,Jun 23 2023 12: +0,1687518000
5.843,2,Jun 23 2023 13: +0,1687521600
5.859,3,Jun 23 2023 15: +0,1687528800
6.449,1,Jun 23 2023 16: +0,1687532400
5.598,1,Jun 23 2023 17: +0,1687536000
5.474,1,Jun 23 2023 18: +0,1687539600
6.564,1,Jun 23 2023 19: +0,1687543200
6.52,1,Jun 23 2023 21: +0,1687550400
5.584,1,Jun 23 2023 22: +0,1687554000
6.066,2,Jun 24 2023 00: +0,1687561200
5.474,1,Jun 24 2023 02: +0,1687568400
5.584,1,Jun 24 2023 04: +0,1687575600
6.563,1,Jun 24 2023 07: +0,1687586400
6.542,1,Jun 24 2023 11: +0,1687600800
5.576,1,Jun 24 2023 16: +0,1687618800
5.584,1,Jun 24 2023 18: +0,1687626000
5.584,1,Jun 24 2023 21: +0,1687636800
6.346,1,Jun 25 2023 06: +0,1687669200
6.456,1,Jun 25 2023 18: +0,1687712400
6.529,1,Jun 25 2023 20: +0,1687719600
6.536,1,Jun 26 2023 02: +0,1687741200
6.449,1,Jun 26 2023 06: +0,1687755600
5.788,1,Jun 26 2023 20: +0,1687806000
5.771,1,Jun 26 2023 22: +0,1687813200
5.763,1,Jun 27 2023 01: +0,1687824000
5.614,1,Jun 27 2023 02: +0,1687827600
5.747,1,Jun 27 2023 09: +0,1687852800
6.081,1,Jun 27 2023 12: +0,1687863600
6.076,1,Jun 27 2023 13: +0,1687867200
3.328,1,Jun 27 2023 15: +0,1687874400
6.042,2,Jun 27 2023 17: +0,1687881600
6.228,1,Jun 27 2023 21: +0,1687896000
6.418,1,Jun 28 2023 00: +0,1687906800
5.695,1,Jun 28 2023 08: +0,1687935600
5.774,2,Jun 28 2023 10: +0,1687942800
6.164,1,Jun 28 2023 13: +0,1687953600
6.492,1,Jun 28 2023 20: +0,1687978800
5.973,2,Jun 29 2023 05: +0,1688011200
5.79,1,Jun 29 2023 10: +0,1688029200
5.79,1,Jun 29 2023 11: +0,1688032800
5.79,1,Jun 29 2023 12: +0,1688036400
5.79,3,Jun 29 2023 13: +0,1688040000
5.79,1,Jun 29 2023 15: +0,1688047200
5.457,1,Jun 29 2023 19: +0,1688061600
5.25,1,Jun 30 2023 02: +0,1688086800
5.774,2,Jun 30 2023 03: +0,1688090400
5.433,1,Jun 30 2023 04: +0,1688094000
5.433,1,Jun 30 2023 06: +0,1688101200
5.449,1,Jun 30 2023 08: +0,1688108400
5.718,1,Jun 30 2023 12: +0,1688122800
5.298,1,Jun 30 2023 13: +0,1688126400
5.158,1,Jun 30 2023 16: +0,1688137200
5.322,1,Jun 30 2023 17: +0,1688140800
5.409,1,Jul 01 2023 04: +0,1688180400
5.677,1,Jul 01 2023 05: +0,1688184000
5.052,1,Jul 01 2023 07: +0,1688191200
4.243,1,Jul 01 2023 09: +0,1688198400
5.015,1,Jul 01 2023 10: +0,1688202000
5.366,1,Jul 01 2023 15: +0,1688220000
5.239,1,Jul 01 2023 17: +0,1688227200
4.936,1,Jul 02 2023 09: +0,1688284800
4.786,1,Jul 02 2023 11: +0,1688292000
4.928,2,Jul 02 2023 14: +0,1688302800
4.679,1,Jul 02 2023 17: +0,1688313600
5.046,2,Jul 02 2023 20: +0,1688324400
5.409,1,Jul 02 2023 23: +0,1688335200
5.422,1,Jul 03 2023 01: +0,1688342400
5.417,1,Jul 03 2023 03: +0,1688349600
4.62,1,Jul 03 2023 10: +0,1688374800
4.628,1,Jul 03 2023 11: +0,1688378400
4.71,2,Jul 03 2023 15: +0,1688392800
4.558,3,Jul 03 2023 17: +0,1688400000
4.864,1,Jul 03 2023 23: +0,1688421600
4.402,2,Jul 04 2023 12: +0,1688468400
4.885,1,Jul 04 2023 17: +0,1688486400
4.387,2,Jul 04 2023 20: +0,1688497200
4.39,1,Jul 05 2023 04: +0,1688526000
4.421,2,Jul 05 2023 06: +0,1688533200
4.943,1,Jul 05 2023 07: +0,1688536800
5.093,1,Jul 05 2023 08: +0,1688540400
4.22,1,Jul 05 2023 11: +0,1688551200
5.083,1,Jul 05 2023 14: +0,1688562000
5.109,1,Jul 05 2023 16: +0,1688569200
4.393,1,Jul 05 2023 21: +0,1688587200
4.385,1,Jul 06 2023 03: +0,1688608800
5.096,1,Jul 06 2023 04: +0,1688612400
4.725,1,Jul 06 2023 09: +0,1688630400
4.081,1,Jul 06 2023 10: +0,1688634000
4.248,1,Jul 06 2023 12: +0,1688641200
4.847,3,Jul 06 2023 20: +0,1688670000
4.97,1,Jul 06 2023 23: +0,1688680800
4.432,1,Jul 07 2023 04: +0,1688698800
5.051,1,Jul 07 2023 06: +0,1688706000
4.417,1,Jul 07 2023 07: +0,1688709600
4.254,1,Jul 07 2023 08: +0,1688713200
4.201,1,Jul 07 2023 15: +0,1688738400
4.25,1,Jul 08 2023 00: +0,1688770800
4.958,1,Jul 08 2023 01: +0,1688774400
4.975,2,Jul 08 2023 07: +0,1688796000
4.79,1,Jul 08 2023 12: +0,1688814000
5.029,1,Jul 08 2023 13: +0,1688817600
4.498,1,Jul 09 2023 02: +0,1688864400
4.295,1,Jul 09 2023 03: +0,1688868000
4.768,2,Jul 09 2023 06: +0,1688878800
4.759,2,Jul 09 2023 17: +0,1688918400
4.968,1,Jul 09 2023 21: +0,1688932800
4.995,2,Jul 10 2023 03: +0,1688954400
5.0,1,Jul 10 2023 05: +0,1688961600
5.001,1,Jul 10 2023 06: +0,1688965200
4.406,1,Jul 10 2023 08: +0,1688972400
5.033,1,Jul 10 2023 10: +0,1688979600
4.406,1,Jul 10 2023 14: +0,1688994000
4.375,1,Jul 10 2023 15: +0,1688997600
5.002,1,Jul 10 2023 18: +0,1689008400
4.452,1,Jul 10 2023 22: +0,1689022800
5.024,1,Jul 11 2023 00: +0,1689030000
4.785,2,Jul 11 2023 03: +0,1689040800
5.066,1,Jul 11 2023 06: +0,1689051600
4.801,2,Jul 11 2023 15: +0,1689084000
4.047,1,Jul 12 2023 00: +0,1689116400
5.137,1,Jul 12 2023 05: +0,1689134400
4.507,1,Jul 12 2023 14: +0,1689166800
4.483,1,Jul 12 2023 18: +0,1689181200
3.931,1,Jul 12 2023 22: +0,1689195600
4.404,2,Jul 13 2023 01: +0,1689206400
4.277,1,Jul 13 2023 06: +0,1689224400
3.721,1,Jul 13 2023 08: +0,1689231600
4.88,1,Jul 13 2023 10: +0,1689238800
0.03,1,Jul 13 2023 13: +0,1689249600
4.891,1,Jul 13 2023 15: +0,1689256800
4.177,1,Jul 13 2023 17: +0,1689264000
5.056,1,Jul 13 2023 23: +0,1689285600
5.102,1,Jul 14 2023 02: +0,1689296400
4.368,1,Jul 14 2023 17: +0,1689350400
5.078,1,Jul 14 2023 21: +0,1689364800
5.105,1,Jul 15 2023 08: +0,1689404400
4.981,2,Jul 15 2023 15: +0,1689429600
4.365,1,Jul 15 2023 16: +0,1689433200
5.097,1,Jul 15 2023 20: +0,1689447600
4.581,1,Jul 16 2023 02: +0,1689469200
5.097,1,Jul 16 2023 03: +0,1689472800
5.106,1,Jul 16 2023 04: +0,1689476400
4.365,1,Jul 16 2023 06: +0,1689483600
4.365,1,Jul 16 2023 07: +0,1689487200
5.113,1,Jul 16 2023 10: +0,1689498000
5.222,1,Jul 16 2023 15: +0,1689516000
4.382,1,Jul 16 2023 18: +0,1689526800
5.251,1,Jul 16 2023 23: +0,1689544800
4.822,2,Jul 17 2023 04: +0,1689562800
4.365,2,Jul 17 2023 08: +0,1689577200
5.238,1,Jul 17 2023 12: +0,1689591600
4.604,1,Jul 17 2023 15: +0,1689602400
4.839,1,Jul 18 2023 02: +0,1689642000
5.222,1,Jul 18 2023 03: +0,1689645600
4.633,2,Jul 18 2023 14: +0,1689685200
5.214,1,Jul 18 2023 16: +0,1689692400
4.395,1,Jul 19 2023 13: +0,1689768000
4.333,1,Jul 19 2023 14: +0,1689771600
5.166,1,Jul 19 2023 18: +0,1689786000
5.128,1,Jul 19 2023 23: +0,1689804000
5.151,1,Jul 20 2023 01: +0,1689811200
5.159,1,Jul 20 2023 02: +0,1689814800
5.068,1,Jul 20 2023 07: +0,1689832800
4.396,1,Jul 20 2023 08: +0,1689836400
5.173,1,Jul 20 2023 09: +0,1689840000
5.178,1,Jul 20 2023 10: +0,1689843600
4.396,1,Jul 20 2023 11: +0,1689847200
4.311,1,Jul 20 2023 13: +0,1689854400
5.151,1,Jul 21 2023 08: +0,1689922800
4.739,1,Jul 21 2023 09: +0,1689926400
4.389,1,Jul 21 2023 16: +0,1689951600
4.35,1,Jul 21 2023 21: +0,1689969600
5.221,1,Jul 22 2023 05: +0,1689998400
5.19,1,Jul 22 2023 16: +0,1690038000
5.211,1,Jul 23 2023 00: +0,1690066800
4.446,1,Jul 23 2023 02: +0,1690074000
5.228,1,Jul 23 2023 05: +0,1690084800
4.337,1,Jul 23 2023 13: +0,1690113600
5.24,1,Jul 23 2023 17: +0,1690128000
5.24,1,Jul 23 2023 20: +0,1690138800
5.325,1,Jul 24 2023 00: +0,1690153200
5.19,1,Jul 24 2023 11: +0,1690192800
5.463,1,Jul 24 2023 12: +0,1690196400
5.39,1,Jul 24 2023 15: +0,1690207200
5.398,1,Jul 24 2023 18: +0,1690218000
5.494,1,Jul 24 2023 19: +0,1690221600
5.468,1,Jul 24 2023 23: +0,1690236000
5.483,1,Jul 25 2023 00: +0,1690239600
6.011,1,Jul 25 2023 08: +0,1690268400
5.911,1,Jul 25 2023 10: +0,1690275600
5.851,1,Jul 25 2023 12: +0,1690282800
6.012,1,Jul 25 2023 16: +0,1690297200
5.453,1,Jul 25 2023 17: +0,1690300800
5.303,1,Jul 26 2023 05: +0,1690344000
5.411,1,Jul 26 2023 13: +0,1690372800
5.86,1,Jul 26 2023 17: +0,1690387200
5.947,1,Jul 26 2023 18: +0,1690390800
5.961,1,Jul 26 2023 20: +0,1690398000
5.969,1,Jul 26 2023 21: +0,1690401600
5.404,1,Jul 26 2023 22: +0,1690405200
6.02,1,Jul 27 2023 04: +0,1690426800
5.403,1,Jul 27 2023 06: +0,1690434000
6.152,1,Jul 27 2023 09: +0,1690444800
6.087,1,Jul 27 2023 13: +0,1690459200
5.311,2,Jul 28 2023 01: +0,1690502400
5.315,1,Jul 28 2023 04: +0,1690513200
5.315,1,Jul 28 2023 09: +0,1690531200
5.307,1,Jul 28 2023 12: +0,1690542000
5.315,1,Jul 28 2023 13: +0,1690545600
6.242,1,Jul 28 2023 17: +0,1690560000
5.806,2,Jul 29 2023 06: +0,1690606800
5.382,1,Jul 29 2023 14: +0,1690635600
5.588,2,Jul 29 2023 18: +0,1690650000
5.005,1,Jul 29 2023 19: +0,1690653600
5.771,1,Jul 29 2023 21: +0,1690660800
6.241,1,Jul 30 2023 01: +0,1690675200
5.412,1,Jul 30 2023 05: +0,1690689600
5.412,1,Jul 30 2023 10: +0,1690707600
5.399,1,Jul 30 2023 12: +0,1690714800
5.399,1,Jul 30 2023 15: +0,1690725600
5.493,1,Jul 31 2023 00: +0,1690758000
5.351,1,Jul 31 2023 02: +0,1690765200
5.683,2,Jul 31 2023 16: +0,1690815600
4.431,1,Jul 31 2023 18: +0,1690822800
5.687,1,Jul 31 2023 22: +0,1690837200
5.708,1,Aug 01 2023 08: +0,1690873200
5.666,1,Aug 01 2023 10: +0,1690880400
5.406,1,Aug 01 2023 12: +0,1690887600
5.482,2,Aug 01 2023 14: +0,1690894800
5.218,1,Aug 01 2023 18: +0,1690909200
5.406,1,Aug 02 2023 08: +0,1690959600
4.934,1,Aug 02 2023 09: +0,1690963200
5.391,1,Aug 02 2023 11: +0,1690970400
5.406,1,Aug 02 2023 12: +0,1690974000
5.155,1,Aug 02 2023 13: +0,1690977600
5.406,1,Aug 02 2023 15: +0,1690984800
5.406,1,Aug 02 2023 19: +0,1690999200
5.713,1,Aug 03 2023 07: +0,1691042400
5.359,1,Aug 03 2023 09: +0,1691049600
5.399,1,Aug 03 2023 14: +0,1691067600
5.557,2,Aug 03 2023 19: +0,1691085600
5.082,1,Aug 03 2023 21: +0,1691092800
5.399,1,Aug 04 2023 05: +0,1691121600
5.429,1,Aug 04 2023 07: +0,1691128800
5.438,2,Aug 04 2023 11: +0,1691143200
5.602,1,Aug 04 2023 17: +0,1691164800
5.713,1,Aug 04 2023 22: +0,1691182800
5.969,2,Aug 04 2023 23: +0,1691186400
6.201,1,Aug 05 2023 12: +0,1691233200
6.201,2,Aug 05 2023 15: +0,1691244000
5.32,1,Aug 06 2023 02: +0,1691283600
5.32,1,Aug 06 2023 09: +0,1691308800
5.544,1,Aug 06 2023 16: +0,1691334000
5.155,1,Aug 07 2023 05: +0,1691380800
5.139,1,Aug 07 2023 07: +0,1691388000
5.149,1,Aug 07 2023 08: +0,1691391600
5.013,1,Aug 07 2023 14: +0,1691413200
5.084,1,Aug 07 2023 16: +0,1691420400
5.419,1,Aug 07 2023 18: +0,1691427600
5.485,1,Aug 08 2023 03: +0,1691460000
4.021,1,Aug 08 2023 09: +0,1691481600
5.013,1,Aug 08 2023 10: +0,1691485200
4.633,1,Aug 09 2023 05: +0,1691553600
4.674,2,Aug 09 2023 11: +0,1691575200
4.596,1,Aug 09 2023 17: +0,1691596800
4.363,1,Aug 09 2023 20: +0,1691607600
4.564,1,Aug 10 2023 00: +0,1691622000
4.431,1,Aug 10 2023 06: +0,1691643600
3.848,1,Aug 10 2023 17: +0,1691683200
4.623,2,Aug 10 2023 19: +0,1691690400
5.091,1,Aug 10 2023 20: +0,1691694000
5.288,1,Aug 10 2023 22: +0,1691701200
4.635,1,Aug 11 2023 01: +0,1691712000
5.343,1,Aug 11 2023 02: +0,1691715600
5.449,1,Aug 11 2023 04: +0,1691722800
4.796,1,Aug 11 2023 07: +0,1691733600
4.627,1,Aug 11 2023 14: +0,1691758800
4.643,1,Aug 11 2023 15: +0,1691762400
4.651,1,Aug 11 2023 16: +0,1691766000
5.097,1,Aug 11 2023 20: +0,1691780400
4.858,1,Aug 11 2023 23: +0,1691791200
5.109,1,Aug 12 2023 03: +0,1691805600
4.627,1,Aug 12 2023 04: +0,1691809200
5.438,1,Aug 12 2023 05: +0,1691812800
5.572,1,Aug 12 2023 11: +0,1691834400
5.582,1,Aug 12 2023 14: +0,1691845200
5.432,1,Aug 13 2023 00: +0,1691881200
4.8,1,Aug 13 2023 02: +0,1691888400
5.218,2,Aug 13 2023 05: +0,1691899200
5.858,1,Aug 13 2023 08: +0,1691910000
3.747,1,Aug 13 2023 13: +0,1691928000
5.774,1,Aug 13 2023 16: +0,1691938800
5.768,1,Aug 14 2023 00: +0,1691967600
5.721,1,Aug 14 2023 12: +0,1692010800
4.863,1,Aug 14 2023 13: +0,1692014400
4.863,1,Aug 14 2023 15: +0,1692021600
5.777,1,Aug 14 2023 16: +0,1692025200
5.292,1,Aug 15 2023 15: +0,1692108000
5.727,1,Aug 15 2023 18: +0,1692118800
5.718,1,Aug 16 2023 01: +0,1692144000
4.854,1,Aug 16 2023 08: +0,1692169200
5.814,1,Aug 16 2023 10: +0,1692176400
4.815,2,Aug 17 2023 01: +0,1692230400
5.451,2,Aug 17 2023 08: +0,1692255600
3.764,1,Aug 17 2023 16: +0,1692284400
5.704,1,Aug 17 2023 22: +0,1692306000
4.856,1,Aug 18 2023 04: +0,1692327600
4.849,1,Aug 18 2023 06: +0,1692334800
4.824,1,Aug 18 2023 08: +0,1692342000
5.763,1,Aug 18 2023 11: +0,1692352800
5.065,1,Aug 18 2023 13: +0,1692360000
4.76,1,Aug 18 2023 16: +0,1692370800
5.694,1,Aug 18 2023 17: +0,1692374400
5.749,1,Aug 18 2023 18: +0,1692378000
5.812,1,Aug 19 2023 01: +0,1692403200
4.76,1,Aug 19 2023 11: +0,1692439200
5.582,1,Aug 19 2023 19: +0,1692468000
5.338,1,Aug 20 2023 07: +0,1692511200
5.596,1,Aug 20 2023 12: +0,1692529200
5.553,1,Aug 20 2023 17: +0,1692547200
4.843,1,Aug 20 2023 19: +0,1692554400
5.589,1,Aug 20 2023 20: +0,1692558000
5.702,1,Aug 21 2023 02: +0,1692579600
4.859,1,Aug 21 2023 19: +0,1692640800
5.52,2,Aug 21 2023 23: +0,1692655200
5.637,1,Aug 22 2023 12: +0,1692702000
4.897,1,Aug 22 2023 13: +0,1692705600
5.663,1,Aug 22 2023 14: +0,1692709200
4.809,1,Aug 23 2023 09: +0,1692777600
5.564,1,Aug 23 2023 10: +0,1692781200
5.662,2,Aug 23 2023 16: +0,1692802800
4.817,1,Aug 23 2023 20: +0,1692817200
5.648,1,Aug 24 2023 06: +0,1692853200
4.833,1,Aug 24 2023 21: +0,1692907200
4.762,1,Aug 25 2023 04: +0,1692932400
5.631,1,Aug 25 2023 09: +0,1692950400
4.897,1,Aug 25 2023 10: +0,1692954000
5.632,1,Aug 25 2023 13: +0,1692964800
5.631,1,Aug 25 2023 20: +0,1692990000
4.952,1,Aug 26 2023 13: +0,1693051200
4.889,1,Aug 26 2023 17: +0,1693065600
4.952,1,Aug 26 2023 20: +0,1693076400
5.198,2,Aug 27 2023 06: +0,1693112400
4.968,1,Aug 27 2023 08: +0,1693119600
4.968,3,Aug 27 2023 16: +0,1693148400
4.96,1,Aug 27 2023 18: +0,1693155600
4.968,3,Aug 28 2023 01: +0,1693180800
4.992,1,Aug 28 2023 06: +0,1693198800
5.588,1,Aug 28 2023 11: +0,1693216800
5.713,1,Aug 28 2023 17: +0,1693238400
5.716,1,Aug 28 2023 18: +0,1693242000
5.692,1,Aug 28 2023 20: +0,1693249200
4.96,1,Aug 29 2023 01: +0,1693267200
5.464,1,Aug 29 2023 08: +0,1693292400
5.551,1,Aug 29 2023 15: +0,1693317600
5.672,1,Aug 29 2023 21: +0,1693339200
4.944,1,Aug 30 2023 03: +0,1693360800
5.456,1,Aug 30 2023 04: +0,1693364400
5.693,1,Aug 30 2023 05: +0,1693368000
4.96,1,Aug 30 2023 10: +0,1693386000
4.96,1,Aug 30 2023 12: +0,1693393200
5.713,1,Aug 30 2023 15: +0,1693404000
5.693,1,Aug 31 2023 01: +0,1693440000
5.714,1,Aug 31 2023 10: +0,1693472400
4.92,1,Sep 01 2023 01: +0,1693526400
4.912,1,Sep 01 2023 08: +0,1693551600
4.494,2,Sep 01 2023 12: +0,1693566000
5.317,1,Sep 01 2023 16: +0,1693580400
5.512,1,Sep 01 2023 17: +0,1693584000
4.605,1,Sep 01 2023 23: +0,1693605600
5.642,2,Sep 02 2023 00: +0,1693609200
5.12,2,Sep 02 2023 16: +0,1693666800
5.867,1,Sep 02 2023 17: +0,1693670400
4.925,1,Sep 02 2023 18: +0,1693674000
5.858,1,Sep 02 2023 20: +0,1693681200
5.916,2,Sep 02 2023 22: +0,1693688400
5.992,1,Sep 03 2023 01: +0,1693699200
5.054,1,Sep 03 2023 03: +0,1693706400
6.192,1,Sep 03 2023 05: +0,1693713600
6.206,1,Sep 03 2023 06: +0,1693717200
6.214,1,Sep 03 2023 09: +0,1693728000
5.188,1,Sep 03 2023 10: +0,1693731600
6.129,1,Sep 03 2023 14: +0,1693746000
6.184,1,Sep 03 2023 18: +0,1693760400
5.18,1,Sep 03 2023 20: +0,1693767600
6.148,1,Sep 03 2023 21: +0,1693771200
6.105,1,Sep 04 2023 05: +0,1693800000
5.271,1,Sep 04 2023 14: +0,1693832400
6.017,1,Sep 04 2023 15: +0,1693836000
5.271,2,Sep 04 2023 16: +0,1693839600
5.927,1,Sep 04 2023 20: +0,1693854000
5.28,1,Sep 05 2023 16: +0,1693926000
5.901,1,Sep 05 2023 17: +0,1693929600
5.909,1,Sep 05 2023 18: +0,1693933200
5.11,1,Sep 05 2023 21: +0,1693944000
5.11,1,Sep 05 2023 23: +0,1693951200
5.649,1,Sep 06 2023 03: +0,1693965600
5.118,1,Sep 06 2023 11: +0,1693994400
5.223,2,Sep 06 2023 14: +0,1694005200
5.569,1,Sep 06 2023 16: +0,1694012400
5.765,2,Sep 06 2023 20: +0,1694026800
5.916,1,Sep 07 2023 06: +0,1694062800
5.232,1,Sep 07 2023 19: +0,1694109600
5.194,2,Sep 07 2023 21: +0,1694116800
5.886,1,Sep 08 2023 04: +0,1694142000
5.904,1,Sep 08 2023 09: +0,1694160000
6.028,1,Sep 08 2023 11: +0,1694167200
5.183,1,Sep 08 2023 14: +0,1694178000
5.657,1,Sep 09 2023 01: +0,1694217600
5.778,1,Sep 09 2023 02: +0,1694221200
5.11,1,Sep 09 2023 21: +0,1694289600
5.521,1,Sep 10 2023 00: +0,1694300400
4.957,1,Sep 10 2023 03: +0,1694311200
5.11,1,Sep 10 2023 08: +0,1694329200
5.662,1,Sep 10 2023 11: +0,1694340000
5.478,2,Sep 10 2023 12: +0,1694343600
5.158,1,Sep 10 2023 13: +0,1694347200
5.134,1,Sep 10 2023 14: +0,1694350800
5.955,1,Sep 11 2023 01: +0,1694390400
5.621,2,Sep 11 2023 03: +0,1694397600
5.416,1,Sep 11 2023 06: +0,1694408400
5.931,1,Sep 11 2023 08: +0,1694415600
5.931,1,Sep 11 2023 15: +0,1694440800
4.49,1,Sep 11 2023 17: +0,1694448000
5.953,2,Sep 11 2023 19: +0,1694455200
5.948,1,Sep 11 2023 23: +0,1694469600
5.142,1,Sep 12 2023 02: +0,1694480400
5.079,1,Sep 12 2023 04: +0,1694487600
6.204,1,Sep 12 2023 06: +0,1694494800
4.96,1,Sep 12 2023 11: +0,1694512800
5.118,1,Sep 12 2023 21: +0,1694548800
5.102,1,Sep 13 2023 11: +0,1694599200
5.578,1,Sep 13 2023 13: +0,1694606400
5.07,1,Sep 13 2023 17: +0,1694620800
5.32,1,Sep 13 2023 19: +0,1694628000
5.574,1,Sep 13 2023 21: +0,1694635200
5.569,1,Sep 13 2023 23: +0,1694642400
5.625,1,Sep 14 2023 08: +0,1694674800
5.086,1,Sep 14 2023 15: +0,1694700000
5.344,1,Sep 14 2023 20: +0,1694718000
5.086,1,Sep 14 2023 22: +0,1694725200
5.464,1,Sep 15 2023 05: +0,1694750400
5.345,1,Sep 15 2023 08: +0,1694761200
5.301,1,Sep 15 2023 13: +0,1694779200
5.356,1,Sep 15 2023 18: +0,1694797200
5.42,1,Sep 15 2023 19: +0,1694800800
5.074,1,Sep 16 2023 00: +0,1694818800
5.533,1,Sep 16 2023 01: +0,1694822400
5.592,1,Sep 16 2023 04: +0,1694833200
5.157,1,Sep 16 2023 05: +0,1694836800
5.647,1,Sep 16 2023 09: +0,1694851200
5.721,1,Sep 16 2023 13: +0,1694865600
5.421,2,Sep 16 2023 16: +0,1694876400
5.85,1,Sep 16 2023 23: +0,1694901600
5.082,1,Sep 17 2023 01: +0,1694908800
5.848,1,Sep 17 2023 03: +0,1694916000
5.47,2,Sep 17 2023 04: +0,1694919600
6.097,1,Sep 17 2023 08: +0,1694934000
6.11,1,Sep 17 2023 09: +0,1694937600
5.807,1,Sep 17 2023 14: +0,1694955600
6.09,1,Sep 18 2023 01: +0,1694995200
5.981,1,Sep 18 2023 13: +0,1695038400
5.17,1,Sep 18 2023 17: +0,1695052800
5.985,1,Sep 18 2023 20: +0,1695063600
5.294,1,Sep 19 2023 01: +0,1695081600
5.319,1,Sep 19 2023 06: +0,1695099600
5.385,1,Sep 19 2023 12: +0,1695121200
6.109,1,Sep 19 2023 14: +0,1695128400
5.775,2,Sep 19 2023 15: +0,1695132000
6.249,1,Sep 19 2023 20: +0,1695150000
6.29,1,Sep 19 2023 21: +0,1695153600
5.302,1,Sep 19 2023 22: +0,1695157200
4.94,1,Sep 19 2023 23: +0,1695160800
6.274,1,Sep 20 2023 03: +0,1695175200
6.279,1,Sep 20 2023 12: +0,1695207600
6.453,1,Sep 20 2023 15: +0,1695218400
5.853,2,Sep 21 2023 03: +0,1695261600
5.88,2,Sep 21 2023 11: +0,1695290400
6.205,1,Sep 21 2023 18: +0,1695315600
5.427,1,Sep 21 2023 22: +0,1695330000
6.205,1,Sep 22 2023 05: +0,1695355200
5.147,1,Sep 22 2023 06: +0,1695358800
6.212,1,Sep 22 2023 09: +0,1695369600
6.219,1,Sep 22 2023 10: +0,1695373200
5.379,1,Sep 22 2023 16: +0,1695394800
5.795,1,Sep 22 2023 18: +0,1695402000
5.789,1,Sep 22 2023 19: +0,1695405600
6.105,1,Sep 23 2023 05: +0,1695441600
5.738,1,Sep 23 2023 14: +0,1695474000
5.621,2,Sep 23 2023 17: +0,1695484800
5.368,1,Sep 23 2023 19: +0,1695492000
6.196,1,Sep 24 2023 12: +0,1695553200
6.197,1,Sep 24 2023 14: +0,1695560400
5.351,1,Sep 24 2023 16: +0,1695567600
6.305,2,Sep 24 2023 21: +0,1695585600
6.061,1,Sep 25 2023 06: +0,1695618000
6.384,1,Sep 26 2023 00: +0,1695682800
6.37,1,Sep 26 2023 16: +0,1695740400
5.369,1,Sep 27 2023 08: +0,1695798000
6.262,1,Sep 27 2023 13: +0,1695816000
6.254,1,Sep 27 2023 23: +0,1695852000
5.456,1,Sep 28 2023 00: +0,1695855600
6.253,1,Sep 28 2023 01: +0,1695859200
6.263,2,Sep 28 2023 02: +0,1695862800
6.065,1,Sep 28 2023 03: +0,1695866400
6.277,1,Sep 28 2023 04: +0,1695870000
6.264,1,Sep 28 2023 08: +0,1695884400
6.286,1,Sep 28 2023 09: +0,1695888000
6.176,1,Sep 28 2023 15: +0,1695909600
6.173,1,Sep 28 2023 16: +0,1695913200
6.176,1,Sep 28 2023 19: +0,1695924000
5.554,2,Sep 28 2023 21: +0,1695931200
6.277,1,Sep 29 2023 01: +0,1695945600
5.825,2,Sep 29 2023 05: +0,1695960000
6.268,1,Sep 29 2023 08: +0,1695970800
6.27,1,Sep 29 2023 14: +0,1695992400
5.377,1,Sep 29 2023 16: +0,1695999600
6.292,1,Sep 29 2023 18: +0,1696006800
5.8,2,Sep 29 2023 19: +0,1696010400
6.306,2,Sep 29 2023 20: +0,1696014000
6.27,1,Sep 29 2023 22: +0,1696021200
6.294,2,Sep 29 2023 23: +0,1696024800
6.29,1,Sep 30 2023 00: +0,1696028400
3.441,2,Sep 30 2023 01: +0,1696032000
6.286,2,Sep 30 2023 02: +0,1696035600
6.286,1,Sep 30 2023 05: +0,1696046400
6.297,1,Sep 30 2023 08: +0,1696057200
6.297,1,Sep 30 2023 09: +0,1696060800
6.102,1,Sep 30 2023 10: +0,1696064400
6.287,2,Sep 30 2023 14: +0,1696078800
6.433,1,Sep 30 2023 16: +0,1696086000
6.433,1,Sep 30 2023 20: +0,1696100400
6.452,2,Sep 30 2023 21: +0,1696104000
5.41,1,Oct 01 2023 00: +0,1696114800
6.493,1,Oct 01 2023 01: +0,1696118400
6.507,1,Oct 01 2023 02: +0,1696122000
6.277,1,Oct 01 2023 04: +0,1696129200
6.155,1,Oct 01 2023 05: +0,1696132800
6.556,1,Oct 01 2023 07: +0,1696140000
6.597,1,Oct 01 2023 08: +0,1696143600
6.11,2,Oct 01 2023 12: +0,1696158000
5.793,1,Oct 01 2023 13: +0,1696161600
6.824,1,Oct 01 2023 14: +0,1696165200
5.974,2,Oct 01 2023 17: +0,1696176000
5.549,1,Oct 01 2023 18: +0,1696179600
6.812,1,Oct 01 2023 22: +0,1696194000
6.826,1,Oct 01 2023 23: +0,1696197600
5.68,1,Oct 02 2023 01: +0,1696204800
6.793,1,Oct 02 2023 02: +0,1696208400
5.655,1,Oct 02 2023 03: +0,1696212000
5.647,1,Oct 02 2023 04: +0,1696215600
5.655,1,Oct 02 2023 05: +0,1696219200
5.123,1,Oct 02 2023 07: +0,1696226400
5.658,1,Oct 02 2023 10: +0,1696237200
5.914,2,Oct 02 2023 11: +0,1696240800
6.23,2,Oct 02 2023 14: +0,1696251600
6.86,1,Oct 02 2023 16: +0,1696258800
6.96,2,Oct 02 2023 19: +0,1696269600
6.178,1,Oct 03 2023 02: +0,1696294800
7.084,1,Oct 03 2023 03: +0,1696298400
5.922,1,Oct 03 2023 10: +0,1696323600
6.647,1,Oct 04 2023 02: +0,1696381200
6.763,1,Oct 04 2023 03: +0,1696384800
6.763,1,Oct 04 2023 04: +0,1696388400
5.819,2,Oct 04 2023 07: +0,1696399200
6.878,1,Oct 04 2023 10: +0,1696410000
6.242,2,Oct 04 2023 14: +0,1696424400
5.758,1,Oct 04 2023 19: +0,1696442400
6.738,1,Oct 04 2023 20: +0,1696446000
6.73,1,Oct 05 2023 00: +0,1696460400
5.758,1,Oct 05 2023 02: +0,1696467600
6.647,1,Oct 05 2023 06: +0,1696482000
6.705,1,Oct 05 2023 10: +0,1696496400
6.728,1,Oct 05 2023 12: +0,1696503600
6.875,1,Oct 05 2023 13: +0,1696507200
5.824,1,Oct 05 2023 15: +0,1696514400
7.033,1,Oct 05 2023 17: +0,1696521600
7.034,1,Oct 05 2023 19: +0,1696528800
7.117,1,Oct 05 2023 21: +0,1696536000
7.128,1,Oct 06 2023 02: +0,1696554000
7.166,1,Oct 06 2023 05: +0,1696564800
7.174,1,Oct 06 2023 09: +0,1696579200
7.093,1,Oct 06 2023 16: +0,1696604400
7.119,1,Oct 06 2023 19: +0,1696615200
7.151,1,Oct 06 2023 21: +0,1696622400
7.207,1,Oct 07 2023 00: +0,1696633200
6.582,1,Oct 07 2023 04: +0,1696647600
7.248,1,Oct 07 2023 05: +0,1696651200
7.141,1,Oct 07 2023 10: +0,1696669200
7.077,1,Oct 07 2023 15: +0,1696687200
6.457,1,Oct 07 2023 16: +0,1696690800
7.094,1,Oct 07 2023 17: +0,1696694400
7.093,1,Oct 07 2023 21: +0,1696708800
7.03,1,Oct 07 2023 23: +0,1696716000
6.571,1,Oct 08 2023 05: +0,1696737600
6.844,2,Oct 08 2023 07: +0,1696744800
5.983,1,Oct 08 2023 09: +0,1696752000
5.983,1,Oct 08 2023 10: +0,1696755600
6.44,1,Oct 08 2023 15: +0,1696773600
6.124,1,Oct 08 2023 17: +0,1696780800
6.459,1,Oct 08 2023 19: +0,1696788000
5.706,1,Oct 08 2023 22: +0,1696798800
6.301,1,Oct 08 2023 23: +0,1696802400
6.036,1,Oct 09 2023 00: +0,1696806000
5.983,1,Oct 09 2023 06: +0,1696827600
6.203,2,Oct 09 2023 08: +0,1696834800
6.377,1,Oct 09 2023 13: +0,1696852800
5.919,1,Oct 09 2023 15: +0,1696860000
6.407,1,Oct 09 2023 21: +0,1696881600
6.374,1,Oct 09 2023 23: +0,1696888800
6.416,1,Oct 10 2023 00: +0,1696892400
6.383,1,Oct 10 2023 08: +0,1696921200
5.255,1,Oct 10 2023 11: +0,1696932000
6.008,1,Oct 10 2023 14: +0,1696942800
6.433,1,Oct 10 2023 16: +0,1696950000
6.23,2,Oct 10 2023 17: +0,1696953600
6.57,1,Oct 10 2023 18: +0,1696957200
7.033,1,Oct 10 2023 22: +0,1696971600
6.565,1,Oct 11 2023 00: +0,1696978800
5.91,1,Oct 11 2023 10: +0,1697014800
6.374,1,Oct 11 2023 15: +0,1697032800
6.339,1,Oct 11 2023 17: +0,1697040000
6.01,1,Oct 12 2023 00: +0,1697065200
6.491,2,Oct 12 2023 01: +0,1697068800
6.082,1,Oct 12 2023 03: +0,1697076000
5.279,1,Oct 12 2023 07: +0,1697090400
6.076,1,Oct 12 2023 10: +0,1697101200
6.093,1,Oct 12 2023 16: +0,1697122800
6.923,1,Oct 12 2023 17: +0,1697126400
6.981,2,Oct 13 2023 02: +0,1697158800
6.827,1,Oct 13 2023 04: +0,1697166000
7.192,1,Oct 13 2023 12: +0,1697194800
5.008,1,Oct 13 2023 16: +0,1697209200
6.109,1,Oct 13 2023 18: +0,1697216400
7.242,1,Oct 13 2023 19: +0,1697220000
6.117,1,Oct 13 2023 20: +0,1697223600
7.203,1,Oct 14 2023 07: +0,1697263200
7.145,1,Oct 14 2023 10: +0,1697274000
7.194,1,Oct 14 2023 11: +0,1697277600
7.142,1,Oct 14 2023 17: +0,1697299200
7.283,3,Oct 14 2023 18: +0,1697302800
7.31,4,Oct 14 2023 20: +0,1697310000
7.466,1,Oct 14 2023 21: +0,1697313600
6.726,2,Oct 15 2023 01: +0,1697328000
7.481,1,Oct 15 2023 05: +0,1697342400
7.564,1,Oct 15 2023 08: +0,1697353200
7.559,1,Oct 15 2023 14: +0,1697374800
7.553,2,Oct 15 2023 16: +0,1697382000
7.559,1,Oct 15 2023 22: +0,1697403600
7.54,1,Oct 16 2023 00: +0,1697410800
7.531,1,Oct 16 2023 02: +0,1697418000
7.54,1,Oct 16 2023 04: +0,1697425200
7.55,1,Oct 16 2023 07: +0,1697436000
7.55,1,Oct 16 2023 11: +0,1697450400
6.219,1,Oct 16 2023 16: +0,1697468400
6.428,2,Oct 16 2023 19: +0,1697479200
6.841,1,Oct 17 2023 00: +0,1697497200
7.174,2,Oct 17 2023 01: +0,1697500800
7.507,1,Oct 17 2023 06: +0,1697518800
6.635,1,Oct 17 2023 08: +0,1697526000
6.429,2,Oct 17 2023 13: +0,1697544000
6.302,1,Oct 17 2023 18: +0,1697562000
6.98,1,Oct 17 2023 19: +0,1697565600
6.6,1,Oct 17 2023 20: +0,1697569200
6.98,1,Oct 18 2023 00: +0,1697583600
6.223,1,Oct 18 2023 09: +0,1697616000
6.405,2,Oct 18 2023 13: +0,1697630400
7.357,1,Oct 18 2023 14: +0,1697634000
6.8,1,Oct 18 2023 18: +0,1697648400
7.356,1,Oct 18 2023 20: +0,1697655600
6.684,2,Oct 19 2023 08: +0,1697698800
7.225,1,Oct 19 2023 12: +0,1697713200
6.85,1,Oct 19 2023 19: +0,1697738400
6.823,1,Oct 19 2023 21: +0,1697745600
6.207,1,Oct 19 2023 22: +0,1697749200
6.43,1,Oct 20 2023 08: +0,1697785200
6.149,1,Oct 20 2023 16: +0,1697814000
7.013,1,Oct 20 2023 17: +0,1697817600
7.02,1,Oct 20 2023 19: +0,1697824800
6.92,1,Oct 21 2023 02: +0,1697850000
7.209,1,Oct 21 2023 04: +0,1697857200
7.209,1,Oct 21 2023 05: +0,1697860800
6.232,1,Oct 21 2023 11: +0,1697882400
6.155,1,Oct 21 2023 12: +0,1697886000
6.277,2,Oct 21 2023 14: +0,1697893200
7.233,1,Oct 22 2023 00: +0,1697929200
7.236,1,Oct 22 2023 07: +0,1697954400
6.013,1,Oct 22 2023 11: +0,1697968800
6.64,1,Oct 22 2023 17: +0,1697990400
7.06,1,Oct 22 2023 21: +0,1698004800
7.199,1,Oct 23 2023 07: +0,1698040800
7.209,1,Oct 23 2023 15: +0,1698069600
7.205,1,Oct 23 2023 17: +0,1698076800
6.611,1,Oct 23 2023 18: +0,1698080400
6.156,1,Oct 23 2023 20: +0,1698087600
5.765,1,Oct 23 2023 22: +0,1698094800
7.244,2,Oct 23 2023 23: +0,1698098400
7.332,1,Oct 24 2023 04: +0,1698116400
7.207,1,Oct 24 2023 08: +0,1698130800
6.735,1,Oct 24 2023 15: +0,1698156000
6.743,1,Oct 24 2023 22: +0,1698181200
7.085,1,Oct 25 2023 01: +0,1698192000
7.248,1,Oct 25 2023 04: +0,1698202800
7.341,1,Oct 25 2023 05: +0,1698206400
6.269,1,Oct 25 2023 06: +0,1698210000
7.341,1,Oct 25 2023 07: +0,1698213600
6.268,1,Oct 25 2023 12: +0,1698231600
6.145,1,Oct 25 2023 14: +0,1698238800
6.743,1,Oct 25 2023 16: +0,1698246000
6.136,1,Oct 25 2023 23: +0,1698271200
6.744,1,Oct 26 2023 01: +0,1698278400
5.699,1,Oct 26 2023 03: +0,1698285600
5.971,1,Oct 26 2023 04: +0,1698289200
7.176,1,Oct 26 2023 12: +0,1698318000
6.046,1,Oct 27 2023 01: +0,1698364800
6.563,2,Oct 27 2023 02: +0,1698368400
6.046,1,Oct 27 2023 05: +0,1698379200
6.09,1,Oct 27 2023 15: +0,1698415200
6.457,1,Oct 27 2023 20: +0,1698433200
6.512,1,Oct 27 2023 22: +0,1698440400
5.702,1,Oct 28 2023 12: +0,1698490800
6.28,1,Oct 28 2023 15: +0,1698501600
6.557,1,Oct 28 2023 16: +0,1698505200
6.921,1,Oct 28 2023 19: +0,1698516000
6.882,3,Oct 29 2023 02: +0,1698544800
5.797,2,Oct 29 2023 10: +0,1698573600
6.655,3,Oct 30 2023 00: +0,1698624000
6.655,1,Oct 30 2023 03: +0,1698634800
6.537,1,Oct 30 2023 12: +0,1698667200
6.65,1,Oct 30 2023 13: +0,1698670800
6.672,1,Oct 30 2023 16: +0,1698681600
6.647,1,Oct 30 2023 21: +0,1698699600
6.623,1,Oct 31 2023 02: +0,1698717600
6.624,1,Oct 31 2023 03: +0,1698721200
6.623,1,Oct 31 2023 09: +0,1698742800
5.673,1,Oct 31 2023 14: +0,1698760800
6.487,1,Oct 31 2023 19: +0,1698778800
5.673,1,Nov 01 2023 01: +0,1698800400
6.115,2,Nov 01 2023 02: +0,1698804000
5.394,1,Nov 01 2023 16: +0,1698854400
5.556,1,Nov 01 2023 23: +0,1698879600
5.984,1,Nov 02 2023 01: +0,1698886800
6.379,1,Nov 02 2023 02: +0,1698890400
6.337,1,Nov 02 2023 11: +0,1698922800
5.389,1,Nov 02 2023 13: +0,1698930000
5.389,1,Nov 02 2023 15: +0,1698937200
5.389,1,Nov 02 2023 17: +0,1698944400
6.366,1,Nov 02 2023 18: +0,1698948000
6.355,1,Nov 02 2023 22: +0,1698962400
6.363,2,Nov 03 2023 00: +0,1698969600
6.579,1,Nov 03 2023 06: +0,1698991200
6.274,1,Nov 03 2023 19: +0,1699038000
5.357,1,Nov 03 2023 21: +0,1699045200
6.049,1,Nov 03 2023 23: +0,1699052400
6.28,1,Nov 04 2023 02: +0,1699063200
5.389,1,Nov 04 2023 07: +0,1699081200
6.274,1,Nov 04 2023 12: +0,1699099200
6.205,1,Nov 04 2023 18: +0,1699120800
5.795,2,Nov 05 2023 06: +0,1699164000
6.201,1,Nov 05 2023 11: +0,1699182000
6.206,1,Nov 05 2023 15: +0,1699196400
6.201,2,Nov 05 2023 20: +0,1699214400
6.201,1,Nov 05 2023 21: +0,1699218000
5.284,1,Nov 05 2023 22: +0,1699221600
6.054,1,Nov 06 2023 09: +0,1699261200
5.521,2,Nov 06 2023 12: +0,1699272000
6.075,1,Nov 06 2023 19: +0,1699297200
5.235,2,Nov 06 2023 20: +0,1699300800
5.471,1,Nov 07 2023 01: +0,1699318800
5.958,1,Nov 07 2023 11: +0,1699354800
6.017,1,Nov 07 2023 18: +0,1699380000
5.936,1,Nov 07 2023 21: +0,1699390800
6.015,1,Nov 07 2023 22: +0,1699394400
6.048,1,Nov 08 2023 03: +0,1699412400
5.495,1,Nov 08 2023 05: +0,1699419600
6.362,2,Nov 08 2023 15: +0,1699455600
6.4,1,Nov 08 2023 20: +0,1699473600
5.447,1,Nov 08 2023 23: +0,1699484400
6.377,1,Nov 09 2023 10: +0,1699524000
6.379,1,Nov 10 2023 05: +0,1699592400
6.036,4,Nov 10 2023 07: +0,1699599600
6.394,1,Nov 10 2023 09: +0,1699606800
6.161,2,Nov 10 2023 14: +0,1699624800
6.403,3,Nov 10 2023 19: +0,1699642800
6.434,1,Nov 11 2023 11: +0,1699700400
6.432,1,Nov 11 2023 15: +0,1699714800
6.45,1,Nov 11 2023 16: +0,1699718400
5.864,1,Nov 11 2023 17: +0,1699722000
4.083,2,Nov 11 2023 18: +0,1699725600
6.357,1,Nov 12 2023 02: +0,1699754400
6.34,1,Nov 12 2023 18: +0,1699812000
6.338,1,Nov 12 2023 20: +0,1699819200
6.338,1,Nov 13 2023 00: +0,1699833600
6.418,1,Nov 13 2023 01: +0,1699837200
5.608,1,Nov 13 2023 06: +0,1699855200
6.047,1,Nov 13 2023 12: +0,1699876800
6.153,1,Nov 13 2023 21: +0,1699909200
6.153,1,Nov 14 2023 02: +0,1699927200
5.47,1,Nov 14 2023 15: +0,1699974000
5.936,1,Nov 14 2023 16: +0,1699977600
5.948,1,Nov 15 2023 00: +0,1700006400
6.041,1,Nov 15 2023 03: +0,1700017200
5.439,1,Nov 15 2023 04: +0,1700020800
6.059,1,Nov 15 2023 14: +0,1700056800
5.82,1,Nov 15 2023 15: +0,1700060400
6.064,1,Nov 15 2023 17: +0,1700067600
5.405,1,Nov 16 2023 04: +0,1700107200
5.86,1,Nov 16 2023 13: +0,1700139600
5.633,2,Nov 16 2023 18: +0,1700157600
5.405,1,Nov 16 2023 21: +0,1700168400
5.921,1,Nov 17 2023 02: +0,1700186400
5.417,1,Nov 17 2023 08: +0,1700208000
5.417,1,Nov 17 2023 09: +0,1700211600
5.531,1,Nov 17 2023 16: +0,1700236800
5.919,1,Nov 17 2023 19: +0,1700247600
5.255,1,Nov 17 2023 22: +0,1700258400
6.137,1,Nov 18 2023 02: +0,1700272800
5.287,1,Nov 18 2023 04: +0,1700280000
6.113,1,Nov 18 2023 05: +0,1700283600
6.153,1,Nov 18 2023 07: +0,1700290800
6.106,1,Nov 18 2023 09: +0,1700298000
6.216,1,Nov 18 2023 12: +0,1700308800
5.667,1,Nov 18 2023 13: +0,1700312400
6.215,2,Nov 18 2023 14: +0,1700316000
6.275,1,Nov 18 2023 17: +0,1700326800
6.338,1,Nov 18 2023 21: +0,1700341200
6.089,2,Nov 19 2023 00: +0,1700352000
5.311,1,Nov 19 2023 01: +0,1700355600
6.346,1,Nov 19 2023 02: +0,1700359200
6.353,1,Nov 19 2023 03: +0,1700362800
6.112,1,Nov 19 2023 14: +0,1700402400
5.11,1,Nov 20 2023 18: +0,1700503200
5.306,2,Nov 21 2023 09: +0,1700557200
4.615,1,Nov 21 2023 12: +0,1700568000
4.812,2,Nov 22 2023 06: +0,1700632800
5.032,1,Nov 22 2023 09: +0,1700643600
5.384,1,Nov 22 2023 11: +0,1700650800
5.032,1,Nov 22 2023 12: +0,1700654400
4.991,1,Nov 22 2023 17: +0,1700672400
5.032,1,Nov 22 2023 19: +0,1700679600
5.03,1,Nov 23 2023 02: +0,1700704800
5.024,1,Nov 23 2023 06: +0,1700719200
4.799,1,Nov 23 2023 09: +0,1700730000
5.033,1,Nov 23 2023 13: +0,1700744400
4.006,2,Nov 23 2023 17: +0,1700758800
5.072,1,Nov 23 2023 19: +0,1700766000
4.651,1,Nov 24 2023 03: +0,1700794800
4.951,1,Nov 24 2023 04: +0,1700798400
5.032,1,Nov 24 2023 06: +0,1700805600
4.652,1,Nov 24 2023 11: +0,1700823600
4.878,2,Nov 24 2023 14: +0,1700834400
5.053,1,Nov 24 2023 21: +0,1700859600
4.591,1,Nov 25 2023 02: +0,1700877600
5.076,1,Nov 25 2023 03: +0,1700881200
5.076,1,Nov 25 2023 04: +0,1700884800
4.811,1,Nov 25 2023 11: +0,1700910000
4.483,1,Nov 25 2023 17: +0,1700931600
4.699,1,Nov 25 2023 18: +0,1700935200
4.811,1,Nov 26 2023 02: +0,1700964000
4.707,1,Nov 26 2023 03: +0,1700967600
4.611,1,Nov 26 2023 08: +0,1700985600
4.551,2,Nov 26 2023 13: +0,1701003600
4.659,1,Nov 27 2023 10: +0,1701079200
4.687,1,Nov 27 2023 11: +0,1701082800
4.459,1,Nov 27 2023 13: +0,1701090000
4.739,1,Nov 27 2023 17: +0,1701104400
4.739,1,Nov 28 2023 04: +0,1701144000
4.731,1,Nov 28 2023 15: +0,1701183600
4.691,1,Nov 29 2023 12: +0,1701259200
4.919,1,Nov 29 2023 22: +0,1701295200
4.595,1,Nov 30 2023 04: +0,1701316800
4.834,2,Nov 30 2023 05: +0,1701320400
4.755,1,Nov 30 2023 07: +0,1701327600
5.03,2,Nov 30 2023 11: +0,1701342000
4.755,1,Nov 30 2023 12: +0,1701345600
5.082,1,Dec 01 2023 00: +0,1701388800
4.348,1,Dec 01 2023 11: +0,1701428400
5.106,1,Dec 01 2023 13: +0,1701435600
5.136,1,Dec 01 2023 14: +0,1701439200
5.137,1,Dec 01 2023 23: +0,1701471600
5.146,1,Dec 02 2023 05: +0,1701493200
4.755,1,Dec 02 2023 13: +0,1701522000
5.597,1,Dec 02 2023 17: +0,1701536400
5.634,1,Dec 02 2023 20: +0,1701547200
5.482,1,Dec 02 2023 22: +0,1701554400
5.614,1,Dec 02 2023 23: +0,1701558000
5.596,1,Dec 03 2023 05: +0,1701579600
4.89,1,Dec 03 2023 06: +0,1701583200
4.938,1,Dec 03 2023 15: +0,1701615600
4.131,1,Dec 04 2023 00: +0,1701648000
5.466,1,Dec 04 2023 03: +0,1701658800
5.202,1,Dec 04 2023 05: +0,1701666000
5.546,1,Dec 04 2023 09: +0,1701680400
5.514,1,Dec 05 2023 05: +0,1701752400
5.282,1,Dec 05 2023 07: +0,1701759600
5.628,2,Dec 05 2023 15: +0,1701788400
5.885,1,Dec 06 2023 09: +0,1701853200
5.93,1,Dec 06 2023 10: +0,1701856800
6.019,2,Dec 06 2023 15: +0,1701874800
5.988,1,Dec 07 2023 03: +0,1701918000
5.77,1,Dec 07 2023 07: +0,1701932400
5.33,1,Dec 07 2023 10: +0,1701943200
5.985,1,Dec 07 2023 12: +0,1701950400
5.306,1,Dec 07 2023 13: +0,1701954000
6.04,1,Dec 07 2023 18: +0,1701972000
5.495,1,Dec 07 2023 19: +0,1701975600
6.129,1,Dec 08 2023 04: +0,1702008000
5.33,1,Dec 08 2023 07: +0,1702018800
5.33,1,Dec 08 2023 09: +0,1702026000
5.33,1,Dec 08 2023 10: +0,1702029600
6.116,1,Dec 08 2023 20: +0,1702065600
5.274,3,Dec 09 2023 03: +0,1702090800
5.734,1,Dec 09 2023 05: +0,1702098000
5.338,1,Dec 09 2023 07: +0,1702105200
5.33,1,Dec 09 2023 08: +0,1702108800
5.434,1,Dec 09 2023 15: +0,1702134000
5.282,1,Dec 10 2023 03: +0,1702177200
5.429,2,Dec 10 2023 07: +0,1702191600
5.338,2,Dec 10 2023 10: +0,1702202400
5.894,1,Dec 10 2023 18: +0,1702231200
5.891,1,Dec 11 2023 00: +0,1702252800
5.282,1,Dec 11 2023 06: +0,1702274400
5.892,1,Dec 11 2023 16: +0,1702310400
5.774,1,Dec 12 2023 08: +0,1702368000
5.769,1,Dec 12 2023 11: +0,1702378800
5.29,1,Dec 13 2023 00: +0,1702425600
5.282,1,Dec 13 2023 10: +0,1702461600
5.451,1,Dec 13 2023 17: +0,1702486800
5.282,1,Dec 14 2023 10: +0,1702548000
5.298,1,Dec 14 2023 11: +0,1702551600
5.298,1,Dec 14 2023 13: +0,1702558800
5.598,1,Dec 15 2023 02: +0,1702605600
5.305,1,Dec 15 2023 13: +0,1702645200
5.313,1,Dec 15 2023 20: +0,1702670400
5.582,1,Dec 15 2023 21: +0,1702674000
5.62,1,Dec 16 2023 12: +0,1702728000
5.313,1,Dec 16 2023 13: +0,1702731600
5.384,1,Dec 16 2023 22: +0,1702764000
5.313,1,Dec 17 2023 04: +0,1702785600
5.313,1,Dec 17 2023 06: +0,1702792800
5.305,1,Dec 17 2023 08: +0,1702800000
5.653,1,Dec 17 2023 10: +0,1702807200
5.539,1,Dec 18 2023 18: +0,1702922400
5.599,1,Dec 18 2023 20: +0,1702929600
5.305,1,Dec 19 2023 09: +0,1702976400
5.305,2,Dec 19 2023 14: +0,1702994400
5.595,1,Dec 19 2023 21: +0,1703019600
5.519,1,Dec 20 2023 06: +0,1703052000
5.599,1,Dec 20 2023 13: +0,1703077200
5.59,1,Dec 20 2023 20: +0,1703102400
5.447,2,Dec 20 2023 22: +0,1703109600
5.52,1,Dec 21 2023 15: +0,1703170800
5.561,1,Dec 21 2023 22: +0,1703196000
5.536,1,Dec 22 2023 00: +0,1703203200
4.706,1,Dec 23 2023 07: +0,1703314800
4.631,1,Dec 23 2023 16: +0,1703347200
4.844,1,Dec 23 2023 18: +0,1703354400
4.975,1,Dec 23 2023 20: +0,1703361600
4.487,1,Dec 24 2023 02: +0,1703383200
4.975,1,Dec 24 2023 04: +0,1703390400
5.486,1,Dec 24 2023 06: +0,1703397600
5.071,1,Dec 24 2023 16: +0,1703433600
5.061,1,Dec 24 2023 18: +0,1703440800
4.668,1,Dec 25 2023 14: +0,1703512800
5.071,1,Dec 25 2023 17: +0,1703523600
5.179,2,Dec 25 2023 23: +0,1703545200
4.668,1,Dec 26 2023 05: +0,1703566800
4.675,1,Dec 26 2023 16: +0,1703606400
4.849,1,Dec 26 2023 22: +0,1703628000
4.589,3,Dec 27 2023 15: +0,1703689200
4.863,1,Dec 27 2023 22: +0,1703714400
4.645,1,Dec 28 2023 10: +0,1703757600
4.95,1,Dec 28 2023 15: +0,1703775600
5.288,1,Dec 28 2023 19: +0,1703790000
5.573,1,Dec 28 2023 22: +0,1703800800
5.487,1,Dec 29 2023 09: +0,1703840400
4.732,1,Dec 29 2023 10: +0,1703844000
4.629,1,Dec 29 2023 11: +0,1703847600
5.486,1,Dec 29 2023 13: +0,1703854800
5.311,1,Dec 29 2023 17: +0,1703869200
4.542,1,Dec 29 2023 18: +0,1703872800
5.44,1,Dec 30 2023 04: +0,1703908800
4.574,1,Dec 30 2023 08: +0,1703923200
4.542,1,Dec 30 2023 16: +0,1703952000
4.471,1,Dec 30 2023 18: +0,1703959200
3.999,1,Dec 31 2023 03: +0,1703991600
5.089,1,Dec 31 2023 08: +0,1704009600
4.44,1,Dec 31 2023 14: +0,1704031200
4.429,1,Dec 31 2023 16: +0,1704038400
4.536,1,Jan 01 2024 14: +0,1704117600
4.98,1,Jan 01 2024 21: +0,1704142800
5.029,1,Jan 02 2024 03: +0,1704164400
4.978,1,Jan 02 2024 11: +0,1704193200
4.357,1,Jan 02 2024 18: +0,1704218400
4.92,1,Jan 02 2024 23: +0,1704236400
4.948,1,Jan 03 2024 05: +0,1704258000
4.953,1,Jan 03 2024 14: +0,1704290400
4.586,1,Jan 03 2024 16: +0,1704297600
4.943,1,Jan 04 2024 11: +0,1704366000
4.945,1,Jan 04 2024 19: +0,1704394800
4.932,1,Jan 04 2024 23: +0,1704409200
5.034,1,Jan 05 2024 05: +0,1704430800
4.712,1,Jan 05 2024 16: +0,1704470400
4.943,1,Jan 06 2024 01: +0,1704502800
4.94,1,Jan 06 2024 03: +0,1704510000
4.955,1,Jan 06 2024 06: +0,1704520800
4.727,1,Jan 06 2024 08: +0,1704528000
4.966,1,Jan 06 2024 11: +0,1704538800
4.96,1,Jan 07 2024 00: +0,1704585600
4.97,1,Jan 07 2024 13: +0,1704632400
4.916,1,Jan 07 2024 20: +0,1704657600
4.727,1,Jan 07 2024 21: +0,1704661200
4.955,1,Jan 07 2024 22: +0,1704664800
5.042,1,Jan 08 2024 05: +0,1704690000
5.104,1,Jan 08 2024 18: +0,1704736800
5.334,1,Jan 09 2024 04: +0,1704772800
5.365,1,Jan 09 2024 09: +0,1704790800
4.389,1,Jan 09 2024 15: +0,1704812400
4.861,1,Jan 10 2024 03: +0,1704855600
5.18,2,Jan 10 2024 04: +0,1704859200
4.861,1,Jan 10 2024 11: +0,1704884400
3.933,1,Jan 10 2024 12: +0,1704888000
4.932,1,Jan 10 2024 21: +0,1704920400
5.089,1,Jan 11 2024 01: +0,1704934800
4.324,1,Jan 11 2024 22: +0,1705010400
5.186,1,Jan 12 2024 01: +0,1705021200
4.617,1,Jan 12 2024 14: +0,1705068000
5.544,1,Jan 12 2024 19: +0,1705086000
5.553,1,Jan 13 2024 02: +0,1705111200
5.304,1,Jan 13 2024 04: +0,1705118400
5.705,1,Jan 13 2024 08: +0,1705132800
5.292,1,Jan 13 2024 14: +0,1705154400
5.666,1,Jan 13 2024 22: +0,1705183200
5.065,1,Jan 14 2024 07: +0,1705215600
5.307,1,Jan 14 2024 14: +0,1705240800
5.267,2,Jan 14 2024 22: +0,1705269600
5.236,2,Jan 15 2024 22: +0,1705356000
5.178,2,Jan 17 2024 07: +0,1705474800
5.676,1,Jan 17 2024 10: +0,1705485600
5.467,1,Jan 17 2024 20: +0,1705521600
5.091,1,Jan 17 2024 21: +0,1705525200
4.553,1,Jan 17 2024 22: +0,1705528800
4.885,1,Jan 18 2024 17: +0,1705597200
4.885,1,Jan 19 2024 10: +0,1705658400
4.938,1,Jan 19 2024 14: +0,1705672800
5.107,1,Jan 19 2024 16: +0,1705680000
5.154,1,Jan 20 2024 05: +0,1705726800
5.209,1,Jan 20 2024 16: +0,1705766400
5.183,1,Jan 20 2024 19: +0,1705777200
5.152,1,Jan 21 2024 08: +0,1705824000
4.865,1,Jan 21 2024 10: +0,1705831200
4.914,1,Jan 21 2024 18: +0,1705860000
5.226,1,Jan 21 2024 20: +0,1705867200
4.086,1,Jan 22 2024 01: +0,1705885200
4.558,1,Jan 22 2024 11: +0,1705921200
4.66,1,Jan 22 2024 15: +0,1705935600
4.918,1,Jan 22 2024 20: +0,1705953600
5.184,1,Jan 23 2024 00: +0,1705968000
5.247,1,Jan 23 2024 05: +0,1705986000
4.164,1,Jan 23 2024 13: +0,1706014800
4.038,1,Jan 23 2024 17: +0,1706029200
4.881,2,Jan 24 2024 02: +0,1706061600
5.423,1,Jan 24 2024 20: +0,1706126400
4.441,1,Jan 25 2024 10: +0,1706176800
4.952,1,Jan 25 2024 14: +0,1706191200
4.347,1,Jan 26 2024 19: +0,1706295600
4.258,1,Jan 27 2024 03: +0,1706324400
4.341,1,Jan 27 2024 09: +0,1706346000
4.849,1,Jan 27 2024 12: +0,1706356800
4.422,1,Jan 27 2024 16: +0,1706371200
4.052,1,Jan 27 2024 23: +0,1706396400
3.654,1,Jan 28 2024 10: +0,1706436000
5.08,1,Jan 28 2024 17: +0,1706461200
5.08,1,Jan 29 2024 06: +0,1706508000
4.752,1,Jan 30 2024 06: +0,1706594400
4.976,1,Jan 30 2024 12: +0,1706616000
4.219,1,Jan 30 2024 15: +0,1706626800
4.227,1,Jan 30 2024 21: +0,1706648400
4.25,1,Jan 31 2024 08: +0,1706688000
4.258,1,Jan 31 2024 15: +0,1706713200
4.322,1,Jan 31 2024 19: +0,1706727600
4.449,1,Jan 31 2024 21: +0,1706734800
4.449,1,Jan 31 2024 22: +0,1706738400
4.274,1,Feb 01 2024 04: +0,1706760000
4.999,1,Feb 01 2024 08: +0,1706774400
4.211,1,Feb 01 2024 15: +0,1706799600
4.29,1,Feb 01 2024 18: +0,1706810400
4.052,1,Feb 01 2024 23: +0,1706828400
4.29,1,Feb 02 2024 04: +0,1706846400
4.952,1,Feb 02 2024 12: +0,1706875200
3.424,1,Feb 03 2024 08: +0,1706947200
4.306,1,Feb 03 2024 12: +0,1706961600
4.819,1,Feb 03 2024 13: +0,1706965200
4.82,1,Feb 03 2024 14: +0,1706968800
3.631,1,Feb 04 2024 16: +0,1707062400
4.714,1,Feb 04 2024 20: +0,1707076800
4.605,1,Feb 06 2024 05: +0,1707195600
4.582,1,Feb 06 2024 14: +0,1707228000
4.297,1,Feb 07 2024 02: +0,1707271200
4.292,2,Feb 07 2024 04: +0,1707278400
4.29,1,Feb 07 2024 06: +0,1707285600
4.379,2,Feb 07 2024 07: +0,1707289200
4.203,1,Feb 07 2024 08: +0,1707292800
4.246,4,Feb 07 2024 11: +0,1707303600
4.29,1,Feb 07 2024 12: +0,1707307200
4.219,1,Feb 07 2024 13: +0,1707310800
4.282,1,Feb 07 2024 14: +0,1707314400
4.068,3,Feb 07 2024 16: +0,1707321600
4.032,2,Feb 07 2024 17: +0,1707325200
4.229,2,Feb 07 2024 18: +0,1707328800
4.219,1,Feb 07 2024 19: +0,1707332400
4.35,1,Feb 07 2024 21: +0,1707339600
4.213,2,Feb 08 2024 02: +0,1707357600
4.233,1,Feb 08 2024 04: +0,1707364800
4.27,2,Feb 08 2024 05: +0,1707368400
4.219,1,Feb 08 2024 08: +0,1707379200
3.837,2,Feb 08 2024 09: +0,1707382800
4.132,2,Feb 08 2024 12: +0,1707393600
3.837,1,Feb 08 2024 15: +0,1707404400
4.181,2,Feb 08 2024 20: +0,1707422400
4.281,1,Feb 09 2024 02: +0,1707444000
4.179,1,Feb 09 2024 04: +0,1707451200
4.292,1,Feb 09 2024 05: +0,1707454800
4.179,1,Feb 09 2024 07: +0,1707462000
4.301,1,Feb 09 2024 10: +0,1707472800
4.179,1,Feb 09 2024 11: +0,1707476400
3.856,1,Feb 09 2024 15: +0,1707490800
3.758,1,Feb 09 2024 17: +0,1707498000
3.776,1,Feb 09 2024 18: +0,1707501600
3.776,1,Feb 09 2024 23: +0,1707519600
3.995,1,Feb 10 2024 02: +0,1707530400
3.856,1,Feb 10 2024 07: +0,1707548400
4.039,1,Feb 10 2024 10: +0,1707559200
3.666,1,Feb 10 2024 12: +0,1707566400
3.812,1,Feb 10 2024 13: +0,1707570000
4.072,2,Feb 10 2024 14: +0,1707573600
3.8,1,Feb 10 2024 17: +0,1707584400
3.809,2,Feb 10 2024 18: +0,1707588000
3.999,1,Feb 10 2024 23: +0,1707606000
4.27,1,Feb 11 2024 02: +0,1707616800
3.8,1,Feb 11 2024 08: +0,1707638400
3.752,1,Feb 11 2024 14: +0,1707660000
4.273,1,Feb 11 2024 17: +0,1707670800
4.342,1,Feb 11 2024 23: +0,1707692400
4.362,1,Feb 12 2024 04: +0,1707710400
3.641,1,Feb 13 2024 03: +0,1707793200
3.736,1,Feb 13 2024 14: +0,1707832800
4.194,1,Feb 13 2024 20: +0,1707854400
3.752,1,Feb 13 2024 21: +0,1707858000
4.286,1,Feb 13 2024 23: +0,1707865200
4.183,1,Feb 14 2024 04: +0,1707883200
4.204,1,Feb 14 2024 06: +0,1707890400
2.995,1,Feb 14 2024 17: +0,1707930000
4.204,1,Feb 14 2024 23: +0,1707951600
4.202,1,Feb 15 2024 01: +0,1707958800
3.728,1,Feb 15 2024 02: +0,1707962400
3.318,1,Feb 15 2024 09: +0,1707987600
3.808,1,Feb 15 2024 16: +0,1708012800
3.862,1,Feb 15 2024 17: +0,1708016400
3.856,2,Feb 15 2024 23: +0,1708038000
3.896,1,Feb 16 2024 03: +0,1708052400
3.983,1,Feb 16 2024 08: +0,1708070400
4.205,1,Feb 16 2024 09: +0,1708074000
4.303,1,Feb 16 2024 11: +0,1708081200
3.872,1,Feb 16 2024 15: +0,1708095600
4.298,1,Feb 16 2024 20: +0,1708113600
4.302,1,Feb 16 2024 22: +0,1708120800
4.318,1,Feb 16 2024 23: +0,1708124400
3.82,2,Feb 17 2024 12: +0,1708171200
4.261,1,Feb 17 2024 14: +0,1708178400
4.19,1,Feb 18 2024 05: +0,1708232400
3.995,1,Feb 18 2024 08: +0,1708243200
4.292,1,Feb 18 2024 09: +0,1708246800
3.954,1,Feb 18 2024 13: +0,1708261200
3.786,1,Feb 18 2024 19: +0,1708282800
3.831,1,Feb 18 2024 22: +0,1708293600
3.786,1,Feb 19 2024 02: +0,1708308000
3.771,1,Feb 19 2024 06: +0,1708322400
3.834,1,Feb 19 2024 13: +0,1708347600
3.786,1,Feb 19 2024 16: +0,1708358400
3.834,1,Feb 19 2024 21: +0,1708376400
3.81,2,Feb 20 2024 12: +0,1708430400
3.941,1,Feb 20 2024 16: +0,1708444800
3.943,1,Feb 21 2024 05: +0,1708491600
3.809,2,Feb 21 2024 13: +0,1708520400
3.786,1,Feb 21 2024 14: +0,1708524000
3.786,1,Feb 21 2024 17: +0,1708534800
0.882,1,Feb 21 2024 19: +0,1708542000
1.995,1,Feb 21 2024 21: +0,1708549200
3.905,1,Feb 22 2024 02: +0,1708567200
3.936,1,Feb 22 2024 03: +0,1708570800
0.418,1,Feb 22 2024 08: +0,1708588800
4.181,1,Feb 22 2024 12: +0,1708603200
4.274,1,Feb 22 2024 16: +0,1708617600
3.786,1,Feb 23 2024 01: +0,1708650000
4.284,1,Feb 23 2024 05: +0,1708664400
3.416,1,Feb 23 2024 10: +0,1708682400
4.303,1,Feb 23 2024 13: +0,1708693200
0.882,1,Feb 23 2024 14: +0,1708696800
4.266,1,Feb 23 2024 22: +0,1708725600
4.291,1,Feb 24 2024 03: +0,1708743600
4.27,1,Feb 24 2024 10: +0,1708768800
4.279,2,Feb 25 2024 01: +0,1708822800
3.747,1,Feb 25 2024 13: +0,1708866000
3.721,1,Feb 25 2024 16: +0,1708876800
0.883,1,Feb 25 2024 17: +0,1708880400
4.272,1,Feb 25 2024 19: +0,1708887600
4.281,1,Feb 25 2024 21: +0,1708894800
4.287,1,Feb 26 2024 10: +0,1708941600
4.298,1,Feb 26 2024 17: +0,1708966800
3.729,1,Feb 26 2024 18: +0,1708970400
4.284,1,Feb 26 2024 19: +0,1708974000
4.302,1,Feb 27 2024 11: +0,1709031600
3.729,1,Feb 27 2024 14: +0,1709042400
4.164,1,Feb 27 2024 18: +0,1709056800
4.305,1,Feb 28 2024 01: +0,1709082000
4.318,1,Feb 28 2024 08: +0,1709107200
4.273,1,Feb 28 2024 15: +0,1709132400
4.029,1,Feb 29 2024 04: +0,1709179200
3.689,1,Feb 29 2024 07: +0,1709190000
4.016,1,Feb 29 2024 13: +0,1709211600
3.705,1,Feb 29 2024 22: +0,1709244000
3.697,1,Mar 01 2024 09: +0,1709283600
3.922,1,Mar 01 2024 11: +0,1709290800
3.922,1,Mar 01 2024 12: +0,1709294400
4.012,1,Mar 01 2024 16: +0,1709308800
3.673,1,Mar 01 2024 21: +0,1709326800
3.705,3,Mar 02 2024 06: +0,1709359200
4.005,1,Mar 02 2024 11: +0,1709377200
4.017,1,Mar 02 2024 12: +0,1709380800
3.589,1,Mar 02 2024 16: +0,1709395200
4.103,2,Mar 02 2024 18: +0,1709402400
3.659,1,Mar 02 2024 20: +0,1709409600
3.659,1,Mar 03 2024 04: +0,1709438400
3.659,1,Mar 03 2024 09: +0,1709456400
3.659,1,Mar 03 2024 13: +0,1709470800
3.526,1,Mar 03 2024 16: +0,1709481600
3.69,1,Mar 03 2024 17: +0,1709485200
4.118,1,Mar 03 2024 23: +0,1709506800
4.228,1,Mar 04 2024 02: +0,1709517600
3.557,1,Mar 04 2024 06: +0,1709532000
4.252,1,Mar 04 2024 13: +0,1709557200
3.659,1,Mar 04 2024 15: +0,1709564400
4.254,1,Mar 04 2024 17: +0,1709571600
4.351,1,Mar 04 2024 20: +0,1709582400
4.293,1,Mar 05 2024 01: +0,1709600400
4.438,1,Mar 05 2024 02: +0,1709604000
4.484,1,Mar 05 2024 03: +0,1709607600
4.003,1,Mar 05 2024 12: +0,1709640000
4.018,1,Mar 06 2024 03: +0,1709694000
4.475,1,Mar 06 2024 07: +0,1709708400
4.474,1,Mar 06 2024 12: +0,1709726400
4.41,1,Mar 06 2024 22: +0,1709762400
4.416,1,Mar 07 2024 03: +0,1709780400
4.418,2,Mar 07 2024 09: +0,1709802000
4.438,1,Mar 07 2024 13: +0,1709816400
3.131,1,Mar 08 2024 00: +0,1709856000
4.333,1,Mar 08 2024 15: +0,1709910000
4.338,1,Mar 09 2024 01: +0,1709946000
4.365,1,Mar 09 2024 05: +0,1709960400
4.432,1,Mar 09 2024 07: +0,1709967600
3.776,1,Mar 10 2024 00: +0,1710028800
4.423,1,Mar 10 2024 11: +0,1710068400
4.332,1,Mar 11 2024 04: +0,1710129600
3.78,1,Mar 11 2024 05: +0,1710133200
4.217,1,Mar 11 2024 21: +0,1710190800
4.326,1,Mar 12 2024 16: +0,1710259200
4.316,1,Mar 12 2024 21: +0,1710277200
4.281,1,Mar 12 2024 22: +0,1710280800
4.331,1,Mar 12 2024 23: +0,1710284400
4.331,1,Mar 13 2024 06: +0,1710309600
4.101,1,Mar 13 2024 22: +0,1710367200
4.129,1,Mar 14 2024 01: +0,1710378000
4.145,1,Mar 14 2024 07: +0,1710399600
3.822,1,Mar 14 2024 10: +0,1710410400
3.822,1,Mar 14 2024 11: +0,1710414000
3.817,1,Mar 14 2024 15: +0,1710428400
3.815,4,Mar 14 2024 17: +0,1710435600
4.12,2,Mar 14 2024 19: +0,1710442800
4.21,2,Mar 14 2024 20: +0,1710446400
3.788,2,Mar 15 2024 05: +0,1710478800
4.105,1,Mar 15 2024 19: +0,1710529200
3.727,1,Mar 16 2024 04: +0,1710561600
3.861,1,Mar 16 2024 07: +0,1710572400
3.883,1,Mar 16 2024 16: +0,1710604800
3.751,1,Mar 17 2024 01: +0,1710637200
3.954,1,Mar 17 2024 07: +0,1710658800
3.751,1,Mar 17 2024 22: +0,1710712800
3.751,1,Mar 18 2024 05: +0,1710738000
3.925,1,Mar 18 2024 15: +0,1710774000
3.949,1,Mar 18 2024 16: +0,1710777600
3.751,1,Mar 18 2024 17: +0,1710781200
3.924,1,Mar 19 2024 16: +0,1710864000
3.83,1,Mar 19 2024 19: +0,1710874800
3.895,1,Mar 20 2024 01: +0,1710896400
3.933,2,Mar 20 2024 02: +0,1710900000
3.959,1,Mar 20 2024 04: +0,1710907200
3.895,1,Mar 20 2024 08: +0,1710921600
3.882,1,Mar 20 2024 18: +0,1710957600
3.791,1,Mar 21 2024 11: +0,1711018800
3.76,1,Mar 21 2024 12: +0,1711022400
3.806,1,Mar 21 2024 16: +0,1711036800
3.808,2,Mar 21 2024 18: +0,1711044000
3.846,1,Mar 22 2024 01: +0,1711069200
3.879,1,Mar 22 2024 03: +0,1711076400
3.889,1,Mar 22 2024 08: +0,1711094400
3.933,1,Mar 22 2024 12: +0,1711108800
3.76,1,Mar 22 2024 16: +0,1711123200
3.951,1,Mar 22 2024 17: +0,1711126800
3.824,2,Mar 22 2024 22: +0,1711144800
3.784,1,Mar 22 2024 23: +0,1711148400
3.895,1,Mar 23 2024 00: +0,1711152000
3.93,1,Mar 23 2024 02: +0,1711159200
3.944,1,Mar 23 2024 13: +0,1711198800
3.713,1,Mar 23 2024 18: +0,1711216800
3.774,1,Mar 24 2024 03: +0,1711249200
3.772,1,Mar 24 2024 06: +0,1711260000
3.941,1,Mar 24 2024 10: +0,1711274400
4.157,1,Mar 24 2024 16: +0,1711296000
4.163,1,Mar 24 2024 21: +0,1711314000
4.267,1,Mar 25 2024 01: +0,1711328400
4.259,1,Mar 25 2024 02: +0,1711332000
3.713,1,Mar 25 2024 03: +0,1711335600
4.259,1,Mar 25 2024 07: +0,1711350000
4.029,1,Mar 26 2024 03: +0,1711422000
3.713,1,Mar 26 2024 11: +0,1711450800
4.276,1,Mar 26 2024 14: +0,1711461600
3.713,1,Mar 26 2024 18: +0,1711476000
4.277,1,Mar 26 2024 23: +0,1711494000
4.131,1,Mar 28 2024 06: +0,1711605600
3.713,1,Mar 28 2024 11: +0,1711623600
3.562,1,Mar 28 2024 16: +0,1711641600
3.713,1,Mar 28 2024 19: +0,1711652400
4.101,1,Mar 29 2024 11: +0,1711710000
3.745,1,Mar 29 2024 14: +0,1711720800
3.657,1,Mar 29 2024 17: +0,1711731600
4.093,1,Mar 30 2024 09: +0,1711789200
4.077,1,Mar 30 2024 15: +0,1711810800
3.993,1,Mar 31 2024 13: +0,1711886400
4.07,1,Mar 31 2024 14: +0,1711890000
4.122,1,Mar 31 2024 19: +0,1711908000
3.701,1,Apr 01 2024 09: +0,1711958400
3.526,2,Apr 01 2024 16: +0,1711983600
4.176,1,Apr 01 2024 20: +0,1711998000
4.23,1,Apr 03 2024 02: +0,1712106000
3.74,1,Apr 03 2024 03: +0,1712109600
4.239,1,Apr 03 2024 12: +0,1712142000
4.237,2,Apr 04 2024 01: +0,1712188800
4.184,1,Apr 04 2024 05: +0,1712203200
4.243,1,Apr 04 2024 07: +0,1712210400
3.906,1,Apr 05 2024 03: +0,1712282400
4.222,1,Apr 05 2024 04: +0,1712286000
4.254,1,Apr 05 2024 14: +0,1712322000
4.337,1,Apr 06 2024 07: +0,1712383200
4.213,1,Apr 06 2024 21: +0,1712433600
4.342,1,Apr 07 2024 06: +0,1712466000
4.336,1,Apr 07 2024 09: +0,1712476800
4.308,1,Apr 07 2024 19: +0,1712512800
4.345,1,Apr 07 2024 22: +0,1712523600
4.345,1,Apr 08 2024 05: +0,1712548800
4.425,1,Apr 08 2024 06: +0,1712552400
4.438,1,Apr 08 2024 18: +0,1712595600
4.442,1,Apr 08 2024 21: +0,1712606400
4.301,1,Apr 09 2024 01: +0,1712620800
4.136,1,Apr 09 2024 08: +0,1712646000
4.367,1,Apr 09 2024 13: +0,1712664000
4.337,1,Apr 09 2024 19: +0,1712685600
4.409,1,Apr 10 2024 01: +0,1712707200
4.321,1,Apr 10 2024 13: +0,1712750400
4.349,1,Apr 10 2024 18: +0,1712768400
4.342,1,Apr 10 2024 19: +0,1712772000
3.894,1,Apr 11 2024 01: +0,1712793600
3.879,1,Apr 11 2024 21: +0,1712865600
4.16,1,Apr 11 2024 22: +0,1712869200
4.168,1,Apr 12 2024 03: +0,1712887200
4.17,1,Apr 12 2024 09: +0,1712908800
3.823,1,Apr 13 2024 07: +0,1712988000
3.823,1,Apr 13 2024 08: +0,1712991600
4.045,2,Apr 13 2024 11: +0,1713002400
3.614,1,Apr 13 2024 20: +0,1713034800
3.887,2,Apr 14 2024 09: +0,1713081600
3.907,2,Apr 14 2024 13: +0,1713096000
3.879,1,Apr 14 2024 14: +0,1713099600
3.879,1,Apr 14 2024 17: +0,1713110400
3.895,1,Apr 14 2024 19: +0,1713117600
3.927,3,Apr 15 2024 06: +0,1713157200
3.759,1,Apr 15 2024 16: +0,1713193200
3.943,1,Apr 15 2024 20: +0,1713207600
3.847,1,Apr 16 2024 11: +0,1713261600
4.213,1,Apr 16 2024 14: +0,1713272400
4.289,1,Apr 16 2024 18: +0,1713286800
4.325,1,Apr 16 2024 20: +0,1713294000
3.943,1,Apr 17 2024 05: +0,1713326400
4.434,1,Apr 17 2024 17: +0,1713369600
3.887,1,Apr 18 2024 10: +0,1713430800
4.016,1,Apr 19 2024 09: +0,1713513600
4.032,1,Apr 19 2024 14: +0,1713531600
4.008,1,Apr 20 2024 03: +0,1713578400
4.027,1,Apr 20 2024 11: +0,1713607200
4.322,1,Apr 21 2024 10: +0,1713690000
4.006,1,Apr 22 2024 00: +0,1713740400
4.323,1,Apr 22 2024 17: +0,1713801600
4.331,1,Apr 22 2024 18: +0,1713805200
4.332,1,Apr 22 2024 22: +0,1713819600
4.394,2,Apr 23 2024 04: +0,1713841200
4.11,2,Apr 23 2024 13: +0,1713873600
3.927,1,Apr 23 2024 15: +0,1713880800
4.494,1,Apr 23 2024 21: +0,1713902400
4.499,1,Apr 24 2024 08: +0,1713942000
4.5,1,Apr 24 2024 18: +0,1713978000
4.208,1,Apr 25 2024 08: +0,1714028400
4.288,1,Apr 25 2024 12: +0,1714042800
3.927,1,Apr 25 2024 14: +0,1714050000
4.539,1,Apr 25 2024 21: +0,1714075200
4.51,1,Apr 26 2024 07: +0,1714111200
3.948,1,Apr 26 2024 21: +0,1714161600
4.311,1,Apr 27 2024 01: +0,1714176000
4.319,1,Apr 27 2024 05: +0,1714190400
4.403,1,Apr 27 2024 20: +0,1714244400
4.558,1,Apr 28 2024 09: +0,1714291200
4.59,1,Apr 28 2024 10: +0,1714294800
4.273,1,Apr 28 2024 15: +0,1714312800
3.983,1,Apr 29 2024 06: +0,1714366800
4.51,1,Apr 29 2024 08: +0,1714374000
3.193,1,Apr 30 2024 01: +0,1714435200
4.39,1,Apr 30 2024 12: +0,1714474800
4.293,1,Apr 30 2024 17: +0,1714492800
4.39,1,Apr 30 2024 19: +0,1714500000
4.382,1,May 01 2024 03: +0,1714528800
4.168,1,May 01 2024 16: +0,1714575600
3.982,1,May 01 2024 21: +0,1714593600
3.831,1,May 02 2024 05: +0,1714622400
3.998,1,May 02 2024 13: +0,1714651200
4.057,1,May 03 2024 00: +0,1714690800
3.925,1,May 03 2024 02: +0,1714698000
4.066,1,May 03 2024 08: +0,1714719600
3.966,1,May 03 2024 23: +0,1714773600
3.982,1,May 04 2024 00: +0,1714777200
4.175,1,May 04 2024 02: +0,1714784400
4.176,1,May 04 2024 09: +0,1714809600
4.193,1,May 04 2024 18: +0,1714842000
3.956,1,May 04 2024 22: +0,1714856400
3.935,1,May 05 2024 04: +0,1714878000
3.956,1,May 05 2024 17: +0,1714924800
4.193,1,May 05 2024 18: +0,1714928400
3.956,1,May 06 2024 09: +0,1714982400
3.623,2,May 06 2024 14: +0,1715000400
4.365,1,May 07 2024 06: +0,1715058000
4.424,1,May 07 2024 14: +0,1715086800
4.557,1,May 07 2024 21: +0,1715112000
4.549,1,May 08 2024 00: +0,1715122800
4.461,1,May 08 2024 19: +0,1715191200
4.028,1,May 08 2024 21: +0,1715198400
4.028,1,May 09 2024 07: +0,1715234400
4.07,1,May 10 2024 17: +0,1715356800
4.046,1,May 11 2024 08: +0,1715410800
4.591,1,May 12 2024 05: +0,1715486400
4.641,1,May 12 2024 08: +0,1715497200
4.643,1,May 12 2024 19: +0,1715536800
4.597,1,May 13 2024 22: +0,1715634000
4.153,1,May 14 2024 03: +0,1715652000
4.639,1,May 14 2024 18: +0,1715706000
4.465,1,May 15 2024 01: +0,1715731200
4.518,1,May 15 2024 07: +0,1715752800
4.014,1,May 15 2024 21: +0,1715803200
4.544,1,May 16 2024 15: +0,1715868000
4.553,1,May 17 2024 19: +0,1715968800
4.07,1,May 17 2024 20: +0,1715972400
4.591,1,May 18 2024 00: +0,1715986800
3.959,1,May 18 2024 13: +0,1716033600
4.073,1,May 19 2024 16: +0,1716130800
4.399,1,May 19 2024 21: +0,1716148800
4.439,1,May 20 2024 01: +0,1716163200
4.534,1,May 20 2024 07: +0,1716184800
4.615,1,May 20 2024 09: +0,1716192000
4.617,1,May 20 2024 19: +0,1716228000
4.634,1,May 21 2024 13: +0,1716292800
4.64,1,May 21 2024 15: +0,1716300000
4.022,1,May 21 2024 18: +0,1716310800
4.03,1,May 22 2024 06: +0,1716354000
4.715,1,May 22 2024 12: +0,1716375600
4.715,1,May 22 2024 20: +0,1716404400
4.888,1,May 23 2024 07: +0,1716444000
4.868,1,May 23 2024 09: +0,1716451200
4.844,1,May 23 2024 22: +0,1716498000
4.846,1,May 23 2024 23: +0,1716501600
4.854,1,May 24 2024 04: +0,1716519600
4.864,1,May 24 2024 12: +0,1716548400
4.187,1,May 24 2024 15: +0,1716559200
4.433,2,May 24 2024 19: +0,1716573600
4.265,1,May 25 2024 06: +0,1716613200
4.132,1,May 25 2024 09: +0,1716624000
4.983,1,May 25 2024 11: +0,1716631200
5.044,1,May 25 2024 13: +0,1716638400
5.04,2,May 26 2024 09: +0,1716710400
5.373,1,May 26 2024 21: +0,1716753600
4.108,1,May 28 2024 09: +0,1716883200
4.761,1,May 29 2024 13: +0,1716984000
4.76,1,May 30 2024 02: +0,1717030800
4.886,1,May 30 2024 06: +0,1717045200
5.199,1,May 30 2024 11: +0,1717063200
5.312,1,May 30 2024 16: +0,1717081200
4.547,1,May 31 2024 18: +0,1717174800
4.594,1,Jun 01 2024 04: +0,1717210800
4.282,1,Jun 01 2024 15: +0,1717250400
4.586,1,Jun 01 2024 16: +0,1717254000
4.6,1,Jun 01 2024 23: +0,1717279200
4.627,1,Jun 02 2024 02: +0,1717290000
4.345,1,Jun 02 2024 16: +0,1717340400
4.705,1,Jun 02 2024 21: +0,1717358400
4.47,1,Jun 03 2024 12: +0,1717412400
4.643,3,Jun 03 2024 19: +0,1717437600
4.874,1,Jun 04 2024 00: +0,1717455600
4.573,1,Jun 04 2024 13: +0,1717502400
4.787,3,Jun 04 2024 16: +0,1717513200
4.589,1,Jun 04 2024 20: +0,1717527600
4.842,1,Jun 05 2024 00: +0,1717542000
4.787,1,Jun 05 2024 05: +0,1717560000
4.881,1,Jun 05 2024 06: +0,1717563600
4.976,2,Jun 05 2024 15: +0,1717596000
5.008,4,Jun 05 2024 16: +0,1717599600
5.008,1,Jun 05 2024 17: +0,1717603200
5.072,1,Jun 06 2024 13: +0,1717675200
4.676,1,Jun 06 2024 19: +0,1717696800
5.046,1,Jun 06 2024 20: +0,1717700400
4.818,1,Jun 07 2024 17: +0,1717776000
4.953,1,Jun 08 2024 02: +0,1717808400
4.787,1,Jun 08 2024 06: +0,1717822800
4.791,2,Jun 08 2024 08: +0,1717830000
4.987,1,Jun 08 2024 10: +0,1717837200
4.787,1,Jun 08 2024 11: +0,1717840800
4.988,1,Jun 08 2024 13: +0,1717848000
4.573,1,Jun 08 2024 15: +0,1717855200
4.98,1,Jun 08 2024 17: +0,1717862400
4.976,1,Jun 08 2024 19: +0,1717869600
4.929,1,Jun 08 2024 22: +0,1717880400
5.008,1,Jun 09 2024 04: +0,1717902000
5.016,1,Jun 09 2024 21: +0,1717963200
5.221,1,Jun 10 2024 01: +0,1717977600
5.336,1,Jun 10 2024 10: +0,1718010000
5.227,1,Jun 10 2024 22: +0,1718053200
5.332,1,Jun 10 2024 23: +0,1718056800
5.332,1,Jun 11 2024 00: +0,1718060400
5.0,1,Jun 11 2024 07: +0,1718085600
5.253,1,Jun 11 2024 18: +0,1718125200
5.265,1,Jun 11 2024 23: +0,1718143200
4.905,1,Jun 13 2024 06: +0,1718254800
5.254,1,Jun 13 2024 07: +0,1718258400
5.334,2,Jun 13 2024 11: +0,1718272800
4.903,1,Jun 13 2024 19: +0,1718301600
5.206,1,Jun 13 2024 21: +0,1718308800
5.354,1,Jun 14 2024 15: +0,1718373600
5.308,1,Jun 14 2024 21: +0,1718395200
3.633,1,Jun 14 2024 23: +0,1718402400
4.894,1,Jun 15 2024 05: +0,1718424000
4.787,1,Jun 15 2024 09: +0,1718438400
