price,quantity,date,unix timestamp
0.08,272,May 04 2022 01: +0,1651622400
0.081,125,May 05 2022 01: +0,1651708800
0.078,89,May 06 2022 01: +0,1651795200
0.079,68,May 07 2022 01: +0,1651881600
0.066,55,May 08 2022 01: +0,1651968000
0.072,61,May 09 2022 01: +0,1652054400
0.073,61,May 10 2022 01: +0,1652140800
0.063,63,May 11 2022 01: +0,1652227200
0.071,68,May 12 2022 01: +0,1652313600
0.072,63,May 13 2022 01: +0,1652400000
0.073,90,May 14 2022 01: +0,1652486400
0.069,58,May 15 2022 01: +0,1652572800
0.078,64,May 16 2022 01: +0,1652659200
0.092,60,May 17 2022 01: +0,1652745600
0.094,56,May 18 2022 01: +0,1652832000
0.09,56,May 19 2022 01: +0,1652918400
0.104,81,May 20 2022 01: +0,1653004800
0.09,53,May 21 2022 01: +0,1653091200
0.071,52,May 22 2022 01: +0,1653177600
0.052,48,May 23 2022 01: +0,1653264000
0.059,43,May 24 2022 01: +0,1653350400
0.055,27,May 25 2022 01: +0,1653436800
0.052,33,May 26 2022 01: +0,1653523200
0.066,19,May 27 2022 01: +0,1653609600
0.064,20,May 28 2022 01: +0,1653696000
0.066,45,May 29 2022 01: +0,1653782400
0.058,15,May 30 2022 01: +0,1653868800
0.058,32,May 31 2022 01: +0,1653955200
0.062,37,Jun 01 2022 01: +0,1654041600
0.052,103,Jun 02 2022 01: +0,1654128000
0.03,538,Jun 03 2022 01: +0,1654214400
0.03,316,Jun 04 2022 01: +0,1654300800
0.03,329,Jun 05 2022 01: +0,1654387200
0.03,280,Jun 06 2022 01: +0,1654473600
0.03,393,Jun 07 2022 01: +0,1654560000
0.03,200,Jun 08 2022 01: +0,1654646400
0.03,179,Jun 09 2022 01: +0,1654732800
0.03,215,Jun 10 2022 01: +0,1654819200
0.03,248,Jun 11 2022 01: +0,1654905600
0.03,284,Jun 12 2022 01: +0,1654992000
0.03,186,Jun 13 2022 01: +0,1655078400
0.03,139,Jun 14 2022 01: +0,1655164800
0.03,217,Jun 15 2022 01: +0,1655251200
0.03,193,Jun 16 2022 01: +0,1655337600
0.03,223,Jun 17 2022 01: +0,1655424000
0.03,137,Jun 18 2022 01: +0,1655510400
0.03,152,Jun 19 2022 01: +0,1655596800
0.03,126,Jun 20 2022 01: +0,1655683200
0.03,140,Jun 21 2022 01: +0,1655769600
0.03,116,Jun 22 2022 01: +0,1655856000
0.03,119,Jun 23 2022 01: +0,1655942400
0.03,147,Jun 24 2022 01: +0,1656028800
0.03,128,Jun 25 2022 01: +0,1656115200
0.03,124,Jun 26 2022 01: +0,1656201600
0.03,107,Jun 27 2022 01: +0,1656288000
0.03,99,Jun 28 2022 01: +0,1656374400
0.03,102,Jun 29 2022 01: +0,1656460800
0.03,128,Jun 30 2022 01: +0,1656547200
0.03,118,Jul 01 2022 01: +0,1656633600
0.03,96,Jul 02 2022 01: +0,1656720000
0.03,87,Jul 03 2022 01: +0,1656806400
0.03,79,Jul 04 2022 01: +0,1656892800
0.03,99,Jul 05 2022 01: +0,1656979200
0.03,104,Jul 06 2022 01: +0,1657065600
0.03,74,Jul 07 2022 01: +0,1657152000
0.03,100,Jul 08 2022 01: +0,1657238400
0.03,95,Jul 09 2022 01: +0,1657324800
0.03,88,Jul 10 2022 01: +0,1657411200
0.03,113,Jul 11 2022 01: +0,1657497600
0.03,102,Jul 12 2022 01: +0,1657584000
0.03,93,Jul 13 2022 01: +0,1657670400
0.03,100,Jul 14 2022 01: +0,1657756800
0.03,68,Jul 15 2022 01: +0,1657843200
0.03,82,Jul 16 2022 01: +0,1657929600
0.03,89,Jul 17 2022 01: +0,1658016000
0.03,78,Jul 18 2022 01: +0,1658102400
0.03,84,Jul 19 2022 01: +0,1658188800
0.03,61,Jul 20 2022 01: +0,1658275200
0.03,68,Jul 21 2022 01: +0,1658361600
0.03,127,Jul 22 2022 01: +0,1658448000
0.03,85,Jul 23 2022 01: +0,1658534400
0.03,92,Jul 24 2022 01: +0,1658620800
0.03,86,Jul 25 2022 01: +0,1658707200
0.03,90,Jul 26 2022 01: +0,1658793600
0.03,90,Jul 27 2022 01: +0,1658880000
0.03,81,Jul 28 2022 01: +0,1658966400
0.03,46,Jul 29 2022 01: +0,1659052800
0.03,89,Jul 30 2022 01: +0,1659139200
0.03,110,Jul 31 2022 01: +0,1659225600
0.03,75,Aug 01 2022 01: +0,1659312000
0.03,82,Aug 02 2022 01: +0,1659398400
0.03,97,Aug 03 2022 01: +0,1659484800
0.03,76,Aug 04 2022 01: +0,1659571200
0.03,94,Aug 05 2022 01: +0,1659657600
0.03,93,Aug 06 2022 01: +0,1659744000
0.03,101,Aug 07 2022 01: +0,1659830400
0.03,67,Aug 08 2022 01: +0,1659916800
0.03,69,Aug 09 2022 01: +0,1660003200
0.03,75,Aug 10 2022 01: +0,1660089600
0.03,37,Aug 11 2022 01: +0,1660176000
0.03,63,Aug 12 2022 01: +0,1660262400
0.03,91,Aug 13 2022 01: +0,1660348800
0.03,92,Aug 14 2022 01: +0,1660435200
0.03,87,Aug 15 2022 01: +0,1660521600
0.03,32,Aug 16 2022 01: +0,1660608000
0.03,88,Aug 17 2022 01: +0,1660694400
0.03,57,Aug 18 2022 01: +0,1660780800
0.03,43,Aug 19 2022 01: +0,1660867200
0.03,68,Aug 20 2022 01: +0,1660953600
0.03,37,Aug 21 2022 01: +0,1661040000
0.03,47,Aug 22 2022 01: +0,1661126400
0.03,208,Aug 23 2022 01: +0,1661212800
0.03,59,Aug 24 2022 01: +0,1661299200
0.03,47,Aug 25 2022 01: +0,1661385600
0.03,65,Aug 26 2022 01: +0,1661472000
0.03,72,Aug 27 2022 01: +0,1661558400
0.03,37,Aug 28 2022 01: +0,1661644800
0.03,46,Aug 29 2022 01: +0,1661731200
0.03,135,Aug 30 2022 01: +0,1661817600
0.03,132,Aug 31 2022 01: +0,1661904000
0.03,45,Sep 01 2022 01: +0,1661990400
0.03,48,Sep 02 2022 01: +0,1662076800
0.03,69,Sep 03 2022 01: +0,1662163200
0.03,106,Sep 04 2022 01: +0,1662249600
0.03,98,Sep 05 2022 01: +0,1662336000
0.03,67,Sep 06 2022 01: +0,1662422400
0.03,83,Sep 07 2022 01: +0,1662508800
0.03,65,Sep 08 2022 01: +0,1662595200
0.03,107,Sep 09 2022 01: +0,1662681600
0.03,54,Sep 10 2022 01: +0,1662768000
0.03,46,Sep 11 2022 01: +0,1662854400
0.03,53,Sep 12 2022 01: +0,1662940800
0.03,99,Sep 13 2022 01: +0,1663027200
0.03,82,Sep 14 2022 01: +0,1663113600
0.03,52,Sep 15 2022 01: +0,1663200000
0.03,70,Sep 16 2022 01: +0,1663286400
0.03,569,Sep 17 2022 01: +0,1663372800
0.03,48,Sep 18 2022 01: +0,1663459200
0.03,94,Sep 19 2022 01: +0,1663545600
0.03,58,Sep 20 2022 01: +0,1663632000
0.03,86,Sep 21 2022 01: +0,1663718400
0.03,52,Sep 22 2022 01: +0,1663804800
0.03,87,Sep 23 2022 01: +0,1663891200
0.03,44,Sep 24 2022 01: +0,1663977600
0.03,387,Sep 25 2022 01: +0,1664064000
0.03,54,Sep 26 2022 01: +0,1664150400
0.03,57,Sep 27 2022 01: +0,1664236800
0.03,85,Sep 28 2022 01: +0,1664323200
0.03,161,Sep 29 2022 01: +0,1664409600
0.03,125,Sep 30 2022 01: +0,1664496000
0.03,153,Oct 01 2022 01: +0,1664582400
0.03,98,Oct 02 2022 01: +0,1664668800
0.03,104,Oct 03 2022 01: +0,1664755200
0.03,84,Oct 04 2022 01: +0,1664841600
0.03,93,Oct 05 2022 01: +0,1664928000
0.03,85,Oct 06 2022 01: +0,1665014400
0.03,75,Oct 07 2022 01: +0,1665100800
0.03,102,Oct 08 2022 01: +0,1665187200
0.03,165,Oct 09 2022 01: +0,1665273600
0.03,50,Oct 10 2022 01: +0,1665360000
0.03,65,Oct 11 2022 01: +0,1665446400
0.03,51,Oct 12 2022 01: +0,1665532800
0.03,73,Oct 13 2022 01: +0,1665619200
0.03,57,Oct 14 2022 01: +0,1665705600
0.03,174,Oct 15 2022 01: +0,1665792000
0.03,66,Oct 16 2022 01: +0,1665878400
0.03,69,Oct 17 2022 01: +0,1665964800
0.03,132,Oct 18 2022 01: +0,1666051200
0.03,68,Oct 19 2022 01: +0,1666137600
0.03,49,Oct 20 2022 01: +0,1666224000
0.03,83,Oct 21 2022 01: +0,1666310400
0.03,128,Oct 22 2022 01: +0,1666396800
0.03,88,Oct 23 2022 01: +0,1666483200
0.03,127,Oct 24 2022 01: +0,1666569600
0.03,31,Oct 25 2022 01: +0,1666656000
0.03,103,Oct 26 2022 01: +0,1666742400
0.03,44,Oct 27 2022 01: +0,1666828800
0.03,47,Oct 28 2022 01: +0,1666915200
0.03,113,Oct 29 2022 01: +0,1667001600
0.03,56,Oct 30 2022 01: +0,1667088000
0.03,24,Oct 31 2022 01: +0,1667178000
0.03,55,Nov 01 2022 01: +0,1667264400
0.03,27,Nov 02 2022 01: +0,1667350800
0.03,39,Nov 03 2022 01: +0,1667437200
0.03,42,Nov 04 2022 01: +0,1667523600
0.03,63,Nov 05 2022 01: +0,1667610000
0.03,54,Nov 06 2022 01: +0,1667696400
0.03,59,Nov 07 2022 01: +0,1667782800
0.03,40,Nov 08 2022 01: +0,1667869200
0.03,75,Nov 09 2022 01: +0,1667955600
0.03,185,Nov 10 2022 01: +0,1668042000
0.03,265,Nov 11 2022 01: +0,1668128400
0.03,89,Nov 12 2022 01: +0,1668214800
0.03,933,Nov 13 2022 01: +0,1668301200
0.03,60,Nov 14 2022 01: +0,1668387600
0.03,100,Nov 15 2022 01: +0,1668474000
0.03,295,Nov 16 2022 01: +0,1668560400
0.03,40,Nov 17 2022 01: +0,1668646800
0.03,27,Nov 18 2022 01: +0,1668733200
0.03,145,Nov 19 2022 01: +0,1668819600
0.03,43,Nov 20 2022 01: +0,1668906000
0.03,101,Nov 21 2022 01: +0,1668992400
0.037,79,Nov 22 2022 01: +0,1669078800
0.047,80,Nov 23 2022 01: +0,1669165200
0.047,80,Nov 24 2022 01: +0,1669251600
0.03,42,Nov 25 2022 01: +0,1669338000
0.03,34,Nov 26 2022 01: +0,1669424400
0.03,61,Nov 27 2022 01: +0,1669510800
0.03,26,Nov 28 2022 01: +0,1669597200
0.03,32,Nov 29 2022 01: +0,1669683600
0.03,68,Nov 30 2022 01: +0,1669770000
0.03,73,Dec 01 2022 01: +0,1669856400
0.03,32,Dec 02 2022 01: +0,1669942800
0.03,45,Dec 03 2022 01: +0,1670029200
0.03,42,Dec 04 2022 01: +0,1670115600
0.03,30,Dec 05 2022 01: +0,1670202000
0.03,22,Dec 06 2022 01: +0,1670288400
0.03,53,Dec 07 2022 01: +0,1670374800
0.03,62,Dec 08 2022 01: +0,1670461200
0.03,17,Dec 09 2022 01: +0,1670547600
0.03,30,Dec 10 2022 01: +0,1670634000
0.03,23,Dec 11 2022 01: +0,1670720400
0.03,30,Dec 12 2022 01: +0,1670806800
0.03,29,Dec 13 2022 01: +0,1670893200
0.03,83,Dec 14 2022 01: +0,1670979600
0.031,85,Dec 15 2022 01: +0,1671066000
0.03,38,Dec 16 2022 01: +0,1671152400
0.03,37,Dec 17 2022 01: +0,1671238800
0.03,41,Dec 18 2022 01: +0,1671325200
0.03,993,Dec 19 2022 01: +0,1671411600
0.03,94,Dec 20 2022 01: +0,1671498000
0.03,31,Dec 21 2022 01: +0,1671584400
0.03,284,Dec 22 2022 01: +0,1671670800
0.03,55,Dec 23 2022 01: +0,1671757200
0.03,57,Dec 24 2022 01: +0,1671843600
0.03,41,Dec 25 2022 01: +0,1671930000
0.03,15,Dec 26 2022 01: +0,1672016400
0.03,26,Dec 27 2022 01: +0,1672102800
0.03,38,Dec 28 2022 01: +0,1672189200
0.03,17,Dec 29 2022 01: +0,1672275600
0.03,41,Dec 30 2022 01: +0,1672362000
0.03,27,Dec 31 2022 01: +0,1672448400
0.03,21,Jan 01 2023 01: +0,1672534800
0.03,50,Jan 02 2023 01: +0,1672621200
0.03,37,Jan 03 2023 01: +0,1672707600
0.03,25,Jan 04 2023 01: +0,1672794000
0.03,198,Jan 05 2023 01: +0,1672880400
0.03,94,Jan 06 2023 01: +0,1672966800
0.03,75,Jan 07 2023 01: +0,1673053200
0.03,41,Jan 08 2023 01: +0,1673139600
0.03,579,Jan 09 2023 01: +0,1673226000
0.03,18,Jan 10 2023 01: +0,1673312400
0.03,15,Jan 11 2023 01: +0,1673398800
0.03,16,Jan 12 2023 01: +0,1673485200
0.03,35,Jan 13 2023 01: +0,1673571600
0.03,25,Jan 14 2023 01: +0,1673658000
0.03,35,Jan 15 2023 01: +0,1673744400
0.03,18,Jan 16 2023 01: +0,1673830800
0.03,28,Jan 17 2023 01: +0,1673917200
0.03,232,Jan 18 2023 01: +0,1674003600
0.03,171,Jan 19 2023 01: +0,1674090000
0.031,15,Jan 20 2023 01: +0,1674176400
0.037,77,Jan 21 2023 01: +0,1674262800
0.03,23,Jan 22 2023 01: +0,1674349200
0.032,21,Jan 23 2023 01: +0,1674435600
0.03,36,Jan 24 2023 01: +0,1674522000
0.03,52,Jan 25 2023 01: +0,1674608400
0.036,171,Jan 26 2023 01: +0,1674694800
0.042,26,Jan 27 2023 01: +0,1674781200
0.033,30,Jan 28 2023 01: +0,1674867600
0.03,21,Jan 29 2023 01: +0,1674954000
0.03,12,Jan 30 2023 01: +0,1675040400
0.03,32,Jan 31 2023 01: +0,1675126800
0.03,36,Feb 01 2023 01: +0,1675213200
0.03,12,Feb 02 2023 01: +0,1675299600
0.03,41,Feb 03 2023 01: +0,1675386000
0.03,37,Feb 04 2023 01: +0,1675472400
0.03,33,Feb 05 2023 01: +0,1675558800
0.03,118,Feb 06 2023 01: +0,1675645200
0.03,31,Feb 07 2023 01: +0,1675731600
0.033,265,Feb 08 2023 01: +0,1675818000
0.03,34,Feb 09 2023 01: +0,1675904400
0.03,21,Feb 10 2023 01: +0,1675990800
0.031,54,Feb 11 2023 01: +0,1676077200
0.038,448,Feb 12 2023 01: +0,1676163600
0.036,21,Feb 13 2023 01: +0,1676250000
0.036,17,Feb 14 2023 01: +0,1676336400
0.036,16,Feb 14 2023 22: +0,1676412000
0.043,1,Feb 15 2023 00: +0,1676419200
0.046,1,Feb 15 2023 01: +0,1676422800
0.038,1,Feb 15 2023 02: +0,1676426400
0.038,3,Feb 15 2023 03: +0,1676430000
0.045,2,Feb 15 2023 04: +0,1676433600
0.041,3,Feb 15 2023 05: +0,1676437200
0.038,1,Feb 15 2023 06: +0,1676440800
0.03,1,Feb 15 2023 09: +0,1676451600
0.045,3,Feb 15 2023 10: +0,1676455200
0.045,1,Feb 15 2023 11: +0,1676458800
0.042,2,Feb 15 2023 12: +0,1676462400
0.045,1,Feb 15 2023 13: +0,1676466000
0.051,83,Feb 15 2023 14: +0,1676469600
0.051,1,Feb 15 2023 15: +0,1676473200
0.033,2,Feb 15 2023 16: +0,1676476800
0.041,1,Feb 15 2023 17: +0,1676480400
0.062,1,Feb 15 2023 18: +0,1676484000
0.04,2,Feb 15 2023 19: +0,1676487600
0.045,11,Feb 15 2023 20: +0,1676491200
0.049,1,Feb 15 2023 23: +0,1676502000
0.066,35,Feb 16 2023 00: +0,1676505600
0.03,1,Feb 16 2023 04: +0,1676520000
0.05,1,Feb 16 2023 14: +0,1676556000
0.04,2,Feb 16 2023 15: +0,1676559600
0.047,14,Feb 16 2023 17: +0,1676566800
0.05,2,Feb 16 2023 22: +0,1676584800
0.05,1,Feb 17 2023 03: +0,1676602800
0.05,1,Feb 17 2023 04: +0,1676606400
0.05,1,Feb 17 2023 05: +0,1676610000
0.05,1,Feb 17 2023 07: +0,1676617200
0.05,1,Feb 17 2023 09: +0,1676624400
0.041,1,Feb 17 2023 12: +0,1676635200
0.041,1,Feb 17 2023 13: +0,1676638800
0.047,2,Feb 17 2023 14: +0,1676642400
0.05,1,Feb 17 2023 15: +0,1676646000
0.045,1,Feb 17 2023 16: +0,1676649600
0.05,1,Feb 17 2023 17: +0,1676653200
0.045,4,Feb 17 2023 18: +0,1676656800
0.058,42,Feb 17 2023 19: +0,1676660400
0.048,2,Feb 17 2023 20: +0,1676664000
0.069,5,Feb 17 2023 21: +0,1676667600
0.041,2,Feb 17 2023 22: +0,1676671200
0.03,1,Feb 17 2023 23: +0,1676674800
0.04,1,Feb 18 2023 00: +0,1676678400
0.04,1,Feb 18 2023 05: +0,1676696400
0.04,1,Feb 18 2023 06: +0,1676700000
0.05,1,Feb 18 2023 07: +0,1676703600
0.038,1,Feb 18 2023 08: +0,1676707200
0.044,1,Feb 18 2023 10: +0,1676714400
0.043,2,Feb 18 2023 12: +0,1676721600
0.04,1,Feb 18 2023 13: +0,1676725200
0.042,1,Feb 18 2023 14: +0,1676728800
0.04,1,Feb 18 2023 16: +0,1676736000
0.051,2,Feb 18 2023 17: +0,1676739600
0.035,2,Feb 18 2023 18: +0,1676743200
0.038,3,Feb 18 2023 19: +0,1676746800
0.042,2,Feb 18 2023 20: +0,1676750400
0.05,3,Feb 18 2023 22: +0,1676757600
0.045,2,Feb 18 2023 23: +0,1676761200
0.04,1,Feb 19 2023 02: +0,1676772000
0.042,5,Feb 19 2023 06: +0,1676786400
0.038,1,Feb 19 2023 07: +0,1676790000
0.041,4,Feb 19 2023 09: +0,1676797200
0.04,1,Feb 19 2023 10: +0,1676800800
0.046,13,Feb 19 2023 11: +0,1676804400
0.046,2,Feb 19 2023 12: +0,1676808000
0.048,4,Feb 19 2023 15: +0,1676818800
0.044,2,Feb 19 2023 16: +0,1676822400
0.04,3,Feb 19 2023 17: +0,1676826000
0.036,2,Feb 19 2023 18: +0,1676829600
0.05,1,Feb 19 2023 20: +0,1676836800
0.045,4,Feb 19 2023 22: +0,1676844000
0.041,2,Feb 20 2023 00: +0,1676851200
0.041,1,Feb 20 2023 03: +0,1676862000
0.044,4,Feb 20 2023 04: +0,1676865600
0.031,2,Feb 20 2023 07: +0,1676876400
0.041,1,Feb 20 2023 08: +0,1676880000
0.05,1,Feb 20 2023 09: +0,1676883600
0.042,2,Feb 20 2023 13: +0,1676898000
0.041,1,Feb 20 2023 15: +0,1676905200
0.044,1,Feb 20 2023 16: +0,1676908800
0.043,1,Feb 20 2023 18: +0,1676916000
0.04,4,Feb 20 2023 19: +0,1676919600
0.042,1,Feb 20 2023 20: +0,1676923200
0.042,1,Feb 20 2023 21: +0,1676926800
0.04,1,Feb 20 2023 22: +0,1676930400
0.042,1,Feb 21 2023 00: +0,1676937600
0.041,1,Feb 21 2023 12: +0,1676980800
0.042,1,Feb 21 2023 13: +0,1676984400
0.042,25,Feb 21 2023 15: +0,1676991600
0.042,1,Feb 21 2023 16: +0,1676995200
0.04,1,Feb 21 2023 17: +0,1676998800
0.032,2,Feb 21 2023 18: +0,1677002400
0.044,2,Feb 21 2023 19: +0,1677006000
0.042,1,Feb 21 2023 21: +0,1677013200
0.038,1,Feb 21 2023 22: +0,1677016800
0.04,1,Feb 21 2023 23: +0,1677020400
0.03,1,Feb 22 2023 02: +0,1677031200
0.042,1,Feb 22 2023 06: +0,1677045600
0.042,10,Feb 22 2023 08: +0,1677052800
0.03,1,Feb 22 2023 10: +0,1677060000
0.047,6,Feb 22 2023 11: +0,1677063600
0.047,4,Feb 22 2023 15: +0,1677078000
0.047,1,Feb 22 2023 16: +0,1677081600
0.062,3,Feb 22 2023 17: +0,1677085200
0.047,1,Feb 22 2023 18: +0,1677088800
0.046,4,Feb 22 2023 20: +0,1677096000
0.066,9,Feb 22 2023 22: +0,1677103200
0.048,2,Feb 23 2023 01: +0,1677114000
0.042,2,Feb 23 2023 02: +0,1677117600
0.05,1,Feb 23 2023 06: +0,1677132000
0.041,1,Feb 23 2023 08: +0,1677139200
0.062,7,Feb 23 2023 09: +0,1677142800
0.05,1,Feb 23 2023 12: +0,1677153600
0.045,4,Feb 23 2023 13: +0,1677157200
0.041,3,Feb 23 2023 14: +0,1677160800
0.042,2,Feb 23 2023 15: +0,1677164400
0.041,1,Feb 23 2023 16: +0,1677168000
0.045,2,Feb 23 2023 17: +0,1677171600
0.041,1,Feb 23 2023 18: +0,1677175200
0.05,3,Feb 23 2023 19: +0,1677178800
0.042,1,Feb 23 2023 20: +0,1677182400
0.05,1,Feb 23 2023 21: +0,1677186000
0.038,1,Feb 23 2023 22: +0,1677189600
0.041,15,Feb 23 2023 23: +0,1677193200
0.05,3,Feb 24 2023 06: +0,1677218400
0.046,2,Feb 24 2023 07: +0,1677222000
0.042,6,Feb 24 2023 09: +0,1677229200
0.043,1,Feb 24 2023 10: +0,1677232800
0.035,2,Feb 24 2023 11: +0,1677236400
0.043,1,Feb 24 2023 12: +0,1677240000
0.04,1,Feb 24 2023 15: +0,1677250800
0.05,3,Feb 24 2023 16: +0,1677254400
0.042,2,Feb 24 2023 17: +0,1677258000
0.045,2,Feb 24 2023 21: +0,1677272400
0.039,1,Feb 24 2023 22: +0,1677276000
0.041,158,Feb 24 2023 23: +0,1677279600
0.041,8,Feb 25 2023 00: +0,1677283200
0.043,1,Feb 25 2023 02: +0,1677290400
0.04,10,Feb 25 2023 03: +0,1677294000
0.043,1,Feb 25 2023 08: +0,1677312000
0.04,2,Feb 25 2023 09: +0,1677315600
0.042,2,Feb 25 2023 10: +0,1677319200
0.043,4,Feb 25 2023 12: +0,1677326400
0.042,1,Feb 25 2023 13: +0,1677330000
0.04,2,Feb 25 2023 14: +0,1677333600
0.042,5,Feb 25 2023 15: +0,1677337200
0.04,1,Feb 25 2023 16: +0,1677340800
0.05,1,Feb 25 2023 18: +0,1677348000
0.042,4,Feb 25 2023 19: +0,1677351600
0.046,10,Feb 25 2023 20: +0,1677355200
0.05,3,Feb 25 2023 21: +0,1677358800
0.04,3,Feb 25 2023 22: +0,1677362400
0.04,1,Feb 25 2023 23: +0,1677366000
0.041,1,Feb 26 2023 00: +0,1677369600
0.05,1,Feb 26 2023 01: +0,1677373200
0.039,1,Feb 26 2023 02: +0,1677376800
0.042,1,Feb 26 2023 05: +0,1677387600
0.05,1,Feb 26 2023 06: +0,1677391200
0.05,1,Feb 26 2023 07: +0,1677394800
0.041,4,Feb 26 2023 09: +0,1677402000
0.04,2,Feb 26 2023 10: +0,1677405600
0.046,2,Feb 26 2023 11: +0,1677409200
0.033,2,Feb 26 2023 12: +0,1677412800
0.04,4,Feb 26 2023 13: +0,1677416400
0.061,6,Feb 26 2023 14: +0,1677420000
0.041,3,Feb 26 2023 15: +0,1677423600
0.041,2,Feb 26 2023 16: +0,1677427200
0.045,2,Feb 26 2023 19: +0,1677438000
0.05,3,Feb 26 2023 20: +0,1677441600
0.042,1,Feb 26 2023 21: +0,1677445200
0.051,2,Feb 26 2023 22: +0,1677448800
0.05,1,Feb 26 2023 23: +0,1677452400
0.044,2,Feb 27 2023 00: +0,1677456000
0.037,2,Feb 27 2023 03: +0,1677466800
0.05,1,Feb 27 2023 04: +0,1677470400
0.041,2,Feb 27 2023 05: +0,1677474000
0.058,50,Feb 27 2023 07: +0,1677481200
0.04,1,Feb 27 2023 11: +0,1677495600
0.03,2,Feb 27 2023 12: +0,1677499200
0.038,1,Feb 27 2023 14: +0,1677506400
0.04,1,Feb 27 2023 15: +0,1677510000
0.04,1,Feb 27 2023 17: +0,1677517200
0.041,5,Feb 27 2023 19: +0,1677524400
0.04,3,Feb 27 2023 20: +0,1677528000
0.035,2,Feb 27 2023 21: +0,1677531600
0.042,2,Feb 27 2023 23: +0,1677538800
0.041,1,Feb 28 2023 02: +0,1677549600
0.039,2,Feb 28 2023 04: +0,1677556800
0.041,1,Feb 28 2023 08: +0,1677571200
0.04,3,Feb 28 2023 09: +0,1677574800
0.043,1,Feb 28 2023 11: +0,1677582000
0.043,1,Feb 28 2023 12: +0,1677585600
0.043,3,Feb 28 2023 15: +0,1677596400
0.042,1,Feb 28 2023 16: +0,1677600000
0.043,25,Feb 28 2023 17: +0,1677603600
0.041,2,Feb 28 2023 18: +0,1677607200
0.04,1,Feb 28 2023 19: +0,1677610800
0.042,3,Feb 28 2023 20: +0,1677614400
0.033,1,Feb 28 2023 21: +0,1677618000
0.035,1,Feb 28 2023 22: +0,1677621600
0.034,1,Feb 28 2023 23: +0,1677625200
0.046,50,Mar 01 2023 00: +0,1677628800
0.046,1,Mar 01 2023 01: +0,1677632400
0.048,6,Mar 01 2023 02: +0,1677636000
0.049,100,Mar 01 2023 07: +0,1677654000
0.043,2,Mar 01 2023 08: +0,1677657600
0.049,1,Mar 01 2023 09: +0,1677661200
0.046,3,Mar 01 2023 10: +0,1677664800
0.046,3,Mar 01 2023 11: +0,1677668400
0.049,150,Mar 01 2023 12: +0,1677672000
0.049,13,Mar 01 2023 13: +0,1677675600
0.041,1,Mar 01 2023 14: +0,1677679200
0.042,250,Mar 01 2023 16: +0,1677686400
0.042,150,Mar 01 2023 17: +0,1677690000
0.049,177,Mar 01 2023 18: +0,1677693600
0.048,1,Mar 01 2023 19: +0,1677697200
0.042,107,Mar 01 2023 21: +0,1677704400
0.041,20,Mar 01 2023 22: +0,1677708000
0.058,6,Mar 02 2023 00: +0,1677715200
0.041,7,Mar 02 2023 01: +0,1677718800
0.058,1,Mar 02 2023 02: +0,1677722400
0.047,5,Mar 02 2023 04: +0,1677729600
0.048,4,Mar 02 2023 06: +0,1677736800
0.03,1,Mar 02 2023 07: +0,1677740400
0.048,15,Mar 02 2023 09: +0,1677747600
0.049,74,Mar 02 2023 10: +0,1677751200
0.058,3,Mar 02 2023 12: +0,1677758400
0.05,123,Mar 02 2023 13: +0,1677762000
0.065,179,Mar 02 2023 14: +0,1677765600
0.041,3,Mar 02 2023 15: +0,1677769200
0.057,4,Mar 02 2023 16: +0,1677772800
0.034,1,Mar 02 2023 17: +0,1677776400
0.054,5,Mar 02 2023 18: +0,1677780000
0.066,9,Mar 02 2023 19: +0,1677783600
0.058,3,Mar 02 2023 20: +0,1677787200
0.049,1,Mar 02 2023 22: +0,1677794400
0.061,71,Mar 02 2023 23: +0,1677798000
0.058,2,Mar 03 2023 02: +0,1677808800
0.061,4,Mar 03 2023 04: +0,1677816000
0.05,2,Mar 03 2023 05: +0,1677819600
0.069,4,Mar 03 2023 07: +0,1677826800
0.058,1,Mar 03 2023 08: +0,1677830400
0.053,1,Mar 03 2023 09: +0,1677834000
0.078,1,Mar 03 2023 10: +0,1677837600
0.05,1,Mar 03 2023 11: +0,1677841200
0.064,4,Mar 03 2023 13: +0,1677848400
0.079,3,Mar 03 2023 14: +0,1677852000
0.061,6,Mar 03 2023 15: +0,1677855600
0.079,1,Mar 03 2023 16: +0,1677859200
0.06,2,Mar 03 2023 17: +0,1677862800
0.083,7,Mar 03 2023 18: +0,1677866400
0.076,2,Mar 03 2023 19: +0,1677870000
0.057,3,Mar 03 2023 20: +0,1677873600
0.076,6,Mar 03 2023 21: +0,1677877200
0.043,2,Mar 03 2023 22: +0,1677880800
0.075,5,Mar 03 2023 23: +0,1677884400
0.049,18,Mar 04 2023 00: +0,1677888000
0.061,1,Mar 04 2023 01: +0,1677891600
0.061,1,Mar 04 2023 03: +0,1677898800
0.066,3,Mar 04 2023 04: +0,1677902400
0.083,2,Mar 04 2023 07: +0,1677913200
0.061,1,Mar 04 2023 08: +0,1677916800
0.061,1,Mar 04 2023 09: +0,1677920400
0.055,1,Mar 04 2023 11: +0,1677927600
0.051,3,Mar 04 2023 12: +0,1677931200
0.059,1,Mar 04 2023 14: +0,1677938400
0.06,3,Mar 04 2023 15: +0,1677942000
0.06,1,Mar 04 2023 16: +0,1677945600
0.057,7,Mar 04 2023 17: +0,1677949200
0.06,1,Mar 04 2023 18: +0,1677952800
0.074,6,Mar 04 2023 19: +0,1677956400
0.04,1,Mar 04 2023 20: +0,1677960000
0.061,50,Mar 04 2023 21: +0,1677963600
0.074,1,Mar 04 2023 22: +0,1677967200
0.049,1,Mar 04 2023 23: +0,1677970800
0.058,2,Mar 05 2023 01: +0,1677978000
0.069,15,Mar 05 2023 04: +0,1677988800
0.054,1,Mar 05 2023 05: +0,1677992400
0.06,1,Mar 05 2023 06: +0,1677996000
0.058,1,Mar 05 2023 08: +0,1678003200
0.055,2,Mar 05 2023 09: +0,1678006800
0.049,1,Mar 05 2023 11: +0,1678014000
0.058,1,Mar 05 2023 13: +0,1678021200
0.054,4,Mar 05 2023 14: +0,1678024800
0.07,1,Mar 05 2023 17: +0,1678035600
0.051,1,Mar 05 2023 18: +0,1678039200
0.05,1,Mar 05 2023 19: +0,1678042800
0.049,1,Mar 05 2023 20: +0,1678046400
0.06,2,Mar 05 2023 22: +0,1678053600
0.061,1,Mar 05 2023 23: +0,1678057200
0.03,1,Mar 06 2023 00: +0,1678060800
0.053,1,Mar 06 2023 02: +0,1678068000
0.053,2,Mar 06 2023 05: +0,1678078800
0.049,2,Mar 06 2023 07: +0,1678086000
0.054,3,Mar 06 2023 08: +0,1678089600
0.062,1,Mar 06 2023 09: +0,1678093200
0.054,3,Mar 06 2023 10: +0,1678096800
0.054,1,Mar 06 2023 14: +0,1678111200
0.063,2,Mar 06 2023 16: +0,1678118400
0.049,2,Mar 06 2023 18: +0,1678125600
0.05,1,Mar 06 2023 19: +0,1678129200
0.07,33,Mar 06 2023 20: +0,1678132800
0.053,2,Mar 06 2023 22: +0,1678140000
0.041,1,Mar 06 2023 23: +0,1678143600
0.071,1,Mar 07 2023 00: +0,1678147200
0.071,1,Mar 07 2023 02: +0,1678154400
0.051,1,Mar 07 2023 03: +0,1678158000
0.036,1,Mar 07 2023 06: +0,1678168800
0.071,5,Mar 07 2023 09: +0,1678179600
0.071,3,Mar 07 2023 10: +0,1678183200
0.071,3,Mar 07 2023 12: +0,1678190400
0.061,5,Mar 07 2023 14: +0,1678197600
0.071,9,Mar 07 2023 15: +0,1678201200
0.05,4,Mar 07 2023 16: +0,1678204800
0.062,5,Mar 07 2023 17: +0,1678208400
0.071,5,Mar 07 2023 18: +0,1678212000
0.051,3,Mar 07 2023 19: +0,1678215600
0.071,5,Mar 07 2023 20: +0,1678219200
0.071,3,Mar 07 2023 21: +0,1678222800
0.07,1,Mar 07 2023 22: +0,1678226400
0.07,76,Mar 07 2023 23: +0,1678230000
0.05,3,Mar 08 2023 01: +0,1678237200
0.07,2,Mar 08 2023 02: +0,1678240800
0.06,8,Mar 08 2023 05: +0,1678251600
0.046,2,Mar 08 2023 07: +0,1678258800
0.041,1,Mar 08 2023 09: +0,1678266000
0.062,2,Mar 08 2023 10: +0,1678269600
0.052,7,Mar 08 2023 11: +0,1678273200
0.07,1,Mar 08 2023 12: +0,1678276800
0.07,6,Mar 08 2023 13: +0,1678280400
0.047,1,Mar 08 2023 16: +0,1678291200
0.07,2,Mar 08 2023 17: +0,1678294800
0.07,3,Mar 08 2023 18: +0,1678298400
0.07,42,Mar 08 2023 19: +0,1678302000
0.052,1,Mar 08 2023 20: +0,1678305600
0.05,1,Mar 08 2023 21: +0,1678309200
0.05,1,Mar 08 2023 22: +0,1678312800
0.054,1,Mar 09 2023 01: +0,1678323600
0.054,1,Mar 09 2023 02: +0,1678327200
0.031,2,Mar 09 2023 03: +0,1678330800
0.054,5,Mar 09 2023 05: +0,1678338000
0.054,1,Mar 09 2023 06: +0,1678341600
0.055,1,Mar 09 2023 07: +0,1678345200
0.046,6,Mar 09 2023 10: +0,1678356000
0.041,1,Mar 09 2023 11: +0,1678359600
0.053,1,Mar 09 2023 12: +0,1678363200
0.042,2,Mar 09 2023 13: +0,1678366800
0.05,3,Mar 09 2023 14: +0,1678370400
0.054,3,Mar 09 2023 16: +0,1678377600
0.05,4,Mar 09 2023 18: +0,1678384800
0.054,2,Mar 09 2023 19: +0,1678388400
0.057,3,Mar 09 2023 20: +0,1678392000
0.049,1,Mar 09 2023 22: +0,1678399200
0.054,5,Mar 09 2023 23: +0,1678402800
0.052,2,Mar 10 2023 01: +0,1678410000
0.044,2,Mar 10 2023 03: +0,1678417200
0.038,1,Mar 10 2023 04: +0,1678420800
0.048,1,Mar 10 2023 06: +0,1678428000
0.054,1,Mar 10 2023 09: +0,1678438800
0.054,7,Mar 10 2023 11: +0,1678446000
0.056,7,Mar 10 2023 12: +0,1678449600
0.054,1,Mar 10 2023 13: +0,1678453200
0.057,3,Mar 10 2023 14: +0,1678456800
0.074,1,Mar 10 2023 15: +0,1678460400
0.054,55,Mar 10 2023 16: +0,1678464000
0.054,1,Mar 10 2023 17: +0,1678467600
0.054,1,Mar 10 2023 18: +0,1678471200
0.054,52,Mar 10 2023 19: +0,1678474800
0.05,1,Mar 10 2023 20: +0,1678478400
0.038,1,Mar 10 2023 21: +0,1678482000
0.043,1,Mar 10 2023 22: +0,1678485600
0.053,4,Mar 11 2023 01: +0,1678496400
0.066,3,Mar 11 2023 02: +0,1678500000
0.074,38,Mar 11 2023 03: +0,1678503600
0.069,160,Mar 11 2023 08: +0,1678521600
0.081,1,Mar 11 2023 11: +0,1678532400
0.051,3,Mar 11 2023 13: +0,1678539600
0.056,1,Mar 11 2023 14: +0,1678543200
0.056,47,Mar 11 2023 15: +0,1678546800
0.055,4,Mar 11 2023 18: +0,1678557600
0.039,1,Mar 11 2023 19: +0,1678561200
0.059,2,Mar 11 2023 20: +0,1678564800
0.055,2,Mar 11 2023 21: +0,1678568400
0.055,1,Mar 11 2023 22: +0,1678572000
0.066,3,Mar 11 2023 23: +0,1678575600
0.049,4,Mar 12 2023 00: +0,1678579200
0.04,3,Mar 12 2023 01: +0,1678582800
0.066,2,Mar 12 2023 04: +0,1678593600
0.066,2,Mar 12 2023 05: +0,1678597200
0.065,1,Mar 12 2023 06: +0,1678600800
0.04,2,Mar 12 2023 07: +0,1678604400
0.063,1,Mar 12 2023 08: +0,1678608000
0.066,2,Mar 12 2023 09: +0,1678611600
0.058,2,Mar 12 2023 12: +0,1678622400
0.074,1,Mar 12 2023 14: +0,1678629600
0.066,4,Mar 12 2023 15: +0,1678633200
0.053,2,Mar 12 2023 16: +0,1678636800
0.061,3,Mar 12 2023 17: +0,1678640400
0.057,3,Mar 12 2023 18: +0,1678644000
0.04,2,Mar 12 2023 19: +0,1678647600
0.047,1,Mar 12 2023 20: +0,1678651200
0.066,1,Mar 12 2023 21: +0,1678654800
0.058,2,Mar 12 2023 22: +0,1678658400
0.048,2,Mar 13 2023 00: +0,1678665600
0.063,3,Mar 13 2023 02: +0,1678672800
0.047,1,Mar 13 2023 09: +0,1678698000
0.044,2,Mar 13 2023 11: +0,1678705200
0.066,53,Mar 13 2023 13: +0,1678712400
0.069,1,Mar 13 2023 16: +0,1678723200
0.069,1,Mar 13 2023 17: +0,1678726800
0.077,3,Mar 13 2023 19: +0,1678734000
0.055,2,Mar 13 2023 23: +0,1678748400
0.063,6,Mar 14 2023 00: +0,1678752000
0.076,14,Mar 14 2023 01: +0,1678755600
0.096,36,Mar 14 2023 04: +0,1678766400
0.079,1,Mar 14 2023 05: +0,1678770000
0.069,2,Mar 14 2023 06: +0,1678773600
0.066,1,Mar 14 2023 09: +0,1678784400
0.065,2,Mar 14 2023 11: +0,1678791600
0.047,2,Mar 14 2023 12: +0,1678795200
0.041,2,Mar 14 2023 14: +0,1678802400
0.068,2,Mar 14 2023 15: +0,1678806000
0.061,1,Mar 14 2023 16: +0,1678809600
0.061,20,Mar 14 2023 17: +0,1678813200
0.066,1,Mar 14 2023 18: +0,1678816800
0.063,3,Mar 14 2023 19: +0,1678820400
0.051,3,Mar 14 2023 20: +0,1678824000
0.059,2,Mar 14 2023 21: +0,1678827600
0.058,1,Mar 14 2023 22: +0,1678831200
0.058,1,Mar 14 2023 23: +0,1678834800
0.089,11,Mar 15 2023 00: +0,1678838400
0.051,3,Mar 15 2023 02: +0,1678845600
0.089,19,Mar 15 2023 03: +0,1678849200
0.038,1,Mar 15 2023 06: +0,1678860000
0.058,1,Mar 15 2023 07: +0,1678863600
0.065,4,Mar 15 2023 09: +0,1678870800
0.07,4,Mar 15 2023 12: +0,1678881600
0.083,7,Mar 15 2023 13: +0,1678885200
0.072,6,Mar 15 2023 14: +0,1678888800
0.089,11,Mar 15 2023 15: +0,1678892400
0.078,2,Mar 15 2023 17: +0,1678899600
0.075,3,Mar 15 2023 18: +0,1678903200
0.071,2,Mar 15 2023 19: +0,1678906800
0.058,1,Mar 15 2023 20: +0,1678910400
0.079,1,Mar 15 2023 22: +0,1678917600
0.083,1,Mar 16 2023 00: +0,1678924800
0.083,4,Mar 16 2023 01: +0,1678928400
0.08,1,Mar 16 2023 02: +0,1678932000
0.09,24,Mar 16 2023 05: +0,1678942800
0.075,1,Mar 16 2023 06: +0,1678946400
0.075,3,Mar 16 2023 07: +0,1678950000
0.075,4,Mar 16 2023 12: +0,1678968000
0.075,1,Mar 16 2023 13: +0,1678971600
0.058,1,Mar 16 2023 14: +0,1678975200
0.098,14,Mar 16 2023 17: +0,1678986000
0.078,4,Mar 16 2023 18: +0,1678989600
0.095,5,Mar 16 2023 20: +0,1678996800
0.093,18,Mar 16 2023 21: +0,1679000400
0.089,2,Mar 16 2023 22: +0,1679004000
0.112,3,Mar 16 2023 23: +0,1679007600
0.116,8,Mar 17 2023 01: +0,1679014800
0.058,3,Mar 17 2023 02: +0,1679018400
0.095,2,Mar 17 2023 04: +0,1679025600
0.088,5,Mar 17 2023 05: +0,1679029200
0.12,96,Mar 17 2023 06: +0,1679032800
0.124,3,Mar 17 2023 07: +0,1679036400
0.12,6,Mar 17 2023 08: +0,1679040000
0.096,1,Mar 17 2023 12: +0,1679054400
0.082,6,Mar 17 2023 13: +0,1679058000
0.096,1,Mar 17 2023 14: +0,1679061600
0.093,2,Mar 17 2023 15: +0,1679065200
0.096,1,Mar 17 2023 16: +0,1679068800
0.099,2,Mar 17 2023 17: +0,1679072400
0.088,6,Mar 17 2023 18: +0,1679076000
0.088,2,Mar 17 2023 19: +0,1679079600
0.087,12,Mar 17 2023 20: +0,1679083200
0.08,7,Mar 17 2023 21: +0,1679086800
0.074,5,Mar 17 2023 22: +0,1679090400
0.082,3,Mar 18 2023 00: +0,1679097600
0.061,1,Mar 18 2023 02: +0,1679104800
0.09,18,Mar 18 2023 03: +0,1679108400
0.079,2,Mar 18 2023 05: +0,1679115600
0.077,6,Mar 18 2023 07: +0,1679122800
0.069,2,Mar 18 2023 08: +0,1679126400
0.077,30,Mar 18 2023 09: +0,1679130000
0.075,2,Mar 18 2023 10: +0,1679133600
0.069,4,Mar 18 2023 11: +0,1679137200
0.074,2,Mar 18 2023 12: +0,1679140800
0.069,8,Mar 18 2023 13: +0,1679144400
0.069,2,Mar 18 2023 14: +0,1679148000
0.069,1,Mar 18 2023 15: +0,1679151600
0.073,2,Mar 18 2023 16: +0,1679155200
0.072,4,Mar 18 2023 17: +0,1679158800
0.087,21,Mar 18 2023 18: +0,1679162400
0.083,2,Mar 18 2023 19: +0,1679166000
0.096,3,Mar 18 2023 20: +0,1679169600
0.092,2,Mar 18 2023 22: +0,1679176800
0.104,16,Mar 18 2023 23: +0,1679180400
0.073,5,Mar 19 2023 00: +0,1679184000
0.13,5,Mar 19 2023 03: +0,1679194800
0.12,1,Mar 19 2023 07: +0,1679209200
0.13,2,Mar 19 2023 09: +0,1679216400
0.079,3,Mar 19 2023 12: +0,1679227200
0.08,1,Mar 19 2023 13: +0,1679230800
0.055,1,Mar 19 2023 15: +0,1679238000
0.097,8,Mar 19 2023 17: +0,1679245200
0.08,2,Mar 19 2023 19: +0,1679252400
0.078,1,Mar 19 2023 20: +0,1679256000
0.072,1,Mar 19 2023 21: +0,1679259600
0.077,2,Mar 19 2023 22: +0,1679263200
0.078,2,Mar 20 2023 05: +0,1679288400
0.071,4,Mar 20 2023 06: +0,1679292000
0.09,12,Mar 20 2023 07: +0,1679295600
0.082,6,Mar 20 2023 09: +0,1679302800
0.059,1,Mar 20 2023 10: +0,1679306400
0.087,2,Mar 20 2023 12: +0,1679313600
0.088,15,Mar 20 2023 13: +0,1679317200
0.074,1,Mar 20 2023 14: +0,1679320800
0.095,2,Mar 20 2023 15: +0,1679324400
0.073,10,Mar 20 2023 16: +0,1679328000
0.087,10,Mar 20 2023 17: +0,1679331600
0.084,2,Mar 20 2023 18: +0,1679335200
0.079,4,Mar 20 2023 20: +0,1679342400
0.08,1,Mar 20 2023 21: +0,1679346000
0.089,1,Mar 20 2023 23: +0,1679353200
0.085,2,Mar 21 2023 00: +0,1679356800
0.089,1,Mar 21 2023 01: +0,1679360400
0.098,5,Mar 21 2023 02: +0,1679364000
0.095,14,Mar 21 2023 03: +0,1679367600
0.112,16,Mar 21 2023 04: +0,1679371200
0.098,3,Mar 21 2023 05: +0,1679374800
0.12,15,Mar 21 2023 06: +0,1679378400
0.194,143,Mar 21 2023 07: +0,1679382000
0.188,1,Mar 21 2023 08: +0,1679385600
0.207,5,Mar 21 2023 09: +0,1679389200
0.198,17,Mar 21 2023 11: +0,1679396400
0.247,4,Mar 21 2023 12: +0,1679400000
0.181,3,Mar 21 2023 13: +0,1679403600
0.141,3,Mar 21 2023 14: +0,1679407200
0.154,3,Mar 21 2023 15: +0,1679410800
0.189,4,Mar 21 2023 16: +0,1679414400
0.194,8,Mar 21 2023 17: +0,1679418000
0.196,28,Mar 21 2023 18: +0,1679421600
0.192,5,Mar 21 2023 19: +0,1679425200
0.246,7,Mar 21 2023 20: +0,1679428800
0.188,1,Mar 21 2023 21: +0,1679432400
0.265,14,Mar 21 2023 22: +0,1679436000
0.199,2,Mar 22 2023 00: +0,1679443200
0.238,3,Mar 22 2023 02: +0,1679450400
0.197,1,Mar 22 2023 03: +0,1679454000
0.209,1,Mar 22 2023 05: +0,1679461200
0.251,11,Mar 22 2023 06: +0,1679464800
0.317,26,Mar 22 2023 07: +0,1679468400
0.226,3,Mar 22 2023 08: +0,1679472000
0.253,3,Mar 22 2023 10: +0,1679479200
0.283,2,Mar 22 2023 11: +0,1679482800
0.24,1,Mar 22 2023 12: +0,1679486400
0.241,4,Mar 22 2023 14: +0,1679493600
0.233,2,Mar 22 2023 15: +0,1679497200
0.242,18,Mar 22 2023 16: +0,1679500800
0.229,3,Mar 22 2023 17: +0,1679504400
0.229,16,Mar 22 2023 18: +0,1679508000
0.221,26,Mar 22 2023 19: +0,1679511600
0.229,19,Mar 22 2023 20: +0,1679515200
0.197,11,Mar 22 2023 21: +0,1679518800
0.167,7,Mar 22 2023 22: +0,1679522400
0.128,2,Mar 22 2023 23: +0,1679526000
0.156,66,Mar 23 2023 00: +0,1679529600
0.092,1,Mar 23 2023 01: +0,1679533200
0.22,3,Mar 23 2023 02: +0,1679536800
0.131,1,Mar 23 2023 03: +0,1679540400
0.131,1,Mar 23 2023 04: +0,1679544000
0.169,11,Mar 23 2023 05: +0,1679547600
0.134,6,Mar 23 2023 06: +0,1679551200
0.182,6,Mar 23 2023 07: +0,1679554800
0.157,8,Mar 23 2023 08: +0,1679558400
0.202,20,Mar 23 2023 09: +0,1679562000
0.123,1,Mar 23 2023 10: +0,1679565600
0.188,8,Mar 23 2023 12: +0,1679572800
0.137,6,Mar 23 2023 13: +0,1679576400
0.147,12,Mar 23 2023 14: +0,1679580000
0.146,15,Mar 23 2023 15: +0,1679583600
0.172,3,Mar 23 2023 16: +0,1679587200
0.172,19,Mar 23 2023 17: +0,1679590800
0.156,8,Mar 23 2023 18: +0,1679594400
0.141,12,Mar 23 2023 19: +0,1679598000
0.15,10,Mar 23 2023 20: +0,1679601600
0.149,12,Mar 23 2023 21: +0,1679605200
0.147,10,Mar 23 2023 22: +0,1679608800
0.138,2,Mar 23 2023 23: +0,1679612400
0.136,5,Mar 24 2023 00: +0,1679616000
0.159,9,Mar 24 2023 01: +0,1679619600
0.118,4,Mar 24 2023 02: +0,1679623200
0.132,4,Mar 24 2023 03: +0,1679626800
0.137,1,Mar 24 2023 05: +0,1679634000
0.139,5,Mar 24 2023 06: +0,1679637600
0.159,3,Mar 24 2023 07: +0,1679641200
0.117,2,Mar 24 2023 08: +0,1679644800
0.154,3,Mar 24 2023 09: +0,1679648400
0.172,8,Mar 24 2023 10: +0,1679652000
0.151,2,Mar 24 2023 11: +0,1679655600
0.131,2,Mar 24 2023 12: +0,1679659200
0.132,4,Mar 24 2023 14: +0,1679666400
0.157,14,Mar 24 2023 15: +0,1679670000
0.16,27,Mar 24 2023 16: +0,1679673600
0.181,19,Mar 24 2023 17: +0,1679677200
0.167,2,Mar 24 2023 18: +0,1679680800
0.16,5,Mar 24 2023 19: +0,1679684400
0.166,5,Mar 24 2023 20: +0,1679688000
0.172,10,Mar 24 2023 21: +0,1679691600
0.211,1,Mar 24 2023 22: +0,1679695200
0.17,1,Mar 24 2023 23: +0,1679698800
0.12,5,Mar 25 2023 00: +0,1679702400
0.167,1,Mar 25 2023 01: +0,1679706000
0.171,6,Mar 25 2023 04: +0,1679716800
0.179,3,Mar 25 2023 06: +0,1679724000
0.149,1,Mar 25 2023 07: +0,1679727600
0.152,2,Mar 25 2023 08: +0,1679731200
0.162,2,Mar 25 2023 09: +0,1679734800
0.188,7,Mar 25 2023 10: +0,1679738400
0.175,6,Mar 25 2023 11: +0,1679742000
0.191,21,Mar 25 2023 12: +0,1679745600
0.189,12,Mar 25 2023 13: +0,1679749200
0.192,20,Mar 25 2023 14: +0,1679752800
0.213,13,Mar 25 2023 15: +0,1679756400
0.23,31,Mar 25 2023 16: +0,1679760000
0.187,2,Mar 25 2023 17: +0,1679763600
0.212,9,Mar 25 2023 18: +0,1679767200
0.131,3,Mar 25 2023 19: +0,1679770800
0.167,10,Mar 25 2023 20: +0,1679774400
0.142,8,Mar 25 2023 21: +0,1679778000
0.127,4,Mar 25 2023 22: +0,1679781600
0.164,35,Mar 25 2023 23: +0,1679785200
0.167,5,Mar 26 2023 00: +0,1679788800
0.159,3,Mar 26 2023 01: +0,1679792400
0.167,1,Mar 26 2023 02: +0,1679792400
0.172,15,Mar 26 2023 03: +0,1679796000
0.192,6,Mar 26 2023 04: +0,1679799600
0.172,3,Mar 26 2023 05: +0,1679803200
0.202,6,Mar 26 2023 06: +0,1679806800
0.186,4,Mar 26 2023 07: +0,1679810400
0.206,15,Mar 26 2023 08: +0,1679814000
0.193,13,Mar 26 2023 09: +0,1679817600
0.19,1,Mar 26 2023 10: +0,1679821200
0.183,84,Mar 26 2023 11: +0,1679824800
0.182,3,Mar 26 2023 12: +0,1679828400
0.2,8,Mar 26 2023 13: +0,1679832000
0.192,5,Mar 26 2023 14: +0,1679835600
0.199,2,Mar 26 2023 15: +0,1679839200
0.249,49,Mar 26 2023 16: +0,1679842800
0.249,4,Mar 26 2023 17: +0,1679846400
0.182,6,Mar 26 2023 18: +0,1679850000
0.185,61,Mar 26 2023 19: +0,1679853600
0.249,127,Mar 26 2023 20: +0,1679857200
0.18,6,Mar 26 2023 21: +0,1679860800
0.206,12,Mar 26 2023 22: +0,1679864400
0.185,4,Mar 26 2023 23: +0,1679868000
0.211,10,Mar 27 2023 00: +0,1679871600
0.202,2,Mar 27 2023 01: +0,1679875200
0.206,4,Mar 27 2023 03: +0,1679882400
0.187,3,Mar 27 2023 04: +0,1679886000
0.218,20,Mar 27 2023 05: +0,1679889600
0.192,7,Mar 27 2023 06: +0,1679893200
0.196,1,Mar 27 2023 07: +0,1679896800
0.196,1,Mar 27 2023 08: +0,1679900400
0.254,13,Mar 27 2023 09: +0,1679904000
0.263,18,Mar 27 2023 10: +0,1679907600
0.263,1,Mar 27 2023 11: +0,1679911200
0.277,3,Mar 27 2023 12: +0,1679914800
0.277,12,Mar 27 2023 13: +0,1679918400
0.277,8,Mar 27 2023 14: +0,1679922000
0.277,3,Mar 27 2023 15: +0,1679925600
0.184,2,Mar 27 2023 16: +0,1679929200
0.212,10,Mar 27 2023 17: +0,1679932800
0.215,20,Mar 27 2023 18: +0,1679936400
0.211,15,Mar 27 2023 19: +0,1679940000
0.212,7,Mar 27 2023 20: +0,1679943600
0.193,6,Mar 27 2023 21: +0,1679947200
0.17,7,Mar 27 2023 22: +0,1679950800
0.186,10,Mar 27 2023 23: +0,1679954400
0.172,6,Mar 28 2023 00: +0,1679958000
0.236,23,Mar 28 2023 01: +0,1679961600
0.251,24,Mar 28 2023 02: +0,1679965200
0.236,3,Mar 28 2023 04: +0,1679972400
0.165,2,Mar 28 2023 05: +0,1679976000
0.219,11,Mar 28 2023 06: +0,1679979600
0.206,1,Mar 28 2023 07: +0,1679983200
0.218,10,Mar 28 2023 08: +0,1679986800
0.204,1,Mar 28 2023 10: +0,1679994000
0.21,1,Mar 28 2023 11: +0,1679997600
0.212,6,Mar 28 2023 12: +0,1680001200
0.212,5,Mar 28 2023 13: +0,1680004800
0.22,22,Mar 28 2023 14: +0,1680008400
0.22,3,Mar 28 2023 15: +0,1680012000
0.16,1,Mar 28 2023 16: +0,1680015600
0.218,6,Mar 28 2023 17: +0,1680019200
0.226,7,Mar 28 2023 18: +0,1680022800
0.23,22,Mar 28 2023 19: +0,1680026400
0.23,6,Mar 28 2023 20: +0,1680030000
0.184,5,Mar 28 2023 21: +0,1680033600
0.226,26,Mar 28 2023 22: +0,1680037200
0.226,2,Mar 28 2023 23: +0,1680040800
0.226,5,Mar 29 2023 01: +0,1680048000
0.204,1,Mar 29 2023 02: +0,1680051600
0.23,2,Mar 29 2023 03: +0,1680055200
0.226,8,Mar 29 2023 04: +0,1680058800
0.191,2,Mar 29 2023 05: +0,1680062400
0.222,6,Mar 29 2023 06: +0,1680066000
0.21,1,Mar 29 2023 07: +0,1680069600
0.218,5,Mar 29 2023 08: +0,1680073200
0.226,6,Mar 29 2023 09: +0,1680076800
0.226,10,Mar 29 2023 10: +0,1680080400
0.218,3,Mar 29 2023 11: +0,1680084000
0.226,5,Mar 29 2023 12: +0,1680087600
0.202,1,Mar 29 2023 13: +0,1680091200
0.226,3,Mar 29 2023 14: +0,1680094800
0.226,5,Mar 29 2023 15: +0,1680098400
0.19,2,Mar 29 2023 16: +0,1680102000
0.218,1,Mar 29 2023 17: +0,1680105600
0.214,2,Mar 29 2023 18: +0,1680109200
0.218,5,Mar 29 2023 19: +0,1680112800
0.182,2,Mar 29 2023 20: +0,1680116400
0.218,6,Mar 29 2023 21: +0,1680120000
0.218,3,Mar 29 2023 22: +0,1680123600
0.218,3,Mar 29 2023 23: +0,1680127200
0.21,3,Mar 30 2023 00: +0,1680130800
0.218,7,Mar 30 2023 01: +0,1680134400
0.218,2,Mar 30 2023 02: +0,1680138000
0.21,1,Mar 30 2023 03: +0,1680141600
0.218,1,Mar 30 2023 04: +0,1680145200
0.218,1,Mar 30 2023 05: +0,1680148800
0.202,3,Mar 30 2023 06: +0,1680152400
0.224,5,Mar 30 2023 07: +0,1680156000
0.224,2,Mar 30 2023 08: +0,1680159600
0.236,15,Mar 30 2023 09: +0,1680163200
0.218,1,Mar 30 2023 10: +0,1680166800
0.226,25,Mar 30 2023 12: +0,1680174000
0.21,1,Mar 30 2023 13: +0,1680177600
0.215,2,Mar 30 2023 14: +0,1680181200
0.251,18,Mar 30 2023 15: +0,1680184800
0.223,2,Mar 30 2023 16: +0,1680188400
0.218,1,Mar 30 2023 17: +0,1680192000
0.234,13,Mar 30 2023 18: +0,1680195600
0.229,3,Mar 30 2023 22: +0,1680210000
0.226,5,Mar 30 2023 23: +0,1680213600
0.218,2,Mar 31 2023 00: +0,1680217200
0.236,4,Mar 31 2023 01: +0,1680220800
0.154,1,Mar 31 2023 02: +0,1680224400
0.243,1,Mar 31 2023 03: +0,1680228000
0.232,2,Mar 31 2023 04: +0,1680231600
0.238,1,Mar 31 2023 05: +0,1680235200
0.243,5,Mar 31 2023 06: +0,1680238800
0.243,1,Mar 31 2023 07: +0,1680242400
0.234,9,Mar 31 2023 08: +0,1680246000
0.218,5,Mar 31 2023 09: +0,1680249600
0.234,4,Mar 31 2023 10: +0,1680253200
0.234,6,Mar 31 2023 11: +0,1680256800
0.226,4,Mar 31 2023 12: +0,1680260400
0.226,5,Mar 31 2023 13: +0,1680264000
0.218,1,Mar 31 2023 15: +0,1680271200
0.226,3,Mar 31 2023 18: +0,1680282000
0.243,1,Mar 31 2023 21: +0,1680292800
0.222,2,Mar 31 2023 22: +0,1680296400
0.226,6,Mar 31 2023 23: +0,1680300000
0.226,3,Apr 01 2023 00: +0,1680303600
0.226,1,Apr 01 2023 01: +0,1680307200
0.234,8,Apr 01 2023 02: +0,1680310800
0.231,3,Apr 01 2023 03: +0,1680314400
0.243,13,Apr 01 2023 04: +0,1680318000
0.218,1,Apr 01 2023 05: +0,1680321600
0.226,1,Apr 01 2023 06: +0,1680325200
0.243,16,Apr 01 2023 07: +0,1680328800
0.243,8,Apr 01 2023 08: +0,1680332400
0.243,9,Apr 01 2023 09: +0,1680336000
0.234,3,Apr 01 2023 10: +0,1680339600
0.234,10,Apr 01 2023 11: +0,1680343200
0.243,3,Apr 01 2023 13: +0,1680350400
0.238,2,Apr 01 2023 17: +0,1680364800
0.234,3,Apr 01 2023 18: +0,1680368400
0.226,5,Apr 01 2023 19: +0,1680372000
0.238,6,Apr 01 2023 20: +0,1680375600
0.246,12,Apr 01 2023 21: +0,1680379200
0.23,2,Apr 01 2023 22: +0,1680382800
0.234,3,Apr 01 2023 23: +0,1680386400
0.218,3,Apr 02 2023 00: +0,1680390000
0.214,4,Apr 02 2023 01: +0,1680393600
0.226,7,Apr 02 2023 02: +0,1680397200
0.226,1,Apr 02 2023 04: +0,1680404400
0.176,1,Apr 02 2023 06: +0,1680411600
0.201,2,Apr 02 2023 07: +0,1680415200
0.226,1,Apr 02 2023 09: +0,1680422400
0.218,3,Apr 02 2023 10: +0,1680426000
0.224,1,Apr 02 2023 11: +0,1680429600
0.21,6,Apr 02 2023 12: +0,1680433200
0.211,2,Apr 02 2023 13: +0,1680436800
0.218,3,Apr 02 2023 16: +0,1680447600
0.218,1,Apr 02 2023 17: +0,1680451200
0.215,2,Apr 02 2023 18: +0,1680454800
0.203,6,Apr 02 2023 19: +0,1680458400
0.204,7,Apr 02 2023 20: +0,1680462000
0.203,2,Apr 02 2023 21: +0,1680465600
0.202,1,Apr 02 2023 22: +0,1680469200
0.202,3,Apr 02 2023 23: +0,1680472800
0.207,5,Apr 03 2023 00: +0,1680476400
0.229,42,Apr 03 2023 01: +0,1680480000
0.312,32,Apr 03 2023 02: +0,1680483600
0.27,2,Apr 03 2023 04: +0,1680490800
0.395,4,Apr 03 2023 05: +0,1680494400
0.404,11,Apr 03 2023 07: +0,1680501600
0.253,2,Apr 03 2023 09: +0,1680508800
0.313,9,Apr 03 2023 10: +0,1680512400
0.29,5,Apr 03 2023 11: +0,1680516000
0.273,2,Apr 03 2023 12: +0,1680519600
0.341,6,Apr 03 2023 13: +0,1680523200
0.331,3,Apr 03 2023 14: +0,1680526800
0.328,2,Apr 03 2023 15: +0,1680530400
0.313,5,Apr 03 2023 16: +0,1680534000
0.305,5,Apr 03 2023 18: +0,1680541200
0.312,4,Apr 03 2023 19: +0,1680544800
0.312,17,Apr 03 2023 20: +0,1680548400
0.295,6,Apr 03 2023 21: +0,1680552000
0.277,2,Apr 03 2023 22: +0,1680555600
0.287,6,Apr 03 2023 23: +0,1680559200
0.29,2,Apr 04 2023 00: +0,1680562800
0.306,3,Apr 04 2023 01: +0,1680566400
0.242,4,Apr 04 2023 02: +0,1680570000
0.24,2,Apr 04 2023 03: +0,1680573600
0.283,1,Apr 04 2023 04: +0,1680577200
0.168,1,Apr 04 2023 06: +0,1680584400
0.242,2,Apr 04 2023 08: +0,1680591600
0.244,2,Apr 04 2023 09: +0,1680595200
0.252,4,Apr 04 2023 10: +0,1680598800
0.231,2,Apr 04 2023 11: +0,1680602400
0.241,1,Apr 04 2023 12: +0,1680606000
0.241,3,Apr 04 2023 13: +0,1680609600
0.209,1,Apr 04 2023 14: +0,1680613200
0.225,5,Apr 04 2023 19: +0,1680631200
0.209,4,Apr 04 2023 20: +0,1680634800
0.241,3,Apr 04 2023 21: +0,1680638400
0.229,3,Apr 04 2023 22: +0,1680642000
0.241,1,Apr 04 2023 23: +0,1680645600
0.241,2,Apr 05 2023 00: +0,1680649200
0.21,3,Apr 05 2023 01: +0,1680652800
0.201,3,Apr 05 2023 02: +0,1680656400
0.21,1,Apr 05 2023 03: +0,1680660000
0.237,2,Apr 05 2023 04: +0,1680663600
0.212,2,Apr 05 2023 05: +0,1680667200
0.233,2,Apr 05 2023 07: +0,1680674400
0.241,3,Apr 05 2023 09: +0,1680681600
0.245,5,Apr 05 2023 10: +0,1680685200
0.225,3,Apr 05 2023 11: +0,1680688800
0.241,3,Apr 05 2023 12: +0,1680692400
0.241,34,Apr 05 2023 13: +0,1680696000
0.217,1,Apr 05 2023 14: +0,1680699600
0.241,3,Apr 05 2023 16: +0,1680706800
0.241,9,Apr 05 2023 17: +0,1680710400
0.245,10,Apr 05 2023 18: +0,1680714000
0.241,1,Apr 05 2023 19: +0,1680717600
0.233,1,Apr 05 2023 21: +0,1680724800
0.241,5,Apr 05 2023 22: +0,1680728400
0.241,3,Apr 05 2023 23: +0,1680732000
0.241,1,Apr 06 2023 00: +0,1680735600
0.241,5,Apr 06 2023 01: +0,1680739200
0.241,1,Apr 06 2023 02: +0,1680742800
0.202,1,Apr 06 2023 03: +0,1680746400
0.225,1,Apr 06 2023 07: +0,1680760800
0.263,1,Apr 06 2023 08: +0,1680764400
0.184,7,Apr 06 2023 09: +0,1680768000
0.241,3,Apr 06 2023 10: +0,1680771600
0.25,1,Apr 06 2023 12: +0,1680778800
0.258,15,Apr 06 2023 13: +0,1680782400
0.211,1,Apr 06 2023 17: +0,1680796800
0.284,17,Apr 06 2023 18: +0,1680800400
0.242,3,Apr 06 2023 19: +0,1680804000
0.233,4,Apr 06 2023 20: +0,1680807600
0.242,5,Apr 06 2023 21: +0,1680811200
0.233,3,Apr 06 2023 22: +0,1680814800
0.237,3,Apr 06 2023 23: +0,1680818400
0.233,1,Apr 07 2023 00: +0,1680822000
0.225,1,Apr 07 2023 01: +0,1680825600
0.233,1,Apr 07 2023 03: +0,1680832800
0.233,2,Apr 07 2023 04: +0,1680836400
0.233,1,Apr 07 2023 05: +0,1680840000
0.225,1,Apr 07 2023 06: +0,1680843600
0.204,2,Apr 07 2023 07: +0,1680847200
0.233,2,Apr 07 2023 08: +0,1680850800
0.233,1,Apr 07 2023 09: +0,1680854400
0.217,4,Apr 07 2023 10: +0,1680858000
0.233,2,Apr 07 2023 11: +0,1680861600
0.225,1,Apr 07 2023 12: +0,1680865200
0.225,1,Apr 07 2023 17: +0,1680883200
0.233,5,Apr 07 2023 19: +0,1680890400
0.234,5,Apr 07 2023 20: +0,1680894000
0.226,1,Apr 07 2023 21: +0,1680897600
0.234,1,Apr 07 2023 22: +0,1680901200
0.226,1,Apr 07 2023 23: +0,1680904800
0.215,4,Apr 08 2023 00: +0,1680908400
0.218,14,Apr 08 2023 01: +0,1680912000
0.234,2,Apr 08 2023 03: +0,1680919200
0.21,2,Apr 08 2023 04: +0,1680922800
0.21,5,Apr 08 2023 06: +0,1680930000
0.211,1,Apr 08 2023 07: +0,1680933600
0.225,1,Apr 08 2023 08: +0,1680937200
0.211,1,Apr 08 2023 09: +0,1680940800
0.23,1,Apr 08 2023 10: +0,1680944400
0.21,2,Apr 08 2023 11: +0,1680948000
0.202,1,Apr 08 2023 17: +0,1680969600
0.214,2,Apr 08 2023 18: +0,1680973200
0.21,3,Apr 08 2023 19: +0,1680976800
0.21,1,Apr 08 2023 20: +0,1680980400
0.211,5,Apr 08 2023 21: +0,1680984000
0.211,1,Apr 08 2023 22: +0,1680987600
0.21,4,Apr 08 2023 23: +0,1680991200
0.212,4,Apr 09 2023 00: +0,1680994800
0.202,2,Apr 09 2023 01: +0,1680998400
0.21,2,Apr 09 2023 03: +0,1681005600
0.185,2,Apr 09 2023 04: +0,1681009200
0.206,2,Apr 09 2023 05: +0,1681012800
0.198,2,Apr 09 2023 06: +0,1681016400
0.21,3,Apr 09 2023 07: +0,1681020000
0.2,2,Apr 09 2023 08: +0,1681023600
0.21,5,Apr 09 2023 09: +0,1681027200
0.21,2,Apr 09 2023 11: +0,1681034400
0.21,8,Apr 09 2023 12: +0,1681038000
0.202,1,Apr 09 2023 13: +0,1681041600
0.215,4,Apr 09 2023 17: +0,1681056000
0.21,4,Apr 09 2023 18: +0,1681059600
0.21,3,Apr 09 2023 19: +0,1681063200
0.202,1,Apr 09 2023 20: +0,1681066800
0.202,5,Apr 09 2023 21: +0,1681070400
0.202,6,Apr 09 2023 22: +0,1681074000
0.194,1,Apr 10 2023 01: +0,1681084800
0.202,4,Apr 10 2023 02: +0,1681088400
0.205,1,Apr 10 2023 03: +0,1681092000
0.202,4,Apr 10 2023 04: +0,1681095600
0.185,3,Apr 10 2023 06: +0,1681102800
0.204,2,Apr 10 2023 07: +0,1681106400
0.202,2,Apr 10 2023 08: +0,1681110000
0.185,1,Apr 10 2023 09: +0,1681113600
0.169,1,Apr 10 2023 11: +0,1681120800
0.21,5,Apr 10 2023 12: +0,1681124400
0.199,2,Apr 10 2023 13: +0,1681128000
0.202,3,Apr 10 2023 17: +0,1681142400
0.194,2,Apr 10 2023 18: +0,1681146000
0.198,4,Apr 10 2023 19: +0,1681149600
0.194,1,Apr 10 2023 20: +0,1681153200
0.194,3,Apr 10 2023 21: +0,1681156800
0.198,4,Apr 10 2023 22: +0,1681160400
0.19,2,Apr 10 2023 23: +0,1681164000
0.198,4,Apr 11 2023 00: +0,1681167600
0.202,1,Apr 11 2023 01: +0,1681171200
0.202,4,Apr 11 2023 05: +0,1681185600
0.194,2,Apr 11 2023 06: +0,1681189200
0.202,1,Apr 11 2023 07: +0,1681192800
0.202,1,Apr 11 2023 09: +0,1681200000
0.202,5,Apr 11 2023 10: +0,1681203600
0.197,4,Apr 11 2023 11: +0,1681207200
0.168,1,Apr 11 2023 12: +0,1681210800
0.148,2,Apr 11 2023 13: +0,1681214400
0.201,1,Apr 11 2023 16: +0,1681225200
0.209,17,Apr 11 2023 17: +0,1681228800
0.201,1,Apr 11 2023 18: +0,1681232400
0.188,2,Apr 11 2023 19: +0,1681236000
0.168,1,Apr 11 2023 20: +0,1681239600
0.204,10,Apr 11 2023 21: +0,1681243200
0.193,4,Apr 11 2023 22: +0,1681246800
0.193,1,Apr 12 2023 00: +0,1681254000
0.21,3,Apr 12 2023 01: +0,1681257600
0.21,2,Apr 12 2023 02: +0,1681261200
0.201,1,Apr 12 2023 03: +0,1681264800
0.201,6,Apr 12 2023 05: +0,1681272000
0.202,6,Apr 12 2023 06: +0,1681275600
0.193,2,Apr 12 2023 08: +0,1681282800
0.201,7,Apr 12 2023 09: +0,1681286400
0.233,37,Apr 12 2023 10: +0,1681290000
0.203,12,Apr 12 2023 11: +0,1681293600
0.249,1,Apr 12 2023 12: +0,1681297200
0.135,1,Apr 12 2023 13: +0,1681300800
0.16,1,Apr 12 2023 17: +0,1681315200
0.193,3,Apr 12 2023 21: +0,1681329600
0.188,2,Apr 12 2023 22: +0,1681333200
0.173,2,Apr 12 2023 23: +0,1681336800
0.201,5,Apr 13 2023 00: +0,1681340400
0.193,7,Apr 13 2023 01: +0,1681344000
0.219,9,Apr 13 2023 02: +0,1681347600
0.201,3,Apr 13 2023 03: +0,1681351200
0.184,2,Apr 13 2023 04: +0,1681354800
0.195,2,Apr 13 2023 05: +0,1681358400
0.211,1,Apr 13 2023 06: +0,1681362000
0.203,2,Apr 13 2023 07: +0,1681365600
0.168,1,Apr 13 2023 08: +0,1681369200
0.201,1,Apr 13 2023 09: +0,1681372800
0.201,1,Apr 13 2023 10: +0,1681376400
0.217,8,Apr 13 2023 11: +0,1681380000
0.216,2,Apr 13 2023 16: +0,1681398000
0.193,1,Apr 13 2023 18: +0,1681405200
0.201,4,Apr 13 2023 19: +0,1681408800
0.201,6,Apr 13 2023 20: +0,1681412400
0.193,5,Apr 13 2023 21: +0,1681416000
0.201,1,Apr 13 2023 22: +0,1681419600
0.193,3,Apr 14 2023 00: +0,1681426800
0.201,3,Apr 14 2023 01: +0,1681430400
0.21,2,Apr 14 2023 04: +0,1681441200
0.217,6,Apr 14 2023 05: +0,1681444800
0.118,1,Apr 14 2023 06: +0,1681448400
0.205,1,Apr 14 2023 07: +0,1681452000
0.215,4,Apr 14 2023 08: +0,1681455600
0.204,17,Apr 14 2023 09: +0,1681459200
0.201,3,Apr 14 2023 10: +0,1681462800
0.204,3,Apr 14 2023 11: +0,1681466400
0.209,3,Apr 14 2023 12: +0,1681470000
0.212,1,Apr 14 2023 20: +0,1681498800
0.206,2,Apr 14 2023 21: +0,1681502400
0.195,3,Apr 14 2023 22: +0,1681506000
0.203,3,Apr 14 2023 23: +0,1681509600
0.198,2,Apr 15 2023 00: +0,1681513200
0.193,3,Apr 15 2023 01: +0,1681516800
0.203,5,Apr 15 2023 02: +0,1681520400
0.208,6,Apr 15 2023 03: +0,1681524000
0.195,3,Apr 15 2023 04: +0,1681527600
0.185,2,Apr 15 2023 05: +0,1681531200
0.206,1,Apr 15 2023 06: +0,1681534800
0.21,8,Apr 15 2023 07: +0,1681538400
0.184,1,Apr 15 2023 08: +0,1681542000
0.217,10,Apr 15 2023 09: +0,1681545600
0.192,2,Apr 15 2023 10: +0,1681549200
0.211,2,Apr 15 2023 11: +0,1681552800
0.234,4,Apr 15 2023 12: +0,1681556400
0.184,1,Apr 15 2023 21: +0,1681588800
0.196,1,Apr 15 2023 22: +0,1681592400
0.193,3,Apr 15 2023 23: +0,1681596000
0.239,8,Apr 16 2023 00: +0,1681599600
0.184,5,Apr 16 2023 01: +0,1681603200
0.205,2,Apr 16 2023 02: +0,1681606800
0.225,4,Apr 16 2023 03: +0,1681610400
0.217,1,Apr 16 2023 05: +0,1681617600
0.217,8,Apr 16 2023 08: +0,1681628400
0.209,1,Apr 16 2023 09: +0,1681632000
0.203,1,Apr 16 2023 10: +0,1681635600
0.234,4,Apr 16 2023 18: +0,1681664400
0.234,1,Apr 16 2023 19: +0,1681668000
0.233,11,Apr 16 2023 20: +0,1681671600
0.218,8,Apr 16 2023 21: +0,1681675200
0.218,2,Apr 16 2023 22: +0,1681678800
0.233,2,Apr 16 2023 23: +0,1681682400
0.217,3,Apr 17 2023 00: +0,1681686000
0.225,8,Apr 17 2023 01: +0,1681689600
0.217,1,Apr 17 2023 02: +0,1681693200
0.158,1,Apr 17 2023 06: +0,1681707600
0.209,1,Apr 17 2023 07: +0,1681711200
0.203,3,Apr 17 2023 09: +0,1681718400
0.225,5,Apr 17 2023 11: +0,1681725600
0.217,1,Apr 17 2023 12: +0,1681729200
0.209,1,Apr 17 2023 13: +0,1681732800
0.233,5,Apr 17 2023 17: +0,1681747200
0.242,4,Apr 17 2023 19: +0,1681754400
0.222,2,Apr 17 2023 20: +0,1681758000
0.218,3,Apr 17 2023 21: +0,1681761600
0.238,3,Apr 17 2023 22: +0,1681765200
0.238,1,Apr 17 2023 23: +0,1681768800
0.226,3,Apr 18 2023 00: +0,1681772400
0.222,4,Apr 18 2023 01: +0,1681776000
0.238,2,Apr 18 2023 02: +0,1681779600
0.238,4,Apr 18 2023 03: +0,1681783200
0.21,1,Apr 18 2023 05: +0,1681790400
0.21,1,Apr 18 2023 06: +0,1681794000
0.25,3,Apr 18 2023 07: +0,1681797600
0.218,2,Apr 18 2023 10: +0,1681808400
0.238,3,Apr 18 2023 11: +0,1681812000
0.247,1,Apr 18 2023 13: +0,1681819200
0.226,1,Apr 18 2023 17: +0,1681833600
0.226,1,Apr 18 2023 18: +0,1681837200
0.207,2,Apr 18 2023 22: +0,1681851600
0.234,3,Apr 18 2023 23: +0,1681855200
0.23,2,Apr 19 2023 00: +0,1681858800
0.21,4,Apr 19 2023 01: +0,1681862400
0.242,9,Apr 19 2023 03: +0,1681869600
0.222,2,Apr 19 2023 04: +0,1681873200
0.25,7,Apr 19 2023 07: +0,1681884000
0.242,4,Apr 19 2023 08: +0,1681887600
0.218,1,Apr 19 2023 10: +0,1681894800
0.242,3,Apr 19 2023 11: +0,1681898400
0.247,2,Apr 19 2023 12: +0,1681902000
0.258,2,Apr 19 2023 13: +0,1681905600
0.269,1,Apr 19 2023 15: +0,1681912800
0.242,2,Apr 19 2023 21: +0,1681934400
0.242,1,Apr 19 2023 22: +0,1681938000
0.226,1,Apr 20 2023 00: +0,1681945200
0.201,4,Apr 20 2023 01: +0,1681948800
0.226,2,Apr 20 2023 02: +0,1681952400
0.242,1,Apr 20 2023 03: +0,1681956000
0.242,1,Apr 20 2023 04: +0,1681959600
0.185,1,Apr 20 2023 06: +0,1681966800
0.242,11,Apr 20 2023 07: +0,1681970400
0.242,4,Apr 20 2023 08: +0,1681974000
0.161,1,Apr 20 2023 09: +0,1681977600
0.238,4,Apr 20 2023 10: +0,1681981200
0.161,1,Apr 20 2023 12: +0,1681988400
0.21,5,Apr 20 2023 13: +0,1681992000
0.234,1,Apr 20 2023 14: +0,1681995600
0.252,1,Apr 20 2023 15: +0,1681999200
0.234,2,Apr 20 2023 16: +0,1682002800
0.206,2,Apr 20 2023 17: +0,1682006400
0.12,1,Apr 20 2023 18: +0,1682010000
0.238,2,Apr 20 2023 19: +0,1682013600
0.226,2,Apr 20 2023 20: +0,1682017200
0.234,1,Apr 20 2023 21: +0,1682020800
0.23,2,Apr 20 2023 22: +0,1682024400
0.21,1,Apr 21 2023 01: +0,1682035200
0.233,3,Apr 21 2023 03: +0,1682042400
0.197,1,Apr 21 2023 04: +0,1682046000
0.234,2,Apr 21 2023 05: +0,1682049600
0.222,2,Apr 21 2023 06: +0,1682053200
0.233,1,Apr 21 2023 07: +0,1682056800
0.207,2,Apr 21 2023 08: +0,1682060400
0.236,5,Apr 21 2023 09: +0,1682064000
0.241,1,Apr 21 2023 10: +0,1682067600
0.232,6,Apr 21 2023 11: +0,1682071200
0.22,2,Apr 21 2023 12: +0,1682074800
0.245,1,Apr 21 2023 13: +0,1682078400
0.201,2,Apr 21 2023 14: +0,1682082000
0.234,2,Apr 21 2023 15: +0,1682085600
0.218,2,Apr 21 2023 16: +0,1682089200
0.218,1,Apr 21 2023 17: +0,1682092800
0.235,2,Apr 21 2023 18: +0,1682096400
0.231,1,Apr 21 2023 19: +0,1682100000
0.223,8,Apr 21 2023 20: +0,1682103600
0.238,10,Apr 21 2023 21: +0,1682107200
0.193,1,Apr 21 2023 22: +0,1682110800
0.23,2,Apr 21 2023 23: +0,1682114400
0.193,1,Apr 22 2023 00: +0,1682118000
0.203,3,Apr 22 2023 01: +0,1682121600
0.2,2,Apr 22 2023 04: +0,1682132400
0.21,6,Apr 22 2023 05: +0,1682136000
0.188,3,Apr 22 2023 06: +0,1682139600
0.21,4,Apr 22 2023 08: +0,1682146800
0.216,2,Apr 22 2023 09: +0,1682150400
0.217,13,Apr 22 2023 10: +0,1682154000
0.162,1,Apr 22 2023 11: +0,1682157600
0.192,3,Apr 22 2023 12: +0,1682161200
0.217,1,Apr 22 2023 13: +0,1682164800
0.16,2,Apr 22 2023 14: +0,1682168400
0.209,1,Apr 22 2023 15: +0,1682172000
0.209,1,Apr 22 2023 16: +0,1682175600
0.21,4,Apr 22 2023 17: +0,1682179200
0.217,3,Apr 22 2023 18: +0,1682182800
0.228,1,Apr 22 2023 20: +0,1682190000
0.227,1,Apr 22 2023 21: +0,1682193600
0.239,14,Apr 22 2023 22: +0,1682197200
0.217,5,Apr 22 2023 23: +0,1682200800
0.217,1,Apr 23 2023 00: +0,1682204400
0.205,2,Apr 23 2023 01: +0,1682208000
0.202,2,Apr 23 2023 03: +0,1682215200
0.22,2,Apr 23 2023 04: +0,1682218800
0.231,1,Apr 23 2023 05: +0,1682222400
0.233,10,Apr 23 2023 06: +0,1682226000
0.241,1,Apr 23 2023 07: +0,1682229600
0.183,1,Apr 23 2023 08: +0,1682233200
0.209,1,Apr 23 2023 09: +0,1682236800
0.157,4,Apr 23 2023 11: +0,1682244000
0.233,2,Apr 23 2023 12: +0,1682247600
0.201,1,Apr 23 2023 13: +0,1682251200
0.241,33,Apr 23 2023 14: +0,1682254800
0.237,2,Apr 23 2023 15: +0,1682258400
0.233,6,Apr 23 2023 16: +0,1682262000
0.241,6,Apr 23 2023 17: +0,1682265600
0.241,3,Apr 23 2023 19: +0,1682272800
0.241,9,Apr 23 2023 20: +0,1682276400
0.241,12,Apr 23 2023 21: +0,1682280000
0.229,2,Apr 23 2023 22: +0,1682283600
0.241,3,Apr 23 2023 23: +0,1682287200
0.233,4,Apr 24 2023 00: +0,1682290800
0.217,4,Apr 24 2023 01: +0,1682294400
0.217,1,Apr 24 2023 02: +0,1682298000
0.241,1,Apr 24 2023 03: +0,1682301600
0.233,1,Apr 24 2023 04: +0,1682305200
0.241,3,Apr 24 2023 07: +0,1682316000
0.241,4,Apr 24 2023 08: +0,1682319600
0.233,1,Apr 24 2023 09: +0,1682323200
0.237,2,Apr 24 2023 11: +0,1682330400
0.233,5,Apr 24 2023 13: +0,1682337600
0.238,1,Apr 24 2023 14: +0,1682341200
0.221,2,Apr 24 2023 17: +0,1682352000
0.221,4,Apr 24 2023 18: +0,1682355600
0.225,5,Apr 24 2023 20: +0,1682362800
0.217,16,Apr 24 2023 21: +0,1682366400
0.201,3,Apr 24 2023 22: +0,1682370000
0.225,5,Apr 24 2023 23: +0,1682373600
0.225,1,Apr 25 2023 01: +0,1682380800
0.201,3,Apr 25 2023 02: +0,1682384400
0.209,3,Apr 25 2023 03: +0,1682388000
0.217,2,Apr 25 2023 04: +0,1682391600
0.217,5,Apr 25 2023 05: +0,1682395200
0.201,3,Apr 25 2023 06: +0,1682398800
0.193,3,Apr 25 2023 07: +0,1682402400
0.175,2,Apr 25 2023 08: +0,1682406000
0.217,5,Apr 25 2023 09: +0,1682409600
0.217,4,Apr 25 2023 10: +0,1682413200
0.2,4,Apr 25 2023 11: +0,1682416800
0.209,3,Apr 25 2023 12: +0,1682420400
0.192,3,Apr 25 2023 13: +0,1682424000
0.217,9,Apr 25 2023 14: +0,1682427600
0.221,11,Apr 25 2023 15: +0,1682431200
0.2,10,Apr 25 2023 16: +0,1682434800
0.217,11,Apr 25 2023 17: +0,1682438400
0.218,3,Apr 25 2023 18: +0,1682442000
0.218,5,Apr 25 2023 19: +0,1682445600
0.226,1,Apr 25 2023 20: +0,1682449200
0.188,3,Apr 25 2023 21: +0,1682452800
0.184,8,Apr 25 2023 22: +0,1682456400
0.194,2,Apr 25 2023 23: +0,1682460000
0.179,2,Apr 26 2023 02: +0,1682470800
0.179,2,Apr 26 2023 03: +0,1682474400
0.185,1,Apr 26 2023 04: +0,1682478000
0.173,3,Apr 26 2023 07: +0,1682488800
0.189,2,Apr 26 2023 09: +0,1682496000
0.173,2,Apr 26 2023 11: +0,1682503200
0.183,1,Apr 26 2023 12: +0,1682506800
0.184,2,Apr 26 2023 13: +0,1682510400
0.174,2,Apr 26 2023 14: +0,1682514000
0.159,3,Apr 26 2023 15: +0,1682517600
0.143,8,Apr 26 2023 16: +0,1682521200
0.147,1,Apr 26 2023 17: +0,1682524800
0.145,5,Apr 26 2023 18: +0,1682528400
0.139,4,Apr 26 2023 19: +0,1682532000
0.147,1,Apr 26 2023 20: +0,1682535600
0.136,2,Apr 26 2023 21: +0,1682539200
0.128,1,Apr 26 2023 22: +0,1682542800
0.156,5,Apr 27 2023 03: +0,1682560800
0.156,1,Apr 27 2023 04: +0,1682564400
0.162,3,Apr 27 2023 05: +0,1682568000
0.135,1,Apr 27 2023 08: +0,1682578800
0.137,1,Apr 27 2023 09: +0,1682582400
0.152,1,Apr 27 2023 10: +0,1682586000
0.16,2,Apr 27 2023 11: +0,1682589600
0.153,1,Apr 27 2023 12: +0,1682593200
0.148,2,Apr 27 2023 13: +0,1682596800
0.153,1,Apr 27 2023 14: +0,1682600400
0.156,2,Apr 27 2023 15: +0,1682604000
0.147,2,Apr 27 2023 16: +0,1682607600
0.143,4,Apr 27 2023 17: +0,1682611200
0.16,1,Apr 27 2023 18: +0,1682614800
0.151,2,Apr 27 2023 19: +0,1682618400
0.153,3,Apr 27 2023 20: +0,1682622000
0.161,1,Apr 27 2023 21: +0,1682625600
0.161,9,Apr 27 2023 22: +0,1682629200
0.161,1,Apr 27 2023 23: +0,1682632800
0.138,3,Apr 28 2023 01: +0,1682640000
0.166,1,Apr 28 2023 02: +0,1682643600
0.116,2,Apr 28 2023 06: +0,1682658000
0.132,1,Apr 28 2023 08: +0,1682665200
0.138,1,Apr 28 2023 10: +0,1682672400
0.127,3,Apr 28 2023 12: +0,1682679600
0.152,3,Apr 28 2023 13: +0,1682683200
0.138,2,Apr 28 2023 14: +0,1682686800
0.144,3,Apr 28 2023 15: +0,1682690400
0.127,3,Apr 28 2023 17: +0,1682697600
0.141,3,Apr 28 2023 18: +0,1682701200
0.136,4,Apr 28 2023 19: +0,1682704800
0.121,1,Apr 28 2023 20: +0,1682708400
0.113,1,Apr 28 2023 21: +0,1682712000
0.125,1,Apr 28 2023 22: +0,1682715600
0.125,1,Apr 29 2023 00: +0,1682722800
0.147,1,Apr 29 2023 01: +0,1682726400
0.152,2,Apr 29 2023 02: +0,1682730000
0.16,1,Apr 29 2023 05: +0,1682740800
0.129,2,Apr 29 2023 08: +0,1682751600
0.147,5,Apr 29 2023 09: +0,1682755200
0.147,3,Apr 29 2023 10: +0,1682758800
0.144,2,Apr 29 2023 11: +0,1682762400
0.134,2,Apr 29 2023 12: +0,1682766000
0.138,2,Apr 29 2023 14: +0,1682773200
0.132,1,Apr 29 2023 15: +0,1682776800
0.143,2,Apr 29 2023 18: +0,1682787600
0.131,1,Apr 29 2023 20: +0,1682794800
0.13,1,Apr 29 2023 21: +0,1682798400
0.128,5,Apr 29 2023 22: +0,1682802000
0.123,3,Apr 29 2023 23: +0,1682805600
0.114,2,Apr 30 2023 02: +0,1682816400
0.104,3,Apr 30 2023 03: +0,1682820000
0.117,2,Apr 30 2023 04: +0,1682823600
0.081,1,Apr 30 2023 05: +0,1682827200
0.129,25,Apr 30 2023 07: +0,1682834400
0.136,4,Apr 30 2023 12: +0,1682852400
0.139,1,Apr 30 2023 14: +0,1682859600
0.139,2,Apr 30 2023 15: +0,1682863200
0.13,2,Apr 30 2023 16: +0,1682866800
0.131,1,Apr 30 2023 17: +0,1682870400
0.119,2,Apr 30 2023 18: +0,1682874000
0.097,2,Apr 30 2023 19: +0,1682877600
0.128,1,Apr 30 2023 20: +0,1682881200
0.123,1,May 01 2023 00: +0,1682895600
0.11,1,May 01 2023 01: +0,1682899200
0.133,4,May 01 2023 02: +0,1682902800
0.092,1,May 01 2023 03: +0,1682906400
0.12,3,May 01 2023 04: +0,1682910000
0.101,1,May 01 2023 05: +0,1682913600
0.121,1,May 01 2023 06: +0,1682917200
0.12,1,May 01 2023 07: +0,1682920800
0.12,1,May 01 2023 09: +0,1682928000
0.108,4,May 01 2023 10: +0,1682931600
0.136,3,May 01 2023 11: +0,1682935200
0.124,3,May 01 2023 12: +0,1682938800
0.105,1,May 01 2023 13: +0,1682942400
0.133,1,May 01 2023 14: +0,1682946000
0.121,3,May 01 2023 16: +0,1682953200
0.117,21,May 01 2023 17: +0,1682956800
0.092,2,May 01 2023 18: +0,1682960400
0.127,6,May 01 2023 19: +0,1682964000
0.132,1,May 01 2023 20: +0,1682967600
0.132,1,May 01 2023 21: +0,1682971200
0.12,1,May 01 2023 22: +0,1682974800
0.116,2,May 01 2023 23: +0,1682978400
0.12,1,May 02 2023 00: +0,1682982000
0.144,9,May 02 2023 01: +0,1682985600
0.128,3,May 02 2023 02: +0,1682989200
0.127,1,May 02 2023 03: +0,1682992800
0.128,7,May 02 2023 06: +0,1683003600
0.128,1,May 02 2023 07: +0,1683007200
0.115,1,May 02 2023 08: +0,1683010800
0.133,1,May 02 2023 09: +0,1683014400
0.109,10,May 02 2023 10: +0,1683018000
0.129,1,May 02 2023 11: +0,1683021600
0.133,2,May 02 2023 12: +0,1683025200
0.128,1,May 02 2023 13: +0,1683028800
0.152,97,May 02 2023 14: +0,1683032400
0.131,3,May 02 2023 15: +0,1683036000
0.141,1,May 02 2023 16: +0,1683039600
0.16,2,May 02 2023 17: +0,1683043200
0.134,4,May 02 2023 22: +0,1683061200
0.111,5,May 03 2023 00: +0,1683068400
0.12,3,May 03 2023 01: +0,1683072000
0.132,2,May 03 2023 02: +0,1683075600
0.132,2,May 03 2023 03: +0,1683079200
0.136,3,May 03 2023 04: +0,1683082800
0.136,2,May 03 2023 09: +0,1683100800
0.14,1,May 03 2023 10: +0,1683104400
0.131,1,May 03 2023 12: +0,1683111600
0.137,2,May 03 2023 13: +0,1683115200
0.141,2,May 03 2023 14: +0,1683118800
0.139,1,May 03 2023 18: +0,1683133200
0.136,2,May 03 2023 19: +0,1683136800
0.132,2,May 03 2023 22: +0,1683147600
0.131,1,May 03 2023 23: +0,1683151200
0.132,5,May 04 2023 00: +0,1683154800
0.139,6,May 04 2023 01: +0,1683158400
0.144,7,May 04 2023 02: +0,1683162000
0.12,2,May 04 2023 03: +0,1683165600
0.03,2,May 04 2023 04: +0,1683169200
0.144,1,May 04 2023 07: +0,1683180000
0.148,7,May 04 2023 08: +0,1683183600
0.151,4,May 04 2023 09: +0,1683187200
0.154,3,May 04 2023 11: +0,1683194400
0.15,1,May 04 2023 15: +0,1683208800
0.106,1,May 04 2023 16: +0,1683212400
0.154,2,May 04 2023 17: +0,1683216000
0.151,1,May 04 2023 18: +0,1683219600
0.144,1,May 04 2023 19: +0,1683223200
0.151,1,May 04 2023 20: +0,1683226800
0.162,9,May 04 2023 22: +0,1683234000
0.143,1,May 04 2023 23: +0,1683237600
0.158,2,May 05 2023 00: +0,1683241200
0.152,5,May 05 2023 01: +0,1683244800
0.127,29,May 05 2023 02: +0,1683248400
0.107,3,May 05 2023 03: +0,1683252000
0.102,6,May 05 2023 04: +0,1683255600
0.104,2,May 05 2023 05: +0,1683259200
0.104,1,May 05 2023 06: +0,1683262800
0.102,9,May 05 2023 07: +0,1683266400
0.096,3,May 05 2023 08: +0,1683270000
0.07,2,May 05 2023 10: +0,1683277200
0.076,2,May 05 2023 11: +0,1683280800
0.081,3,May 05 2023 12: +0,1683284400
0.097,5,May 05 2023 13: +0,1683288000
0.096,8,May 05 2023 14: +0,1683291600
0.092,4,May 05 2023 15: +0,1683295200
0.057,2,May 05 2023 16: +0,1683298800
0.083,7,May 05 2023 17: +0,1683302400
0.076,2,May 05 2023 18: +0,1683306000
0.042,5,May 05 2023 19: +0,1683309600
0.084,2,May 05 2023 20: +0,1683313200
0.054,2,May 05 2023 21: +0,1683316800
0.069,31,May 06 2023 01: +0,1683331200
0.083,2,May 06 2023 02: +0,1683334800
0.067,1,May 06 2023 05: +0,1683345600
0.071,1,May 06 2023 06: +0,1683349200
0.077,1,May 06 2023 08: +0,1683356400
0.061,3,May 06 2023 09: +0,1683360000
0.073,2,May 06 2023 10: +0,1683363600
0.077,1,May 06 2023 11: +0,1683367200
0.073,4,May 06 2023 12: +0,1683370800
0.073,2,May 06 2023 13: +0,1683374400
0.074,2,May 06 2023 14: +0,1683378000
0.064,3,May 06 2023 15: +0,1683381600
0.076,8,May 06 2023 16: +0,1683385200
0.06,5,May 06 2023 17: +0,1683388800
0.064,3,May 06 2023 18: +0,1683392400
0.066,2,May 06 2023 19: +0,1683396000
0.06,9,May 06 2023 20: +0,1683399600
0.06,1,May 06 2023 21: +0,1683403200
0.061,3,May 06 2023 22: +0,1683406800
0.053,1,May 06 2023 23: +0,1683410400
0.057,3,May 07 2023 02: +0,1683421200
0.062,2,May 07 2023 03: +0,1683424800
0.061,2,May 07 2023 05: +0,1683432000
0.057,8,May 07 2023 06: +0,1683435600
0.057,1,May 07 2023 07: +0,1683439200
0.03,2,May 07 2023 09: +0,1683446400
0.057,1,May 07 2023 10: +0,1683450000
0.057,1,May 07 2023 11: +0,1683453600
0.051,5,May 07 2023 12: +0,1683457200
0.061,1,May 07 2023 13: +0,1683460800
0.061,1,May 07 2023 14: +0,1683464400
0.052,1,May 07 2023 15: +0,1683468000
0.061,4,May 07 2023 16: +0,1683471600
0.07,3,May 07 2023 18: +0,1683478800
0.048,4,May 07 2023 19: +0,1683482400
0.056,2,May 07 2023 20: +0,1683486000
0.058,2,May 07 2023 21: +0,1683489600
0.061,1,May 07 2023 23: +0,1683496800
0.053,1,May 08 2023 01: +0,1683504000
0.055,1,May 08 2023 02: +0,1683507600
0.051,1,May 08 2023 05: +0,1683518400
0.051,1,May 08 2023 06: +0,1683522000
0.06,2,May 08 2023 08: +0,1683529200
0.049,1,May 08 2023 09: +0,1683532800
0.038,2,May 08 2023 11: +0,1683540000
0.061,3,May 08 2023 12: +0,1683543600
0.061,1,May 08 2023 14: +0,1683550800
0.051,4,May 08 2023 15: +0,1683554400
0.049,1,May 08 2023 16: +0,1683558000
0.049,4,May 08 2023 18: +0,1683565200
0.049,26,May 08 2023 19: +0,1683568800
0.055,2,May 08 2023 20: +0,1683572400
0.055,25,May 08 2023 21: +0,1683576000
0.061,1,May 08 2023 22: +0,1683579600
0.049,3,May 08 2023 23: +0,1683583200
0.061,1,May 09 2023 00: +0,1683586800
0.049,1,May 09 2023 03: +0,1683597600
0.049,1,May 09 2023 04: +0,1683601200
0.058,2,May 09 2023 06: +0,1683608400
0.051,1,May 09 2023 07: +0,1683612000
0.07,1,May 09 2023 08: +0,1683615600
0.07,2,May 09 2023 09: +0,1683619200
0.049,1,May 09 2023 11: +0,1683626400
0.068,1,May 09 2023 12: +0,1683630000
0.07,3,May 09 2023 14: +0,1683637200
0.065,2,May 09 2023 16: +0,1683644400
0.06,1,May 09 2023 18: +0,1683651600
0.07,1,May 09 2023 19: +0,1683655200
0.03,1,May 09 2023 21: +0,1683662400
0.061,1,May 09 2023 22: +0,1683666000
0.041,1,May 09 2023 23: +0,1683669600
0.03,4,May 10 2023 01: +0,1683676800
0.06,1,May 10 2023 03: +0,1683684000
0.07,1,May 10 2023 05: +0,1683691200
0.07,1,May 10 2023 10: +0,1683709200
0.07,1,May 10 2023 11: +0,1683712800
0.059,4,May 10 2023 12: +0,1683716400
0.061,1,May 10 2023 13: +0,1683720000
0.061,16,May 10 2023 15: +0,1683727200
0.069,1,May 10 2023 16: +0,1683730800
0.06,1,May 10 2023 17: +0,1683734400
0.078,1,May 10 2023 18: +0,1683738000
0.069,1,May 10 2023 19: +0,1683741600
0.069,3,May 10 2023 20: +0,1683745200
0.061,3,May 10 2023 21: +0,1683748800
0.074,2,May 10 2023 22: +0,1683752400
0.061,3,May 10 2023 23: +0,1683756000
0.059,1,May 11 2023 02: +0,1683766800
0.079,1,May 11 2023 03: +0,1683770400
0.035,1,May 11 2023 04: +0,1683774000
0.07,1,May 11 2023 09: +0,1683792000
0.064,1,May 11 2023 10: +0,1683795600
0.035,1,May 11 2023 11: +0,1683799200
0.066,1,May 11 2023 14: +0,1683810000
0.068,1,May 11 2023 18: +0,1683824400
0.065,2,May 11 2023 22: +0,1683838800
0.079,1,May 11 2023 23: +0,1683842400
0.044,1,May 12 2023 04: +0,1683860400
0.066,1,May 12 2023 05: +0,1683864000
0.072,1,May 12 2023 06: +0,1683867600
0.079,10,May 12 2023 08: +0,1683874800
0.072,1,May 12 2023 09: +0,1683878400
0.07,1,May 12 2023 10: +0,1683882000
0.068,2,May 12 2023 13: +0,1683892800
0.06,1,May 12 2023 14: +0,1683896400
0.064,1,May 12 2023 15: +0,1683900000
0.07,2,May 12 2023 18: +0,1683910800
0.07,1,May 12 2023 19: +0,1683914400
0.069,2,May 12 2023 20: +0,1683918000
0.068,2,May 12 2023 22: +0,1683925200
0.038,3,May 13 2023 00: +0,1683932400
0.048,1,May 13 2023 02: +0,1683939600
0.07,1,May 13 2023 04: +0,1683946800
0.065,2,May 13 2023 05: +0,1683950400
0.049,1,May 13 2023 06: +0,1683954000
0.06,1,May 13 2023 07: +0,1683957600
0.06,2,May 13 2023 08: +0,1683961200
0.049,1,May 13 2023 09: +0,1683964800
0.066,7,May 13 2023 10: +0,1683968400
0.047,1,May 13 2023 12: +0,1683975600
0.069,7,May 13 2023 13: +0,1683979200
0.07,1,May 13 2023 14: +0,1683982800
0.07,1,May 13 2023 16: +0,1683990000
0.078,1,May 13 2023 19: +0,1684000800
0.07,4,May 13 2023 20: +0,1684004400
0.06,1,May 13 2023 22: +0,1684011600
0.03,1,May 13 2023 23: +0,1684015200
0.07,1,May 14 2023 00: +0,1684018800
0.049,1,May 14 2023 01: +0,1684022400
0.07,1,May 14 2023 09: +0,1684051200
0.063,1,May 14 2023 10: +0,1684054800
0.07,6,May 14 2023 11: +0,1684058400
0.07,5,May 14 2023 12: +0,1684062000
0.056,2,May 14 2023 13: +0,1684065600
0.063,4,May 14 2023 15: +0,1684072800
0.07,1,May 14 2023 17: +0,1684080000
0.042,1,May 14 2023 19: +0,1684087200
0.07,1,May 14 2023 22: +0,1684098000
0.048,1,May 15 2023 01: +0,1684108800
0.07,1,May 15 2023 02: +0,1684112400
0.063,7,May 15 2023 04: +0,1684119600
0.067,2,May 15 2023 06: +0,1684126800
0.078,1,May 15 2023 10: +0,1684141200
0.07,1,May 15 2023 11: +0,1684144800
0.078,1,May 15 2023 14: +0,1684155600
0.075,2,May 15 2023 16: +0,1684162800
0.07,1,May 15 2023 17: +0,1684166400
0.045,1,May 15 2023 18: +0,1684170000
0.078,1,May 15 2023 21: +0,1684180800
0.07,1,May 15 2023 22: +0,1684184400
0.07,2,May 16 2023 01: +0,1684195200
0.048,1,May 16 2023 03: +0,1684202400
0.06,1,May 16 2023 07: +0,1684216800
0.07,2,May 16 2023 08: +0,1684220400
0.061,2,May 16 2023 10: +0,1684227600
0.06,1,May 16 2023 12: +0,1684234800
0.07,1,May 16 2023 14: +0,1684242000
0.07,1,May 16 2023 16: +0,1684249200
0.07,1,May 16 2023 17: +0,1684252800
0.07,2,May 16 2023 18: +0,1684256400
0.03,1,May 16 2023 19: +0,1684260000
0.06,11,May 16 2023 20: +0,1684263600
0.07,1,May 16 2023 22: +0,1684270800
0.07,1,May 17 2023 00: +0,1684278000
0.07,1,May 17 2023 01: +0,1684281600
0.061,1,May 17 2023 02: +0,1684285200
0.07,1,May 17 2023 03: +0,1684288800
0.053,2,May 17 2023 04: +0,1684292400
0.064,6,May 17 2023 05: +0,1684296000
0.08,1,May 17 2023 09: +0,1684310400
0.065,5,May 17 2023 10: +0,1684314000
0.063,2,May 17 2023 11: +0,1684317600
0.067,2,May 17 2023 13: +0,1684324800
0.07,4,May 17 2023 14: +0,1684328400
0.07,2,May 17 2023 15: +0,1684332000
0.066,5,May 17 2023 16: +0,1684335600
0.068,2,May 17 2023 17: +0,1684339200
0.07,3,May 17 2023 18: +0,1684342800
0.07,1,May 17 2023 19: +0,1684346400
0.07,15,May 17 2023 20: +0,1684350000
0.056,1,May 17 2023 22: +0,1684357200
0.05,1,May 18 2023 01: +0,1684368000
0.059,1,May 18 2023 02: +0,1684371600
0.06,1,May 18 2023 06: +0,1684386000
0.05,1,May 18 2023 11: +0,1684404000
0.04,1,May 18 2023 14: +0,1684414800
0.054,6,May 18 2023 15: +0,1684418400
0.078,11,May 18 2023 16: +0,1684422000
0.079,4,May 18 2023 17: +0,1684425600
0.079,2,May 18 2023 18: +0,1684429200
0.055,4,May 18 2023 19: +0,1684432800
0.044,2,May 18 2023 20: +0,1684436400
0.06,2,May 18 2023 22: +0,1684443600
0.056,1,May 19 2023 00: +0,1684450800
0.081,1,May 19 2023 01: +0,1684454400
0.059,2,May 19 2023 03: +0,1684461600
0.056,2,May 19 2023 05: +0,1684468800
0.059,1,May 19 2023 11: +0,1684490400
0.054,4,May 19 2023 14: +0,1684501200
0.059,1,May 19 2023 15: +0,1684504800
0.069,4,May 19 2023 16: +0,1684508400
0.062,2,May 19 2023 17: +0,1684512000
0.03,1,May 19 2023 18: +0,1684515600
0.059,2,May 19 2023 19: +0,1684519200
0.068,5,May 19 2023 20: +0,1684522800
0.064,3,May 19 2023 21: +0,1684526400
0.064,2,May 19 2023 23: +0,1684533600
0.061,12,May 20 2023 00: +0,1684537200
0.077,1,May 20 2023 02: +0,1684544400
0.061,1,May 20 2023 04: +0,1684551600
0.063,1,May 20 2023 07: +0,1684562400
0.063,5,May 20 2023 08: +0,1684566000
0.077,1,May 20 2023 09: +0,1684569600
0.063,1,May 20 2023 10: +0,1684573200
0.06,1,May 20 2023 11: +0,1684576800
0.061,2,May 20 2023 13: +0,1684584000
0.063,1,May 20 2023 15: +0,1684591200
0.063,1,May 20 2023 16: +0,1684594800
0.057,3,May 20 2023 17: +0,1684598400
0.068,4,May 20 2023 18: +0,1684602000
0.06,1,May 20 2023 20: +0,1684609200
0.067,2,May 20 2023 21: +0,1684612800
0.061,1,May 20 2023 22: +0,1684616400
0.04,2,May 21 2023 01: +0,1684627200
0.08,1,May 21 2023 05: +0,1684641600
0.072,1,May 21 2023 06: +0,1684645200
0.066,3,May 21 2023 08: +0,1684652400
0.072,6,May 21 2023 11: +0,1684663200
0.072,2,May 21 2023 12: +0,1684666800
0.072,1,May 21 2023 13: +0,1684670400
0.06,1,May 21 2023 15: +0,1684677600
0.063,2,May 21 2023 16: +0,1684681200
0.061,1,May 21 2023 17: +0,1684684800
0.054,2,May 21 2023 18: +0,1684688400
0.057,2,May 21 2023 19: +0,1684692000
0.067,5,May 21 2023 20: +0,1684695600
0.056,1,May 21 2023 21: +0,1684699200
0.061,1,May 21 2023 22: +0,1684702800
0.049,3,May 22 2023 00: +0,1684710000
0.065,1,May 22 2023 08: +0,1684738800
0.06,4,May 22 2023 09: +0,1684742400
0.062,2,May 22 2023 12: +0,1684753200
0.046,1,May 22 2023 14: +0,1684760400
0.072,4,May 22 2023 15: +0,1684764000
0.064,7,May 22 2023 17: +0,1684771200
0.064,1,May 22 2023 19: +0,1684778400
0.064,1,May 22 2023 20: +0,1684782000
0.064,2,May 22 2023 21: +0,1684785600
0.064,1,May 22 2023 22: +0,1684789200
0.065,1,May 23 2023 05: +0,1684814400
0.065,2,May 23 2023 06: +0,1684818000
0.064,1,May 23 2023 08: +0,1684825200
0.06,2,May 23 2023 10: +0,1684832400
0.051,2,May 23 2023 13: +0,1684843200
0.061,1,May 23 2023 16: +0,1684854000
0.039,1,May 23 2023 17: +0,1684857600
0.061,1,May 23 2023 18: +0,1684861200
0.041,14,May 23 2023 19: +0,1684864800
0.061,2,May 23 2023 21: +0,1684872000
0.041,2,May 23 2023 22: +0,1684875600
0.04,1,May 24 2023 01: +0,1684886400
0.041,1,May 24 2023 03: +0,1684893600
0.046,1,May 24 2023 04: +0,1684897200
0.041,1,May 24 2023 06: +0,1684904400
0.037,1,May 24 2023 08: +0,1684911600
0.07,1,May 24 2023 09: +0,1684915200
0.045,2,May 24 2023 11: +0,1684922400
0.056,2,May 24 2023 13: +0,1684929600
0.037,3,May 24 2023 16: +0,1684940400
0.07,11,May 24 2023 18: +0,1684947600
0.047,3,May 24 2023 19: +0,1684951200
0.07,2,May 24 2023 20: +0,1684954800
0.047,1,May 24 2023 23: +0,1684965600
0.043,2,May 25 2023 04: +0,1684983600
0.047,1,May 25 2023 05: +0,1684987200
0.052,1,May 25 2023 08: +0,1684998000
0.047,15,May 25 2023 13: +0,1685016000
0.047,3,May 25 2023 14: +0,1685019600
0.043,2,May 25 2023 15: +0,1685023200
0.053,4,May 25 2023 16: +0,1685026800
0.047,1,May 25 2023 17: +0,1685030400
0.043,2,May 25 2023 18: +0,1685034000
0.04,3,May 25 2023 20: +0,1685041200
0.047,2,May 25 2023 21: +0,1685044800
0.049,1,May 25 2023 22: +0,1685048400
0.038,26,May 25 2023 23: +0,1685052000
0.04,1,May 26 2023 00: +0,1685055600
0.046,1,May 26 2023 01: +0,1685059200
0.038,1,May 26 2023 04: +0,1685070000
0.038,3,May 26 2023 06: +0,1685077200
0.057,1,May 26 2023 07: +0,1685080800
0.049,1,May 26 2023 10: +0,1685091600
0.047,1,May 26 2023 11: +0,1685095200
0.038,1,May 26 2023 12: +0,1685098800
0.043,3,May 26 2023 13: +0,1685102400
0.065,1,May 26 2023 14: +0,1685106000
0.041,4,May 26 2023 16: +0,1685113200
0.047,4,May 26 2023 17: +0,1685116800
0.04,1,May 26 2023 18: +0,1685120400
0.048,3,May 26 2023 19: +0,1685124000
0.047,1,May 26 2023 20: +0,1685127600
0.043,1,May 26 2023 21: +0,1685131200
0.048,1,May 26 2023 22: +0,1685134800
0.047,1,May 27 2023 00: +0,1685142000
0.048,19,May 27 2023 09: +0,1685174400
0.061,4,May 27 2023 12: +0,1685185200
0.04,1,May 27 2023 13: +0,1685188800
0.047,2,May 27 2023 15: +0,1685196000
0.05,1,May 27 2023 16: +0,1685199600
0.04,3,May 27 2023 17: +0,1685203200
0.04,1,May 27 2023 18: +0,1685206800
0.048,1,May 27 2023 19: +0,1685210400
0.048,3,May 27 2023 20: +0,1685214000
0.042,1,May 27 2023 21: +0,1685217600
0.05,1,May 27 2023 22: +0,1685221200
0.047,1,May 28 2023 00: +0,1685228400
0.061,2,May 28 2023 01: +0,1685232000
0.065,1,May 28 2023 05: +0,1685246400
0.04,3,May 28 2023 06: +0,1685250000
0.047,1,May 28 2023 07: +0,1685253600
0.047,4,May 28 2023 09: +0,1685260800
0.041,3,May 28 2023 10: +0,1685264400
0.048,3,May 28 2023 12: +0,1685271600
0.048,4,May 28 2023 13: +0,1685275200
0.049,2,May 28 2023 14: +0,1685278800
0.049,2,May 28 2023 15: +0,1685282400
0.033,1,May 28 2023 16: +0,1685286000
0.038,2,May 28 2023 18: +0,1685293200
0.049,1,May 28 2023 19: +0,1685296800
0.048,1,May 28 2023 21: +0,1685304000
0.041,1,May 29 2023 02: +0,1685322000
0.048,1,May 29 2023 04: +0,1685329200
0.047,1,May 29 2023 06: +0,1685336400
0.049,1,May 29 2023 08: +0,1685343600
0.044,1,May 29 2023 10: +0,1685350800
0.05,1,May 29 2023 11: +0,1685354400
0.048,2,May 29 2023 12: +0,1685358000
0.041,5,May 29 2023 14: +0,1685365200
0.048,3,May 29 2023 15: +0,1685368800
0.049,1,May 29 2023 16: +0,1685372400
0.043,2,May 29 2023 17: +0,1685376000
0.047,1,May 29 2023 19: +0,1685383200
0.049,1,May 29 2023 20: +0,1685386800
0.045,1,May 29 2023 22: +0,1685394000
0.047,2,May 29 2023 23: +0,1685397600
0.047,3,May 30 2023 06: +0,1685422800
0.048,1,May 30 2023 08: +0,1685430000
0.04,5,May 30 2023 09: +0,1685433600
0.044,2,May 30 2023 11: +0,1685440800
0.035,1,May 30 2023 12: +0,1685444400
0.04,1,May 30 2023 13: +0,1685448000
0.038,1,May 30 2023 14: +0,1685451600
0.034,1,May 30 2023 15: +0,1685455200
0.042,2,May 30 2023 17: +0,1685462400
0.044,2,May 30 2023 18: +0,1685466000
0.047,4,May 30 2023 20: +0,1685473200
0.054,2,May 30 2023 21: +0,1685476800
0.047,2,May 30 2023 22: +0,1685480400
0.046,1,May 30 2023 23: +0,1685484000
0.041,1,May 31 2023 00: +0,1685487600
0.047,3,May 31 2023 01: +0,1685491200
0.042,18,May 31 2023 03: +0,1685498400
0.035,3,May 31 2023 06: +0,1685509200
0.033,2,May 31 2023 07: +0,1685512800
0.049,2,May 31 2023 09: +0,1685520000
0.038,1,May 31 2023 10: +0,1685523600
0.033,4,May 31 2023 11: +0,1685527200
0.061,1,May 31 2023 12: +0,1685530800
0.03,2,May 31 2023 19: +0,1685556000
0.036,3,May 31 2023 20: +0,1685559600
0.03,2,May 31 2023 21: +0,1685563200
0.03,2,May 31 2023 22: +0,1685566800
0.038,1,May 31 2023 23: +0,1685570400
0.038,4,Jun 01 2023 06: +0,1685595600
0.036,1,Jun 01 2023 08: +0,1685602800
0.038,3,Jun 01 2023 09: +0,1685606400
0.036,2,Jun 01 2023 11: +0,1685613600
0.033,1,Jun 01 2023 12: +0,1685617200
0.03,1,Jun 01 2023 15: +0,1685628000
0.033,4,Jun 01 2023 16: +0,1685631600
0.03,1,Jun 01 2023 18: +0,1685638800
0.03,13,Jun 01 2023 19: +0,1685642400
0.031,4,Jun 01 2023 20: +0,1685646000
0.051,55,Jun 01 2023 21: +0,1685649600
0.031,2,Jun 01 2023 22: +0,1685653200
0.03,1,Jun 01 2023 23: +0,1685656800
0.033,2,Jun 02 2023 06: +0,1685682000
0.051,6,Jun 02 2023 08: +0,1685689200
0.042,2,Jun 02 2023 09: +0,1685692800
0.051,2,Jun 02 2023 13: +0,1685707200
0.051,1,Jun 02 2023 15: +0,1685714400
0.051,1,Jun 02 2023 18: +0,1685725200
0.04,5,Jun 02 2023 20: +0,1685732400
0.03,2,Jun 03 2023 02: +0,1685754000
0.037,1,Jun 03 2023 04: +0,1685761200
0.052,4,Jun 03 2023 08: +0,1685775600
0.031,1,Jun 03 2023 09: +0,1685779200
0.032,2,Jun 03 2023 13: +0,1685793600
0.036,2,Jun 03 2023 15: +0,1685800800
0.03,2,Jun 03 2023 16: +0,1685804400
0.042,2,Jun 03 2023 17: +0,1685808000
0.031,2,Jun 03 2023 18: +0,1685811600
0.03,1,Jun 03 2023 19: +0,1685815200
0.03,3,Jun 03 2023 20: +0,1685818800
0.03,2,Jun 03 2023 22: +0,1685826000
0.03,1,Jun 04 2023 01: +0,1685836800
0.052,2,Jun 04 2023 02: +0,1685840400
0.032,4,Jun 04 2023 03: +0,1685844000
0.032,1,Jun 04 2023 06: +0,1685854800
0.03,2,Jun 04 2023 08: +0,1685862000
0.052,1,Jun 04 2023 09: +0,1685865600
0.03,1,Jun 04 2023 10: +0,1685869200
0.03,2,Jun 04 2023 11: +0,1685872800
0.03,1,Jun 04 2023 15: +0,1685887200
0.03,1,Jun 04 2023 16: +0,1685890800
0.03,4,Jun 04 2023 19: +0,1685901600
0.03,2,Jun 04 2023 20: +0,1685905200
0.031,1,Jun 04 2023 21: +0,1685908800
0.03,1,Jun 04 2023 22: +0,1685912400
0.03,1,Jun 05 2023 05: +0,1685937600
0.03,1,Jun 05 2023 07: +0,1685944800
0.03,1,Jun 05 2023 09: +0,1685952000
0.03,1,Jun 05 2023 11: +0,1685959200
0.031,2,Jun 05 2023 13: +0,1685966400
0.031,7,Jun 05 2023 14: +0,1685970000
0.052,4,Jun 05 2023 15: +0,1685973600
0.03,2,Jun 05 2023 17: +0,1685980800
0.031,4,Jun 05 2023 18: +0,1685984400
0.036,1,Jun 05 2023 19: +0,1685988000
0.041,2,Jun 05 2023 21: +0,1685995200
0.03,2,Jun 06 2023 01: +0,1686009600
0.048,3,Jun 06 2023 03: +0,1686016800
0.03,1,Jun 06 2023 05: +0,1686024000
0.03,1,Jun 06 2023 06: +0,1686027600
0.03,1,Jun 06 2023 07: +0,1686031200
0.03,1,Jun 06 2023 10: +0,1686042000
0.036,1,Jun 06 2023 12: +0,1686049200
0.04,2,Jun 06 2023 16: +0,1686063600
0.03,1,Jun 06 2023 18: +0,1686070800
0.03,2,Jun 06 2023 22: +0,1686085200
0.032,3,Jun 07 2023 02: +0,1686099600
0.051,3,Jun 07 2023 03: +0,1686103200
0.03,2,Jun 07 2023 06: +0,1686114000
0.033,1,Jun 07 2023 07: +0,1686117600
0.033,1,Jun 07 2023 12: +0,1686135600
0.034,1,Jun 07 2023 13: +0,1686139200
0.051,4,Jun 07 2023 14: +0,1686142800
0.032,2,Jun 07 2023 17: +0,1686153600
0.033,1,Jun 07 2023 19: +0,1686160800
0.03,1,Jun 07 2023 20: +0,1686164400
0.03,1,Jun 07 2023 23: +0,1686175200
0.051,1,Jun 08 2023 00: +0,1686178800
0.034,1,Jun 08 2023 06: +0,1686200400
0.032,1,Jun 08 2023 09: +0,1686211200
0.03,3,Jun 08 2023 10: +0,1686214800
0.031,1,Jun 08 2023 12: +0,1686222000
0.034,1,Jun 08 2023 13: +0,1686225600
0.034,1,Jun 08 2023 14: +0,1686229200
0.051,18,Jun 08 2023 15: +0,1686232800
0.032,1,Jun 08 2023 16: +0,1686236400
0.03,1,Jun 08 2023 17: +0,1686240000
0.032,1,Jun 08 2023 18: +0,1686243600
0.035,1,Jun 08 2023 19: +0,1686247200
0.035,4,Jun 08 2023 20: +0,1686250800
0.032,5,Jun 08 2023 21: +0,1686254400
0.03,2,Jun 08 2023 22: +0,1686258000
0.03,2,Jun 09 2023 01: +0,1686268800
0.03,1,Jun 09 2023 05: +0,1686283200
0.033,3,Jun 09 2023 06: +0,1686286800
0.03,2,Jun 09 2023 07: +0,1686290400
0.03,1,Jun 09 2023 08: +0,1686294000
0.03,1,Jun 09 2023 10: +0,1686301200
0.031,2,Jun 09 2023 12: +0,1686308400
0.048,3,Jun 09 2023 13: +0,1686312000
0.031,1,Jun 09 2023 15: +0,1686319200
0.03,2,Jun 09 2023 16: +0,1686322800
0.03,1,Jun 09 2023 18: +0,1686330000
0.03,1,Jun 09 2023 19: +0,1686333600
0.03,2,Jun 09 2023 20: +0,1686337200
0.03,2,Jun 09 2023 22: +0,1686344400
0.03,4,Jun 09 2023 23: +0,1686348000
0.031,1,Jun 10 2023 00: +0,1686351600
0.031,1,Jun 10 2023 01: +0,1686355200
0.03,1,Jun 10 2023 03: +0,1686362400
0.03,2,Jun 10 2023 05: +0,1686369600
0.03,4,Jun 10 2023 06: +0,1686373200
0.031,1,Jun 10 2023 07: +0,1686376800
0.051,1,Jun 10 2023 08: +0,1686380400
0.036,6,Jun 10 2023 11: +0,1686391200
0.036,1,Jun 10 2023 12: +0,1686394800
0.037,2,Jun 10 2023 13: +0,1686398400
0.03,1,Jun 10 2023 14: +0,1686402000
0.037,1,Jun 10 2023 15: +0,1686405600
0.05,1,Jun 10 2023 20: +0,1686423600
0.036,1,Jun 10 2023 22: +0,1686430800
0.05,3,Jun 11 2023 04: +0,1686452400
0.05,1,Jun 11 2023 06: +0,1686459600
0.05,1,Jun 11 2023 10: +0,1686474000
0.03,3,Jun 11 2023 11: +0,1686477600
0.047,4,Jun 11 2023 14: +0,1686488400
0.051,3,Jun 11 2023 16: +0,1686495600
0.036,1,Jun 11 2023 17: +0,1686499200
0.03,1,Jun 11 2023 18: +0,1686502800
0.03,1,Jun 11 2023 19: +0,1686506400
0.03,1,Jun 11 2023 20: +0,1686510000
0.051,1,Jun 11 2023 21: +0,1686513600
0.03,1,Jun 11 2023 22: +0,1686517200
0.047,1,Jun 12 2023 00: +0,1686524400
0.03,1,Jun 12 2023 01: +0,1686528000
0.03,1,Jun 12 2023 03: +0,1686535200
0.03,1,Jun 12 2023 07: +0,1686549600
0.03,1,Jun 12 2023 09: +0,1686556800
0.031,2,Jun 12 2023 10: +0,1686560400
0.03,1,Jun 12 2023 11: +0,1686564000
0.033,2,Jun 12 2023 12: +0,1686567600
0.03,2,Jun 12 2023 14: +0,1686574800
0.042,1,Jun 12 2023 15: +0,1686578400
0.031,4,Jun 12 2023 17: +0,1686585600
0.034,2,Jun 12 2023 18: +0,1686589200
0.03,1,Jun 12 2023 21: +0,1686600000
0.047,1,Jun 12 2023 22: +0,1686603600
0.03,1,Jun 12 2023 23: +0,1686607200
0.03,1,Jun 13 2023 00: +0,1686610800
0.03,1,Jun 13 2023 05: +0,1686628800
0.03,1,Jun 13 2023 07: +0,1686636000
0.047,37,Jun 13 2023 08: +0,1686639600
0.03,2,Jun 13 2023 09: +0,1686643200
0.03,1,Jun 13 2023 10: +0,1686646800
0.03,1,Jun 13 2023 13: +0,1686657600
0.03,3,Jun 13 2023 16: +0,1686668400
0.03,3,Jun 13 2023 17: +0,1686672000
0.051,1,Jun 13 2023 18: +0,1686675600
0.039,1,Jun 13 2023 19: +0,1686679200
0.051,3,Jun 13 2023 21: +0,1686686400
0.041,1,Jun 13 2023 23: +0,1686693600
0.034,1,Jun 14 2023 00: +0,1686697200
0.034,1,Jun 14 2023 03: +0,1686708000
0.033,1,Jun 14 2023 05: +0,1686715200
0.031,2,Jun 14 2023 10: +0,1686733200
0.043,2,Jun 14 2023 12: +0,1686740400
0.03,2,Jun 14 2023 13: +0,1686744000
0.03,1,Jun 14 2023 14: +0,1686747600
0.03,3,Jun 14 2023 15: +0,1686751200
0.03,1,Jun 14 2023 16: +0,1686754800
0.03,1,Jun 14 2023 17: +0,1686758400
0.03,2,Jun 14 2023 19: +0,1686765600
0.034,9,Jun 14 2023 20: +0,1686769200
0.047,1,Jun 14 2023 22: +0,1686776400
0.034,2,Jun 14 2023 23: +0,1686780000
0.055,1,Jun 15 2023 01: +0,1686787200
0.03,1,Jun 15 2023 04: +0,1686798000
0.041,2,Jun 15 2023 09: +0,1686816000
0.051,1,Jun 15 2023 11: +0,1686823200
0.03,3,Jun 15 2023 12: +0,1686826800
0.036,1,Jun 15 2023 13: +0,1686830400
0.035,2,Jun 15 2023 14: +0,1686834000
0.039,1,Jun 15 2023 17: +0,1686844800
0.03,1,Jun 15 2023 19: +0,1686852000
0.051,1,Jun 16 2023 01: +0,1686873600
0.055,1,Jun 16 2023 11: +0,1686909600
0.059,1,Jun 16 2023 13: +0,1686916800
0.051,1,Jun 16 2023 16: +0,1686927600
0.047,6,Jun 16 2023 17: +0,1686931200
0.047,1,Jun 16 2023 18: +0,1686934800
0.047,6,Jun 16 2023 20: +0,1686942000
0.037,2,Jun 16 2023 21: +0,1686945600
0.047,10,Jun 17 2023 00: +0,1686956400
0.03,2,Jun 17 2023 02: +0,1686963600
0.041,1,Jun 17 2023 12: +0,1686999600
0.03,1,Jun 17 2023 17: +0,1687017600
0.038,1,Jun 17 2023 18: +0,1687021200
0.03,1,Jun 17 2023 19: +0,1687024800
0.047,2,Jun 17 2023 20: +0,1687028400
0.047,1,Jun 17 2023 23: +0,1687039200
0.047,22,Jun 18 2023 06: +0,1687064400
0.039,1,Jun 18 2023 07: +0,1687068000
0.047,5,Jun 18 2023 08: +0,1687071600
0.039,1,Jun 18 2023 13: +0,1687089600
0.036,1,Jun 18 2023 16: +0,1687100400
0.03,1,Jun 18 2023 17: +0,1687104000
0.047,1,Jun 18 2023 19: +0,1687111200
0.03,1,Jun 19 2023 04: +0,1687143600
0.051,3,Jun 19 2023 08: +0,1687158000
0.034,2,Jun 19 2023 10: +0,1687165200
0.031,7,Jun 19 2023 14: +0,1687179600
0.03,1,Jun 19 2023 16: +0,1687186800
0.036,2,Jun 19 2023 17: +0,1687190400
0.042,2,Jun 19 2023 21: +0,1687204800
0.039,1,Jun 19 2023 22: +0,1687208400
0.036,2,Jun 19 2023 23: +0,1687212000
0.03,5,Jun 20 2023 04: +0,1687230000
0.031,1,Jun 20 2023 06: +0,1687237200
0.034,3,Jun 20 2023 07: +0,1687240800
0.03,1,Jun 20 2023 08: +0,1687244400
0.03,1,Jun 20 2023 19: +0,1687284000
0.041,2,Jun 20 2023 20: +0,1687287600
0.035,1,Jun 20 2023 22: +0,1687294800
0.051,1,Jun 21 2023 02: +0,1687309200
0.039,1,Jun 21 2023 03: +0,1687312800
0.03,2,Jun 21 2023 05: +0,1687320000
0.03,1,Jun 21 2023 06: +0,1687323600
0.039,1,Jun 21 2023 08: +0,1687330800
0.042,128,Jun 21 2023 10: +0,1687338000
0.047,4,Jun 21 2023 11: +0,1687341600
0.047,1,Jun 21 2023 13: +0,1687348800
0.047,2,Jun 21 2023 15: +0,1687356000
0.06,1,Jun 21 2023 21: +0,1687377600
0.052,1,Jun 22 2023 02: +0,1687395600
0.047,1,Jun 22 2023 03: +0,1687399200
0.045,2,Jun 22 2023 07: +0,1687413600
0.045,1,Jun 22 2023 09: +0,1687420800
0.04,1,Jun 22 2023 14: +0,1687438800
0.035,1,Jun 22 2023 16: +0,1687446000
0.043,1,Jun 22 2023 18: +0,1687453200
0.036,2,Jun 22 2023 19: +0,1687456800
0.03,1,Jun 22 2023 23: +0,1687471200
0.041,1,Jun 23 2023 00: +0,1687474800
0.047,3,Jun 23 2023 01: +0,1687478400
0.033,2,Jun 23 2023 02: +0,1687482000
0.036,1,Jun 23 2023 04: +0,1687489200
0.034,2,Jun 23 2023 05: +0,1687492800
0.03,1,Jun 23 2023 10: +0,1687510800
0.037,1,Jun 23 2023 11: +0,1687514400
0.031,2,Jun 23 2023 13: +0,1687521600
0.031,2,Jun 23 2023 14: +0,1687525200
0.031,3,Jun 23 2023 15: +0,1687528800
0.03,1,Jun 23 2023 16: +0,1687532400
0.032,3,Jun 23 2023 17: +0,1687536000
0.03,1,Jun 23 2023 18: +0,1687539600
0.039,1,Jun 23 2023 19: +0,1687543200
0.03,1,Jun 23 2023 20: +0,1687546800
0.03,1,Jun 23 2023 22: +0,1687554000
0.032,1,Jun 23 2023 23: +0,1687557600
0.034,7,Jun 24 2023 05: +0,1687579200
0.03,2,Jun 24 2023 09: +0,1687593600
0.033,4,Jun 24 2023 11: +0,1687600800
0.034,3,Jun 24 2023 12: +0,1687604400
0.033,1,Jun 24 2023 17: +0,1687622400
0.033,4,Jun 24 2023 18: +0,1687626000
0.039,1,Jun 24 2023 19: +0,1687629600
0.035,89,Jun 24 2023 20: +0,1687633200
0.03,1,Jun 24 2023 23: +0,1687644000
0.03,1,Jun 25 2023 07: +0,1687672800
0.03,1,Jun 25 2023 13: +0,1687694400
0.034,8,Jun 25 2023 15: +0,1687701600
0.033,1,Jun 25 2023 16: +0,1687705200
0.039,1,Jun 25 2023 18: +0,1687712400
0.033,3,Jun 25 2023 20: +0,1687719600
0.032,2,Jun 25 2023 21: +0,1687723200
0.03,1,Jun 26 2023 00: +0,1687734000
0.033,3,Jun 26 2023 03: +0,1687744800
0.047,1,Jun 26 2023 04: +0,1687748400
0.03,2,Jun 26 2023 05: +0,1687752000
0.039,1,Jun 26 2023 06: +0,1687755600
0.03,3,Jun 26 2023 08: +0,1687762800
0.03,2,Jun 26 2023 09: +0,1687766400
0.033,1,Jun 26 2023 10: +0,1687770000
0.034,1,Jun 26 2023 12: +0,1687777200
0.037,5,Jun 26 2023 14: +0,1687784400
0.03,1,Jun 26 2023 15: +0,1687788000
0.033,1,Jun 26 2023 17: +0,1687795200
0.051,1,Jun 26 2023 18: +0,1687798800
0.033,2,Jun 26 2023 19: +0,1687802400
0.03,1,Jun 26 2023 21: +0,1687809600
0.03,1,Jun 27 2023 03: +0,1687831200
0.03,1,Jun 27 2023 04: +0,1687834800
0.036,11,Jun 27 2023 06: +0,1687842000
0.031,3,Jun 27 2023 16: +0,1687878000
0.04,1,Jun 27 2023 17: +0,1687881600
0.034,1,Jun 27 2023 22: +0,1687899600
0.033,1,Jun 28 2023 00: +0,1687906800
0.03,1,Jun 28 2023 02: +0,1687914000
0.04,1,Jun 28 2023 03: +0,1687917600
0.03,1,Jun 28 2023 04: +0,1687921200
0.033,2,Jun 28 2023 07: +0,1687932000
0.034,2,Jun 28 2023 10: +0,1687942800
0.034,1,Jun 28 2023 12: +0,1687950000
0.034,2,Jun 28 2023 17: +0,1687968000
0.034,4,Jun 28 2023 18: +0,1687971600
0.03,1,Jun 28 2023 19: +0,1687975200
0.03,4,Jun 28 2023 20: +0,1687978800
0.034,1,Jun 28 2023 22: +0,1687986000
0.03,1,Jun 28 2023 23: +0,1687989600
0.034,2,Jun 29 2023 00: +0,1687993200
0.052,1,Jun 29 2023 01: +0,1687996800
0.032,1,Jun 29 2023 02: +0,1688000400
0.03,3,Jun 29 2023 03: +0,1688004000
0.04,1,Jun 29 2023 04: +0,1688007600
0.03,1,Jun 29 2023 08: +0,1688022000
0.031,3,Jun 29 2023 09: +0,1688025600
0.032,2,Jun 29 2023 11: +0,1688032800
0.034,1,Jun 29 2023 14: +0,1688043600
0.034,1,Jun 29 2023 15: +0,1688047200
0.035,2,Jun 29 2023 17: +0,1688054400
0.034,1,Jun 29 2023 18: +0,1688058000
0.03,1,Jun 29 2023 19: +0,1688061600
0.033,1,Jun 29 2023 22: +0,1688072400
0.04,3,Jun 30 2023 01: +0,1688083200
0.036,1,Jun 30 2023 02: +0,1688086800
0.03,1,Jun 30 2023 03: +0,1688090400
0.03,1,Jun 30 2023 09: +0,1688112000
0.036,2,Jun 30 2023 10: +0,1688115600
0.037,2,Jun 30 2023 11: +0,1688119200
0.033,1,Jun 30 2023 12: +0,1688122800
0.034,1,Jun 30 2023 14: +0,1688130000
0.03,1,Jun 30 2023 18: +0,1688144400
0.032,2,Jun 30 2023 19: +0,1688148000
0.03,1,Jun 30 2023 20: +0,1688151600
0.033,1,Jun 30 2023 21: +0,1688155200
0.032,1,Jul 01 2023 02: +0,1688173200
0.031,1,Jul 01 2023 03: +0,1688176800
0.032,1,Jul 01 2023 08: +0,1688194800
0.03,1,Jul 01 2023 13: +0,1688212800
0.03,3,Jul 01 2023 17: +0,1688227200
0.03,1,Jul 01 2023 20: +0,1688238000
0.03,1,Jul 01 2023 21: +0,1688241600
0.04,2,Jul 01 2023 22: +0,1688245200
0.039,1,Jul 02 2023 02: +0,1688259600
0.03,3,Jul 02 2023 05: +0,1688270400
0.032,1,Jul 02 2023 06: +0,1688274000
0.03,1,Jul 02 2023 11: +0,1688292000
0.03,2,Jul 02 2023 15: +0,1688306400
0.033,6,Jul 02 2023 16: +0,1688310000
0.03,1,Jul 02 2023 17: +0,1688313600
0.033,1,Jul 02 2023 20: +0,1688324400
0.031,2,Jul 02 2023 21: +0,1688328000
0.03,2,Jul 02 2023 22: +0,1688331600
0.033,2,Jul 02 2023 23: +0,1688335200
0.03,1,Jul 03 2023 02: +0,1688346000
0.033,1,Jul 03 2023 04: +0,1688353200
0.033,2,Jul 03 2023 05: +0,1688356800
0.031,2,Jul 03 2023 08: +0,1688367600
0.033,1,Jul 03 2023 13: +0,1688385600
0.03,1,Jul 03 2023 14: +0,1688389200
0.03,1,Jul 03 2023 16: +0,1688396400
0.03,1,Jul 03 2023 17: +0,1688400000
0.031,2,Jul 03 2023 18: +0,1688403600
0.03,3,Jul 03 2023 20: +0,1688410800
0.031,2,Jul 03 2023 21: +0,1688414400
0.03,3,Jul 03 2023 22: +0,1688418000
0.033,2,Jul 03 2023 23: +0,1688421600
0.03,2,Jul 04 2023 05: +0,1688443200
0.033,1,Jul 04 2023 06: +0,1688446800
0.033,1,Jul 04 2023 08: +0,1688454000
0.03,1,Jul 04 2023 09: +0,1688457600
0.032,9,Jul 04 2023 13: +0,1688472000
0.03,2,Jul 04 2023 14: +0,1688475600
0.032,2,Jul 04 2023 17: +0,1688486400
0.03,3,Jul 04 2023 19: +0,1688493600
0.033,2,Jul 04 2023 20: +0,1688497200
0.03,1,Jul 05 2023 00: +0,1688511600
0.033,1,Jul 05 2023 02: +0,1688518800
0.031,3,Jul 05 2023 03: +0,1688522400
0.032,1,Jul 05 2023 04: +0,1688526000
0.051,13,Jul 05 2023 09: +0,1688544000
0.03,1,Jul 05 2023 11: +0,1688551200
0.031,2,Jul 05 2023 12: +0,1688554800
0.032,1,Jul 05 2023 14: +0,1688562000
0.03,1,Jul 05 2023 15: +0,1688565600
0.03,1,Jul 05 2023 17: +0,1688572800
0.033,2,Jul 05 2023 18: +0,1688576400
0.03,1,Jul 05 2023 22: +0,1688590800
0.03,1,Jul 06 2023 00: +0,1688598000
0.036,2,Jul 06 2023 02: +0,1688605200
0.03,1,Jul 06 2023 03: +0,1688608800
0.03,1,Jul 06 2023 08: +0,1688626800
0.03,1,Jul 06 2023 09: +0,1688630400
0.03,3,Jul 06 2023 11: +0,1688637600
0.03,1,Jul 06 2023 15: +0,1688652000
0.033,1,Jul 06 2023 17: +0,1688659200
0.033,4,Jul 06 2023 21: +0,1688673600
0.033,8,Jul 06 2023 22: +0,1688677200
0.03,1,Jul 06 2023 23: +0,1688680800
0.032,6,Jul 07 2023 00: +0,1688684400
0.032,1,Jul 07 2023 01: +0,1688688000
0.032,1,Jul 07 2023 02: +0,1688691600
0.03,1,Jul 07 2023 05: +0,1688702400
0.037,21,Jul 07 2023 07: +0,1688709600
0.032,5,Jul 07 2023 09: +0,1688716800
0.03,2,Jul 07 2023 11: +0,1688724000
0.032,3,Jul 07 2023 13: +0,1688731200
0.03,3,Jul 07 2023 15: +0,1688738400
0.034,2,Jul 07 2023 18: +0,1688749200
0.03,1,Jul 07 2023 19: +0,1688752800
0.03,1,Jul 07 2023 20: +0,1688756400
0.033,2,Jul 07 2023 21: +0,1688760000
0.036,1,Jul 07 2023 22: +0,1688763600
0.03,2,Jul 08 2023 01: +0,1688774400
0.03,1,Jul 08 2023 04: +0,1688785200
0.03,2,Jul 08 2023 05: +0,1688788800
0.03,1,Jul 08 2023 10: +0,1688806800
0.03,1,Jul 08 2023 12: +0,1688814000
0.032,1,Jul 08 2023 13: +0,1688817600
0.032,1,Jul 08 2023 15: +0,1688824800
0.032,1,Jul 08 2023 16: +0,1688828400
0.03,2,Jul 08 2023 17: +0,1688832000
0.034,1,Jul 08 2023 20: +0,1688842800
0.03,4,Jul 08 2023 21: +0,1688846400
0.03,2,Jul 08 2023 22: +0,1688850000
0.032,1,Jul 09 2023 00: +0,1688857200
0.032,1,Jul 09 2023 02: +0,1688864400
0.03,3,Jul 09 2023 06: +0,1688878800
0.033,5,Jul 09 2023 08: +0,1688886000
0.03,1,Jul 09 2023 10: +0,1688893200
0.036,1,Jul 09 2023 12: +0,1688900400
0.039,7,Jul 09 2023 14: +0,1688907600
0.03,1,Jul 09 2023 15: +0,1688911200
0.03,8,Jul 09 2023 16: +0,1688914800
0.03,1,Jul 09 2023 17: +0,1688918400
0.03,2,Jul 09 2023 18: +0,1688922000
0.03,4,Jul 09 2023 19: +0,1688925600
0.03,2,Jul 09 2023 21: +0,1688932800
0.046,3,Jul 10 2023 06: +0,1688965200
0.03,1,Jul 10 2023 09: +0,1688976000
0.03,1,Jul 10 2023 11: +0,1688983200
0.03,2,Jul 10 2023 14: +0,1688994000
0.03,8,Jul 10 2023 15: +0,1688997600
0.03,1,Jul 10 2023 17: +0,1689004800
0.03,1,Jul 10 2023 18: +0,1689008400
0.046,1,Jul 10 2023 19: +0,1689012000
0.03,1,Jul 10 2023 21: +0,1689019200
0.031,2,Jul 10 2023 22: +0,1689022800
0.03,1,Jul 11 2023 05: +0,1689048000
0.031,1,Jul 11 2023 07: +0,1689055200
0.03,1,Jul 11 2023 09: +0,1689062400
0.031,1,Jul 11 2023 10: +0,1689066000
0.03,1,Jul 11 2023 12: +0,1689073200
0.031,3,Jul 11 2023 14: +0,1689080400
0.031,1,Jul 11 2023 17: +0,1689091200
0.03,1,Jul 11 2023 19: +0,1689098400
0.03,2,Jul 11 2023 20: +0,1689102000
0.033,2,Jul 11 2023 21: +0,1689105600
0.03,1,Jul 12 2023 01: +0,1689120000
0.034,1,Jul 12 2023 09: +0,1689148800
0.03,1,Jul 12 2023 11: +0,1689156000
0.03,1,Jul 12 2023 12: +0,1689159600
0.031,1,Jul 12 2023 18: +0,1689181200
0.03,1,Jul 12 2023 22: +0,1689195600
0.03,1,Jul 13 2023 08: +0,1689231600
0.032,1,Jul 13 2023 17: +0,1689264000
0.03,2,Jul 13 2023 18: +0,1689267600
0.03,1,Jul 13 2023 19: +0,1689271200
0.03,1,Jul 13 2023 21: +0,1689278400
0.03,2,Jul 13 2023 23: +0,1689285600
0.033,1,Jul 14 2023 00: +0,1689289200
0.03,1,Jul 14 2023 01: +0,1689292800
0.03,1,Jul 14 2023 03: +0,1689300000
0.03,1,Jul 14 2023 05: +0,1689307200
0.03,2,Jul 14 2023 09: +0,1689321600
0.03,2,Jul 14 2023 11: +0,1689328800
0.032,1,Jul 14 2023 13: +0,1689336000
0.03,2,Jul 14 2023 15: +0,1689343200
0.032,1,Jul 14 2023 17: +0,1689350400
0.03,1,Jul 15 2023 09: +0,1689408000
0.03,2,Jul 15 2023 12: +0,1689418800
0.03,2,Jul 15 2023 14: +0,1689426000
0.03,1,Jul 15 2023 19: +0,1689444000
0.03,1,Jul 15 2023 22: +0,1689454800
0.03,1,Jul 16 2023 10: +0,1689498000
0.031,1,Jul 16 2023 12: +0,1689505200
0.03,1,Jul 16 2023 13: +0,1689508800
0.031,4,Jul 16 2023 15: +0,1689516000
0.03,2,Jul 16 2023 16: +0,1689519600
0.03,1,Jul 16 2023 19: +0,1689530400
0.04,2,Jul 16 2023 20: +0,1689534000
0.03,1,Jul 17 2023 05: +0,1689566400
0.03,4,Jul 17 2023 08: +0,1689577200
0.03,1,Jul 17 2023 10: +0,1689584400
0.03,1,Jul 17 2023 14: +0,1689598800
0.03,1,Jul 17 2023 16: +0,1689606000
0.03,1,Jul 17 2023 17: +0,1689609600
0.03,1,Jul 17 2023 21: +0,1689624000
0.03,1,Jul 17 2023 22: +0,1689627600
0.031,1,Jul 18 2023 00: +0,1689634800
0.03,4,Jul 18 2023 10: +0,1689670800
0.03,2,Jul 18 2023 11: +0,1689674400
0.03,3,Jul 18 2023 16: +0,1689692400
0.03,1,Jul 18 2023 17: +0,1689696000
0.03,2,Jul 18 2023 21: +0,1689710400
0.031,1,Jul 18 2023 23: +0,1689717600
0.031,4,Jul 19 2023 03: +0,1689732000
0.03,1,Jul 19 2023 10: +0,1689757200
0.03,1,Jul 19 2023 13: +0,1689768000
0.031,3,Jul 19 2023 15: +0,1689775200
0.031,3,Jul 19 2023 16: +0,1689778800
0.03,1,Jul 19 2023 17: +0,1689782400
0.03,5,Jul 19 2023 18: +0,1689786000
0.034,9,Jul 19 2023 23: +0,1689804000
0.03,2,Jul 20 2023 05: +0,1689825600
0.031,5,Jul 20 2023 15: +0,1689861600
0.03,1,Jul 20 2023 17: +0,1689868800
0.03,1,Jul 20 2023 18: +0,1689872400
0.03,2,Jul 20 2023 19: +0,1689876000
0.03,1,Jul 20 2023 22: +0,1689886800
0.03,1,Jul 21 2023 00: +0,1689894000
0.03,1,Jul 21 2023 09: +0,1689926400
0.045,61,Jul 21 2023 15: +0,1689948000
0.03,3,Jul 21 2023 19: +0,1689962400
0.041,1,Jul 22 2023 04: +0,1689994800
0.03,2,Jul 22 2023 12: +0,1690023600
0.03,1,Jul 22 2023 13: +0,1690027200
0.03,1,Jul 22 2023 16: +0,1690038000
0.043,1,Jul 22 2023 18: +0,1690045200
0.03,1,Jul 22 2023 22: +0,1690059600
0.03,1,Jul 23 2023 00: +0,1690066800
0.03,2,Jul 23 2023 04: +0,1690081200
0.042,5,Jul 23 2023 09: +0,1690099200
0.047,1,Jul 23 2023 12: +0,1690110000
0.03,2,Jul 23 2023 14: +0,1690117200
0.03,1,Jul 23 2023 15: +0,1690120800
0.031,1,Jul 23 2023 17: +0,1690128000
0.04,1,Jul 23 2023 19: +0,1690135200
0.03,1,Jul 23 2023 20: +0,1690138800
0.034,1,Jul 24 2023 02: +0,1690160400
0.055,2,Jul 24 2023 07: +0,1690178400
0.055,5,Jul 24 2023 08: +0,1690182000
0.055,5,Jul 24 2023 09: +0,1690185600
0.05,1,Jul 24 2023 10: +0,1690189200
0.03,1,Jul 24 2023 11: +0,1690192800
0.05,1,Jul 24 2023 13: +0,1690200000
0.031,1,Jul 24 2023 17: +0,1690214400
0.035,1,Jul 24 2023 22: +0,1690232400
0.03,1,Jul 25 2023 01: +0,1690243200
0.03,2,Jul 25 2023 09: +0,1690272000
0.03,2,Jul 25 2023 11: +0,1690279200
0.033,1,Jul 25 2023 12: +0,1690282800
0.033,4,Jul 25 2023 18: +0,1690304400
0.03,1,Jul 25 2023 21: +0,1690315200
0.031,1,Jul 25 2023 23: +0,1690322400
0.034,1,Jul 26 2023 00: +0,1690326000
0.037,2,Jul 26 2023 01: +0,1690329600
0.034,1,Jul 26 2023 07: +0,1690351200
0.033,1,Jul 26 2023 11: +0,1690365600
0.034,1,Jul 26 2023 12: +0,1690369200
0.03,2,Jul 26 2023 15: +0,1690380000
0.046,1,Jul 26 2023 16: +0,1690383600
0.039,1,Jul 26 2023 21: +0,1690401600
0.041,1,Jul 26 2023 23: +0,1690408800
0.039,7,Jul 27 2023 05: +0,1690430400
0.039,1,Jul 27 2023 08: +0,1690441200
0.034,1,Jul 27 2023 10: +0,1690448400
0.06,1,Jul 27 2023 11: +0,1690452000
0.031,1,Jul 27 2023 18: +0,1690477200
0.034,2,Jul 27 2023 23: +0,1690495200
0.034,1,Jul 28 2023 00: +0,1690498800
0.038,2,Jul 28 2023 01: +0,1690502400
0.034,1,Jul 28 2023 06: +0,1690520400
0.034,1,Jul 28 2023 07: +0,1690524000
0.034,1,Jul 28 2023 09: +0,1690531200
0.03,2,Jul 28 2023 12: +0,1690542000
0.03,1,Jul 28 2023 16: +0,1690556400
0.045,7,Jul 28 2023 18: +0,1690563600
0.061,1,Jul 28 2023 19: +0,1690567200
0.034,3,Jul 28 2023 21: +0,1690574400
0.034,2,Jul 28 2023 23: +0,1690581600
0.03,1,Jul 29 2023 07: +0,1690610400
0.03,1,Jul 29 2023 10: +0,1690621200
0.034,3,Jul 29 2023 11: +0,1690624800
0.044,3,Jul 29 2023 13: +0,1690632000
0.03,1,Jul 29 2023 14: +0,1690635600
0.04,1,Jul 29 2023 15: +0,1690639200
0.043,4,Jul 29 2023 18: +0,1690650000
0.03,1,Jul 29 2023 19: +0,1690653600
0.033,1,Jul 29 2023 20: +0,1690657200
0.036,2,Jul 29 2023 21: +0,1690660800
0.03,2,Jul 29 2023 22: +0,1690664400
0.03,1,Jul 30 2023 00: +0,1690671600
0.037,2,Jul 30 2023 05: +0,1690689600
0.048,1,Jul 30 2023 07: +0,1690696800
0.034,1,Jul 30 2023 11: +0,1690711200
0.035,1,Jul 30 2023 12: +0,1690714800
0.034,1,Jul 30 2023 13: +0,1690718400
0.038,1,Jul 30 2023 17: +0,1690732800
0.037,2,Jul 30 2023 20: +0,1690743600
0.03,1,Jul 30 2023 21: +0,1690747200
0.03,1,Jul 31 2023 03: +0,1690768800
0.037,1,Jul 31 2023 13: +0,1690804800
0.035,1,Jul 31 2023 18: +0,1690822800
0.047,1,Jul 31 2023 19: +0,1690826400
0.043,1,Jul 31 2023 21: +0,1690833600
0.039,2,Jul 31 2023 23: +0,1690840800
0.038,1,Aug 01 2023 00: +0,1690844400
0.03,1,Aug 01 2023 04: +0,1690858800
0.038,1,Aug 01 2023 07: +0,1690869600
0.03,1,Aug 01 2023 08: +0,1690873200
0.03,1,Aug 01 2023 09: +0,1690876800
0.043,1,Aug 01 2023 14: +0,1690894800
0.03,2,Aug 02 2023 03: +0,1690941600
0.05,4,Aug 02 2023 04: +0,1690945200
0.034,1,Aug 02 2023 07: +0,1690956000
0.043,1,Aug 02 2023 08: +0,1690959600
0.03,2,Aug 02 2023 14: +0,1690981200
0.03,1,Aug 02 2023 16: +0,1690988400
0.03,1,Aug 02 2023 17: +0,1690992000
0.03,1,Aug 02 2023 18: +0,1690995600
0.03,1,Aug 02 2023 21: +0,1691006400
0.03,1,Aug 02 2023 22: +0,1691010000
0.041,2,Aug 03 2023 02: +0,1691024400
0.03,2,Aug 03 2023 10: +0,1691053200
0.03,1,Aug 03 2023 11: +0,1691056800
0.03,2,Aug 03 2023 12: +0,1691060400
0.03,1,Aug 03 2023 15: +0,1691071200
0.03,1,Aug 03 2023 20: +0,1691089200
0.03,1,Aug 03 2023 21: +0,1691092800
0.03,1,Aug 03 2023 22: +0,1691096400
0.03,2,Aug 04 2023 05: +0,1691121600
0.03,2,Aug 04 2023 08: +0,1691132400
0.03,1,Aug 04 2023 10: +0,1691139600
0.05,1,Aug 04 2023 13: +0,1691150400
0.03,2,Aug 04 2023 14: +0,1691154000
0.03,5,Aug 04 2023 16: +0,1691161200
0.03,2,Aug 04 2023 17: +0,1691164800
0.03,1,Aug 04 2023 20: +0,1691175600
0.03,1,Aug 04 2023 21: +0,1691179200
0.036,21,Aug 05 2023 03: +0,1691200800
0.03,1,Aug 05 2023 10: +0,1691226000
0.052,1,Aug 05 2023 19: +0,1691258400
0.052,1,Aug 05 2023 20: +0,1691262000
0.03,1,Aug 05 2023 21: +0,1691265600
0.03,7,Aug 06 2023 00: +0,1691276400
0.03,2,Aug 06 2023 12: +0,1691319600
0.03,1,Aug 06 2023 13: +0,1691323200
0.03,1,Aug 06 2023 14: +0,1691326800
0.03,6,Aug 06 2023 19: +0,1691344800
0.03,3,Aug 06 2023 20: +0,1691348400
0.03,5,Aug 07 2023 00: +0,1691362800
0.03,1,Aug 07 2023 07: +0,1691388000
0.03,3,Aug 07 2023 14: +0,1691413200
0.03,2,Aug 07 2023 15: +0,1691416800
0.052,1,Aug 07 2023 17: +0,1691424000
0.03,1,Aug 07 2023 20: +0,1691434800
0.03,1,Aug 07 2023 21: +0,1691438400
0.03,3,Aug 07 2023 22: +0,1691442000
0.03,2,Aug 08 2023 00: +0,1691449200
0.03,1,Aug 08 2023 03: +0,1691460000
0.032,1,Aug 08 2023 04: +0,1691463600
0.03,6,Aug 08 2023 05: +0,1691467200
0.03,2,Aug 08 2023 09: +0,1691481600
0.03,1,Aug 08 2023 10: +0,1691485200
0.031,1,Aug 08 2023 12: +0,1691492400
0.03,1,Aug 08 2023 15: +0,1691503200
0.03,1,Aug 08 2023 16: +0,1691506800
0.03,1,Aug 08 2023 18: +0,1691514000
0.03,1,Aug 08 2023 19: +0,1691517600
0.03,1,Aug 08 2023 20: +0,1691521200
0.03,1,Aug 08 2023 23: +0,1691532000
0.03,2,Aug 09 2023 00: +0,1691535600
0.03,1,Aug 09 2023 03: +0,1691546400
0.03,1,Aug 09 2023 05: +0,1691553600
0.031,1,Aug 09 2023 06: +0,1691557200
0.03,1,Aug 09 2023 07: +0,1691560800
0.03,1,Aug 09 2023 13: +0,1691582400
0.03,1,Aug 09 2023 19: +0,1691604000
0.03,1,Aug 09 2023 23: +0,1691618400
0.03,2,Aug 10 2023 05: +0,1691640000
0.03,4,Aug 10 2023 14: +0,1691672400
0.031,1,Aug 10 2023 20: +0,1691694000
0.03,1,Aug 10 2023 22: +0,1691701200
0.031,1,Aug 10 2023 23: +0,1691704800
0.031,1,Aug 11 2023 04: +0,1691722800
0.031,4,Aug 11 2023 08: +0,1691737200
0.03,1,Aug 11 2023 09: +0,1691740800
0.03,1,Aug 11 2023 11: +0,1691748000
0.03,1,Aug 11 2023 17: +0,1691769600
0.03,3,Aug 11 2023 23: +0,1691791200
0.03,1,Aug 12 2023 06: +0,1691816400
0.03,1,Aug 12 2023 13: +0,1691841600
0.039,2,Aug 12 2023 14: +0,1691845200
0.03,2,Aug 12 2023 16: +0,1691852400
0.03,1,Aug 12 2023 17: +0,1691856000
0.043,1,Aug 12 2023 21: +0,1691870400
0.043,1,Aug 13 2023 09: +0,1691913600
0.03,1,Aug 13 2023 10: +0,1691917200
0.03,8,Aug 13 2023 11: +0,1691920800
0.03,14,Aug 13 2023 12: +0,1691924400
0.031,1,Aug 13 2023 15: +0,1691935200
0.03,98,Aug 13 2023 17: +0,1691942400
0.039,1,Aug 13 2023 20: +0,1691953200
0.03,1,Aug 13 2023 22: +0,1691960400
0.03,1,Aug 13 2023 23: +0,1691964000
0.03,1,Aug 14 2023 03: +0,1691978400
0.03,1,Aug 14 2023 18: +0,1692032400
0.03,1,Aug 14 2023 19: +0,1692036000
0.03,2,Aug 14 2023 20: +0,1692039600
0.03,1,Aug 14 2023 23: +0,1692050400
0.03,2,Aug 15 2023 00: +0,1692054000
0.03,1,Aug 15 2023 03: +0,1692064800
0.03,1,Aug 15 2023 05: +0,1692072000
0.03,1,Aug 15 2023 14: +0,1692104400
0.03,2,Aug 15 2023 15: +0,1692108000
0.03,2,Aug 15 2023 16: +0,1692111600
0.03,1,Aug 15 2023 17: +0,1692115200
0.03,2,Aug 15 2023 22: +0,1692133200
0.03,1,Aug 16 2023 02: +0,1692147600
0.036,2,Aug 16 2023 20: +0,1692212400
0.031,1,Aug 16 2023 21: +0,1692216000
0.03,5,Aug 16 2023 22: +0,1692219600
0.03,1,Aug 17 2023 01: +0,1692230400
0.03,1,Aug 17 2023 17: +0,1692288000
0.031,3,Aug 17 2023 18: +0,1692291600
0.033,1,Aug 17 2023 19: +0,1692295200
0.035,3,Aug 17 2023 20: +0,1692298800
0.06,1,Aug 17 2023 22: +0,1692306000
0.03,1,Aug 18 2023 03: +0,1692324000
0.03,1,Aug 18 2023 04: +0,1692327600
0.03,1,Aug 18 2023 06: +0,1692334800
0.033,1,Aug 18 2023 11: +0,1692352800
0.03,1,Aug 18 2023 12: +0,1692356400
0.03,1,Aug 18 2023 15: +0,1692367200
0.03,1,Aug 18 2023 17: +0,1692374400
0.03,1,Aug 18 2023 21: +0,1692388800
0.033,1,Aug 19 2023 01: +0,1692403200
0.03,1,Aug 19 2023 05: +0,1692417600
0.03,2,Aug 19 2023 07: +0,1692424800
0.033,11,Aug 19 2023 09: +0,1692432000
0.03,1,Aug 19 2023 13: +0,1692446400
0.03,1,Aug 19 2023 16: +0,1692457200
0.03,1,Aug 19 2023 18: +0,1692464400
0.03,1,Aug 19 2023 20: +0,1692471600
0.047,4,Aug 19 2023 22: +0,1692478800
0.03,1,Aug 20 2023 05: +0,1692504000
0.03,1,Aug 20 2023 08: +0,1692514800
0.032,1,Aug 20 2023 10: +0,1692522000
0.03,1,Aug 20 2023 12: +0,1692529200
0.051,4,Aug 20 2023 15: +0,1692540000
0.032,1,Aug 20 2023 17: +0,1692547200
0.03,2,Aug 20 2023 19: +0,1692554400
0.03,1,Aug 20 2023 21: +0,1692561600
0.03,1,Aug 20 2023 22: +0,1692565200
0.031,1,Aug 21 2023 12: +0,1692615600
0.03,1,Aug 21 2023 14: +0,1692622800
0.03,1,Aug 21 2023 16: +0,1692630000
0.032,1,Aug 21 2023 18: +0,1692637200
0.03,1,Aug 21 2023 19: +0,1692640800
0.03,1,Aug 21 2023 20: +0,1692644400
0.03,2,Aug 22 2023 02: +0,1692666000
0.03,1,Aug 22 2023 06: +0,1692680400
0.03,1,Aug 22 2023 11: +0,1692698400
0.033,24,Aug 22 2023 15: +0,1692712800
0.03,1,Aug 22 2023 20: +0,1692730800
0.03,1,Aug 23 2023 06: +0,1692766800
0.03,1,Aug 23 2023 17: +0,1692806400
0.03,1,Aug 23 2023 18: +0,1692810000
0.03,1,Aug 23 2023 21: +0,1692820800
0.03,2,Aug 23 2023 23: +0,1692828000
0.03,1,Aug 24 2023 01: +0,1692835200
0.03,1,Aug 24 2023 02: +0,1692838800
0.03,3,Aug 24 2023 04: +0,1692846000
0.048,1,Aug 24 2023 08: +0,1692860400
0.03,1,Aug 24 2023 15: +0,1692885600
0.03,3,Aug 24 2023 16: +0,1692889200
0.03,2,Aug 24 2023 18: +0,1692896400
0.043,3,Aug 24 2023 20: +0,1692903600
0.043,2,Aug 25 2023 07: +0,1692943200
0.043,2,Aug 25 2023 12: +0,1692961200
0.03,1,Aug 25 2023 16: +0,1692975600
0.03,1,Aug 25 2023 19: +0,1692986400
0.03,1,Aug 25 2023 20: +0,1692990000
0.03,1,Aug 25 2023 23: +0,1693000800
0.03,1,Aug 26 2023 00: +0,1693004400
0.03,1,Aug 26 2023 03: +0,1693015200
0.03,2,Aug 26 2023 07: +0,1693029600
0.03,1,Aug 26 2023 10: +0,1693040400
0.03,1,Aug 26 2023 14: +0,1693054800
0.03,2,Aug 26 2023 15: +0,1693058400
0.051,3,Aug 26 2023 17: +0,1693065600
0.03,1,Aug 26 2023 18: +0,1693069200
0.03,1,Aug 26 2023 19: +0,1693072800
0.03,1,Aug 26 2023 20: +0,1693076400
0.03,1,Aug 27 2023 01: +0,1693094400
0.03,1,Aug 27 2023 04: +0,1693105200
0.03,1,Aug 27 2023 16: +0,1693148400
0.03,1,Aug 27 2023 17: +0,1693152000
0.043,3,Aug 27 2023 18: +0,1693155600
0.03,1,Aug 27 2023 20: +0,1693162800
0.03,1,Aug 27 2023 21: +0,1693166400
0.03,13,Aug 27 2023 22: +0,1693170000
0.03,1,Aug 28 2023 01: +0,1693180800
0.03,1,Aug 28 2023 02: +0,1693184400
0.03,1,Aug 28 2023 05: +0,1693195200
0.03,3,Aug 28 2023 14: +0,1693227600
0.03,1,Aug 28 2023 16: +0,1693234800
0.031,18,Aug 28 2023 17: +0,1693238400
0.03,2,Aug 28 2023 20: +0,1693249200
0.03,1,Aug 28 2023 21: +0,1693252800
0.03,1,Aug 28 2023 23: +0,1693260000
0.03,1,Aug 29 2023 01: +0,1693267200
0.03,1,Aug 29 2023 02: +0,1693270800
0.03,1,Aug 29 2023 03: +0,1693274400
0.03,1,Aug 29 2023 04: +0,1693278000
0.03,1,Aug 29 2023 11: +0,1693303200
0.03,2,Aug 29 2023 13: +0,1693310400
0.03,1,Aug 29 2023 16: +0,1693321200
0.03,1,Aug 29 2023 19: +0,1693332000
0.03,3,Aug 29 2023 20: +0,1693335600
0.03,2,Aug 29 2023 22: +0,1693342800
0.03,1,Aug 30 2023 01: +0,1693353600
0.035,31,Aug 30 2023 09: +0,1693382400
0.03,2,Aug 30 2023 12: +0,1693393200
0.03,28,Aug 30 2023 14: +0,1693400400
0.032,3,Aug 30 2023 15: +0,1693404000
0.03,2,Aug 30 2023 17: +0,1693411200
0.03,2,Aug 30 2023 21: +0,1693425600
0.03,1,Aug 31 2023 02: +0,1693443600
0.03,1,Aug 31 2023 03: +0,1693447200
0.03,1,Aug 31 2023 08: +0,1693465200
0.03,1,Aug 31 2023 14: +0,1693486800
0.03,1,Aug 31 2023 15: +0,1693490400
0.03,2,Aug 31 2023 16: +0,1693494000
0.03,2,Aug 31 2023 17: +0,1693497600
0.03,3,Aug 31 2023 19: +0,1693504800
0.03,1,Aug 31 2023 20: +0,1693508400
0.03,3,Aug 31 2023 21: +0,1693512000
0.032,1,Sep 01 2023 00: +0,1693522800
0.03,2,Sep 01 2023 03: +0,1693533600
0.033,1,Sep 01 2023 06: +0,1693544400
0.033,4,Sep 01 2023 08: +0,1693551600
0.03,3,Sep 01 2023 12: +0,1693566000
0.03,1,Sep 01 2023 20: +0,1693594800
0.03,1,Sep 01 2023 21: +0,1693598400
0.039,1,Sep 01 2023 22: +0,1693602000
0.03,1,Sep 02 2023 05: +0,1693627200
0.03,1,Sep 02 2023 11: +0,1693648800
0.03,1,Sep 02 2023 18: +0,1693674000
0.043,1,Sep 02 2023 19: +0,1693677600
0.03,2,Sep 02 2023 20: +0,1693681200
0.039,31,Sep 02 2023 21: +0,1693684800
0.039,1,Sep 02 2023 22: +0,1693688400
0.039,3,Sep 03 2023 03: +0,1693706400
0.03,3,Sep 03 2023 05: +0,1693713600
0.039,2,Sep 03 2023 07: +0,1693720800
0.03,4,Sep 03 2023 10: +0,1693731600
0.03,1,Sep 03 2023 11: +0,1693735200
0.03,3,Sep 03 2023 17: +0,1693756800
0.03,1,Sep 03 2023 18: +0,1693760400
0.03,1,Sep 03 2023 19: +0,1693764000
0.039,1,Sep 03 2023 22: +0,1693774800
0.039,1,Sep 03 2023 23: +0,1693778400
0.03,2,Sep 04 2023 05: +0,1693800000
0.039,2,Sep 04 2023 06: +0,1693803600
0.03,2,Sep 04 2023 10: +0,1693818000
0.04,1,Sep 04 2023 15: +0,1693836000
0.03,1,Sep 04 2023 19: +0,1693850400
0.03,6,Sep 04 2023 21: +0,1693857600
0.048,1,Sep 05 2023 01: +0,1693872000
0.04,1,Sep 05 2023 02: +0,1693875600
0.031,4,Sep 05 2023 04: +0,1693882800
0.052,1,Sep 05 2023 09: +0,1693900800
0.04,1,Sep 05 2023 10: +0,1693904400
0.032,1,Sep 05 2023 14: +0,1693918800
0.03,1,Sep 06 2023 07: +0,1693980000
0.04,1,Sep 06 2023 09: +0,1693987200
0.03,1,Sep 06 2023 11: +0,1693994400
0.048,29,Sep 06 2023 13: +0,1694001600
0.048,1,Sep 06 2023 14: +0,1694005200
0.04,1,Sep 06 2023 16: +0,1694012400
0.03,1,Sep 06 2023 17: +0,1694016000
0.03,2,Sep 06 2023 20: +0,1694026800
0.04,1,Sep 07 2023 02: +0,1694048400
0.048,10,Sep 07 2023 12: +0,1694084400
0.03,2,Sep 07 2023 15: +0,1694095200
0.03,1,Sep 07 2023 16: +0,1694098800
0.03,1,Sep 07 2023 18: +0,1694106000
0.03,2,Sep 07 2023 22: +0,1694120400
0.03,6,Sep 08 2023 00: +0,1694127600
0.03,1,Sep 08 2023 07: +0,1694152800
0.03,1,Sep 08 2023 13: +0,1694174400
0.03,2,Sep 08 2023 14: +0,1694178000
0.048,10,Sep 08 2023 15: +0,1694181600
0.033,1,Sep 08 2023 16: +0,1694185200
0.052,4,Sep 08 2023 23: +0,1694210400
0.03,1,Sep 09 2023 02: +0,1694221200
0.03,1,Sep 09 2023 06: +0,1694235600
0.03,1,Sep 09 2023 08: +0,1694242800
0.03,1,Sep 09 2023 10: +0,1694250000
0.03,1,Sep 09 2023 16: +0,1694271600
0.03,1,Sep 09 2023 20: +0,1694286000
0.033,1,Sep 09 2023 22: +0,1694293200
0.03,3,Sep 09 2023 23: +0,1694296800
0.032,3,Sep 10 2023 00: +0,1694300400
0.03,1,Sep 10 2023 05: +0,1694318400
0.03,2,Sep 10 2023 13: +0,1694347200
0.03,1,Sep 10 2023 18: +0,1694365200
0.03,2,Sep 10 2023 22: +0,1694379600
0.03,1,Sep 11 2023 01: +0,1694390400
0.03,1,Sep 11 2023 02: +0,1694394000
0.03,1,Sep 11 2023 03: +0,1694397600
0.03,1,Sep 11 2023 08: +0,1694415600
0.03,1,Sep 11 2023 12: +0,1694430000
0.03,1,Sep 11 2023 13: +0,1694433600
0.03,1,Sep 11 2023 15: +0,1694440800
0.03,2,Sep 11 2023 17: +0,1694448000
0.03,1,Sep 11 2023 18: +0,1694451600
0.03,3,Sep 11 2023 20: +0,1694458800
0.03,1,Sep 11 2023 21: +0,1694462400
0.03,10,Sep 11 2023 22: +0,1694466000
0.032,9,Sep 12 2023 10: +0,1694509200
0.03,2,Sep 12 2023 11: +0,1694512800
0.03,1,Sep 12 2023 15: +0,1694527200
0.03,1,Sep 12 2023 16: +0,1694530800
0.052,2,Sep 12 2023 21: +0,1694548800
0.03,1,Sep 13 2023 01: +0,1694563200
0.048,10,Sep 13 2023 07: +0,1694584800
0.03,4,Sep 13 2023 12: +0,1694602800
0.03,2,Sep 13 2023 13: +0,1694606400
0.03,1,Sep 13 2023 16: +0,1694617200
0.03,1,Sep 13 2023 17: +0,1694620800
0.03,1,Sep 13 2023 20: +0,1694631600
0.03,1,Sep 13 2023 21: +0,1694635200
0.03,1,Sep 13 2023 22: +0,1694638800
0.03,1,Sep 13 2023 23: +0,1694642400
0.048,15,Sep 14 2023 02: +0,1694653200
0.038,1,Sep 14 2023 07: +0,1694671200
0.048,1,Sep 14 2023 10: +0,1694682000
0.048,2,Sep 14 2023 13: +0,1694692800
0.045,2,Sep 14 2023 15: +0,1694700000
0.048,1,Sep 14 2023 16: +0,1694703600
0.03,1,Sep 14 2023 20: +0,1694718000
0.048,1,Sep 14 2023 21: +0,1694721600
0.048,1,Sep 15 2023 01: +0,1694736000
0.056,1,Sep 15 2023 03: +0,1694743200
0.043,2,Sep 15 2023 07: +0,1694757600
0.048,1,Sep 15 2023 09: +0,1694764800
0.048,2,Sep 15 2023 10: +0,1694768400
0.03,2,Sep 15 2023 11: +0,1694772000
0.03,1,Sep 15 2023 13: +0,1694779200
0.04,66,Sep 15 2023 14: +0,1694782800
0.031,1,Sep 15 2023 16: +0,1694790000
0.031,21,Sep 15 2023 19: +0,1694800800
0.038,12,Sep 15 2023 20: +0,1694804400
0.038,5,Sep 16 2023 02: +0,1694826000
0.037,1,Sep 16 2023 09: +0,1694851200
0.045,2,Sep 16 2023 11: +0,1694858400
0.03,1,Sep 16 2023 12: +0,1694862000
0.045,2,Sep 16 2023 17: +0,1694880000
0.034,1,Sep 17 2023 06: +0,1694926800
0.038,1,Sep 17 2023 11: +0,1694944800
0.03,1,Sep 17 2023 15: +0,1694959200
0.03,1,Sep 17 2023 17: +0,1694966400
0.03,1,Sep 17 2023 19: +0,1694973600
0.036,1,Sep 17 2023 20: +0,1694977200
0.03,4,Sep 18 2023 03: +0,1695002400
0.052,1,Sep 18 2023 05: +0,1695009600
0.03,1,Sep 18 2023 10: +0,1695027600
0.036,4,Sep 18 2023 11: +0,1695031200
0.03,1,Sep 18 2023 14: +0,1695042000
0.031,1,Sep 19 2023 02: +0,1695085200
0.031,1,Sep 19 2023 07: +0,1695103200
0.052,1,Sep 19 2023 11: +0,1695117600
0.03,1,Sep 19 2023 15: +0,1695132000
0.033,3,Sep 19 2023 16: +0,1695135600
0.03,1,Sep 19 2023 17: +0,1695139200
0.046,50,Sep 19 2023 21: +0,1695153600
0.047,6,Sep 19 2023 22: +0,1695157200
0.048,1,Sep 20 2023 09: +0,1695196800
0.053,3,Sep 20 2023 17: +0,1695225600
0.04,1,Sep 20 2023 19: +0,1695232800
0.047,1,Sep 21 2023 08: +0,1695279600
0.036,2,Sep 21 2023 13: +0,1695297600
0.035,1,Sep 21 2023 15: +0,1695304800
0.031,1,Sep 21 2023 16: +0,1695308400
0.034,1,Sep 21 2023 17: +0,1695312000
0.037,1,Sep 21 2023 19: +0,1695319200
0.03,1,Sep 21 2023 23: +0,1695333600
0.037,1,Sep 22 2023 02: +0,1695344400
0.03,1,Sep 22 2023 04: +0,1695351600
0.03,1,Sep 22 2023 05: +0,1695355200
0.047,24,Sep 22 2023 07: +0,1695362400
0.06,5,Sep 22 2023 08: +0,1695366000
0.063,1,Sep 22 2023 09: +0,1695369600
0.063,3,Sep 22 2023 10: +0,1695373200
0.047,2,Sep 22 2023 11: +0,1695376800
0.063,1,Sep 22 2023 15: +0,1695391200
0.037,3,Sep 22 2023 19: +0,1695405600
0.039,2,Sep 22 2023 20: +0,1695409200
0.039,2,Sep 23 2023 01: +0,1695427200
0.044,1,Sep 23 2023 06: +0,1695445200
0.03,1,Sep 23 2023 11: +0,1695463200
0.038,2,Sep 23 2023 15: +0,1695477600
0.04,1,Sep 23 2023 17: +0,1695484800
0.052,1,Sep 23 2023 18: +0,1695488400
0.045,1,Sep 24 2023 05: +0,1695528000
0.046,3,Sep 24 2023 13: +0,1695556800
0.04,1,Sep 24 2023 19: +0,1695578400
0.057,14,Sep 25 2023 01: +0,1695600000
0.063,10,Sep 25 2023 02: +0,1695603600
0.04,2,Sep 25 2023 09: +0,1695628800
0.033,1,Sep 25 2023 16: +0,1695654000
0.049,1,Sep 25 2023 17: +0,1695657600
0.054,2,Sep 25 2023 19: +0,1695664800
0.049,1,Sep 25 2023 20: +0,1695668400
0.061,1,Sep 26 2023 05: +0,1695700800
0.04,2,Sep 26 2023 12: +0,1695726000
0.061,1,Sep 26 2023 15: +0,1695736800
0.059,1,Sep 26 2023 18: +0,1695747600
0.056,1,Sep 27 2023 06: +0,1695790800
0.057,1,Sep 27 2023 07: +0,1695794400
0.059,1,Sep 27 2023 09: +0,1695801600
0.03,1,Sep 27 2023 10: +0,1695805200
0.046,1,Sep 27 2023 20: +0,1695841200
0.045,3,Sep 27 2023 21: +0,1695844800
0.046,2,Sep 27 2023 22: +0,1695848400
0.04,1,Sep 28 2023 00: +0,1695855600
0.03,1,Sep 28 2023 02: +0,1695862800
0.03,1,Sep 28 2023 05: +0,1695873600
0.042,1,Sep 28 2023 08: +0,1695884400
0.037,5,Sep 28 2023 09: +0,1695888000
0.046,1,Sep 28 2023 10: +0,1695891600
0.039,1,Sep 28 2023 16: +0,1695913200
0.038,1,Sep 28 2023 17: +0,1695916800
0.04,1,Sep 28 2023 20: +0,1695927600
0.041,1,Sep 28 2023 22: +0,1695934800
0.033,1,Sep 29 2023 00: +0,1695942000
0.036,1,Sep 29 2023 06: +0,1695963600
0.044,1,Sep 29 2023 10: +0,1695978000
0.04,1,Sep 29 2023 12: +0,1695985200
0.033,1,Sep 29 2023 13: +0,1695988800
0.041,2,Sep 29 2023 16: +0,1695999600
0.06,1,Sep 29 2023 17: +0,1696003200
0.04,2,Sep 29 2023 23: +0,1696024800
0.042,2,Sep 30 2023 00: +0,1696028400
0.041,4,Sep 30 2023 04: +0,1696042800
0.044,1,Sep 30 2023 12: +0,1696071600
0.037,5,Sep 30 2023 14: +0,1696078800
0.037,1,Sep 30 2023 17: +0,1696089600
0.03,1,Sep 30 2023 20: +0,1696100400
0.04,1,Sep 30 2023 21: +0,1696104000
0.038,1,Sep 30 2023 22: +0,1696107600
0.03,1,Oct 01 2023 12: +0,1696158000
0.042,1,Oct 01 2023 15: +0,1696168800
0.042,1,Oct 01 2023 17: +0,1696176000
0.04,1,Oct 01 2023 18: +0,1696179600
0.057,4,Oct 01 2023 23: +0,1696197600
0.057,1,Oct 02 2023 05: +0,1696219200
0.041,4,Oct 02 2023 07: +0,1696226400
0.03,1,Oct 02 2023 08: +0,1696230000
0.041,2,Oct 02 2023 11: +0,1696240800
0.038,2,Oct 02 2023 15: +0,1696255200
0.04,2,Oct 02 2023 16: +0,1696258800
0.061,1,Oct 02 2023 20: +0,1696273200
0.043,1,Oct 02 2023 21: +0,1696276800
0.042,2,Oct 02 2023 22: +0,1696280400
0.044,1,Oct 02 2023 23: +0,1696284000
0.041,1,Oct 03 2023 01: +0,1696291200
0.03,1,Oct 03 2023 10: +0,1696323600
0.03,1,Oct 03 2023 13: +0,1696334400
0.04,3,Oct 03 2023 17: +0,1696348800
0.036,1,Oct 03 2023 18: +0,1696352400
0.061,1,Oct 03 2023 19: +0,1696356000
0.03,1,Oct 03 2023 20: +0,1696359600
0.038,1,Oct 03 2023 22: +0,1696366800
0.033,2,Oct 04 2023 01: +0,1696377600
0.03,1,Oct 04 2023 02: +0,1696381200
0.039,1,Oct 04 2023 07: +0,1696399200
0.036,1,Oct 04 2023 10: +0,1696410000
0.04,1,Oct 04 2023 13: +0,1696420800
0.042,1,Oct 04 2023 15: +0,1696428000
0.042,2,Oct 04 2023 17: +0,1696435200
0.041,2,Oct 04 2023 23: +0,1696456800
0.04,1,Oct 05 2023 09: +0,1696492800
0.039,1,Oct 05 2023 10: +0,1696496400
0.042,1,Oct 05 2023 12: +0,1696503600
0.058,4,Oct 05 2023 14: +0,1696510800
0.037,1,Oct 05 2023 19: +0,1696528800
0.043,1,Oct 05 2023 22: +0,1696539600
0.04,2,Oct 06 2023 05: +0,1696564800
0.042,1,Oct 06 2023 07: +0,1696572000
0.03,2,Oct 06 2023 17: +0,1696608000
0.038,1,Oct 06 2023 19: +0,1696615200
0.039,1,Oct 06 2023 20: +0,1696618800
0.03,1,Oct 06 2023 21: +0,1696622400
0.039,1,Oct 06 2023 22: +0,1696626000
0.034,20,Oct 07 2023 00: +0,1696633200
0.03,1,Oct 07 2023 01: +0,1696636800
0.052,1,Oct 07 2023 08: +0,1696662000
0.052,1,Oct 07 2023 09: +0,1696665600
0.035,2,Oct 07 2023 10: +0,1696669200
0.03,1,Oct 07 2023 16: +0,1696690800
0.049,1,Oct 07 2023 18: +0,1696698000
0.04,1,Oct 07 2023 21: +0,1696708800
0.03,1,Oct 08 2023 12: +0,1696762800
0.03,1,Oct 08 2023 16: +0,1696777200
0.034,2,Oct 08 2023 17: +0,1696780800
0.03,1,Oct 08 2023 19: +0,1696788000
0.038,1,Oct 08 2023 21: +0,1696795200
0.03,1,Oct 08 2023 22: +0,1696798800
0.038,1,Oct 08 2023 23: +0,1696802400
0.06,21,Oct 09 2023 09: +0,1696838400
0.032,10,Oct 09 2023 10: +0,1696842000
0.037,2,Oct 09 2023 12: +0,1696849200
0.034,1,Oct 09 2023 15: +0,1696860000
0.06,4,Oct 09 2023 16: +0,1696863600
0.034,2,Oct 09 2023 19: +0,1696874400
0.039,1,Oct 09 2023 20: +0,1696878000
0.034,1,Oct 10 2023 01: +0,1696896000
0.041,1,Oct 10 2023 04: +0,1696906800
0.03,1,Oct 10 2023 12: +0,1696935600
0.03,1,Oct 10 2023 13: +0,1696939200
0.034,1,Oct 10 2023 16: +0,1696950000
0.03,1,Oct 10 2023 18: +0,1696957200
0.03,1,Oct 10 2023 21: +0,1696968000
0.052,6,Oct 10 2023 22: +0,1696971600
0.03,1,Oct 10 2023 23: +0,1696975200
0.03,1,Oct 11 2023 09: +0,1697011200
0.03,3,Oct 11 2023 10: +0,1697014800
0.03,1,Oct 11 2023 12: +0,1697022000
0.04,4,Oct 11 2023 14: +0,1697029200
0.052,2,Oct 11 2023 15: +0,1697032800
0.03,1,Oct 11 2023 16: +0,1697036400
0.034,1,Oct 11 2023 19: +0,1697047200
0.034,1,Oct 11 2023 22: +0,1697058000
0.031,1,Oct 11 2023 23: +0,1697061600
0.04,2,Oct 12 2023 08: +0,1697094000
0.03,1,Oct 12 2023 12: +0,1697108400
0.035,1,Oct 12 2023 20: +0,1697137200
0.03,1,Oct 12 2023 22: +0,1697144400
0.03,1,Oct 13 2023 00: +0,1697151600
0.035,2,Oct 13 2023 13: +0,1697198400
0.032,2,Oct 13 2023 21: +0,1697227200
0.061,2,Oct 13 2023 23: +0,1697234400
0.03,1,Oct 14 2023 01: +0,1697241600
0.033,1,Oct 14 2023 02: +0,1697245200
0.03,2,Oct 14 2023 03: +0,1697248800
0.039,4,Oct 14 2023 06: +0,1697259600
0.052,1,Oct 14 2023 09: +0,1697270400
0.038,1,Oct 14 2023 12: +0,1697281200
0.03,1,Oct 14 2023 14: +0,1697288400
0.035,1,Oct 15 2023 02: +0,1697331600
0.03,1,Oct 15 2023 04: +0,1697338800
0.037,2,Oct 15 2023 10: +0,1697360400
0.03,1,Oct 15 2023 13: +0,1697371200
0.033,2,Oct 15 2023 18: +0,1697389200
0.035,2,Oct 15 2023 21: +0,1697400000
0.03,1,Oct 16 2023 06: +0,1697432400
0.032,1,Oct 16 2023 09: +0,1697443200
0.032,4,Oct 16 2023 17: +0,1697472000
0.03,2,Oct 16 2023 19: +0,1697479200
0.032,1,Oct 16 2023 23: +0,1697493600
0.033,1,Oct 17 2023 01: +0,1697500800
0.033,2,Oct 17 2023 08: +0,1697526000
0.03,1,Oct 17 2023 10: +0,1697533200
0.034,1,Oct 17 2023 13: +0,1697544000
0.033,1,Oct 17 2023 16: +0,1697554800
0.03,2,Oct 17 2023 18: +0,1697562000
0.034,1,Oct 17 2023 19: +0,1697565600
0.03,1,Oct 18 2023 02: +0,1697590800
0.03,4,Oct 18 2023 11: +0,1697623200
0.03,4,Oct 18 2023 14: +0,1697634000
0.033,1,Oct 18 2023 15: +0,1697637600
0.034,1,Oct 18 2023 20: +0,1697655600
0.033,1,Oct 18 2023 22: +0,1697662800
0.03,1,Oct 19 2023 08: +0,1697698800
0.033,1,Oct 19 2023 12: +0,1697713200
0.031,1,Oct 19 2023 17: +0,1697731200
0.031,1,Oct 19 2023 21: +0,1697745600
0.03,1,Oct 19 2023 22: +0,1697749200
0.033,1,Oct 19 2023 23: +0,1697752800
0.034,1,Oct 20 2023 00: +0,1697756400
0.03,1,Oct 20 2023 03: +0,1697767200
0.031,1,Oct 20 2023 07: +0,1697781600
0.035,1,Oct 20 2023 10: +0,1697792400
0.033,1,Oct 20 2023 11: +0,1697796000
0.031,1,Oct 20 2023 13: +0,1697803200
0.035,4,Oct 20 2023 18: +0,1697821200
0.049,3,Oct 21 2023 02: +0,1697850000
0.031,1,Oct 21 2023 12: +0,1697886000
0.049,1,Oct 21 2023 14: +0,1697893200
0.031,1,Oct 22 2023 04: +0,1697943600
0.038,2,Oct 22 2023 08: +0,1697958000
0.038,1,Oct 22 2023 09: +0,1697961600
0.052,1,Oct 22 2023 10: +0,1697965200
0.038,1,Oct 22 2023 13: +0,1697976000
0.038,1,Oct 22 2023 14: +0,1697979600
0.033,1,Oct 22 2023 15: +0,1697983200
0.031,1,Oct 22 2023 18: +0,1697994000
0.031,13,Oct 22 2023 19: +0,1697997600
0.031,1,Oct 23 2023 04: +0,1698030000
0.034,2,Oct 23 2023 14: +0,1698066000
0.058,20,Oct 23 2023 18: +0,1698080400
0.052,1,Oct 23 2023 23: +0,1698098400
0.03,1,Oct 24 2023 00: +0,1698102000
0.039,1,Oct 24 2023 01: +0,1698105600
0.03,1,Oct 24 2023 17: +0,1698163200
0.03,1,Oct 24 2023 23: +0,1698184800
0.03,1,Oct 25 2023 02: +0,1698195600
0.035,1,Oct 25 2023 11: +0,1698228000
0.035,2,Oct 25 2023 13: +0,1698235200
0.044,1,Oct 25 2023 17: +0,1698249600
0.044,3,Oct 25 2023 19: +0,1698256800
0.03,1,Oct 26 2023 09: +0,1698307200
0.035,1,Oct 26 2023 11: +0,1698314400
0.03,1,Oct 26 2023 12: +0,1698318000
0.03,1,Oct 26 2023 14: +0,1698325200
0.034,1,Oct 26 2023 21: +0,1698350400
0.034,1,Oct 27 2023 04: +0,1698375600
0.031,1,Oct 27 2023 11: +0,1698400800
0.051,4,Oct 27 2023 20: +0,1698433200
0.036,2,Oct 27 2023 21: +0,1698436800
0.036,1,Oct 27 2023 23: +0,1698444000
0.034,1,Oct 28 2023 04: +0,1698462000
0.037,2,Oct 28 2023 09: +0,1698480000
0.033,1,Oct 28 2023 11: +0,1698487200
0.03,1,Oct 28 2023 14: +0,1698498000
0.034,2,Oct 28 2023 18: +0,1698512400
0.03,1,Oct 29 2023 00: +0,1698534000
0.034,1,Oct 29 2023 05: +0,1698555600
0.03,2,Oct 29 2023 16: +0,1698595200
0.03,1,Oct 29 2023 19: +0,1698606000
0.03,1,Oct 29 2023 20: +0,1698609600
0.03,1,Oct 29 2023 21: +0,1698613200
0.03,1,Oct 30 2023 01: +0,1698627600
0.03,1,Oct 30 2023 04: +0,1698638400
0.031,2,Oct 30 2023 18: +0,1698688800
0.03,46,Oct 30 2023 21: +0,1698699600
0.03,1,Oct 31 2023 08: +0,1698739200
0.031,3,Oct 31 2023 10: +0,1698746400
0.031,1,Oct 31 2023 12: +0,1698753600
0.043,1,Oct 31 2023 20: +0,1698782400
0.03,1,Oct 31 2023 23: +0,1698793200
0.03,1,Nov 01 2023 00: +0,1698796800
0.03,1,Nov 01 2023 03: +0,1698807600
0.03,5,Nov 01 2023 06: +0,1698818400
0.03,1,Nov 01 2023 12: +0,1698840000
0.031,1,Nov 01 2023 13: +0,1698843600
0.03,10,Nov 01 2023 16: +0,1698854400
0.03,1,Nov 01 2023 17: +0,1698858000
0.03,1,Nov 01 2023 19: +0,1698865200
0.03,1,Nov 01 2023 20: +0,1698868800
0.03,1,Nov 01 2023 21: +0,1698872400
0.03,3,Nov 02 2023 00: +0,1698883200
0.03,3,Nov 02 2023 05: +0,1698901200
0.031,1,Nov 02 2023 09: +0,1698915600
0.03,1,Nov 02 2023 16: +0,1698940800
0.032,4,Nov 02 2023 20: +0,1698955200
0.03,1,Nov 02 2023 21: +0,1698958800
0.033,2,Nov 02 2023 22: +0,1698962400
0.043,1,Nov 03 2023 02: +0,1698976800
0.03,1,Nov 03 2023 05: +0,1698987600
0.034,2,Nov 03 2023 09: +0,1699002000
0.034,3,Nov 03 2023 19: +0,1699038000
0.03,2,Nov 03 2023 22: +0,1699048800
0.03,1,Nov 04 2023 02: +0,1699063200
0.052,5,Nov 04 2023 05: +0,1699074000
0.034,1,Nov 04 2023 06: +0,1699077600
0.034,1,Nov 04 2023 11: +0,1699095600
0.03,1,Nov 04 2023 12: +0,1699099200
0.03,1,Nov 04 2023 17: +0,1699117200
0.03,2,Nov 04 2023 18: +0,1699120800
0.043,3,Nov 05 2023 00: +0,1699142400
0.034,10,Nov 05 2023 04: +0,1699156800
0.035,1,Nov 05 2023 05: +0,1699160400
0.033,1,Nov 05 2023 10: +0,1699178400
0.03,1,Nov 05 2023 11: +0,1699182000
0.03,2,Nov 05 2023 15: +0,1699196400
0.03,2,Nov 05 2023 16: +0,1699200000
0.052,6,Nov 05 2023 17: +0,1699203600
0.03,1,Nov 05 2023 18: +0,1699207200
0.03,1,Nov 05 2023 19: +0,1699210800
0.04,2,Nov 06 2023 10: +0,1699264800
0.03,1,Nov 06 2023 14: +0,1699279200
0.03,1,Nov 06 2023 16: +0,1699286400
0.03,2,Nov 06 2023 21: +0,1699304400
0.03,1,Nov 07 2023 01: +0,1699318800
0.043,1,Nov 07 2023 02: +0,1699322400
0.036,1,Nov 07 2023 08: +0,1699344000
0.03,3,Nov 07 2023 18: +0,1699380000
0.03,2,Nov 07 2023 21: +0,1699390800
0.03,2,Nov 08 2023 10: +0,1699437600
0.048,1,Nov 08 2023 13: +0,1699448400
0.043,2,Nov 08 2023 14: +0,1699452000
0.048,1,Nov 08 2023 15: +0,1699455600
0.044,1,Nov 08 2023 20: +0,1699473600
0.039,2,Nov 09 2023 08: +0,1699516800
0.039,1,Nov 09 2023 16: +0,1699545600
0.042,3,Nov 09 2023 17: +0,1699549200
0.044,1,Nov 09 2023 19: +0,1699556400
0.038,1,Nov 09 2023 23: +0,1699570800
0.03,1,Nov 10 2023 05: +0,1699592400
0.039,1,Nov 10 2023 12: +0,1699617600
0.039,1,Nov 10 2023 15: +0,1699628400
0.044,2,Nov 10 2023 16: +0,1699632000
0.039,2,Nov 10 2023 17: +0,1699635600
0.039,1,Nov 10 2023 23: +0,1699657200
0.039,1,Nov 11 2023 04: +0,1699675200
0.039,1,Nov 11 2023 06: +0,1699682400
0.038,1,Nov 11 2023 14: +0,1699711200
0.048,1,Nov 11 2023 21: +0,1699736400
0.03,1,Nov 11 2023 22: +0,1699740000
0.039,1,Nov 11 2023 23: +0,1699743600
0.048,1,Nov 12 2023 00: +0,1699747200
0.048,1,Nov 12 2023 01: +0,1699750800
0.048,1,Nov 12 2023 02: +0,1699754400
0.043,1,Nov 12 2023 06: +0,1699768800
0.048,1,Nov 12 2023 10: +0,1699783200
0.056,3,Nov 12 2023 11: +0,1699786800
0.039,1,Nov 12 2023 14: +0,1699797600
0.03,1,Nov 12 2023 16: +0,1699804800
0.039,1,Nov 12 2023 18: +0,1699812000
0.039,1,Nov 12 2023 19: +0,1699815600
0.048,1,Nov 13 2023 02: +0,1699840800
0.044,1,Nov 13 2023 07: +0,1699858800
0.039,1,Nov 13 2023 08: +0,1699862400
0.048,2,Nov 13 2023 15: +0,1699887600
0.048,1,Nov 13 2023 19: +0,1699902000
0.048,1,Nov 13 2023 22: +0,1699912800
0.048,2,Nov 14 2023 00: +0,1699920000
0.039,1,Nov 14 2023 01: +0,1699923600
0.046,3,Nov 14 2023 05: +0,1699938000
0.04,1,Nov 14 2023 11: +0,1699959600
0.039,1,Nov 14 2023 12: +0,1699963200
0.039,1,Nov 14 2023 14: +0,1699970400
0.039,1,Nov 14 2023 17: +0,1699981200
0.048,1,Nov 15 2023 05: +0,1700024400
0.044,3,Nov 15 2023 11: +0,1700046000
0.056,4,Nov 15 2023 18: +0,1700071200
0.05,2,Nov 15 2023 21: +0,1700082000
0.055,1,Nov 15 2023 23: +0,1700089200
0.048,1,Nov 16 2023 01: +0,1700096400
0.038,5,Nov 16 2023 03: +0,1700103600
0.038,1,Nov 16 2023 07: +0,1700118000
0.056,2,Nov 16 2023 15: +0,1700146800
0.038,1,Nov 16 2023 22: +0,1700172000
0.048,1,Nov 16 2023 23: +0,1700175600
0.038,1,Nov 17 2023 17: +0,1700240400
0.041,2,Nov 18 2023 03: +0,1700276400
0.047,4,Nov 18 2023 11: +0,1700305200
0.038,1,Nov 18 2023 15: +0,1700319600
0.038,1,Nov 18 2023 16: +0,1700323200
0.064,9,Nov 18 2023 20: +0,1700337600
0.064,1,Nov 18 2023 21: +0,1700341200
0.037,1,Nov 18 2023 22: +0,1700344800
0.037,1,Nov 19 2023 01: +0,1700355600
0.032,2,Nov 19 2023 13: +0,1700398800
0.032,1,Nov 19 2023 17: +0,1700413200
0.032,1,Nov 20 2023 04: +0,1700452800
0.037,1,Nov 20 2023 16: +0,1700496000
0.037,1,Nov 21 2023 01: +0,1700528400
0.037,1,Nov 21 2023 07: +0,1700550000
0.053,1,Nov 21 2023 10: +0,1700560800
0.033,1,Nov 21 2023 18: +0,1700589600
0.046,1,Nov 21 2023 20: +0,1700596800
0.03,1,Nov 22 2023 10: +0,1700647200
0.03,1,Nov 22 2023 11: +0,1700650800
0.03,1,Nov 22 2023 14: +0,1700661600
0.03,1,Nov 23 2023 14: +0,1700748000
0.03,1,Nov 23 2023 15: +0,1700751600
0.03,1,Nov 23 2023 19: +0,1700766000
0.03,1,Nov 24 2023 00: +0,1700784000
0.03,4,Nov 24 2023 01: +0,1700787600
0.039,1,Nov 24 2023 07: +0,1700809200
0.033,1,Nov 24 2023 14: +0,1700834400
0.045,8,Nov 24 2023 16: +0,1700841600
0.03,1,Nov 24 2023 20: +0,1700856000
0.046,4,Nov 24 2023 21: +0,1700859600
0.036,2,Nov 25 2023 04: +0,1700884800
0.033,4,Nov 25 2023 05: +0,1700888400
0.03,1,Nov 25 2023 06: +0,1700892000
0.03,1,Nov 25 2023 10: +0,1700906400
0.03,1,Nov 25 2023 12: +0,1700913600
0.03,2,Nov 25 2023 14: +0,1700920800
0.061,3,Nov 25 2023 18: +0,1700935200
0.03,2,Nov 25 2023 19: +0,1700938800
0.061,6,Nov 25 2023 21: +0,1700946000
0.056,1,Nov 26 2023 01: +0,1700960400
0.061,1,Nov 26 2023 02: +0,1700964000
0.048,2,Nov 26 2023 03: +0,1700967600
0.03,1,Nov 26 2023 20: +0,1701028800
0.03,1,Nov 26 2023 21: +0,1701032400
0.03,4,Nov 27 2023 16: +0,1701100800
0.03,1,Nov 28 2023 09: +0,1701162000
0.03,1,Nov 28 2023 10: +0,1701165600
0.031,1,Nov 28 2023 18: +0,1701194400
0.03,1,Nov 28 2023 19: +0,1701198000
0.052,1,Nov 28 2023 20: +0,1701201600
0.053,1,Nov 28 2023 22: +0,1701208800
0.033,1,Nov 29 2023 15: +0,1701270000
0.031,2,Nov 29 2023 19: +0,1701284400
0.03,1,Nov 30 2023 05: +0,1701320400
0.03,5,Nov 30 2023 10: +0,1701338400
0.03,1,Nov 30 2023 13: +0,1701349200
0.03,1,Nov 30 2023 17: +0,1701363600
0.03,1,Nov 30 2023 22: +0,1701381600
0.03,5,Dec 01 2023 01: +0,1701392400
0.031,2,Dec 01 2023 10: +0,1701424800
0.031,1,Dec 01 2023 17: +0,1701450000
0.03,1,Dec 01 2023 21: +0,1701464400
0.031,1,Dec 02 2023 02: +0,1701482400
0.03,1,Dec 02 2023 11: +0,1701514800
0.032,6,Dec 02 2023 12: +0,1701518400
0.03,1,Dec 02 2023 13: +0,1701522000
0.03,1,Dec 02 2023 16: +0,1701532800
0.03,2,Dec 02 2023 17: +0,1701536400
0.052,1,Dec 02 2023 22: +0,1701554400
0.031,1,Dec 03 2023 00: +0,1701561600
0.03,2,Dec 03 2023 07: +0,1701586800
0.03,1,Dec 03 2023 10: +0,1701597600
0.033,1,Dec 03 2023 13: +0,1701608400
0.03,1,Dec 03 2023 22: +0,1701640800
0.03,1,Dec 04 2023 01: +0,1701651600
0.03,1,Dec 04 2023 02: +0,1701655200
0.03,1,Dec 04 2023 03: +0,1701658800
0.039,1,Dec 04 2023 05: +0,1701666000
0.03,1,Dec 04 2023 12: +0,1701691200
0.03,3,Dec 04 2023 18: +0,1701712800
0.03,1,Dec 04 2023 19: +0,1701716400
0.031,2,Dec 04 2023 20: +0,1701720000
0.03,1,Dec 05 2023 18: +0,1701799200
0.03,2,Dec 05 2023 20: +0,1701806400
0.03,2,Dec 06 2023 10: +0,1701856800
0.03,1,Dec 06 2023 16: +0,1701878400
0.03,1,Dec 06 2023 23: +0,1701903600
0.03,1,Dec 07 2023 00: +0,1701907200
0.03,1,Dec 07 2023 01: +0,1701910800
0.03,5,Dec 07 2023 09: +0,1701939600
0.03,1,Dec 07 2023 15: +0,1701961200
0.03,3,Dec 07 2023 21: +0,1701982800
0.03,1,Dec 08 2023 04: +0,1702008000
0.03,12,Dec 08 2023 05: +0,1702011600
0.03,1,Dec 08 2023 06: +0,1702015200
0.03,1,Dec 08 2023 08: +0,1702022400
0.03,1,Dec 08 2023 18: +0,1702058400
0.048,1,Dec 08 2023 20: +0,1702065600
0.03,1,Dec 09 2023 00: +0,1702080000
0.031,4,Dec 09 2023 12: +0,1702123200
0.032,11,Dec 09 2023 21: +0,1702155600
0.03,1,Dec 09 2023 22: +0,1702159200
0.03,1,Dec 10 2023 02: +0,1702173600
0.032,4,Dec 10 2023 07: +0,1702191600
0.036,11,Dec 10 2023 10: +0,1702202400
0.035,1,Dec 10 2023 20: +0,1702238400
0.031,3,Dec 10 2023 22: +0,1702245600
0.035,13,Dec 11 2023 02: +0,1702260000
0.03,2,Dec 11 2023 03: +0,1702263600
0.03,4,Dec 11 2023 06: +0,1702274400
0.03,2,Dec 11 2023 14: +0,1702303200
0.03,1,Dec 11 2023 17: +0,1702314000
0.03,1,Dec 11 2023 18: +0,1702317600
0.03,1,Dec 12 2023 19: +0,1702407600
0.03,1,Dec 12 2023 21: +0,1702414800
0.037,1,Dec 12 2023 23: +0,1702422000
0.03,1,Dec 13 2023 01: +0,1702429200
0.03,1,Dec 13 2023 06: +0,1702447200
0.03,2,Dec 13 2023 11: +0,1702465200
0.03,1,Dec 14 2023 02: +0,1702519200
0.03,1,Dec 14 2023 03: +0,1702522800
0.03,1,Dec 14 2023 08: +0,1702540800
0.03,1,Dec 14 2023 16: +0,1702569600
0.03,2,Dec 14 2023 22: +0,1702591200
0.03,1,Dec 15 2023 00: +0,1702598400
0.03,1,Dec 15 2023 01: +0,1702602000
0.047,1,Dec 15 2023 20: +0,1702670400
0.03,2,Dec 15 2023 21: +0,1702674000
0.03,6,Dec 16 2023 05: +0,1702702800
0.03,1,Dec 16 2023 10: +0,1702720800
0.03,2,Dec 16 2023 18: +0,1702749600
0.03,1,Dec 16 2023 22: +0,1702764000
0.03,1,Dec 17 2023 08: +0,1702800000
0.03,1,Dec 17 2023 15: +0,1702825200
0.043,1,Dec 17 2023 22: +0,1702850400
0.03,1,Dec 18 2023 08: +0,1702886400
0.03,3,Dec 18 2023 23: +0,1702940400
0.03,4,Dec 19 2023 00: +0,1702944000
0.043,4,Dec 19 2023 11: +0,1702983600
0.034,2,Dec 19 2023 20: +0,1703016000
0.03,1,Dec 19 2023 23: +0,1703026800
0.035,1,Dec 20 2023 11: +0,1703070000
0.03,1,Dec 20 2023 13: +0,1703077200
0.041,2,Dec 20 2023 17: +0,1703091600
0.031,1,Dec 20 2023 23: +0,1703113200
0.03,1,Dec 21 2023 18: +0,1703181600
0.047,1,Dec 21 2023 21: +0,1703192400
0.043,1,Dec 21 2023 23: +0,1703199600
0.03,3,Dec 22 2023 00: +0,1703203200
0.03,1,Dec 22 2023 02: +0,1703210400
0.03,1,Dec 22 2023 09: +0,1703235600
0.052,1,Dec 22 2023 20: +0,1703275200
0.03,1,Dec 22 2023 21: +0,1703278800
0.03,1,Dec 23 2023 10: +0,1703325600
0.03,2,Dec 23 2023 16: +0,1703347200
0.03,1,Dec 23 2023 20: +0,1703361600
0.03,1,Dec 23 2023 22: +0,1703368800
0.03,1,Dec 24 2023 00: +0,1703376000
0.03,1,Dec 24 2023 02: +0,1703383200
0.03,1,Dec 24 2023 14: +0,1703426400
0.03,12,Dec 24 2023 19: +0,1703444400
0.03,1,Dec 24 2023 22: +0,1703455200
0.03,1,Dec 25 2023 01: +0,1703466000
0.03,4,Dec 25 2023 02: +0,1703469600
0.03,1,Dec 25 2023 04: +0,1703476800
0.03,1,Dec 25 2023 12: +0,1703505600
0.03,1,Dec 25 2023 13: +0,1703509200
0.03,1,Dec 25 2023 18: +0,1703527200
0.031,12,Dec 25 2023 20: +0,1703534400
0.03,2,Dec 25 2023 23: +0,1703545200
0.03,1,Dec 27 2023 14: +0,1703685600
0.03,1,Dec 27 2023 15: +0,1703689200
0.03,1,Dec 28 2023 00: +0,1703721600
0.03,1,Dec 28 2023 01: +0,1703725200
0.031,1,Dec 28 2023 16: +0,1703779200
0.03,1,Dec 28 2023 23: +0,1703804400
0.03,1,Dec 29 2023 00: +0,1703808000
0.03,1,Dec 29 2023 01: +0,1703811600
0.03,1,Dec 29 2023 18: +0,1703872800
0.047,1,Dec 30 2023 00: +0,1703894400
0.03,1,Dec 30 2023 06: +0,1703916000
0.03,1,Dec 30 2023 14: +0,1703944800
0.03,1,Dec 30 2023 17: +0,1703955600
0.03,1,Dec 30 2023 23: +0,1703977200
0.03,1,Dec 31 2023 07: +0,1704006000
0.03,1,Dec 31 2023 09: +0,1704013200
0.03,1,Dec 31 2023 11: +0,1704020400
0.03,1,Dec 31 2023 12: +0,1704024000
0.03,1,Dec 31 2023 16: +0,1704038400
0.03,1,Dec 31 2023 17: +0,1704042000
0.03,1,Dec 31 2023 21: +0,1704056400
0.03,1,Jan 01 2024 01: +0,1704070800
0.03,1,Jan 01 2024 02: +0,1704074400
0.03,1,Jan 01 2024 03: +0,1704078000
0.03,1,Jan 02 2024 11: +0,1704193200
0.03,1,Jan 02 2024 16: +0,1704211200
0.03,1,Jan 02 2024 20: +0,1704225600
0.03,1,Jan 02 2024 21: +0,1704229200
0.03,4,Jan 03 2024 03: +0,1704250800
0.03,1,Jan 03 2024 13: +0,1704286800
0.03,1,Jan 03 2024 16: +0,1704297600
0.03,1,Jan 03 2024 17: +0,1704301200
0.03,1,Jan 03 2024 19: +0,1704308400
0.03,2,Jan 03 2024 21: +0,1704315600
0.03,1,Jan 04 2024 00: +0,1704326400
0.03,2,Jan 04 2024 01: +0,1704330000
0.03,1,Jan 04 2024 03: +0,1704337200
0.03,1,Jan 04 2024 05: +0,1704344400
0.043,2,Jan 04 2024 10: +0,1704362400
0.03,1,Jan 04 2024 13: +0,1704373200
0.03,1,Jan 04 2024 16: +0,1704384000
0.03,1,Jan 04 2024 18: +0,1704391200
0.03,3,Jan 04 2024 20: +0,1704398400
0.03,1,Jan 04 2024 21: +0,1704402000
0.03,1,Jan 04 2024 23: +0,1704409200
0.039,1,Jan 05 2024 00: +0,1704412800
0.03,3,Jan 05 2024 07: +0,1704438000
0.03,1,Jan 05 2024 12: +0,1704456000
0.03,1,Jan 05 2024 19: +0,1704481200
0.043,10,Jan 05 2024 20: +0,1704484800
0.03,1,Jan 05 2024 22: +0,1704492000
0.03,2,Jan 06 2024 02: +0,1704506400
0.03,1,Jan 06 2024 20: +0,1704571200
0.03,1,Jan 06 2024 21: +0,1704574800
0.03,2,Jan 06 2024 22: +0,1704578400
0.03,1,Jan 07 2024 02: +0,1704592800
0.03,1,Jan 07 2024 10: +0,1704621600
0.03,1,Jan 07 2024 17: +0,1704646800
0.03,1,Jan 07 2024 19: +0,1704654000
0.03,4,Jan 07 2024 21: +0,1704661200
0.03,1,Jan 08 2024 03: +0,1704682800
0.03,1,Jan 08 2024 15: +0,1704726000
0.03,1,Jan 08 2024 17: +0,1704733200
0.03,1,Jan 09 2024 11: +0,1704798000
0.043,4,Jan 09 2024 15: +0,1704812400
0.03,1,Jan 09 2024 16: +0,1704816000
0.03,1,Jan 09 2024 17: +0,1704819600
0.03,3,Jan 10 2024 06: +0,1704866400
0.03,2,Jan 10 2024 12: +0,1704888000
0.03,5,Jan 10 2024 15: +0,1704898800
0.037,2,Jan 10 2024 16: +0,1704902400
0.03,1,Jan 10 2024 23: +0,1704927600
0.03,1,Jan 11 2024 00: +0,1704931200
0.03,1,Jan 11 2024 06: +0,1704952800
0.03,1,Jan 11 2024 17: +0,1704992400
0.03,2,Jan 11 2024 23: +0,1705014000
0.03,1,Jan 12 2024 14: +0,1705068000
0.03,1,Jan 12 2024 16: +0,1705075200
0.03,1,Jan 12 2024 17: +0,1705078800
0.04,1,Jan 12 2024 23: +0,1705100400
0.043,1,Jan 13 2024 09: +0,1705136400
0.03,2,Jan 13 2024 14: +0,1705154400
0.03,1,Jan 13 2024 17: +0,1705165200
0.03,1,Jan 13 2024 22: +0,1705183200
0.03,1,Jan 14 2024 00: +0,1705190400
0.03,1,Jan 14 2024 17: +0,1705251600
0.03,1,Jan 14 2024 20: +0,1705262400
0.03,2,Jan 15 2024 05: +0,1705294800
0.03,1,Jan 15 2024 15: +0,1705330800
0.03,1,Jan 15 2024 16: +0,1705334400
0.03,2,Jan 15 2024 18: +0,1705341600
0.03,1,Jan 15 2024 20: +0,1705348800
0.03,14,Jan 15 2024 21: +0,1705352400
0.03,1,Jan 16 2024 00: +0,1705363200
0.04,1,Jan 16 2024 08: +0,1705392000
0.03,1,Jan 16 2024 11: +0,1705402800
0.03,1,Jan 16 2024 12: +0,1705406400
0.03,1,Jan 16 2024 15: +0,1705417200
0.03,1,Jan 16 2024 17: +0,1705424400
0.03,1,Jan 16 2024 20: +0,1705435200
0.03,10,Jan 16 2024 23: +0,1705446000
0.03,1,Jan 17 2024 16: +0,1705507200
0.03,1,Jan 17 2024 17: +0,1705510800
0.03,1,Jan 17 2024 18: +0,1705514400
0.03,1,Jan 17 2024 22: +0,1705528800
0.03,1,Jan 18 2024 18: +0,1705600800
0.03,2,Jan 18 2024 23: +0,1705618800
0.03,1,Jan 19 2024 00: +0,1705622400
0.03,5,Jan 19 2024 03: +0,1705633200
0.03,1,Jan 19 2024 09: +0,1705654800
0.03,2,Jan 19 2024 12: +0,1705665600
0.03,1,Jan 19 2024 13: +0,1705669200
0.03,3,Jan 20 2024 00: +0,1705708800
0.04,1,Jan 20 2024 02: +0,1705716000
0.03,1,Jan 20 2024 05: +0,1705726800
0.03,1,Jan 20 2024 22: +0,1705788000
0.03,1,Jan 21 2024 07: +0,1705820400
0.03,1,Jan 21 2024 10: +0,1705831200
0.03,1,Jan 21 2024 18: +0,1705860000
0.03,1,Jan 22 2024 05: +0,1705899600
0.03,1,Jan 22 2024 14: +0,1705932000
0.03,1,Jan 22 2024 15: +0,1705935600
0.03,2,Jan 22 2024 19: +0,1705950000
0.03,4,Jan 22 2024 21: +0,1705957200
0.03,1,Jan 22 2024 22: +0,1705960800
0.03,5,Jan 23 2024 13: +0,1706014800
0.03,1,Jan 23 2024 16: +0,1706025600
0.032,2,Jan 23 2024 18: +0,1706032800
0.03,2,Jan 23 2024 21: +0,1706043600
0.03,2,Jan 24 2024 07: +0,1706079600
0.03,1,Jan 24 2024 11: +0,1706094000
0.03,6,Jan 24 2024 14: +0,1706104800
0.03,1,Jan 24 2024 19: +0,1706122800
0.03,1,Jan 25 2024 13: +0,1706187600
0.043,3,Jan 25 2024 20: +0,1706212800
0.03,1,Jan 26 2024 20: +0,1706299200
0.043,1,Jan 27 2024 00: +0,1706313600
0.03,1,Jan 27 2024 16: +0,1706371200
0.03,3,Jan 27 2024 22: +0,1706392800
0.03,1,Jan 28 2024 03: +0,1706410800
0.03,2,Jan 28 2024 10: +0,1706436000
0.03,1,Jan 28 2024 11: +0,1706439600
0.03,1,Jan 28 2024 13: +0,1706446800
0.03,1,Jan 28 2024 15: +0,1706454000
0.03,1,Jan 28 2024 16: +0,1706457600
0.035,1,Jan 28 2024 18: +0,1706464800
0.035,1,Jan 28 2024 23: +0,1706482800
0.03,1,Jan 29 2024 12: +0,1706529600
0.043,2,Jan 29 2024 14: +0,1706536800
0.03,1,Jan 29 2024 19: +0,1706554800
0.03,2,Jan 29 2024 21: +0,1706562000
0.034,1,Jan 30 2024 14: +0,1706623200
0.034,1,Jan 30 2024 19: +0,1706641200
0.03,6,Jan 31 2024 07: +0,1706684400
0.03,1,Jan 31 2024 09: +0,1706691600
0.03,1,Jan 31 2024 14: +0,1706709600
0.03,1,Jan 31 2024 16: +0,1706716800
0.03,1,Jan 31 2024 21: +0,1706734800
0.03,1,Jan 31 2024 23: +0,1706742000
0.03,1,Feb 01 2024 10: +0,1706781600
0.03,1,Feb 01 2024 14: +0,1706796000
0.03,1,Feb 01 2024 19: +0,1706814000
0.03,4,Feb 01 2024 20: +0,1706817600
0.03,2,Feb 01 2024 23: +0,1706828400
0.034,1,Feb 02 2024 04: +0,1706846400
0.034,1,Feb 02 2024 11: +0,1706871600
0.03,1,Feb 02 2024 12: +0,1706875200
0.03,1,Feb 02 2024 16: +0,1706889600
0.03,1,Feb 02 2024 18: +0,1706896800
0.03,1,Feb 02 2024 20: +0,1706904000
0.03,1,Feb 02 2024 22: +0,1706911200
0.03,1,Feb 03 2024 07: +0,1706943600
0.03,1,Feb 03 2024 15: +0,1706972400
0.03,1,Feb 03 2024 16: +0,1706976000
0.03,1,Feb 04 2024 03: +0,1707015600
0.04,4,Feb 04 2024 12: +0,1707048000
0.03,3,Feb 04 2024 15: +0,1707058800
0.03,2,Feb 04 2024 17: +0,1707066000
0.03,1,Feb 04 2024 18: +0,1707069600
0.03,1,Feb 04 2024 19: +0,1707073200
0.03,23,Feb 04 2024 20: +0,1707076800
0.03,10,Feb 04 2024 23: +0,1707087600
0.03,1,Feb 05 2024 00: +0,1707091200
0.03,1,Feb 05 2024 12: +0,1707134400
0.03,1,Feb 05 2024 15: +0,1707145200
0.03,2,Feb 05 2024 17: +0,1707152400
0.03,1,Feb 05 2024 18: +0,1707156000
0.03,2,Feb 05 2024 19: +0,1707159600
0.03,1,Feb 06 2024 00: +0,1707177600
0.03,1,Feb 06 2024 04: +0,1707192000
0.03,1,Feb 06 2024 11: +0,1707217200
0.03,4,Feb 06 2024 19: +0,1707246000
0.03,1,Feb 06 2024 21: +0,1707253200
0.03,1,Feb 07 2024 02: +0,1707271200
0.03,2,Feb 07 2024 03: +0,1707274800
0.03,5,Feb 07 2024 06: +0,1707285600
0.03,1,Feb 07 2024 08: +0,1707292800
0.03,2,Feb 07 2024 10: +0,1707300000
0.03,3,Feb 07 2024 12: +0,1707307200
0.04,12,Feb 07 2024 13: +0,1707310800
0.03,1,Feb 07 2024 14: +0,1707314400
0.03,1,Feb 07 2024 15: +0,1707318000
0.035,2,Feb 07 2024 16: +0,1707321600
0.035,3,Feb 07 2024 17: +0,1707325200
0.03,1,Feb 07 2024 19: +0,1707332400
0.03,1,Feb 07 2024 20: +0,1707336000
0.04,1,Feb 08 2024 00: +0,1707350400
0.05,1,Feb 08 2024 01: +0,1707354000
0.043,1,Feb 08 2024 02: +0,1707357600
0.043,1,Feb 08 2024 03: +0,1707361200
0.03,3,Feb 08 2024 05: +0,1707368400
0.03,4,Feb 08 2024 06: +0,1707372000
0.03,1,Feb 08 2024 08: +0,1707379200
0.03,3,Feb 08 2024 09: +0,1707382800
0.043,3,Feb 08 2024 11: +0,1707390000
0.036,2,Feb 08 2024 13: +0,1707397200
0.03,2,Feb 08 2024 16: +0,1707408000
0.03,4,Feb 08 2024 17: +0,1707411600
0.03,1,Feb 08 2024 18: +0,1707415200
0.043,1,Feb 08 2024 19: +0,1707418800
0.039,2,Feb 08 2024 20: +0,1707422400
0.043,1,Feb 08 2024 23: +0,1707433200
0.035,4,Feb 09 2024 00: +0,1707436800
0.05,1,Feb 09 2024 02: +0,1707444000
0.03,2,Feb 09 2024 03: +0,1707447600
0.03,2,Feb 09 2024 06: +0,1707458400
0.03,1,Feb 09 2024 07: +0,1707462000
0.04,1,Feb 09 2024 08: +0,1707465600
0.03,1,Feb 09 2024 10: +0,1707472800
0.03,1,Feb 09 2024 12: +0,1707480000
0.043,1,Feb 09 2024 13: +0,1707483600
0.043,1,Feb 09 2024 15: +0,1707490800
0.03,1,Feb 09 2024 16: +0,1707494400
0.03,1,Feb 09 2024 17: +0,1707498000
0.03,1,Feb 09 2024 18: +0,1707501600
0.039,2,Feb 09 2024 19: +0,1707505200
0.03,3,Feb 09 2024 20: +0,1707508800
0.03,4,Feb 09 2024 21: +0,1707512400
0.036,1,Feb 10 2024 02: +0,1707530400
0.03,2,Feb 10 2024 07: +0,1707548400
0.03,1,Feb 10 2024 09: +0,1707555600
0.03,3,Feb 10 2024 11: +0,1707562800
0.03,2,Feb 10 2024 13: +0,1707570000
0.04,1,Feb 10 2024 16: +0,1707580800
0.03,1,Feb 10 2024 18: +0,1707588000
0.03,1,Feb 10 2024 19: +0,1707591600
0.043,1,Feb 10 2024 20: +0,1707595200
0.045,3,Feb 10 2024 21: +0,1707598800
0.043,1,Feb 10 2024 22: +0,1707602400
0.045,2,Feb 10 2024 23: +0,1707606000
0.04,2,Feb 11 2024 00: +0,1707609600
0.043,2,Feb 11 2024 01: +0,1707613200
0.04,2,Feb 11 2024 02: +0,1707616800
0.036,1,Feb 11 2024 08: +0,1707638400
0.036,3,Feb 11 2024 09: +0,1707642000
0.04,1,Feb 11 2024 12: +0,1707652800
0.03,3,Feb 11 2024 13: +0,1707656400
0.03,1,Feb 11 2024 14: +0,1707660000
0.043,1,Feb 11 2024 15: +0,1707663600
0.03,3,Feb 11 2024 16: +0,1707667200
0.033,4,Feb 11 2024 19: +0,1707678000
0.043,3,Feb 11 2024 20: +0,1707681600
0.03,1,Feb 11 2024 21: +0,1707685200
0.03,1,Feb 11 2024 22: +0,1707688800
0.04,1,Feb 12 2024 04: +0,1707710400
0.03,5,Feb 12 2024 07: +0,1707721200
0.031,5,Feb 12 2024 08: +0,1707724800
0.03,2,Feb 12 2024 10: +0,1707732000
0.03,2,Feb 12 2024 11: +0,1707735600
0.03,1,Feb 12 2024 15: +0,1707750000
0.03,5,Feb 12 2024 16: +0,1707753600
0.03,1,Feb 12 2024 17: +0,1707757200
0.03,2,Feb 12 2024 18: +0,1707760800
0.03,5,Feb 12 2024 21: +0,1707771600
0.035,2,Feb 12 2024 22: +0,1707775200
0.043,3,Feb 12 2024 23: +0,1707778800
0.043,2,Feb 13 2024 00: +0,1707782400
0.03,1,Feb 13 2024 10: +0,1707818400
0.03,1,Feb 13 2024 11: +0,1707822000
0.05,1,Feb 13 2024 12: +0,1707825600
0.03,1,Feb 13 2024 13: +0,1707829200
0.037,2,Feb 13 2024 14: +0,1707832800
0.041,2,Feb 13 2024 16: +0,1707840000
0.03,1,Feb 13 2024 17: +0,1707843600
0.03,2,Feb 13 2024 18: +0,1707847200
0.048,1,Feb 13 2024 20: +0,1707854400
0.03,3,Feb 13 2024 21: +0,1707858000
0.031,3,Feb 13 2024 23: +0,1707865200
0.051,1,Feb 14 2024 01: +0,1707872400
0.032,3,Feb 14 2024 07: +0,1707894000
0.03,1,Feb 14 2024 09: +0,1707901200
0.048,5,Feb 14 2024 10: +0,1707904800
0.03,2,Feb 14 2024 12: +0,1707912000
0.05,3,Feb 14 2024 13: +0,1707915600
0.036,2,Feb 14 2024 14: +0,1707919200
0.031,2,Feb 14 2024 15: +0,1707922800
0.051,1,Feb 14 2024 16: +0,1707926400
0.03,2,Feb 14 2024 17: +0,1707930000
0.035,2,Feb 14 2024 18: +0,1707933600
0.031,2,Feb 14 2024 21: +0,1707944400
0.031,1,Feb 14 2024 23: +0,1707951600
0.033,5,Feb 15 2024 00: +0,1707955200
0.031,2,Feb 15 2024 04: +0,1707969600
0.04,1,Feb 15 2024 06: +0,1707976800
0.04,2,Feb 15 2024 10: +0,1707991200
0.03,1,Feb 15 2024 11: +0,1707994800
0.033,1,Feb 15 2024 12: +0,1707998400
0.03,1,Feb 15 2024 15: +0,1708009200
0.035,2,Feb 15 2024 16: +0,1708012800
0.03,1,Feb 15 2024 18: +0,1708020000
0.051,1,Feb 15 2024 20: +0,1708027200
0.048,1,Feb 15 2024 21: +0,1708030800
0.036,3,Feb 16 2024 04: +0,1708056000
0.048,1,Feb 16 2024 07: +0,1708066800
0.051,3,Feb 16 2024 09: +0,1708074000
0.031,1,Feb 16 2024 11: +0,1708081200
0.041,1,Feb 16 2024 14: +0,1708092000
0.033,4,Feb 16 2024 16: +0,1708099200
0.03,1,Feb 16 2024 18: +0,1708106400
0.03,3,Feb 16 2024 19: +0,1708110000
0.03,1,Feb 16 2024 20: +0,1708113600
0.038,6,Feb 16 2024 21: +0,1708117200
0.051,1,Feb 16 2024 23: +0,1708124400
0.037,1,Feb 17 2024 04: +0,1708142400
0.04,1,Feb 17 2024 09: +0,1708160400
0.03,1,Feb 17 2024 13: +0,1708174800
0.03,2,Feb 17 2024 14: +0,1708178400
0.03,1,Feb 17 2024 15: +0,1708182000
0.03,1,Feb 17 2024 17: +0,1708189200
0.03,1,Feb 17 2024 19: +0,1708196400
0.03,2,Feb 17 2024 20: +0,1708200000
0.03,1,Feb 17 2024 21: +0,1708203600
0.03,1,Feb 17 2024 22: +0,1708207200
0.03,2,Feb 17 2024 23: +0,1708210800
0.043,2,Feb 18 2024 05: +0,1708232400
0.03,1,Feb 18 2024 12: +0,1708257600
0.043,2,Feb 18 2024 14: +0,1708264800
0.03,2,Feb 18 2024 15: +0,1708268400
0.03,1,Feb 18 2024 16: +0,1708272000
0.03,1,Feb 18 2024 19: +0,1708282800
0.03,1,Feb 18 2024 20: +0,1708286400
0.042,1,Feb 18 2024 21: +0,1708290000
0.03,2,Feb 18 2024 22: +0,1708293600
0.041,1,Feb 19 2024 01: +0,1708304400
0.03,4,Feb 19 2024 02: +0,1708308000
0.03,4,Feb 19 2024 11: +0,1708340400
0.03,1,Feb 19 2024 12: +0,1708344000
0.03,1,Feb 19 2024 14: +0,1708351200
0.03,1,Feb 19 2024 15: +0,1708354800
0.039,1,Feb 19 2024 17: +0,1708362000
0.03,3,Feb 19 2024 18: +0,1708365600
0.035,1,Feb 20 2024 05: +0,1708405200
0.03,1,Feb 20 2024 11: +0,1708426800
0.042,1,Feb 20 2024 13: +0,1708434000
0.03,1,Feb 20 2024 14: +0,1708437600
0.03,2,Feb 20 2024 16: +0,1708444800
0.03,1,Feb 20 2024 18: +0,1708452000
0.042,1,Feb 20 2024 20: +0,1708459200
0.03,1,Feb 20 2024 21: +0,1708462800
0.03,1,Feb 20 2024 23: +0,1708470000
0.03,1,Feb 21 2024 08: +0,1708502400
0.03,10,Feb 21 2024 09: +0,1708506000
0.05,1,Feb 21 2024 13: +0,1708520400
0.039,2,Feb 21 2024 14: +0,1708524000
0.03,1,Feb 21 2024 17: +0,1708534800
0.047,1,Feb 21 2024 18: +0,1708538400
0.03,1,Feb 21 2024 20: +0,1708545600
0.03,2,Feb 21 2024 21: +0,1708549200
0.03,1,Feb 21 2024 22: +0,1708552800
0.03,1,Feb 22 2024 07: +0,1708585200
0.03,3,Feb 22 2024 08: +0,1708588800
0.03,1,Feb 22 2024 10: +0,1708596000
0.03,1,Feb 22 2024 11: +0,1708599600
0.03,1,Feb 22 2024 12: +0,1708603200
0.03,1,Feb 22 2024 13: +0,1708606800
0.03,1,Feb 22 2024 16: +0,1708617600
0.032,5,Feb 22 2024 18: +0,1708624800
0.034,1,Feb 22 2024 20: +0,1708632000
0.03,1,Feb 22 2024 21: +0,1708635600
0.047,3,Feb 22 2024 23: +0,1708642800
0.055,5,Feb 23 2024 00: +0,1708646400
0.031,2,Feb 23 2024 01: +0,1708650000
0.03,1,Feb 23 2024 07: +0,1708671600
0.051,4,Feb 23 2024 11: +0,1708686000
0.035,1,Feb 23 2024 18: +0,1708711200
0.03,3,Feb 23 2024 19: +0,1708714800
0.03,4,Feb 23 2024 22: +0,1708725600
0.03,1,Feb 23 2024 23: +0,1708729200
0.03,3,Feb 24 2024 00: +0,1708732800
0.03,1,Feb 24 2024 03: +0,1708743600
0.03,1,Feb 24 2024 05: +0,1708750800
0.047,4,Feb 24 2024 10: +0,1708768800
0.047,1,Feb 24 2024 12: +0,1708776000
0.036,1,Feb 24 2024 17: +0,1708794000
0.036,1,Feb 24 2024 19: +0,1708801200
0.03,5,Feb 24 2024 20: +0,1708804800
0.043,2,Feb 25 2024 01: +0,1708822800
0.038,1,Feb 25 2024 09: +0,1708851600
0.039,2,Feb 25 2024 10: +0,1708855200
0.047,1,Feb 25 2024 11: +0,1708858800
0.03,1,Feb 25 2024 17: +0,1708880400
0.038,1,Feb 25 2024 18: +0,1708884000
0.038,1,Feb 25 2024 20: +0,1708891200
0.051,2,Feb 25 2024 21: +0,1708894800
0.03,1,Feb 26 2024 14: +0,1708956000
0.06,1,Feb 26 2024 15: +0,1708959600
0.055,1,Feb 26 2024 18: +0,1708970400
0.032,1,Feb 27 2024 14: +0,1709042400
0.03,4,Feb 27 2024 18: +0,1709056800
0.03,1,Feb 28 2024 01: +0,1709082000
0.03,1,Feb 28 2024 09: +0,1709110800
0.03,3,Feb 28 2024 10: +0,1709114400
0.03,1,Feb 28 2024 11: +0,1709118000
0.033,2,Feb 28 2024 13: +0,1709125200
0.031,2,Feb 28 2024 19: +0,1709146800
0.037,3,Feb 28 2024 21: +0,1709154000
0.03,1,Feb 28 2024 22: +0,1709157600
0.06,1,Feb 29 2024 00: +0,1709164800
0.055,1,Feb 29 2024 07: +0,1709190000
0.046,1,Feb 29 2024 11: +0,1709204400
0.03,3,Feb 29 2024 12: +0,1709208000
0.034,1,Feb 29 2024 14: +0,1709215200
0.06,1,Feb 29 2024 16: +0,1709222400
0.047,1,Feb 29 2024 18: +0,1709229600
0.047,1,Feb 29 2024 19: +0,1709233200
0.054,1,Feb 29 2024 21: +0,1709240400
0.053,1,Mar 01 2024 07: +0,1709276400
0.053,3,Mar 01 2024 11: +0,1709290800
0.035,1,Mar 01 2024 14: +0,1709301600
0.059,2,Mar 01 2024 19: +0,1709319600
0.03,1,Mar 01 2024 20: +0,1709323200
0.063,1,Mar 01 2024 21: +0,1709326800
0.05,1,Mar 01 2024 23: +0,1709334000
0.049,1,Mar 02 2024 00: +0,1709337600
0.03,1,Mar 02 2024 10: +0,1709373600
0.03,3,Mar 02 2024 11: +0,1709377200
0.037,1,Mar 02 2024 12: +0,1709380800
0.05,2,Mar 02 2024 13: +0,1709384400
0.047,1,Mar 02 2024 14: +0,1709388000
0.045,1,Mar 02 2024 17: +0,1709398800
0.042,5,Mar 02 2024 20: +0,1709409600
0.059,1,Mar 02 2024 21: +0,1709413200
0.042,1,Mar 02 2024 22: +0,1709416800
0.053,1,Mar 02 2024 23: +0,1709420400
0.051,1,Mar 03 2024 14: +0,1709474400
0.051,1,Mar 03 2024 16: +0,1709481600
0.035,1,Mar 03 2024 18: +0,1709488800
0.053,1,Mar 03 2024 20: +0,1709496000
0.03,1,Mar 03 2024 21: +0,1709499600
0.045,1,Mar 04 2024 07: +0,1709535600
0.045,1,Mar 04 2024 10: +0,1709546400
0.03,1,Mar 04 2024 12: +0,1709553600
0.031,1,Mar 04 2024 13: +0,1709557200
0.059,1,Mar 04 2024 15: +0,1709564400
0.052,1,Mar 04 2024 16: +0,1709568000
0.059,1,Mar 04 2024 19: +0,1709578800
0.042,3,Mar 05 2024 01: +0,1709600400
0.031,1,Mar 05 2024 04: +0,1709611200
0.03,1,Mar 05 2024 05: +0,1709614800
0.035,1,Mar 05 2024 12: +0,1709640000
0.039,1,Mar 05 2024 16: +0,1709654400
0.04,1,Mar 05 2024 17: +0,1709658000
0.042,1,Mar 05 2024 18: +0,1709661600
0.048,5,Mar 05 2024 19: +0,1709665200
0.053,2,Mar 05 2024 20: +0,1709668800
0.054,1,Mar 05 2024 21: +0,1709672400
0.042,1,Mar 05 2024 22: +0,1709676000
0.042,1,Mar 06 2024 00: +0,1709683200
0.035,1,Mar 06 2024 03: +0,1709694000
0.033,1,Mar 06 2024 07: +0,1709708400
0.055,1,Mar 06 2024 12: +0,1709726400
0.035,1,Mar 06 2024 13: +0,1709730000
0.035,1,Mar 06 2024 15: +0,1709737200
0.031,1,Mar 06 2024 19: +0,1709751600
0.037,1,Mar 06 2024 20: +0,1709755200
0.038,3,Mar 07 2024 05: +0,1709787600
0.055,1,Mar 07 2024 06: +0,1709791200
0.036,1,Mar 07 2024 10: +0,1709805600
0.039,1,Mar 07 2024 11: +0,1709809200
0.036,1,Mar 07 2024 12: +0,1709812800
0.036,3,Mar 07 2024 14: +0,1709820000
0.036,3,Mar 07 2024 15: +0,1709823600
0.042,1,Mar 07 2024 20: +0,1709841600
0.051,1,Mar 07 2024 22: +0,1709848800
0.034,2,Mar 08 2024 11: +0,1709895600
0.035,1,Mar 08 2024 14: +0,1709906400
0.04,1,Mar 08 2024 16: +0,1709913600
0.044,2,Mar 08 2024 20: +0,1709928000
0.03,2,Mar 08 2024 21: +0,1709931600
0.047,1,Mar 08 2024 23: +0,1709938800
0.03,1,Mar 09 2024 02: +0,1709949600
0.051,3,Mar 09 2024 03: +0,1709953200
0.03,1,Mar 09 2024 10: +0,1709978400
0.043,3,Mar 09 2024 12: +0,1709985600
0.06,1,Mar 09 2024 13: +0,1709989200
0.043,1,Mar 09 2024 14: +0,1709992800
0.041,2,Mar 09 2024 18: +0,1710007200
0.043,2,Mar 09 2024 19: +0,1710010800
0.05,1,Mar 09 2024 20: +0,1710014400
0.048,1,Mar 10 2024 07: +0,1710054000
0.03,1,Mar 10 2024 12: +0,1710072000
0.036,1,Mar 10 2024 17: +0,1710090000
0.032,2,Mar 10 2024 20: +0,1710100800
0.03,2,Mar 11 2024 10: +0,1710151200
0.032,1,Mar 11 2024 14: +0,1710165600
0.034,1,Mar 11 2024 16: +0,1710172800
0.03,1,Mar 11 2024 21: +0,1710190800
0.03,3,Mar 11 2024 22: +0,1710194400
0.03,2,Mar 12 2024 02: +0,1710208800
0.034,1,Mar 12 2024 10: +0,1710237600
0.03,3,Mar 12 2024 15: +0,1710255600
0.03,4,Mar 12 2024 16: +0,1710259200
0.052,3,Mar 12 2024 18: +0,1710266400
0.036,1,Mar 12 2024 20: +0,1710273600
0.034,1,Mar 12 2024 23: +0,1710284400
0.034,1,Mar 13 2024 00: +0,1710288000
0.03,1,Mar 13 2024 04: +0,1710302400
0.034,3,Mar 13 2024 07: +0,1710313200
0.034,1,Mar 13 2024 12: +0,1710331200
0.047,1,Mar 14 2024 02: +0,1710381600
0.03,1,Mar 14 2024 08: +0,1710403200
0.034,1,Mar 14 2024 13: +0,1710421200
0.03,1,Mar 14 2024 14: +0,1710424800
0.03,1,Mar 14 2024 15: +0,1710428400
0.037,2,Mar 14 2024 23: +0,1710457200
0.03,2,Mar 15 2024 02: +0,1710468000
0.03,1,Mar 15 2024 04: +0,1710475200
0.03,2,Mar 15 2024 08: +0,1710489600
0.03,2,Mar 15 2024 20: +0,1710532800
0.03,1,Mar 15 2024 21: +0,1710536400
0.03,1,Mar 15 2024 22: +0,1710540000
0.03,1,Mar 16 2024 01: +0,1710550800
0.03,5,Mar 16 2024 05: +0,1710565200
0.032,3,Mar 16 2024 10: +0,1710583200
0.03,1,Mar 16 2024 12: +0,1710590400
0.03,1,Mar 16 2024 14: +0,1710597600
0.043,4,Mar 16 2024 17: +0,1710608400
0.051,3,Mar 16 2024 18: +0,1710612000
0.051,5,Mar 16 2024 22: +0,1710626400
0.03,1,Mar 17 2024 04: +0,1710648000
0.03,1,Mar 17 2024 10: +0,1710669600
0.04,1,Mar 17 2024 12: +0,1710676800
0.032,1,Mar 17 2024 19: +0,1710702000
0.032,1,Mar 17 2024 20: +0,1710705600
0.033,1,Mar 17 2024 21: +0,1710709200
0.03,2,Mar 17 2024 23: +0,1710716400
0.042,1,Mar 18 2024 01: +0,1710723600
0.03,1,Mar 18 2024 02: +0,1710727200
0.03,1,Mar 18 2024 13: +0,1710766800
0.03,1,Mar 18 2024 14: +0,1710770400
0.03,3,Mar 18 2024 16: +0,1710777600
0.03,1,Mar 18 2024 18: +0,1710784800
0.03,1,Mar 18 2024 23: +0,1710802800
0.033,2,Mar 19 2024 11: +0,1710846000
0.03,1,Mar 19 2024 20: +0,1710878400
0.03,1,Mar 19 2024 21: +0,1710882000
0.04,1,Mar 20 2024 05: +0,1710910800
0.03,1,Mar 20 2024 14: +0,1710943200
0.043,1,Mar 20 2024 20: +0,1710964800
0.03,1,Mar 20 2024 22: +0,1710972000
0.03,1,Mar 21 2024 03: +0,1710990000
0.03,1,Mar 21 2024 13: +0,1711026000
0.047,1,Mar 21 2024 21: +0,1711054800
0.038,2,Mar 21 2024 23: +0,1711062000
0.043,3,Mar 22 2024 00: +0,1711065600
0.047,1,Mar 22 2024 03: +0,1711076400
0.03,1,Mar 22 2024 09: +0,1711098000
0.03,1,Mar 22 2024 14: +0,1711116000
0.03,1,Mar 22 2024 15: +0,1711119600
0.03,45,Mar 22 2024 17: +0,1711126800
0.043,1,Mar 22 2024 20: +0,1711137600
0.03,1,Mar 23 2024 00: +0,1711152000
0.03,1,Mar 23 2024 01: +0,1711155600
0.03,1,Mar 23 2024 02: +0,1711159200
0.06,1,Mar 23 2024 13: +0,1711198800
0.03,1,Mar 23 2024 15: +0,1711206000
0.03,1,Mar 23 2024 17: +0,1711213200
0.034,3,Mar 23 2024 19: +0,1711220400
0.036,2,Mar 23 2024 21: +0,1711227600
0.043,1,Mar 24 2024 02: +0,1711245600
0.03,1,Mar 24 2024 09: +0,1711270800
0.03,2,Mar 24 2024 13: +0,1711285200
0.03,2,Mar 24 2024 15: +0,1711292400
0.03,3,Mar 24 2024 17: +0,1711299600
0.03,4,Mar 24 2024 18: +0,1711303200
0.03,1,Mar 24 2024 21: +0,1711314000
0.03,4,Mar 24 2024 22: +0,1711317600
0.03,1,Mar 24 2024 23: +0,1711321200
0.03,1,Mar 25 2024 06: +0,1711346400
0.03,1,Mar 25 2024 11: +0,1711364400
0.03,1,Mar 25 2024 19: +0,1711393200
0.04,6,Mar 25 2024 20: +0,1711396800
0.03,2,Mar 26 2024 09: +0,1711443600
0.03,3,Mar 26 2024 10: +0,1711447200
0.03,1,Mar 26 2024 19: +0,1711479600
0.03,1,Mar 27 2024 10: +0,1711533600
0.03,2,Mar 27 2024 15: +0,1711551600
0.03,1,Mar 27 2024 16: +0,1711555200
0.042,23,Mar 27 2024 18: +0,1711562400
0.03,1,Mar 27 2024 20: +0,1711569600
0.03,1,Mar 28 2024 00: +0,1711584000
0.03,2,Mar 28 2024 13: +0,1711630800
0.03,2,Mar 28 2024 16: +0,1711641600
0.03,1,Mar 28 2024 21: +0,1711659600
0.03,1,Mar 29 2024 00: +0,1711670400
0.03,1,Mar 29 2024 05: +0,1711688400
0.03,1,Mar 29 2024 11: +0,1711710000
0.03,1,Mar 29 2024 16: +0,1711728000
0.03,1,Mar 29 2024 17: +0,1711731600
0.03,1,Mar 29 2024 18: +0,1711735200
0.03,1,Mar 30 2024 02: +0,1711764000
0.03,1,Mar 30 2024 06: +0,1711778400
0.047,1,Mar 30 2024 14: +0,1711807200
0.03,1,Mar 30 2024 15: +0,1711810800
0.03,1,Mar 30 2024 22: +0,1711836000
0.03,1,Mar 31 2024 01: +0,1711846800
0.03,2,Mar 31 2024 04: +0,1711854000
0.03,1,Mar 31 2024 10: +0,1711875600
0.051,1,Mar 31 2024 11: +0,1711879200
0.03,1,Mar 31 2024 14: +0,1711890000
0.03,1,Mar 31 2024 22: +0,1711918800
0.03,2,Apr 01 2024 05: +0,1711944000
0.03,1,Apr 01 2024 10: +0,1711962000
0.03,1,Apr 01 2024 13: +0,1711972800
0.051,1,Apr 01 2024 14: +0,1711976400
0.049,10,Apr 01 2024 20: +0,1711998000
0.047,1,Apr 01 2024 23: +0,1712008800
0.03,1,Apr 02 2024 11: +0,1712052000
0.05,2,Apr 02 2024 13: +0,1712059200
0.063,1,Apr 02 2024 15: +0,1712066400
0.03,9,Apr 02 2024 16: +0,1712070000
0.03,1,Apr 03 2024 08: +0,1712127600
0.03,1,Apr 03 2024 11: +0,1712138400
0.03,1,Apr 03 2024 21: +0,1712174400
0.03,1,Apr 03 2024 23: +0,1712181600
0.03,1,Apr 04 2024 00: +0,1712185200
0.039,2,Apr 04 2024 08: +0,1712214000
0.03,3,Apr 04 2024 13: +0,1712232000
0.03,3,Apr 04 2024 17: +0,1712246400
0.043,1,Apr 04 2024 21: +0,1712260800
0.03,1,Apr 04 2024 22: +0,1712264400
0.03,2,Apr 05 2024 00: +0,1712271600
0.03,1,Apr 05 2024 04: +0,1712286000
0.03,1,Apr 05 2024 10: +0,1712307600
0.03,1,Apr 05 2024 15: +0,1712325600
0.03,1,Apr 05 2024 18: +0,1712336400
0.03,4,Apr 05 2024 19: +0,1712340000
0.03,1,Apr 06 2024 04: +0,1712372400
0.031,2,Apr 06 2024 05: +0,1712376000
0.048,1,Apr 06 2024 06: +0,1712379600
0.03,1,Apr 06 2024 10: +0,1712394000
0.03,1,Apr 06 2024 15: +0,1712412000
0.032,2,Apr 06 2024 16: +0,1712415600
0.033,1,Apr 06 2024 18: +0,1712422800
0.033,1,Apr 06 2024 20: +0,1712430000
0.03,1,Apr 07 2024 08: +0,1712473200
0.03,1,Apr 07 2024 11: +0,1712484000
0.03,1,Apr 07 2024 13: +0,1712491200
0.03,2,Apr 07 2024 20: +0,1712516400
0.03,2,Apr 07 2024 21: +0,1712520000
0.03,1,Apr 07 2024 22: +0,1712523600
0.03,11,Apr 08 2024 03: +0,1712541600
0.03,3,Apr 08 2024 09: +0,1712563200
0.038,5,Apr 08 2024 15: +0,1712584800
0.04,1,Apr 08 2024 16: +0,1712588400
0.061,1,Apr 08 2024 20: +0,1712602800
0.03,1,Apr 09 2024 00: +0,1712617200
0.056,1,Apr 09 2024 02: +0,1712624400
0.04,1,Apr 09 2024 09: +0,1712649600
0.03,1,Apr 10 2024 03: +0,1712714400
0.04,1,Apr 10 2024 07: +0,1712728800
0.03,1,Apr 10 2024 12: +0,1712746800
0.048,1,Apr 10 2024 13: +0,1712750400
0.03,1,Apr 10 2024 17: +0,1712764800
0.03,1,Apr 10 2024 19: +0,1712772000
0.032,1,Apr 11 2024 00: +0,1712790000
0.04,1,Apr 11 2024 07: +0,1712815200
0.043,1,Apr 11 2024 10: +0,1712826000
0.03,1,Apr 11 2024 15: +0,1712844000
0.032,1,Apr 11 2024 16: +0,1712847600
0.03,2,Apr 11 2024 17: +0,1712851200
0.035,1,Apr 11 2024 21: +0,1712865600
0.039,1,Apr 12 2024 13: +0,1712923200
0.03,1,Apr 12 2024 14: +0,1712926800
0.03,2,Apr 12 2024 17: +0,1712937600
0.03,1,Apr 12 2024 18: +0,1712941200
0.033,2,Apr 12 2024 19: +0,1712944800
0.03,1,Apr 13 2024 01: +0,1712966400
0.03,1,Apr 13 2024 11: +0,1713002400
0.03,1,Apr 13 2024 14: +0,1713013200
0.03,1,Apr 13 2024 17: +0,1713024000
0.03,1,Apr 13 2024 18: +0,1713027600
0.03,1,Apr 13 2024 21: +0,1713038400
0.03,1,Apr 14 2024 12: +0,1713092400
0.03,1,Apr 14 2024 13: +0,1713096000
0.03,1,Apr 14 2024 14: +0,1713099600
0.03,1,Apr 14 2024 15: +0,1713103200
0.03,1,Apr 14 2024 18: +0,1713114000
0.037,2,Apr 14 2024 19: +0,1713117600
0.03,1,Apr 14 2024 22: +0,1713128400
0.03,2,Apr 14 2024 23: +0,1713132000
0.03,4,Apr 15 2024 01: +0,1713139200
0.03,1,Apr 15 2024 06: +0,1713157200
0.03,1,Apr 15 2024 10: +0,1713171600
0.03,1,Apr 15 2024 18: +0,1713200400
0.03,1,Apr 15 2024 22: +0,1713214800
0.03,1,Apr 16 2024 09: +0,1713254400
0.03,1,Apr 16 2024 10: +0,1713258000
0.03,1,Apr 16 2024 14: +0,1713272400
0.03,2,Apr 16 2024 15: +0,1713276000
0.03,1,Apr 16 2024 17: +0,1713283200
0.03,1,Apr 16 2024 19: +0,1713290400
0.03,8,Apr 16 2024 21: +0,1713297600
0.03,1,Apr 16 2024 23: +0,1713304800
0.03,9,Apr 17 2024 03: +0,1713319200
0.03,3,Apr 17 2024 13: +0,1713355200
0.03,1,Apr 17 2024 16: +0,1713366000
0.05,5,Apr 17 2024 22: +0,1713387600
0.03,1,Apr 18 2024 05: +0,1713412800
0.03,1,Apr 18 2024 06: +0,1713416400
0.03,1,Apr 18 2024 10: +0,1713430800
0.043,1,Apr 18 2024 13: +0,1713441600
0.032,2,Apr 18 2024 19: +0,1713463200
0.043,1,Apr 18 2024 20: +0,1713466800
0.032,1,Apr 19 2024 00: +0,1713481200
0.03,2,Apr 19 2024 02: +0,1713488400
0.03,1,Apr 19 2024 09: +0,1713513600
0.03,1,Apr 19 2024 13: +0,1713528000
0.03,1,Apr 19 2024 16: +0,1713538800
0.03,1,Apr 20 2024 01: +0,1713571200
0.03,1,Apr 20 2024 18: +0,1713632400
0.03,1,Apr 20 2024 22: +0,1713646800
0.03,1,Apr 21 2024 00: +0,1713654000
0.03,1,Apr 21 2024 16: +0,1713711600
0.03,1,Apr 21 2024 17: +0,1713715200
0.03,7,Apr 21 2024 20: +0,1713726000
0.03,2,Apr 21 2024 21: +0,1713729600
0.03,2,Apr 21 2024 22: +0,1713733200
0.03,2,Apr 22 2024 14: +0,1713790800
0.03,1,Apr 22 2024 22: +0,1713819600
0.04,2,Apr 23 2024 00: +0,1713826800
0.04,3,Apr 23 2024 14: +0,1713877200
0.03,2,Apr 23 2024 21: +0,1713902400
0.03,1,Apr 24 2024 12: +0,1713956400
0.03,1,Apr 24 2024 16: +0,1713970800
0.03,2,Apr 24 2024 19: +0,1713981600
0.03,1,Apr 24 2024 20: +0,1713985200
0.03,1,Apr 24 2024 23: +0,1713996000
0.03,1,Apr 25 2024 10: +0,1714035600
0.03,2,Apr 25 2024 21: +0,1714075200
0.03,1,Apr 25 2024 22: +0,1714078800
0.03,1,Apr 26 2024 07: +0,1714111200
0.03,1,Apr 26 2024 16: +0,1714143600
0.03,1,Apr 26 2024 19: +0,1714154400
0.043,1,Apr 26 2024 20: +0,1714158000
0.03,1,Apr 27 2024 00: +0,1714172400
0.03,1,Apr 27 2024 01: +0,1714176000
0.043,1,Apr 27 2024 08: +0,1714201200
0.03,1,Apr 27 2024 09: +0,1714204800
0.043,7,Apr 27 2024 13: +0,1714219200
0.03,4,Apr 27 2024 15: +0,1714226400
0.03,1,Apr 27 2024 19: +0,1714240800
0.03,1,Apr 28 2024 09: +0,1714291200
0.03,1,Apr 28 2024 10: +0,1714294800
0.03,2,Apr 28 2024 11: +0,1714298400
0.03,1,Apr 28 2024 12: +0,1714302000
0.03,1,Apr 28 2024 14: +0,1714309200
0.03,1,Apr 28 2024 15: +0,1714312800
0.03,2,Apr 28 2024 17: +0,1714320000
0.03,2,Apr 28 2024 21: +0,1714334400
0.03,1,Apr 29 2024 17: +0,1714406400
0.03,1,Apr 29 2024 18: +0,1714410000
0.03,2,Apr 29 2024 21: +0,1714420800
0.03,1,Apr 30 2024 12: +0,1714474800
0.03,1,Apr 30 2024 19: +0,1714500000
0.03,2,Apr 30 2024 22: +0,1714510800
0.03,2,May 01 2024 13: +0,1714564800
0.05,1,May 01 2024 20: +0,1714590000
0.03,1,May 01 2024 21: +0,1714593600
0.043,1,May 01 2024 22: +0,1714597200
0.03,1,May 02 2024 07: +0,1714629600
0.03,1,May 02 2024 10: +0,1714640400
0.041,1,May 03 2024 04: +0,1714705200
0.043,1,May 03 2024 11: +0,1714730400
0.03,1,May 03 2024 13: +0,1714737600
0.043,2,May 03 2024 17: +0,1714752000
0.048,2,May 03 2024 23: +0,1714773600
0.03,1,May 04 2024 15: +0,1714831200
0.03,1,May 04 2024 19: +0,1714845600
0.03,1,May 04 2024 20: +0,1714849200
0.048,1,May 04 2024 22: +0,1714856400
0.04,1,May 05 2024 00: +0,1714863600
0.03,1,May 05 2024 12: +0,1714906800
0.03,1,May 05 2024 13: +0,1714910400
0.03,3,May 05 2024 14: +0,1714914000
0.03,1,May 06 2024 13: +0,1714996800
0.03,2,May 06 2024 14: +0,1715000400
0.043,1,May 06 2024 18: +0,1715014800
0.03,5,May 06 2024 21: +0,1715025600
0.03,1,May 06 2024 22: +0,1715029200
0.04,1,May 07 2024 05: +0,1715054400
0.03,1,May 07 2024 14: +0,1715086800
0.03,3,May 07 2024 19: +0,1715104800
0.032,1,May 08 2024 04: +0,1715137200
0.03,1,May 08 2024 06: +0,1715144400
0.03,1,May 08 2024 13: +0,1715169600
0.03,1,May 08 2024 14: +0,1715173200
0.03,2,May 08 2024 19: +0,1715191200
0.03,2,May 09 2024 01: +0,1715212800
0.03,2,May 09 2024 12: +0,1715252400
0.03,1,May 09 2024 13: +0,1715256000
0.03,1,May 09 2024 14: +0,1715259600
0.03,1,May 09 2024 20: +0,1715281200
0.03,1,May 09 2024 22: +0,1715288400
0.03,1,May 10 2024 01: +0,1715299200
0.03,1,May 10 2024 08: +0,1715324400
0.03,1,May 10 2024 09: +0,1715328000
0.03,1,May 10 2024 10: +0,1715331600
0.03,3,May 11 2024 10: +0,1715418000
0.03,1,May 11 2024 12: +0,1715425200
0.03,2,May 11 2024 18: +0,1715446800
0.03,2,May 11 2024 20: +0,1715454000
0.03,1,May 11 2024 23: +0,1715464800
0.03,2,May 12 2024 09: +0,1715500800
0.03,2,May 12 2024 11: +0,1715508000
0.03,1,May 12 2024 12: +0,1715511600
0.03,1,May 12 2024 13: +0,1715515200
0.043,1,May 12 2024 17: +0,1715529600
0.043,1,May 12 2024 19: +0,1715536800
0.03,1,May 12 2024 20: +0,1715540400
0.03,1,May 13 2024 03: +0,1715565600
0.03,1,May 13 2024 22: +0,1715634000
0.03,1,May 14 2024 06: +0,1715662800
0.03,3,May 14 2024 18: +0,1715706000
0.03,1,May 14 2024 19: +0,1715709600
0.043,1,May 14 2024 20: +0,1715713200
0.03,2,May 15 2024 00: +0,1715727600
0.03,1,May 15 2024 08: +0,1715756400
0.03,1,May 15 2024 14: +0,1715778000
0.043,1,May 15 2024 15: +0,1715781600
0.03,1,May 15 2024 17: +0,1715788800
0.031,2,May 15 2024 19: +0,1715796000
0.03,1,May 16 2024 10: +0,1715850000
0.03,1,May 16 2024 12: +0,1715857200
0.03,1,May 16 2024 15: +0,1715868000
0.03,1,May 16 2024 20: +0,1715886000
0.03,1,May 16 2024 22: +0,1715893200
0.04,3,May 17 2024 02: +0,1715907600
0.03,3,May 17 2024 06: +0,1715922000
0.03,1,May 17 2024 07: +0,1715925600
0.03,1,May 17 2024 08: +0,1715929200
0.03,4,May 17 2024 10: +0,1715936400
0.03,2,May 18 2024 00: +0,1715986800
0.03,1,May 18 2024 01: +0,1715990400
0.04,1,May 18 2024 02: +0,1715994000
0.03,1,May 18 2024 09: +0,1716019200
0.03,1,May 18 2024 16: +0,1716044400
0.03,1,May 18 2024 17: +0,1716048000
0.03,2,May 18 2024 23: +0,1716069600
0.039,1,May 19 2024 03: +0,1716084000
0.03,1,May 19 2024 07: +0,1716098400
0.03,2,May 19 2024 09: +0,1716105600
0.03,1,May 19 2024 11: +0,1716112800
0.03,4,May 19 2024 12: +0,1716116400
0.034,2,May 20 2024 06: +0,1716181200
0.03,5,May 20 2024 08: +0,1716188400
0.034,1,May 20 2024 14: +0,1716210000
0.043,1,May 20 2024 18: +0,1716224400
0.03,6,May 21 2024 00: +0,1716246000
0.034,1,May 21 2024 05: +0,1716264000
0.03,1,May 21 2024 09: +0,1716278400
0.03,1,May 21 2024 10: +0,1716282000
0.034,3,May 21 2024 12: +0,1716289200
0.034,2,May 21 2024 16: +0,1716303600
0.034,1,May 21 2024 22: +0,1716325200
0.03,1,May 22 2024 10: +0,1716368400
0.031,1,May 22 2024 11: +0,1716372000
0.043,1,May 22 2024 13: +0,1716379200
0.03,1,May 22 2024 14: +0,1716382800
0.03,1,May 22 2024 19: +0,1716400800
0.031,3,May 22 2024 21: +0,1716408000
0.031,1,May 23 2024 00: +0,1716418800
0.03,1,May 23 2024 09: +0,1716451200
0.031,1,May 23 2024 11: +0,1716458400
0.043,1,May 23 2024 13: +0,1716465600
0.03,2,May 23 2024 15: +0,1716472800
0.031,2,May 23 2024 16: +0,1716476400
0.03,1,May 24 2024 01: +0,1716508800
0.039,1,May 24 2024 04: +0,1716519600
0.031,1,May 24 2024 09: +0,1716537600
0.03,2,May 24 2024 19: +0,1716573600
0.03,1,May 24 2024 22: +0,1716584400
0.03,1,May 25 2024 04: +0,1716606000
0.03,1,May 25 2024 05: +0,1716609600
0.031,1,May 25 2024 07: +0,1716616800
0.03,4,May 25 2024 11: +0,1716631200
0.03,1,May 25 2024 17: +0,1716652800
0.03,1,May 26 2024 03: +0,1716688800
0.031,2,May 26 2024 06: +0,1716699600
0.031,3,May 26 2024 10: +0,1716714000
0.031,1,May 26 2024 11: +0,1716717600
0.031,1,May 26 2024 12: +0,1716721200
0.031,6,May 26 2024 13: +0,1716724800
0.034,1,May 26 2024 20: +0,1716750000
0.043,1,May 26 2024 23: +0,1716760800
0.03,4,May 27 2024 05: +0,1716782400
0.03,1,May 27 2024 09: +0,1716796800
0.03,1,May 27 2024 10: +0,1716800400
0.03,1,May 27 2024 15: +0,1716818400
0.03,1,May 27 2024 21: +0,1716840000
0.03,1,May 29 2024 02: +0,1716944400
0.03,2,May 29 2024 13: +0,1716984000
0.039,1,May 29 2024 15: +0,1716991200
0.03,1,May 29 2024 16: +0,1716994800
0.03,1,May 29 2024 17: +0,1716998400
0.03,2,May 30 2024 05: +0,1717041600
0.03,1,May 30 2024 06: +0,1717045200
0.03,2,May 30 2024 12: +0,1717066800
0.03,1,May 30 2024 18: +0,1717088400
0.03,1,May 31 2024 07: +0,1717135200
0.042,1,May 31 2024 14: +0,1717160400
0.03,34,May 31 2024 18: +0,1717174800
0.043,4,Jun 01 2024 09: +0,1717228800
0.03,1,Jun 01 2024 13: +0,1717243200
0.03,3,Jun 01 2024 14: +0,1717246800
0.03,1,Jun 01 2024 15: +0,1717250400
0.03,2,Jun 01 2024 23: +0,1717279200
0.03,1,Jun 02 2024 00: +0,1717282800
0.03,1,Jun 02 2024 16: +0,1717340400
0.03,2,Jun 02 2024 18: +0,1717347600
0.047,1,Jun 02 2024 19: +0,1717351200
0.031,1,Jun 02 2024 23: +0,1717365600
0.03,1,Jun 03 2024 03: +0,1717380000
0.03,1,Jun 03 2024 17: +0,1717430400
0.03,1,Jun 03 2024 20: +0,1717441200
0.03,2,Jun 04 2024 08: +0,1717484400
0.03,1,Jun 04 2024 16: +0,1717513200
0.03,1,Jun 04 2024 20: +0,1717527600
0.033,2,Jun 04 2024 22: +0,1717534800
0.03,1,Jun 05 2024 03: +0,1717552800
0.03,1,Jun 05 2024 06: +0,1717563600
0.03,1,Jun 06 2024 07: +0,1717653600
0.03,1,Jun 06 2024 10: +0,1717664400
0.03,1,Jun 06 2024 11: +0,1717668000
0.03,2,Jun 06 2024 16: +0,1717686000
0.03,1,Jun 06 2024 19: +0,1717696800
0.032,1,Jun 06 2024 22: +0,1717707600
0.032,1,Jun 07 2024 02: +0,1717722000
0.03,1,Jun 07 2024 04: +0,1717729200
0.03,2,Jun 07 2024 17: +0,1717776000
0.03,1,Jun 08 2024 10: +0,1717837200
0.03,2,Jun 08 2024 17: +0,1717862400
0.039,1,Jun 09 2024 07: +0,1717912800
0.03,1,Jun 09 2024 08: +0,1717916400
0.03,1,Jun 09 2024 17: +0,1717948800
0.03,2,Jun 09 2024 18: +0,1717952400
0.03,20,Jun 09 2024 23: +0,1717970400
0.03,1,Jun 10 2024 08: +0,1718002800
0.03,1,Jun 10 2024 20: +0,1718046000
0.03,1,Jun 12 2024 03: +0,1718157600
0.03,1,Jun 12 2024 07: +0,1718172000
0.03,1,Jun 12 2024 09: +0,1718179200
0.03,2,Jun 12 2024 10: +0,1718182800
0.034,1,Jun 12 2024 16: +0,1718204400
0.03,133,Jun 13 2024 04: +0,1718247600
0.03,1,Jun 13 2024 13: +0,1718280000
0.03,2,Jun 14 2024 00: +0,1718319600
0.03,1,Jun 14 2024 08: +0,1718348400
0.03,1,Jun 15 2024 10: +0,1718442000
0.03,2,Jun 15 2024 12: +0,1718449200
