price,quantity,date,unix timestamp
2.293,11200,Feb 06 2014 01: +0,1391648400
1.227,11569,Feb 07 2014 01: +0,1391734800
0.74,13317,Feb 08 2014 01: +0,1391821200
0.46,15395,Feb 09 2014 01: +0,1391907600
0.37,12011,Feb 10 2014 01: +0,1391994000
0.309,11519,Feb 11 2014 01: +0,1392080400
0.118,15923,Feb 12 2014 01: +0,1392166800
0.04,20170,Feb 13 2014 01: +0,1392253200
0.03,20132,Feb 14 2014 01: +0,1392339600
0.03,20779,Feb 15 2014 01: +0,1392426000
0.03,14197,Feb 16 2014 01: +0,1392512400
0.03,9805,Feb 17 2014 01: +0,1392598800
0.03,9395,Feb 18 2014 01: +0,1392685200
0.03,8583,Feb 19 2014 01: +0,1392771600
0.03,5617,Feb 20 2014 01: +0,1392858000
0.03,5795,Feb 21 2014 01: +0,1392944400
0.03,7185,Feb 22 2014 01: +0,1393030800
0.03,6697,Feb 23 2014 01: +0,1393117200
0.03,5813,Feb 24 2014 01: +0,1393203600
0.03,5476,Feb 25 2014 01: +0,1393290000
0.03,5868,Feb 26 2014 01: +0,1393376400
0.03,6626,Feb 27 2014 01: +0,1393462800
0.03,6998,Feb 28 2014 01: +0,1393549200
0.03,6492,Mar 01 2014 01: +0,1393635600
0.03,5834,Mar 02 2014 01: +0,1393722000
0.03,4911,Mar 03 2014 01: +0,1393808400
0.03,4517,Mar 04 2014 01: +0,1393894800
0.03,4644,Mar 05 2014 01: +0,1393981200
0.03,2821,Mar 06 2014 01: +0,1394067600
0.03,5311,Mar 07 2014 01: +0,1394154000
0.03,5833,Mar 08 2014 01: +0,1394240400
0.03,6289,Mar 09 2014 01: +0,1394326800
0.03,3506,Mar 10 2014 01: +0,1394413200
0.03,1896,Mar 11 2014 01: +0,1394499600
0.03,1825,Mar 12 2014 01: +0,1394586000
0.03,1460,Mar 13 2014 01: +0,1394672400
0.03,2058,Mar 14 2014 01: +0,1394758800
0.03,4435,Mar 15 2014 01: +0,1394845200
0.03,4590,Mar 16 2014 01: +0,1394931600
0.03,3177,Mar 17 2014 01: +0,1395018000
0.03,2697,Mar 18 2014 01: +0,1395104400
0.03,2731,Mar 19 2014 01: +0,1395190800
0.03,2662,Mar 20 2014 01: +0,1395277200
0.03,3129,Mar 21 2014 01: +0,1395363600
0.03,4037,Mar 22 2014 01: +0,1395450000
0.03,4303,Mar 23 2014 01: +0,1395536400
0.03,3475,Mar 24 2014 01: +0,1395622800
0.03,1917,Mar 25 2014 01: +0,1395709200
0.03,3122,Mar 26 2014 01: +0,1395795600
0.03,3039,Mar 27 2014 01: +0,1395882000
0.03,2869,Mar 28 2014 01: +0,1395968400
0.03,3566,Mar 29 2014 01: +0,1396054800
0.03,3555,Mar 30 2014 01: +0,1396141200
0.03,3228,Mar 31 2014 01: +0,1396224000
0.03,2405,Apr 01 2014 01: +0,1396310400
0.03,2761,Apr 02 2014 01: +0,1396396800
0.03,2956,Apr 03 2014 01: +0,1396483200
0.03,3351,Apr 04 2014 01: +0,1396569600
0.03,3572,Apr 05 2014 01: +0,1396656000
0.03,3458,Apr 06 2014 01: +0,1396742400
0.03,2857,Apr 07 2014 01: +0,1396828800
0.03,3114,Apr 08 2014 01: +0,1396915200
0.03,2626,Apr 09 2014 01: +0,1397001600
0.03,2693,Apr 10 2014 01: +0,1397088000
0.03,3253,Apr 11 2014 01: +0,1397174400
0.03,2939,Apr 12 2014 01: +0,1397260800
0.03,2854,Apr 13 2014 01: +0,1397347200
0.03,2506,Apr 14 2014 01: +0,1397433600
0.03,2681,Apr 15 2014 01: +0,1397520000
0.03,2580,Apr 16 2014 01: +0,1397606400
0.03,2726,Apr 17 2014 01: +0,1397692800
0.03,2858,Apr 18 2014 01: +0,1397779200
0.03,3500,Apr 19 2014 01: +0,1397865600
0.03,3747,Apr 20 2014 01: +0,1397952000
0.03,3426,Apr 21 2014 01: +0,1398038400
0.03,3184,Apr 22 2014 01: +0,1398124800
0.03,3509,Apr 23 2014 01: +0,1398211200
0.03,2736,Apr 24 2014 01: +0,1398297600
0.03,3002,Apr 25 2014 01: +0,1398384000
0.03,3322,Apr 26 2014 01: +0,1398470400
0.03,3268,Apr 27 2014 01: +0,1398556800
0.03,3172,Apr 28 2014 01: +0,1398643200
0.03,3138,Apr 29 2014 01: +0,1398729600
0.03,3320,Apr 30 2014 01: +0,1398816000
0.03,3012,May 01 2014 01: +0,1398902400
0.03,2333,May 02 2014 01: +0,1398988800
0.03,2413,May 03 2014 01: +0,1399075200
0.03,3026,May 04 2014 01: +0,1399161600
0.03,3176,May 05 2014 01: +0,1399248000
0.03,3329,May 06 2014 01: +0,1399334400
0.03,2758,May 07 2014 01: +0,1399420800
0.03,3013,May 08 2014 01: +0,1399507200
0.03,2652,May 09 2014 01: +0,1399593600
0.03,2995,May 10 2014 01: +0,1399680000
0.03,1941,May 11 2014 01: +0,1399766400
0.03,1829,May 12 2014 01: +0,1399852800
0.03,2017,May 13 2014 01: +0,1399939200
0.03,2153,May 14 2014 01: +0,1400025600
0.03,2173,May 15 2014 01: +0,1400112000
0.03,2889,May 16 2014 01: +0,1400198400
0.03,2682,May 17 2014 01: +0,1400284800
0.03,3113,May 18 2014 01: +0,1400371200
0.03,3488,May 19 2014 01: +0,1400457600
0.03,2209,May 20 2014 01: +0,1400544000
0.03,1959,May 21 2014 01: +0,1400630400
0.03,2503,May 22 2014 01: +0,1400716800
0.03,1679,May 23 2014 01: +0,1400803200
0.03,2283,May 24 2014 01: +0,1400889600
0.03,2627,May 25 2014 01: +0,1400976000
0.03,2480,May 26 2014 01: +0,1401062400
0.03,1651,May 27 2014 01: +0,1401148800
0.03,1691,May 28 2014 01: +0,1401235200
0.03,1859,May 29 2014 01: +0,1401321600
0.03,2447,May 30 2014 01: +0,1401408000
0.03,2056,May 31 2014 01: +0,1401494400
0.03,1966,Jun 01 2014 01: +0,1401580800
0.03,1764,Jun 02 2014 01: +0,1401667200
0.03,2064,Jun 03 2014 01: +0,1401753600
0.03,1797,Jun 04 2014 01: +0,1401840000
0.03,1795,Jun 05 2014 01: +0,1401926400
0.03,1750,Jun 06 2014 01: +0,1402012800
0.03,1588,Jun 07 2014 01: +0,1402099200
0.03,1812,Jun 08 2014 01: +0,1402185600
0.03,1512,Jun 09 2014 01: +0,1402272000
0.03,1446,Jun 10 2014 01: +0,1402358400
0.03,2813,Jun 11 2014 01: +0,1402444800
0.03,1729,Jun 12 2014 01: +0,1402531200
0.03,1751,Jun 13 2014 01: +0,1402617600
0.03,1800,Jun 14 2014 01: +0,1402704000
0.03,1700,Jun 15 2014 01: +0,1402790400
0.03,1810,Jun 16 2014 01: +0,1402876800
0.03,1829,Jun 17 2014 01: +0,1402963200
0.03,1732,Jun 18 2014 01: +0,1403049600
0.03,1586,Jun 19 2014 01: +0,1403136000
0.03,1753,Jun 20 2014 01: +0,1403222400
0.03,1719,Jun 21 2014 01: +0,1403308800
0.03,1591,Jun 22 2014 01: +0,1403395200
0.03,1734,Jun 23 2014 01: +0,1403481600
0.03,1631,Jun 24 2014 01: +0,1403568000
0.03,1506,Jun 25 2014 01: +0,1403654400
0.03,2110,Jun 26 2014 01: +0,1403740800
0.03,2468,Jun 27 2014 01: +0,1403827200
0.03,2226,Jun 28 2014 01: +0,1403913600
0.03,2235,Jun 29 2014 01: +0,1404000000
0.03,1894,Jun 30 2014 01: +0,1404086400
0.03,1739,Jul 01 2014 01: +0,1404172800
0.03,1837,Jul 02 2014 01: +0,1404259200
0.03,1704,Jul 03 2014 01: +0,1404345600
0.03,1591,Jul 04 2014 01: +0,1404432000
0.03,1655,Jul 05 2014 01: +0,1404518400
0.03,1948,Jul 06 2014 01: +0,1404604800
0.03,1577,Jul 07 2014 01: +0,1404691200
0.03,1588,Jul 08 2014 01: +0,1404777600
0.03,1510,Jul 09 2014 01: +0,1404864000
0.03,1797,Jul 10 2014 01: +0,1404950400
0.03,1712,Jul 11 2014 01: +0,1405036800
0.03,2133,Jul 12 2014 01: +0,1405123200
0.03,1825,Jul 13 2014 01: +0,1405209600
0.03,1865,Jul 14 2014 01: +0,1405296000
0.03,1876,Jul 15 2014 01: +0,1405382400
0.03,2048,Jul 16 2014 01: +0,1405468800
0.03,2110,Jul 17 2014 01: +0,1405555200
0.03,2157,Jul 18 2014 01: +0,1405641600
0.03,2158,Jul 19 2014 01: +0,1405728000
0.03,1896,Jul 20 2014 01: +0,1405814400
0.03,2088,Jul 21 2014 01: +0,1405900800
0.03,1749,Jul 22 2014 01: +0,1405987200
0.03,1889,Jul 23 2014 01: +0,1406073600
0.03,1639,Jul 24 2014 01: +0,1406160000
0.03,2046,Jul 25 2014 01: +0,1406246400
0.03,2302,Jul 26 2014 01: +0,1406332800
0.03,2922,Jul 27 2014 01: +0,1406419200
0.03,2430,Jul 28 2014 01: +0,1406505600
0.03,2680,Jul 29 2014 01: +0,1406592000
0.03,2130,Jul 30 2014 01: +0,1406678400
0.03,2195,Jul 31 2014 01: +0,1406764800
0.03,2848,Aug 01 2014 01: +0,1406851200
0.03,2734,Aug 02 2014 01: +0,1406937600
0.03,2864,Aug 03 2014 01: +0,1407024000
0.03,2849,Aug 04 2014 01: +0,1407110400
0.03,2249,Aug 05 2014 01: +0,1407196800
0.03,2033,Aug 06 2014 01: +0,1407283200
0.03,2211,Aug 07 2014 01: +0,1407369600
0.03,2311,Aug 08 2014 01: +0,1407456000
0.03,2238,Aug 09 2014 01: +0,1407542400
0.03,1831,Aug 10 2014 01: +0,1407628800
0.03,2384,Aug 11 2014 01: +0,1407715200
0.03,2037,Aug 12 2014 01: +0,1407801600
0.03,2004,Aug 13 2014 01: +0,1407888000
0.03,2836,Aug 14 2014 01: +0,1407974400
0.03,2187,Aug 15 2014 01: +0,1408060800
0.03,2172,Aug 16 2014 01: +0,1408147200
0.03,3709,Aug 17 2014 01: +0,1408233600
0.03,3075,Aug 18 2014 01: +0,1408320000
0.03,8478,Aug 19 2014 01: +0,1408406400
0.03,3290,Aug 20 2014 01: +0,1408492800
0.03,3630,Aug 21 2014 01: +0,1408579200
0.03,2774,Aug 22 2014 01: +0,1408665600
0.03,2622,Aug 23 2014 01: +0,1408752000
0.03,2694,Aug 24 2014 01: +0,1408838400
0.03,3399,Aug 25 2014 01: +0,1408924800
0.03,3228,Aug 26 2014 01: +0,1409011200
0.03,3405,Aug 27 2014 01: +0,1409097600
0.03,3372,Aug 28 2014 01: +0,1409184000
0.03,3545,Aug 29 2014 01: +0,1409270400
0.03,4017,Aug 30 2014 01: +0,1409356800
0.03,4032,Aug 31 2014 01: +0,1409443200
0.03,3798,Sep 01 2014 01: +0,1409529600
0.03,3781,Sep 02 2014 01: +0,1409616000
0.03,3337,Sep 03 2014 01: +0,1409702400
0.03,2485,Sep 04 2014 01: +0,1409788800
0.03,3557,Sep 05 2014 01: +0,1409875200
0.03,3970,Sep 06 2014 01: +0,1409961600
0.03,6047,Sep 07 2014 01: +0,1410048000
0.03,4363,Sep 08 2014 01: +0,1410134400
0.03,3021,Sep 09 2014 01: +0,1410220800
0.03,2532,Sep 10 2014 01: +0,1410307200
0.03,2937,Sep 11 2014 01: +0,1410393600
0.03,3180,Sep 12 2014 01: +0,1410480000
0.03,4089,Sep 13 2014 01: +0,1410566400
0.03,3687,Sep 14 2014 01: +0,1410652800
0.03,2837,Sep 15 2014 01: +0,1410739200
0.03,2985,Sep 16 2014 01: +0,1410825600
0.03,3396,Sep 17 2014 01: +0,1410912000
0.03,3371,Sep 18 2014 01: +0,1410998400
0.03,4187,Sep 19 2014 01: +0,1411084800
0.03,5385,Sep 20 2014 01: +0,1411171200
0.03,5985,Sep 21 2014 01: +0,1411257600
0.03,4250,Sep 22 2014 01: +0,1411344000
0.03,3578,Sep 23 2014 01: +0,1411430400
0.03,2890,Sep 24 2014 01: +0,1411516800
0.03,3956,Sep 25 2014 01: +0,1411603200
0.03,4138,Sep 26 2014 01: +0,1411689600
0.03,5456,Sep 27 2014 01: +0,1411776000
0.03,4842,Sep 28 2014 01: +0,1411862400
0.03,4650,Sep 29 2014 01: +0,1411948800
0.03,4460,Sep 30 2014 01: +0,1412035200
0.03,4846,Oct 01 2014 01: +0,1412121600
0.03,4242,Oct 02 2014 01: +0,1412208000
0.03,5721,Oct 03 2014 01: +0,1412294400
0.03,5645,Oct 04 2014 01: +0,1412380800
0.03,5107,Oct 05 2014 01: +0,1412467200
0.03,4279,Oct 06 2014 01: +0,1412553600
0.03,4457,Oct 07 2014 01: +0,1412640000
0.03,5280,Oct 08 2014 01: +0,1412726400
0.03,4610,Oct 09 2014 01: +0,1412812800
0.03,4841,Oct 10 2014 01: +0,1412899200
0.03,5976,Oct 11 2014 01: +0,1412985600
0.03,4858,Oct 12 2014 01: +0,1413072000
0.03,4784,Oct 13 2014 01: +0,1413158400
0.03,4247,Oct 14 2014 01: +0,1413244800
0.03,5386,Oct 15 2014 01: +0,1413331200
0.03,3824,Oct 16 2014 01: +0,1413417600
0.03,6286,Oct 17 2014 01: +0,1413504000
0.03,7350,Oct 18 2014 01: +0,1413590400
0.03,4601,Oct 19 2014 01: +0,1413676800
0.03,3759,Oct 20 2014 01: +0,1413763200
0.03,3592,Oct 21 2014 01: +0,1413849600
0.03,4709,Oct 22 2014 01: +0,1413936000
0.03,3676,Oct 23 2014 01: +0,1414022400
0.03,4481,Oct 24 2014 01: +0,1414108800
0.03,4727,Oct 25 2014 01: +0,1414195200
0.03,6088,Oct 26 2014 01: +0,1414281600
0.03,3594,Oct 27 2014 01: +0,1414371600
0.03,3340,Oct 28 2014 01: +0,1414458000
0.03,3668,Oct 29 2014 01: +0,1414544400
0.03,4081,Oct 30 2014 01: +0,1414630800
0.03,5732,Oct 31 2014 01: +0,1414717200
0.03,4820,Nov 01 2014 01: +0,1414803600
0.03,4396,Nov 02 2014 01: +0,1414890000
0.03,4166,Nov 03 2014 01: +0,1414976400
0.03,4476,Nov 04 2014 01: +0,1415062800
0.03,4387,Nov 05 2014 01: +0,1415149200
0.03,3772,Nov 06 2014 01: +0,1415235600
0.03,4571,Nov 07 2014 01: +0,1415322000
0.03,5103,Nov 08 2014 01: +0,1415408400
0.03,4963,Nov 09 2014 01: +0,1415494800
0.03,4365,Nov 10 2014 01: +0,1415581200
0.03,4241,Nov 11 2014 01: +0,1415667600
0.03,4084,Nov 12 2014 01: +0,1415754000
0.03,4332,Nov 13 2014 01: +0,1415840400
0.03,4771,Nov 14 2014 01: +0,1415926800
0.03,5201,Nov 15 2014 01: +0,1416013200
0.03,4654,Nov 16 2014 01: +0,1416099600
0.03,4384,Nov 17 2014 01: +0,1416186000
0.03,4768,Nov 18 2014 01: +0,1416272400
0.03,4505,Nov 19 2014 01: +0,1416358800
0.03,4062,Nov 20 2014 01: +0,1416445200
0.03,3618,Nov 21 2014 01: +0,1416531600
0.03,4271,Nov 22 2014 01: +0,1416618000
0.03,4248,Nov 23 2014 01: +0,1416704400
0.03,3665,Nov 24 2014 01: +0,1416790800
0.03,3062,Nov 25 2014 01: +0,1416877200
0.03,3825,Nov 26 2014 01: +0,1416963600
0.03,4148,Nov 27 2014 01: +0,1417050000
0.03,5335,Nov 28 2014 01: +0,1417136400
0.03,4435,Nov 29 2014 01: +0,1417222800
0.03,5695,Nov 30 2014 01: +0,1417309200
0.03,4755,Dec 01 2014 01: +0,1417395600
0.03,5072,Dec 02 2014 01: +0,1417482000
0.03,4616,Dec 03 2014 01: +0,1417568400
0.03,4816,Dec 04 2014 01: +0,1417654800
0.03,5679,Dec 05 2014 01: +0,1417741200
0.03,7265,Dec 06 2014 01: +0,1417827600
0.03,5278,Dec 07 2014 01: +0,1417914000
0.03,4398,Dec 08 2014 01: +0,1418000400
0.03,4415,Dec 09 2014 01: +0,1418086800
0.03,5224,Dec 10 2014 01: +0,1418173200
0.03,5318,Dec 11 2014 01: +0,1418259600
0.03,5616,Dec 12 2014 01: +0,1418346000
0.03,7853,Dec 13 2014 01: +0,1418432400
0.03,7804,Dec 14 2014 01: +0,1418518800
0.03,5678,Dec 15 2014 01: +0,1418605200
0.03,5858,Dec 16 2014 01: +0,1418691600
0.03,6435,Dec 17 2014 01: +0,1418778000
0.03,5470,Dec 18 2014 01: +0,1418864400
0.03,5917,Dec 19 2014 01: +0,1418950800
0.03,5149,Dec 20 2014 01: +0,1419037200
0.03,5900,Dec 21 2014 01: +0,1419123600
0.03,5688,Dec 22 2014 01: +0,1419210000
0.03,4942,Dec 23 2014 01: +0,1419296400
0.03,4577,Dec 24 2014 01: +0,1419382800
0.03,6164,Dec 25 2014 01: +0,1419469200
0.03,7120,Dec 26 2014 01: +0,1419555600
0.03,8370,Dec 27 2014 01: +0,1419642000
0.03,8206,Dec 28 2014 01: +0,1419728400
0.03,8159,Dec 29 2014 01: +0,1419814800
0.03,8371,Dec 30 2014 01: +0,1419901200
0.03,8732,Dec 31 2014 01: +0,1419987600
0.03,7962,Jan 01 2015 01: +0,1420074000
0.03,10315,Jan 02 2015 01: +0,1420160400
0.03,8612,Jan 03 2015 01: +0,1420246800
0.03,8486,Jan 04 2015 01: +0,1420333200
0.03,8124,Jan 05 2015 01: +0,1420419600
0.03,7020,Jan 06 2015 01: +0,1420506000
0.03,6692,Jan 07 2015 01: +0,1420592400
0.03,8952,Jan 08 2015 01: +0,1420678800
0.03,10063,Jan 09 2015 01: +0,1420765200
0.03,11622,Jan 10 2015 01: +0,1420851600
0.03,10556,Jan 11 2015 01: +0,1420938000
0.03,8503,Jan 12 2015 01: +0,1421024400
0.03,9104,Jan 13 2015 01: +0,1421110800
0.03,10858,Jan 14 2015 01: +0,1421197200
0.03,7914,Jan 15 2015 01: +0,1421283600
0.03,8735,Jan 16 2015 01: +0,1421370000
0.03,11649,Jan 17 2015 01: +0,1421456400
0.03,9958,Jan 18 2015 01: +0,1421542800
0.03,8828,Jan 19 2015 01: +0,1421629200
0.03,7452,Jan 20 2015 01: +0,1421715600
0.03,7331,Jan 21 2015 01: +0,1421802000
0.03,7363,Jan 22 2015 01: +0,1421888400
0.03,8680,Jan 23 2015 01: +0,1421974800
0.03,9849,Jan 24 2015 01: +0,1422061200
0.03,10449,Jan 25 2015 01: +0,1422147600
0.03,8315,Jan 26 2015 01: +0,1422234000
0.03,7799,Jan 27 2015 01: +0,1422320400
0.03,8220,Jan 28 2015 01: +0,1422406800
0.03,7535,Jan 29 2015 01: +0,1422493200
0.03,8716,Jan 30 2015 01: +0,1422579600
0.03,11111,Jan 31 2015 01: +0,1422666000
0.03,9912,Feb 01 2015 01: +0,1422752400
0.03,7923,Feb 02 2015 01: +0,1422838800
0.03,9303,Feb 03 2015 01: +0,1422925200
0.03,8216,Feb 04 2015 01: +0,1423011600
0.03,9060,Feb 05 2015 01: +0,1423098000
0.03,8049,Feb 06 2015 01: +0,1423184400
0.03,9582,Feb 07 2015 01: +0,1423270800
0.03,8067,Feb 08 2015 01: +0,1423357200
0.03,6270,Feb 09 2015 01: +0,1423443600
0.03,6351,Feb 10 2015 01: +0,1423530000
0.03,6118,Feb 11 2015 01: +0,1423616400
0.03,6419,Feb 12 2015 01: +0,1423702800
0.03,7786,Feb 13 2015 01: +0,1423789200
0.03,8184,Feb 14 2015 01: +0,1423875600
0.03,8185,Feb 15 2015 01: +0,1423962000
0.03,6431,Feb 16 2015 01: +0,1424048400
0.03,6916,Feb 17 2015 01: +0,1424134800
0.03,6962,Feb 18 2015 01: +0,1424221200
0.03,7709,Feb 19 2015 01: +0,1424307600
0.03,8006,Feb 20 2015 01: +0,1424394000
0.03,8859,Feb 21 2015 01: +0,1424480400
0.03,9479,Feb 22 2015 01: +0,1424566800
0.03,8770,Feb 23 2015 01: +0,1424653200
0.03,7891,Feb 24 2015 01: +0,1424739600
0.03,8177,Feb 25 2015 01: +0,1424826000
0.03,9420,Feb 26 2015 01: +0,1424912400
0.03,9840,Feb 27 2015 01: +0,1424998800
0.03,9824,Feb 28 2015 01: +0,1425085200
0.03,11294,Mar 01 2015 01: +0,1425171600
0.03,7611,Mar 02 2015 01: +0,1425258000
0.03,7741,Mar 03 2015 01: +0,1425344400
0.03,8321,Mar 04 2015 01: +0,1425430800
0.03,10595,Mar 05 2015 01: +0,1425517200
0.03,10051,Mar 06 2015 01: +0,1425603600
0.03,26004,Mar 07 2015 01: +0,1425690000
0.03,11095,Mar 08 2015 01: +0,1425776400
0.03,7155,Mar 09 2015 01: +0,1425862800
0.03,7117,Mar 10 2015 01: +0,1425949200
0.03,7566,Mar 11 2015 01: +0,1426035600
0.03,8264,Mar 12 2015 01: +0,1426122000
0.03,9664,Mar 13 2015 01: +0,1426208400
0.03,10265,Mar 14 2015 01: +0,1426294800
0.03,10323,Mar 15 2015 01: +0,1426381200
0.03,6824,Mar 16 2015 01: +0,1426467600
0.03,7088,Mar 17 2015 01: +0,1426554000
0.03,6116,Mar 18 2015 01: +0,1426640400
0.03,8477,Mar 19 2015 01: +0,1426726800
0.03,8088,Mar 20 2015 01: +0,1426813200
0.03,10323,Mar 21 2015 01: +0,1426899600
0.03,7830,Mar 22 2015 01: +0,1426986000
0.03,6293,Mar 23 2015 01: +0,1427072400
0.03,5833,Mar 24 2015 01: +0,1427158800
0.03,5474,Mar 25 2015 01: +0,1427245200
0.03,5906,Mar 26 2015 01: +0,1427331600
0.03,7167,Mar 27 2015 01: +0,1427418000
0.03,7467,Mar 28 2015 01: +0,1427504400
0.03,7041,Mar 29 2015 01: +0,1427590800
0.03,7997,Mar 30 2015 01: +0,1427673600
0.03,8663,Mar 31 2015 01: +0,1427760000
0.035,8725,Apr 01 2015 01: +0,1427846400
0.036,7475,Apr 02 2015 01: +0,1427932800
0.035,7988,Apr 03 2015 01: +0,1428019200
0.033,8261,Apr 04 2015 01: +0,1428105600
0.034,7924,Apr 05 2015 01: +0,1428192000
0.036,8631,Apr 06 2015 01: +0,1428278400
0.035,7825,Apr 07 2015 01: +0,1428364800
0.037,8092,Apr 08 2015 01: +0,1428451200
0.036,8202,Apr 09 2015 01: +0,1428537600
0.038,8473,Apr 10 2015 01: +0,1428624000
0.04,9086,Apr 11 2015 01: +0,1428710400
0.04,8050,Apr 12 2015 01: +0,1428796800
0.043,7620,Apr 13 2015 01: +0,1428883200
0.041,7300,Apr 14 2015 01: +0,1428969600
0.042,6137,Apr 15 2015 01: +0,1429056000
0.036,6033,Apr 16 2015 01: +0,1429142400
0.04,6188,Apr 17 2015 01: +0,1429228800
0.038,7896,Apr 18 2015 01: +0,1429315200
0.039,7532,Apr 19 2015 01: +0,1429401600
0.037,6778,Apr 20 2015 01: +0,1429488000
0.035,5758,Apr 21 2015 01: +0,1429574400
0.035,5790,Apr 22 2015 01: +0,1429660800
0.041,6938,Apr 23 2015 01: +0,1429747200
0.037,6343,Apr 24 2015 01: +0,1429833600
0.04,7350,Apr 25 2015 01: +0,1429920000
0.038,7376,Apr 26 2015 01: +0,1430006400
0.04,6050,Apr 27 2015 01: +0,1430092800
0.042,6190,Apr 28 2015 01: +0,1430179200
0.046,6860,Apr 29 2015 01: +0,1430265600
0.046,7397,Apr 30 2015 01: +0,1430352000
0.05,7817,May 01 2015 01: +0,1430438400
0.05,9241,May 02 2015 01: +0,1430524800
0.047,7705,May 03 2015 01: +0,1430611200
0.042,6608,May 04 2015 01: +0,1430697600
0.045,6117,May 05 2015 01: +0,1430784000
0.045,5432,May 06 2015 01: +0,1430870400
0.045,4998,May 07 2015 01: +0,1430956800
0.051,7020,May 08 2015 01: +0,1431043200
0.052,7262,May 09 2015 01: +0,1431129600
0.049,6623,May 10 2015 01: +0,1431216000
0.047,5458,May 11 2015 01: +0,1431302400
0.045,5331,May 12 2015 01: +0,1431388800
0.046,4936,May 13 2015 01: +0,1431475200
0.049,5589,May 14 2015 01: +0,1431561600
0.052,5462,May 15 2015 01: +0,1431648000
0.056,7693,May 16 2015 01: +0,1431734400
0.054,7230,May 17 2015 01: +0,1431820800
0.054,5658,May 18 2015 01: +0,1431907200
0.054,5535,May 19 2015 01: +0,1431993600
0.056,6160,May 20 2015 01: +0,1432080000
0.057,5175,May 21 2015 01: +0,1432166400
0.06,5742,May 22 2015 01: +0,1432252800
0.062,8214,May 23 2015 01: +0,1432339200
0.062,6506,May 24 2015 01: +0,1432425600
0.065,5754,May 25 2015 01: +0,1432512000
0.062,5112,May 26 2015 01: +0,1432598400
0.043,7356,May 27 2015 01: +0,1432684800
0.052,6559,May 28 2015 01: +0,1432771200
0.055,6580,May 29 2015 01: +0,1432857600
0.059,7472,May 30 2015 01: +0,1432944000
0.059,6899,May 31 2015 01: +0,1433030400
0.059,6044,Jun 01 2015 01: +0,1433116800
0.06,6160,Jun 02 2015 01: +0,1433203200
0.059,6268,Jun 03 2015 01: +0,1433289600
0.059,6248,Jun 04 2015 01: +0,1433376000
0.055,6672,Jun 05 2015 01: +0,1433462400
0.056,7175,Jun 06 2015 01: +0,1433548800
0.055,6712,Jun 07 2015 01: +0,1433635200
0.054,6240,Jun 08 2015 01: +0,1433721600
0.056,5161,Jun 09 2015 01: +0,1433808000
0.057,6064,Jun 10 2015 01: +0,1433894400
0.054,5816,Jun 11 2015 01: +0,1433980800
0.051,5839,Jun 12 2015 01: +0,1434067200
0.048,5728,Jun 13 2015 01: +0,1434153600
0.047,6177,Jun 14 2015 01: +0,1434240000
0.046,5882,Jun 15 2015 01: +0,1434326400
0.049,5826,Jun 16 2015 01: +0,1434412800
0.047,5615,Jun 17 2015 01: +0,1434499200
0.05,5159,Jun 18 2015 01: +0,1434585600
0.047,6560,Jun 19 2015 01: +0,1434672000
0.052,6636,Jun 20 2015 01: +0,1434758400
0.047,6124,Jun 21 2015 01: +0,1434844800
0.047,5411,Jun 22 2015 01: +0,1434931200
0.052,5566,Jun 23 2015 01: +0,1435017600
0.053,5617,Jun 24 2015 01: +0,1435104000
0.058,6787,Jun 25 2015 01: +0,1435190400
0.061,7406,Jun 26 2015 01: +0,1435276800
0.067,6961,Jun 27 2015 01: +0,1435363200
0.064,7955,Jun 28 2015 01: +0,1435449600
0.065,7331,Jun 29 2015 01: +0,1435536000
0.07,6795,Jun 30 2015 01: +0,1435622400
0.067,5330,Jul 01 2015 01: +0,1435708800
0.067,5424,Jul 02 2015 01: +0,1435795200
0.069,5280,Jul 03 2015 01: +0,1435881600
0.07,5153,Jul 04 2015 01: +0,1435968000
0.068,4900,Jul 05 2015 01: +0,1436054400
0.07,5257,Jul 06 2015 01: +0,1436140800
0.067,5707,Jul 07 2015 01: +0,1436227200
0.066,5119,Jul 08 2015 01: +0,1436313600
0.067,5659,Jul 09 2015 01: +0,1436400000
0.07,5920,Jul 10 2015 01: +0,1436486400
0.073,5615,Jul 11 2015 01: +0,1436572800
0.075,6422,Jul 12 2015 01: +0,1436659200
0.083,6913,Jul 13 2015 01: +0,1436745600
0.089,6560,Jul 14 2015 01: +0,1436832000
0.095,5817,Jul 15 2015 01: +0,1436918400
0.103,5967,Jul 16 2015 01: +0,1437004800
0.107,5494,Jul 17 2015 01: +0,1437091200
0.107,5054,Jul 18 2015 01: +0,1437177600
0.107,5538,Jul 19 2015 01: +0,1437264000
0.111,5066,Jul 20 2015 01: +0,1437350400
0.108,5098,Jul 21 2015 01: +0,1437436800
0.103,5217,Jul 22 2015 01: +0,1437523200
0.1,4621,Jul 23 2015 01: +0,1437609600
0.096,4639,Jul 24 2015 01: +0,1437696000
0.096,4812,Jul 25 2015 01: +0,1437782400
0.092,3994,Jul 26 2015 01: +0,1437868800
0.092,5058,Jul 27 2015 01: +0,1437955200
0.091,4677,Jul 28 2015 01: +0,1438041600
0.09,4251,Jul 29 2015 01: +0,1438128000
0.089,4434,Jul 30 2015 01: +0,1438214400
0.09,4899,Jul 31 2015 01: +0,1438300800
0.087,4288,Aug 01 2015 01: +0,1438387200
0.086,4481,Aug 02 2015 01: +0,1438473600
0.087,4423,Aug 03 2015 01: +0,1438560000
0.087,4431,Aug 04 2015 01: +0,1438646400
0.089,4546,Aug 05 2015 01: +0,1438732800
0.094,4496,Aug 06 2015 01: +0,1438819200
0.098,4585,Aug 07 2015 01: +0,1438905600
0.099,4263,Aug 08 2015 01: +0,1438992000
0.1,4426,Aug 09 2015 01: +0,1439078400
0.099,4589,Aug 10 2015 01: +0,1439164800
0.104,4960,Aug 11 2015 01: +0,1439251200
0.102,4858,Aug 12 2015 01: +0,1439337600
0.1,4440,Aug 13 2015 01: +0,1439424000
0.099,4248,Aug 14 2015 01: +0,1439510400
0.089,4972,Aug 15 2015 01: +0,1439596800
0.08,3889,Aug 16 2015 01: +0,1439683200
0.081,3710,Aug 17 2015 01: +0,1439769600
0.078,3530,Aug 18 2015 01: +0,1439856000
0.076,3238,Aug 19 2015 01: +0,1439942400
0.072,3869,Aug 20 2015 01: +0,1440028800
0.064,3583,Aug 21 2015 01: +0,1440115200
0.066,3493,Aug 22 2015 01: +0,1440201600
0.056,5249,Aug 23 2015 01: +0,1440288000
0.061,4765,Aug 24 2015 01: +0,1440374400
0.073,4064,Aug 25 2015 01: +0,1440460800
0.074,4119,Aug 26 2015 01: +0,1440547200
0.079,4098,Aug 27 2015 01: +0,1440633600
0.08,4025,Aug 28 2015 01: +0,1440720000
0.083,4373,Aug 29 2015 01: +0,1440806400
0.083,4766,Aug 30 2015 01: +0,1440892800
0.083,4041,Aug 31 2015 01: +0,1440979200
0.086,4090,Sep 01 2015 01: +0,1441065600
0.086,3835,Sep 02 2015 01: +0,1441152000
0.084,3653,Sep 03 2015 01: +0,1441238400
0.088,4028,Sep 04 2015 01: +0,1441324800
0.089,4688,Sep 05 2015 01: +0,1441411200
0.089,4414,Sep 06 2015 01: +0,1441497600
0.085,3545,Sep 07 2015 01: +0,1441584000
0.086,3608,Sep 08 2015 01: +0,1441670400
0.084,3081,Sep 09 2015 01: +0,1441756800
0.086,3574,Sep 10 2015 01: +0,1441843200
0.087,4077,Sep 11 2015 01: +0,1441929600
0.093,4329,Sep 12 2015 01: +0,1442016000
0.093,4801,Sep 13 2015 01: +0,1442102400
0.095,3445,Sep 14 2015 01: +0,1442188800
0.092,3107,Sep 15 2015 01: +0,1442275200
0.095,3627,Sep 16 2015 01: +0,1442361600
0.098,3793,Sep 17 2015 01: +0,1442448000
0.096,4769,Sep 18 2015 01: +0,1442534400
0.101,6498,Sep 19 2015 01: +0,1442620800
0.105,5919,Sep 20 2015 01: +0,1442707200
0.101,4459,Sep 21 2015 01: +0,1442793600
0.104,4640,Sep 22 2015 01: +0,1442880000
0.105,4592,Sep 23 2015 01: +0,1442966400
0.108,4503,Sep 24 2015 01: +0,1443052800
0.108,5376,Sep 25 2015 01: +0,1443139200
0.115,6683,Sep 26 2015 01: +0,1443225600
0.124,6302,Sep 27 2015 01: +0,1443312000
0.118,4099,Sep 28 2015 01: +0,1443398400
0.117,3990,Sep 29 2015 01: +0,1443484800
0.118,3923,Sep 30 2015 01: +0,1443571200
0.118,3875,Oct 01 2015 01: +0,1443657600
0.121,4371,Oct 02 2015 01: +0,1443744000
0.125,4913,Oct 03 2015 01: +0,1443830400
0.123,4535,Oct 04 2015 01: +0,1443916800
0.124,4042,Oct 05 2015 01: +0,1444003200
0.136,3727,Oct 06 2015 01: +0,1444089600
0.141,3718,Oct 07 2015 01: +0,1444176000
0.158,7770,Oct 08 2015 01: +0,1444262400
0.199,3384,Oct 09 2015 01: +0,1444348800
0.179,4391,Oct 10 2015 01: +0,1444435200
0.178,4213,Oct 11 2015 01: +0,1444521600
0.168,3247,Oct 12 2015 01: +0,1444608000
0.162,4087,Oct 13 2015 01: +0,1444694400
0.158,3664,Oct 14 2015 01: +0,1444780800
0.141,3487,Oct 15 2015 01: +0,1444867200
0.141,3329,Oct 16 2015 01: +0,1444953600
0.155,4152,Oct 17 2015 01: +0,1445040000
0.158,4271,Oct 18 2015 01: +0,1445126400
0.142,2886,Oct 19 2015 01: +0,1445212800
0.143,2812,Oct 20 2015 01: +0,1445299200
0.129,3903,Oct 21 2015 01: +0,1445385600
0.126,2889,Oct 22 2015 01: +0,1445472000
0.134,3636,Oct 23 2015 01: +0,1445558400
0.135,4524,Oct 24 2015 01: +0,1445644800
0.135,4068,Oct 25 2015 01: +0,1445731200
0.129,3523,Oct 26 2015 01: +0,1445821200
0.129,3024,Oct 27 2015 01: +0,1445907600
0.124,3344,Oct 28 2015 01: +0,1445994000
0.123,3341,Oct 29 2015 01: +0,1446080400
0.125,3673,Oct 30 2015 01: +0,1446166800
0.121,4206,Oct 31 2015 01: +0,1446253200
0.117,5829,Nov 01 2015 01: +0,1446339600
0.119,3688,Nov 02 2015 01: +0,1446426000
0.127,3839,Nov 03 2015 01: +0,1446512400
0.125,3490,Nov 04 2015 01: +0,1446598800
0.13,3474,Nov 05 2015 01: +0,1446685200
0.132,3580,Nov 06 2015 01: +0,1446771600
0.137,4321,Nov 07 2015 01: +0,1446858000
0.141,4782,Nov 08 2015 01: +0,1446944400
0.143,3326,Nov 09 2015 01: +0,1447030800
0.142,2849,Nov 10 2015 01: +0,1447117200
0.145,3281,Nov 11 2015 01: +0,1447203600
0.143,3192,Nov 12 2015 01: +0,1447290000
0.148,3503,Nov 13 2015 01: +0,1447376400
0.156,4259,Nov 14 2015 01: +0,1447462800
0.163,4676,Nov 15 2015 01: +0,1447549200
0.165,3743,Nov 16 2015 01: +0,1447635600
0.163,2960,Nov 17 2015 01: +0,1447722000
0.165,3390,Nov 18 2015 01: +0,1447808400
0.164,3102,Nov 19 2015 01: +0,1447894800
0.169,3408,Nov 20 2015 01: +0,1447981200
0.17,4053,Nov 21 2015 01: +0,1448067600
0.167,2722,Nov 22 2015 01: +0,1448154000
0.154,2315,Nov 23 2015 01: +0,1448240400
0.158,3490,Nov 24 2015 01: +0,1448326800
0.165,3717,Nov 25 2015 01: +0,1448413200
0.155,3166,Nov 26 2015 01: +0,1448499600
0.152,3428,Nov 27 2015 01: +0,1448586000
0.143,3949,Nov 28 2015 01: +0,1448672400
0.14,3598,Nov 29 2015 01: +0,1448758800
0.14,2803,Nov 30 2015 01: +0,1448845200
0.137,2657,Dec 01 2015 01: +0,1448931600
0.133,2966,Dec 02 2015 01: +0,1449018000
0.137,3344,Dec 03 2015 01: +0,1449104400
0.147,4103,Dec 04 2015 01: +0,1449190800
0.16,4200,Dec 05 2015 01: +0,1449277200
0.171,4147,Dec 06 2015 01: +0,1449363600
0.173,3162,Dec 07 2015 01: +0,1449450000
0.179,3229,Dec 08 2015 01: +0,1449536400
0.177,3852,Dec 09 2015 01: +0,1449622800
0.187,4192,Dec 10 2015 01: +0,1449709200
0.2,4962,Dec 11 2015 01: +0,1449795600
0.273,8627,Dec 12 2015 01: +0,1449882000
0.273,3934,Dec 13 2015 01: +0,1449968400
0.251,3521,Dec 14 2015 01: +0,1450054800
0.3,3179,Dec 15 2015 01: +0,1450141200
0.277,2901,Dec 16 2015 01: +0,1450227600
0.26,2474,Dec 17 2015 01: +0,1450314000
0.272,2579,Dec 18 2015 01: +0,1450400400
0.282,3692,Dec 19 2015 01: +0,1450486800
0.272,2922,Dec 20 2015 01: +0,1450573200
0.251,2293,Dec 21 2015 01: +0,1450659600
0.217,2960,Dec 22 2015 01: +0,1450746000
0.194,3632,Dec 23 2015 01: +0,1450832400
0.184,3121,Dec 24 2015 01: +0,1450918800
0.204,3228,Dec 25 2015 01: +0,1451005200
0.216,3498,Dec 26 2015 01: +0,1451091600
0.215,3462,Dec 27 2015 01: +0,1451178000
0.22,3221,Dec 28 2015 01: +0,1451264400
0.209,3617,Dec 29 2015 01: +0,1451350800
0.202,3261,Dec 30 2015 01: +0,1451437200
0.215,3059,Dec 31 2015 01: +0,1451523600
0.212,3212,Jan 01 2016 01: +0,1451610000
0.203,3717,Jan 02 2016 01: +0,1451696400
0.188,3920,Jan 03 2016 01: +0,1451782800
0.186,2866,Jan 04 2016 01: +0,1451869200
0.202,3098,Jan 05 2016 01: +0,1451955600
0.211,2602,Jan 06 2016 01: +0,1452042000
0.219,2814,Jan 07 2016 01: +0,1452128400
0.224,2763,Jan 08 2016 01: +0,1452214800
0.247,3741,Jan 09 2016 01: +0,1452301200
0.27,3188,Jan 10 2016 01: +0,1452387600
0.261,2179,Jan 11 2016 01: +0,1452474000
0.271,2258,Jan 12 2016 01: +0,1452560400
0.261,2364,Jan 13 2016 01: +0,1452646800
0.255,2565,Jan 14 2016 01: +0,1452733200
0.249,2880,Jan 15 2016 01: +0,1452819600
0.252,3005,Jan 16 2016 01: +0,1452906000
0.245,3398,Jan 17 2016 01: +0,1452992400
0.253,2355,Jan 18 2016 01: +0,1453078800
0.243,2539,Jan 19 2016 01: +0,1453165200
0.241,2381,Jan 20 2016 01: +0,1453251600
0.24,2478,Jan 21 2016 01: +0,1453338000
0.246,3021,Jan 22 2016 01: +0,1453424400
0.247,3694,Jan 23 2016 01: +0,1453510800
0.26,3425,Jan 24 2016 01: +0,1453597200
0.271,2488,Jan 25 2016 01: +0,1453683600
0.271,2720,Jan 26 2016 01: +0,1453770000
0.273,2591,Jan 27 2016 01: +0,1453856400
0.274,2898,Jan 28 2016 01: +0,1453942800
0.274,2928,Jan 29 2016 01: +0,1454029200
0.28,3268,Jan 30 2016 01: +0,1454115600
0.272,3386,Jan 31 2016 01: +0,1454202000
0.276,2657,Feb 01 2016 01: +0,1454288400
0.28,2894,Feb 02 2016 01: +0,1454374800
0.288,2848,Feb 03 2016 01: +0,1454461200
0.301,2856,Feb 04 2016 01: +0,1454547600
0.338,5517,Feb 05 2016 01: +0,1454634000
0.313,2979,Feb 06 2016 01: +0,1454720400
0.31,2730,Feb 07 2016 01: +0,1454806800
0.296,2178,Feb 08 2016 01: +0,1454893200
0.301,2092,Feb 09 2016 01: +0,1454979600
0.287,2130,Feb 10 2016 01: +0,1455066000
0.285,1950,Feb 11 2016 01: +0,1455152400
0.292,2491,Feb 12 2016 01: +0,1455238800
0.32,3087,Feb 13 2016 01: +0,1455325200
0.338,2664,Feb 14 2016 01: +0,1455411600
0.341,2373,Feb 15 2016 01: +0,1455498000
0.347,2124,Feb 16 2016 01: +0,1455584400
0.343,1962,Feb 17 2016 01: +0,1455670800
0.289,3798,Feb 18 2016 01: +0,1455757200
0.306,3218,Feb 19 2016 01: +0,1455843600
0.319,3308,Feb 20 2016 01: +0,1455930000
0.318,2970,Feb 21 2016 01: +0,1456016400
0.312,2359,Feb 22 2016 01: +0,1456102800
0.32,2350,Feb 23 2016 01: +0,1456189200
0.317,2590,Feb 24 2016 01: +0,1456275600
0.32,2600,Feb 25 2016 01: +0,1456362000
0.325,2692,Feb 26 2016 01: +0,1456448400
0.313,4713,Feb 27 2016 01: +0,1456534800
0.307,2403,Feb 28 2016 01: +0,1456621200
0.303,2549,Feb 29 2016 01: +0,1456707600
0.3,2180,Mar 01 2016 01: +0,1456794000
0.3,2138,Mar 02 2016 01: +0,1456880400
0.298,2099,Mar 03 2016 01: +0,1456966800
0.3,2382,Mar 04 2016 01: +0,1457053200
0.304,3225,Mar 05 2016 01: +0,1457139600
0.302,2930,Mar 06 2016 01: +0,1457226000
0.293,2405,Mar 07 2016 01: +0,1457312400
0.296,2151,Mar 08 2016 01: +0,1457398800
0.3,1946,Mar 09 2016 01: +0,1457485200
0.311,1523,Mar 10 2016 01: +0,1457571600
0.32,2288,Mar 11 2016 01: +0,1457658000
0.339,2469,Mar 12 2016 01: +0,1457744400
0.351,2245,Mar 13 2016 01: +0,1457830800
0.358,1596,Mar 14 2016 01: +0,1457917200
0.353,1625,Mar 15 2016 01: +0,1458003600
0.365,1807,Mar 16 2016 01: +0,1458090000
0.396,1546,Mar 17 2016 01: +0,1458176400
0.396,1476,Mar 18 2016 01: +0,1458262800
0.417,1929,Mar 19 2016 01: +0,1458349200
0.398,1409,Mar 20 2016 01: +0,1458435600
0.384,1143,Mar 21 2016 01: +0,1458522000
0.426,1247,Mar 22 2016 01: +0,1458608400
0.44,990,Mar 23 2016 01: +0,1458694800
0.436,1150,Mar 24 2016 01: +0,1458781200
0.415,1423,Mar 25 2016 01: +0,1458867600
0.439,1422,Mar 26 2016 01: +0,1458954000
0.439,1469,Mar 27 2016 01: +0,1459040400
0.432,1510,Mar 28 2016 01: +0,1459123200
0.404,1330,Mar 29 2016 01: +0,1459209600
0.368,1328,Mar 30 2016 01: +0,1459296000
0.389,1286,Mar 31 2016 01: +0,1459382400
0.412,1474,Apr 01 2016 01: +0,1459468800
0.438,1578,Apr 02 2016 01: +0,1459555200
0.382,2364,Apr 03 2016 01: +0,1459641600
0.383,1556,Apr 04 2016 01: +0,1459728000
0.393,1583,Apr 05 2016 01: +0,1459814400
0.421,1287,Apr 06 2016 01: +0,1459900800
0.435,1136,Apr 07 2016 01: +0,1459987200
0.445,1362,Apr 08 2016 01: +0,1460073600
0.487,2992,Apr 09 2016 01: +0,1460160000
0.468,1533,Apr 10 2016 01: +0,1460246400
0.462,1131,Apr 11 2016 01: +0,1460332800
0.451,1211,Apr 12 2016 01: +0,1460419200
0.448,1164,Apr 13 2016 01: +0,1460505600
0.448,1232,Apr 14 2016 01: +0,1460592000
0.444,1393,Apr 15 2016 01: +0,1460678400
0.454,1506,Apr 16 2016 01: +0,1460764800
0.447,1308,Apr 17 2016 01: +0,1460851200
0.443,1356,Apr 18 2016 01: +0,1460937600
0.462,1349,Apr 19 2016 01: +0,1461024000
0.444,1156,Apr 20 2016 01: +0,1461110400
0.445,1233,Apr 21 2016 01: +0,1461196800
0.483,1934,Apr 22 2016 01: +0,1461283200
0.474,1473,Apr 23 2016 01: +0,1461369600
0.464,1483,Apr 24 2016 01: +0,1461456000
0.476,1084,Apr 25 2016 01: +0,1461542400
0.478,1161,Apr 26 2016 01: +0,1461628800
0.478,1199,Apr 27 2016 01: +0,1461715200
0.48,1315,Apr 28 2016 01: +0,1461801600
0.474,1733,Apr 29 2016 01: +0,1461888000
0.501,1896,Apr 30 2016 01: +0,1461974400
0.517,1725,May 01 2016 01: +0,1462060800
0.52,1533,May 02 2016 01: +0,1462147200
0.522,1681,May 03 2016 01: +0,1462233600
0.53,1641,May 04 2016 01: +0,1462320000
0.541,1543,May 05 2016 01: +0,1462406400
0.582,1613,May 06 2016 01: +0,1462492800
0.697,1907,May 07 2016 01: +0,1462579200
0.711,1202,May 08 2016 01: +0,1462665600
0.665,1054,May 09 2016 01: +0,1462752000
0.663,934,May 10 2016 01: +0,1462838400
0.66,1108,May 11 2016 01: +0,1462924800
0.682,994,May 12 2016 01: +0,1463011200
0.693,1375,May 13 2016 01: +0,1463097600
0.725,1555,May 14 2016 01: +0,1463184000
0.751,1798,May 15 2016 01: +0,1463270400
1.071,3784,May 16 2016 01: +0,1463356800
0.915,1634,May 17 2016 01: +0,1463443200
0.778,1211,May 18 2016 01: +0,1463529600
0.704,1328,May 19 2016 01: +0,1463616000
0.757,1151,May 20 2016 01: +0,1463702400
0.765,1113,May 21 2016 01: +0,1463788800
0.747,1111,May 22 2016 01: +0,1463875200
0.701,957,May 23 2016 01: +0,1463961600
0.706,929,May 24 2016 01: +0,1464048000
0.697,1134,May 25 2016 01: +0,1464134400
0.67,1305,May 26 2016 01: +0,1464220800
0.67,978,May 27 2016 01: +0,1464307200
0.666,1105,May 28 2016 01: +0,1464393600
0.674,924,May 29 2016 01: +0,1464480000
0.668,999,May 30 2016 01: +0,1464566400
0.685,913,May 31 2016 01: +0,1464652800
0.669,1255,Jun 01 2016 01: +0,1464739200
0.71,1446,Jun 02 2016 01: +0,1464825600
0.717,1199,Jun 03 2016 01: +0,1464912000
0.672,1286,Jun 04 2016 01: +0,1464998400
0.675,1403,Jun 05 2016 01: +0,1465084800
0.703,1397,Jun 06 2016 01: +0,1465171200
0.682,877,Jun 07 2016 01: +0,1465257600
0.653,1150,Jun 08 2016 01: +0,1465344000
0.678,1003,Jun 09 2016 01: +0,1465430400
0.667,1016,Jun 10 2016 01: +0,1465516800
0.683,1321,Jun 11 2016 01: +0,1465603200
0.659,898,Jun 12 2016 01: +0,1465689600
0.639,822,Jun 13 2016 01: +0,1465776000
0.648,1040,Jun 14 2016 01: +0,1465862400
0.593,898,Jun 15 2016 01: +0,1465948800
0.571,1107,Jun 16 2016 01: +0,1466035200
0.623,1306,Jun 17 2016 01: +0,1466121600
0.613,1353,Jun 18 2016 01: +0,1466208000
0.591,1294,Jun 19 2016 01: +0,1466294400
0.584,1306,Jun 20 2016 01: +0,1466380800
0.592,1161,Jun 21 2016 01: +0,1466467200
0.548,1220,Jun 22 2016 01: +0,1466553600
0.515,1415,Jun 23 2016 01: +0,1466640000
0.49,1826,Jun 24 2016 01: +0,1466726400
0.475,1452,Jun 25 2016 01: +0,1466812800
0.421,1350,Jun 26 2016 01: +0,1466899200
0.391,1441,Jun 27 2016 01: +0,1466985600
0.379,1293,Jun 28 2016 01: +0,1467072000
0.391,1468,Jun 29 2016 01: +0,1467158400
0.419,1608,Jun 30 2016 01: +0,1467244800
0.407,1322,Jul 01 2016 01: +0,1467331200
0.396,1352,Jul 02 2016 01: +0,1467417600
0.39,1273,Jul 03 2016 01: +0,1467504000
0.376,1730,Jul 04 2016 01: +0,1467590400
0.409,1230,Jul 05 2016 01: +0,1467676800
0.423,1242,Jul 06 2016 01: +0,1467763200
0.399,1550,Jul 07 2016 01: +0,1467849600
0.439,1326,Jul 08 2016 01: +0,1467936000
0.456,1221,Jul 09 2016 01: +0,1468022400
0.43,1423,Jul 10 2016 01: +0,1468108800
0.438,1013,Jul 11 2016 01: +0,1468195200
0.448,1052,Jul 12 2016 01: +0,1468281600
0.448,1162,Jul 13 2016 01: +0,1468368000
0.441,1050,Jul 14 2016 01: +0,1468454400
0.432,960,Jul 15 2016 01: +0,1468540800
0.414,1219,Jul 16 2016 01: +0,1468627200
0.427,1194,Jul 17 2016 01: +0,1468713600
0.438,1262,Jul 18 2016 01: +0,1468800000
0.44,1042,Jul 19 2016 01: +0,1468886400
0.425,1044,Jul 20 2016 01: +0,1468972800
0.411,927,Jul 21 2016 01: +0,1469059200
0.399,974,Jul 22 2016 01: +0,1469145600
0.395,989,Jul 23 2016 01: +0,1469232000
0.398,895,Jul 24 2016 01: +0,1469318400
0.403,1051,Jul 25 2016 01: +0,1469404800
0.41,1002,Jul 26 2016 01: +0,1469491200
0.406,1046,Jul 27 2016 01: +0,1469577600
0.409,1120,Jul 28 2016 01: +0,1469664000
0.413,1058,Jul 29 2016 01: +0,1469750400
0.417,1165,Jul 30 2016 01: +0,1469836800
0.399,1126,Jul 31 2016 01: +0,1469923200
0.4,1020,Aug 01 2016 01: +0,1470009600
0.396,1156,Aug 02 2016 01: +0,1470096000
0.374,1270,Aug 03 2016 01: +0,1470182400
0.348,1488,Aug 04 2016 01: +0,1470268800
0.336,1048,Aug 05 2016 01: +0,1470355200
0.326,1178,Aug 06 2016 01: +0,1470441600
0.318,1326,Aug 07 2016 01: +0,1470528000
0.313,1188,Aug 08 2016 01: +0,1470614400
0.315,1144,Aug 09 2016 01: +0,1470700800
0.302,1144,Aug 10 2016 01: +0,1470787200
0.29,1176,Aug 11 2016 01: +0,1470873600
0.29,1526,Aug 12 2016 01: +0,1470960000
0.291,1265,Aug 13 2016 01: +0,1471046400
0.305,1232,Aug 14 2016 01: +0,1471132800
0.323,1161,Aug 15 2016 01: +0,1471219200
0.327,1018,Aug 16 2016 01: +0,1471305600
0.334,1017,Aug 17 2016 01: +0,1471392000
0.335,992,Aug 18 2016 01: +0,1471478400
0.323,1420,Aug 19 2016 01: +0,1471564800
0.331,1307,Aug 20 2016 01: +0,1471651200
0.333,1296,Aug 21 2016 01: +0,1471737600
0.349,1293,Aug 22 2016 01: +0,1471824000
0.348,1423,Aug 23 2016 01: +0,1471910400
0.341,1175,Aug 24 2016 01: +0,1471996800
0.344,1240,Aug 25 2016 01: +0,1472083200
0.35,1269,Aug 26 2016 01: +0,1472169600
0.355,1296,Aug 27 2016 01: +0,1472256000
0.363,1238,Aug 28 2016 01: +0,1472342400
0.35,1322,Aug 29 2016 01: +0,1472428800
0.353,1164,Aug 30 2016 01: +0,1472515200
0.354,1297,Aug 31 2016 01: +0,1472601600
0.356,1180,Sep 01 2016 01: +0,1472688000
0.336,1279,Sep 02 2016 01: +0,1472774400
0.33,1569,Sep 03 2016 01: +0,1472860800
0.328,1269,Sep 04 2016 01: +0,1472947200
0.322,1455,Sep 05 2016 01: +0,1473033600
0.314,1073,Sep 06 2016 01: +0,1473120000
0.321,1097,Sep 07 2016 01: +0,1473206400
0.322,1150,Sep 08 2016 01: +0,1473292800
0.323,1272,Sep 09 2016 01: +0,1473379200
0.336,1502,Sep 10 2016 01: +0,1473465600
0.329,1447,Sep 11 2016 01: +0,1473552000
0.326,1265,Sep 12 2016 01: +0,1473638400
0.327,1024,Sep 13 2016 01: +0,1473724800
0.318,1148,Sep 14 2016 01: +0,1473811200
0.316,1133,Sep 15 2016 01: +0,1473897600
0.323,1131,Sep 16 2016 01: +0,1473984000
0.333,1349,Sep 17 2016 01: +0,1474070400
0.333,1241,Sep 18 2016 01: +0,1474156800
0.328,1065,Sep 19 2016 01: +0,1474243200
0.316,966,Sep 20 2016 01: +0,1474329600
0.307,1081,Sep 21 2016 01: +0,1474416000
0.314,1012,Sep 22 2016 01: +0,1474502400
0.324,1529,Sep 23 2016 01: +0,1474588800
0.342,1382,Sep 24 2016 01: +0,1474675200
0.342,1205,Sep 25 2016 01: +0,1474761600
0.332,758,Sep 26 2016 01: +0,1474848000
0.337,789,Sep 27 2016 01: +0,1474934400
0.328,828,Sep 28 2016 01: +0,1475020800
0.336,1390,Sep 29 2016 01: +0,1475107200
0.338,1175,Sep 30 2016 01: +0,1475193600
0.343,1515,Oct 01 2016 01: +0,1475280000
0.343,1309,Oct 02 2016 01: +0,1475366400
0.34,912,Oct 03 2016 01: +0,1475452800
0.333,938,Oct 04 2016 01: +0,1475539200
0.33,882,Oct 05 2016 01: +0,1475625600
0.32,887,Oct 06 2016 01: +0,1475712000
0.313,1084,Oct 07 2016 01: +0,1475798400
0.313,1123,Oct 08 2016 01: +0,1475884800
0.295,976,Oct 09 2016 01: +0,1475971200
0.277,973,Oct 10 2016 01: +0,1476057600
0.272,863,Oct 11 2016 01: +0,1476144000
0.278,875,Oct 12 2016 01: +0,1476230400
0.282,692,Oct 13 2016 01: +0,1476316800
0.286,850,Oct 14 2016 01: +0,1476403200
0.285,1035,Oct 15 2016 01: +0,1476489600
0.28,1068,Oct 16 2016 01: +0,1476576000
0.273,818,Oct 17 2016 01: +0,1476662400
0.27,738,Oct 18 2016 01: +0,1476748800
0.271,817,Oct 19 2016 01: +0,1476835200
0.274,785,Oct 20 2016 01: +0,1476921600
0.277,897,Oct 21 2016 01: +0,1477008000
0.268,1759,Oct 22 2016 01: +0,1477094400
0.268,1234,Oct 23 2016 01: +0,1477180800
0.269,865,Oct 24 2016 01: +0,1477267200
0.261,1055,Oct 25 2016 01: +0,1477353600
0.26,775,Oct 26 2016 01: +0,1477440000
0.258,795,Oct 27 2016 01: +0,1477526400
0.26,976,Oct 28 2016 01: +0,1477612800
0.248,1625,Oct 29 2016 01: +0,1477699200
0.246,1105,Oct 30 2016 01: +0,1477785600
0.248,844,Oct 31 2016 01: +0,1477875600
0.255,907,Nov 01 2016 01: +0,1477962000
0.256,942,Nov 02 2016 01: +0,1478048400
0.257,606,Nov 03 2016 01: +0,1478134800
0.267,951,Nov 04 2016 01: +0,1478221200
0.266,1243,Nov 05 2016 01: +0,1478307600
0.262,1054,Nov 06 2016 01: +0,1478394000
0.259,895,Nov 07 2016 01: +0,1478480400
0.258,941,Nov 08 2016 01: +0,1478566800
0.264,857,Nov 09 2016 01: +0,1478653200
0.26,855,Nov 10 2016 01: +0,1478739600
0.263,1015,Nov 11 2016 01: +0,1478826000
0.266,1344,Nov 12 2016 01: +0,1478912400
0.262,1125,Nov 13 2016 01: +0,1478998800
0.26,841,Nov 14 2016 01: +0,1479085200
0.271,901,Nov 15 2016 01: +0,1479171600
0.268,717,Nov 16 2016 01: +0,1479258000
0.262,806,Nov 17 2016 01: +0,1479344400
0.258,894,Nov 18 2016 01: +0,1479430800
0.26,1096,Nov 19 2016 01: +0,1479517200
0.245,1120,Nov 20 2016 01: +0,1479603600
0.243,789,Nov 21 2016 01: +0,1479690000
0.245,768,Nov 22 2016 01: +0,1479776400
0.247,870,Nov 23 2016 01: +0,1479862800
0.224,763,Nov 24 2016 01: +0,1479949200
0.229,1237,Nov 25 2016 01: +0,1480035600
0.228,1255,Nov 26 2016 01: +0,1480122000
0.232,1107,Nov 27 2016 01: +0,1480208400
0.234,865,Nov 28 2016 01: +0,1480294800
0.234,980,Nov 29 2016 01: +0,1480381200
0.241,1069,Nov 30 2016 01: +0,1480467600
0.244,1172,Dec 01 2016 01: +0,1480554000
0.251,1311,Dec 02 2016 01: +0,1480640400
0.256,1637,Dec 03 2016 01: +0,1480726800
0.259,1461,Dec 04 2016 01: +0,1480813200
0.263,1092,Dec 05 2016 01: +0,1480899600
0.26,993,Dec 06 2016 01: +0,1480986000
0.251,1237,Dec 07 2016 01: +0,1481072400
0.261,1173,Dec 08 2016 01: +0,1481158800
0.264,1194,Dec 09 2016 01: +0,1481245200
0.277,1336,Dec 10 2016 01: +0,1481331600
0.282,1239,Dec 11 2016 01: +0,1481418000
0.283,960,Dec 12 2016 01: +0,1481504400
0.277,910,Dec 13 2016 01: +0,1481590800
0.263,904,Dec 14 2016 01: +0,1481677200
0.253,1000,Dec 15 2016 01: +0,1481763600
0.259,1029,Dec 16 2016 01: +0,1481850000
0.256,1208,Dec 17 2016 01: +0,1481936400
0.253,1108,Dec 18 2016 01: +0,1482022800
0.246,1028,Dec 19 2016 01: +0,1482109200
0.244,902,Dec 20 2016 01: +0,1482195600
0.24,1026,Dec 21 2016 01: +0,1482282000
0.247,1028,Dec 22 2016 01: +0,1482368400
0.224,924,Dec 23 2016 01: +0,1482454800
0.22,1153,Dec 24 2016 01: +0,1482541200
0.239,1376,Dec 25 2016 01: +0,1482627600
0.244,1363,Dec 26 2016 01: +0,1482714000
0.25,1276,Dec 27 2016 01: +0,1482800400
0.251,1327,Dec 28 2016 01: +0,1482886800
0.251,1152,Dec 29 2016 01: +0,1482973200
0.247,1289,Dec 30 2016 01: +0,1483059600
0.255,1273,Dec 31 2016 01: +0,1483146000
0.254,1274,Jan 01 2017 01: +0,1483232400
0.253,1393,Jan 02 2017 01: +0,1483318800
0.255,1182,Jan 03 2017 01: +0,1483405200
0.257,1174,Jan 04 2017 01: +0,1483491600
0.254,1092,Jan 05 2017 01: +0,1483578000
0.258,1430,Jan 06 2017 01: +0,1483664400
0.259,1419,Jan 07 2017 01: +0,1483750800
0.263,1263,Jan 08 2017 01: +0,1483837200
0.267,1038,Jan 09 2017 01: +0,1483923600
0.267,1038,Jan 10 2017 01: +0,1484010000
0.268,996,Jan 11 2017 01: +0,1484096400
0.269,992,Jan 12 2017 01: +0,1484182800
0.265,1155,Jan 13 2017 01: +0,1484269200
0.27,1364,Jan 14 2017 01: +0,1484355600
0.265,1197,Jan 15 2017 01: +0,1484442000
0.262,1010,Jan 16 2017 01: +0,1484528400
0.259,978,Jan 17 2017 01: +0,1484614800
0.26,988,Jan 18 2017 01: +0,1484701200
0.246,858,Jan 19 2017 01: +0,1484787600
0.249,1116,Jan 20 2017 01: +0,1484874000
0.25,1248,Jan 21 2017 01: +0,1484960400
0.254,1113,Jan 22 2017 01: +0,1485046800
0.252,1133,Jan 23 2017 01: +0,1485133200
0.257,1302,Jan 24 2017 01: +0,1485219600
0.264,1199,Jan 25 2017 01: +0,1485306000
0.261,1013,Jan 26 2017 01: +0,1485392400
0.254,1365,Jan 27 2017 01: +0,1485478800
0.253,1422,Jan 28 2017 01: +0,1485565200
0.251,1317,Jan 29 2017 01: +0,1485651600
0.228,903,Jan 30 2017 01: +0,1485738000
0.222,885,Jan 31 2017 01: +0,1485824400
0.227,894,Feb 01 2017 01: +0,1485910800
0.235,917,Feb 02 2017 01: +0,1485997200
0.24,961,Feb 03 2017 01: +0,1486083600
0.25,1279,Feb 04 2017 01: +0,1486170000
0.252,1231,Feb 05 2017 01: +0,1486256400
0.245,1035,Feb 06 2017 01: +0,1486342800
0.243,946,Feb 07 2017 01: +0,1486429200
0.241,1085,Feb 08 2017 01: +0,1486515600
0.237,882,Feb 09 2017 01: +0,1486602000
0.236,1164,Feb 10 2017 01: +0,1486688400
0.243,1405,Feb 11 2017 01: +0,1486774800
0.246,1486,Feb 12 2017 01: +0,1486861200
0.25,1047,Feb 13 2017 01: +0,1486947600
0.248,908,Feb 14 2017 01: +0,1487034000
0.248,862,Feb 15 2017 01: +0,1487120400
0.246,906,Feb 16 2017 01: +0,1487206800
0.246,931,Feb 17 2017 01: +0,1487293200
0.247,1300,Feb 18 2017 01: +0,1487379600
0.248,978,Feb 19 2017 01: +0,1487466000
0.247,964,Feb 20 2017 01: +0,1487552400
0.25,878,Feb 21 2017 01: +0,1487638800
0.251,872,Feb 22 2017 01: +0,1487725200
0.245,884,Feb 23 2017 01: +0,1487811600
0.259,912,Feb 24 2017 01: +0,1487898000
0.252,1235,Feb 25 2017 01: +0,1487984400
0.245,1218,Feb 26 2017 01: +0,1488070800
0.249,1050,Feb 27 2017 01: +0,1488157200
0.255,912,Feb 28 2017 01: +0,1488243600
0.252,1041,Mar 01 2017 01: +0,1488330000
0.254,894,Mar 02 2017 01: +0,1488416400
0.254,1035,Mar 03 2017 01: +0,1488502800
0.257,1264,Mar 04 2017 01: +0,1488589200
0.256,1242,Mar 05 2017 01: +0,1488675600
0.257,863,Mar 06 2017 01: +0,1488762000
0.258,901,Mar 07 2017 01: +0,1488848400
0.262,875,Mar 08 2017 01: +0,1488934800
0.257,897,Mar 09 2017 01: +0,1489021200
0.254,908,Mar 10 2017 01: +0,1489107600
0.262,1257,Mar 11 2017 01: +0,1489194000
0.266,1072,Mar 12 2017 01: +0,1489280400
0.261,825,Mar 13 2017 01: +0,1489366800
0.26,768,Mar 14 2017 01: +0,1489453200
0.26,842,Mar 15 2017 01: +0,1489539600
0.256,1187,Mar 16 2017 01: +0,1489626000
0.264,1194,Mar 17 2017 01: +0,1489712400
0.271,1662,Mar 18 2017 01: +0,1489798800
0.275,1448,Mar 19 2017 01: +0,1489885200
0.276,1042,Mar 20 2017 01: +0,1489971600
0.274,1225,Mar 21 2017 01: +0,1490058000
0.27,1034,Mar 22 2017 01: +0,1490144400
0.277,1104,Mar 23 2017 01: +0,1490230800
0.278,1175,Mar 24 2017 01: +0,1490317200
0.283,1447,Mar 25 2017 01: +0,1490403600
0.283,1351,Mar 26 2017 01: +0,1490490000
0.277,1054,Mar 27 2017 01: +0,1490572800
0.27,1090,Mar 28 2017 01: +0,1490659200
0.28,1183,Mar 29 2017 01: +0,1490745600
0.275,1311,Mar 30 2017 01: +0,1490832000
0.284,1502,Mar 31 2017 01: +0,1490918400
0.282,1678,Apr 01 2017 01: +0,1491004800
0.282,1441,Apr 02 2017 01: +0,1491091200
0.283,1067,Apr 03 2017 01: +0,1491177600
0.285,1170,Apr 04 2017 01: +0,1491264000
0.28,1120,Apr 05 2017 01: +0,1491350400
0.279,1021,Apr 06 2017 01: +0,1491436800
0.282,1144,Apr 07 2017 01: +0,1491523200
0.284,1458,Apr 08 2017 01: +0,1491609600
0.287,1254,Apr 09 2017 01: +0,1491696000
0.284,1008,Apr 10 2017 01: +0,1491782400
0.283,1108,Apr 11 2017 01: +0,1491868800
0.279,1207,Apr 12 2017 01: +0,1491955200
0.281,1226,Apr 13 2017 01: +0,1492041600
0.293,1128,Apr 14 2017 01: +0,1492128000
0.296,1200,Apr 15 2017 01: +0,1492214400
0.296,1306,Apr 16 2017 01: +0,1492300800
0.3,1228,Apr 17 2017 01: +0,1492387200
0.302,1063,Apr 18 2017 01: +0,1492473600
0.295,1042,Apr 19 2017 01: +0,1492560000
0.303,1124,Apr 20 2017 01: +0,1492646400
0.299,1198,Apr 21 2017 01: +0,1492732800
0.299,1497,Apr 22 2017 01: +0,1492819200
0.303,1249,Apr 23 2017 01: +0,1492905600
0.302,934,Apr 24 2017 01: +0,1492992000
0.305,912,Apr 25 2017 01: +0,1493078400
0.307,847,Apr 26 2017 01: +0,1493164800
0.305,1172,Apr 27 2017 01: +0,1493251200
0.31,1093,Apr 28 2017 01: +0,1493337600
0.314,1271,Apr 29 2017 01: +0,1493424000
0.312,1171,Apr 30 2017 01: +0,1493510400
0.305,1240,May 01 2017 01: +0,1493596800
0.311,910,May 02 2017 01: +0,1493683200
0.301,996,May 03 2017 01: +0,1493769600
0.307,994,May 04 2017 01: +0,1493856000
0.291,1213,May 05 2017 01: +0,1493942400
0.299,1254,May 06 2017 01: +0,1494028800
0.295,1207,May 07 2017 01: +0,1494115200
0.296,936,May 08 2017 01: +0,1494201600
0.294,1011,May 09 2017 01: +0,1494288000
0.301,903,May 10 2017 01: +0,1494374400
0.295,879,May 11 2017 01: +0,1494460800
0.296,983,May 12 2017 01: +0,1494547200
0.303,1184,May 13 2017 01: +0,1494633600
0.303,1221,May 14 2017 01: +0,1494720000
0.3,924,May 15 2017 01: +0,1494806400
0.299,847,May 16 2017 01: +0,1494892800
0.308,920,May 17 2017 01: +0,1494979200
0.305,855,May 18 2017 01: +0,1495065600
0.307,1092,May 19 2017 01: +0,1495152000
0.309,1191,May 20 2017 01: +0,1495238400
0.297,1127,May 21 2017 01: +0,1495324800
0.296,916,May 22 2017 01: +0,1495411200
0.295,864,May 23 2017 01: +0,1495497600
0.265,1539,May 24 2017 01: +0,1495584000
0.279,1241,May 25 2017 01: +0,1495670400
0.294,1164,May 26 2017 01: +0,1495756800
0.299,1288,May 27 2017 01: +0,1495843200
0.298,1338,May 28 2017 01: +0,1495929600
0.295,1003,May 29 2017 01: +0,1496016000
0.3,1007,May 30 2017 01: +0,1496102400
0.297,1329,May 31 2017 01: +0,1496188800
0.303,1140,Jun 01 2017 01: +0,1496275200
0.298,1097,Jun 02 2017 01: +0,1496361600
0.302,1318,Jun 03 2017 01: +0,1496448000
0.301,1307,Jun 04 2017 01: +0,1496534400
0.299,1127,Jun 05 2017 01: +0,1496620800
0.301,1140,Jun 06 2017 01: +0,1496707200
0.3,1062,Jun 07 2017 01: +0,1496793600
0.298,1063,Jun 08 2017 01: +0,1496880000
0.297,1140,Jun 09 2017 01: +0,1496966400
0.296,1156,Jun 10 2017 01: +0,1497052800
0.294,994,Jun 11 2017 01: +0,1497139200
0.293,949,Jun 12 2017 01: +0,1497225600
0.294,881,Jun 13 2017 01: +0,1497312000
0.291,798,Jun 14 2017 01: +0,1497398400
0.291,1074,Jun 15 2017 01: +0,1497484800
0.284,988,Jun 16 2017 01: +0,1497571200
0.281,1046,Jun 17 2017 01: +0,1497657600
0.275,986,Jun 18 2017 01: +0,1497744000
0.267,984,Jun 19 2017 01: +0,1497830400
0.273,1049,Jun 20 2017 01: +0,1497916800
0.269,998,Jun 21 2017 01: +0,1498003200
0.251,1053,Jun 22 2017 01: +0,1498089600
0.243,1131,Jun 23 2017 01: +0,1498176000
0.247,1069,Jun 24 2017 01: +0,1498262400
0.238,1234,Jun 25 2017 01: +0,1498348800
0.245,934,Jun 26 2017 01: +0,1498435200
0.248,932,Jun 27 2017 01: +0,1498521600
0.252,872,Jun 28 2017 01: +0,1498608000
0.252,1011,Jun 29 2017 01: +0,1498694400
0.265,1124,Jun 30 2017 01: +0,1498780800
0.259,1100,Jul 01 2017 01: +0,1498867200
0.261,1077,Jul 02 2017 01: +0,1498953600
0.265,1129,Jul 03 2017 01: +0,1499040000
0.256,1223,Jul 04 2017 01: +0,1499126400
0.253,1109,Jul 05 2017 01: +0,1499212800
0.271,1041,Jul 06 2017 01: +0,1499299200
0.273,1067,Jul 07 2017 01: +0,1499385600
0.264,997,Jul 08 2017 01: +0,1499472000
0.256,880,Jul 09 2017 01: +0,1499558400
0.248,832,Jul 10 2017 01: +0,1499644800
0.247,848,Jul 11 2017 01: +0,1499731200
0.25,909,Jul 12 2017 01: +0,1499817600
0.25,872,Jul 13 2017 01: +0,1499904000
0.248,796,Jul 14 2017 01: +0,1499990400
0.25,877,Jul 15 2017 01: +0,1500076800
0.246,901,Jul 16 2017 01: +0,1500163200
0.248,801,Jul 17 2017 01: +0,1500249600
0.253,803,Jul 18 2017 01: +0,1500336000
0.25,957,Jul 19 2017 01: +0,1500422400
0.243,941,Jul 20 2017 01: +0,1500508800
0.253,889,Jul 21 2017 01: +0,1500595200
0.248,1301,Jul 22 2017 01: +0,1500681600
0.215,1241,Jul 23 2017 01: +0,1500768000
0.217,949,Jul 24 2017 01: +0,1500854400
0.224,1143,Jul 25 2017 01: +0,1500940800
0.239,1062,Jul 26 2017 01: +0,1501027200
0.246,1070,Jul 27 2017 01: +0,1501113600
0.25,1079,Jul 28 2017 01: +0,1501200000
0.253,1033,Jul 29 2017 01: +0,1501286400
0.256,1115,Jul 30 2017 01: +0,1501372800
0.262,1314,Jul 31 2017 01: +0,1501459200
0.266,1243,Aug 01 2017 01: +0,1501545600
0.26,1166,Aug 02 2017 01: +0,1501632000
0.253,1795,Aug 03 2017 01: +0,1501718400
0.254,1311,Aug 04 2017 01: +0,1501804800
0.256,1077,Aug 05 2017 01: +0,1501891200
0.254,1094,Aug 06 2017 01: +0,1501977600
0.256,1133,Aug 07 2017 01: +0,1502064000
0.252,1446,Aug 08 2017 01: +0,1502150400
0.246,1159,Aug 09 2017 01: +0,1502236800
0.243,1157,Aug 10 2017 01: +0,1502323200
0.247,1031,Aug 11 2017 01: +0,1502409600
0.248,1133,Aug 12 2017 01: +0,1502496000
0.249,952,Aug 13 2017 01: +0,1502582400
0.243,931,Aug 14 2017 01: +0,1502668800
0.243,880,Aug 15 2017 01: +0,1502755200
0.237,1080,Aug 16 2017 01: +0,1502841600
0.228,984,Aug 17 2017 01: +0,1502928000
0.235,1066,Aug 18 2017 01: +0,1503014400
0.235,935,Aug 19 2017 01: +0,1503100800
0.224,1076,Aug 20 2017 01: +0,1503187200
0.217,921,Aug 21 2017 01: +0,1503273600
0.218,923,Aug 22 2017 01: +0,1503360000
0.221,815,Aug 23 2017 01: +0,1503446400
0.221,934,Aug 24 2017 01: +0,1503532800
0.222,858,Aug 25 2017 01: +0,1503619200
0.221,1070,Aug 26 2017 01: +0,1503705600
0.222,1026,Aug 27 2017 01: +0,1503792000
0.219,908,Aug 28 2017 01: +0,1503878400
0.228,967,Aug 29 2017 01: +0,1503964800
0.235,955,Aug 30 2017 01: +0,1504051200
0.232,749,Aug 31 2017 01: +0,1504137600
0.236,952,Sep 01 2017 01: +0,1504224000
0.237,1026,Sep 02 2017 01: +0,1504310400
0.237,984,Sep 03 2017 01: +0,1504396800
0.238,932,Sep 04 2017 01: +0,1504483200
0.242,858,Sep 05 2017 01: +0,1504569600
0.242,1172,Sep 06 2017 01: +0,1504656000
0.243,891,Sep 07 2017 01: +0,1504742400
0.244,834,Sep 08 2017 01: +0,1504828800
0.243,919,Sep 09 2017 01: +0,1504915200
0.244,963,Sep 10 2017 01: +0,1505001600
0.244,812,Sep 11 2017 01: +0,1505088000
0.246,757,Sep 12 2017 01: +0,1505174400
0.248,775,Sep 13 2017 01: +0,1505260800
0.241,723,Sep 14 2017 01: +0,1505347200
0.244,1041,Sep 15 2017 01: +0,1505433600
0.253,1261,Sep 16 2017 01: +0,1505520000
0.246,1098,Sep 17 2017 01: +0,1505606400
0.245,891,Sep 18 2017 01: +0,1505692800
0.243,843,Sep 19 2017 01: +0,1505779200
0.244,844,Sep 20 2017 01: +0,1505865600
0.243,766,Sep 21 2017 01: +0,1505952000
0.243,957,Sep 22 2017 01: +0,1506038400
0.242,1169,Sep 23 2017 01: +0,1506124800
0.243,1216,Sep 24 2017 01: +0,1506211200
0.24,853,Sep 25 2017 01: +0,1506297600
0.239,1177,Sep 26 2017 01: +0,1506384000
0.239,915,Sep 27 2017 01: +0,1506470400
0.239,729,Sep 28 2017 01: +0,1506556800
0.236,879,Sep 29 2017 01: +0,1506643200
0.215,1848,Sep 30 2017 01: +0,1506729600
0.216,1137,Oct 01 2017 01: +0,1506816000
0.229,886,Oct 02 2017 01: +0,1506902400
0.234,852,Oct 03 2017 01: +0,1506988800
0.235,826,Oct 04 2017 01: +0,1507075200
0.236,924,Oct 05 2017 01: +0,1507161600
0.218,953,Oct 06 2017 01: +0,1507248000
0.235,1060,Oct 07 2017 01: +0,1507334400
0.228,891,Oct 08 2017 01: +0,1507420800
0.228,687,Oct 09 2017 01: +0,1507507200
0.212,770,Oct 10 2017 01: +0,1507593600
0.22,778,Oct 11 2017 01: +0,1507680000
0.213,720,Oct 12 2017 01: +0,1507766400
0.223,825,Oct 13 2017 01: +0,1507852800
0.234,1057,Oct 14 2017 01: +0,1507939200
0.232,917,Oct 15 2017 01: +0,1508025600
0.228,750,Oct 16 2017 01: +0,1508112000
0.225,611,Oct 17 2017 01: +0,1508198400
0.229,645,Oct 18 2017 01: +0,1508284800
0.227,751,Oct 19 2017 01: +0,1508371200
0.225,755,Oct 20 2017 01: +0,1508457600
0.226,849,Oct 21 2017 01: +0,1508544000
0.23,945,Oct 22 2017 01: +0,1508630400
0.223,609,Oct 23 2017 01: +0,1508716800
0.211,600,Oct 24 2017 01: +0,1508803200
0.21,641,Oct 25 2017 01: +0,1508889600
0.21,732,Oct 26 2017 01: +0,1508976000
0.209,937,Oct 27 2017 01: +0,1509062400
0.21,876,Oct 28 2017 01: +0,1509148800
0.208,836,Oct 29 2017 01: +0,1509235200
0.207,625,Oct 30 2017 01: +0,1509325200
0.21,600,Oct 31 2017 01: +0,1509411600
0.2,716,Nov 01 2017 01: +0,1509498000
0.203,573,Nov 02 2017 01: +0,1509584400
0.205,676,Nov 03 2017 01: +0,1509670800
0.208,779,Nov 04 2017 01: +0,1509757200
0.206,806,Nov 05 2017 01: +0,1509843600
0.204,728,Nov 06 2017 01: +0,1509930000
0.203,679,Nov 07 2017 01: +0,1510016400
0.204,735,Nov 08 2017 01: +0,1510102800
0.216,703,Nov 09 2017 01: +0,1510189200
0.21,651,Nov 10 2017 01: +0,1510275600
0.206,871,Nov 11 2017 01: +0,1510362000
0.209,888,Nov 12 2017 01: +0,1510448400
0.204,577,Nov 13 2017 01: +0,1510534800
0.205,657,Nov 14 2017 01: +0,1510621200
0.208,578,Nov 15 2017 01: +0,1510707600
0.211,601,Nov 16 2017 01: +0,1510794000
0.209,729,Nov 17 2017 01: +0,1510880400
0.212,820,Nov 18 2017 01: +0,1510966800
0.208,747,Nov 19 2017 01: +0,1511053200
0.201,518,Nov 20 2017 01: +0,1511139600
0.198,1202,Nov 21 2017 01: +0,1511226000
0.197,611,Nov 22 2017 01: +0,1511312400
0.174,634,Nov 23 2017 01: +0,1511398800
0.176,943,Nov 24 2017 01: +0,1511485200
0.18,833,Nov 25 2017 01: +0,1511571600
0.179,646,Nov 26 2017 01: +0,1511658000
0.173,557,Nov 27 2017 01: +0,1511744400
0.178,586,Nov 28 2017 01: +0,1511830800
0.183,524,Nov 29 2017 01: +0,1511917200
0.182,563,Nov 30 2017 01: +0,1512003600
0.189,625,Dec 01 2017 01: +0,1512090000
0.195,889,Dec 02 2017 01: +0,1512176400
0.19,770,Dec 03 2017 01: +0,1512262800
0.196,563,Dec 04 2017 01: +0,1512349200
0.194,513,Dec 05 2017 01: +0,1512435600
0.198,660,Dec 06 2017 01: +0,1512522000
0.194,570,Dec 07 2017 01: +0,1512608400
0.198,748,Dec 08 2017 01: +0,1512694800
0.197,680,Dec 09 2017 01: +0,1512781200
0.198,734,Dec 10 2017 01: +0,1512867600
0.2,839,Dec 11 2017 01: +0,1512954000
0.196,588,Dec 12 2017 01: +0,1513040400
0.195,491,Dec 13 2017 01: +0,1513126800
0.196,535,Dec 14 2017 01: +0,1513213200
0.195,635,Dec 15 2017 01: +0,1513299600
0.195,776,Dec 16 2017 01: +0,1513386000
0.197,777,Dec 17 2017 01: +0,1513472400
0.192,542,Dec 18 2017 01: +0,1513558800
0.191,554,Dec 19 2017 01: +0,1513645200
0.184,838,Dec 20 2017 01: +0,1513731600
0.184,609,Dec 21 2017 01: +0,1513818000
0.17,739,Dec 22 2017 01: +0,1513904400
0.174,912,Dec 23 2017 01: +0,1513990800
0.175,708,Dec 24 2017 01: +0,1514077200
0.188,926,Dec 25 2017 01: +0,1514163600
0.188,832,Dec 26 2017 01: +0,1514250000
0.191,840,Dec 27 2017 01: +0,1514336400
0.192,908,Dec 28 2017 01: +0,1514422800
0.194,893,Dec 29 2017 01: +0,1514509200
0.189,965,Dec 30 2017 01: +0,1514595600
0.194,960,Dec 31 2017 01: +0,1514682000
0.195,952,Jan 01 2018 01: +0,1514768400
0.195,796,Jan 02 2018 01: +0,1514854800
0.189,804,Jan 03 2018 01: +0,1514941200
0.186,790,Jan 04 2018 01: +0,1515027600
0.196,1047,Jan 05 2018 01: +0,1515114000
0.2,851,Jan 06 2018 01: +0,1515200400
0.202,932,Jan 07 2018 01: +0,1515286800
0.198,863,Jan 08 2018 01: +0,1515373200
0.199,742,Jan 09 2018 01: +0,1515459600
0.199,779,Jan 10 2018 01: +0,1515546000
0.197,814,Jan 11 2018 01: +0,1515632400
0.2,993,Jan 12 2018 01: +0,1515718800
0.2,1043,Jan 13 2018 01: +0,1515805200
0.2,1129,Jan 14 2018 01: +0,1515891600
0.192,1039,Jan 15 2018 01: +0,1515978000
0.198,993,Jan 16 2018 01: +0,1516064400
0.2,902,Jan 17 2018 01: +0,1516150800
0.192,736,Jan 18 2018 01: +0,1516237200
0.195,1067,Jan 19 2018 01: +0,1516323600
0.199,1285,Jan 20 2018 01: +0,1516410000
0.198,1205,Jan 21 2018 01: +0,1516496400
0.194,934,Jan 22 2018 01: +0,1516582800
0.198,976,Jan 23 2018 01: +0,1516669200
0.193,935,Jan 24 2018 01: +0,1516755600
0.193,767,Jan 25 2018 01: +0,1516842000
0.201,1102,Jan 26 2018 01: +0,1516928400
0.197,1133,Jan 27 2018 01: +0,1517014800
0.194,1106,Jan 28 2018 01: +0,1517101200
0.195,920,Jan 29 2018 01: +0,1517187600
0.197,1041,Jan 30 2018 01: +0,1517274000
0.198,944,Jan 31 2018 01: +0,1517360400
0.19,979,Feb 01 2018 01: +0,1517446800
0.198,875,Feb 02 2018 01: +0,1517533200
0.198,1185,Feb 03 2018 01: +0,1517619600
0.201,1021,Feb 04 2018 01: +0,1517706000
0.195,825,Feb 05 2018 01: +0,1517792400
0.195,802,Feb 06 2018 01: +0,1517878800
0.201,999,Feb 07 2018 01: +0,1517965200
0.199,935,Feb 08 2018 01: +0,1518051600
0.205,975,Feb 09 2018 01: +0,1518138000
0.203,964,Feb 10 2018 01: +0,1518224400
0.201,979,Feb 11 2018 01: +0,1518310800
0.199,873,Feb 12 2018 01: +0,1518397200
0.202,848,Feb 13 2018 01: +0,1518483600
0.201,722,Feb 14 2018 01: +0,1518570000
0.203,815,Feb 15 2018 01: +0,1518656400
0.205,1150,Feb 16 2018 01: +0,1518742800
0.21,1608,Feb 17 2018 01: +0,1518829200
0.209,1460,Feb 18 2018 01: +0,1518915600
0.208,1340,Feb 19 2018 01: +0,1519002000
0.209,1228,Feb 20 2018 01: +0,1519088400
0.206,1153,Feb 21 2018 01: +0,1519174800
0.206,1127,Feb 22 2018 01: +0,1519261200
0.208,1522,Feb 23 2018 01: +0,1519347600
0.209,1708,Feb 24 2018 01: +0,1519434000
0.21,1569,Feb 25 2018 01: +0,1519520400
0.211,1174,Feb 26 2018 01: +0,1519606800
0.218,1047,Feb 27 2018 01: +0,1519693200
0.216,1122,Feb 28 2018 01: +0,1519779600
0.219,970,Mar 01 2018 01: +0,1519866000
0.217,1315,Mar 02 2018 01: +0,1519952400
0.219,1678,Mar 03 2018 01: +0,1520038800
0.219,1508,Mar 04 2018 01: +0,1520125200
0.219,1172,Mar 05 2018 01: +0,1520211600
0.22,915,Mar 06 2018 01: +0,1520298000
0.23,1159,Mar 07 2018 01: +0,1520384400
0.225,1080,Mar 08 2018 01: +0,1520470800
0.222,1035,Mar 09 2018 01: +0,1520557200
0.232,1250,Mar 10 2018 01: +0,1520643600
0.236,1199,Mar 11 2018 01: +0,1520730000
0.228,963,Mar 12 2018 01: +0,1520816400
0.222,1056,Mar 13 2018 01: +0,1520902800
0.224,946,Mar 14 2018 01: +0,1520989200
0.225,774,Mar 15 2018 01: +0,1521075600
0.22,933,Mar 16 2018 01: +0,1521162000
0.227,1315,Mar 17 2018 01: +0,1521248400
0.222,978,Mar 18 2018 01: +0,1521334800
0.225,765,Mar 19 2018 01: +0,1521421200
0.222,714,Mar 20 2018 01: +0,1521507600
0.227,809,Mar 21 2018 01: +0,1521594000
0.219,710,Mar 22 2018 01: +0,1521680400
0.222,838,Mar 23 2018 01: +0,1521766800
0.226,771,Mar 24 2018 01: +0,1521853200
0.227,727,Mar 25 2018 01: +0,1521939600
0.219,732,Mar 26 2018 01: +0,1522022400
0.214,692,Mar 27 2018 01: +0,1522108800
0.216,917,Mar 28 2018 01: +0,1522195200
0.215,868,Mar 29 2018 01: +0,1522281600
0.21,820,Mar 30 2018 01: +0,1522368000
0.216,910,Mar 31 2018 01: +0,1522454400
0.222,1007,Apr 01 2018 01: +0,1522540800
0.225,900,Apr 02 2018 01: +0,1522627200
0.225,871,Apr 03 2018 01: +0,1522713600
0.226,694,Apr 04 2018 01: +0,1522800000
0.23,860,Apr 05 2018 01: +0,1522886400
0.231,975,Apr 06 2018 01: +0,1522972800
0.232,876,Apr 07 2018 01: +0,1523059200
0.231,840,Apr 08 2018 01: +0,1523145600
0.232,701,Apr 09 2018 01: +0,1523232000
0.226,790,Apr 10 2018 01: +0,1523318400
0.223,794,Apr 11 2018 01: +0,1523404800
0.225,693,Apr 12 2018 01: +0,1523491200
0.231,916,Apr 13 2018 01: +0,1523577600
0.239,915,Apr 14 2018 01: +0,1523664000
0.24,873,Apr 15 2018 01: +0,1523750400
0.246,734,Apr 16 2018 01: +0,1523836800
0.24,580,Apr 17 2018 01: +0,1523923200
0.241,698,Apr 18 2018 01: +0,1524009600
0.238,602,Apr 19 2018 01: +0,1524096000
0.244,710,Apr 20 2018 01: +0,1524182400
0.242,787,Apr 21 2018 01: +0,1524268800
0.246,855,Apr 22 2018 01: +0,1524355200
0.244,654,Apr 23 2018 01: +0,1524441600
0.244,543,Apr 24 2018 01: +0,1524528000
0.242,532,Apr 25 2018 01: +0,1524614400
0.242,616,Apr 26 2018 01: +0,1524700800
0.246,683,Apr 27 2018 01: +0,1524787200
0.257,761,Apr 28 2018 01: +0,1524873600
0.254,671,Apr 29 2018 01: +0,1524960000
0.247,885,Apr 30 2018 01: +0,1525046400
0.251,557,May 01 2018 01: +0,1525132800
0.249,651,May 02 2018 01: +0,1525219200
0.244,475,May 03 2018 01: +0,1525305600
0.256,537,May 04 2018 01: +0,1525392000
0.248,821,May 05 2018 01: +0,1525478400
0.254,567,May 06 2018 01: +0,1525564800
0.253,579,May 07 2018 01: +0,1525651200
0.267,1573,May 08 2018 01: +0,1525737600
0.256,541,May 09 2018 01: +0,1525824000
0.262,500,May 10 2018 01: +0,1525910400
0.263,452,May 11 2018 01: +0,1525996800
0.266,588,May 12 2018 01: +0,1526083200
0.258,645,May 13 2018 01: +0,1526169600
0.259,498,May 14 2018 01: +0,1526256000
0.258,449,May 15 2018 01: +0,1526342400
0.257,575,May 16 2018 01: +0,1526428800
0.257,468,May 17 2018 01: +0,1526515200
0.262,427,May 18 2018 01: +0,1526601600
0.259,496,May 19 2018 01: +0,1526688000
0.25,500,May 20 2018 01: +0,1526774400
0.243,455,May 21 2018 01: +0,1526860800
0.253,338,May 22 2018 01: +0,1526947200
0.261,431,May 23 2018 01: +0,1527033600
0.255,741,May 24 2018 01: +0,1527120000
0.258,445,May 25 2018 01: +0,1527206400
0.258,475,May 26 2018 01: +0,1527292800
0.252,510,May 27 2018 01: +0,1527379200
0.252,403,May 28 2018 01: +0,1527465600
0.246,497,May 29 2018 01: +0,1527552000
0.247,471,May 30 2018 01: +0,1527638400
0.25,492,May 31 2018 01: +0,1527724800
0.242,506,Jun 01 2018 01: +0,1527811200
0.239,587,Jun 02 2018 01: +0,1527897600
0.237,538,Jun 03 2018 01: +0,1527984000
0.237,654,Jun 04 2018 01: +0,1528070400
0.241,573,Jun 05 2018 01: +0,1528156800
0.247,411,Jun 06 2018 01: +0,1528243200
0.244,430,Jun 07 2018 01: +0,1528329600
0.244,402,Jun 08 2018 01: +0,1528416000
0.24,459,Jun 09 2018 01: +0,1528502400
0.244,563,Jun 10 2018 01: +0,1528588800
0.239,477,Jun 11 2018 01: +0,1528675200
0.24,448,Jun 12 2018 01: +0,1528761600
0.245,475,Jun 13 2018 01: +0,1528848000
0.243,405,Jun 14 2018 01: +0,1528934400
0.248,464,Jun 15 2018 01: +0,1529020800
0.24,523,Jun 16 2018 01: +0,1529107200
0.243,452,Jun 17 2018 01: +0,1529193600
0.24,437,Jun 18 2018 01: +0,1529280000
0.236,418,Jun 19 2018 01: +0,1529366400
0.229,596,Jun 20 2018 01: +0,1529452800
0.226,492,Jun 21 2018 01: +0,1529539200
0.214,609,Jun 22 2018 01: +0,1529625600
0.218,494,Jun 23 2018 01: +0,1529712000
0.22,547,Jun 24 2018 01: +0,1529798400
0.223,505,Jun 25 2018 01: +0,1529884800
0.224,547,Jun 26 2018 01: +0,1529971200
0.214,426,Jun 27 2018 01: +0,1530057600
0.202,435,Jun 28 2018 01: +0,1530144000
0.213,393,Jun 29 2018 01: +0,1530230400
0.212,554,Jun 30 2018 01: +0,1530316800
0.217,525,Jul 01 2018 01: +0,1530403200
0.211,507,Jul 02 2018 01: +0,1530489600
0.213,448,Jul 03 2018 01: +0,1530576000
0.219,487,Jul 04 2018 01: +0,1530662400
0.221,505,Jul 05 2018 01: +0,1530748800
0.231,509,Jul 06 2018 01: +0,1530835200
0.241,613,Jul 07 2018 01: +0,1530921600
0.238,758,Jul 08 2018 01: +0,1531008000
0.23,585,Jul 09 2018 01: +0,1531094400
0.235,529,Jul 10 2018 01: +0,1531180800
0.239,528,Jul 11 2018 01: +0,1531267200
0.237,593,Jul 12 2018 01: +0,1531353600
0.243,571,Jul 13 2018 01: +0,1531440000
0.254,1709,Jul 14 2018 01: +0,1531526400
0.254,575,Jul 15 2018 01: +0,1531612800
0.256,712,Jul 16 2018 01: +0,1531699200
0.251,537,Jul 17 2018 01: +0,1531785600
0.248,552,Jul 18 2018 01: +0,1531872000
0.248,541,Jul 19 2018 01: +0,1531958400
0.24,474,Jul 20 2018 01: +0,1532044800
0.252,517,Jul 21 2018 01: +0,1532131200
0.247,471,Jul 22 2018 01: +0,1532217600
0.248,649,Jul 23 2018 01: +0,1532304000
0.255,1067,Jul 24 2018 01: +0,1532390400
0.257,525,Jul 25 2018 01: +0,1532476800
0.254,544,Jul 26 2018 01: +0,1532563200
0.264,570,Jul 27 2018 01: +0,1532649600
0.263,487,Jul 28 2018 01: +0,1532736000
0.261,488,Jul 29 2018 01: +0,1532822400
0.262,504,Jul 30 2018 01: +0,1532908800
0.262,489,Jul 31 2018 01: +0,1532995200
0.262,486,Aug 01 2018 01: +0,1533081600
0.268,480,Aug 02 2018 01: +0,1533168000
0.262,626,Aug 03 2018 01: +0,1533254400
0.27,794,Aug 04 2018 01: +0,1533340800
0.279,844,Aug 05 2018 01: +0,1533427200
0.287,808,Aug 06 2018 01: +0,1533513600
0.284,687,Aug 07 2018 01: +0,1533600000
0.294,694,Aug 08 2018 01: +0,1533686400
0.305,618,Aug 09 2018 01: +0,1533772800
0.298,562,Aug 10 2018 01: +0,1533859200
0.279,732,Aug 11 2018 01: +0,1533945600
0.309,717,Aug 12 2018 01: +0,1534032000
0.323,833,Aug 13 2018 01: +0,1534118400
0.317,641,Aug 14 2018 01: +0,1534204800
0.313,967,Aug 15 2018 01: +0,1534291200
0.318,751,Aug 16 2018 01: +0,1534377600
0.326,675,Aug 17 2018 01: +0,1534464000
0.325,722,Aug 18 2018 01: +0,1534550400
0.322,631,Aug 19 2018 01: +0,1534636800
0.337,556,Aug 20 2018 01: +0,1534723200
0.335,598,Aug 21 2018 01: +0,1534809600
0.338,629,Aug 22 2018 01: +0,1534896000
0.34,634,Aug 23 2018 01: +0,1534982400
0.354,583,Aug 24 2018 01: +0,1535068800
0.37,575,Aug 25 2018 01: +0,1535155200
0.375,560,Aug 26 2018 01: +0,1535241600
0.37,520,Aug 27 2018 01: +0,1535328000
0.371,489,Aug 28 2018 01: +0,1535414400
0.373,508,Aug 29 2018 01: +0,1535500800
0.355,577,Aug 30 2018 01: +0,1535587200
0.335,510,Aug 31 2018 01: +0,1535673600
0.342,594,Sep 01 2018 01: +0,1535760000
0.339,460,Sep 02 2018 01: +0,1535846400
0.345,549,Sep 03 2018 01: +0,1535932800
0.342,361,Sep 04 2018 01: +0,1536019200
0.333,459,Sep 05 2018 01: +0,1536105600
0.344,454,Sep 06 2018 01: +0,1536192000
0.327,450,Sep 07 2018 01: +0,1536278400
0.339,506,Sep 08 2018 01: +0,1536364800
0.324,530,Sep 09 2018 01: +0,1536451200
0.319,413,Sep 10 2018 01: +0,1536537600
0.322,423,Sep 11 2018 01: +0,1536624000
0.328,645,Sep 12 2018 01: +0,1536710400
0.325,517,Sep 13 2018 01: +0,1536796800
0.334,584,Sep 14 2018 01: +0,1536883200
0.333,662,Sep 15 2018 01: +0,1536969600
0.326,595,Sep 16 2018 01: +0,1537056000
0.333,434,Sep 17 2018 01: +0,1537142400
0.336,434,Sep 18 2018 01: +0,1537228800
0.332,463,Sep 19 2018 01: +0,1537315200
0.327,455,Sep 20 2018 01: +0,1537401600
0.333,571,Sep 21 2018 01: +0,1537488000
0.321,632,Sep 22 2018 01: +0,1537574400
0.308,667,Sep 23 2018 01: +0,1537660800
0.294,474,Sep 24 2018 01: +0,1537747200
0.3,461,Sep 25 2018 01: +0,1537833600
0.306,457,Sep 26 2018 01: +0,1537920000
0.313,375,Sep 27 2018 01: +0,1538006400
0.324,534,Sep 28 2018 01: +0,1538092800
0.319,584,Sep 29 2018 01: +0,1538179200
0.325,602,Sep 30 2018 01: +0,1538265600
0.334,431,Oct 01 2018 01: +0,1538352000
0.336,427,Oct 02 2018 01: +0,1538438400
0.317,507,Oct 03 2018 01: +0,1538524800
0.329,681,Oct 04 2018 01: +0,1538611200
0.328,572,Oct 05 2018 01: +0,1538697600
0.329,639,Oct 06 2018 01: +0,1538784000
0.334,614,Oct 07 2018 01: +0,1538870400
0.32,494,Oct 08 2018 01: +0,1538956800
0.322,471,Oct 09 2018 01: +0,1539043200
0.324,533,Oct 10 2018 01: +0,1539129600
0.32,562,Oct 11 2018 01: +0,1539216000
0.324,634,Oct 12 2018 01: +0,1539302400
0.329,855,Oct 13 2018 01: +0,1539388800
0.332,730,Oct 14 2018 01: +0,1539475200
0.331,492,Oct 15 2018 01: +0,1539561600
0.337,449,Oct 16 2018 01: +0,1539648000
0.347,505,Oct 17 2018 01: +0,1539734400
0.34,479,Oct 18 2018 01: +0,1539820800
0.343,472,Oct 19 2018 01: +0,1539907200
0.34,594,Oct 20 2018 01: +0,1539993600
0.341,602,Oct 21 2018 01: +0,1540080000
0.338,498,Oct 22 2018 01: +0,1540166400
0.352,395,Oct 23 2018 01: +0,1540252800
0.325,423,Oct 24 2018 01: +0,1540339200
0.323,417,Oct 25 2018 01: +0,1540425600
0.318,573,Oct 26 2018 01: +0,1540512000
0.331,569,Oct 27 2018 01: +0,1540598400
0.335,522,Oct 28 2018 01: +0,1540684800
0.327,410,Oct 29 2018 01: +0,1540774800
0.32,493,Oct 30 2018 01: +0,1540861200
0.303,472,Oct 31 2018 01: +0,1540947600
0.308,460,Nov 01 2018 01: +0,1541034000
0.319,514,Nov 02 2018 01: +0,1541120400
0.313,562,Nov 03 2018 01: +0,1541206800
0.321,514,Nov 04 2018 01: +0,1541293200
0.314,468,Nov 05 2018 01: +0,1541379600
0.329,448,Nov 06 2018 01: +0,1541466000
0.328,400,Nov 07 2018 01: +0,1541552400
0.313,452,Nov 08 2018 01: +0,1541638800
0.302,484,Nov 09 2018 01: +0,1541725200
0.312,605,Nov 10 2018 01: +0,1541811600
0.314,648,Nov 11 2018 01: +0,1541898000
0.306,440,Nov 12 2018 01: +0,1541984400
0.308,361,Nov 13 2018 01: +0,1542070800
0.316,433,Nov 14 2018 01: +0,1542157200
0.308,661,Nov 15 2018 01: +0,1542243600
0.309,733,Nov 16 2018 01: +0,1542330000
0.316,736,Nov 17 2018 01: +0,1542416400
0.315,766,Nov 18 2018 01: +0,1542502800
0.316,606,Nov 19 2018 01: +0,1542589200
0.309,496,Nov 20 2018 01: +0,1542675600
0.297,577,Nov 21 2018 01: +0,1542762000
0.294,572,Nov 22 2018 01: +0,1542848400
0.288,646,Nov 23 2018 01: +0,1542934800
0.288,693,Nov 24 2018 01: +0,1543021200
0.281,783,Nov 25 2018 01: +0,1543107600
0.279,524,Nov 26 2018 01: +0,1543194000
0.266,486,Nov 27 2018 01: +0,1543280400
0.275,574,Nov 28 2018 01: +0,1543366800
0.273,632,Nov 29 2018 01: +0,1543453200
0.272,638,Nov 30 2018 01: +0,1543539600
0.277,737,Dec 01 2018 01: +0,1543626000
0.267,694,Dec 02 2018 01: +0,1543712400
0.279,626,Dec 03 2018 01: +0,1543798800
0.286,518,Dec 04 2018 01: +0,1543885200
0.296,551,Dec 05 2018 01: +0,1543971600
0.282,488,Dec 06 2018 01: +0,1544058000
0.272,770,Dec 07 2018 01: +0,1544144400
0.285,1025,Dec 08 2018 01: +0,1544230800
0.298,1187,Dec 09 2018 01: +0,1544317200
0.29,710,Dec 10 2018 01: +0,1544403600
0.293,669,Dec 11 2018 01: +0,1544490000
0.275,787,Dec 12 2018 01: +0,1544576400
0.287,820,Dec 13 2018 01: +0,1544662800
0.289,788,Dec 14 2018 01: +0,1544749200
0.289,1213,Dec 15 2018 01: +0,1544835600
0.29,933,Dec 16 2018 01: +0,1544922000
0.273,849,Dec 17 2018 01: +0,1545008400
0.271,782,Dec 18 2018 01: +0,1545094800
0.268,1298,Dec 19 2018 01: +0,1545181200
0.263,665,Dec 20 2018 01: +0,1545267600
0.256,903,Dec 21 2018 01: +0,1545354000
0.257,992,Dec 22 2018 01: +0,1545440400
0.252,932,Dec 23 2018 01: +0,1545526800
0.249,815,Dec 24 2018 01: +0,1545613200
0.262,933,Dec 25 2018 01: +0,1545699600
0.255,1009,Dec 26 2018 01: +0,1545786000
0.258,1016,Dec 27 2018 01: +0,1545872400
0.259,1186,Dec 28 2018 01: +0,1545958800
0.252,1014,Dec 29 2018 01: +0,1546045200
0.254,1204,Dec 30 2018 01: +0,1546131600
0.259,1085,Dec 31 2018 01: +0,1546218000
0.268,1144,Jan 01 2019 01: +0,1546304400
0.267,1001,Jan 02 2019 01: +0,1546390800
0.266,852,Jan 03 2019 01: +0,1546477200
0.265,1111,Jan 04 2019 01: +0,1546563600
0.279,1210,Jan 05 2019 01: +0,1546650000
0.281,1113,Jan 06 2019 01: +0,1546736400
0.282,819,Jan 07 2019 01: +0,1546822800
0.282,893,Jan 08 2019 01: +0,1546909200
0.294,1034,Jan 09 2019 01: +0,1546995600
0.291,1027,Jan 10 2019 01: +0,1547082000
0.3,991,Jan 11 2019 01: +0,1547168400
0.298,1226,Jan 12 2019 01: +0,1547254800
0.297,1042,Jan 13 2019 01: +0,1547341200
0.302,804,Jan 14 2019 01: +0,1547427600
0.302,739,Jan 15 2019 01: +0,1547514000
0.295,773,Jan 16 2019 01: +0,1547600400
0.295,774,Jan 17 2019 01: +0,1547686800
0.292,760,Jan 18 2019 01: +0,1547773200
0.302,1205,Jan 19 2019 01: +0,1547859600
0.298,984,Jan 20 2019 01: +0,1547946000
0.3,708,Jan 21 2019 01: +0,1548032400
0.3,678,Jan 22 2019 01: +0,1548118800
0.298,842,Jan 23 2019 01: +0,1548205200
0.306,738,Jan 24 2019 01: +0,1548291600
0.302,884,Jan 25 2019 01: +0,1548378000
0.309,1029,Jan 26 2019 01: +0,1548464400
0.311,998,Jan 27 2019 01: +0,1548550800
0.311,1005,Jan 28 2019 01: +0,1548637200
0.309,739,Jan 29 2019 01: +0,1548723600
0.3,676,Jan 30 2019 01: +0,1548810000
0.299,810,Jan 31 2019 01: +0,1548896400
0.299,892,Feb 01 2019 01: +0,1548982800
0.308,949,Feb 02 2019 01: +0,1549069200
0.297,1117,Feb 03 2019 01: +0,1549155600
0.29,1130,Feb 04 2019 01: +0,1549242000
0.297,738,Feb 05 2019 01: +0,1549328400
0.283,798,Feb 06 2019 01: +0,1549414800
0.283,748,Feb 07 2019 01: +0,1549501200
0.285,758,Feb 08 2019 01: +0,1549587600
0.297,909,Feb 09 2019 01: +0,1549674000
0.29,783,Feb 10 2019 01: +0,1549760400
0.29,751,Feb 11 2019 01: +0,1549846800
0.303,665,Feb 12 2019 01: +0,1549933200
0.304,608,Feb 13 2019 01: +0,1550019600
0.3,628,Feb 14 2019 01: +0,1550106000
0.307,748,Feb 15 2019 01: +0,1550192400
0.318,957,Feb 16 2019 01: +0,1550278800
0.321,838,Feb 17 2019 01: +0,1550365200
0.318,656,Feb 18 2019 01: +0,1550451600
0.321,695,Feb 19 2019 01: +0,1550538000
0.318,639,Feb 20 2019 01: +0,1550624400
0.328,608,Feb 21 2019 01: +0,1550710800
0.335,772,Feb 22 2019 01: +0,1550797200
0.331,1058,Feb 23 2019 01: +0,1550883600
0.334,897,Feb 24 2019 01: +0,1550970000
0.334,665,Feb 25 2019 01: +0,1551056400
0.333,719,Feb 26 2019 01: +0,1551142800
0.331,631,Feb 27 2019 01: +0,1551229200
0.335,754,Feb 28 2019 01: +0,1551315600
0.34,717,Mar 01 2019 01: +0,1551402000
0.315,923,Mar 02 2019 01: +0,1551488400
0.297,882,Mar 03 2019 01: +0,1551574800
0.287,612,Mar 04 2019 01: +0,1551661200
0.307,568,Mar 05 2019 01: +0,1551747600
0.296,589,Mar 06 2019 01: +0,1551834000
0.303,455,Mar 07 2019 01: +0,1551920400
0.303,697,Mar 08 2019 01: +0,1552006800
0.302,759,Mar 09 2019 01: +0,1552093200
0.296,628,Mar 10 2019 01: +0,1552179600
0.307,471,Mar 11 2019 01: +0,1552266000
0.306,619,Mar 12 2019 01: +0,1552352400
0.311,610,Mar 13 2019 01: +0,1552438800
0.309,738,Mar 14 2019 01: +0,1552525200
0.325,919,Mar 15 2019 01: +0,1552611600
0.327,1279,Mar 16 2019 01: +0,1552698000
0.341,1196,Mar 17 2019 01: +0,1552784400
0.347,804,Mar 18 2019 01: +0,1552870800
0.36,1108,Mar 19 2019 01: +0,1552957200
0.346,811,Mar 20 2019 01: +0,1553043600
0.344,1091,Mar 21 2019 01: +0,1553130000
0.347,949,Mar 22 2019 01: +0,1553216400
0.355,1103,Mar 23 2019 01: +0,1553302800
0.34,1213,Mar 24 2019 01: +0,1553389200
0.35,777,Mar 25 2019 01: +0,1553475600
0.354,711,Mar 26 2019 01: +0,1553562000
0.354,795,Mar 27 2019 01: +0,1553648400
0.339,975,Mar 28 2019 01: +0,1553734800
0.341,1056,Mar 29 2019 01: +0,1553821200
0.338,1028,Mar 30 2019 01: +0,1553907600
0.34,878,Mar 31 2019 01: +0,1553994000
0.344,783,Apr 01 2019 01: +0,1554076800
0.346,689,Apr 02 2019 01: +0,1554163200
0.342,636,Apr 03 2019 01: +0,1554249600
0.339,761,Apr 04 2019 01: +0,1554336000
0.341,809,Apr 05 2019 01: +0,1554422400
0.343,925,Apr 06 2019 01: +0,1554508800
0.339,932,Apr 07 2019 01: +0,1554595200
0.338,773,Apr 08 2019 01: +0,1554681600
0.343,652,Apr 09 2019 01: +0,1554768000
0.352,777,Apr 10 2019 01: +0,1554854400
0.359,637,Apr 11 2019 01: +0,1554940800
0.371,872,Apr 12 2019 01: +0,1555027200
0.368,1176,Apr 13 2019 01: +0,1555113600
0.366,813,Apr 14 2019 01: +0,1555200000
0.365,614,Apr 15 2019 01: +0,1555286400
0.372,591,Apr 16 2019 01: +0,1555372800
0.363,551,Apr 17 2019 01: +0,1555459200
0.37,545,Apr 18 2019 01: +0,1555545600
0.372,601,Apr 19 2019 01: +0,1555632000
0.39,747,Apr 20 2019 01: +0,1555718400
0.388,1129,Apr 21 2019 01: +0,1555804800
0.394,524,Apr 22 2019 01: +0,1555891200
0.389,569,Apr 23 2019 01: +0,1555977600
0.398,532,Apr 24 2019 01: +0,1556064000
0.379,632,Apr 25 2019 01: +0,1556150400
0.375,539,Apr 26 2019 01: +0,1556236800
0.392,805,Apr 27 2019 01: +0,1556323200
0.394,640,Apr 28 2019 01: +0,1556409600
0.375,516,Apr 29 2019 01: +0,1556496000
0.381,600,Apr 30 2019 01: +0,1556582400
0.382,647,May 01 2019 01: +0,1556668800
0.375,563,May 02 2019 01: +0,1556755200
0.378,616,May 03 2019 01: +0,1556841600
0.381,670,May 04 2019 01: +0,1556928000
0.381,686,May 05 2019 01: +0,1557014400
0.377,506,May 06 2019 01: +0,1557100800
0.381,509,May 07 2019 01: +0,1557187200
0.377,630,May 08 2019 01: +0,1557273600
0.373,583,May 09 2019 01: +0,1557360000
0.373,578,May 10 2019 01: +0,1557446400
0.382,721,May 11 2019 01: +0,1557532800
0.382,630,May 12 2019 01: +0,1557619200
0.39,784,May 13 2019 01: +0,1557705600
0.4,685,May 14 2019 01: +0,1557792000
0.404,648,May 15 2019 01: +0,1557878400
0.405,522,May 16 2019 01: +0,1557964800
0.401,514,May 17 2019 01: +0,1558051200
0.395,593,May 18 2019 01: +0,1558137600
0.411,597,May 19 2019 01: +0,1558224000
0.403,471,May 20 2019 01: +0,1558310400
0.42,506,May 21 2019 01: +0,1558396800
0.407,548,May 22 2019 01: +0,1558483200
0.426,483,May 23 2019 01: +0,1558569600
0.417,610,May 24 2019 01: +0,1558656000
0.433,710,May 25 2019 01: +0,1558742400
0.44,621,May 26 2019 01: +0,1558828800
0.45,600,May 27 2019 01: +0,1558915200
0.465,641,May 28 2019 01: +0,1559001600
0.477,584,May 29 2019 01: +0,1559088000
0.487,500,May 30 2019 01: +0,1559174400
0.482,447,May 31 2019 01: +0,1559260800
0.486,561,Jun 01 2019 01: +0,1559347200
0.49,563,Jun 02 2019 01: +0,1559433600
0.49,739,Jun 03 2019 01: +0,1559520000
0.515,486,Jun 04 2019 01: +0,1559606400
0.525,493,Jun 05 2019 01: +0,1559692800
0.535,463,Jun 06 2019 01: +0,1559779200
0.556,562,Jun 07 2019 01: +0,1559865600
0.567,1395,Jun 08 2019 01: +0,1559952000
0.579,627,Jun 09 2019 01: +0,1560038400
0.576,452,Jun 10 2019 01: +0,1560124800
0.55,487,Jun 11 2019 01: +0,1560211200
0.546,441,Jun 12 2019 01: +0,1560297600
0.549,521,Jun 13 2019 01: +0,1560384000
0.561,469,Jun 14 2019 01: +0,1560470400
0.576,422,Jun 15 2019 01: +0,1560556800
0.567,510,Jun 16 2019 01: +0,1560643200
0.543,584,Jun 17 2019 01: +0,1560729600
0.55,522,Jun 18 2019 01: +0,1560816000
0.541,513,Jun 19 2019 01: +0,1560902400
0.552,419,Jun 20 2019 01: +0,1560988800
0.547,504,Jun 21 2019 01: +0,1561075200
0.506,861,Jun 22 2019 01: +0,1561161600
0.501,498,Jun 23 2019 01: +0,1561248000
0.499,448,Jun 24 2019 01: +0,1561334400
0.505,539,Jun 25 2019 01: +0,1561420800
0.485,554,Jun 26 2019 01: +0,1561507200
0.487,497,Jun 27 2019 01: +0,1561593600
0.477,405,Jun 28 2019 01: +0,1561680000
0.454,601,Jun 29 2019 01: +0,1561766400
0.461,692,Jun 30 2019 01: +0,1561852800
0.465,485,Jul 01 2019 01: +0,1561939200
0.474,467,Jul 02 2019 01: +0,1562025600
0.477,550,Jul 03 2019 01: +0,1562112000
0.482,530,Jul 04 2019 01: +0,1562198400
0.49,484,Jul 05 2019 01: +0,1562284800
0.489,501,Jul 06 2019 01: +0,1562371200
0.494,431,Jul 07 2019 01: +0,1562457600
0.485,494,Jul 08 2019 01: +0,1562544000
0.483,427,Jul 09 2019 01: +0,1562630400
0.502,450,Jul 10 2019 01: +0,1562716800
0.498,444,Jul 11 2019 01: +0,1562803200
0.507,454,Jul 12 2019 01: +0,1562889600
0.492,380,Jul 13 2019 01: +0,1562976000
0.494,422,Jul 14 2019 01: +0,1563062400
0.497,430,Jul 15 2019 01: +0,1563148800
0.508,427,Jul 16 2019 01: +0,1563235200
0.503,465,Jul 17 2019 01: +0,1563321600
0.509,400,Jul 18 2019 01: +0,1563408000
0.527,408,Jul 19 2019 01: +0,1563494400
0.526,403,Jul 20 2019 01: +0,1563580800
0.516,430,Jul 21 2019 01: +0,1563667200
0.513,462,Jul 22 2019 01: +0,1563753600
0.506,385,Jul 23 2019 01: +0,1563840000
0.506,432,Jul 24 2019 01: +0,1563926400
0.526,542,Jul 25 2019 01: +0,1564012800
0.532,547,Jul 26 2019 01: +0,1564099200
0.548,512,Jul 27 2019 01: +0,1564185600
0.563,429,Jul 28 2019 01: +0,1564272000
0.534,492,Jul 29 2019 01: +0,1564358400
0.519,427,Jul 30 2019 01: +0,1564444800
0.538,537,Jul 31 2019 01: +0,1564531200
0.531,493,Aug 01 2019 01: +0,1564617600
0.552,529,Aug 02 2019 01: +0,1564704000
0.571,765,Aug 03 2019 01: +0,1564790400
0.828,2908,Aug 04 2019 01: +0,1564876800
0.822,594,Aug 05 2019 01: +0,1564963200
0.886,787,Aug 06 2019 01: +0,1565049600
0.992,671,Aug 07 2019 01: +0,1565136000
0.902,387,Aug 08 2019 01: +0,1565222400
0.816,376,Aug 09 2019 01: +0,1565308800
0.792,432,Aug 10 2019 01: +0,1565395200
0.764,457,Aug 11 2019 01: +0,1565481600
0.724,431,Aug 12 2019 01: +0,1565568000
0.688,429,Aug 13 2019 01: +0,1565654400
0.688,650,Aug 14 2019 01: +0,1565740800
0.637,384,Aug 15 2019 01: +0,1565827200
0.647,435,Aug 16 2019 01: +0,1565913600
0.639,375,Aug 17 2019 01: +0,1566000000
0.627,675,Aug 18 2019 01: +0,1566086400
0.613,415,Aug 19 2019 01: +0,1566172800
0.578,405,Aug 20 2019 01: +0,1566259200
0.582,396,Aug 21 2019 01: +0,1566345600
0.604,394,Aug 22 2019 01: +0,1566432000
0.581,408,Aug 23 2019 01: +0,1566518400
0.603,530,Aug 24 2019 01: +0,1566604800
0.56,421,Aug 25 2019 01: +0,1566691200
0.553,474,Aug 26 2019 01: +0,1566777600
0.54,554,Aug 27 2019 01: +0,1566864000
0.573,386,Aug 28 2019 01: +0,1566950400
0.553,434,Aug 29 2019 01: +0,1567036800
0.569,600,Aug 30 2019 01: +0,1567123200
0.563,411,Aug 31 2019 01: +0,1567209600
0.566,534,Sep 01 2019 01: +0,1567296000
0.555,445,Sep 02 2019 01: +0,1567382400
0.562,357,Sep 03 2019 01: +0,1567468800
0.563,355,Sep 04 2019 01: +0,1567555200
0.592,462,Sep 05 2019 01: +0,1567641600
0.623,533,Sep 06 2019 01: +0,1567728000
0.588,584,Sep 07 2019 01: +0,1567814400
0.529,541,Sep 08 2019 01: +0,1567900800
0.518,393,Sep 09 2019 01: +0,1567987200
0.509,347,Sep 10 2019 01: +0,1568073600
0.502,442,Sep 11 2019 01: +0,1568160000
0.496,375,Sep 12 2019 01: +0,1568246400
0.503,459,Sep 13 2019 01: +0,1568332800
0.52,417,Sep 14 2019 01: +0,1568419200
0.527,419,Sep 15 2019 01: +0,1568505600
0.5,362,Sep 16 2019 01: +0,1568592000
0.494,318,Sep 17 2019 01: +0,1568678400
0.495,317,Sep 18 2019 01: +0,1568764800
0.509,361,Sep 19 2019 01: +0,1568851200
0.502,392,Sep 20 2019 01: +0,1568937600
0.503,397,Sep 21 2019 01: +0,1569024000
0.504,521,Sep 22 2019 01: +0,1569110400
0.504,276,Sep 23 2019 01: +0,1569196800
0.494,347,Sep 24 2019 01: +0,1569283200
0.497,375,Sep 25 2019 01: +0,1569369600
0.488,427,Sep 26 2019 01: +0,1569456000
0.5,671,Sep 27 2019 01: +0,1569542400
0.514,532,Sep 28 2019 01: +0,1569628800
0.518,652,Sep 29 2019 01: +0,1569715200
0.505,577,Sep 30 2019 01: +0,1569801600
0.529,456,Oct 01 2019 01: +0,1569888000
0.551,476,Oct 02 2019 01: +0,1569974400
0.56,690,Oct 03 2019 01: +0,1570060800
0.571,606,Oct 04 2019 01: +0,1570147200
0.576,644,Oct 05 2019 01: +0,1570233600
0.561,518,Oct 06 2019 01: +0,1570320000
0.596,410,Oct 07 2019 01: +0,1570406400
0.604,461,Oct 08 2019 01: +0,1570492800
0.603,378,Oct 09 2019 01: +0,1570579200
0.592,500,Oct 10 2019 01: +0,1570665600
0.624,523,Oct 11 2019 01: +0,1570752000
0.642,553,Oct 12 2019 01: +0,1570838400
0.634,505,Oct 13 2019 01: +0,1570924800
0.599,488,Oct 14 2019 01: +0,1571011200
0.619,452,Oct 15 2019 01: +0,1571097600
0.606,410,Oct 16 2019 01: +0,1571184000
0.62,383,Oct 17 2019 01: +0,1571270400
0.733,1907,Oct 18 2019 01: +0,1571356800
0.633,748,Oct 19 2019 01: +0,1571443200
0.611,650,Oct 20 2019 01: +0,1571529600
0.594,722,Oct 21 2019 01: +0,1571616000
0.585,611,Oct 22 2019 01: +0,1571702400
0.562,557,Oct 23 2019 01: +0,1571788800
0.58,528,Oct 24 2019 01: +0,1571875200
0.563,497,Oct 25 2019 01: +0,1571961600
0.576,684,Oct 26 2019 01: +0,1572048000
0.573,543,Oct 27 2019 01: +0,1572134400
0.558,440,Oct 28 2019 01: +0,1572224400
0.549,500,Oct 29 2019 01: +0,1572310800
0.548,424,Oct 30 2019 01: +0,1572397200
0.533,494,Oct 31 2019 01: +0,1572483600
0.553,484,Nov 01 2019 01: +0,1572570000
0.55,582,Nov 02 2019 01: +0,1572656400
0.549,619,Nov 03 2019 01: +0,1572742800
0.549,437,Nov 04 2019 01: +0,1572829200
0.564,425,Nov 05 2019 01: +0,1572915600
0.535,471,Nov 06 2019 01: +0,1573002000
0.552,392,Nov 07 2019 01: +0,1573088400
0.528,457,Nov 08 2019 01: +0,1573174800
0.533,646,Nov 09 2019 01: +0,1573261200
0.527,600,Nov 10 2019 01: +0,1573347600
0.531,473,Nov 11 2019 01: +0,1573434000
0.52,504,Nov 12 2019 01: +0,1573520400
0.518,441,Nov 13 2019 01: +0,1573606800
0.515,582,Nov 14 2019 01: +0,1573693200
0.511,565,Nov 15 2019 01: +0,1573779600
0.518,711,Nov 16 2019 01: +0,1573866000
0.534,524,Nov 17 2019 01: +0,1573952400
0.523,426,Nov 18 2019 01: +0,1574038800
0.442,792,Nov 19 2019 01: +0,1574125200
0.449,585,Nov 20 2019 01: +0,1574211600
0.455,416,Nov 21 2019 01: +0,1574298000
0.445,421,Nov 22 2019 01: +0,1574384400
0.445,812,Nov 23 2019 01: +0,1574470800
0.44,698,Nov 24 2019 01: +0,1574557200
0.4,751,Nov 25 2019 01: +0,1574643600
0.412,648,Nov 26 2019 01: +0,1574730000
0.395,686,Nov 27 2019 01: +0,1574816400
0.385,728,Nov 28 2019 01: +0,1574902800
0.387,649,Nov 29 2019 01: +0,1574989200
0.377,942,Nov 30 2019 01: +0,1575075600
0.377,729,Dec 01 2019 01: +0,1575162000
0.375,582,Dec 02 2019 01: +0,1575248400
0.379,1347,Dec 03 2019 01: +0,1575334800
0.382,620,Dec 04 2019 01: +0,1575421200
0.383,605,Dec 05 2019 01: +0,1575507600
0.387,757,Dec 06 2019 01: +0,1575594000
0.395,1015,Dec 07 2019 01: +0,1575680400
0.4,728,Dec 08 2019 01: +0,1575766800
0.404,607,Dec 09 2019 01: +0,1575853200
0.394,577,Dec 10 2019 01: +0,1575939600
0.404,677,Dec 11 2019 01: +0,1576026000
0.402,579,Dec 12 2019 01: +0,1576112400
0.392,723,Dec 13 2019 01: +0,1576198800
0.402,807,Dec 14 2019 01: +0,1576285200
0.405,664,Dec 15 2019 01: +0,1576371600
0.407,574,Dec 16 2019 01: +0,1576458000
0.406,560,Dec 17 2019 01: +0,1576544400
0.408,548,Dec 18 2019 01: +0,1576630800
0.398,522,Dec 19 2019 01: +0,1576717200
0.384,674,Dec 20 2019 01: +0,1576803600
0.397,781,Dec 21 2019 01: +0,1576890000
0.402,554,Dec 22 2019 01: +0,1576976400
0.401,529,Dec 23 2019 01: +0,1577062800
0.4,613,Dec 24 2019 01: +0,1577149200
0.408,642,Dec 25 2019 01: +0,1577235600
0.411,651,Dec 26 2019 01: +0,1577322000
0.416,758,Dec 27 2019 01: +0,1577408400
0.426,720,Dec 28 2019 01: +0,1577494800
0.409,630,Dec 29 2019 01: +0,1577581200
0.419,729,Dec 30 2019 01: +0,1577667600
0.426,649,Dec 31 2019 01: +0,1577754000
0.433,757,Jan 01 2020 01: +0,1577840400
0.433,696,Jan 02 2020 01: +0,1577926800
0.436,875,Jan 03 2020 01: +0,1578013200
0.424,763,Jan 04 2020 01: +0,1578099600
0.437,743,Jan 05 2020 01: +0,1578186000
0.431,709,Jan 06 2020 01: +0,1578272400
0.433,629,Jan 07 2020 01: +0,1578358800
0.442,800,Jan 08 2020 01: +0,1578445200
0.442,740,Jan 09 2020 01: +0,1578531600
0.444,800,Jan 10 2020 01: +0,1578618000
0.452,800,Jan 11 2020 01: +0,1578704400
0.451,726,Jan 12 2020 01: +0,1578790800
0.445,615,Jan 13 2020 01: +0,1578877200
0.453,677,Jan 14 2020 01: +0,1578963600
0.462,703,Jan 15 2020 01: +0,1579050000
0.453,645,Jan 16 2020 01: +0,1579136400
0.478,778,Jan 17 2020 01: +0,1579222800
0.481,990,Jan 18 2020 01: +0,1579309200
0.482,802,Jan 19 2020 01: +0,1579395600
0.488,627,Jan 20 2020 01: +0,1579482000
0.469,609,Jan 21 2020 01: +0,1579568400
0.471,640,Jan 22 2020 01: +0,1579654800
0.481,622,Jan 23 2020 01: +0,1579741200
0.472,659,Jan 24 2020 01: +0,1579827600
0.473,956,Jan 25 2020 01: +0,1579914000
0.47,677,Jan 26 2020 01: +0,1580000400
0.466,581,Jan 27 2020 01: +0,1580086800
0.46,495,Jan 28 2020 01: +0,1580173200
0.452,535,Jan 29 2020 01: +0,1580259600
0.47,546,Jan 30 2020 01: +0,1580346000
0.468,629,Jan 31 2020 01: +0,1580432400
0.466,740,Feb 01 2020 01: +0,1580518800
0.485,907,Feb 02 2020 01: +0,1580605200
0.477,754,Feb 03 2020 01: +0,1580691600
0.485,677,Feb 04 2020 01: +0,1580778000
0.492,546,Feb 05 2020 01: +0,1580864400
0.495,610,Feb 06 2020 01: +0,1580950800
0.499,651,Feb 07 2020 01: +0,1581037200
0.518,905,Feb 08 2020 01: +0,1581123600
0.496,670,Feb 09 2020 01: +0,1581210000
0.495,711,Feb 10 2020 01: +0,1581296400
0.52,547,Feb 11 2020 01: +0,1581382800
0.526,609,Feb 12 2020 01: +0,1581469200
0.517,612,Feb 13 2020 01: +0,1581555600
0.534,575,Feb 14 2020 01: +0,1581642000
0.519,796,Feb 15 2020 01: +0,1581728400
0.507,704,Feb 16 2020 01: +0,1581814800
0.515,567,Feb 17 2020 01: +0,1581901200
0.521,532,Feb 18 2020 01: +0,1581987600
0.496,567,Feb 19 2020 01: +0,1582074000
0.504,521,Feb 20 2020 01: +0,1582160400
0.509,517,Feb 21 2020 01: +0,1582246800
0.502,691,Feb 22 2020 01: +0,1582333200
0.503,748,Feb 23 2020 01: +0,1582419600
0.497,680,Feb 24 2020 01: +0,1582506000
0.451,840,Feb 25 2020 01: +0,1582592400
0.456,663,Feb 26 2020 01: +0,1582678800
0.481,726,Feb 27 2020 01: +0,1582765200
0.476,662,Feb 28 2020 01: +0,1582851600
0.483,705,Feb 29 2020 01: +0,1582938000
0.488,762,Mar 01 2020 01: +0,1583024400
0.487,534,Mar 02 2020 01: +0,1583110800
0.483,517,Mar 03 2020 01: +0,1583197200
0.476,669,Mar 04 2020 01: +0,1583283600
0.465,629,Mar 05 2020 01: +0,1583370000
0.481,835,Mar 06 2020 01: +0,1583456400
0.493,906,Mar 07 2020 01: +0,1583542800
0.47,1103,Mar 08 2020 01: +0,1583629200
0.463,769,Mar 09 2020 01: +0,1583715600
0.485,591,Mar 10 2020 01: +0,1583802000
0.487,647,Mar 11 2020 01: +0,1583888400
0.477,717,Mar 12 2020 01: +0,1583974800
0.463,695,Mar 13 2020 01: +0,1584061200
0.456,772,Mar 14 2020 01: +0,1584147600
0.463,731,Mar 15 2020 01: +0,1584234000
0.453,746,Mar 16 2020 01: +0,1584320400
0.447,728,Mar 17 2020 01: +0,1584406800
0.447,826,Mar 18 2020 01: +0,1584493200
0.448,1081,Mar 19 2020 01: +0,1584579600
0.447,877,Mar 20 2020 01: +0,1584666000
0.434,862,Mar 21 2020 01: +0,1584752400
0.435,921,Mar 22 2020 01: +0,1584838800
0.436,920,Mar 23 2020 01: +0,1584925200
0.44,926,Mar 24 2020 01: +0,1585011600
0.432,1057,Mar 25 2020 01: +0,1585098000
0.434,929,Mar 26 2020 01: +0,1585184400
0.44,988,Mar 27 2020 01: +0,1585270800
0.441,804,Mar 28 2020 01: +0,1585357200
0.443,896,Mar 29 2020 01: +0,1585443600
0.44,986,Mar 30 2020 01: +0,1585526400
0.445,1022,Mar 31 2020 01: +0,1585612800
0.431,1208,Apr 01 2020 01: +0,1585699200
0.43,1176,Apr 02 2020 01: +0,1585785600
0.442,1562,Apr 03 2020 01: +0,1585872000
0.431,1318,Apr 04 2020 01: +0,1585958400
0.43,1332,Apr 05 2020 01: +0,1586044800
0.429,1276,Apr 06 2020 01: +0,1586131200
0.421,1251,Apr 07 2020 01: +0,1586217600
0.427,1117,Apr 08 2020 01: +0,1586304000
0.436,1224,Apr 09 2020 01: +0,1586390400
0.442,1483,Apr 10 2020 01: +0,1586476800
0.438,1421,Apr 11 2020 01: +0,1586563200
0.445,1277,Apr 12 2020 01: +0,1586649600
0.449,1463,Apr 13 2020 01: +0,1586736000
0.448,1386,Apr 14 2020 01: +0,1586822400
0.461,1417,Apr 15 2020 01: +0,1586908800
0.459,1574,Apr 16 2020 01: +0,1586995200
0.475,1573,Apr 17 2020 01: +0,1587081600
0.483,1471,Apr 18 2020 01: +0,1587168000
0.492,1303,Apr 19 2020 01: +0,1587254400
0.498,1291,Apr 20 2020 01: +0,1587340800
0.496,1375,Apr 21 2020 01: +0,1587427200
0.508,1725,Apr 22 2020 01: +0,1587513600
0.52,1349,Apr 23 2020 01: +0,1587600000
0.522,1127,Apr 24 2020 01: +0,1587686400
0.506,1072,Apr 25 2020 01: +0,1587772800
0.498,1063,Apr 26 2020 01: +0,1587859200
0.496,1233,Apr 27 2020 01: +0,1587945600
0.48,1053,Apr 28 2020 01: +0,1588032000
0.47,1197,Apr 29 2020 01: +0,1588118400
0.48,1029,Apr 30 2020 01: +0,1588204800
0.471,1103,May 01 2020 01: +0,1588291200
0.469,975,May 02 2020 01: +0,1588377600
0.465,1146,May 03 2020 01: +0,1588464000
0.468,1028,May 04 2020 01: +0,1588550400
0.483,1112,May 05 2020 01: +0,1588636800
0.485,1064,May 06 2020 01: +0,1588723200
0.485,1049,May 07 2020 01: +0,1588809600
0.498,1387,May 08 2020 01: +0,1588896000
0.504,982,May 09 2020 01: +0,1588982400
0.492,984,May 10 2020 01: +0,1589068800
0.501,899,May 11 2020 01: +0,1589155200
0.501,898,May 12 2020 01: +0,1589241600
0.496,1003,May 13 2020 01: +0,1589328000
0.498,947,May 14 2020 01: +0,1589414400
0.488,971,May 15 2020 01: +0,1589500800
0.503,999,May 16 2020 01: +0,1589587200
0.507,863,May 17 2020 01: +0,1589673600
0.497,895,May 18 2020 01: +0,1589760000
0.499,852,May 19 2020 01: +0,1589846400
0.491,846,May 20 2020 01: +0,1589932800
0.506,898,May 21 2020 01: +0,1590019200
0.492,970,May 22 2020 01: +0,1590105600
0.503,980,May 23 2020 01: +0,1590192000
0.503,942,May 24 2020 01: +0,1590278400
0.498,976,May 25 2020 01: +0,1590364800
0.479,945,May 26 2020 01: +0,1590451200
0.48,822,May 27 2020 01: +0,1590537600
0.481,1179,May 28 2020 01: +0,1590624000
0.496,1160,May 29 2020 01: +0,1590710400
0.504,1213,May 30 2020 01: +0,1590796800
0.51,932,May 31 2020 01: +0,1590883200
0.513,1047,Jun 01 2020 01: +0,1590969600
0.551,2022,Jun 02 2020 01: +0,1591056000
0.581,1124,Jun 03 2020 01: +0,1591142400
0.601,916,Jun 04 2020 01: +0,1591228800
0.75,3432,Jun 05 2020 01: +0,1591315200
0.772,1685,Jun 06 2020 01: +0,1591401600
0.686,979,Jun 07 2020 01: +0,1591488000
0.67,710,Jun 08 2020 01: +0,1591574400
0.645,974,Jun 09 2020 01: +0,1591660800
0.633,912,Jun 10 2020 01: +0,1591747200
0.639,651,Jun 11 2020 01: +0,1591833600
0.639,664,Jun 12 2020 01: +0,1591920000
0.623,630,Jun 13 2020 01: +0,1592006400
0.615,571,Jun 14 2020 01: +0,1592092800
0.621,547,Jun 15 2020 01: +0,1592179200
0.606,725,Jun 16 2020 01: +0,1592265600
0.601,719,Jun 17 2020 01: +0,1592352000
0.587,629,Jun 18 2020 01: +0,1592438400
0.57,690,Jun 19 2020 01: +0,1592524800
0.585,963,Jun 20 2020 01: +0,1592611200
0.58,555,Jun 21 2020 01: +0,1592697600
0.585,547,Jun 22 2020 01: +0,1592784000
0.588,568,Jun 23 2020 01: +0,1592870400
0.581,546,Jun 24 2020 01: +0,1592956800
0.572,635,Jun 25 2020 01: +0,1593043200
0.565,855,Jun 26 2020 01: +0,1593129600
0.554,702,Jun 27 2020 01: +0,1593216000
0.559,643,Jun 28 2020 01: +0,1593302400
0.566,642,Jun 29 2020 01: +0,1593388800
0.553,864,Jun 30 2020 01: +0,1593475200
0.568,884,Jul 01 2020 01: +0,1593561600
0.581,767,Jul 02 2020 01: +0,1593648000
0.579,728,Jul 03 2020 01: +0,1593734400
0.575,1150,Jul 04 2020 01: +0,1593820800
0.58,591,Jul 05 2020 01: +0,1593907200
0.585,898,Jul 06 2020 01: +0,1593993600
0.62,831,Jul 07 2020 01: +0,1594080000
0.641,731,Jul 08 2020 01: +0,1594166400
0.646,552,Jul 09 2020 01: +0,1594252800
0.703,1445,Jul 10 2020 01: +0,1594339200
0.736,551,Jul 11 2020 01: +0,1594425600
0.728,537,Jul 12 2020 01: +0,1594512000
0.719,475,Jul 13 2020 01: +0,1594598400
0.719,439,Jul 14 2020 01: +0,1594684800
0.729,597,Jul 15 2020 01: +0,1594771200
0.746,446,Jul 16 2020 01: +0,1594857600
0.786,980,Jul 17 2020 01: +0,1594944000
0.796,450,Jul 18 2020 01: +0,1595030400
0.749,490,Jul 19 2020 01: +0,1595116800
0.806,799,Jul 20 2020 01: +0,1595203200
0.843,928,Jul 21 2020 01: +0,1595289600
0.807,385,Jul 22 2020 01: +0,1595376000
0.799,450,Jul 23 2020 01: +0,1595462400
0.796,538,Jul 24 2020 01: +0,1595548800
0.801,460,Jul 25 2020 01: +0,1595635200
0.801,531,Jul 26 2020 01: +0,1595721600
0.797,487,Jul 27 2020 01: +0,1595808000
0.801,517,Jul 28 2020 01: +0,1595894400
0.851,565,Jul 29 2020 01: +0,1595980800
0.822,394,Jul 30 2020 01: +0,1596067200
0.825,475,Jul 31 2020 01: +0,1596153600
0.839,399,Aug 01 2020 01: +0,1596240000
0.834,339,Aug 02 2020 01: +0,1596326400
0.822,345,Aug 03 2020 01: +0,1596412800
0.824,435,Aug 04 2020 01: +0,1596499200
0.799,412,Aug 05 2020 01: +0,1596585600
0.785,329,Aug 06 2020 01: +0,1596672000
0.775,569,Aug 07 2020 01: +0,1596758400
0.75,498,Aug 08 2020 01: +0,1596844800
0.737,500,Aug 09 2020 01: +0,1596931200
0.741,693,Aug 10 2020 01: +0,1597017600
0.742,511,Aug 11 2020 01: +0,1597104000
0.738,569,Aug 12 2020 01: +0,1597190400
0.733,601,Aug 13 2020 01: +0,1597276800
0.719,484,Aug 14 2020 01: +0,1597363200
0.727,475,Aug 15 2020 01: +0,1597449600
0.723,509,Aug 16 2020 01: +0,1597536000
0.716,574,Aug 17 2020 01: +0,1597622400
0.702,518,Aug 18 2020 01: +0,1597708800
0.679,525,Aug 19 2020 01: +0,1597795200
0.66,524,Aug 20 2020 01: +0,1597881600
0.665,520,Aug 21 2020 01: +0,1597968000
0.655,538,Aug 22 2020 01: +0,1598054400
0.644,503,Aug 23 2020 01: +0,1598140800
0.653,580,Aug 24 2020 01: +0,1598227200
0.649,506,Aug 25 2020 01: +0,1598313600
0.649,547,Aug 26 2020 01: +0,1598400000
0.645,599,Aug 27 2020 01: +0,1598486400
0.651,535,Aug 28 2020 01: +0,1598572800
0.642,536,Aug 29 2020 01: +0,1598659200
0.647,544,Aug 30 2020 01: +0,1598745600
0.629,555,Aug 31 2020 01: +0,1598832000
0.624,470,Sep 01 2020 01: +0,1598918400
0.62,514,Sep 02 2020 01: +0,1599004800
0.626,437,Sep 03 2020 01: +0,1599091200
0.636,475,Sep 04 2020 01: +0,1599177600
0.625,557,Sep 05 2020 01: +0,1599264000
0.638,628,Sep 06 2020 01: +0,1599350400
0.618,563,Sep 07 2020 01: +0,1599436800
0.626,486,Sep 08 2020 01: +0,1599523200
0.611,498,Sep 09 2020 01: +0,1599609600
0.627,495,Sep 10 2020 01: +0,1599696000
0.635,578,Sep 11 2020 01: +0,1599782400
0.641,525,Sep 12 2020 01: +0,1599868800
0.631,528,Sep 13 2020 01: +0,1599955200
0.633,424,Sep 14 2020 01: +0,1600041600
0.639,480,Sep 15 2020 01: +0,1600128000
0.641,737,Sep 16 2020 01: +0,1600214400
0.63,491,Sep 17 2020 01: +0,1600300800
0.629,483,Sep 18 2020 01: +0,1600387200
0.634,520,Sep 19 2020 01: +0,1600473600
0.635,512,Sep 20 2020 01: +0,1600560000
0.64,445,Sep 21 2020 01: +0,1600646400
0.644,388,Sep 22 2020 01: +0,1600732800
0.649,400,Sep 23 2020 01: +0,1600819200
0.64,487,Sep 24 2020 01: +0,1600905600
0.641,563,Sep 25 2020 01: +0,1600992000
0.639,486,Sep 26 2020 01: +0,1601078400
0.627,852,Sep 27 2020 01: +0,1601164800
0.634,445,Sep 28 2020 01: +0,1601251200
0.647,436,Sep 29 2020 01: +0,1601337600
0.636,380,Sep 30 2020 01: +0,1601424000
0.648,418,Oct 01 2020 01: +0,1601510400
0.656,449,Oct 02 2020 01: +0,1601596800
0.647,478,Oct 03 2020 01: +0,1601683200
0.644,527,Oct 04 2020 01: +0,1601769600
0.639,478,Oct 05 2020 01: +0,1601856000
0.649,442,Oct 06 2020 01: +0,1601942400
0.652,500,Oct 07 2020 01: +0,1602028800
0.636,433,Oct 08 2020 01: +0,1602115200
0.63,545,Oct 09 2020 01: +0,1602201600
0.653,469,Oct 10 2020 01: +0,1602288000
0.643,570,Oct 11 2020 01: +0,1602374400
0.649,472,Oct 12 2020 01: +0,1602460800
0.644,407,Oct 13 2020 01: +0,1602547200
0.646,456,Oct 14 2020 01: +0,1602633600
0.648,475,Oct 15 2020 01: +0,1602720000
0.658,522,Oct 16 2020 01: +0,1602806400
0.652,521,Oct 17 2020 01: +0,1602892800
0.646,454,Oct 18 2020 01: +0,1602979200
0.642,547,Oct 19 2020 01: +0,1603065600
0.648,380,Oct 20 2020 01: +0,1603152000
0.646,546,Oct 21 2020 01: +0,1603238400
0.654,437,Oct 22 2020 01: +0,1603324800
0.65,656,Oct 23 2020 01: +0,1603411200
0.648,666,Oct 24 2020 01: +0,1603497600
0.647,575,Oct 25 2020 01: +0,1603584000
0.652,450,Oct 26 2020 01: +0,1603674000
0.658,433,Oct 27 2020 01: +0,1603760400
0.651,469,Oct 28 2020 01: +0,1603846800
0.645,447,Oct 29 2020 01: +0,1603933200
0.646,756,Oct 30 2020 01: +0,1604019600
0.646,932,Oct 31 2020 01: +0,1604106000
0.647,557,Nov 01 2020 01: +0,1604192400
0.643,441,Nov 02 2020 01: +0,1604278800
0.645,502,Nov 03 2020 01: +0,1604365200
0.639,457,Nov 04 2020 01: +0,1604451600
0.64,600,Nov 05 2020 01: +0,1604538000
0.631,528,Nov 06 2020 01: +0,1604624400
0.623,587,Nov 07 2020 01: +0,1604710800
0.637,622,Nov 08 2020 01: +0,1604797200
0.64,523,Nov 09 2020 01: +0,1604883600
0.631,508,Nov 10 2020 01: +0,1604970000
0.621,458,Nov 11 2020 01: +0,1605056400
0.64,1192,Nov 12 2020 01: +0,1605142800
0.636,515,Nov 13 2020 01: +0,1605229200
0.64,477,Nov 14 2020 01: +0,1605315600
0.629,509,Nov 15 2020 01: +0,1605402000
0.621,490,Nov 16 2020 01: +0,1605488400
0.62,527,Nov 17 2020 01: +0,1605574800
0.626,533,Nov 18 2020 01: +0,1605661200
0.642,763,Nov 19 2020 01: +0,1605747600
0.615,1105,Nov 20 2020 01: +0,1605834000
0.605,583,Nov 21 2020 01: +0,1605920400
0.612,664,Nov 22 2020 01: +0,1606006800
0.616,535,Nov 23 2020 01: +0,1606093200
0.616,563,Nov 24 2020 01: +0,1606179600
0.608,527,Nov 25 2020 01: +0,1606266000
0.591,648,Nov 26 2020 01: +0,1606352400
0.571,547,Nov 27 2020 01: +0,1606438800
0.566,624,Nov 28 2020 01: +0,1606525200
0.55,720,Nov 29 2020 01: +0,1606611600
0.545,585,Nov 30 2020 01: +0,1606698000
0.542,549,Dec 01 2020 01: +0,1606784400
0.576,616,Dec 02 2020 01: +0,1606870800
0.587,563,Dec 03 2020 01: +0,1606957200
0.489,740,Dec 04 2020 01: +0,1607043600
0.489,625,Dec 05 2020 01: +0,1607130000
0.491,556,Dec 06 2020 01: +0,1607216400
0.492,611,Dec 07 2020 01: +0,1607302800
0.5,556,Dec 08 2020 01: +0,1607389200
0.49,619,Dec 09 2020 01: +0,1607475600
0.488,476,Dec 10 2020 01: +0,1607562000
0.467,605,Dec 11 2020 01: +0,1607648400
0.47,553,Dec 12 2020 01: +0,1607734800
0.483,526,Dec 13 2020 01: +0,1607821200
0.489,515,Dec 14 2020 01: +0,1607907600
0.489,452,Dec 15 2020 01: +0,1607994000
0.482,505,Dec 16 2020 01: +0,1608080400
0.488,634,Dec 17 2020 01: +0,1608166800
0.503,534,Dec 18 2020 01: +0,1608253200
0.499,563,Dec 19 2020 01: +0,1608339600
0.492,503,Dec 20 2020 01: +0,1608426000
0.488,603,Dec 21 2020 01: +0,1608512400
0.494,635,Dec 22 2020 01: +0,1608598800
0.483,595,Dec 23 2020 01: +0,1608685200
0.488,561,Dec 24 2020 01: +0,1608771600
0.493,640,Dec 25 2020 01: +0,1608858000
0.488,715,Dec 26 2020 01: +0,1608944400
0.503,694,Dec 27 2020 01: +0,1609030800
0.515,961,Dec 28 2020 01: +0,1609117200
0.516,867,Dec 29 2020 01: +0,1609203600
0.529,687,Dec 30 2020 01: +0,1609290000
0.54,682,Dec 31 2020 01: +0,1609376400
0.548,630,Jan 01 2021 01: +0,1609462800
0.55,806,Jan 02 2021 01: +0,1609549200
0.552,679,Jan 03 2021 01: +0,1609635600
0.547,613,Jan 04 2021 01: +0,1609722000
0.547,595,Jan 05 2021 01: +0,1609808400
0.546,520,Jan 06 2021 01: +0,1609894800
0.55,545,Jan 07 2021 01: +0,1609981200
0.544,592,Jan 08 2021 01: +0,1610067600
0.569,687,Jan 09 2021 01: +0,1610154000
0.56,562,Jan 10 2021 01: +0,1610240400
0.572,545,Jan 11 2021 01: +0,1610326800
0.568,545,Jan 12 2021 01: +0,1610413200
0.595,581,Jan 13 2021 01: +0,1610499600
0.579,525,Jan 14 2021 01: +0,1610586000
0.571,582,Jan 15 2021 01: +0,1610672400
0.578,673,Jan 16 2021 01: +0,1610758800
0.583,674,Jan 17 2021 01: +0,1610845200
0.57,544,Jan 18 2021 01: +0,1610931600
0.578,663,Jan 19 2021 01: +0,1611018000
0.588,602,Jan 20 2021 01: +0,1611104400
0.578,642,Jan 21 2021 01: +0,1611190800
0.559,618,Jan 22 2021 01: +0,1611277200
0.564,685,Jan 23 2021 01: +0,1611363600
0.545,901,Jan 24 2021 01: +0,1611450000
0.558,624,Jan 25 2021 01: +0,1611536400
0.559,633,Jan 26 2021 01: +0,1611622800
0.63,2205,Jan 27 2021 01: +0,1611709200
0.529,1458,Jan 28 2021 01: +0,1611795600
0.526,766,Jan 29 2021 01: +0,1611882000
0.536,746,Jan 30 2021 01: +0,1611968400
0.559,752,Jan 31 2021 01: +0,1612054800
0.562,646,Feb 01 2021 01: +0,1612141200
0.547,598,Feb 02 2021 01: +0,1612227600
0.543,553,Feb 03 2021 01: +0,1612314000
0.553,1076,Feb 04 2021 01: +0,1612400400
0.545,592,Feb 05 2021 01: +0,1612486800
0.539,639,Feb 06 2021 01: +0,1612573200
0.531,600,Feb 07 2021 01: +0,1612659600
0.523,546,Feb 08 2021 01: +0,1612746000
0.53,651,Feb 09 2021 01: +0,1612832400
0.527,637,Feb 10 2021 01: +0,1612918800
0.511,727,Feb 11 2021 01: +0,1613005200
0.505,697,Feb 12 2021 01: +0,1613091600
0.48,834,Feb 13 2021 01: +0,1613178000
0.48,706,Feb 14 2021 01: +0,1613264400
0.478,825,Feb 15 2021 01: +0,1613350800
0.479,610,Feb 16 2021 01: +0,1613437200
0.484,584,Feb 17 2021 01: +0,1613523600
0.494,687,Feb 18 2021 01: +0,1613610000
0.495,628,Feb 19 2021 01: +0,1613696400
0.518,767,Feb 20 2021 01: +0,1613782800
0.53,646,Feb 21 2021 01: +0,1613869200
0.532,668,Feb 22 2021 01: +0,1613955600
0.537,686,Feb 23 2021 01: +0,1614042000
0.552,734,Feb 24 2021 01: +0,1614128400
0.554,751,Feb 25 2021 01: +0,1614214800
0.555,695,Feb 26 2021 01: +0,1614301200
0.55,782,Feb 27 2021 01: +0,1614387600
0.548,715,Feb 28 2021 01: +0,1614474000
0.546,744,Mar 01 2021 01: +0,1614560400
0.56,678,Mar 02 2021 01: +0,1614646800
0.562,768,Mar 03 2021 01: +0,1614733200
0.57,1133,Mar 04 2021 01: +0,1614819600
0.582,971,Mar 05 2021 01: +0,1614906000
0.593,1082,Mar 06 2021 01: +0,1614992400
0.613,797,Mar 07 2021 01: +0,1615078800
0.625,912,Mar 08 2021 01: +0,1615165200
0.601,572,Mar 09 2021 01: +0,1615251600
0.619,648,Mar 10 2021 01: +0,1615338000
0.581,713,Mar 11 2021 01: +0,1615424400
0.589,677,Mar 12 2021 01: +0,1615510800
0.573,706,Mar 13 2021 01: +0,1615597200
0.575,746,Mar 14 2021 01: +0,1615683600
0.579,684,Mar 15 2021 01: +0,1615770000
0.572,589,Mar 16 2021 01: +0,1615856400
0.573,718,Mar 17 2021 01: +0,1615942800
0.585,685,Mar 18 2021 01: +0,1616029200
0.587,1023,Mar 19 2021 01: +0,1616115600
0.588,1891,Mar 20 2021 01: +0,1616202000
0.584,915,Mar 21 2021 01: +0,1616288400
0.595,857,Mar 22 2021 01: +0,1616374800
0.582,798,Mar 23 2021 01: +0,1616461200
0.591,690,Mar 24 2021 01: +0,1616547600
0.598,1198,Mar 25 2021 01: +0,1616634000
0.612,978,Mar 26 2021 01: +0,1616720400
0.606,755,Mar 27 2021 01: +0,1616806800
0.608,748,Mar 28 2021 01: +0,1616893200
0.617,679,Mar 29 2021 01: +0,1616976000
0.614,567,Mar 30 2021 01: +0,1617062400
0.608,630,Mar 31 2021 01: +0,1617148800
0.605,673,Apr 01 2021 01: +0,1617235200
0.603,712,Apr 02 2021 01: +0,1617321600
0.599,682,Apr 03 2021 01: +0,1617408000
0.606,645,Apr 04 2021 01: +0,1617494400
0.611,690,Apr 05 2021 01: +0,1617580800
0.599,691,Apr 06 2021 01: +0,1617667200
0.545,711,Apr 07 2021 01: +0,1617753600
0.488,858,Apr 08 2021 01: +0,1617840000
0.482,597,Apr 09 2021 01: +0,1617926400
0.472,537,Apr 10 2021 01: +0,1618012800
0.458,773,Apr 11 2021 01: +0,1618099200
0.455,504,Apr 12 2021 01: +0,1618185600
0.456,515,Apr 13 2021 01: +0,1618272000
0.477,162,Apr 14 2021 01: +0,1618358400
0.451,528,Apr 15 2021 01: +0,1618444800
0.448,449,Apr 16 2021 01: +0,1618531200
0.453,574,Apr 17 2021 01: +0,1618617600
0.453,405,Apr 18 2021 01: +0,1618704000
0.46,470,Apr 19 2021 01: +0,1618790400
0.472,397,Apr 20 2021 01: +0,1618876800
0.466,523,Apr 21 2021 01: +0,1618963200
0.47,396,Apr 22 2021 01: +0,1619049600
0.477,399,Apr 23 2021 01: +0,1619136000
0.476,422,Apr 24 2021 01: +0,1619222400
0.465,308,Apr 25 2021 01: +0,1619308800
0.481,1079,Apr 26 2021 01: +0,1619395200
0.482,346,Apr 27 2021 01: +0,1619481600
0.471,374,Apr 28 2021 01: +0,1619568000
0.477,324,Apr 29 2021 01: +0,1619654400
0.464,369,Apr 30 2021 01: +0,1619740800
0.451,373,May 01 2021 01: +0,1619827200
0.474,485,May 02 2021 01: +0,1619913600
0.471,457,May 03 2021 01: +0,1620000000
0.47,588,May 04 2021 01: +0,1620086400
0.477,491,May 05 2021 01: +0,1620172800
0.486,455,May 06 2021 01: +0,1620259200
0.493,472,May 07 2021 01: +0,1620345600
0.502,715,May 08 2021 01: +0,1620432000
0.504,608,May 09 2021 01: +0,1620518400
0.503,431,May 10 2021 01: +0,1620604800
0.5,453,May 11 2021 01: +0,1620691200
0.481,526,May 12 2021 01: +0,1620777600
0.492,486,May 13 2021 01: +0,1620864000
0.508,917,May 14 2021 01: +0,1620950400
0.554,1711,May 15 2021 01: +0,1621036800
0.561,410,May 16 2021 01: +0,1621123200
0.556,550,May 17 2021 01: +0,1621209600
0.562,401,May 18 2021 01: +0,1621296000
0.575,377,May 19 2021 01: +0,1621382400
0.546,401,May 20 2021 01: +0,1621468800
0.571,513,May 21 2021 01: +0,1621555200
0.568,577,May 22 2021 01: +0,1621641600
0.569,566,May 23 2021 01: +0,1621728000
0.555,555,May 24 2021 01: +0,1621814400
0.551,542,May 25 2021 01: +0,1621900800
0.609,619,May 26 2021 01: +0,1621987200
0.594,425,May 27 2021 01: +0,1622073600
0.598,562,May 28 2021 01: +0,1622160000
0.589,518,May 29 2021 01: +0,1622246400
0.593,442,May 30 2021 01: +0,1622332800
0.582,423,May 31 2021 01: +0,1622419200
0.574,498,Jun 01 2021 01: +0,1622505600
0.586,517,Jun 02 2021 01: +0,1622592000
0.621,783,Jun 03 2021 01: +0,1622678400
1.463,4053,Jun 04 2021 01: +0,1622764800
1.429,1190,Jun 05 2021 01: +0,1622851200
1.102,655,Jun 06 2021 01: +0,1622937600
0.939,678,Jun 07 2021 01: +0,1623024000
1.217,949,Jun 08 2021 01: +0,1623110400
1.245,523,Jun 09 2021 01: +0,1623196800
1.196,371,Jun 10 2021 01: +0,1623283200
1.124,659,Jun 11 2021 01: +0,1623369600
1.004,442,Jun 12 2021 01: +0,1623456000
0.901,437,Jun 13 2021 01: +0,1623542400
0.871,779,Jun 14 2021 01: +0,1623628800
0.8,316,Jun 15 2021 01: +0,1623715200
0.788,426,Jun 16 2021 01: +0,1623801600
0.776,520,Jun 17 2021 01: +0,1623888000
0.829,422,Jun 18 2021 01: +0,1623974400
0.862,345,Jun 19 2021 01: +0,1624060800
0.828,464,Jun 20 2021 01: +0,1624147200
0.819,301,Jun 21 2021 01: +0,1624233600
0.815,305,Jun 22 2021 01: +0,1624320000
0.734,341,Jun 23 2021 01: +0,1624406400
0.692,423,Jun 24 2021 01: +0,1624492800
0.694,408,Jun 25 2021 01: +0,1624579200
0.656,576,Jun 26 2021 01: +0,1624665600
0.654,452,Jun 27 2021 01: +0,1624752000
0.638,363,Jun 28 2021 01: +0,1624838400
0.633,529,Jun 29 2021 01: +0,1624924800
0.626,392,Jun 30 2021 01: +0,1625011200
0.635,323,Jul 01 2021 01: +0,1625097600
0.636,400,Jul 02 2021 01: +0,1625184000
0.665,329,Jul 03 2021 01: +0,1625270400
0.656,342,Jul 04 2021 01: +0,1625356800
0.645,462,Jul 05 2021 01: +0,1625443200
0.644,376,Jul 06 2021 01: +0,1625529600
0.626,339,Jul 07 2021 01: +0,1625616000
0.623,398,Jul 08 2021 01: +0,1625702400
0.618,288,Jul 09 2021 01: +0,1625788800
0.647,302,Jul 10 2021 01: +0,1625875200
0.65,259,Jul 11 2021 01: +0,1625961600
0.63,319,Jul 12 2021 01: +0,1626048000
0.602,300,Jul 13 2021 01: +0,1626134400
0.599,290,Jul 14 2021 01: +0,1626220800
0.598,291,Jul 15 2021 01: +0,1626307200
0.606,448,Jul 16 2021 01: +0,1626393600
0.626,296,Jul 17 2021 01: +0,1626480000
0.623,296,Jul 18 2021 01: +0,1626566400
0.604,285,Jul 19 2021 01: +0,1626652800
0.598,393,Jul 20 2021 01: +0,1626739200
0.595,361,Jul 21 2021 01: +0,1626825600
0.6,410,Jul 22 2021 01: +0,1626912000
0.591,324,Jul 23 2021 01: +0,1626998400
0.59,388,Jul 24 2021 01: +0,1627084800
0.594,386,Jul 25 2021 01: +0,1627171200
0.589,319,Jul 26 2021 01: +0,1627257600
0.646,470,Jul 27 2021 01: +0,1627344000
0.626,328,Jul 28 2021 01: +0,1627430400
0.608,355,Jul 29 2021 01: +0,1627516800
0.599,313,Jul 30 2021 01: +0,1627603200
0.606,353,Jul 31 2021 01: +0,1627689600
0.602,373,Aug 01 2021 01: +0,1627776000
0.595,328,Aug 02 2021 01: +0,1627862400
0.584,398,Aug 03 2021 01: +0,1627948800
0.618,315,Aug 04 2021 01: +0,1628035200
0.637,280,Aug 05 2021 01: +0,1628121600
0.621,329,Aug 06 2021 01: +0,1628208000
0.622,355,Aug 07 2021 01: +0,1628294400
0.612,323,Aug 08 2021 01: +0,1628380800
0.593,316,Aug 09 2021 01: +0,1628467200
0.623,443,Aug 10 2021 01: +0,1628553600
0.592,353,Aug 11 2021 01: +0,1628640000
0.611,311,Aug 12 2021 01: +0,1628726400
0.605,333,Aug 13 2021 01: +0,1628812800
0.6,308,Aug 14 2021 01: +0,1628899200
0.595,390,Aug 15 2021 01: +0,1628985600
0.57,330,Aug 16 2021 01: +0,1629072000
0.567,324,Aug 17 2021 01: +0,1629158400
0.533,338,Aug 18 2021 01: +0,1629244800
0.541,341,Aug 19 2021 01: +0,1629331200
0.556,368,Aug 20 2021 01: +0,1629417600
0.559,374,Aug 21 2021 01: +0,1629504000
0.555,351,Aug 22 2021 01: +0,1629590400
0.571,329,Aug 23 2021 01: +0,1629676800
0.561,378,Aug 24 2021 01: +0,1629763200
0.579,381,Aug 25 2021 01: +0,1629849600
0.554,292,Aug 26 2021 01: +0,1629936000
0.56,322,Aug 27 2021 01: +0,1630022400
0.584,414,Aug 28 2021 01: +0,1630108800
0.588,335,Aug 29 2021 01: +0,1630195200
0.563,404,Aug 30 2021 01: +0,1630281600
0.577,369,Aug 31 2021 01: +0,1630368000
0.571,327,Sep 01 2021 01: +0,1630454400
0.577,291,Sep 02 2021 01: +0,1630540800
0.591,376,Sep 03 2021 01: +0,1630627200
0.604,433,Sep 04 2021 01: +0,1630713600
0.621,371,Sep 05 2021 01: +0,1630800000
0.619,329,Sep 06 2021 01: +0,1630886400
0.604,276,Sep 07 2021 01: +0,1630972800
0.582,290,Sep 08 2021 01: +0,1631059200
0.589,334,Sep 09 2021 01: +0,1631145600
0.577,448,Sep 10 2021 01: +0,1631232000
0.582,481,Sep 11 2021 01: +0,1631318400
0.582,433,Sep 12 2021 01: +0,1631404800
0.577,334,Sep 13 2021 01: +0,1631491200
0.583,391,Sep 14 2021 01: +0,1631577600
0.588,317,Sep 15 2021 01: +0,1631664000
0.57,517,Sep 16 2021 01: +0,1631750400
0.563,347,Sep 17 2021 01: +0,1631836800
0.577,431,Sep 18 2021 01: +0,1631923200
0.578,360,Sep 19 2021 01: +0,1632009600
0.582,294,Sep 20 2021 01: +0,1632096000
0.583,340,Sep 21 2021 01: +0,1632182400
0.505,726,Sep 22 2021 01: +0,1632268800
0.453,339,Sep 23 2021 01: +0,1632355200
0.454,502,Sep 24 2021 01: +0,1632441600
0.46,386,Sep 25 2021 01: +0,1632528000
0.453,466,Sep 26 2021 01: +0,1632614400
0.446,351,Sep 27 2021 01: +0,1632700800
0.452,281,Sep 28 2021 01: +0,1632787200
0.439,536,Sep 29 2021 01: +0,1632873600
0.442,378,Sep 30 2021 01: +0,1632960000
0.443,432,Oct 01 2021 01: +0,1633046400
0.45,444,Oct 02 2021 01: +0,1633132800
0.471,440,Oct 03 2021 01: +0,1633219200
0.466,396,Oct 04 2021 01: +0,1633305600
0.475,333,Oct 05 2021 01: +0,1633392000
0.465,368,Oct 06 2021 01: +0,1633478400
0.485,364,Oct 07 2021 01: +0,1633564800
0.488,691,Oct 08 2021 01: +0,1633651200
0.484,407,Oct 09 2021 01: +0,1633737600
0.457,394,Oct 10 2021 01: +0,1633824000
0.467,542,Oct 11 2021 01: +0,1633910400
0.462,408,Oct 12 2021 01: +0,1633996800
0.473,429,Oct 13 2021 01: +0,1634083200
0.459,422,Oct 14 2021 01: +0,1634169600
0.462,365,Oct 15 2021 01: +0,1634256000
0.483,440,Oct 16 2021 01: +0,1634342400
0.481,408,Oct 17 2021 01: +0,1634428800
0.478,372,Oct 18 2021 01: +0,1634515200
0.483,388,Oct 19 2021 01: +0,1634601600
0.496,343,Oct 20 2021 01: +0,1634688000
0.493,325,Oct 21 2021 01: +0,1634774400
0.425,510,Oct 22 2021 01: +0,1634860800
0.415,413,Oct 23 2021 01: +0,1634947200
0.432,390,Oct 24 2021 01: +0,1635033600
0.422,329,Oct 25 2021 01: +0,1635120000
0.43,417,Oct 26 2021 01: +0,1635206400
0.427,361,Oct 27 2021 01: +0,1635292800
0.426,415,Oct 28 2021 01: +0,1635379200
0.414,432,Oct 29 2021 01: +0,1635465600
0.408,397,Oct 30 2021 01: +0,1635552000
0.409,396,Oct 31 2021 01: +0,1635638400
0.414,375,Nov 01 2021 01: +0,1635728400
0.413,331,Nov 02 2021 01: +0,1635814800
0.403,360,Nov 03 2021 01: +0,1635901200
0.411,441,Nov 04 2021 01: +0,1635987600
0.419,680,Nov 05 2021 01: +0,1636074000
0.439,481,Nov 06 2021 01: +0,1636160400
0.426,316,Nov 07 2021 01: +0,1636246800
0.419,397,Nov 08 2021 01: +0,1636333200
0.444,476,Nov 09 2021 01: +0,1636419600
0.412,452,Nov 10 2021 01: +0,1636506000
0.428,384,Nov 11 2021 01: +0,1636592400
0.427,401,Nov 12 2021 01: +0,1636678800
0.409,396,Nov 13 2021 01: +0,1636765200
0.452,547,Nov 14 2021 01: +0,1636851600
0.434,416,Nov 15 2021 01: +0,1636938000
0.432,387,Nov 16 2021 01: +0,1637024400
0.43,426,Nov 17 2021 01: +0,1637110800
0.437,373,Nov 18 2021 01: +0,1637197200
0.43,444,Nov 19 2021 01: +0,1637283600
0.44,493,Nov 20 2021 01: +0,1637370000
0.44,506,Nov 21 2021 01: +0,1637456400
0.443,403,Nov 22 2021 01: +0,1637542800
0.427,379,Nov 23 2021 01: +0,1637629200
0.432,430,Nov 24 2021 01: +0,1637715600
0.415,446,Nov 25 2021 01: +0,1637802000
0.421,502,Nov 26 2021 01: +0,1637888400
0.417,449,Nov 27 2021 01: +0,1637974800
0.409,490,Nov 28 2021 01: +0,1638061200
0.411,371,Nov 29 2021 01: +0,1638147600
0.4,449,Nov 30 2021 01: +0,1638234000
0.371,431,Dec 01 2021 01: +0,1638320400
0.383,392,Dec 02 2021 01: +0,1638406800
0.405,313,Dec 03 2021 01: +0,1638493200
0.403,344,Dec 04 2021 01: +0,1638579600
0.414,349,Dec 05 2021 01: +0,1638666000
0.421,316,Dec 06 2021 01: +0,1638752400
0.416,285,Dec 07 2021 01: +0,1638838800
0.399,320,Dec 08 2021 01: +0,1638925200
0.413,265,Dec 09 2021 01: +0,1639011600
0.428,418,Dec 10 2021 01: +0,1639098000
0.438,335,Dec 11 2021 01: +0,1639184400
0.43,291,Dec 12 2021 01: +0,1639270800
0.425,332,Dec 13 2021 01: +0,1639357200
0.426,224,Dec 14 2021 01: +0,1639443600
0.419,279,Dec 15 2021 01: +0,1639530000
0.418,293,Dec 16 2021 01: +0,1639616400
0.402,242,Dec 17 2021 01: +0,1639702800
0.391,458,Dec 18 2021 01: +0,1639789200
0.4,288,Dec 19 2021 01: +0,1639875600
0.381,227,Dec 20 2021 01: +0,1639962000
0.393,210,Dec 21 2021 01: +0,1640048400
0.401,253,Dec 22 2021 01: +0,1640134800
0.387,345,Dec 23 2021 01: +0,1640221200
0.398,310,Dec 24 2021 01: +0,1640307600
0.414,396,Dec 25 2021 01: +0,1640394000
0.416,352,Dec 26 2021 01: +0,1640480400
0.415,328,Dec 27 2021 01: +0,1640566800
0.406,346,Dec 28 2021 01: +0,1640653200
0.406,416,Dec 29 2021 01: +0,1640739600
0.443,427,Dec 30 2021 01: +0,1640826000
0.452,378,Dec 31 2021 01: +0,1640912400
0.432,378,Jan 01 2022 01: +0,1640998800
0.46,882,Jan 02 2022 01: +0,1641085200
0.53,1112,Jan 03 2022 01: +0,1641171600
0.532,582,Jan 04 2022 01: +0,1641258000
0.529,622,Jan 05 2022 01: +0,1641344400
0.528,669,Jan 06 2022 01: +0,1641430800
0.524,494,Jan 07 2022 01: +0,1641517200
0.53,394,Jan 08 2022 01: +0,1641603600
0.536,438,Jan 09 2022 01: +0,1641690000
0.564,504,Jan 10 2022 01: +0,1641776400
0.565,331,Jan 11 2022 01: +0,1641862800
0.568,286,Jan 12 2022 01: +0,1641949200
0.573,349,Jan 13 2022 01: +0,1642035600
0.588,463,Jan 14 2022 01: +0,1642122000
0.534,352,Jan 15 2022 01: +0,1642208400
0.544,373,Jan 16 2022 01: +0,1642294800
0.546,329,Jan 17 2022 01: +0,1642381200
0.566,362,Jan 18 2022 01: +0,1642467600
0.561,387,Jan 19 2022 01: +0,1642554000
0.588,481,Jan 20 2022 01: +0,1642640400
0.582,468,Jan 21 2022 01: +0,1642726800
0.582,565,Jan 22 2022 01: +0,1642813200
0.57,525,Jan 23 2022 01: +0,1642899600
0.566,487,Jan 24 2022 01: +0,1642986000
0.556,495,Jan 25 2022 01: +0,1643072400
0.552,386,Jan 26 2022 01: +0,1643158800
0.571,532,Jan 27 2022 01: +0,1643245200
0.536,496,Jan 28 2022 01: +0,1643331600
0.549,525,Jan 29 2022 01: +0,1643418000
0.504,571,Jan 30 2022 01: +0,1643504400
0.516,470,Jan 31 2022 01: +0,1643590800
0.529,434,Feb 01 2022 01: +0,1643677200
0.522,492,Feb 02 2022 01: +0,1643763600
0.526,447,Feb 03 2022 01: +0,1643850000
0.508,478,Feb 04 2022 01: +0,1643936400
0.513,573,Feb 05 2022 01: +0,1644022800
0.538,548,Feb 06 2022 01: +0,1644109200
0.53,418,Feb 07 2022 01: +0,1644195600
0.519,439,Feb 08 2022 01: +0,1644282000
0.542,709,Feb 09 2022 01: +0,1644368400
0.533,418,Feb 10 2022 01: +0,1644454800
0.544,435,Feb 11 2022 01: +0,1644541200
0.534,443,Feb 12 2022 01: +0,1644627600
0.539,478,Feb 13 2022 01: +0,1644714000
0.522,494,Feb 14 2022 01: +0,1644800400
0.525,392,Feb 15 2022 01: +0,1644886800
0.52,429,Feb 16 2022 01: +0,1644973200
0.529,508,Feb 17 2022 01: +0,1645059600
0.523,565,Feb 18 2022 01: +0,1645146000
0.53,429,Feb 19 2022 01: +0,1645232400
0.517,544,Feb 20 2022 01: +0,1645318800
0.537,482,Feb 21 2022 01: +0,1645405200
0.531,445,Feb 22 2022 01: +0,1645491600
0.522,486,Feb 23 2022 01: +0,1645578000
0.521,485,Feb 24 2022 01: +0,1645664400
0.533,569,Feb 25 2022 01: +0,1645750800
0.52,500,Feb 26 2022 01: +0,1645837200
0.527,524,Feb 27 2022 01: +0,1645923600
0.535,403,Feb 28 2022 01: +0,1646010000
0.529,477,Mar 01 2022 01: +0,1646096400
0.545,467,Mar 02 2022 01: +0,1646182800
0.542,395,Mar 03 2022 01: +0,1646269200
0.546,481,Mar 04 2022 01: +0,1646355600
0.528,595,Mar 05 2022 01: +0,1646442000
0.547,494,Mar 06 2022 01: +0,1646528400
0.548,510,Mar 07 2022 01: +0,1646614800
0.523,538,Mar 08 2022 01: +0,1646701200
0.528,553,Mar 09 2022 01: +0,1646787600
0.52,427,Mar 10 2022 01: +0,1646874000
0.53,443,Mar 11 2022 01: +0,1646960400
0.543,655,Mar 12 2022 01: +0,1647046800
0.536,495,Mar 13 2022 01: +0,1647133200
0.535,445,Mar 14 2022 01: +0,1647219600
0.535,401,Mar 15 2022 01: +0,1647306000
0.521,403,Mar 16 2022 01: +0,1647392400
0.526,384,Mar 17 2022 01: +0,1647478800
0.525,434,Mar 18 2022 01: +0,1647565200
0.55,547,Mar 19 2022 01: +0,1647651600
0.541,485,Mar 20 2022 01: +0,1647738000
0.539,428,Mar 21 2022 01: +0,1647824400
0.542,561,Mar 22 2022 01: +0,1647910800
0.557,447,Mar 23 2022 01: +0,1647997200
0.559,483,Mar 24 2022 01: +0,1648083600
0.556,463,Mar 25 2022 01: +0,1648170000
0.57,442,Mar 26 2022 01: +0,1648256400
0.566,533,Mar 27 2022 01: +0,1648342800
0.557,388,Mar 28 2022 01: +0,1648425600
0.557,505,Mar 29 2022 01: +0,1648512000
0.579,442,Mar 30 2022 01: +0,1648598400
0.589,468,Mar 31 2022 01: +0,1648684800
0.587,509,Apr 01 2022 01: +0,1648771200
0.625,771,Apr 02 2022 01: +0,1648857600
0.613,501,Apr 03 2022 01: +0,1648944000
0.61,460,Apr 04 2022 01: +0,1649030400
0.599,391,Apr 05 2022 01: +0,1649116800
0.592,428,Apr 06 2022 01: +0,1649203200
0.583,433,Apr 07 2022 01: +0,1649289600
0.588,474,Apr 08 2022 01: +0,1649376000
0.593,553,Apr 09 2022 01: +0,1649462400
0.584,492,Apr 10 2022 01: +0,1649548800
0.655,1124,Apr 11 2022 01: +0,1649635200
0.658,519,Apr 12 2022 01: +0,1649721600
0.642,433,Apr 13 2022 01: +0,1649808000
0.631,476,Apr 14 2022 01: +0,1649894400
0.639,470,Apr 15 2022 01: +0,1649980800
0.621,421,Apr 16 2022 01: +0,1650067200
0.609,412,Apr 17 2022 01: +0,1650153600
0.624,548,Apr 18 2022 01: +0,1650240000
0.619,383,Apr 19 2022 01: +0,1650326400
0.6,288,Apr 20 2022 01: +0,1650412800
0.548,286,Apr 21 2022 01: +0,1650499200
0.563,358,Apr 22 2022 01: +0,1650585600
0.574,439,Apr 23 2022 01: +0,1650672000
0.586,410,Apr 24 2022 01: +0,1650758400
0.58,320,Apr 25 2022 01: +0,1650844800
0.587,493,Apr 26 2022 01: +0,1650931200
0.595,457,Apr 27 2022 01: +0,1651017600
0.604,330,Apr 28 2022 01: +0,1651104000
0.612,445,Apr 29 2022 01: +0,1651190400
0.643,581,Apr 30 2022 01: +0,1651276800
0.634,425,May 01 2022 01: +0,1651363200
0.632,365,May 02 2022 01: +0,1651449600
0.628,327,May 03 2022 01: +0,1651536000
0.586,651,May 04 2022 01: +0,1651622400
0.573,440,May 05 2022 01: +0,1651708800
0.576,485,May 06 2022 01: +0,1651795200
0.561,365,May 07 2022 01: +0,1651881600
0.576,344,May 08 2022 01: +0,1651968000
0.581,401,May 09 2022 01: +0,1652054400
0.573,395,May 10 2022 01: +0,1652140800
0.572,399,May 11 2022 01: +0,1652227200
0.57,302,May 12 2022 01: +0,1652313600
0.589,336,May 13 2022 01: +0,1652400000
0.577,338,May 14 2022 01: +0,1652486400
0.577,283,May 15 2022 01: +0,1652572800
0.565,296,May 16 2022 01: +0,1652659200
0.555,346,May 17 2022 01: +0,1652745600
0.549,318,May 18 2022 01: +0,1652832000
0.516,277,May 19 2022 01: +0,1652918400
0.504,361,May 20 2022 01: +0,1653004800
0.532,350,May 21 2022 01: +0,1653091200
0.542,360,May 22 2022 01: +0,1653177600
0.532,329,May 23 2022 01: +0,1653264000
0.537,406,May 24 2022 01: +0,1653350400
0.551,326,May 25 2022 01: +0,1653436800
0.553,332,May 26 2022 01: +0,1653523200
0.52,368,May 27 2022 01: +0,1653609600
0.529,349,May 28 2022 01: +0,1653696000
0.512,358,May 29 2022 01: +0,1653782400
0.52,392,May 30 2022 01: +0,1653868800
0.533,348,May 31 2022 01: +0,1653955200
0.54,345,Jun 01 2022 01: +0,1654041600
0.557,384,Jun 02 2022 01: +0,1654128000
0.498,458,Jun 03 2022 01: +0,1654214400
0.489,442,Jun 04 2022 01: +0,1654300800
0.495,704,Jun 05 2022 01: +0,1654387200
0.513,315,Jun 06 2022 01: +0,1654473600
0.501,303,Jun 07 2022 01: +0,1654560000
0.488,334,Jun 08 2022 01: +0,1654646400
0.496,310,Jun 09 2022 01: +0,1654732800
0.493,271,Jun 10 2022 01: +0,1654819200
0.493,293,Jun 11 2022 01: +0,1654905600
0.466,333,Jun 12 2022 01: +0,1654992000
0.478,286,Jun 13 2022 01: +0,1655078400
0.486,278,Jun 14 2022 01: +0,1655164800
0.484,327,Jun 15 2022 01: +0,1655251200
0.498,422,Jun 16 2022 01: +0,1655337600
0.479,279,Jun 17 2022 01: +0,1655424000
0.475,254,Jun 18 2022 01: +0,1655510400
0.473,265,Jun 19 2022 01: +0,1655596800
0.479,332,Jun 20 2022 01: +0,1655683200
0.473,320,Jun 21 2022 01: +0,1655769600
0.464,307,Jun 22 2022 01: +0,1655856000
0.465,284,Jun 23 2022 01: +0,1655942400
0.457,305,Jun 24 2022 01: +0,1656028800
0.451,458,Jun 25 2022 01: +0,1656115200
0.453,376,Jun 26 2022 01: +0,1656201600
0.448,330,Jun 27 2022 01: +0,1656288000
0.458,304,Jun 28 2022 01: +0,1656374400
0.461,291,Jun 29 2022 01: +0,1656460800
0.46,340,Jun 30 2022 01: +0,1656547200
0.459,297,Jul 01 2022 01: +0,1656633600
0.485,437,Jul 02 2022 01: +0,1656720000
0.474,398,Jul 03 2022 01: +0,1656806400
0.485,389,Jul 04 2022 01: +0,1656892800
0.483,427,Jul 05 2022 01: +0,1656979200
0.479,399,Jul 06 2022 01: +0,1657065600
0.48,440,Jul 07 2022 01: +0,1657152000
0.488,436,Jul 08 2022 01: +0,1657238400
0.481,405,Jul 09 2022 01: +0,1657324800
0.505,497,Jul 10 2022 01: +0,1657411200
0.497,362,Jul 11 2022 01: +0,1657497600
0.5,318,Jul 12 2022 01: +0,1657584000
0.512,273,Jul 13 2022 01: +0,1657670400
0.485,338,Jul 14 2022 01: +0,1657756800
0.493,412,Jul 15 2022 01: +0,1657843200
0.495,384,Jul 16 2022 01: +0,1657929600
0.497,344,Jul 17 2022 01: +0,1658016000
0.523,372,Jul 18 2022 01: +0,1658102400
0.512,384,Jul 19 2022 01: +0,1658188800
0.52,257,Jul 20 2022 01: +0,1658275200
0.513,716,Jul 21 2022 01: +0,1658361600
0.511,365,Jul 22 2022 01: +0,1658448000
0.543,419,Jul 23 2022 01: +0,1658534400
0.553,334,Jul 24 2022 01: +0,1658620800
0.536,303,Jul 25 2022 01: +0,1658707200
0.522,346,Jul 26 2022 01: +0,1658793600
0.518,331,Jul 27 2022 01: +0,1658880000
0.51,371,Jul 28 2022 01: +0,1658966400
0.513,321,Jul 29 2022 01: +0,1659052800
0.516,409,Jul 30 2022 01: +0,1659139200
0.517,402,Jul 31 2022 01: +0,1659225600
0.514,377,Aug 01 2022 01: +0,1659312000
0.525,347,Aug 02 2022 01: +0,1659398400
0.541,371,Aug 03 2022 01: +0,1659484800
0.534,345,Aug 04 2022 01: +0,1659571200
0.535,317,Aug 05 2022 01: +0,1659657600
0.537,340,Aug 06 2022 01: +0,1659744000
0.54,392,Aug 07 2022 01: +0,1659830400
0.547,397,Aug 08 2022 01: +0,1659916800
0.572,249,Aug 09 2022 01: +0,1660003200
0.565,584,Aug 10 2022 01: +0,1660089600
0.561,505,Aug 11 2022 01: +0,1660176000
0.563,495,Aug 12 2022 01: +0,1660262400
0.586,491,Aug 13 2022 01: +0,1660348800
0.596,669,Aug 14 2022 01: +0,1660435200
0.607,608,Aug 15 2022 01: +0,1660521600
0.61,512,Aug 16 2022 01: +0,1660608000
0.552,628,Aug 17 2022 01: +0,1660694400
0.56,425,Aug 18 2022 01: +0,1660780800
0.564,406,Aug 19 2022 01: +0,1660867200
0.578,478,Aug 20 2022 01: +0,1660953600
0.577,375,Aug 21 2022 01: +0,1661040000
0.554,398,Aug 22 2022 01: +0,1661126400
0.55,413,Aug 23 2022 01: +0,1661212800
0.544,480,Aug 24 2022 01: +0,1661299200
0.544,363,Aug 25 2022 01: +0,1661385600
0.527,420,Aug 26 2022 01: +0,1661472000
0.535,461,Aug 27 2022 01: +0,1661558400
0.534,435,Aug 28 2022 01: +0,1661644800
0.527,466,Aug 29 2022 01: +0,1661731200
0.52,397,Aug 30 2022 01: +0,1661817600
0.522,399,Aug 31 2022 01: +0,1661904000
0.53,509,Sep 01 2022 01: +0,1661990400
0.495,672,Sep 02 2022 01: +0,1662076800
0.519,569,Sep 03 2022 01: +0,1662163200
0.523,508,Sep 04 2022 01: +0,1662249600
0.511,438,Sep 05 2022 01: +0,1662336000
0.511,733,Sep 06 2022 01: +0,1662422400
0.491,488,Sep 07 2022 01: +0,1662508800
0.498,463,Sep 08 2022 01: +0,1662595200
0.493,454,Sep 09 2022 01: +0,1662681600
0.507,562,Sep 10 2022 01: +0,1662768000
0.523,519,Sep 11 2022 01: +0,1662854400
0.523,469,Sep 12 2022 01: +0,1662940800
0.541,435,Sep 13 2022 01: +0,1663027200
0.521,523,Sep 14 2022 01: +0,1663113600
0.529,446,Sep 15 2022 01: +0,1663200000
0.525,461,Sep 16 2022 01: +0,1663286400
0.516,548,Sep 17 2022 01: +0,1663372800
0.528,562,Sep 18 2022 01: +0,1663459200
0.505,406,Sep 19 2022 01: +0,1663545600
0.511,404,Sep 20 2022 01: +0,1663632000
0.497,750,Sep 21 2022 01: +0,1663718400
0.509,400,Sep 22 2022 01: +0,1663804800
0.514,531,Sep 23 2022 01: +0,1663891200
0.528,493,Sep 24 2022 01: +0,1663977600
0.51,447,Sep 25 2022 01: +0,1664064000
0.523,393,Sep 26 2022 01: +0,1664150400
0.523,470,Sep 27 2022 01: +0,1664236800
0.541,482,Sep 28 2022 01: +0,1664323200
0.51,460,Sep 29 2022 01: +0,1664409600
0.529,490,Sep 30 2022 01: +0,1664496000
0.521,523,Oct 01 2022 01: +0,1664582400
0.512,602,Oct 02 2022 01: +0,1664668800
0.519,357,Oct 03 2022 01: +0,1664755200
0.526,399,Oct 04 2022 01: +0,1664841600
0.524,385,Oct 05 2022 01: +0,1664928000
0.541,453,Oct 06 2022 01: +0,1665014400
0.529,529,Oct 07 2022 01: +0,1665100800
0.522,444,Oct 08 2022 01: +0,1665187200
0.532,421,Oct 09 2022 01: +0,1665273600
0.513,442,Oct 10 2022 01: +0,1665360000
0.53,420,Oct 11 2022 01: +0,1665446400
0.499,372,Oct 12 2022 01: +0,1665532800
0.516,473,Oct 13 2022 01: +0,1665619200
0.508,341,Oct 14 2022 01: +0,1665705600
0.55,582,Oct 15 2022 01: +0,1665792000
0.55,460,Oct 16 2022 01: +0,1665878400
0.551,416,Oct 17 2022 01: +0,1665964800
0.542,430,Oct 18 2022 01: +0,1666051200
0.556,369,Oct 19 2022 01: +0,1666137600
0.566,482,Oct 20 2022 01: +0,1666224000
0.543,457,Oct 21 2022 01: +0,1666310400
0.536,558,Oct 22 2022 01: +0,1666396800
0.563,718,Oct 23 2022 01: +0,1666483200
0.565,299,Oct 24 2022 01: +0,1666569600
0.569,272,Oct 25 2022 01: +0,1666656000
0.556,266,Oct 26 2022 01: +0,1666742400
0.557,326,Oct 27 2022 01: +0,1666828800
0.559,343,Oct 28 2022 01: +0,1666915200
0.551,333,Oct 29 2022 01: +0,1667001600
0.547,431,Oct 30 2022 01: +0,1667088000
0.53,396,Oct 31 2022 01: +0,1667178000
0.553,405,Nov 01 2022 01: +0,1667264400
0.571,384,Nov 02 2022 01: +0,1667350800
0.584,338,Nov 03 2022 01: +0,1667437200
0.576,406,Nov 04 2022 01: +0,1667523600
0.572,462,Nov 05 2022 01: +0,1667610000
0.599,707,Nov 06 2022 01: +0,1667696400
0.869,1405,Nov 07 2022 01: +0,1667782800
0.766,471,Nov 08 2022 01: +0,1667869200
0.733,284,Nov 09 2022 01: +0,1667955600
0.702,366,Nov 10 2022 01: +0,1668042000
0.735,326,Nov 11 2022 01: +0,1668128400
0.728,301,Nov 12 2022 01: +0,1668214800
0.713,432,Nov 13 2022 01: +0,1668301200
0.687,362,Nov 14 2022 01: +0,1668387600
0.693,310,Nov 15 2022 01: +0,1668474000
0.662,255,Nov 16 2022 01: +0,1668560400
0.635,269,Nov 17 2022 01: +0,1668646800
0.606,330,Nov 18 2022 01: +0,1668733200
0.589,459,Nov 19 2022 01: +0,1668819600
0.593,327,Nov 20 2022 01: +0,1668906000
0.596,351,Nov 21 2022 01: +0,1668992400
0.584,308,Nov 22 2022 01: +0,1669078800
0.564,390,Nov 23 2022 01: +0,1669165200
0.59,369,Nov 24 2022 01: +0,1669251600
0.579,404,Nov 25 2022 01: +0,1669338000
0.569,447,Nov 26 2022 01: +0,1669424400
0.559,495,Nov 27 2022 01: +0,1669510800
0.547,305,Nov 28 2022 01: +0,1669597200
0.545,281,Nov 29 2022 01: +0,1669683600
0.551,248,Nov 30 2022 01: +0,1669770000
0.551,320,Dec 01 2022 01: +0,1669856400
0.586,335,Dec 02 2022 01: +0,1669942800
0.583,392,Dec 03 2022 01: +0,1670029200
0.6,413,Dec 04 2022 01: +0,1670115600
0.598,333,Dec 05 2022 01: +0,1670202000
0.598,325,Dec 06 2022 01: +0,1670288400
0.603,281,Dec 07 2022 01: +0,1670374800
0.616,338,Dec 08 2022 01: +0,1670461200
0.62,414,Dec 09 2022 01: +0,1670547600
0.589,408,Dec 10 2022 01: +0,1670634000
0.609,322,Dec 11 2022 01: +0,1670720400
0.58,296,Dec 12 2022 01: +0,1670806800
0.602,397,Dec 13 2022 01: +0,1670893200
0.57,364,Dec 14 2022 01: +0,1670979600
0.566,247,Dec 15 2022 01: +0,1671066000
0.554,303,Dec 16 2022 01: +0,1671152400
0.566,292,Dec 17 2022 01: +0,1671238800
0.546,300,Dec 18 2022 01: +0,1671325200
0.547,254,Dec 19 2022 01: +0,1671411600
0.547,259,Dec 20 2022 01: +0,1671498000
0.541,310,Dec 21 2022 01: +0,1671584400
0.554,341,Dec 22 2022 01: +0,1671670800
0.537,480,Dec 23 2022 01: +0,1671757200
0.532,339,Dec 24 2022 01: +0,1671843600
0.539,439,Dec 25 2022 01: +0,1671930000
0.531,435,Dec 26 2022 01: +0,1672016400
0.533,390,Dec 27 2022 01: +0,1672102800
0.53,317,Dec 28 2022 01: +0,1672189200
0.526,357,Dec 29 2022 01: +0,1672275600
0.52,388,Dec 30 2022 01: +0,1672362000
0.532,392,Dec 31 2022 01: +0,1672448400
0.531,311,Jan 01 2023 01: +0,1672534800
0.527,373,Jan 02 2023 01: +0,1672621200
0.515,346,Jan 03 2023 01: +0,1672707600
0.515,352,Jan 04 2023 01: +0,1672794000
0.532,874,Jan 05 2023 01: +0,1672880400
0.539,393,Jan 06 2023 01: +0,1672966800
0.522,631,Jan 07 2023 01: +0,1673053200
0.543,518,Jan 08 2023 01: +0,1673139600
0.535,343,Jan 09 2023 01: +0,1673226000
0.538,363,Jan 10 2023 01: +0,1673312400
0.53,294,Jan 11 2023 01: +0,1673398800
0.553,329,Jan 12 2023 01: +0,1673485200
0.555,398,Jan 13 2023 01: +0,1673571600
0.577,498,Jan 14 2023 01: +0,1673658000
0.581,450,Jan 15 2023 01: +0,1673744400
0.56,362,Jan 16 2023 01: +0,1673830800
0.576,355,Jan 17 2023 01: +0,1673917200
0.577,408,Jan 18 2023 01: +0,1674003600
0.586,297,Jan 19 2023 01: +0,1674090000
0.594,363,Jan 20 2023 01: +0,1674176400
0.589,500,Jan 21 2023 01: +0,1674262800
0.592,769,Jan 22 2023 01: +0,1674349200
0.592,419,Jan 23 2023 01: +0,1674435600
0.588,327,Jan 24 2023 01: +0,1674522000
0.608,362,Jan 25 2023 01: +0,1674608400
0.611,365,Jan 26 2023 01: +0,1674694800
0.616,381,Jan 27 2023 01: +0,1674781200
0.605,399,Jan 28 2023 01: +0,1674867600
0.604,422,Jan 29 2023 01: +0,1674954000
0.605,334,Jan 30 2023 01: +0,1675040400
0.613,768,Jan 31 2023 01: +0,1675126800
0.641,319,Feb 01 2023 01: +0,1675213200
0.62,325,Feb 02 2023 01: +0,1675299600
0.648,429,Feb 03 2023 01: +0,1675386000
0.602,508,Feb 04 2023 01: +0,1675472400
0.607,467,Feb 05 2023 01: +0,1675558800
0.59,453,Feb 06 2023 01: +0,1675645200
0.608,331,Feb 07 2023 01: +0,1675731600
0.601,373,Feb 08 2023 01: +0,1675818000
0.607,407,Feb 09 2023 01: +0,1675904400
0.595,586,Feb 10 2023 01: +0,1675990800
0.615,664,Feb 11 2023 01: +0,1676077200
0.623,725,Feb 12 2023 01: +0,1676163600
0.605,495,Feb 13 2023 01: +0,1676250000
0.595,444,Feb 14 2023 01: +0,1676336400
0.604,20,Feb 14 2023 22: +0,1676412000
0.625,17,Feb 14 2023 23: +0,1676415600
0.648,8,Feb 15 2023 00: +0,1676419200
0.603,8,Feb 15 2023 01: +0,1676422800
0.546,7,Feb 15 2023 02: +0,1676426400
0.645,7,Feb 15 2023 03: +0,1676430000
0.624,12,Feb 15 2023 04: +0,1676433600
0.55,2,Feb 15 2023 05: +0,1676437200
0.604,8,Feb 15 2023 06: +0,1676440800
0.593,8,Feb 15 2023 07: +0,1676444400
0.621,8,Feb 15 2023 08: +0,1676448000
0.607,7,Feb 15 2023 09: +0,1676451600
0.582,19,Feb 15 2023 10: +0,1676455200
0.602,12,Feb 15 2023 11: +0,1676458800
0.561,17,Feb 15 2023 12: +0,1676462400
0.608,24,Feb 15 2023 13: +0,1676466000
0.628,21,Feb 15 2023 14: +0,1676469600
0.622,28,Feb 15 2023 15: +0,1676473200
0.603,35,Feb 15 2023 16: +0,1676476800
0.633,37,Feb 15 2023 17: +0,1676480400
0.633,39,Feb 15 2023 18: +0,1676484000
0.63,39,Feb 15 2023 19: +0,1676487600
0.612,24,Feb 15 2023 20: +0,1676491200
0.621,30,Feb 15 2023 21: +0,1676494800
0.61,19,Feb 15 2023 22: +0,1676498400
0.61,21,Feb 15 2023 23: +0,1676502000
0.587,29,Feb 16 2023 00: +0,1676505600
0.629,14,Feb 16 2023 01: +0,1676509200
0.605,4,Feb 16 2023 02: +0,1676512800
0.645,11,Feb 16 2023 03: +0,1676516400
0.637,11,Feb 16 2023 04: +0,1676520000
0.62,9,Feb 16 2023 05: +0,1676523600
0.631,5,Feb 16 2023 06: +0,1676527200
0.631,17,Feb 16 2023 07: +0,1676530800
0.637,6,Feb 16 2023 08: +0,1676534400
0.64,13,Feb 16 2023 09: +0,1676538000
0.645,28,Feb 16 2023 10: +0,1676541600
0.64,15,Feb 16 2023 11: +0,1676545200
0.649,30,Feb 16 2023 12: +0,1676548800
0.609,28,Feb 16 2023 13: +0,1676552400
0.578,39,Feb 16 2023 14: +0,1676556000
0.612,39,Feb 16 2023 15: +0,1676559600
0.628,25,Feb 16 2023 16: +0,1676563200
0.628,50,Feb 16 2023 17: +0,1676566800
0.642,24,Feb 16 2023 18: +0,1676570400
0.641,27,Feb 16 2023 19: +0,1676574000
0.62,37,Feb 16 2023 20: +0,1676577600
0.625,32,Feb 16 2023 21: +0,1676581200
0.64,40,Feb 16 2023 22: +0,1676584800
0.586,15,Feb 16 2023 23: +0,1676588400
0.626,30,Feb 17 2023 00: +0,1676592000
0.587,6,Feb 17 2023 01: +0,1676595600
0.602,8,Feb 17 2023 02: +0,1676599200
0.561,10,Feb 17 2023 03: +0,1676602800
0.62,5,Feb 17 2023 04: +0,1676606400
0.629,7,Feb 17 2023 05: +0,1676610000
0.638,12,Feb 17 2023 06: +0,1676613600
0.646,17,Feb 17 2023 07: +0,1676617200
0.572,9,Feb 17 2023 08: +0,1676620800
0.538,22,Feb 17 2023 09: +0,1676624400
0.619,16,Feb 17 2023 10: +0,1676628000
0.628,12,Feb 17 2023 11: +0,1676631600
0.637,22,Feb 17 2023 12: +0,1676635200
0.626,18,Feb 17 2023 13: +0,1676638800
0.582,31,Feb 17 2023 14: +0,1676642400
0.579,27,Feb 17 2023 15: +0,1676646000
0.644,145,Feb 17 2023 16: +0,1676649600
0.608,37,Feb 17 2023 17: +0,1676653200
0.642,31,Feb 17 2023 18: +0,1676656800
0.586,44,Feb 17 2023 19: +0,1676660400
0.582,37,Feb 17 2023 20: +0,1676664000
0.609,45,Feb 17 2023 21: +0,1676667600
0.571,96,Feb 17 2023 22: +0,1676671200
0.571,69,Feb 17 2023 23: +0,1676674800
0.634,13,Feb 18 2023 00: +0,1676678400
0.616,17,Feb 18 2023 01: +0,1676682000
0.627,11,Feb 18 2023 02: +0,1676685600
0.634,17,Feb 18 2023 03: +0,1676689200
0.603,11,Feb 18 2023 04: +0,1676692800
0.608,14,Feb 18 2023 05: +0,1676696400
0.632,25,Feb 18 2023 06: +0,1676700000
0.645,36,Feb 18 2023 07: +0,1676703600
0.546,14,Feb 18 2023 08: +0,1676707200
0.622,19,Feb 18 2023 09: +0,1676710800
0.636,31,Feb 18 2023 10: +0,1676714400
0.638,44,Feb 18 2023 11: +0,1676718000
0.577,22,Feb 18 2023 12: +0,1676721600
0.634,28,Feb 18 2023 13: +0,1676725200
0.6,32,Feb 18 2023 14: +0,1676728800
0.604,27,Feb 18 2023 15: +0,1676732400
0.623,27,Feb 18 2023 16: +0,1676736000
0.643,28,Feb 18 2023 17: +0,1676739600
0.579,62,Feb 18 2023 18: +0,1676743200
0.643,69,Feb 18 2023 19: +0,1676746800
0.635,50,Feb 18 2023 20: +0,1676750400
0.643,47,Feb 18 2023 21: +0,1676754000
0.643,45,Feb 18 2023 22: +0,1676757600
0.645,45,Feb 18 2023 23: +0,1676761200
0.611,32,Feb 19 2023 00: +0,1676764800
0.634,28,Feb 19 2023 01: +0,1676768400
0.629,12,Feb 19 2023 02: +0,1676772000
0.645,14,Feb 19 2023 03: +0,1676775600
0.605,13,Feb 19 2023 04: +0,1676779200
0.646,16,Feb 19 2023 05: +0,1676782800
0.657,11,Feb 19 2023 06: +0,1676786400
0.633,20,Feb 19 2023 07: +0,1676790000
0.634,23,Feb 19 2023 08: +0,1676793600
0.651,19,Feb 19 2023 09: +0,1676797200
0.625,20,Feb 19 2023 10: +0,1676800800
0.637,23,Feb 19 2023 11: +0,1676804400
0.609,20,Feb 19 2023 12: +0,1676808000
0.616,37,Feb 19 2023 13: +0,1676811600
0.628,31,Feb 19 2023 14: +0,1676815200
0.62,29,Feb 19 2023 15: +0,1676818800
0.607,37,Feb 19 2023 16: +0,1676822400
0.634,38,Feb 19 2023 17: +0,1676826000
0.651,25,Feb 19 2023 18: +0,1676829600
0.645,51,Feb 19 2023 19: +0,1676833200
0.646,44,Feb 19 2023 20: +0,1676836800
0.634,38,Feb 19 2023 21: +0,1676840400
0.587,16,Feb 19 2023 22: +0,1676844000
0.599,20,Feb 19 2023 23: +0,1676847600
0.607,15,Feb 20 2023 00: +0,1676851200
0.62,12,Feb 20 2023 01: +0,1676854800
0.566,7,Feb 20 2023 02: +0,1676858400
0.579,6,Feb 20 2023 03: +0,1676862000
0.612,8,Feb 20 2023 04: +0,1676865600
0.648,2,Feb 20 2023 05: +0,1676869200
0.657,12,Feb 20 2023 06: +0,1676872800
0.636,5,Feb 20 2023 07: +0,1676876400
0.567,9,Feb 20 2023 08: +0,1676880000
0.567,9,Feb 20 2023 09: +0,1676883600
0.592,16,Feb 20 2023 10: +0,1676887200
0.66,22,Feb 20 2023 11: +0,1676890800
0.619,14,Feb 20 2023 12: +0,1676894400
0.635,22,Feb 20 2023 13: +0,1676898000
0.586,27,Feb 20 2023 14: +0,1676901600
0.607,17,Feb 20 2023 15: +0,1676905200
0.652,27,Feb 20 2023 16: +0,1676908800
0.619,18,Feb 20 2023 17: +0,1676912400
0.639,20,Feb 20 2023 18: +0,1676916000
0.616,30,Feb 20 2023 19: +0,1676919600
0.623,42,Feb 20 2023 20: +0,1676923200
0.608,37,Feb 20 2023 21: +0,1676926800
0.628,24,Feb 20 2023 22: +0,1676930400
0.649,25,Feb 20 2023 23: +0,1676934000
0.62,18,Feb 21 2023 00: +0,1676937600
0.612,9,Feb 21 2023 01: +0,1676941200
0.641,12,Feb 21 2023 02: +0,1676944800
0.584,12,Feb 21 2023 03: +0,1676948400
0.607,7,Feb 21 2023 04: +0,1676952000
0.575,5,Feb 21 2023 05: +0,1676955600
0.557,6,Feb 21 2023 06: +0,1676959200
0.578,6,Feb 21 2023 07: +0,1676962800
0.546,7,Feb 21 2023 08: +0,1676966400
0.598,14,Feb 21 2023 09: +0,1676970000
0.627,25,Feb 21 2023 10: +0,1676973600
0.633,16,Feb 21 2023 11: +0,1676977200
0.567,67,Feb 21 2023 12: +0,1676980800
0.61,22,Feb 21 2023 13: +0,1676984400
0.638,26,Feb 21 2023 14: +0,1676988000
0.606,25,Feb 21 2023 15: +0,1676991600
0.616,34,Feb 21 2023 16: +0,1676995200
0.631,30,Feb 21 2023 17: +0,1676998800
0.61,34,Feb 21 2023 18: +0,1677002400
0.612,47,Feb 21 2023 19: +0,1677006000
0.616,28,Feb 21 2023 20: +0,1677009600
0.577,34,Feb 21 2023 21: +0,1677013200
0.579,27,Feb 21 2023 22: +0,1677016800
0.628,18,Feb 21 2023 23: +0,1677020400
0.666,10,Feb 22 2023 00: +0,1677024000
0.66,22,Feb 22 2023 01: +0,1677027600
0.667,10,Feb 22 2023 02: +0,1677031200
0.656,10,Feb 22 2023 03: +0,1677034800
0.656,15,Feb 22 2023 04: +0,1677038400
0.606,12,Feb 22 2023 05: +0,1677042000
0.58,12,Feb 22 2023 06: +0,1677045600
0.65,10,Feb 22 2023 07: +0,1677049200
0.581,13,Feb 22 2023 08: +0,1677052800
0.651,11,Feb 22 2023 09: +0,1677056400
0.61,26,Feb 22 2023 10: +0,1677060000
0.635,16,Feb 22 2023 11: +0,1677063600
0.607,16,Feb 22 2023 12: +0,1677067200
0.614,13,Feb 22 2023 13: +0,1677070800
0.66,40,Feb 22 2023 14: +0,1677074400
0.651,27,Feb 22 2023 15: +0,1677078000
0.603,28,Feb 22 2023 16: +0,1677081600
0.607,50,Feb 22 2023 17: +0,1677085200
0.666,61,Feb 22 2023 18: +0,1677088800
0.64,46,Feb 22 2023 19: +0,1677092400
0.66,59,Feb 22 2023 20: +0,1677096000
0.661,28,Feb 22 2023 21: +0,1677099600
0.662,37,Feb 22 2023 22: +0,1677103200
0.648,29,Feb 22 2023 23: +0,1677106800
0.679,22,Feb 23 2023 00: +0,1677110400
0.609,17,Feb 23 2023 01: +0,1677114000
0.69,15,Feb 23 2023 02: +0,1677117600
0.691,3,Feb 23 2023 03: +0,1677121200
0.612,12,Feb 23 2023 04: +0,1677124800
0.589,2,Feb 23 2023 05: +0,1677128400
0.606,10,Feb 23 2023 06: +0,1677132000
0.614,13,Feb 23 2023 07: +0,1677135600
0.629,10,Feb 23 2023 08: +0,1677139200
0.615,29,Feb 23 2023 09: +0,1677142800
0.651,18,Feb 23 2023 10: +0,1677146400
0.653,13,Feb 23 2023 11: +0,1677150000
0.613,23,Feb 23 2023 12: +0,1677153600
0.621,32,Feb 23 2023 13: +0,1677157200
0.659,42,Feb 23 2023 14: +0,1677160800
0.604,21,Feb 23 2023 15: +0,1677164400
0.662,31,Feb 23 2023 16: +0,1677168000
0.639,39,Feb 23 2023 17: +0,1677171600
0.628,31,Feb 23 2023 18: +0,1677175200
0.649,29,Feb 23 2023 19: +0,1677178800
0.617,35,Feb 23 2023 20: +0,1677182400
0.587,68,Feb 23 2023 21: +0,1677186000
0.623,34,Feb 23 2023 22: +0,1677189600
0.658,34,Feb 23 2023 23: +0,1677193200
0.64,19,Feb 24 2023 00: +0,1677196800
0.691,20,Feb 24 2023 01: +0,1677200400
0.587,12,Feb 24 2023 02: +0,1677204000
0.61,7,Feb 24 2023 03: +0,1677207600
0.682,4,Feb 24 2023 04: +0,1677211200
0.659,9,Feb 24 2023 05: +0,1677214800
0.659,5,Feb 24 2023 06: +0,1677218400
0.645,10,Feb 24 2023 07: +0,1677222000
0.67,46,Feb 24 2023 08: +0,1677225600
0.695,12,Feb 24 2023 09: +0,1677229200
0.693,10,Feb 24 2023 10: +0,1677232800
0.641,10,Feb 24 2023 11: +0,1677236400
0.664,32,Feb 24 2023 12: +0,1677240000
0.631,21,Feb 24 2023 13: +0,1677243600
0.651,34,Feb 24 2023 14: +0,1677247200
0.64,27,Feb 24 2023 15: +0,1677250800
0.638,28,Feb 24 2023 16: +0,1677254400
0.632,30,Feb 24 2023 17: +0,1677258000
0.657,19,Feb 24 2023 18: +0,1677261600
0.644,32,Feb 24 2023 19: +0,1677265200
0.645,32,Feb 24 2023 20: +0,1677268800
0.645,41,Feb 24 2023 21: +0,1677272400
0.672,46,Feb 24 2023 22: +0,1677276000
0.663,35,Feb 24 2023 23: +0,1677279600
0.58,48,Feb 25 2023 00: +0,1677283200
0.674,20,Feb 25 2023 01: +0,1677286800
0.65,9,Feb 25 2023 02: +0,1677290400
0.654,15,Feb 25 2023 03: +0,1677294000
0.623,8,Feb 25 2023 04: +0,1677297600
0.611,12,Feb 25 2023 05: +0,1677301200
0.666,17,Feb 25 2023 06: +0,1677304800
0.67,17,Feb 25 2023 07: +0,1677308400
0.675,21,Feb 25 2023 08: +0,1677312000
0.662,26,Feb 25 2023 09: +0,1677315600
0.607,35,Feb 25 2023 10: +0,1677319200
0.672,34,Feb 25 2023 11: +0,1677322800
0.624,40,Feb 25 2023 12: +0,1677326400
0.672,31,Feb 25 2023 13: +0,1677330000
0.662,23,Feb 25 2023 14: +0,1677333600
0.679,40,Feb 25 2023 15: +0,1677337200
0.622,30,Feb 25 2023 16: +0,1677340800
0.667,50,Feb 25 2023 17: +0,1677344400
0.611,40,Feb 25 2023 18: +0,1677348000
0.672,49,Feb 25 2023 19: +0,1677351600
0.605,39,Feb 25 2023 20: +0,1677355200
0.656,36,Feb 25 2023 21: +0,1677358800
0.629,52,Feb 25 2023 22: +0,1677362400
0.567,41,Feb 25 2023 23: +0,1677366000
0.612,25,Feb 26 2023 00: +0,1677369600
0.624,21,Feb 26 2023 01: +0,1677373200
0.662,11,Feb 26 2023 02: +0,1677376800
0.612,13,Feb 26 2023 03: +0,1677380400
0.628,15,Feb 26 2023 04: +0,1677384000
0.576,11,Feb 26 2023 05: +0,1677387600
0.578,10,Feb 26 2023 06: +0,1677391200
0.651,7,Feb 26 2023 07: +0,1677394800
0.655,20,Feb 26 2023 08: +0,1677398400
0.611,23,Feb 26 2023 09: +0,1677402000
0.672,32,Feb 26 2023 10: +0,1677405600
0.67,37,Feb 26 2023 11: +0,1677409200
0.634,24,Feb 26 2023 12: +0,1677412800
0.654,31,Feb 26 2023 13: +0,1677416400
0.593,30,Feb 26 2023 14: +0,1677420000
0.611,36,Feb 26 2023 15: +0,1677423600
0.604,41,Feb 26 2023 16: +0,1677427200
0.642,40,Feb 26 2023 17: +0,1677430800
0.637,45,Feb 26 2023 18: +0,1677434400
0.639,46,Feb 26 2023 19: +0,1677438000
0.646,55,Feb 26 2023 20: +0,1677441600
0.652,51,Feb 26 2023 21: +0,1677445200
0.62,38,Feb 26 2023 22: +0,1677448800
0.636,24,Feb 26 2023 23: +0,1677452400
0.614,16,Feb 27 2023 00: +0,1677456000
0.649,12,Feb 27 2023 01: +0,1677459600
0.626,15,Feb 27 2023 02: +0,1677463200
0.658,14,Feb 27 2023 03: +0,1677466800
0.587,5,Feb 27 2023 04: +0,1677470400
0.587,12,Feb 27 2023 05: +0,1677474000
0.619,14,Feb 27 2023 06: +0,1677477600
0.607,17,Feb 27 2023 07: +0,1677481200
0.629,5,Feb 27 2023 08: +0,1677484800
0.635,17,Feb 27 2023 09: +0,1677488400
0.596,22,Feb 27 2023 10: +0,1677492000
0.634,18,Feb 27 2023 11: +0,1677495600
0.621,26,Feb 27 2023 12: +0,1677499200
0.637,25,Feb 27 2023 13: +0,1677502800
0.651,29,Feb 27 2023 14: +0,1677506400
0.628,30,Feb 27 2023 15: +0,1677510000
0.628,37,Feb 27 2023 16: +0,1677513600
0.637,49,Feb 27 2023 17: +0,1677517200
0.659,46,Feb 27 2023 18: +0,1677520800
0.662,51,Feb 27 2023 19: +0,1677524400
0.654,39,Feb 27 2023 20: +0,1677528000
0.645,39,Feb 27 2023 21: +0,1677531600
0.659,40,Feb 27 2023 22: +0,1677535200
0.65,24,Feb 27 2023 23: +0,1677538800
0.665,33,Feb 28 2023 00: +0,1677542400
0.655,16,Feb 28 2023 01: +0,1677546000
0.647,16,Feb 28 2023 02: +0,1677549600
0.666,19,Feb 28 2023 03: +0,1677553200
0.666,32,Feb 28 2023 04: +0,1677556800
0.666,18,Feb 28 2023 05: +0,1677560400
0.603,9,Feb 28 2023 06: +0,1677564000
0.667,14,Feb 28 2023 07: +0,1677567600
0.618,22,Feb 28 2023 08: +0,1677571200
0.656,10,Feb 28 2023 09: +0,1677574800
0.612,11,Feb 28 2023 10: +0,1677578400
0.643,9,Feb 28 2023 11: +0,1677582000
0.63,18,Feb 28 2023 12: +0,1677585600
0.612,26,Feb 28 2023 13: +0,1677589200
0.613,66,Feb 28 2023 14: +0,1677592800
0.665,34,Feb 28 2023 15: +0,1677596400
0.671,43,Feb 28 2023 16: +0,1677600000
0.665,47,Feb 28 2023 17: +0,1677603600
0.655,35,Feb 28 2023 18: +0,1677607200
0.649,50,Feb 28 2023 19: +0,1677610800
0.636,39,Feb 28 2023 20: +0,1677614400
0.665,41,Feb 28 2023 21: +0,1677618000
0.654,25,Feb 28 2023 22: +0,1677621600
0.654,26,Feb 28 2023 23: +0,1677625200
0.669,15,Mar 01 2023 00: +0,1677628800
0.668,25,Mar 01 2023 01: +0,1677632400
0.613,8,Mar 01 2023 02: +0,1677636000
0.637,15,Mar 01 2023 03: +0,1677639600
0.653,12,Mar 01 2023 04: +0,1677643200
0.67,5,Mar 01 2023 05: +0,1677646800
0.581,17,Mar 01 2023 06: +0,1677650400
0.657,11,Mar 01 2023 07: +0,1677654000
0.612,15,Mar 01 2023 08: +0,1677657600
0.613,27,Mar 01 2023 09: +0,1677661200
0.618,12,Mar 01 2023 10: +0,1677664800
0.607,15,Mar 01 2023 11: +0,1677668400
0.65,20,Mar 01 2023 12: +0,1677672000
0.648,28,Mar 01 2023 13: +0,1677675600
0.644,37,Mar 01 2023 14: +0,1677679200
0.647,32,Mar 01 2023 15: +0,1677682800
0.634,62,Mar 01 2023 16: +0,1677686400
0.662,31,Mar 01 2023 17: +0,1677690000
0.668,36,Mar 01 2023 18: +0,1677693600
0.651,38,Mar 01 2023 19: +0,1677697200
0.671,58,Mar 01 2023 20: +0,1677700800
0.661,44,Mar 01 2023 21: +0,1677704400
0.656,31,Mar 01 2023 22: +0,1677708000
0.646,21,Mar 01 2023 23: +0,1677711600
0.662,19,Mar 02 2023 00: +0,1677715200
0.65,12,Mar 02 2023 01: +0,1677718800
0.649,14,Mar 02 2023 02: +0,1677722400
0.653,19,Mar 02 2023 03: +0,1677726000
0.596,8,Mar 02 2023 04: +0,1677729600
0.658,14,Mar 02 2023 05: +0,1677733200
0.625,6,Mar 02 2023 06: +0,1677736800
0.67,12,Mar 02 2023 07: +0,1677740400
0.648,10,Mar 02 2023 08: +0,1677744000
0.624,14,Mar 02 2023 09: +0,1677747600
0.641,18,Mar 02 2023 10: +0,1677751200
0.679,35,Mar 02 2023 11: +0,1677754800
0.661,15,Mar 02 2023 12: +0,1677758400
0.688,162,Mar 02 2023 13: +0,1677762000
0.65,30,Mar 02 2023 14: +0,1677765600
0.676,57,Mar 02 2023 15: +0,1677769200
0.673,40,Mar 02 2023 16: +0,1677772800
0.688,38,Mar 02 2023 17: +0,1677776400
0.695,65,Mar 02 2023 18: +0,1677780000
0.695,46,Mar 02 2023 19: +0,1677783600
0.695,38,Mar 02 2023 20: +0,1677787200
0.688,31,Mar 02 2023 21: +0,1677790800
0.68,29,Mar 02 2023 22: +0,1677794400
0.702,24,Mar 02 2023 23: +0,1677798000
0.687,29,Mar 03 2023 00: +0,1677801600
0.675,11,Mar 03 2023 01: +0,1677805200
0.637,9,Mar 03 2023 02: +0,1677808800
0.67,26,Mar 03 2023 03: +0,1677812400
0.695,9,Mar 03 2023 04: +0,1677816000
0.687,9,Mar 03 2023 05: +0,1677819600
0.69,8,Mar 03 2023 06: +0,1677823200
0.7,6,Mar 03 2023 07: +0,1677826800
0.699,16,Mar 03 2023 08: +0,1677830400
0.694,10,Mar 03 2023 09: +0,1677834000
0.691,21,Mar 03 2023 10: +0,1677837600
0.687,20,Mar 03 2023 11: +0,1677841200
0.687,18,Mar 03 2023 12: +0,1677844800
0.695,31,Mar 03 2023 13: +0,1677848400
0.7,47,Mar 03 2023 14: +0,1677852000
0.685,38,Mar 03 2023 15: +0,1677855600
0.686,39,Mar 03 2023 16: +0,1677859200
0.702,63,Mar 03 2023 17: +0,1677862800
0.696,69,Mar 03 2023 18: +0,1677866400
0.694,49,Mar 03 2023 19: +0,1677870000
0.704,74,Mar 03 2023 20: +0,1677873600
0.698,80,Mar 03 2023 21: +0,1677877200
0.662,32,Mar 03 2023 22: +0,1677880800
0.701,32,Mar 03 2023 23: +0,1677884400
0.667,32,Mar 04 2023 00: +0,1677888000
0.658,21,Mar 04 2023 01: +0,1677891600
0.676,22,Mar 04 2023 02: +0,1677895200
0.678,21,Mar 04 2023 03: +0,1677898800
0.671,24,Mar 04 2023 04: +0,1677902400
0.672,14,Mar 04 2023 05: +0,1677906000
0.675,15,Mar 04 2023 06: +0,1677909600
0.676,12,Mar 04 2023 07: +0,1677913200
0.676,17,Mar 04 2023 08: +0,1677916800
0.667,26,Mar 04 2023 09: +0,1677920400
0.676,40,Mar 04 2023 10: +0,1677924000
0.667,45,Mar 04 2023 11: +0,1677927600
0.683,75,Mar 04 2023 12: +0,1677931200
0.676,54,Mar 04 2023 13: +0,1677934800
0.678,139,Mar 04 2023 14: +0,1677938400
0.711,58,Mar 04 2023 15: +0,1677942000
0.702,35,Mar 04 2023 16: +0,1677945600
0.678,36,Mar 04 2023 17: +0,1677949200
0.71,49,Mar 04 2023 18: +0,1677952800
0.685,40,Mar 04 2023 19: +0,1677956400
0.689,37,Mar 04 2023 20: +0,1677960000
0.711,50,Mar 04 2023 21: +0,1677963600
0.729,71,Mar 04 2023 22: +0,1677967200
0.728,31,Mar 04 2023 23: +0,1677970800
0.728,29,Mar 05 2023 00: +0,1677974400
0.736,26,Mar 05 2023 01: +0,1677978000
0.744,26,Mar 05 2023 02: +0,1677981600
0.696,12,Mar 05 2023 03: +0,1677985200
0.736,22,Mar 05 2023 04: +0,1677988800
0.72,11,Mar 05 2023 05: +0,1677992400
0.736,16,Mar 05 2023 06: +0,1677996000
0.696,14,Mar 05 2023 07: +0,1677999600
0.714,13,Mar 05 2023 08: +0,1678003200
0.688,16,Mar 05 2023 09: +0,1678006800
0.666,24,Mar 05 2023 10: +0,1678010400
0.666,48,Mar 05 2023 11: +0,1678014000
0.685,42,Mar 05 2023 12: +0,1678017600
0.689,49,Mar 05 2023 13: +0,1678021200
0.672,46,Mar 05 2023 14: +0,1678024800
0.671,43,Mar 05 2023 15: +0,1678028400
0.709,46,Mar 05 2023 16: +0,1678032000
0.707,25,Mar 05 2023 17: +0,1678035600
0.579,187,Mar 05 2023 18: +0,1678039200
0.579,169,Mar 05 2023 19: +0,1678042800
0.699,52,Mar 05 2023 20: +0,1678046400
0.744,39,Mar 05 2023 21: +0,1678050000
0.685,35,Mar 05 2023 22: +0,1678053600
0.687,34,Mar 05 2023 23: +0,1678057200
0.687,14,Mar 06 2023 00: +0,1678060800
0.658,13,Mar 06 2023 01: +0,1678064400
0.695,7,Mar 06 2023 02: +0,1678068000
0.657,4,Mar 06 2023 03: +0,1678071600
0.667,14,Mar 06 2023 04: +0,1678075200
0.703,23,Mar 06 2023 05: +0,1678078800
0.671,22,Mar 06 2023 06: +0,1678082400
0.687,11,Mar 06 2023 07: +0,1678086000
0.656,11,Mar 06 2023 08: +0,1678089600
0.671,13,Mar 06 2023 09: +0,1678093200
0.688,18,Mar 06 2023 10: +0,1678096800
0.685,19,Mar 06 2023 11: +0,1678100400
0.743,48,Mar 06 2023 12: +0,1678104000
0.697,22,Mar 06 2023 13: +0,1678107600
0.729,27,Mar 06 2023 14: +0,1678111200
0.706,36,Mar 06 2023 15: +0,1678114800
0.666,31,Mar 06 2023 16: +0,1678118400
0.676,61,Mar 06 2023 17: +0,1678122000
0.746,52,Mar 06 2023 18: +0,1678125600
0.702,61,Mar 06 2023 19: +0,1678129200
0.729,42,Mar 06 2023 20: +0,1678132800
0.688,34,Mar 06 2023 21: +0,1678136400
0.713,32,Mar 06 2023 22: +0,1678140000
0.71,21,Mar 06 2023 23: +0,1678143600
0.71,21,Mar 07 2023 00: +0,1678147200
0.728,13,Mar 07 2023 01: +0,1678150800
0.74,9,Mar 07 2023 02: +0,1678154400
0.645,10,Mar 07 2023 03: +0,1678158000
0.647,5,Mar 07 2023 04: +0,1678161600
0.701,12,Mar 07 2023 05: +0,1678165200
0.728,11,Mar 07 2023 06: +0,1678168800
0.743,11,Mar 07 2023 07: +0,1678172400
0.736,10,Mar 07 2023 08: +0,1678176000
0.675,16,Mar 07 2023 09: +0,1678179600
0.659,17,Mar 07 2023 10: +0,1678183200
0.723,10,Mar 07 2023 11: +0,1678186800
0.74,32,Mar 07 2023 12: +0,1678190400
0.732,23,Mar 07 2023 13: +0,1678194000
0.732,38,Mar 07 2023 14: +0,1678197600
0.758,41,Mar 07 2023 15: +0,1678201200
0.693,29,Mar 07 2023 16: +0,1678204800
0.766,76,Mar 07 2023 17: +0,1678208400
0.714,27,Mar 07 2023 18: +0,1678212000
0.749,43,Mar 07 2023 19: +0,1678215600
0.764,46,Mar 07 2023 20: +0,1678219200
0.658,47,Mar 07 2023 21: +0,1678222800
0.732,28,Mar 07 2023 22: +0,1678226400
0.799,31,Mar 07 2023 23: +0,1678230000
0.786,23,Mar 08 2023 00: +0,1678233600
0.8,9,Mar 08 2023 01: +0,1678237200
0.648,26,Mar 08 2023 02: +0,1678240800
0.73,10,Mar 08 2023 03: +0,1678244400
0.761,9,Mar 08 2023 04: +0,1678248000
0.733,13,Mar 08 2023 05: +0,1678251600
0.703,6,Mar 08 2023 06: +0,1678255200
0.671,16,Mar 08 2023 07: +0,1678258800
0.709,5,Mar 08 2023 08: +0,1678262400
0.753,15,Mar 08 2023 09: +0,1678266000
0.651,42,Mar 08 2023 10: +0,1678269600
0.766,17,Mar 08 2023 11: +0,1678273200
0.766,17,Mar 08 2023 12: +0,1678276800
0.703,25,Mar 08 2023 13: +0,1678280400
0.713,19,Mar 08 2023 14: +0,1678284000
0.757,29,Mar 08 2023 15: +0,1678287600
0.665,48,Mar 08 2023 16: +0,1678291200
0.707,39,Mar 08 2023 17: +0,1678294800
0.761,43,Mar 08 2023 18: +0,1678298400
0.704,27,Mar 08 2023 19: +0,1678302000
0.72,46,Mar 08 2023 20: +0,1678305600
0.748,31,Mar 08 2023 21: +0,1678309200
0.753,29,Mar 08 2023 22: +0,1678312800
0.663,19,Mar 08 2023 23: +0,1678316400
0.746,18,Mar 09 2023 00: +0,1678320000
0.714,8,Mar 09 2023 01: +0,1678323600
0.711,10,Mar 09 2023 02: +0,1678327200
0.724,3,Mar 09 2023 03: +0,1678330800
0.645,18,Mar 09 2023 04: +0,1678334400
0.736,13,Mar 09 2023 05: +0,1678338000
0.673,4,Mar 09 2023 06: +0,1678341600
0.696,6,Mar 09 2023 07: +0,1678345200
0.736,16,Mar 09 2023 08: +0,1678348800
0.713,11,Mar 09 2023 09: +0,1678352400
0.645,15,Mar 09 2023 10: +0,1678356000
0.67,30,Mar 09 2023 11: +0,1678359600
0.707,27,Mar 09 2023 12: +0,1678363200
0.692,37,Mar 09 2023 13: +0,1678366800
0.678,37,Mar 09 2023 14: +0,1678370400
0.701,32,Mar 09 2023 15: +0,1678374000
0.669,40,Mar 09 2023 16: +0,1678377600
0.736,40,Mar 09 2023 17: +0,1678381200
0.736,47,Mar 09 2023 18: +0,1678384800
0.742,41,Mar 09 2023 19: +0,1678388400
0.741,39,Mar 09 2023 20: +0,1678392000
0.736,41,Mar 09 2023 21: +0,1678395600
0.752,31,Mar 09 2023 22: +0,1678399200
0.725,14,Mar 09 2023 23: +0,1678402800
0.723,22,Mar 10 2023 00: +0,1678406400
0.716,12,Mar 10 2023 01: +0,1678410000
0.73,20,Mar 10 2023 02: +0,1678413600
0.645,4,Mar 10 2023 03: +0,1678417200
0.662,6,Mar 10 2023 04: +0,1678420800
0.703,9,Mar 10 2023 05: +0,1678424400
0.645,5,Mar 10 2023 06: +0,1678428000
0.645,11,Mar 10 2023 07: +0,1678431600
0.739,24,Mar 10 2023 08: +0,1678435200
0.741,20,Mar 10 2023 09: +0,1678438800
0.681,18,Mar 10 2023 10: +0,1678442400
0.708,32,Mar 10 2023 11: +0,1678446000
0.71,19,Mar 10 2023 12: +0,1678449600
0.711,33,Mar 10 2023 13: +0,1678453200
0.726,27,Mar 10 2023 14: +0,1678456800
0.72,56,Mar 10 2023 15: +0,1678460400
0.742,42,Mar 10 2023 16: +0,1678464000
0.747,39,Mar 10 2023 17: +0,1678467600
0.704,54,Mar 10 2023 18: +0,1678471200
0.708,38,Mar 10 2023 19: +0,1678474800
0.731,42,Mar 10 2023 20: +0,1678478400
0.743,46,Mar 10 2023 21: +0,1678482000
0.759,58,Mar 10 2023 22: +0,1678485600
0.751,23,Mar 10 2023 23: +0,1678489200
0.748,18,Mar 11 2023 00: +0,1678492800
0.749,20,Mar 11 2023 01: +0,1678496400
0.779,16,Mar 11 2023 02: +0,1678500000
0.754,26,Mar 11 2023 03: +0,1678503600
0.778,13,Mar 11 2023 04: +0,1678507200
0.787,12,Mar 11 2023 05: +0,1678510800
0.791,18,Mar 11 2023 06: +0,1678514400
0.754,30,Mar 11 2023 07: +0,1678518000
0.79,19,Mar 11 2023 08: +0,1678521600
0.758,17,Mar 11 2023 09: +0,1678525200
0.746,21,Mar 11 2023 10: +0,1678528800
0.695,27,Mar 11 2023 11: +0,1678532400
0.683,33,Mar 11 2023 12: +0,1678536000
0.69,28,Mar 11 2023 13: +0,1678539600
0.706,34,Mar 11 2023 14: +0,1678543200
0.695,37,Mar 11 2023 15: +0,1678546800
0.67,34,Mar 11 2023 16: +0,1678550400
0.661,47,Mar 11 2023 17: +0,1678554000
0.709,52,Mar 11 2023 18: +0,1678557600
0.758,38,Mar 11 2023 19: +0,1678561200
0.724,34,Mar 11 2023 20: +0,1678564800
0.758,62,Mar 11 2023 21: +0,1678568400
0.76,42,Mar 11 2023 22: +0,1678572000
0.731,33,Mar 11 2023 23: +0,1678575600
0.665,29,Mar 12 2023 00: +0,1678579200
0.705,27,Mar 12 2023 01: +0,1678582800
0.707,20,Mar 12 2023 02: +0,1678586400
0.679,9,Mar 12 2023 03: +0,1678590000
0.708,5,Mar 12 2023 04: +0,1678593600
0.706,10,Mar 12 2023 05: +0,1678597200
0.704,12,Mar 12 2023 06: +0,1678600800
0.727,11,Mar 12 2023 07: +0,1678604400
0.749,14,Mar 12 2023 08: +0,1678608000
0.612,25,Mar 12 2023 09: +0,1678611600
0.736,27,Mar 12 2023 10: +0,1678615200
0.711,28,Mar 12 2023 11: +0,1678618800
0.748,29,Mar 12 2023 12: +0,1678622400
0.748,29,Mar 12 2023 13: +0,1678626000
0.749,36,Mar 12 2023 14: +0,1678629600
0.758,31,Mar 12 2023 15: +0,1678633200
0.715,33,Mar 12 2023 16: +0,1678636800
0.734,32,Mar 12 2023 17: +0,1678640400
0.767,63,Mar 12 2023 18: +0,1678644000
0.732,48,Mar 12 2023 19: +0,1678647600
0.732,48,Mar 12 2023 20: +0,1678651200
0.784,41,Mar 12 2023 21: +0,1678654800
0.723,37,Mar 12 2023 22: +0,1678658400
0.775,39,Mar 12 2023 23: +0,1678662000
0.728,9,Mar 13 2023 00: +0,1678665600
0.748,11,Mar 13 2023 01: +0,1678669200
0.717,10,Mar 13 2023 02: +0,1678672800
0.687,3,Mar 13 2023 03: +0,1678676400
0.726,9,Mar 13 2023 04: +0,1678680000
0.732,8,Mar 13 2023 05: +0,1678683600
0.711,6,Mar 13 2023 06: +0,1678687200
0.673,13,Mar 13 2023 07: +0,1678690800
0.697,9,Mar 13 2023 08: +0,1678694400
0.736,11,Mar 13 2023 09: +0,1678698000
0.761,22,Mar 13 2023 10: +0,1678701600
0.707,14,Mar 13 2023 11: +0,1678705200
0.723,13,Mar 13 2023 12: +0,1678708800
0.751,27,Mar 13 2023 13: +0,1678712400
0.759,32,Mar 13 2023 14: +0,1678716000
0.719,22,Mar 13 2023 15: +0,1678719600
0.721,38,Mar 13 2023 16: +0,1678723200
0.728,29,Mar 13 2023 17: +0,1678726800
0.728,32,Mar 13 2023 18: +0,1678730400
0.74,39,Mar 13 2023 19: +0,1678734000
0.714,56,Mar 13 2023 20: +0,1678737600
0.734,33,Mar 13 2023 21: +0,1678741200
0.743,34,Mar 13 2023 22: +0,1678744800
0.761,14,Mar 13 2023 23: +0,1678748400
0.761,64,Mar 14 2023 00: +0,1678752000
0.77,23,Mar 14 2023 01: +0,1678755600
0.722,12,Mar 14 2023 02: +0,1678759200
0.765,4,Mar 14 2023 03: +0,1678762800
0.771,15,Mar 14 2023 04: +0,1678766400
0.771,9,Mar 14 2023 05: +0,1678770000
0.636,6,Mar 14 2023 06: +0,1678773600
0.661,9,Mar 14 2023 07: +0,1678777200
0.728,14,Mar 14 2023 08: +0,1678780800
0.751,9,Mar 14 2023 09: +0,1678784400
0.662,10,Mar 14 2023 10: +0,1678788000
0.671,21,Mar 14 2023 11: +0,1678791600
0.712,14,Mar 14 2023 12: +0,1678795200
0.71,25,Mar 14 2023 13: +0,1678798800
0.708,33,Mar 14 2023 14: +0,1678802400
0.711,41,Mar 14 2023 15: +0,1678806000
0.671,48,Mar 14 2023 16: +0,1678809600
0.699,42,Mar 14 2023 17: +0,1678813200
0.712,43,Mar 14 2023 18: +0,1678816800
0.701,45,Mar 14 2023 19: +0,1678820400
0.645,67,Mar 14 2023 20: +0,1678824000
0.702,34,Mar 14 2023 21: +0,1678827600
0.734,42,Mar 14 2023 22: +0,1678831200
0.694,23,Mar 14 2023 23: +0,1678834800
0.715,21,Mar 15 2023 00: +0,1678838400
0.717,6,Mar 15 2023 01: +0,1678842000
0.773,23,Mar 15 2023 02: +0,1678845600
0.772,4,Mar 15 2023 03: +0,1678849200
0.764,5,Mar 15 2023 04: +0,1678852800
0.658,6,Mar 15 2023 05: +0,1678856400
0.735,6,Mar 15 2023 06: +0,1678860000
0.707,7,Mar 15 2023 07: +0,1678863600
0.757,17,Mar 15 2023 08: +0,1678867200
0.736,14,Mar 15 2023 09: +0,1678870800
0.701,14,Mar 15 2023 10: +0,1678874400
0.702,35,Mar 15 2023 11: +0,1678878000
0.712,16,Mar 15 2023 12: +0,1678881600
0.706,39,Mar 15 2023 13: +0,1678885200
0.697,15,Mar 15 2023 14: +0,1678888800
0.698,29,Mar 15 2023 15: +0,1678892400
0.705,25,Mar 15 2023 16: +0,1678896000
0.697,32,Mar 15 2023 17: +0,1678899600
0.663,39,Mar 15 2023 18: +0,1678903200
0.694,64,Mar 15 2023 19: +0,1678906800
0.717,48,Mar 15 2023 20: +0,1678910400
0.666,45,Mar 15 2023 21: +0,1678914000
0.744,45,Mar 15 2023 22: +0,1678917600
0.733,30,Mar 15 2023 23: +0,1678921200
0.7,11,Mar 16 2023 00: +0,1678924800
0.7,21,Mar 16 2023 01: +0,1678928400
0.714,8,Mar 16 2023 02: +0,1678932000
0.691,12,Mar 16 2023 03: +0,1678935600
0.689,17,Mar 16 2023 04: +0,1678939200
0.68,8,Mar 16 2023 05: +0,1678942800
0.694,8,Mar 16 2023 06: +0,1678946400
0.714,14,Mar 16 2023 07: +0,1678950000
0.648,18,Mar 16 2023 08: +0,1678953600
0.648,15,Mar 16 2023 09: +0,1678957200
0.666,35,Mar 16 2023 10: +0,1678960800
0.648,28,Mar 16 2023 11: +0,1678964400
0.703,36,Mar 16 2023 12: +0,1678968000
0.72,29,Mar 16 2023 13: +0,1678971600
0.725,34,Mar 16 2023 14: +0,1678975200
0.716,42,Mar 16 2023 15: +0,1678978800
0.735,34,Mar 16 2023 16: +0,1678982400
0.731,38,Mar 16 2023 17: +0,1678986000
0.705,45,Mar 16 2023 18: +0,1678989600
0.727,50,Mar 16 2023 19: +0,1678993200
0.674,47,Mar 16 2023 20: +0,1678996800
0.706,49,Mar 16 2023 21: +0,1679000400
0.746,63,Mar 16 2023 22: +0,1679004000
0.728,9,Mar 16 2023 23: +0,1679007600
0.739,23,Mar 17 2023 00: +0,1679011200
0.646,11,Mar 17 2023 01: +0,1679014800
0.667,24,Mar 17 2023 02: +0,1679018400
0.677,6,Mar 17 2023 03: +0,1679022000
0.675,8,Mar 17 2023 04: +0,1679025600
0.731,6,Mar 17 2023 05: +0,1679029200
0.714,9,Mar 17 2023 06: +0,1679032800
0.738,12,Mar 17 2023 07: +0,1679036400
0.64,7,Mar 17 2023 08: +0,1679040000
0.72,15,Mar 17 2023 09: +0,1679043600
0.673,25,Mar 17 2023 10: +0,1679047200
0.654,28,Mar 17 2023 11: +0,1679050800
0.656,32,Mar 17 2023 12: +0,1679054400
0.676,33,Mar 17 2023 13: +0,1679058000
0.66,32,Mar 17 2023 14: +0,1679061600
0.697,37,Mar 17 2023 15: +0,1679065200
0.697,42,Mar 17 2023 16: +0,1679068800
0.686,43,Mar 17 2023 17: +0,1679072400
0.676,37,Mar 17 2023 18: +0,1679076000
0.661,46,Mar 17 2023 19: +0,1679079600
0.715,52,Mar 17 2023 20: +0,1679083200
0.697,41,Mar 17 2023 21: +0,1679086800
0.654,75,Mar 17 2023 22: +0,1679090400
0.674,42,Mar 17 2023 23: +0,1679094000
0.7,18,Mar 18 2023 00: +0,1679097600
0.675,28,Mar 18 2023 01: +0,1679101200
0.71,11,Mar 18 2023 02: +0,1679104800
0.725,24,Mar 18 2023 03: +0,1679108400
0.733,7,Mar 18 2023 04: +0,1679112000
0.717,15,Mar 18 2023 05: +0,1679115600
0.718,12,Mar 18 2023 06: +0,1679119200
0.739,21,Mar 18 2023 07: +0,1679122800
0.689,19,Mar 18 2023 08: +0,1679126400
0.704,21,Mar 18 2023 09: +0,1679130000
0.741,14,Mar 18 2023 10: +0,1679133600
0.743,36,Mar 18 2023 11: +0,1679137200
0.67,30,Mar 18 2023 12: +0,1679140800
0.704,23,Mar 18 2023 13: +0,1679144400
0.694,34,Mar 18 2023 14: +0,1679148000
0.694,48,Mar 18 2023 15: +0,1679151600
0.667,34,Mar 18 2023 16: +0,1679155200
0.704,49,Mar 18 2023 17: +0,1679158800
0.735,40,Mar 18 2023 18: +0,1679162400
0.707,42,Mar 18 2023 19: +0,1679166000
0.718,51,Mar 18 2023 20: +0,1679169600
0.695,53,Mar 18 2023 21: +0,1679173200
0.67,38,Mar 18 2023 22: +0,1679176800
0.685,44,Mar 18 2023 23: +0,1679180400
0.702,26,Mar 19 2023 00: +0,1679184000
0.65,29,Mar 19 2023 01: +0,1679187600
0.737,16,Mar 19 2023 02: +0,1679191200
0.742,10,Mar 19 2023 03: +0,1679194800
0.679,6,Mar 19 2023 04: +0,1679198400
0.706,8,Mar 19 2023 05: +0,1679202000
0.71,21,Mar 19 2023 06: +0,1679205600
0.687,16,Mar 19 2023 07: +0,1679209200
0.684,22,Mar 19 2023 08: +0,1679212800
0.658,25,Mar 19 2023 09: +0,1679216400
0.71,36,Mar 19 2023 10: +0,1679220000
0.69,25,Mar 19 2023 11: +0,1679223600
0.711,38,Mar 19 2023 12: +0,1679227200
0.698,37,Mar 19 2023 13: +0,1679230800
0.659,41,Mar 19 2023 14: +0,1679234400
0.668,32,Mar 19 2023 15: +0,1679238000
0.698,37,Mar 19 2023 16: +0,1679241600
0.685,41,Mar 19 2023 17: +0,1679245200
0.694,41,Mar 19 2023 18: +0,1679248800
0.694,50,Mar 19 2023 19: +0,1679252400
0.686,52,Mar 19 2023 20: +0,1679256000
0.698,45,Mar 19 2023 21: +0,1679259600
0.681,35,Mar 19 2023 22: +0,1679263200
0.683,24,Mar 19 2023 23: +0,1679266800
0.657,13,Mar 20 2023 00: +0,1679270400
0.647,6,Mar 20 2023 01: +0,1679274000
0.653,7,Mar 20 2023 02: +0,1679277600
0.644,8,Mar 20 2023 03: +0,1679281200
0.647,19,Mar 20 2023 04: +0,1679284800
0.69,22,Mar 20 2023 05: +0,1679288400
0.694,5,Mar 20 2023 06: +0,1679292000
0.657,8,Mar 20 2023 07: +0,1679295600
0.669,18,Mar 20 2023 08: +0,1679299200
0.669,25,Mar 20 2023 09: +0,1679302800
0.705,10,Mar 20 2023 10: +0,1679306400
0.728,15,Mar 20 2023 11: +0,1679310000
0.713,24,Mar 20 2023 12: +0,1679313600
0.719,26,Mar 20 2023 13: +0,1679317200
0.678,31,Mar 20 2023 14: +0,1679320800
0.678,56,Mar 20 2023 15: +0,1679324400
0.711,29,Mar 20 2023 16: +0,1679328000
0.72,31,Mar 20 2023 17: +0,1679331600
0.676,31,Mar 20 2023 18: +0,1679335200
0.688,66,Mar 20 2023 19: +0,1679338800
0.647,58,Mar 20 2023 20: +0,1679342400
0.673,56,Mar 20 2023 21: +0,1679346000
0.686,48,Mar 20 2023 22: +0,1679349600
0.728,30,Mar 20 2023 23: +0,1679353200
0.666,27,Mar 21 2023 00: +0,1679356800
0.71,18,Mar 21 2023 01: +0,1679360400
0.728,15,Mar 21 2023 02: +0,1679364000
0.728,17,Mar 21 2023 03: +0,1679367600
0.699,22,Mar 21 2023 04: +0,1679371200
0.752,12,Mar 21 2023 05: +0,1679374800
0.713,7,Mar 21 2023 06: +0,1679378400
0.696,8,Mar 21 2023 07: +0,1679382000
0.666,13,Mar 21 2023 08: +0,1679385600
0.674,19,Mar 21 2023 09: +0,1679389200
0.66,17,Mar 21 2023 10: +0,1679392800
0.686,24,Mar 21 2023 11: +0,1679396400
0.681,28,Mar 21 2023 12: +0,1679400000
0.684,31,Mar 21 2023 13: +0,1679403600
0.692,31,Mar 21 2023 14: +0,1679407200
0.711,34,Mar 21 2023 15: +0,1679410800
0.705,44,Mar 21 2023 16: +0,1679414400
0.727,38,Mar 21 2023 17: +0,1679418000
0.719,46,Mar 21 2023 18: +0,1679421600
0.719,45,Mar 21 2023 19: +0,1679425200
0.706,46,Mar 21 2023 20: +0,1679428800
0.709,46,Mar 21 2023 21: +0,1679432400
0.72,41,Mar 21 2023 22: +0,1679436000
0.694,35,Mar 21 2023 23: +0,1679439600
0.691,14,Mar 22 2023 00: +0,1679443200
0.661,14,Mar 22 2023 01: +0,1679446800
0.671,17,Mar 22 2023 02: +0,1679450400
0.705,24,Mar 22 2023 03: +0,1679454000
0.732,13,Mar 22 2023 04: +0,1679457600
0.728,27,Mar 22 2023 05: +0,1679461200
0.687,13,Mar 22 2023 06: +0,1679464800
0.72,7,Mar 22 2023 07: +0,1679468400
0.728,22,Mar 22 2023 08: +0,1679472000
0.712,10,Mar 22 2023 09: +0,1679475600
0.749,212,Mar 22 2023 10: +0,1679479200
0.761,46,Mar 22 2023 11: +0,1679482800
0.702,14,Mar 22 2023 12: +0,1679486400
0.739,31,Mar 22 2023 13: +0,1679490000
0.758,31,Mar 22 2023 14: +0,1679493600
0.734,33,Mar 22 2023 15: +0,1679497200
0.74,32,Mar 22 2023 16: +0,1679500800
0.736,40,Mar 22 2023 17: +0,1679504400
0.72,83,Mar 22 2023 18: +0,1679508000
0.719,44,Mar 22 2023 19: +0,1679511600
0.738,54,Mar 22 2023 20: +0,1679515200
0.77,56,Mar 22 2023 21: +0,1679518800
0.717,66,Mar 22 2023 22: +0,1679522400
0.744,38,Mar 22 2023 23: +0,1679526000
0.74,46,Mar 23 2023 00: +0,1679529600
0.728,21,Mar 23 2023 01: +0,1679533200
0.719,31,Mar 23 2023 02: +0,1679536800
0.769,14,Mar 23 2023 03: +0,1679540400
0.752,14,Mar 23 2023 04: +0,1679544000
0.766,27,Mar 23 2023 05: +0,1679547600
0.733,27,Mar 23 2023 06: +0,1679551200
0.705,10,Mar 23 2023 07: +0,1679554800
0.714,43,Mar 23 2023 08: +0,1679558400
0.75,16,Mar 23 2023 09: +0,1679562000
0.771,80,Mar 23 2023 10: +0,1679565600
0.713,15,Mar 23 2023 11: +0,1679569200
0.721,21,Mar 23 2023 12: +0,1679572800
0.775,55,Mar 23 2023 13: +0,1679576400
0.735,28,Mar 23 2023 14: +0,1679580000
0.742,35,Mar 23 2023 15: +0,1679583600
0.767,41,Mar 23 2023 16: +0,1679587200
0.723,39,Mar 23 2023 17: +0,1679590800
0.734,40,Mar 23 2023 18: +0,1679594400
0.724,80,Mar 23 2023 19: +0,1679598000
0.76,50,Mar 23 2023 20: +0,1679601600
0.756,56,Mar 23 2023 21: +0,1679605200
0.777,43,Mar 23 2023 22: +0,1679608800
0.785,42,Mar 23 2023 23: +0,1679612400
0.769,28,Mar 24 2023 00: +0,1679616000
0.802,12,Mar 24 2023 01: +0,1679619600
0.751,5,Mar 24 2023 02: +0,1679623200
0.753,18,Mar 24 2023 03: +0,1679626800
0.72,5,Mar 24 2023 04: +0,1679630400
0.775,50,Mar 24 2023 05: +0,1679634000
0.753,15,Mar 24 2023 06: +0,1679637600
0.778,12,Mar 24 2023 07: +0,1679641200
0.79,19,Mar 24 2023 08: +0,1679644800
0.791,58,Mar 24 2023 09: +0,1679648400
0.712,16,Mar 24 2023 10: +0,1679652000
0.785,91,Mar 24 2023 11: +0,1679655600
0.747,16,Mar 24 2023 12: +0,1679659200
0.738,20,Mar 24 2023 13: +0,1679662800
0.776,37,Mar 24 2023 14: +0,1679666400
0.783,36,Mar 24 2023 15: +0,1679670000
0.75,33,Mar 24 2023 16: +0,1679673600
0.773,50,Mar 24 2023 17: +0,1679677200
0.761,38,Mar 24 2023 18: +0,1679680800
0.807,69,Mar 24 2023 19: +0,1679684400
0.8,69,Mar 24 2023 20: +0,1679688000
0.815,59,Mar 24 2023 21: +0,1679691600
0.739,26,Mar 24 2023 22: +0,1679695200
0.774,51,Mar 24 2023 23: +0,1679698800
0.803,32,Mar 25 2023 00: +0,1679702400
0.803,30,Mar 25 2023 01: +0,1679706000
0.802,19,Mar 25 2023 02: +0,1679709600
0.74,12,Mar 25 2023 03: +0,1679713200
0.753,20,Mar 25 2023 04: +0,1679716800
0.728,19,Mar 25 2023 05: +0,1679720400
0.753,20,Mar 25 2023 06: +0,1679724000
0.794,31,Mar 25 2023 07: +0,1679727600
0.763,17,Mar 25 2023 08: +0,1679731200
0.783,28,Mar 25 2023 09: +0,1679734800
0.78,28,Mar 25 2023 10: +0,1679738400
0.818,34,Mar 25 2023 11: +0,1679742000
0.789,29,Mar 25 2023 12: +0,1679745600
0.802,39,Mar 25 2023 13: +0,1679749200
0.826,37,Mar 25 2023 14: +0,1679752800
0.835,28,Mar 25 2023 15: +0,1679756400
0.819,22,Mar 25 2023 16: +0,1679760000
0.81,31,Mar 25 2023 17: +0,1679763600
0.796,22,Mar 25 2023 18: +0,1679767200
0.794,39,Mar 25 2023 19: +0,1679770800
0.819,57,Mar 25 2023 20: +0,1679774400
0.819,58,Mar 25 2023 21: +0,1679778000
0.84,58,Mar 25 2023 22: +0,1679781600
0.814,32,Mar 25 2023 23: +0,1679785200
0.783,33,Mar 26 2023 00: +0,1679788800
0.774,32,Mar 26 2023 01: +0,1679792400
0.766,13,Mar 26 2023 02: +0,1679792400
0.77,36,Mar 26 2023 03: +0,1679796000
0.766,19,Mar 26 2023 04: +0,1679799600
0.818,21,Mar 26 2023 05: +0,1679803200
0.788,16,Mar 26 2023 06: +0,1679806800
0.814,15,Mar 26 2023 07: +0,1679810400
0.78,26,Mar 26 2023 08: +0,1679814000
0.799,28,Mar 26 2023 09: +0,1679817600
0.781,29,Mar 26 2023 10: +0,1679821200
0.81,38,Mar 26 2023 11: +0,1679824800
0.81,34,Mar 26 2023 12: +0,1679828400
0.836,47,Mar 26 2023 13: +0,1679832000
0.816,39,Mar 26 2023 14: +0,1679835600
0.789,41,Mar 26 2023 15: +0,1679839200
0.772,55,Mar 26 2023 16: +0,1679842800
0.827,62,Mar 26 2023 17: +0,1679846400
0.807,55,Mar 26 2023 18: +0,1679850000
0.793,45,Mar 26 2023 19: +0,1679853600
0.826,60,Mar 26 2023 20: +0,1679857200
0.758,58,Mar 26 2023 21: +0,1679860800
0.807,41,Mar 26 2023 22: +0,1679864400
0.812,44,Mar 26 2023 23: +0,1679868000
0.786,27,Mar 27 2023 00: +0,1679871600
0.799,22,Mar 27 2023 01: +0,1679875200
0.802,10,Mar 27 2023 02: +0,1679878800
0.775,15,Mar 27 2023 03: +0,1679882400
0.799,11,Mar 27 2023 04: +0,1679886000
0.816,21,Mar 27 2023 05: +0,1679889600
0.791,21,Mar 27 2023 06: +0,1679893200
0.799,13,Mar 27 2023 07: +0,1679896800
0.816,14,Mar 27 2023 08: +0,1679900400
0.824,21,Mar 27 2023 09: +0,1679904000
0.834,13,Mar 27 2023 10: +0,1679907600
0.833,26,Mar 27 2023 11: +0,1679911200
0.742,17,Mar 27 2023 12: +0,1679914800
0.84,14,Mar 27 2023 13: +0,1679918400
0.857,46,Mar 27 2023 14: +0,1679922000
0.833,41,Mar 27 2023 15: +0,1679925600
0.816,35,Mar 27 2023 16: +0,1679929200
0.834,80,Mar 27 2023 17: +0,1679932800
0.835,36,Mar 27 2023 18: +0,1679936400
0.814,64,Mar 27 2023 19: +0,1679940000
0.822,51,Mar 27 2023 20: +0,1679943600
0.824,56,Mar 27 2023 21: +0,1679947200
0.789,48,Mar 27 2023 22: +0,1679950800
0.791,39,Mar 27 2023 23: +0,1679954400
0.853,43,Mar 28 2023 00: +0,1679958000
0.826,26,Mar 28 2023 01: +0,1679961600
0.846,22,Mar 28 2023 02: +0,1679965200
0.836,8,Mar 28 2023 03: +0,1679968800
0.825,11,Mar 28 2023 04: +0,1679972400
0.766,33,Mar 28 2023 05: +0,1679976000
0.808,16,Mar 28 2023 06: +0,1679979600
0.612,17,Mar 28 2023 07: +0,1679983200
0.818,16,Mar 28 2023 08: +0,1679986800
0.851,25,Mar 28 2023 09: +0,1679990400
0.88,21,Mar 28 2023 10: +0,1679994000
0.853,33,Mar 28 2023 11: +0,1679997600
0.878,28,Mar 28 2023 12: +0,1680001200
0.881,94,Mar 28 2023 13: +0,1680004800
0.836,27,Mar 28 2023 14: +0,1680008400
0.824,26,Mar 28 2023 15: +0,1680012000
0.857,35,Mar 28 2023 16: +0,1680015600
0.84,30,Mar 28 2023 17: +0,1680019200
0.819,38,Mar 28 2023 18: +0,1680022800
0.825,57,Mar 28 2023 19: +0,1680026400
0.841,114,Mar 28 2023 20: +0,1680030000
0.898,70,Mar 28 2023 21: +0,1680033600
0.875,24,Mar 28 2023 22: +0,1680037200
0.863,21,Mar 28 2023 23: +0,1680040800
0.881,15,Mar 29 2023 00: +0,1680044400
0.756,16,Mar 29 2023 01: +0,1680048000
0.854,16,Mar 29 2023 02: +0,1680051600
0.88,15,Mar 29 2023 03: +0,1680055200
0.881,16,Mar 29 2023 04: +0,1680058800
0.825,12,Mar 29 2023 05: +0,1680062400
0.88,11,Mar 29 2023 06: +0,1680066000
0.905,17,Mar 29 2023 07: +0,1680069600
0.915,17,Mar 29 2023 08: +0,1680073200
0.889,14,Mar 29 2023 09: +0,1680076800
0.776,23,Mar 29 2023 10: +0,1680080400
0.837,31,Mar 29 2023 11: +0,1680084000
0.802,41,Mar 29 2023 12: +0,1680087600
0.896,22,Mar 29 2023 13: +0,1680091200
0.872,34,Mar 29 2023 14: +0,1680094800
0.846,32,Mar 29 2023 15: +0,1680098400
0.848,39,Mar 29 2023 16: +0,1680102000
0.898,41,Mar 29 2023 17: +0,1680105600
0.876,32,Mar 29 2023 18: +0,1680109200
0.893,36,Mar 29 2023 19: +0,1680112800
0.833,43,Mar 29 2023 20: +0,1680116400
0.849,31,Mar 29 2023 21: +0,1680120000
0.805,29,Mar 29 2023 22: +0,1680123600
0.867,22,Mar 29 2023 23: +0,1680127200
0.881,23,Mar 30 2023 00: +0,1680130800
0.831,16,Mar 30 2023 01: +0,1680134400
0.861,26,Mar 30 2023 02: +0,1680138000
0.829,10,Mar 30 2023 03: +0,1680141600
0.881,21,Mar 30 2023 04: +0,1680145200
0.857,13,Mar 30 2023 05: +0,1680148800
0.754,31,Mar 30 2023 06: +0,1680152400
0.905,53,Mar 30 2023 07: +0,1680156000
0.912,124,Mar 30 2023 08: +0,1680159600
0.876,15,Mar 30 2023 09: +0,1680163200
0.822,37,Mar 30 2023 10: +0,1680166800
0.84,31,Mar 30 2023 11: +0,1680170400
0.795,31,Mar 30 2023 12: +0,1680174000
0.799,49,Mar 30 2023 13: +0,1680177600
0.809,32,Mar 30 2023 14: +0,1680181200
0.822,32,Mar 30 2023 15: +0,1680184800
0.854,19,Mar 30 2023 16: +0,1680188400
0.825,53,Mar 30 2023 17: +0,1680192000
0.881,51,Mar 30 2023 18: +0,1680195600
0.917,4,Mar 30 2023 19: +0,1680199200
0.814,6,Mar 30 2023 20: +0,1680202800
0.917,49,Mar 30 2023 22: +0,1680210000
0.835,24,Mar 30 2023 23: +0,1680213600
0.93,30,Mar 31 2023 00: +0,1680217200
0.914,17,Mar 31 2023 01: +0,1680220800
0.911,12,Mar 31 2023 02: +0,1680224400
0.768,25,Mar 31 2023 03: +0,1680228000
0.809,14,Mar 31 2023 04: +0,1680231600
0.817,21,Mar 31 2023 05: +0,1680235200
0.8,20,Mar 31 2023 06: +0,1680238800
0.812,9,Mar 31 2023 07: +0,1680242400
0.885,14,Mar 31 2023 08: +0,1680246000
0.893,13,Mar 31 2023 09: +0,1680249600
0.873,17,Mar 31 2023 10: +0,1680253200
0.873,18,Mar 31 2023 11: +0,1680256800
0.851,38,Mar 31 2023 12: +0,1680260400
0.881,25,Mar 31 2023 13: +0,1680264000
0.903,5,Mar 31 2023 14: +0,1680267600
0.909,5,Mar 31 2023 15: +0,1680271200
0.844,4,Mar 31 2023 16: +0,1680274800
0.93,62,Mar 31 2023 17: +0,1680278400
0.93,112,Mar 31 2023 18: +0,1680282000
0.928,8,Mar 31 2023 19: +0,1680285600
0.926,35,Mar 31 2023 20: +0,1680289200
0.941,36,Mar 31 2023 21: +0,1680292800
0.904,21,Mar 31 2023 22: +0,1680296400
0.941,32,Mar 31 2023 23: +0,1680300000
0.923,47,Apr 01 2023 00: +0,1680303600
0.873,16,Apr 01 2023 01: +0,1680307200
0.915,15,Apr 01 2023 02: +0,1680310800
0.905,14,Apr 01 2023 03: +0,1680314400
0.905,16,Apr 01 2023 04: +0,1680318000
0.901,32,Apr 01 2023 05: +0,1680321600
0.837,37,Apr 01 2023 06: +0,1680325200
0.839,56,Apr 01 2023 07: +0,1680328800
0.76,24,Apr 01 2023 08: +0,1680332400
0.813,28,Apr 01 2023 09: +0,1680336000
0.87,27,Apr 01 2023 10: +0,1680339600
0.87,67,Apr 01 2023 11: +0,1680343200
0.932,50,Apr 01 2023 12: +0,1680346800
0.89,13,Apr 01 2023 13: +0,1680350400
0.916,2,Apr 01 2023 14: +0,1680354000
0.932,1,Apr 01 2023 15: +0,1680357600
0.941,17,Apr 01 2023 16: +0,1680361200
0.955,24,Apr 01 2023 17: +0,1680364800
0.89,18,Apr 01 2023 18: +0,1680368400
0.937,45,Apr 01 2023 19: +0,1680372000
0.918,44,Apr 01 2023 20: +0,1680375600
0.934,38,Apr 01 2023 21: +0,1680379200
0.957,44,Apr 01 2023 22: +0,1680382800
0.976,17,Apr 01 2023 23: +0,1680386400
0.907,25,Apr 02 2023 00: +0,1680390000
0.895,30,Apr 02 2023 01: +0,1680393600
0.923,28,Apr 02 2023 02: +0,1680397200
0.958,21,Apr 02 2023 03: +0,1680400800
0.958,16,Apr 02 2023 04: +0,1680404400
0.986,19,Apr 02 2023 05: +0,1680408000
0.91,6,Apr 02 2023 06: +0,1680411600
0.969,13,Apr 02 2023 07: +0,1680415200
0.93,15,Apr 02 2023 08: +0,1680418800
0.926,22,Apr 02 2023 09: +0,1680422400
0.844,38,Apr 02 2023 10: +0,1680426000
0.859,54,Apr 02 2023 11: +0,1680429600
0.869,34,Apr 02 2023 12: +0,1680433200
0.857,28,Apr 02 2023 13: +0,1680436800
0.888,7,Apr 02 2023 14: +0,1680440400
0.903,4,Apr 02 2023 15: +0,1680444000
0.923,37,Apr 02 2023 16: +0,1680447600
0.94,45,Apr 02 2023 17: +0,1680451200
0.879,31,Apr 02 2023 18: +0,1680454800
0.879,65,Apr 02 2023 19: +0,1680458400
0.889,65,Apr 02 2023 20: +0,1680462000
0.888,47,Apr 02 2023 21: +0,1680465600
0.865,26,Apr 02 2023 22: +0,1680469200
0.941,40,Apr 02 2023 23: +0,1680472800
0.931,22,Apr 03 2023 00: +0,1680476400
0.958,30,Apr 03 2023 01: +0,1680480000
0.98,40,Apr 03 2023 02: +0,1680483600
0.938,12,Apr 03 2023 03: +0,1680487200
0.8,7,Apr 03 2023 04: +0,1680490800
0.865,28,Apr 03 2023 05: +0,1680494400
0.938,22,Apr 03 2023 06: +0,1680498000
0.853,16,Apr 03 2023 07: +0,1680501600
0.835,17,Apr 03 2023 08: +0,1680505200
0.839,7,Apr 03 2023 09: +0,1680508800
0.835,36,Apr 03 2023 10: +0,1680512400
0.82,28,Apr 03 2023 11: +0,1680516000
0.835,62,Apr 03 2023 12: +0,1680519600
0.794,78,Apr 03 2023 13: +0,1680523200
0.821,34,Apr 03 2023 14: +0,1680526800
0.835,84,Apr 03 2023 15: +0,1680530400
0.87,28,Apr 03 2023 16: +0,1680534000
0.883,48,Apr 03 2023 17: +0,1680537600
0.865,53,Apr 03 2023 18: +0,1680541200
0.861,64,Apr 03 2023 19: +0,1680544800
0.878,64,Apr 03 2023 20: +0,1680548400
0.807,47,Apr 03 2023 21: +0,1680552000
0.832,39,Apr 03 2023 22: +0,1680555600
0.876,13,Apr 03 2023 23: +0,1680559200
0.878,33,Apr 04 2023 00: +0,1680562800
0.807,18,Apr 04 2023 01: +0,1680566400
0.858,31,Apr 04 2023 02: +0,1680570000
0.835,15,Apr 04 2023 03: +0,1680573600
0.831,12,Apr 04 2023 04: +0,1680577200
0.818,19,Apr 04 2023 05: +0,1680580800
0.8,11,Apr 04 2023 06: +0,1680584400
0.808,21,Apr 04 2023 07: +0,1680588000
0.8,18,Apr 04 2023 08: +0,1680591600
0.792,22,Apr 04 2023 09: +0,1680595200
1.02,526,Apr 04 2023 10: +0,1680598800
1.229,35,Apr 04 2023 11: +0,1680602400
1.067,26,Apr 04 2023 12: +0,1680606000
1.067,70,Apr 04 2023 13: +0,1680609600
1.121,18,Apr 04 2023 14: +0,1680613200
0.959,6,Apr 04 2023 15: +0,1680616800
1.155,4,Apr 04 2023 16: +0,1680620400
1.264,18,Apr 04 2023 17: +0,1680624000
1.194,26,Apr 04 2023 18: +0,1680627600
1.068,36,Apr 04 2023 19: +0,1680631200
1.074,34,Apr 04 2023 20: +0,1680634800
1.129,56,Apr 04 2023 21: +0,1680638400
1.066,33,Apr 04 2023 22: +0,1680642000
1.067,73,Apr 04 2023 23: +0,1680645600
1.075,43,Apr 05 2023 00: +0,1680649200
1.115,50,Apr 05 2023 01: +0,1680652800
1.083,32,Apr 05 2023 02: +0,1680656400
1.071,19,Apr 05 2023 03: +0,1680660000
1.083,13,Apr 05 2023 04: +0,1680663600
1.058,16,Apr 05 2023 05: +0,1680667200
1.058,20,Apr 05 2023 06: +0,1680670800
1.031,10,Apr 05 2023 07: +0,1680674400
0.94,4,Apr 05 2023 08: +0,1680678000
0.995,35,Apr 05 2023 09: +0,1680681600
1.066,19,Apr 05 2023 10: +0,1680685200
1.023,29,Apr 05 2023 11: +0,1680688800
1.058,35,Apr 05 2023 12: +0,1680692400
0.898,15,Apr 05 2023 13: +0,1680696000
0.961,8,Apr 05 2023 14: +0,1680699600
0.699,1,Apr 05 2023 15: +0,1680703200
0.97,21,Apr 05 2023 16: +0,1680706800
0.936,30,Apr 05 2023 17: +0,1680710400
0.895,29,Apr 05 2023 18: +0,1680714000
0.898,27,Apr 05 2023 19: +0,1680717600
0.909,40,Apr 05 2023 20: +0,1680721200
0.965,50,Apr 05 2023 21: +0,1680724800
0.909,28,Apr 05 2023 22: +0,1680728400
1.008,43,Apr 05 2023 23: +0,1680732000
0.881,16,Apr 06 2023 00: +0,1680735600
0.912,11,Apr 06 2023 01: +0,1680739200
0.998,31,Apr 06 2023 02: +0,1680742800
1.083,16,Apr 06 2023 03: +0,1680746400
1.079,18,Apr 06 2023 04: +0,1680750000
0.941,7,Apr 06 2023 05: +0,1680753600
0.874,9,Apr 06 2023 06: +0,1680757200
0.883,9,Apr 06 2023 07: +0,1680760800
0.922,13,Apr 06 2023 08: +0,1680764400
0.904,7,Apr 06 2023 09: +0,1680768000
0.998,23,Apr 06 2023 10: +0,1680771600
0.997,26,Apr 06 2023 11: +0,1680775200
1.014,19,Apr 06 2023 12: +0,1680778800
0.937,10,Apr 06 2023 13: +0,1680782400
0.982,13,Apr 06 2023 14: +0,1680786000
0.894,2,Apr 06 2023 15: +0,1680789600
0.992,26,Apr 06 2023 16: +0,1680793200
0.932,32,Apr 06 2023 17: +0,1680796800
0.941,28,Apr 06 2023 18: +0,1680800400
1.063,65,Apr 06 2023 19: +0,1680804000
1.039,35,Apr 06 2023 20: +0,1680807600
0.993,41,Apr 06 2023 21: +0,1680811200
1.008,31,Apr 06 2023 22: +0,1680814800
0.94,19,Apr 06 2023 23: +0,1680818400
0.956,30,Apr 07 2023 00: +0,1680822000
0.887,27,Apr 07 2023 01: +0,1680825600
0.88,22,Apr 07 2023 02: +0,1680829200
0.985,35,Apr 07 2023 03: +0,1680832800
0.87,28,Apr 07 2023 04: +0,1680836400
0.898,22,Apr 07 2023 05: +0,1680840000
1.071,26,Apr 07 2023 06: +0,1680843600
1.092,48,Apr 07 2023 07: +0,1680847200
0.982,17,Apr 07 2023 08: +0,1680850800
0.934,15,Apr 07 2023 09: +0,1680854400
0.873,30,Apr 07 2023 10: +0,1680858000
0.868,46,Apr 07 2023 11: +0,1680861600
0.912,47,Apr 07 2023 12: +0,1680865200
0.967,11,Apr 07 2023 13: +0,1680868800
0.203,4,Apr 07 2023 14: +0,1680872400
0.811,2,Apr 07 2023 15: +0,1680876000
0.756,1,Apr 07 2023 16: +0,1680879600
1.005,5,Apr 07 2023 17: +0,1680883200
0.877,25,Apr 07 2023 18: +0,1680886800
0.99,11,Apr 07 2023 19: +0,1680890400
0.922,23,Apr 07 2023 20: +0,1680894000
1.0,99,Apr 07 2023 21: +0,1680897600
0.979,37,Apr 07 2023 22: +0,1680901200
0.887,24,Apr 07 2023 23: +0,1680904800
1.019,21,Apr 08 2023 00: +0,1680908400
1.007,16,Apr 08 2023 01: +0,1680912000
0.906,23,Apr 08 2023 02: +0,1680915600
0.996,24,Apr 08 2023 03: +0,1680919200
0.944,13,Apr 08 2023 04: +0,1680922800
0.944,14,Apr 08 2023 05: +0,1680926400
0.919,15,Apr 08 2023 06: +0,1680930000
0.912,17,Apr 08 2023 07: +0,1680933600
0.855,14,Apr 08 2023 08: +0,1680937200
0.909,30,Apr 08 2023 09: +0,1680940800
0.863,26,Apr 08 2023 10: +0,1680944400
0.863,19,Apr 08 2023 11: +0,1680948000
0.905,16,Apr 08 2023 12: +0,1680951600
0.79,5,Apr 08 2023 13: +0,1680955200
0.73,3,Apr 08 2023 14: +0,1680958800
0.776,1,Apr 08 2023 15: +0,1680962400
0.941,5,Apr 08 2023 16: +0,1680966000
0.919,7,Apr 08 2023 17: +0,1680969600
0.941,32,Apr 08 2023 18: +0,1680973200
0.922,24,Apr 08 2023 19: +0,1680976800
0.966,41,Apr 08 2023 20: +0,1680980400
0.871,47,Apr 08 2023 21: +0,1680984000
0.922,47,Apr 08 2023 22: +0,1680987600
0.904,36,Apr 08 2023 23: +0,1680991200
0.948,30,Apr 09 2023 00: +0,1680994800
0.879,26,Apr 09 2023 01: +0,1680998400
0.871,23,Apr 09 2023 02: +0,1681002000
0.9,23,Apr 09 2023 03: +0,1681005600
0.874,36,Apr 09 2023 04: +0,1681009200
0.871,29,Apr 09 2023 05: +0,1681012800
0.868,19,Apr 09 2023 06: +0,1681016400
0.847,15,Apr 09 2023 07: +0,1681020000
0.871,25,Apr 09 2023 08: +0,1681023600
0.963,21,Apr 09 2023 09: +0,1681027200
0.957,36,Apr 09 2023 10: +0,1681030800
0.995,19,Apr 09 2023 11: +0,1681034400
0.881,27,Apr 09 2023 12: +0,1681038000
0.975,18,Apr 09 2023 13: +0,1681041600
1.01,1,Apr 09 2023 14: +0,1681045200
0.86,18,Apr 09 2023 16: +0,1681052400
0.974,41,Apr 09 2023 17: +0,1681056000
0.922,48,Apr 09 2023 18: +0,1681059600
0.882,66,Apr 09 2023 19: +0,1681063200
0.922,72,Apr 09 2023 20: +0,1681066800
0.991,41,Apr 09 2023 21: +0,1681070400
0.855,50,Apr 09 2023 22: +0,1681074000
0.902,36,Apr 09 2023 23: +0,1681077600
0.912,31,Apr 10 2023 00: +0,1681081200
1.0,21,Apr 10 2023 01: +0,1681084800
0.872,28,Apr 10 2023 02: +0,1681088400
0.871,35,Apr 10 2023 03: +0,1681092000
0.967,44,Apr 10 2023 04: +0,1681095600
0.889,15,Apr 10 2023 05: +0,1681099200
0.806,18,Apr 10 2023 06: +0,1681102800
0.946,6,Apr 10 2023 07: +0,1681106400
0.951,11,Apr 10 2023 08: +0,1681110000
0.95,23,Apr 10 2023 09: +0,1681113600
0.905,28,Apr 10 2023 10: +0,1681117200
0.887,32,Apr 10 2023 11: +0,1681120800
0.887,53,Apr 10 2023 12: +0,1681124400
0.966,8,Apr 10 2023 13: +0,1681128000
0.975,3,Apr 10 2023 14: +0,1681131600
1.009,4,Apr 10 2023 15: +0,1681135200
1.036,23,Apr 10 2023 16: +0,1681138800
0.981,30,Apr 10 2023 17: +0,1681142400
0.898,111,Apr 10 2023 18: +0,1681146000
0.978,49,Apr 10 2023 19: +0,1681149600
0.931,58,Apr 10 2023 20: +0,1681153200
0.89,42,Apr 10 2023 21: +0,1681156800
0.925,68,Apr 10 2023 22: +0,1681160400
0.907,25,Apr 10 2023 23: +0,1681164000
0.925,46,Apr 11 2023 00: +0,1681167600
0.963,22,Apr 11 2023 01: +0,1681171200
1.0,66,Apr 11 2023 02: +0,1681174800
1.009,37,Apr 11 2023 03: +0,1681178400
0.977,13,Apr 11 2023 04: +0,1681182000
0.923,10,Apr 11 2023 05: +0,1681185600
0.939,17,Apr 11 2023 06: +0,1681189200
0.939,13,Apr 11 2023 07: +0,1681192800
0.939,21,Apr 11 2023 08: +0,1681196400
0.907,19,Apr 11 2023 09: +0,1681200000
0.931,33,Apr 11 2023 10: +0,1681203600
0.97,31,Apr 11 2023 11: +0,1681207200
0.966,34,Apr 11 2023 12: +0,1681210800
1.001,28,Apr 11 2023 13: +0,1681214400
0.802,4,Apr 11 2023 14: +0,1681218000
1.03,5,Apr 11 2023 15: +0,1681221600
1.0,15,Apr 11 2023 16: +0,1681225200
0.974,63,Apr 11 2023 17: +0,1681228800
0.953,39,Apr 11 2023 18: +0,1681232400
0.959,22,Apr 11 2023 19: +0,1681236000
0.981,65,Apr 11 2023 20: +0,1681239600
0.988,46,Apr 11 2023 21: +0,1681243200
0.898,46,Apr 11 2023 22: +0,1681246800
0.898,17,Apr 11 2023 23: +0,1681250400
0.89,34,Apr 12 2023 00: +0,1681254000
0.898,54,Apr 12 2023 01: +0,1681257600
0.917,16,Apr 12 2023 02: +0,1681261200
0.962,17,Apr 12 2023 03: +0,1681264800
0.922,15,Apr 12 2023 04: +0,1681268400
0.922,5,Apr 12 2023 05: +0,1681272000
0.915,26,Apr 12 2023 06: +0,1681275600
0.96,8,Apr 12 2023 07: +0,1681279200
0.898,16,Apr 12 2023 08: +0,1681282800
0.981,51,Apr 12 2023 09: +0,1681286400
1.002,24,Apr 12 2023 10: +0,1681290000
0.981,61,Apr 12 2023 11: +0,1681293600
0.981,37,Apr 12 2023 12: +0,1681297200
1.027,45,Apr 12 2023 13: +0,1681300800
1.007,3,Apr 12 2023 14: +0,1681304400
1.019,2,Apr 12 2023 15: +0,1681308000
1.031,12,Apr 12 2023 16: +0,1681311600
1.057,31,Apr 12 2023 17: +0,1681315200
0.994,50,Apr 12 2023 18: +0,1681318800
0.964,42,Apr 12 2023 19: +0,1681322400
0.976,38,Apr 12 2023 20: +0,1681326000
1.011,32,Apr 12 2023 21: +0,1681329600
0.919,28,Apr 12 2023 22: +0,1681333200
0.981,18,Apr 12 2023 23: +0,1681336800
1.011,40,Apr 13 2023 00: +0,1681340400
0.979,11,Apr 13 2023 01: +0,1681344000
1.027,31,Apr 13 2023 02: +0,1681347600
0.999,17,Apr 13 2023 03: +0,1681351200
0.922,7,Apr 13 2023 04: +0,1681354800
0.981,17,Apr 13 2023 05: +0,1681358400
1.076,14,Apr 13 2023 06: +0,1681362000
1.019,7,Apr 13 2023 07: +0,1681365600
1.011,5,Apr 13 2023 08: +0,1681369200
1.004,13,Apr 13 2023 09: +0,1681372800
0.997,23,Apr 13 2023 10: +0,1681376400
1.012,19,Apr 13 2023 11: +0,1681380000
0.998,20,Apr 13 2023 12: +0,1681383600
1.05,4,Apr 13 2023 13: +0,1681387200
1.083,8,Apr 13 2023 14: +0,1681390800
1.093,1,Apr 13 2023 15: +0,1681394400
1.107,7,Apr 13 2023 16: +0,1681398000
1.055,46,Apr 13 2023 17: +0,1681401600
1.099,29,Apr 13 2023 18: +0,1681405200
0.979,47,Apr 13 2023 19: +0,1681408800
1.059,34,Apr 13 2023 20: +0,1681412400
1.123,72,Apr 13 2023 21: +0,1681416000
1.155,163,Apr 13 2023 22: +0,1681419600
1.251,189,Apr 13 2023 23: +0,1681423200
1.203,69,Apr 14 2023 00: +0,1681426800
1.179,31,Apr 14 2023 01: +0,1681430400
1.155,15,Apr 14 2023 02: +0,1681434000
1.163,13,Apr 14 2023 03: +0,1681437600
1.051,5,Apr 14 2023 04: +0,1681441200
1.044,10,Apr 14 2023 05: +0,1681444800
1.059,30,Apr 14 2023 06: +0,1681448400
1.203,64,Apr 14 2023 07: +0,1681452000
1.241,24,Apr 14 2023 08: +0,1681455600
1.131,18,Apr 14 2023 09: +0,1681459200
1.121,13,Apr 14 2023 10: +0,1681462800
1.036,20,Apr 14 2023 11: +0,1681466400
1.131,25,Apr 14 2023 12: +0,1681470000
1.174,8,Apr 14 2023 13: +0,1681473600
1.179,1,Apr 14 2023 14: +0,1681477200
1.179,1,Apr 14 2023 15: +0,1681480800
1.243,51,Apr 14 2023 16: +0,1681484400
1.34,15,Apr 14 2023 17: +0,1681488000
1.348,18,Apr 14 2023 18: +0,1681491600
1.347,41,Apr 14 2023 19: +0,1681495200
1.276,33,Apr 14 2023 20: +0,1681498800
1.364,240,Apr 14 2023 21: +0,1681502400
1.591,295,Apr 14 2023 22: +0,1681506000
1.41,76,Apr 14 2023 23: +0,1681509600
1.564,51,Apr 15 2023 00: +0,1681513200
1.564,23,Apr 15 2023 01: +0,1681516800
1.542,6,Apr 15 2023 02: +0,1681520400
1.198,14,Apr 15 2023 03: +0,1681524000
1.201,33,Apr 15 2023 04: +0,1681527600
1.201,13,Apr 15 2023 05: +0,1681531200
1.283,19,Apr 15 2023 06: +0,1681534800
1.343,61,Apr 15 2023 07: +0,1681538400
1.392,14,Apr 15 2023 08: +0,1681542000
1.23,14,Apr 15 2023 09: +0,1681545600
1.218,19,Apr 15 2023 10: +0,1681549200
1.317,11,Apr 15 2023 11: +0,1681552800
1.331,16,Apr 15 2023 12: +0,1681556400
1.502,8,Apr 15 2023 13: +0,1681560000
1.524,1,Apr 15 2023 15: +0,1681567200
1.282,1,Apr 15 2023 17: +0,1681574400
1.524,10,Apr 15 2023 18: +0,1681578000
1.529,3,Apr 15 2023 19: +0,1681581600
1.524,11,Apr 15 2023 20: +0,1681585200
1.473,20,Apr 15 2023 21: +0,1681588800
1.287,56,Apr 15 2023 22: +0,1681592400
1.548,178,Apr 15 2023 23: +0,1681596000
1.557,42,Apr 16 2023 00: +0,1681599600
1.628,22,Apr 16 2023 01: +0,1681603200
1.66,15,Apr 16 2023 02: +0,1681606800
1.211,13,Apr 16 2023 03: +0,1681610400
1.44,9,Apr 16 2023 04: +0,1681614000
1.208,15,Apr 16 2023 05: +0,1681617600
1.433,40,Apr 16 2023 06: +0,1681621200
1.211,13,Apr 16 2023 07: +0,1681624800
1.282,22,Apr 16 2023 08: +0,1681628400
1.33,15,Apr 16 2023 09: +0,1681632000
1.326,24,Apr 16 2023 10: +0,1681635600
1.342,17,Apr 16 2023 11: +0,1681639200
1.371,17,Apr 16 2023 12: +0,1681642800
1.432,4,Apr 16 2023 16: +0,1681657200
1.428,7,Apr 16 2023 17: +0,1681660800
1.379,7,Apr 16 2023 18: +0,1681664400
1.43,13,Apr 16 2023 19: +0,1681668000
1.37,27,Apr 16 2023 20: +0,1681671600
1.37,56,Apr 16 2023 21: +0,1681675200
1.416,74,Apr 16 2023 22: +0,1681678800
1.508,130,Apr 16 2023 23: +0,1681682400
1.524,50,Apr 17 2023 00: +0,1681686000
1.603,34,Apr 17 2023 01: +0,1681689600
1.688,29,Apr 17 2023 02: +0,1681693200
1.58,15,Apr 17 2023 03: +0,1681696800
1.233,4,Apr 17 2023 04: +0,1681700400
1.331,23,Apr 17 2023 05: +0,1681704000
1.364,38,Apr 17 2023 06: +0,1681707600
1.418,14,Apr 17 2023 07: +0,1681711200
1.471,14,Apr 17 2023 08: +0,1681714800
1.573,29,Apr 17 2023 09: +0,1681718400
1.644,58,Apr 17 2023 10: +0,1681722000
1.446,30,Apr 17 2023 11: +0,1681725600
1.502,19,Apr 17 2023 12: +0,1681729200
1.635,5,Apr 17 2023 13: +0,1681732800
1.52,1,Apr 17 2023 14: +0,1681736400
1.716,98,Apr 17 2023 15: +0,1681740000
1.769,6,Apr 17 2023 16: +0,1681743600
1.773,35,Apr 17 2023 17: +0,1681747200
1.774,55,Apr 17 2023 18: +0,1681750800
1.776,46,Apr 17 2023 19: +0,1681754400
1.776,32,Apr 17 2023 20: +0,1681758000
1.743,35,Apr 17 2023 21: +0,1681761600
1.769,31,Apr 17 2023 22: +0,1681765200
1.732,25,Apr 17 2023 23: +0,1681768800
1.741,24,Apr 18 2023 00: +0,1681772400
1.662,12,Apr 18 2023 01: +0,1681776000
1.69,16,Apr 18 2023 02: +0,1681779600
1.733,42,Apr 18 2023 03: +0,1681783200
1.735,8,Apr 18 2023 04: +0,1681786800
1.779,65,Apr 18 2023 05: +0,1681790400
1.844,27,Apr 18 2023 06: +0,1681794000
1.334,8,Apr 18 2023 07: +0,1681797600
1.764,14,Apr 18 2023 08: +0,1681801200
1.701,21,Apr 18 2023 09: +0,1681804800
1.612,20,Apr 18 2023 10: +0,1681808400
1.653,60,Apr 18 2023 11: +0,1681812000
1.967,81,Apr 18 2023 12: +0,1681815600
2.028,20,Apr 18 2023 13: +0,1681819200
2.061,1,Apr 18 2023 14: +0,1681822800
2.072,21,Apr 18 2023 16: +0,1681830000
2.189,44,Apr 18 2023 17: +0,1681833600
1.931,20,Apr 18 2023 18: +0,1681837200
2.037,11,Apr 18 2023 19: +0,1681840800
1.743,6,Apr 18 2023 20: +0,1681844400
1.861,29,Apr 18 2023 21: +0,1681848000
1.828,24,Apr 18 2023 22: +0,1681851600
1.886,12,Apr 18 2023 23: +0,1681855200
1.894,90,Apr 19 2023 00: +0,1681858800
1.894,28,Apr 19 2023 01: +0,1681862400
1.895,10,Apr 19 2023 02: +0,1681866000
1.86,9,Apr 19 2023 03: +0,1681869600
1.918,13,Apr 19 2023 04: +0,1681873200
1.781,21,Apr 19 2023 05: +0,1681876800
1.982,73,Apr 19 2023 06: +0,1681880400
2.204,103,Apr 19 2023 07: +0,1681884000
2.184,43,Apr 19 2023 08: +0,1681887600
2.155,22,Apr 19 2023 09: +0,1681891200
1.781,319,Apr 19 2023 10: +0,1681894800
2.583,42,Apr 19 2023 11: +0,1681898400
2.365,32,Apr 19 2023 12: +0,1681902000
2.361,14,Apr 19 2023 13: +0,1681905600
2.468,15,Apr 19 2023 14: +0,1681909200
2.583,34,Apr 19 2023 15: +0,1681912800
2.702,35,Apr 19 2023 16: +0,1681916400
2.9,73,Apr 19 2023 17: +0,1681920000
2.865,12,Apr 19 2023 18: +0,1681923600
2.856,53,Apr 19 2023 19: +0,1681927200
2.966,123,Apr 19 2023 20: +0,1681930800
2.857,76,Apr 19 2023 21: +0,1681934400
2.458,67,Apr 19 2023 22: +0,1681938000
2.585,22,Apr 19 2023 23: +0,1681941600
2.413,20,Apr 20 2023 00: +0,1681945200
2.574,48,Apr 20 2023 01: +0,1681948800
2.585,18,Apr 20 2023 02: +0,1681952400
2.587,57,Apr 20 2023 03: +0,1681956000
2.725,56,Apr 20 2023 04: +0,1681959600
2.845,46,Apr 20 2023 05: +0,1681963200
2.651,68,Apr 20 2023 06: +0,1681966800
2.92,75,Apr 20 2023 07: +0,1681970400
2.889,30,Apr 20 2023 08: +0,1681974000
2.733,21,Apr 20 2023 09: +0,1681977600
2.458,17,Apr 20 2023 10: +0,1681981200
2.442,60,Apr 20 2023 11: +0,1681984800
2.46,59,Apr 20 2023 12: +0,1681988400
2.533,33,Apr 20 2023 13: +0,1681992000
2.437,20,Apr 20 2023 14: +0,1681995600
2.418,62,Apr 20 2023 15: +0,1681999200
2.505,67,Apr 20 2023 16: +0,1682002800
2.336,59,Apr 20 2023 17: +0,1682006400
2.341,54,Apr 20 2023 18: +0,1682010000
2.297,56,Apr 20 2023 19: +0,1682013600
2.176,40,Apr 20 2023 20: +0,1682017200
1.999,98,Apr 20 2023 21: +0,1682020800
1.902,116,Apr 20 2023 22: +0,1682024400
2.002,46,Apr 20 2023 23: +0,1682028000
2.047,23,Apr 21 2023 00: +0,1682031600
2.169,55,Apr 21 2023 01: +0,1682035200
2.168,12,Apr 21 2023 02: +0,1682038800
2.095,11,Apr 21 2023 03: +0,1682042400
2.015,40,Apr 21 2023 04: +0,1682046000
2.039,56,Apr 21 2023 05: +0,1682049600
2.071,27,Apr 21 2023 06: +0,1682053200
2.047,31,Apr 21 2023 07: +0,1682056800
2.11,44,Apr 21 2023 08: +0,1682060400
2.13,28,Apr 21 2023 09: +0,1682064000
2.091,16,Apr 21 2023 10: +0,1682067600
2.171,57,Apr 21 2023 11: +0,1682071200
2.1,47,Apr 21 2023 12: +0,1682074800
2.055,23,Apr 21 2023 13: +0,1682078400
2.111,40,Apr 21 2023 14: +0,1682082000
2.055,54,Apr 21 2023 15: +0,1682085600
1.997,29,Apr 21 2023 16: +0,1682089200
2.03,44,Apr 21 2023 17: +0,1682092800
1.898,30,Apr 21 2023 18: +0,1682096400
1.968,27,Apr 21 2023 19: +0,1682100000
1.898,33,Apr 21 2023 20: +0,1682103600
1.927,52,Apr 21 2023 21: +0,1682107200
1.891,32,Apr 21 2023 22: +0,1682110800
2.001,43,Apr 21 2023 23: +0,1682114400
1.868,27,Apr 22 2023 00: +0,1682118000
1.894,9,Apr 22 2023 01: +0,1682121600
1.763,12,Apr 22 2023 02: +0,1682125200
1.872,22,Apr 22 2023 03: +0,1682128800
1.983,19,Apr 22 2023 04: +0,1682132400
1.841,13,Apr 22 2023 05: +0,1682136000
1.841,7,Apr 22 2023 06: +0,1682139600
1.914,12,Apr 22 2023 07: +0,1682143200
1.903,12,Apr 22 2023 08: +0,1682146800
1.851,13,Apr 22 2023 09: +0,1682150400
1.938,26,Apr 22 2023 10: +0,1682154000
2.053,96,Apr 22 2023 11: +0,1682157600
1.93,28,Apr 22 2023 12: +0,1682161200
1.961,29,Apr 22 2023 13: +0,1682164800
1.979,81,Apr 22 2023 14: +0,1682168400
1.972,35,Apr 22 2023 15: +0,1682172000
1.932,35,Apr 22 2023 16: +0,1682175600
1.922,50,Apr 22 2023 17: +0,1682179200
1.95,30,Apr 22 2023 18: +0,1682182800
1.922,23,Apr 22 2023 19: +0,1682186400
1.94,51,Apr 22 2023 20: +0,1682190000
1.944,40,Apr 22 2023 21: +0,1682193600
1.89,55,Apr 22 2023 22: +0,1682197200
1.886,24,Apr 22 2023 23: +0,1682200800
1.914,9,Apr 23 2023 00: +0,1682204400
1.988,57,Apr 23 2023 01: +0,1682208000
1.899,35,Apr 23 2023 02: +0,1682211600
1.921,11,Apr 23 2023 03: +0,1682215200
1.906,16,Apr 23 2023 04: +0,1682218800
1.922,11,Apr 23 2023 05: +0,1682222400
1.922,11,Apr 23 2023 06: +0,1682226000
2.252,251,Apr 23 2023 07: +0,1682229600
1.998,22,Apr 23 2023 08: +0,1682233200
1.918,12,Apr 23 2023 09: +0,1682236800
1.922,59,Apr 23 2023 10: +0,1682240400
1.922,64,Apr 23 2023 11: +0,1682244000
1.949,71,Apr 23 2023 12: +0,1682247600
1.91,18,Apr 23 2023 13: +0,1682251200
1.93,24,Apr 23 2023 14: +0,1682254800
1.922,33,Apr 23 2023 15: +0,1682258400
1.922,31,Apr 23 2023 16: +0,1682262000
1.922,56,Apr 23 2023 17: +0,1682265600
1.928,51,Apr 23 2023 18: +0,1682269200
1.914,55,Apr 23 2023 19: +0,1682272800
1.906,29,Apr 23 2023 20: +0,1682276400
1.899,42,Apr 23 2023 21: +0,1682280000
1.904,30,Apr 23 2023 22: +0,1682283600
1.85,27,Apr 23 2023 23: +0,1682287200
1.874,14,Apr 24 2023 00: +0,1682290800
1.89,13,Apr 24 2023 01: +0,1682294400
1.89,13,Apr 24 2023 02: +0,1682298000
1.89,8,Apr 24 2023 03: +0,1682301600
1.874,11,Apr 24 2023 04: +0,1682305200
1.85,13,Apr 24 2023 05: +0,1682308800
1.833,12,Apr 24 2023 06: +0,1682312400
1.81,19,Apr 24 2023 07: +0,1682316000
1.818,12,Apr 24 2023 08: +0,1682319600
1.777,25,Apr 24 2023 09: +0,1682323200
1.794,17,Apr 24 2023 10: +0,1682326800
1.802,45,Apr 24 2023 11: +0,1682330400
1.686,14,Apr 24 2023 12: +0,1682334000
1.818,20,Apr 24 2023 13: +0,1682337600
1.767,23,Apr 24 2023 14: +0,1682341200
1.678,13,Apr 24 2023 15: +0,1682344800
1.609,18,Apr 24 2023 16: +0,1682348400
1.609,32,Apr 24 2023 17: +0,1682352000
1.479,59,Apr 24 2023 18: +0,1682355600
1.303,102,Apr 24 2023 19: +0,1682359200
1.339,37,Apr 24 2023 20: +0,1682362800
1.364,30,Apr 24 2023 21: +0,1682366400
1.485,32,Apr 24 2023 22: +0,1682370000
1.328,40,Apr 24 2023 23: +0,1682373600
1.324,16,Apr 25 2023 00: +0,1682377200
1.503,37,Apr 25 2023 01: +0,1682380800
1.432,21,Apr 25 2023 02: +0,1682384400
1.47,13,Apr 25 2023 03: +0,1682388000
1.465,14,Apr 25 2023 04: +0,1682391600
1.603,50,Apr 25 2023 05: +0,1682395200
1.474,21,Apr 25 2023 06: +0,1682398800
1.44,12,Apr 25 2023 07: +0,1682402400
1.544,25,Apr 25 2023 08: +0,1682406000
1.493,18,Apr 25 2023 09: +0,1682409600
1.445,26,Apr 25 2023 10: +0,1682413200
1.48,28,Apr 25 2023 11: +0,1682416800
1.536,31,Apr 25 2023 12: +0,1682420400
1.522,30,Apr 25 2023 13: +0,1682424000
1.488,33,Apr 25 2023 14: +0,1682427600
1.478,25,Apr 25 2023 15: +0,1682431200
1.456,39,Apr 25 2023 16: +0,1682434800
1.488,64,Apr 25 2023 17: +0,1682438400
1.576,170,Apr 25 2023 18: +0,1682442000
1.367,53,Apr 25 2023 19: +0,1682445600
1.427,112,Apr 25 2023 20: +0,1682449200
1.377,34,Apr 25 2023 21: +0,1682452800
1.365,13,Apr 25 2023 22: +0,1682456400
1.347,13,Apr 25 2023 23: +0,1682460000
1.356,23,Apr 26 2023 00: +0,1682463600
1.285,14,Apr 26 2023 01: +0,1682467200
1.274,28,Apr 26 2023 02: +0,1682470800
1.33,11,Apr 26 2023 03: +0,1682474400
1.285,19,Apr 26 2023 04: +0,1682478000
1.356,27,Apr 26 2023 05: +0,1682481600
1.358,44,Apr 26 2023 06: +0,1682485200
1.172,6,Apr 26 2023 07: +0,1682488800
1.338,35,Apr 26 2023 08: +0,1682492400
1.395,20,Apr 26 2023 09: +0,1682496000
1.471,73,Apr 26 2023 10: +0,1682499600
1.586,76,Apr 26 2023 11: +0,1682503200
1.279,23,Apr 26 2023 12: +0,1682506800
1.28,26,Apr 26 2023 13: +0,1682510400
1.214,16,Apr 26 2023 14: +0,1682514000
1.205,24,Apr 26 2023 15: +0,1682517600
1.177,35,Apr 26 2023 16: +0,1682521200
1.208,51,Apr 26 2023 17: +0,1682524800
1.216,42,Apr 26 2023 18: +0,1682528400
1.194,29,Apr 26 2023 19: +0,1682532000
1.184,20,Apr 26 2023 20: +0,1682535600
1.196,33,Apr 26 2023 21: +0,1682539200
1.187,27,Apr 26 2023 22: +0,1682542800
1.256,21,Apr 26 2023 23: +0,1682546400
1.32,15,Apr 27 2023 00: +0,1682550000
1.144,49,Apr 27 2023 01: +0,1682553600
1.325,19,Apr 27 2023 02: +0,1682557200
1.179,37,Apr 27 2023 03: +0,1682560800
1.189,22,Apr 27 2023 04: +0,1682564400
1.176,10,Apr 27 2023 05: +0,1682568000
1.334,10,Apr 27 2023 06: +0,1682571600
1.328,17,Apr 27 2023 07: +0,1682575200
1.205,8,Apr 27 2023 08: +0,1682578800
1.232,16,Apr 27 2023 09: +0,1682582400
1.244,5,Apr 27 2023 10: +0,1682586000
1.294,20,Apr 27 2023 11: +0,1682589600
1.232,19,Apr 27 2023 12: +0,1682593200
1.271,13,Apr 27 2023 13: +0,1682596800
1.251,25,Apr 27 2023 14: +0,1682600400
1.241,69,Apr 27 2023 15: +0,1682604000
1.365,20,Apr 27 2023 16: +0,1682607600
1.338,24,Apr 27 2023 17: +0,1682611200
1.329,25,Apr 27 2023 18: +0,1682614800
1.329,20,Apr 27 2023 19: +0,1682618400
1.32,27,Apr 27 2023 20: +0,1682622000
1.355,22,Apr 27 2023 21: +0,1682625600
1.316,30,Apr 27 2023 22: +0,1682629200
1.401,38,Apr 27 2023 23: +0,1682632800
1.262,16,Apr 28 2023 00: +0,1682636400
1.314,14,Apr 28 2023 01: +0,1682640000
0.96,22,Apr 28 2023 02: +0,1682643600
1.39,23,Apr 28 2023 03: +0,1682647200
1.37,11,Apr 28 2023 04: +0,1682650800
1.37,11,Apr 28 2023 05: +0,1682654400
1.4,19,Apr 28 2023 06: +0,1682658000
1.461,37,Apr 28 2023 07: +0,1682661600
1.336,14,Apr 28 2023 08: +0,1682665200
1.376,8,Apr 28 2023 09: +0,1682668800
1.414,18,Apr 28 2023 10: +0,1682672400
1.404,24,Apr 28 2023 11: +0,1682676000
1.412,10,Apr 28 2023 12: +0,1682679600
1.395,16,Apr 28 2023 13: +0,1682683200
1.376,33,Apr 28 2023 14: +0,1682686800
1.34,12,Apr 28 2023 15: +0,1682690400
1.369,51,Apr 28 2023 16: +0,1682694000
1.346,19,Apr 28 2023 17: +0,1682697600
1.304,34,Apr 28 2023 18: +0,1682701200
1.314,22,Apr 28 2023 19: +0,1682704800
1.311,34,Apr 28 2023 20: +0,1682708400
1.272,36,Apr 28 2023 21: +0,1682712000
1.304,29,Apr 28 2023 22: +0,1682715600
1.32,12,Apr 28 2023 23: +0,1682719200
1.304,21,Apr 29 2023 00: +0,1682722800
1.311,14,Apr 29 2023 01: +0,1682726400
1.271,18,Apr 29 2023 02: +0,1682730000
1.304,8,Apr 29 2023 03: +0,1682733600
1.332,13,Apr 29 2023 04: +0,1682737200
1.338,27,Apr 29 2023 05: +0,1682740800
1.273,17,Apr 29 2023 06: +0,1682744400
1.298,10,Apr 29 2023 07: +0,1682748000
1.311,23,Apr 29 2023 08: +0,1682751600
1.311,25,Apr 29 2023 09: +0,1682755200
1.305,18,Apr 29 2023 10: +0,1682758800
1.304,23,Apr 29 2023 11: +0,1682762400
1.315,32,Apr 29 2023 12: +0,1682766000
1.311,33,Apr 29 2023 13: +0,1682769600
1.304,17,Apr 29 2023 14: +0,1682773200
1.304,19,Apr 29 2023 15: +0,1682776800
1.35,18,Apr 29 2023 16: +0,1682780400
1.32,23,Apr 29 2023 17: +0,1682784000
1.31,15,Apr 29 2023 18: +0,1682787600
1.309,30,Apr 29 2023 19: +0,1682791200
1.323,42,Apr 29 2023 20: +0,1682794800
1.32,63,Apr 29 2023 21: +0,1682798400
1.346,38,Apr 29 2023 22: +0,1682802000
1.304,45,Apr 29 2023 23: +0,1682805600
1.392,37,Apr 30 2023 00: +0,1682809200
1.472,30,Apr 30 2023 01: +0,1682812800
1.489,8,Apr 30 2023 02: +0,1682816400
1.391,8,Apr 30 2023 03: +0,1682820000
1.448,3,Apr 30 2023 04: +0,1682823600
1.443,20,Apr 30 2023 05: +0,1682827200
1.278,8,Apr 30 2023 06: +0,1682830800
1.416,9,Apr 30 2023 07: +0,1682834400
1.407,11,Apr 30 2023 08: +0,1682838000
1.311,21,Apr 30 2023 09: +0,1682841600
1.54,113,Apr 30 2023 10: +0,1682845200
1.426,17,Apr 30 2023 11: +0,1682848800
1.347,14,Apr 30 2023 12: +0,1682852400
1.473,22,Apr 30 2023 13: +0,1682856000
1.378,26,Apr 30 2023 14: +0,1682859600
1.44,15,Apr 30 2023 15: +0,1682863200
1.44,29,Apr 30 2023 16: +0,1682866800
1.385,27,Apr 30 2023 17: +0,1682870400
1.347,34,Apr 30 2023 18: +0,1682874000
1.375,28,Apr 30 2023 19: +0,1682877600
1.391,25,Apr 30 2023 20: +0,1682881200
1.392,20,Apr 30 2023 21: +0,1682884800
1.338,34,Apr 30 2023 22: +0,1682888400
1.347,20,Apr 30 2023 23: +0,1682892000
1.36,27,May 01 2023 00: +0,1682895600
1.4,16,May 01 2023 01: +0,1682899200
1.36,15,May 01 2023 02: +0,1682902800
1.384,10,May 01 2023 03: +0,1682906400
1.408,6,May 01 2023 04: +0,1682910000
1.346,10,May 01 2023 05: +0,1682913600
1.285,9,May 01 2023 06: +0,1682917200
1.366,23,May 01 2023 07: +0,1682920800
1.376,13,May 01 2023 08: +0,1682924400
1.31,18,May 01 2023 09: +0,1682928000
1.311,19,May 01 2023 10: +0,1682931600
1.22,14,May 01 2023 11: +0,1682935200
1.241,22,May 01 2023 12: +0,1682938800
1.31,30,May 01 2023 13: +0,1682942400
1.226,35,May 01 2023 14: +0,1682946000
1.21,19,May 01 2023 15: +0,1682949600
1.207,40,May 01 2023 16: +0,1682953200
1.308,20,May 01 2023 17: +0,1682956800
1.285,25,May 01 2023 18: +0,1682960400
1.215,29,May 01 2023 19: +0,1682964000
1.231,22,May 01 2023 20: +0,1682967600
1.178,20,May 01 2023 21: +0,1682971200
1.337,66,May 01 2023 22: +0,1682974800
1.274,25,May 01 2023 23: +0,1682978400
1.19,14,May 02 2023 00: +0,1682982000
1.172,15,May 02 2023 01: +0,1682985600
1.186,14,May 02 2023 02: +0,1682989200
1.158,4,May 02 2023 03: +0,1682992800
1.182,8,May 02 2023 04: +0,1682996400
1.164,6,May 02 2023 05: +0,1683000000
1.177,22,May 02 2023 06: +0,1683003600
1.199,15,May 02 2023 07: +0,1683007200
1.206,10,May 02 2023 08: +0,1683010800
1.199,9,May 02 2023 09: +0,1683014400
1.208,13,May 02 2023 10: +0,1683018000
1.221,17,May 02 2023 11: +0,1683021600
1.235,10,May 02 2023 12: +0,1683025200
1.34,22,May 02 2023 13: +0,1683028800
1.353,9,May 02 2023 14: +0,1683032400
1.311,17,May 02 2023 15: +0,1683036000
1.263,36,May 02 2023 16: +0,1683039600
1.234,23,May 02 2023 17: +0,1683043200
1.232,29,May 02 2023 18: +0,1683046800
1.201,34,May 02 2023 19: +0,1683050400
1.216,35,May 02 2023 20: +0,1683054000
1.297,60,May 02 2023 21: +0,1683057600
1.218,15,May 02 2023 22: +0,1683061200
1.275,12,May 02 2023 23: +0,1683064800
1.183,5,May 03 2023 00: +0,1683068400
1.222,14,May 03 2023 01: +0,1683072000
1.24,3,May 03 2023 02: +0,1683075600
1.304,9,May 03 2023 03: +0,1683079200
1.209,5,May 03 2023 04: +0,1683082800
1.174,5,May 03 2023 05: +0,1683086400
1.179,15,May 03 2023 06: +0,1683090000
1.296,12,May 03 2023 07: +0,1683093600
1.295,8,May 03 2023 08: +0,1683097200
1.274,14,May 03 2023 09: +0,1683100800
1.256,15,May 03 2023 10: +0,1683104400
1.268,37,May 03 2023 11: +0,1683108000
1.334,12,May 03 2023 12: +0,1683111600
1.308,24,May 03 2023 13: +0,1683115200
1.293,15,May 03 2023 14: +0,1683118800
1.293,23,May 03 2023 15: +0,1683122400
1.258,25,May 03 2023 16: +0,1683126000
1.24,31,May 03 2023 17: +0,1683129600
1.242,24,May 03 2023 18: +0,1683133200
1.209,21,May 03 2023 19: +0,1683136800
1.226,31,May 03 2023 20: +0,1683140400
1.236,23,May 03 2023 21: +0,1683144000
1.204,14,May 03 2023 22: +0,1683147600
1.238,15,May 03 2023 23: +0,1683151200
1.291,21,May 04 2023 00: +0,1683154800
1.27,9,May 04 2023 01: +0,1683158400
1.352,14,May 04 2023 02: +0,1683162000
1.268,7,May 04 2023 03: +0,1683165600
1.315,5,May 04 2023 04: +0,1683169200
1.24,5,May 04 2023 05: +0,1683172800
1.232,3,May 04 2023 06: +0,1683176400
1.259,6,May 04 2023 07: +0,1683180000
1.319,7,May 04 2023 08: +0,1683183600
1.322,8,May 04 2023 09: +0,1683187200
1.302,10,May 04 2023 10: +0,1683190800
1.32,14,May 04 2023 11: +0,1683194400
1.324,21,May 04 2023 12: +0,1683198000
1.322,14,May 04 2023 13: +0,1683201600
1.329,10,May 04 2023 14: +0,1683205200
1.233,21,May 04 2023 15: +0,1683208800
1.271,15,May 04 2023 16: +0,1683212400
1.284,14,May 04 2023 17: +0,1683216000
1.274,22,May 04 2023 18: +0,1683219600
1.288,18,May 04 2023 19: +0,1683223200
1.264,24,May 04 2023 20: +0,1683226800
1.272,24,May 04 2023 21: +0,1683230400
1.264,18,May 04 2023 22: +0,1683234000
1.263,52,May 04 2023 23: +0,1683237600
1.303,17,May 05 2023 00: +0,1683241200
1.226,33,May 05 2023 01: +0,1683244800
1.211,14,May 05 2023 02: +0,1683248400
1.211,17,May 05 2023 03: +0,1683252000
1.211,21,May 05 2023 04: +0,1683255600
1.219,51,May 05 2023 05: +0,1683259200
1.163,42,May 05 2023 06: +0,1683262800
1.187,51,May 05 2023 07: +0,1683266400
1.155,39,May 05 2023 08: +0,1683270000
1.152,22,May 05 2023 09: +0,1683273600
1.141,26,May 05 2023 10: +0,1683277200
1.141,33,May 05 2023 11: +0,1683280800
1.115,15,May 05 2023 12: +0,1683284400
1.107,17,May 05 2023 13: +0,1683288000
1.115,10,May 05 2023 14: +0,1683291600
1.115,14,May 05 2023 15: +0,1683295200
1.077,107,May 05 2023 16: +0,1683298800
0.964,31,May 05 2023 17: +0,1683302400
0.97,25,May 05 2023 18: +0,1683306000
0.985,38,May 05 2023 19: +0,1683309600
1.034,30,May 05 2023 20: +0,1683313200
1.059,29,May 05 2023 21: +0,1683316800
0.962,24,May 05 2023 22: +0,1683320400
0.986,14,May 05 2023 23: +0,1683324000
1.02,18,May 06 2023 00: +0,1683327600
0.964,11,May 06 2023 01: +0,1683331200
0.968,4,May 06 2023 02: +0,1683334800
1.014,21,May 06 2023 03: +0,1683338400
1.007,33,May 06 2023 04: +0,1683342000
1.027,8,May 06 2023 05: +0,1683345600
1.031,14,May 06 2023 06: +0,1683349200
1.03,20,May 06 2023 07: +0,1683352800
1.057,20,May 06 2023 08: +0,1683356400
1.033,19,May 06 2023 09: +0,1683360000
1.097,31,May 06 2023 10: +0,1683363600
1.03,30,May 06 2023 11: +0,1683367200
1.05,15,May 06 2023 12: +0,1683370800
1.055,12,May 06 2023 13: +0,1683374400
1.083,21,May 06 2023 14: +0,1683378000
1.126,24,May 06 2023 15: +0,1683381600
1.144,24,May 06 2023 16: +0,1683385200
1.162,71,May 06 2023 17: +0,1683388800
0.918,26,May 06 2023 18: +0,1683392400
1.005,24,May 06 2023 19: +0,1683396000
1.084,35,May 06 2023 20: +0,1683399600
0.986,21,May 06 2023 21: +0,1683403200
0.995,16,May 06 2023 22: +0,1683406800
1.009,12,May 06 2023 23: +0,1683410400
1.017,12,May 07 2023 00: +0,1683414000
1.05,19,May 07 2023 01: +0,1683417600
1.048,12,May 07 2023 02: +0,1683421200
1.039,12,May 07 2023 03: +0,1683424800
1.073,18,May 07 2023 04: +0,1683428400
1.168,13,May 07 2023 05: +0,1683432000
0.998,10,May 07 2023 06: +0,1683435600
1.248,12,May 07 2023 07: +0,1683439200
1.001,8,May 07 2023 08: +0,1683442800
0.986,22,May 07 2023 09: +0,1683446400
1.081,10,May 07 2023 10: +0,1683450000
1.095,12,May 07 2023 11: +0,1683453600
0.986,14,May 07 2023 12: +0,1683457200
0.986,25,May 07 2023 13: +0,1683460800
0.986,17,May 07 2023 14: +0,1683464400
1.018,30,May 07 2023 15: +0,1683468000
0.986,38,May 07 2023 16: +0,1683471600
1.004,37,May 07 2023 17: +0,1683475200
1.013,13,May 07 2023 18: +0,1683478800
0.986,31,May 07 2023 19: +0,1683482400
0.996,23,May 07 2023 20: +0,1683486000
1.001,43,May 07 2023 21: +0,1683489600
1.016,23,May 07 2023 22: +0,1683493200
1.013,15,May 07 2023 23: +0,1683496800
1.074,11,May 08 2023 00: +0,1683500400
1.007,16,May 08 2023 01: +0,1683504000
0.978,17,May 08 2023 02: +0,1683507600
0.986,12,May 08 2023 03: +0,1683511200
1.006,2,May 08 2023 04: +0,1683514800
1.034,6,May 08 2023 05: +0,1683518400
1.018,6,May 08 2023 06: +0,1683522000
0.946,15,May 08 2023 07: +0,1683525600
0.991,9,May 08 2023 08: +0,1683529200
0.925,9,May 08 2023 09: +0,1683532800
0.822,12,May 08 2023 10: +0,1683536400
0.876,33,May 08 2023 11: +0,1683540000
0.939,9,May 08 2023 12: +0,1683543600
0.899,12,May 08 2023 13: +0,1683547200
0.927,12,May 08 2023 14: +0,1683550800
0.874,16,May 08 2023 15: +0,1683554400
0.83,26,May 08 2023 16: +0,1683558000
0.858,19,May 08 2023 17: +0,1683561600
0.808,37,May 08 2023 18: +0,1683565200
0.869,27,May 08 2023 19: +0,1683568800
0.931,24,May 08 2023 20: +0,1683572400
0.858,20,May 08 2023 21: +0,1683576000
0.873,23,May 08 2023 22: +0,1683579600
0.854,12,May 08 2023 23: +0,1683583200
0.87,11,May 09 2023 00: +0,1683586800
0.909,12,May 09 2023 01: +0,1683590400
0.87,7,May 09 2023 02: +0,1683594000
0.933,27,May 09 2023 03: +0,1683597600
0.981,14,May 09 2023 04: +0,1683601200
0.99,15,May 09 2023 05: +0,1683604800
0.899,5,May 09 2023 06: +0,1683608400
0.899,5,May 09 2023 07: +0,1683612000
0.881,16,May 09 2023 08: +0,1683615600
0.846,8,May 09 2023 09: +0,1683619200
0.829,17,May 09 2023 10: +0,1683622800
0.838,18,May 09 2023 11: +0,1683626400
0.955,17,May 09 2023 12: +0,1683630000
0.943,16,May 09 2023 13: +0,1683633600
0.865,17,May 09 2023 14: +0,1683637200
0.88,20,May 09 2023 15: +0,1683640800
0.846,14,May 09 2023 16: +0,1683644400
0.848,28,May 09 2023 17: +0,1683648000
0.834,24,May 09 2023 18: +0,1683651600
0.903,22,May 09 2023 19: +0,1683655200
0.912,33,May 09 2023 20: +0,1683658800
0.878,20,May 09 2023 21: +0,1683662400
0.88,29,May 09 2023 22: +0,1683666000
0.882,9,May 09 2023 23: +0,1683669600
0.731,17,May 10 2023 00: +0,1683673200
0.857,4,May 10 2023 01: +0,1683676800
0.922,10,May 10 2023 02: +0,1683680400
0.957,7,May 10 2023 03: +0,1683684000
0.955,16,May 10 2023 04: +0,1683687600
0.948,5,May 10 2023 05: +0,1683691200
0.87,7,May 10 2023 06: +0,1683694800
0.978,9,May 10 2023 07: +0,1683698400
0.85,7,May 10 2023 08: +0,1683702000
0.986,40,May 10 2023 09: +0,1683705600
0.957,7,May 10 2023 10: +0,1683709200
0.873,10,May 10 2023 11: +0,1683712800
0.858,19,May 10 2023 12: +0,1683716400
0.896,14,May 10 2023 13: +0,1683720000
0.901,10,May 10 2023 14: +0,1683723600
0.857,14,May 10 2023 15: +0,1683727200
0.964,25,May 10 2023 16: +0,1683730800
0.877,9,May 10 2023 17: +0,1683734400
0.858,25,May 10 2023 18: +0,1683738000
0.868,30,May 10 2023 19: +0,1683741600
0.858,23,May 10 2023 20: +0,1683745200
0.86,22,May 10 2023 21: +0,1683748800
0.878,17,May 10 2023 22: +0,1683752400
0.869,5,May 10 2023 23: +0,1683756000
0.86,107,May 11 2023 00: +0,1683759600
0.865,10,May 11 2023 01: +0,1683763200
0.871,20,May 11 2023 02: +0,1683766800
0.879,7,May 11 2023 03: +0,1683770400
0.887,19,May 11 2023 04: +0,1683774000
0.857,4,May 11 2023 05: +0,1683777600
0.869,10,May 11 2023 06: +0,1683781200
0.879,21,May 11 2023 07: +0,1683784800
0.9,5,May 11 2023 08: +0,1683788400
0.891,9,May 11 2023 09: +0,1683792000
0.932,26,May 11 2023 10: +0,1683795600
0.93,31,May 11 2023 11: +0,1683799200
0.895,9,May 11 2023 12: +0,1683802800
0.939,18,May 11 2023 13: +0,1683806400
0.939,23,May 11 2023 14: +0,1683810000
0.899,16,May 11 2023 15: +0,1683813600
0.916,22,May 11 2023 16: +0,1683817200
0.939,24,May 11 2023 17: +0,1683820800
0.949,29,May 11 2023 18: +0,1683824400
0.884,26,May 11 2023 19: +0,1683828000
0.949,50,May 11 2023 20: +0,1683831600
0.952,54,May 11 2023 21: +0,1683835200
0.929,13,May 11 2023 22: +0,1683838800
0.926,13,May 11 2023 23: +0,1683842400
0.882,9,May 12 2023 00: +0,1683846000
0.942,2,May 12 2023 01: +0,1683849600
0.945,7,May 12 2023 02: +0,1683853200
0.872,5,May 12 2023 03: +0,1683856800
0.872,11,May 12 2023 04: +0,1683860400
0.882,1,May 12 2023 05: +0,1683864000
0.926,10,May 12 2023 06: +0,1683867600
0.882,9,May 12 2023 07: +0,1683871200
0.882,10,May 12 2023 08: +0,1683874800
0.856,15,May 12 2023 09: +0,1683878400
0.9,9,May 12 2023 10: +0,1683882000
0.864,11,May 12 2023 11: +0,1683885600
0.887,3,May 12 2023 12: +0,1683889200
0.9,23,May 12 2023 13: +0,1683892800
0.872,27,May 12 2023 14: +0,1683896400
0.882,35,May 12 2023 15: +0,1683900000
0.864,28,May 12 2023 16: +0,1683903600
0.939,26,May 12 2023 17: +0,1683907200
0.882,21,May 12 2023 18: +0,1683910800
0.882,39,May 12 2023 19: +0,1683914400
0.882,29,May 12 2023 20: +0,1683918000
0.88,17,May 12 2023 21: +0,1683921600
0.88,42,May 12 2023 22: +0,1683925200
0.872,21,May 12 2023 23: +0,1683928800
1.0,22,May 13 2023 00: +0,1683932400
0.897,20,May 13 2023 01: +0,1683936000
0.898,6,May 13 2023 02: +0,1683939600
0.969,15,May 13 2023 03: +0,1683943200
0.886,7,May 13 2023 04: +0,1683946800
0.872,10,May 13 2023 05: +0,1683950400
0.902,14,May 13 2023 06: +0,1683954000
0.868,8,May 13 2023 07: +0,1683957600
0.8,14,May 13 2023 08: +0,1683961200
0.871,17,May 13 2023 09: +0,1683964800
0.84,17,May 13 2023 10: +0,1683968400
0.878,32,May 13 2023 11: +0,1683972000
0.975,17,May 13 2023 12: +0,1683975600
0.945,13,May 13 2023 13: +0,1683979200
0.808,32,May 13 2023 14: +0,1683982800
0.871,31,May 13 2023 15: +0,1683986400
0.884,19,May 13 2023 16: +0,1683990000
0.908,20,May 13 2023 17: +0,1683993600
0.99,28,May 13 2023 18: +0,1683997200
0.931,35,May 13 2023 19: +0,1684000800
0.973,17,May 13 2023 20: +0,1684004400
0.876,24,May 13 2023 21: +0,1684008000
0.879,23,May 13 2023 22: +0,1684011600
0.963,28,May 13 2023 23: +0,1684015200
0.871,10,May 14 2023 00: +0,1684018800
0.92,12,May 14 2023 01: +0,1684022400
0.931,8,May 14 2023 02: +0,1684026000
0.931,5,May 14 2023 03: +0,1684029600
0.931,4,May 14 2023 04: +0,1684033200
0.923,6,May 14 2023 05: +0,1684036800
0.87,1,May 14 2023 06: +0,1684040400
0.946,16,May 14 2023 07: +0,1684044000
0.97,12,May 14 2023 08: +0,1684047600
0.966,14,May 14 2023 09: +0,1684051200
0.974,8,May 14 2023 10: +0,1684054800
0.934,8,May 14 2023 11: +0,1684058400
0.877,22,May 14 2023 12: +0,1684062000
0.856,13,May 14 2023 13: +0,1684065600
0.871,23,May 14 2023 14: +0,1684069200
0.871,17,May 14 2023 15: +0,1684072800
0.879,24,May 14 2023 16: +0,1684076400
0.893,24,May 14 2023 17: +0,1684080000
0.883,23,May 14 2023 18: +0,1684083600
0.88,23,May 14 2023 19: +0,1684087200
0.884,23,May 14 2023 20: +0,1684090800
0.86,19,May 14 2023 21: +0,1684094400
0.879,13,May 14 2023 22: +0,1684098000
0.961,24,May 14 2023 23: +0,1684101600
0.808,7,May 15 2023 00: +0,1684105200
0.792,3,May 15 2023 01: +0,1684108800
0.808,9,May 15 2023 02: +0,1684112400
0.848,9,May 15 2023 03: +0,1684116000
0.867,6,May 15 2023 04: +0,1684119600
0.868,8,May 15 2023 05: +0,1684123200
0.808,10,May 15 2023 06: +0,1684126800
0.92,11,May 15 2023 07: +0,1684130400
0.808,5,May 15 2023 08: +0,1684134000
0.864,25,May 15 2023 09: +0,1684137600
0.958,6,May 15 2023 10: +0,1684141200
0.844,9,May 15 2023 11: +0,1684144800
0.85,2,May 15 2023 12: +0,1684148400
0.82,13,May 15 2023 13: +0,1684152000
0.808,29,May 15 2023 14: +0,1684155600
0.861,17,May 15 2023 15: +0,1684159200
0.809,14,May 15 2023 16: +0,1684162800
0.859,18,May 15 2023 17: +0,1684166400
0.88,31,May 15 2023 18: +0,1684170000
0.8,32,May 15 2023 19: +0,1684173600
0.84,29,May 15 2023 20: +0,1684177200
0.83,14,May 15 2023 21: +0,1684180800
0.883,16,May 15 2023 22: +0,1684184400
0.839,9,May 15 2023 23: +0,1684188000
0.869,10,May 16 2023 00: +0,1684191600
0.856,6,May 16 2023 01: +0,1684195200
0.855,8,May 16 2023 02: +0,1684198800
0.965,11,May 16 2023 03: +0,1684202400
0.968,29,May 16 2023 04: +0,1684206000
0.816,8,May 16 2023 05: +0,1684209600
0.823,6,May 16 2023 06: +0,1684213200
0.936,6,May 16 2023 07: +0,1684216800
0.823,10,May 16 2023 08: +0,1684220400
0.85,3,May 16 2023 09: +0,1684224000
0.814,10,May 16 2023 10: +0,1684227600
0.843,3,May 16 2023 11: +0,1684231200
0.827,8,May 16 2023 12: +0,1684234800
0.817,14,May 16 2023 13: +0,1684238400
0.82,21,May 16 2023 14: +0,1684242000
0.81,13,May 16 2023 15: +0,1684245600
0.817,23,May 16 2023 16: +0,1684249200
0.784,14,May 16 2023 17: +0,1684252800
0.82,23,May 16 2023 18: +0,1684256400
0.818,23,May 16 2023 19: +0,1684260000
0.85,34,May 16 2023 20: +0,1684263600
0.833,22,May 16 2023 21: +0,1684267200
0.846,15,May 16 2023 22: +0,1684270800
0.808,14,May 16 2023 23: +0,1684274400
0.832,15,May 17 2023 00: +0,1684278000
0.82,6,May 17 2023 01: +0,1684281600
0.824,7,May 17 2023 02: +0,1684285200
0.817,4,May 17 2023 03: +0,1684288800
0.859,8,May 17 2023 04: +0,1684292400
0.75,12,May 17 2023 05: +0,1684296000
0.755,2,May 17 2023 06: +0,1684299600
0.856,12,May 17 2023 07: +0,1684303200
0.864,12,May 17 2023 08: +0,1684306800
0.864,19,May 17 2023 09: +0,1684310400
0.864,11,May 17 2023 10: +0,1684314000
0.872,14,May 17 2023 11: +0,1684317600
0.888,20,May 17 2023 12: +0,1684321200
0.878,20,May 17 2023 13: +0,1684324800
0.88,22,May 17 2023 14: +0,1684328400
0.879,15,May 17 2023 15: +0,1684332000
0.888,13,May 17 2023 16: +0,1684335600
0.862,16,May 17 2023 17: +0,1684339200
0.808,25,May 17 2023 18: +0,1684342800
0.893,24,May 17 2023 19: +0,1684346400
0.899,24,May 17 2023 20: +0,1684350000
0.896,22,May 17 2023 21: +0,1684353600
0.878,19,May 17 2023 22: +0,1684357200
0.864,26,May 17 2023 23: +0,1684360800
0.979,22,May 18 2023 00: +0,1684364400
0.895,19,May 18 2023 01: +0,1684368000
0.868,10,May 18 2023 02: +0,1684371600
0.843,9,May 18 2023 03: +0,1684375200
0.979,4,May 18 2023 04: +0,1684378800
0.988,13,May 18 2023 05: +0,1684382400
0.988,4,May 18 2023 06: +0,1684386000
0.899,6,May 18 2023 07: +0,1684389600
0.859,5,May 18 2023 08: +0,1684393200
0.771,5,May 18 2023 09: +0,1684396800
0.908,18,May 18 2023 10: +0,1684400400
0.843,16,May 18 2023 11: +0,1684404000
0.837,16,May 18 2023 12: +0,1684407600
0.96,26,May 18 2023 13: +0,1684411200
0.97,15,May 18 2023 14: +0,1684414800
0.845,8,May 18 2023 15: +0,1684418400
0.805,18,May 18 2023 16: +0,1684422000
0.849,15,May 18 2023 17: +0,1684425600
0.825,12,May 18 2023 18: +0,1684429200
0.871,35,May 18 2023 19: +0,1684432800
0.845,26,May 18 2023 20: +0,1684436400
0.876,32,May 18 2023 21: +0,1684440000
0.868,17,May 18 2023 22: +0,1684443600
0.861,16,May 18 2023 23: +0,1684447200
0.87,32,May 19 2023 00: +0,1684450800
0.961,8,May 19 2023 01: +0,1684454400
0.966,11,May 19 2023 02: +0,1684458000
0.829,3,May 19 2023 03: +0,1684461600
0.847,3,May 19 2023 04: +0,1684465200
0.862,8,May 19 2023 05: +0,1684468800
0.853,7,May 19 2023 06: +0,1684472400
0.805,3,May 19 2023 07: +0,1684476000
0.789,15,May 19 2023 08: +0,1684479600
0.853,8,May 19 2023 09: +0,1684483200
0.868,15,May 19 2023 10: +0,1684486800
0.844,19,May 19 2023 11: +0,1684490400
0.833,21,May 19 2023 12: +0,1684494000
0.847,20,May 19 2023 13: +0,1684497600
0.864,13,May 19 2023 14: +0,1684501200
0.833,18,May 19 2023 15: +0,1684504800
0.87,19,May 19 2023 16: +0,1684508400
0.878,11,May 19 2023 17: +0,1684512000
0.828,22,May 19 2023 18: +0,1684515600
0.842,27,May 19 2023 19: +0,1684519200
0.828,25,May 19 2023 20: +0,1684522800
0.817,23,May 19 2023 21: +0,1684526400
0.813,20,May 19 2023 22: +0,1684530000
0.828,32,May 19 2023 23: +0,1684533600
0.83,18,May 20 2023 00: +0,1684537200
0.846,10,May 20 2023 01: +0,1684540800
0.828,8,May 20 2023 02: +0,1684544400
0.823,10,May 20 2023 03: +0,1684548000
0.828,9,May 20 2023 04: +0,1684551600
0.882,12,May 20 2023 05: +0,1684555200
0.92,20,May 20 2023 06: +0,1684558800
0.826,28,May 20 2023 07: +0,1684562400
0.867,7,May 20 2023 08: +0,1684566000
0.942,12,May 20 2023 09: +0,1684569600
0.805,13,May 20 2023 10: +0,1684573200
0.844,8,May 20 2023 11: +0,1684576800
0.835,8,May 20 2023 12: +0,1684580400
0.841,18,May 20 2023 13: +0,1684584000
0.829,10,May 20 2023 14: +0,1684587600
0.824,19,May 20 2023 15: +0,1684591200
0.845,14,May 20 2023 16: +0,1684594800
0.827,62,May 20 2023 17: +0,1684598400
0.825,10,May 20 2023 18: +0,1684602000
0.745,22,May 20 2023 19: +0,1684605600
0.82,22,May 20 2023 20: +0,1684609200
0.83,36,May 20 2023 21: +0,1684612800
0.85,29,May 20 2023 22: +0,1684616400
0.855,16,May 20 2023 23: +0,1684620000
0.892,25,May 21 2023 00: +0,1684623600
0.842,10,May 21 2023 01: +0,1684627200
0.877,15,May 21 2023 02: +0,1684630800
0.891,4,May 21 2023 03: +0,1684634400
0.909,8,May 21 2023 04: +0,1684638000
0.925,8,May 21 2023 05: +0,1684641600
0.859,14,May 21 2023 06: +0,1684645200
0.832,14,May 21 2023 07: +0,1684648800
0.826,35,May 21 2023 08: +0,1684652400
0.828,9,May 21 2023 09: +0,1684656000
0.85,19,May 21 2023 10: +0,1684659600
0.858,12,May 21 2023 11: +0,1684663200
0.857,19,May 21 2023 12: +0,1684666800
0.828,20,May 21 2023 13: +0,1684670400
0.835,23,May 21 2023 14: +0,1684674000
0.824,30,May 21 2023 15: +0,1684677600
0.867,24,May 21 2023 16: +0,1684681200
0.827,15,May 21 2023 17: +0,1684684800
0.848,23,May 21 2023 18: +0,1684688400
0.826,36,May 21 2023 19: +0,1684692000
0.812,38,May 21 2023 20: +0,1684695600
0.841,21,May 21 2023 21: +0,1684699200
0.89,23,May 21 2023 22: +0,1684702800
0.804,15,May 21 2023 23: +0,1684706400
0.844,30,May 22 2023 00: +0,1684710000
0.884,15,May 22 2023 01: +0,1684713600
0.863,13,May 22 2023 02: +0,1684717200
0.851,14,May 22 2023 03: +0,1684720800
0.843,6,May 22 2023 04: +0,1684724400
0.857,2,May 22 2023 05: +0,1684728000
0.878,7,May 22 2023 06: +0,1684731600
0.847,8,May 22 2023 07: +0,1684735200
0.824,7,May 22 2023 08: +0,1684738800
0.824,17,May 22 2023 09: +0,1684742400
0.694,3,May 22 2023 10: +0,1684746000
0.855,12,May 22 2023 11: +0,1684749600
0.824,17,May 22 2023 12: +0,1684753200
0.884,29,May 22 2023 13: +0,1684756800
0.812,17,May 22 2023 14: +0,1684760400
0.867,26,May 22 2023 15: +0,1684764000
0.885,32,May 22 2023 16: +0,1684767600
0.812,17,May 22 2023 17: +0,1684771200
0.859,42,May 22 2023 18: +0,1684774800
0.838,28,May 22 2023 19: +0,1684778400
0.824,30,May 22 2023 20: +0,1684782000
0.83,28,May 22 2023 21: +0,1684785600
0.825,21,May 22 2023 22: +0,1684789200
0.863,15,May 22 2023 23: +0,1684792800
0.851,8,May 23 2023 00: +0,1684796400
0.832,13,May 23 2023 01: +0,1684800000
0.812,15,May 23 2023 02: +0,1684803600
0.832,6,May 23 2023 03: +0,1684807200
0.832,11,May 23 2023 04: +0,1684810800
0.852,23,May 23 2023 05: +0,1684814400
0.852,9,May 23 2023 06: +0,1684818000
0.85,11,May 23 2023 07: +0,1684821600
0.812,5,May 23 2023 08: +0,1684825200
0.852,17,May 23 2023 09: +0,1684828800
0.82,10,May 23 2023 10: +0,1684832400
0.833,7,May 23 2023 11: +0,1684836000
0.831,10,May 23 2023 12: +0,1684839600
0.839,23,May 23 2023 13: +0,1684843200
0.829,15,May 23 2023 14: +0,1684846800
0.829,21,May 23 2023 15: +0,1684850400
0.804,15,May 23 2023 16: +0,1684854000
0.804,20,May 23 2023 17: +0,1684857600
0.796,36,May 23 2023 18: +0,1684861200
0.804,51,May 23 2023 19: +0,1684864800
0.826,34,May 23 2023 20: +0,1684868400
0.804,39,May 23 2023 21: +0,1684872000
0.788,18,May 23 2023 22: +0,1684875600
0.784,10,May 23 2023 23: +0,1684879200
0.745,7,May 24 2023 00: +0,1684882800
0.797,6,May 24 2023 01: +0,1684886400
0.803,7,May 24 2023 02: +0,1684890000
0.748,7,May 24 2023 03: +0,1684893600
0.803,7,May 24 2023 04: +0,1684897200
0.788,19,May 24 2023 05: +0,1684900800
0.772,11,May 24 2023 06: +0,1684904400
0.764,7,May 24 2023 07: +0,1684908000
0.791,4,May 24 2023 08: +0,1684911600
0.796,13,May 24 2023 09: +0,1684915200
0.815,16,May 24 2023 10: +0,1684918800
0.788,13,May 24 2023 11: +0,1684922400
0.776,14,May 24 2023 12: +0,1684926000
0.758,12,May 24 2023 13: +0,1684929600
0.775,19,May 24 2023 14: +0,1684933200
0.748,20,May 24 2023 15: +0,1684936800
0.777,18,May 24 2023 16: +0,1684940400
0.788,33,May 24 2023 17: +0,1684944000
0.794,23,May 24 2023 18: +0,1684947600
0.794,25,May 24 2023 19: +0,1684951200
0.823,23,May 24 2023 20: +0,1684954800
0.816,20,May 24 2023 21: +0,1684958400
0.787,17,May 24 2023 22: +0,1684962000
0.752,12,May 24 2023 23: +0,1684965600
0.772,10,May 25 2023 00: +0,1684969200
0.751,10,May 25 2023 01: +0,1684972800
0.759,10,May 25 2023 02: +0,1684976400
0.792,6,May 25 2023 03: +0,1684980000
0.816,10,May 25 2023 04: +0,1684983600
0.757,6,May 25 2023 05: +0,1684987200
0.769,10,May 25 2023 06: +0,1684990800
0.761,13,May 25 2023 07: +0,1684994400
0.767,4,May 25 2023 08: +0,1684998000
0.785,14,May 25 2023 09: +0,1685001600
0.79,21,May 25 2023 10: +0,1685005200
0.806,14,May 25 2023 11: +0,1685008800
0.823,22,May 25 2023 12: +0,1685012400
0.781,14,May 25 2023 13: +0,1685016000
0.768,11,May 25 2023 14: +0,1685019600
0.772,16,May 25 2023 15: +0,1685023200
0.803,21,May 25 2023 16: +0,1685026800
0.812,10,May 25 2023 17: +0,1685030400
0.776,15,May 25 2023 18: +0,1685034000
0.777,19,May 25 2023 19: +0,1685037600
0.802,19,May 25 2023 20: +0,1685041200
0.824,35,May 25 2023 21: +0,1685044800
0.807,14,May 25 2023 22: +0,1685048400
0.777,18,May 25 2023 23: +0,1685052000
0.842,14,May 26 2023 00: +0,1685055600
0.795,12,May 26 2023 01: +0,1685059200
0.811,4,May 26 2023 02: +0,1685062800
0.753,13,May 26 2023 03: +0,1685066400
0.802,8,May 26 2023 04: +0,1685070000
0.775,15,May 26 2023 05: +0,1685073600
0.803,2,May 26 2023 06: +0,1685077200
0.817,4,May 26 2023 07: +0,1685080800
0.765,10,May 26 2023 08: +0,1685084400
0.777,12,May 26 2023 09: +0,1685088000
0.788,7,May 26 2023 10: +0,1685091600
0.781,9,May 26 2023 11: +0,1685095200
0.774,12,May 26 2023 12: +0,1685098800
0.78,21,May 26 2023 13: +0,1685102400
0.789,33,May 26 2023 14: +0,1685106000
0.793,11,May 26 2023 15: +0,1685109600
0.798,24,May 26 2023 16: +0,1685113200
0.807,22,May 26 2023 17: +0,1685116800
0.789,21,May 26 2023 18: +0,1685120400
0.769,20,May 26 2023 19: +0,1685124000
0.807,33,May 26 2023 20: +0,1685127600
0.842,26,May 26 2023 21: +0,1685131200
0.847,25,May 26 2023 22: +0,1685134800
0.769,14,May 26 2023 23: +0,1685138400
0.8,15,May 27 2023 00: +0,1685142000
0.761,7,May 27 2023 01: +0,1685145600
0.769,5,May 27 2023 02: +0,1685149200
0.799,17,May 27 2023 03: +0,1685152800
0.801,6,May 27 2023 04: +0,1685156400
0.833,3,May 27 2023 05: +0,1685160000
0.822,5,May 27 2023 06: +0,1685163600
0.83,7,May 27 2023 07: +0,1685167200
0.739,4,May 27 2023 08: +0,1685170800
0.777,12,May 27 2023 09: +0,1685174400
0.815,6,May 27 2023 10: +0,1685178000
0.777,18,May 27 2023 11: +0,1685181600
0.781,23,May 27 2023 12: +0,1685185200
0.81,14,May 27 2023 13: +0,1685188800
0.81,19,May 27 2023 14: +0,1685192400
0.802,26,May 27 2023 15: +0,1685196000
0.794,13,May 27 2023 16: +0,1685199600
0.777,21,May 27 2023 17: +0,1685203200
0.804,26,May 27 2023 18: +0,1685206800
0.8,16,May 27 2023 19: +0,1685210400
0.781,38,May 27 2023 20: +0,1685214000
0.833,33,May 27 2023 21: +0,1685217600
0.753,17,May 27 2023 22: +0,1685221200
0.769,19,May 27 2023 23: +0,1685224800
0.79,11,May 28 2023 00: +0,1685228400
0.769,11,May 28 2023 01: +0,1685232000
0.819,7,May 28 2023 02: +0,1685235600
0.769,13,May 28 2023 03: +0,1685239200
0.777,10,May 28 2023 04: +0,1685242800
0.806,9,May 28 2023 05: +0,1685246400
0.786,10,May 28 2023 06: +0,1685250000
0.789,14,May 28 2023 07: +0,1685253600
0.769,11,May 28 2023 08: +0,1685257200
0.777,29,May 28 2023 09: +0,1685260800
0.833,48,May 28 2023 10: +0,1685264400
0.867,28,May 28 2023 11: +0,1685268000
0.85,22,May 28 2023 12: +0,1685271600
0.808,15,May 28 2023 13: +0,1685275200
0.803,23,May 28 2023 14: +0,1685278800
0.785,26,May 28 2023 15: +0,1685282400
0.791,19,May 28 2023 16: +0,1685286000
0.801,30,May 28 2023 17: +0,1685289600
0.831,12,May 28 2023 18: +0,1685293200
0.831,28,May 28 2023 19: +0,1685296800
0.835,43,May 28 2023 20: +0,1685300400
0.868,30,May 28 2023 21: +0,1685304000
0.868,53,May 28 2023 22: +0,1685307600
0.873,33,May 28 2023 23: +0,1685311200
0.776,8,May 29 2023 00: +0,1685314800
0.791,14,May 29 2023 01: +0,1685318400
0.801,3,May 29 2023 02: +0,1685322000
0.795,8,May 29 2023 03: +0,1685325600
0.785,3,May 29 2023 04: +0,1685329200
0.773,10,May 29 2023 05: +0,1685332800
0.801,1,May 29 2023 06: +0,1685336400
0.796,4,May 29 2023 07: +0,1685340000
0.859,17,May 29 2023 08: +0,1685343600
0.859,5,May 29 2023 09: +0,1685347200
0.824,15,May 29 2023 10: +0,1685350800
0.81,23,May 29 2023 11: +0,1685354400
0.877,29,May 29 2023 12: +0,1685358000
0.898,114,May 29 2023 13: +0,1685361600
0.859,26,May 29 2023 14: +0,1685365200
0.86,18,May 29 2023 15: +0,1685368800
0.85,12,May 29 2023 16: +0,1685372400
0.814,26,May 29 2023 17: +0,1685376000
0.792,20,May 29 2023 18: +0,1685379600
0.809,13,May 29 2023 19: +0,1685383200
0.809,26,May 29 2023 20: +0,1685386800
0.83,28,May 29 2023 21: +0,1685390400
0.851,20,May 29 2023 22: +0,1685394000
0.846,6,May 29 2023 23: +0,1685397600
0.801,6,May 30 2023 00: +0,1685401200
0.851,11,May 30 2023 02: +0,1685408400
0.805,8,May 30 2023 03: +0,1685412000
0.814,4,May 30 2023 04: +0,1685415600
0.853,2,May 30 2023 05: +0,1685419200
0.772,6,May 30 2023 06: +0,1685422800
0.677,3,May 30 2023 07: +0,1685426400
0.807,7,May 30 2023 08: +0,1685430000
0.838,12,May 30 2023 09: +0,1685433600
0.834,6,May 30 2023 10: +0,1685437200
0.827,18,May 30 2023 11: +0,1685440800
0.842,14,May 30 2023 12: +0,1685444400
0.829,23,May 30 2023 13: +0,1685448000
0.809,25,May 30 2023 14: +0,1685451600
0.808,10,May 30 2023 15: +0,1685455200
0.801,9,May 30 2023 16: +0,1685458800
0.795,20,May 30 2023 17: +0,1685462400
0.799,17,May 30 2023 18: +0,1685466000
0.795,26,May 30 2023 19: +0,1685469600
0.777,17,May 30 2023 20: +0,1685473200
0.772,37,May 30 2023 21: +0,1685476800
0.818,40,May 30 2023 22: +0,1685480400
0.753,13,May 30 2023 23: +0,1685484000
0.769,9,May 31 2023 00: +0,1685487600
0.85,20,May 31 2023 01: +0,1685491200
0.809,5,May 31 2023 02: +0,1685494800
0.777,8,May 31 2023 03: +0,1685498400
0.801,3,May 31 2023 04: +0,1685502000
0.777,11,May 31 2023 05: +0,1685505600
0.72,3,May 31 2023 06: +0,1685509200
0.777,5,May 31 2023 07: +0,1685512800
0.777,12,May 31 2023 08: +0,1685516400
0.777,14,May 31 2023 09: +0,1685520000
0.785,10,May 31 2023 10: +0,1685523600
0.777,11,May 31 2023 11: +0,1685527200
0.807,85,May 31 2023 12: +0,1685530800
0.796,20,May 31 2023 13: +0,1685534400
0.769,15,May 31 2023 14: +0,1685538000
0.772,12,May 31 2023 15: +0,1685541600
0.798,17,May 31 2023 16: +0,1685545200
0.769,31,May 31 2023 17: +0,1685548800
0.778,19,May 31 2023 18: +0,1685552400
0.797,24,May 31 2023 19: +0,1685556000
0.788,23,May 31 2023 20: +0,1685559600
0.774,12,May 31 2023 21: +0,1685563200
0.769,26,May 31 2023 22: +0,1685566800
0.809,9,May 31 2023 23: +0,1685570400
0.769,7,Jun 01 2023 00: +0,1685574000
0.792,7,Jun 01 2023 01: +0,1685577600
0.781,6,Jun 01 2023 02: +0,1685581200
0.785,10,Jun 01 2023 03: +0,1685584800
0.801,7,Jun 01 2023 04: +0,1685588400
0.785,5,Jun 01 2023 05: +0,1685592000
0.795,10,Jun 01 2023 06: +0,1685595600
0.845,3,Jun 01 2023 07: +0,1685599200
0.785,5,Jun 01 2023 08: +0,1685602800
0.85,40,Jun 01 2023 09: +0,1685606400
0.809,17,Jun 01 2023 10: +0,1685610000
0.805,8,Jun 01 2023 11: +0,1685613600
0.775,13,Jun 01 2023 12: +0,1685617200
0.803,24,Jun 01 2023 13: +0,1685620800
0.871,19,Jun 01 2023 14: +0,1685624400
0.878,9,Jun 01 2023 15: +0,1685628000
0.828,4,Jun 01 2023 16: +0,1685631600
0.798,14,Jun 01 2023 17: +0,1685635200
0.775,20,Jun 01 2023 18: +0,1685638800
0.798,11,Jun 01 2023 19: +0,1685642400
0.829,29,Jun 01 2023 20: +0,1685646000
0.801,15,Jun 01 2023 21: +0,1685649600
0.81,16,Jun 01 2023 22: +0,1685653200
0.839,12,Jun 01 2023 23: +0,1685656800
0.785,7,Jun 02 2023 00: +0,1685660400
0.79,5,Jun 02 2023 01: +0,1685664000
0.663,2,Jun 02 2023 02: +0,1685667600
0.807,11,Jun 02 2023 03: +0,1685671200
0.735,6,Jun 02 2023 04: +0,1685674800
0.808,17,Jun 02 2023 05: +0,1685678400
0.841,6,Jun 02 2023 06: +0,1685682000
0.83,9,Jun 02 2023 07: +0,1685685600
0.775,9,Jun 02 2023 08: +0,1685689200
0.775,17,Jun 02 2023 09: +0,1685692800
0.775,9,Jun 02 2023 10: +0,1685696400
0.817,21,Jun 02 2023 11: +0,1685700000
0.82,23,Jun 02 2023 12: +0,1685703600
0.781,10,Jun 02 2023 13: +0,1685707200
0.793,29,Jun 02 2023 14: +0,1685710800
0.827,17,Jun 02 2023 15: +0,1685714400
0.807,14,Jun 02 2023 16: +0,1685718000
0.806,15,Jun 02 2023 17: +0,1685721600
0.829,31,Jun 02 2023 18: +0,1685725200
0.777,18,Jun 02 2023 19: +0,1685728800
0.781,21,Jun 02 2023 20: +0,1685732400
0.816,30,Jun 02 2023 21: +0,1685736000
0.791,14,Jun 02 2023 22: +0,1685739600
0.8,14,Jun 02 2023 23: +0,1685743200
0.824,16,Jun 03 2023 00: +0,1685746800
0.816,8,Jun 03 2023 01: +0,1685750400
0.743,3,Jun 03 2023 02: +0,1685754000
0.765,12,Jun 03 2023 03: +0,1685757600
0.804,5,Jun 03 2023 04: +0,1685761200
0.817,12,Jun 03 2023 05: +0,1685764800
0.839,26,Jun 03 2023 06: +0,1685768400
0.831,6,Jun 03 2023 07: +0,1685772000
0.812,14,Jun 03 2023 08: +0,1685775600
0.814,18,Jun 03 2023 09: +0,1685779200
0.825,25,Jun 03 2023 10: +0,1685782800
0.791,17,Jun 03 2023 11: +0,1685786400
0.84,115,Jun 03 2023 12: +0,1685790000
0.81,24,Jun 03 2023 13: +0,1685793600
0.825,47,Jun 03 2023 14: +0,1685797200
0.886,35,Jun 03 2023 15: +0,1685800800
0.819,12,Jun 03 2023 16: +0,1685804400
0.815,14,Jun 03 2023 17: +0,1685808000
0.807,16,Jun 03 2023 18: +0,1685811600
0.838,14,Jun 03 2023 19: +0,1685815200
0.839,29,Jun 03 2023 20: +0,1685818800
0.87,18,Jun 03 2023 21: +0,1685822400
0.812,12,Jun 03 2023 22: +0,1685826000
0.822,24,Jun 03 2023 23: +0,1685829600
0.832,8,Jun 04 2023 00: +0,1685833200
0.861,2,Jun 04 2023 01: +0,1685836800
0.802,15,Jun 04 2023 02: +0,1685840400
0.802,12,Jun 04 2023 03: +0,1685844000
0.802,6,Jun 04 2023 04: +0,1685847600
0.784,9,Jun 04 2023 05: +0,1685851200
0.802,3,Jun 04 2023 06: +0,1685854800
0.796,6,Jun 04 2023 07: +0,1685858400
0.802,15,Jun 04 2023 08: +0,1685862000
0.809,21,Jun 04 2023 09: +0,1685865600
0.805,13,Jun 04 2023 10: +0,1685869200
0.82,18,Jun 04 2023 11: +0,1685872800
0.8,20,Jun 04 2023 12: +0,1685876400
0.8,28,Jun 04 2023 13: +0,1685880000
0.801,23,Jun 04 2023 14: +0,1685883600
0.818,20,Jun 04 2023 15: +0,1685887200
0.8,8,Jun 04 2023 16: +0,1685890800
0.792,23,Jun 04 2023 17: +0,1685894400
0.8,18,Jun 04 2023 18: +0,1685898000
0.832,17,Jun 04 2023 19: +0,1685901600
0.826,19,Jun 04 2023 20: +0,1685905200
0.885,35,Jun 04 2023 21: +0,1685908800
0.847,8,Jun 04 2023 22: +0,1685912400
0.844,8,Jun 04 2023 23: +0,1685916000
0.835,5,Jun 05 2023 00: +0,1685919600
0.8,8,Jun 05 2023 01: +0,1685923200
0.788,6,Jun 05 2023 02: +0,1685926800
0.798,9,Jun 05 2023 03: +0,1685930400
0.815,8,Jun 05 2023 04: +0,1685934000
0.808,8,Jun 05 2023 05: +0,1685937600
0.852,11,Jun 05 2023 06: +0,1685941200
0.784,5,Jun 05 2023 07: +0,1685944800
0.794,6,Jun 05 2023 08: +0,1685948400
0.87,8,Jun 05 2023 09: +0,1685952000
0.881,13,Jun 05 2023 10: +0,1685955600
0.792,20,Jun 05 2023 11: +0,1685959200
0.904,26,Jun 05 2023 12: +0,1685962800
0.792,11,Jun 05 2023 13: +0,1685966400
0.83,18,Jun 05 2023 14: +0,1685970000
0.866,18,Jun 05 2023 15: +0,1685973600
0.801,14,Jun 05 2023 16: +0,1685977200
0.82,18,Jun 05 2023 17: +0,1685980800
0.788,14,Jun 05 2023 18: +0,1685984400
0.824,22,Jun 05 2023 19: +0,1685988000
0.809,19,Jun 05 2023 20: +0,1685991600
0.795,30,Jun 05 2023 21: +0,1685995200
0.804,12,Jun 05 2023 22: +0,1685998800
0.784,7,Jun 05 2023 23: +0,1686002400
0.796,13,Jun 06 2023 00: +0,1686006000
0.686,3,Jun 06 2023 01: +0,1686009600
0.808,9,Jun 06 2023 02: +0,1686013200
0.808,11,Jun 06 2023 03: +0,1686016800
0.808,3,Jun 06 2023 04: +0,1686020400
0.776,7,Jun 06 2023 05: +0,1686024000
0.8,11,Jun 06 2023 06: +0,1686027600
0.775,8,Jun 06 2023 07: +0,1686031200
0.796,5,Jun 06 2023 08: +0,1686034800
0.809,14,Jun 06 2023 09: +0,1686038400
0.818,26,Jun 06 2023 10: +0,1686042000
0.82,25,Jun 06 2023 11: +0,1686045600
0.82,100,Jun 06 2023 12: +0,1686049200
0.837,17,Jun 06 2023 13: +0,1686052800
0.812,19,Jun 06 2023 14: +0,1686056400
0.82,9,Jun 06 2023 15: +0,1686060000
0.795,5,Jun 06 2023 16: +0,1686063600
0.81,25,Jun 06 2023 17: +0,1686067200
0.822,24,Jun 06 2023 18: +0,1686070800
0.816,22,Jun 06 2023 19: +0,1686074400
0.784,25,Jun 06 2023 20: +0,1686078000
0.864,26,Jun 06 2023 21: +0,1686081600
0.8,7,Jun 06 2023 22: +0,1686085200
0.814,12,Jun 06 2023 23: +0,1686088800
0.828,13,Jun 07 2023 00: +0,1686092400
0.828,7,Jun 07 2023 01: +0,1686096000
0.888,53,Jun 07 2023 02: +0,1686099600
0.88,6,Jun 07 2023 03: +0,1686103200
0.783,6,Jun 07 2023 04: +0,1686106800
0.789,6,Jun 07 2023 05: +0,1686110400
0.819,5,Jun 07 2023 06: +0,1686114000
0.807,7,Jun 07 2023 07: +0,1686117600
0.888,11,Jun 07 2023 08: +0,1686121200
0.854,10,Jun 07 2023 09: +0,1686124800
0.811,7,Jun 07 2023 10: +0,1686128400
0.776,7,Jun 07 2023 11: +0,1686132000
0.794,45,Jun 07 2023 12: +0,1686135600
0.775,27,Jun 07 2023 13: +0,1686139200
0.784,15,Jun 07 2023 14: +0,1686142800
0.794,32,Jun 07 2023 15: +0,1686146400
0.81,20,Jun 07 2023 16: +0,1686150000
0.819,13,Jun 07 2023 17: +0,1686153600
0.827,12,Jun 07 2023 18: +0,1686157200
0.818,35,Jun 07 2023 19: +0,1686160800
0.804,17,Jun 07 2023 20: +0,1686164400
0.797,13,Jun 07 2023 21: +0,1686168000
0.867,19,Jun 07 2023 22: +0,1686171600
0.831,8,Jun 07 2023 23: +0,1686175200
0.826,32,Jun 08 2023 00: +0,1686178800
0.857,5,Jun 08 2023 01: +0,1686182400
0.917,7,Jun 08 2023 02: +0,1686186000
0.768,17,Jun 08 2023 03: +0,1686189600
0.768,4,Jun 08 2023 04: +0,1686193200
0.797,5,Jun 08 2023 05: +0,1686196800
0.784,10,Jun 08 2023 06: +0,1686200400
0.806,9,Jun 08 2023 07: +0,1686204000
0.8,6,Jun 08 2023 08: +0,1686207600
0.784,7,Jun 08 2023 09: +0,1686211200
0.814,6,Jun 08 2023 10: +0,1686214800
0.791,6,Jun 08 2023 11: +0,1686218400
0.834,23,Jun 08 2023 12: +0,1686222000
0.877,21,Jun 08 2023 13: +0,1686225600
0.807,20,Jun 08 2023 14: +0,1686229200
0.88,11,Jun 08 2023 15: +0,1686232800
0.888,24,Jun 08 2023 16: +0,1686236400
0.853,12,Jun 08 2023 17: +0,1686240000
0.847,21,Jun 08 2023 18: +0,1686243600
0.855,21,Jun 08 2023 19: +0,1686247200
0.823,15,Jun 08 2023 20: +0,1686250800
0.838,21,Jun 08 2023 21: +0,1686254400
0.8,16,Jun 08 2023 22: +0,1686258000
0.817,19,Jun 08 2023 23: +0,1686261600
0.809,3,Jun 09 2023 00: +0,1686265200
0.825,6,Jun 09 2023 01: +0,1686268800
0.824,6,Jun 09 2023 02: +0,1686272400
0.808,10,Jun 09 2023 03: +0,1686276000
0.8,3,Jun 09 2023 04: +0,1686279600
0.818,5,Jun 09 2023 05: +0,1686283200
0.856,10,Jun 09 2023 06: +0,1686286800
0.815,6,Jun 09 2023 07: +0,1686290400
0.838,9,Jun 09 2023 08: +0,1686294000
0.8,9,Jun 09 2023 09: +0,1686297600
0.796,8,Jun 09 2023 10: +0,1686301200
0.824,16,Jun 09 2023 11: +0,1686304800
0.832,16,Jun 09 2023 12: +0,1686308400
0.8,29,Jun 09 2023 13: +0,1686312000
0.801,12,Jun 09 2023 14: +0,1686315600
0.826,17,Jun 09 2023 15: +0,1686319200
0.809,25,Jun 09 2023 16: +0,1686322800
0.851,14,Jun 09 2023 17: +0,1686326400
0.802,8,Jun 09 2023 18: +0,1686330000
0.809,23,Jun 09 2023 19: +0,1686333600
0.82,23,Jun 09 2023 20: +0,1686337200
0.792,16,Jun 09 2023 21: +0,1686340800
0.802,13,Jun 09 2023 22: +0,1686344400
0.796,10,Jun 09 2023 23: +0,1686348000
0.795,15,Jun 10 2023 00: +0,1686351600
0.804,5,Jun 10 2023 01: +0,1686355200
0.827,19,Jun 10 2023 02: +0,1686358800
0.804,8,Jun 10 2023 03: +0,1686362400
0.803,7,Jun 10 2023 04: +0,1686366000
0.822,10,Jun 10 2023 05: +0,1686369600
0.799,8,Jun 10 2023 06: +0,1686373200
0.809,8,Jun 10 2023 07: +0,1686376800
0.813,2,Jun 10 2023 08: +0,1686380400
0.795,10,Jun 10 2023 09: +0,1686384000
0.807,13,Jun 10 2023 10: +0,1686387600
0.791,17,Jun 10 2023 11: +0,1686391200
0.791,18,Jun 10 2023 12: +0,1686394800
0.79,16,Jun 10 2023 13: +0,1686398400
0.756,33,Jun 10 2023 14: +0,1686402000
0.789,16,Jun 10 2023 15: +0,1686405600
0.82,21,Jun 10 2023 16: +0,1686409200
0.81,21,Jun 10 2023 17: +0,1686412800
0.821,14,Jun 10 2023 18: +0,1686416400
0.812,14,Jun 10 2023 19: +0,1686420000
0.824,18,Jun 10 2023 20: +0,1686423600
0.81,17,Jun 10 2023 21: +0,1686427200
0.791,10,Jun 10 2023 22: +0,1686430800
0.836,8,Jun 10 2023 23: +0,1686434400
0.828,18,Jun 11 2023 00: +0,1686438000
0.805,9,Jun 11 2023 01: +0,1686441600
0.836,28,Jun 11 2023 02: +0,1686445200
0.816,11,Jun 11 2023 03: +0,1686448800
0.86,74,Jun 11 2023 04: +0,1686452400
0.906,7,Jun 11 2023 05: +0,1686456000
0.86,9,Jun 11 2023 06: +0,1686459600
0.816,4,Jun 11 2023 07: +0,1686463200
0.835,8,Jun 11 2023 08: +0,1686466800
0.791,13,Jun 11 2023 09: +0,1686470400
0.848,13,Jun 11 2023 10: +0,1686474000
0.891,18,Jun 11 2023 11: +0,1686477600
0.903,22,Jun 11 2023 12: +0,1686481200
0.89,7,Jun 11 2023 13: +0,1686484800
0.817,13,Jun 11 2023 14: +0,1686488400
0.78,10,Jun 11 2023 15: +0,1686492000
0.79,17,Jun 11 2023 16: +0,1686495600
0.817,13,Jun 11 2023 17: +0,1686499200
0.807,31,Jun 11 2023 18: +0,1686502800
0.888,27,Jun 11 2023 19: +0,1686506400
0.898,41,Jun 11 2023 20: +0,1686510000
0.918,27,Jun 11 2023 21: +0,1686513600
0.857,11,Jun 11 2023 22: +0,1686517200
0.819,12,Jun 11 2023 23: +0,1686520800
0.874,8,Jun 12 2023 00: +0,1686524400
0.779,14,Jun 12 2023 01: +0,1686528000
0.931,43,Jun 12 2023 02: +0,1686531600
0.808,8,Jun 12 2023 03: +0,1686535200
0.925,9,Jun 12 2023 04: +0,1686538800
0.936,25,Jun 12 2023 05: +0,1686542400
0.939,15,Jun 12 2023 06: +0,1686546000
0.862,6,Jun 12 2023 07: +0,1686549600
0.814,10,Jun 12 2023 08: +0,1686553200
0.874,5,Jun 12 2023 09: +0,1686556800
0.846,7,Jun 12 2023 10: +0,1686560400
0.862,18,Jun 12 2023 11: +0,1686564000
0.889,8,Jun 12 2023 12: +0,1686567600
0.879,11,Jun 12 2023 13: +0,1686571200
0.859,16,Jun 12 2023 14: +0,1686574800
0.858,22,Jun 12 2023 15: +0,1686578400
0.925,49,Jun 12 2023 16: +0,1686582000
0.976,115,Jun 12 2023 17: +0,1686585600
0.981,238,Jun 12 2023 18: +0,1686589200
1.006,209,Jun 12 2023 19: +0,1686592800
1.03,64,Jun 12 2023 20: +0,1686596400
0.98,32,Jun 12 2023 21: +0,1686600000
0.992,34,Jun 12 2023 22: +0,1686603600
1.009,30,Jun 12 2023 23: +0,1686607200
1.018,12,Jun 13 2023 00: +0,1686610800
1.025,10,Jun 13 2023 01: +0,1686614400
0.975,13,Jun 13 2023 02: +0,1686618000
1.026,6,Jun 13 2023 03: +0,1686621600
0.975,18,Jun 13 2023 04: +0,1686625200
1.02,10,Jun 13 2023 05: +0,1686628800
0.965,6,Jun 13 2023 06: +0,1686632400
1.015,5,Jun 13 2023 07: +0,1686636000
1.026,112,Jun 13 2023 08: +0,1686639600
0.956,24,Jun 13 2023 09: +0,1686643200
0.966,12,Jun 13 2023 10: +0,1686646800
1.007,18,Jun 13 2023 11: +0,1686650400
1.025,52,Jun 13 2023 12: +0,1686654000
0.975,17,Jun 13 2023 13: +0,1686657600
1.035,100,Jun 13 2023 14: +0,1686661200
1.064,55,Jun 13 2023 15: +0,1686664800
1.069,45,Jun 13 2023 16: +0,1686668400
0.992,25,Jun 13 2023 17: +0,1686672000
1.043,38,Jun 13 2023 18: +0,1686675600
1.064,38,Jun 13 2023 19: +0,1686679200
1.043,41,Jun 13 2023 20: +0,1686682800
1.057,29,Jun 13 2023 21: +0,1686686400
1.029,20,Jun 13 2023 22: +0,1686690000
1.115,43,Jun 13 2023 23: +0,1686693600
0.851,23,Jun 14 2023 00: +0,1686697200
1.098,53,Jun 14 2023 01: +0,1686700800
1.031,20,Jun 14 2023 02: +0,1686704400
1.041,6,Jun 14 2023 03: +0,1686708000
1.039,23,Jun 14 2023 04: +0,1686711600
1.045,13,Jun 14 2023 05: +0,1686715200
1.047,5,Jun 14 2023 06: +0,1686718800
1.01,16,Jun 14 2023 07: +0,1686722400
1.036,6,Jun 14 2023 08: +0,1686726000
1.001,32,Jun 14 2023 09: +0,1686729600
1.056,71,Jun 14 2023 10: +0,1686733200
1.065,40,Jun 14 2023 11: +0,1686736800
1.09,14,Jun 14 2023 12: +0,1686740400
1.026,19,Jun 14 2023 13: +0,1686744000
1.104,180,Jun 14 2023 14: +0,1686747600
0.981,26,Jun 14 2023 15: +0,1686751200
1.033,35,Jun 14 2023 16: +0,1686754800
1.061,35,Jun 14 2023 17: +0,1686758400
1.047,18,Jun 14 2023 18: +0,1686762000
1.039,28,Jun 14 2023 19: +0,1686765600
0.996,21,Jun 14 2023 20: +0,1686769200
1.03,36,Jun 14 2023 21: +0,1686772800
1.065,29,Jun 14 2023 22: +0,1686776400
1.077,40,Jun 14 2023 23: +0,1686780000
0.983,19,Jun 15 2023 00: +0,1686783600
0.923,7,Jun 15 2023 01: +0,1686787200
0.998,18,Jun 15 2023 02: +0,1686790800
0.978,9,Jun 15 2023 03: +0,1686794400
1.017,9,Jun 15 2023 04: +0,1686798000
1.05,3,Jun 15 2023 05: +0,1686801600
1.065,30,Jun 15 2023 06: +0,1686805200
1.081,16,Jun 15 2023 07: +0,1686808800
1.077,12,Jun 15 2023 08: +0,1686812400
0.968,8,Jun 15 2023 09: +0,1686816000
0.979,17,Jun 15 2023 10: +0,1686819600
0.969,20,Jun 15 2023 11: +0,1686823200
0.932,16,Jun 15 2023 12: +0,1686826800
0.991,13,Jun 15 2023 13: +0,1686830400
0.971,22,Jun 15 2023 14: +0,1686834000
0.894,15,Jun 15 2023 15: +0,1686837600
0.923,12,Jun 15 2023 16: +0,1686841200
0.908,18,Jun 15 2023 17: +0,1686844800
0.93,38,Jun 15 2023 18: +0,1686848400
0.896,35,Jun 15 2023 19: +0,1686852000
0.913,21,Jun 15 2023 20: +0,1686855600
0.899,39,Jun 15 2023 21: +0,1686859200
0.903,16,Jun 15 2023 22: +0,1686862800
0.966,13,Jun 15 2023 23: +0,1686866400
1.01,17,Jun 16 2023 00: +0,1686870000
1.006,5,Jun 16 2023 01: +0,1686873600
1.007,7,Jun 16 2023 02: +0,1686877200
0.842,1,Jun 16 2023 03: +0,1686880800
1.01,38,Jun 16 2023 04: +0,1686884400
1.014,46,Jun 16 2023 05: +0,1686888000
1.018,18,Jun 16 2023 06: +0,1686891600
0.938,8,Jun 16 2023 07: +0,1686895200
0.992,6,Jun 16 2023 08: +0,1686898800
0.924,12,Jun 16 2023 09: +0,1686902400
0.997,17,Jun 16 2023 10: +0,1686906000
0.96,18,Jun 16 2023 11: +0,1686909600
0.993,11,Jun 16 2023 12: +0,1686913200
0.942,30,Jun 16 2023 13: +0,1686916800
0.913,15,Jun 16 2023 14: +0,1686920400
0.942,21,Jun 16 2023 15: +0,1686924000
0.934,10,Jun 16 2023 16: +0,1686927600
1.006,38,Jun 16 2023 17: +0,1686931200
1.018,21,Jun 16 2023 18: +0,1686934800
1.018,19,Jun 16 2023 19: +0,1686938400
0.975,25,Jun 16 2023 20: +0,1686942000
1.018,20,Jun 16 2023 21: +0,1686945600
0.991,19,Jun 16 2023 22: +0,1686949200
1.016,17,Jun 16 2023 23: +0,1686952800
0.956,8,Jun 17 2023 00: +0,1686956400
1.018,30,Jun 17 2023 01: +0,1686960000
1.022,14,Jun 17 2023 02: +0,1686963600
1.006,5,Jun 17 2023 03: +0,1686967200
1.04,7,Jun 17 2023 04: +0,1686970800
1.022,5,Jun 17 2023 05: +0,1686974400
0.922,7,Jun 17 2023 06: +0,1686978000
1.017,3,Jun 17 2023 07: +0,1686981600
1.053,30,Jun 17 2023 08: +0,1686985200
0.93,5,Jun 17 2023 09: +0,1686988800
0.93,9,Jun 17 2023 10: +0,1686992400
0.932,18,Jun 17 2023 11: +0,1686996000
0.976,28,Jun 17 2023 12: +0,1686999600
0.99,13,Jun 17 2023 13: +0,1687003200
0.982,6,Jun 17 2023 14: +0,1687006800
0.978,20,Jun 17 2023 15: +0,1687010400
0.988,20,Jun 17 2023 16: +0,1687014000
1.041,20,Jun 17 2023 17: +0,1687017600
1.063,33,Jun 17 2023 18: +0,1687021200
1.059,17,Jun 17 2023 19: +0,1687024800
0.98,21,Jun 17 2023 20: +0,1687028400
0.976,22,Jun 17 2023 21: +0,1687032000
0.884,7,Jun 17 2023 22: +0,1687035600
0.93,16,Jun 17 2023 23: +0,1687039200
0.986,10,Jun 18 2023 00: +0,1687042800
0.939,7,Jun 18 2023 01: +0,1687046400
0.897,6,Jun 18 2023 02: +0,1687050000
0.931,5,Jun 18 2023 03: +0,1687053600
0.973,8,Jun 18 2023 04: +0,1687057200
0.927,3,Jun 18 2023 05: +0,1687060800
0.983,7,Jun 18 2023 06: +0,1687064400
0.963,8,Jun 18 2023 07: +0,1687068000
0.984,13,Jun 18 2023 08: +0,1687071600
1.05,7,Jun 18 2023 09: +0,1687075200
0.956,17,Jun 18 2023 10: +0,1687078800
0.982,17,Jun 18 2023 11: +0,1687082400
1.019,9,Jun 18 2023 12: +0,1687086000
1.004,24,Jun 18 2023 13: +0,1687089600
0.936,8,Jun 18 2023 14: +0,1687093200
0.884,46,Jun 18 2023 15: +0,1687096800
0.884,106,Jun 18 2023 16: +0,1687100400
0.994,34,Jun 18 2023 17: +0,1687104000
0.939,19,Jun 18 2023 18: +0,1687107600
0.999,16,Jun 18 2023 19: +0,1687111200
0.922,21,Jun 18 2023 20: +0,1687114800
1.024,21,Jun 18 2023 21: +0,1687118400
0.905,14,Jun 18 2023 22: +0,1687122000
0.99,21,Jun 18 2023 23: +0,1687125600
0.905,7,Jun 19 2023 00: +0,1687129200
0.944,2,Jun 19 2023 01: +0,1687132800
1.076,155,Jun 19 2023 02: +0,1687136400
1.101,22,Jun 19 2023 03: +0,1687140000
0.983,15,Jun 19 2023 04: +0,1687143600
0.955,2,Jun 19 2023 05: +0,1687147200
0.99,4,Jun 19 2023 06: +0,1687150800
1.017,3,Jun 19 2023 07: +0,1687154400
0.975,10,Jun 19 2023 08: +0,1687158000
1.0,4,Jun 19 2023 09: +0,1687161600
0.948,25,Jun 19 2023 10: +0,1687165200
1.006,9,Jun 19 2023 11: +0,1687168800
0.922,12,Jun 19 2023 12: +0,1687172400
0.996,8,Jun 19 2023 13: +0,1687176000
0.89,25,Jun 19 2023 14: +0,1687179600
0.934,12,Jun 19 2023 15: +0,1687183200
0.942,10,Jun 19 2023 16: +0,1687186800
0.905,18,Jun 19 2023 17: +0,1687190400
0.92,15,Jun 19 2023 18: +0,1687194000
0.969,16,Jun 19 2023 19: +0,1687197600
0.99,11,Jun 19 2023 20: +0,1687201200
0.925,21,Jun 19 2023 21: +0,1687204800
0.908,22,Jun 19 2023 22: +0,1687208400
0.953,16,Jun 19 2023 23: +0,1687212000
0.888,7,Jun 20 2023 00: +0,1687215600
0.861,6,Jun 20 2023 01: +0,1687219200
0.905,9,Jun 20 2023 02: +0,1687222800
0.938,16,Jun 20 2023 03: +0,1687226400
0.976,3,Jun 20 2023 04: +0,1687230000
0.905,5,Jun 20 2023 05: +0,1687233600
0.982,3,Jun 20 2023 06: +0,1687237200
0.818,10,Jun 20 2023 07: +0,1687240800
0.799,15,Jun 20 2023 08: +0,1687244400
0.99,5,Jun 20 2023 09: +0,1687248000
0.964,8,Jun 20 2023 10: +0,1687251600
0.959,8,Jun 20 2023 11: +0,1687255200
0.978,27,Jun 20 2023 12: +0,1687258800
0.974,14,Jun 20 2023 13: +0,1687262400
0.925,15,Jun 20 2023 14: +0,1687266000
0.954,14,Jun 20 2023 15: +0,1687269600
0.952,16,Jun 20 2023 16: +0,1687273200
0.985,18,Jun 20 2023 17: +0,1687276800
0.989,13,Jun 20 2023 18: +0,1687280400
0.93,12,Jun 20 2023 19: +0,1687284000
0.929,18,Jun 20 2023 20: +0,1687287600
0.974,36,Jun 20 2023 21: +0,1687291200
0.984,7,Jun 20 2023 22: +0,1687294800
0.938,10,Jun 20 2023 23: +0,1687298400
0.956,11,Jun 21 2023 00: +0,1687302000
0.952,2,Jun 21 2023 01: +0,1687305600
0.876,19,Jun 21 2023 02: +0,1687309200
0.952,8,Jun 21 2023 03: +0,1687312800
0.891,6,Jun 21 2023 04: +0,1687316400
0.9,14,Jun 21 2023 05: +0,1687320000
0.921,11,Jun 21 2023 06: +0,1687323600
0.96,5,Jun 21 2023 07: +0,1687327200
0.891,9,Jun 21 2023 08: +0,1687330800
0.9,18,Jun 21 2023 09: +0,1687334400
0.927,14,Jun 21 2023 10: +0,1687338000
0.891,29,Jun 21 2023 11: +0,1687341600
0.899,13,Jun 21 2023 12: +0,1687345200
0.926,16,Jun 21 2023 13: +0,1687348800
0.891,28,Jun 21 2023 14: +0,1687352400
0.921,21,Jun 21 2023 15: +0,1687356000
0.931,26,Jun 21 2023 16: +0,1687359600
0.881,16,Jun 21 2023 17: +0,1687363200
0.857,15,Jun 21 2023 18: +0,1687366800
0.857,23,Jun 21 2023 19: +0,1687370400
0.826,27,Jun 21 2023 20: +0,1687374000
0.826,74,Jun 21 2023 21: +0,1687377600
0.826,66,Jun 21 2023 22: +0,1687381200
0.833,25,Jun 21 2023 23: +0,1687384800
0.826,18,Jun 22 2023 00: +0,1687388400
0.843,6,Jun 22 2023 01: +0,1687392000
0.806,4,Jun 22 2023 02: +0,1687395600
0.839,2,Jun 22 2023 03: +0,1687399200
0.842,12,Jun 22 2023 04: +0,1687402800
0.834,20,Jun 22 2023 05: +0,1687406400
0.803,12,Jun 22 2023 06: +0,1687410000
0.811,3,Jun 22 2023 07: +0,1687413600
0.826,11,Jun 22 2023 08: +0,1687417200
0.834,10,Jun 22 2023 09: +0,1687420800
0.834,15,Jun 22 2023 10: +0,1687424400
0.838,26,Jun 22 2023 11: +0,1687428000
0.826,16,Jun 22 2023 12: +0,1687431600
0.826,21,Jun 22 2023 13: +0,1687435200
0.811,15,Jun 22 2023 14: +0,1687438800
0.837,18,Jun 22 2023 15: +0,1687442400
0.826,9,Jun 22 2023 16: +0,1687446000
0.85,45,Jun 22 2023 17: +0,1687449600
0.826,28,Jun 22 2023 18: +0,1687453200
0.867,26,Jun 22 2023 19: +0,1687456800
0.834,15,Jun 22 2023 20: +0,1687460400
0.848,10,Jun 22 2023 21: +0,1687464000
0.844,14,Jun 22 2023 22: +0,1687467600
0.881,24,Jun 22 2023 23: +0,1687471200
0.873,7,Jun 23 2023 00: +0,1687474800
0.873,20,Jun 23 2023 01: +0,1687478400
0.826,37,Jun 23 2023 02: +0,1687482000
0.826,24,Jun 23 2023 03: +0,1687485600
0.826,36,Jun 23 2023 04: +0,1687489200
0.842,13,Jun 23 2023 05: +0,1687492800
0.878,22,Jun 23 2023 06: +0,1687496400
0.826,11,Jun 23 2023 07: +0,1687500000
0.83,16,Jun 23 2023 08: +0,1687503600
0.826,12,Jun 23 2023 09: +0,1687507200
0.831,34,Jun 23 2023 10: +0,1687510800
0.81,27,Jun 23 2023 11: +0,1687514400
0.81,26,Jun 23 2023 12: +0,1687518000
0.81,15,Jun 23 2023 13: +0,1687521600
0.784,28,Jun 23 2023 14: +0,1687525200
0.82,19,Jun 23 2023 15: +0,1687528800
0.806,27,Jun 23 2023 16: +0,1687532400
0.824,13,Jun 23 2023 17: +0,1687536000
0.81,19,Jun 23 2023 18: +0,1687539600
0.81,21,Jun 23 2023 19: +0,1687543200
0.825,16,Jun 23 2023 20: +0,1687546800
0.9,35,Jun 23 2023 21: +0,1687550400
0.831,15,Jun 23 2023 22: +0,1687554000
0.833,4,Jun 23 2023 23: +0,1687557600
0.899,4,Jun 24 2023 00: +0,1687561200
0.788,7,Jun 24 2023 01: +0,1687564800
0.796,13,Jun 24 2023 02: +0,1687568400
0.833,9,Jun 24 2023 03: +0,1687572000
0.833,5,Jun 24 2023 04: +0,1687575600
0.824,7,Jun 24 2023 05: +0,1687579200
0.827,10,Jun 24 2023 06: +0,1687582800
0.86,10,Jun 24 2023 07: +0,1687586400
0.881,17,Jun 24 2023 08: +0,1687590000
0.881,19,Jun 24 2023 09: +0,1687593600
0.873,15,Jun 24 2023 10: +0,1687597200
0.9,22,Jun 24 2023 11: +0,1687600800
0.834,9,Jun 24 2023 12: +0,1687604400
0.861,18,Jun 24 2023 13: +0,1687608000
0.848,19,Jun 24 2023 14: +0,1687611600
0.857,23,Jun 24 2023 15: +0,1687615200
0.865,12,Jun 24 2023 16: +0,1687618800
0.857,20,Jun 24 2023 17: +0,1687622400
0.857,11,Jun 24 2023 18: +0,1687626000
0.857,25,Jun 24 2023 19: +0,1687629600
0.857,25,Jun 24 2023 20: +0,1687633200
0.857,7,Jun 24 2023 21: +0,1687636800
0.934,46,Jun 24 2023 22: +0,1687640400
0.963,20,Jun 24 2023 23: +0,1687644000
0.955,10,Jun 25 2023 00: +0,1687647600
0.943,8,Jun 25 2023 01: +0,1687651200
0.986,39,Jun 25 2023 02: +0,1687654800
0.878,8,Jun 25 2023 03: +0,1687658400
0.928,5,Jun 25 2023 04: +0,1687662000
0.889,4,Jun 25 2023 05: +0,1687665600
0.923,9,Jun 25 2023 06: +0,1687669200
0.821,15,Jun 25 2023 08: +0,1687676400
0.865,7,Jun 25 2023 09: +0,1687680000
0.865,11,Jun 25 2023 10: +0,1687683600
0.92,12,Jun 25 2023 11: +0,1687687200
0.943,24,Jun 25 2023 12: +0,1687690800
0.936,9,Jun 25 2023 13: +0,1687694400
0.895,10,Jun 25 2023 14: +0,1687698000
0.883,16,Jun 25 2023 15: +0,1687701600
0.883,9,Jun 25 2023 16: +0,1687705200
0.883,30,Jun 25 2023 17: +0,1687708800
0.865,23,Jun 25 2023 18: +0,1687712400
0.924,9,Jun 25 2023 19: +0,1687716000
0.857,18,Jun 25 2023 20: +0,1687719600
0.876,19,Jun 25 2023 21: +0,1687723200
0.87,14,Jun 25 2023 22: +0,1687726800
0.847,5,Jun 25 2023 23: +0,1687730400
0.845,6,Jun 26 2023 00: +0,1687734000
0.847,6,Jun 26 2023 01: +0,1687737600
0.85,7,Jun 26 2023 02: +0,1687741200
0.845,8,Jun 26 2023 03: +0,1687744800
0.872,2,Jun 26 2023 04: +0,1687748400
0.833,7,Jun 26 2023 05: +0,1687752000
0.796,17,Jun 26 2023 06: +0,1687755600
0.814,11,Jun 26 2023 07: +0,1687759200
0.81,9,Jun 26 2023 08: +0,1687762800
0.822,11,Jun 26 2023 09: +0,1687766400
0.827,6,Jun 26 2023 10: +0,1687770000
0.829,16,Jun 26 2023 11: +0,1687773600
0.818,27,Jun 26 2023 12: +0,1687777200
0.818,13,Jun 26 2023 13: +0,1687780800
0.84,45,Jun 26 2023 14: +0,1687784400
0.826,11,Jun 26 2023 15: +0,1687788000
0.84,28,Jun 26 2023 16: +0,1687791600
0.848,14,Jun 26 2023 17: +0,1687795200
0.837,14,Jun 26 2023 18: +0,1687798800
0.822,18,Jun 26 2023 19: +0,1687802400
0.834,13,Jun 26 2023 20: +0,1687806000
0.827,16,Jun 26 2023 21: +0,1687809600
0.859,5,Jun 26 2023 22: +0,1687813200
0.859,9,Jun 26 2023 23: +0,1687816800
0.82,7,Jun 27 2023 00: +0,1687820400
0.883,4,Jun 27 2023 01: +0,1687824000
0.85,9,Jun 27 2023 02: +0,1687827600
0.874,2,Jun 27 2023 03: +0,1687831200
0.867,8,Jun 27 2023 04: +0,1687834800
0.86,3,Jun 27 2023 05: +0,1687838400
0.827,3,Jun 27 2023 06: +0,1687842000
0.814,16,Jun 27 2023 07: +0,1687845600
0.823,3,Jun 27 2023 08: +0,1687849200
0.816,12,Jun 27 2023 09: +0,1687852800
0.825,3,Jun 27 2023 10: +0,1687856400
0.835,18,Jun 27 2023 11: +0,1687860000
0.842,6,Jun 27 2023 12: +0,1687863600
0.832,6,Jun 27 2023 13: +0,1687867200
0.842,29,Jun 27 2023 14: +0,1687870800
0.83,32,Jun 27 2023 15: +0,1687874400
0.841,19,Jun 27 2023 16: +0,1687878000
0.827,16,Jun 27 2023 17: +0,1687881600
0.832,11,Jun 27 2023 18: +0,1687885200
0.832,4,Jun 27 2023 19: +0,1687888800
0.83,17,Jun 27 2023 20: +0,1687892400
0.837,30,Jun 27 2023 21: +0,1687896000
0.835,26,Jun 27 2023 22: +0,1687899600
0.845,13,Jun 27 2023 23: +0,1687903200
0.835,6,Jun 28 2023 00: +0,1687906800
0.845,11,Jun 28 2023 01: +0,1687910400
0.794,8,Jun 28 2023 02: +0,1687914000
0.823,17,Jun 28 2023 03: +0,1687917600
0.808,6,Jun 28 2023 04: +0,1687921200
0.842,11,Jun 28 2023 05: +0,1687924800
0.813,16,Jun 28 2023 06: +0,1687928400
0.812,11,Jun 28 2023 07: +0,1687932000
0.818,3,Jun 28 2023 08: +0,1687935600
0.818,24,Jun 28 2023 09: +0,1687939200
0.818,18,Jun 28 2023 10: +0,1687942800
0.811,9,Jun 28 2023 11: +0,1687946400
0.818,12,Jun 28 2023 12: +0,1687950000
0.818,18,Jun 28 2023 13: +0,1687953600
0.801,30,Jun 28 2023 14: +0,1687957200
0.795,13,Jun 28 2023 15: +0,1687960800
0.794,33,Jun 28 2023 16: +0,1687964400
0.775,15,Jun 28 2023 17: +0,1687968000
0.776,17,Jun 28 2023 18: +0,1687971600
0.78,15,Jun 28 2023 19: +0,1687975200
0.778,34,Jun 28 2023 20: +0,1687978800
0.778,19,Jun 28 2023 21: +0,1687982400
0.772,18,Jun 28 2023 22: +0,1687986000
0.747,6,Jun 28 2023 23: +0,1687989600
0.749,8,Jun 29 2023 00: +0,1687993200
0.749,8,Jun 29 2023 01: +0,1687996800
0.749,18,Jun 29 2023 02: +0,1688000400
0.754,13,Jun 29 2023 03: +0,1688004000
0.751,1,Jun 29 2023 04: +0,1688007600
0.72,2,Jun 29 2023 05: +0,1688011200
0.67,2,Jun 29 2023 06: +0,1688014800
0.755,4,Jun 29 2023 07: +0,1688018400
0.748,10,Jun 29 2023 08: +0,1688022000
0.748,8,Jun 29 2023 09: +0,1688025600
0.743,21,Jun 29 2023 10: +0,1688029200
0.741,16,Jun 29 2023 11: +0,1688032800
0.738,7,Jun 29 2023 12: +0,1688036400
0.757,18,Jun 29 2023 13: +0,1688040000
0.749,9,Jun 29 2023 14: +0,1688043600
0.746,9,Jun 29 2023 15: +0,1688047200
0.752,21,Jun 29 2023 16: +0,1688050800
0.751,11,Jun 29 2023 17: +0,1688054400
0.741,25,Jun 29 2023 18: +0,1688058000
0.738,20,Jun 29 2023 19: +0,1688061600
0.739,16,Jun 29 2023 20: +0,1688065200
0.741,34,Jun 29 2023 21: +0,1688068800
0.733,7,Jun 29 2023 22: +0,1688072400
0.731,14,Jun 29 2023 23: +0,1688076000
0.731,20,Jun 30 2023 00: +0,1688079600
0.707,24,Jun 30 2023 01: +0,1688083200
0.714,10,Jun 30 2023 02: +0,1688086800
0.732,15,Jun 30 2023 03: +0,1688090400
0.731,9,Jun 30 2023 04: +0,1688094000
0.733,9,Jun 30 2023 05: +0,1688097600
0.733,17,Jun 30 2023 06: +0,1688101200
0.734,5,Jun 30 2023 07: +0,1688104800
0.732,24,Jun 30 2023 08: +0,1688108400
0.731,13,Jun 30 2023 09: +0,1688112000
0.735,19,Jun 30 2023 10: +0,1688115600
0.731,10,Jun 30 2023 11: +0,1688119200
0.725,29,Jun 30 2023 12: +0,1688122800
0.732,25,Jun 30 2023 13: +0,1688126400
0.728,36,Jun 30 2023 14: +0,1688130000
0.728,22,Jun 30 2023 15: +0,1688133600
0.719,21,Jun 30 2023 16: +0,1688137200
0.737,17,Jun 30 2023 17: +0,1688140800
0.728,15,Jun 30 2023 18: +0,1688144400
0.728,20,Jun 30 2023 19: +0,1688148000
0.706,14,Jun 30 2023 20: +0,1688151600
0.732,17,Jun 30 2023 21: +0,1688155200
0.756,50,Jun 30 2023 22: +0,1688158800
0.74,11,Jun 30 2023 23: +0,1688162400
0.719,8,Jul 01 2023 00: +0,1688166000
0.725,10,Jul 01 2023 01: +0,1688169600
0.731,4,Jul 01 2023 02: +0,1688173200
0.731,9,Jul 01 2023 03: +0,1688176800
0.726,1,Jul 01 2023 04: +0,1688180400
0.749,15,Jul 01 2023 05: +0,1688184000
0.717,5,Jul 01 2023 06: +0,1688187600
0.722,7,Jul 01 2023 07: +0,1688191200
0.726,8,Jul 01 2023 08: +0,1688194800
0.702,16,Jul 01 2023 09: +0,1688198400
0.719,19,Jul 01 2023 10: +0,1688202000
0.717,13,Jul 01 2023 11: +0,1688205600
0.711,10,Jul 01 2023 12: +0,1688209200
0.719,9,Jul 01 2023 13: +0,1688212800
0.694,7,Jul 01 2023 14: +0,1688216400
0.678,15,Jul 01 2023 15: +0,1688220000
0.678,17,Jul 01 2023 16: +0,1688223600
0.688,20,Jul 01 2023 17: +0,1688227200
0.678,16,Jul 01 2023 18: +0,1688230800
0.723,18,Jul 01 2023 19: +0,1688234400
0.695,35,Jul 01 2023 20: +0,1688238000
0.678,15,Jul 01 2023 21: +0,1688241600
0.678,10,Jul 01 2023 22: +0,1688245200
0.678,8,Jul 01 2023 23: +0,1688248800
0.686,35,Jul 02 2023 00: +0,1688252400
0.686,7,Jul 02 2023 01: +0,1688256000
0.703,2,Jul 02 2023 02: +0,1688259600
0.682,6,Jul 02 2023 03: +0,1688263200
0.686,3,Jul 02 2023 04: +0,1688266800
0.653,6,Jul 02 2023 05: +0,1688270400
0.71,2,Jul 02 2023 06: +0,1688274000
0.702,3,Jul 02 2023 07: +0,1688277600
0.702,10,Jul 02 2023 08: +0,1688281200
0.73,28,Jul 02 2023 09: +0,1688284800
0.702,12,Jul 02 2023 10: +0,1688288400
0.702,10,Jul 02 2023 11: +0,1688292000
0.686,15,Jul 02 2023 12: +0,1688295600
0.702,18,Jul 02 2023 13: +0,1688299200
0.687,23,Jul 02 2023 14: +0,1688302800
0.696,12,Jul 02 2023 15: +0,1688306400
0.687,12,Jul 02 2023 16: +0,1688310000
0.713,26,Jul 02 2023 17: +0,1688313600
0.692,18,Jul 02 2023 18: +0,1688317200
0.741,24,Jul 02 2023 19: +0,1688320800
0.737,30,Jul 02 2023 20: +0,1688324400
0.741,23,Jul 02 2023 21: +0,1688328000
0.741,21,Jul 02 2023 22: +0,1688331600
0.741,17,Jul 02 2023 23: +0,1688335200
0.711,9,Jul 03 2023 00: +0,1688338800
0.67,1,Jul 03 2023 01: +0,1688342400
0.749,16,Jul 03 2023 02: +0,1688346000
0.769,6,Jul 03 2023 03: +0,1688349600
0.687,4,Jul 03 2023 04: +0,1688353200
0.687,6,Jul 03 2023 05: +0,1688356800
0.67,3,Jul 03 2023 06: +0,1688360400
0.687,1,Jul 03 2023 07: +0,1688364000
0.72,8,Jul 03 2023 08: +0,1688367600
0.715,14,Jul 03 2023 09: +0,1688371200
0.721,10,Jul 03 2023 10: +0,1688374800
0.702,9,Jul 03 2023 11: +0,1688378400
0.678,16,Jul 03 2023 12: +0,1688382000
0.674,12,Jul 03 2023 13: +0,1688385600
0.706,9,Jul 03 2023 14: +0,1688389200
0.73,13,Jul 03 2023 15: +0,1688392800
0.691,12,Jul 03 2023 16: +0,1688396400
0.692,19,Jul 03 2023 17: +0,1688400000
0.694,28,Jul 03 2023 18: +0,1688403600
0.71,20,Jul 03 2023 19: +0,1688407200
0.693,27,Jul 03 2023 20: +0,1688410800
0.65,48,Jul 03 2023 21: +0,1688414400
0.666,23,Jul 03 2023 22: +0,1688418000
0.694,14,Jul 03 2023 23: +0,1688421600
0.696,6,Jul 04 2023 00: +0,1688425200
0.702,7,Jul 04 2023 01: +0,1688428800
0.698,10,Jul 04 2023 02: +0,1688432400
0.696,6,Jul 04 2023 03: +0,1688436000
0.696,3,Jul 04 2023 04: +0,1688439600
0.709,5,Jul 04 2023 05: +0,1688443200
0.686,4,Jul 04 2023 06: +0,1688446800
0.696,7,Jul 04 2023 07: +0,1688450400
0.67,17,Jul 04 2023 08: +0,1688454000
0.699,18,Jul 04 2023 09: +0,1688457600
0.678,8,Jul 04 2023 10: +0,1688461200
0.692,13,Jul 04 2023 11: +0,1688464800
0.702,11,Jul 04 2023 12: +0,1688468400
0.714,19,Jul 04 2023 13: +0,1688472000
0.632,11,Jul 04 2023 14: +0,1688475600
0.699,15,Jul 04 2023 15: +0,1688479200
0.676,21,Jul 04 2023 16: +0,1688482800
0.693,10,Jul 04 2023 17: +0,1688486400
0.676,14,Jul 04 2023 18: +0,1688490000
0.699,17,Jul 04 2023 19: +0,1688493600
0.699,23,Jul 04 2023 20: +0,1688497200
0.693,18,Jul 04 2023 21: +0,1688500800
0.699,23,Jul 04 2023 22: +0,1688504400
0.697,12,Jul 04 2023 23: +0,1688508000
0.758,13,Jul 05 2023 00: +0,1688511600
0.705,9,Jul 05 2023 01: +0,1688515200
0.737,13,Jul 05 2023 02: +0,1688518800
0.768,9,Jul 05 2023 03: +0,1688522400
0.754,7,Jul 05 2023 04: +0,1688526000
0.692,10,Jul 05 2023 05: +0,1688529600
0.692,11,Jul 05 2023 06: +0,1688533200
0.694,9,Jul 05 2023 07: +0,1688536800
0.699,12,Jul 05 2023 08: +0,1688540400
0.695,10,Jul 05 2023 09: +0,1688544000
0.684,15,Jul 05 2023 10: +0,1688547600
0.651,40,Jul 05 2023 11: +0,1688551200
0.705,7,Jul 05 2023 12: +0,1688554800
0.699,16,Jul 05 2023 13: +0,1688558400
0.702,16,Jul 05 2023 14: +0,1688562000
0.699,13,Jul 05 2023 15: +0,1688565600
0.689,10,Jul 05 2023 16: +0,1688569200
0.687,14,Jul 05 2023 17: +0,1688572800
0.69,24,Jul 05 2023 18: +0,1688576400
0.699,17,Jul 05 2023 19: +0,1688580000
0.69,21,Jul 05 2023 20: +0,1688583600
0.69,27,Jul 05 2023 21: +0,1688587200
0.693,18,Jul 05 2023 22: +0,1688590800
0.687,14,Jul 05 2023 23: +0,1688594400
0.689,13,Jul 06 2023 00: +0,1688598000
0.692,14,Jul 06 2023 01: +0,1688601600
0.692,3,Jul 06 2023 02: +0,1688605200
0.693,15,Jul 06 2023 03: +0,1688608800
0.754,1,Jul 06 2023 04: +0,1688612400
0.723,5,Jul 06 2023 05: +0,1688616000
0.694,8,Jul 06 2023 06: +0,1688619600
0.705,5,Jul 06 2023 07: +0,1688623200
0.675,4,Jul 06 2023 08: +0,1688626800
0.698,8,Jul 06 2023 09: +0,1688630400
0.683,11,Jul 06 2023 10: +0,1688634000
0.691,9,Jul 06 2023 11: +0,1688637600
0.688,19,Jul 06 2023 12: +0,1688641200
0.688,8,Jul 06 2023 13: +0,1688644800
0.706,21,Jul 06 2023 14: +0,1688648400
0.718,19,Jul 06 2023 15: +0,1688652000
0.688,5,Jul 06 2023 16: +0,1688655600
0.677,24,Jul 06 2023 17: +0,1688659200
0.682,7,Jul 06 2023 18: +0,1688662800
0.683,30,Jul 06 2023 19: +0,1688666400
0.698,24,Jul 06 2023 20: +0,1688670000
0.719,36,Jul 06 2023 21: +0,1688673600
0.682,14,Jul 06 2023 22: +0,1688677200
0.682,13,Jul 06 2023 23: +0,1688680800
0.686,1,Jul 07 2023 00: +0,1688684400
0.682,7,Jul 07 2023 01: +0,1688688000
0.693,4,Jul 07 2023 02: +0,1688691600
0.683,9,Jul 07 2023 03: +0,1688695200
0.686,15,Jul 07 2023 04: +0,1688698800
0.65,2,Jul 07 2023 05: +0,1688702400
0.686,5,Jul 07 2023 06: +0,1688706000
0.786,116,Jul 07 2023 07: +0,1688709600
0.698,5,Jul 07 2023 08: +0,1688713200
0.698,5,Jul 07 2023 09: +0,1688716800
0.704,14,Jul 07 2023 10: +0,1688720400
0.695,8,Jul 07 2023 11: +0,1688724000
0.698,15,Jul 07 2023 12: +0,1688727600
0.739,9,Jul 07 2023 13: +0,1688731200
0.681,11,Jul 07 2023 14: +0,1688734800
0.681,13,Jul 07 2023 15: +0,1688738400
0.681,12,Jul 07 2023 16: +0,1688742000
0.681,15,Jul 07 2023 17: +0,1688745600
0.664,20,Jul 07 2023 18: +0,1688749200
0.681,27,Jul 07 2023 19: +0,1688752800
0.681,40,Jul 07 2023 20: +0,1688756400
0.682,30,Jul 07 2023 21: +0,1688760000
0.686,20,Jul 07 2023 22: +0,1688763600
0.717,4,Jul 07 2023 23: +0,1688767200
0.686,13,Jul 08 2023 00: +0,1688770800
0.775,28,Jul 08 2023 01: +0,1688774400
0.683,12,Jul 08 2023 02: +0,1688778000
0.708,4,Jul 08 2023 03: +0,1688781600
0.733,4,Jul 08 2023 04: +0,1688785200
0.63,3,Jul 08 2023 05: +0,1688788800
0.79,11,Jul 08 2023 06: +0,1688792400
0.805,18,Jul 08 2023 07: +0,1688796000
0.785,10,Jul 08 2023 08: +0,1688799600
0.686,5,Jul 08 2023 09: +0,1688803200
0.696,9,Jul 08 2023 10: +0,1688806800
0.694,10,Jul 08 2023 11: +0,1688810400
0.692,65,Jul 08 2023 12: +0,1688814000
0.785,31,Jul 08 2023 13: +0,1688817600
0.686,7,Jul 08 2023 14: +0,1688821200
0.716,10,Jul 08 2023 15: +0,1688824800
0.681,15,Jul 08 2023 16: +0,1688828400
0.686,11,Jul 08 2023 17: +0,1688832000
0.686,10,Jul 08 2023 18: +0,1688835600
0.681,29,Jul 08 2023 19: +0,1688839200
0.681,32,Jul 08 2023 20: +0,1688842800
0.686,20,Jul 08 2023 21: +0,1688846400
0.689,8,Jul 08 2023 22: +0,1688850000
0.686,13,Jul 08 2023 23: +0,1688853600
0.72,15,Jul 09 2023 00: +0,1688857200
0.703,2,Jul 09 2023 02: +0,1688864400
0.686,3,Jul 09 2023 04: +0,1688871600
0.677,3,Jul 09 2023 05: +0,1688875200
0.706,8,Jul 09 2023 06: +0,1688878800
0.682,1,Jul 09 2023 07: +0,1688882400
0.657,4,Jul 09 2023 08: +0,1688886000
0.688,23,Jul 09 2023 09: +0,1688889600
0.696,23,Jul 09 2023 10: +0,1688893200
0.689,8,Jul 09 2023 11: +0,1688896800
0.696,13,Jul 09 2023 12: +0,1688900400
0.696,35,Jul 09 2023 13: +0,1688904000
0.707,18,Jul 09 2023 14: +0,1688907600
0.664,10,Jul 09 2023 15: +0,1688911200
0.696,21,Jul 09 2023 16: +0,1688914800
0.708,29,Jul 09 2023 17: +0,1688918400
0.731,26,Jul 09 2023 18: +0,1688922000
0.696,13,Jul 09 2023 19: +0,1688925600
0.678,18,Jul 09 2023 20: +0,1688929200
0.69,15,Jul 09 2023 21: +0,1688932800
0.69,21,Jul 09 2023 22: +0,1688936400
0.71,28,Jul 09 2023 23: +0,1688940000
0.7,14,Jul 10 2023 00: +0,1688943600
0.724,4,Jul 10 2023 01: +0,1688947200
0.682,6,Jul 10 2023 02: +0,1688950800
0.709,4,Jul 10 2023 03: +0,1688954400
0.675,7,Jul 10 2023 04: +0,1688958000
0.739,6,Jul 10 2023 05: +0,1688961600
0.682,1,Jul 10 2023 06: +0,1688965200
0.69,7,Jul 10 2023 07: +0,1688968800
0.735,12,Jul 10 2023 09: +0,1688976000
0.74,38,Jul 10 2023 10: +0,1688979600
0.743,10,Jul 10 2023 11: +0,1688983200
0.726,3,Jul 10 2023 12: +0,1688986800
0.72,8,Jul 10 2023 13: +0,1688990400
0.71,7,Jul 10 2023 14: +0,1688994000
0.72,16,Jul 10 2023 15: +0,1688997600
0.72,31,Jul 10 2023 16: +0,1689001200
0.69,16,Jul 10 2023 17: +0,1689004800
0.725,22,Jul 10 2023 18: +0,1689008400
0.709,13,Jul 10 2023 19: +0,1689012000
0.719,14,Jul 10 2023 20: +0,1689015600
0.675,13,Jul 10 2023 21: +0,1689019200
0.74,22,Jul 10 2023 22: +0,1689022800
0.746,8,Jul 10 2023 23: +0,1689026400
0.682,11,Jul 11 2023 00: +0,1689030000
0.722,1,Jul 11 2023 01: +0,1689033600
0.717,4,Jul 11 2023 02: +0,1689037200
0.659,4,Jul 11 2023 03: +0,1689040800
0.694,2,Jul 11 2023 04: +0,1689044400
0.651,10,Jul 11 2023 05: +0,1689048000
0.675,13,Jul 11 2023 06: +0,1689051600
0.675,4,Jul 11 2023 07: +0,1689055200
0.741,18,Jul 11 2023 08: +0,1689058800
0.76,1,Jul 11 2023 09: +0,1689062400
0.714,5,Jul 11 2023 10: +0,1689066000
0.714,11,Jul 11 2023 11: +0,1689069600
0.714,9,Jul 11 2023 12: +0,1689073200
0.705,10,Jul 11 2023 13: +0,1689076800
0.705,21,Jul 11 2023 14: +0,1689080400
0.743,11,Jul 11 2023 15: +0,1689084000
0.705,7,Jul 11 2023 16: +0,1689087600
0.729,4,Jul 11 2023 17: +0,1689091200
0.682,10,Jul 11 2023 18: +0,1689094800
0.697,14,Jul 11 2023 19: +0,1689098400
0.722,8,Jul 11 2023 20: +0,1689102000
0.719,6,Jul 11 2023 21: +0,1689105600
0.732,27,Jul 11 2023 22: +0,1689109200
0.73,5,Jul 11 2023 23: +0,1689112800
0.69,11,Jul 12 2023 00: +0,1689116400
0.73,12,Jul 12 2023 01: +0,1689120000
0.751,6,Jul 12 2023 02: +0,1689123600
0.716,2,Jul 12 2023 03: +0,1689127200
0.756,8,Jul 12 2023 04: +0,1689130800
0.754,8,Jul 12 2023 05: +0,1689134400
0.713,1,Jul 12 2023 06: +0,1689138000
0.69,6,Jul 12 2023 07: +0,1689141600
0.69,8,Jul 12 2023 08: +0,1689145200
0.658,34,Jul 12 2023 09: +0,1689148800
0.712,24,Jul 12 2023 10: +0,1689152400
0.713,9,Jul 12 2023 11: +0,1689156000
0.669,14,Jul 12 2023 12: +0,1689159600
0.647,9,Jul 12 2023 13: +0,1689163200
0.669,16,Jul 12 2023 14: +0,1689166800
0.672,8,Jul 12 2023 15: +0,1689170400
0.759,27,Jul 12 2023 16: +0,1689174000
0.647,20,Jul 12 2023 17: +0,1689177600
0.792,197,Jul 12 2023 18: +0,1689181200
0.71,30,Jul 12 2023 19: +0,1689184800
0.647,7,Jul 12 2023 20: +0,1689188400
0.63,31,Jul 12 2023 21: +0,1689192000
0.66,19,Jul 12 2023 22: +0,1689195600
0.677,14,Jul 12 2023 23: +0,1689199200
0.691,4,Jul 13 2023 00: +0,1689202800
0.448,9,Jul 13 2023 01: +0,1689206400
0.684,10,Jul 13 2023 02: +0,1689210000
0.714,15,Jul 13 2023 03: +0,1689213600
0.595,4,Jul 13 2023 04: +0,1689217200
0.68,3,Jul 13 2023 05: +0,1689220800
0.68,8,Jul 13 2023 06: +0,1689224400
0.68,3,Jul 13 2023 07: +0,1689228000
0.638,13,Jul 13 2023 08: +0,1689231600
0.634,20,Jul 13 2023 09: +0,1689235200
0.63,6,Jul 13 2023 10: +0,1689238800
0.647,13,Jul 13 2023 11: +0,1689242400
0.651,11,Jul 13 2023 12: +0,1689246000
0.676,7,Jul 13 2023 13: +0,1689249600
0.667,13,Jul 13 2023 14: +0,1689253200
0.642,19,Jul 13 2023 15: +0,1689256800
0.651,11,Jul 13 2023 16: +0,1689260400
0.642,15,Jul 13 2023 17: +0,1689264000
0.628,13,Jul 13 2023 18: +0,1689267600
0.63,18,Jul 13 2023 19: +0,1689271200
0.65,12,Jul 13 2023 20: +0,1689274800
0.638,11,Jul 13 2023 21: +0,1689278400
0.644,16,Jul 13 2023 22: +0,1689282000
0.658,15,Jul 13 2023 23: +0,1689285600
0.688,24,Jul 14 2023 00: +0,1689289200
0.692,14,Jul 14 2023 01: +0,1689292800
0.7,15,Jul 14 2023 02: +0,1689296400
0.694,9,Jul 14 2023 03: +0,1689300000
0.611,6,Jul 14 2023 04: +0,1689303600
0.731,1,Jul 14 2023 05: +0,1689307200
0.66,1,Jul 14 2023 06: +0,1689310800
0.66,3,Jul 14 2023 07: +0,1689314400
0.68,4,Jul 14 2023 08: +0,1689318000
0.68,10,Jul 14 2023 09: +0,1689321600
0.658,20,Jul 14 2023 10: +0,1689325200
0.662,8,Jul 14 2023 11: +0,1689328800
0.648,16,Jul 14 2023 12: +0,1689332400
0.717,24,Jul 14 2023 13: +0,1689336000
0.67,8,Jul 14 2023 14: +0,1689339600
0.678,10,Jul 14 2023 15: +0,1689343200
0.683,24,Jul 14 2023 16: +0,1689346800
0.717,11,Jul 14 2023 17: +0,1689350400
0.699,17,Jul 14 2023 18: +0,1689354000
0.724,10,Jul 14 2023 19: +0,1689357600
0.66,15,Jul 14 2023 20: +0,1689361200
0.711,7,Jul 14 2023 21: +0,1689364800
0.698,13,Jul 14 2023 22: +0,1689368400
0.702,10,Jul 14 2023 23: +0,1689372000
0.72,9,Jul 15 2023 00: +0,1689375600
0.641,2,Jul 15 2023 01: +0,1689379200
0.671,7,Jul 15 2023 02: +0,1689382800
0.717,10,Jul 15 2023 03: +0,1689386400
0.728,3,Jul 15 2023 04: +0,1689390000
0.664,3,Jul 15 2023 05: +0,1689393600
0.725,8,Jul 15 2023 06: +0,1689397200
0.685,10,Jul 15 2023 07: +0,1689400800
0.715,7,Jul 15 2023 08: +0,1689404400
0.725,7,Jul 15 2023 09: +0,1689408000
0.733,17,Jul 15 2023 10: +0,1689411600
0.671,10,Jul 15 2023 11: +0,1689415200
0.694,19,Jul 15 2023 12: +0,1689418800
0.668,12,Jul 15 2023 13: +0,1689422400
0.71,11,Jul 15 2023 14: +0,1689426000
0.679,9,Jul 15 2023 15: +0,1689429600
0.702,23,Jul 15 2023 16: +0,1689433200
0.707,18,Jul 15 2023 17: +0,1689436800
0.679,19,Jul 15 2023 18: +0,1689440400
0.702,11,Jul 15 2023 19: +0,1689444000
0.711,19,Jul 15 2023 20: +0,1689447600
0.717,32,Jul 15 2023 21: +0,1689451200
0.723,24,Jul 15 2023 22: +0,1689454800
0.679,22,Jul 15 2023 23: +0,1689458400
0.72,3,Jul 16 2023 00: +0,1689462000
0.675,14,Jul 16 2023 01: +0,1689465600
0.72,27,Jul 16 2023 02: +0,1689469200
0.732,8,Jul 16 2023 03: +0,1689472800
0.743,28,Jul 16 2023 04: +0,1689476400
0.748,15,Jul 16 2023 05: +0,1689480000
0.758,6,Jul 16 2023 06: +0,1689483600
0.727,2,Jul 16 2023 07: +0,1689487200
0.728,3,Jul 16 2023 08: +0,1689490800
0.72,9,Jul 16 2023 09: +0,1689494400
0.728,7,Jul 16 2023 10: +0,1689498000
0.671,7,Jul 16 2023 11: +0,1689501600
0.671,8,Jul 16 2023 12: +0,1689505200
0.762,42,Jul 16 2023 13: +0,1689508800
0.745,18,Jul 16 2023 14: +0,1689512400
0.702,9,Jul 16 2023 15: +0,1689516000
0.797,21,Jul 16 2023 16: +0,1689519600
0.805,25,Jul 16 2023 17: +0,1689523200
0.72,25,Jul 16 2023 18: +0,1689526800
0.679,7,Jul 16 2023 19: +0,1689530400
0.702,10,Jul 16 2023 20: +0,1689534000
0.701,15,Jul 16 2023 21: +0,1689537600
0.739,22,Jul 16 2023 22: +0,1689541200
0.787,16,Jul 16 2023 23: +0,1689544800
0.724,4,Jul 17 2023 00: +0,1689548400
0.671,3,Jul 17 2023 01: +0,1689552000
0.701,12,Jul 17 2023 02: +0,1689555600
0.679,9,Jul 17 2023 03: +0,1689559200
0.704,4,Jul 17 2023 04: +0,1689562800
0.679,11,Jul 17 2023 05: +0,1689566400
0.725,2,Jul 17 2023 06: +0,1689570000
0.688,8,Jul 17 2023 07: +0,1689573600
0.679,6,Jul 17 2023 08: +0,1689577200
0.754,28,Jul 17 2023 09: +0,1689580800
0.722,10,Jul 17 2023 10: +0,1689584400
0.817,6,Jul 17 2023 11: +0,1689588000
0.681,3,Jul 17 2023 12: +0,1689591600
0.694,10,Jul 17 2023 13: +0,1689595200
0.681,6,Jul 17 2023 14: +0,1689598800
0.731,5,Jul 17 2023 15: +0,1689602400
0.704,10,Jul 17 2023 16: +0,1689606000
0.666,13,Jul 17 2023 17: +0,1689609600
0.722,5,Jul 17 2023 18: +0,1689613200
0.681,12,Jul 17 2023 19: +0,1689616800
0.722,27,Jul 17 2023 20: +0,1689620400
0.727,20,Jul 17 2023 21: +0,1689624000
0.798,59,Jul 17 2023 22: +0,1689627600
0.846,16,Jul 17 2023 23: +0,1689631200
0.739,5,Jul 18 2023 00: +0,1689634800
0.743,17,Jul 18 2023 01: +0,1689638400
0.85,8,Jul 18 2023 02: +0,1689642000
0.85,7,Jul 18 2023 03: +0,1689645600
0.85,1,Jul 18 2023 04: +0,1689649200
0.681,18,Jul 18 2023 05: +0,1689652800
0.728,3,Jul 18 2023 06: +0,1689656400
0.727,6,Jul 18 2023 07: +0,1689660000
0.703,9,Jul 18 2023 08: +0,1689663600
0.728,8,Jul 18 2023 09: +0,1689667200
0.666,7,Jul 18 2023 10: +0,1689670800
0.69,8,Jul 18 2023 11: +0,1689674400
0.682,5,Jul 18 2023 12: +0,1689678000
0.706,16,Jul 18 2023 13: +0,1689681600
0.69,11,Jul 18 2023 14: +0,1689685200
0.681,10,Jul 18 2023 15: +0,1689688800
0.674,10,Jul 18 2023 16: +0,1689692400
0.695,14,Jul 18 2023 17: +0,1689696000
0.691,10,Jul 18 2023 18: +0,1689699600
0.682,14,Jul 18 2023 19: +0,1689703200
0.674,8,Jul 18 2023 20: +0,1689706800
0.717,12,Jul 18 2023 21: +0,1689710400
0.696,8,Jul 18 2023 22: +0,1689714000
0.689,2,Jul 18 2023 23: +0,1689717600
0.682,5,Jul 19 2023 00: +0,1689721200
0.682,21,Jul 19 2023 01: +0,1689724800
0.714,6,Jul 19 2023 02: +0,1689728400
0.729,13,Jul 19 2023 03: +0,1689732000
0.682,3,Jul 19 2023 04: +0,1689735600
0.682,3,Jul 19 2023 05: +0,1689739200
0.691,2,Jul 19 2023 06: +0,1689742800
0.682,10,Jul 19 2023 07: +0,1689746400
0.704,3,Jul 19 2023 08: +0,1689750000
0.696,12,Jul 19 2023 09: +0,1689753600
0.697,8,Jul 19 2023 10: +0,1689757200
0.717,4,Jul 19 2023 11: +0,1689760800
0.682,11,Jul 19 2023 12: +0,1689764400
0.682,28,Jul 19 2023 13: +0,1689768000
0.682,25,Jul 19 2023 14: +0,1689771600
0.7,15,Jul 19 2023 15: +0,1689775200
0.7,46,Jul 19 2023 16: +0,1689778800
0.73,36,Jul 19 2023 17: +0,1689782400
0.722,25,Jul 19 2023 18: +0,1689786000
0.721,27,Jul 19 2023 19: +0,1689789600
0.702,21,Jul 19 2023 20: +0,1689793200
0.719,29,Jul 19 2023 21: +0,1689796800
0.715,18,Jul 19 2023 22: +0,1689800400
0.705,14,Jul 19 2023 23: +0,1689804000
0.705,3,Jul 20 2023 00: +0,1689807600
0.705,3,Jul 20 2023 01: +0,1689811200
0.727,14,Jul 20 2023 02: +0,1689814800
0.661,3,Jul 20 2023 03: +0,1689818400
0.683,4,Jul 20 2023 04: +0,1689822000
0.669,2,Jul 20 2023 05: +0,1689825600
0.701,6,Jul 20 2023 06: +0,1689829200
0.725,8,Jul 20 2023 07: +0,1689832800
0.716,6,Jul 20 2023 08: +0,1689836400
0.683,11,Jul 20 2023 09: +0,1689840000
0.727,17,Jul 20 2023 10: +0,1689843600
0.697,10,Jul 20 2023 11: +0,1689847200
0.732,26,Jul 20 2023 12: +0,1689850800
0.724,21,Jul 20 2023 13: +0,1689854400
0.711,10,Jul 20 2023 14: +0,1689858000
0.716,15,Jul 20 2023 15: +0,1689861600
0.703,14,Jul 20 2023 16: +0,1689865200
0.724,42,Jul 20 2023 17: +0,1689868800
0.705,13,Jul 20 2023 18: +0,1689872400
0.703,9,Jul 20 2023 19: +0,1689876000
0.716,20,Jul 20 2023 20: +0,1689879600
0.703,15,Jul 20 2023 21: +0,1689883200
0.715,21,Jul 20 2023 22: +0,1689886800
0.784,20,Jul 20 2023 23: +0,1689890400
0.801,18,Jul 21 2023 00: +0,1689894000
0.747,6,Jul 21 2023 01: +0,1689897600
0.728,4,Jul 21 2023 02: +0,1689901200
0.73,5,Jul 21 2023 03: +0,1689904800
0.684,2,Jul 21 2023 04: +0,1689908400
0.722,6,Jul 21 2023 05: +0,1689912000
0.701,8,Jul 21 2023 06: +0,1689915600
0.75,5,Jul 21 2023 07: +0,1689919200
0.763,7,Jul 21 2023 08: +0,1689922800
0.71,8,Jul 21 2023 09: +0,1689926400
0.727,9,Jul 21 2023 10: +0,1689930000
0.661,5,Jul 21 2023 11: +0,1689933600
0.703,9,Jul 21 2023 12: +0,1689937200
0.697,8,Jul 21 2023 13: +0,1689940800
0.703,22,Jul 21 2023 14: +0,1689944400
0.704,14,Jul 21 2023 15: +0,1689948000
0.73,15,Jul 21 2023 16: +0,1689951600
0.739,14,Jul 21 2023 17: +0,1689955200
0.718,6,Jul 21 2023 18: +0,1689958800
0.703,13,Jul 21 2023 19: +0,1689962400
0.708,18,Jul 21 2023 20: +0,1689966000
0.709,12,Jul 21 2023 21: +0,1689969600
0.719,13,Jul 21 2023 22: +0,1689973200
0.745,20,Jul 21 2023 23: +0,1689976800
0.727,9,Jul 22 2023 00: +0,1689980400
0.726,2,Jul 22 2023 01: +0,1689984000
0.702,3,Jul 22 2023 02: +0,1689987600
0.712,11,Jul 22 2023 03: +0,1689991200
0.778,8,Jul 22 2023 04: +0,1689994800
0.661,3,Jul 22 2023 05: +0,1689998400
0.693,2,Jul 22 2023 06: +0,1690002000
0.708,5,Jul 22 2023 07: +0,1690005600
0.753,3,Jul 22 2023 08: +0,1690009200
0.697,3,Jul 22 2023 09: +0,1690012800
0.717,2,Jul 22 2023 10: +0,1690016400
0.7,6,Jul 22 2023 11: +0,1690020000
0.697,12,Jul 22 2023 12: +0,1690023600
0.71,11,Jul 22 2023 13: +0,1690027200
0.7,8,Jul 22 2023 14: +0,1690030800
0.714,7,Jul 22 2023 15: +0,1690034400
0.71,7,Jul 22 2023 16: +0,1690038000
0.727,18,Jul 22 2023 17: +0,1690041600
0.77,22,Jul 22 2023 18: +0,1690045200
0.753,15,Jul 22 2023 19: +0,1690048800
0.771,13,Jul 22 2023 20: +0,1690052400
0.75,10,Jul 22 2023 21: +0,1690056000
0.781,22,Jul 22 2023 22: +0,1690059600
0.711,9,Jul 22 2023 23: +0,1690063200
0.734,6,Jul 23 2023 00: +0,1690066800
0.788,7,Jul 23 2023 01: +0,1690070400
0.749,1,Jul 23 2023 02: +0,1690074000
0.749,5,Jul 23 2023 03: +0,1690077600
0.573,1,Jul 23 2023 04: +0,1690081200
0.608,10,Jul 23 2023 05: +0,1690084800
0.761,7,Jul 23 2023 06: +0,1690088400
0.788,5,Jul 23 2023 07: +0,1690092000
0.713,5,Jul 23 2023 08: +0,1690095600
0.674,5,Jul 23 2023 09: +0,1690099200
0.686,11,Jul 23 2023 10: +0,1690102800
0.711,4,Jul 23 2023 11: +0,1690106400
0.703,12,Jul 23 2023 12: +0,1690110000
0.699,6,Jul 23 2023 13: +0,1690113600
0.686,12,Jul 23 2023 14: +0,1690117200
0.694,18,Jul 23 2023 15: +0,1690120800
0.72,20,Jul 23 2023 16: +0,1690124400
0.722,25,Jul 23 2023 17: +0,1690128000
0.694,14,Jul 23 2023 18: +0,1690131600
0.717,14,Jul 23 2023 19: +0,1690135200
0.712,13,Jul 23 2023 20: +0,1690138800
0.715,10,Jul 23 2023 21: +0,1690142400
0.686,11,Jul 23 2023 22: +0,1690146000
0.688,11,Jul 23 2023 23: +0,1690149600
0.729,7,Jul 24 2023 00: +0,1690153200
0.713,8,Jul 24 2023 01: +0,1690156800
0.741,16,Jul 24 2023 02: +0,1690160400
0.752,7,Jul 24 2023 03: +0,1690164000
0.72,6,Jul 24 2023 04: +0,1690167600
0.725,4,Jul 24 2023 05: +0,1690171200
0.762,3,Jul 24 2023 06: +0,1690174800
0.694,1,Jul 24 2023 07: +0,1690178400
0.686,23,Jul 24 2023 08: +0,1690182000
0.694,6,Jul 24 2023 09: +0,1690185600
0.639,20,Jul 24 2023 10: +0,1690189200
0.718,8,Jul 24 2023 11: +0,1690192800
0.65,7,Jul 24 2023 12: +0,1690196400
0.718,9,Jul 24 2023 13: +0,1690200000
0.686,7,Jul 24 2023 14: +0,1690203600
0.694,14,Jul 24 2023 15: +0,1690207200
0.72,17,Jul 24 2023 16: +0,1690210800
0.694,27,Jul 24 2023 17: +0,1690214400
0.713,9,Jul 24 2023 18: +0,1690218000
0.715,20,Jul 24 2023 19: +0,1690221600
0.722,16,Jul 24 2023 20: +0,1690225200
0.727,20,Jul 24 2023 21: +0,1690228800
0.694,53,Jul 24 2023 22: +0,1690232400
0.694,210,Jul 24 2023 23: +0,1690236000
0.717,3,Jul 25 2023 00: +0,1690239600
0.704,2,Jul 25 2023 01: +0,1690243200
0.694,13,Jul 25 2023 02: +0,1690246800
0.694,7,Jul 25 2023 03: +0,1690250400
0.702,10,Jul 25 2023 04: +0,1690254000
0.69,10,Jul 25 2023 05: +0,1690257600
0.713,9,Jul 25 2023 06: +0,1690261200
0.694,6,Jul 25 2023 07: +0,1690264800
0.683,4,Jul 25 2023 08: +0,1690268400
0.679,3,Jul 25 2023 09: +0,1690272000
0.713,12,Jul 25 2023 10: +0,1690275600
0.72,7,Jul 25 2023 11: +0,1690279200
0.694,13,Jul 25 2023 12: +0,1690282800
0.679,9,Jul 25 2023 13: +0,1690286400
0.69,12,Jul 25 2023 14: +0,1690290000
0.709,18,Jul 25 2023 15: +0,1690293600
0.694,13,Jul 25 2023 16: +0,1690297200
0.709,11,Jul 25 2023 17: +0,1690300800
0.72,15,Jul 25 2023 18: +0,1690304400
0.7,25,Jul 25 2023 19: +0,1690308000
0.691,12,Jul 25 2023 20: +0,1690311600
0.678,10,Jul 25 2023 21: +0,1690315200
0.546,13,Jul 25 2023 22: +0,1690318800
0.686,6,Jul 25 2023 23: +0,1690322400
0.647,9,Jul 26 2023 00: +0,1690326000
0.691,9,Jul 26 2023 01: +0,1690329600
0.784,138,Jul 26 2023 02: +0,1690333200
0.79,6,Jul 26 2023 03: +0,1690336800
0.774,3,Jul 26 2023 04: +0,1690340400
0.712,5,Jul 26 2023 05: +0,1690344000
0.686,3,Jul 26 2023 06: +0,1690347600
0.657,8,Jul 26 2023 07: +0,1690351200
0.66,6,Jul 26 2023 08: +0,1690354800
0.666,10,Jul 26 2023 09: +0,1690358400
0.678,7,Jul 26 2023 10: +0,1690362000
0.669,15,Jul 26 2023 11: +0,1690365600
0.661,8,Jul 26 2023 12: +0,1690369200
0.661,9,Jul 26 2023 13: +0,1690372800
0.662,25,Jul 26 2023 14: +0,1690376400
0.675,16,Jul 26 2023 15: +0,1690380000
0.677,25,Jul 26 2023 16: +0,1690383600
0.7,13,Jul 26 2023 17: +0,1690387200
0.687,27,Jul 26 2023 18: +0,1690390800
0.736,26,Jul 26 2023 19: +0,1690394400
0.671,12,Jul 26 2023 20: +0,1690398000
0.666,27,Jul 26 2023 21: +0,1690401600
0.658,14,Jul 26 2023 22: +0,1690405200
0.674,17,Jul 26 2023 23: +0,1690408800
0.659,8,Jul 27 2023 00: +0,1690412400
0.681,12,Jul 27 2023 01: +0,1690416000
0.666,9,Jul 27 2023 02: +0,1690419600
0.658,6,Jul 27 2023 03: +0,1690423200
0.654,2,Jul 27 2023 04: +0,1690426800
0.658,11,Jul 27 2023 05: +0,1690430400
0.658,24,Jul 27 2023 06: +0,1690434000
0.68,15,Jul 27 2023 07: +0,1690437600
0.631,6,Jul 27 2023 08: +0,1690441200
0.673,4,Jul 27 2023 09: +0,1690444800
0.701,12,Jul 27 2023 10: +0,1690448400
0.652,10,Jul 27 2023 11: +0,1690452000
0.661,12,Jul 27 2023 12: +0,1690455600
0.662,16,Jul 27 2023 13: +0,1690459200
0.676,15,Jul 27 2023 14: +0,1690462800
0.67,8,Jul 27 2023 15: +0,1690466400
0.661,15,Jul 27 2023 16: +0,1690470000
0.654,15,Jul 27 2023 17: +0,1690473600
0.667,24,Jul 27 2023 18: +0,1690477200
0.654,13,Jul 27 2023 19: +0,1690480800
0.662,15,Jul 27 2023 20: +0,1690484400
0.66,16,Jul 27 2023 21: +0,1690488000
0.685,25,Jul 27 2023 22: +0,1690491600
0.689,13,Jul 27 2023 23: +0,1690495200
0.668,5,Jul 28 2023 00: +0,1690498800
0.676,14,Jul 28 2023 01: +0,1690502400
0.663,5,Jul 28 2023 02: +0,1690506000
0.698,8,Jul 28 2023 03: +0,1690509600
0.654,8,Jul 28 2023 04: +0,1690513200
0.654,2,Jul 28 2023 05: +0,1690516800
0.669,6,Jul 28 2023 06: +0,1690520400
0.646,4,Jul 28 2023 07: +0,1690524000
0.646,4,Jul 28 2023 08: +0,1690527600
0.693,20,Jul 28 2023 09: +0,1690531200
0.646,19,Jul 28 2023 10: +0,1690534800
0.656,8,Jul 28 2023 11: +0,1690538400
0.646,8,Jul 28 2023 12: +0,1690542000
0.646,9,Jul 28 2023 13: +0,1690545600
0.739,48,Jul 28 2023 14: +0,1690549200
0.646,5,Jul 28 2023 15: +0,1690552800
0.649,15,Jul 28 2023 16: +0,1690556400
0.678,8,Jul 28 2023 17: +0,1690560000
0.685,5,Jul 28 2023 18: +0,1690563600
0.661,17,Jul 28 2023 19: +0,1690567200
0.653,11,Jul 28 2023 20: +0,1690570800
0.697,22,Jul 28 2023 21: +0,1690574400
0.687,14,Jul 28 2023 22: +0,1690578000
0.718,9,Jul 28 2023 23: +0,1690581600
0.633,6,Jul 29 2023 00: +0,1690585200
0.744,42,Jul 29 2023 01: +0,1690588800
0.762,4,Jul 29 2023 02: +0,1690592400
0.748,7,Jul 29 2023 03: +0,1690596000
0.763,9,Jul 29 2023 04: +0,1690599600
0.75,8,Jul 29 2023 05: +0,1690603200
0.738,4,Jul 29 2023 06: +0,1690606800
0.745,12,Jul 29 2023 07: +0,1690610400
0.671,7,Jul 29 2023 08: +0,1690614000
0.695,6,Jul 29 2023 09: +0,1690617600
0.677,12,Jul 29 2023 10: +0,1690621200
0.701,13,Jul 29 2023 11: +0,1690624800
0.709,11,Jul 29 2023 12: +0,1690628400
0.709,31,Jul 29 2023 13: +0,1690632000
0.677,5,Jul 29 2023 14: +0,1690635600
0.72,12,Jul 29 2023 15: +0,1690639200
0.718,13,Jul 29 2023 16: +0,1690642800
0.677,13,Jul 29 2023 17: +0,1690646400
0.735,15,Jul 29 2023 18: +0,1690650000
0.689,7,Jul 29 2023 19: +0,1690653600
0.689,5,Jul 29 2023 20: +0,1690657200
0.697,28,Jul 29 2023 21: +0,1690660800
0.756,42,Jul 29 2023 22: +0,1690664400
0.694,15,Jul 29 2023 23: +0,1690668000
0.735,33,Jul 30 2023 00: +0,1690671600
0.755,15,Jul 30 2023 01: +0,1690675200
0.677,9,Jul 30 2023 02: +0,1690678800
0.744,7,Jul 30 2023 03: +0,1690682400
0.672,2,Jul 30 2023 04: +0,1690686000
0.744,5,Jul 30 2023 05: +0,1690689600
0.748,15,Jul 30 2023 06: +0,1690693200
0.753,2,Jul 30 2023 07: +0,1690696800
0.813,84,Jul 30 2023 08: +0,1690700400
0.735,13,Jul 30 2023 09: +0,1690704000
0.681,16,Jul 30 2023 10: +0,1690707600
0.723,8,Jul 30 2023 11: +0,1690711200
0.677,21,Jul 30 2023 12: +0,1690714800
0.677,17,Jul 30 2023 13: +0,1690718400
0.669,3,Jul 30 2023 14: +0,1690722000
0.715,9,Jul 30 2023 15: +0,1690725600
0.686,9,Jul 30 2023 16: +0,1690729200
0.69,18,Jul 30 2023 17: +0,1690732800
0.692,10,Jul 30 2023 18: +0,1690736400
0.779,12,Jul 30 2023 19: +0,1690740000
0.68,8,Jul 30 2023 20: +0,1690743600
0.669,10,Jul 30 2023 21: +0,1690747200
0.745,52,Jul 30 2023 22: +0,1690750800
0.649,4,Jul 30 2023 23: +0,1690754400
0.7,11,Jul 31 2023 00: +0,1690758000
0.743,22,Jul 31 2023 01: +0,1690761600
0.801,22,Jul 31 2023 02: +0,1690765200
0.819,3,Jul 31 2023 03: +0,1690768800
0.755,1,Jul 31 2023 04: +0,1690772400
0.701,3,Jul 31 2023 05: +0,1690776000
0.732,3,Jul 31 2023 06: +0,1690779600
0.683,6,Jul 31 2023 07: +0,1690783200
0.592,4,Jul 31 2023 08: +0,1690786800
0.679,10,Jul 31 2023 09: +0,1690790400
0.757,7,Jul 31 2023 10: +0,1690794000
0.787,9,Jul 31 2023 11: +0,1690797600
0.63,1,Jul 31 2023 12: +0,1690801200
0.753,27,Jul 31 2023 13: +0,1690804800
0.676,1,Jul 31 2023 14: +0,1690808400
0.69,7,Jul 31 2023 15: +0,1690812000
0.656,13,Jul 31 2023 16: +0,1690815600
0.688,10,Jul 31 2023 17: +0,1690819200
0.722,13,Jul 31 2023 18: +0,1690822800
0.716,8,Jul 31 2023 19: +0,1690826400
0.666,14,Jul 31 2023 20: +0,1690830000
0.688,10,Jul 31 2023 21: +0,1690833600
0.677,18,Jul 31 2023 22: +0,1690837200
0.699,11,Jul 31 2023 23: +0,1690840800
0.703,4,Aug 01 2023 00: +0,1690844400
0.673,2,Aug 01 2023 01: +0,1690848000
0.674,3,Aug 01 2023 02: +0,1690851600
0.715,7,Aug 01 2023 03: +0,1690855200
0.702,6,Aug 01 2023 04: +0,1690858800
0.676,1,Aug 01 2023 05: +0,1690862400
0.744,4,Aug 01 2023 06: +0,1690866000
0.674,5,Aug 01 2023 07: +0,1690869600
0.671,7,Aug 01 2023 08: +0,1690873200
0.676,14,Aug 01 2023 09: +0,1690876800
0.764,24,Aug 01 2023 10: +0,1690880400
0.713,6,Aug 01 2023 11: +0,1690884000
0.738,3,Aug 01 2023 12: +0,1690887600
0.677,7,Aug 01 2023 13: +0,1690891200
0.669,5,Aug 01 2023 14: +0,1690894800
0.781,36,Aug 01 2023 15: +0,1690898400
0.674,6,Aug 01 2023 16: +0,1690902000
0.756,8,Aug 01 2023 17: +0,1690905600
0.748,6,Aug 01 2023 18: +0,1690909200
0.744,8,Aug 01 2023 19: +0,1690912800
0.795,8,Aug 01 2023 20: +0,1690916400
0.791,11,Aug 01 2023 21: +0,1690920000
0.723,14,Aug 01 2023 22: +0,1690923600
0.775,8,Aug 01 2023 23: +0,1690927200
0.658,11,Aug 02 2023 00: +0,1690930800
0.771,6,Aug 02 2023 01: +0,1690934400
0.683,6,Aug 02 2023 02: +0,1690938000
0.678,5,Aug 02 2023 03: +0,1690941600
0.689,5,Aug 02 2023 04: +0,1690945200
0.678,11,Aug 02 2023 05: +0,1690948800
0.693,22,Aug 02 2023 06: +0,1690952400
0.769,13,Aug 02 2023 07: +0,1690956000
0.685,3,Aug 02 2023 08: +0,1690959600
0.768,6,Aug 02 2023 09: +0,1690963200
0.726,8,Aug 02 2023 10: +0,1690966800
0.746,6,Aug 02 2023 11: +0,1690970400
0.693,12,Aug 02 2023 12: +0,1690974000
0.708,22,Aug 02 2023 13: +0,1690977600
0.742,23,Aug 02 2023 14: +0,1690981200
0.681,20,Aug 02 2023 15: +0,1690984800
0.691,21,Aug 02 2023 16: +0,1690988400
0.669,9,Aug 02 2023 17: +0,1690992000
0.693,12,Aug 02 2023 18: +0,1690995600
0.677,38,Aug 02 2023 19: +0,1690999200
0.674,33,Aug 02 2023 20: +0,1691002800
0.681,20,Aug 02 2023 21: +0,1691006400
0.728,32,Aug 02 2023 22: +0,1691010000
0.733,18,Aug 02 2023 23: +0,1691013600
0.732,9,Aug 03 2023 00: +0,1691017200
0.732,9,Aug 03 2023 01: +0,1691020800
0.732,8,Aug 03 2023 02: +0,1691024400
0.745,2,Aug 03 2023 03: +0,1691028000
0.74,19,Aug 03 2023 04: +0,1691031600
0.771,4,Aug 03 2023 05: +0,1691035200
0.748,5,Aug 03 2023 06: +0,1691038800
0.728,6,Aug 03 2023 07: +0,1691042400
0.775,16,Aug 03 2023 08: +0,1691046000
0.758,7,Aug 03 2023 09: +0,1691049600
0.744,10,Aug 03 2023 10: +0,1691053200
0.727,11,Aug 03 2023 11: +0,1691056800
0.723,20,Aug 03 2023 12: +0,1691060400
0.723,24,Aug 03 2023 13: +0,1691064000
0.741,9,Aug 03 2023 14: +0,1691067600
0.723,11,Aug 03 2023 15: +0,1691071200
0.732,12,Aug 03 2023 16: +0,1691074800
0.7,11,Aug 03 2023 17: +0,1691078400
0.685,9,Aug 03 2023 18: +0,1691082000
0.713,7,Aug 03 2023 19: +0,1691085600
0.713,23,Aug 03 2023 20: +0,1691089200
0.72,22,Aug 03 2023 21: +0,1691092800
0.709,14,Aug 03 2023 22: +0,1691096400
0.74,12,Aug 03 2023 23: +0,1691100000
0.791,73,Aug 04 2023 00: +0,1691103600
0.851,114,Aug 04 2023 01: +0,1691107200
0.787,6,Aug 04 2023 02: +0,1691110800
0.787,5,Aug 04 2023 04: +0,1691118000
0.817,14,Aug 04 2023 05: +0,1691121600
0.836,9,Aug 04 2023 06: +0,1691125200
0.7,1,Aug 04 2023 07: +0,1691128800
0.7,16,Aug 04 2023 08: +0,1691132400
0.685,11,Aug 04 2023 09: +0,1691136000
0.685,8,Aug 04 2023 10: +0,1691139600
0.707,5,Aug 04 2023 11: +0,1691143200
0.684,6,Aug 04 2023 12: +0,1691146800
0.733,3,Aug 04 2023 13: +0,1691150400
0.707,15,Aug 04 2023 14: +0,1691154000
0.739,9,Aug 04 2023 15: +0,1691157600
0.707,13,Aug 04 2023 16: +0,1691161200
0.735,14,Aug 04 2023 17: +0,1691164800
0.701,10,Aug 04 2023 18: +0,1691168400
0.739,9,Aug 04 2023 19: +0,1691172000
0.705,14,Aug 04 2023 20: +0,1691175600
0.711,8,Aug 04 2023 21: +0,1691179200
0.711,7,Aug 04 2023 22: +0,1691182800
0.742,7,Aug 04 2023 23: +0,1691186400
0.702,9,Aug 05 2023 00: +0,1691190000
0.711,9,Aug 05 2023 01: +0,1691193600
0.692,7,Aug 05 2023 02: +0,1691197200
0.742,3,Aug 05 2023 03: +0,1691200800
0.702,5,Aug 05 2023 04: +0,1691204400
0.721,3,Aug 05 2023 05: +0,1691208000
0.741,1,Aug 05 2023 06: +0,1691211600
0.746,20,Aug 05 2023 07: +0,1691215200
0.754,8,Aug 05 2023 08: +0,1691218800
0.748,4,Aug 05 2023 09: +0,1691222400
0.712,10,Aug 05 2023 10: +0,1691226000
0.765,8,Aug 05 2023 11: +0,1691229600
0.711,9,Aug 05 2023 12: +0,1691233200
0.787,27,Aug 05 2023 13: +0,1691236800
0.735,14,Aug 05 2023 14: +0,1691240400
0.805,39,Aug 05 2023 15: +0,1691244000
0.754,6,Aug 05 2023 16: +0,1691247600
0.7,11,Aug 05 2023 17: +0,1691251200
0.716,11,Aug 05 2023 18: +0,1691254800
0.7,11,Aug 05 2023 19: +0,1691258400
0.697,28,Aug 05 2023 20: +0,1691262000
0.702,10,Aug 05 2023 21: +0,1691265600
0.748,13,Aug 05 2023 22: +0,1691269200
0.824,20,Aug 05 2023 23: +0,1691272800
0.805,4,Aug 06 2023 00: +0,1691276400
0.712,10,Aug 06 2023 01: +0,1691280000
0.771,3,Aug 06 2023 02: +0,1691283600
0.664,2,Aug 06 2023 03: +0,1691287200
0.748,4,Aug 06 2023 04: +0,1691290800
0.755,1,Aug 06 2023 05: +0,1691294400
0.745,5,Aug 06 2023 06: +0,1691298000
0.711,3,Aug 06 2023 07: +0,1691301600
0.711,5,Aug 06 2023 08: +0,1691305200
0.736,11,Aug 06 2023 09: +0,1691308800
0.718,7,Aug 06 2023 10: +0,1691312400
0.718,7,Aug 06 2023 11: +0,1691316000
0.746,22,Aug 06 2023 12: +0,1691319600
0.815,19,Aug 06 2023 13: +0,1691323200
0.753,5,Aug 06 2023 14: +0,1691326800
0.744,12,Aug 06 2023 15: +0,1691330400
0.847,50,Aug 06 2023 16: +0,1691334000
0.771,20,Aug 06 2023 17: +0,1691337600
0.749,11,Aug 06 2023 18: +0,1691341200
0.744,30,Aug 06 2023 19: +0,1691344800
0.746,11,Aug 06 2023 20: +0,1691348400
0.743,17,Aug 06 2023 21: +0,1691352000
0.744,10,Aug 06 2023 22: +0,1691355600
0.737,15,Aug 06 2023 23: +0,1691359200
0.767,4,Aug 07 2023 00: +0,1691362800
0.696,4,Aug 07 2023 01: +0,1691366400
0.741,12,Aug 07 2023 02: +0,1691370000
0.757,6,Aug 07 2023 03: +0,1691373600
0.737,1,Aug 07 2023 04: +0,1691377200
0.763,10,Aug 07 2023 05: +0,1691380800
0.777,5,Aug 07 2023 06: +0,1691384400
0.746,7,Aug 07 2023 07: +0,1691388000
0.728,6,Aug 07 2023 08: +0,1691391600
0.746,5,Aug 07 2023 09: +0,1691395200
0.754,10,Aug 07 2023 10: +0,1691398800
0.775,2,Aug 07 2023 11: +0,1691402400
0.763,10,Aug 07 2023 12: +0,1691406000
0.746,10,Aug 07 2023 13: +0,1691409600
0.761,9,Aug 07 2023 14: +0,1691413200
0.737,20,Aug 07 2023 15: +0,1691416800
0.737,5,Aug 07 2023 16: +0,1691420400
0.728,12,Aug 07 2023 17: +0,1691424000
0.771,12,Aug 07 2023 18: +0,1691427600
0.74,11,Aug 07 2023 19: +0,1691431200
0.728,11,Aug 07 2023 20: +0,1691434800
0.693,15,Aug 07 2023 21: +0,1691438400
0.716,18,Aug 07 2023 22: +0,1691442000
0.751,10,Aug 07 2023 23: +0,1691445600
0.7,5,Aug 08 2023 00: +0,1691449200
0.677,7,Aug 08 2023 01: +0,1691452800
0.677,2,Aug 08 2023 02: +0,1691456400
0.716,5,Aug 08 2023 03: +0,1691460000
0.645,3,Aug 08 2023 04: +0,1691463600
0.693,7,Aug 08 2023 05: +0,1691467200
0.716,5,Aug 08 2023 06: +0,1691470800
0.717,6,Aug 08 2023 07: +0,1691474400
0.685,3,Aug 08 2023 08: +0,1691478000
0.716,44,Aug 08 2023 09: +0,1691481600
0.685,3,Aug 08 2023 10: +0,1691485200
0.727,7,Aug 08 2023 11: +0,1691488800
0.742,10,Aug 08 2023 12: +0,1691492400
0.714,12,Aug 08 2023 13: +0,1691496000
0.791,18,Aug 08 2023 14: +0,1691499600
0.728,8,Aug 08 2023 15: +0,1691503200
0.796,32,Aug 08 2023 16: +0,1691506800
0.735,9,Aug 08 2023 17: +0,1691510400
0.748,5,Aug 08 2023 18: +0,1691514000
0.7,17,Aug 08 2023 19: +0,1691517600
0.7,12,Aug 08 2023 20: +0,1691521200
0.694,7,Aug 08 2023 21: +0,1691524800
0.732,8,Aug 08 2023 22: +0,1691528400
0.732,11,Aug 08 2023 23: +0,1691532000
0.732,6,Aug 09 2023 00: +0,1691535600
0.74,5,Aug 09 2023 01: +0,1691539200
0.715,3,Aug 09 2023 02: +0,1691542800
0.745,4,Aug 09 2023 03: +0,1691546400
0.703,4,Aug 09 2023 04: +0,1691550000
0.688,5,Aug 09 2023 05: +0,1691553600
0.688,3,Aug 09 2023 06: +0,1691557200
0.702,7,Aug 09 2023 07: +0,1691560800
0.685,5,Aug 09 2023 08: +0,1691564400
0.685,10,Aug 09 2023 09: +0,1691568000
0.677,10,Aug 09 2023 10: +0,1691571600
0.704,14,Aug 09 2023 11: +0,1691575200
0.706,26,Aug 09 2023 12: +0,1691578800
0.685,18,Aug 09 2023 13: +0,1691582400
0.677,14,Aug 09 2023 14: +0,1691586000
0.672,14,Aug 09 2023 15: +0,1691589600
0.678,11,Aug 09 2023 16: +0,1691593200
0.703,24,Aug 09 2023 17: +0,1691596800
0.688,7,Aug 09 2023 18: +0,1691600400
0.67,12,Aug 09 2023 19: +0,1691604000
0.688,24,Aug 09 2023 20: +0,1691607600
0.618,59,Aug 09 2023 21: +0,1691611200
0.7,28,Aug 09 2023 22: +0,1691614800
0.768,23,Aug 09 2023 23: +0,1691618400
0.734,12,Aug 10 2023 00: +0,1691622000
0.769,23,Aug 10 2023 01: +0,1691625600
0.691,8,Aug 10 2023 02: +0,1691629200
0.691,7,Aug 10 2023 03: +0,1691632800
0.691,3,Aug 10 2023 04: +0,1691636400
0.709,7,Aug 10 2023 05: +0,1691640000
0.691,4,Aug 10 2023 06: +0,1691643600
0.702,9,Aug 10 2023 07: +0,1691647200
0.707,2,Aug 10 2023 08: +0,1691650800
0.712,3,Aug 10 2023 09: +0,1691654400
0.703,11,Aug 10 2023 10: +0,1691658000
0.706,6,Aug 10 2023 11: +0,1691661600
0.717,9,Aug 10 2023 12: +0,1691665200
0.696,14,Aug 10 2023 13: +0,1691668800
0.708,13,Aug 10 2023 14: +0,1691672400
0.74,10,Aug 10 2023 15: +0,1691676000
0.726,12,Aug 10 2023 16: +0,1691679600
0.753,10,Aug 10 2023 17: +0,1691683200
0.728,25,Aug 10 2023 18: +0,1691686800
0.733,12,Aug 10 2023 19: +0,1691690400
0.728,17,Aug 10 2023 20: +0,1691694000
0.72,7,Aug 10 2023 21: +0,1691697600
0.72,10,Aug 10 2023 22: +0,1691701200
0.729,17,Aug 10 2023 23: +0,1691704800
0.729,9,Aug 11 2023 00: +0,1691708400
0.732,15,Aug 11 2023 01: +0,1691712000
0.73,3,Aug 11 2023 02: +0,1691715600
0.7,8,Aug 11 2023 03: +0,1691719200
0.724,3,Aug 11 2023 04: +0,1691722800
0.697,6,Aug 11 2023 05: +0,1691726400
0.723,10,Aug 11 2023 06: +0,1691730000
0.765,27,Aug 11 2023 07: +0,1691733600
0.779,13,Aug 11 2023 08: +0,1691737200
0.795,61,Aug 11 2023 09: +0,1691740800
0.802,8,Aug 11 2023 10: +0,1691744400
0.775,8,Aug 11 2023 11: +0,1691748000
0.816,11,Aug 11 2023 12: +0,1691751600
0.748,11,Aug 11 2023 13: +0,1691755200
0.772,5,Aug 11 2023 14: +0,1691758800
0.797,8,Aug 11 2023 15: +0,1691762400
0.748,7,Aug 11 2023 16: +0,1691766000
0.826,116,Aug 11 2023 17: +0,1691769600
0.752,8,Aug 11 2023 18: +0,1691773200
0.755,12,Aug 11 2023 19: +0,1691776800
0.756,13,Aug 11 2023 20: +0,1691780400
0.755,20,Aug 11 2023 21: +0,1691784000
0.773,8,Aug 11 2023 22: +0,1691787600
0.748,14,Aug 11 2023 23: +0,1691791200
0.748,22,Aug 12 2023 00: +0,1691794800
0.748,9,Aug 12 2023 01: +0,1691798400
0.744,4,Aug 12 2023 02: +0,1691802000
0.755,9,Aug 12 2023 03: +0,1691805600
0.795,7,Aug 12 2023 04: +0,1691809200
0.795,11,Aug 12 2023 05: +0,1691812800
0.779,9,Aug 12 2023 06: +0,1691816400
0.779,3,Aug 12 2023 07: +0,1691820000
0.834,56,Aug 12 2023 09: +0,1691827200
0.851,46,Aug 12 2023 10: +0,1691830800
0.851,24,Aug 12 2023 11: +0,1691834400
0.802,5,Aug 12 2023 12: +0,1691838000
0.836,16,Aug 12 2023 13: +0,1691841600
0.863,30,Aug 12 2023 14: +0,1691845200
0.87,22,Aug 12 2023 15: +0,1691848800
0.787,13,Aug 12 2023 16: +0,1691852400
0.82,5,Aug 12 2023 17: +0,1691856000
0.846,14,Aug 12 2023 18: +0,1691859600
0.828,7,Aug 12 2023 19: +0,1691863200
0.779,15,Aug 12 2023 20: +0,1691866800
0.795,9,Aug 12 2023 21: +0,1691870400
0.787,7,Aug 12 2023 22: +0,1691874000
0.783,18,Aug 12 2023 23: +0,1691877600
0.779,16,Aug 13 2023 00: +0,1691881200
0.816,16,Aug 13 2023 01: +0,1691884800
0.863,15,Aug 13 2023 02: +0,1691888400
0.826,7,Aug 13 2023 03: +0,1691892000
0.819,4,Aug 13 2023 04: +0,1691895600
0.74,3,Aug 13 2023 05: +0,1691899200
0.771,5,Aug 13 2023 07: +0,1691906400
0.82,7,Aug 13 2023 09: +0,1691913600
0.82,2,Aug 13 2023 10: +0,1691917200
0.787,15,Aug 13 2023 11: +0,1691920800
0.82,25,Aug 13 2023 12: +0,1691924400
0.822,21,Aug 13 2023 13: +0,1691928000
0.834,4,Aug 13 2023 14: +0,1691931600
0.814,13,Aug 13 2023 15: +0,1691935200
0.785,15,Aug 13 2023 16: +0,1691938800
0.794,10,Aug 13 2023 17: +0,1691942400
0.779,9,Aug 13 2023 18: +0,1691946000
0.785,10,Aug 13 2023 19: +0,1691949600
0.779,10,Aug 13 2023 20: +0,1691953200
0.782,9,Aug 13 2023 21: +0,1691956800
0.784,14,Aug 13 2023 22: +0,1691960400
0.802,18,Aug 13 2023 23: +0,1691964000
0.794,11,Aug 14 2023 00: +0,1691967600
0.771,3,Aug 14 2023 01: +0,1691971200
0.818,11,Aug 14 2023 02: +0,1691974800
0.829,3,Aug 14 2023 03: +0,1691978400
0.842,8,Aug 14 2023 04: +0,1691982000
0.85,16,Aug 14 2023 05: +0,1691985600
0.854,4,Aug 14 2023 06: +0,1691989200
0.856,8,Aug 14 2023 07: +0,1691992800
0.842,9,Aug 14 2023 08: +0,1691996400
0.685,3,Aug 14 2023 09: +0,1692000000
0.846,13,Aug 14 2023 10: +0,1692003600
0.83,14,Aug 14 2023 11: +0,1692007200
0.801,10,Aug 14 2023 12: +0,1692010800
0.748,52,Aug 14 2023 13: +0,1692014400
0.854,11,Aug 14 2023 14: +0,1692018000
0.795,3,Aug 14 2023 15: +0,1692021600
0.787,11,Aug 14 2023 16: +0,1692025200
0.794,9,Aug 14 2023 17: +0,1692028800
0.795,16,Aug 14 2023 18: +0,1692032400
0.773,28,Aug 14 2023 19: +0,1692036000
0.8,7,Aug 14 2023 20: +0,1692039600
0.729,8,Aug 14 2023 21: +0,1692043200
0.809,8,Aug 14 2023 22: +0,1692046800
0.841,38,Aug 14 2023 23: +0,1692050400
0.84,10,Aug 15 2023 00: +0,1692054000
0.845,4,Aug 15 2023 01: +0,1692057600
0.792,7,Aug 15 2023 02: +0,1692061200
0.792,3,Aug 15 2023 03: +0,1692064800
0.847,1,Aug 15 2023 04: +0,1692068400
0.78,6,Aug 15 2023 05: +0,1692072000
0.863,16,Aug 15 2023 06: +0,1692075600
0.863,7,Aug 15 2023 07: +0,1692079200
0.87,32,Aug 15 2023 08: +0,1692082800
0.881,2,Aug 15 2023 09: +0,1692086400
0.863,3,Aug 15 2023 10: +0,1692090000
0.87,17,Aug 15 2023 11: +0,1692093600
0.822,6,Aug 15 2023 12: +0,1692097200
0.849,6,Aug 15 2023 13: +0,1692100800
0.852,2,Aug 15 2023 14: +0,1692104400
0.849,14,Aug 15 2023 15: +0,1692108000
0.845,11,Aug 15 2023 16: +0,1692111600
0.793,7,Aug 15 2023 17: +0,1692115200
0.785,24,Aug 15 2023 18: +0,1692118800
0.774,6,Aug 15 2023 19: +0,1692122400
0.785,9,Aug 15 2023 20: +0,1692126000
0.778,18,Aug 15 2023 21: +0,1692129600
0.778,11,Aug 15 2023 22: +0,1692133200
0.792,6,Aug 15 2023 23: +0,1692136800
0.793,7,Aug 16 2023 00: +0,1692140400
0.785,3,Aug 16 2023 01: +0,1692144000
0.785,9,Aug 16 2023 02: +0,1692147600
0.778,6,Aug 16 2023 03: +0,1692151200
0.785,5,Aug 16 2023 04: +0,1692154800
0.668,13,Aug 16 2023 05: +0,1692158400
0.781,10,Aug 16 2023 06: +0,1692162000
0.74,4,Aug 16 2023 07: +0,1692165600
0.735,6,Aug 16 2023 08: +0,1692169200
0.733,9,Aug 16 2023 09: +0,1692172800
0.73,9,Aug 16 2023 10: +0,1692176400
0.73,9,Aug 16 2023 11: +0,1692180000
0.73,11,Aug 16 2023 12: +0,1692183600
0.733,10,Aug 16 2023 13: +0,1692187200
0.73,7,Aug 16 2023 14: +0,1692190800
0.73,11,Aug 16 2023 15: +0,1692194400
0.704,13,Aug 16 2023 16: +0,1692198000
0.73,12,Aug 16 2023 17: +0,1692201600
0.73,26,Aug 16 2023 18: +0,1692205200
0.73,16,Aug 16 2023 19: +0,1692208800
0.738,11,Aug 16 2023 20: +0,1692212400
0.73,20,Aug 16 2023 21: +0,1692216000
0.73,12,Aug 16 2023 22: +0,1692219600
0.73,13,Aug 16 2023 23: +0,1692223200
0.686,19,Aug 17 2023 00: +0,1692226800
0.75,4,Aug 17 2023 01: +0,1692230400
0.746,9,Aug 17 2023 02: +0,1692234000
0.768,9,Aug 17 2023 03: +0,1692237600
0.747,12,Aug 17 2023 04: +0,1692241200
0.754,6,Aug 17 2023 05: +0,1692244800
0.73,3,Aug 17 2023 06: +0,1692248400
0.739,1,Aug 17 2023 07: +0,1692252000
0.727,4,Aug 17 2023 08: +0,1692255600
0.715,6,Aug 17 2023 09: +0,1692259200
0.73,5,Aug 17 2023 10: +0,1692262800
0.699,11,Aug 17 2023 11: +0,1692266400
0.73,13,Aug 17 2023 12: +0,1692270000
0.73,4,Aug 17 2023 13: +0,1692273600
0.748,32,Aug 17 2023 14: +0,1692277200
0.737,15,Aug 17 2023 15: +0,1692280800
0.73,19,Aug 17 2023 16: +0,1692284400
0.712,14,Aug 17 2023 17: +0,1692288000
0.718,16,Aug 17 2023 18: +0,1692291600
0.73,23,Aug 17 2023 19: +0,1692295200
0.759,24,Aug 17 2023 20: +0,1692298800
0.733,8,Aug 17 2023 21: +0,1692302400
0.727,16,Aug 17 2023 22: +0,1692306000
0.724,9,Aug 17 2023 23: +0,1692309600
0.73,10,Aug 18 2023 00: +0,1692313200
0.703,3,Aug 18 2023 01: +0,1692316800
0.754,18,Aug 18 2023 02: +0,1692320400
0.761,1,Aug 18 2023 03: +0,1692324000
0.723,8,Aug 18 2023 04: +0,1692327600
0.723,7,Aug 18 2023 05: +0,1692331200
0.445,1,Aug 18 2023 06: +0,1692334800
0.758,2,Aug 18 2023 07: +0,1692338400
0.761,20,Aug 18 2023 08: +0,1692342000
0.728,11,Aug 18 2023 09: +0,1692345600
0.765,31,Aug 18 2023 10: +0,1692349200
0.711,8,Aug 18 2023 11: +0,1692352800
0.711,8,Aug 18 2023 12: +0,1692356400
0.748,18,Aug 18 2023 13: +0,1692360000
0.732,8,Aug 18 2023 14: +0,1692363600
0.736,18,Aug 18 2023 15: +0,1692367200
0.699,5,Aug 18 2023 16: +0,1692370800
0.745,9,Aug 18 2023 17: +0,1692374400
0.749,21,Aug 18 2023 18: +0,1692378000
0.734,28,Aug 18 2023 19: +0,1692381600
0.73,18,Aug 18 2023 20: +0,1692385200
0.733,4,Aug 18 2023 21: +0,1692388800
0.588,17,Aug 18 2023 22: +0,1692392400
0.723,8,Aug 18 2023 23: +0,1692396000
0.723,7,Aug 19 2023 00: +0,1692399600
0.723,12,Aug 19 2023 01: +0,1692403200
0.738,7,Aug 19 2023 02: +0,1692406800
0.711,6,Aug 19 2023 03: +0,1692410400
0.699,15,Aug 19 2023 04: +0,1692414000
0.699,3,Aug 19 2023 05: +0,1692417600
0.699,5,Aug 19 2023 06: +0,1692421200
0.712,6,Aug 19 2023 07: +0,1692424800
0.723,17,Aug 19 2023 08: +0,1692428400
0.742,7,Aug 19 2023 09: +0,1692432000
0.761,8,Aug 19 2023 10: +0,1692435600
0.73,10,Aug 19 2023 11: +0,1692439200
0.683,11,Aug 19 2023 12: +0,1692442800
0.738,12,Aug 19 2023 13: +0,1692446400
0.739,9,Aug 19 2023 14: +0,1692450000
0.733,16,Aug 19 2023 15: +0,1692453600
0.743,14,Aug 19 2023 16: +0,1692457200
0.766,9,Aug 19 2023 17: +0,1692460800
0.745,22,Aug 19 2023 18: +0,1692464400
0.738,10,Aug 19 2023 19: +0,1692468000
0.751,17,Aug 19 2023 20: +0,1692471600
0.747,16,Aug 19 2023 21: +0,1692475200
0.75,35,Aug 19 2023 22: +0,1692478800
0.74,8,Aug 19 2023 23: +0,1692482400
0.749,5,Aug 20 2023 00: +0,1692486000
0.745,4,Aug 20 2023 01: +0,1692489600
0.683,14,Aug 20 2023 02: +0,1692493200
0.738,7,Aug 20 2023 03: +0,1692496800
0.738,5,Aug 20 2023 04: +0,1692500400
0.74,8,Aug 20 2023 05: +0,1692504000
0.754,3,Aug 20 2023 06: +0,1692507600
0.754,11,Aug 20 2023 07: +0,1692511200
0.732,9,Aug 20 2023 08: +0,1692514800
0.579,11,Aug 20 2023 09: +0,1692518400
0.733,5,Aug 20 2023 10: +0,1692522000
0.73,9,Aug 20 2023 11: +0,1692525600
0.748,10,Aug 20 2023 12: +0,1692529200
0.742,15,Aug 20 2023 13: +0,1692532800
0.762,10,Aug 20 2023 14: +0,1692536400
0.723,11,Aug 20 2023 15: +0,1692540000
0.735,12,Aug 20 2023 16: +0,1692543600
0.73,11,Aug 20 2023 17: +0,1692547200
0.687,18,Aug 20 2023 18: +0,1692550800
0.73,10,Aug 20 2023 19: +0,1692554400
0.728,32,Aug 20 2023 20: +0,1692558000
0.754,19,Aug 20 2023 21: +0,1692561600
0.699,11,Aug 20 2023 22: +0,1692565200
0.691,23,Aug 20 2023 23: +0,1692568800
0.731,6,Aug 21 2023 00: +0,1692572400
0.727,6,Aug 21 2023 01: +0,1692576000
0.693,2,Aug 21 2023 02: +0,1692579600
0.73,7,Aug 21 2023 03: +0,1692583200
0.73,7,Aug 21 2023 04: +0,1692586800
0.652,5,Aug 21 2023 05: +0,1692590400
0.753,34,Aug 21 2023 07: +0,1692597600
0.711,8,Aug 21 2023 08: +0,1692601200
0.747,16,Aug 21 2023 09: +0,1692604800
0.742,6,Aug 21 2023 10: +0,1692608400
0.736,9,Aug 21 2023 11: +0,1692612000
0.73,5,Aug 21 2023 12: +0,1692615600
0.733,12,Aug 21 2023 13: +0,1692619200
0.736,12,Aug 21 2023 14: +0,1692622800
0.756,22,Aug 21 2023 15: +0,1692626400
0.73,16,Aug 21 2023 16: +0,1692630000
0.726,16,Aug 21 2023 17: +0,1692633600
0.73,7,Aug 21 2023 18: +0,1692637200
0.725,17,Aug 21 2023 19: +0,1692640800
0.745,14,Aug 21 2023 20: +0,1692644400
0.73,16,Aug 21 2023 21: +0,1692648000
0.701,1,Aug 21 2023 22: +0,1692651600
0.752,10,Aug 21 2023 23: +0,1692655200
0.696,14,Aug 22 2023 00: +0,1692658800
0.699,3,Aug 22 2023 01: +0,1692662400
0.705,6,Aug 22 2023 02: +0,1692666000
0.73,12,Aug 22 2023 03: +0,1692669600
0.675,3,Aug 22 2023 04: +0,1692673200
0.691,5,Aug 22 2023 05: +0,1692676800
0.746,14,Aug 22 2023 06: +0,1692680400
0.589,16,Aug 22 2023 09: +0,1692691200
0.749,8,Aug 22 2023 10: +0,1692694800
0.645,13,Aug 22 2023 11: +0,1692698400
0.73,6,Aug 22 2023 12: +0,1692702000
0.645,3,Aug 22 2023 13: +0,1692705600
0.751,15,Aug 22 2023 14: +0,1692709200
0.76,27,Aug 22 2023 15: +0,1692712800
0.766,49,Aug 22 2023 16: +0,1692716400
0.751,17,Aug 22 2023 17: +0,1692720000
0.739,5,Aug 22 2023 18: +0,1692723600
0.739,7,Aug 22 2023 19: +0,1692727200
0.767,23,Aug 22 2023 20: +0,1692730800
0.745,18,Aug 22 2023 21: +0,1692734400
0.762,17,Aug 22 2023 22: +0,1692738000
0.749,6,Aug 22 2023 23: +0,1692741600
0.727,2,Aug 23 2023 00: +0,1692745200
0.746,6,Aug 23 2023 01: +0,1692748800
0.654,2,Aug 23 2023 02: +0,1692752400
0.739,13,Aug 23 2023 03: +0,1692756000
0.762,11,Aug 23 2023 04: +0,1692759600
0.751,11,Aug 23 2023 05: +0,1692763200
0.75,3,Aug 23 2023 06: +0,1692766800
0.749,5,Aug 23 2023 07: +0,1692770400
0.748,4,Aug 23 2023 08: +0,1692774000
0.746,6,Aug 23 2023 09: +0,1692777600
0.753,18,Aug 23 2023 10: +0,1692781200
0.746,8,Aug 23 2023 11: +0,1692784800
0.746,20,Aug 23 2023 12: +0,1692788400
0.751,15,Aug 23 2023 13: +0,1692792000
0.739,11,Aug 23 2023 14: +0,1692795600
0.746,24,Aug 23 2023 15: +0,1692799200
0.767,35,Aug 23 2023 16: +0,1692802800
0.746,13,Aug 23 2023 17: +0,1692806400
0.742,18,Aug 23 2023 18: +0,1692810000
0.734,12,Aug 23 2023 19: +0,1692813600
0.759,18,Aug 23 2023 20: +0,1692817200
0.723,11,Aug 23 2023 21: +0,1692820800
0.706,17,Aug 23 2023 22: +0,1692824400
0.724,13,Aug 23 2023 23: +0,1692828000
0.72,2,Aug 24 2023 00: +0,1692831600
0.754,23,Aug 24 2023 01: +0,1692835200
0.728,6,Aug 24 2023 02: +0,1692838800
0.74,8,Aug 24 2023 03: +0,1692842400
0.765,10,Aug 24 2023 04: +0,1692846000
0.761,2,Aug 24 2023 05: +0,1692849600
0.754,1,Aug 24 2023 06: +0,1692853200
0.756,10,Aug 24 2023 07: +0,1692856800
0.762,14,Aug 24 2023 08: +0,1692860400
0.756,6,Aug 24 2023 09: +0,1692864000
0.718,6,Aug 24 2023 10: +0,1692867600
0.749,11,Aug 24 2023 11: +0,1692871200
0.724,8,Aug 24 2023 12: +0,1692874800
0.739,10,Aug 24 2023 13: +0,1692878400
0.741,14,Aug 24 2023 14: +0,1692882000
0.739,10,Aug 24 2023 15: +0,1692885600
0.735,4,Aug 24 2023 16: +0,1692889200
0.738,16,Aug 24 2023 17: +0,1692892800
0.74,22,Aug 24 2023 18: +0,1692896400
0.667,33,Aug 24 2023 19: +0,1692900000
0.74,9,Aug 24 2023 20: +0,1692903600
0.739,18,Aug 24 2023 21: +0,1692907200
0.739,16,Aug 24 2023 22: +0,1692910800
0.739,10,Aug 24 2023 23: +0,1692914400
0.706,13,Aug 25 2023 00: +0,1692918000
0.722,5,Aug 25 2023 01: +0,1692921600
0.736,4,Aug 25 2023 03: +0,1692928800
0.732,15,Aug 25 2023 04: +0,1692932400
0.758,4,Aug 25 2023 05: +0,1692936000
0.754,6,Aug 25 2023 06: +0,1692939600
0.748,3,Aug 25 2023 07: +0,1692943200
0.718,6,Aug 25 2023 08: +0,1692946800
0.741,7,Aug 25 2023 09: +0,1692950400
0.722,6,Aug 25 2023 10: +0,1692954000
0.74,6,Aug 25 2023 11: +0,1692957600
0.726,12,Aug 25 2023 12: +0,1692961200
0.731,3,Aug 25 2023 13: +0,1692964800
0.698,10,Aug 25 2023 14: +0,1692968400
0.706,13,Aug 25 2023 15: +0,1692972000
0.681,6,Aug 25 2023 16: +0,1692975600
0.706,4,Aug 25 2023 17: +0,1692979200
0.712,12,Aug 25 2023 18: +0,1692982800
0.667,11,Aug 25 2023 19: +0,1692986400
0.706,19,Aug 25 2023 20: +0,1692990000
0.729,27,Aug 25 2023 21: +0,1692993600
0.73,8,Aug 25 2023 22: +0,1692997200
0.683,9,Aug 25 2023 23: +0,1693000800
0.675,10,Aug 26 2023 00: +0,1693004400
0.679,4,Aug 26 2023 01: +0,1693008000
0.737,30,Aug 26 2023 02: +0,1693011600
0.693,6,Aug 26 2023 03: +0,1693015200
0.69,5,Aug 26 2023 04: +0,1693018800
0.698,3,Aug 26 2023 05: +0,1693022400
0.693,2,Aug 26 2023 06: +0,1693026000
0.706,3,Aug 26 2023 07: +0,1693029600
0.716,8,Aug 26 2023 08: +0,1693033200
0.746,9,Aug 26 2023 09: +0,1693036800
0.706,9,Aug 26 2023 10: +0,1693040400
0.698,11,Aug 26 2023 11: +0,1693044000
0.714,17,Aug 26 2023 12: +0,1693047600
0.698,15,Aug 26 2023 13: +0,1693051200
0.706,26,Aug 26 2023 14: +0,1693054800
0.729,19,Aug 26 2023 15: +0,1693058400
0.698,9,Aug 26 2023 16: +0,1693062000
0.721,14,Aug 26 2023 17: +0,1693065600
0.713,10,Aug 26 2023 18: +0,1693069200
0.706,23,Aug 26 2023 19: +0,1693072800
0.73,18,Aug 26 2023 20: +0,1693076400
0.679,10,Aug 26 2023 21: +0,1693080000
0.706,15,Aug 26 2023 22: +0,1693083600
0.742,26,Aug 26 2023 23: +0,1693087200
0.762,14,Aug 27 2023 00: +0,1693090800
0.749,3,Aug 27 2023 01: +0,1693094400
0.706,7,Aug 27 2023 02: +0,1693098000
0.651,14,Aug 27 2023 03: +0,1693101600
0.708,6,Aug 27 2023 04: +0,1693105200
0.762,15,Aug 27 2023 05: +0,1693108800
0.743,1,Aug 27 2023 06: +0,1693112400
0.679,10,Aug 27 2023 07: +0,1693116000
0.732,9,Aug 27 2023 08: +0,1693119600
0.757,63,Aug 27 2023 09: +0,1693123200
0.641,11,Aug 27 2023 10: +0,1693126800
0.683,4,Aug 27 2023 11: +0,1693130400
0.679,10,Aug 27 2023 12: +0,1693134000
0.698,9,Aug 27 2023 13: +0,1693137600
0.709,18,Aug 27 2023 14: +0,1693141200
0.698,31,Aug 27 2023 15: +0,1693144800
0.722,12,Aug 27 2023 16: +0,1693148400
0.729,12,Aug 27 2023 17: +0,1693152000
0.698,5,Aug 27 2023 18: +0,1693155600
0.706,11,Aug 27 2023 19: +0,1693159200
0.675,25,Aug 27 2023 20: +0,1693162800
0.698,17,Aug 27 2023 21: +0,1693166400
0.72,11,Aug 27 2023 22: +0,1693170000
0.698,10,Aug 27 2023 23: +0,1693173600
0.737,9,Aug 28 2023 00: +0,1693177200
0.74,7,Aug 28 2023 01: +0,1693180800
0.73,4,Aug 28 2023 02: +0,1693184400
0.589,1,Aug 28 2023 04: +0,1693191600
0.698,4,Aug 28 2023 05: +0,1693195200
0.746,12,Aug 28 2023 06: +0,1693198800
0.651,7,Aug 28 2023 07: +0,1693202400
0.702,2,Aug 28 2023 08: +0,1693206000
0.748,6,Aug 28 2023 09: +0,1693209600
0.719,8,Aug 28 2023 10: +0,1693213200
0.757,16,Aug 28 2023 11: +0,1693216800
0.702,2,Aug 28 2023 12: +0,1693220400
0.713,8,Aug 28 2023 13: +0,1693224000
0.678,14,Aug 28 2023 14: +0,1693227600
0.709,7,Aug 28 2023 15: +0,1693231200
0.725,15,Aug 28 2023 16: +0,1693234800
0.678,9,Aug 28 2023 17: +0,1693238400
0.704,10,Aug 28 2023 18: +0,1693242000
0.733,15,Aug 28 2023 19: +0,1693245600
0.702,20,Aug 28 2023 20: +0,1693249200
0.702,7,Aug 28 2023 21: +0,1693252800
0.678,5,Aug 28 2023 22: +0,1693256400
0.715,5,Aug 28 2023 23: +0,1693260000
0.678,12,Aug 29 2023 00: +0,1693263600
0.686,8,Aug 29 2023 01: +0,1693267200
0.733,21,Aug 29 2023 02: +0,1693270800
0.686,7,Aug 29 2023 03: +0,1693274400
0.703,3,Aug 29 2023 04: +0,1693278000
0.717,2,Aug 29 2023 05: +0,1693281600
0.741,3,Aug 29 2023 06: +0,1693285200
0.686,4,Aug 29 2023 07: +0,1693288800
0.741,24,Aug 29 2023 08: +0,1693292400
0.753,19,Aug 29 2023 09: +0,1693296000
0.702,7,Aug 29 2023 10: +0,1693299600
0.724,14,Aug 29 2023 11: +0,1693303200
0.715,10,Aug 29 2023 12: +0,1693306800
0.715,10,Aug 29 2023 13: +0,1693310400
0.702,26,Aug 29 2023 14: +0,1693314000
0.71,12,Aug 29 2023 15: +0,1693317600
0.699,11,Aug 29 2023 16: +0,1693321200
0.694,8,Aug 29 2023 17: +0,1693324800
0.732,12,Aug 29 2023 18: +0,1693328400
0.725,4,Aug 29 2023 19: +0,1693332000
0.702,10,Aug 29 2023 20: +0,1693335600
0.715,6,Aug 29 2023 21: +0,1693339200
0.717,13,Aug 29 2023 22: +0,1693342800
0.723,16,Aug 29 2023 23: +0,1693346400
0.74,9,Aug 30 2023 00: +0,1693350000
0.686,14,Aug 30 2023 01: +0,1693353600
0.632,2,Aug 30 2023 02: +0,1693357200
0.749,9,Aug 30 2023 03: +0,1693360800
0.753,4,Aug 30 2023 04: +0,1693364400
0.746,10,Aug 30 2023 05: +0,1693368000
0.721,4,Aug 30 2023 06: +0,1693371600
0.725,7,Aug 30 2023 07: +0,1693375200
0.74,17,Aug 30 2023 08: +0,1693378800
0.757,36,Aug 30 2023 09: +0,1693382400
0.749,7,Aug 30 2023 10: +0,1693386000
0.723,11,Aug 30 2023 11: +0,1693389600
0.765,113,Aug 30 2023 12: +0,1693393200
0.737,16,Aug 30 2023 13: +0,1693396800
0.738,23,Aug 30 2023 14: +0,1693400400
0.74,17,Aug 30 2023 15: +0,1693404000
0.764,43,Aug 30 2023 16: +0,1693407600
0.781,110,Aug 30 2023 17: +0,1693411200
0.815,59,Aug 30 2023 18: +0,1693414800
0.834,47,Aug 30 2023 19: +0,1693418400
0.777,16,Aug 30 2023 20: +0,1693422000
0.851,20,Aug 30 2023 21: +0,1693425600
0.765,11,Aug 30 2023 22: +0,1693429200
0.789,12,Aug 30 2023 23: +0,1693432800
0.792,9,Aug 31 2023 00: +0,1693436400
0.832,12,Aug 31 2023 01: +0,1693440000
0.812,5,Aug 31 2023 02: +0,1693443600
0.862,56,Aug 31 2023 03: +0,1693447200
0.829,4,Aug 31 2023 04: +0,1693450800
0.859,11,Aug 31 2023 05: +0,1693454400
0.875,13,Aug 31 2023 06: +0,1693458000
0.875,40,Aug 31 2023 07: +0,1693461600
0.807,6,Aug 31 2023 08: +0,1693465200
0.801,12,Aug 31 2023 09: +0,1693468800
0.789,28,Aug 31 2023 10: +0,1693472400
0.81,14,Aug 31 2023 11: +0,1693476000
0.817,10,Aug 31 2023 12: +0,1693479600
0.875,313,Aug 31 2023 13: +0,1693483200
0.883,66,Aug 31 2023 14: +0,1693486800
0.852,12,Aug 31 2023 15: +0,1693490400
0.859,11,Aug 31 2023 16: +0,1693494000
0.867,23,Aug 31 2023 17: +0,1693497600
0.867,11,Aug 31 2023 18: +0,1693501200
0.867,34,Aug 31 2023 19: +0,1693504800
0.867,20,Aug 31 2023 20: +0,1693508400
0.852,12,Aug 31 2023 21: +0,1693512000
0.867,10,Aug 31 2023 22: +0,1693515600
0.789,32,Aug 31 2023 23: +0,1693519200
0.867,5,Sep 01 2023 00: +0,1693522800
0.883,52,Sep 01 2023 01: +0,1693526400
0.897,14,Sep 01 2023 02: +0,1693530000
0.906,12,Sep 01 2023 03: +0,1693533600
0.907,11,Sep 01 2023 04: +0,1693537200
0.907,22,Sep 01 2023 05: +0,1693540800
0.694,10,Sep 01 2023 06: +0,1693544400
0.915,26,Sep 01 2023 07: +0,1693548000
0.921,11,Sep 01 2023 08: +0,1693551600
0.915,10,Sep 01 2023 09: +0,1693555200
0.895,10,Sep 01 2023 10: +0,1693558800
0.883,16,Sep 01 2023 11: +0,1693562400
0.895,12,Sep 01 2023 12: +0,1693566000
0.907,9,Sep 01 2023 13: +0,1693569600
0.866,1,Sep 01 2023 15: +0,1693576800
0.907,10,Sep 01 2023 17: +0,1693584000
0.883,11,Sep 01 2023 18: +0,1693587600
0.883,22,Sep 01 2023 19: +0,1693591200
0.867,22,Sep 01 2023 20: +0,1693594800
0.883,23,Sep 01 2023 21: +0,1693598400
0.883,29,Sep 01 2023 22: +0,1693602000
0.872,14,Sep 01 2023 23: +0,1693605600
0.852,17,Sep 02 2023 00: +0,1693609200
0.907,27,Sep 02 2023 01: +0,1693612800
0.875,16,Sep 02 2023 02: +0,1693616400
0.916,20,Sep 02 2023 03: +0,1693620000
0.93,25,Sep 02 2023 04: +0,1693623600
0.936,1,Sep 02 2023 05: +0,1693627200
0.954,432,Sep 02 2023 06: +0,1693630800
0.978,16,Sep 02 2023 07: +0,1693634400
0.883,10,Sep 02 2023 08: +0,1693638000
0.908,7,Sep 02 2023 09: +0,1693641600
0.852,6,Sep 02 2023 10: +0,1693645200
0.909,16,Sep 02 2023 11: +0,1693648800
0.916,23,Sep 02 2023 12: +0,1693652400
0.93,19,Sep 02 2023 13: +0,1693656000
0.978,4,Sep 02 2023 14: +0,1693659600
0.933,2,Sep 02 2023 15: +0,1693663200
0.952,12,Sep 02 2023 16: +0,1693666800
0.915,5,Sep 02 2023 17: +0,1693670400
0.962,35,Sep 02 2023 18: +0,1693674000
0.961,25,Sep 02 2023 19: +0,1693677600
0.978,54,Sep 02 2023 20: +0,1693681200
0.883,21,Sep 02 2023 21: +0,1693684800
0.934,15,Sep 02 2023 22: +0,1693688400
0.867,6,Sep 02 2023 23: +0,1693692000
0.951,11,Sep 03 2023 00: +0,1693695600
0.828,15,Sep 03 2023 01: +0,1693699200
0.941,22,Sep 03 2023 02: +0,1693702800
0.938,9,Sep 03 2023 03: +0,1693706400
0.952,9,Sep 03 2023 04: +0,1693710000
0.942,9,Sep 03 2023 05: +0,1693713600
0.97,94,Sep 03 2023 06: +0,1693717200
0.977,46,Sep 03 2023 07: +0,1693720800
0.974,9,Sep 03 2023 08: +0,1693724400
0.97,91,Sep 03 2023 09: +0,1693728000
0.975,16,Sep 03 2023 10: +0,1693731600
0.978,19,Sep 03 2023 11: +0,1693735200
0.962,7,Sep 03 2023 12: +0,1693738800
0.959,9,Sep 03 2023 13: +0,1693742400
0.981,5,Sep 03 2023 14: +0,1693746000
0.959,1,Sep 03 2023 15: +0,1693749600
0.981,16,Sep 03 2023 16: +0,1693753200
0.954,13,Sep 03 2023 17: +0,1693756800
0.985,40,Sep 03 2023 18: +0,1693760400
0.962,19,Sep 03 2023 19: +0,1693764000
0.95,18,Sep 03 2023 20: +0,1693767600
0.979,16,Sep 03 2023 21: +0,1693771200
0.979,11,Sep 03 2023 22: +0,1693774800
0.959,13,Sep 03 2023 23: +0,1693778400
0.967,6,Sep 04 2023 00: +0,1693782000
0.796,5,Sep 04 2023 01: +0,1693785600
0.962,14,Sep 04 2023 02: +0,1693789200
0.946,3,Sep 04 2023 03: +0,1693792800
0.97,7,Sep 04 2023 04: +0,1693796400
0.97,5,Sep 04 2023 05: +0,1693800000
0.946,8,Sep 04 2023 06: +0,1693803600
0.955,10,Sep 04 2023 07: +0,1693807200
0.946,7,Sep 04 2023 08: +0,1693810800
0.966,12,Sep 04 2023 09: +0,1693814400
0.966,15,Sep 04 2023 10: +0,1693818000
0.999,17,Sep 04 2023 11: +0,1693821600
0.974,18,Sep 04 2023 12: +0,1693825200
0.982,10,Sep 04 2023 13: +0,1693828800
0.979,7,Sep 04 2023 14: +0,1693832400
0.996,12,Sep 04 2023 15: +0,1693836000
0.984,18,Sep 04 2023 16: +0,1693839600
0.974,25,Sep 04 2023 17: +0,1693843200
0.962,10,Sep 04 2023 18: +0,1693846800
0.973,10,Sep 04 2023 19: +0,1693850400
0.962,27,Sep 04 2023 20: +0,1693854000
0.963,12,Sep 04 2023 21: +0,1693857600
0.997,9,Sep 04 2023 22: +0,1693861200
0.962,11,Sep 04 2023 23: +0,1693864800
0.925,8,Sep 05 2023 00: +0,1693868400
0.962,9,Sep 05 2023 01: +0,1693872000
1.005,13,Sep 05 2023 02: +0,1693875600
0.94,10,Sep 05 2023 03: +0,1693879200
0.925,93,Sep 05 2023 04: +0,1693882800
0.901,21,Sep 05 2023 05: +0,1693886400
0.926,6,Sep 05 2023 06: +0,1693890000
0.926,27,Sep 05 2023 07: +0,1693893600
0.953,2,Sep 05 2023 08: +0,1693897200
0.932,11,Sep 05 2023 09: +0,1693900800
0.901,35,Sep 05 2023 10: +0,1693904400
0.869,21,Sep 05 2023 11: +0,1693908000
0.844,3,Sep 05 2023 12: +0,1693911600
0.87,13,Sep 05 2023 13: +0,1693915200
0.915,30,Sep 05 2023 14: +0,1693918800
0.869,14,Sep 05 2023 15: +0,1693922400
0.99,37,Sep 05 2023 16: +0,1693926000
0.999,30,Sep 05 2023 17: +0,1693929600
0.997,16,Sep 05 2023 18: +0,1693933200
0.905,5,Sep 05 2023 19: +0,1693936800
0.869,1,Sep 05 2023 20: +0,1693940400
0.853,6,Sep 05 2023 21: +0,1693944000
0.869,28,Sep 05 2023 22: +0,1693947600
0.88,19,Sep 05 2023 23: +0,1693951200
0.856,1,Sep 06 2023 00: +0,1693954800
0.862,4,Sep 06 2023 01: +0,1693958400
0.851,6,Sep 06 2023 02: +0,1693962000
0.851,6,Sep 06 2023 03: +0,1693965600
0.893,7,Sep 06 2023 04: +0,1693969200
0.851,7,Sep 06 2023 05: +0,1693972800
0.74,14,Sep 06 2023 06: +0,1693976400
0.859,4,Sep 06 2023 07: +0,1693980000
0.964,15,Sep 06 2023 08: +0,1693983600
0.861,9,Sep 06 2023 09: +0,1693987200
0.877,6,Sep 06 2023 10: +0,1693990800
0.963,8,Sep 06 2023 11: +0,1693994400
0.869,14,Sep 06 2023 12: +0,1693998000
0.899,18,Sep 06 2023 13: +0,1694001600
0.978,26,Sep 06 2023 14: +0,1694005200
0.869,14,Sep 06 2023 15: +0,1694008800
0.869,20,Sep 06 2023 16: +0,1694012400
0.877,33,Sep 06 2023 17: +0,1694016000
0.879,21,Sep 06 2023 18: +0,1694019600
0.869,25,Sep 06 2023 19: +0,1694023200
0.869,16,Sep 06 2023 20: +0,1694026800
0.872,42,Sep 06 2023 21: +0,1694030400
0.869,15,Sep 06 2023 22: +0,1694034000
0.874,8,Sep 06 2023 23: +0,1694037600
0.905,12,Sep 07 2023 00: +0,1694041200
0.928,4,Sep 07 2023 01: +0,1694044800
0.869,5,Sep 07 2023 02: +0,1694048400
0.869,5,Sep 07 2023 03: +0,1694052000
0.829,8,Sep 07 2023 04: +0,1694055600
0.924,7,Sep 07 2023 05: +0,1694059200
0.958,13,Sep 07 2023 06: +0,1694062800
0.953,10,Sep 07 2023 07: +0,1694066400
0.893,8,Sep 07 2023 08: +0,1694070000
0.923,19,Sep 07 2023 09: +0,1694073600
0.861,5,Sep 07 2023 10: +0,1694077200
0.869,9,Sep 07 2023 11: +0,1694080800
0.877,8,Sep 07 2023 12: +0,1694084400
0.877,11,Sep 07 2023 13: +0,1694088000
0.869,88,Sep 07 2023 14: +0,1694091600
0.861,84,Sep 07 2023 15: +0,1694095200
0.885,19,Sep 07 2023 16: +0,1694098800
0.863,13,Sep 07 2023 17: +0,1694102400
0.692,34,Sep 07 2023 18: +0,1694106000
0.853,11,Sep 07 2023 19: +0,1694109600
0.844,17,Sep 07 2023 20: +0,1694113200
0.789,12,Sep 07 2023 21: +0,1694116800
0.809,12,Sep 07 2023 22: +0,1694120400
0.841,15,Sep 07 2023 23: +0,1694124000
0.805,10,Sep 08 2023 00: +0,1694127600
0.813,7,Sep 08 2023 01: +0,1694131200
0.789,5,Sep 08 2023 02: +0,1694134800
0.805,9,Sep 08 2023 03: +0,1694138400
0.834,26,Sep 08 2023 04: +0,1694142000
0.817,4,Sep 08 2023 05: +0,1694145600
0.787,2,Sep 08 2023 06: +0,1694149200
0.782,6,Sep 08 2023 07: +0,1694152800
0.781,5,Sep 08 2023 08: +0,1694156400
0.832,13,Sep 08 2023 09: +0,1694160000
0.789,6,Sep 08 2023 10: +0,1694163600
0.801,8,Sep 08 2023 11: +0,1694167200
0.797,11,Sep 08 2023 12: +0,1694170800
0.8,15,Sep 08 2023 13: +0,1694174400
0.797,16,Sep 08 2023 14: +0,1694178000
0.787,9,Sep 08 2023 15: +0,1694181600
0.787,15,Sep 08 2023 16: +0,1694185200
0.789,8,Sep 08 2023 17: +0,1694188800
0.781,16,Sep 08 2023 18: +0,1694192400
0.781,8,Sep 08 2023 19: +0,1694196000
0.781,16,Sep 08 2023 20: +0,1694199600
0.781,13,Sep 08 2023 21: +0,1694203200
0.781,16,Sep 08 2023 22: +0,1694206800
0.781,15,Sep 08 2023 23: +0,1694210400
0.802,22,Sep 09 2023 00: +0,1694214000
0.797,10,Sep 09 2023 01: +0,1694217600
0.781,8,Sep 09 2023 02: +0,1694221200
0.7,7,Sep 09 2023 03: +0,1694224800
0.807,8,Sep 09 2023 04: +0,1694228400
0.803,11,Sep 09 2023 05: +0,1694232000
0.696,4,Sep 09 2023 06: +0,1694235600
0.787,9,Sep 09 2023 07: +0,1694239200
0.824,2,Sep 09 2023 08: +0,1694242800
0.824,16,Sep 09 2023 09: +0,1694246400
0.773,13,Sep 09 2023 10: +0,1694250000
0.821,10,Sep 09 2023 11: +0,1694253600
0.79,10,Sep 09 2023 12: +0,1694257200
0.811,10,Sep 09 2023 13: +0,1694260800
0.777,6,Sep 09 2023 14: +0,1694264400
0.814,14,Sep 09 2023 15: +0,1694268000
0.781,9,Sep 09 2023 16: +0,1694271600
0.795,19,Sep 09 2023 17: +0,1694275200
0.781,55,Sep 09 2023 18: +0,1694278800
0.813,21,Sep 09 2023 19: +0,1694282400
0.792,21,Sep 09 2023 20: +0,1694286000
0.832,39,Sep 09 2023 21: +0,1694289600
0.813,16,Sep 09 2023 22: +0,1694293200
0.813,7,Sep 09 2023 23: +0,1694296800
0.789,9,Sep 10 2023 00: +0,1694300400
0.827,24,Sep 10 2023 01: +0,1694304000
0.822,6,Sep 10 2023 02: +0,1694307600
0.853,10,Sep 10 2023 03: +0,1694311200
0.861,26,Sep 10 2023 05: +0,1694318400
0.807,14,Sep 10 2023 06: +0,1694322000
0.865,12,Sep 10 2023 07: +0,1694325600
0.789,15,Sep 10 2023 08: +0,1694329200
0.795,7,Sep 10 2023 09: +0,1694332800
0.821,18,Sep 10 2023 10: +0,1694336400
0.784,2,Sep 10 2023 11: +0,1694340000
0.801,9,Sep 10 2023 12: +0,1694343600
0.781,27,Sep 10 2023 13: +0,1694347200
0.781,29,Sep 10 2023 14: +0,1694350800
0.781,16,Sep 10 2023 15: +0,1694354400
0.892,84,Sep 10 2023 16: +0,1694358000
0.852,11,Sep 10 2023 17: +0,1694361600
0.814,20,Sep 10 2023 18: +0,1694365200
0.813,14,Sep 10 2023 19: +0,1694368800
0.839,13,Sep 10 2023 20: +0,1694372400
0.781,9,Sep 10 2023 21: +0,1694376000
0.769,6,Sep 10 2023 22: +0,1694379600
0.807,5,Sep 10 2023 23: +0,1694383200
0.765,8,Sep 11 2023 00: +0,1694386800
0.814,4,Sep 11 2023 01: +0,1694390400
0.781,5,Sep 11 2023 02: +0,1694394000
0.805,7,Sep 11 2023 03: +0,1694397600
0.784,6,Sep 11 2023 04: +0,1694401200
0.77,4,Sep 11 2023 05: +0,1694404800
0.804,2,Sep 11 2023 06: +0,1694408400
0.805,2,Sep 11 2023 07: +0,1694412000
0.789,6,Sep 11 2023 08: +0,1694415600
0.789,12,Sep 11 2023 09: +0,1694419200
0.808,17,Sep 11 2023 10: +0,1694422800
0.781,11,Sep 11 2023 11: +0,1694426400
0.781,18,Sep 11 2023 12: +0,1694430000
0.781,19,Sep 11 2023 13: +0,1694433600
0.781,6,Sep 11 2023 14: +0,1694437200
0.842,75,Sep 11 2023 15: +0,1694440800
0.787,4,Sep 11 2023 16: +0,1694444400
0.801,10,Sep 11 2023 17: +0,1694448000
0.807,21,Sep 11 2023 18: +0,1694451600
0.781,23,Sep 11 2023 19: +0,1694455200
0.765,6,Sep 11 2023 20: +0,1694458800
0.781,19,Sep 11 2023 21: +0,1694462400
0.781,15,Sep 11 2023 22: +0,1694466000
0.781,5,Sep 11 2023 23: +0,1694469600
0.849,8,Sep 12 2023 00: +0,1694473200
0.756,68,Sep 12 2023 01: +0,1694476800
0.716,3,Sep 12 2023 02: +0,1694480400
0.768,5,Sep 12 2023 03: +0,1694484000
0.765,11,Sep 12 2023 04: +0,1694487600
0.834,1,Sep 12 2023 05: +0,1694491200
0.781,6,Sep 12 2023 06: +0,1694494800
0.797,3,Sep 12 2023 07: +0,1694498400
0.805,7,Sep 12 2023 08: +0,1694502000
0.813,4,Sep 12 2023 09: +0,1694505600
0.806,6,Sep 12 2023 10: +0,1694509200
0.82,7,Sep 12 2023 11: +0,1694512800
0.797,15,Sep 12 2023 12: +0,1694516400
0.822,12,Sep 12 2023 13: +0,1694520000
0.838,14,Sep 12 2023 14: +0,1694523600
0.832,5,Sep 12 2023 15: +0,1694527200
0.846,14,Sep 12 2023 16: +0,1694530800
0.843,7,Sep 12 2023 17: +0,1694534400
0.861,10,Sep 12 2023 18: +0,1694538000
0.863,34,Sep 12 2023 19: +0,1694541600
0.781,8,Sep 12 2023 20: +0,1694545200
0.793,15,Sep 12 2023 21: +0,1694548800
0.793,7,Sep 12 2023 22: +0,1694552400
0.793,11,Sep 12 2023 23: +0,1694556000
0.81,20,Sep 13 2023 00: +0,1694559600
0.756,1,Sep 13 2023 01: +0,1694563200
0.797,5,Sep 13 2023 02: +0,1694566800
0.797,27,Sep 13 2023 03: +0,1694570400
0.813,9,Sep 13 2023 04: +0,1694574000
0.813,7,Sep 13 2023 05: +0,1694577600
0.795,7,Sep 13 2023 06: +0,1694581200
0.789,13,Sep 13 2023 07: +0,1694584800
0.838,5,Sep 13 2023 08: +0,1694588400
0.781,12,Sep 13 2023 09: +0,1694592000
0.789,23,Sep 13 2023 10: +0,1694595600
0.789,15,Sep 13 2023 11: +0,1694599200
0.822,9,Sep 13 2023 12: +0,1694602800
0.789,6,Sep 13 2023 13: +0,1694606400
0.789,19,Sep 13 2023 14: +0,1694610000
0.781,25,Sep 13 2023 15: +0,1694613600
0.75,25,Sep 13 2023 16: +0,1694617200
0.778,16,Sep 13 2023 17: +0,1694620800
0.802,29,Sep 13 2023 18: +0,1694624400
0.773,23,Sep 13 2023 19: +0,1694628000
0.789,20,Sep 13 2023 20: +0,1694631600
0.775,13,Sep 13 2023 21: +0,1694635200
0.771,13,Sep 13 2023 22: +0,1694638800
0.747,14,Sep 13 2023 23: +0,1694642400
0.748,11,Sep 14 2023 00: +0,1694646000
0.75,12,Sep 14 2023 01: +0,1694649600
0.781,23,Sep 14 2023 02: +0,1694653200
0.789,10,Sep 14 2023 03: +0,1694656800
0.789,7,Sep 14 2023 04: +0,1694660400
0.778,4,Sep 14 2023 05: +0,1694664000
0.789,5,Sep 14 2023 06: +0,1694667600
0.789,11,Sep 14 2023 07: +0,1694671200
0.789,13,Sep 14 2023 08: +0,1694674800
0.789,30,Sep 14 2023 09: +0,1694678400
0.789,4,Sep 14 2023 10: +0,1694682000
0.841,28,Sep 14 2023 11: +0,1694685600
0.844,10,Sep 14 2023 12: +0,1694689200
0.789,15,Sep 14 2023 13: +0,1694692800
0.82,10,Sep 14 2023 14: +0,1694696400
0.789,26,Sep 14 2023 15: +0,1694700000
0.789,66,Sep 14 2023 16: +0,1694703600
0.774,34,Sep 14 2023 17: +0,1694707200
0.748,17,Sep 14 2023 18: +0,1694710800
0.775,15,Sep 14 2023 19: +0,1694714400
0.753,18,Sep 14 2023 20: +0,1694718000
0.747,17,Sep 14 2023 21: +0,1694721600
0.756,27,Sep 14 2023 22: +0,1694725200
0.757,7,Sep 14 2023 23: +0,1694728800
0.781,20,Sep 15 2023 00: +0,1694732400
0.757,5,Sep 15 2023 01: +0,1694736000
0.74,1,Sep 15 2023 02: +0,1694739600
0.748,3,Sep 15 2023 03: +0,1694743200
0.748,4,Sep 15 2023 04: +0,1694746800
0.756,5,Sep 15 2023 05: +0,1694750400
0.813,12,Sep 15 2023 06: +0,1694754000
0.815,13,Sep 15 2023 07: +0,1694757600
0.764,3,Sep 15 2023 08: +0,1694761200
0.748,10,Sep 15 2023 09: +0,1694764800
0.761,12,Sep 15 2023 10: +0,1694768400
0.779,8,Sep 15 2023 11: +0,1694772000
0.748,9,Sep 15 2023 12: +0,1694775600
0.748,21,Sep 15 2023 13: +0,1694779200
0.747,11,Sep 15 2023 14: +0,1694782800
0.74,31,Sep 15 2023 15: +0,1694786400
0.75,16,Sep 15 2023 16: +0,1694790000
0.753,25,Sep 15 2023 17: +0,1694793600
0.75,16,Sep 15 2023 18: +0,1694797200
0.774,32,Sep 15 2023 19: +0,1694800800
0.817,25,Sep 15 2023 20: +0,1694804400
0.825,33,Sep 15 2023 21: +0,1694808000
0.81,10,Sep 15 2023 22: +0,1694811600
0.797,13,Sep 15 2023 23: +0,1694815200
0.842,14,Sep 16 2023 00: +0,1694818800
0.847,6,Sep 16 2023 01: +0,1694822400
0.77,6,Sep 16 2023 02: +0,1694826000
0.782,5,Sep 16 2023 03: +0,1694829600
0.758,12,Sep 16 2023 05: +0,1694836800
0.766,12,Sep 16 2023 06: +0,1694840400
0.785,16,Sep 16 2023 07: +0,1694844000
0.788,5,Sep 16 2023 08: +0,1694847600
0.758,16,Sep 16 2023 09: +0,1694851200
0.77,26,Sep 16 2023 10: +0,1694854800
0.771,9,Sep 16 2023 11: +0,1694858400
0.758,19,Sep 16 2023 12: +0,1694862000
0.804,10,Sep 16 2023 13: +0,1694865600
0.743,26,Sep 16 2023 14: +0,1694869200
0.782,31,Sep 16 2023 15: +0,1694872800
0.758,10,Sep 16 2023 16: +0,1694876400
0.825,28,Sep 16 2023 17: +0,1694880000
0.806,22,Sep 16 2023 18: +0,1694883600
0.766,19,Sep 16 2023 19: +0,1694887200
0.75,23,Sep 16 2023 20: +0,1694890800
0.791,11,Sep 16 2023 21: +0,1694894400
0.792,13,Sep 16 2023 22: +0,1694898000
0.77,10,Sep 16 2023 23: +0,1694901600
0.799,6,Sep 17 2023 00: +0,1694905200
0.774,9,Sep 17 2023 01: +0,1694908800
0.797,5,Sep 17 2023 02: +0,1694912400
0.816,1,Sep 17 2023 03: +0,1694916000
0.766,8,Sep 17 2023 04: +0,1694919600
0.774,7,Sep 17 2023 05: +0,1694923200
0.827,27,Sep 17 2023 06: +0,1694926800
0.814,2,Sep 17 2023 07: +0,1694930400
0.842,4,Sep 17 2023 08: +0,1694934000
0.815,8,Sep 17 2023 09: +0,1694937600
0.791,7,Sep 17 2023 10: +0,1694941200
0.782,26,Sep 17 2023 11: +0,1694944800
0.77,6,Sep 17 2023 12: +0,1694948400
0.782,25,Sep 17 2023 13: +0,1694952000
0.801,7,Sep 17 2023 14: +0,1694955600
0.794,16,Sep 17 2023 15: +0,1694959200
0.782,9,Sep 17 2023 16: +0,1694962800
0.8,22,Sep 17 2023 17: +0,1694966400
0.782,20,Sep 17 2023 18: +0,1694970000
0.782,23,Sep 17 2023 19: +0,1694973600
0.79,17,Sep 17 2023 20: +0,1694977200
0.787,14,Sep 17 2023 21: +0,1694980800
0.782,11,Sep 17 2023 22: +0,1694984400
0.807,14,Sep 17 2023 23: +0,1694988000
0.797,5,Sep 18 2023 00: +0,1694991600
0.801,6,Sep 18 2023 01: +0,1694995200
0.796,10,Sep 18 2023 02: +0,1694998800
0.79,5,Sep 18 2023 03: +0,1695002400
0.782,2,Sep 18 2023 04: +0,1695006000
0.816,26,Sep 18 2023 05: +0,1695009600
0.821,14,Sep 18 2023 06: +0,1695013200
0.774,3,Sep 18 2023 07: +0,1695016800
0.816,7,Sep 18 2023 08: +0,1695020400
0.816,2,Sep 18 2023 09: +0,1695024000
0.79,5,Sep 18 2023 10: +0,1695027600
0.79,9,Sep 18 2023 11: +0,1695031200
0.834,3,Sep 18 2023 12: +0,1695034800
0.79,6,Sep 18 2023 13: +0,1695038400
0.782,7,Sep 18 2023 14: +0,1695042000
0.799,15,Sep 18 2023 15: +0,1695045600
0.821,11,Sep 18 2023 16: +0,1695049200
0.849,29,Sep 18 2023 17: +0,1695052800
0.816,24,Sep 18 2023 18: +0,1695056400
0.799,21,Sep 18 2023 19: +0,1695060000
0.809,22,Sep 18 2023 20: +0,1695063600
0.798,18,Sep 18 2023 21: +0,1695067200
0.82,13,Sep 18 2023 22: +0,1695070800
0.839,7,Sep 18 2023 23: +0,1695074400
0.779,1,Sep 19 2023 00: +0,1695078000
0.82,11,Sep 19 2023 01: +0,1695081600
0.774,2,Sep 19 2023 02: +0,1695085200
0.807,1,Sep 19 2023 03: +0,1695088800
0.811,9,Sep 19 2023 04: +0,1695092400
0.811,7,Sep 19 2023 05: +0,1695096000
0.82,15,Sep 19 2023 07: +0,1695103200
0.821,8,Sep 19 2023 08: +0,1695106800
0.807,9,Sep 19 2023 09: +0,1695110400
0.848,18,Sep 19 2023 10: +0,1695114000
0.787,6,Sep 19 2023 11: +0,1695117600
0.854,20,Sep 19 2023 12: +0,1695121200
0.869,41,Sep 19 2023 13: +0,1695124800
0.811,21,Sep 19 2023 14: +0,1695128400
0.841,10,Sep 19 2023 15: +0,1695132000
0.837,14,Sep 19 2023 16: +0,1695135600
0.811,30,Sep 19 2023 17: +0,1695139200
0.884,73,Sep 19 2023 18: +0,1695142800
0.81,14,Sep 19 2023 19: +0,1695146400
0.809,13,Sep 19 2023 20: +0,1695150000
0.828,6,Sep 19 2023 21: +0,1695153600
0.794,12,Sep 19 2023 22: +0,1695157200
0.867,7,Sep 19 2023 23: +0,1695160800
0.855,1,Sep 20 2023 00: +0,1695164400
0.867,5,Sep 20 2023 01: +0,1695168000
0.794,3,Sep 20 2023 02: +0,1695171600
0.828,4,Sep 20 2023 03: +0,1695175200
0.809,6,Sep 20 2023 04: +0,1695178800
0.802,2,Sep 20 2023 05: +0,1695182400
0.82,1,Sep 20 2023 06: +0,1695186000
0.807,5,Sep 20 2023 07: +0,1695189600
0.805,3,Sep 20 2023 08: +0,1695193200
0.81,3,Sep 20 2023 09: +0,1695196800
0.796,6,Sep 20 2023 10: +0,1695200400
0.796,8,Sep 20 2023 11: +0,1695204000
0.816,10,Sep 20 2023 12: +0,1695207600
0.805,11,Sep 20 2023 13: +0,1695211200
0.82,11,Sep 20 2023 14: +0,1695214800
0.811,16,Sep 20 2023 15: +0,1695218400
0.805,23,Sep 20 2023 16: +0,1695222000
0.828,36,Sep 20 2023 17: +0,1695225600
0.811,16,Sep 20 2023 18: +0,1695229200
0.808,26,Sep 20 2023 19: +0,1695232800
0.805,28,Sep 20 2023 20: +0,1695236400
0.821,26,Sep 20 2023 21: +0,1695240000
0.808,13,Sep 20 2023 22: +0,1695243600
0.808,5,Sep 20 2023 23: +0,1695247200
0.82,13,Sep 21 2023 00: +0,1695250800
0.817,7,Sep 21 2023 01: +0,1695254400
0.816,8,Sep 21 2023 02: +0,1695258000
0.82,9,Sep 21 2023 03: +0,1695261600
0.829,11,Sep 21 2023 04: +0,1695265200
0.774,6,Sep 21 2023 05: +0,1695268800
0.828,3,Sep 21 2023 06: +0,1695272400
0.834,8,Sep 21 2023 07: +0,1695276000
0.842,5,Sep 21 2023 08: +0,1695279600
0.82,16,Sep 21 2023 09: +0,1695283200
0.82,13,Sep 21 2023 10: +0,1695286800
0.851,12,Sep 21 2023 11: +0,1695290400
0.814,6,Sep 21 2023 12: +0,1695294000
0.815,12,Sep 21 2023 13: +0,1695297600
0.844,12,Sep 21 2023 14: +0,1695301200
0.789,10,Sep 21 2023 15: +0,1695304800
0.82,15,Sep 21 2023 16: +0,1695308400
0.82,14,Sep 21 2023 17: +0,1695312000
0.82,10,Sep 21 2023 18: +0,1695315600
0.82,19,Sep 21 2023 19: +0,1695319200
0.82,9,Sep 21 2023 20: +0,1695322800
0.862,22,Sep 21 2023 21: +0,1695326400
0.856,10,Sep 21 2023 22: +0,1695330000
0.842,4,Sep 21 2023 23: +0,1695333600
0.848,6,Sep 22 2023 00: +0,1695337200
0.844,7,Sep 22 2023 01: +0,1695340800
0.82,4,Sep 22 2023 02: +0,1695344400
0.828,8,Sep 22 2023 03: +0,1695348000
0.835,5,Sep 22 2023 04: +0,1695351600
0.828,5,Sep 22 2023 05: +0,1695355200
0.85,2,Sep 22 2023 06: +0,1695358800
0.82,5,Sep 22 2023 07: +0,1695362400
0.875,8,Sep 22 2023 08: +0,1695366000
0.813,6,Sep 22 2023 09: +0,1695369600
0.812,2,Sep 22 2023 10: +0,1695373200
0.82,22,Sep 22 2023 11: +0,1695376800
0.82,5,Sep 22 2023 12: +0,1695380400
0.82,11,Sep 22 2023 13: +0,1695384000
0.82,17,Sep 22 2023 14: +0,1695387600
0.82,13,Sep 22 2023 15: +0,1695391200
0.816,16,Sep 22 2023 16: +0,1695394800
0.833,22,Sep 22 2023 17: +0,1695398400
0.837,19,Sep 22 2023 18: +0,1695402000
0.82,11,Sep 22 2023 19: +0,1695405600
0.82,20,Sep 22 2023 20: +0,1695409200
0.809,16,Sep 22 2023 21: +0,1695412800
0.82,17,Sep 22 2023 22: +0,1695416400
0.811,57,Sep 22 2023 23: +0,1695420000
0.829,11,Sep 23 2023 00: +0,1695423600
0.815,4,Sep 23 2023 01: +0,1695427200
0.809,6,Sep 23 2023 02: +0,1695430800
0.818,10,Sep 23 2023 03: +0,1695434400
0.815,6,Sep 23 2023 04: +0,1695438000
0.822,8,Sep 23 2023 05: +0,1695441600
0.83,18,Sep 23 2023 06: +0,1695445200
0.811,13,Sep 23 2023 07: +0,1695448800
0.828,23,Sep 23 2023 08: +0,1695452400
0.812,20,Sep 23 2023 09: +0,1695456000
0.82,10,Sep 23 2023 10: +0,1695459600
0.81,18,Sep 23 2023 11: +0,1695463200
0.828,23,Sep 23 2023 12: +0,1695466800
0.816,24,Sep 23 2023 13: +0,1695470400
0.828,13,Sep 23 2023 14: +0,1695474000
0.824,16,Sep 23 2023 15: +0,1695477600
0.82,12,Sep 23 2023 16: +0,1695481200
0.837,28,Sep 23 2023 17: +0,1695484800
0.807,16,Sep 23 2023 18: +0,1695488400
0.828,19,Sep 23 2023 19: +0,1695492000
0.82,17,Sep 23 2023 20: +0,1695495600
0.829,23,Sep 23 2023 21: +0,1695499200
0.828,10,Sep 23 2023 22: +0,1695502800
0.82,15,Sep 23 2023 23: +0,1695506400
0.828,6,Sep 24 2023 00: +0,1695510000
0.762,11,Sep 24 2023 01: +0,1695513600
0.82,4,Sep 24 2023 02: +0,1695517200
0.828,10,Sep 24 2023 03: +0,1695520800
0.721,3,Sep 24 2023 04: +0,1695524400
0.849,4,Sep 24 2023 05: +0,1695528000
0.82,5,Sep 24 2023 06: +0,1695531600
0.82,3,Sep 24 2023 07: +0,1695535200
0.816,5,Sep 24 2023 08: +0,1695538800
0.827,8,Sep 24 2023 09: +0,1695542400
0.792,18,Sep 24 2023 10: +0,1695546000
0.816,7,Sep 24 2023 11: +0,1695549600
0.846,17,Sep 24 2023 12: +0,1695553200
0.828,12,Sep 24 2023 13: +0,1695556800
0.843,18,Sep 24 2023 14: +0,1695560400
0.82,11,Sep 24 2023 15: +0,1695564000
0.814,10,Sep 24 2023 16: +0,1695567600
0.829,8,Sep 24 2023 17: +0,1695571200
0.792,26,Sep 24 2023 18: +0,1695574800
0.82,15,Sep 24 2023 19: +0,1695578400
0.811,11,Sep 24 2023 20: +0,1695582000
0.812,11,Sep 24 2023 21: +0,1695585600
0.8,16,Sep 24 2023 22: +0,1695589200
0.82,10,Sep 24 2023 23: +0,1695592800
0.828,9,Sep 25 2023 00: +0,1695596400
0.837,6,Sep 25 2023 01: +0,1695600000
0.836,7,Sep 25 2023 02: +0,1695603600
0.801,3,Sep 25 2023 03: +0,1695607200
0.829,4,Sep 25 2023 04: +0,1695610800
0.82,4,Sep 25 2023 05: +0,1695614400
0.832,14,Sep 25 2023 07: +0,1695621600
0.892,149,Sep 25 2023 08: +0,1695625200
0.885,4,Sep 25 2023 09: +0,1695628800
0.837,9,Sep 25 2023 10: +0,1695632400
0.77,2,Sep 25 2023 11: +0,1695636000
0.8,10,Sep 25 2023 12: +0,1695639600
0.797,2,Sep 25 2023 13: +0,1695643200
0.809,7,Sep 25 2023 14: +0,1695646800
0.792,15,Sep 25 2023 15: +0,1695650400
0.801,11,Sep 25 2023 16: +0,1695654000
0.841,12,Sep 25 2023 17: +0,1695657600
0.811,7,Sep 25 2023 18: +0,1695661200
0.811,29,Sep 25 2023 19: +0,1695664800
0.812,9,Sep 25 2023 20: +0,1695668400
0.842,21,Sep 25 2023 21: +0,1695672000
0.847,7,Sep 25 2023 22: +0,1695675600
0.847,9,Sep 25 2023 23: +0,1695679200
0.779,3,Sep 26 2023 00: +0,1695682800
0.842,9,Sep 26 2023 01: +0,1695686400
0.814,3,Sep 26 2023 02: +0,1695690000
0.82,5,Sep 26 2023 03: +0,1695693600
0.844,1,Sep 26 2023 04: +0,1695697200
0.796,3,Sep 26 2023 05: +0,1695700800
0.852,3,Sep 26 2023 06: +0,1695704400
0.814,2,Sep 26 2023 07: +0,1695708000
0.842,16,Sep 26 2023 08: +0,1695711600
0.811,34,Sep 26 2023 09: +0,1695715200
0.721,15,Sep 26 2023 10: +0,1695718800
0.792,9,Sep 26 2023 11: +0,1695722400
0.84,9,Sep 26 2023 12: +0,1695726000
0.809,7,Sep 26 2023 13: +0,1695729600
0.817,8,Sep 26 2023 14: +0,1695733200
0.828,19,Sep 26 2023 15: +0,1695736800
0.795,21,Sep 26 2023 16: +0,1695740400
0.801,16,Sep 26 2023 17: +0,1695744000
0.82,7,Sep 26 2023 18: +0,1695747600
0.795,10,Sep 26 2023 19: +0,1695751200
0.802,14,Sep 26 2023 20: +0,1695754800
0.794,19,Sep 26 2023 21: +0,1695758400
0.808,11,Sep 26 2023 22: +0,1695762000
0.832,3,Sep 26 2023 23: +0,1695765600
0.786,10,Sep 27 2023 00: +0,1695769200
0.794,6,Sep 27 2023 01: +0,1695772800
0.798,6,Sep 27 2023 02: +0,1695776400
0.81,13,Sep 27 2023 03: +0,1695780000
0.818,12,Sep 27 2023 04: +0,1695783600
0.794,4,Sep 27 2023 05: +0,1695787200
0.828,1,Sep 27 2023 06: +0,1695790800
0.806,13,Sep 27 2023 07: +0,1695794400
0.786,9,Sep 27 2023 08: +0,1695798000
0.794,8,Sep 27 2023 09: +0,1695801600
0.806,9,Sep 27 2023 10: +0,1695805200
0.806,7,Sep 27 2023 11: +0,1695808800
0.794,11,Sep 27 2023 12: +0,1695812400
0.808,10,Sep 27 2023 13: +0,1695816000
0.808,14,Sep 27 2023 14: +0,1695819600
0.806,18,Sep 27 2023 15: +0,1695823200
0.802,18,Sep 27 2023 16: +0,1695826800
0.81,39,Sep 27 2023 17: +0,1695830400
0.792,18,Sep 27 2023 18: +0,1695834000
0.795,17,Sep 27 2023 19: +0,1695837600
0.794,21,Sep 27 2023 20: +0,1695841200
0.794,13,Sep 27 2023 21: +0,1695844800
0.786,29,Sep 27 2023 22: +0,1695848400
0.786,26,Sep 27 2023 23: +0,1695852000
0.786,18,Sep 28 2023 00: +0,1695855600
0.786,21,Sep 28 2023 01: +0,1695859200
0.793,16,Sep 28 2023 02: +0,1695862800
0.793,25,Sep 28 2023 03: +0,1695866400
0.794,5,Sep 28 2023 04: +0,1695870000
0.789,14,Sep 28 2023 05: +0,1695873600
0.795,16,Sep 28 2023 06: +0,1695877200
0.778,17,Sep 28 2023 07: +0,1695880800
0.773,14,Sep 28 2023 08: +0,1695884400
0.778,19,Sep 28 2023 09: +0,1695888000
0.773,6,Sep 28 2023 10: +0,1695891600
0.764,17,Sep 28 2023 11: +0,1695895200
0.764,11,Sep 28 2023 12: +0,1695898800
0.762,20,Sep 28 2023 13: +0,1695902400
0.763,10,Sep 28 2023 14: +0,1695906000
0.761,6,Sep 28 2023 15: +0,1695909600
0.761,11,Sep 28 2023 16: +0,1695913200
0.761,31,Sep 28 2023 17: +0,1695916800
0.761,21,Sep 28 2023 18: +0,1695920400
0.761,29,Sep 28 2023 19: +0,1695924000
0.757,35,Sep 28 2023 20: +0,1695927600
0.754,40,Sep 28 2023 21: +0,1695931200
0.753,15,Sep 28 2023 22: +0,1695934800
0.753,17,Sep 28 2023 23: +0,1695938400
0.743,11,Sep 29 2023 00: +0,1695942000
0.753,14,Sep 29 2023 01: +0,1695945600
0.753,8,Sep 29 2023 02: +0,1695949200
0.747,8,Sep 29 2023 03: +0,1695952800
0.72,18,Sep 29 2023 04: +0,1695956400
0.728,16,Sep 29 2023 05: +0,1695960000
0.728,11,Sep 29 2023 06: +0,1695963600
0.728,9,Sep 29 2023 07: +0,1695967200
0.728,19,Sep 29 2023 08: +0,1695970800
0.671,7,Sep 29 2023 09: +0,1695974400
0.741,16,Sep 29 2023 10: +0,1695978000
0.7,18,Sep 29 2023 11: +0,1695981600
0.728,11,Sep 29 2023 12: +0,1695985200
0.751,21,Sep 29 2023 13: +0,1695988800
0.753,21,Sep 29 2023 14: +0,1695992400
0.753,19,Sep 29 2023 15: +0,1695996000
0.753,66,Sep 29 2023 16: +0,1695999600
0.728,15,Sep 29 2023 17: +0,1696003200
0.753,24,Sep 29 2023 18: +0,1696006800
0.704,18,Sep 29 2023 19: +0,1696010400
0.704,16,Sep 29 2023 20: +0,1696014000
0.704,21,Sep 29 2023 21: +0,1696017600
0.704,48,Sep 29 2023 22: +0,1696021200
0.7,6,Sep 29 2023 23: +0,1696024800
0.704,21,Sep 30 2023 00: +0,1696028400
0.687,3,Sep 30 2023 01: +0,1696032000
0.716,10,Sep 30 2023 02: +0,1696035600
0.712,7,Sep 30 2023 03: +0,1696039200
0.696,15,Sep 30 2023 04: +0,1696042800
0.741,45,Sep 30 2023 05: +0,1696046400
0.663,10,Sep 30 2023 06: +0,1696050000
0.742,13,Sep 30 2023 07: +0,1696053600
0.704,13,Sep 30 2023 08: +0,1696057200
0.736,27,Sep 30 2023 09: +0,1696060800
0.744,35,Sep 30 2023 10: +0,1696064400
0.729,32,Sep 30 2023 11: +0,1696068000
0.712,13,Sep 30 2023 12: +0,1696071600
0.704,31,Sep 30 2023 13: +0,1696075200
0.724,20,Sep 30 2023 14: +0,1696078800
0.704,11,Sep 30 2023 15: +0,1696082400
0.708,20,Sep 30 2023 16: +0,1696086000
0.696,13,Sep 30 2023 17: +0,1696089600
0.708,24,Sep 30 2023 18: +0,1696093200
0.712,20,Sep 30 2023 19: +0,1696096800
0.696,42,Sep 30 2023 20: +0,1696100400
0.712,20,Sep 30 2023 21: +0,1696104000
0.704,21,Sep 30 2023 22: +0,1696107600
0.704,6,Sep 30 2023 23: +0,1696111200
0.724,13,Oct 01 2023 00: +0,1696114800
0.72,16,Oct 01 2023 01: +0,1696118400
0.737,29,Oct 01 2023 02: +0,1696122000
0.72,16,Oct 01 2023 03: +0,1696125600
0.716,8,Oct 01 2023 04: +0,1696129200
0.751,16,Oct 01 2023 05: +0,1696132800
0.726,14,Oct 01 2023 06: +0,1696136400
0.708,8,Oct 01 2023 07: +0,1696140000
0.712,29,Oct 01 2023 08: +0,1696143600
0.726,110,Oct 01 2023 09: +0,1696147200
0.724,18,Oct 01 2023 10: +0,1696150800
0.75,20,Oct 01 2023 11: +0,1696154400
0.72,26,Oct 01 2023 12: +0,1696158000
0.72,26,Oct 01 2023 13: +0,1696161600
0.727,23,Oct 01 2023 14: +0,1696165200
0.704,35,Oct 01 2023 15: +0,1696168800
0.727,26,Oct 01 2023 16: +0,1696172400
0.727,24,Oct 01 2023 17: +0,1696176000
0.728,37,Oct 01 2023 18: +0,1696179600
0.696,16,Oct 01 2023 19: +0,1696183200
0.736,39,Oct 01 2023 20: +0,1696186800
0.712,17,Oct 01 2023 21: +0,1696190400
0.696,11,Oct 01 2023 22: +0,1696194000
0.758,24,Oct 01 2023 23: +0,1696197600
0.753,25,Oct 02 2023 00: +0,1696201200
0.728,35,Oct 02 2023 01: +0,1696204800
0.728,10,Oct 02 2023 02: +0,1696208400
0.75,12,Oct 02 2023 03: +0,1696212000
0.7,2,Oct 02 2023 04: +0,1696215600
0.728,3,Oct 02 2023 05: +0,1696219200
0.728,5,Oct 02 2023 06: +0,1696222800
0.696,9,Oct 02 2023 07: +0,1696226400
0.753,14,Oct 02 2023 08: +0,1696230000
0.728,8,Oct 02 2023 09: +0,1696233600
0.746,9,Oct 02 2023 10: +0,1696237200
0.728,15,Oct 02 2023 11: +0,1696240800
0.728,13,Oct 02 2023 13: +0,1696248000
0.753,29,Oct 02 2023 14: +0,1696251600
0.744,11,Oct 02 2023 15: +0,1696255200
0.753,18,Oct 02 2023 16: +0,1696258800
0.744,15,Oct 02 2023 17: +0,1696262400
0.737,16,Oct 02 2023 18: +0,1696266000
0.728,16,Oct 02 2023 19: +0,1696269600
0.742,34,Oct 02 2023 20: +0,1696273200
0.733,18,Oct 02 2023 21: +0,1696276800
0.692,37,Oct 02 2023 22: +0,1696280400
0.733,9,Oct 02 2023 23: +0,1696284000
0.733,13,Oct 03 2023 00: +0,1696287600
0.733,7,Oct 03 2023 01: +0,1696291200
0.717,9,Oct 03 2023 02: +0,1696294800
0.733,14,Oct 03 2023 03: +0,1696298400
0.745,11,Oct 03 2023 04: +0,1696302000
0.754,8,Oct 03 2023 05: +0,1696305600
0.745,10,Oct 03 2023 06: +0,1696309200
0.754,42,Oct 03 2023 07: +0,1696312800
0.733,7,Oct 03 2023 08: +0,1696316400
0.708,13,Oct 03 2023 09: +0,1696320000
0.754,14,Oct 03 2023 10: +0,1696323600
0.754,17,Oct 03 2023 11: +0,1696327200
0.741,10,Oct 03 2023 12: +0,1696330800
0.692,13,Oct 03 2023 13: +0,1696334400
0.77,48,Oct 03 2023 14: +0,1696338000
0.762,18,Oct 03 2023 15: +0,1696341600
0.733,27,Oct 03 2023 16: +0,1696345200
0.762,27,Oct 03 2023 17: +0,1696348800
0.762,8,Oct 03 2023 18: +0,1696352400
0.758,14,Oct 03 2023 19: +0,1696356000
0.762,12,Oct 03 2023 20: +0,1696359600
0.733,21,Oct 03 2023 21: +0,1696363200
0.772,11,Oct 03 2023 22: +0,1696366800
0.777,16,Oct 03 2023 23: +0,1696370400
0.733,17,Oct 04 2023 00: +0,1696374000
0.775,13,Oct 04 2023 01: +0,1696377600
0.783,45,Oct 04 2023 02: +0,1696381200
0.781,23,Oct 04 2023 03: +0,1696384800
0.774,16,Oct 04 2023 04: +0,1696388400
0.774,12,Oct 04 2023 05: +0,1696392000
0.766,12,Oct 04 2023 06: +0,1696395600
0.496,8,Oct 04 2023 07: +0,1696399200
0.774,43,Oct 04 2023 08: +0,1696402800
0.63,4,Oct 04 2023 09: +0,1696406400
0.776,32,Oct 04 2023 10: +0,1696410000
0.767,22,Oct 04 2023 11: +0,1696413600
0.758,29,Oct 04 2023 12: +0,1696417200
0.733,23,Oct 04 2023 13: +0,1696420800
0.758,17,Oct 04 2023 14: +0,1696424400
0.766,31,Oct 04 2023 15: +0,1696428000
0.759,24,Oct 04 2023 16: +0,1696431600
0.758,29,Oct 04 2023 17: +0,1696435200
0.733,25,Oct 04 2023 18: +0,1696438800
0.74,12,Oct 04 2023 19: +0,1696442400
0.733,29,Oct 04 2023 20: +0,1696446000
0.733,12,Oct 04 2023 21: +0,1696449600
0.733,19,Oct 04 2023 22: +0,1696453200
0.733,15,Oct 04 2023 23: +0,1696456800
0.747,9,Oct 05 2023 00: +0,1696460400
0.733,15,Oct 05 2023 01: +0,1696464000
0.745,32,Oct 05 2023 02: +0,1696467600
0.758,15,Oct 05 2023 03: +0,1696471200
0.748,6,Oct 05 2023 04: +0,1696474800
0.755,17,Oct 05 2023 05: +0,1696478400
0.766,7,Oct 05 2023 06: +0,1696482000
0.733,10,Oct 05 2023 07: +0,1696485600
0.725,5,Oct 05 2023 08: +0,1696489200
0.698,10,Oct 05 2023 09: +0,1696492800
0.759,15,Oct 05 2023 10: +0,1696496400
0.733,17,Oct 05 2023 11: +0,1696500000
0.783,91,Oct 05 2023 12: +0,1696503600
0.769,12,Oct 05 2023 13: +0,1696507200
0.733,26,Oct 05 2023 14: +0,1696510800
0.752,12,Oct 05 2023 15: +0,1696514400
0.733,21,Oct 05 2023 16: +0,1696518000
0.733,21,Oct 05 2023 17: +0,1696521600
0.725,32,Oct 05 2023 18: +0,1696525200
0.717,48,Oct 05 2023 19: +0,1696528800
0.743,45,Oct 05 2023 20: +0,1696532400
0.739,18,Oct 05 2023 21: +0,1696536000
0.767,13,Oct 05 2023 22: +0,1696539600
0.773,16,Oct 05 2023 23: +0,1696543200
0.733,6,Oct 06 2023 00: +0,1696546800
0.725,21,Oct 06 2023 01: +0,1696550400
0.745,11,Oct 06 2023 02: +0,1696554000
0.739,4,Oct 06 2023 03: +0,1696557600
0.76,19,Oct 06 2023 04: +0,1696561200
0.677,10,Oct 06 2023 05: +0,1696564800
0.709,20,Oct 06 2023 06: +0,1696568400
0.776,6,Oct 06 2023 07: +0,1696572000
0.774,12,Oct 06 2023 08: +0,1696575600
0.772,18,Oct 06 2023 09: +0,1696579200
0.754,6,Oct 06 2023 10: +0,1696582800
0.758,29,Oct 06 2023 11: +0,1696586400
0.762,15,Oct 06 2023 12: +0,1696590000
0.733,15,Oct 06 2023 13: +0,1696593600
0.754,36,Oct 06 2023 14: +0,1696597200
0.743,16,Oct 06 2023 15: +0,1696600800
0.745,34,Oct 06 2023 16: +0,1696604400
0.753,27,Oct 06 2023 17: +0,1696608000
0.732,19,Oct 06 2023 18: +0,1696611600
0.744,35,Oct 06 2023 19: +0,1696615200
0.744,16,Oct 06 2023 20: +0,1696618800
0.732,31,Oct 06 2023 21: +0,1696622400
0.732,58,Oct 06 2023 22: +0,1696626000
0.744,13,Oct 06 2023 23: +0,1696629600
0.745,12,Oct 07 2023 00: +0,1696633200
0.732,24,Oct 07 2023 01: +0,1696636800
0.744,7,Oct 07 2023 02: +0,1696640400
0.776,17,Oct 07 2023 03: +0,1696644000
0.773,12,Oct 07 2023 04: +0,1696647600
0.755,15,Oct 07 2023 05: +0,1696651200
0.77,77,Oct 07 2023 06: +0,1696654800
0.774,18,Oct 07 2023 07: +0,1696658400
0.785,40,Oct 07 2023 08: +0,1696662000
0.757,24,Oct 07 2023 09: +0,1696665600
0.773,20,Oct 07 2023 10: +0,1696669200
0.759,25,Oct 07 2023 11: +0,1696672800
0.738,19,Oct 07 2023 12: +0,1696676400
0.753,11,Oct 07 2023 13: +0,1696680000
0.763,36,Oct 07 2023 14: +0,1696683600
0.755,30,Oct 07 2023 15: +0,1696687200
0.777,46,Oct 07 2023 16: +0,1696690800
0.759,26,Oct 07 2023 17: +0,1696694400
0.779,36,Oct 07 2023 18: +0,1696698000
0.792,28,Oct 07 2023 19: +0,1696701600
0.8,34,Oct 07 2023 20: +0,1696705200
0.779,19,Oct 07 2023 21: +0,1696708800
0.764,22,Oct 07 2023 22: +0,1696712400
0.738,30,Oct 07 2023 23: +0,1696716000
0.808,13,Oct 08 2023 00: +0,1696719600
0.779,7,Oct 08 2023 01: +0,1696723200
0.816,53,Oct 08 2023 02: +0,1696726800
0.815,7,Oct 08 2023 03: +0,1696730400
0.8,12,Oct 08 2023 04: +0,1696734000
0.775,13,Oct 08 2023 05: +0,1696737600
0.792,10,Oct 08 2023 06: +0,1696741200
0.792,11,Oct 08 2023 07: +0,1696744800
0.792,20,Oct 08 2023 08: +0,1696748400
0.825,38,Oct 08 2023 09: +0,1696752000
0.804,10,Oct 08 2023 10: +0,1696755600
0.801,17,Oct 08 2023 11: +0,1696759200
0.805,18,Oct 08 2023 12: +0,1696762800
0.792,18,Oct 08 2023 13: +0,1696766400
0.78,8,Oct 08 2023 14: +0,1696770000
0.804,20,Oct 08 2023 15: +0,1696773600
0.806,17,Oct 08 2023 16: +0,1696777200
0.786,14,Oct 08 2023 17: +0,1696780800
0.784,31,Oct 08 2023 18: +0,1696784400
0.775,22,Oct 08 2023 19: +0,1696788000
0.786,10,Oct 08 2023 20: +0,1696791600
0.775,10,Oct 08 2023 21: +0,1696795200
0.726,29,Oct 08 2023 22: +0,1696798800
0.767,16,Oct 08 2023 23: +0,1696802400
0.771,12,Oct 09 2023 00: +0,1696806000
0.771,8,Oct 09 2023 01: +0,1696809600
0.785,4,Oct 09 2023 02: +0,1696813200
0.787,11,Oct 09 2023 03: +0,1696816800
0.792,23,Oct 09 2023 04: +0,1696820400
0.794,2,Oct 09 2023 05: +0,1696824000
0.743,2,Oct 09 2023 06: +0,1696827600
0.806,15,Oct 09 2023 07: +0,1696831200
0.694,5,Oct 09 2023 08: +0,1696834800
0.767,14,Oct 09 2023 09: +0,1696838400
0.775,14,Oct 09 2023 10: +0,1696842000
0.726,9,Oct 09 2023 11: +0,1696845600
0.763,5,Oct 09 2023 12: +0,1696849200
0.763,21,Oct 09 2023 13: +0,1696852800
0.767,15,Oct 09 2023 14: +0,1696856400
0.773,12,Oct 09 2023 15: +0,1696860000
0.763,47,Oct 09 2023 16: +0,1696863600
0.767,31,Oct 09 2023 17: +0,1696867200
0.767,20,Oct 09 2023 18: +0,1696870800
0.775,78,Oct 09 2023 19: +0,1696874400
0.761,23,Oct 09 2023 20: +0,1696878000
0.774,15,Oct 09 2023 21: +0,1696881600
0.763,16,Oct 09 2023 22: +0,1696885200
0.773,17,Oct 09 2023 23: +0,1696888800
0.771,8,Oct 10 2023 00: +0,1696892400
0.779,4,Oct 10 2023 01: +0,1696896000
0.767,3,Oct 10 2023 02: +0,1696899600
0.76,3,Oct 10 2023 03: +0,1696903200
0.775,5,Oct 10 2023 04: +0,1696906800
0.764,6,Oct 10 2023 05: +0,1696910400
0.779,4,Oct 10 2023 06: +0,1696914000
0.767,20,Oct 10 2023 07: +0,1696917600
0.775,5,Oct 10 2023 08: +0,1696921200
0.76,5,Oct 10 2023 09: +0,1696924800
0.763,9,Oct 10 2023 10: +0,1696928400
0.769,4,Oct 10 2023 11: +0,1696932000
0.775,15,Oct 10 2023 12: +0,1696935600
0.775,16,Oct 10 2023 13: +0,1696939200
0.779,32,Oct 10 2023 14: +0,1696942800
0.782,16,Oct 10 2023 15: +0,1696946400
0.779,25,Oct 10 2023 16: +0,1696950000
0.789,32,Oct 10 2023 17: +0,1696953600
0.782,16,Oct 10 2023 18: +0,1696957200
0.779,16,Oct 10 2023 19: +0,1696960800
0.771,19,Oct 10 2023 20: +0,1696964400
0.767,11,Oct 10 2023 21: +0,1696968000
0.77,19,Oct 10 2023 22: +0,1696971600
0.726,19,Oct 10 2023 23: +0,1696975200
0.736,8,Oct 11 2023 00: +0,1696978800
0.736,6,Oct 11 2023 01: +0,1696982400
0.785,7,Oct 11 2023 02: +0,1696986000
0.774,15,Oct 11 2023 03: +0,1696989600
0.767,42,Oct 11 2023 04: +0,1696993200
0.77,6,Oct 11 2023 05: +0,1696996800
0.755,13,Oct 11 2023 06: +0,1697000400
0.775,18,Oct 11 2023 07: +0,1697004000
0.775,21,Oct 11 2023 08: +0,1697007600
0.793,14,Oct 11 2023 09: +0,1697011200
0.775,14,Oct 11 2023 10: +0,1697014800
0.77,14,Oct 11 2023 11: +0,1697018400
0.775,27,Oct 11 2023 12: +0,1697022000
0.769,24,Oct 11 2023 13: +0,1697025600
0.767,16,Oct 11 2023 14: +0,1697029200
0.773,27,Oct 11 2023 15: +0,1697032800
0.767,17,Oct 11 2023 16: +0,1697036400
0.773,45,Oct 11 2023 17: +0,1697040000
0.773,28,Oct 11 2023 18: +0,1697043600
0.773,31,Oct 11 2023 19: +0,1697047200
0.775,21,Oct 11 2023 20: +0,1697050800
0.77,27,Oct 11 2023 21: +0,1697054400
0.76,8,Oct 11 2023 22: +0,1697058000
0.765,20,Oct 11 2023 23: +0,1697061600
0.76,8,Oct 12 2023 00: +0,1697065200
0.765,29,Oct 12 2023 01: +0,1697068800
0.779,26,Oct 12 2023 02: +0,1697072400
0.766,8,Oct 12 2023 03: +0,1697076000
0.761,12,Oct 12 2023 04: +0,1697079600
0.771,8,Oct 12 2023 05: +0,1697083200
0.777,13,Oct 12 2023 06: +0,1697086800
0.756,13,Oct 12 2023 07: +0,1697090400
0.765,60,Oct 12 2023 08: +0,1697094000
0.767,9,Oct 12 2023 09: +0,1697097600
0.759,11,Oct 12 2023 10: +0,1697101200
0.765,11,Oct 12 2023 11: +0,1697104800
0.759,9,Oct 12 2023 12: +0,1697108400
0.773,31,Oct 12 2023 13: +0,1697112000
0.765,22,Oct 12 2023 14: +0,1697115600
0.758,20,Oct 12 2023 15: +0,1697119200
0.765,34,Oct 12 2023 16: +0,1697122800
0.765,30,Oct 12 2023 17: +0,1697126400
0.759,28,Oct 12 2023 18: +0,1697130000
0.762,38,Oct 12 2023 19: +0,1697133600
0.756,22,Oct 12 2023 20: +0,1697137200
0.747,28,Oct 12 2023 21: +0,1697140800
0.756,32,Oct 12 2023 22: +0,1697144400
0.757,18,Oct 12 2023 23: +0,1697148000
0.773,20,Oct 13 2023 00: +0,1697151600
0.756,10,Oct 13 2023 01: +0,1697155200
0.762,8,Oct 13 2023 02: +0,1697158800
0.773,14,Oct 13 2023 03: +0,1697162400
0.755,23,Oct 13 2023 04: +0,1697166000
0.744,4,Oct 13 2023 05: +0,1697169600
0.776,7,Oct 13 2023 06: +0,1697173200
0.779,3,Oct 13 2023 07: +0,1697176800
0.783,24,Oct 13 2023 08: +0,1697180400
0.756,55,Oct 13 2023 09: +0,1697184000
0.764,25,Oct 13 2023 10: +0,1697187600
0.767,16,Oct 13 2023 11: +0,1697191200
0.765,18,Oct 13 2023 12: +0,1697194800
0.765,18,Oct 13 2023 13: +0,1697198400
0.78,8,Oct 13 2023 14: +0,1697202000
0.765,25,Oct 13 2023 15: +0,1697205600
0.77,21,Oct 13 2023 16: +0,1697209200
0.778,30,Oct 13 2023 17: +0,1697212800
0.756,24,Oct 13 2023 18: +0,1697216400
0.765,32,Oct 13 2023 19: +0,1697220000
0.775,18,Oct 13 2023 20: +0,1697223600
0.769,21,Oct 13 2023 21: +0,1697227200
0.77,20,Oct 13 2023 22: +0,1697230800
0.778,24,Oct 13 2023 23: +0,1697234400
0.789,15,Oct 14 2023 00: +0,1697238000
0.794,13,Oct 14 2023 01: +0,1697241600
0.778,7,Oct 14 2023 02: +0,1697245200
0.794,12,Oct 14 2023 03: +0,1697248800
0.765,12,Oct 14 2023 04: +0,1697252400
0.758,16,Oct 14 2023 05: +0,1697256000
0.756,13,Oct 14 2023 06: +0,1697259600
0.756,9,Oct 14 2023 07: +0,1697263200
0.756,17,Oct 14 2023 08: +0,1697266800
0.75,18,Oct 14 2023 09: +0,1697270400
0.783,9,Oct 14 2023 10: +0,1697274000
0.756,16,Oct 14 2023 11: +0,1697277600
0.756,10,Oct 14 2023 12: +0,1697281200
0.765,24,Oct 14 2023 13: +0,1697284800
0.751,8,Oct 14 2023 14: +0,1697288400
0.752,25,Oct 14 2023 15: +0,1697292000
0.773,43,Oct 14 2023 16: +0,1697295600
0.767,36,Oct 14 2023 17: +0,1697299200
0.78,28,Oct 14 2023 18: +0,1697302800
0.773,34,Oct 14 2023 19: +0,1697306400
0.773,18,Oct 14 2023 20: +0,1697310000
0.786,31,Oct 14 2023 21: +0,1697313600
0.796,23,Oct 14 2023 22: +0,1697317200
0.773,7,Oct 14 2023 23: +0,1697320800
0.781,27,Oct 15 2023 00: +0,1697324400
0.715,5,Oct 15 2023 01: +0,1697328000
0.773,19,Oct 15 2023 02: +0,1697331600
0.797,8,Oct 15 2023 03: +0,1697335200
0.796,17,Oct 15 2023 04: +0,1697338800
0.781,17,Oct 15 2023 05: +0,1697342400
0.756,17,Oct 15 2023 06: +0,1697346000
0.814,10,Oct 15 2023 07: +0,1697349600
0.781,20,Oct 15 2023 08: +0,1697353200
0.8,79,Oct 15 2023 09: +0,1697356800
0.781,7,Oct 15 2023 10: +0,1697360400
0.77,14,Oct 15 2023 11: +0,1697364000
0.796,35,Oct 15 2023 12: +0,1697367600
0.806,23,Oct 15 2023 13: +0,1697371200
0.824,25,Oct 15 2023 14: +0,1697374800
0.773,15,Oct 15 2023 15: +0,1697378400
0.773,19,Oct 15 2023 16: +0,1697382000
0.771,12,Oct 15 2023 17: +0,1697385600
0.773,22,Oct 15 2023 18: +0,1697389200
0.792,17,Oct 15 2023 19: +0,1697392800
0.773,23,Oct 15 2023 20: +0,1697396400
0.789,17,Oct 15 2023 21: +0,1697400000
0.765,27,Oct 15 2023 22: +0,1697403600
0.813,12,Oct 15 2023 23: +0,1697407200
0.765,15,Oct 16 2023 00: +0,1697410800
0.784,2,Oct 16 2023 01: +0,1697414400
0.805,3,Oct 16 2023 02: +0,1697418000
0.798,39,Oct 16 2023 03: +0,1697421600
0.809,9,Oct 16 2023 04: +0,1697425200
0.773,5,Oct 16 2023 05: +0,1697428800
0.801,2,Oct 16 2023 06: +0,1697432400
0.765,9,Oct 16 2023 07: +0,1697436000
0.77,9,Oct 16 2023 08: +0,1697439600
0.773,10,Oct 16 2023 09: +0,1697443200
0.776,4,Oct 16 2023 10: +0,1697446800
0.8,13,Oct 16 2023 11: +0,1697450400
0.83,39,Oct 16 2023 12: +0,1697454000
0.773,17,Oct 16 2023 13: +0,1697457600
0.799,15,Oct 16 2023 14: +0,1697461200
0.77,15,Oct 16 2023 15: +0,1697464800
0.778,28,Oct 16 2023 16: +0,1697468400
0.796,19,Oct 16 2023 17: +0,1697472000
0.825,24,Oct 16 2023 18: +0,1697475600
0.801,40,Oct 16 2023 19: +0,1697479200
0.789,10,Oct 16 2023 20: +0,1697482800
0.813,19,Oct 16 2023 21: +0,1697486400
0.788,16,Oct 16 2023 22: +0,1697490000
0.814,24,Oct 16 2023 23: +0,1697493600
0.817,6,Oct 17 2023 00: +0,1697497200
0.798,3,Oct 17 2023 01: +0,1697500800
0.707,4,Oct 17 2023 02: +0,1697504400
0.771,12,Oct 17 2023 03: +0,1697508000
0.694,9,Oct 17 2023 04: +0,1697511600
0.789,8,Oct 17 2023 05: +0,1697515200
0.798,9,Oct 17 2023 06: +0,1697518800
0.81,7,Oct 17 2023 07: +0,1697522400
0.807,6,Oct 17 2023 08: +0,1697526000
0.789,11,Oct 17 2023 09: +0,1697529600
0.805,6,Oct 17 2023 10: +0,1697533200
0.797,5,Oct 17 2023 11: +0,1697536800
0.771,19,Oct 17 2023 12: +0,1697540400
0.773,16,Oct 17 2023 13: +0,1697544000
0.797,14,Oct 17 2023 14: +0,1697547600
0.771,21,Oct 17 2023 15: +0,1697551200
0.773,12,Oct 17 2023 16: +0,1697554800
0.774,9,Oct 17 2023 17: +0,1697558400
0.774,17,Oct 17 2023 18: +0,1697562000
0.752,10,Oct 17 2023 19: +0,1697565600
0.771,21,Oct 17 2023 20: +0,1697569200
0.791,10,Oct 17 2023 21: +0,1697572800
0.805,9,Oct 17 2023 22: +0,1697576400
0.782,7,Oct 17 2023 23: +0,1697580000
0.814,19,Oct 18 2023 00: +0,1697583600
0.775,40,Oct 18 2023 01: +0,1697587200
0.779,10,Oct 18 2023 02: +0,1697590800
0.785,7,Oct 18 2023 03: +0,1697594400
0.784,24,Oct 18 2023 04: +0,1697598000
0.805,16,Oct 18 2023 05: +0,1697601600
0.698,13,Oct 18 2023 06: +0,1697605200
0.818,7,Oct 18 2023 07: +0,1697608800
0.804,14,Oct 18 2023 08: +0,1697612400
0.806,18,Oct 18 2023 09: +0,1697616000
0.815,53,Oct 18 2023 10: +0,1697619600
0.79,15,Oct 18 2023 11: +0,1697623200
0.781,10,Oct 18 2023 12: +0,1697626800
0.798,18,Oct 18 2023 13: +0,1697630400
0.774,15,Oct 18 2023 14: +0,1697634000
0.775,13,Oct 18 2023 15: +0,1697637600
0.775,28,Oct 18 2023 16: +0,1697641200
0.769,20,Oct 18 2023 17: +0,1697644800
0.773,39,Oct 18 2023 18: +0,1697648400
0.787,33,Oct 18 2023 19: +0,1697652000
0.775,49,Oct 18 2023 20: +0,1697655600
0.773,28,Oct 18 2023 21: +0,1697659200
0.773,40,Oct 18 2023 22: +0,1697662800
0.784,13,Oct 18 2023 23: +0,1697666400
0.78,24,Oct 19 2023 00: +0,1697670000
0.785,6,Oct 19 2023 01: +0,1697673600
0.78,12,Oct 19 2023 02: +0,1697677200
0.803,6,Oct 19 2023 03: +0,1697680800
0.774,5,Oct 19 2023 04: +0,1697684400
0.78,9,Oct 19 2023 05: +0,1697688000
0.807,1,Oct 19 2023 06: +0,1697691600
0.78,8,Oct 19 2023 07: +0,1697695200
0.78,7,Oct 19 2023 08: +0,1697698800
0.78,12,Oct 19 2023 09: +0,1697702400
0.78,9,Oct 19 2023 10: +0,1697706000
0.777,10,Oct 19 2023 11: +0,1697709600
0.782,5,Oct 19 2023 12: +0,1697713200
0.79,20,Oct 19 2023 13: +0,1697716800
0.774,23,Oct 19 2023 14: +0,1697720400
0.809,23,Oct 19 2023 15: +0,1697724000
0.818,57,Oct 19 2023 16: +0,1697727600
0.794,22,Oct 19 2023 17: +0,1697731200
0.774,38,Oct 19 2023 18: +0,1697734800
0.79,33,Oct 19 2023 19: +0,1697738400
0.774,25,Oct 19 2023 20: +0,1697742000
0.766,38,Oct 19 2023 21: +0,1697745600
0.766,29,Oct 19 2023 22: +0,1697749200
0.783,22,Oct 19 2023 23: +0,1697752800
0.788,16,Oct 20 2023 00: +0,1697756400
0.791,6,Oct 20 2023 01: +0,1697760000
0.774,8,Oct 20 2023 02: +0,1697763600
0.748,11,Oct 20 2023 03: +0,1697767200
0.782,19,Oct 20 2023 04: +0,1697770800
0.748,14,Oct 20 2023 05: +0,1697774400
0.774,8,Oct 20 2023 06: +0,1697778000
0.802,8,Oct 20 2023 07: +0,1697781600
0.782,21,Oct 20 2023 08: +0,1697785200
0.77,12,Oct 20 2023 09: +0,1697788800
0.804,6,Oct 20 2023 10: +0,1697792400
0.786,10,Oct 20 2023 11: +0,1697796000
0.818,17,Oct 20 2023 12: +0,1697799600
0.77,10,Oct 20 2023 13: +0,1697803200
0.818,28,Oct 20 2023 14: +0,1697806800
0.785,11,Oct 20 2023 15: +0,1697810400
0.782,19,Oct 20 2023 16: +0,1697814000
0.766,17,Oct 20 2023 17: +0,1697817600
0.775,25,Oct 20 2023 18: +0,1697821200
0.778,26,Oct 20 2023 19: +0,1697824800
0.776,25,Oct 20 2023 20: +0,1697828400
0.789,19,Oct 20 2023 21: +0,1697832000
0.776,14,Oct 20 2023 22: +0,1697835600
0.782,13,Oct 20 2023 23: +0,1697839200
0.754,12,Oct 21 2023 00: +0,1697842800
0.776,8,Oct 21 2023 01: +0,1697846400
0.775,5,Oct 21 2023 02: +0,1697850000
0.775,21,Oct 21 2023 03: +0,1697853600
0.775,15,Oct 21 2023 04: +0,1697857200
0.784,21,Oct 21 2023 05: +0,1697860800
0.797,6,Oct 21 2023 06: +0,1697864400
0.775,15,Oct 21 2023 07: +0,1697868000
0.775,20,Oct 21 2023 08: +0,1697871600
0.792,29,Oct 21 2023 09: +0,1697875200
0.803,19,Oct 21 2023 10: +0,1697878800
0.784,14,Oct 21 2023 11: +0,1697882400
0.779,12,Oct 21 2023 12: +0,1697886000
0.776,18,Oct 21 2023 13: +0,1697889600
0.776,8,Oct 21 2023 14: +0,1697893200
0.775,13,Oct 21 2023 15: +0,1697896800
0.775,8,Oct 21 2023 16: +0,1697900400
0.775,29,Oct 21 2023 17: +0,1697904000
0.779,16,Oct 21 2023 18: +0,1697907600
0.777,41,Oct 21 2023 19: +0,1697911200
0.775,20,Oct 21 2023 20: +0,1697914800
0.775,22,Oct 21 2023 21: +0,1697918400
0.777,17,Oct 21 2023 22: +0,1697922000
0.812,17,Oct 21 2023 23: +0,1697925600
0.784,4,Oct 22 2023 00: +0,1697929200
0.775,6,Oct 22 2023 01: +0,1697932800
0.781,10,Oct 22 2023 02: +0,1697936400
0.792,13,Oct 22 2023 03: +0,1697940000
0.801,11,Oct 22 2023 04: +0,1697943600
0.812,9,Oct 22 2023 05: +0,1697947200
0.775,4,Oct 22 2023 06: +0,1697950800
0.775,9,Oct 22 2023 07: +0,1697954400
0.742,9,Oct 22 2023 08: +0,1697958000
0.755,8,Oct 22 2023 09: +0,1697961600
0.779,20,Oct 22 2023 10: +0,1697965200
0.803,11,Oct 22 2023 11: +0,1697968800
0.804,26,Oct 22 2023 12: +0,1697972400
0.767,11,Oct 22 2023 13: +0,1697976000
0.768,12,Oct 22 2023 14: +0,1697979600
0.767,17,Oct 22 2023 15: +0,1697983200
0.764,14,Oct 22 2023 16: +0,1697986800
0.693,124,Oct 22 2023 17: +0,1697990400
0.82,67,Oct 22 2023 18: +0,1697994000
0.777,17,Oct 22 2023 19: +0,1697997600
0.73,14,Oct 22 2023 20: +0,1698001200
0.767,23,Oct 22 2023 21: +0,1698004800
0.772,14,Oct 22 2023 22: +0,1698008400
0.808,36,Oct 22 2023 23: +0,1698012000
0.825,25,Oct 23 2023 00: +0,1698015600
0.825,6,Oct 23 2023 01: +0,1698019200
0.791,2,Oct 23 2023 02: +0,1698022800
0.822,9,Oct 23 2023 03: +0,1698026400
0.825,20,Oct 23 2023 04: +0,1698030000
0.825,3,Oct 23 2023 05: +0,1698033600
0.829,6,Oct 23 2023 06: +0,1698037200
0.835,12,Oct 23 2023 07: +0,1698040800
0.833,42,Oct 23 2023 08: +0,1698044400
0.812,10,Oct 23 2023 09: +0,1698048000
0.847,17,Oct 23 2023 10: +0,1698051600
0.759,20,Oct 23 2023 11: +0,1698055200
0.844,20,Oct 23 2023 12: +0,1698058800
0.768,7,Oct 23 2023 13: +0,1698062400
0.753,15,Oct 23 2023 14: +0,1698066000
0.754,23,Oct 23 2023 15: +0,1698069600
0.773,13,Oct 23 2023 16: +0,1698073200
0.812,27,Oct 23 2023 17: +0,1698076800
0.79,31,Oct 23 2023 18: +0,1698080400
0.802,22,Oct 23 2023 19: +0,1698084000
0.847,14,Oct 23 2023 20: +0,1698087600
0.764,17,Oct 23 2023 21: +0,1698091200
0.701,19,Oct 23 2023 22: +0,1698094800
0.777,5,Oct 23 2023 23: +0,1698098400
0.519,2,Oct 24 2023 00: +0,1698102000
0.775,8,Oct 24 2023 01: +0,1698105600
0.734,5,Oct 24 2023 02: +0,1698109200
0.718,5,Oct 24 2023 03: +0,1698112800
0.792,13,Oct 24 2023 04: +0,1698116400
0.792,14,Oct 24 2023 05: +0,1698120000
0.793,3,Oct 24 2023 06: +0,1698123600
0.805,7,Oct 24 2023 07: +0,1698127200
0.758,5,Oct 24 2023 08: +0,1698130800
0.748,21,Oct 24 2023 09: +0,1698134400
0.785,5,Oct 24 2023 10: +0,1698138000
0.777,3,Oct 24 2023 11: +0,1698141600
0.748,7,Oct 24 2023 12: +0,1698145200
0.737,6,Oct 24 2023 13: +0,1698148800
0.768,13,Oct 24 2023 14: +0,1698152400
0.751,6,Oct 24 2023 15: +0,1698156000
0.748,16,Oct 24 2023 16: +0,1698159600
0.777,19,Oct 24 2023 17: +0,1698163200
0.849,59,Oct 24 2023 18: +0,1698166800
0.734,66,Oct 24 2023 19: +0,1698170400
0.734,190,Oct 24 2023 20: +0,1698174000
0.836,18,Oct 24 2023 21: +0,1698177600
0.858,47,Oct 24 2023 22: +0,1698181200
0.85,8,Oct 24 2023 23: +0,1698184800
0.808,2,Oct 25 2023 00: +0,1698188400
0.805,6,Oct 25 2023 01: +0,1698192000
0.799,6,Oct 25 2023 02: +0,1698195600
0.748,5,Oct 25 2023 03: +0,1698199200
0.691,13,Oct 25 2023 04: +0,1698202800
0.722,4,Oct 25 2023 05: +0,1698206400
0.718,4,Oct 25 2023 06: +0,1698210000
0.734,7,Oct 25 2023 07: +0,1698213600
0.754,8,Oct 25 2023 08: +0,1698217200
0.75,21,Oct 25 2023 09: +0,1698220800
0.734,9,Oct 25 2023 10: +0,1698224400
0.734,17,Oct 25 2023 11: +0,1698228000
0.734,9,Oct 25 2023 12: +0,1698231600
0.734,21,Oct 25 2023 13: +0,1698235200
0.755,24,Oct 25 2023 14: +0,1698238800
0.767,29,Oct 25 2023 15: +0,1698242400
0.756,34,Oct 25 2023 16: +0,1698246000
0.751,22,Oct 25 2023 17: +0,1698249600
0.755,20,Oct 25 2023 18: +0,1698253200
0.734,22,Oct 25 2023 19: +0,1698256800
0.754,22,Oct 25 2023 20: +0,1698260400
0.718,20,Oct 25 2023 21: +0,1698264000
0.734,23,Oct 25 2023 22: +0,1698267600
0.788,28,Oct 25 2023 23: +0,1698271200
0.802,10,Oct 26 2023 00: +0,1698274800
0.784,11,Oct 26 2023 01: +0,1698278400
0.742,10,Oct 26 2023 02: +0,1698282000
0.758,10,Oct 26 2023 03: +0,1698285600
0.773,6,Oct 26 2023 04: +0,1698289200
0.734,3,Oct 26 2023 05: +0,1698292800
0.734,10,Oct 26 2023 06: +0,1698296400
0.742,8,Oct 26 2023 07: +0,1698300000
0.772,20,Oct 26 2023 08: +0,1698303600
0.758,15,Oct 26 2023 09: +0,1698307200
0.785,4,Oct 26 2023 10: +0,1698310800
0.751,9,Oct 26 2023 11: +0,1698314400
0.804,59,Oct 26 2023 12: +0,1698318000
0.763,17,Oct 26 2023 13: +0,1698321600
0.755,25,Oct 26 2023 14: +0,1698325200
0.731,8,Oct 26 2023 15: +0,1698328800
0.798,29,Oct 26 2023 16: +0,1698332400
0.706,20,Oct 26 2023 17: +0,1698336000
0.762,36,Oct 26 2023 18: +0,1698339600
0.749,30,Oct 26 2023 19: +0,1698343200
0.746,39,Oct 26 2023 20: +0,1698346800
0.714,19,Oct 26 2023 21: +0,1698350400
0.741,45,Oct 26 2023 22: +0,1698354000
0.739,11,Oct 26 2023 23: +0,1698357600
0.722,8,Oct 27 2023 00: +0,1698361200
0.744,3,Oct 27 2023 01: +0,1698364800
0.742,6,Oct 27 2023 02: +0,1698368400
0.757,5,Oct 27 2023 03: +0,1698372000
0.722,15,Oct 27 2023 04: +0,1698375600
0.745,17,Oct 27 2023 05: +0,1698379200
0.731,8,Oct 27 2023 06: +0,1698382800
0.755,9,Oct 27 2023 07: +0,1698386400
0.758,8,Oct 27 2023 08: +0,1698390000
0.762,11,Oct 27 2023 09: +0,1698393600
0.747,12,Oct 27 2023 10: +0,1698397200
0.722,7,Oct 27 2023 11: +0,1698400800
0.766,14,Oct 27 2023 12: +0,1698404400
0.728,2,Oct 27 2023 13: +0,1698408000
0.722,34,Oct 27 2023 14: +0,1698411600
0.736,19,Oct 27 2023 15: +0,1698415200
0.733,18,Oct 27 2023 16: +0,1698418800
0.763,15,Oct 27 2023 17: +0,1698422400
0.779,32,Oct 27 2023 18: +0,1698426000
0.722,13,Oct 27 2023 19: +0,1698429600
0.781,18,Oct 27 2023 20: +0,1698433200
0.738,17,Oct 27 2023 21: +0,1698436800
0.722,42,Oct 27 2023 22: +0,1698440400
0.735,10,Oct 27 2023 23: +0,1698444000
0.788,30,Oct 28 2023 00: +0,1698447600
0.722,9,Oct 28 2023 01: +0,1698451200
0.803,5,Oct 28 2023 02: +0,1698454800
0.759,6,Oct 28 2023 03: +0,1698458400
0.464,16,Oct 28 2023 04: +0,1698462000
0.722,15,Oct 28 2023 05: +0,1698465600
0.692,5,Oct 28 2023 06: +0,1698469200
0.722,25,Oct 28 2023 07: +0,1698472800
0.729,6,Oct 28 2023 08: +0,1698476400
0.732,9,Oct 28 2023 09: +0,1698480000
0.745,9,Oct 28 2023 10: +0,1698483600
0.749,24,Oct 28 2023 11: +0,1698487200
0.743,16,Oct 28 2023 12: +0,1698490800
0.736,13,Oct 28 2023 13: +0,1698494400
0.722,24,Oct 28 2023 14: +0,1698498000
0.706,16,Oct 28 2023 15: +0,1698501600
0.72,26,Oct 28 2023 16: +0,1698505200
0.706,15,Oct 28 2023 17: +0,1698508800
0.74,46,Oct 28 2023 18: +0,1698512400
0.804,29,Oct 28 2023 19: +0,1698516000
0.721,19,Oct 28 2023 20: +0,1698519600
0.721,14,Oct 28 2023 21: +0,1698523200
0.735,37,Oct 28 2023 22: +0,1698526800
0.818,24,Oct 28 2023 23: +0,1698530400
0.755,13,Oct 29 2023 00: +0,1698534000
0.721,15,Oct 29 2023 01: +0,1698537600
0.721,6,Oct 29 2023 02: +0,1698544800
0.735,6,Oct 29 2023 03: +0,1698548400
0.752,7,Oct 29 2023 04: +0,1698552000
0.794,9,Oct 29 2023 05: +0,1698555600
0.819,3,Oct 29 2023 06: +0,1698559200
0.754,11,Oct 29 2023 07: +0,1698562800
0.816,1,Oct 29 2023 08: +0,1698566400
0.722,3,Oct 29 2023 09: +0,1698570000
0.73,9,Oct 29 2023 10: +0,1698573600
0.721,14,Oct 29 2023 11: +0,1698577200
0.764,14,Oct 29 2023 12: +0,1698580800
0.756,2,Oct 29 2023 13: +0,1698584400
0.721,9,Oct 29 2023 14: +0,1698588000
0.728,20,Oct 29 2023 15: +0,1698591600
0.738,14,Oct 29 2023 16: +0,1698595200
0.732,22,Oct 29 2023 17: +0,1698598800
0.816,120,Oct 29 2023 18: +0,1698602400
0.676,7,Oct 29 2023 19: +0,1698606000
0.698,206,Oct 29 2023 20: +0,1698609600
0.757,18,Oct 29 2023 21: +0,1698613200
0.731,10,Oct 29 2023 22: +0,1698616800
0.74,5,Oct 29 2023 23: +0,1698620400
0.698,7,Oct 30 2023 00: +0,1698624000
0.722,2,Oct 30 2023 01: +0,1698627600
0.747,10,Oct 30 2023 02: +0,1698631200
0.726,6,Oct 30 2023 03: +0,1698634800
0.706,4,Oct 30 2023 04: +0,1698638400
0.763,6,Oct 30 2023 05: +0,1698642000
0.805,63,Oct 30 2023 06: +0,1698645600
0.844,5,Oct 30 2023 07: +0,1698649200
0.777,2,Oct 30 2023 08: +0,1698652800
0.725,2,Oct 30 2023 09: +0,1698656400
0.724,4,Oct 30 2023 10: +0,1698660000
0.745,4,Oct 30 2023 11: +0,1698663600
0.73,9,Oct 30 2023 12: +0,1698667200
0.781,9,Oct 30 2023 13: +0,1698670800
0.77,7,Oct 30 2023 14: +0,1698674400
0.79,14,Oct 30 2023 15: +0,1698678000
0.713,11,Oct 30 2023 16: +0,1698681600
0.803,16,Oct 30 2023 17: +0,1698685200
0.79,15,Oct 30 2023 18: +0,1698688800
0.713,12,Oct 30 2023 19: +0,1698692400
0.706,15,Oct 30 2023 20: +0,1698696000
0.738,22,Oct 30 2023 21: +0,1698699600
0.726,11,Oct 30 2023 22: +0,1698703200
0.774,11,Oct 30 2023 23: +0,1698706800
0.729,7,Oct 31 2023 00: +0,1698710400
0.71,8,Oct 31 2023 01: +0,1698714000
0.706,2,Oct 31 2023 02: +0,1698717600
0.706,3,Oct 31 2023 03: +0,1698721200
0.771,7,Oct 31 2023 04: +0,1698724800
0.777,4,Oct 31 2023 05: +0,1698728400
0.778,4,Oct 31 2023 06: +0,1698732000
0.696,3,Oct 31 2023 07: +0,1698735600
0.487,1,Oct 31 2023 08: +0,1698739200
0.722,5,Oct 31 2023 09: +0,1698742800
0.735,2,Oct 31 2023 10: +0,1698746400
0.733,12,Oct 31 2023 11: +0,1698750000
0.739,9,Oct 31 2023 12: +0,1698753600
0.742,9,Oct 31 2023 13: +0,1698757200
0.766,21,Oct 31 2023 14: +0,1698760800
0.717,8,Oct 31 2023 15: +0,1698764400
0.698,7,Oct 31 2023 16: +0,1698768000
0.766,16,Oct 31 2023 17: +0,1698771600
0.697,22,Oct 31 2023 18: +0,1698775200
0.735,15,Oct 31 2023 19: +0,1698778800
0.714,10,Oct 31 2023 20: +0,1698782400
0.714,30,Oct 31 2023 21: +0,1698786000
0.734,8,Oct 31 2023 22: +0,1698789600
0.732,10,Oct 31 2023 23: +0,1698793200
0.732,10,Nov 01 2023 00: +0,1698796800
0.732,5,Nov 01 2023 01: +0,1698800400
0.717,14,Nov 01 2023 02: +0,1698804000
0.706,11,Nov 01 2023 03: +0,1698807600
0.714,16,Nov 01 2023 04: +0,1698811200
0.633,1,Nov 01 2023 05: +0,1698814800
0.714,4,Nov 01 2023 06: +0,1698818400
0.729,7,Nov 01 2023 07: +0,1698822000
0.714,6,Nov 01 2023 08: +0,1698825600
0.715,8,Nov 01 2023 09: +0,1698829200
0.706,10,Nov 01 2023 10: +0,1698832800
0.721,8,Nov 01 2023 11: +0,1698836400
0.714,13,Nov 01 2023 12: +0,1698840000
0.714,17,Nov 01 2023 13: +0,1698843600
0.722,22,Nov 01 2023 14: +0,1698847200
0.69,41,Nov 01 2023 15: +0,1698850800
0.682,18,Nov 01 2023 16: +0,1698854400
0.673,16,Nov 01 2023 17: +0,1698858000
0.682,14,Nov 01 2023 18: +0,1698861600
0.688,38,Nov 01 2023 19: +0,1698865200
0.666,30,Nov 01 2023 20: +0,1698868800
0.641,44,Nov 01 2023 21: +0,1698872400
0.666,33,Nov 01 2023 22: +0,1698876000
0.702,26,Nov 01 2023 23: +0,1698879600
0.682,8,Nov 02 2023 00: +0,1698883200
0.666,6,Nov 02 2023 01: +0,1698886800
0.676,12,Nov 02 2023 02: +0,1698890400
0.701,11,Nov 02 2023 03: +0,1698894000
0.675,10,Nov 02 2023 04: +0,1698897600
0.661,6,Nov 02 2023 05: +0,1698901200
0.682,4,Nov 02 2023 06: +0,1698904800
0.714,9,Nov 02 2023 07: +0,1698908400
0.727,39,Nov 02 2023 08: +0,1698912000
0.706,3,Nov 02 2023 09: +0,1698915600
0.686,14,Nov 02 2023 10: +0,1698919200
0.629,10,Nov 02 2023 11: +0,1698922800
0.637,23,Nov 02 2023 12: +0,1698926400
0.657,15,Nov 02 2023 13: +0,1698930000
0.676,12,Nov 02 2023 14: +0,1698933600
0.658,12,Nov 02 2023 15: +0,1698937200
0.657,19,Nov 02 2023 16: +0,1698940800
0.666,25,Nov 02 2023 17: +0,1698944400
0.666,18,Nov 02 2023 18: +0,1698948000
0.679,37,Nov 02 2023 19: +0,1698951600
0.697,16,Nov 02 2023 20: +0,1698955200
0.674,18,Nov 02 2023 21: +0,1698958800
0.666,21,Nov 02 2023 22: +0,1698962400
0.678,14,Nov 02 2023 23: +0,1698966000
0.69,16,Nov 03 2023 00: +0,1698969600
0.69,8,Nov 03 2023 01: +0,1698973200
0.67,6,Nov 03 2023 02: +0,1698976800
0.708,44,Nov 03 2023 03: +0,1698980400
0.683,15,Nov 03 2023 04: +0,1698984000
0.682,5,Nov 03 2023 05: +0,1698987600
0.682,15,Nov 03 2023 06: +0,1698991200
0.698,10,Nov 03 2023 07: +0,1698994800
0.728,5,Nov 03 2023 08: +0,1698998400
0.682,7,Nov 03 2023 09: +0,1699002000
0.666,14,Nov 03 2023 10: +0,1699005600
0.687,6,Nov 03 2023 11: +0,1699009200
0.682,11,Nov 03 2023 12: +0,1699012800
0.705,13,Nov 03 2023 13: +0,1699016400
0.7,10,Nov 03 2023 14: +0,1699020000
0.7,19,Nov 03 2023 15: +0,1699023600
0.674,3,Nov 03 2023 16: +0,1699027200
0.691,15,Nov 03 2023 17: +0,1699030800
0.691,21,Nov 03 2023 18: +0,1699034400
0.691,20,Nov 03 2023 19: +0,1699038000
0.727,27,Nov 03 2023 20: +0,1699041600
0.722,22,Nov 03 2023 21: +0,1699045200
0.73,17,Nov 03 2023 22: +0,1699048800
0.739,17,Nov 03 2023 23: +0,1699052400
0.721,10,Nov 04 2023 00: +0,1699056000
0.738,8,Nov 04 2023 01: +0,1699059600
0.728,4,Nov 04 2023 02: +0,1699063200
0.684,12,Nov 04 2023 03: +0,1699066800
0.759,20,Nov 04 2023 05: +0,1699074000
0.654,6,Nov 04 2023 06: +0,1699077600
0.707,8,Nov 04 2023 07: +0,1699081200
0.729,5,Nov 04 2023 08: +0,1699084800
0.729,9,Nov 04 2023 09: +0,1699088400
0.699,10,Nov 04 2023 10: +0,1699092000
0.729,6,Nov 04 2023 11: +0,1699095600
0.738,14,Nov 04 2023 12: +0,1699099200
0.72,8,Nov 04 2023 13: +0,1699102800
0.711,12,Nov 04 2023 14: +0,1699106400
0.695,14,Nov 04 2023 15: +0,1699110000
0.695,18,Nov 04 2023 16: +0,1699113600
0.721,26,Nov 04 2023 17: +0,1699117200
0.695,14,Nov 04 2023 18: +0,1699120800
0.722,21,Nov 04 2023 19: +0,1699124400
0.695,13,Nov 04 2023 20: +0,1699128000
0.695,18,Nov 04 2023 21: +0,1699131600
0.71,14,Nov 04 2023 22: +0,1699135200
0.73,7,Nov 04 2023 23: +0,1699138800
0.68,4,Nov 05 2023 00: +0,1699142400
0.713,10,Nov 05 2023 01: +0,1699146000
0.706,7,Nov 05 2023 02: +0,1699149600
0.747,14,Nov 05 2023 03: +0,1699153200
0.735,20,Nov 05 2023 04: +0,1699156800
0.701,8,Nov 05 2023 05: +0,1699160400
0.695,48,Nov 05 2023 06: +0,1699164000
0.722,8,Nov 05 2023 07: +0,1699167600
0.717,8,Nov 05 2023 08: +0,1699171200
0.695,27,Nov 05 2023 09: +0,1699174800
0.695,15,Nov 05 2023 10: +0,1699178400
0.695,10,Nov 05 2023 11: +0,1699182000
0.699,19,Nov 05 2023 12: +0,1699185600
0.71,4,Nov 05 2023 13: +0,1699189200
0.668,16,Nov 05 2023 14: +0,1699192800
0.681,7,Nov 05 2023 15: +0,1699196400
0.666,15,Nov 05 2023 16: +0,1699200000
0.666,10,Nov 05 2023 17: +0,1699203600
0.678,22,Nov 05 2023 18: +0,1699207200
0.695,17,Nov 05 2023 19: +0,1699210800
0.691,19,Nov 05 2023 20: +0,1699214400
0.627,54,Nov 05 2023 21: +0,1699218000
0.697,12,Nov 05 2023 22: +0,1699221600
0.678,13,Nov 05 2023 23: +0,1699225200
0.678,15,Nov 06 2023 00: +0,1699228800
0.699,7,Nov 06 2023 01: +0,1699232400
0.678,3,Nov 06 2023 02: +0,1699236000
0.674,3,Nov 06 2023 03: +0,1699239600
0.698,11,Nov 06 2023 04: +0,1699243200
0.706,7,Nov 06 2023 05: +0,1699246800
0.674,22,Nov 06 2023 06: +0,1699250400
0.678,6,Nov 06 2023 07: +0,1699254000
0.695,5,Nov 06 2023 08: +0,1699257600
0.678,9,Nov 06 2023 09: +0,1699261200
0.69,9,Nov 06 2023 10: +0,1699264800
0.7,4,Nov 06 2023 11: +0,1699268400
0.69,10,Nov 06 2023 12: +0,1699272000
0.678,14,Nov 06 2023 13: +0,1699275600
0.674,6,Nov 06 2023 14: +0,1699279200
0.691,15,Nov 06 2023 15: +0,1699282800
0.674,12,Nov 06 2023 16: +0,1699286400
0.719,26,Nov 06 2023 17: +0,1699290000
0.652,26,Nov 06 2023 18: +0,1699293600
0.705,15,Nov 06 2023 19: +0,1699297200
0.699,12,Nov 06 2023 20: +0,1699300800
0.682,11,Nov 06 2023 21: +0,1699304400
0.666,7,Nov 06 2023 22: +0,1699308000
0.715,8,Nov 06 2023 23: +0,1699311600
0.666,4,Nov 07 2023 00: +0,1699315200
0.715,14,Nov 07 2023 01: +0,1699318800
0.629,1,Nov 07 2023 02: +0,1699322400
0.563,7,Nov 07 2023 03: +0,1699326000
0.683,8,Nov 07 2023 04: +0,1699329600
0.719,14,Nov 07 2023 05: +0,1699333200
0.691,1,Nov 07 2023 06: +0,1699336800
0.675,2,Nov 07 2023 07: +0,1699340400
0.696,2,Nov 07 2023 08: +0,1699344000
0.719,7,Nov 07 2023 09: +0,1699347600
0.704,3,Nov 07 2023 10: +0,1699351200
0.714,8,Nov 07 2023 11: +0,1699354800
0.714,11,Nov 07 2023 12: +0,1699358400
0.692,14,Nov 07 2023 13: +0,1699362000
0.676,11,Nov 07 2023 14: +0,1699365600
0.689,15,Nov 07 2023 15: +0,1699369200
0.692,22,Nov 07 2023 16: +0,1699372800
0.726,40,Nov 07 2023 17: +0,1699376400
0.704,17,Nov 07 2023 18: +0,1699380000
0.691,9,Nov 07 2023 19: +0,1699383600
0.698,19,Nov 07 2023 20: +0,1699387200
0.674,11,Nov 07 2023 21: +0,1699390800
0.701,6,Nov 07 2023 22: +0,1699394400
0.719,16,Nov 07 2023 23: +0,1699398000
0.719,13,Nov 08 2023 00: +0,1699401600
0.688,10,Nov 08 2023 01: +0,1699405200
0.714,32,Nov 08 2023 02: +0,1699408800
0.69,5,Nov 08 2023 03: +0,1699412400
0.69,9,Nov 08 2023 04: +0,1699416000
0.682,10,Nov 08 2023 05: +0,1699419600
0.694,12,Nov 08 2023 06: +0,1699423200
0.706,9,Nov 08 2023 07: +0,1699426800
0.705,17,Nov 08 2023 08: +0,1699430400
0.71,14,Nov 08 2023 09: +0,1699434000
0.682,28,Nov 08 2023 10: +0,1699437600
0.696,18,Nov 08 2023 11: +0,1699441200
0.682,14,Nov 08 2023 12: +0,1699444800
0.682,11,Nov 08 2023 13: +0,1699448400
0.674,17,Nov 08 2023 14: +0,1699452000
0.682,20,Nov 08 2023 15: +0,1699455600
0.682,9,Nov 08 2023 16: +0,1699459200
0.682,23,Nov 08 2023 17: +0,1699462800
0.682,27,Nov 08 2023 18: +0,1699466400
0.682,23,Nov 08 2023 19: +0,1699470000
0.695,24,Nov 08 2023 20: +0,1699473600
0.682,23,Nov 08 2023 21: +0,1699477200
0.728,11,Nov 08 2023 22: +0,1699480800
0.682,16,Nov 08 2023 23: +0,1699484400
0.69,9,Nov 09 2023 00: +0,1699488000
0.682,9,Nov 09 2023 01: +0,1699491600
0.668,8,Nov 09 2023 02: +0,1699495200
0.706,7,Nov 09 2023 03: +0,1699498800
0.721,4,Nov 09 2023 04: +0,1699502400
0.714,2,Nov 09 2023 05: +0,1699506000
0.69,1,Nov 09 2023 06: +0,1699509600
0.666,5,Nov 09 2023 07: +0,1699513200
0.711,8,Nov 09 2023 08: +0,1699516800
0.682,10,Nov 09 2023 09: +0,1699520400
0.702,3,Nov 09 2023 10: +0,1699524000
0.689,8,Nov 09 2023 11: +0,1699527600
0.682,7,Nov 09 2023 12: +0,1699531200
0.682,19,Nov 09 2023 13: +0,1699534800
0.694,42,Nov 09 2023 14: +0,1699538400
0.698,4,Nov 09 2023 15: +0,1699542000
0.682,24,Nov 09 2023 16: +0,1699545600
0.708,18,Nov 09 2023 17: +0,1699549200
0.685,11,Nov 09 2023 18: +0,1699552800
0.674,18,Nov 09 2023 19: +0,1699556400
0.689,17,Nov 09 2023 20: +0,1699560000
0.719,42,Nov 09 2023 21: +0,1699563600
0.666,9,Nov 09 2023 22: +0,1699567200
0.687,19,Nov 09 2023 23: +0,1699570800
0.721,11,Nov 10 2023 00: +0,1699574400
0.738,5,Nov 10 2023 01: +0,1699578000
0.74,11,Nov 10 2023 02: +0,1699581600
0.666,3,Nov 10 2023 03: +0,1699585200
0.714,5,Nov 10 2023 04: +0,1699588800
0.738,2,Nov 10 2023 05: +0,1699592400
0.704,2,Nov 10 2023 06: +0,1699596000
0.696,6,Nov 10 2023 07: +0,1699599600
0.67,7,Nov 10 2023 08: +0,1699603200
0.695,6,Nov 10 2023 09: +0,1699606800
0.73,24,Nov 10 2023 10: +0,1699610400
0.699,9,Nov 10 2023 11: +0,1699614000
0.71,12,Nov 10 2023 12: +0,1699617600
0.67,18,Nov 10 2023 13: +0,1699621200
0.687,27,Nov 10 2023 14: +0,1699624800
0.691,10,Nov 10 2023 15: +0,1699628400
0.692,10,Nov 10 2023 16: +0,1699632000
0.694,13,Nov 10 2023 17: +0,1699635600
0.702,14,Nov 10 2023 18: +0,1699639200
0.685,10,Nov 10 2023 19: +0,1699642800
0.695,14,Nov 10 2023 20: +0,1699646400
0.682,15,Nov 10 2023 21: +0,1699650000
0.668,14,Nov 10 2023 22: +0,1699653600
0.682,10,Nov 10 2023 23: +0,1699657200
0.745,60,Nov 11 2023 00: +0,1699660800
0.739,8,Nov 11 2023 01: +0,1699664400
0.706,2,Nov 11 2023 02: +0,1699668000
0.668,5,Nov 11 2023 03: +0,1699671600
0.714,8,Nov 11 2023 04: +0,1699675200
0.714,22,Nov 11 2023 05: +0,1699678800
0.539,1,Nov 11 2023 06: +0,1699682400
0.751,3,Nov 11 2023 07: +0,1699686000
0.673,4,Nov 11 2023 08: +0,1699689600
0.751,3,Nov 11 2023 09: +0,1699693200
0.728,9,Nov 11 2023 10: +0,1699696800
0.666,9,Nov 11 2023 11: +0,1699700400
0.668,14,Nov 11 2023 12: +0,1699704000
0.667,6,Nov 11 2023 13: +0,1699707600
0.684,16,Nov 11 2023 14: +0,1699711200
0.682,16,Nov 11 2023 15: +0,1699714800
0.668,10,Nov 11 2023 16: +0,1699718400
0.688,9,Nov 11 2023 17: +0,1699722000
0.658,17,Nov 11 2023 18: +0,1699725600
0.666,25,Nov 11 2023 19: +0,1699729200
0.666,17,Nov 11 2023 20: +0,1699732800
0.692,20,Nov 11 2023 21: +0,1699736400
0.68,10,Nov 11 2023 22: +0,1699740000
0.714,21,Nov 11 2023 23: +0,1699743600
0.737,35,Nov 12 2023 00: +0,1699747200
0.682,7,Nov 12 2023 01: +0,1699750800
0.684,6,Nov 12 2023 02: +0,1699754400
0.682,4,Nov 12 2023 03: +0,1699758000
0.674,5,Nov 12 2023 04: +0,1699761600
0.677,5,Nov 12 2023 05: +0,1699765200
0.666,20,Nov 12 2023 06: +0,1699768800
0.679,16,Nov 12 2023 07: +0,1699772400
0.685,10,Nov 12 2023 08: +0,1699776000
0.699,16,Nov 12 2023 09: +0,1699779600
0.646,14,Nov 12 2023 10: +0,1699783200
0.674,11,Nov 12 2023 11: +0,1699786800
0.667,10,Nov 12 2023 12: +0,1699790400
0.69,19,Nov 12 2023 13: +0,1699794000
0.666,11,Nov 12 2023 14: +0,1699797600
0.672,6,Nov 12 2023 15: +0,1699801200
0.668,17,Nov 12 2023 16: +0,1699804800
0.66,16,Nov 12 2023 17: +0,1699808400
0.692,11,Nov 12 2023 18: +0,1699812000
0.66,19,Nov 12 2023 19: +0,1699815600
0.675,21,Nov 12 2023 20: +0,1699819200
0.659,14,Nov 12 2023 21: +0,1699822800
0.682,16,Nov 12 2023 22: +0,1699826400
0.682,14,Nov 12 2023 23: +0,1699830000
0.682,9,Nov 13 2023 00: +0,1699833600
0.682,6,Nov 13 2023 01: +0,1699837200
0.658,3,Nov 13 2023 02: +0,1699840800
0.672,4,Nov 13 2023 04: +0,1699848000
0.446,9,Nov 13 2023 05: +0,1699851600
0.66,18,Nov 13 2023 06: +0,1699855200
0.66,7,Nov 13 2023 07: +0,1699858800
0.671,5,Nov 13 2023 08: +0,1699862400
0.668,13,Nov 13 2023 09: +0,1699866000
0.684,15,Nov 13 2023 10: +0,1699869600
0.681,4,Nov 13 2023 11: +0,1699873200
0.691,8,Nov 13 2023 12: +0,1699876800
0.692,9,Nov 13 2023 13: +0,1699880400
0.658,9,Nov 13 2023 14: +0,1699884000
0.668,8,Nov 13 2023 15: +0,1699887600
0.673,18,Nov 13 2023 16: +0,1699891200
0.675,13,Nov 13 2023 17: +0,1699894800
0.673,14,Nov 13 2023 18: +0,1699898400
0.677,13,Nov 13 2023 19: +0,1699902000
0.684,21,Nov 13 2023 20: +0,1699905600
0.698,13,Nov 13 2023 21: +0,1699909200
0.706,19,Nov 13 2023 22: +0,1699912800
0.718,14,Nov 13 2023 23: +0,1699916400
0.694,2,Nov 14 2023 00: +0,1699920000
0.689,2,Nov 14 2023 01: +0,1699923600
0.666,2,Nov 14 2023 02: +0,1699927200
0.616,2,Nov 14 2023 03: +0,1699930800
0.682,5,Nov 14 2023 04: +0,1699934400
0.662,2,Nov 14 2023 05: +0,1699938000
0.69,11,Nov 14 2023 06: +0,1699941600
0.671,2,Nov 14 2023 07: +0,1699945200
0.688,9,Nov 14 2023 08: +0,1699948800
0.735,10,Nov 14 2023 09: +0,1699952400
0.687,7,Nov 14 2023 10: +0,1699956000
0.701,3,Nov 14 2023 11: +0,1699959600
0.683,6,Nov 14 2023 12: +0,1699963200
0.684,13,Nov 14 2023 13: +0,1699966800
0.658,7,Nov 14 2023 14: +0,1699970400
0.667,18,Nov 14 2023 15: +0,1699974000
0.658,11,Nov 14 2023 16: +0,1699977600
0.669,11,Nov 14 2023 17: +0,1699981200
0.666,16,Nov 14 2023 18: +0,1699984800
0.662,16,Nov 14 2023 19: +0,1699988400
0.653,10,Nov 14 2023 20: +0,1699992000
0.642,11,Nov 14 2023 21: +0,1699995600
0.669,12,Nov 14 2023 22: +0,1699999200
0.664,7,Nov 14 2023 23: +0,1700002800
0.664,6,Nov 15 2023 00: +0,1700006400
0.676,4,Nov 15 2023 01: +0,1700010000
0.611,20,Nov 15 2023 02: +0,1700013600
0.642,12,Nov 15 2023 03: +0,1700017200
0.674,11,Nov 15 2023 04: +0,1700020800
0.674,9,Nov 15 2023 05: +0,1700024400
0.674,16,Nov 15 2023 06: +0,1700028000
0.666,11,Nov 15 2023 07: +0,1700031600
0.642,4,Nov 15 2023 08: +0,1700035200
0.656,6,Nov 15 2023 09: +0,1700038800
0.669,11,Nov 15 2023 10: +0,1700042400
0.649,10,Nov 15 2023 11: +0,1700046000
0.658,12,Nov 15 2023 12: +0,1700049600
0.644,14,Nov 15 2023 13: +0,1700053200
0.638,13,Nov 15 2023 14: +0,1700056800
0.627,16,Nov 15 2023 15: +0,1700060400
0.633,10,Nov 15 2023 16: +0,1700064000
0.641,22,Nov 15 2023 17: +0,1700067600
0.62,13,Nov 15 2023 18: +0,1700071200
0.647,44,Nov 15 2023 19: +0,1700074800
0.64,31,Nov 15 2023 20: +0,1700078400
0.623,34,Nov 15 2023 21: +0,1700082000
0.641,14,Nov 15 2023 22: +0,1700085600
0.609,14,Nov 15 2023 23: +0,1700089200
0.61,19,Nov 16 2023 00: +0,1700092800
0.61,20,Nov 16 2023 01: +0,1700096400
0.631,8,Nov 16 2023 02: +0,1700100000
0.658,7,Nov 16 2023 03: +0,1700103600
0.618,4,Nov 16 2023 04: +0,1700107200
0.61,16,Nov 16 2023 05: +0,1700110800
0.645,5,Nov 16 2023 06: +0,1700114400
0.626,7,Nov 16 2023 07: +0,1700118000
0.65,7,Nov 16 2023 08: +0,1700121600
0.664,9,Nov 16 2023 09: +0,1700125200
0.66,12,Nov 16 2023 10: +0,1700128800
0.61,8,Nov 16 2023 11: +0,1700132400
0.61,7,Nov 16 2023 12: +0,1700136000
0.61,31,Nov 16 2023 13: +0,1700139600
0.61,18,Nov 16 2023 14: +0,1700143200
0.625,17,Nov 16 2023 15: +0,1700146800
0.572,13,Nov 16 2023 16: +0,1700150400
0.615,20,Nov 16 2023 17: +0,1700154000
0.61,26,Nov 16 2023 18: +0,1700157600
0.628,48,Nov 16 2023 19: +0,1700161200
0.622,28,Nov 16 2023 20: +0,1700164800
0.641,16,Nov 16 2023 21: +0,1700168400
0.611,7,Nov 16 2023 22: +0,1700172000
0.591,13,Nov 16 2023 23: +0,1700175600
0.575,7,Nov 17 2023 00: +0,1700179200
0.598,6,Nov 17 2023 01: +0,1700182800
0.586,7,Nov 17 2023 02: +0,1700186400
0.601,12,Nov 17 2023 03: +0,1700190000
0.618,15,Nov 17 2023 04: +0,1700193600
0.642,15,Nov 17 2023 05: +0,1700197200
0.57,2,Nov 17 2023 06: +0,1700200800
0.655,8,Nov 17 2023 07: +0,1700204400
0.618,1,Nov 17 2023 08: +0,1700208000
0.575,7,Nov 17 2023 09: +0,1700211600
0.6,11,Nov 17 2023 10: +0,1700215200
0.624,4,Nov 17 2023 11: +0,1700218800
0.575,7,Nov 17 2023 12: +0,1700222400
0.636,13,Nov 17 2023 13: +0,1700226000
0.591,10,Nov 17 2023 14: +0,1700229600
0.586,8,Nov 17 2023 15: +0,1700233200
0.618,18,Nov 17 2023 16: +0,1700236800
0.636,14,Nov 17 2023 17: +0,1700240400
0.61,6,Nov 17 2023 18: +0,1700244000
0.61,20,Nov 17 2023 19: +0,1700247600
0.617,19,Nov 17 2023 20: +0,1700251200
0.61,19,Nov 17 2023 21: +0,1700254800
0.61,13,Nov 17 2023 22: +0,1700258400
0.61,12,Nov 17 2023 23: +0,1700262000
0.618,12,Nov 18 2023 00: +0,1700265600
0.623,9,Nov 18 2023 01: +0,1700269200
0.602,11,Nov 18 2023 02: +0,1700272800
0.607,6,Nov 18 2023 03: +0,1700276400
0.586,9,Nov 18 2023 04: +0,1700280000
0.642,41,Nov 18 2023 05: +0,1700283600
0.675,3,Nov 18 2023 06: +0,1700287200
0.63,6,Nov 18 2023 07: +0,1700290800
0.658,11,Nov 18 2023 08: +0,1700294400
0.619,5,Nov 18 2023 09: +0,1700298000
0.594,20,Nov 18 2023 10: +0,1700301600
0.624,10,Nov 18 2023 11: +0,1700305200
0.61,3,Nov 18 2023 12: +0,1700308800
0.618,8,Nov 18 2023 13: +0,1700312400
0.602,11,Nov 18 2023 14: +0,1700316000
0.545,24,Nov 18 2023 15: +0,1700319600
0.575,18,Nov 18 2023 16: +0,1700323200
0.605,26,Nov 18 2023 17: +0,1700326800
0.605,13,Nov 18 2023 18: +0,1700330400
0.604,19,Nov 18 2023 19: +0,1700334000
0.586,10,Nov 18 2023 20: +0,1700337600
0.575,23,Nov 18 2023 21: +0,1700341200
0.61,22,Nov 18 2023 22: +0,1700344800
0.594,6,Nov 18 2023 23: +0,1700348400
0.595,8,Nov 19 2023 00: +0,1700352000
0.553,8,Nov 19 2023 01: +0,1700355600
0.553,12,Nov 19 2023 02: +0,1700359200
0.609,6,Nov 19 2023 03: +0,1700362800
0.61,16,Nov 19 2023 04: +0,1700366400
0.497,9,Nov 19 2023 05: +0,1700370000
0.575,66,Nov 19 2023 06: +0,1700373600
0.64,12,Nov 19 2023 07: +0,1700377200
0.618,17,Nov 19 2023 08: +0,1700380800
0.605,11,Nov 19 2023 09: +0,1700384400
0.613,6,Nov 19 2023 10: +0,1700388000
0.64,14,Nov 19 2023 11: +0,1700391600
0.621,7,Nov 19 2023 12: +0,1700395200
0.602,13,Nov 19 2023 13: +0,1700398800
0.612,20,Nov 19 2023 14: +0,1700402400
0.696,120,Nov 19 2023 15: +0,1700406000
0.706,7,Nov 19 2023 16: +0,1700409600
0.602,16,Nov 19 2023 17: +0,1700413200
0.614,11,Nov 19 2023 18: +0,1700416800
0.619,14,Nov 19 2023 19: +0,1700420400
0.653,27,Nov 19 2023 20: +0,1700424000
0.687,25,Nov 19 2023 21: +0,1700427600
0.694,16,Nov 19 2023 22: +0,1700431200
0.645,13,Nov 19 2023 23: +0,1700434800
0.682,5,Nov 20 2023 00: +0,1700438400
0.638,12,Nov 20 2023 01: +0,1700442000
0.578,54,Nov 20 2023 02: +0,1700445600
0.682,3,Nov 20 2023 03: +0,1700449200
0.489,1,Nov 20 2023 04: +0,1700452800
0.65,3,Nov 20 2023 05: +0,1700456400
0.645,7,Nov 20 2023 06: +0,1700460000
0.57,9,Nov 20 2023 07: +0,1700463600
0.602,3,Nov 20 2023 09: +0,1700470800
0.658,6,Nov 20 2023 10: +0,1700474400
0.666,8,Nov 20 2023 11: +0,1700478000
0.69,12,Nov 20 2023 12: +0,1700481600
0.63,8,Nov 20 2023 13: +0,1700485200
0.602,5,Nov 20 2023 14: +0,1700488800
0.608,10,Nov 20 2023 15: +0,1700492400
0.57,15,Nov 20 2023 16: +0,1700496000
0.602,23,Nov 20 2023 17: +0,1700499600
0.588,8,Nov 20 2023 18: +0,1700503200
0.608,14,Nov 20 2023 19: +0,1700506800
0.577,6,Nov 20 2023 20: +0,1700510400
0.586,19,Nov 20 2023 21: +0,1700514000
0.61,13,Nov 20 2023 22: +0,1700517600
0.61,8,Nov 20 2023 23: +0,1700521200
0.614,7,Nov 21 2023 00: +0,1700524800
0.626,11,Nov 21 2023 01: +0,1700528400
0.615,6,Nov 21 2023 02: +0,1700532000
0.667,4,Nov 21 2023 03: +0,1700535600
0.668,2,Nov 21 2023 04: +0,1700539200
0.628,2,Nov 21 2023 05: +0,1700542800
0.69,16,Nov 21 2023 06: +0,1700546400
0.683,2,Nov 21 2023 07: +0,1700550000
0.548,2,Nov 21 2023 08: +0,1700553600
0.694,8,Nov 21 2023 09: +0,1700557200
0.576,5,Nov 21 2023 10: +0,1700560800
0.69,13,Nov 21 2023 11: +0,1700564400
0.576,7,Nov 21 2023 12: +0,1700568000
0.645,5,Nov 21 2023 13: +0,1700571600
0.579,8,Nov 21 2023 14: +0,1700575200
0.591,9,Nov 21 2023 15: +0,1700578800
0.607,6,Nov 21 2023 16: +0,1700582400
0.606,13,Nov 21 2023 17: +0,1700586000
0.592,16,Nov 21 2023 18: +0,1700589600
0.62,19,Nov 21 2023 19: +0,1700593200
0.603,27,Nov 21 2023 20: +0,1700596800
0.609,6,Nov 21 2023 21: +0,1700600400
0.649,9,Nov 21 2023 22: +0,1700604000
0.627,8,Nov 21 2023 23: +0,1700607600
0.603,7,Nov 22 2023 00: +0,1700611200
0.643,17,Nov 22 2023 01: +0,1700614800
0.612,12,Nov 22 2023 02: +0,1700618400
0.662,16,Nov 22 2023 03: +0,1700622000
0.585,12,Nov 22 2023 04: +0,1700625600
0.585,21,Nov 22 2023 05: +0,1700629200
0.585,13,Nov 22 2023 06: +0,1700632800
0.585,11,Nov 22 2023 07: +0,1700636400
0.585,8,Nov 22 2023 08: +0,1700640000
0.582,10,Nov 22 2023 09: +0,1700643600
0.565,8,Nov 22 2023 10: +0,1700647200
0.585,15,Nov 22 2023 11: +0,1700650800
0.573,20,Nov 22 2023 12: +0,1700654400
0.582,20,Nov 22 2023 13: +0,1700658000
0.593,23,Nov 22 2023 14: +0,1700661600
0.585,24,Nov 22 2023 15: +0,1700665200
0.585,38,Nov 22 2023 16: +0,1700668800
0.593,32,Nov 22 2023 17: +0,1700672400
0.577,16,Nov 22 2023 18: +0,1700676000
0.591,18,Nov 22 2023 19: +0,1700679600
0.585,28,Nov 22 2023 20: +0,1700683200
0.6,25,Nov 22 2023 21: +0,1700686800
0.59,39,Nov 22 2023 22: +0,1700690400
0.585,9,Nov 22 2023 23: +0,1700694000
0.585,20,Nov 23 2023 00: +0,1700697600
0.584,8,Nov 23 2023 01: +0,1700701200
0.585,3,Nov 23 2023 02: +0,1700704800
0.557,4,Nov 23 2023 03: +0,1700708400
0.561,17,Nov 23 2023 04: +0,1700712000
0.577,7,Nov 23 2023 05: +0,1700715600
0.553,60,Nov 23 2023 06: +0,1700719200
0.585,11,Nov 23 2023 07: +0,1700722800
0.569,14,Nov 23 2023 08: +0,1700726400
0.569,14,Nov 23 2023 09: +0,1700730000
0.583,20,Nov 23 2023 10: +0,1700733600
0.586,19,Nov 23 2023 11: +0,1700737200
0.591,9,Nov 23 2023 12: +0,1700740800
0.601,18,Nov 23 2023 13: +0,1700744400
0.561,19,Nov 23 2023 14: +0,1700748000
0.585,10,Nov 23 2023 15: +0,1700751600
0.577,17,Nov 23 2023 16: +0,1700755200
0.576,16,Nov 23 2023 17: +0,1700758800
0.581,29,Nov 23 2023 18: +0,1700762400
0.587,22,Nov 23 2023 19: +0,1700766000
0.585,34,Nov 23 2023 20: +0,1700769600
0.61,40,Nov 23 2023 21: +0,1700773200
0.601,12,Nov 23 2023 22: +0,1700776800
0.578,8,Nov 23 2023 23: +0,1700780400
0.63,21,Nov 24 2023 00: +0,1700784000
0.553,8,Nov 24 2023 01: +0,1700787600
0.565,6,Nov 24 2023 02: +0,1700791200
0.601,7,Nov 24 2023 03: +0,1700794800
0.609,5,Nov 24 2023 04: +0,1700798400
0.619,4,Nov 24 2023 05: +0,1700802000
0.549,4,Nov 24 2023 06: +0,1700805600
0.561,4,Nov 24 2023 07: +0,1700809200
0.605,3,Nov 24 2023 08: +0,1700812800
0.61,20,Nov 24 2023 09: +0,1700816400
0.521,2,Nov 24 2023 10: +0,1700820000
0.585,7,Nov 24 2023 11: +0,1700823600
0.569,6,Nov 24 2023 12: +0,1700827200
0.585,12,Nov 24 2023 13: +0,1700830800
0.61,22,Nov 24 2023 14: +0,1700834400
0.617,15,Nov 24 2023 15: +0,1700838000
0.61,18,Nov 24 2023 16: +0,1700841600
0.617,11,Nov 24 2023 17: +0,1700845200
0.62,26,Nov 24 2023 18: +0,1700848800
0.619,38,Nov 24 2023 19: +0,1700852400
0.585,25,Nov 24 2023 20: +0,1700856000
0.585,22,Nov 24 2023 21: +0,1700859600
0.589,27,Nov 24 2023 22: +0,1700863200
0.583,24,Nov 24 2023 23: +0,1700866800
0.599,28,Nov 25 2023 00: +0,1700870400
0.591,14,Nov 25 2023 01: +0,1700874000
0.527,19,Nov 25 2023 02: +0,1700877600
0.615,8,Nov 25 2023 03: +0,1700881200
0.454,12,Nov 25 2023 04: +0,1700884800
0.603,7,Nov 25 2023 05: +0,1700888400
0.622,8,Nov 25 2023 06: +0,1700892000
0.621,4,Nov 25 2023 07: +0,1700895600
0.506,2,Nov 25 2023 08: +0,1700899200
0.567,11,Nov 25 2023 09: +0,1700902800
0.583,8,Nov 25 2023 10: +0,1700906400
0.583,20,Nov 25 2023 11: +0,1700910000
0.583,16,Nov 25 2023 12: +0,1700913600
0.583,13,Nov 25 2023 13: +0,1700917200
0.591,12,Nov 25 2023 14: +0,1700920800
0.589,19,Nov 25 2023 15: +0,1700924400
0.583,11,Nov 25 2023 16: +0,1700928000
0.583,11,Nov 25 2023 17: +0,1700931600
0.583,20,Nov 25 2023 18: +0,1700935200
0.588,28,Nov 25 2023 19: +0,1700938800
0.602,12,Nov 25 2023 20: +0,1700942400
0.583,16,Nov 25 2023 21: +0,1700946000
0.607,8,Nov 25 2023 22: +0,1700949600
0.604,8,Nov 25 2023 23: +0,1700953200
0.576,7,Nov 26 2023 00: +0,1700956800
0.579,2,Nov 26 2023 01: +0,1700960400
0.607,17,Nov 26 2023 02: +0,1700964000
0.607,15,Nov 26 2023 03: +0,1700967600
0.575,12,Nov 26 2023 04: +0,1700971200
0.581,6,Nov 26 2023 05: +0,1700974800
0.575,7,Nov 26 2023 06: +0,1700978400
0.583,4,Nov 26 2023 07: +0,1700982000
0.566,6,Nov 26 2023 08: +0,1700985600
0.577,13,Nov 26 2023 09: +0,1700989200
0.604,14,Nov 26 2023 10: +0,1700992800
0.592,7,Nov 26 2023 11: +0,1700996400
0.572,10,Nov 26 2023 12: +0,1701000000
0.583,13,Nov 26 2023 13: +0,1701003600
0.567,10,Nov 26 2023 14: +0,1701007200
0.567,14,Nov 26 2023 15: +0,1701010800
0.59,36,Nov 26 2023 16: +0,1701014400
0.575,13,Nov 26 2023 17: +0,1701018000
0.567,71,Nov 26 2023 18: +0,1701021600
0.527,16,Nov 26 2023 19: +0,1701025200
0.566,10,Nov 26 2023 20: +0,1701028800
0.519,11,Nov 26 2023 21: +0,1701032400
0.53,6,Nov 26 2023 22: +0,1701036000
0.519,17,Nov 26 2023 23: +0,1701039600
0.551,7,Nov 27 2023 00: +0,1701043200
0.538,8,Nov 27 2023 01: +0,1701046800
0.503,6,Nov 27 2023 02: +0,1701050400
0.539,10,Nov 27 2023 03: +0,1701054000
0.588,4,Nov 27 2023 04: +0,1701057600
0.583,5,Nov 27 2023 05: +0,1701061200
0.591,11,Nov 27 2023 06: +0,1701064800
0.462,1,Nov 27 2023 07: +0,1701068400
0.523,4,Nov 27 2023 08: +0,1701072000
0.555,5,Nov 27 2023 09: +0,1701075600
0.539,5,Nov 27 2023 10: +0,1701079200
0.55,5,Nov 27 2023 11: +0,1701082800
0.541,8,Nov 27 2023 12: +0,1701086400
0.548,14,Nov 27 2023 13: +0,1701090000
0.467,10,Nov 27 2023 14: +0,1701093600
0.533,13,Nov 27 2023 15: +0,1701097200
0.55,15,Nov 27 2023 16: +0,1701100800
0.519,9,Nov 27 2023 17: +0,1701104400
0.55,6,Nov 27 2023 18: +0,1701108000
0.558,21,Nov 27 2023 19: +0,1701111600
0.574,20,Nov 27 2023 20: +0,1701115200
0.561,13,Nov 27 2023 21: +0,1701118800
0.495,7,Nov 27 2023 22: +0,1701122400
0.445,173,Nov 27 2023 23: +0,1701126000
0.553,19,Nov 28 2023 00: +0,1701129600
0.568,18,Nov 28 2023 01: +0,1701133200
0.498,10,Nov 28 2023 02: +0,1701136800
0.508,2,Nov 28 2023 03: +0,1701140400
0.539,2,Nov 28 2023 04: +0,1701144000
0.519,5,Nov 28 2023 05: +0,1701147600
0.559,3,Nov 28 2023 06: +0,1701151200
0.567,4,Nov 28 2023 07: +0,1701154800
0.544,5,Nov 28 2023 08: +0,1701158400
0.503,4,Nov 28 2023 09: +0,1701162000
0.545,12,Nov 28 2023 10: +0,1701165600
0.527,3,Nov 28 2023 11: +0,1701169200
0.527,9,Nov 28 2023 12: +0,1701172800
0.55,7,Nov 28 2023 13: +0,1701176400
0.55,13,Nov 28 2023 14: +0,1701180000
0.519,5,Nov 28 2023 15: +0,1701183600
0.568,42,Nov 28 2023 16: +0,1701187200
0.582,14,Nov 28 2023 17: +0,1701190800
0.575,41,Nov 28 2023 18: +0,1701194400
0.541,7,Nov 28 2023 19: +0,1701198000
0.503,139,Nov 28 2023 20: +0,1701201600
0.568,18,Nov 28 2023 21: +0,1701205200
0.57,12,Nov 28 2023 22: +0,1701208800
0.552,9,Nov 28 2023 23: +0,1701212400
0.551,3,Nov 29 2023 00: +0,1701216000
0.551,5,Nov 29 2023 01: +0,1701219600
0.557,4,Nov 29 2023 02: +0,1701223200
0.559,7,Nov 29 2023 03: +0,1701226800
0.551,7,Nov 29 2023 04: +0,1701230400
0.575,18,Nov 29 2023 05: +0,1701234000
0.551,3,Nov 29 2023 06: +0,1701237600
0.556,9,Nov 29 2023 07: +0,1701241200
0.555,6,Nov 29 2023 08: +0,1701244800
0.569,15,Nov 29 2023 09: +0,1701248400
0.561,15,Nov 29 2023 10: +0,1701252000
0.56,12,Nov 29 2023 11: +0,1701255600
0.57,37,Nov 29 2023 12: +0,1701259200
0.564,8,Nov 29 2023 13: +0,1701262800
0.557,11,Nov 29 2023 14: +0,1701266400
0.56,24,Nov 29 2023 15: +0,1701270000
0.561,15,Nov 29 2023 16: +0,1701273600
0.555,25,Nov 29 2023 17: +0,1701277200
0.555,12,Nov 29 2023 18: +0,1701280800
0.527,14,Nov 29 2023 19: +0,1701284400
0.559,14,Nov 29 2023 20: +0,1701288000
0.535,22,Nov 29 2023 21: +0,1701291600
0.561,11,Nov 29 2023 22: +0,1701295200
0.58,19,Nov 29 2023 23: +0,1701298800
0.56,6,Nov 30 2023 00: +0,1701302400
0.561,10,Nov 30 2023 01: +0,1701306000
0.551,3,Nov 30 2023 02: +0,1701309600
0.56,4,Nov 30 2023 03: +0,1701313200
0.575,1,Nov 30 2023 04: +0,1701316800
0.575,66,Nov 30 2023 05: +0,1701320400
0.579,14,Nov 30 2023 06: +0,1701324000
0.584,8,Nov 30 2023 07: +0,1701327600
0.583,5,Nov 30 2023 08: +0,1701331200
0.586,46,Nov 30 2023 09: +0,1701334800
0.616,77,Nov 30 2023 10: +0,1701338400
0.642,43,Nov 30 2023 11: +0,1701342000
0.547,6,Nov 30 2023 12: +0,1701345600
0.663,45,Nov 30 2023 13: +0,1701349200
0.677,56,Nov 30 2023 14: +0,1701352800
0.674,10,Nov 30 2023 15: +0,1701356400
0.555,13,Nov 30 2023 16: +0,1701360000
0.605,14,Nov 30 2023 17: +0,1701363600
0.519,33,Nov 30 2023 18: +0,1701367200
0.621,18,Nov 30 2023 19: +0,1701370800
0.584,9,Nov 30 2023 20: +0,1701374400
0.571,15,Nov 30 2023 21: +0,1701378000
0.567,17,Nov 30 2023 22: +0,1701381600
0.527,16,Nov 30 2023 23: +0,1701385200
0.564,2,Dec 01 2023 00: +0,1701388800
0.567,11,Dec 01 2023 01: +0,1701392400
0.558,7,Dec 01 2023 02: +0,1701396000
0.599,10,Dec 01 2023 03: +0,1701399600
0.561,4,Dec 01 2023 04: +0,1701403200
0.604,3,Dec 01 2023 05: +0,1701406800
0.567,4,Dec 01 2023 06: +0,1701410400
0.575,6,Dec 01 2023 07: +0,1701414000
0.579,5,Dec 01 2023 08: +0,1701417600
0.571,6,Dec 01 2023 09: +0,1701421200
0.594,36,Dec 01 2023 10: +0,1701424800
0.614,21,Dec 01 2023 11: +0,1701428400
0.573,10,Dec 01 2023 12: +0,1701432000
0.593,2,Dec 01 2023 13: +0,1701435600
0.604,8,Dec 01 2023 14: +0,1701439200
0.567,14,Dec 01 2023 15: +0,1701442800
0.57,19,Dec 01 2023 16: +0,1701446400
0.582,5,Dec 01 2023 17: +0,1701450000
0.591,22,Dec 01 2023 18: +0,1701453600
0.643,10,Dec 01 2023 19: +0,1701457200
0.567,13,Dec 01 2023 20: +0,1701460800
0.623,19,Dec 01 2023 21: +0,1701464400
0.567,55,Dec 01 2023 22: +0,1701468000
0.567,11,Dec 01 2023 23: +0,1701471600
0.603,6,Dec 02 2023 00: +0,1701475200
0.639,21,Dec 02 2023 01: +0,1701478800
0.659,3,Dec 02 2023 02: +0,1701482400
0.633,3,Dec 02 2023 03: +0,1701486000
0.663,6,Dec 02 2023 04: +0,1701489600
0.567,1,Dec 02 2023 05: +0,1701493200
0.46,1,Dec 02 2023 06: +0,1701496800
0.639,11,Dec 02 2023 07: +0,1701500400
0.663,11,Dec 02 2023 08: +0,1701504000
0.643,9,Dec 02 2023 09: +0,1701507600
0.645,10,Dec 02 2023 10: +0,1701511200
0.575,7,Dec 02 2023 11: +0,1701514800
0.677,93,Dec 02 2023 12: +0,1701518400
0.688,14,Dec 02 2023 13: +0,1701522000
0.603,12,Dec 02 2023 14: +0,1701525600
0.567,28,Dec 02 2023 15: +0,1701529200
0.6,20,Dec 02 2023 16: +0,1701532800
0.616,14,Dec 02 2023 17: +0,1701536400
0.575,15,Dec 02 2023 18: +0,1701540000
0.602,10,Dec 02 2023 19: +0,1701543600
0.58,39,Dec 02 2023 20: +0,1701547200
0.616,15,Dec 02 2023 21: +0,1701550800
0.607,4,Dec 02 2023 22: +0,1701554400
0.589,12,Dec 02 2023 23: +0,1701558000
0.616,16,Dec 03 2023 00: +0,1701561600
0.679,3,Dec 03 2023 01: +0,1701565200
0.662,3,Dec 03 2023 02: +0,1701568800
0.666,4,Dec 03 2023 03: +0,1701572400
0.607,6,Dec 03 2023 04: +0,1701576000
0.623,5,Dec 03 2023 05: +0,1701579600
0.575,5,Dec 03 2023 06: +0,1701583200
0.626,6,Dec 03 2023 07: +0,1701586800
0.583,6,Dec 03 2023 08: +0,1701590400
0.627,4,Dec 03 2023 09: +0,1701594000
0.623,5,Dec 03 2023 10: +0,1701597600
0.602,10,Dec 03 2023 11: +0,1701601200
0.609,8,Dec 03 2023 12: +0,1701604800
0.631,8,Dec 03 2023 13: +0,1701608400
0.624,7,Dec 03 2023 14: +0,1701612000
0.625,8,Dec 03 2023 15: +0,1701615600
0.627,8,Dec 03 2023 16: +0,1701619200
0.643,9,Dec 03 2023 17: +0,1701622800
0.591,26,Dec 03 2023 18: +0,1701626400
0.647,7,Dec 03 2023 19: +0,1701630000
0.605,18,Dec 03 2023 20: +0,1701633600
0.648,11,Dec 03 2023 21: +0,1701637200
0.599,11,Dec 03 2023 22: +0,1701640800
0.559,4,Dec 03 2023 23: +0,1701644400
0.604,22,Dec 04 2023 00: +0,1701648000
0.591,12,Dec 04 2023 01: +0,1701651600
0.555,16,Dec 04 2023 02: +0,1701655200
0.559,9,Dec 04 2023 03: +0,1701658800
0.555,4,Dec 04 2023 04: +0,1701662400
0.649,9,Dec 04 2023 05: +0,1701666000
0.643,1,Dec 04 2023 06: +0,1701669600
0.661,3,Dec 04 2023 07: +0,1701673200
0.633,5,Dec 04 2023 08: +0,1701676800
0.598,10,Dec 04 2023 09: +0,1701680400
0.595,8,Dec 04 2023 10: +0,1701684000
0.578,6,Dec 04 2023 11: +0,1701687600
0.599,7,Dec 04 2023 12: +0,1701691200
0.642,13,Dec 04 2023 13: +0,1701694800
0.681,31,Dec 04 2023 14: +0,1701698400
0.635,16,Dec 04 2023 15: +0,1701702000
0.621,2,Dec 04 2023 16: +0,1701705600
0.606,7,Dec 04 2023 17: +0,1701709200
0.625,9,Dec 04 2023 18: +0,1701712800
0.591,20,Dec 04 2023 19: +0,1701716400
0.604,12,Dec 04 2023 20: +0,1701720000
0.599,8,Dec 04 2023 21: +0,1701723600
0.623,9,Dec 04 2023 22: +0,1701727200
0.606,9,Dec 04 2023 23: +0,1701730800
0.607,2,Dec 05 2023 00: +0,1701734400
0.614,3,Dec 05 2023 01: +0,1701738000
0.624,6,Dec 05 2023 02: +0,1701741600
0.645,6,Dec 05 2023 03: +0,1701745200
0.667,13,Dec 05 2023 04: +0,1701748800
0.692,12,Dec 05 2023 05: +0,1701752400
0.671,5,Dec 05 2023 06: +0,1701756000
0.681,4,Dec 05 2023 07: +0,1701759600
0.687,37,Dec 05 2023 08: +0,1701763200
0.675,3,Dec 05 2023 09: +0,1701766800
0.599,6,Dec 05 2023 10: +0,1701770400
0.591,4,Dec 05 2023 11: +0,1701774000
0.607,6,Dec 05 2023 12: +0,1701777600
0.591,30,Dec 05 2023 13: +0,1701781200
0.665,2,Dec 05 2023 14: +0,1701784800
0.663,9,Dec 05 2023 15: +0,1701788400
0.64,7,Dec 05 2023 16: +0,1701792000
0.63,10,Dec 05 2023 17: +0,1701795600
0.617,9,Dec 05 2023 18: +0,1701799200
0.638,8,Dec 05 2023 19: +0,1701802800
0.611,5,Dec 05 2023 20: +0,1701806400
0.647,5,Dec 05 2023 21: +0,1701810000
0.609,8,Dec 05 2023 22: +0,1701813600
0.603,4,Dec 05 2023 23: +0,1701817200
0.639,5,Dec 06 2023 01: +0,1701824400
0.599,16,Dec 06 2023 02: +0,1701828000
0.611,8,Dec 06 2023 03: +0,1701831600
0.599,13,Dec 06 2023 04: +0,1701835200
0.599,32,Dec 06 2023 05: +0,1701838800
0.67,10,Dec 06 2023 06: +0,1701842400
0.679,4,Dec 06 2023 07: +0,1701846000
0.655,4,Dec 06 2023 08: +0,1701849600
0.599,4,Dec 06 2023 09: +0,1701853200
0.607,6,Dec 06 2023 10: +0,1701856800
0.618,8,Dec 06 2023 11: +0,1701860400
0.606,13,Dec 06 2023 12: +0,1701864000
0.618,6,Dec 06 2023 13: +0,1701867600
0.599,10,Dec 06 2023 14: +0,1701871200
0.599,15,Dec 06 2023 15: +0,1701874800
0.605,14,Dec 06 2023 16: +0,1701878400
0.606,20,Dec 06 2023 17: +0,1701882000
0.616,23,Dec 06 2023 18: +0,1701885600
0.631,26,Dec 06 2023 19: +0,1701889200
0.632,5,Dec 06 2023 20: +0,1701892800
0.591,21,Dec 06 2023 21: +0,1701896400
0.606,7,Dec 06 2023 22: +0,1701900000
0.591,10,Dec 06 2023 23: +0,1701903600
0.607,11,Dec 07 2023 00: +0,1701907200
0.591,4,Dec 07 2023 01: +0,1701910800
0.607,10,Dec 07 2023 02: +0,1701914400
0.591,3,Dec 07 2023 03: +0,1701918000
0.584,2,Dec 07 2023 04: +0,1701921600
0.591,5,Dec 07 2023 05: +0,1701925200
0.611,8,Dec 07 2023 06: +0,1701928800
0.591,6,Dec 07 2023 07: +0,1701932400
0.632,8,Dec 07 2023 08: +0,1701936000
0.609,6,Dec 07 2023 09: +0,1701939600
0.615,10,Dec 07 2023 10: +0,1701943200
0.623,9,Dec 07 2023 11: +0,1701946800
0.637,11,Dec 07 2023 12: +0,1701950400
0.637,12,Dec 07 2023 13: +0,1701954000
0.621,8,Dec 07 2023 14: +0,1701957600
0.623,17,Dec 07 2023 15: +0,1701961200
0.599,11,Dec 07 2023 16: +0,1701964800
0.643,22,Dec 07 2023 17: +0,1701968400
0.644,9,Dec 07 2023 18: +0,1701972000
0.647,17,Dec 07 2023 19: +0,1701975600
0.615,19,Dec 07 2023 20: +0,1701979200
0.591,19,Dec 07 2023 21: +0,1701982800
0.608,12,Dec 07 2023 22: +0,1701986400
0.603,15,Dec 07 2023 23: +0,1701990000
0.657,9,Dec 08 2023 00: +0,1701993600
0.623,9,Dec 08 2023 01: +0,1701997200
0.639,5,Dec 08 2023 02: +0,1702000800
0.645,6,Dec 08 2023 03: +0,1702004400
0.647,5,Dec 08 2023 04: +0,1702008000
0.62,9,Dec 08 2023 05: +0,1702011600
0.604,2,Dec 08 2023 06: +0,1702015200
0.617,5,Dec 08 2023 07: +0,1702018800
0.623,3,Dec 08 2023 08: +0,1702022400
0.628,11,Dec 08 2023 09: +0,1702026000
0.607,12,Dec 08 2023 10: +0,1702029600
0.639,4,Dec 08 2023 11: +0,1702033200
0.634,5,Dec 08 2023 12: +0,1702036800
0.615,18,Dec 08 2023 13: +0,1702040400
0.623,11,Dec 08 2023 14: +0,1702044000
0.623,10,Dec 08 2023 15: +0,1702047600
0.591,27,Dec 08 2023 16: +0,1702051200
0.626,10,Dec 08 2023 17: +0,1702054800
0.619,8,Dec 08 2023 18: +0,1702058400
0.612,19,Dec 08 2023 19: +0,1702062000
0.597,8,Dec 08 2023 20: +0,1702065600
0.628,14,Dec 08 2023 21: +0,1702069200
0.622,26,Dec 08 2023 22: +0,1702072800
0.606,14,Dec 08 2023 23: +0,1702076400
0.618,10,Dec 09 2023 00: +0,1702080000
0.623,11,Dec 09 2023 01: +0,1702083600
0.603,2,Dec 09 2023 02: +0,1702087200
0.607,5,Dec 09 2023 03: +0,1702090800
0.606,9,Dec 09 2023 04: +0,1702094400
0.607,6,Dec 09 2023 05: +0,1702098000
0.567,12,Dec 09 2023 06: +0,1702101600
0.575,8,Dec 09 2023 07: +0,1702105200
0.598,6,Dec 09 2023 08: +0,1702108800
0.626,15,Dec 09 2023 09: +0,1702112400
0.611,14,Dec 09 2023 10: +0,1702116000
0.633,17,Dec 09 2023 11: +0,1702119600
0.652,19,Dec 09 2023 12: +0,1702123200
0.591,17,Dec 09 2023 13: +0,1702126800
0.591,9,Dec 09 2023 14: +0,1702130400
0.591,17,Dec 09 2023 15: +0,1702134000
0.599,10,Dec 09 2023 16: +0,1702137600
0.591,17,Dec 09 2023 17: +0,1702141200
0.618,9,Dec 09 2023 18: +0,1702144800
0.595,10,Dec 09 2023 19: +0,1702148400
0.614,12,Dec 09 2023 20: +0,1702152000
0.625,9,Dec 09 2023 21: +0,1702155600
0.6,13,Dec 09 2023 22: +0,1702159200
0.599,11,Dec 09 2023 23: +0,1702162800
0.591,3,Dec 10 2023 00: +0,1702166400
0.599,16,Dec 10 2023 01: +0,1702170000
0.627,4,Dec 10 2023 02: +0,1702173600
0.571,2,Dec 10 2023 03: +0,1702177200
0.549,3,Dec 10 2023 04: +0,1702180800
0.595,14,Dec 10 2023 05: +0,1702184400
0.615,6,Dec 10 2023 06: +0,1702188000
0.591,16,Dec 10 2023 07: +0,1702191600
0.605,9,Dec 10 2023 08: +0,1702195200
0.607,7,Dec 10 2023 09: +0,1702198800
0.615,7,Dec 10 2023 10: +0,1702202400
0.598,15,Dec 10 2023 11: +0,1702206000
0.591,13,Dec 10 2023 12: +0,1702209600
0.605,14,Dec 10 2023 13: +0,1702213200
0.603,10,Dec 10 2023 14: +0,1702216800
0.584,21,Dec 10 2023 15: +0,1702220400
0.592,17,Dec 10 2023 16: +0,1702224000
0.591,5,Dec 10 2023 17: +0,1702227600
0.592,19,Dec 10 2023 18: +0,1702231200
0.611,12,Dec 10 2023 19: +0,1702234800
0.576,16,Dec 10 2023 20: +0,1702238400
0.595,13,Dec 10 2023 21: +0,1702242000
0.616,15,Dec 10 2023 22: +0,1702245600
0.576,10,Dec 10 2023 23: +0,1702249200
0.581,4,Dec 11 2023 00: +0,1702252800
0.615,8,Dec 11 2023 01: +0,1702256400
0.617,6,Dec 11 2023 02: +0,1702260000
0.621,5,Dec 11 2023 03: +0,1702263600
0.594,5,Dec 11 2023 04: +0,1702267200
0.608,24,Dec 11 2023 05: +0,1702270800
0.616,18,Dec 11 2023 06: +0,1702274400
0.623,5,Dec 11 2023 07: +0,1702278000
0.624,3,Dec 11 2023 08: +0,1702281600
0.616,15,Dec 11 2023 09: +0,1702285200
0.625,7,Dec 11 2023 10: +0,1702288800
0.621,8,Dec 11 2023 11: +0,1702292400
0.626,13,Dec 11 2023 12: +0,1702296000
0.629,10,Dec 11 2023 13: +0,1702299600
0.594,7,Dec 11 2023 14: +0,1702303200
0.608,4,Dec 11 2023 15: +0,1702306800
0.635,22,Dec 11 2023 16: +0,1702310400
0.624,13,Dec 11 2023 17: +0,1702314000
0.622,9,Dec 11 2023 18: +0,1702317600
0.632,27,Dec 11 2023 19: +0,1702321200
0.661,23,Dec 11 2023 20: +0,1702324800
0.634,5,Dec 11 2023 21: +0,1702328400
0.647,10,Dec 11 2023 22: +0,1702332000
0.608,42,Dec 11 2023 23: +0,1702335600
0.636,7,Dec 12 2023 00: +0,1702339200
0.561,1,Dec 12 2023 01: +0,1702342800
0.671,7,Dec 12 2023 02: +0,1702346400
0.652,2,Dec 12 2023 03: +0,1702350000
0.561,2,Dec 12 2023 04: +0,1702353600
0.632,5,Dec 12 2023 05: +0,1702357200
0.641,2,Dec 12 2023 06: +0,1702360800
0.673,2,Dec 12 2023 07: +0,1702364400
0.63,6,Dec 12 2023 08: +0,1702368000
0.608,5,Dec 12 2023 09: +0,1702371600
0.584,5,Dec 12 2023 10: +0,1702375200
0.667,10,Dec 12 2023 11: +0,1702378800
0.592,3,Dec 12 2023 12: +0,1702382400
0.608,4,Dec 12 2023 13: +0,1702386000
0.608,12,Dec 12 2023 14: +0,1702389600
0.616,5,Dec 12 2023 15: +0,1702393200
0.6,11,Dec 12 2023 16: +0,1702396800
0.601,12,Dec 12 2023 17: +0,1702400400
0.608,17,Dec 12 2023 18: +0,1702404000
0.594,12,Dec 12 2023 19: +0,1702407600
0.613,8,Dec 12 2023 20: +0,1702411200
0.614,5,Dec 12 2023 21: +0,1702414800
0.584,19,Dec 12 2023 22: +0,1702418400
0.602,6,Dec 12 2023 23: +0,1702422000
0.594,6,Dec 13 2023 00: +0,1702425600
0.58,6,Dec 13 2023 01: +0,1702429200
0.607,5,Dec 13 2023 02: +0,1702432800
0.584,7,Dec 13 2023 03: +0,1702436400
0.608,6,Dec 13 2023 04: +0,1702440000
0.616,12,Dec 13 2023 05: +0,1702443600
0.63,12,Dec 13 2023 06: +0,1702447200
0.608,8,Dec 13 2023 07: +0,1702450800
0.588,10,Dec 13 2023 08: +0,1702454400
0.595,7,Dec 13 2023 09: +0,1702458000
0.601,8,Dec 13 2023 10: +0,1702461600
0.595,14,Dec 13 2023 11: +0,1702465200
0.598,8,Dec 13 2023 12: +0,1702468800
0.596,10,Dec 13 2023 13: +0,1702472400
0.605,12,Dec 13 2023 14: +0,1702476000
0.606,15,Dec 13 2023 15: +0,1702479600
0.598,6,Dec 13 2023 16: +0,1702483200
0.592,17,Dec 13 2023 17: +0,1702486800
0.6,32,Dec 13 2023 18: +0,1702490400
0.601,17,Dec 13 2023 19: +0,1702494000
0.608,15,Dec 13 2023 20: +0,1702497600
0.607,22,Dec 13 2023 21: +0,1702501200
0.601,4,Dec 13 2023 22: +0,1702504800
0.597,5,Dec 13 2023 23: +0,1702508400
0.584,5,Dec 14 2023 00: +0,1702512000
0.622,8,Dec 14 2023 01: +0,1702515600
0.647,9,Dec 14 2023 02: +0,1702519200
0.608,11,Dec 14 2023 03: +0,1702522800
0.655,12,Dec 14 2023 04: +0,1702526400
0.568,16,Dec 14 2023 05: +0,1702530000
0.596,2,Dec 14 2023 06: +0,1702533600
0.606,2,Dec 14 2023 07: +0,1702537200
0.604,8,Dec 14 2023 08: +0,1702540800
0.552,2,Dec 14 2023 09: +0,1702544400
0.592,18,Dec 14 2023 10: +0,1702548000
0.602,15,Dec 14 2023 11: +0,1702551600
0.627,7,Dec 14 2023 12: +0,1702555200
0.592,7,Dec 14 2023 13: +0,1702558800
0.615,10,Dec 14 2023 14: +0,1702562400
0.599,8,Dec 14 2023 15: +0,1702566000
0.616,10,Dec 14 2023 16: +0,1702569600
0.592,11,Dec 14 2023 17: +0,1702573200
0.604,5,Dec 14 2023 18: +0,1702576800
0.592,5,Dec 14 2023 19: +0,1702580400
0.6,19,Dec 14 2023 20: +0,1702584000
0.584,11,Dec 14 2023 21: +0,1702587600
0.608,24,Dec 14 2023 22: +0,1702591200
0.616,7,Dec 14 2023 23: +0,1702594800
0.608,4,Dec 15 2023 00: +0,1702598400
0.608,2,Dec 15 2023 01: +0,1702602000
0.616,5,Dec 15 2023 02: +0,1702605600
0.61,10,Dec 15 2023 03: +0,1702609200
0.639,1,Dec 15 2023 04: +0,1702612800
0.584,3,Dec 15 2023 05: +0,1702616400
0.592,1,Dec 15 2023 06: +0,1702620000
0.561,8,Dec 15 2023 07: +0,1702623600
0.603,6,Dec 15 2023 08: +0,1702627200
0.592,8,Dec 15 2023 09: +0,1702630800
0.613,10,Dec 15 2023 10: +0,1702634400
0.592,6,Dec 15 2023 11: +0,1702638000
0.592,28,Dec 15 2023 12: +0,1702641600
0.513,3,Dec 15 2023 13: +0,1702645200
0.604,22,Dec 15 2023 14: +0,1702648800
0.592,7,Dec 15 2023 15: +0,1702652400
0.616,13,Dec 15 2023 16: +0,1702656000
0.6,14,Dec 15 2023 17: +0,1702659600
0.596,10,Dec 15 2023 18: +0,1702663200
0.585,8,Dec 15 2023 19: +0,1702666800
0.576,18,Dec 15 2023 20: +0,1702670400
0.576,25,Dec 15 2023 21: +0,1702674000
0.576,43,Dec 15 2023 22: +0,1702677600
0.592,16,Dec 15 2023 23: +0,1702681200
0.576,9,Dec 16 2023 00: +0,1702684800
0.594,5,Dec 16 2023 01: +0,1702688400
0.585,6,Dec 16 2023 02: +0,1702692000
0.601,9,Dec 16 2023 03: +0,1702695600
0.605,1,Dec 16 2023 04: +0,1702699200
0.606,11,Dec 16 2023 05: +0,1702702800
0.592,1,Dec 16 2023 06: +0,1702706400
0.628,10,Dec 16 2023 07: +0,1702710000
0.592,7,Dec 16 2023 08: +0,1702713600
0.634,3,Dec 16 2023 09: +0,1702717200
0.632,13,Dec 16 2023 10: +0,1702720800
0.576,12,Dec 16 2023 11: +0,1702724400
0.594,10,Dec 16 2023 12: +0,1702728000
0.586,16,Dec 16 2023 13: +0,1702731600
0.592,9,Dec 16 2023 14: +0,1702735200
0.59,14,Dec 16 2023 15: +0,1702738800
0.586,19,Dec 16 2023 16: +0,1702742400
0.583,16,Dec 16 2023 17: +0,1702746000
0.635,9,Dec 16 2023 18: +0,1702749600
0.616,20,Dec 16 2023 19: +0,1702753200
0.592,10,Dec 16 2023 20: +0,1702756800
0.603,10,Dec 16 2023 21: +0,1702760400
0.576,14,Dec 16 2023 22: +0,1702764000
0.587,10,Dec 16 2023 23: +0,1702767600
0.584,10,Dec 17 2023 00: +0,1702771200
0.58,4,Dec 17 2023 01: +0,1702774800
0.568,14,Dec 17 2023 02: +0,1702778400
0.59,3,Dec 17 2023 03: +0,1702782000
0.588,12,Dec 17 2023 04: +0,1702785600
0.545,5,Dec 17 2023 05: +0,1702789200
0.584,9,Dec 17 2023 06: +0,1702792800
0.604,2,Dec 17 2023 07: +0,1702796400
0.599,7,Dec 17 2023 08: +0,1702800000
0.612,7,Dec 17 2023 09: +0,1702803600
0.597,5,Dec 17 2023 10: +0,1702807200
0.603,12,Dec 17 2023 11: +0,1702810800
0.594,15,Dec 17 2023 12: +0,1702814400
0.584,15,Dec 17 2023 13: +0,1702818000
0.605,11,Dec 17 2023 14: +0,1702821600
0.589,9,Dec 17 2023 15: +0,1702825200
0.594,19,Dec 17 2023 16: +0,1702828800
0.608,7,Dec 17 2023 17: +0,1702832400
0.612,9,Dec 17 2023 18: +0,1702836000
0.604,12,Dec 17 2023 19: +0,1702839600
0.6,11,Dec 17 2023 20: +0,1702843200
0.568,3,Dec 17 2023 21: +0,1702846800
0.591,11,Dec 17 2023 22: +0,1702850400
0.596,3,Dec 17 2023 23: +0,1702854000
0.584,5,Dec 18 2023 00: +0,1702857600
0.594,14,Dec 18 2023 01: +0,1702861200
0.584,5,Dec 18 2023 02: +0,1702864800
0.568,9,Dec 18 2023 03: +0,1702868400
0.637,14,Dec 18 2023 04: +0,1702872000
0.663,3,Dec 18 2023 05: +0,1702875600
0.62,5,Dec 18 2023 06: +0,1702879200
0.605,4,Dec 18 2023 07: +0,1702882800
0.576,7,Dec 18 2023 08: +0,1702886400
0.616,17,Dec 18 2023 09: +0,1702890000
0.619,5,Dec 18 2023 10: +0,1702893600
0.584,13,Dec 18 2023 11: +0,1702897200
0.622,10,Dec 18 2023 12: +0,1702900800
0.581,6,Dec 18 2023 13: +0,1702904400
0.568,30,Dec 18 2023 14: +0,1702908000
0.553,3,Dec 18 2023 15: +0,1702911600
0.603,20,Dec 18 2023 16: +0,1702915200
0.595,6,Dec 18 2023 17: +0,1702918800
0.584,15,Dec 18 2023 18: +0,1702922400
0.592,16,Dec 18 2023 19: +0,1702926000
0.606,9,Dec 18 2023 20: +0,1702929600
0.576,15,Dec 18 2023 21: +0,1702933200
0.569,9,Dec 18 2023 22: +0,1702936800
0.584,16,Dec 18 2023 23: +0,1702940400
0.598,8,Dec 19 2023 00: +0,1702944000
0.606,2,Dec 19 2023 01: +0,1702947600
0.569,3,Dec 19 2023 02: +0,1702951200
0.59,3,Dec 19 2023 03: +0,1702954800
0.584,6,Dec 19 2023 04: +0,1702958400
0.596,8,Dec 19 2023 05: +0,1702962000
0.59,8,Dec 19 2023 06: +0,1702965600
0.619,11,Dec 19 2023 07: +0,1702969200
0.626,8,Dec 19 2023 08: +0,1702972800
0.594,4,Dec 19 2023 09: +0,1702976400
0.631,7,Dec 19 2023 10: +0,1702980000
0.635,7,Dec 19 2023 11: +0,1702983600
0.6,5,Dec 19 2023 12: +0,1702987200
0.642,37,Dec 19 2023 13: +0,1702990800
0.584,13,Dec 19 2023 14: +0,1702994400
0.598,7,Dec 19 2023 15: +0,1702998000
0.563,10,Dec 19 2023 16: +0,1703001600
0.629,8,Dec 19 2023 17: +0,1703005200
0.59,6,Dec 19 2023 18: +0,1703008800
0.584,6,Dec 19 2023 19: +0,1703012400
0.584,16,Dec 19 2023 20: +0,1703016000
0.584,9,Dec 19 2023 21: +0,1703019600
0.589,10,Dec 19 2023 22: +0,1703023200
0.576,27,Dec 19 2023 23: +0,1703026800
0.592,3,Dec 20 2023 00: +0,1703030400
0.59,13,Dec 20 2023 01: +0,1703034000
0.572,3,Dec 20 2023 02: +0,1703037600
0.533,2,Dec 20 2023 03: +0,1703041200
0.576,14,Dec 20 2023 04: +0,1703044800
0.576,3,Dec 20 2023 05: +0,1703048400
0.591,12,Dec 20 2023 06: +0,1703052000
0.592,5,Dec 20 2023 07: +0,1703055600
0.576,34,Dec 20 2023 08: +0,1703059200
0.585,5,Dec 20 2023 09: +0,1703062800
0.576,12,Dec 20 2023 10: +0,1703066400
0.611,16,Dec 20 2023 11: +0,1703070000
0.62,8,Dec 20 2023 12: +0,1703073600
0.583,10,Dec 20 2023 13: +0,1703077200
0.586,22,Dec 20 2023 14: +0,1703080800
0.605,9,Dec 20 2023 15: +0,1703084400
0.571,20,Dec 20 2023 16: +0,1703088000
0.568,17,Dec 20 2023 17: +0,1703091600
0.584,15,Dec 20 2023 18: +0,1703095200
0.585,17,Dec 20 2023 19: +0,1703098800
0.593,19,Dec 20 2023 20: +0,1703102400
0.576,19,Dec 20 2023 21: +0,1703106000
0.553,17,Dec 20 2023 22: +0,1703109600
0.566,6,Dec 20 2023 23: +0,1703113200
0.572,20,Dec 21 2023 00: +0,1703116800
0.572,7,Dec 21 2023 01: +0,1703120400
0.608,5,Dec 21 2023 02: +0,1703124000
0.608,3,Dec 21 2023 03: +0,1703127600
0.572,11,Dec 21 2023 04: +0,1703131200
0.592,6,Dec 21 2023 05: +0,1703134800
0.617,3,Dec 21 2023 06: +0,1703138400
0.606,5,Dec 21 2023 07: +0,1703142000
0.573,16,Dec 21 2023 08: +0,1703145600
0.577,10,Dec 21 2023 09: +0,1703149200
0.595,11,Dec 21 2023 10: +0,1703152800
0.561,5,Dec 21 2023 11: +0,1703156400
0.573,16,Dec 21 2023 12: +0,1703160000
0.573,7,Dec 21 2023 13: +0,1703163600
0.6,21,Dec 21 2023 14: +0,1703167200
0.584,11,Dec 21 2023 15: +0,1703170800
0.568,14,Dec 21 2023 16: +0,1703174400
0.565,6,Dec 21 2023 17: +0,1703178000
0.579,8,Dec 21 2023 18: +0,1703181600
0.573,12,Dec 21 2023 19: +0,1703185200
0.57,17,Dec 21 2023 20: +0,1703188800
0.584,31,Dec 21 2023 21: +0,1703192400
0.573,12,Dec 21 2023 22: +0,1703196000
0.569,9,Dec 21 2023 23: +0,1703199600
0.571,17,Dec 22 2023 00: +0,1703203200
0.551,10,Dec 22 2023 01: +0,1703206800
0.571,5,Dec 22 2023 02: +0,1703210400
0.577,8,Dec 22 2023 03: +0,1703214000
0.565,6,Dec 22 2023 04: +0,1703217600
0.571,6,Dec 22 2023 05: +0,1703221200
0.566,10,Dec 22 2023 06: +0,1703224800
0.582,4,Dec 22 2023 07: +0,1703228400
0.562,2,Dec 22 2023 08: +0,1703232000
0.543,3,Dec 22 2023 09: +0,1703235600
0.562,21,Dec 22 2023 10: +0,1703239200
0.597,11,Dec 22 2023 11: +0,1703242800
0.569,18,Dec 22 2023 12: +0,1703246400
0.588,11,Dec 22 2023 13: +0,1703250000
0.588,18,Dec 22 2023 14: +0,1703253600
0.568,12,Dec 22 2023 15: +0,1703257200
0.562,7,Dec 22 2023 16: +0,1703260800
0.559,30,Dec 22 2023 17: +0,1703264400
0.559,24,Dec 22 2023 18: +0,1703268000
0.559,17,Dec 22 2023 19: +0,1703271600
0.559,9,Dec 22 2023 20: +0,1703275200
0.564,10,Dec 22 2023 21: +0,1703278800
0.56,16,Dec 22 2023 22: +0,1703282400
0.57,18,Dec 22 2023 23: +0,1703286000
0.573,10,Dec 23 2023 00: +0,1703289600
0.559,5,Dec 23 2023 01: +0,1703293200
0.574,2,Dec 23 2023 02: +0,1703296800
0.563,12,Dec 23 2023 03: +0,1703300400
0.561,8,Dec 23 2023 04: +0,1703304000
0.567,4,Dec 23 2023 05: +0,1703307600
0.574,8,Dec 23 2023 06: +0,1703311200
0.599,13,Dec 23 2023 07: +0,1703314800
0.583,3,Dec 23 2023 08: +0,1703318400
0.562,8,Dec 23 2023 09: +0,1703322000
0.567,15,Dec 23 2023 10: +0,1703325600
0.584,9,Dec 23 2023 11: +0,1703329200
0.57,5,Dec 23 2023 12: +0,1703332800
0.558,12,Dec 23 2023 13: +0,1703336400
0.567,10,Dec 23 2023 14: +0,1703340000
0.562,17,Dec 23 2023 15: +0,1703343600
0.574,37,Dec 23 2023 16: +0,1703347200
0.552,24,Dec 23 2023 17: +0,1703350800
0.591,16,Dec 23 2023 18: +0,1703354400
0.57,10,Dec 23 2023 19: +0,1703358000
0.551,39,Dec 23 2023 20: +0,1703361600
0.562,10,Dec 23 2023 21: +0,1703365200
0.551,30,Dec 23 2023 22: +0,1703368800
0.551,12,Dec 23 2023 23: +0,1703372400
0.556,5,Dec 24 2023 00: +0,1703376000
0.551,5,Dec 24 2023 01: +0,1703379600
0.558,5,Dec 24 2023 02: +0,1703383200
0.553,5,Dec 24 2023 03: +0,1703386800
0.559,2,Dec 24 2023 04: +0,1703390400
0.547,6,Dec 24 2023 05: +0,1703394000
0.551,7,Dec 24 2023 06: +0,1703397600
0.551,9,Dec 24 2023 07: +0,1703401200
0.556,3,Dec 24 2023 08: +0,1703404800
0.551,11,Dec 24 2023 09: +0,1703408400
0.559,6,Dec 24 2023 10: +0,1703412000
0.551,7,Dec 24 2023 11: +0,1703415600
0.551,10,Dec 24 2023 12: +0,1703419200
0.551,12,Dec 24 2023 13: +0,1703422800
0.557,8,Dec 24 2023 14: +0,1703426400
0.551,6,Dec 24 2023 15: +0,1703430000
0.559,23,Dec 24 2023 16: +0,1703433600
0.567,15,Dec 24 2023 17: +0,1703437200
0.567,13,Dec 24 2023 18: +0,1703440800
0.564,15,Dec 24 2023 19: +0,1703444400
0.559,14,Dec 24 2023 20: +0,1703448000
0.599,17,Dec 24 2023 21: +0,1703451600
0.551,13,Dec 24 2023 22: +0,1703455200
0.571,6,Dec 24 2023 23: +0,1703458800
0.597,27,Dec 25 2023 00: +0,1703462400
0.539,4,Dec 25 2023 01: +0,1703466000
0.63,6,Dec 25 2023 02: +0,1703469600
0.539,4,Dec 25 2023 03: +0,1703473200
0.52,3,Dec 25 2023 04: +0,1703476800
0.512,1,Dec 25 2023 05: +0,1703480400
0.543,9,Dec 25 2023 06: +0,1703484000
0.559,13,Dec 25 2023 07: +0,1703487600
0.62,3,Dec 25 2023 08: +0,1703491200
0.561,6,Dec 25 2023 09: +0,1703494800
0.608,4,Dec 25 2023 10: +0,1703498400
0.564,3,Dec 25 2023 11: +0,1703502000
0.559,19,Dec 25 2023 12: +0,1703505600
0.561,11,Dec 25 2023 13: +0,1703509200
0.562,11,Dec 25 2023 14: +0,1703512800
0.578,6,Dec 25 2023 15: +0,1703516400
0.558,7,Dec 25 2023 16: +0,1703520000
0.573,10,Dec 25 2023 17: +0,1703523600
0.573,11,Dec 25 2023 18: +0,1703527200
0.562,15,Dec 25 2023 19: +0,1703530800
0.558,14,Dec 25 2023 20: +0,1703534400
0.554,21,Dec 25 2023 21: +0,1703538000
0.591,25,Dec 25 2023 22: +0,1703541600
0.601,9,Dec 25 2023 23: +0,1703545200
0.606,3,Dec 26 2023 00: +0,1703548800
0.543,5,Dec 26 2023 01: +0,1703552400
0.543,59,Dec 26 2023 02: +0,1703556000
0.635,4,Dec 26 2023 03: +0,1703559600
0.516,2,Dec 26 2023 04: +0,1703563200
0.567,3,Dec 26 2023 05: +0,1703566800
0.575,8,Dec 26 2023 06: +0,1703570400
0.52,1,Dec 26 2023 07: +0,1703574000
0.512,6,Dec 26 2023 09: +0,1703581200
0.52,3,Dec 26 2023 10: +0,1703584800
0.547,6,Dec 26 2023 11: +0,1703588400
0.496,5,Dec 26 2023 12: +0,1703592000
0.547,8,Dec 26 2023 13: +0,1703595600
0.52,7,Dec 26 2023 14: +0,1703599200
0.559,15,Dec 26 2023 15: +0,1703602800
0.538,10,Dec 26 2023 16: +0,1703606400
0.497,4,Dec 26 2023 17: +0,1703610000
0.591,29,Dec 26 2023 18: +0,1703613600
0.52,13,Dec 26 2023 19: +0,1703617200
0.565,6,Dec 26 2023 20: +0,1703620800
0.569,4,Dec 26 2023 21: +0,1703624400
0.56,7,Dec 26 2023 22: +0,1703628000
0.572,19,Dec 26 2023 23: +0,1703631600
0.52,13,Dec 27 2023 00: +0,1703635200
0.584,4,Dec 27 2023 01: +0,1703638800
0.59,2,Dec 27 2023 02: +0,1703642400
0.531,4,Dec 27 2023 03: +0,1703646000
0.525,6,Dec 27 2023 04: +0,1703649600
0.559,5,Dec 27 2023 05: +0,1703653200
0.513,2,Dec 27 2023 06: +0,1703656800
0.551,7,Dec 27 2023 07: +0,1703660400
0.551,6,Dec 27 2023 08: +0,1703664000
0.534,8,Dec 27 2023 09: +0,1703667600
0.529,8,Dec 27 2023 10: +0,1703671200
0.55,8,Dec 27 2023 11: +0,1703674800
0.52,31,Dec 27 2023 12: +0,1703678400
0.52,18,Dec 27 2023 13: +0,1703682000
0.512,14,Dec 27 2023 14: +0,1703685600
0.52,11,Dec 27 2023 15: +0,1703689200
0.54,20,Dec 27 2023 16: +0,1703692800
0.52,40,Dec 27 2023 17: +0,1703696400
0.52,25,Dec 27 2023 18: +0,1703700000
0.538,33,Dec 27 2023 19: +0,1703703600
0.52,35,Dec 27 2023 20: +0,1703707200
0.52,25,Dec 27 2023 21: +0,1703710800
0.566,17,Dec 27 2023 22: +0,1703714400
0.52,18,Dec 27 2023 23: +0,1703718000
0.558,12,Dec 28 2023 00: +0,1703721600
0.581,13,Dec 28 2023 01: +0,1703725200
0.523,4,Dec 28 2023 02: +0,1703728800
0.52,19,Dec 28 2023 03: +0,1703732400
0.59,13,Dec 28 2023 04: +0,1703736000
0.568,1,Dec 28 2023 05: +0,1703739600
0.575,1,Dec 28 2023 06: +0,1703743200
0.575,17,Dec 28 2023 07: +0,1703746800
0.581,9,Dec 28 2023 08: +0,1703750400
0.583,11,Dec 28 2023 09: +0,1703754000
0.541,8,Dec 28 2023 10: +0,1703757600
0.583,7,Dec 28 2023 11: +0,1703761200
0.576,4,Dec 28 2023 12: +0,1703764800
0.583,9,Dec 28 2023 13: +0,1703768400
0.52,5,Dec 28 2023 14: +0,1703772000
0.571,11,Dec 28 2023 15: +0,1703775600
0.581,35,Dec 28 2023 16: +0,1703779200
0.527,16,Dec 28 2023 17: +0,1703782800
0.561,15,Dec 28 2023 18: +0,1703786400
0.532,14,Dec 28 2023 19: +0,1703790000
0.551,20,Dec 28 2023 20: +0,1703793600
0.549,19,Dec 28 2023 21: +0,1703797200
0.575,25,Dec 28 2023 22: +0,1703800800
0.548,14,Dec 28 2023 23: +0,1703804400
0.542,7,Dec 29 2023 00: +0,1703808000
0.558,3,Dec 29 2023 01: +0,1703811600
0.563,6,Dec 29 2023 02: +0,1703815200
0.532,7,Dec 29 2023 03: +0,1703818800
0.546,6,Dec 29 2023 04: +0,1703822400
0.574,8,Dec 29 2023 05: +0,1703826000
0.52,9,Dec 29 2023 06: +0,1703829600
0.583,7,Dec 29 2023 07: +0,1703833200
0.548,10,Dec 29 2023 08: +0,1703836800
0.597,13,Dec 29 2023 09: +0,1703840400
0.52,26,Dec 29 2023 10: +0,1703844000
0.52,16,Dec 29 2023 11: +0,1703847600
0.576,3,Dec 29 2023 12: +0,1703851200
0.531,14,Dec 29 2023 13: +0,1703854800
0.533,14,Dec 29 2023 14: +0,1703858400
0.536,18,Dec 29 2023 15: +0,1703862000
0.537,17,Dec 29 2023 16: +0,1703865600
0.556,12,Dec 29 2023 17: +0,1703869200
0.586,19,Dec 29 2023 18: +0,1703872800
0.57,14,Dec 29 2023 19: +0,1703876400
0.52,31,Dec 29 2023 20: +0,1703880000
0.548,14,Dec 29 2023 21: +0,1703883600
0.572,12,Dec 29 2023 22: +0,1703887200
0.539,9,Dec 29 2023 23: +0,1703890800
0.588,6,Dec 30 2023 00: +0,1703894400
0.59,10,Dec 30 2023 01: +0,1703898000
0.574,5,Dec 30 2023 02: +0,1703901600
0.59,13,Dec 30 2023 03: +0,1703905200
0.583,1,Dec 30 2023 04: +0,1703908800
0.5,6,Dec 30 2023 05: +0,1703912400
0.537,4,Dec 30 2023 06: +0,1703916000
0.585,9,Dec 30 2023 07: +0,1703919600
0.565,7,Dec 30 2023 08: +0,1703923200
0.572,8,Dec 30 2023 09: +0,1703926800
0.574,26,Dec 30 2023 10: +0,1703930400
0.52,11,Dec 30 2023 11: +0,1703934000
0.539,10,Dec 30 2023 12: +0,1703937600
0.55,28,Dec 30 2023 13: +0,1703941200
0.52,9,Dec 30 2023 14: +0,1703944800
0.559,13,Dec 30 2023 15: +0,1703948400
0.539,15,Dec 30 2023 16: +0,1703952000
0.551,12,Dec 30 2023 17: +0,1703955600
0.539,30,Dec 30 2023 18: +0,1703959200
0.52,16,Dec 30 2023 19: +0,1703962800
0.548,14,Dec 30 2023 20: +0,1703966400
0.523,20,Dec 30 2023 21: +0,1703970000
0.435,29,Dec 30 2023 22: +0,1703973600
0.566,22,Dec 30 2023 23: +0,1703977200
0.566,16,Dec 31 2023 00: +0,1703980800
0.559,6,Dec 31 2023 01: +0,1703984400
0.543,9,Dec 31 2023 02: +0,1703988000
0.543,7,Dec 31 2023 03: +0,1703991600
0.559,8,Dec 31 2023 04: +0,1703995200
0.583,7,Dec 31 2023 05: +0,1703998800
0.559,1,Dec 31 2023 06: +0,1704002400
0.555,2,Dec 31 2023 07: +0,1704006000
0.435,7,Dec 31 2023 08: +0,1704009600
0.543,9,Dec 31 2023 09: +0,1704013200
0.58,16,Dec 31 2023 10: +0,1704016800
0.531,20,Dec 31 2023 11: +0,1704020400
0.58,3,Dec 31 2023 12: +0,1704024000
0.523,8,Dec 31 2023 13: +0,1704027600
0.548,8,Dec 31 2023 14: +0,1704031200
0.543,19,Dec 31 2023 15: +0,1704034800
0.556,23,Dec 31 2023 16: +0,1704038400
0.57,9,Dec 31 2023 17: +0,1704042000
0.564,9,Dec 31 2023 18: +0,1704045600
0.582,5,Dec 31 2023 19: +0,1704049200
0.549,6,Dec 31 2023 20: +0,1704052800
0.543,5,Dec 31 2023 21: +0,1704056400
0.563,8,Dec 31 2023 22: +0,1704060000
0.531,4,Dec 31 2023 23: +0,1704063600
0.556,14,Jan 01 2024 00: +0,1704067200
0.531,6,Jan 01 2024 01: +0,1704070800
0.583,2,Jan 01 2024 02: +0,1704074400
0.552,8,Jan 01 2024 03: +0,1704078000
0.503,15,Jan 01 2024 04: +0,1704081600
0.547,3,Jan 01 2024 05: +0,1704085200
0.545,4,Jan 01 2024 06: +0,1704088800
0.544,6,Jan 01 2024 07: +0,1704092400
0.574,5,Jan 01 2024 08: +0,1704096000
0.543,4,Jan 01 2024 09: +0,1704099600
0.565,11,Jan 01 2024 10: +0,1704103200
0.548,3,Jan 01 2024 11: +0,1704106800
0.546,3,Jan 01 2024 12: +0,1704110400
0.534,13,Jan 01 2024 13: +0,1704114000
0.551,12,Jan 01 2024 14: +0,1704117600
0.551,9,Jan 01 2024 15: +0,1704121200
0.551,21,Jan 01 2024 16: +0,1704124800
0.556,25,Jan 01 2024 17: +0,1704128400
0.564,25,Jan 01 2024 18: +0,1704132000
0.572,12,Jan 01 2024 19: +0,1704135600
0.574,13,Jan 01 2024 20: +0,1704139200
0.469,31,Jan 01 2024 21: +0,1704142800
0.551,19,Jan 01 2024 22: +0,1704146400
0.556,19,Jan 01 2024 23: +0,1704150000
0.496,18,Jan 02 2024 00: +0,1704153600
0.555,16,Jan 02 2024 01: +0,1704157200
0.549,6,Jan 02 2024 02: +0,1704160800
0.503,1,Jan 02 2024 03: +0,1704164400
0.531,4,Jan 02 2024 04: +0,1704168000
0.551,4,Jan 02 2024 05: +0,1704171600
0.556,3,Jan 02 2024 06: +0,1704175200
0.558,20,Jan 02 2024 07: +0,1704178800
0.566,6,Jan 02 2024 08: +0,1704182400
0.551,6,Jan 02 2024 09: +0,1704186000
0.565,17,Jan 02 2024 10: +0,1704189600
0.583,8,Jan 02 2024 11: +0,1704193200
0.588,7,Jan 02 2024 12: +0,1704196800
0.558,7,Jan 02 2024 13: +0,1704200400
0.556,8,Jan 02 2024 14: +0,1704204000
0.558,12,Jan 02 2024 15: +0,1704207600
0.558,21,Jan 02 2024 16: +0,1704211200
0.556,12,Jan 02 2024 17: +0,1704214800
0.551,8,Jan 02 2024 18: +0,1704218400
0.565,20,Jan 02 2024 19: +0,1704222000
0.558,14,Jan 02 2024 20: +0,1704225600
0.562,12,Jan 02 2024 21: +0,1704229200
0.558,37,Jan 02 2024 22: +0,1704232800
0.551,105,Jan 02 2024 23: +0,1704236400
0.566,13,Jan 03 2024 00: +0,1704240000
0.56,15,Jan 03 2024 01: +0,1704243600
0.551,6,Jan 03 2024 02: +0,1704247200
0.551,8,Jan 03 2024 03: +0,1704250800
0.543,3,Jan 03 2024 04: +0,1704254400
0.547,6,Jan 03 2024 05: +0,1704258000
0.564,12,Jan 03 2024 06: +0,1704261600
0.555,5,Jan 03 2024 07: +0,1704265200
0.553,11,Jan 03 2024 08: +0,1704268800
0.543,5,Jan 03 2024 09: +0,1704272400
0.543,10,Jan 03 2024 10: +0,1704276000
0.55,15,Jan 03 2024 11: +0,1704279600
0.546,12,Jan 03 2024 12: +0,1704283200
0.551,26,Jan 03 2024 13: +0,1704286800
0.551,9,Jan 03 2024 14: +0,1704290400
0.544,24,Jan 03 2024 15: +0,1704294000
0.547,27,Jan 03 2024 16: +0,1704297600
0.543,10,Jan 03 2024 17: +0,1704301200
0.55,19,Jan 03 2024 18: +0,1704304800
0.538,20,Jan 03 2024 19: +0,1704308400
0.543,17,Jan 03 2024 20: +0,1704312000
0.543,28,Jan 03 2024 21: +0,1704315600
0.543,11,Jan 03 2024 22: +0,1704319200
0.542,24,Jan 03 2024 23: +0,1704322800
0.526,14,Jan 04 2024 00: +0,1704326400
0.53,10,Jan 04 2024 01: +0,1704330000
0.543,42,Jan 04 2024 02: +0,1704333600
0.558,11,Jan 04 2024 03: +0,1704337200
0.518,28,Jan 04 2024 04: +0,1704340800
0.544,3,Jan 04 2024 05: +0,1704344400
0.543,7,Jan 04 2024 06: +0,1704348000
0.532,1,Jan 04 2024 07: +0,1704351600
0.541,1,Jan 04 2024 08: +0,1704355200
0.493,14,Jan 04 2024 09: +0,1704358800
0.541,10,Jan 04 2024 10: +0,1704362400
0.534,8,Jan 04 2024 11: +0,1704366000
0.532,12,Jan 04 2024 12: +0,1704369600
0.532,24,Jan 04 2024 13: +0,1704373200
0.515,18,Jan 04 2024 14: +0,1704376800
0.549,22,Jan 04 2024 15: +0,1704380400
0.553,20,Jan 04 2024 16: +0,1704384000
0.554,13,Jan 04 2024 17: +0,1704387600
0.472,20,Jan 04 2024 18: +0,1704391200
0.526,22,Jan 04 2024 19: +0,1704394800
0.554,15,Jan 04 2024 20: +0,1704398400
0.596,110,Jan 04 2024 21: +0,1704402000
0.627,21,Jan 04 2024 22: +0,1704405600
0.544,7,Jan 04 2024 23: +0,1704409200
0.531,6,Jan 05 2024 00: +0,1704412800
0.552,13,Jan 05 2024 01: +0,1704416400
0.538,6,Jan 05 2024 02: +0,1704420000
0.546,6,Jan 05 2024 03: +0,1704423600
0.538,9,Jan 05 2024 04: +0,1704427200
0.537,4,Jan 05 2024 05: +0,1704430800
0.538,10,Jan 05 2024 06: +0,1704434400
0.519,5,Jan 05 2024 07: +0,1704438000
0.535,5,Jan 05 2024 08: +0,1704441600
0.519,9,Jan 05 2024 09: +0,1704445200
0.533,11,Jan 05 2024 10: +0,1704448800
0.536,4,Jan 05 2024 11: +0,1704452400
0.535,16,Jan 05 2024 12: +0,1704456000
0.539,11,Jan 05 2024 13: +0,1704459600
0.535,23,Jan 05 2024 14: +0,1704463200
0.542,22,Jan 05 2024 15: +0,1704466800
0.535,6,Jan 05 2024 16: +0,1704470400
0.542,10,Jan 05 2024 17: +0,1704474000
0.543,8,Jan 05 2024 18: +0,1704477600
0.547,14,Jan 05 2024 19: +0,1704481200
0.554,20,Jan 05 2024 20: +0,1704484800
0.581,19,Jan 05 2024 21: +0,1704488400
0.6,21,Jan 05 2024 22: +0,1704492000
0.519,46,Jan 05 2024 23: +0,1704495600
0.598,9,Jan 06 2024 00: +0,1704499200
0.564,6,Jan 06 2024 01: +0,1704502800
0.588,4,Jan 06 2024 02: +0,1704506400
0.582,7,Jan 06 2024 03: +0,1704510000
0.584,4,Jan 06 2024 04: +0,1704513600
0.59,14,Jan 06 2024 05: +0,1704517200
0.584,8,Jan 06 2024 06: +0,1704520800
0.579,3,Jan 06 2024 07: +0,1704524400
0.586,4,Jan 06 2024 08: +0,1704528000
0.549,8,Jan 06 2024 09: +0,1704531600
0.551,13,Jan 06 2024 10: +0,1704535200
0.538,17,Jan 06 2024 11: +0,1704538800
0.596,7,Jan 06 2024 12: +0,1704542400
0.551,9,Jan 06 2024 13: +0,1704546000
0.562,2,Jan 06 2024 14: +0,1704549600
0.562,11,Jan 06 2024 15: +0,1704553200
0.566,14,Jan 06 2024 16: +0,1704556800
0.519,7,Jan 06 2024 17: +0,1704560400
0.535,12,Jan 06 2024 18: +0,1704564000
0.534,15,Jan 06 2024 19: +0,1704567600
0.537,20,Jan 06 2024 20: +0,1704571200
0.519,7,Jan 06 2024 21: +0,1704574800
0.547,14,Jan 06 2024 22: +0,1704578400
0.555,7,Jan 06 2024 23: +0,1704582000
0.525,6,Jan 07 2024 00: +0,1704585600
0.558,13,Jan 07 2024 01: +0,1704589200
0.566,3,Jan 07 2024 02: +0,1704592800
0.56,11,Jan 07 2024 03: +0,1704596400
0.552,5,Jan 07 2024 05: +0,1704603600
0.551,4,Jan 07 2024 06: +0,1704607200
0.503,15,Jan 07 2024 07: +0,1704610800
0.573,7,Jan 07 2024 08: +0,1704614400
0.551,2,Jan 07 2024 09: +0,1704618000
0.568,12,Jan 07 2024 10: +0,1704621600
0.519,9,Jan 07 2024 11: +0,1704625200
0.576,34,Jan 07 2024 12: +0,1704628800
0.603,7,Jan 07 2024 13: +0,1704632400
0.606,8,Jan 07 2024 14: +0,1704636000
0.573,12,Jan 07 2024 15: +0,1704639600
0.571,12,Jan 07 2024 16: +0,1704643200
0.594,5,Jan 07 2024 17: +0,1704646800
0.614,7,Jan 07 2024 18: +0,1704650400
0.548,12,Jan 07 2024 19: +0,1704654000
0.542,20,Jan 07 2024 20: +0,1704657600
0.517,10,Jan 07 2024 21: +0,1704661200
0.535,12,Jan 07 2024 22: +0,1704664800
0.522,12,Jan 07 2024 23: +0,1704668400
0.551,9,Jan 08 2024 00: +0,1704672000
0.553,5,Jan 08 2024 01: +0,1704675600
0.519,4,Jan 08 2024 02: +0,1704679200
0.551,3,Jan 08 2024 03: +0,1704682800
0.534,4,Jan 08 2024 04: +0,1704686400
0.558,5,Jan 08 2024 05: +0,1704690000
0.541,3,Jan 08 2024 06: +0,1704693600
0.562,1,Jan 08 2024 07: +0,1704697200
0.553,4,Jan 08 2024 08: +0,1704700800
0.559,4,Jan 08 2024 09: +0,1704704400
0.549,10,Jan 08 2024 10: +0,1704708000
0.56,11,Jan 08 2024 11: +0,1704711600
0.542,3,Jan 08 2024 12: +0,1704715200
0.59,17,Jan 08 2024 13: +0,1704718800
0.542,9,Jan 08 2024 14: +0,1704722400
0.543,5,Jan 08 2024 15: +0,1704726000
0.503,30,Jan 08 2024 16: +0,1704729600
0.522,16,Jan 08 2024 17: +0,1704733200
0.579,12,Jan 08 2024 18: +0,1704736800
0.569,9,Jan 08 2024 19: +0,1704740400
0.535,14,Jan 08 2024 20: +0,1704744000
0.519,18,Jan 08 2024 21: +0,1704747600
0.529,8,Jan 08 2024 22: +0,1704751200
0.538,12,Jan 08 2024 23: +0,1704754800
0.547,6,Jan 09 2024 00: +0,1704758400
0.531,2,Jan 09 2024 01: +0,1704762000
0.53,6,Jan 09 2024 02: +0,1704765600
0.405,1,Jan 09 2024 03: +0,1704769200
0.545,1,Jan 09 2024 04: +0,1704772800
0.55,3,Jan 09 2024 05: +0,1704776400
0.511,3,Jan 09 2024 06: +0,1704780000
0.552,13,Jan 09 2024 07: +0,1704783600
0.566,2,Jan 09 2024 08: +0,1704787200
0.519,1,Jan 09 2024 09: +0,1704790800
0.575,3,Jan 09 2024 10: +0,1704794400
0.552,8,Jan 09 2024 11: +0,1704798000
0.59,3,Jan 09 2024 12: +0,1704801600
0.543,3,Jan 09 2024 13: +0,1704805200
0.553,8,Jan 09 2024 14: +0,1704808800
0.576,13,Jan 09 2024 15: +0,1704812400
0.594,14,Jan 09 2024 16: +0,1704816000
0.604,10,Jan 09 2024 17: +0,1704819600
0.543,28,Jan 09 2024 18: +0,1704823200
0.511,4,Jan 09 2024 19: +0,1704826800
0.543,12,Jan 09 2024 20: +0,1704830400
0.543,12,Jan 09 2024 21: +0,1704834000
0.543,19,Jan 09 2024 22: +0,1704837600
0.568,8,Jan 09 2024 23: +0,1704841200
0.568,2,Jan 10 2024 00: +0,1704844800
0.568,1,Jan 10 2024 01: +0,1704848400
0.574,5,Jan 10 2024 02: +0,1704852000
0.582,6,Jan 10 2024 03: +0,1704855600
0.557,4,Jan 10 2024 04: +0,1704859200
0.531,2,Jan 10 2024 05: +0,1704862800
0.543,4,Jan 10 2024 06: +0,1704866400
0.543,12,Jan 10 2024 07: +0,1704870000
0.542,18,Jan 10 2024 08: +0,1704873600
0.531,2,Jan 10 2024 09: +0,1704877200
0.54,27,Jan 10 2024 10: +0,1704880800
0.543,17,Jan 10 2024 11: +0,1704884400
0.543,12,Jan 10 2024 12: +0,1704888000
0.542,24,Jan 10 2024 13: +0,1704891600
0.519,8,Jan 10 2024 14: +0,1704895200
0.548,8,Jan 10 2024 15: +0,1704898800
0.527,18,Jan 10 2024 16: +0,1704902400
0.542,17,Jan 10 2024 17: +0,1704906000
0.553,12,Jan 10 2024 18: +0,1704909600
0.519,19,Jan 10 2024 19: +0,1704913200
0.554,33,Jan 10 2024 20: +0,1704916800
0.527,16,Jan 10 2024 21: +0,1704920400
0.547,19,Jan 10 2024 22: +0,1704924000
0.528,10,Jan 10 2024 23: +0,1704927600
0.556,18,Jan 11 2024 00: +0,1704931200
0.566,13,Jan 11 2024 01: +0,1704934800
0.519,22,Jan 11 2024 02: +0,1704938400
0.543,7,Jan 11 2024 03: +0,1704942000
0.519,5,Jan 11 2024 04: +0,1704945600
0.515,7,Jan 11 2024 05: +0,1704949200
0.542,11,Jan 11 2024 06: +0,1704952800
0.554,11,Jan 11 2024 07: +0,1704956400
0.539,2,Jan 11 2024 08: +0,1704960000
0.55,4,Jan 11 2024 09: +0,1704963600
0.534,9,Jan 11 2024 10: +0,1704967200
0.525,14,Jan 11 2024 11: +0,1704970800
0.526,20,Jan 11 2024 12: +0,1704974400
0.511,11,Jan 11 2024 13: +0,1704978000
0.562,27,Jan 11 2024 14: +0,1704981600
0.571,10,Jan 11 2024 15: +0,1704985200
0.568,13,Jan 11 2024 16: +0,1704988800
0.554,7,Jan 11 2024 17: +0,1704992400
0.552,28,Jan 11 2024 18: +0,1704996000
0.55,7,Jan 11 2024 19: +0,1704999600
0.567,18,Jan 11 2024 20: +0,1705003200
0.52,18,Jan 11 2024 21: +0,1705006800
0.544,6,Jan 11 2024 22: +0,1705010400
0.567,7,Jan 11 2024 23: +0,1705014000
0.539,12,Jan 12 2024 00: +0,1705017600
0.574,5,Jan 12 2024 01: +0,1705021200
0.575,7,Jan 12 2024 02: +0,1705024800
0.572,3,Jan 12 2024 03: +0,1705028400
0.569,2,Jan 12 2024 04: +0,1705032000
0.522,6,Jan 12 2024 05: +0,1705035600
0.537,2,Jan 12 2024 06: +0,1705039200
0.553,5,Jan 12 2024 07: +0,1705042800
0.537,12,Jan 12 2024 08: +0,1705046400
0.523,9,Jan 12 2024 09: +0,1705050000
0.546,5,Jan 12 2024 10: +0,1705053600
0.57,8,Jan 12 2024 11: +0,1705057200
0.522,12,Jan 12 2024 12: +0,1705060800
0.549,13,Jan 12 2024 13: +0,1705064400
0.553,35,Jan 12 2024 14: +0,1705068000
0.563,12,Jan 12 2024 15: +0,1705071600
0.564,15,Jan 12 2024 16: +0,1705075200
0.557,11,Jan 12 2024 17: +0,1705078800
0.522,10,Jan 12 2024 18: +0,1705082400
0.528,9,Jan 12 2024 19: +0,1705086000
0.522,19,Jan 12 2024 20: +0,1705089600
0.522,23,Jan 12 2024 21: +0,1705093200
0.553,15,Jan 12 2024 22: +0,1705096800
0.567,12,Jan 12 2024 23: +0,1705100400
0.579,16,Jan 13 2024 00: +0,1705104000
0.555,27,Jan 13 2024 01: +0,1705107600
0.599,12,Jan 13 2024 02: +0,1705111200
0.555,9,Jan 13 2024 03: +0,1705114800
0.545,4,Jan 13 2024 04: +0,1705118400
0.563,9,Jan 13 2024 05: +0,1705122000
0.593,33,Jan 13 2024 06: +0,1705125600
0.601,7,Jan 13 2024 07: +0,1705129200
0.512,1,Jan 13 2024 08: +0,1705132800
0.545,10,Jan 13 2024 09: +0,1705136400
0.599,7,Jan 13 2024 10: +0,1705140000
0.616,18,Jan 13 2024 11: +0,1705143600
0.574,4,Jan 13 2024 12: +0,1705147200
0.552,8,Jan 13 2024 13: +0,1705150800
0.555,19,Jan 13 2024 14: +0,1705154400
0.529,11,Jan 13 2024 15: +0,1705158000
0.491,13,Jan 13 2024 16: +0,1705161600
0.573,18,Jan 13 2024 17: +0,1705165200
0.572,8,Jan 13 2024 18: +0,1705168800
0.551,16,Jan 13 2024 19: +0,1705172400
0.549,15,Jan 13 2024 20: +0,1705176000
0.585,11,Jan 13 2024 21: +0,1705179600
0.545,11,Jan 13 2024 22: +0,1705183200
0.598,3,Jan 13 2024 23: +0,1705186800
0.539,8,Jan 14 2024 00: +0,1705190400
0.556,10,Jan 14 2024 01: +0,1705194000
0.553,6,Jan 14 2024 02: +0,1705197600
0.513,8,Jan 14 2024 03: +0,1705201200
0.561,10,Jan 14 2024 04: +0,1705204800
0.601,18,Jan 14 2024 05: +0,1705208400
0.593,5,Jan 14 2024 06: +0,1705212000
0.614,11,Jan 14 2024 07: +0,1705215600
0.607,7,Jan 14 2024 08: +0,1705219200
0.529,10,Jan 14 2024 09: +0,1705222800
0.593,17,Jan 14 2024 10: +0,1705226400
0.582,20,Jan 14 2024 11: +0,1705230000
0.529,7,Jan 14 2024 12: +0,1705233600
0.57,12,Jan 14 2024 13: +0,1705237200
0.534,10,Jan 14 2024 14: +0,1705240800
0.546,18,Jan 14 2024 15: +0,1705244400
0.569,7,Jan 14 2024 16: +0,1705248000
0.564,6,Jan 14 2024 17: +0,1705251600
0.545,20,Jan 14 2024 18: +0,1705255200
0.561,9,Jan 14 2024 19: +0,1705258800
0.573,20,Jan 14 2024 20: +0,1705262400
0.538,16,Jan 14 2024 21: +0,1705266000
0.522,3,Jan 14 2024 22: +0,1705269600
0.543,8,Jan 14 2024 23: +0,1705273200
0.57,11,Jan 15 2024 00: +0,1705276800
0.561,11,Jan 15 2024 01: +0,1705280400
0.553,4,Jan 15 2024 02: +0,1705284000
0.46,3,Jan 15 2024 03: +0,1705287600
0.593,3,Jan 15 2024 04: +0,1705291200
0.594,2,Jan 15 2024 05: +0,1705294800
0.584,2,Jan 15 2024 06: +0,1705298400
0.521,5,Jan 15 2024 07: +0,1705302000
0.538,4,Jan 15 2024 08: +0,1705305600
0.539,8,Jan 15 2024 09: +0,1705309200
0.553,9,Jan 15 2024 10: +0,1705312800
0.512,5,Jan 15 2024 11: +0,1705316400
0.521,10,Jan 15 2024 12: +0,1705320000
0.554,8,Jan 15 2024 13: +0,1705323600
0.521,9,Jan 15 2024 14: +0,1705327200
0.546,10,Jan 15 2024 15: +0,1705330800
0.57,9,Jan 15 2024 16: +0,1705334400
0.559,11,Jan 15 2024 17: +0,1705338000
0.547,8,Jan 15 2024 18: +0,1705341600
0.534,4,Jan 15 2024 19: +0,1705345200
0.555,5,Jan 15 2024 20: +0,1705348800
0.553,10,Jan 15 2024 21: +0,1705352400
0.514,15,Jan 15 2024 22: +0,1705356000
0.43,10,Jan 15 2024 23: +0,1705359600
0.577,10,Jan 16 2024 00: +0,1705363200
0.585,3,Jan 16 2024 01: +0,1705366800
0.542,2,Jan 16 2024 02: +0,1705370400
0.572,6,Jan 16 2024 03: +0,1705374000
0.555,2,Jan 16 2024 05: +0,1705381200
0.585,8,Jan 16 2024 06: +0,1705384800
0.573,3,Jan 16 2024 07: +0,1705388400
0.529,3,Jan 16 2024 08: +0,1705392000
0.506,5,Jan 16 2024 09: +0,1705395600
0.531,3,Jan 16 2024 10: +0,1705399200
0.533,7,Jan 16 2024 11: +0,1705402800
0.49,19,Jan 16 2024 12: +0,1705406400
0.514,7,Jan 16 2024 13: +0,1705410000
0.553,4,Jan 16 2024 14: +0,1705413600
0.548,7,Jan 16 2024 15: +0,1705417200
0.522,12,Jan 16 2024 16: +0,1705420800
0.514,13,Jan 16 2024 17: +0,1705424400
0.564,7,Jan 16 2024 18: +0,1705428000
0.573,15,Jan 16 2024 19: +0,1705431600
0.573,13,Jan 16 2024 20: +0,1705435200
0.533,9,Jan 16 2024 21: +0,1705438800
0.598,13,Jan 16 2024 22: +0,1705442400
0.514,5,Jan 16 2024 23: +0,1705446000
0.558,6,Jan 17 2024 00: +0,1705449600
0.55,2,Jan 17 2024 01: +0,1705453200
0.567,1,Jan 17 2024 02: +0,1705456800
0.587,1,Jan 17 2024 04: +0,1705464000
0.546,4,Jan 17 2024 05: +0,1705467600
0.506,2,Jan 17 2024 06: +0,1705471200
0.514,18,Jan 17 2024 07: +0,1705474800
0.514,15,Jan 17 2024 08: +0,1705478400
0.533,8,Jan 17 2024 09: +0,1705482000
0.531,10,Jan 17 2024 10: +0,1705485600
0.514,8,Jan 17 2024 11: +0,1705489200
0.527,25,Jan 17 2024 12: +0,1705492800
0.522,6,Jan 17 2024 13: +0,1705496400
0.533,14,Jan 17 2024 14: +0,1705500000
0.547,14,Jan 17 2024 15: +0,1705503600
0.53,10,Jan 17 2024 16: +0,1705507200
0.516,13,Jan 17 2024 17: +0,1705510800
0.514,17,Jan 17 2024 18: +0,1705514400
0.524,16,Jan 17 2024 19: +0,1705518000
0.516,8,Jan 17 2024 20: +0,1705521600
0.498,27,Jan 17 2024 21: +0,1705525200
0.506,8,Jan 17 2024 22: +0,1705528800
0.518,8,Jan 17 2024 23: +0,1705532400
0.542,6,Jan 18 2024 00: +0,1705536000
0.529,3,Jan 18 2024 01: +0,1705539600
0.53,2,Jan 18 2024 02: +0,1705543200
0.54,6,Jan 18 2024 03: +0,1705546800
0.501,8,Jan 18 2024 04: +0,1705550400
0.516,6,Jan 18 2024 05: +0,1705554000
0.557,4,Jan 18 2024 06: +0,1705557600
0.565,4,Jan 18 2024 07: +0,1705561200
0.538,4,Jan 18 2024 08: +0,1705564800
0.566,13,Jan 18 2024 09: +0,1705568400
0.513,7,Jan 18 2024 10: +0,1705572000
0.522,10,Jan 18 2024 11: +0,1705575600
0.524,10,Jan 18 2024 12: +0,1705579200
0.532,10,Jan 18 2024 13: +0,1705582800
0.506,11,Jan 18 2024 14: +0,1705586400
0.532,22,Jan 18 2024 15: +0,1705590000
0.547,19,Jan 18 2024 16: +0,1705593600
0.543,14,Jan 18 2024 17: +0,1705597200
0.588,14,Jan 18 2024 18: +0,1705600800
0.549,15,Jan 18 2024 19: +0,1705604400
0.53,10,Jan 18 2024 20: +0,1705608000
0.6,43,Jan 18 2024 21: +0,1705611600
0.545,19,Jan 18 2024 22: +0,1705615200
0.549,13,Jan 18 2024 23: +0,1705618800
0.534,6,Jan 19 2024 00: +0,1705622400
0.561,7,Jan 19 2024 01: +0,1705626000
0.569,8,Jan 19 2024 03: +0,1705633200
0.579,1,Jan 19 2024 04: +0,1705636800
0.49,5,Jan 19 2024 05: +0,1705640400
0.516,4,Jan 19 2024 06: +0,1705644000
0.572,1,Jan 19 2024 07: +0,1705647600
0.558,13,Jan 19 2024 08: +0,1705651200
0.582,5,Jan 19 2024 09: +0,1705654800
0.506,11,Jan 19 2024 10: +0,1705658400
0.506,15,Jan 19 2024 11: +0,1705662000
0.513,12,Jan 19 2024 12: +0,1705665600
0.498,45,Jan 19 2024 13: +0,1705669200
0.566,18,Jan 19 2024 14: +0,1705672800
0.543,13,Jan 19 2024 15: +0,1705676400
0.543,15,Jan 19 2024 16: +0,1705680000
0.542,22,Jan 19 2024 17: +0,1705683600
0.521,23,Jan 19 2024 18: +0,1705687200
0.556,10,Jan 19 2024 19: +0,1705690800
0.539,14,Jan 19 2024 20: +0,1705694400
0.506,15,Jan 19 2024 21: +0,1705698000
0.533,12,Jan 19 2024 22: +0,1705701600
0.553,21,Jan 19 2024 23: +0,1705705200
0.553,18,Jan 20 2024 00: +0,1705708800
0.582,7,Jan 20 2024 01: +0,1705712400
0.577,8,Jan 20 2024 02: +0,1705716000
0.574,6,Jan 20 2024 03: +0,1705719600
0.561,3,Jan 20 2024 04: +0,1705723200
0.197,8,Jan 20 2024 05: +0,1705726800
0.514,5,Jan 20 2024 06: +0,1705730400
0.549,4,Jan 20 2024 07: +0,1705734000
0.482,5,Jan 20 2024 08: +0,1705737600
0.532,5,Jan 20 2024 09: +0,1705741200
0.544,8,Jan 20 2024 10: +0,1705744800
0.519,11,Jan 20 2024 11: +0,1705748400
0.506,9,Jan 20 2024 12: +0,1705752000
0.518,18,Jan 20 2024 13: +0,1705755600
0.53,16,Jan 20 2024 14: +0,1705759200
0.506,12,Jan 20 2024 15: +0,1705762800
0.504,13,Jan 20 2024 16: +0,1705766400
0.512,10,Jan 20 2024 17: +0,1705770000
0.53,16,Jan 20 2024 18: +0,1705773600
0.52,14,Jan 20 2024 19: +0,1705777200
0.525,14,Jan 20 2024 20: +0,1705780800
0.542,20,Jan 20 2024 21: +0,1705784400
0.519,17,Jan 20 2024 22: +0,1705788000
0.538,15,Jan 20 2024 23: +0,1705791600
0.521,5,Jan 21 2024 00: +0,1705795200
0.529,17,Jan 21 2024 01: +0,1705798800
0.504,8,Jan 21 2024 02: +0,1705802400
0.521,10,Jan 21 2024 03: +0,1705806000
0.496,12,Jan 21 2024 04: +0,1705809600
0.52,4,Jan 21 2024 05: +0,1705813200
0.536,6,Jan 21 2024 06: +0,1705816800
0.551,7,Jan 21 2024 07: +0,1705820400
0.546,7,Jan 21 2024 08: +0,1705824000
0.52,7,Jan 21 2024 09: +0,1705827600
0.53,11,Jan 21 2024 10: +0,1705831200
0.525,19,Jan 21 2024 11: +0,1705834800
0.529,19,Jan 21 2024 12: +0,1705838400
0.512,19,Jan 21 2024 13: +0,1705842000
0.514,12,Jan 21 2024 14: +0,1705845600
0.496,21,Jan 21 2024 15: +0,1705849200
0.515,10,Jan 21 2024 16: +0,1705852800
0.538,15,Jan 21 2024 17: +0,1705856400
0.504,13,Jan 21 2024 18: +0,1705860000
0.506,17,Jan 21 2024 19: +0,1705863600
0.501,7,Jan 21 2024 20: +0,1705867200
0.521,15,Jan 21 2024 21: +0,1705870800
0.543,11,Jan 21 2024 22: +0,1705874400
0.551,20,Jan 21 2024 23: +0,1705878000
0.579,10,Jan 22 2024 00: +0,1705881600
0.52,3,Jan 22 2024 01: +0,1705885200
0.567,23,Jan 22 2024 02: +0,1705888800
0.488,22,Jan 22 2024 03: +0,1705892400
0.567,21,Jan 22 2024 04: +0,1705896000
0.486,5,Jan 22 2024 05: +0,1705899600
0.493,3,Jan 22 2024 07: +0,1705906800
0.484,3,Jan 22 2024 08: +0,1705910400
0.503,15,Jan 22 2024 09: +0,1705914000
0.519,4,Jan 22 2024 10: +0,1705917600
0.546,11,Jan 22 2024 11: +0,1705921200
0.486,16,Jan 22 2024 12: +0,1705924800
0.48,23,Jan 22 2024 13: +0,1705928400
0.478,12,Jan 22 2024 14: +0,1705932000
0.427,13,Jan 22 2024 15: +0,1705935600
0.481,23,Jan 22 2024 16: +0,1705939200
0.52,13,Jan 22 2024 17: +0,1705942800
0.518,13,Jan 22 2024 18: +0,1705946400
0.546,11,Jan 22 2024 19: +0,1705950000
0.51,8,Jan 22 2024 20: +0,1705953600
0.461,19,Jan 22 2024 21: +0,1705957200
0.492,12,Jan 22 2024 22: +0,1705960800
0.493,6,Jan 22 2024 23: +0,1705964400
0.558,5,Jan 23 2024 00: +0,1705968000
0.543,3,Jan 23 2024 01: +0,1705971600
0.532,1,Jan 23 2024 02: +0,1705975200
0.554,5,Jan 23 2024 03: +0,1705978800
0.559,3,Jan 23 2024 04: +0,1705982400
0.551,1,Jan 23 2024 05: +0,1705986000
0.471,13,Jan 23 2024 06: +0,1705989600
0.523,18,Jan 23 2024 07: +0,1705993200
0.472,3,Jan 23 2024 08: +0,1705996800
0.557,7,Jan 23 2024 09: +0,1706000400
0.439,5,Jan 23 2024 10: +0,1706004000
0.543,6,Jan 23 2024 11: +0,1706007600
0.472,5,Jan 23 2024 12: +0,1706011200
0.502,4,Jan 23 2024 13: +0,1706014800
0.468,10,Jan 23 2024 14: +0,1706018400
0.472,13,Jan 23 2024 15: +0,1706022000
0.481,17,Jan 23 2024 16: +0,1706025600
0.472,11,Jan 23 2024 17: +0,1706029200
0.481,16,Jan 23 2024 18: +0,1706032800
0.514,12,Jan 23 2024 19: +0,1706036400
0.504,15,Jan 23 2024 20: +0,1706040000
0.522,13,Jan 23 2024 21: +0,1706043600
0.52,11,Jan 23 2024 22: +0,1706047200
0.53,14,Jan 23 2024 23: +0,1706050800
0.522,2,Jan 24 2024 00: +0,1706054400
0.522,4,Jan 24 2024 01: +0,1706058000
0.487,4,Jan 24 2024 02: +0,1706061600
0.484,6,Jan 24 2024 03: +0,1706065200
0.509,6,Jan 24 2024 04: +0,1706068800
0.543,7,Jan 24 2024 05: +0,1706072400
0.538,8,Jan 24 2024 06: +0,1706076000
0.543,15,Jan 24 2024 07: +0,1706079600
0.511,6,Jan 24 2024 08: +0,1706083200
0.538,6,Jan 24 2024 09: +0,1706086800
0.488,12,Jan 24 2024 10: +0,1706090400
0.485,12,Jan 24 2024 11: +0,1706094000
0.517,8,Jan 24 2024 12: +0,1706097600
0.472,13,Jan 24 2024 13: +0,1706101200
0.481,17,Jan 24 2024 14: +0,1706104800
0.507,25,Jan 24 2024 15: +0,1706108400
0.481,25,Jan 24 2024 16: +0,1706112000
0.487,22,Jan 24 2024 17: +0,1706115600
0.489,21,Jan 24 2024 18: +0,1706119200
0.5,14,Jan 24 2024 19: +0,1706122800
0.503,28,Jan 24 2024 20: +0,1706126400
0.489,15,Jan 24 2024 21: +0,1706130000
0.485,11,Jan 24 2024 22: +0,1706133600
0.504,9,Jan 24 2024 23: +0,1706137200
0.505,5,Jan 25 2024 00: +0,1706140800
0.515,7,Jan 25 2024 01: +0,1706144400
0.472,10,Jan 25 2024 02: +0,1706148000
0.488,7,Jan 25 2024 03: +0,1706151600
0.48,6,Jan 25 2024 04: +0,1706155200
0.48,4,Jan 25 2024 05: +0,1706158800
0.494,12,Jan 25 2024 06: +0,1706162400
0.52,14,Jan 25 2024 07: +0,1706166000
0.494,3,Jan 25 2024 08: +0,1706169600
0.497,8,Jan 25 2024 09: +0,1706173200
0.52,12,Jan 25 2024 10: +0,1706176800
0.499,4,Jan 25 2024 11: +0,1706180400
0.494,6,Jan 25 2024 12: +0,1706184000
0.498,11,Jan 25 2024 13: +0,1706187600
0.513,10,Jan 25 2024 14: +0,1706191200
0.524,7,Jan 25 2024 15: +0,1706194800
0.491,11,Jan 25 2024 16: +0,1706198400
0.506,17,Jan 25 2024 17: +0,1706202000
0.497,15,Jan 25 2024 18: +0,1706205600
0.522,18,Jan 25 2024 19: +0,1706209200
0.484,19,Jan 25 2024 20: +0,1706212800
0.49,12,Jan 25 2024 21: +0,1706216400
0.48,5,Jan 25 2024 22: +0,1706220000
0.488,7,Jan 25 2024 23: +0,1706223600
0.472,6,Jan 26 2024 00: +0,1706227200
0.488,7,Jan 26 2024 01: +0,1706230800
0.487,4,Jan 26 2024 02: +0,1706234400
0.504,16,Jan 26 2024 03: +0,1706238000
0.512,21,Jan 26 2024 04: +0,1706241600
0.464,3,Jan 26 2024 05: +0,1706245200
0.5,3,Jan 26 2024 06: +0,1706248800
0.464,3,Jan 26 2024 07: +0,1706252400
0.472,2,Jan 26 2024 08: +0,1706256000
0.46,10,Jan 26 2024 09: +0,1706259600
0.52,11,Jan 26 2024 10: +0,1706263200
0.513,10,Jan 26 2024 11: +0,1706266800
0.464,6,Jan 26 2024 12: +0,1706270400
0.512,6,Jan 26 2024 13: +0,1706274000
0.492,10,Jan 26 2024 14: +0,1706277600
0.476,6,Jan 26 2024 15: +0,1706281200
0.48,11,Jan 26 2024 16: +0,1706284800
0.503,10,Jan 26 2024 17: +0,1706288400
0.508,5,Jan 26 2024 18: +0,1706292000
0.498,16,Jan 26 2024 19: +0,1706295600
0.457,7,Jan 26 2024 20: +0,1706299200
0.485,11,Jan 26 2024 21: +0,1706302800
0.501,31,Jan 26 2024 22: +0,1706306400
0.519,28,Jan 26 2024 23: +0,1706310000
0.431,1,Jan 27 2024 00: +0,1706313600
0.456,2,Jan 27 2024 01: +0,1706317200
0.476,3,Jan 27 2024 02: +0,1706320800
0.475,17,Jan 27 2024 03: +0,1706324400
0.475,3,Jan 27 2024 04: +0,1706328000
0.485,2,Jan 27 2024 05: +0,1706331600
0.516,1,Jan 27 2024 06: +0,1706335200
0.429,4,Jan 27 2024 07: +0,1706338800
0.501,5,Jan 27 2024 08: +0,1706342400
0.508,11,Jan 27 2024 09: +0,1706346000
0.524,7,Jan 27 2024 10: +0,1706349600
0.461,5,Jan 27 2024 11: +0,1706353200
0.485,7,Jan 27 2024 12: +0,1706356800
0.467,10,Jan 27 2024 13: +0,1706360400
0.518,32,Jan 27 2024 14: +0,1706364000
0.51,16,Jan 27 2024 15: +0,1706367600
0.497,24,Jan 27 2024 16: +0,1706371200
0.508,7,Jan 27 2024 17: +0,1706374800
0.526,17,Jan 27 2024 18: +0,1706378400
0.47,10,Jan 27 2024 19: +0,1706382000
0.526,9,Jan 27 2024 20: +0,1706385600
0.482,3,Jan 27 2024 21: +0,1706389200
0.467,16,Jan 27 2024 22: +0,1706392800
0.466,11,Jan 27 2024 23: +0,1706396400
0.466,12,Jan 28 2024 00: +0,1706400000
0.492,4,Jan 28 2024 01: +0,1706403600
0.509,7,Jan 28 2024 02: +0,1706407200
0.508,3,Jan 28 2024 03: +0,1706410800
0.508,3,Jan 28 2024 04: +0,1706414400
0.504,4,Jan 28 2024 05: +0,1706418000
0.449,4,Jan 28 2024 06: +0,1706421600
0.475,7,Jan 28 2024 07: +0,1706425200
0.509,8,Jan 28 2024 08: +0,1706428800
0.493,15,Jan 28 2024 09: +0,1706432400
0.493,5,Jan 28 2024 10: +0,1706436000
0.509,4,Jan 28 2024 11: +0,1706439600
0.497,8,Jan 28 2024 12: +0,1706443200
0.516,19,Jan 28 2024 13: +0,1706446800
0.457,12,Jan 28 2024 14: +0,1706450400
0.496,13,Jan 28 2024 15: +0,1706454000
0.466,11,Jan 28 2024 16: +0,1706457600
0.492,12,Jan 28 2024 17: +0,1706461200
0.507,15,Jan 28 2024 18: +0,1706464800
0.509,7,Jan 28 2024 19: +0,1706468400
0.503,20,Jan 28 2024 20: +0,1706472000
0.526,21,Jan 28 2024 21: +0,1706475600
0.505,6,Jan 28 2024 22: +0,1706479200
0.483,2,Jan 28 2024 23: +0,1706482800
0.516,7,Jan 29 2024 00: +0,1706486400
0.484,2,Jan 29 2024 01: +0,1706490000
0.511,1,Jan 29 2024 02: +0,1706493600
0.476,3,Jan 29 2024 03: +0,1706497200
0.488,4,Jan 29 2024 04: +0,1706500800
0.484,1,Jan 29 2024 05: +0,1706504400
0.475,3,Jan 29 2024 06: +0,1706508000
0.466,9,Jan 29 2024 07: +0,1706511600
0.449,3,Jan 29 2024 08: +0,1706515200
0.47,2,Jan 29 2024 09: +0,1706518800
0.467,4,Jan 29 2024 10: +0,1706522400
0.466,10,Jan 29 2024 11: +0,1706526000
0.469,9,Jan 29 2024 12: +0,1706529600
0.477,17,Jan 29 2024 13: +0,1706533200
0.478,5,Jan 29 2024 14: +0,1706536800
0.477,20,Jan 29 2024 15: +0,1706540400
0.475,14,Jan 29 2024 16: +0,1706544000
0.466,7,Jan 29 2024 17: +0,1706547600
0.457,13,Jan 29 2024 18: +0,1706551200
0.464,36,Jan 29 2024 19: +0,1706554800
0.476,16,Jan 29 2024 20: +0,1706558400
0.475,11,Jan 29 2024 21: +0,1706562000
0.481,19,Jan 29 2024 22: +0,1706565600
0.429,20,Jan 29 2024 23: +0,1706569200
0.484,8,Jan 30 2024 00: +0,1706572800
0.477,12,Jan 30 2024 01: +0,1706576400
0.455,7,Jan 30 2024 02: +0,1706580000
0.485,1,Jan 30 2024 03: +0,1706583600
0.469,9,Jan 30 2024 04: +0,1706587200
0.433,2,Jan 30 2024 05: +0,1706590800
0.459,6,Jan 30 2024 06: +0,1706594400
0.474,7,Jan 30 2024 07: +0,1706598000
0.445,8,Jan 30 2024 08: +0,1706601600
0.484,7,Jan 30 2024 09: +0,1706605200
0.448,7,Jan 30 2024 10: +0,1706608800
0.455,11,Jan 30 2024 11: +0,1706612400
0.473,10,Jan 30 2024 12: +0,1706616000
0.484,16,Jan 30 2024 13: +0,1706619600
0.484,10,Jan 30 2024 14: +0,1706623200
0.474,46,Jan 30 2024 15: +0,1706626800
0.461,12,Jan 30 2024 16: +0,1706630400
0.483,3,Jan 30 2024 17: +0,1706634000
0.44,3,Jan 30 2024 18: +0,1706637600
0.472,13,Jan 30 2024 19: +0,1706641200
0.483,11,Jan 30 2024 20: +0,1706644800
0.463,4,Jan 30 2024 21: +0,1706648400
0.466,8,Jan 30 2024 22: +0,1706652000
0.483,5,Jan 30 2024 23: +0,1706655600
0.485,11,Jan 31 2024 00: +0,1706659200
0.485,8,Jan 31 2024 01: +0,1706662800
0.485,7,Jan 31 2024 02: +0,1706666400
0.495,5,Jan 31 2024 03: +0,1706670000
0.485,5,Jan 31 2024 04: +0,1706673600
0.473,6,Jan 31 2024 05: +0,1706677200
0.465,10,Jan 31 2024 06: +0,1706680800
0.476,6,Jan 31 2024 07: +0,1706684400
0.477,12,Jan 31 2024 08: +0,1706688000
0.461,8,Jan 31 2024 09: +0,1706691600
0.468,6,Jan 31 2024 10: +0,1706695200
0.477,9,Jan 31 2024 11: +0,1706698800
0.461,14,Jan 31 2024 12: +0,1706702400
0.475,10,Jan 31 2024 13: +0,1706706000
0.491,16,Jan 31 2024 14: +0,1706709600
0.484,15,Jan 31 2024 15: +0,1706713200
0.473,9,Jan 31 2024 16: +0,1706716800
0.45,25,Jan 31 2024 17: +0,1706720400
0.499,33,Jan 31 2024 18: +0,1706724000
0.485,13,Jan 31 2024 19: +0,1706727600
0.461,29,Jan 31 2024 20: +0,1706731200
0.469,9,Jan 31 2024 21: +0,1706734800
0.463,10,Jan 31 2024 22: +0,1706738400
0.458,27,Jan 31 2024 23: +0,1706742000
0.49,10,Feb 01 2024 00: +0,1706745600
0.493,17,Feb 01 2024 01: +0,1706749200
0.501,22,Feb 01 2024 02: +0,1706752800
0.504,4,Feb 01 2024 03: +0,1706756400
0.45,2,Feb 01 2024 04: +0,1706760000
0.461,3,Feb 01 2024 05: +0,1706763600
0.496,10,Feb 01 2024 06: +0,1706767200
0.465,4,Feb 01 2024 07: +0,1706770800
0.479,5,Feb 01 2024 08: +0,1706774400
0.492,15,Feb 01 2024 09: +0,1706778000
0.483,11,Feb 01 2024 10: +0,1706781600
0.519,2,Feb 01 2024 11: +0,1706785200
0.502,2,Feb 01 2024 12: +0,1706788800
0.461,9,Feb 01 2024 13: +0,1706792400
0.485,17,Feb 01 2024 14: +0,1706796000
0.512,13,Feb 01 2024 15: +0,1706799600
0.484,9,Feb 01 2024 16: +0,1706803200
0.498,8,Feb 01 2024 17: +0,1706806800
0.461,13,Feb 01 2024 18: +0,1706810400
0.496,11,Feb 01 2024 19: +0,1706814000
0.501,15,Feb 01 2024 20: +0,1706817600
0.453,28,Feb 01 2024 21: +0,1706821200
0.491,13,Feb 01 2024 22: +0,1706824800
0.493,7,Feb 01 2024 23: +0,1706828400
0.477,7,Feb 02 2024 00: +0,1706832000
0.51,2,Feb 02 2024 01: +0,1706835600
0.507,4,Feb 02 2024 02: +0,1706839200
0.503,1,Feb 02 2024 03: +0,1706842800
0.461,3,Feb 02 2024 04: +0,1706846400
0.506,2,Feb 02 2024 05: +0,1706850000
0.496,6,Feb 02 2024 06: +0,1706853600
0.473,3,Feb 02 2024 07: +0,1706857200
0.505,6,Feb 02 2024 08: +0,1706860800
0.471,6,Feb 02 2024 09: +0,1706864400
0.473,13,Feb 02 2024 10: +0,1706868000
0.484,33,Feb 02 2024 11: +0,1706871600
0.499,15,Feb 02 2024 12: +0,1706875200
0.516,7,Feb 02 2024 13: +0,1706878800
0.464,11,Feb 02 2024 14: +0,1706882400
0.487,10,Feb 02 2024 15: +0,1706886000
0.484,20,Feb 02 2024 16: +0,1706889600
0.473,12,Feb 02 2024 17: +0,1706893200
0.485,16,Feb 02 2024 18: +0,1706896800
0.482,18,Feb 02 2024 19: +0,1706900400
0.507,13,Feb 02 2024 20: +0,1706904000
0.513,11,Feb 02 2024 21: +0,1706907600
0.516,18,Feb 02 2024 22: +0,1706911200
0.516,21,Feb 02 2024 23: +0,1706914800
0.514,10,Feb 03 2024 00: +0,1706918400
0.469,4,Feb 03 2024 01: +0,1706922000
0.515,4,Feb 03 2024 02: +0,1706925600
0.508,7,Feb 03 2024 03: +0,1706929200
0.52,5,Feb 03 2024 04: +0,1706932800
0.467,3,Feb 03 2024 05: +0,1706936400
0.501,18,Feb 03 2024 06: +0,1706940000
0.501,16,Feb 03 2024 07: +0,1706943600
0.493,5,Feb 03 2024 08: +0,1706947200
0.511,9,Feb 03 2024 09: +0,1706950800
0.513,18,Feb 03 2024 10: +0,1706954400
0.462,10,Feb 03 2024 11: +0,1706958000
0.467,12,Feb 03 2024 12: +0,1706961600
0.395,37,Feb 03 2024 13: +0,1706965200
0.474,22,Feb 03 2024 14: +0,1706968800
0.493,11,Feb 03 2024 15: +0,1706972400
0.472,12,Feb 03 2024 16: +0,1706976000
0.477,13,Feb 03 2024 17: +0,1706979600
0.498,11,Feb 03 2024 18: +0,1706983200
0.507,32,Feb 03 2024 19: +0,1706986800
0.483,17,Feb 03 2024 20: +0,1706990400
0.471,24,Feb 03 2024 21: +0,1706994000
0.464,5,Feb 03 2024 22: +0,1706997600
0.507,30,Feb 03 2024 23: +0,1707001200
0.507,10,Feb 04 2024 00: +0,1707004800
0.498,5,Feb 04 2024 01: +0,1707008400
0.516,26,Feb 04 2024 02: +0,1707012000
0.518,10,Feb 04 2024 03: +0,1707015600
0.513,5,Feb 04 2024 04: +0,1707019200
0.519,4,Feb 04 2024 05: +0,1707022800
0.512,4,Feb 04 2024 06: +0,1707026400
0.516,5,Feb 04 2024 07: +0,1707030000
0.493,6,Feb 04 2024 08: +0,1707033600
0.483,8,Feb 04 2024 09: +0,1707037200
0.464,11,Feb 04 2024 10: +0,1707040800
0.477,9,Feb 04 2024 11: +0,1707044400
0.47,14,Feb 04 2024 12: +0,1707048000
0.485,17,Feb 04 2024 13: +0,1707051600
0.46,10,Feb 04 2024 14: +0,1707055200
0.472,15,Feb 04 2024 15: +0,1707058800
0.464,28,Feb 04 2024 16: +0,1707062400
0.486,19,Feb 04 2024 17: +0,1707066000
0.485,19,Feb 04 2024 18: +0,1707069600
0.485,40,Feb 04 2024 19: +0,1707073200
0.485,83,Feb 04 2024 20: +0,1707076800
0.494,47,Feb 04 2024 21: +0,1707080400
0.508,20,Feb 04 2024 22: +0,1707084000
0.464,9,Feb 04 2024 23: +0,1707087600
0.493,6,Feb 05 2024 00: +0,1707091200
0.444,6,Feb 05 2024 01: +0,1707094800
0.471,8,Feb 05 2024 02: +0,1707098400
0.44,4,Feb 05 2024 03: +0,1707102000
0.508,7,Feb 05 2024 04: +0,1707105600
0.519,8,Feb 05 2024 05: +0,1707109200
0.48,4,Feb 05 2024 06: +0,1707112800
0.458,1,Feb 05 2024 07: +0,1707116400
0.477,3,Feb 05 2024 08: +0,1707120000
0.512,6,Feb 05 2024 09: +0,1707123600
0.47,2,Feb 05 2024 10: +0,1707127200
0.496,6,Feb 05 2024 11: +0,1707130800
0.48,6,Feb 05 2024 12: +0,1707134400
0.503,10,Feb 05 2024 13: +0,1707138000
0.476,10,Feb 05 2024 14: +0,1707141600
0.492,23,Feb 05 2024 15: +0,1707145200
0.498,27,Feb 05 2024 16: +0,1707148800
0.498,16,Feb 05 2024 17: +0,1707152400
0.461,15,Feb 05 2024 18: +0,1707156000
0.434,9,Feb 05 2024 19: +0,1707159600
0.457,12,Feb 05 2024 20: +0,1707163200
0.513,27,Feb 05 2024 21: +0,1707166800
0.516,9,Feb 05 2024 22: +0,1707170400
0.417,6,Feb 05 2024 23: +0,1707174000
0.485,7,Feb 06 2024 00: +0,1707177600
0.477,7,Feb 06 2024 01: +0,1707181200
0.521,3,Feb 06 2024 02: +0,1707184800
0.516,7,Feb 06 2024 03: +0,1707188400
0.501,7,Feb 06 2024 04: +0,1707192000
0.469,2,Feb 06 2024 05: +0,1707195600
0.482,4,Feb 06 2024 06: +0,1707199200
0.478,8,Feb 06 2024 07: +0,1707202800
0.515,8,Feb 06 2024 08: +0,1707206400
0.516,4,Feb 06 2024 09: +0,1707210000
0.474,4,Feb 06 2024 10: +0,1707213600
0.49,16,Feb 06 2024 11: +0,1707217200
0.495,10,Feb 06 2024 12: +0,1707220800
0.46,7,Feb 06 2024 13: +0,1707224400
0.503,11,Feb 06 2024 14: +0,1707228000
0.491,6,Feb 06 2024 15: +0,1707231600
0.494,10,Feb 06 2024 16: +0,1707235200
0.402,9,Feb 06 2024 17: +0,1707238800
0.489,25,Feb 06 2024 18: +0,1707242400
0.503,14,Feb 06 2024 19: +0,1707246000
0.46,12,Feb 06 2024 20: +0,1707249600
0.473,10,Feb 06 2024 21: +0,1707253200
0.497,10,Feb 06 2024 22: +0,1707256800
0.5,5,Feb 06 2024 23: +0,1707260400
0.461,5,Feb 07 2024 00: +0,1707264000
0.503,10,Feb 07 2024 01: +0,1707267600
0.489,21,Feb 07 2024 02: +0,1707271200
0.501,42,Feb 07 2024 03: +0,1707274800
0.474,18,Feb 07 2024 04: +0,1707278400
0.484,20,Feb 07 2024 05: +0,1707282000
0.474,29,Feb 07 2024 06: +0,1707285600
0.461,28,Feb 07 2024 07: +0,1707289200
0.479,22,Feb 07 2024 08: +0,1707292800
0.469,27,Feb 07 2024 09: +0,1707296400
0.504,35,Feb 07 2024 10: +0,1707300000
0.472,22,Feb 07 2024 11: +0,1707303600
0.482,27,Feb 07 2024 12: +0,1707307200
0.497,32,Feb 07 2024 13: +0,1707310800
0.485,47,Feb 07 2024 14: +0,1707314400
0.52,159,Feb 07 2024 15: +0,1707318000
0.479,51,Feb 07 2024 16: +0,1707321600
0.481,48,Feb 07 2024 17: +0,1707325200
0.546,58,Feb 07 2024 18: +0,1707328800
0.546,102,Feb 07 2024 19: +0,1707332400
0.477,29,Feb 07 2024 20: +0,1707336000
0.505,52,Feb 07 2024 21: +0,1707339600
0.521,31,Feb 07 2024 22: +0,1707343200
0.559,46,Feb 07 2024 23: +0,1707346800
0.567,63,Feb 08 2024 00: +0,1707350400
0.548,14,Feb 08 2024 01: +0,1707354000
0.485,9,Feb 08 2024 02: +0,1707357600
0.516,4,Feb 08 2024 03: +0,1707361200
0.542,48,Feb 08 2024 04: +0,1707364800
0.541,9,Feb 08 2024 05: +0,1707368400
0.58,37,Feb 08 2024 06: +0,1707372000
0.565,26,Feb 08 2024 07: +0,1707375600
0.58,89,Feb 08 2024 08: +0,1707379200
0.605,34,Feb 08 2024 09: +0,1707382800
0.558,11,Feb 08 2024 10: +0,1707386400
0.557,32,Feb 08 2024 11: +0,1707390000
0.599,16,Feb 08 2024 12: +0,1707393600
0.553,21,Feb 08 2024 13: +0,1707397200
0.564,18,Feb 08 2024 14: +0,1707400800
0.485,25,Feb 08 2024 15: +0,1707404400
0.629,128,Feb 08 2024 16: +0,1707408000
0.659,99,Feb 08 2024 17: +0,1707411600
0.676,49,Feb 08 2024 18: +0,1707415200
0.662,41,Feb 08 2024 19: +0,1707418800
0.627,20,Feb 08 2024 20: +0,1707422400
0.59,21,Feb 08 2024 21: +0,1707426000
0.621,22,Feb 08 2024 22: +0,1707429600
0.673,37,Feb 08 2024 23: +0,1707433200
0.726,329,Feb 09 2024 00: +0,1707436800
0.76,41,Feb 09 2024 01: +0,1707440400
0.73,31,Feb 09 2024 02: +0,1707444000
0.654,17,Feb 09 2024 03: +0,1707447600
0.659,13,Feb 09 2024 04: +0,1707451200
0.717,33,Feb 09 2024 05: +0,1707454800
0.728,25,Feb 09 2024 06: +0,1707458400
0.702,12,Feb 09 2024 07: +0,1707462000
0.606,12,Feb 09 2024 08: +0,1707465600
0.598,14,Feb 09 2024 09: +0,1707469200
0.649,24,Feb 09 2024 10: +0,1707472800
0.67,26,Feb 09 2024 11: +0,1707476400
0.692,19,Feb 09 2024 12: +0,1707480000
0.598,15,Feb 09 2024 13: +0,1707483600
0.612,18,Feb 09 2024 14: +0,1707487200
0.679,50,Feb 09 2024 15: +0,1707490800
0.699,42,Feb 09 2024 16: +0,1707494400
0.705,22,Feb 09 2024 17: +0,1707498000
0.642,24,Feb 09 2024 18: +0,1707501600
0.651,22,Feb 09 2024 19: +0,1707505200
0.685,40,Feb 09 2024 20: +0,1707508800
0.711,91,Feb 09 2024 21: +0,1707512400
0.676,20,Feb 09 2024 22: +0,1707516000
0.709,24,Feb 09 2024 23: +0,1707519600
0.709,15,Feb 10 2024 00: +0,1707523200
0.719,8,Feb 10 2024 01: +0,1707526800
0.733,9,Feb 10 2024 02: +0,1707530400
0.709,9,Feb 10 2024 03: +0,1707534000
0.695,4,Feb 10 2024 04: +0,1707537600
0.673,8,Feb 10 2024 05: +0,1707541200
0.721,18,Feb 10 2024 06: +0,1707544800
0.643,12,Feb 10 2024 07: +0,1707548400
0.693,13,Feb 10 2024 08: +0,1707552000
0.657,8,Feb 10 2024 09: +0,1707555600
0.656,19,Feb 10 2024 10: +0,1707559200
0.715,56,Feb 10 2024 11: +0,1707562800
0.711,40,Feb 10 2024 12: +0,1707566400
0.73,15,Feb 10 2024 13: +0,1707570000
0.634,20,Feb 10 2024 14: +0,1707573600
0.613,23,Feb 10 2024 15: +0,1707577200
0.602,15,Feb 10 2024 16: +0,1707580800
0.602,34,Feb 10 2024 17: +0,1707584400
0.635,21,Feb 10 2024 18: +0,1707588000
0.62,15,Feb 10 2024 19: +0,1707591600
0.613,16,Feb 10 2024 20: +0,1707595200
0.612,15,Feb 10 2024 21: +0,1707598800
0.608,18,Feb 10 2024 22: +0,1707602400
0.642,35,Feb 10 2024 23: +0,1707606000
0.67,11,Feb 11 2024 00: +0,1707609600
0.691,21,Feb 11 2024 01: +0,1707613200
0.673,5,Feb 11 2024 02: +0,1707616800
0.638,6,Feb 11 2024 03: +0,1707620400
0.693,6,Feb 11 2024 04: +0,1707624000
0.615,14,Feb 11 2024 05: +0,1707627600
0.616,5,Feb 11 2024 06: +0,1707631200
0.616,19,Feb 11 2024 07: +0,1707634800
0.604,13,Feb 11 2024 08: +0,1707638400
0.598,19,Feb 11 2024 09: +0,1707642000
0.621,11,Feb 11 2024 10: +0,1707645600
0.61,20,Feb 11 2024 11: +0,1707649200
0.605,17,Feb 11 2024 12: +0,1707652800
0.622,28,Feb 11 2024 13: +0,1707656400
0.604,26,Feb 11 2024 14: +0,1707660000
0.61,13,Feb 11 2024 15: +0,1707663600
0.637,20,Feb 11 2024 16: +0,1707667200
0.582,51,Feb 11 2024 17: +0,1707670800
0.618,42,Feb 11 2024 18: +0,1707674400
0.698,61,Feb 11 2024 19: +0,1707678000
0.661,14,Feb 11 2024 20: +0,1707681600
0.67,15,Feb 11 2024 21: +0,1707685200
0.677,25,Feb 11 2024 22: +0,1707688800
0.574,12,Feb 11 2024 23: +0,1707692400
0.618,10,Feb 12 2024 00: +0,1707696000
0.653,3,Feb 12 2024 01: +0,1707699600
0.6,6,Feb 12 2024 02: +0,1707703200
0.642,2,Feb 12 2024 03: +0,1707706800
0.642,13,Feb 12 2024 04: +0,1707710400
0.636,6,Feb 12 2024 05: +0,1707714000
0.635,16,Feb 12 2024 06: +0,1707717600
0.667,2,Feb 12 2024 07: +0,1707721200
0.641,7,Feb 12 2024 08: +0,1707724800
0.59,5,Feb 12 2024 09: +0,1707728400
0.609,7,Feb 12 2024 10: +0,1707732000
0.609,12,Feb 12 2024 11: +0,1707735600
0.59,18,Feb 12 2024 12: +0,1707739200
0.601,23,Feb 12 2024 13: +0,1707742800
0.581,18,Feb 12 2024 14: +0,1707746400
0.613,15,Feb 12 2024 15: +0,1707750000
0.585,12,Feb 12 2024 16: +0,1707753600
0.612,14,Feb 12 2024 17: +0,1707757200
0.645,17,Feb 12 2024 18: +0,1707760800
0.592,26,Feb 12 2024 19: +0,1707764400
0.592,20,Feb 12 2024 20: +0,1707768000
0.563,18,Feb 12 2024 21: +0,1707771600
0.567,22,Feb 12 2024 22: +0,1707775200
0.637,24,Feb 12 2024 23: +0,1707778800
0.635,33,Feb 13 2024 00: +0,1707782400
0.601,2,Feb 13 2024 01: +0,1707786000
0.679,14,Feb 13 2024 02: +0,1707789600
0.566,9,Feb 13 2024 03: +0,1707793200
0.637,8,Feb 13 2024 04: +0,1707796800
0.576,8,Feb 13 2024 05: +0,1707800400
0.628,10,Feb 13 2024 06: +0,1707804000
0.609,4,Feb 13 2024 07: +0,1707807600
0.631,5,Feb 13 2024 08: +0,1707811200
0.591,4,Feb 13 2024 09: +0,1707814800
0.497,8,Feb 13 2024 10: +0,1707818400
0.565,8,Feb 13 2024 11: +0,1707822000
0.592,15,Feb 13 2024 12: +0,1707825600
0.603,9,Feb 13 2024 13: +0,1707829200
0.618,10,Feb 13 2024 14: +0,1707832800
0.626,12,Feb 13 2024 15: +0,1707836400
0.576,4,Feb 13 2024 16: +0,1707840000
0.562,21,Feb 13 2024 17: +0,1707843600
0.621,23,Feb 13 2024 18: +0,1707847200
0.618,21,Feb 13 2024 19: +0,1707850800
0.542,22,Feb 13 2024 20: +0,1707854400
0.574,16,Feb 13 2024 21: +0,1707858000
0.637,19,Feb 13 2024 22: +0,1707861600
0.628,18,Feb 13 2024 23: +0,1707865200
0.629,9,Feb 14 2024 00: +0,1707868800
0.631,4,Feb 14 2024 01: +0,1707872400
0.637,1,Feb 14 2024 02: +0,1707876000
0.631,10,Feb 14 2024 03: +0,1707879600
0.586,4,Feb 14 2024 04: +0,1707883200
0.59,6,Feb 14 2024 05: +0,1707886800
0.605,3,Feb 14 2024 06: +0,1707890400
0.622,12,Feb 14 2024 07: +0,1707894000
0.59,11,Feb 14 2024 08: +0,1707897600
0.597,17,Feb 14 2024 09: +0,1707901200
0.571,8,Feb 14 2024 10: +0,1707904800
0.546,26,Feb 14 2024 11: +0,1707908400
0.561,12,Feb 14 2024 12: +0,1707912000
0.564,20,Feb 14 2024 13: +0,1707915600
0.586,21,Feb 14 2024 14: +0,1707919200
0.563,25,Feb 14 2024 15: +0,1707922800
0.58,33,Feb 14 2024 16: +0,1707926400
0.558,51,Feb 14 2024 17: +0,1707930000
0.618,54,Feb 14 2024 18: +0,1707933600
0.606,23,Feb 14 2024 19: +0,1707937200
0.602,17,Feb 14 2024 20: +0,1707940800
0.563,23,Feb 14 2024 21: +0,1707944400
0.581,27,Feb 14 2024 22: +0,1707948000
0.602,12,Feb 14 2024 23: +0,1707951600
0.598,15,Feb 15 2024 00: +0,1707955200
0.566,3,Feb 15 2024 01: +0,1707958800
0.52,13,Feb 15 2024 02: +0,1707962400
0.54,5,Feb 15 2024 03: +0,1707966000
0.567,6,Feb 15 2024 04: +0,1707969600
0.571,8,Feb 15 2024 05: +0,1707973200
0.545,6,Feb 15 2024 06: +0,1707976800
0.579,12,Feb 15 2024 07: +0,1707980400
0.576,12,Feb 15 2024 08: +0,1707984000
0.598,19,Feb 15 2024 09: +0,1707987600
0.56,8,Feb 15 2024 10: +0,1707991200
0.555,13,Feb 15 2024 11: +0,1707994800
0.563,9,Feb 15 2024 12: +0,1707998400
0.565,23,Feb 15 2024 13: +0,1708002000
0.598,19,Feb 15 2024 14: +0,1708005600
0.593,14,Feb 15 2024 15: +0,1708009200
0.569,11,Feb 15 2024 16: +0,1708012800
0.566,17,Feb 15 2024 17: +0,1708016400
0.598,41,Feb 15 2024 18: +0,1708020000
0.559,22,Feb 15 2024 19: +0,1708023600
0.55,45,Feb 15 2024 20: +0,1708027200
0.55,36,Feb 15 2024 21: +0,1708030800
0.599,26,Feb 15 2024 22: +0,1708034400
0.575,10,Feb 15 2024 23: +0,1708038000
0.549,9,Feb 16 2024 00: +0,1708041600
0.598,8,Feb 16 2024 01: +0,1708045200
0.596,7,Feb 16 2024 02: +0,1708048800
0.604,8,Feb 16 2024 03: +0,1708052400
0.594,6,Feb 16 2024 04: +0,1708056000
0.56,7,Feb 16 2024 05: +0,1708059600
0.585,7,Feb 16 2024 06: +0,1708063200
0.566,15,Feb 16 2024 07: +0,1708066800
0.579,9,Feb 16 2024 08: +0,1708070400
0.59,41,Feb 16 2024 09: +0,1708074000
0.62,21,Feb 16 2024 10: +0,1708077600
0.623,16,Feb 16 2024 11: +0,1708081200
0.613,9,Feb 16 2024 12: +0,1708084800
0.575,20,Feb 16 2024 13: +0,1708088400
0.581,31,Feb 16 2024 14: +0,1708092000
0.602,10,Feb 16 2024 15: +0,1708095600
0.627,83,Feb 16 2024 16: +0,1708099200
0.566,78,Feb 16 2024 17: +0,1708102800
0.582,31,Feb 16 2024 18: +0,1708106400
0.575,18,Feb 16 2024 19: +0,1708110000
0.605,19,Feb 16 2024 20: +0,1708113600
0.577,18,Feb 16 2024 21: +0,1708117200
0.605,17,Feb 16 2024 22: +0,1708120800
0.615,22,Feb 16 2024 23: +0,1708124400
0.637,43,Feb 17 2024 00: +0,1708128000
0.574,15,Feb 17 2024 01: +0,1708131600
0.598,16,Feb 17 2024 02: +0,1708135200
0.622,26,Feb 17 2024 03: +0,1708138800
0.645,26,Feb 17 2024 04: +0,1708142400
0.657,11,Feb 17 2024 05: +0,1708146000
0.607,5,Feb 17 2024 06: +0,1708149600
0.64,5,Feb 17 2024 07: +0,1708153200
0.621,25,Feb 17 2024 08: +0,1708156800
0.627,10,Feb 17 2024 09: +0,1708160400
0.578,4,Feb 17 2024 10: +0,1708164000
0.617,10,Feb 17 2024 11: +0,1708167600
0.623,22,Feb 17 2024 12: +0,1708171200
0.602,18,Feb 17 2024 13: +0,1708174800
0.611,18,Feb 17 2024 14: +0,1708178400
0.62,24,Feb 17 2024 15: +0,1708182000
0.611,18,Feb 17 2024 16: +0,1708185600
0.598,10,Feb 17 2024 17: +0,1708189200
0.601,32,Feb 17 2024 18: +0,1708192800
0.598,17,Feb 17 2024 19: +0,1708196400
0.598,20,Feb 17 2024 20: +0,1708200000
0.609,27,Feb 17 2024 21: +0,1708203600
0.618,10,Feb 17 2024 22: +0,1708207200
0.603,30,Feb 17 2024 23: +0,1708210800
0.608,25,Feb 18 2024 00: +0,1708214400
0.618,6,Feb 18 2024 01: +0,1708218000
0.599,23,Feb 18 2024 02: +0,1708221600
0.599,1,Feb 18 2024 03: +0,1708225200
0.612,10,Feb 18 2024 04: +0,1708228800
0.613,10,Feb 18 2024 05: +0,1708232400
0.649,64,Feb 18 2024 06: +0,1708236000
0.671,139,Feb 18 2024 07: +0,1708239600
0.694,115,Feb 18 2024 08: +0,1708243200
0.728,200,Feb 18 2024 09: +0,1708246800
0.685,23,Feb 18 2024 10: +0,1708250400
0.698,20,Feb 18 2024 11: +0,1708254000
0.685,31,Feb 18 2024 12: +0,1708257600
0.757,11,Feb 18 2024 13: +0,1708261200
0.686,75,Feb 18 2024 14: +0,1708264800
0.676,12,Feb 18 2024 15: +0,1708268400
0.678,21,Feb 18 2024 16: +0,1708272000
0.708,42,Feb 18 2024 17: +0,1708275600
0.711,17,Feb 18 2024 18: +0,1708279200
0.707,21,Feb 18 2024 19: +0,1708282800
0.702,14,Feb 18 2024 20: +0,1708286400
0.7,19,Feb 18 2024 21: +0,1708290000
0.69,19,Feb 18 2024 22: +0,1708293600
0.706,19,Feb 18 2024 23: +0,1708297200
0.729,3,Feb 19 2024 00: +0,1708300800
0.725,9,Feb 19 2024 01: +0,1708304400
0.712,1,Feb 19 2024 02: +0,1708308000
0.702,11,Feb 19 2024 03: +0,1708311600
0.734,20,Feb 19 2024 04: +0,1708315200
0.718,8,Feb 19 2024 05: +0,1708318800
0.717,12,Feb 19 2024 06: +0,1708322400
0.655,9,Feb 19 2024 07: +0,1708326000
0.725,2,Feb 19 2024 08: +0,1708329600
0.67,8,Feb 19 2024 09: +0,1708333200
0.658,10,Feb 19 2024 10: +0,1708336800
0.647,9,Feb 19 2024 11: +0,1708340400
0.662,16,Feb 19 2024 12: +0,1708344000
0.681,16,Feb 19 2024 13: +0,1708347600
0.661,16,Feb 19 2024 14: +0,1708351200
0.647,20,Feb 19 2024 15: +0,1708354800
0.682,25,Feb 19 2024 16: +0,1708358400
0.682,10,Feb 19 2024 17: +0,1708362000
0.71,13,Feb 19 2024 18: +0,1708365600
0.592,11,Feb 19 2024 19: +0,1708369200
0.67,11,Feb 19 2024 20: +0,1708372800
0.702,12,Feb 19 2024 21: +0,1708376400
0.636,17,Feb 19 2024 22: +0,1708380000
0.698,16,Feb 19 2024 23: +0,1708383600
0.676,6,Feb 20 2024 00: +0,1708387200
0.661,27,Feb 20 2024 01: +0,1708390800
0.712,4,Feb 20 2024 02: +0,1708394400
0.678,9,Feb 20 2024 03: +0,1708398000
0.694,11,Feb 20 2024 04: +0,1708401600
0.68,5,Feb 20 2024 05: +0,1708405200
0.694,5,Feb 20 2024 06: +0,1708408800
0.653,6,Feb 20 2024 07: +0,1708412400
0.681,2,Feb 20 2024 08: +0,1708416000
0.686,7,Feb 20 2024 09: +0,1708419600
0.675,2,Feb 20 2024 10: +0,1708423200
0.661,9,Feb 20 2024 11: +0,1708426800
0.59,12,Feb 20 2024 12: +0,1708430400
0.653,13,Feb 20 2024 13: +0,1708434000
0.677,15,Feb 20 2024 14: +0,1708437600
0.678,25,Feb 20 2024 15: +0,1708441200
0.661,14,Feb 20 2024 16: +0,1708444800
0.661,9,Feb 20 2024 17: +0,1708448400
0.607,25,Feb 20 2024 18: +0,1708452000
0.615,22,Feb 20 2024 19: +0,1708455600
0.681,13,Feb 20 2024 20: +0,1708459200
0.636,15,Feb 20 2024 21: +0,1708462800
0.679,13,Feb 20 2024 22: +0,1708466400
0.686,17,Feb 20 2024 23: +0,1708470000
0.595,4,Feb 21 2024 00: +0,1708473600
0.552,4,Feb 21 2024 01: +0,1708477200
0.552,7,Feb 21 2024 02: +0,1708480800
0.624,6,Feb 21 2024 03: +0,1708484400
0.63,7,Feb 21 2024 04: +0,1708488000
0.584,10,Feb 21 2024 05: +0,1708491600
0.618,14,Feb 21 2024 06: +0,1708495200
0.622,5,Feb 21 2024 07: +0,1708498800
0.6,13,Feb 21 2024 08: +0,1708502400
0.592,8,Feb 21 2024 09: +0,1708506000
0.631,13,Feb 21 2024 10: +0,1708509600
0.607,8,Feb 21 2024 11: +0,1708513200
0.607,11,Feb 21 2024 12: +0,1708516800
0.635,25,Feb 21 2024 13: +0,1708520400
0.615,17,Feb 21 2024 14: +0,1708524000
0.615,16,Feb 21 2024 15: +0,1708527600
0.611,18,Feb 21 2024 16: +0,1708531200
0.631,29,Feb 21 2024 17: +0,1708534800
0.631,21,Feb 21 2024 18: +0,1708538400
0.631,41,Feb 21 2024 19: +0,1708542000
0.615,20,Feb 21 2024 20: +0,1708545600
0.631,51,Feb 21 2024 21: +0,1708549200
0.615,37,Feb 21 2024 22: +0,1708552800
0.592,11,Feb 21 2024 23: +0,1708556400
0.622,11,Feb 22 2024 00: +0,1708560000
0.615,3,Feb 22 2024 01: +0,1708563600
0.588,4,Feb 22 2024 02: +0,1708567200
0.603,2,Feb 22 2024 03: +0,1708570800
0.631,14,Feb 22 2024 04: +0,1708574400
0.615,12,Feb 22 2024 05: +0,1708578000
0.615,3,Feb 22 2024 06: +0,1708581600
0.623,8,Feb 22 2024 07: +0,1708585200
0.611,8,Feb 22 2024 08: +0,1708588800
0.615,13,Feb 22 2024 09: +0,1708592400
0.628,20,Feb 22 2024 10: +0,1708596000
0.615,11,Feb 22 2024 11: +0,1708599600
0.607,23,Feb 22 2024 12: +0,1708603200
0.638,9,Feb 22 2024 13: +0,1708606800
0.607,24,Feb 22 2024 14: +0,1708610400
0.633,12,Feb 22 2024 15: +0,1708614000
0.615,14,Feb 22 2024 16: +0,1708617600
0.639,17,Feb 22 2024 17: +0,1708621200
0.576,24,Feb 22 2024 18: +0,1708624800
0.581,24,Feb 22 2024 19: +0,1708628400
0.588,18,Feb 22 2024 20: +0,1708632000
0.59,32,Feb 22 2024 21: +0,1708635600
0.623,22,Feb 22 2024 22: +0,1708639200
0.622,14,Feb 22 2024 23: +0,1708642800
0.631,7,Feb 23 2024 00: +0,1708646400
0.62,6,Feb 23 2024 01: +0,1708650000
0.592,12,Feb 23 2024 02: +0,1708653600
0.571,7,Feb 23 2024 03: +0,1708657200
0.615,1,Feb 23 2024 04: +0,1708660800
0.581,7,Feb 23 2024 05: +0,1708664400
0.604,10,Feb 23 2024 06: +0,1708668000
0.609,17,Feb 23 2024 07: +0,1708671600
0.607,11,Feb 23 2024 08: +0,1708675200
0.617,9,Feb 23 2024 09: +0,1708678800
0.62,28,Feb 23 2024 10: +0,1708682400
0.617,15,Feb 23 2024 11: +0,1708686000
0.615,25,Feb 23 2024 12: +0,1708689600
0.592,13,Feb 23 2024 13: +0,1708693200
0.6,25,Feb 23 2024 14: +0,1708696800
0.613,12,Feb 23 2024 15: +0,1708700400
0.614,13,Feb 23 2024 16: +0,1708704000
0.622,18,Feb 23 2024 17: +0,1708707600
0.609,10,Feb 23 2024 18: +0,1708711200
0.621,29,Feb 23 2024 19: +0,1708714800
0.607,24,Feb 23 2024 20: +0,1708718400
0.614,17,Feb 23 2024 21: +0,1708722000
0.592,19,Feb 23 2024 22: +0,1708725600
0.618,18,Feb 23 2024 23: +0,1708729200
0.596,14,Feb 24 2024 00: +0,1708732800
0.614,5,Feb 24 2024 01: +0,1708736400
0.631,10,Feb 24 2024 02: +0,1708740000
0.625,7,Feb 24 2024 03: +0,1708743600
0.623,4,Feb 24 2024 04: +0,1708747200
0.633,16,Feb 24 2024 05: +0,1708750800
0.647,9,Feb 24 2024 06: +0,1708754400
0.655,9,Feb 24 2024 07: +0,1708758000
0.648,13,Feb 24 2024 08: +0,1708761600
0.621,12,Feb 24 2024 09: +0,1708765200
0.623,11,Feb 24 2024 10: +0,1708768800
0.655,6,Feb 24 2024 11: +0,1708772400
0.551,34,Feb 24 2024 12: +0,1708776000
0.629,7,Feb 24 2024 13: +0,1708779600
0.623,14,Feb 24 2024 14: +0,1708783200
0.618,25,Feb 24 2024 15: +0,1708786800
0.631,35,Feb 24 2024 16: +0,1708790400
0.633,22,Feb 24 2024 17: +0,1708794000
0.646,21,Feb 24 2024 18: +0,1708797600
0.625,16,Feb 24 2024 19: +0,1708801200
0.631,16,Feb 24 2024 20: +0,1708804800
0.631,11,Feb 24 2024 21: +0,1708808400
0.631,19,Feb 24 2024 22: +0,1708812000
0.64,12,Feb 24 2024 23: +0,1708815600
0.631,11,Feb 25 2024 00: +0,1708819200
0.607,17,Feb 25 2024 01: +0,1708822800
0.647,21,Feb 25 2024 02: +0,1708826400
0.639,4,Feb 25 2024 03: +0,1708830000
0.647,6,Feb 25 2024 04: +0,1708833600
0.631,21,Feb 25 2024 05: +0,1708837200
0.683,48,Feb 25 2024 06: +0,1708840800
0.678,9,Feb 25 2024 07: +0,1708844400
0.67,5,Feb 25 2024 08: +0,1708848000
0.67,7,Feb 25 2024 09: +0,1708851600
0.681,6,Feb 25 2024 10: +0,1708855200
0.683,54,Feb 25 2024 11: +0,1708858800
0.64,17,Feb 25 2024 12: +0,1708862400
0.691,78,Feb 25 2024 13: +0,1708866000
0.708,103,Feb 25 2024 14: +0,1708869600
0.686,27,Feb 25 2024 15: +0,1708873200
0.727,17,Feb 25 2024 16: +0,1708876800
0.699,18,Feb 25 2024 17: +0,1708880400
0.668,7,Feb 25 2024 18: +0,1708884000
0.682,16,Feb 25 2024 19: +0,1708887600
0.669,9,Feb 25 2024 20: +0,1708891200
0.671,10,Feb 25 2024 21: +0,1708894800
0.656,6,Feb 25 2024 22: +0,1708898400
0.66,12,Feb 25 2024 23: +0,1708902000
0.632,5,Feb 26 2024 00: +0,1708905600
0.653,6,Feb 26 2024 01: +0,1708909200
0.632,4,Feb 26 2024 02: +0,1708912800
0.671,17,Feb 26 2024 03: +0,1708916400
0.687,52,Feb 26 2024 04: +0,1708920000
0.695,15,Feb 26 2024 05: +0,1708923600
0.726,26,Feb 26 2024 06: +0,1708927200
0.75,5,Feb 26 2024 07: +0,1708930800
0.632,3,Feb 26 2024 08: +0,1708934400
0.757,57,Feb 26 2024 09: +0,1708938000
0.766,9,Feb 26 2024 10: +0,1708941600
0.728,26,Feb 26 2024 11: +0,1708945200
0.726,5,Feb 26 2024 12: +0,1708948800
0.747,16,Feb 26 2024 13: +0,1708952400
0.75,18,Feb 26 2024 14: +0,1708956000
0.743,15,Feb 26 2024 15: +0,1708959600
0.76,16,Feb 26 2024 16: +0,1708963200
0.76,27,Feb 26 2024 17: +0,1708966800
0.76,23,Feb 26 2024 18: +0,1708970400
0.758,16,Feb 26 2024 19: +0,1708974000
0.763,12,Feb 26 2024 20: +0,1708977600
0.754,14,Feb 26 2024 21: +0,1708981200
0.763,16,Feb 26 2024 22: +0,1708984800
0.764,6,Feb 26 2024 23: +0,1708988400
0.797,159,Feb 27 2024 00: +0,1708992000
0.782,17,Feb 27 2024 01: +0,1708995600
0.79,3,Feb 27 2024 02: +0,1708999200
0.572,2,Feb 27 2024 03: +0,1709002800
0.656,7,Feb 27 2024 04: +0,1709006400
0.765,6,Feb 27 2024 05: +0,1709010000
0.763,9,Feb 27 2024 06: +0,1709013600
0.774,9,Feb 27 2024 07: +0,1709017200
0.797,62,Feb 27 2024 08: +0,1709020800
0.758,5,Feb 27 2024 09: +0,1709024400
0.752,6,Feb 27 2024 10: +0,1709028000
0.754,8,Feb 27 2024 11: +0,1709031600
0.789,81,Feb 27 2024 12: +0,1709035200
0.79,13,Feb 27 2024 13: +0,1709038800
0.766,9,Feb 27 2024 14: +0,1709042400
0.813,617,Feb 27 2024 15: +0,1709046000
0.912,510,Feb 27 2024 16: +0,1709049600
0.986,79,Feb 27 2024 17: +0,1709053200
0.997,31,Feb 27 2024 18: +0,1709056800
0.942,24,Feb 27 2024 19: +0,1709060400
0.955,15,Feb 27 2024 20: +0,1709064000
0.656,27,Feb 27 2024 21: +0,1709067600
0.679,6,Feb 27 2024 22: +0,1709071200
0.861,11,Feb 27 2024 23: +0,1709074800
0.975,30,Feb 28 2024 00: +0,1709078400
0.954,18,Feb 28 2024 01: +0,1709082000
1.013,57,Feb 28 2024 02: +0,1709085600
1.081,45,Feb 28 2024 03: +0,1709089200
1.039,10,Feb 28 2024 04: +0,1709092800
1.098,20,Feb 28 2024 05: +0,1709096400
1.031,9,Feb 28 2024 06: +0,1709100000
1.034,8,Feb 28 2024 07: +0,1709103600
1.034,45,Feb 28 2024 08: +0,1709107200
1.049,55,Feb 28 2024 09: +0,1709110800
1.079,39,Feb 28 2024 10: +0,1709114400
1.027,13,Feb 28 2024 11: +0,1709118000
0.993,8,Feb 28 2024 12: +0,1709121600
1.061,31,Feb 28 2024 13: +0,1709125200
1.066,18,Feb 28 2024 14: +0,1709128800
1.019,23,Feb 28 2024 15: +0,1709132400
1.011,13,Feb 28 2024 16: +0,1709136000
1.011,26,Feb 28 2024 17: +0,1709139600
1.027,27,Feb 28 2024 18: +0,1709143200
1.052,28,Feb 28 2024 19: +0,1709146800
1.027,26,Feb 28 2024 20: +0,1709150400
1.042,30,Feb 28 2024 21: +0,1709154000
1.047,38,Feb 28 2024 22: +0,1709157600
1.035,26,Feb 28 2024 23: +0,1709161200
1.078,21,Feb 29 2024 00: +0,1709164800
1.059,9,Feb 29 2024 01: +0,1709168400
1.051,5,Feb 29 2024 02: +0,1709172000
1.059,7,Feb 29 2024 03: +0,1709175600
1.059,110,Feb 29 2024 04: +0,1709179200
1.066,17,Feb 29 2024 05: +0,1709182800
1.066,7,Feb 29 2024 06: +0,1709186400
1.059,5,Feb 29 2024 07: +0,1709190000
1.059,53,Feb 29 2024 08: +0,1709193600
1.079,7,Feb 29 2024 09: +0,1709197200
1.059,16,Feb 29 2024 10: +0,1709200800
0.98,24,Feb 29 2024 11: +0,1709204400
0.98,20,Feb 29 2024 12: +0,1709208000
0.989,8,Feb 29 2024 13: +0,1709211600
0.937,17,Feb 29 2024 14: +0,1709215200
0.95,7,Feb 29 2024 15: +0,1709218800
0.934,9,Feb 29 2024 16: +0,1709222400
0.905,9,Feb 29 2024 17: +0,1709226000
0.945,23,Feb 29 2024 18: +0,1709229600
0.905,9,Feb 29 2024 19: +0,1709233200
0.86,11,Feb 29 2024 20: +0,1709236800
0.841,16,Feb 29 2024 21: +0,1709240400
0.861,13,Feb 29 2024 22: +0,1709244000
0.862,9,Feb 29 2024 23: +0,1709247600
0.862,10,Mar 01 2024 00: +0,1709251200
0.858,10,Mar 01 2024 01: +0,1709254800
0.856,9,Mar 01 2024 02: +0,1709258400
0.861,10,Mar 01 2024 03: +0,1709262000
0.86,5,Mar 01 2024 04: +0,1709265600
0.413,3,Mar 01 2024 05: +0,1709269200
0.86,8,Mar 01 2024 06: +0,1709272800
0.799,12,Mar 01 2024 07: +0,1709276400
0.858,8,Mar 01 2024 08: +0,1709280000
0.79,33,Mar 01 2024 09: +0,1709283600
0.79,23,Mar 01 2024 10: +0,1709287200
0.792,12,Mar 01 2024 11: +0,1709290800
0.718,5,Mar 01 2024 12: +0,1709294400
0.737,12,Mar 01 2024 13: +0,1709298000
0.75,19,Mar 01 2024 14: +0,1709301600
0.801,6,Mar 01 2024 15: +0,1709305200
0.798,17,Mar 01 2024 16: +0,1709308800
0.792,14,Mar 01 2024 17: +0,1709312400
0.756,15,Mar 01 2024 18: +0,1709316000
0.764,11,Mar 01 2024 19: +0,1709319600
0.766,20,Mar 01 2024 20: +0,1709323200
0.754,28,Mar 01 2024 21: +0,1709326800
0.745,5,Mar 01 2024 22: +0,1709330400
0.754,9,Mar 01 2024 23: +0,1709334000
0.743,11,Mar 02 2024 00: +0,1709337600
0.747,2,Mar 02 2024 01: +0,1709341200
0.743,27,Mar 02 2024 02: +0,1709344800
0.79,11,Mar 02 2024 03: +0,1709348400
0.799,6,Mar 02 2024 04: +0,1709352000
0.736,64,Mar 02 2024 05: +0,1709355600
0.763,11,Mar 02 2024 06: +0,1709359200
0.791,3,Mar 02 2024 07: +0,1709362800
0.782,15,Mar 02 2024 08: +0,1709366400
0.796,21,Mar 02 2024 09: +0,1709370000
0.79,17,Mar 02 2024 10: +0,1709373600
0.79,5,Mar 02 2024 11: +0,1709377200
0.79,21,Mar 02 2024 12: +0,1709380800
0.81,36,Mar 02 2024 13: +0,1709384400
0.78,27,Mar 02 2024 14: +0,1709388000
0.788,11,Mar 02 2024 15: +0,1709391600
0.785,23,Mar 02 2024 16: +0,1709395200
0.755,10,Mar 02 2024 17: +0,1709398800
0.757,40,Mar 02 2024 18: +0,1709402400
0.799,23,Mar 02 2024 19: +0,1709406000
0.757,22,Mar 02 2024 20: +0,1709409600
0.811,25,Mar 02 2024 21: +0,1709413200
0.82,15,Mar 02 2024 22: +0,1709416800
0.817,19,Mar 02 2024 23: +0,1709420400
0.722,4,Mar 03 2024 00: +0,1709424000
0.797,3,Mar 03 2024 01: +0,1709427600
0.804,3,Mar 03 2024 02: +0,1709431200
0.593,4,Mar 03 2024 03: +0,1709434800
0.749,11,Mar 03 2024 04: +0,1709438400
0.749,5,Mar 03 2024 05: +0,1709442000
0.765,3,Mar 03 2024 06: +0,1709445600
0.76,9,Mar 03 2024 07: +0,1709449200
0.757,14,Mar 03 2024 08: +0,1709452800
0.757,8,Mar 03 2024 09: +0,1709456400
0.749,10,Mar 03 2024 10: +0,1709460000
0.757,12,Mar 03 2024 11: +0,1709463600
0.626,10,Mar 03 2024 12: +0,1709467200
0.757,9,Mar 03 2024 13: +0,1709470800
0.755,12,Mar 03 2024 14: +0,1709474400
0.757,16,Mar 03 2024 15: +0,1709478000
0.761,26,Mar 03 2024 16: +0,1709481600
0.771,14,Mar 03 2024 17: +0,1709485200
0.765,12,Mar 03 2024 18: +0,1709488800
0.757,10,Mar 03 2024 19: +0,1709492400
0.78,14,Mar 03 2024 20: +0,1709496000
0.765,17,Mar 03 2024 21: +0,1709499600
0.765,12,Mar 03 2024 22: +0,1709503200
0.757,8,Mar 03 2024 23: +0,1709506800
0.767,3,Mar 04 2024 01: +0,1709514000
0.755,4,Mar 04 2024 02: +0,1709517600
0.765,11,Mar 04 2024 04: +0,1709524800
0.774,6,Mar 04 2024 05: +0,1709528400
0.757,6,Mar 04 2024 06: +0,1709532000
0.775,12,Mar 04 2024 07: +0,1709535600
0.772,3,Mar 04 2024 08: +0,1709539200
0.741,8,Mar 04 2024 09: +0,1709542800
0.773,6,Mar 04 2024 10: +0,1709546400
0.757,15,Mar 04 2024 11: +0,1709550000
0.772,21,Mar 04 2024 12: +0,1709553600
0.741,15,Mar 04 2024 13: +0,1709557200
0.765,19,Mar 04 2024 14: +0,1709560800
0.765,18,Mar 04 2024 15: +0,1709564400
0.765,17,Mar 04 2024 16: +0,1709568000
0.778,13,Mar 04 2024 17: +0,1709571600
0.783,22,Mar 04 2024 18: +0,1709575200
0.778,23,Mar 04 2024 19: +0,1709578800
0.785,26,Mar 04 2024 20: +0,1709582400
0.795,11,Mar 04 2024 21: +0,1709586000
0.761,12,Mar 04 2024 22: +0,1709589600
0.765,4,Mar 04 2024 23: +0,1709593200
0.768,4,Mar 05 2024 00: +0,1709596800
0.791,3,Mar 05 2024 01: +0,1709600400
0.765,6,Mar 05 2024 02: +0,1709604000
0.77,1,Mar 05 2024 03: +0,1709607600
0.78,3,Mar 05 2024 04: +0,1709611200
0.765,13,Mar 05 2024 05: +0,1709614800
0.761,6,Mar 05 2024 06: +0,1709618400
0.772,1,Mar 05 2024 07: +0,1709622000
0.772,3,Mar 05 2024 08: +0,1709625600
0.784,16,Mar 05 2024 09: +0,1709629200
0.846,90,Mar 05 2024 10: +0,1709632800
0.835,9,Mar 05 2024 11: +0,1709636400
0.801,3,Mar 05 2024 12: +0,1709640000
0.796,5,Mar 05 2024 13: +0,1709643600
0.787,7,Mar 05 2024 14: +0,1709647200
0.788,35,Mar 05 2024 15: +0,1709650800
0.788,10,Mar 05 2024 16: +0,1709654400
0.772,7,Mar 05 2024 17: +0,1709658000
0.788,9,Mar 05 2024 18: +0,1709661600
0.798,12,Mar 05 2024 19: +0,1709665200
0.784,15,Mar 05 2024 20: +0,1709668800
0.765,14,Mar 05 2024 21: +0,1709672400
0.765,10,Mar 05 2024 22: +0,1709676000
0.757,22,Mar 05 2024 23: +0,1709679600
0.777,4,Mar 06 2024 00: +0,1709683200
0.788,5,Mar 06 2024 01: +0,1709686800
0.407,1,Mar 06 2024 02: +0,1709690400
0.772,8,Mar 06 2024 03: +0,1709694000
0.784,4,Mar 06 2024 04: +0,1709697600
0.765,6,Mar 06 2024 05: +0,1709701200
0.78,18,Mar 06 2024 06: +0,1709704800
0.757,3,Mar 06 2024 07: +0,1709708400
0.765,5,Mar 06 2024 08: +0,1709712000
0.749,3,Mar 06 2024 09: +0,1709715600
0.757,17,Mar 06 2024 10: +0,1709719200
0.757,5,Mar 06 2024 11: +0,1709722800
0.757,18,Mar 06 2024 12: +0,1709726400
0.749,13,Mar 06 2024 13: +0,1709730000
0.757,23,Mar 06 2024 14: +0,1709733600
0.765,23,Mar 06 2024 15: +0,1709737200
0.749,20,Mar 06 2024 16: +0,1709740800
0.757,20,Mar 06 2024 17: +0,1709744400
0.761,16,Mar 06 2024 18: +0,1709748000
0.757,33,Mar 06 2024 19: +0,1709751600
0.757,19,Mar 06 2024 20: +0,1709755200
0.765,17,Mar 06 2024 21: +0,1709758800
0.765,18,Mar 06 2024 22: +0,1709762400
0.741,11,Mar 06 2024 23: +0,1709766000
0.757,21,Mar 07 2024 00: +0,1709769600
0.765,8,Mar 07 2024 01: +0,1709773200
0.772,5,Mar 07 2024 02: +0,1709776800
0.78,9,Mar 07 2024 03: +0,1709780400
0.782,6,Mar 07 2024 04: +0,1709784000
0.788,26,Mar 07 2024 05: +0,1709787600
0.772,16,Mar 07 2024 06: +0,1709791200
0.804,26,Mar 07 2024 07: +0,1709794800
0.81,19,Mar 07 2024 08: +0,1709798400
0.841,24,Mar 07 2024 09: +0,1709802000
0.852,12,Mar 07 2024 10: +0,1709805600
0.86,55,Mar 07 2024 11: +0,1709809200
0.849,16,Mar 07 2024 12: +0,1709812800
0.897,42,Mar 07 2024 13: +0,1709816400
0.862,8,Mar 07 2024 14: +0,1709820000
0.897,34,Mar 07 2024 15: +0,1709823600
0.854,11,Mar 07 2024 16: +0,1709827200
0.856,14,Mar 07 2024 17: +0,1709830800
0.804,19,Mar 07 2024 18: +0,1709834400
0.849,10,Mar 07 2024 19: +0,1709838000
0.835,11,Mar 07 2024 20: +0,1709841600
0.815,25,Mar 07 2024 21: +0,1709845200
0.839,15,Mar 07 2024 22: +0,1709848800
0.843,13,Mar 07 2024 23: +0,1709852400
0.851,4,Mar 08 2024 00: +0,1709856000
0.874,15,Mar 08 2024 01: +0,1709859600
0.879,8,Mar 08 2024 02: +0,1709863200
0.862,3,Mar 08 2024 03: +0,1709866800
0.866,18,Mar 08 2024 04: +0,1709870400
0.877,2,Mar 08 2024 05: +0,1709874000
0.872,3,Mar 08 2024 06: +0,1709877600
0.869,9,Mar 08 2024 08: +0,1709884800
0.864,6,Mar 08 2024 09: +0,1709888400
0.801,14,Mar 08 2024 10: +0,1709892000
0.8,8,Mar 08 2024 11: +0,1709895600
0.788,8,Mar 08 2024 12: +0,1709899200
0.784,16,Mar 08 2024 13: +0,1709902800
0.811,25,Mar 08 2024 14: +0,1709906400
0.788,15,Mar 08 2024 15: +0,1709910000
0.802,9,Mar 08 2024 16: +0,1709913600
0.788,19,Mar 08 2024 17: +0,1709917200
0.821,18,Mar 08 2024 18: +0,1709920800
0.811,17,Mar 08 2024 19: +0,1709924400
0.788,14,Mar 08 2024 20: +0,1709928000
0.788,19,Mar 08 2024 21: +0,1709931600
0.826,13,Mar 08 2024 22: +0,1709935200
0.836,8,Mar 08 2024 23: +0,1709938800
0.78,12,Mar 09 2024 00: +0,1709942400
0.78,6,Mar 09 2024 01: +0,1709946000
0.788,3,Mar 09 2024 02: +0,1709949600
0.788,2,Mar 09 2024 03: +0,1709953200
0.788,11,Mar 09 2024 04: +0,1709956800
0.804,5,Mar 09 2024 05: +0,1709960400
0.765,3,Mar 09 2024 06: +0,1709964000
0.788,5,Mar 09 2024 07: +0,1709967600
0.78,9,Mar 09 2024 08: +0,1709971200
0.794,6,Mar 09 2024 09: +0,1709974800
0.811,18,Mar 09 2024 10: +0,1709978400
0.844,6,Mar 09 2024 11: +0,1709982000
0.837,16,Mar 09 2024 12: +0,1709985600
0.803,8,Mar 09 2024 13: +0,1709989200
0.803,17,Mar 09 2024 14: +0,1709992800
0.803,15,Mar 09 2024 15: +0,1709996400
0.788,10,Mar 09 2024 16: +0,1710000000
0.803,14,Mar 09 2024 17: +0,1710003600
0.81,25,Mar 09 2024 18: +0,1710007200
0.803,7,Mar 09 2024 19: +0,1710010800
0.78,22,Mar 09 2024 20: +0,1710014400
0.812,15,Mar 09 2024 21: +0,1710018000
0.803,10,Mar 09 2024 22: +0,1710021600
0.816,13,Mar 09 2024 23: +0,1710025200
0.811,11,Mar 10 2024 00: +0,1710028800
0.827,7,Mar 10 2024 01: +0,1710032400
0.819,6,Mar 10 2024 02: +0,1710036000
0.78,6,Mar 10 2024 03: +0,1710039600
0.803,3,Mar 10 2024 04: +0,1710043200
0.803,7,Mar 10 2024 05: +0,1710046800
0.831,6,Mar 10 2024 06: +0,1710050400
0.835,11,Mar 10 2024 07: +0,1710054000
0.796,2,Mar 10 2024 08: +0,1710057600
0.842,8,Mar 10 2024 09: +0,1710061200
0.768,4,Mar 10 2024 10: +0,1710064800
0.814,11,Mar 10 2024 11: +0,1710068400
0.788,9,Mar 10 2024 12: +0,1710072000
0.765,15,Mar 10 2024 13: +0,1710075600
0.8,13,Mar 10 2024 14: +0,1710079200
0.788,15,Mar 10 2024 15: +0,1710082800
0.788,10,Mar 10 2024 16: +0,1710086400
0.804,12,Mar 10 2024 17: +0,1710090000
0.776,6,Mar 10 2024 18: +0,1710093600
0.788,15,Mar 10 2024 19: +0,1710097200
0.806,11,Mar 10 2024 20: +0,1710100800
0.8,18,Mar 10 2024 21: +0,1710104400
0.776,12,Mar 10 2024 22: +0,1710108000
0.772,7,Mar 10 2024 23: +0,1710111600
0.78,7,Mar 11 2024 00: +0,1710115200
0.801,2,Mar 11 2024 01: +0,1710118800
0.78,15,Mar 11 2024 02: +0,1710122400
0.793,3,Mar 11 2024 03: +0,1710126000
0.78,6,Mar 11 2024 04: +0,1710129600
0.765,1,Mar 11 2024 05: +0,1710133200
0.784,2,Mar 11 2024 07: +0,1710140400
0.784,2,Mar 11 2024 08: +0,1710144000
0.78,18,Mar 11 2024 09: +0,1710147600
0.772,9,Mar 11 2024 10: +0,1710151200
0.78,7,Mar 11 2024 11: +0,1710154800
0.78,11,Mar 11 2024 12: +0,1710158400
0.786,18,Mar 11 2024 13: +0,1710162000
0.78,9,Mar 11 2024 14: +0,1710165600
0.784,15,Mar 11 2024 15: +0,1710169200
0.772,15,Mar 11 2024 16: +0,1710172800
0.78,18,Mar 11 2024 17: +0,1710176400
0.776,8,Mar 11 2024 18: +0,1710180000
0.772,13,Mar 11 2024 19: +0,1710183600
0.795,12,Mar 11 2024 20: +0,1710187200
0.796,15,Mar 11 2024 21: +0,1710190800
0.78,22,Mar 11 2024 22: +0,1710194400
0.78,7,Mar 11 2024 23: +0,1710198000
0.8,5,Mar 12 2024 00: +0,1710201600
0.788,7,Mar 12 2024 01: +0,1710205200
0.818,10,Mar 12 2024 02: +0,1710208800
0.544,2,Mar 12 2024 03: +0,1710212400
0.817,4,Mar 12 2024 04: +0,1710216000
0.796,2,Mar 12 2024 06: +0,1710223200
0.723,8,Mar 12 2024 07: +0,1710226800
0.788,5,Mar 12 2024 08: +0,1710230400
0.756,8,Mar 12 2024 09: +0,1710234000
0.788,9,Mar 12 2024 10: +0,1710237600
0.799,26,Mar 12 2024 11: +0,1710241200
0.788,7,Mar 12 2024 12: +0,1710244800
0.796,20,Mar 12 2024 13: +0,1710248400
0.796,41,Mar 12 2024 14: +0,1710252000
0.788,12,Mar 12 2024 15: +0,1710255600
0.788,29,Mar 12 2024 16: +0,1710259200
0.796,99,Mar 12 2024 17: +0,1710262800
0.809,18,Mar 12 2024 18: +0,1710266400
0.807,17,Mar 12 2024 19: +0,1710270000
0.806,17,Mar 12 2024 20: +0,1710273600
0.812,30,Mar 12 2024 21: +0,1710277200
0.81,17,Mar 12 2024 22: +0,1710280800
0.799,7,Mar 12 2024 23: +0,1710284400
0.788,84,Mar 13 2024 00: +0,1710288000
0.788,223,Mar 13 2024 01: +0,1710291600
0.788,15,Mar 13 2024 02: +0,1710295200
0.788,8,Mar 13 2024 03: +0,1710298800
0.775,6,Mar 13 2024 04: +0,1710302400
0.752,2,Mar 13 2024 05: +0,1710306000
0.701,7,Mar 13 2024 06: +0,1710309600
0.788,11,Mar 13 2024 07: +0,1710313200
0.733,9,Mar 13 2024 08: +0,1710316800
0.751,2,Mar 13 2024 09: +0,1710320400
0.749,21,Mar 13 2024 10: +0,1710324000
0.749,8,Mar 13 2024 11: +0,1710327600
0.749,15,Mar 13 2024 12: +0,1710331200
0.739,18,Mar 13 2024 13: +0,1710334800
0.739,25,Mar 13 2024 14: +0,1710338400
0.749,17,Mar 13 2024 15: +0,1710342000
0.755,27,Mar 13 2024 16: +0,1710345600
0.724,6,Mar 13 2024 17: +0,1710349200
0.686,13,Mar 13 2024 18: +0,1710352800
0.686,9,Mar 13 2024 19: +0,1710356400
0.686,14,Mar 13 2024 20: +0,1710360000
0.686,15,Mar 13 2024 21: +0,1710363600
0.678,15,Mar 13 2024 22: +0,1710367200
0.693,20,Mar 13 2024 23: +0,1710370800
0.706,14,Mar 14 2024 00: +0,1710374400
0.67,9,Mar 14 2024 01: +0,1710378000
0.678,15,Mar 14 2024 02: +0,1710381600
0.672,5,Mar 14 2024 03: +0,1710385200
0.693,13,Mar 14 2024 04: +0,1710388800
0.693,5,Mar 14 2024 05: +0,1710392400
0.693,11,Mar 14 2024 06: +0,1710396000
0.693,12,Mar 14 2024 07: +0,1710399600
0.686,5,Mar 14 2024 08: +0,1710403200
0.674,22,Mar 14 2024 09: +0,1710406800
0.693,7,Mar 14 2024 10: +0,1710410400
0.693,13,Mar 14 2024 11: +0,1710414000
0.693,30,Mar 14 2024 12: +0,1710417600
0.701,20,Mar 14 2024 13: +0,1710421200
0.701,13,Mar 14 2024 14: +0,1710424800
0.67,31,Mar 14 2024 15: +0,1710428400
0.67,42,Mar 14 2024 16: +0,1710432000
0.693,17,Mar 14 2024 17: +0,1710435600
0.678,32,Mar 14 2024 18: +0,1710439200
0.677,14,Mar 14 2024 19: +0,1710442800
0.677,17,Mar 14 2024 20: +0,1710446400
0.674,20,Mar 14 2024 21: +0,1710450000
0.671,16,Mar 14 2024 22: +0,1710453600
0.671,11,Mar 14 2024 23: +0,1710457200
0.652,11,Mar 15 2024 00: +0,1710460800
0.668,2,Mar 15 2024 01: +0,1710464400
0.669,14,Mar 15 2024 02: +0,1710468000
0.67,7,Mar 15 2024 03: +0,1710471600
0.678,10,Mar 15 2024 04: +0,1710475200
0.689,2,Mar 15 2024 05: +0,1710478800
0.67,8,Mar 15 2024 06: +0,1710482400
0.661,4,Mar 15 2024 07: +0,1710486000
0.664,11,Mar 15 2024 08: +0,1710489600
0.667,4,Mar 15 2024 09: +0,1710493200
0.661,12,Mar 15 2024 10: +0,1710496800
0.654,11,Mar 15 2024 11: +0,1710500400
0.658,14,Mar 15 2024 12: +0,1710504000
0.661,18,Mar 15 2024 13: +0,1710507600
0.661,14,Mar 15 2024 14: +0,1710511200
0.661,20,Mar 15 2024 15: +0,1710514800
0.65,11,Mar 15 2024 16: +0,1710518400
0.638,22,Mar 15 2024 17: +0,1710522000
0.63,25,Mar 15 2024 18: +0,1710525600
0.635,17,Mar 15 2024 19: +0,1710529200
0.633,12,Mar 15 2024 20: +0,1710532800
0.629,18,Mar 15 2024 21: +0,1710536400
0.643,30,Mar 15 2024 22: +0,1710540000
0.63,14,Mar 15 2024 23: +0,1710543600
0.607,13,Mar 16 2024 00: +0,1710547200
0.628,16,Mar 16 2024 01: +0,1710550800
0.634,6,Mar 16 2024 02: +0,1710554400
0.634,4,Mar 16 2024 03: +0,1710558000
0.638,5,Mar 16 2024 04: +0,1710561600
0.639,4,Mar 16 2024 05: +0,1710565200
0.646,12,Mar 16 2024 06: +0,1710568800
0.647,8,Mar 16 2024 07: +0,1710572400
0.629,7,Mar 16 2024 08: +0,1710576000
0.625,3,Mar 16 2024 09: +0,1710579600
0.569,6,Mar 16 2024 10: +0,1710583200
0.614,13,Mar 16 2024 11: +0,1710586800
0.597,24,Mar 16 2024 12: +0,1710590400
0.628,18,Mar 16 2024 13: +0,1710594000
0.595,18,Mar 16 2024 14: +0,1710597600
0.599,16,Mar 16 2024 15: +0,1710601200
0.614,15,Mar 16 2024 16: +0,1710604800
0.598,16,Mar 16 2024 17: +0,1710608400
0.618,15,Mar 16 2024 18: +0,1710612000
0.618,19,Mar 16 2024 19: +0,1710615600
0.608,9,Mar 16 2024 20: +0,1710619200
0.598,24,Mar 16 2024 21: +0,1710622800
0.615,8,Mar 16 2024 22: +0,1710626400
0.615,15,Mar 16 2024 23: +0,1710630000
0.608,14,Mar 17 2024 00: +0,1710633600
0.614,17,Mar 17 2024 01: +0,1710637200
0.625,17,Mar 17 2024 02: +0,1710640800
0.615,14,Mar 17 2024 03: +0,1710644400
0.623,7,Mar 17 2024 04: +0,1710648000
0.548,7,Mar 17 2024 05: +0,1710651600
0.615,119,Mar 17 2024 06: +0,1710655200
0.624,14,Mar 17 2024 07: +0,1710658800
0.625,25,Mar 17 2024 08: +0,1710662400
0.624,7,Mar 17 2024 09: +0,1710666000
0.607,13,Mar 17 2024 10: +0,1710669600
0.592,12,Mar 17 2024 11: +0,1710673200
0.609,14,Mar 17 2024 12: +0,1710676800
0.625,41,Mar 17 2024 13: +0,1710680400
0.616,8,Mar 17 2024 14: +0,1710684000
0.605,20,Mar 17 2024 15: +0,1710687600
0.608,23,Mar 17 2024 16: +0,1710691200
0.626,33,Mar 17 2024 17: +0,1710694800
0.607,30,Mar 17 2024 18: +0,1710698400
0.625,12,Mar 17 2024 19: +0,1710702000
0.634,19,Mar 17 2024 20: +0,1710705600
0.607,64,Mar 17 2024 21: +0,1710709200
0.615,25,Mar 17 2024 22: +0,1710712800
0.614,7,Mar 17 2024 23: +0,1710716400
0.617,6,Mar 18 2024 00: +0,1710720000
0.591,8,Mar 18 2024 01: +0,1710723600
0.603,4,Mar 18 2024 02: +0,1710727200
0.599,15,Mar 18 2024 03: +0,1710730800
0.634,6,Mar 18 2024 04: +0,1710734400
0.64,3,Mar 18 2024 05: +0,1710738000
0.643,4,Mar 18 2024 06: +0,1710741600
0.591,1,Mar 18 2024 07: +0,1710745200
0.599,10,Mar 18 2024 08: +0,1710748800
0.591,2,Mar 18 2024 09: +0,1710752400
0.615,8,Mar 18 2024 10: +0,1710756000
0.591,3,Mar 18 2024 11: +0,1710759600
0.622,7,Mar 18 2024 12: +0,1710763200
0.615,9,Mar 18 2024 13: +0,1710766800
0.614,9,Mar 18 2024 14: +0,1710770400
0.612,15,Mar 18 2024 15: +0,1710774000
0.614,24,Mar 18 2024 16: +0,1710777600
0.607,24,Mar 18 2024 17: +0,1710781200
0.615,18,Mar 18 2024 18: +0,1710784800
0.634,11,Mar 18 2024 19: +0,1710788400
0.591,28,Mar 18 2024 20: +0,1710792000
0.632,23,Mar 18 2024 21: +0,1710795600
0.619,14,Mar 18 2024 22: +0,1710799200
0.617,8,Mar 18 2024 23: +0,1710802800
0.591,4,Mar 19 2024 00: +0,1710806400
0.599,5,Mar 19 2024 01: +0,1710810000
0.63,3,Mar 19 2024 02: +0,1710813600
0.622,5,Mar 19 2024 03: +0,1710817200
0.599,5,Mar 19 2024 04: +0,1710820800
0.607,10,Mar 19 2024 05: +0,1710824400
0.599,5,Mar 19 2024 06: +0,1710828000
0.618,2,Mar 19 2024 07: +0,1710831600
0.591,4,Mar 19 2024 08: +0,1710835200
0.607,3,Mar 19 2024 09: +0,1710838800
0.621,18,Mar 19 2024 10: +0,1710842400
0.595,10,Mar 19 2024 11: +0,1710846000
0.599,5,Mar 19 2024 12: +0,1710849600
0.615,5,Mar 19 2024 13: +0,1710853200
0.591,7,Mar 19 2024 14: +0,1710856800
0.615,15,Mar 19 2024 15: +0,1710860400
0.615,6,Mar 19 2024 16: +0,1710864000
0.621,10,Mar 19 2024 17: +0,1710867600
0.634,22,Mar 19 2024 18: +0,1710871200
0.615,3,Mar 19 2024 19: +0,1710874800
0.611,14,Mar 19 2024 20: +0,1710878400
0.599,19,Mar 19 2024 21: +0,1710882000
0.61,19,Mar 19 2024 22: +0,1710885600
0.617,11,Mar 19 2024 23: +0,1710889200
0.61,9,Mar 20 2024 00: +0,1710892800
0.62,6,Mar 20 2024 01: +0,1710896400
0.631,5,Mar 20 2024 02: +0,1710900000
0.578,9,Mar 20 2024 03: +0,1710903600
0.628,9,Mar 20 2024 04: +0,1710907200
0.614,6,Mar 20 2024 05: +0,1710910800
0.632,16,Mar 20 2024 06: +0,1710914400
0.641,6,Mar 20 2024 07: +0,1710918000
0.617,7,Mar 20 2024 08: +0,1710921600
0.636,10,Mar 20 2024 09: +0,1710925200
0.629,8,Mar 20 2024 10: +0,1710928800
0.642,13,Mar 20 2024 11: +0,1710932400
0.623,12,Mar 20 2024 12: +0,1710936000
0.614,20,Mar 20 2024 13: +0,1710939600
0.629,15,Mar 20 2024 14: +0,1710943200
0.617,27,Mar 20 2024 15: +0,1710946800
0.617,21,Mar 20 2024 16: +0,1710950400
0.633,17,Mar 20 2024 17: +0,1710954000
0.627,21,Mar 20 2024 18: +0,1710957600
0.627,26,Mar 20 2024 19: +0,1710961200
0.627,21,Mar 20 2024 20: +0,1710964800
0.629,30,Mar 20 2024 21: +0,1710968400
0.628,12,Mar 20 2024 22: +0,1710972000
0.639,10,Mar 20 2024 23: +0,1710975600
0.633,10,Mar 21 2024 00: +0,1710979200
0.61,7,Mar 21 2024 01: +0,1710982800
0.614,4,Mar 21 2024 02: +0,1710986400
0.617,11,Mar 21 2024 03: +0,1710990000
0.617,17,Mar 21 2024 04: +0,1710993600
0.617,23,Mar 21 2024 05: +0,1710997200
0.61,16,Mar 21 2024 06: +0,1711000800
0.615,8,Mar 21 2024 07: +0,1711004400
0.606,26,Mar 21 2024 08: +0,1711008000
0.598,15,Mar 21 2024 09: +0,1711011600
0.609,14,Mar 21 2024 10: +0,1711015200
0.602,15,Mar 21 2024 11: +0,1711018800
0.602,11,Mar 21 2024 12: +0,1711022400
0.601,21,Mar 21 2024 13: +0,1711026000
0.602,25,Mar 21 2024 14: +0,1711029600
0.598,5,Mar 21 2024 15: +0,1711033200
0.605,18,Mar 21 2024 16: +0,1711036800
0.594,17,Mar 21 2024 17: +0,1711040400
0.596,20,Mar 21 2024 18: +0,1711044000
0.606,16,Mar 21 2024 19: +0,1711047600
0.606,26,Mar 21 2024 20: +0,1711051200
0.603,14,Mar 21 2024 21: +0,1711054800
0.595,12,Mar 21 2024 22: +0,1711058400
0.602,9,Mar 21 2024 23: +0,1711062000
0.602,9,Mar 22 2024 00: +0,1711065600
0.6,8,Mar 22 2024 01: +0,1711069200
0.611,4,Mar 22 2024 02: +0,1711072800
0.594,2,Mar 22 2024 03: +0,1711076400
0.602,8,Mar 22 2024 04: +0,1711080000
0.594,3,Mar 22 2024 05: +0,1711083600
0.598,4,Mar 22 2024 07: +0,1711090800
0.606,6,Mar 22 2024 08: +0,1711094400
0.628,19,Mar 22 2024 09: +0,1711098000
0.594,10,Mar 22 2024 10: +0,1711101600
0.594,11,Mar 22 2024 11: +0,1711105200
0.598,10,Mar 22 2024 12: +0,1711108800
0.61,14,Mar 22 2024 13: +0,1711112400
0.617,16,Mar 22 2024 14: +0,1711116000
0.61,16,Mar 22 2024 15: +0,1711119600
0.602,15,Mar 22 2024 16: +0,1711123200
0.629,44,Mar 22 2024 17: +0,1711126800
0.631,14,Mar 22 2024 18: +0,1711130400
0.617,25,Mar 22 2024 19: +0,1711134000
0.624,16,Mar 22 2024 20: +0,1711137600
0.628,40,Mar 22 2024 21: +0,1711141200
0.61,18,Mar 22 2024 22: +0,1711144800
0.622,16,Mar 22 2024 23: +0,1711148400
0.625,8,Mar 23 2024 00: +0,1711152000
0.602,4,Mar 23 2024 01: +0,1711155600
0.621,7,Mar 23 2024 02: +0,1711159200
0.626,11,Mar 23 2024 03: +0,1711162800
0.617,1,Mar 23 2024 04: +0,1711166400
0.602,6,Mar 23 2024 05: +0,1711170000
0.613,19,Mar 23 2024 06: +0,1711173600
0.633,28,Mar 23 2024 07: +0,1711177200
0.602,9,Mar 23 2024 08: +0,1711180800
0.602,8,Mar 23 2024 09: +0,1711184400
0.673,497,Mar 23 2024 10: +0,1711188000
0.745,21,Mar 23 2024 11: +0,1711191600
0.61,21,Mar 23 2024 12: +0,1711195200
0.679,13,Mar 23 2024 13: +0,1711198800
0.642,11,Mar 23 2024 14: +0,1711202400
0.619,19,Mar 23 2024 15: +0,1711206000
0.629,15,Mar 23 2024 16: +0,1711209600
0.619,12,Mar 23 2024 17: +0,1711213200
0.617,19,Mar 23 2024 18: +0,1711216800
0.617,28,Mar 23 2024 19: +0,1711220400
0.635,11,Mar 23 2024 20: +0,1711224000
0.627,27,Mar 23 2024 21: +0,1711227600
0.619,11,Mar 23 2024 22: +0,1711231200
0.61,13,Mar 23 2024 23: +0,1711234800
0.641,22,Mar 24 2024 00: +0,1711238400
0.665,9,Mar 24 2024 01: +0,1711242000
0.685,9,Mar 24 2024 02: +0,1711245600
0.689,1,Mar 24 2024 03: +0,1711249200
0.663,8,Mar 24 2024 04: +0,1711252800
0.637,4,Mar 24 2024 05: +0,1711256400
0.674,8,Mar 24 2024 06: +0,1711260000
0.665,17,Mar 24 2024 07: +0,1711263600
0.634,7,Mar 24 2024 08: +0,1711267200
0.614,10,Mar 24 2024 09: +0,1711270800
0.61,12,Mar 24 2024 10: +0,1711274400
0.621,13,Mar 24 2024 11: +0,1711278000
0.61,28,Mar 24 2024 12: +0,1711281600
0.602,15,Mar 24 2024 13: +0,1711285200
0.61,11,Mar 24 2024 14: +0,1711288800
0.619,12,Mar 24 2024 15: +0,1711292400
0.645,15,Mar 24 2024 16: +0,1711296000
0.61,20,Mar 24 2024 17: +0,1711299600
0.61,11,Mar 24 2024 18: +0,1711303200
0.602,14,Mar 24 2024 19: +0,1711306800
0.633,9,Mar 24 2024 20: +0,1711310400
0.612,11,Mar 24 2024 21: +0,1711314000
0.61,12,Mar 24 2024 22: +0,1711317600
0.63,8,Mar 24 2024 23: +0,1711321200
0.602,5,Mar 25 2024 00: +0,1711324800
0.613,2,Mar 25 2024 01: +0,1711328400
0.606,10,Mar 25 2024 02: +0,1711332000
0.598,6,Mar 25 2024 03: +0,1711335600
0.602,1,Mar 25 2024 04: +0,1711339200
0.605,6,Mar 25 2024 05: +0,1711342800
0.606,6,Mar 25 2024 06: +0,1711346400
0.617,6,Mar 25 2024 07: +0,1711350000
0.602,5,Mar 25 2024 08: +0,1711353600
0.625,5,Mar 25 2024 09: +0,1711357200
0.622,10,Mar 25 2024 10: +0,1711360800
0.619,6,Mar 25 2024 11: +0,1711364400
0.615,3,Mar 25 2024 12: +0,1711368000
0.625,8,Mar 25 2024 13: +0,1711371600
0.625,29,Mar 25 2024 14: +0,1711375200
0.619,11,Mar 25 2024 15: +0,1711378800
0.625,21,Mar 25 2024 16: +0,1711382400
0.631,15,Mar 25 2024 17: +0,1711386000
0.634,21,Mar 25 2024 18: +0,1711389600
0.619,24,Mar 25 2024 19: +0,1711393200
0.62,8,Mar 25 2024 20: +0,1711396800
0.621,14,Mar 25 2024 21: +0,1711400400
0.62,5,Mar 25 2024 22: +0,1711404000
0.614,2,Mar 25 2024 23: +0,1711407600
0.594,7,Mar 26 2024 00: +0,1711411200
0.592,7,Mar 26 2024 01: +0,1711414800
0.622,8,Mar 26 2024 02: +0,1711418400
0.601,10,Mar 26 2024 03: +0,1711422000
0.627,4,Mar 26 2024 04: +0,1711425600
0.586,12,Mar 26 2024 05: +0,1711429200
0.614,7,Mar 26 2024 06: +0,1711432800
0.586,4,Mar 26 2024 07: +0,1711436400
0.593,5,Mar 26 2024 08: +0,1711440000
0.586,9,Mar 26 2024 09: +0,1711443600
0.586,5,Mar 26 2024 10: +0,1711447200
0.597,10,Mar 26 2024 11: +0,1711450800
0.595,12,Mar 26 2024 12: +0,1711454400
0.586,8,Mar 26 2024 13: +0,1711458000
0.557,21,Mar 26 2024 14: +0,1711461600
0.595,12,Mar 26 2024 15: +0,1711465200
0.604,10,Mar 26 2024 16: +0,1711468800
0.604,10,Mar 26 2024 17: +0,1711472400
0.586,18,Mar 26 2024 18: +0,1711476000
0.6,14,Mar 26 2024 19: +0,1711479600
0.594,18,Mar 26 2024 20: +0,1711483200
0.59,13,Mar 26 2024 21: +0,1711486800
0.601,8,Mar 26 2024 22: +0,1711490400
0.606,2,Mar 26 2024 23: +0,1711494000
0.617,11,Mar 27 2024 00: +0,1711497600
0.586,3,Mar 27 2024 01: +0,1711501200
0.582,2,Mar 27 2024 02: +0,1711504800
0.594,7,Mar 27 2024 03: +0,1711508400
0.61,3,Mar 27 2024 04: +0,1711512000
0.601,6,Mar 27 2024 05: +0,1711515600
0.594,4,Mar 27 2024 06: +0,1711519200
0.61,5,Mar 27 2024 07: +0,1711522800
0.594,12,Mar 27 2024 08: +0,1711526400
0.594,8,Mar 27 2024 09: +0,1711530000
0.594,19,Mar 27 2024 10: +0,1711533600
0.609,15,Mar 27 2024 11: +0,1711537200
0.609,32,Mar 27 2024 12: +0,1711540800
0.61,9,Mar 27 2024 13: +0,1711544400
0.6,13,Mar 27 2024 14: +0,1711548000
0.6,11,Mar 27 2024 15: +0,1711551600
0.6,34,Mar 27 2024 16: +0,1711555200
0.602,23,Mar 27 2024 17: +0,1711558800
0.6,27,Mar 27 2024 18: +0,1711562400
0.628,28,Mar 27 2024 19: +0,1711566000
0.586,45,Mar 27 2024 20: +0,1711569600
0.604,26,Mar 27 2024 21: +0,1711573200
0.635,29,Mar 27 2024 22: +0,1711576800
0.619,29,Mar 27 2024 23: +0,1711580400
0.587,8,Mar 28 2024 00: +0,1711584000
0.594,11,Mar 28 2024 01: +0,1711587600
0.61,2,Mar 28 2024 02: +0,1711591200
0.641,4,Mar 28 2024 03: +0,1711594800
0.578,4,Mar 28 2024 04: +0,1711598400
0.602,3,Mar 28 2024 05: +0,1711602000
0.614,4,Mar 28 2024 06: +0,1711605600
0.598,2,Mar 28 2024 07: +0,1711609200
0.578,3,Mar 28 2024 08: +0,1711612800
0.591,6,Mar 28 2024 09: +0,1711616400
0.596,7,Mar 28 2024 10: +0,1711620000
0.601,5,Mar 28 2024 11: +0,1711623600
0.602,11,Mar 28 2024 12: +0,1711627200
0.586,14,Mar 28 2024 13: +0,1711630800
0.591,8,Mar 28 2024 14: +0,1711634400
0.599,25,Mar 28 2024 15: +0,1711638000
0.596,9,Mar 28 2024 16: +0,1711641600
0.594,10,Mar 28 2024 17: +0,1711645200
0.59,22,Mar 28 2024 18: +0,1711648800
0.578,13,Mar 28 2024 19: +0,1711652400
0.579,22,Mar 28 2024 20: +0,1711656000
0.6,18,Mar 28 2024 21: +0,1711659600
0.59,7,Mar 28 2024 22: +0,1711663200
0.599,13,Mar 28 2024 23: +0,1711666800
0.578,12,Mar 29 2024 00: +0,1711670400
0.599,1,Mar 29 2024 01: +0,1711674000
0.594,6,Mar 29 2024 02: +0,1711677600
0.586,3,Mar 29 2024 03: +0,1711681200
0.594,7,Mar 29 2024 04: +0,1711684800
0.586,4,Mar 29 2024 05: +0,1711688400
0.594,3,Mar 29 2024 06: +0,1711692000
0.58,2,Mar 29 2024 07: +0,1711695600
0.602,13,Mar 29 2024 08: +0,1711699200
0.604,4,Mar 29 2024 09: +0,1711702800
0.606,13,Mar 29 2024 10: +0,1711706400
0.594,13,Mar 29 2024 11: +0,1711710000
0.616,12,Mar 29 2024 12: +0,1711713600
0.616,12,Mar 29 2024 13: +0,1711717200
0.594,13,Mar 29 2024 14: +0,1711720800
0.602,12,Mar 29 2024 15: +0,1711724400
0.59,18,Mar 29 2024 16: +0,1711728000
0.606,5,Mar 29 2024 17: +0,1711731600
0.602,27,Mar 29 2024 18: +0,1711735200
0.602,54,Mar 29 2024 19: +0,1711738800
0.607,14,Mar 29 2024 20: +0,1711742400
0.602,18,Mar 29 2024 21: +0,1711746000
0.611,8,Mar 29 2024 22: +0,1711749600
0.626,14,Mar 29 2024 23: +0,1711753200
0.615,15,Mar 30 2024 00: +0,1711756800
0.602,7,Mar 30 2024 01: +0,1711760400
0.602,11,Mar 30 2024 02: +0,1711764000
0.602,5,Mar 30 2024 03: +0,1711767600
0.602,1,Mar 30 2024 04: +0,1711771200
0.602,2,Mar 30 2024 05: +0,1711774800
0.615,6,Mar 30 2024 06: +0,1711778400
0.61,3,Mar 30 2024 07: +0,1711782000
0.61,6,Mar 30 2024 08: +0,1711785600
0.61,11,Mar 30 2024 09: +0,1711789200
0.62,9,Mar 30 2024 10: +0,1711792800
0.621,11,Mar 30 2024 11: +0,1711796400
0.602,17,Mar 30 2024 12: +0,1711800000
0.609,18,Mar 30 2024 13: +0,1711803600
0.584,18,Mar 30 2024 14: +0,1711807200
0.568,15,Mar 30 2024 15: +0,1711810800
0.581,5,Mar 30 2024 16: +0,1711814400
0.59,10,Mar 30 2024 17: +0,1711818000
0.562,17,Mar 30 2024 18: +0,1711821600
0.6,18,Mar 30 2024 19: +0,1711825200
0.59,19,Mar 30 2024 20: +0,1711828800
0.589,13,Mar 30 2024 21: +0,1711832400
0.588,14,Mar 30 2024 22: +0,1711836000
0.597,6,Mar 30 2024 23: +0,1711839600
0.576,8,Mar 31 2024 00: +0,1711843200
0.578,2,Mar 31 2024 01: +0,1711846800
0.562,5,Mar 31 2024 02: +0,1711846800
0.574,4,Mar 31 2024 03: +0,1711850400
0.576,6,Mar 31 2024 04: +0,1711854000
0.577,8,Mar 31 2024 05: +0,1711857600
0.587,7,Mar 31 2024 06: +0,1711861200
0.587,11,Mar 31 2024 07: +0,1711864800
0.576,2,Mar 31 2024 08: +0,1711868400
0.592,7,Mar 31 2024 09: +0,1711872000
0.577,14,Mar 31 2024 10: +0,1711875600
0.576,7,Mar 31 2024 11: +0,1711879200
0.576,14,Mar 31 2024 12: +0,1711882800
0.586,18,Mar 31 2024 13: +0,1711886400
0.576,38,Mar 31 2024 14: +0,1711890000
0.576,7,Mar 31 2024 15: +0,1711893600
0.582,22,Mar 31 2024 16: +0,1711897200
0.576,13,Mar 31 2024 17: +0,1711900800
0.583,16,Mar 31 2024 18: +0,1711904400
0.576,16,Mar 31 2024 19: +0,1711908000
0.6,55,Mar 31 2024 20: +0,1711911600
0.568,16,Mar 31 2024 21: +0,1711915200
0.576,9,Mar 31 2024 22: +0,1711918800
0.585,11,Mar 31 2024 23: +0,1711922400
0.579,10,Apr 01 2024 00: +0,1711926000
0.576,5,Apr 01 2024 01: +0,1711929600
0.592,20,Apr 01 2024 02: +0,1711933200
0.608,7,Apr 01 2024 04: +0,1711940400
0.608,7,Apr 01 2024 05: +0,1711944000
0.611,4,Apr 01 2024 06: +0,1711947600
0.584,1,Apr 01 2024 07: +0,1711951200
0.591,6,Apr 01 2024 08: +0,1711954800
0.576,12,Apr 01 2024 09: +0,1711958400
0.576,11,Apr 01 2024 10: +0,1711962000
0.576,14,Apr 01 2024 11: +0,1711965600
0.622,32,Apr 01 2024 12: +0,1711969200
0.588,15,Apr 01 2024 13: +0,1711972800
0.576,13,Apr 01 2024 14: +0,1711976400
0.59,3,Apr 01 2024 15: +0,1711980000
0.584,36,Apr 01 2024 16: +0,1711983600
0.597,23,Apr 01 2024 17: +0,1711987200
0.584,15,Apr 01 2024 18: +0,1711990800
0.596,11,Apr 01 2024 19: +0,1711994400
0.584,14,Apr 01 2024 20: +0,1711998000
0.584,8,Apr 01 2024 21: +0,1712001600
0.593,10,Apr 01 2024 22: +0,1712005200
0.598,15,Apr 01 2024 23: +0,1712008800
0.592,8,Apr 02 2024 00: +0,1712012400
0.584,4,Apr 02 2024 01: +0,1712016000
0.593,4,Apr 02 2024 02: +0,1712019600
0.576,5,Apr 02 2024 03: +0,1712023200
0.584,5,Apr 02 2024 04: +0,1712026800
0.584,4,Apr 02 2024 05: +0,1712030400
0.588,2,Apr 02 2024 06: +0,1712034000
0.592,7,Apr 02 2024 07: +0,1712037600
0.597,6,Apr 02 2024 08: +0,1712041200
0.584,22,Apr 02 2024 09: +0,1712044800
0.584,9,Apr 02 2024 10: +0,1712048400
0.584,15,Apr 02 2024 11: +0,1712052000
0.591,9,Apr 02 2024 12: +0,1712055600
0.576,14,Apr 02 2024 13: +0,1712059200
0.584,11,Apr 02 2024 14: +0,1712062800
0.568,19,Apr 02 2024 15: +0,1712066400
0.584,22,Apr 02 2024 16: +0,1712070000
0.592,11,Apr 02 2024 17: +0,1712073600
0.584,23,Apr 02 2024 18: +0,1712077200
0.584,10,Apr 02 2024 19: +0,1712080800
0.592,21,Apr 02 2024 20: +0,1712084400
0.584,13,Apr 02 2024 21: +0,1712088000
0.588,10,Apr 02 2024 22: +0,1712091600
0.585,12,Apr 02 2024 23: +0,1712095200
0.595,6,Apr 03 2024 00: +0,1712098800
0.587,4,Apr 03 2024 01: +0,1712102400
0.576,8,Apr 03 2024 02: +0,1712106000
0.578,12,Apr 03 2024 03: +0,1712109600
0.552,147,Apr 03 2024 04: +0,1712113200
0.576,15,Apr 03 2024 05: +0,1712116800
0.576,5,Apr 03 2024 06: +0,1712120400
0.576,9,Apr 03 2024 07: +0,1712124000
0.576,15,Apr 03 2024 08: +0,1712127600
0.576,14,Apr 03 2024 09: +0,1712131200
0.576,16,Apr 03 2024 10: +0,1712134800
0.576,25,Apr 03 2024 11: +0,1712138400
0.576,11,Apr 03 2024 12: +0,1712142000
0.576,22,Apr 03 2024 13: +0,1712145600
0.576,24,Apr 03 2024 14: +0,1712149200
0.579,13,Apr 03 2024 15: +0,1712152800
0.573,26,Apr 03 2024 16: +0,1712156400
0.577,17,Apr 03 2024 17: +0,1712160000
0.523,4,Apr 03 2024 18: +0,1712163600
0.544,28,Apr 03 2024 19: +0,1712167200
0.544,31,Apr 03 2024 20: +0,1712170800
0.541,14,Apr 03 2024 21: +0,1712174400
0.546,25,Apr 03 2024 22: +0,1712178000
0.554,9,Apr 03 2024 23: +0,1712181600
0.556,8,Apr 04 2024 00: +0,1712185200
0.566,14,Apr 04 2024 01: +0,1712188800
0.521,7,Apr 04 2024 02: +0,1712192400
0.568,6,Apr 04 2024 03: +0,1712196000
0.543,8,Apr 04 2024 04: +0,1712199600
0.551,3,Apr 04 2024 05: +0,1712203200
0.554,12,Apr 04 2024 06: +0,1712206800
0.564,28,Apr 04 2024 07: +0,1712210400
0.539,7,Apr 04 2024 08: +0,1712214000
0.568,14,Apr 04 2024 09: +0,1712217600
0.562,6,Apr 04 2024 10: +0,1712221200
0.538,5,Apr 04 2024 11: +0,1712224800
0.56,9,Apr 04 2024 12: +0,1712228400
0.568,9,Apr 04 2024 13: +0,1712232000
0.56,13,Apr 04 2024 14: +0,1712235600
0.564,19,Apr 04 2024 15: +0,1712239200
0.562,17,Apr 04 2024 16: +0,1712242800
0.565,29,Apr 04 2024 17: +0,1712246400
0.569,10,Apr 04 2024 18: +0,1712250000
0.56,31,Apr 04 2024 19: +0,1712253600
0.56,18,Apr 04 2024 20: +0,1712257200
0.566,20,Apr 04 2024 21: +0,1712260800
0.56,11,Apr 04 2024 22: +0,1712264400
0.563,4,Apr 04 2024 23: +0,1712268000
0.56,5,Apr 05 2024 00: +0,1712271600
0.585,35,Apr 05 2024 01: +0,1712275200
0.6,17,Apr 05 2024 02: +0,1712278800
0.56,5,Apr 05 2024 03: +0,1712282400
0.584,3,Apr 05 2024 04: +0,1712286000
0.592,7,Apr 05 2024 05: +0,1712289600
0.576,3,Apr 05 2024 06: +0,1712293200
0.583,6,Apr 05 2024 07: +0,1712296800
0.562,12,Apr 05 2024 08: +0,1712300400
0.561,7,Apr 05 2024 09: +0,1712304000
0.554,7,Apr 05 2024 10: +0,1712307600
0.572,12,Apr 05 2024 11: +0,1712311200
0.592,29,Apr 05 2024 12: +0,1712314800
0.592,13,Apr 05 2024 13: +0,1712318400
0.597,15,Apr 05 2024 14: +0,1712322000
0.584,28,Apr 05 2024 15: +0,1712325600
0.572,20,Apr 05 2024 16: +0,1712329200
0.565,12,Apr 05 2024 17: +0,1712332800
0.57,20,Apr 05 2024 18: +0,1712336400
0.57,20,Apr 05 2024 19: +0,1712340000
0.576,27,Apr 05 2024 20: +0,1712343600
0.605,23,Apr 05 2024 21: +0,1712347200
0.582,22,Apr 05 2024 22: +0,1712350800
0.601,8,Apr 05 2024 23: +0,1712354400
0.598,11,Apr 06 2024 00: +0,1712358000
0.594,6,Apr 06 2024 01: +0,1712361600
0.596,4,Apr 06 2024 02: +0,1712365200
0.601,1,Apr 06 2024 03: +0,1712368800
0.578,4,Apr 06 2024 04: +0,1712372400
0.598,3,Apr 06 2024 05: +0,1712376000
0.598,7,Apr 06 2024 06: +0,1712379600
0.577,12,Apr 06 2024 07: +0,1712383200
0.571,6,Apr 06 2024 08: +0,1712386800
0.58,11,Apr 06 2024 09: +0,1712390400
0.591,16,Apr 06 2024 10: +0,1712394000
0.583,12,Apr 06 2024 11: +0,1712397600
0.562,9,Apr 06 2024 12: +0,1712401200
0.572,11,Apr 06 2024 13: +0,1712404800
0.55,6,Apr 06 2024 14: +0,1712408400
0.563,11,Apr 06 2024 15: +0,1712412000
0.57,21,Apr 06 2024 16: +0,1712415600
0.562,21,Apr 06 2024 17: +0,1712419200
0.567,12,Apr 06 2024 18: +0,1712422800
0.57,12,Apr 06 2024 19: +0,1712426400
0.57,29,Apr 06 2024 20: +0,1712430000
0.563,15,Apr 06 2024 21: +0,1712433600
0.575,8,Apr 06 2024 22: +0,1712437200
0.572,12,Apr 06 2024 23: +0,1712440800
0.594,27,Apr 07 2024 00: +0,1712444400
0.594,8,Apr 07 2024 01: +0,1712448000
0.585,4,Apr 07 2024 02: +0,1712451600
0.604,8,Apr 07 2024 03: +0,1712455200
0.605,10,Apr 07 2024 04: +0,1712458800
0.602,7,Apr 07 2024 05: +0,1712462400
0.602,8,Apr 07 2024 06: +0,1712466000
0.562,5,Apr 07 2024 07: +0,1712469600
0.588,4,Apr 07 2024 08: +0,1712473200
0.598,15,Apr 07 2024 09: +0,1712476800
0.57,27,Apr 07 2024 10: +0,1712480400
0.599,13,Apr 07 2024 11: +0,1712484000
0.542,16,Apr 07 2024 12: +0,1712487600
0.588,11,Apr 07 2024 13: +0,1712491200
0.57,7,Apr 07 2024 14: +0,1712494800
0.563,19,Apr 07 2024 15: +0,1712498400
0.563,17,Apr 07 2024 16: +0,1712502000
0.548,10,Apr 07 2024 17: +0,1712505600
0.53,10,Apr 07 2024 18: +0,1712509200
0.557,12,Apr 07 2024 19: +0,1712512800
0.581,30,Apr 07 2024 20: +0,1712516400
0.556,14,Apr 07 2024 21: +0,1712520000
0.576,9,Apr 07 2024 22: +0,1712523600
0.588,8,Apr 07 2024 23: +0,1712527200
0.593,6,Apr 08 2024 00: +0,1712530800
0.562,3,Apr 08 2024 01: +0,1712534400
0.53,4,Apr 08 2024 02: +0,1712538000
0.602,16,Apr 08 2024 03: +0,1712541600
0.522,1,Apr 08 2024 04: +0,1712545200
0.578,7,Apr 08 2024 05: +0,1712548800
0.53,12,Apr 08 2024 06: +0,1712552400
0.596,6,Apr 08 2024 07: +0,1712556000
0.598,11,Apr 08 2024 08: +0,1712559600
0.554,9,Apr 08 2024 09: +0,1712563200
0.58,6,Apr 08 2024 10: +0,1712566800
0.598,7,Apr 08 2024 11: +0,1712570400
0.569,6,Apr 08 2024 12: +0,1712574000
0.558,14,Apr 08 2024 13: +0,1712577600
0.573,11,Apr 08 2024 14: +0,1712581200
0.548,31,Apr 08 2024 15: +0,1712584800
0.588,13,Apr 08 2024 16: +0,1712588400
0.561,14,Apr 08 2024 17: +0,1712592000
0.554,12,Apr 08 2024 18: +0,1712595600
0.554,11,Apr 08 2024 19: +0,1712599200
0.608,13,Apr 08 2024 20: +0,1712602800
0.565,10,Apr 08 2024 21: +0,1712606400
0.589,14,Apr 08 2024 22: +0,1712610000
0.609,1,Apr 08 2024 23: +0,1712613600
0.605,6,Apr 09 2024 00: +0,1712617200
0.602,9,Apr 09 2024 01: +0,1712620800
0.563,7,Apr 09 2024 02: +0,1712624400
0.554,5,Apr 09 2024 03: +0,1712628000
0.558,3,Apr 09 2024 04: +0,1712631600
0.554,7,Apr 09 2024 05: +0,1712635200
0.558,6,Apr 09 2024 06: +0,1712638800
0.568,2,Apr 09 2024 07: +0,1712642400
0.601,27,Apr 09 2024 08: +0,1712646000
0.596,5,Apr 09 2024 09: +0,1712649600
0.594,3,Apr 09 2024 10: +0,1712653200
0.557,5,Apr 09 2024 11: +0,1712656800
0.557,9,Apr 09 2024 12: +0,1712660400
0.6,10,Apr 09 2024 13: +0,1712664000
0.551,6,Apr 09 2024 14: +0,1712667600
0.563,16,Apr 09 2024 15: +0,1712671200
0.552,17,Apr 09 2024 16: +0,1712674800
0.549,27,Apr 09 2024 17: +0,1712678400
0.554,14,Apr 09 2024 18: +0,1712682000
0.578,13,Apr 09 2024 19: +0,1712685600
0.567,6,Apr 09 2024 20: +0,1712689200
0.577,15,Apr 09 2024 21: +0,1712692800
0.57,13,Apr 09 2024 22: +0,1712696400
0.57,4,Apr 09 2024 23: +0,1712700000
0.599,5,Apr 10 2024 00: +0,1712703600
0.554,8,Apr 10 2024 01: +0,1712707200
0.562,7,Apr 10 2024 02: +0,1712710800
0.554,3,Apr 10 2024 03: +0,1712714400
0.562,8,Apr 10 2024 04: +0,1712718000
0.542,6,Apr 10 2024 05: +0,1712721600
0.554,20,Apr 10 2024 06: +0,1712725200
0.554,7,Apr 10 2024 07: +0,1712728800
0.554,6,Apr 10 2024 08: +0,1712732400
0.554,10,Apr 10 2024 09: +0,1712736000
0.554,11,Apr 10 2024 10: +0,1712739600
0.554,7,Apr 10 2024 11: +0,1712743200
0.567,28,Apr 10 2024 12: +0,1712746800
0.577,22,Apr 10 2024 13: +0,1712750400
0.578,24,Apr 10 2024 14: +0,1712754000
0.578,40,Apr 10 2024 15: +0,1712757600
0.575,13,Apr 10 2024 16: +0,1712761200
0.568,18,Apr 10 2024 17: +0,1712764800
0.559,34,Apr 10 2024 18: +0,1712768400
0.582,21,Apr 10 2024 19: +0,1712772000
0.568,21,Apr 10 2024 20: +0,1712775600
0.553,21,Apr 10 2024 21: +0,1712779200
0.573,4,Apr 10 2024 22: +0,1712782800
0.53,16,Apr 10 2024 23: +0,1712786400
0.561,9,Apr 11 2024 00: +0,1712790000
0.571,7,Apr 11 2024 01: +0,1712793600
0.562,5,Apr 11 2024 02: +0,1712797200
0.586,7,Apr 11 2024 03: +0,1712800800
0.554,1,Apr 11 2024 04: +0,1712804400
0.578,8,Apr 11 2024 05: +0,1712808000
0.556,9,Apr 11 2024 06: +0,1712811600
0.554,7,Apr 11 2024 07: +0,1712815200
0.554,10,Apr 11 2024 08: +0,1712818800
0.594,15,Apr 11 2024 09: +0,1712822400
0.554,22,Apr 11 2024 10: +0,1712826000
0.526,10,Apr 11 2024 11: +0,1712829600
0.53,17,Apr 11 2024 12: +0,1712833200
0.554,13,Apr 11 2024 13: +0,1712836800
0.562,12,Apr 11 2024 14: +0,1712840400
0.554,17,Apr 11 2024 15: +0,1712844000
0.537,16,Apr 11 2024 16: +0,1712847600
0.554,32,Apr 11 2024 17: +0,1712851200
0.554,25,Apr 11 2024 18: +0,1712854800
0.569,18,Apr 11 2024 19: +0,1712858400
0.553,13,Apr 11 2024 20: +0,1712862000
0.569,13,Apr 11 2024 21: +0,1712865600
0.56,13,Apr 11 2024 22: +0,1712869200
0.594,14,Apr 11 2024 23: +0,1712872800
0.586,3,Apr 12 2024 00: +0,1712876400
0.595,7,Apr 12 2024 01: +0,1712880000
0.599,6,Apr 12 2024 02: +0,1712883600
0.554,5,Apr 12 2024 03: +0,1712887200
0.53,9,Apr 12 2024 04: +0,1712890800
0.602,5,Apr 12 2024 05: +0,1712894400
0.562,9,Apr 12 2024 07: +0,1712901600
0.576,3,Apr 12 2024 08: +0,1712905200
0.554,11,Apr 12 2024 09: +0,1712908800
0.53,9,Apr 12 2024 10: +0,1712912400
0.554,5,Apr 12 2024 11: +0,1712916000
0.57,8,Apr 12 2024 12: +0,1712919600
0.554,11,Apr 12 2024 13: +0,1712923200
0.561,10,Apr 12 2024 14: +0,1712926800
0.56,17,Apr 12 2024 15: +0,1712930400
0.554,14,Apr 12 2024 16: +0,1712934000
0.565,15,Apr 12 2024 17: +0,1712937600
0.53,14,Apr 12 2024 18: +0,1712941200
0.564,7,Apr 12 2024 19: +0,1712944800
0.554,13,Apr 12 2024 20: +0,1712948400
0.555,21,Apr 12 2024 21: +0,1712952000
0.563,25,Apr 12 2024 22: +0,1712955600
0.587,14,Apr 12 2024 23: +0,1712959200
0.563,5,Apr 13 2024 00: +0,1712962800
0.554,4,Apr 13 2024 01: +0,1712966400
0.555,6,Apr 13 2024 02: +0,1712970000
0.555,5,Apr 13 2024 03: +0,1712973600
0.555,10,Apr 13 2024 04: +0,1712977200
0.554,7,Apr 13 2024 05: +0,1712980800
0.586,13,Apr 13 2024 06: +0,1712984400
0.53,15,Apr 13 2024 07: +0,1712988000
0.556,7,Apr 13 2024 08: +0,1712991600
0.562,10,Apr 13 2024 09: +0,1712995200
0.562,17,Apr 13 2024 10: +0,1712998800
0.542,14,Apr 13 2024 11: +0,1713002400
0.563,10,Apr 13 2024 12: +0,1713006000
0.597,56,Apr 13 2024 13: +0,1713009600
0.598,26,Apr 13 2024 14: +0,1713013200
0.599,18,Apr 13 2024 15: +0,1713016800
0.597,25,Apr 13 2024 16: +0,1713020400
0.572,22,Apr 13 2024 17: +0,1713024000
0.597,15,Apr 13 2024 18: +0,1713027600
0.593,18,Apr 13 2024 19: +0,1713031200
0.599,26,Apr 13 2024 20: +0,1713034800
0.555,13,Apr 13 2024 21: +0,1713038400
0.588,7,Apr 13 2024 22: +0,1713042000
0.554,10,Apr 13 2024 23: +0,1713045600
0.498,2,Apr 14 2024 00: +0,1713049200
0.574,12,Apr 14 2024 01: +0,1713052800
0.554,3,Apr 14 2024 03: +0,1713060000
0.556,3,Apr 14 2024 04: +0,1713063600
0.555,4,Apr 14 2024 05: +0,1713067200
0.554,3,Apr 14 2024 06: +0,1713070800
0.554,5,Apr 14 2024 07: +0,1713074400
0.555,7,Apr 14 2024 08: +0,1713078000
0.554,7,Apr 14 2024 09: +0,1713081600
0.565,11,Apr 14 2024 10: +0,1713085200
0.554,9,Apr 14 2024 11: +0,1713088800
0.56,16,Apr 14 2024 12: +0,1713092400
0.594,10,Apr 14 2024 13: +0,1713096000
0.554,8,Apr 14 2024 14: +0,1713099600
0.581,16,Apr 14 2024 15: +0,1713103200
0.566,12,Apr 14 2024 16: +0,1713106800
0.547,10,Apr 14 2024 17: +0,1713110400
0.53,19,Apr 14 2024 18: +0,1713114000
0.578,15,Apr 14 2024 19: +0,1713117600
0.586,21,Apr 14 2024 20: +0,1713121200
0.578,17,Apr 14 2024 21: +0,1713124800
0.555,8,Apr 14 2024 22: +0,1713128400
0.56,11,Apr 14 2024 23: +0,1713132000
0.554,5,Apr 15 2024 00: +0,1713135600
0.554,5,Apr 15 2024 01: +0,1713139200
0.546,5,Apr 15 2024 02: +0,1713142800
0.562,1,Apr 15 2024 03: +0,1713146400
0.518,2,Apr 15 2024 04: +0,1713150000
0.547,2,Apr 15 2024 05: +0,1713153600
0.53,9,Apr 15 2024 06: +0,1713157200
0.53,17,Apr 15 2024 07: +0,1713160800
0.55,6,Apr 15 2024 08: +0,1713164400
0.554,9,Apr 15 2024 09: +0,1713168000
0.562,15,Apr 15 2024 10: +0,1713171600
0.543,4,Apr 15 2024 11: +0,1713175200
0.506,12,Apr 15 2024 12: +0,1713178800
0.522,11,Apr 15 2024 13: +0,1713182400
0.552,12,Apr 15 2024 14: +0,1713186000
0.581,34,Apr 15 2024 15: +0,1713189600
0.556,15,Apr 15 2024 16: +0,1713193200
0.529,19,Apr 15 2024 17: +0,1713196800
0.588,19,Apr 15 2024 18: +0,1713200400
0.53,12,Apr 15 2024 19: +0,1713204000
0.538,12,Apr 15 2024 20: +0,1713207600
0.591,26,Apr 15 2024 21: +0,1713211200
0.591,35,Apr 15 2024 22: +0,1713214800
0.504,5,Apr 15 2024 23: +0,1713218400
0.55,4,Apr 16 2024 00: +0,1713222000
0.522,1,Apr 16 2024 01: +0,1713225600
0.53,13,Apr 16 2024 02: +0,1713229200
0.53,8,Apr 16 2024 03: +0,1713232800
0.53,8,Apr 16 2024 04: +0,1713236400
0.53,1,Apr 16 2024 05: +0,1713240000
0.554,9,Apr 16 2024 06: +0,1713243600
0.554,10,Apr 16 2024 07: +0,1713247200
0.522,4,Apr 16 2024 08: +0,1713250800
0.546,4,Apr 16 2024 09: +0,1713254400
0.554,3,Apr 16 2024 10: +0,1713258000
0.526,8,Apr 16 2024 11: +0,1713261600
0.522,11,Apr 16 2024 12: +0,1713265200
0.553,20,Apr 16 2024 13: +0,1713268800
0.554,17,Apr 16 2024 14: +0,1713272400
0.549,34,Apr 16 2024 15: +0,1713276000
0.547,19,Apr 16 2024 16: +0,1713279600
0.526,12,Apr 16 2024 17: +0,1713283200
0.562,18,Apr 16 2024 18: +0,1713286800
0.582,17,Apr 16 2024 19: +0,1713290400
0.583,6,Apr 16 2024 20: +0,1713294000
0.59,16,Apr 16 2024 21: +0,1713297600
0.58,5,Apr 16 2024 22: +0,1713301200
0.596,12,Apr 16 2024 23: +0,1713304800
0.598,9,Apr 17 2024 00: +0,1713308400
0.577,8,Apr 17 2024 01: +0,1713312000
0.584,4,Apr 17 2024 02: +0,1713315600
0.586,6,Apr 17 2024 03: +0,1713319200
0.582,14,Apr 17 2024 04: +0,1713322800
0.57,8,Apr 17 2024 05: +0,1713326400
0.572,5,Apr 17 2024 06: +0,1713330000
0.538,6,Apr 17 2024 07: +0,1713333600
0.474,8,Apr 17 2024 08: +0,1713337200
0.556,9,Apr 17 2024 09: +0,1713340800
0.41,12,Apr 17 2024 10: +0,1713344400
0.551,20,Apr 17 2024 11: +0,1713348000
0.564,28,Apr 17 2024 12: +0,1713351600
0.53,15,Apr 17 2024 13: +0,1713355200
0.554,19,Apr 17 2024 14: +0,1713358800
0.53,22,Apr 17 2024 15: +0,1713362400
0.548,32,Apr 17 2024 16: +0,1713366000
0.555,17,Apr 17 2024 17: +0,1713369600
0.559,25,Apr 17 2024 18: +0,1713373200
0.543,22,Apr 17 2024 19: +0,1713376800
0.547,29,Apr 17 2024 20: +0,1713380400
0.559,32,Apr 17 2024 21: +0,1713384000
0.498,7,Apr 17 2024 22: +0,1713387600
0.558,6,Apr 17 2024 23: +0,1713391200
0.55,4,Apr 18 2024 00: +0,1713394800
0.545,3,Apr 18 2024 01: +0,1713398400
0.578,22,Apr 18 2024 02: +0,1713402000
0.586,9,Apr 18 2024 03: +0,1713405600
0.55,8,Apr 18 2024 04: +0,1713409200
0.562,3,Apr 18 2024 05: +0,1713412800
0.594,14,Apr 18 2024 06: +0,1713416400
0.576,9,Apr 18 2024 07: +0,1713420000
0.522,12,Apr 18 2024 08: +0,1713423600
0.542,10,Apr 18 2024 09: +0,1713427200
0.53,16,Apr 18 2024 10: +0,1713430800
0.55,17,Apr 18 2024 11: +0,1713434400
0.539,12,Apr 18 2024 12: +0,1713438000
0.592,35,Apr 18 2024 13: +0,1713441600
0.563,10,Apr 18 2024 14: +0,1713445200
0.554,21,Apr 18 2024 15: +0,1713448800
0.578,16,Apr 18 2024 16: +0,1713452400
0.7,585,Apr 18 2024 17: +0,1713456000
0.553,22,Apr 18 2024 18: +0,1713459600
0.53,27,Apr 18 2024 19: +0,1713463200
0.569,13,Apr 18 2024 20: +0,1713466800
0.546,19,Apr 18 2024 21: +0,1713470400
0.548,9,Apr 18 2024 22: +0,1713474000
0.583,13,Apr 18 2024 23: +0,1713477600
0.691,3,Apr 19 2024 00: +0,1713481200
0.556,3,Apr 19 2024 01: +0,1713484800
0.611,2,Apr 19 2024 02: +0,1713488400
0.658,2,Apr 19 2024 03: +0,1713492000
0.629,5,Apr 19 2024 04: +0,1713495600
0.56,22,Apr 19 2024 06: +0,1713502800
0.64,8,Apr 19 2024 07: +0,1713506400
0.629,6,Apr 19 2024 08: +0,1713510000
0.63,6,Apr 19 2024 09: +0,1713513600
0.518,8,Apr 19 2024 10: +0,1713517200
0.628,6,Apr 19 2024 11: +0,1713520800
0.626,9,Apr 19 2024 12: +0,1713524400
0.607,11,Apr 19 2024 13: +0,1713528000
0.53,17,Apr 19 2024 14: +0,1713531600
0.514,35,Apr 19 2024 15: +0,1713535200
0.624,12,Apr 19 2024 16: +0,1713538800
0.53,16,Apr 19 2024 17: +0,1713542400
0.59,17,Apr 19 2024 18: +0,1713546000
0.539,14,Apr 19 2024 19: +0,1713549600
0.522,16,Apr 19 2024 20: +0,1713553200
0.556,17,Apr 19 2024 21: +0,1713556800
0.595,13,Apr 19 2024 22: +0,1713560400
0.564,8,Apr 19 2024 23: +0,1713564000
0.574,5,Apr 20 2024 00: +0,1713567600
0.591,8,Apr 20 2024 01: +0,1713571200
0.602,4,Apr 20 2024 02: +0,1713574800
0.551,5,Apr 20 2024 03: +0,1713578400
0.522,3,Apr 20 2024 04: +0,1713582000
0.522,7,Apr 20 2024 05: +0,1713585600
0.578,11,Apr 20 2024 06: +0,1713589200
0.587,7,Apr 20 2024 07: +0,1713592800
0.601,4,Apr 20 2024 08: +0,1713596400
0.565,5,Apr 20 2024 09: +0,1713600000
0.554,7,Apr 20 2024 10: +0,1713603600
0.53,13,Apr 20 2024 11: +0,1713607200
0.53,16,Apr 20 2024 12: +0,1713610800
0.568,14,Apr 20 2024 13: +0,1713614400
0.58,8,Apr 20 2024 14: +0,1713618000
0.595,20,Apr 20 2024 15: +0,1713621600
0.599,9,Apr 20 2024 16: +0,1713625200
0.545,8,Apr 20 2024 17: +0,1713628800
0.585,18,Apr 20 2024 18: +0,1713632400
0.602,10,Apr 20 2024 19: +0,1713636000
0.577,19,Apr 20 2024 20: +0,1713639600
0.575,17,Apr 20 2024 21: +0,1713643200
0.582,17,Apr 20 2024 22: +0,1713646800
0.593,8,Apr 20 2024 23: +0,1713650400
0.599,7,Apr 21 2024 00: +0,1713654000
0.574,8,Apr 21 2024 01: +0,1713657600
0.573,5,Apr 21 2024 02: +0,1713661200
0.567,5,Apr 21 2024 03: +0,1713664800
0.562,5,Apr 21 2024 04: +0,1713668400
0.522,14,Apr 21 2024 05: +0,1713672000
0.581,5,Apr 21 2024 06: +0,1713675600
0.53,55,Apr 21 2024 07: +0,1713679200
0.577,7,Apr 21 2024 08: +0,1713682800
0.594,13,Apr 21 2024 09: +0,1713686400
0.611,15,Apr 21 2024 10: +0,1713690000
0.548,6,Apr 21 2024 11: +0,1713693600
0.556,15,Apr 21 2024 12: +0,1713697200
0.543,15,Apr 21 2024 13: +0,1713700800
0.538,8,Apr 21 2024 14: +0,1713704400
0.574,11,Apr 21 2024 15: +0,1713708000
0.562,11,Apr 21 2024 16: +0,1713711600
0.565,20,Apr 21 2024 17: +0,1713715200
0.539,28,Apr 21 2024 18: +0,1713718800
0.594,30,Apr 21 2024 19: +0,1713722400
0.528,26,Apr 21 2024 20: +0,1713726000
0.528,16,Apr 21 2024 21: +0,1713729600
0.527,10,Apr 21 2024 22: +0,1713733200
0.55,3,Apr 21 2024 23: +0,1713736800
0.527,7,Apr 22 2024 00: +0,1713740400
0.527,5,Apr 22 2024 01: +0,1713744000
0.583,9,Apr 22 2024 02: +0,1713747600
0.515,6,Apr 22 2024 03: +0,1713751200
0.552,6,Apr 22 2024 04: +0,1713754800
0.527,5,Apr 22 2024 05: +0,1713758400
0.552,3,Apr 22 2024 06: +0,1713762000
0.527,4,Apr 22 2024 07: +0,1713765600
0.555,4,Apr 22 2024 08: +0,1713769200
0.586,10,Apr 22 2024 09: +0,1713772800
0.584,5,Apr 22 2024 10: +0,1713776400
0.574,6,Apr 22 2024 11: +0,1713780000
0.55,7,Apr 22 2024 12: +0,1713783600
0.549,6,Apr 22 2024 13: +0,1713787200
0.553,17,Apr 22 2024 14: +0,1713790800
0.527,6,Apr 22 2024 15: +0,1713794400
0.531,12,Apr 22 2024 16: +0,1713798000
0.568,12,Apr 22 2024 17: +0,1713801600
0.572,6,Apr 22 2024 18: +0,1713805200
0.566,20,Apr 22 2024 19: +0,1713808800
0.551,3,Apr 22 2024 20: +0,1713812400
0.539,13,Apr 22 2024 21: +0,1713816000
0.543,7,Apr 22 2024 22: +0,1713819600
0.561,10,Apr 22 2024 23: +0,1713823200
0.525,4,Apr 23 2024 00: +0,1713826800
0.527,1,Apr 23 2024 01: +0,1713830400
0.583,21,Apr 23 2024 02: +0,1713834000
0.599,5,Apr 23 2024 03: +0,1713837600
0.554,9,Apr 23 2024 04: +0,1713841200
0.606,3,Apr 23 2024 05: +0,1713844800
0.56,9,Apr 23 2024 06: +0,1713848400
0.527,10,Apr 23 2024 07: +0,1713852000
0.535,6,Apr 23 2024 08: +0,1713855600
0.549,11,Apr 23 2024 09: +0,1713859200
0.543,13,Apr 23 2024 10: +0,1713862800
0.533,21,Apr 23 2024 11: +0,1713866400
0.559,12,Apr 23 2024 12: +0,1713870000
0.561,4,Apr 23 2024 13: +0,1713873600
0.543,17,Apr 23 2024 14: +0,1713877200
0.537,19,Apr 23 2024 15: +0,1713880800
0.531,8,Apr 23 2024 16: +0,1713884400
0.579,9,Apr 23 2024 17: +0,1713888000
0.599,19,Apr 23 2024 18: +0,1713891600
0.599,9,Apr 23 2024 19: +0,1713895200
0.594,30,Apr 23 2024 20: +0,1713898800
0.572,4,Apr 23 2024 21: +0,1713902400
0.55,4,Apr 23 2024 22: +0,1713906000
0.575,8,Apr 23 2024 23: +0,1713909600
0.56,3,Apr 24 2024 00: +0,1713913200
0.575,5,Apr 24 2024 01: +0,1713916800
0.57,2,Apr 24 2024 02: +0,1713920400
0.572,3,Apr 24 2024 03: +0,1713924000
0.527,22,Apr 24 2024 04: +0,1713927600
0.55,6,Apr 24 2024 05: +0,1713931200
0.548,17,Apr 24 2024 06: +0,1713934800
0.551,12,Apr 24 2024 07: +0,1713938400
0.535,8,Apr 24 2024 08: +0,1713942000
0.551,7,Apr 24 2024 09: +0,1713945600
0.519,26,Apr 24 2024 10: +0,1713949200
0.527,13,Apr 24 2024 11: +0,1713952800
0.555,25,Apr 24 2024 12: +0,1713956400
0.537,23,Apr 24 2024 13: +0,1713960000
0.574,59,Apr 24 2024 14: +0,1713963600
0.561,25,Apr 24 2024 15: +0,1713967200
0.544,15,Apr 24 2024 16: +0,1713970800
0.563,19,Apr 24 2024 17: +0,1713974400
0.558,15,Apr 24 2024 18: +0,1713978000
0.541,18,Apr 24 2024 19: +0,1713981600
0.556,29,Apr 24 2024 20: +0,1713985200
0.515,22,Apr 24 2024 21: +0,1713988800
0.55,16,Apr 24 2024 22: +0,1713992400
0.565,8,Apr 24 2024 23: +0,1713996000
0.567,11,Apr 25 2024 00: +0,1713999600
0.534,3,Apr 25 2024 01: +0,1714003200
0.519,4,Apr 25 2024 02: +0,1714006800
0.53,4,Apr 25 2024 03: +0,1714010400
0.534,6,Apr 25 2024 04: +0,1714014000
0.519,4,Apr 25 2024 05: +0,1714017600
0.519,11,Apr 25 2024 06: +0,1714021200
0.533,4,Apr 25 2024 07: +0,1714024800
0.54,2,Apr 25 2024 08: +0,1714028400
0.534,5,Apr 25 2024 09: +0,1714032000
0.534,7,Apr 25 2024 10: +0,1714035600
0.547,8,Apr 25 2024 11: +0,1714039200
0.527,17,Apr 25 2024 12: +0,1714042800
0.527,13,Apr 25 2024 13: +0,1714046400
0.534,7,Apr 25 2024 14: +0,1714050000
0.543,13,Apr 25 2024 15: +0,1714053600
0.551,31,Apr 25 2024 16: +0,1714057200
0.546,27,Apr 25 2024 17: +0,1714060800
0.534,17,Apr 25 2024 18: +0,1714064400
0.527,21,Apr 25 2024 19: +0,1714068000
0.543,13,Apr 25 2024 20: +0,1714071600
0.527,13,Apr 25 2024 21: +0,1714075200
0.523,6,Apr 25 2024 22: +0,1714078800
0.555,27,Apr 25 2024 23: +0,1714082400
0.527,5,Apr 26 2024 00: +0,1714086000
0.527,9,Apr 26 2024 01: +0,1714089600
0.527,1,Apr 26 2024 02: +0,1714093200
0.527,11,Apr 26 2024 03: +0,1714096800
0.527,8,Apr 26 2024 04: +0,1714100400
0.527,9,Apr 26 2024 05: +0,1714104000
0.545,18,Apr 26 2024 06: +0,1714107600
0.527,14,Apr 26 2024 07: +0,1714111200
0.551,11,Apr 26 2024 08: +0,1714114800
0.542,7,Apr 26 2024 09: +0,1714118400
0.538,13,Apr 26 2024 10: +0,1714122000
0.519,8,Apr 26 2024 11: +0,1714125600
0.527,24,Apr 26 2024 12: +0,1714129200
0.527,20,Apr 26 2024 13: +0,1714132800
0.527,50,Apr 26 2024 14: +0,1714136400
0.527,35,Apr 26 2024 15: +0,1714140000
0.523,32,Apr 26 2024 16: +0,1714143600
0.523,22,Apr 26 2024 17: +0,1714147200
0.527,17,Apr 26 2024 18: +0,1714150800
0.527,16,Apr 26 2024 19: +0,1714154400
0.545,18,Apr 26 2024 20: +0,1714158000
0.527,14,Apr 26 2024 21: +0,1714161600
0.527,15,Apr 26 2024 22: +0,1714165200
0.527,15,Apr 26 2024 23: +0,1714168800
0.567,19,Apr 27 2024 00: +0,1714172400
0.527,3,Apr 27 2024 01: +0,1714176000
0.559,3,Apr 27 2024 02: +0,1714179600
0.547,10,Apr 27 2024 03: +0,1714183200
0.551,17,Apr 27 2024 04: +0,1714186800
0.547,11,Apr 27 2024 05: +0,1714190400
0.5,7,Apr 27 2024 06: +0,1714194000
0.55,7,Apr 27 2024 07: +0,1714197600
0.527,10,Apr 27 2024 08: +0,1714201200
0.527,15,Apr 27 2024 09: +0,1714204800
0.527,11,Apr 27 2024 10: +0,1714208400
0.55,14,Apr 27 2024 11: +0,1714212000
0.527,12,Apr 27 2024 12: +0,1714215600
0.544,9,Apr 27 2024 13: +0,1714219200
0.519,7,Apr 27 2024 14: +0,1714222800
0.519,18,Apr 27 2024 15: +0,1714226400
0.527,10,Apr 27 2024 16: +0,1714230000
0.527,17,Apr 27 2024 17: +0,1714233600
0.527,18,Apr 27 2024 18: +0,1714237200
0.519,22,Apr 27 2024 19: +0,1714240800
0.545,19,Apr 27 2024 20: +0,1714244400
0.527,22,Apr 27 2024 21: +0,1714248000
0.519,18,Apr 27 2024 22: +0,1714251600
0.527,9,Apr 27 2024 23: +0,1714255200
0.519,19,Apr 28 2024 00: +0,1714258800
0.533,4,Apr 28 2024 01: +0,1714262400
0.527,20,Apr 28 2024 02: +0,1714266000
0.527,10,Apr 28 2024 03: +0,1714269600
0.535,4,Apr 28 2024 04: +0,1714273200
0.523,4,Apr 28 2024 05: +0,1714276800
0.551,27,Apr 28 2024 06: +0,1714280400
0.538,4,Apr 28 2024 07: +0,1714284000
0.527,12,Apr 28 2024 08: +0,1714287600
0.527,7,Apr 28 2024 09: +0,1714291200
0.527,45,Apr 28 2024 10: +0,1714294800
0.527,9,Apr 28 2024 11: +0,1714298400
0.527,24,Apr 28 2024 12: +0,1714302000
0.527,38,Apr 28 2024 13: +0,1714305600
0.519,56,Apr 28 2024 14: +0,1714309200
0.527,15,Apr 28 2024 15: +0,1714312800
0.519,7,Apr 28 2024 16: +0,1714316400
0.515,16,Apr 28 2024 17: +0,1714320000
0.515,4,Apr 28 2024 18: +0,1714323600
0.524,42,Apr 28 2024 19: +0,1714327200
0.533,9,Apr 28 2024 20: +0,1714330800
0.519,13,Apr 28 2024 21: +0,1714334400
0.527,9,Apr 28 2024 22: +0,1714338000
0.541,10,Apr 28 2024 23: +0,1714341600
0.527,12,Apr 29 2024 00: +0,1714345200
0.511,4,Apr 29 2024 01: +0,1714348800
0.527,18,Apr 29 2024 02: +0,1714352400
0.53,3,Apr 29 2024 03: +0,1714356000
0.511,1,Apr 29 2024 04: +0,1714359600
0.519,11,Apr 29 2024 05: +0,1714363200
0.529,4,Apr 29 2024 06: +0,1714366800
0.519,17,Apr 29 2024 07: +0,1714370400
0.519,33,Apr 29 2024 08: +0,1714374000
0.54,5,Apr 29 2024 09: +0,1714377600
0.511,5,Apr 29 2024 10: +0,1714381200
0.53,21,Apr 29 2024 11: +0,1714384800
0.519,21,Apr 29 2024 12: +0,1714388400
0.519,7,Apr 29 2024 13: +0,1714392000
0.519,9,Apr 29 2024 14: +0,1714395600
0.519,17,Apr 29 2024 15: +0,1714399200
0.527,7,Apr 29 2024 16: +0,1714402800
0.519,2,Apr 29 2024 17: +0,1714406400
0.524,12,Apr 29 2024 18: +0,1714410000
0.511,16,Apr 29 2024 19: +0,1714413600
0.511,12,Apr 29 2024 20: +0,1714417200
0.503,17,Apr 29 2024 21: +0,1714420800
0.523,18,Apr 29 2024 22: +0,1714424400
0.523,22,Apr 29 2024 23: +0,1714428000
0.523,2,Apr 30 2024 00: +0,1714431600
0.527,2,Apr 30 2024 01: +0,1714435200
0.538,1,Apr 30 2024 02: +0,1714438800
0.527,7,Apr 30 2024 03: +0,1714442400
0.527,11,Apr 30 2024 04: +0,1714446000
0.538,9,Apr 30 2024 05: +0,1714449600
0.541,7,Apr 30 2024 06: +0,1714453200
0.535,4,Apr 30 2024 07: +0,1714456800
0.515,4,Apr 30 2024 08: +0,1714460400
0.511,16,Apr 30 2024 09: +0,1714464000
0.519,17,Apr 30 2024 10: +0,1714467600
0.54,1,Apr 30 2024 11: +0,1714471200
0.538,13,Apr 30 2024 12: +0,1714474800
0.523,6,Apr 30 2024 13: +0,1714478400
0.511,10,Apr 30 2024 14: +0,1714482000
0.519,11,Apr 30 2024 15: +0,1714485600
0.527,16,Apr 30 2024 16: +0,1714489200
0.519,13,Apr 30 2024 17: +0,1714492800
0.519,6,Apr 30 2024 18: +0,1714496400
0.507,10,Apr 30 2024 19: +0,1714500000
0.53,13,Apr 30 2024 20: +0,1714503600
0.527,19,Apr 30 2024 21: +0,1714507200
0.519,5,Apr 30 2024 22: +0,1714510800
0.539,4,Apr 30 2024 23: +0,1714514400
0.519,7,May 01 2024 00: +0,1714518000
0.519,7,May 01 2024 01: +0,1714521600
0.519,11,May 01 2024 02: +0,1714525200
0.519,5,May 01 2024 03: +0,1714528800
0.536,8,May 01 2024 04: +0,1714532400
0.551,17,May 01 2024 05: +0,1714536000
0.519,15,May 01 2024 06: +0,1714539600
0.503,7,May 01 2024 07: +0,1714543200
0.519,13,May 01 2024 08: +0,1714546800
0.527,31,May 01 2024 09: +0,1714550400
0.528,12,May 01 2024 10: +0,1714554000
0.519,14,May 01 2024 11: +0,1714557600
0.519,14,May 01 2024 12: +0,1714561200
0.519,31,May 01 2024 13: +0,1714564800
0.527,21,May 01 2024 14: +0,1714568400
0.519,30,May 01 2024 15: +0,1714572000
0.519,16,May 01 2024 16: +0,1714575600
0.527,21,May 01 2024 17: +0,1714579200
0.527,10,May 01 2024 18: +0,1714582800
0.519,14,May 01 2024 19: +0,1714586400
0.527,19,May 01 2024 20: +0,1714590000
0.527,19,May 01 2024 21: +0,1714593600
0.527,12,May 01 2024 22: +0,1714597200
0.527,8,May 01 2024 23: +0,1714600800
0.522,4,May 02 2024 00: +0,1714604400
0.551,3,May 02 2024 01: +0,1714608000
0.551,11,May 02 2024 02: +0,1714611600
0.527,4,May 02 2024 03: +0,1714615200
0.534,4,May 02 2024 04: +0,1714618800
0.544,3,May 02 2024 05: +0,1714622400
0.527,7,May 02 2024 06: +0,1714626000
0.511,1,May 02 2024 07: +0,1714629600
0.537,2,May 02 2024 08: +0,1714633200
0.551,42,May 02 2024 09: +0,1714636800
0.536,6,May 02 2024 10: +0,1714640400
0.527,13,May 02 2024 11: +0,1714644000
0.559,38,May 02 2024 12: +0,1714647600
0.545,13,May 02 2024 13: +0,1714651200
0.557,10,May 02 2024 14: +0,1714654800
0.515,12,May 02 2024 15: +0,1714658400
0.527,18,May 02 2024 16: +0,1714662000
0.555,18,May 02 2024 17: +0,1714665600
0.527,12,May 02 2024 18: +0,1714669200
0.527,19,May 02 2024 19: +0,1714672800
0.527,27,May 02 2024 20: +0,1714676400
0.523,14,May 02 2024 21: +0,1714680000
0.545,10,May 02 2024 22: +0,1714683600
0.539,6,May 02 2024 23: +0,1714687200
0.527,2,May 03 2024 00: +0,1714690800
0.548,4,May 03 2024 01: +0,1714694400
0.533,6,May 03 2024 02: +0,1714698000
0.519,6,May 03 2024 03: +0,1714701600
0.551,5,May 03 2024 04: +0,1714705200
0.503,12,May 03 2024 05: +0,1714708800
0.53,8,May 03 2024 06: +0,1714712400
0.539,4,May 03 2024 07: +0,1714716000
0.559,41,May 03 2024 08: +0,1714719600
0.545,9,May 03 2024 09: +0,1714723200
0.552,15,May 03 2024 10: +0,1714726800
0.539,14,May 03 2024 11: +0,1714730400
0.536,8,May 03 2024 12: +0,1714734000
0.519,14,May 03 2024 13: +0,1714737600
0.542,14,May 03 2024 14: +0,1714741200
0.527,7,May 03 2024 15: +0,1714744800
0.519,11,May 03 2024 16: +0,1714748400
0.519,8,May 03 2024 17: +0,1714752000
0.527,32,May 03 2024 18: +0,1714755600
0.527,16,May 03 2024 19: +0,1714759200
0.519,9,May 03 2024 20: +0,1714762800
0.519,14,May 03 2024 21: +0,1714766400
0.55,29,May 03 2024 22: +0,1714770000
0.553,6,May 03 2024 23: +0,1714773600
0.558,16,May 04 2024 00: +0,1714777200
0.527,2,May 04 2024 01: +0,1714780800
0.559,1,May 04 2024 02: +0,1714784400
0.558,1,May 04 2024 03: +0,1714788000
0.479,11,May 04 2024 04: +0,1714791600
0.55,9,May 04 2024 05: +0,1714795200
0.567,1,May 04 2024 06: +0,1714798800
0.558,4,May 04 2024 07: +0,1714802400
0.527,11,May 04 2024 08: +0,1714806000
0.527,3,May 04 2024 09: +0,1714809600
0.544,8,May 04 2024 10: +0,1714813200
0.553,9,May 04 2024 11: +0,1714816800
0.529,8,May 04 2024 12: +0,1714820400
0.521,9,May 04 2024 13: +0,1714824000
0.529,15,May 04 2024 14: +0,1714827600
0.529,11,May 04 2024 15: +0,1714831200
0.542,12,May 04 2024 16: +0,1714834800
0.521,90,May 04 2024 17: +0,1714838400
0.521,4,May 04 2024 18: +0,1714842000
0.525,8,May 04 2024 19: +0,1714845600
0.56,31,May 04 2024 20: +0,1714849200
0.529,12,May 04 2024 21: +0,1714852800
0.572,5,May 04 2024 22: +0,1714856400
0.529,7,May 04 2024 23: +0,1714860000
0.549,2,May 05 2024 00: +0,1714863600
0.529,7,May 05 2024 01: +0,1714867200
0.529,5,May 05 2024 02: +0,1714870800
0.513,1,May 05 2024 03: +0,1714874400
0.516,2,May 05 2024 04: +0,1714878000
0.521,3,May 05 2024 05: +0,1714881600
0.525,2,May 05 2024 06: +0,1714885200
0.513,11,May 05 2024 07: +0,1714888800
0.542,3,May 05 2024 08: +0,1714892400
0.536,10,May 05 2024 09: +0,1714896000
0.529,14,May 05 2024 10: +0,1714899600
0.529,18,May 05 2024 11: +0,1714903200
0.545,12,May 05 2024 12: +0,1714906800
0.536,18,May 05 2024 13: +0,1714910400
0.529,19,May 05 2024 14: +0,1714914000
0.551,7,May 05 2024 15: +0,1714917600
0.521,22,May 05 2024 16: +0,1714921200
0.552,21,May 05 2024 17: +0,1714924800
0.549,12,May 05 2024 18: +0,1714928400
0.529,5,May 05 2024 19: +0,1714932000
0.529,19,May 05 2024 20: +0,1714935600
0.542,21,May 05 2024 21: +0,1714939200
0.554,11,May 05 2024 22: +0,1714942800
0.571,2,May 05 2024 23: +0,1714946400
0.513,3,May 06 2024 00: +0,1714950000
0.553,3,May 06 2024 01: +0,1714953600
0.54,4,May 06 2024 02: +0,1714957200
0.513,1,May 06 2024 03: +0,1714960800
0.405,1,May 06 2024 04: +0,1714964400
0.567,5,May 06 2024 05: +0,1714968000
0.574,2,May 06 2024 06: +0,1714971600
0.521,14,May 06 2024 07: +0,1714975200
0.529,2,May 06 2024 08: +0,1714978800
0.521,12,May 06 2024 09: +0,1714982400
0.529,2,May 06 2024 10: +0,1714986000
0.529,4,May 06 2024 11: +0,1714989600
0.529,4,May 06 2024 12: +0,1714993200
0.529,10,May 06 2024 13: +0,1714996800
0.553,7,May 06 2024 14: +0,1715000400
0.436,12,May 06 2024 15: +0,1715004000
0.529,9,May 06 2024 16: +0,1715007600
0.489,4,May 06 2024 17: +0,1715011200
0.529,23,May 06 2024 18: +0,1715014800
0.529,10,May 06 2024 19: +0,1715018400
0.529,17,May 06 2024 20: +0,1715022000
0.535,33,May 06 2024 21: +0,1715025600
0.521,8,May 06 2024 22: +0,1715029200
0.536,8,May 06 2024 23: +0,1715032800
0.505,3,May 07 2024 00: +0,1715036400
0.529,3,May 07 2024 01: +0,1715040000
0.535,12,May 07 2024 02: +0,1715043600
0.513,12,May 07 2024 03: +0,1715047200
0.521,2,May 07 2024 04: +0,1715050800
0.529,2,May 07 2024 05: +0,1715054400
0.553,2,May 07 2024 06: +0,1715058000
0.536,2,May 07 2024 07: +0,1715061600
0.553,9,May 07 2024 08: +0,1715065200
0.532,2,May 07 2024 09: +0,1715068800
0.546,8,May 07 2024 10: +0,1715072400
0.544,17,May 07 2024 12: +0,1715079600
0.561,16,May 07 2024 13: +0,1715083200
0.529,5,May 07 2024 14: +0,1715086800
0.544,13,May 07 2024 15: +0,1715090400
0.552,16,May 07 2024 16: +0,1715094000
0.554,26,May 07 2024 17: +0,1715097600
0.544,13,May 07 2024 18: +0,1715101200
0.535,9,May 07 2024 19: +0,1715104800
0.548,14,May 07 2024 20: +0,1715108400
0.544,12,May 07 2024 21: +0,1715112000
0.542,2,May 07 2024 22: +0,1715115600
0.529,4,May 07 2024 23: +0,1715119200
0.545,2,May 08 2024 00: +0,1715122800
0.535,3,May 08 2024 01: +0,1715126400
0.539,2,May 08 2024 02: +0,1715130000
0.55,4,May 08 2024 03: +0,1715133600
0.553,8,May 08 2024 04: +0,1715137200
0.552,15,May 08 2024 05: +0,1715140800
0.554,7,May 08 2024 06: +0,1715144400
0.553,3,May 08 2024 07: +0,1715148000
0.553,4,May 08 2024 08: +0,1715151600
0.544,15,May 08 2024 09: +0,1715155200
0.553,13,May 08 2024 10: +0,1715158800
0.525,10,May 08 2024 11: +0,1715162400
0.553,8,May 08 2024 12: +0,1715166000
0.553,9,May 08 2024 13: +0,1715169600
0.543,17,May 08 2024 14: +0,1715173200
0.529,21,May 08 2024 15: +0,1715176800
0.521,9,May 08 2024 16: +0,1715180400
0.535,15,May 08 2024 17: +0,1715184000
0.535,14,May 08 2024 18: +0,1715187600
0.529,15,May 08 2024 19: +0,1715191200
0.529,16,May 08 2024 20: +0,1715194800
0.529,13,May 08 2024 21: +0,1715198400
0.529,13,May 08 2024 22: +0,1715202000
0.521,9,May 08 2024 23: +0,1715205600
0.529,5,May 09 2024 00: +0,1715209200
0.529,7,May 09 2024 01: +0,1715212800
0.529,5,May 09 2024 02: +0,1715216400
0.534,9,May 09 2024 03: +0,1715220000
0.529,8,May 09 2024 04: +0,1715223600
0.521,3,May 09 2024 05: +0,1715227200
0.553,6,May 09 2024 06: +0,1715230800
0.536,12,May 09 2024 07: +0,1715234400
0.534,3,May 09 2024 08: +0,1715238000
0.534,3,May 09 2024 09: +0,1715241600
0.539,12,May 09 2024 10: +0,1715245200
0.529,11,May 09 2024 11: +0,1715248800
0.538,26,May 09 2024 12: +0,1715252400
0.561,45,May 09 2024 13: +0,1715256000
0.529,18,May 09 2024 14: +0,1715259600
0.529,9,May 09 2024 15: +0,1715263200
0.529,14,May 09 2024 16: +0,1715266800
0.521,5,May 09 2024 17: +0,1715270400
0.522,16,May 09 2024 18: +0,1715274000
0.514,19,May 09 2024 19: +0,1715277600
0.506,14,May 09 2024 20: +0,1715281200
0.522,22,May 09 2024 21: +0,1715284800
0.518,8,May 09 2024 22: +0,1715288400
0.537,16,May 09 2024 23: +0,1715292000
0.522,5,May 10 2024 00: +0,1715295600
0.545,5,May 10 2024 01: +0,1715299200
0.553,1,May 10 2024 02: +0,1715302800
0.522,9,May 10 2024 03: +0,1715306400
0.545,4,May 10 2024 04: +0,1715310000
0.551,3,May 10 2024 05: +0,1715313600
0.545,4,May 10 2024 06: +0,1715317200
0.545,1,May 10 2024 07: +0,1715320800
0.545,7,May 10 2024 08: +0,1715324400
0.553,13,May 10 2024 09: +0,1715328000
0.555,9,May 10 2024 10: +0,1715331600
0.553,7,May 10 2024 11: +0,1715335200
0.551,6,May 10 2024 12: +0,1715338800
0.553,10,May 10 2024 13: +0,1715342400
0.548,10,May 10 2024 14: +0,1715346000
0.548,31,May 10 2024 15: +0,1715349600
0.537,5,May 10 2024 16: +0,1715353200
0.541,16,May 10 2024 17: +0,1715356800
0.548,15,May 10 2024 18: +0,1715360400
0.522,4,May 10 2024 19: +0,1715364000
0.51,8,May 10 2024 20: +0,1715367600
0.545,11,May 10 2024 21: +0,1715371200
0.514,23,May 10 2024 22: +0,1715374800
0.545,12,May 10 2024 23: +0,1715378400
0.553,9,May 11 2024 00: +0,1715382000
0.522,3,May 11 2024 01: +0,1715385600
0.496,2,May 11 2024 02: +0,1715389200
0.541,4,May 11 2024 03: +0,1715392800
0.522,6,May 11 2024 04: +0,1715396400
0.535,2,May 11 2024 05: +0,1715400000
0.529,6,May 11 2024 06: +0,1715403600
0.552,7,May 11 2024 07: +0,1715407200
0.522,3,May 11 2024 08: +0,1715410800
0.522,18,May 11 2024 09: +0,1715414400
0.522,6,May 11 2024 10: +0,1715418000
0.544,16,May 11 2024 11: +0,1715421600
0.514,5,May 11 2024 12: +0,1715425200
0.522,9,May 11 2024 13: +0,1715428800
0.522,11,May 11 2024 14: +0,1715432400
0.525,8,May 11 2024 15: +0,1715436000
0.534,14,May 11 2024 16: +0,1715439600
0.522,26,May 11 2024 17: +0,1715443200
0.522,17,May 11 2024 18: +0,1715446800
0.522,10,May 11 2024 19: +0,1715450400
0.522,12,May 11 2024 20: +0,1715454000
0.541,12,May 11 2024 21: +0,1715457600
0.536,14,May 11 2024 22: +0,1715461200
0.514,17,May 11 2024 23: +0,1715464800
0.528,11,May 12 2024 00: +0,1715468400
0.514,3,May 12 2024 01: +0,1715472000
0.538,13,May 12 2024 02: +0,1715475600
0.514,3,May 12 2024 03: +0,1715479200
0.522,26,May 12 2024 04: +0,1715482800
0.554,14,May 12 2024 05: +0,1715486400
0.555,22,May 12 2024 06: +0,1715490000
0.522,1,May 12 2024 07: +0,1715493600
0.522,3,May 12 2024 08: +0,1715497200
0.538,5,May 12 2024 09: +0,1715500800
0.518,4,May 12 2024 10: +0,1715504400
0.522,10,May 12 2024 11: +0,1715508000
0.498,5,May 12 2024 12: +0,1715511600
0.531,12,May 12 2024 13: +0,1715515200
0.522,12,May 12 2024 14: +0,1715518800
0.535,9,May 12 2024 15: +0,1715522400
0.502,6,May 12 2024 16: +0,1715526000
0.476,6,May 12 2024 17: +0,1715529600
0.543,10,May 12 2024 18: +0,1715533200
0.522,17,May 12 2024 19: +0,1715536800
0.522,6,May 12 2024 20: +0,1715540400
0.536,7,May 12 2024 21: +0,1715544000
0.546,1,May 12 2024 22: +0,1715547600
0.522,3,May 12 2024 23: +0,1715551200
0.543,7,May 13 2024 00: +0,1715554800
0.518,4,May 13 2024 01: +0,1715558400
0.518,4,May 13 2024 02: +0,1715562000
0.538,6,May 13 2024 03: +0,1715565600
0.518,4,May 13 2024 04: +0,1715569200
0.538,1,May 13 2024 05: +0,1715572800
0.522,5,May 13 2024 06: +0,1715576400
0.541,13,May 13 2024 07: +0,1715580000
0.541,1,May 13 2024 08: +0,1715583600
0.514,9,May 13 2024 09: +0,1715587200
0.525,8,May 13 2024 10: +0,1715590800
0.522,5,May 13 2024 11: +0,1715594400
0.529,8,May 13 2024 12: +0,1715598000
0.522,19,May 13 2024 13: +0,1715601600
0.522,13,May 13 2024 14: +0,1715605200
0.536,33,May 13 2024 15: +0,1715608800
0.522,50,May 13 2024 16: +0,1715612400
0.522,38,May 13 2024 17: +0,1715616000
0.534,23,May 13 2024 18: +0,1715619600
0.49,11,May 13 2024 19: +0,1715623200
0.525,16,May 13 2024 20: +0,1715626800
0.557,28,May 13 2024 21: +0,1715630400
0.562,14,May 13 2024 22: +0,1715634000
0.518,2,May 13 2024 23: +0,1715637600
0.522,8,May 14 2024 00: +0,1715641200
0.562,1,May 14 2024 01: +0,1715644800
0.536,5,May 14 2024 02: +0,1715648400
0.553,4,May 14 2024 03: +0,1715652000
0.536,3,May 14 2024 04: +0,1715655600
0.529,8,May 14 2024 05: +0,1715659200
0.555,1,May 14 2024 06: +0,1715662800
0.522,5,May 14 2024 07: +0,1715666400
0.555,12,May 14 2024 08: +0,1715670000
0.536,13,May 14 2024 09: +0,1715673600
0.525,8,May 14 2024 10: +0,1715677200
0.536,20,May 14 2024 11: +0,1715680800
0.522,9,May 14 2024 12: +0,1715684400
0.552,9,May 14 2024 13: +0,1715688000
0.514,3,May 14 2024 14: +0,1715691600
0.536,4,May 14 2024 15: +0,1715695200
0.546,24,May 14 2024 16: +0,1715698800
0.536,8,May 14 2024 17: +0,1715702400
0.559,9,May 14 2024 18: +0,1715706000
0.522,3,May 14 2024 19: +0,1715709600
0.541,8,May 14 2024 20: +0,1715713200
0.547,9,May 14 2024 21: +0,1715716800
0.553,9,May 14 2024 22: +0,1715720400
0.536,6,May 14 2024 23: +0,1715724000
0.543,8,May 15 2024 00: +0,1715727600
0.525,4,May 15 2024 01: +0,1715731200
0.514,5,May 15 2024 02: +0,1715734800
0.529,4,May 15 2024 03: +0,1715738400
0.537,5,May 15 2024 04: +0,1715742000
0.537,7,May 15 2024 05: +0,1715745600
0.522,7,May 15 2024 06: +0,1715749200
0.542,14,May 15 2024 07: +0,1715752800
0.522,8,May 15 2024 08: +0,1715756400
0.53,9,May 15 2024 09: +0,1715760000
0.54,22,May 15 2024 10: +0,1715763600
0.514,10,May 15 2024 11: +0,1715767200
0.522,18,May 15 2024 12: +0,1715770800
0.522,15,May 15 2024 13: +0,1715774400
0.522,16,May 15 2024 14: +0,1715778000
0.514,11,May 15 2024 15: +0,1715781600
0.53,16,May 15 2024 16: +0,1715785200
0.514,12,May 15 2024 17: +0,1715788800
0.522,15,May 15 2024 18: +0,1715792400
0.51,12,May 15 2024 19: +0,1715796000
0.506,21,May 15 2024 20: +0,1715799600
0.522,23,May 15 2024 21: +0,1715803200
0.531,7,May 15 2024 22: +0,1715806800
0.522,9,May 15 2024 23: +0,1715810400
0.545,14,May 16 2024 00: +0,1715814000
0.522,10,May 16 2024 01: +0,1715817600
0.533,4,May 16 2024 02: +0,1715821200
0.524,4,May 16 2024 03: +0,1715824800
0.482,3,May 16 2024 04: +0,1715828400
0.506,11,May 16 2024 05: +0,1715832000
0.506,10,May 16 2024 06: +0,1715835600
0.506,27,May 16 2024 07: +0,1715839200
0.498,2,May 16 2024 08: +0,1715842800
0.505,5,May 16 2024 09: +0,1715846400
0.497,10,May 16 2024 10: +0,1715850000
0.52,15,May 16 2024 11: +0,1715853600
0.518,1,May 16 2024 12: +0,1715857200
0.515,4,May 16 2024 13: +0,1715860800
0.509,13,May 16 2024 14: +0,1715864400
0.513,20,May 16 2024 15: +0,1715868000
0.522,11,May 16 2024 16: +0,1715871600
0.51,16,May 16 2024 17: +0,1715875200
0.514,9,May 16 2024 18: +0,1715878800
0.499,9,May 16 2024 19: +0,1715882400
0.498,6,May 16 2024 20: +0,1715886000
0.514,27,May 16 2024 21: +0,1715889600
0.498,4,May 16 2024 22: +0,1715893200
0.474,5,May 16 2024 23: +0,1715896800
0.482,4,May 17 2024 00: +0,1715900400
0.498,2,May 17 2024 01: +0,1715904000
0.499,10,May 17 2024 02: +0,1715907600
0.506,11,May 17 2024 03: +0,1715911200
0.522,3,May 17 2024 04: +0,1715914800
0.49,12,May 17 2024 06: +0,1715922000
0.502,1,May 17 2024 07: +0,1715925600
0.494,6,May 17 2024 08: +0,1715929200
0.5,5,May 17 2024 09: +0,1715932800
0.498,19,May 17 2024 10: +0,1715936400
0.498,13,May 17 2024 11: +0,1715940000
0.511,20,May 17 2024 12: +0,1715943600
0.51,11,May 17 2024 13: +0,1715947200
0.502,18,May 17 2024 14: +0,1715950800
0.506,15,May 17 2024 15: +0,1715954400
0.52,15,May 17 2024 16: +0,1715958000
0.506,11,May 17 2024 17: +0,1715961600
0.514,15,May 17 2024 18: +0,1715965200
0.506,12,May 17 2024 19: +0,1715968800
0.506,23,May 17 2024 20: +0,1715972400
0.506,11,May 17 2024 21: +0,1715976000
0.506,8,May 17 2024 22: +0,1715979600
0.514,5,May 17 2024 23: +0,1715983200
0.522,12,May 18 2024 00: +0,1715986800
0.506,1,May 18 2024 01: +0,1715990400
0.53,13,May 18 2024 02: +0,1715994000
0.506,15,May 18 2024 03: +0,1715997600
0.498,3,May 18 2024 04: +0,1716001200
0.494,2,May 18 2024 05: +0,1716004800
0.49,3,May 18 2024 06: +0,1716008400
0.498,4,May 18 2024 07: +0,1716012000
0.512,5,May 18 2024 08: +0,1716015600
0.506,13,May 18 2024 09: +0,1716019200
0.506,23,May 18 2024 10: +0,1716022800
0.506,10,May 18 2024 11: +0,1716026400
0.521,5,May 18 2024 12: +0,1716030000
0.504,9,May 18 2024 13: +0,1716033600
0.496,10,May 18 2024 14: +0,1716037200
0.504,29,May 18 2024 15: +0,1716040800
0.496,7,May 18 2024 16: +0,1716044400
0.496,5,May 18 2024 17: +0,1716048000
0.508,59,May 18 2024 18: +0,1716051600
0.496,11,May 18 2024 19: +0,1716055200
0.496,16,May 18 2024 20: +0,1716058800
0.503,2,May 18 2024 21: +0,1716062400
0.496,18,May 18 2024 22: +0,1716066000
0.496,9,May 18 2024 23: +0,1716069600
0.494,9,May 19 2024 00: +0,1716073200
0.503,4,May 19 2024 01: +0,1716076800
0.512,8,May 19 2024 02: +0,1716080400
0.484,2,May 19 2024 04: +0,1716087600
0.496,7,May 19 2024 05: +0,1716091200
0.514,4,May 19 2024 06: +0,1716094800
0.508,6,May 19 2024 07: +0,1716098400
0.512,2,May 19 2024 08: +0,1716102000
0.504,7,May 19 2024 09: +0,1716105600
0.496,7,May 19 2024 10: +0,1716109200
0.496,8,May 19 2024 11: +0,1716112800
0.503,19,May 19 2024 12: +0,1716116400
0.496,11,May 19 2024 13: +0,1716120000
0.509,4,May 19 2024 14: +0,1716123600
0.51,22,May 19 2024 15: +0,1716127200
0.507,10,May 19 2024 16: +0,1716130800
0.496,5,May 19 2024 17: +0,1716134400
0.503,16,May 19 2024 18: +0,1716138000
0.503,15,May 19 2024 19: +0,1716141600
0.503,47,May 19 2024 20: +0,1716145200
0.503,17,May 19 2024 21: +0,1716148800
0.519,12,May 19 2024 22: +0,1716152400
0.474,4,May 19 2024 23: +0,1716156000
0.504,2,May 20 2024 00: +0,1716159600
0.496,7,May 20 2024 01: +0,1716163200
0.504,10,May 20 2024 02: +0,1716166800
0.496,5,May 20 2024 03: +0,1716170400
0.496,8,May 20 2024 04: +0,1716174000
0.496,2,May 20 2024 05: +0,1716177600
0.508,7,May 20 2024 06: +0,1716181200
0.509,3,May 20 2024 07: +0,1716184800
0.5,8,May 20 2024 08: +0,1716188400
0.51,9,May 20 2024 09: +0,1716192000
0.503,3,May 20 2024 10: +0,1716195600
0.496,17,May 20 2024 11: +0,1716199200
0.499,4,May 20 2024 12: +0,1716202800
0.503,15,May 20 2024 13: +0,1716206400
0.503,36,May 20 2024 14: +0,1716210000
0.519,18,May 20 2024 15: +0,1716213600
0.503,7,May 20 2024 16: +0,1716217200
0.48,11,May 20 2024 17: +0,1716220800
0.523,6,May 20 2024 18: +0,1716224400
0.503,5,May 20 2024 19: +0,1716228000
0.518,5,May 20 2024 20: +0,1716231600
0.512,10,May 20 2024 21: +0,1716235200
0.496,6,May 20 2024 22: +0,1716238800
0.496,7,May 20 2024 23: +0,1716242400
0.504,14,May 21 2024 00: +0,1716246000
0.512,24,May 21 2024 01: +0,1716249600
0.504,4,May 21 2024 02: +0,1716253200
0.539,2,May 21 2024 03: +0,1716256800
0.543,3,May 21 2024 04: +0,1716260400
0.534,6,May 21 2024 05: +0,1716264000
0.504,5,May 21 2024 06: +0,1716267600
0.496,2,May 21 2024 07: +0,1716271200
0.532,6,May 21 2024 08: +0,1716274800
0.535,5,May 21 2024 09: +0,1716278400
0.5,4,May 21 2024 10: +0,1716282000
0.504,7,May 21 2024 11: +0,1716285600
0.496,3,May 21 2024 12: +0,1716289200
0.504,18,May 21 2024 13: +0,1716292800
0.504,21,May 21 2024 14: +0,1716296400
0.504,7,May 21 2024 15: +0,1716300000
0.513,15,May 21 2024 16: +0,1716303600
0.517,19,May 21 2024 17: +0,1716307200
0.504,9,May 21 2024 18: +0,1716310800
0.528,9,May 21 2024 19: +0,1716314400
0.496,1,May 21 2024 20: +0,1716318000
0.513,12,May 21 2024 21: +0,1716321600
0.513,9,May 21 2024 22: +0,1716325200
0.504,4,May 21 2024 23: +0,1716328800
0.504,7,May 22 2024 00: +0,1716332400
0.521,4,May 22 2024 01: +0,1716336000
0.516,6,May 22 2024 02: +0,1716339600
0.525,3,May 22 2024 03: +0,1716343200
0.504,8,May 22 2024 04: +0,1716346800
0.504,10,May 22 2024 05: +0,1716350400
0.496,8,May 22 2024 06: +0,1716354000
0.504,11,May 22 2024 07: +0,1716357600
0.507,8,May 22 2024 08: +0,1716361200
0.51,4,May 22 2024 09: +0,1716364800
0.504,17,May 22 2024 10: +0,1716368400
0.504,11,May 22 2024 11: +0,1716372000
0.514,13,May 22 2024 12: +0,1716375600
0.502,16,May 22 2024 13: +0,1716379200
0.512,15,May 22 2024 14: +0,1716382800
0.474,6,May 22 2024 15: +0,1716386400
0.471,12,May 22 2024 16: +0,1716390000
0.471,11,May 22 2024 17: +0,1716393600
0.493,22,May 22 2024 18: +0,1716397200
0.476,13,May 22 2024 19: +0,1716400800
0.487,35,May 22 2024 20: +0,1716404400
0.512,30,May 22 2024 21: +0,1716408000
0.513,8,May 22 2024 22: +0,1716411600
0.491,8,May 22 2024 23: +0,1716415200
0.479,4,May 23 2024 00: +0,1716418800
0.521,14,May 23 2024 01: +0,1716422400
0.495,5,May 23 2024 02: +0,1716426000
0.531,3,May 23 2024 03: +0,1716429600
0.519,4,May 23 2024 04: +0,1716433200
0.492,2,May 23 2024 05: +0,1716436800
0.512,22,May 23 2024 08: +0,1716447600
0.483,4,May 23 2024 09: +0,1716451200
0.434,3,May 23 2024 10: +0,1716454800
0.47,8,May 23 2024 11: +0,1716458400
0.471,8,May 23 2024 13: +0,1716465600
0.471,7,May 23 2024 14: +0,1716469200
0.472,13,May 23 2024 15: +0,1716472800
0.469,7,May 23 2024 16: +0,1716476400
0.469,33,May 23 2024 17: +0,1716480000
0.471,15,May 23 2024 18: +0,1716483600
0.481,12,May 23 2024 19: +0,1716487200
0.476,17,May 23 2024 20: +0,1716490800
0.471,20,May 23 2024 21: +0,1716494400
0.485,8,May 23 2024 22: +0,1716498000
0.485,11,May 23 2024 23: +0,1716501600
0.482,5,May 24 2024 00: +0,1716505200
0.489,35,May 24 2024 01: +0,1716508800
0.487,4,May 24 2024 02: +0,1716512400
0.471,25,May 24 2024 03: +0,1716516000
0.461,8,May 24 2024 04: +0,1716519600
0.456,13,May 24 2024 05: +0,1716523200
0.468,4,May 24 2024 06: +0,1716526800
0.474,19,May 24 2024 07: +0,1716530400
0.493,20,May 24 2024 08: +0,1716534000
0.503,10,May 24 2024 09: +0,1716537600
0.476,13,May 24 2024 10: +0,1716541200
0.476,14,May 24 2024 11: +0,1716544800
0.468,7,May 24 2024 12: +0,1716548400
0.469,12,May 24 2024 13: +0,1716552000
0.479,28,May 24 2024 14: +0,1716555600
0.489,19,May 24 2024 15: +0,1716559200
0.476,10,May 24 2024 16: +0,1716562800
0.469,11,May 24 2024 17: +0,1716566400
0.479,13,May 24 2024 18: +0,1716570000
0.482,12,May 24 2024 19: +0,1716573600
0.477,12,May 24 2024 20: +0,1716577200
0.451,2,May 24 2024 21: +0,1716580800
0.479,18,May 24 2024 22: +0,1716584400
0.492,5,May 24 2024 23: +0,1716588000
0.479,9,May 25 2024 00: +0,1716591600
0.481,4,May 25 2024 01: +0,1716595200
0.473,6,May 25 2024 02: +0,1716598800
0.48,1,May 25 2024 03: +0,1716602400
0.481,5,May 25 2024 04: +0,1716606000
0.482,15,May 25 2024 05: +0,1716609600
0.495,6,May 25 2024 06: +0,1716613200
0.488,5,May 25 2024 07: +0,1716616800
0.498,10,May 25 2024 08: +0,1716620400
0.494,6,May 25 2024 09: +0,1716624000
0.471,3,May 25 2024 10: +0,1716627600
0.471,17,May 25 2024 11: +0,1716631200
0.469,7,May 25 2024 12: +0,1716634800
0.47,6,May 25 2024 13: +0,1716638400
0.47,8,May 25 2024 14: +0,1716642000
0.471,13,May 25 2024 15: +0,1716645600
0.471,6,May 25 2024 16: +0,1716649200
0.481,30,May 25 2024 17: +0,1716652800
0.471,13,May 25 2024 18: +0,1716656400
0.47,2,May 25 2024 19: +0,1716660000
0.478,16,May 25 2024 20: +0,1716663600
0.479,14,May 25 2024 21: +0,1716667200
0.48,5,May 25 2024 22: +0,1716670800
0.487,12,May 25 2024 23: +0,1716674400
0.494,8,May 26 2024 00: +0,1716678000
0.479,5,May 26 2024 01: +0,1716681600
0.479,37,May 26 2024 02: +0,1716685200
0.498,3,May 26 2024 03: +0,1716688800
0.495,5,May 26 2024 04: +0,1716692400
0.501,4,May 26 2024 05: +0,1716696000
0.488,7,May 26 2024 06: +0,1716699600
0.471,2,May 26 2024 07: +0,1716703200
0.48,7,May 26 2024 08: +0,1716706800
0.471,7,May 26 2024 09: +0,1716710400
0.479,21,May 26 2024 10: +0,1716714000
0.487,30,May 26 2024 11: +0,1716717600
0.485,19,May 26 2024 12: +0,1716721200
0.489,11,May 26 2024 13: +0,1716724800
0.487,17,May 26 2024 14: +0,1716728400
0.487,11,May 26 2024 15: +0,1716732000
0.487,16,May 26 2024 16: +0,1716735600
0.491,12,May 26 2024 17: +0,1716739200
0.49,13,May 26 2024 18: +0,1716742800
0.479,16,May 26 2024 19: +0,1716746400
0.483,8,May 26 2024 20: +0,1716750000
0.487,10,May 26 2024 21: +0,1716753600
0.487,9,May 26 2024 22: +0,1716757200
0.489,13,May 26 2024 23: +0,1716760800
0.487,8,May 27 2024 00: +0,1716764400
0.489,2,May 27 2024 01: +0,1716768000
0.483,6,May 27 2024 02: +0,1716771600
0.471,4,May 27 2024 03: +0,1716775200
0.487,8,May 27 2024 04: +0,1716778800
0.471,1,May 27 2024 05: +0,1716782400
0.485,8,May 27 2024 06: +0,1716786000
0.491,2,May 27 2024 07: +0,1716789600
0.435,2,May 27 2024 08: +0,1716793200
0.467,9,May 27 2024 09: +0,1716796800
0.495,9,May 27 2024 10: +0,1716800400
0.478,13,May 27 2024 11: +0,1716804000
0.457,8,May 27 2024 12: +0,1716807600
0.475,14,May 27 2024 13: +0,1716811200
0.467,4,May 27 2024 14: +0,1716814800
0.468,15,May 27 2024 15: +0,1716818400
0.464,8,May 27 2024 16: +0,1716822000
0.495,8,May 27 2024 17: +0,1716825600
0.471,11,May 27 2024 18: +0,1716829200
0.485,8,May 27 2024 19: +0,1716832800
0.49,11,May 27 2024 20: +0,1716836400
0.468,9,May 27 2024 21: +0,1716840000
0.484,4,May 27 2024 22: +0,1716843600
0.475,5,May 27 2024 23: +0,1716847200
0.469,39,May 28 2024 00: +0,1716850800
0.488,11,May 28 2024 01: +0,1716854400
0.488,35,May 28 2024 02: +0,1716858000
0.497,1,May 28 2024 03: +0,1716861600
0.471,1,May 28 2024 04: +0,1716865200
0.48,2,May 28 2024 05: +0,1716868800
0.481,5,May 28 2024 06: +0,1716872400
0.487,3,May 28 2024 07: +0,1716876000
0.495,44,May 28 2024 08: +0,1716879600
0.503,5,May 28 2024 09: +0,1716883200
0.503,11,May 28 2024 10: +0,1716886800
0.506,6,May 28 2024 11: +0,1716890400
0.487,7,May 28 2024 12: +0,1716894000
0.492,6,May 28 2024 13: +0,1716897600
0.487,7,May 28 2024 14: +0,1716901200
0.468,14,May 28 2024 15: +0,1716904800
0.471,94,May 28 2024 16: +0,1716908400
0.498,18,May 28 2024 17: +0,1716912000
0.491,6,May 28 2024 18: +0,1716915600
0.503,23,May 28 2024 19: +0,1716919200
0.511,14,May 28 2024 20: +0,1716922800
0.487,12,May 28 2024 21: +0,1716926400
0.518,41,May 28 2024 22: +0,1716930000
0.531,6,May 28 2024 23: +0,1716933600
0.494,3,May 29 2024 00: +0,1716937200
0.492,2,May 29 2024 01: +0,1716940800
0.469,7,May 29 2024 02: +0,1716944400
0.432,14,May 29 2024 03: +0,1716948000
0.493,6,May 29 2024 04: +0,1716951600
0.488,15,May 29 2024 05: +0,1716955200
0.501,4,May 29 2024 06: +0,1716958800
0.189,25,May 29 2024 07: +0,1716962400
0.487,13,May 29 2024 08: +0,1716966000
0.492,4,May 29 2024 09: +0,1716969600
0.49,7,May 29 2024 10: +0,1716973200
0.493,19,May 29 2024 11: +0,1716976800
0.491,8,May 29 2024 12: +0,1716980400
0.471,7,May 29 2024 13: +0,1716984000
0.47,22,May 29 2024 14: +0,1716987600
0.473,22,May 29 2024 15: +0,1716991200
0.471,7,May 29 2024 16: +0,1716994800
0.469,12,May 29 2024 17: +0,1716998400
0.469,30,May 29 2024 18: +0,1717002000
0.479,24,May 29 2024 19: +0,1717005600
0.475,39,May 29 2024 20: +0,1717009200
0.495,9,May 29 2024 21: +0,1717012800
0.492,13,May 30 2024 00: +0,1717023600
0.469,5,May 30 2024 01: +0,1717027200
0.471,2,May 30 2024 02: +0,1717030800
0.47,2,May 30 2024 03: +0,1717034400
0.473,5,May 30 2024 04: +0,1717038000
0.479,5,May 30 2024 05: +0,1717041600
0.468,7,May 30 2024 06: +0,1717045200
0.476,14,May 30 2024 07: +0,1717048800
0.479,4,May 30 2024 08: +0,1717052400
0.486,10,May 30 2024 09: +0,1717056000
0.432,1,May 30 2024 10: +0,1717059600
0.456,10,May 30 2024 11: +0,1717063200
0.484,8,May 30 2024 12: +0,1717066800
0.468,13,May 30 2024 13: +0,1717070400
0.485,11,May 30 2024 14: +0,1717074000
0.471,11,May 30 2024 15: +0,1717077600
0.471,17,May 30 2024 16: +0,1717081200
0.489,16,May 30 2024 17: +0,1717084800
0.471,18,May 30 2024 18: +0,1717088400
0.49,13,May 30 2024 19: +0,1717092000
0.477,10,May 30 2024 20: +0,1717095600
0.492,32,May 30 2024 21: +0,1717099200
0.489,8,May 30 2024 22: +0,1717102800
0.494,5,May 30 2024 23: +0,1717106400
0.474,2,May 31 2024 00: +0,1717110000
0.447,7,May 31 2024 01: +0,1717113600
0.463,4,May 31 2024 02: +0,1717117200
0.471,2,May 31 2024 03: +0,1717120800
0.48,6,May 31 2024 04: +0,1717124400
0.467,2,May 31 2024 05: +0,1717128000
0.495,7,May 31 2024 06: +0,1717131600
0.486,13,May 31 2024 07: +0,1717135200
0.487,10,May 31 2024 08: +0,1717138800
0.488,11,May 31 2024 09: +0,1717142400
0.496,24,May 31 2024 10: +0,1717146000
0.497,6,May 31 2024 11: +0,1717149600
0.509,8,May 31 2024 12: +0,1717153200
0.488,11,May 31 2024 13: +0,1717156800
0.488,14,May 31 2024 14: +0,1717160400
0.495,6,May 31 2024 15: +0,1717164000
0.542,90,May 31 2024 16: +0,1717167600
0.529,13,May 31 2024 17: +0,1717171200
0.492,6,May 31 2024 18: +0,1717174800
0.498,17,May 31 2024 19: +0,1717178400
0.505,17,May 31 2024 20: +0,1717182000
0.537,8,May 31 2024 21: +0,1717185600
0.496,10,May 31 2024 22: +0,1717189200
0.478,3,May 31 2024 23: +0,1717192800
0.514,6,Jun 01 2024 00: +0,1717196400
0.495,7,Jun 01 2024 01: +0,1717200000
0.492,2,Jun 01 2024 02: +0,1717203600
0.518,1,Jun 01 2024 03: +0,1717207200
0.471,3,Jun 01 2024 04: +0,1717210800
0.477,2,Jun 01 2024 05: +0,1717214400
0.486,11,Jun 01 2024 06: +0,1717218000
0.487,5,Jun 01 2024 07: +0,1717221600
0.486,7,Jun 01 2024 08: +0,1717225200
0.498,5,Jun 01 2024 09: +0,1717228800
0.508,12,Jun 01 2024 10: +0,1717232400
0.489,8,Jun 01 2024 11: +0,1717236000
0.478,17,Jun 01 2024 12: +0,1717239600
0.478,7,Jun 01 2024 13: +0,1717243200
0.486,16,Jun 01 2024 14: +0,1717246800
0.504,5,Jun 01 2024 15: +0,1717250400
0.529,12,Jun 01 2024 16: +0,1717254000
0.486,5,Jun 01 2024 17: +0,1717257600
0.494,6,Jun 01 2024 18: +0,1717261200
0.494,11,Jun 01 2024 19: +0,1717264800
0.498,4,Jun 01 2024 20: +0,1717268400
0.494,3,Jun 01 2024 21: +0,1717272000
0.494,13,Jun 01 2024 22: +0,1717275600
0.502,16,Jun 01 2024 23: +0,1717279200
0.518,9,Jun 02 2024 00: +0,1717282800
0.518,3,Jun 02 2024 01: +0,1717286400
0.52,3,Jun 02 2024 02: +0,1717290000
0.502,5,Jun 02 2024 03: +0,1717293600
0.494,14,Jun 02 2024 04: +0,1717297200
0.514,7,Jun 02 2024 05: +0,1717300800
0.515,2,Jun 02 2024 06: +0,1717304400
0.537,7,Jun 02 2024 07: +0,1717308000
0.504,9,Jun 02 2024 09: +0,1717315200
0.523,1,Jun 02 2024 10: +0,1717318800
0.492,2,Jun 02 2024 11: +0,1717322400
0.502,7,Jun 02 2024 12: +0,1717326000
0.51,8,Jun 02 2024 13: +0,1717329600
0.51,29,Jun 02 2024 14: +0,1717333200
0.502,3,Jun 02 2024 15: +0,1717336800
0.502,16,Jun 02 2024 16: +0,1717340400
0.502,16,Jun 02 2024 17: +0,1717344000
0.502,7,Jun 02 2024 18: +0,1717347600
0.516,8,Jun 02 2024 19: +0,1717351200
0.495,10,Jun 02 2024 20: +0,1717354800
0.514,15,Jun 02 2024 21: +0,1717358400
0.502,7,Jun 02 2024 22: +0,1717362000
0.502,6,Jun 02 2024 23: +0,1717365600
0.502,11,Jun 03 2024 00: +0,1717369200
0.518,4,Jun 03 2024 01: +0,1717372800
0.523,4,Jun 03 2024 02: +0,1717376400
0.532,6,Jun 03 2024 03: +0,1717380000
0.541,8,Jun 03 2024 04: +0,1717383600
0.498,8,Jun 03 2024 05: +0,1717387200
0.502,5,Jun 03 2024 06: +0,1717390800
0.512,4,Jun 03 2024 07: +0,1717394400
0.509,2,Jun 03 2024 08: +0,1717398000
0.494,5,Jun 03 2024 09: +0,1717401600
0.518,4,Jun 03 2024 10: +0,1717405200
0.498,6,Jun 03 2024 11: +0,1717408800
0.51,5,Jun 03 2024 12: +0,1717412400
0.525,10,Jun 03 2024 13: +0,1717416000
0.51,12,Jun 03 2024 14: +0,1717419600
0.51,6,Jun 03 2024 15: +0,1717423200
0.518,21,Jun 03 2024 16: +0,1717426800
0.518,14,Jun 03 2024 17: +0,1717430400
0.514,14,Jun 03 2024 18: +0,1717434000
0.521,17,Jun 03 2024 19: +0,1717437600
0.545,34,Jun 03 2024 20: +0,1717441200
0.498,11,Jun 03 2024 21: +0,1717444800
0.533,6,Jun 03 2024 22: +0,1717448400
0.521,24,Jun 03 2024 23: +0,1717452000
0.513,5,Jun 04 2024 00: +0,1717455600
0.526,4,Jun 04 2024 01: +0,1717459200
0.521,3,Jun 04 2024 02: +0,1717462800
0.513,4,Jun 04 2024 03: +0,1717466400
0.552,22,Jun 04 2024 04: +0,1717470000
0.548,1,Jun 04 2024 05: +0,1717473600
0.49,5,Jun 04 2024 06: +0,1717477200
0.521,3,Jun 04 2024 07: +0,1717480800
0.537,4,Jun 04 2024 08: +0,1717484400
0.513,1,Jun 04 2024 09: +0,1717488000
0.547,4,Jun 04 2024 10: +0,1717491600
0.535,6,Jun 04 2024 11: +0,1717495200
0.54,4,Jun 04 2024 12: +0,1717498800
0.561,11,Jun 04 2024 14: +0,1717506000
0.54,7,Jun 04 2024 15: +0,1717509600
0.54,16,Jun 04 2024 16: +0,1717513200
0.513,133,Jun 04 2024 17: +0,1717516800
0.54,13,Jun 04 2024 18: +0,1717520400
0.521,17,Jun 04 2024 19: +0,1717524000
0.526,16,Jun 04 2024 20: +0,1717527600
0.521,15,Jun 04 2024 21: +0,1717531200
0.536,6,Jun 04 2024 22: +0,1717534800
0.533,2,Jun 04 2024 23: +0,1717538400
0.513,3,Jun 05 2024 00: +0,1717542000
0.521,3,Jun 05 2024 01: +0,1717545600
0.513,7,Jun 05 2024 02: +0,1717549200
0.544,6,Jun 05 2024 03: +0,1717552800
0.506,1,Jun 05 2024 04: +0,1717556400
0.535,8,Jun 05 2024 05: +0,1717560000
0.506,10,Jun 05 2024 06: +0,1717563600
0.545,20,Jun 05 2024 07: +0,1717567200
0.522,4,Jun 05 2024 08: +0,1717570800
0.533,6,Jun 05 2024 09: +0,1717574400
0.544,10,Jun 05 2024 10: +0,1717578000
0.506,18,Jun 05 2024 11: +0,1717581600
0.545,4,Jun 05 2024 12: +0,1717585200
0.533,12,Jun 05 2024 13: +0,1717588800
0.533,16,Jun 05 2024 14: +0,1717592400
0.53,6,Jun 05 2024 15: +0,1717596000
0.533,16,Jun 05 2024 16: +0,1717599600
0.521,8,Jun 05 2024 17: +0,1717603200
0.529,26,Jun 05 2024 18: +0,1717606800
0.521,12,Jun 05 2024 19: +0,1717610400
0.521,26,Jun 05 2024 20: +0,1717614000
0.532,22,Jun 05 2024 21: +0,1717617600
0.532,21,Jun 05 2024 22: +0,1717621200
0.521,6,Jun 05 2024 23: +0,1717624800
0.537,2,Jun 06 2024 00: +0,1717628400
0.513,1,Jun 06 2024 01: +0,1717632000
0.521,7,Jun 06 2024 02: +0,1717635600
0.542,55,Jun 06 2024 03: +0,1717639200
0.548,8,Jun 06 2024 04: +0,1717642800
0.517,4,Jun 06 2024 05: +0,1717646400
0.521,3,Jun 06 2024 07: +0,1717653600
0.544,34,Jun 06 2024 08: +0,1717657200
0.558,18,Jun 06 2024 09: +0,1717660800
0.553,16,Jun 06 2024 10: +0,1717664400
0.545,5,Jun 06 2024 11: +0,1717668000
0.545,20,Jun 06 2024 12: +0,1717671600
0.521,6,Jun 06 2024 13: +0,1717675200
0.545,16,Jun 06 2024 14: +0,1717678800
0.521,15,Jun 06 2024 15: +0,1717682400
0.521,20,Jun 06 2024 16: +0,1717686000
0.539,10,Jun 06 2024 17: +0,1717689600
0.521,18,Jun 06 2024 18: +0,1717693200
0.521,13,Jun 06 2024 19: +0,1717696800
0.543,15,Jun 06 2024 20: +0,1717700400
0.521,11,Jun 06 2024 21: +0,1717704000
0.506,7,Jun 06 2024 22: +0,1717707600
0.521,7,Jun 06 2024 23: +0,1717711200
0.521,5,Jun 07 2024 00: +0,1717714800
0.539,6,Jun 07 2024 01: +0,1717718400
0.521,17,Jun 07 2024 02: +0,1717722000
0.545,5,Jun 07 2024 03: +0,1717725600
0.532,5,Jun 07 2024 04: +0,1717729200
0.506,1,Jun 07 2024 05: +0,1717732800
0.542,11,Jun 07 2024 06: +0,1717736400
0.532,3,Jun 07 2024 07: +0,1717740000
0.542,8,Jun 07 2024 08: +0,1717743600
0.541,1,Jun 07 2024 09: +0,1717747200
0.541,19,Jun 07 2024 10: +0,1717750800
0.538,6,Jun 07 2024 11: +0,1717754400
0.532,7,Jun 07 2024 12: +0,1717758000
0.532,7,Jun 07 2024 13: +0,1717761600
0.531,10,Jun 07 2024 14: +0,1717765200
0.543,26,Jun 07 2024 15: +0,1717768800
0.539,12,Jun 07 2024 16: +0,1717772400
0.521,11,Jun 07 2024 17: +0,1717776000
0.55,17,Jun 07 2024 18: +0,1717779600
0.532,14,Jun 07 2024 19: +0,1717783200
0.537,10,Jun 07 2024 20: +0,1717786800
0.541,14,Jun 07 2024 21: +0,1717790400
0.547,40,Jun 07 2024 22: +0,1717794000
0.56,24,Jun 07 2024 23: +0,1717797600
0.555,25,Jun 08 2024 00: +0,1717801200
0.563,7,Jun 08 2024 01: +0,1717804800
0.553,11,Jun 08 2024 02: +0,1717808400
0.544,5,Jun 08 2024 03: +0,1717812000
0.533,10,Jun 08 2024 04: +0,1717815600
0.521,6,Jun 08 2024 05: +0,1717819200
0.539,47,Jun 08 2024 06: +0,1717822800
0.539,8,Jun 08 2024 07: +0,1717826400
0.521,7,Jun 08 2024 08: +0,1717830000
0.546,14,Jun 08 2024 09: +0,1717833600
0.538,6,Jun 08 2024 10: +0,1717837200
0.513,101,Jun 08 2024 11: +0,1717840800
0.553,30,Jun 08 2024 12: +0,1717844400
0.539,13,Jun 08 2024 13: +0,1717848000
0.538,18,Jun 08 2024 14: +0,1717851600
0.529,4,Jun 08 2024 15: +0,1717855200
0.491,22,Jun 08 2024 16: +0,1717858800
0.482,9,Jun 08 2024 17: +0,1717862400
0.498,7,Jun 08 2024 18: +0,1717866000
0.5,8,Jun 08 2024 19: +0,1717869600
0.511,7,Jun 08 2024 20: +0,1717873200
0.512,6,Jun 08 2024 21: +0,1717876800
0.494,12,Jun 08 2024 22: +0,1717880400
0.495,3,Jun 08 2024 23: +0,1717884000
0.495,8,Jun 09 2024 00: +0,1717887600
0.503,8,Jun 09 2024 01: +0,1717891200
0.495,4,Jun 09 2024 03: +0,1717898400
0.474,1,Jun 09 2024 04: +0,1717902000
0.474,6,Jun 09 2024 05: +0,1717905600
0.498,4,Jun 09 2024 06: +0,1717909200
0.506,10,Jun 09 2024 07: +0,1717912800
0.492,3,Jun 09 2024 08: +0,1717916400
0.482,3,Jun 09 2024 09: +0,1717920000
0.512,10,Jun 09 2024 10: +0,1717923600
0.487,2,Jun 09 2024 11: +0,1717927200
0.474,27,Jun 09 2024 12: +0,1717930800
0.502,28,Jun 09 2024 13: +0,1717934400
0.469,20,Jun 09 2024 14: +0,1717938000
0.467,17,Jun 09 2024 15: +0,1717941600
0.49,25,Jun 09 2024 16: +0,1717945200
0.47,9,Jun 09 2024 17: +0,1717948800
0.474,13,Jun 09 2024 18: +0,1717952400
0.466,7,Jun 09 2024 19: +0,1717956000
0.487,29,Jun 09 2024 20: +0,1717959600
0.479,15,Jun 09 2024 21: +0,1717963200
0.47,1,Jun 09 2024 22: +0,1717966800
0.47,6,Jun 09 2024 23: +0,1717970400
0.506,11,Jun 10 2024 00: +0,1717974000
0.494,8,Jun 10 2024 01: +0,1717977600
0.513,1,Jun 10 2024 02: +0,1717981200
0.512,2,Jun 10 2024 03: +0,1717984800
0.513,7,Jun 10 2024 04: +0,1717988400
0.494,5,Jun 10 2024 06: +0,1717995600
0.518,1,Jun 10 2024 07: +0,1717999200
0.523,7,Jun 10 2024 08: +0,1718002800
0.498,5,Jun 10 2024 09: +0,1718006400
0.513,1,Jun 10 2024 10: +0,1718010000
0.49,5,Jun 10 2024 11: +0,1718013600
0.501,11,Jun 10 2024 12: +0,1718017200
0.482,11,Jun 10 2024 13: +0,1718020800
0.47,13,Jun 10 2024 14: +0,1718024400
0.472,14,Jun 10 2024 15: +0,1718028000
0.47,17,Jun 10 2024 16: +0,1718031600
0.469,11,Jun 10 2024 17: +0,1718035200
0.538,20,Jun 10 2024 18: +0,1718038800
0.463,8,Jun 10 2024 19: +0,1718042400
0.497,2,Jun 10 2024 20: +0,1718046000
0.512,6,Jun 10 2024 21: +0,1718049600
0.513,29,Jun 10 2024 22: +0,1718053200
0.478,7,Jun 10 2024 23: +0,1718056800
0.49,2,Jun 11 2024 00: +0,1718060400
0.517,3,Jun 11 2024 01: +0,1718064000
0.526,2,Jun 11 2024 02: +0,1718067600
0.492,2,Jun 11 2024 03: +0,1718071200
0.491,6,Jun 11 2024 04: +0,1718074800
0.527,2,Jun 11 2024 05: +0,1718078400
0.534,54,Jun 11 2024 06: +0,1718082000
0.543,4,Jun 11 2024 07: +0,1718085600
0.474,1,Jun 11 2024 08: +0,1718089200
0.481,5,Jun 11 2024 09: +0,1718092800
0.479,7,Jun 11 2024 10: +0,1718096400
0.498,12,Jun 11 2024 11: +0,1718100000
0.499,7,Jun 11 2024 12: +0,1718103600
0.505,2,Jun 11 2024 14: +0,1718110800
0.509,11,Jun 11 2024 15: +0,1718114400
0.513,11,Jun 11 2024 16: +0,1718118000
0.523,10,Jun 11 2024 17: +0,1718121600
0.506,10,Jun 11 2024 18: +0,1718125200
0.498,15,Jun 11 2024 19: +0,1718128800
0.544,11,Jun 11 2024 20: +0,1718132400
0.513,3,Jun 11 2024 21: +0,1718136000
0.513,6,Jun 11 2024 22: +0,1718139600
0.523,10,Jun 11 2024 23: +0,1718143200
0.542,3,Jun 12 2024 00: +0,1718146800
0.513,1,Jun 12 2024 01: +0,1718150400
0.545,5,Jun 12 2024 02: +0,1718154000
0.513,5,Jun 12 2024 03: +0,1718157600
0.527,10,Jun 12 2024 04: +0,1718161200
0.5,16,Jun 12 2024 05: +0,1718164800
0.541,16,Jun 12 2024 06: +0,1718168400
0.563,108,Jun 12 2024 07: +0,1718172000
0.529,8,Jun 12 2024 08: +0,1718175600
0.547,8,Jun 12 2024 09: +0,1718179200
0.54,8,Jun 12 2024 10: +0,1718182800
0.543,22,Jun 12 2024 11: +0,1718186400
0.562,13,Jun 12 2024 12: +0,1718190000
0.554,14,Jun 12 2024 13: +0,1718193600
0.551,16,Jun 12 2024 14: +0,1718197200
0.55,14,Jun 12 2024 15: +0,1718200800
0.554,20,Jun 12 2024 16: +0,1718204400
0.56,8,Jun 12 2024 17: +0,1718208000
0.553,17,Jun 12 2024 18: +0,1718211600
0.553,15,Jun 12 2024 19: +0,1718215200
0.55,16,Jun 12 2024 20: +0,1718218800
0.556,20,Jun 12 2024 21: +0,1718222400
0.563,23,Jun 12 2024 22: +0,1718226000
0.554,37,Jun 12 2024 23: +0,1718229600
0.546,8,Jun 13 2024 00: +0,1718233200
0.545,7,Jun 13 2024 01: +0,1718236800
0.567,4,Jun 13 2024 02: +0,1718240400
0.546,2,Jun 13 2024 03: +0,1718244000
0.553,5,Jun 13 2024 04: +0,1718247600
0.569,20,Jun 13 2024 05: +0,1718251200
0.569,17,Jun 13 2024 06: +0,1718254800
0.575,12,Jun 13 2024 07: +0,1718258400
0.569,5,Jun 13 2024 08: +0,1718262000
0.569,11,Jun 13 2024 09: +0,1718265600
0.57,11,Jun 13 2024 10: +0,1718269200
0.569,11,Jun 13 2024 11: +0,1718272800
0.592,201,Jun 13 2024 12: +0,1718276400
0.578,7,Jun 13 2024 13: +0,1718280000
0.549,10,Jun 13 2024 14: +0,1718283600
0.553,6,Jun 13 2024 15: +0,1718287200
0.553,13,Jun 13 2024 16: +0,1718290800
0.513,3,Jun 13 2024 17: +0,1718294400
0.547,20,Jun 13 2024 18: +0,1718298000
0.547,19,Jun 13 2024 19: +0,1718301600
0.513,11,Jun 13 2024 20: +0,1718305200
0.513,9,Jun 13 2024 21: +0,1718308800
0.513,8,Jun 13 2024 22: +0,1718312400
0.53,3,Jun 13 2024 23: +0,1718316000
0.535,14,Jun 14 2024 00: +0,1718319600
0.513,3,Jun 14 2024 01: +0,1718323200
0.534,2,Jun 14 2024 02: +0,1718326800
0.513,2,Jun 14 2024 03: +0,1718330400
0.506,3,Jun 14 2024 04: +0,1718334000
0.535,3,Jun 14 2024 05: +0,1718337600
0.538,6,Jun 14 2024 06: +0,1718341200
0.513,5,Jun 14 2024 07: +0,1718344800
0.539,11,Jun 14 2024 08: +0,1718348400
0.541,4,Jun 14 2024 09: +0,1718352000
0.521,3,Jun 14 2024 10: +0,1718355600
0.517,4,Jun 14 2024 11: +0,1718359200
0.52,12,Jun 14 2024 12: +0,1718362800
0.527,10,Jun 14 2024 13: +0,1718366400
0.523,6,Jun 14 2024 14: +0,1718370000
0.521,19,Jun 14 2024 15: +0,1718373600
0.517,12,Jun 14 2024 16: +0,1718377200
0.52,11,Jun 14 2024 17: +0,1718380800
0.534,30,Jun 14 2024 18: +0,1718384400
0.536,5,Jun 14 2024 19: +0,1718388000
0.53,17,Jun 14 2024 20: +0,1718391600
0.521,22,Jun 14 2024 21: +0,1718395200
0.533,13,Jun 14 2024 22: +0,1718398800
0.536,12,Jun 14 2024 23: +0,1718402400
0.522,2,Jun 15 2024 00: +0,1718406000
0.519,4,Jun 15 2024 01: +0,1718409600
0.509,4,Jun 15 2024 02: +0,1718413200
0.513,5,Jun 15 2024 03: +0,1718416800
0.54,10,Jun 15 2024 04: +0,1718420400
0.513,5,Jun 15 2024 05: +0,1718424000
0.506,10,Jun 15 2024 06: +0,1718427600
0.509,2,Jun 15 2024 07: +0,1718431200
0.535,10,Jun 15 2024 08: +0,1718434800
0.513,8,Jun 15 2024 09: +0,1718438400
0.535,8,Jun 15 2024 10: +0,1718442000
0.527,10,Jun 15 2024 11: +0,1718445600
0.527,29,Jun 15 2024 12: +0,1718449200
0.534,34,Jun 15 2024 13: +0,1718452800
0.541,16,Jun 15 2024 14: +0,1718456400
0.539,7,Jun 15 2024 15: +0,1718460000
0.524,14,Jun 15 2024 16: +0,1718463600
0.518,6,Jun 15 2024 17: +0,1718467200
