price,quantity,date,unix timestamp
42.097,2,Sep 06 2013 01: +0,1378425600
64.569,1,Sep 13 2013 01: +0,1379030400
60.455,2,Sep 20 2013 01: +0,1379635200
57.79,1,Sep 22 2013 01: +0,1379808000
58.494,1,Sep 26 2013 01: +0,1380153600
51.689,1,Oct 01 2013 01: +0,1380585600
51.234,1,Oct 11 2013 01: +0,1381449600
40.521,4,Oct 12 2013 01: +0,1381536000
64.406,1,Oct 13 2013 01: +0,1381622400
48.539,1,Oct 16 2013 01: +0,1381881600
65.034,1,Oct 18 2013 01: +0,1382054400
65.609,1,Oct 24 2013 01: +0,1382572800
65.648,1,Oct 27 2013 01: +0,1382832000
72.518,1,Nov 02 2013 01: +0,1383354000
64.139,1,Nov 05 2013 01: +0,1383613200
60.723,1,Nov 10 2013 01: +0,1384045200
50.356,2,Nov 11 2013 01: +0,1384131600
44.444,1,Nov 15 2013 01: +0,1384477200
50.962,3,Nov 16 2013 01: +0,1384563600
46.187,2,Nov 22 2013 01: +0,1385082000
67.228,1,Nov 23 2013 01: +0,1385168400
64.568,1,Nov 28 2013 01: +0,1385600400
64.692,1,Dec 01 2013 01: +0,1385859600
77.171,2,Dec 02 2013 01: +0,1385946000
77.328,2,Dec 03 2013 01: +0,1386032400
80.571,1,Dec 04 2013 01: +0,1386118800
90.813,1,Dec 05 2013 01: +0,1386205200
62.208,1,Dec 08 2013 01: +0,1386464400
75.339,2,Dec 10 2013 01: +0,1386637200
78.87,2,Dec 13 2013 01: +0,1386896400
92.794,1,Dec 14 2013 01: +0,1386982800
82.85,1,Dec 16 2013 01: +0,1387155600
62.952,2,Dec 18 2013 01: +0,1387328400
65.413,4,Dec 20 2013 01: +0,1387501200
75.287,1,Dec 21 2013 01: +0,1387587600
75.716,1,Dec 22 2013 01: +0,1387674000
78.378,1,Dec 24 2013 01: +0,1387846800
67.503,1,Dec 26 2013 01: +0,1388019600
83.754,2,Dec 27 2013 01: +0,1388106000
88.216,3,Dec 30 2013 01: +0,1388365200
75.361,1,Dec 31 2013 01: +0,1388451600
76.119,1,Jan 06 2014 01: +0,1388970000
82.717,1,Jan 07 2014 01: +0,1389056400
76.797,1,Jan 10 2014 01: +0,1389315600
76.041,1,Jan 13 2014 01: +0,1389574800
72.32,1,Jan 15 2014 01: +0,1389747600
71.724,1,Jan 16 2014 01: +0,1389834000
72.694,4,Jan 18 2014 01: +0,1390006800
79.955,1,Jan 19 2014 01: +0,1390093200
61.897,2,Jan 20 2014 01: +0,1390179600
68.28,2,Jan 21 2014 01: +0,1390266000
73.767,1,Jan 22 2014 01: +0,1390352400
57.647,1,Jan 23 2014 01: +0,1390438800
57.158,2,Jan 25 2014 01: +0,1390611600
64.921,2,Jan 26 2014 01: +0,1390698000
64.677,2,Jan 27 2014 01: +0,1390784400
66.638,1,Jan 28 2014 01: +0,1390870800
67.601,1,Jan 29 2014 01: +0,1390957200
71.446,2,Jan 30 2014 01: +0,1391043600
77.49,1,Jan 31 2014 01: +0,1391130000
84.111,2,Feb 01 2014 01: +0,1391216400
53.024,1,Feb 03 2014 01: +0,1391389200
64.209,2,Feb 06 2014 01: +0,1391648400
75.713,1,Feb 08 2014 01: +0,1391821200
71.785,2,Feb 10 2014 01: +0,1391994000
75.934,1,Feb 11 2014 01: +0,1392080400
65.618,3,Feb 13 2014 01: +0,1392253200
61.55,2,Feb 14 2014 01: +0,1392339600
71.243,1,Feb 15 2014 01: +0,1392426000
70.683,2,Feb 16 2014 01: +0,1392512400
72.204,1,Feb 19 2014 01: +0,1392771600
63.811,4,Feb 20 2014 01: +0,1392858000
62.336,1,Feb 21 2014 01: +0,1392944400
57.247,2,Feb 23 2014 01: +0,1393117200
58.23,3,Feb 25 2014 01: +0,1393290000
58.488,3,Feb 28 2014 01: +0,1393549200
53.593,1,Mar 01 2014 01: +0,1393635600
60.631,4,Mar 02 2014 01: +0,1393722000
57.092,5,Mar 03 2014 01: +0,1393808400
61.935,2,Mar 04 2014 01: +0,1393894800
66.886,1,Mar 05 2014 01: +0,1393981200
74.495,1,Mar 06 2014 01: +0,1394067600
61.79,1,Mar 08 2014 01: +0,1394240400
69.16,2,Mar 11 2014 01: +0,1394499600
59.549,2,Mar 12 2014 01: +0,1394586000
66.224,3,Mar 13 2014 01: +0,1394672400
73.172,2,Mar 14 2014 01: +0,1394758800
66.524,1,Mar 15 2014 01: +0,1394845200
68.062,2,Mar 16 2014 01: +0,1394931600
77.372,4,Mar 17 2014 01: +0,1395018000
65.437,1,Mar 20 2014 01: +0,1395277200
68.461,1,Mar 21 2014 01: +0,1395363600
66.109,5,Mar 22 2014 01: +0,1395450000
74.3,1,Mar 24 2014 01: +0,1395622800
67.427,2,Mar 25 2014 01: +0,1395709200
71.114,4,Mar 26 2014 01: +0,1395795600
75.055,1,Mar 27 2014 01: +0,1395882000
69.056,6,Mar 28 2014 01: +0,1395968400
68.652,2,Mar 29 2014 01: +0,1396054800
65.199,3,Mar 30 2014 01: +0,1396141200
64.466,3,Mar 31 2014 01: +0,1396224000
77.414,2,Apr 01 2014 01: +0,1396310400
75.672,2,Apr 02 2014 01: +0,1396396800
74.628,1,Apr 03 2014 01: +0,1396483200
64.654,2,Apr 04 2014 01: +0,1396569600
78.813,1,Apr 05 2014 01: +0,1396656000
65.176,3,Apr 06 2014 01: +0,1396742400
68.375,3,Apr 07 2014 01: +0,1396828800
74.446,1,Apr 08 2014 01: +0,1396915200
76.865,2,Apr 10 2014 01: +0,1397088000
73.284,2,Apr 11 2014 01: +0,1397174400
70.544,5,Apr 12 2014 01: +0,1397260800
68.604,1,Apr 13 2014 01: +0,1397347200
68.101,2,Apr 14 2014 01: +0,1397433600
74.445,3,Apr 15 2014 01: +0,1397520000
76.233,2,Apr 17 2014 01: +0,1397692800
70.715,6,Apr 18 2014 01: +0,1397779200
78.847,2,Apr 19 2014 01: +0,1397865600
79.938,1,Apr 20 2014 01: +0,1397952000
70.738,6,Apr 21 2014 01: +0,1398038400
68.363,3,Apr 23 2014 01: +0,1398211200
67.001,1,Apr 24 2014 01: +0,1398297600
63.004,1,Apr 25 2014 01: +0,1398384000
69.804,3,Apr 26 2014 01: +0,1398470400
70.283,5,Apr 27 2014 01: +0,1398556800
76.621,3,Apr 28 2014 01: +0,1398643200
67.441,3,Apr 29 2014 01: +0,1398729600
70.674,4,Apr 30 2014 01: +0,1398816000
64.734,8,May 01 2014 01: +0,1398902400
70.276,2,May 02 2014 01: +0,1398988800
66.025,5,May 03 2014 01: +0,1399075200
62.253,4,May 04 2014 01: +0,1399161600
65.823,1,May 05 2014 01: +0,1399248000
66.822,3,May 06 2014 01: +0,1399334400
30.088,4,May 07 2014 01: +0,1399420800
76.498,1,May 08 2014 01: +0,1399507200
72.01,4,May 09 2014 01: +0,1399593600
55.13,5,May 10 2014 01: +0,1399680000
73.842,1,May 11 2014 01: +0,1399766400
69.705,2,May 12 2014 01: +0,1399852800
62.507,4,May 13 2014 01: +0,1399939200
63.64,2,May 14 2014 01: +0,1400025600
63.38,3,May 15 2014 01: +0,1400112000
65.13,5,May 16 2014 01: +0,1400198400
62.565,2,May 18 2014 01: +0,1400371200
57.916,1,May 20 2014 01: +0,1400544000
58.671,2,May 21 2014 01: +0,1400630400
60.925,2,May 22 2014 01: +0,1400716800
62.121,2,May 23 2014 01: +0,1400803200
64.743,1,May 24 2014 01: +0,1400889600
52.853,5,May 25 2014 01: +0,1400976000
67.552,1,May 26 2014 01: +0,1401062400
59.081,2,May 27 2014 01: +0,1401148800
58.792,1,May 28 2014 01: +0,1401235200
54.389,2,May 29 2014 01: +0,1401321600
57.386,4,May 30 2014 01: +0,1401408000
61.004,2,May 31 2014 01: +0,1401494400
60.402,4,Jun 01 2014 01: +0,1401580800
61.334,3,Jun 02 2014 01: +0,1401667200
58.103,3,Jun 03 2014 01: +0,1401753600
58.153,2,Jun 04 2014 01: +0,1401840000
56.89,6,Jun 05 2014 01: +0,1401926400
56.53,2,Jun 06 2014 01: +0,1402012800
64.278,3,Jun 07 2014 01: +0,1402099200
53.776,4,Jun 08 2014 01: +0,1402185600
60.274,4,Jun 09 2014 01: +0,1402272000
58.405,1,Jun 10 2014 01: +0,1402358400
60.678,3,Jun 11 2014 01: +0,1402444800
56.661,1,Jun 12 2014 01: +0,1402531200
61.588,1,Jun 13 2014 01: +0,1402617600
56.48,6,Jun 14 2014 01: +0,1402704000
57.47,2,Jun 15 2014 01: +0,1402790400
61.418,1,Jun 16 2014 01: +0,1402876800
59.199,4,Jun 17 2014 01: +0,1402963200
58.201,2,Jun 18 2014 01: +0,1403049600
53.106,4,Jun 19 2014 01: +0,1403136000
47.596,3,Jun 20 2014 01: +0,1403222400
51.37,6,Jun 21 2014 01: +0,1403308800
54.598,2,Jun 22 2014 01: +0,1403395200
48.022,4,Jun 23 2014 01: +0,1403481600
51.437,3,Jun 24 2014 01: +0,1403568000
51.576,4,Jun 25 2014 01: +0,1403654400
50.512,6,Jun 26 2014 01: +0,1403740800
51.611,4,Jun 27 2014 01: +0,1403827200
51.803,2,Jun 28 2014 01: +0,1403913600
51.418,6,Jun 29 2014 01: +0,1404000000
54.369,5,Jun 30 2014 01: +0,1404086400
56.297,3,Jul 01 2014 01: +0,1404172800
53.101,6,Jul 02 2014 01: +0,1404259200
57.349,3,Jul 03 2014 01: +0,1404345600
52.547,2,Jul 04 2014 01: +0,1404432000
49.506,2,Jul 05 2014 01: +0,1404518400
58.946,3,Jul 06 2014 01: +0,1404604800
56.405,3,Jul 07 2014 01: +0,1404691200
57.336,2,Jul 08 2014 01: +0,1404777600
57.001,2,Jul 09 2014 01: +0,1404864000
57.077,4,Jul 10 2014 01: +0,1404950400
57.766,6,Jul 11 2014 01: +0,1405036800
58.927,4,Jul 12 2014 01: +0,1405123200
59.929,1,Jul 13 2014 01: +0,1405209600
61.632,2,Jul 14 2014 01: +0,1405296000
55.981,4,Jul 15 2014 01: +0,1405382400
55.07,3,Jul 16 2014 01: +0,1405468800
57.661,3,Jul 17 2014 01: +0,1405555200
53.27,2,Jul 18 2014 01: +0,1405641600
57.791,3,Jul 19 2014 01: +0,1405728000
61.385,3,Jul 20 2014 01: +0,1405814400
57.902,2,Jul 21 2014 01: +0,1405900800
58.735,2,Jul 22 2014 01: +0,1405987200
57.746,3,Jul 23 2014 01: +0,1406073600
54.797,2,Jul 24 2014 01: +0,1406160000
58.552,4,Jul 25 2014 01: +0,1406246400
60.006,1,Jul 26 2014 01: +0,1406332800
57.418,3,Jul 27 2014 01: +0,1406419200
60.767,2,Jul 28 2014 01: +0,1406505600
60.84,3,Jul 29 2014 01: +0,1406592000
62.344,4,Jul 30 2014 01: +0,1406678400
63.892,6,Jul 31 2014 01: +0,1406764800
59.755,7,Aug 01 2014 01: +0,1406851200
54.694,4,Aug 02 2014 01: +0,1406937600
64.76,8,Aug 03 2014 01: +0,1407024000
60.017,6,Aug 04 2014 01: +0,1407110400
64.109,3,Aug 05 2014 01: +0,1407196800
64.932,1,Aug 06 2014 01: +0,1407283200
64.063,3,Aug 07 2014 01: +0,1407369600
64.311,5,Aug 08 2014 01: +0,1407456000
62.989,4,Aug 09 2014 01: +0,1407542400
63.895,5,Aug 10 2014 01: +0,1407628800
61.043,3,Aug 11 2014 01: +0,1407715200
63.104,4,Aug 12 2014 01: +0,1407801600
60.675,6,Aug 13 2014 01: +0,1407888000
61.229,4,Aug 14 2014 01: +0,1407974400
67.17,6,Aug 15 2014 01: +0,1408060800
67.067,4,Aug 16 2014 01: +0,1408147200
63.606,4,Aug 17 2014 01: +0,1408233600
62.039,8,Aug 18 2014 01: +0,1408320000
63.847,7,Aug 19 2014 01: +0,1408406400
68.454,2,Aug 20 2014 01: +0,1408492800
67.367,6,Aug 21 2014 01: +0,1408579200
62.935,2,Aug 22 2014 01: +0,1408665600
63.98,5,Aug 23 2014 01: +0,1408752000
62.265,5,Aug 24 2014 01: +0,1408838400
64.038,9,Aug 25 2014 01: +0,1408924800
63.588,4,Aug 26 2014 01: +0,1409011200
67.153,2,Aug 27 2014 01: +0,1409097600
65.753,6,Aug 28 2014 01: +0,1409184000
62.36,3,Aug 29 2014 01: +0,1409270400
65.372,3,Aug 30 2014 01: +0,1409356800
65.091,4,Aug 31 2014 01: +0,1409443200
68.385,4,Sep 01 2014 01: +0,1409529600
71.751,2,Sep 02 2014 01: +0,1409616000
68.509,4,Sep 03 2014 01: +0,1409702400
64.583,2,Sep 04 2014 01: +0,1409788800
66.373,3,Sep 05 2014 01: +0,1409875200
66.242,4,Sep 06 2014 01: +0,1409961600
62.93,6,Sep 07 2014 01: +0,1410048000
65.249,5,Sep 08 2014 01: +0,1410134400
63.909,2,Sep 09 2014 01: +0,1410220800
66.989,2,Sep 10 2014 01: +0,1410307200
66.538,4,Sep 11 2014 01: +0,1410393600
60.995,5,Sep 12 2014 01: +0,1410480000
62.051,7,Sep 13 2014 01: +0,1410566400
67.564,5,Sep 14 2014 01: +0,1410652800
61.504,5,Sep 15 2014 01: +0,1410739200
65.676,5,Sep 16 2014 01: +0,1410825600
59.152,6,Sep 17 2014 01: +0,1410912000
64.291,3,Sep 19 2014 01: +0,1411084800
63.396,10,Sep 20 2014 01: +0,1411171200
65.348,4,Sep 21 2014 01: +0,1411257600
64.855,4,Sep 22 2014 01: +0,1411344000
54.858,1,Sep 23 2014 01: +0,1411430400
62.249,4,Sep 24 2014 01: +0,1411516800
62.126,5,Sep 25 2014 01: +0,1411603200
63.032,3,Sep 26 2014 01: +0,1411689600
61.088,2,Sep 27 2014 01: +0,1411776000
61.16,6,Sep 28 2014 01: +0,1411862400
66.807,3,Sep 29 2014 01: +0,1411948800
61.568,2,Sep 30 2014 01: +0,1412035200
59.821,8,Oct 01 2014 01: +0,1412121600
63.002,3,Oct 02 2014 01: +0,1412208000
53.911,5,Oct 03 2014 01: +0,1412294400
57.043,4,Oct 04 2014 01: +0,1412380800
57.779,5,Oct 05 2014 01: +0,1412467200
57.19,4,Oct 06 2014 01: +0,1412553600
58.987,1,Oct 07 2014 01: +0,1412640000
56.442,4,Oct 08 2014 01: +0,1412726400
55.403,3,Oct 09 2014 01: +0,1412812800
55.991,6,Oct 10 2014 01: +0,1412899200
57.34,8,Oct 11 2014 01: +0,1412985600
55.078,3,Oct 12 2014 01: +0,1413072000
56.896,9,Oct 13 2014 01: +0,1413158400
53.8,2,Oct 14 2014 01: +0,1413244800
55.399,7,Oct 15 2014 01: +0,1413331200
58.454,5,Oct 16 2014 01: +0,1413417600
58.57,4,Oct 17 2014 01: +0,1413504000
56.152,6,Oct 18 2014 01: +0,1413590400
57.95,5,Oct 19 2014 01: +0,1413676800
29.025,2,Oct 20 2014 01: +0,1413763200
53.745,4,Oct 21 2014 01: +0,1413849600
52.006,1,Oct 22 2014 01: +0,1413936000
53.885,4,Oct 23 2014 01: +0,1414022400
53.032,4,Oct 24 2014 01: +0,1414108800
57.501,5,Oct 25 2014 01: +0,1414195200
56.115,2,Oct 26 2014 01: +0,1414281600
50.207,9,Oct 27 2014 01: +0,1414371600
54.97,6,Oct 28 2014 01: +0,1414458000
54.012,4,Oct 29 2014 01: +0,1414544400
52.582,1,Oct 30 2014 01: +0,1414630800
51.912,7,Oct 31 2014 01: +0,1414717200
51.669,6,Nov 01 2014 01: +0,1414803600
53.148,8,Nov 02 2014 01: +0,1414890000
51.089,4,Nov 03 2014 01: +0,1414976400
52.532,5,Nov 04 2014 01: +0,1415062800
52.871,2,Nov 05 2014 01: +0,1415149200
51.706,4,Nov 06 2014 01: +0,1415235600
48.954,5,Nov 07 2014 01: +0,1415322000
52.552,6,Nov 08 2014 01: +0,1415408400
47.307,5,Nov 09 2014 01: +0,1415494800
52.152,5,Nov 10 2014 01: +0,1415581200
51.218,6,Nov 11 2014 01: +0,1415667600
49.101,3,Nov 13 2014 01: +0,1415840400
44.856,5,Nov 14 2014 01: +0,1415926800
45.562,6,Nov 15 2014 01: +0,1416013200
47.138,6,Nov 16 2014 01: +0,1416099600
42.065,6,Nov 17 2014 01: +0,1416186000
44.385,4,Nov 18 2014 01: +0,1416272400
43.553,4,Nov 19 2014 01: +0,1416358800
45.696,2,Nov 20 2014 01: +0,1416445200
43.43,7,Nov 21 2014 01: +0,1416531600
46.458,4,Nov 22 2014 01: +0,1416618000
43.932,5,Nov 23 2014 01: +0,1416704400
40.124,3,Nov 24 2014 01: +0,1416790800
44.844,5,Nov 25 2014 01: +0,1416877200
45.109,7,Nov 26 2014 01: +0,1416963600
44.666,3,Nov 27 2014 01: +0,1417050000
45.737,5,Nov 28 2014 01: +0,1417136400
47.916,4,Nov 29 2014 01: +0,1417222800
44.478,8,Nov 30 2014 01: +0,1417309200
43.677,7,Dec 01 2014 01: +0,1417395600
48.983,6,Dec 02 2014 01: +0,1417482000
49.809,3,Dec 03 2014 01: +0,1417568400
48.291,2,Dec 04 2014 01: +0,1417654800
50.215,7,Dec 05 2014 01: +0,1417741200
47.781,6,Dec 06 2014 01: +0,1417827600
49.258,6,Dec 07 2014 01: +0,1417914000
46.373,8,Dec 08 2014 01: +0,1418000400
50.283,9,Dec 09 2014 01: +0,1418086800
49.382,2,Dec 10 2014 01: +0,1418173200
48.767,8,Dec 11 2014 01: +0,1418259600
51.871,7,Dec 12 2014 01: +0,1418346000
49.351,6,Dec 13 2014 01: +0,1418432400
49.754,9,Dec 14 2014 01: +0,1418518800
49.469,11,Dec 15 2014 01: +0,1418605200
52.695,4,Dec 16 2014 01: +0,1418691600
53.21,5,Dec 17 2014 01: +0,1418778000
49.488,4,Dec 18 2014 01: +0,1418864400
48.549,6,Dec 19 2014 01: +0,1418950800
47.732,12,Dec 20 2014 01: +0,1419037200
50.307,7,Dec 21 2014 01: +0,1419123600
50.004,12,Dec 22 2014 01: +0,1419210000
51.94,6,Dec 23 2014 01: +0,1419296400
53.796,9,Dec 24 2014 01: +0,1419382800
60.313,12,Dec 25 2014 01: +0,1419469200
63.159,9,Dec 26 2014 01: +0,1419555600
58.424,11,Dec 27 2014 01: +0,1419642000
63.946,8,Dec 28 2014 01: +0,1419728400
62.545,7,Dec 29 2014 01: +0,1419814800
62.144,10,Dec 30 2014 01: +0,1419901200
62.721,10,Dec 31 2014 01: +0,1419987600
63.807,10,Jan 01 2015 01: +0,1420074000
64.618,6,Jan 02 2015 01: +0,1420160400
61.07,6,Jan 03 2015 01: +0,1420246800
59.615,6,Jan 04 2015 01: +0,1420333200
61.974,3,Jan 05 2015 01: +0,1420419600
59.983,3,Jan 06 2015 01: +0,1420506000
57.432,4,Jan 07 2015 01: +0,1420592400
59.367,4,Jan 08 2015 01: +0,1420678800
52.897,7,Jan 09 2015 01: +0,1420765200
55.999,8,Jan 10 2015 01: +0,1420851600
53.441,9,Jan 11 2015 01: +0,1420938000
55.876,5,Jan 12 2015 01: +0,1421024400
53.731,7,Jan 13 2015 01: +0,1421110800
51.607,4,Jan 14 2015 01: +0,1421197200
51.298,9,Jan 15 2015 01: +0,1421283600
50.838,13,Jan 16 2015 01: +0,1421370000
50.879,11,Jan 17 2015 01: +0,1421456400
51.451,14,Jan 18 2015 01: +0,1421542800
51.495,7,Jan 19 2015 01: +0,1421629200
53.011,8,Jan 20 2015 01: +0,1421715600
55.054,10,Jan 21 2015 01: +0,1421802000
58.723,3,Jan 22 2015 01: +0,1421888400
55.807,3,Jan 23 2015 01: +0,1421974800
55.194,8,Jan 24 2015 01: +0,1422061200
51.399,13,Jan 25 2015 01: +0,1422147600
52.466,5,Jan 26 2015 01: +0,1422234000
52.551,8,Jan 27 2015 01: +0,1422320400
50.976,8,Jan 28 2015 01: +0,1422406800
52.08,8,Jan 29 2015 01: +0,1422493200
50.761,12,Jan 30 2015 01: +0,1422579600
50.096,7,Jan 31 2015 01: +0,1422666000
54.909,4,Feb 01 2015 01: +0,1422752400
52.441,6,Feb 02 2015 01: +0,1422838800
53.246,7,Feb 03 2015 01: +0,1422925200
50.433,7,Feb 04 2015 01: +0,1423011600
49.439,8,Feb 05 2015 01: +0,1423098000
53.77,8,Feb 06 2015 01: +0,1423184400
56.065,7,Feb 07 2015 01: +0,1423270800
47.832,9,Feb 08 2015 01: +0,1423357200
50.172,5,Feb 09 2015 01: +0,1423443600
51.425,1,Feb 10 2015 01: +0,1423530000
51.191,7,Feb 11 2015 01: +0,1423616400
54.202,3,Feb 12 2015 01: +0,1423702800
52.137,7,Feb 13 2015 01: +0,1423789200
47.9,8,Feb 14 2015 01: +0,1423875600
47.949,9,Feb 15 2015 01: +0,1423962000
45.901,13,Feb 16 2015 01: +0,1424048400
48.129,5,Feb 17 2015 01: +0,1424134800
49.763,8,Feb 18 2015 01: +0,1424221200
50.442,8,Feb 19 2015 01: +0,1424307600
50.781,9,Feb 20 2015 01: +0,1424394000
50.016,8,Feb 21 2015 01: +0,1424480400
47.138,6,Feb 22 2015 01: +0,1424566800
49.079,10,Feb 23 2015 01: +0,1424653200
48.262,9,Feb 24 2015 01: +0,1424739600
49.371,5,Feb 25 2015 01: +0,1424826000
51.802,7,Feb 26 2015 01: +0,1424912400
50.91,9,Feb 27 2015 01: +0,1424998800
52.512,6,Feb 28 2015 01: +0,1425085200
48.093,5,Mar 01 2015 01: +0,1425171600
49.452,10,Mar 02 2015 01: +0,1425258000
50.358,6,Mar 03 2015 01: +0,1425344400
47.812,6,Mar 04 2015 01: +0,1425430800
49.233,5,Mar 05 2015 01: +0,1425517200
50.004,5,Mar 06 2015 01: +0,1425603600
49.848,10,Mar 07 2015 01: +0,1425690000
48.535,11,Mar 08 2015 01: +0,1425776400
49.073,7,Mar 09 2015 01: +0,1425862800
48.649,4,Mar 10 2015 01: +0,1425949200
46.568,9,Mar 11 2015 01: +0,1426035600
47.317,5,Mar 12 2015 01: +0,1426122000
50.16,6,Mar 13 2015 01: +0,1426208400
46.294,6,Mar 14 2015 01: +0,1426294800
48.07,12,Mar 15 2015 01: +0,1426381200
47.131,8,Mar 16 2015 01: +0,1426467600
49.221,11,Mar 17 2015 01: +0,1426554000
52.693,4,Mar 18 2015 01: +0,1426640400
48.617,7,Mar 19 2015 01: +0,1426726800
49.572,9,Mar 20 2015 01: +0,1426813200
52.997,6,Mar 21 2015 01: +0,1426899600
48.365,9,Mar 22 2015 01: +0,1426986000
49.542,7,Mar 23 2015 01: +0,1427072400
47.775,15,Mar 24 2015 01: +0,1427158800
50.913,7,Mar 25 2015 01: +0,1427245200
51.204,4,Mar 26 2015 01: +0,1427331600
48.241,9,Mar 27 2015 01: +0,1427418000
49.577,11,Mar 28 2015 01: +0,1427504400
50.049,9,Mar 29 2015 01: +0,1427590800
50.893,4,Mar 30 2015 01: +0,1427673600
51.787,7,Mar 31 2015 01: +0,1427760000
43.656,9,Apr 01 2015 01: +0,1427846400
50.449,5,Apr 02 2015 01: +0,1427932800
49.281,9,Apr 03 2015 01: +0,1428019200
48.683,12,Apr 04 2015 01: +0,1428105600
50.851,15,Apr 05 2015 01: +0,1428192000
50.852,10,Apr 06 2015 01: +0,1428278400
50.902,11,Apr 07 2015 01: +0,1428364800
50.251,10,Apr 08 2015 01: +0,1428451200
53.251,6,Apr 09 2015 01: +0,1428537600
53.275,3,Apr 10 2015 01: +0,1428624000
50.515,11,Apr 11 2015 01: +0,1428710400
49.392,14,Apr 12 2015 01: +0,1428796800
47.587,6,Apr 13 2015 01: +0,1428883200
45.989,11,Apr 14 2015 01: +0,1428969600
42.643,13,Apr 15 2015 01: +0,1429056000
42.285,5,Apr 16 2015 01: +0,1429142400
40.433,10,Apr 17 2015 01: +0,1429228800
40.482,16,Apr 18 2015 01: +0,1429315200
43.058,4,Apr 19 2015 01: +0,1429401600
38.901,13,Apr 20 2015 01: +0,1429488000
40.632,13,Apr 21 2015 01: +0,1429574400
42.242,3,Apr 22 2015 01: +0,1429660800
44.502,5,Apr 23 2015 01: +0,1429747200
43.598,10,Apr 24 2015 01: +0,1429833600
44.056,11,Apr 25 2015 01: +0,1429920000
42.082,2,Apr 26 2015 01: +0,1430006400
45.227,11,Apr 27 2015 01: +0,1430092800
46.311,13,Apr 28 2015 01: +0,1430179200
45.514,5,Apr 29 2015 01: +0,1430265600
45.779,11,Apr 30 2015 01: +0,1430352000
45.595,22,May 01 2015 01: +0,1430438400
48.596,10,May 02 2015 01: +0,1430524800
45.423,5,May 03 2015 01: +0,1430611200
48.72,7,May 04 2015 01: +0,1430697600
49.603,10,May 05 2015 01: +0,1430784000
46.916,10,May 06 2015 01: +0,1430870400
46.401,7,May 07 2015 01: +0,1430956800
51.631,4,May 08 2015 01: +0,1431043200
49.942,5,May 09 2015 01: +0,1431129600
47.356,6,May 10 2015 01: +0,1431216000
48.983,7,May 11 2015 01: +0,1431302400
49.738,7,May 12 2015 01: +0,1431388800
46.733,5,May 13 2015 01: +0,1431475200
45.292,7,May 14 2015 01: +0,1431561600
47.121,12,May 15 2015 01: +0,1431648000
48.23,9,May 16 2015 01: +0,1431734400
49.582,8,May 17 2015 01: +0,1431820800
47.905,11,May 18 2015 01: +0,1431907200
47.369,10,May 19 2015 01: +0,1431993600
47.931,9,May 20 2015 01: +0,1432080000
46.718,6,May 21 2015 01: +0,1432166400
47.193,14,May 22 2015 01: +0,1432252800
48.067,8,May 23 2015 01: +0,1432339200
48.401,9,May 24 2015 01: +0,1432425600
50.226,5,May 25 2015 01: +0,1432512000
49.792,4,May 26 2015 01: +0,1432598400
45.225,6,May 27 2015 01: +0,1432684800
45.152,9,May 28 2015 01: +0,1432771200
45.47,10,May 29 2015 01: +0,1432857600
43.999,10,May 30 2015 01: +0,1432944000
47.033,7,May 31 2015 01: +0,1433030400
49.123,11,Jun 01 2015 01: +0,1433116800
46.693,6,Jun 02 2015 01: +0,1433203200
49.411,11,Jun 03 2015 01: +0,1433289600
51.116,11,Jun 04 2015 01: +0,1433376000
47.874,11,Jun 05 2015 01: +0,1433462400
48.339,10,Jun 06 2015 01: +0,1433548800
47.098,8,Jun 07 2015 01: +0,1433635200
49.952,3,Jun 08 2015 01: +0,1433721600
48.726,8,Jun 09 2015 01: +0,1433808000
48.611,6,Jun 10 2015 01: +0,1433894400
47.133,8,Jun 11 2015 01: +0,1433980800
48.647,10,Jun 12 2015 01: +0,1434067200
52.035,10,Jun 13 2015 01: +0,1434153600
50.851,4,Jun 14 2015 01: +0,1434240000
47.477,8,Jun 15 2015 01: +0,1434326400
44.125,14,Jun 16 2015 01: +0,1434412800
45.766,10,Jun 17 2015 01: +0,1434499200
49.282,6,Jun 18 2015 01: +0,1434585600
47.097,6,Jun 19 2015 01: +0,1434672000
47.069,9,Jun 20 2015 01: +0,1434758400
47.392,8,Jun 21 2015 01: +0,1434844800
45.939,5,Jun 22 2015 01: +0,1434931200
49.17,4,Jun 23 2015 01: +0,1435017600
47.105,10,Jun 24 2015 01: +0,1435104000
48.285,11,Jun 25 2015 01: +0,1435190400
49.469,9,Jun 26 2015 01: +0,1435276800
50.381,11,Jun 27 2015 01: +0,1435363200
49.943,11,Jun 28 2015 01: +0,1435449600
40.267,4,Jun 29 2015 01: +0,1435536000
49.302,5,Jun 30 2015 01: +0,1435622400
48.796,9,Jul 01 2015 01: +0,1435708800
50.048,7,Jul 02 2015 01: +0,1435795200
51.802,11,Jul 03 2015 01: +0,1435881600
49.991,5,Jul 04 2015 01: +0,1435968000
49.317,4,Jul 05 2015 01: +0,1436054400
51.138,6,Jul 06 2015 01: +0,1436140800
50.641,14,Jul 07 2015 01: +0,1436227200
54.096,4,Jul 08 2015 01: +0,1436313600
54.937,6,Jul 09 2015 01: +0,1436400000
54.459,4,Jul 10 2015 01: +0,1436486400
53.726,5,Jul 11 2015 01: +0,1436572800
47.41,9,Jul 12 2015 01: +0,1436659200
47.628,7,Jul 13 2015 01: +0,1436745600
47.756,6,Jul 14 2015 01: +0,1436832000
48.643,8,Jul 15 2015 01: +0,1436918400
50.489,9,Jul 16 2015 01: +0,1437004800
49.101,10,Jul 17 2015 01: +0,1437091200
51.778,6,Jul 18 2015 01: +0,1437177600
49.145,7,Jul 19 2015 01: +0,1437264000
51.973,6,Jul 20 2015 01: +0,1437350400
46.265,6,Jul 21 2015 01: +0,1437436800
51.695,7,Jul 22 2015 01: +0,1437523200
50.475,7,Jul 23 2015 01: +0,1437609600
51.638,8,Jul 24 2015 01: +0,1437696000
49.852,9,Jul 25 2015 01: +0,1437782400
51.31,6,Jul 26 2015 01: +0,1437868800
49.265,9,Jul 27 2015 01: +0,1437955200
51.845,7,Jul 28 2015 01: +0,1438041600
53.289,5,Jul 29 2015 01: +0,1438128000
51.444,8,Jul 30 2015 01: +0,1438214400
51.087,4,Jul 31 2015 01: +0,1438300800
53.888,3,Aug 01 2015 01: +0,1438387200
54.194,3,Aug 02 2015 01: +0,1438473600
54.268,4,Aug 03 2015 01: +0,1438560000
51.492,5,Aug 04 2015 01: +0,1438646400
51.95,3,Aug 05 2015 01: +0,1438732800
52.429,4,Aug 06 2015 01: +0,1438819200
51.263,6,Aug 07 2015 01: +0,1438905600
50.852,11,Aug 08 2015 01: +0,1438992000
53.984,5,Aug 09 2015 01: +0,1439078400
51.902,6,Aug 10 2015 01: +0,1439164800
53.119,4,Aug 11 2015 01: +0,1439251200
52.484,6,Aug 12 2015 01: +0,1439337600
52.566,6,Aug 13 2015 01: +0,1439424000
52.233,8,Aug 14 2015 01: +0,1439510400
53.926,6,Aug 15 2015 01: +0,1439596800
46.968,4,Aug 16 2015 01: +0,1439683200
50.863,5,Aug 17 2015 01: +0,1439769600
50.291,2,Aug 18 2015 01: +0,1439856000
52.47,7,Aug 19 2015 01: +0,1439942400
51.941,3,Aug 20 2015 01: +0,1440028800
52.608,8,Aug 21 2015 01: +0,1440115200
51.114,11,Aug 22 2015 01: +0,1440201600
45.109,5,Aug 23 2015 01: +0,1440288000
45.789,8,Aug 24 2015 01: +0,1440374400
51.599,9,Aug 25 2015 01: +0,1440460800
52.749,8,Aug 26 2015 01: +0,1440547200
54.275,7,Aug 27 2015 01: +0,1440633600
53.338,13,Aug 28 2015 01: +0,1440720000
55.226,5,Aug 29 2015 01: +0,1440806400
54.042,5,Aug 30 2015 01: +0,1440892800
55.165,4,Aug 31 2015 01: +0,1440979200
56.958,6,Sep 01 2015 01: +0,1441065600
56.929,4,Sep 02 2015 01: +0,1441152000
54.285,2,Sep 03 2015 01: +0,1441238400
54.305,8,Sep 04 2015 01: +0,1441324800
56.887,7,Sep 05 2015 01: +0,1441411200
54.963,4,Sep 06 2015 01: +0,1441497600
57.009,7,Sep 07 2015 01: +0,1441584000
55.433,3,Sep 08 2015 01: +0,1441670400
56.29,4,Sep 09 2015 01: +0,1441756800
58.889,5,Sep 10 2015 01: +0,1441843200
60.411,6,Sep 11 2015 01: +0,1441929600
60.802,2,Sep 12 2015 01: +0,1442016000
59.603,7,Sep 13 2015 01: +0,1442102400
59.512,5,Sep 14 2015 01: +0,1442188800
60.077,4,Sep 15 2015 01: +0,1442275200
59.286,5,Sep 16 2015 01: +0,1442361600
58.762,1,Sep 17 2015 01: +0,1442448000
56.596,5,Sep 18 2015 01: +0,1442534400
53.212,5,Sep 19 2015 01: +0,1442620800
52.998,10,Sep 20 2015 01: +0,1442707200
54.073,7,Sep 21 2015 01: +0,1442793600
53.018,6,Sep 22 2015 01: +0,1442880000
54.789,5,Sep 23 2015 01: +0,1442966400
53.153,4,Sep 24 2015 01: +0,1443052800
56.627,7,Sep 25 2015 01: +0,1443139200
58.302,7,Sep 26 2015 01: +0,1443225600
54.336,6,Sep 27 2015 01: +0,1443312000
53.08,4,Sep 28 2015 01: +0,1443398400
56.502,7,Sep 30 2015 01: +0,1443571200
55.194,7,Oct 01 2015 01: +0,1443657600
56.906,5,Oct 02 2015 01: +0,1443744000
58.361,7,Oct 03 2015 01: +0,1443830400
55.593,5,Oct 04 2015 01: +0,1443916800
60.172,3,Oct 05 2015 01: +0,1444003200
56.69,6,Oct 06 2015 01: +0,1444089600
61.07,4,Oct 07 2015 01: +0,1444176000
58.999,3,Oct 08 2015 01: +0,1444262400
56.247,7,Oct 09 2015 01: +0,1444348800
56.42,7,Oct 10 2015 01: +0,1444435200
57.807,8,Oct 11 2015 01: +0,1444521600
58.157,8,Oct 12 2015 01: +0,1444608000
58.831,1,Oct 13 2015 01: +0,1444694400
55.64,5,Oct 14 2015 01: +0,1444780800
54.496,10,Oct 15 2015 01: +0,1444867200
56.648,7,Oct 16 2015 01: +0,1444953600
57.564,3,Oct 17 2015 01: +0,1445040000
55.611,8,Oct 18 2015 01: +0,1445126400
57.958,3,Oct 19 2015 01: +0,1445212800
55.326,3,Oct 20 2015 01: +0,1445299200
55.593,3,Oct 21 2015 01: +0,1445385600
54.423,7,Oct 22 2015 01: +0,1445472000
55.032,7,Oct 23 2015 01: +0,1445558400
50.799,3,Oct 24 2015 01: +0,1445644800
51.782,9,Oct 25 2015 01: +0,1445731200
53.699,4,Oct 26 2015 01: +0,1445821200
53.631,5,Oct 27 2015 01: +0,1445907600
54.133,8,Oct 28 2015 01: +0,1445994000
50.379,5,Oct 29 2015 01: +0,1446080400
54.21,5,Oct 30 2015 01: +0,1446166800
53.989,4,Oct 31 2015 01: +0,1446253200
54.14,4,Nov 01 2015 01: +0,1446339600
56.073,7,Nov 02 2015 01: +0,1446426000
56.615,3,Nov 03 2015 01: +0,1446512400
54.855,5,Nov 04 2015 01: +0,1446598800
55.387,7,Nov 05 2015 01: +0,1446685200
57.843,4,Nov 06 2015 01: +0,1446771600
54.02,2,Nov 07 2015 01: +0,1446858000
53.482,4,Nov 08 2015 01: +0,1446944400
49.899,6,Nov 09 2015 01: +0,1447030800
51.323,7,Nov 10 2015 01: +0,1447117200
58.472,3,Nov 11 2015 01: +0,1447203600
51.405,2,Nov 12 2015 01: +0,1447290000
48.91,5,Nov 13 2015 01: +0,1447376400
53.301,7,Nov 14 2015 01: +0,1447462800
50.909,7,Nov 15 2015 01: +0,1447549200
56.991,2,Nov 16 2015 01: +0,1447635600
54.45,2,Nov 17 2015 01: +0,1447722000
53.227,7,Nov 18 2015 01: +0,1447808400
54.701,3,Nov 19 2015 01: +0,1447894800
52.236,2,Nov 20 2015 01: +0,1447981200
49.757,6,Nov 21 2015 01: +0,1448067600
51.045,7,Nov 22 2015 01: +0,1448154000
53.088,6,Nov 23 2015 01: +0,1448240400
55.872,5,Nov 24 2015 01: +0,1448326800
51.158,3,Nov 25 2015 01: +0,1448413200
55.159,4,Nov 26 2015 01: +0,1448499600
49.258,5,Nov 27 2015 01: +0,1448586000
51.075,9,Nov 28 2015 01: +0,1448672400
51.076,5,Nov 29 2015 01: +0,1448758800
50.577,3,Nov 30 2015 01: +0,1448845200
50.578,4,Dec 01 2015 01: +0,1448931600
49.615,5,Dec 02 2015 01: +0,1449018000
51.028,9,Dec 03 2015 01: +0,1449104400
53.731,4,Dec 04 2015 01: +0,1449190800
54.375,6,Dec 05 2015 01: +0,1449277200
54.449,7,Dec 06 2015 01: +0,1449363600
53.939,5,Dec 07 2015 01: +0,1449450000
51.473,5,Dec 08 2015 01: +0,1449536400
54.943,5,Dec 09 2015 01: +0,1449622800
50.984,12,Dec 10 2015 01: +0,1449709200
53.706,3,Dec 11 2015 01: +0,1449795600
50.315,4,Dec 12 2015 01: +0,1449882000
51.047,5,Dec 13 2015 01: +0,1449968400
52.089,6,Dec 14 2015 01: +0,1450054800
54.736,6,Dec 15 2015 01: +0,1450141200
49.101,7,Dec 16 2015 01: +0,1450227600
49.623,4,Dec 17 2015 01: +0,1450314000
48.63,3,Dec 18 2015 01: +0,1450400400
47.916,10,Dec 19 2015 01: +0,1450486800
50.351,8,Dec 20 2015 01: +0,1450573200
53.009,7,Dec 21 2015 01: +0,1450659600
51.631,11,Dec 22 2015 01: +0,1450746000
47.725,2,Dec 23 2015 01: +0,1450832400
48.314,10,Dec 24 2015 01: +0,1450918800
53.607,17,Dec 25 2015 01: +0,1451005200
56.272,16,Dec 26 2015 01: +0,1451091600
55.738,6,Dec 27 2015 01: +0,1451178000
56.176,12,Dec 28 2015 01: +0,1451264400
56.156,11,Dec 29 2015 01: +0,1451350800
54.923,9,Dec 30 2015 01: +0,1451437200
51.406,8,Dec 31 2015 01: +0,1451523600
56.792,7,Jan 01 2016 01: +0,1451610000
53.476,11,Jan 02 2016 01: +0,1451696400
53.627,6,Jan 03 2016 01: +0,1451782800
54.572,4,Jan 04 2016 01: +0,1451869200
54.406,5,Jan 05 2016 01: +0,1451955600
53.564,2,Jan 06 2016 01: +0,1452042000
53.453,5,Jan 07 2016 01: +0,1452128400
56.463,4,Jan 08 2016 01: +0,1452214800
54.601,5,Jan 09 2016 01: +0,1452301200
54.001,4,Jan 10 2016 01: +0,1452387600
54.927,8,Jan 11 2016 01: +0,1452474000
53.933,5,Jan 12 2016 01: +0,1452560400
53.158,6,Jan 13 2016 01: +0,1452646800
51.681,3,Jan 14 2016 01: +0,1452733200
52.152,8,Jan 15 2016 01: +0,1452819600
54.322,8,Jan 16 2016 01: +0,1452906000
53.642,3,Jan 17 2016 01: +0,1452992400
53.194,5,Jan 18 2016 01: +0,1453078800
48.377,7,Jan 19 2016 01: +0,1453165200
51.217,7,Jan 20 2016 01: +0,1453251600
49.777,9,Jan 21 2016 01: +0,1453338000
48.963,8,Jan 22 2016 01: +0,1453424400
50.386,11,Jan 23 2016 01: +0,1453510800
51.66,6,Jan 24 2016 01: +0,1453597200
54.098,3,Jan 25 2016 01: +0,1453683600
51.779,4,Jan 26 2016 01: +0,1453770000
55.741,4,Jan 27 2016 01: +0,1453856400
52.888,6,Jan 28 2016 01: +0,1453942800
53.114,7,Jan 29 2016 01: +0,1454029200
52.812,7,Jan 30 2016 01: +0,1454115600
53.738,3,Jan 31 2016 01: +0,1454202000
52.061,7,Feb 01 2016 01: +0,1454288400
52.108,4,Feb 02 2016 01: +0,1454374800
54.371,7,Feb 03 2016 01: +0,1454461200
55.662,6,Feb 04 2016 01: +0,1454547600
40.427,5,Feb 05 2016 01: +0,1454634000
48.256,9,Feb 06 2016 01: +0,1454720400
51.616,4,Feb 07 2016 01: +0,1454806800
50.211,5,Feb 08 2016 01: +0,1454893200
49.436,2,Feb 09 2016 01: +0,1454979600
49.012,8,Feb 10 2016 01: +0,1455066000
44.012,6,Feb 11 2016 01: +0,1455152400
44.648,16,Feb 12 2016 01: +0,1455238800
48.753,8,Feb 13 2016 01: +0,1455325200
46.691,6,Feb 14 2016 01: +0,1455411600
49.532,7,Feb 15 2016 01: +0,1455498000
49.705,8,Feb 16 2016 01: +0,1455584400
48.157,4,Feb 17 2016 01: +0,1455670800
49.191,14,Feb 18 2016 01: +0,1455757200
46.085,12,Feb 19 2016 01: +0,1455843600
45.458,13,Feb 20 2016 01: +0,1455930000
48.868,10,Feb 21 2016 01: +0,1456016400
47.986,9,Feb 22 2016 01: +0,1456102800
48.272,4,Feb 23 2016 01: +0,1456189200
48.155,6,Feb 24 2016 01: +0,1456275600
47.253,9,Feb 25 2016 01: +0,1456362000
45.806,7,Feb 26 2016 01: +0,1456448400
46.594,8,Feb 27 2016 01: +0,1456534800
45.987,10,Feb 28 2016 01: +0,1456621200
49.737,11,Feb 29 2016 01: +0,1456707600
47.467,8,Mar 01 2016 01: +0,1456794000
45.92,9,Mar 02 2016 01: +0,1456880400
51.242,11,Mar 03 2016 01: +0,1456966800
52.301,6,Mar 04 2016 01: +0,1457053200
52.206,9,Mar 05 2016 01: +0,1457139600
51.409,4,Mar 06 2016 01: +0,1457226000
48.181,10,Mar 07 2016 01: +0,1457312400
49.392,8,Mar 08 2016 01: +0,1457398800
51.927,6,Mar 09 2016 01: +0,1457485200
51.644,7,Mar 10 2016 01: +0,1457571600
51.783,9,Mar 11 2016 01: +0,1457658000
54.404,7,Mar 12 2016 01: +0,1457744400
55.712,4,Mar 13 2016 01: +0,1457830800
53.137,9,Mar 14 2016 01: +0,1457917200
52.887,4,Mar 15 2016 01: +0,1458003600
57.587,3,Mar 16 2016 01: +0,1458090000
52.391,7,Mar 17 2016 01: +0,1458176400
57.491,7,Mar 18 2016 01: +0,1458262800
59.477,5,Mar 19 2016 01: +0,1458349200
55.134,6,Mar 20 2016 01: +0,1458435600
53.717,12,Mar 21 2016 01: +0,1458522000
60.511,2,Mar 22 2016 01: +0,1458608400
60.837,2,Mar 23 2016 01: +0,1458694800
58.088,4,Mar 24 2016 01: +0,1458781200
53.703,2,Mar 25 2016 01: +0,1458867600
52.1,6,Mar 26 2016 01: +0,1458954000
56.04,10,Mar 27 2016 01: +0,1459040400
52.045,6,Mar 28 2016 01: +0,1459123200
54.266,12,Mar 29 2016 01: +0,1459209600
56.487,6,Mar 30 2016 01: +0,1459296000
58.19,5,Mar 31 2016 01: +0,1459382400
58.918,4,Apr 01 2016 01: +0,1459468800
51.52,4,Apr 02 2016 01: +0,1459555200
58.23,3,Apr 03 2016 01: +0,1459641600
58.87,5,Apr 04 2016 01: +0,1459728000
61.749,1,Apr 05 2016 01: +0,1459814400
56.489,2,Apr 06 2016 01: +0,1459900800
58.306,11,Apr 07 2016 01: +0,1459987200
62.98,3,Apr 08 2016 01: +0,1460073600
67.982,1,Apr 09 2016 01: +0,1460160000
56.811,3,Apr 10 2016 01: +0,1460246400
58.475,3,Apr 11 2016 01: +0,1460332800
60.672,10,Apr 12 2016 01: +0,1460419200
62.43,5,Apr 13 2016 01: +0,1460505600
59.299,4,Apr 14 2016 01: +0,1460592000
57.197,8,Apr 15 2016 01: +0,1460678400
60.893,7,Apr 16 2016 01: +0,1460764800
61.668,4,Apr 17 2016 01: +0,1460851200
65.049,1,Apr 18 2016 01: +0,1460937600
58.972,4,Apr 19 2016 01: +0,1461024000
62.858,2,Apr 20 2016 01: +0,1461110400
64.644,6,Apr 21 2016 01: +0,1461196800
63.25,5,Apr 22 2016 01: +0,1461283200
62.371,7,Apr 23 2016 01: +0,1461369600
64.581,2,Apr 24 2016 01: +0,1461456000
63.853,2,Apr 25 2016 01: +0,1461542400
59.256,6,Apr 26 2016 01: +0,1461628800
63.679,5,Apr 27 2016 01: +0,1461715200
57.177,4,Apr 28 2016 01: +0,1461801600
60.932,5,Apr 29 2016 01: +0,1461888000
61.013,7,Apr 30 2016 01: +0,1461974400
64.702,3,May 01 2016 01: +0,1462060800
64.786,2,May 02 2016 01: +0,1462147200
64.039,1,May 03 2016 01: +0,1462233600
63.633,3,May 04 2016 01: +0,1462320000
63.296,4,May 05 2016 01: +0,1462406400
63.979,6,May 06 2016 01: +0,1462492800
60.605,4,May 07 2016 01: +0,1462579200
62.732,10,May 08 2016 01: +0,1462665600
60.384,1,May 09 2016 01: +0,1462752000
63.805,5,May 10 2016 01: +0,1462838400
65.639,2,May 11 2016 01: +0,1462924800
55.586,1,May 12 2016 01: +0,1463011200
65.981,2,May 13 2016 01: +0,1463097600
62.22,5,May 14 2016 01: +0,1463184000
59.296,3,May 15 2016 01: +0,1463270400
55.319,2,May 16 2016 01: +0,1463356800
56.693,7,May 17 2016 01: +0,1463443200
54.4,3,May 18 2016 01: +0,1463529600
57.935,1,May 19 2016 01: +0,1463616000
56.729,5,May 20 2016 01: +0,1463702400
59.26,6,May 21 2016 01: +0,1463788800
58.205,2,May 22 2016 01: +0,1463875200
54.207,4,May 23 2016 01: +0,1463961600
55.893,6,May 24 2016 01: +0,1464048000
59.143,1,May 25 2016 01: +0,1464134400
56.963,3,May 26 2016 01: +0,1464220800
53.479,8,May 27 2016 01: +0,1464307200
57.075,1,May 28 2016 01: +0,1464393600
52.112,4,May 29 2016 01: +0,1464480000
55.223,2,May 30 2016 01: +0,1464566400
55.187,2,May 31 2016 01: +0,1464652800
51.827,6,Jun 01 2016 01: +0,1464739200
56.236,6,Jun 02 2016 01: +0,1464825600
56.286,3,Jun 03 2016 01: +0,1464912000
51.523,4,Jun 04 2016 01: +0,1464998400
50.513,4,Jun 05 2016 01: +0,1465084800
52.436,3,Jun 06 2016 01: +0,1465171200
56.067,3,Jun 07 2016 01: +0,1465257600
45.658,1,Jun 08 2016 01: +0,1465344000
51.804,5,Jun 09 2016 01: +0,1465430400
53.093,6,Jun 10 2016 01: +0,1465516800
55.282,6,Jun 11 2016 01: +0,1465603200
50.713,3,Jun 12 2016 01: +0,1465689600
50.341,4,Jun 13 2016 01: +0,1465776000
51.346,5,Jun 14 2016 01: +0,1465862400
51.148,2,Jun 15 2016 01: +0,1465948800
48.366,6,Jun 16 2016 01: +0,1466035200
50.353,5,Jun 17 2016 01: +0,1466121600
46.864,4,Jun 18 2016 01: +0,1466208000
49.869,6,Jun 19 2016 01: +0,1466294400
49.965,4,Jun 20 2016 01: +0,1466380800
50.296,3,Jun 21 2016 01: +0,1466467200
43.05,2,Jun 22 2016 01: +0,1466553600
49.688,3,Jun 23 2016 01: +0,1466640000
50.588,3,Jun 24 2016 01: +0,1466726400
44.587,6,Jun 25 2016 01: +0,1466812800
44.038,6,Jun 26 2016 01: +0,1466899200
42.998,7,Jun 27 2016 01: +0,1466985600
43.662,2,Jun 28 2016 01: +0,1467072000
40.162,7,Jun 29 2016 01: +0,1467158400
41.245,8,Jun 30 2016 01: +0,1467244800
44.263,2,Jul 01 2016 01: +0,1467331200
43.002,8,Jul 02 2016 01: +0,1467417600
40.218,4,Jul 03 2016 01: +0,1467504000
42.519,10,Jul 04 2016 01: +0,1467590400
43.351,3,Jul 05 2016 01: +0,1467676800
47.694,7,Jul 06 2016 01: +0,1467763200
46.062,7,Jul 07 2016 01: +0,1467849600
46.423,6,Jul 08 2016 01: +0,1467936000
45.152,10,Jul 09 2016 01: +0,1468022400
48.633,5,Jul 10 2016 01: +0,1468108800
49.315,2,Jul 11 2016 01: +0,1468195200
49.599,2,Jul 12 2016 01: +0,1468281600
50.67,5,Jul 13 2016 01: +0,1468368000
47.936,5,Jul 14 2016 01: +0,1468454400
48.193,3,Jul 15 2016 01: +0,1468540800
47.927,2,Jul 16 2016 01: +0,1468627200
50.903,4,Jul 17 2016 01: +0,1468713600
46.693,2,Jul 18 2016 01: +0,1468800000
48.529,3,Jul 19 2016 01: +0,1468886400
49.905,4,Jul 20 2016 01: +0,1468972800
49.63,4,Jul 21 2016 01: +0,1469059200
48.049,6,Jul 22 2016 01: +0,1469145600
45.277,4,Jul 23 2016 01: +0,1469232000
44.589,2,Jul 24 2016 01: +0,1469318400
44.65,8,Jul 25 2016 01: +0,1469404800
47.423,3,Jul 26 2016 01: +0,1469491200
46.852,3,Jul 27 2016 01: +0,1469577600
44.913,5,Jul 28 2016 01: +0,1469664000
47.691,1,Jul 29 2016 01: +0,1469750400
51.119,1,Jul 30 2016 01: +0,1469836800
42.583,1,Jul 31 2016 01: +0,1469923200
42.255,6,Aug 01 2016 01: +0,1470009600
48.441,5,Aug 02 2016 01: +0,1470096000
44.874,2,Aug 03 2016 01: +0,1470182400
46.212,3,Aug 04 2016 01: +0,1470268800
44.092,5,Aug 05 2016 01: +0,1470355200
46.628,4,Aug 06 2016 01: +0,1470441600
40.817,4,Aug 07 2016 01: +0,1470528000
43.516,6,Aug 08 2016 01: +0,1470614400
45.825,4,Aug 09 2016 01: +0,1470700800
43.62,9,Aug 11 2016 01: +0,1470873600
40.902,3,Aug 12 2016 01: +0,1470960000
44.88,4,Aug 13 2016 01: +0,1471046400
47.139,2,Aug 14 2016 01: +0,1471132800
44.793,5,Aug 15 2016 01: +0,1471219200
44.605,4,Aug 16 2016 01: +0,1471305600
39.632,3,Aug 17 2016 01: +0,1471392000
43.618,6,Aug 18 2016 01: +0,1471478400
41.503,5,Aug 19 2016 01: +0,1471564800
43.137,4,Aug 20 2016 01: +0,1471651200
39.719,3,Aug 21 2016 01: +0,1471737600
41.958,3,Aug 22 2016 01: +0,1471824000
41.744,5,Aug 23 2016 01: +0,1471910400
42.193,1,Aug 24 2016 01: +0,1471996800
38.849,8,Aug 25 2016 01: +0,1472083200
40.183,8,Aug 26 2016 01: +0,1472169600
41.86,7,Aug 27 2016 01: +0,1472256000
42.075,6,Aug 28 2016 01: +0,1472342400
45.705,5,Aug 29 2016 01: +0,1472428800
42.466,2,Aug 30 2016 01: +0,1472515200
44.72,4,Aug 31 2016 01: +0,1472601600
43.67,4,Sep 01 2016 01: +0,1472688000
39.788,7,Sep 02 2016 01: +0,1472774400
43.114,7,Sep 03 2016 01: +0,1472860800
40.793,4,Sep 04 2016 01: +0,1472947200
39.245,2,Sep 05 2016 01: +0,1473033600
42.073,4,Sep 06 2016 01: +0,1473120000
39.903,4,Sep 07 2016 01: +0,1473206400
39.04,5,Sep 08 2016 01: +0,1473292800
41.191,9,Sep 09 2016 01: +0,1473379200
38.983,5,Sep 10 2016 01: +0,1473465600
41.444,6,Sep 11 2016 01: +0,1473552000
42.656,4,Sep 12 2016 01: +0,1473638400
44.535,1,Sep 13 2016 01: +0,1473724800
42.805,4,Sep 15 2016 01: +0,1473897600
40.581,4,Sep 16 2016 01: +0,1473984000
43.618,3,Sep 17 2016 01: +0,1474070400
41.374,1,Sep 18 2016 01: +0,1474156800
37.173,1,Sep 19 2016 01: +0,1474243200
43.86,7,Sep 20 2016 01: +0,1474329600
42.426,3,Sep 21 2016 01: +0,1474416000
44.535,5,Sep 22 2016 01: +0,1474502400
43.091,4,Sep 23 2016 01: +0,1474588800
42.58,4,Sep 24 2016 01: +0,1474675200
43.029,3,Sep 25 2016 01: +0,1474761600
45.42,1,Sep 26 2016 01: +0,1474848000
44.462,5,Sep 27 2016 01: +0,1474934400
41.739,1,Sep 28 2016 01: +0,1475020800
39.434,3,Sep 29 2016 01: +0,1475107200
39.177,8,Sep 30 2016 01: +0,1475193600
41.722,9,Oct 01 2016 01: +0,1475280000
42.732,3,Oct 02 2016 01: +0,1475366400
38.827,11,Oct 03 2016 01: +0,1475452800
41.336,8,Oct 04 2016 01: +0,1475539200
35.401,3,Oct 05 2016 01: +0,1475625600
40.651,7,Oct 06 2016 01: +0,1475712000
43.87,1,Oct 07 2016 01: +0,1475798400
40.934,5,Oct 08 2016 01: +0,1475884800
39.985,5,Oct 09 2016 01: +0,1475971200
41.359,3,Oct 10 2016 01: +0,1476057600
42.829,3,Oct 11 2016 01: +0,1476144000
42.686,6,Oct 12 2016 01: +0,1476230400
43.418,4,Oct 13 2016 01: +0,1476316800
39.572,2,Oct 14 2016 01: +0,1476403200
39.991,2,Oct 15 2016 01: +0,1476489600
41.207,3,Oct 16 2016 01: +0,1476576000
40.663,8,Oct 17 2016 01: +0,1476662400
40.7,5,Oct 18 2016 01: +0,1476748800
41.695,4,Oct 19 2016 01: +0,1476835200
39.919,5,Oct 20 2016 01: +0,1476921600
39.778,8,Oct 21 2016 01: +0,1477008000
39.479,4,Oct 22 2016 01: +0,1477094400
39.736,6,Oct 23 2016 01: +0,1477180800
38.838,3,Oct 24 2016 01: +0,1477267200
37.326,2,Oct 25 2016 01: +0,1477353600
36.179,4,Oct 26 2016 01: +0,1477440000
38.491,4,Oct 27 2016 01: +0,1477526400
37.672,9,Oct 28 2016 01: +0,1477612800
40.339,5,Oct 29 2016 01: +0,1477699200
37.36,4,Oct 30 2016 01: +0,1477785600
37.973,5,Oct 31 2016 01: +0,1477875600
36.914,9,Nov 01 2016 01: +0,1477962000
42.719,4,Nov 02 2016 01: +0,1478048400
43.139,2,Nov 03 2016 01: +0,1478134800
41.152,1,Nov 04 2016 01: +0,1478221200
41.529,2,Nov 05 2016 01: +0,1478307600
40.041,2,Nov 06 2016 01: +0,1478394000
41.98,2,Nov 07 2016 01: +0,1478480400
41.647,2,Nov 08 2016 01: +0,1478566800
41.979,1,Nov 09 2016 01: +0,1478653200
42.302,1,Nov 10 2016 01: +0,1478739600
42.186,1,Nov 11 2016 01: +0,1478826000
42.567,3,Nov 12 2016 01: +0,1478912400
45.034,2,Nov 13 2016 01: +0,1478998800
40.804,1,Nov 14 2016 01: +0,1479085200
39.967,2,Nov 15 2016 01: +0,1479171600
39.196,6,Nov 16 2016 01: +0,1479258000
39.455,2,Nov 17 2016 01: +0,1479344400
37.993,2,Nov 18 2016 01: +0,1479430800
38.819,3,Nov 19 2016 01: +0,1479517200
37.366,4,Nov 20 2016 01: +0,1479603600
37.779,5,Nov 21 2016 01: +0,1479690000
40.7,3,Nov 22 2016 01: +0,1479776400
37.346,2,Nov 23 2016 01: +0,1479862800
34.955,2,Nov 24 2016 01: +0,1479949200
37.323,6,Nov 25 2016 01: +0,1480035600
36.169,3,Nov 26 2016 01: +0,1480122000
34.189,2,Nov 27 2016 01: +0,1480208400
34.699,3,Nov 28 2016 01: +0,1480294800
33.09,5,Nov 29 2016 01: +0,1480381200
35.633,6,Nov 30 2016 01: +0,1480467600
38.731,2,Dec 01 2016 01: +0,1480554000
41.445,2,Dec 02 2016 01: +0,1480640400
42.657,1,Dec 03 2016 01: +0,1480726800
40.156,4,Dec 04 2016 01: +0,1480813200
40.765,4,Dec 05 2016 01: +0,1480899600
42.939,1,Dec 06 2016 01: +0,1480986000
41.919,4,Dec 08 2016 01: +0,1481158800
40.674,6,Dec 09 2016 01: +0,1481245200
41.276,5,Dec 10 2016 01: +0,1481331600
41.773,3,Dec 11 2016 01: +0,1481418000
41.826,3,Dec 12 2016 01: +0,1481504400
30.225,1,Dec 13 2016 01: +0,1481590800
40.759,4,Dec 14 2016 01: +0,1481677200
40.958,3,Dec 15 2016 01: +0,1481763600
35.717,2,Dec 16 2016 01: +0,1481850000
41.004,10,Dec 17 2016 01: +0,1481936400
43.293,3,Dec 18 2016 01: +0,1482022800
40.692,3,Dec 19 2016 01: +0,1482109200
38.525,2,Dec 20 2016 01: +0,1482195600
40.344,6,Dec 21 2016 01: +0,1482282000
43.483,6,Dec 22 2016 01: +0,1482368400
45.054,1,Dec 23 2016 01: +0,1482454800
40.182,5,Dec 24 2016 01: +0,1482541200
44.917,11,Dec 25 2016 01: +0,1482627600
46.836,8,Dec 26 2016 01: +0,1482714000
47.486,9,Dec 27 2016 01: +0,1482800400
47.873,7,Dec 28 2016 01: +0,1482886800
49.241,5,Dec 29 2016 01: +0,1482973200
48.017,3,Dec 30 2016 01: +0,1483059600
51.232,5,Dec 31 2016 01: +0,1483146000
49.602,4,Jan 01 2017 01: +0,1483232400
43.678,4,Jan 02 2017 01: +0,1483318800
49.632,4,Jan 03 2017 01: +0,1483405200
50.466,2,Jan 04 2017 01: +0,1483491600
49.472,4,Jan 05 2017 01: +0,1483578000
47.987,2,Jan 06 2017 01: +0,1483664400
46.598,3,Jan 07 2017 01: +0,1483750800
49.801,4,Jan 08 2017 01: +0,1483837200
50.388,3,Jan 11 2017 01: +0,1484096400
43.134,4,Jan 13 2017 01: +0,1484269200
51.576,5,Jan 14 2017 01: +0,1484355600
46.509,4,Jan 15 2017 01: +0,1484442000
45.962,7,Jan 16 2017 01: +0,1484528400
47.513,1,Jan 17 2017 01: +0,1484614800
46.824,8,Jan 18 2017 01: +0,1484701200
47.359,3,Jan 19 2017 01: +0,1484787600
47.524,2,Jan 20 2017 01: +0,1484874000
47.562,7,Jan 21 2017 01: +0,1484960400
49.701,4,Jan 23 2017 01: +0,1485133200
46.556,2,Jan 24 2017 01: +0,1485219600
50.255,6,Jan 25 2017 01: +0,1485306000
49.694,5,Jan 26 2017 01: +0,1485392400
47.373,4,Jan 27 2017 01: +0,1485478800
49.806,6,Jan 28 2017 01: +0,1485565200
52.967,5,Jan 29 2017 01: +0,1485651600
54.92,2,Jan 31 2017 01: +0,1485824400
50.103,1,Feb 01 2017 01: +0,1485910800
49.689,6,Feb 02 2017 01: +0,1485997200
49.339,8,Feb 03 2017 01: +0,1486083600
51.83,10,Feb 04 2017 01: +0,1486170000
48.08,5,Feb 05 2017 01: +0,1486256400
48.086,3,Feb 06 2017 01: +0,1486342800
54.104,2,Feb 07 2017 01: +0,1486429200
52.096,6,Feb 08 2017 01: +0,1486515600
51.571,4,Feb 09 2017 01: +0,1486602000
51.905,4,Feb 10 2017 01: +0,1486688400
59.914,3,Feb 11 2017 01: +0,1486774800
56.121,3,Feb 12 2017 01: +0,1486861200
51.717,3,Feb 13 2017 01: +0,1486947600
57.935,3,Feb 14 2017 01: +0,1487034000
54.465,2,Feb 15 2017 01: +0,1487120400
50.954,2,Feb 16 2017 01: +0,1487206800
52.798,2,Feb 17 2017 01: +0,1487293200
53.92,5,Feb 18 2017 01: +0,1487379600
55.368,3,Feb 19 2017 01: +0,1487466000
48.216,2,Feb 20 2017 01: +0,1487552400
51.484,6,Feb 21 2017 01: +0,1487638800
52.719,5,Feb 22 2017 01: +0,1487725200
55.323,2,Feb 24 2017 01: +0,1487898000
56.438,4,Feb 25 2017 01: +0,1487984400
55.071,5,Feb 26 2017 01: +0,1488070800
54.946,3,Feb 27 2017 01: +0,1488157200
53.39,2,Feb 28 2017 01: +0,1488243600
51.913,2,Mar 01 2017 01: +0,1488330000
55.068,2,Mar 02 2017 01: +0,1488416400
55.228,7,Mar 03 2017 01: +0,1488502800
53.658,4,Mar 04 2017 01: +0,1488589200
50.766,4,Mar 05 2017 01: +0,1488675600
51.716,6,Mar 06 2017 01: +0,1488762000
52.794,2,Mar 07 2017 01: +0,1488848400
57.096,2,Mar 08 2017 01: +0,1488934800
55.299,5,Mar 09 2017 01: +0,1489021200
51.626,2,Mar 10 2017 01: +0,1489107600
53.37,7,Mar 11 2017 01: +0,1489194000
55.088,4,Mar 12 2017 01: +0,1489280400
56.576,3,Mar 13 2017 01: +0,1489366800
56.957,3,Mar 14 2017 01: +0,1489453200
54.145,1,Mar 15 2017 01: +0,1489539600
57.233,3,Mar 16 2017 01: +0,1489626000
58.548,2,Mar 17 2017 01: +0,1489712400
57.454,2,Mar 18 2017 01: +0,1489798800
40.806,1,Mar 19 2017 01: +0,1489885200
55.087,4,Mar 20 2017 01: +0,1489971600
55.931,2,Mar 21 2017 01: +0,1490058000
50.424,1,Mar 23 2017 01: +0,1490230800
52.695,6,Mar 24 2017 01: +0,1490317200
64.391,1,Mar 25 2017 01: +0,1490403600
47.94,5,Mar 26 2017 01: +0,1490490000
50.003,1,Mar 27 2017 01: +0,1490572800
55.061,4,Mar 28 2017 01: +0,1490659200
53.746,5,Mar 29 2017 01: +0,1490745600
54.985,5,Mar 31 2017 01: +0,1490918400
54.158,3,Apr 01 2017 01: +0,1491004800
55.647,2,Apr 02 2017 01: +0,1491091200
55.283,4,Apr 03 2017 01: +0,1491177600
54.157,2,Apr 04 2017 01: +0,1491264000
57.6,2,Apr 05 2017 01: +0,1491350400
52.839,1,Apr 06 2017 01: +0,1491436800
55.765,5,Apr 07 2017 01: +0,1491523200
53.989,4,Apr 08 2017 01: +0,1491609600
53.071,2,Apr 09 2017 01: +0,1491696000
50.839,3,Apr 10 2017 01: +0,1491782400
50.694,4,Apr 11 2017 01: +0,1491868800
51.167,2,Apr 12 2017 01: +0,1491955200
51.841,6,Apr 13 2017 01: +0,1492041600
52.823,4,Apr 14 2017 01: +0,1492128000
52.145,5,Apr 15 2017 01: +0,1492214400
52.524,1,Apr 16 2017 01: +0,1492300800
50.887,6,Apr 17 2017 01: +0,1492387200
52.934,4,Apr 18 2017 01: +0,1492473600
52.451,4,Apr 19 2017 01: +0,1492560000
60.921,2,Apr 20 2017 01: +0,1492646400
55.176,2,Apr 21 2017 01: +0,1492732800
53.215,3,Apr 23 2017 01: +0,1492905600
57.302,1,Apr 24 2017 01: +0,1492992000
54.644,4,Apr 25 2017 01: +0,1493078400
57.807,1,Apr 26 2017 01: +0,1493164800
55.155,2,Apr 27 2017 01: +0,1493251200
59.031,1,Apr 28 2017 01: +0,1493337600
57.913,1,Apr 29 2017 01: +0,1493424000
56.856,2,Apr 30 2017 01: +0,1493510400
56.648,2,May 01 2017 01: +0,1493596800
59.366,1,May 02 2017 01: +0,1493683200
59.471,4,May 03 2017 01: +0,1493769600
51.094,1,May 04 2017 01: +0,1493856000
56.29,3,May 05 2017 01: +0,1493942400
57.673,2,May 06 2017 01: +0,1494028800
55.897,2,May 07 2017 01: +0,1494115200
54.261,1,May 09 2017 01: +0,1494288000
56.207,6,May 10 2017 01: +0,1494374400
60.237,1,May 11 2017 01: +0,1494460800
52.923,1,May 12 2017 01: +0,1494547200
49.941,2,May 13 2017 01: +0,1494633600
57.504,3,May 14 2017 01: +0,1494720000
62.109,2,May 15 2017 01: +0,1494806400
61.733,2,May 16 2017 01: +0,1494892800
52.612,1,May 18 2017 01: +0,1495065600
50.904,1,May 19 2017 01: +0,1495152000
58.549,1,May 20 2017 01: +0,1495238400
55.205,3,May 21 2017 01: +0,1495324800
53.872,4,May 22 2017 01: +0,1495411200
60.395,3,May 23 2017 01: +0,1495497600
56.274,3,May 24 2017 01: +0,1495584000
58.474,3,May 26 2017 01: +0,1495756800
59.121,1,May 27 2017 01: +0,1495843200
52.822,6,May 28 2017 01: +0,1495929600
59.394,4,May 29 2017 01: +0,1496016000
59.888,1,May 30 2017 01: +0,1496102400
59.393,2,May 31 2017 01: +0,1496188800
53.409,2,Jun 02 2017 01: +0,1496361600
60.081,2,Jun 03 2017 01: +0,1496448000
56.718,4,Jun 04 2017 01: +0,1496534400
59.364,4,Jun 05 2017 01: +0,1496620800
57.603,3,Jun 06 2017 01: +0,1496707200
60.772,3,Jun 07 2017 01: +0,1496793600
50.888,1,Jun 08 2017 01: +0,1496880000
57.131,2,Jun 09 2017 01: +0,1496966400
63.584,2,Jun 10 2017 01: +0,1497052800
64.678,4,Jun 12 2017 01: +0,1497225600
53.671,2,Jun 14 2017 01: +0,1497398400
48.464,1,Jun 15 2017 01: +0,1497484800
53.531,2,Jun 16 2017 01: +0,1497571200
52.807,4,Jun 17 2017 01: +0,1497657600
58.12,1,Jun 18 2017 01: +0,1497744000
56.34,3,Jun 20 2017 01: +0,1497916800
64.314,1,Jun 21 2017 01: +0,1498003200
54.613,1,Jun 22 2017 01: +0,1498089600
48.985,3,Jun 23 2017 01: +0,1498176000
51.708,6,Jun 24 2017 01: +0,1498262400
54.071,4,Jun 25 2017 01: +0,1498348800
56.256,2,Jun 26 2017 01: +0,1498435200
55.865,1,Jun 27 2017 01: +0,1498521600
57.91,1,Jun 29 2017 01: +0,1498694400
59.101,1,Jun 30 2017 01: +0,1498780800
53.044,2,Jul 01 2017 01: +0,1498867200
57.25,1,Jul 02 2017 01: +0,1498953600
51.083,3,Jul 03 2017 01: +0,1499040000
52.197,4,Jul 04 2017 01: +0,1499126400
58.272,1,Jul 06 2017 01: +0,1499299200
54.019,3,Jul 07 2017 01: +0,1499385600
55.384,3,Jul 08 2017 01: +0,1499472000
54.882,3,Jul 10 2017 01: +0,1499644800
54.468,4,Jul 11 2017 01: +0,1499731200
55.269,2,Jul 12 2017 01: +0,1499817600
60.308,2,Jul 13 2017 01: +0,1499904000
56.935,3,Jul 14 2017 01: +0,1499990400
56.815,1,Jul 15 2017 01: +0,1500076800
58.011,2,Jul 16 2017 01: +0,1500163200
62.758,1,Jul 18 2017 01: +0,1500336000
62.625,1,Jul 19 2017 01: +0,1500422400
61.788,2,Jul 22 2017 01: +0,1500681600
62.048,1,Jul 23 2017 01: +0,1500768000
60.885,3,Jul 24 2017 01: +0,1500854400
65.056,2,Jul 25 2017 01: +0,1500940800
59.096,3,Jul 26 2017 01: +0,1501027200
67.555,1,Jul 27 2017 01: +0,1501113600
57.224,1,Jul 29 2017 01: +0,1501286400
59.7,2,Jul 30 2017 01: +0,1501372800
61.54,7,Jul 31 2017 01: +0,1501459200
64.515,1,Aug 01 2017 01: +0,1501545600
60.963,4,Aug 03 2017 01: +0,1501718400
63.82,5,Aug 04 2017 01: +0,1501804800
64.769,2,Aug 05 2017 01: +0,1501891200
66.236,3,Aug 06 2017 01: +0,1501977600
67.761,3,Aug 07 2017 01: +0,1502064000
61.889,1,Aug 08 2017 01: +0,1502150400
54.582,3,Aug 09 2017 01: +0,1502236800
63.713,4,Aug 10 2017 01: +0,1502323200
64.278,1,Aug 11 2017 01: +0,1502409600
68.454,1,Aug 12 2017 01: +0,1502496000
60.472,4,Aug 13 2017 01: +0,1502582400
61.459,4,Aug 14 2017 01: +0,1502668800
55.859,1,Aug 16 2017 01: +0,1502841600
63.257,2,Aug 17 2017 01: +0,1502928000
59.524,3,Aug 18 2017 01: +0,1503014400
64.963,1,Aug 19 2017 01: +0,1503100800
70.145,1,Aug 20 2017 01: +0,1503187200
69.025,3,Aug 21 2017 01: +0,1503273600
62.283,3,Aug 22 2017 01: +0,1503360000
61.512,1,Aug 23 2017 01: +0,1503446400
66.48,2,Aug 24 2017 01: +0,1503532800
65.186,1,Aug 25 2017 01: +0,1503619200
66.683,4,Aug 26 2017 01: +0,1503705600
57.075,1,Aug 27 2017 01: +0,1503792000
60.886,2,Aug 28 2017 01: +0,1503878400
65.895,1,Aug 29 2017 01: +0,1503964800
62.558,2,Aug 30 2017 01: +0,1504051200
61.293,8,Aug 31 2017 01: +0,1504137600
66.429,1,Sep 01 2017 01: +0,1504224000
63.79,5,Sep 02 2017 01: +0,1504310400
63.678,2,Sep 03 2017 01: +0,1504396800
69.147,2,Sep 04 2017 01: +0,1504483200
65.746,2,Sep 05 2017 01: +0,1504569600
56.847,2,Sep 06 2017 01: +0,1504656000
66.169,1,Sep 07 2017 01: +0,1504742400
66.154,1,Sep 08 2017 01: +0,1504828800
66.188,1,Sep 09 2017 01: +0,1504915200
61.402,4,Sep 10 2017 01: +0,1505001600
62.845,1,Sep 11 2017 01: +0,1505088000
61.65,3,Sep 12 2017 01: +0,1505174400
59.811,3,Sep 14 2017 01: +0,1505347200
82.386,1,Sep 15 2017 01: +0,1505433600
70.093,1,Sep 16 2017 01: +0,1505520000
68.542,2,Sep 18 2017 01: +0,1505692800
54.329,1,Sep 19 2017 01: +0,1505779200
66.207,2,Sep 20 2017 01: +0,1505865600
66.577,1,Sep 21 2017 01: +0,1505952000
65.95,3,Sep 22 2017 01: +0,1506038400
68.243,1,Sep 23 2017 01: +0,1506124800
74.479,1,Sep 24 2017 01: +0,1506211200
60.213,4,Sep 25 2017 01: +0,1506297600
65.24,2,Sep 26 2017 01: +0,1506384000
64.428,1,Sep 27 2017 01: +0,1506470400
63.34,4,Sep 30 2017 01: +0,1506729600
62.151,3,Oct 02 2017 01: +0,1506902400
57.617,3,Oct 04 2017 01: +0,1507075200
69.85,2,Oct 06 2017 01: +0,1507248000
61.162,1,Oct 07 2017 01: +0,1507334400
70.31,1,Oct 08 2017 01: +0,1507420800
61.309,3,Oct 09 2017 01: +0,1507507200
53.03,1,Oct 10 2017 01: +0,1507593600
62.708,2,Oct 11 2017 01: +0,1507680000
65.688,3,Oct 12 2017 01: +0,1507766400
65.746,1,Oct 14 2017 01: +0,1507939200
73.957,2,Oct 15 2017 01: +0,1508025600
65.351,1,Oct 18 2017 01: +0,1508284800
60.407,2,Oct 19 2017 01: +0,1508371200
64.979,1,Oct 20 2017 01: +0,1508457600
61.22,2,Oct 21 2017 01: +0,1508544000
59.121,2,Oct 22 2017 01: +0,1508630400
66.598,1,Oct 23 2017 01: +0,1508716800
62.639,2,Oct 24 2017 01: +0,1508803200
64.366,1,Oct 25 2017 01: +0,1508889600
65.829,2,Oct 26 2017 01: +0,1508976000
59.672,2,Oct 27 2017 01: +0,1509062400
66.135,1,Oct 28 2017 01: +0,1509148800
54.726,1,Oct 29 2017 01: +0,1509235200
66.269,2,Oct 30 2017 01: +0,1509325200
58.377,3,Nov 02 2017 01: +0,1509584400
55.686,3,Nov 03 2017 01: +0,1509670800
60.862,2,Nov 04 2017 01: +0,1509757200
56.393,3,Nov 05 2017 01: +0,1509843600
60.236,1,Nov 06 2017 01: +0,1509930000
62.188,1,Nov 07 2017 01: +0,1510016400
51.907,2,Nov 08 2017 01: +0,1510102800
60.375,1,Nov 09 2017 01: +0,1510189200
50.813,1,Nov 10 2017 01: +0,1510275600
53.668,3,Nov 11 2017 01: +0,1510362000
60.472,3,Nov 13 2017 01: +0,1510534800
50.54,1,Nov 14 2017 01: +0,1510621200
59.23,2,Nov 15 2017 01: +0,1510707600
59.548,1,Nov 16 2017 01: +0,1510794000
56.876,1,Nov 17 2017 01: +0,1510880400
60.253,2,Nov 18 2017 01: +0,1510966800
50.838,1,Nov 19 2017 01: +0,1511053200
53.288,1,Nov 20 2017 01: +0,1511139600
55.919,5,Nov 21 2017 01: +0,1511226000
58.575,3,Nov 22 2017 01: +0,1511312400
50.747,1,Nov 23 2017 01: +0,1511398800
58.208,1,Nov 24 2017 01: +0,1511485200
55.989,3,Nov 25 2017 01: +0,1511571600
45.916,2,Nov 26 2017 01: +0,1511658000
53.534,3,Nov 27 2017 01: +0,1511744400
54.965,3,Nov 29 2017 01: +0,1511917200
59.557,1,Nov 30 2017 01: +0,1512003600
54.681,3,Dec 02 2017 01: +0,1512176400
58.842,1,Dec 03 2017 01: +0,1512262800
58.721,4,Dec 04 2017 01: +0,1512349200
49.465,1,Dec 05 2017 01: +0,1512435600
58.849,1,Dec 06 2017 01: +0,1512522000
53.839,1,Dec 07 2017 01: +0,1512608400
58.461,1,Dec 08 2017 01: +0,1512694800
57.877,1,Dec 09 2017 01: +0,1512781200
60.394,1,Dec 10 2017 01: +0,1512867600
50.292,1,Dec 11 2017 01: +0,1512954000
57.932,4,Dec 12 2017 01: +0,1513040400
63.172,4,Dec 13 2017 01: +0,1513126800
56.789,1,Dec 15 2017 01: +0,1513299600
54.991,3,Dec 18 2017 01: +0,1513558800
61.872,1,Dec 21 2017 01: +0,1513818000
58.458,4,Dec 22 2017 01: +0,1513904400
60.727,1,Dec 23 2017 01: +0,1513990800
53.048,4,Dec 24 2017 01: +0,1514077200
65.585,3,Dec 26 2017 01: +0,1514250000
66.518,6,Dec 27 2017 01: +0,1514336400
74.459,1,Dec 28 2017 01: +0,1514422800
69.171,1,Dec 30 2017 01: +0,1514595600
66.117,4,Dec 31 2017 01: +0,1514682000
58.117,1,Jan 02 2018 01: +0,1514854800
65.327,3,Jan 03 2018 01: +0,1514941200
59.074,1,Jan 04 2018 01: +0,1515027600
69.031,2,Jan 05 2018 01: +0,1515114000
69.317,2,Jan 06 2018 01: +0,1515200400
67.034,2,Jan 07 2018 01: +0,1515286800
63.78,3,Jan 08 2018 01: +0,1515373200
70.952,3,Jan 11 2018 01: +0,1515632400
70.73,2,Jan 14 2018 01: +0,1515891600
77.283,1,Jan 16 2018 01: +0,1516064400
73.574,1,Jan 19 2018 01: +0,1516323600
72.836,2,Jan 20 2018 01: +0,1516410000
59.104,1,Jan 21 2018 01: +0,1516496400
74.779,1,Jan 22 2018 01: +0,1516582800
68.57,1,Jan 25 2018 01: +0,1516842000
72.033,1,Jan 26 2018 01: +0,1516928400
63.207,5,Jan 28 2018 01: +0,1517101200
71.138,3,Jan 29 2018 01: +0,1517187600
73.022,1,Jan 30 2018 01: +0,1517274000
70.993,1,Jan 31 2018 01: +0,1517360400
72.022,1,Feb 01 2018 01: +0,1517446800
66.907,4,Feb 02 2018 01: +0,1517533200
77.201,3,Feb 04 2018 01: +0,1517706000
79.905,1,Feb 08 2018 01: +0,1518051600
81.26,1,Feb 09 2018 01: +0,1518138000
75.409,1,Feb 10 2018 01: +0,1518224400
72.439,4,Feb 14 2018 01: +0,1518570000
75.222,1,Feb 15 2018 01: +0,1518656400
84.787,1,Feb 16 2018 01: +0,1518742800
78.173,2,Feb 17 2018 01: +0,1518829200
78.858,1,Feb 19 2018 01: +0,1519002000
79.35,2,Feb 20 2018 01: +0,1519088400
77.605,1,Feb 21 2018 01: +0,1519174800
77.463,1,Feb 22 2018 01: +0,1519261200
71.299,1,Feb 23 2018 01: +0,1519347600
78.225,2,Feb 24 2018 01: +0,1519434000
62.725,2,Feb 26 2018 01: +0,1519606800
67.671,2,Feb 28 2018 01: +0,1519779600
68.093,2,Mar 02 2018 01: +0,1519952400
70.222,1,Mar 03 2018 01: +0,1520038800
69.033,2,Mar 04 2018 01: +0,1520125200
74.457,1,Mar 05 2018 01: +0,1520211600
70.421,1,Mar 07 2018 01: +0,1520384400
68.414,2,Mar 08 2018 01: +0,1520470800
71.689,1,Mar 09 2018 01: +0,1520557200
73.043,3,Mar 10 2018 01: +0,1520643600
73.315,2,Mar 14 2018 01: +0,1520989200
64.933,2,Mar 15 2018 01: +0,1521075600
71.644,2,Mar 17 2018 01: +0,1521248400
63.557,2,Mar 20 2018 01: +0,1521507600
72.066,1,Mar 22 2018 01: +0,1521680400
73.241,2,Mar 23 2018 01: +0,1521766800
74.644,2,Mar 24 2018 01: +0,1521853200
58.001,1,Mar 29 2018 01: +0,1522281600
52.106,2,Mar 30 2018 01: +0,1522368000
56.604,2,Mar 31 2018 01: +0,1522454400
59.924,3,Apr 01 2018 01: +0,1522540800
58.093,2,Apr 02 2018 01: +0,1522627200
62.121,1,Apr 03 2018 01: +0,1522713600
65.814,1,Apr 07 2018 01: +0,1523059200
57.191,1,Apr 08 2018 01: +0,1523145600
61.269,1,Apr 09 2018 01: +0,1523232000
58.601,1,Apr 10 2018 01: +0,1523318400
56.101,1,Apr 12 2018 01: +0,1523491200
65.392,2,Apr 13 2018 01: +0,1523577600
66.285,1,Apr 14 2018 01: +0,1523664000
55.763,4,Apr 15 2018 01: +0,1523750400
49.587,3,Apr 17 2018 01: +0,1523923200
58.564,1,Apr 18 2018 01: +0,1524009600
58.193,3,Apr 19 2018 01: +0,1524096000
66.612,2,Apr 21 2018 01: +0,1524268800
48.892,2,Apr 22 2018 01: +0,1524355200
55.259,2,Apr 23 2018 01: +0,1524441600
59.027,1,Apr 24 2018 01: +0,1524528000
51.163,3,Apr 25 2018 01: +0,1524614400
59.471,2,Apr 26 2018 01: +0,1524700800
58.908,2,Apr 27 2018 01: +0,1524787200
50.676,2,Apr 28 2018 01: +0,1524873600
48.625,2,Apr 29 2018 01: +0,1524960000
56.961,3,Apr 30 2018 01: +0,1525046400
57.544,1,May 01 2018 01: +0,1525132800
50.996,3,May 03 2018 01: +0,1525305600
59.906,2,May 04 2018 01: +0,1525392000
57.85,2,May 05 2018 01: +0,1525478400
52.065,2,May 07 2018 01: +0,1525651200
58.6,1,May 08 2018 01: +0,1525737600
53.659,2,May 09 2018 01: +0,1525824000
57.9,3,May 10 2018 01: +0,1525910400
54.295,3,May 11 2018 01: +0,1525996800
57.323,1,May 14 2018 01: +0,1526256000
46.495,1,May 15 2018 01: +0,1526342400
50.635,1,May 16 2018 01: +0,1526428800
56.594,1,May 17 2018 01: +0,1526515200
53.396,3,May 20 2018 01: +0,1526774400
50.738,2,May 21 2018 01: +0,1526860800
55.443,1,May 22 2018 01: +0,1526947200
55.451,3,May 23 2018 01: +0,1527033600
55.977,1,May 24 2018 01: +0,1527120000
55.235,1,May 25 2018 01: +0,1527206400
54.668,2,May 27 2018 01: +0,1527379200
44.651,1,May 28 2018 01: +0,1527465600
45.096,1,May 30 2018 01: +0,1527638400
47.535,2,May 31 2018 01: +0,1527724800
51.256,1,Jun 01 2018 01: +0,1527811200
51.453,1,Jun 02 2018 01: +0,1527897600
54.041,1,Jun 03 2018 01: +0,1527984000
53.626,1,Jun 04 2018 01: +0,1528070400
48.155,5,Jun 06 2018 01: +0,1528243200
47.774,2,Jun 07 2018 01: +0,1528329600
53.83,3,Jun 08 2018 01: +0,1528416000
50.895,2,Jun 09 2018 01: +0,1528502400
53.88,2,Jun 10 2018 01: +0,1528588800
59.471,1,Jun 11 2018 01: +0,1528675200
57.525,1,Jun 12 2018 01: +0,1528761600
57.496,1,Jun 13 2018 01: +0,1528848000
48.627,1,Jun 14 2018 01: +0,1528934400
47.316,2,Jun 17 2018 01: +0,1529193600
45.264,1,Jun 18 2018 01: +0,1529280000
51.912,1,Jun 19 2018 01: +0,1529366400
49.465,1,Jun 20 2018 01: +0,1529452800
53.98,2,Jun 21 2018 01: +0,1529539200
53.894,1,Jun 24 2018 01: +0,1529798400
46.809,2,Jun 27 2018 01: +0,1530057600
52.59,1,Jun 29 2018 01: +0,1530230400
42.361,1,Jun 30 2018 01: +0,1530316800
50.418,2,Jul 03 2018 01: +0,1530576000
51.264,1,Jul 05 2018 01: +0,1530748800
50.755,1,Jul 06 2018 01: +0,1530835200
53.313,2,Jul 07 2018 01: +0,1530921600
48.545,2,Jul 10 2018 01: +0,1531180800
54.078,2,Jul 11 2018 01: +0,1531267200
54.388,1,Jul 12 2018 01: +0,1531353600
57.32,3,Jul 13 2018 01: +0,1531440000
46.098,1,Jul 14 2018 01: +0,1531526400
52.178,3,Jul 16 2018 01: +0,1531699200
52.929,2,Jul 17 2018 01: +0,1531785600
46.562,1,Jul 18 2018 01: +0,1531872000
52.586,1,Jul 19 2018 01: +0,1531958400
52.31,3,Jul 20 2018 01: +0,1532044800
55.802,3,Jul 22 2018 01: +0,1532217600
53.248,1,Jul 23 2018 01: +0,1532304000
50.757,3,Jul 25 2018 01: +0,1532476800
54.315,1,Jul 26 2018 01: +0,1532563200
55.147,1,Jul 27 2018 01: +0,1532649600
62.876,2,Jul 29 2018 01: +0,1532822400
54.837,2,Jul 31 2018 01: +0,1532995200
54.182,1,Aug 01 2018 01: +0,1533081600
60.837,2,Aug 02 2018 01: +0,1533168000
57.552,3,Aug 03 2018 01: +0,1533254400
53.732,1,Aug 04 2018 01: +0,1533340800
58.11,2,Aug 05 2018 01: +0,1533427200
55.567,2,Aug 06 2018 01: +0,1533513600
53.241,1,Aug 07 2018 01: +0,1533600000
61.73,1,Aug 08 2018 01: +0,1533686400
48.811,1,Aug 10 2018 01: +0,1533859200
52.935,2,Aug 11 2018 01: +0,1533945600
59.276,2,Aug 12 2018 01: +0,1534032000
56.777,2,Aug 13 2018 01: +0,1534118400
60.278,2,Aug 14 2018 01: +0,1534204800
61.539,1,Aug 15 2018 01: +0,1534291200
59.558,1,Aug 16 2018 01: +0,1534377600
49.597,1,Aug 17 2018 01: +0,1534464000
54.142,2,Aug 18 2018 01: +0,1534550400
52.414,2,Aug 19 2018 01: +0,1534636800
56.567,2,Aug 20 2018 01: +0,1534723200
58.086,2,Aug 21 2018 01: +0,1534809600
57.571,3,Aug 22 2018 01: +0,1534896000
52.575,1,Aug 23 2018 01: +0,1534982400
56.166,4,Aug 24 2018 01: +0,1535068800
59.516,1,Aug 25 2018 01: +0,1535155200
54.261,2,Aug 26 2018 01: +0,1535241600
57.734,2,Aug 27 2018 01: +0,1535328000
57.727,1,Aug 28 2018 01: +0,1535414400
47.169,1,Aug 29 2018 01: +0,1535500800
50.276,4,Aug 30 2018 01: +0,1535587200
54.274,3,Aug 31 2018 01: +0,1535673600
49.478,4,Sep 01 2018 01: +0,1535760000
53.134,3,Sep 02 2018 01: +0,1535846400
55.961,2,Sep 03 2018 01: +0,1535932800
54.78,6,Sep 04 2018 01: +0,1536019200
48.278,2,Sep 05 2018 01: +0,1536105600
59.048,2,Sep 06 2018 01: +0,1536192000
54.187,3,Sep 07 2018 01: +0,1536278400
59.37,2,Sep 08 2018 01: +0,1536364800
61.43,2,Sep 09 2018 01: +0,1536451200
61.76,1,Sep 10 2018 01: +0,1536537600
59.079,1,Sep 11 2018 01: +0,1536624000
62.687,2,Sep 12 2018 01: +0,1536710400
57.391,2,Sep 13 2018 01: +0,1536796800
57.198,3,Sep 16 2018 01: +0,1537056000
57.132,4,Sep 17 2018 01: +0,1537142400
61.02,2,Sep 18 2018 01: +0,1537228800
57.133,2,Sep 19 2018 01: +0,1537315200
54.323,1,Sep 21 2018 01: +0,1537488000
56.348,6,Sep 22 2018 01: +0,1537574400
60.954,2,Sep 23 2018 01: +0,1537660800
60.939,6,Sep 25 2018 01: +0,1537833600
63.839,2,Sep 26 2018 01: +0,1537920000
67.522,1,Sep 27 2018 01: +0,1538006400
67.226,1,Sep 28 2018 01: +0,1538092800
62.354,4,Oct 01 2018 01: +0,1538352000
57.22,2,Oct 02 2018 01: +0,1538438400
67.823,1,Oct 03 2018 01: +0,1538524800
59.309,4,Oct 04 2018 01: +0,1538611200
59.308,3,Oct 05 2018 01: +0,1538697600
64.788,1,Oct 06 2018 01: +0,1538784000
64.514,1,Oct 07 2018 01: +0,1538870400
62.23,2,Oct 08 2018 01: +0,1538956800
66.983,3,Oct 09 2018 01: +0,1539043200
59.801,1,Oct 10 2018 01: +0,1539129600
62.178,2,Oct 11 2018 01: +0,1539216000
58.374,1,Oct 12 2018 01: +0,1539302400
65.785,2,Oct 13 2018 01: +0,1539388800
66.276,1,Oct 14 2018 01: +0,1539475200
61.722,3,Oct 15 2018 01: +0,1539561600
67.901,1,Oct 16 2018 01: +0,1539648000
63.337,1,Oct 17 2018 01: +0,1539734400
63.446,3,Oct 18 2018 01: +0,1539820800
64.241,3,Oct 19 2018 01: +0,1539907200
62.1,3,Oct 21 2018 01: +0,1540080000
71.277,1,Oct 22 2018 01: +0,1540166400
72.729,1,Oct 23 2018 01: +0,1540252800
67.681,2,Oct 26 2018 01: +0,1540512000
54.428,1,Oct 27 2018 01: +0,1540598400
62.752,2,Oct 28 2018 01: +0,1540684800
71.221,1,Oct 29 2018 01: +0,1540774800
70.882,2,Oct 31 2018 01: +0,1540947600
62.299,2,Nov 01 2018 01: +0,1541034000
69.259,1,Nov 03 2018 01: +0,1541206800
66.542,1,Nov 04 2018 01: +0,1541293200
64.929,2,Nov 05 2018 01: +0,1541379600
70.549,1,Nov 07 2018 01: +0,1541552400
63.43,1,Nov 11 2018 01: +0,1541898000
63.147,3,Nov 12 2018 01: +0,1541984400
58.75,2,Nov 13 2018 01: +0,1542070800
54.703,1,Nov 14 2018 01: +0,1542157200
64.236,1,Nov 15 2018 01: +0,1542243600
64.359,2,Nov 17 2018 01: +0,1542416400
51.293,1,Nov 18 2018 01: +0,1542502800
54.029,1,Nov 20 2018 01: +0,1542675600
59.344,1,Nov 21 2018 01: +0,1542762000
43.336,1,Nov 22 2018 01: +0,1542848400
62.694,1,Nov 23 2018 01: +0,1542934800
60.988,1,Nov 24 2018 01: +0,1543021200
52.732,1,Nov 25 2018 01: +0,1543107600
55.122,2,Nov 26 2018 01: +0,1543194000
60.803,2,Nov 27 2018 01: +0,1543280400
65.122,1,Nov 28 2018 01: +0,1543366800
55.86,1,Nov 30 2018 01: +0,1543539600
57.741,4,Dec 01 2018 01: +0,1543626000
65.361,3,Dec 02 2018 01: +0,1543712400
65.505,2,Dec 03 2018 01: +0,1543798800
59.624,2,Dec 04 2018 01: +0,1543885200
58.583,3,Dec 08 2018 01: +0,1544230800
62.746,1,Dec 09 2018 01: +0,1544317200
61.146,1,Dec 10 2018 01: +0,1544403600
56.499,3,Dec 11 2018 01: +0,1544490000
55.011,3,Dec 12 2018 01: +0,1544576400
61.87,1,Dec 13 2018 01: +0,1544662800
62.039,1,Dec 14 2018 01: +0,1544749200
65.67,1,Dec 16 2018 01: +0,1544922000
63.145,1,Dec 17 2018 01: +0,1545008400
59.433,1,Dec 19 2018 01: +0,1545181200
52.865,1,Dec 20 2018 01: +0,1545267600
62.04,1,Dec 21 2018 01: +0,1545354000
62.051,1,Dec 22 2018 01: +0,1545440400
59.147,4,Dec 24 2018 01: +0,1545613200
67.268,2,Dec 25 2018 01: +0,1545699600
69.731,1,Dec 26 2018 01: +0,1545786000
66.03,3,Dec 27 2018 01: +0,1545872400
67.153,4,Dec 28 2018 01: +0,1545958800
73.307,2,Dec 29 2018 01: +0,1546045200
66.49,2,Jan 01 2019 01: +0,1546304400
67.832,2,Jan 02 2019 01: +0,1546390800
63.763,5,Jan 03 2019 01: +0,1546477200
62.948,2,Jan 04 2019 01: +0,1546563600
74.116,1,Jan 05 2019 01: +0,1546650000
62.413,2,Jan 06 2019 01: +0,1546736400
70.816,2,Jan 07 2019 01: +0,1546822800
69.234,2,Jan 08 2019 01: +0,1546909200
66.29,3,Jan 09 2019 01: +0,1546995600
69.203,1,Jan 10 2019 01: +0,1547082000
63.972,7,Jan 11 2019 01: +0,1547168400
62.037,1,Jan 12 2019 01: +0,1547254800
67.424,1,Jan 14 2019 01: +0,1547427600
70.437,1,Jan 17 2019 01: +0,1547686800
72.373,2,Jan 19 2019 01: +0,1547859600
68.738,1,Jan 20 2019 01: +0,1547946000
68.651,2,Jan 21 2019 01: +0,1548032400
71.472,1,Jan 23 2019 01: +0,1548205200
70.083,2,Jan 25 2019 01: +0,1548378000
66.778,1,Jan 26 2019 01: +0,1548464400
70.343,3,Jan 27 2019 01: +0,1548550800
76.847,2,Jan 29 2019 01: +0,1548723600
68.903,2,Jan 31 2019 01: +0,1548896400
78.44,2,Feb 01 2019 01: +0,1548982800
79.197,2,Feb 02 2019 01: +0,1549069200
62.141,2,Feb 05 2019 01: +0,1549328400
75.551,1,Feb 06 2019 01: +0,1549414800
65.277,1,Feb 11 2019 01: +0,1549846800
74.009,3,Feb 13 2019 01: +0,1550019600
63.701,1,Feb 14 2019 01: +0,1550106000
76.88,2,Feb 15 2019 01: +0,1550192400
56.802,1,Feb 16 2019 01: +0,1550278800
70.055,2,Feb 18 2019 01: +0,1550451600
76.75,1,Feb 19 2019 01: +0,1550538000
71.842,2,Feb 21 2019 01: +0,1550710800
73.726,1,Feb 22 2019 01: +0,1550797200
74.321,2,Feb 24 2019 01: +0,1550970000
65.686,1,Feb 25 2019 01: +0,1551056400
75.998,2,Feb 28 2019 01: +0,1551315600
64.95,1,Mar 02 2019 01: +0,1551488400
79.141,1,Mar 03 2019 01: +0,1551574800
72.833,2,Mar 04 2019 01: +0,1551661200
68.088,1,Mar 06 2019 01: +0,1551834000
65.214,1,Mar 07 2019 01: +0,1551920400
71.278,3,Mar 08 2019 01: +0,1552006800
62.679,2,Mar 12 2019 01: +0,1552352400
71.904,2,Mar 15 2019 01: +0,1552611600
79.254,2,Mar 16 2019 01: +0,1552698000
77.708,4,Mar 17 2019 01: +0,1552784400
72.7,2,Mar 19 2019 01: +0,1552957200
66.174,1,Mar 20 2019 01: +0,1553043600
71.79,1,Mar 22 2019 01: +0,1553216400
71.633,2,Mar 23 2019 01: +0,1553302800
76.919,1,Mar 24 2019 01: +0,1553389200
68.668,2,Mar 29 2019 01: +0,1553821200
68.623,3,Mar 30 2019 01: +0,1553907600
73.611,2,Mar 31 2019 01: +0,1553994000
58.729,1,Apr 02 2019 01: +0,1554163200
71.392,1,Apr 03 2019 01: +0,1554249600
70.749,3,Apr 04 2019 01: +0,1554336000
62.098,1,Apr 05 2019 01: +0,1554422400
69.032,2,Apr 06 2019 01: +0,1554508800
63.125,4,Apr 07 2019 01: +0,1554595200
71.973,1,Apr 08 2019 01: +0,1554681600
72.545,3,Apr 11 2019 01: +0,1554940800
73.178,4,Apr 12 2019 01: +0,1555027200
66.928,3,Apr 13 2019 01: +0,1555113600
71.087,1,Apr 14 2019 01: +0,1555200000
74.932,2,Apr 15 2019 01: +0,1555286400
77.029,2,Apr 16 2019 01: +0,1555372800
84.046,1,Apr 17 2019 01: +0,1555459200
64.122,1,Apr 20 2019 01: +0,1555718400
65.884,1,Apr 21 2019 01: +0,1555804800
74.752,2,Apr 23 2019 01: +0,1555977600
79.533,1,Apr 24 2019 01: +0,1556064000
69.267,4,Apr 28 2019 01: +0,1556409600
81.959,2,Apr 29 2019 01: +0,1556496000
67.231,1,May 01 2019 01: +0,1556668800
76.255,1,May 02 2019 01: +0,1556755200
78.861,3,May 05 2019 01: +0,1557014400
66.72,1,May 09 2019 01: +0,1557360000
64.908,2,May 10 2019 01: +0,1557446400
62.989,1,May 11 2019 01: +0,1557532800
62.476,1,May 12 2019 01: +0,1557619200
76.11,1,May 13 2019 01: +0,1557705600
77.889,1,May 14 2019 01: +0,1557792000
74.979,2,May 16 2019 01: +0,1557964800
77.999,1,May 17 2019 01: +0,1558051200
65.843,1,May 19 2019 01: +0,1558224000
78.859,1,May 21 2019 01: +0,1558396800
74.993,2,May 22 2019 01: +0,1558483200
70.549,2,May 25 2019 01: +0,1558742400
74.477,1,May 26 2019 01: +0,1558828800
73.412,1,May 27 2019 01: +0,1558915200
75.164,1,May 28 2019 01: +0,1559001600
67.53,2,May 31 2019 01: +0,1559260800
74.26,1,Jun 03 2019 01: +0,1559520000
80.299,2,Jun 04 2019 01: +0,1559606400
86.043,1,Jun 10 2019 01: +0,1560124800
70.086,3,Jun 11 2019 01: +0,1560211200
79.642,1,Jun 13 2019 01: +0,1560384000
74.559,4,Jun 14 2019 01: +0,1560470400
72.26,3,Jun 15 2019 01: +0,1560556800
71.667,3,Jun 16 2019 01: +0,1560643200
68.67,1,Jun 17 2019 01: +0,1560729600
76.721,4,Jun 18 2019 01: +0,1560816000
79.446,2,Jun 19 2019 01: +0,1560902400
83.227,2,Jun 20 2019 01: +0,1560988800
82.724,1,Jun 24 2019 01: +0,1561334400
71.114,1,Jun 25 2019 01: +0,1561420800
78.613,3,Jun 26 2019 01: +0,1561507200
66.174,1,Jun 29 2019 01: +0,1561766400
73.725,2,Jun 30 2019 01: +0,1561852800
80.837,1,Jul 02 2019 01: +0,1562025600
72.743,2,Jul 04 2019 01: +0,1562198400
77.585,2,Jul 05 2019 01: +0,1562284800
79.436,2,Jul 07 2019 01: +0,1562457600
67.892,1,Jul 08 2019 01: +0,1562544000
72.882,5,Jul 10 2019 01: +0,1562716800
83.094,1,Jul 11 2019 01: +0,1562803200
76.051,2,Jul 13 2019 01: +0,1562976000
82.035,1,Jul 14 2019 01: +0,1563062400
83.689,1,Jul 15 2019 01: +0,1563148800
77.925,2,Jul 16 2019 01: +0,1563235200
79.164,5,Jul 17 2019 01: +0,1563321600
79.15,2,Jul 18 2019 01: +0,1563408000
84.951,1,Jul 19 2019 01: +0,1563494400
79.168,2,Jul 20 2019 01: +0,1563580800
89.533,1,Jul 21 2019 01: +0,1563667200
68.631,1,Jul 22 2019 01: +0,1563753600
73.031,1,Jul 23 2019 01: +0,1563840000
75.43,3,Jul 24 2019 01: +0,1563926400
79.514,2,Jul 25 2019 01: +0,1564012800
82.354,3,Jul 28 2019 01: +0,1564272000
76.191,1,Jul 29 2019 01: +0,1564358400
85.603,1,Aug 01 2019 01: +0,1564617600
82.579,1,Aug 02 2019 01: +0,1564704000
83.967,1,Aug 03 2019 01: +0,1564790400
75.589,4,Aug 04 2019 01: +0,1564876800
86.917,3,Aug 07 2019 01: +0,1565136000
88.882,3,Aug 09 2019 01: +0,1565308800
76.591,3,Aug 10 2019 01: +0,1565395200
81.928,2,Aug 11 2019 01: +0,1565481600
91.644,1,Aug 12 2019 01: +0,1565568000
88.025,2,Aug 16 2019 01: +0,1565913600
92.408,1,Aug 18 2019 01: +0,1566086400
86.989,1,Aug 21 2019 01: +0,1566345600
86.464,1,Aug 24 2019 01: +0,1566604800
80.329,1,Aug 25 2019 01: +0,1566691200
89.146,1,Aug 26 2019 01: +0,1566777600
73.982,1,Aug 28 2019 01: +0,1566950400
87.676,1,Aug 29 2019 01: +0,1567036800
73.074,1,Aug 30 2019 01: +0,1567123200
89.2,1,Aug 31 2019 01: +0,1567209600
91.144,1,Sep 03 2019 01: +0,1567468800
97.086,1,Sep 04 2019 01: +0,1567555200
83.199,1,Sep 10 2019 01: +0,1568073600
86.018,1,Sep 11 2019 01: +0,1568160000
86.974,3,Sep 12 2019 01: +0,1568246400
86.853,2,Sep 14 2019 01: +0,1568419200
76.009,2,Sep 16 2019 01: +0,1568592000
88.847,1,Sep 18 2019 01: +0,1568764800
79.4,1,Sep 21 2019 01: +0,1569024000
88.879,2,Sep 22 2019 01: +0,1569110400
93.45,1,Sep 23 2019 01: +0,1569196800
90.932,1,Sep 25 2019 01: +0,1569369600
79.42,1,Sep 26 2019 01: +0,1569456000
90.746,2,Sep 27 2019 01: +0,1569542400
78.234,1,Sep 29 2019 01: +0,1569715200
97.083,1,Oct 03 2019 01: +0,1570060800
90.304,2,Oct 04 2019 01: +0,1570147200
81.615,1,Oct 05 2019 01: +0,1570233600
86.526,2,Oct 06 2019 01: +0,1570320000
90.683,1,Oct 07 2019 01: +0,1570406400
93.831,1,Oct 09 2019 01: +0,1570579200
91.968,1,Oct 10 2019 01: +0,1570665600
91.195,3,Oct 11 2019 01: +0,1570752000
85.612,1,Oct 12 2019 01: +0,1570838400
86.967,3,Oct 15 2019 01: +0,1571097600
92.284,1,Oct 16 2019 01: +0,1571184000
79.246,1,Oct 18 2019 01: +0,1571356800
95.328,1,Oct 19 2019 01: +0,1571443200
80.017,2,Oct 22 2019 01: +0,1571702400
78.197,4,Oct 23 2019 01: +0,1571788800
67.404,1,Oct 25 2019 01: +0,1571961600
84.808,1,Oct 26 2019 01: +0,1572048000
96.228,1,Oct 27 2019 01: +0,1572134400
63.783,2,Oct 28 2019 01: +0,1572224400
49.256,1,Nov 04 2019 01: +0,1572829200
87.003,1,Nov 07 2019 01: +0,1573088400
88.243,2,Nov 08 2019 01: +0,1573174800
82.506,2,Nov 10 2019 01: +0,1573347600
89.584,3,Nov 11 2019 01: +0,1573434000
99.558,1,Nov 12 2019 01: +0,1573520400
92.039,1,Nov 14 2019 01: +0,1573693200
73.178,2,Nov 15 2019 01: +0,1573779600
103.862,1,Nov 17 2019 01: +0,1573952400
105.506,1,Nov 18 2019 01: +0,1574038800
72.599,5,Nov 19 2019 01: +0,1574125200
69.523,2,Nov 20 2019 01: +0,1574211600
64.739,1,Nov 21 2019 01: +0,1574298000
64.567,1,Nov 23 2019 01: +0,1574470800
63.05,1,Nov 24 2019 01: +0,1574557200
80.989,1,Nov 26 2019 01: +0,1574730000
81.329,1,Nov 28 2019 01: +0,1574902800
74.961,4,Dec 01 2019 01: +0,1575162000
77.684,2,Dec 02 2019 01: +0,1575248400
75.704,1,Dec 03 2019 01: +0,1575334800
67.368,2,Dec 04 2019 01: +0,1575421200
79.565,1,Dec 06 2019 01: +0,1575594000
59.615,1,Dec 08 2019 01: +0,1575766800
82.645,1,Dec 11 2019 01: +0,1576026000
79.963,3,Dec 12 2019 01: +0,1576112400
80.562,2,Dec 14 2019 01: +0,1576285200
79.311,2,Dec 16 2019 01: +0,1576458000
87.531,1,Dec 17 2019 01: +0,1576544400
79.86,2,Dec 18 2019 01: +0,1576630800
71.631,1,Dec 20 2019 01: +0,1576803600
86.524,2,Dec 21 2019 01: +0,1576890000
91.173,1,Dec 25 2019 01: +0,1577235600
88.364,2,Dec 27 2019 01: +0,1577408400
88.531,3,Dec 28 2019 01: +0,1577494800
95.085,1,Dec 29 2019 01: +0,1577581200
89.529,3,Dec 30 2019 01: +0,1577667600
88.098,2,Dec 31 2019 01: +0,1577754000
87.819,1,Jan 01 2020 01: +0,1577840400
87.178,2,Jan 03 2020 01: +0,1578013200
81.721,1,Jan 05 2020 01: +0,1578186000
104.864,2,Jan 06 2020 01: +0,1578272400
105.702,1,Jan 11 2020 01: +0,1578704400
101.126,1,Jan 12 2020 01: +0,1578790800
99.724,1,Jan 15 2020 01: +0,1579050000
85.235,1,Jan 16 2020 01: +0,1579136400
93.604,2,Jan 17 2020 01: +0,1579222800
98.644,2,Jan 19 2020 01: +0,1579395600
94.497,2,Jan 20 2020 01: +0,1579482000
100.387,2,Jan 24 2020 01: +0,1579827600
77.813,1,Jan 25 2020 01: +0,1579914000
89.892,2,Jan 27 2020 01: +0,1580086800
89.313,1,Jan 31 2020 01: +0,1580432400
83.634,2,Feb 02 2020 01: +0,1580605200
93.719,2,Feb 03 2020 01: +0,1580691600
81.076,1,Feb 05 2020 01: +0,1580864400
93.542,1,Feb 06 2020 01: +0,1580950800
92.701,1,Feb 07 2020 01: +0,1581037200
93.479,1,Feb 08 2020 01: +0,1581123600
81.098,1,Feb 09 2020 01: +0,1581210000
97.259,2,Feb 10 2020 01: +0,1581296400
79.921,3,Feb 11 2020 01: +0,1581382800
92.662,3,Feb 12 2020 01: +0,1581469200
88.203,2,Feb 13 2020 01: +0,1581555600
88.508,2,Feb 14 2020 01: +0,1581642000
90.43,2,Feb 15 2020 01: +0,1581728400
96.508,1,Feb 16 2020 01: +0,1581814800
93.909,1,Feb 17 2020 01: +0,1581901200
80.994,1,Feb 20 2020 01: +0,1582160400
83.312,1,Feb 23 2020 01: +0,1582419600
87.474,1,Feb 24 2020 01: +0,1582506000
96.336,2,Feb 26 2020 01: +0,1582678800
84.324,4,Feb 28 2020 01: +0,1582851600
97.865,1,Feb 29 2020 01: +0,1582938000
85.236,2,Mar 01 2020 01: +0,1583024400
101.264,1,Mar 02 2020 01: +0,1583110800
85.83,2,Mar 03 2020 01: +0,1583197200
85.937,2,Mar 04 2020 01: +0,1583283600
88.865,2,Mar 05 2020 01: +0,1583370000
91.973,1,Mar 06 2020 01: +0,1583456400
95.008,2,Mar 07 2020 01: +0,1583542800
85.51,2,Mar 08 2020 01: +0,1583629200
98.26,1,Mar 09 2020 01: +0,1583715600
79.679,2,Mar 11 2020 01: +0,1583888400
90.111,2,Mar 12 2020 01: +0,1583974800
91.943,1,Mar 13 2020 01: +0,1584061200
90.514,1,Mar 14 2020 01: +0,1584147600
87.515,6,Mar 15 2020 01: +0,1584234000
89.727,2,Mar 18 2020 01: +0,1584493200
85.113,2,Mar 19 2020 01: +0,1584579600
86.611,1,Mar 20 2020 01: +0,1584666000
81.725,2,Mar 21 2020 01: +0,1584752400
89.441,1,Mar 22 2020 01: +0,1584838800
84.328,3,Mar 23 2020 01: +0,1584925200
80.594,2,Mar 26 2020 01: +0,1585184400
84.802,3,Mar 28 2020 01: +0,1585357200
80.201,3,Apr 01 2020 01: +0,1585699200
72.322,4,Apr 02 2020 01: +0,1585785600
87.958,2,Apr 03 2020 01: +0,1585872000
87.647,2,Apr 05 2020 01: +0,1586044800
82.139,3,Apr 07 2020 01: +0,1586217600
84.328,2,Apr 08 2020 01: +0,1586304000
90.196,3,Apr 09 2020 01: +0,1586390400
85.215,4,Apr 11 2020 01: +0,1586563200
86.229,2,Apr 12 2020 01: +0,1586649600
82.232,3,Apr 13 2020 01: +0,1586736000
89.934,4,Apr 14 2020 01: +0,1586822400
94.367,1,Apr 16 2020 01: +0,1586995200
93.748,1,Apr 18 2020 01: +0,1587168000
93.443,1,Apr 19 2020 01: +0,1587254400
95.41,3,Apr 20 2020 01: +0,1587340800
83.235,2,Apr 21 2020 01: +0,1587427200
118.131,1,Apr 22 2020 01: +0,1587513600
84.872,1,Apr 25 2020 01: +0,1587772800
99.231,1,Apr 27 2020 01: +0,1587945600
102.738,1,Apr 29 2020 01: +0,1588118400
96.144,2,May 04 2020 01: +0,1588550400
104.401,1,May 06 2020 01: +0,1588723200
103.405,1,May 09 2020 01: +0,1588982400
94.37,2,May 10 2020 01: +0,1589068800
90.996,1,May 11 2020 01: +0,1589155200
86.026,1,May 12 2020 01: +0,1589241600
87.563,4,May 14 2020 01: +0,1589414400
87.253,1,May 15 2020 01: +0,1589500800
106.075,1,May 16 2020 01: +0,1589587200
86.147,2,May 17 2020 01: +0,1589673600
94.324,2,May 19 2020 01: +0,1589846400
104.567,2,May 20 2020 01: +0,1589932800
101.915,1,May 22 2020 01: +0,1590105600
104.348,1,May 24 2020 01: +0,1590278400
105.706,2,May 25 2020 01: +0,1590364800
91.547,2,May 27 2020 01: +0,1590537600
91.883,4,May 28 2020 01: +0,1590624000
84.831,1,May 29 2020 01: +0,1590710400
95.879,2,Jun 01 2020 01: +0,1590969600
84.568,2,Jun 03 2020 01: +0,1591142400
99.611,2,Jun 04 2020 01: +0,1591228800
92.534,2,Jun 06 2020 01: +0,1591401600
91.099,2,Jun 07 2020 01: +0,1591488000
90.929,1,Jun 09 2020 01: +0,1591660800
82.138,1,Jun 11 2020 01: +0,1591833600
97.132,2,Jun 13 2020 01: +0,1592006400
102.176,1,Jun 15 2020 01: +0,1592179200
91.564,2,Jun 17 2020 01: +0,1592352000
96.434,2,Jun 18 2020 01: +0,1592438400
93.443,2,Jun 21 2020 01: +0,1592697600
96.629,2,Jun 23 2020 01: +0,1592870400
92.057,2,Jun 25 2020 01: +0,1593043200
81.692,1,Jun 26 2020 01: +0,1593129600
89.814,1,Jun 28 2020 01: +0,1593302400
84.695,2,Jun 30 2020 01: +0,1593475200
92.99,2,Jul 02 2020 01: +0,1593648000
99.31,1,Jul 04 2020 01: +0,1593820800
93.313,2,Jul 06 2020 01: +0,1593993600
98.128,1,Jul 07 2020 01: +0,1594080000
85.321,1,Jul 09 2020 01: +0,1594252800
94.902,1,Jul 13 2020 01: +0,1594598400
95.418,1,Jul 17 2020 01: +0,1594944000
90.335,1,Jul 18 2020 01: +0,1595030400
95.676,2,Jul 19 2020 01: +0,1595116800
82.659,1,Jul 20 2020 01: +0,1595203200
101.161,1,Jul 21 2020 01: +0,1595289600
88.074,1,Jul 23 2020 01: +0,1595462400
100.74,1,Jul 24 2020 01: +0,1595548800
102.82,1,Jul 26 2020 01: +0,1595721600
95.983,3,Jul 28 2020 01: +0,1595894400
93.945,2,Jul 30 2020 01: +0,1596067200
103.696,1,Jul 31 2020 01: +0,1596153600
90.852,1,Aug 01 2020 01: +0,1596240000
105.043,1,Aug 02 2020 01: +0,1596326400
79.408,1,Aug 03 2020 01: +0,1596412800
94.174,2,Aug 05 2020 01: +0,1596585600
98.816,1,Aug 07 2020 01: +0,1596758400
95.926,4,Aug 08 2020 01: +0,1596844800
87.204,1,Aug 10 2020 01: +0,1597017600
86.373,1,Aug 12 2020 01: +0,1597190400
91.31,1,Aug 13 2020 01: +0,1597276800
95.322,5,Aug 14 2020 01: +0,1597363200
83.658,1,Aug 16 2020 01: +0,1597536000
78.896,1,Aug 19 2020 01: +0,1597795200
89.805,1,Aug 20 2020 01: +0,1597881600
91.65,3,Aug 21 2020 01: +0,1597968000
94.582,1,Aug 24 2020 01: +0,1598227200
89.997,1,Aug 25 2020 01: +0,1598313600
96.281,1,Aug 26 2020 01: +0,1598400000
77.208,1,Aug 27 2020 01: +0,1598486400
87.709,2,Sep 02 2020 01: +0,1599004800
101.337,1,Sep 03 2020 01: +0,1599091200
92.539,1,Sep 04 2020 01: +0,1599177600
79.37,1,Sep 05 2020 01: +0,1599264000
90.683,1,Sep 08 2020 01: +0,1599523200
78.135,1,Sep 10 2020 01: +0,1599696000
99.413,2,Sep 13 2020 01: +0,1599955200
80.278,1,Sep 15 2020 01: +0,1600128000
84.219,1,Sep 19 2020 01: +0,1600473600
81.063,2,Sep 20 2020 01: +0,1600560000
90.125,1,Sep 21 2020 01: +0,1600646400
90.586,1,Sep 23 2020 01: +0,1600819200
85.092,2,Sep 24 2020 01: +0,1600905600
85.914,2,Sep 25 2020 01: +0,1600992000
87.052,1,Sep 29 2020 01: +0,1601337600
85.239,2,Oct 01 2020 01: +0,1601510400
93.702,2,Oct 02 2020 01: +0,1601596800
83.95,1,Oct 04 2020 01: +0,1601769600
87.676,3,Oct 05 2020 01: +0,1601856000
84.19,1,Oct 13 2020 01: +0,1602547200
85.976,1,Oct 15 2020 01: +0,1602720000
92.056,1,Oct 16 2020 01: +0,1602806400
86.984,1,Oct 17 2020 01: +0,1602892800
77.597,1,Oct 19 2020 01: +0,1603065600
89.695,3,Oct 21 2020 01: +0,1603238400
96.463,1,Oct 22 2020 01: +0,1603324800
81.667,1,Oct 24 2020 01: +0,1603497600
90.696,3,Oct 25 2020 01: +0,1603584000
82.734,1,Oct 30 2020 01: +0,1604019600
82.949,1,Oct 31 2020 01: +0,1604106000
83.023,1,Nov 01 2020 01: +0,1604192400
104.126,1,Nov 05 2020 01: +0,1604538000
91.707,1,Nov 11 2020 01: +0,1605056400
89.029,2,Nov 13 2020 01: +0,1605229200
93.902,1,Nov 14 2020 01: +0,1605315600
95.279,1,Nov 16 2020 01: +0,1605488400
101.622,1,Nov 19 2020 01: +0,1605747600
89.963,1,Nov 20 2020 01: +0,1605834000
113.296,1,Nov 22 2020 01: +0,1606006800
82.088,1,Nov 24 2020 01: +0,1606179600
80.889,1,Nov 27 2020 01: +0,1606438800
77.089,1,Nov 28 2020 01: +0,1606525200
77.751,2,Nov 29 2020 01: +0,1606611600
82.835,1,Nov 30 2020 01: +0,1606698000
81.59,3,Dec 01 2020 01: +0,1606784400
85.432,1,Dec 02 2020 01: +0,1606870800
87.47,1,Dec 03 2020 01: +0,1606957200
77.054,2,Dec 05 2020 01: +0,1607130000
69.797,1,Dec 06 2020 01: +0,1607216400
78.645,3,Dec 07 2020 01: +0,1607302800
72.548,2,Dec 09 2020 01: +0,1607475600
66.963,1,Dec 10 2020 01: +0,1607562000
82.285,4,Dec 12 2020 01: +0,1607734800
85.182,2,Dec 14 2020 01: +0,1607907600
68.217,1,Dec 15 2020 01: +0,1607994000
71.393,1,Dec 17 2020 01: +0,1608166800
84.214,1,Dec 19 2020 01: +0,1608339600
82.167,4,Dec 20 2020 01: +0,1608426000
88.863,2,Dec 24 2020 01: +0,1608771600
87.115,1,Dec 25 2020 01: +0,1608858000
92.521,1,Dec 26 2020 01: +0,1608944400
92.12,1,Dec 27 2020 01: +0,1609030800
76.679,3,Dec 28 2020 01: +0,1609117200
90.187,1,Dec 29 2020 01: +0,1609203600
85.714,2,Dec 30 2020 01: +0,1609290000
91.002,3,Dec 31 2020 01: +0,1609376400
79.373,2,Jan 02 2021 01: +0,1609549200
92.017,3,Jan 03 2021 01: +0,1609635600
96.252,3,Jan 04 2021 01: +0,1609722000
100.369,3,Jan 05 2021 01: +0,1609808400
98.58,1,Jan 06 2021 01: +0,1609894800
92.615,2,Jan 08 2021 01: +0,1610067600
96.951,2,Jan 09 2021 01: +0,1610154000
89.467,1,Jan 10 2021 01: +0,1610240400
99.273,1,Jan 11 2021 01: +0,1610326800
106.983,1,Jan 12 2021 01: +0,1610413200
87.606,1,Jan 13 2021 01: +0,1610499600
106.005,2,Jan 14 2021 01: +0,1610586000
100.213,1,Jan 15 2021 01: +0,1610672400
108.44,1,Jan 16 2021 01: +0,1610758800
83.604,1,Jan 17 2021 01: +0,1610845200
90.946,2,Jan 19 2021 01: +0,1611018000
98.114,2,Jan 20 2021 01: +0,1611104400
95.779,3,Jan 21 2021 01: +0,1611190800
90.594,1,Jan 23 2021 01: +0,1611363600
103.778,1,Jan 24 2021 01: +0,1611450000
95.637,3,Jan 26 2021 01: +0,1611622800
90.332,1,Jan 27 2021 01: +0,1611709200
85.243,3,Jan 28 2021 01: +0,1611795600
100.763,1,Jan 29 2021 01: +0,1611882000
107.53,1,Jan 30 2021 01: +0,1611968400
95.433,2,Feb 04 2021 01: +0,1612400400
93.134,4,Feb 05 2021 01: +0,1612486800
89.469,3,Feb 06 2021 01: +0,1612573200
90.367,3,Feb 07 2021 01: +0,1612659600
102.359,2,Feb 09 2021 01: +0,1612832400
87.269,1,Feb 10 2021 01: +0,1612918800
96.271,3,Feb 11 2021 01: +0,1613005200
95.81,2,Feb 12 2021 01: +0,1613091600
89.648,1,Feb 13 2021 01: +0,1613178000
109.502,1,Feb 15 2021 01: +0,1613350800
101.404,1,Feb 19 2021 01: +0,1613696400
95.189,1,Feb 20 2021 01: +0,1613782800
82.444,1,Feb 23 2021 01: +0,1614042000
99.771,2,Feb 24 2021 01: +0,1614128400
98.512,3,Feb 25 2021 01: +0,1614214800
90.707,2,Mar 01 2021 01: +0,1614560400
94.688,1,Mar 02 2021 01: +0,1614646800
105.599,1,Mar 03 2021 01: +0,1614733200
105.156,1,Mar 06 2021 01: +0,1614992400
95.118,1,Mar 09 2021 01: +0,1615251600
105.233,1,Mar 10 2021 01: +0,1615338000
88.731,1,Mar 11 2021 01: +0,1615424400
99.48,2,Mar 14 2021 01: +0,1615683600
102.053,1,Mar 15 2021 01: +0,1615770000
98.866,2,Mar 16 2021 01: +0,1615856400
108.25,2,Mar 17 2021 01: +0,1615942800
100.456,2,Mar 18 2021 01: +0,1616029200
118.724,1,Mar 19 2021 01: +0,1616115600
107.577,2,Mar 21 2021 01: +0,1616288400
116.049,1,Mar 22 2021 01: +0,1616374800
92.781,1,Mar 24 2021 01: +0,1616547600
100.83,2,Mar 25 2021 01: +0,1616634000
94.733,1,Mar 27 2021 01: +0,1616806800
92.552,1,Mar 28 2021 01: +0,1616893200
100.608,1,Mar 30 2021 01: +0,1617062400
101.196,2,Mar 31 2021 01: +0,1617148800
55.991,2,Apr 02 2021 01: +0,1617321600
109.933,3,Apr 03 2021 01: +0,1617408000
111.663,1,Apr 05 2021 01: +0,1617580800
106.907,2,Apr 07 2021 01: +0,1617753600
102.583,2,Apr 08 2021 01: +0,1617840000
104.637,1,Apr 09 2021 01: +0,1617926400
108.608,2,Apr 10 2021 01: +0,1618012800
103.169,2,Apr 12 2021 01: +0,1618185600
100.874,2,Apr 13 2021 01: +0,1618272000
100.39,3,Apr 14 2021 01: +0,1618358400
112.38,1,Apr 15 2021 01: +0,1618444800
109.364,4,Apr 16 2021 01: +0,1618531200
97.094,1,Apr 17 2021 01: +0,1618617600
97.094,1,Apr 18 2021 01: +0,1618704000
95.125,1,Apr 22 2021 01: +0,1619049600
115.496,1,Apr 23 2021 01: +0,1619136000
115.85,1,Apr 25 2021 01: +0,1619308800
104.744,1,Apr 26 2021 01: +0,1619395200
93.883,1,Apr 28 2021 01: +0,1619568000
95.1,1,Apr 29 2021 01: +0,1619654400
94.222,1,Apr 30 2021 01: +0,1619740800
108.496,1,May 06 2021 01: +0,1620259200
115.487,1,May 07 2021 01: +0,1620345600
97.904,4,May 08 2021 01: +0,1620432000
101.577,1,May 12 2021 01: +0,1620777600
101.68,2,May 13 2021 01: +0,1620864000
95.861,1,May 15 2021 01: +0,1621036800
105.354,1,May 16 2021 01: +0,1621123200
114.02,1,May 19 2021 01: +0,1621382400
106.721,1,May 21 2021 01: +0,1621555200
95.787,1,May 22 2021 01: +0,1621641600
96.275,1,May 23 2021 01: +0,1621728000
111.716,1,May 24 2021 01: +0,1621814400
114.983,2,May 25 2021 01: +0,1621900800
119.511,1,May 27 2021 01: +0,1622073600
103.827,3,May 29 2021 01: +0,1622246400
96.481,1,Jun 01 2021 01: +0,1622505600
96.01,2,Jun 02 2021 01: +0,1622592000
113.365,5,Jun 04 2021 01: +0,1622764800
93.71,1,Jun 06 2021 01: +0,1622937600
92.619,1,Jun 07 2021 01: +0,1623024000
111.652,1,Jun 09 2021 01: +0,1623196800
111.659,1,Jun 11 2021 01: +0,1623369600
95.456,1,Jun 13 2021 01: +0,1623542400
112.977,1,Jun 15 2021 01: +0,1623715200
107.194,1,Jun 20 2021 01: +0,1624147200
95.756,2,Jun 21 2021 01: +0,1624233600
88.871,1,Jun 27 2021 01: +0,1624752000
99.247,4,Jun 28 2021 01: +0,1624838400
92.61,1,Jun 29 2021 01: +0,1624924800
92.07,1,Jul 01 2021 01: +0,1625097600
92.12,3,Jul 04 2021 01: +0,1625356800
100.213,2,Jul 05 2021 01: +0,1625443200
103.665,1,Jul 06 2021 01: +0,1625529600
95.37,2,Jul 08 2021 01: +0,1625702400
101.3,1,Jul 10 2021 01: +0,1625875200
104.02,1,Jul 12 2021 01: +0,1626048000
82.784,2,Jul 16 2021 01: +0,1626393600
82.999,1,Jul 17 2021 01: +0,1626480000
97.635,1,Jul 18 2021 01: +0,1626566400
94.487,3,Jul 22 2021 01: +0,1626912000
88.532,1,Jul 23 2021 01: +0,1626998400
97.841,1,Jul 26 2021 01: +0,1627257600
109.537,2,Jul 27 2021 01: +0,1627344000
88.334,1,Jul 30 2021 01: +0,1627603200
92.72,1,Aug 03 2021 01: +0,1627948800
91.105,1,Aug 07 2021 01: +0,1628294400
109.821,1,Aug 08 2021 01: +0,1628380800
102.884,2,Aug 10 2021 01: +0,1628553600
91.345,1,Aug 11 2021 01: +0,1628640000
92.496,1,Aug 13 2021 01: +0,1628812800
102.193,1,Aug 14 2021 01: +0,1628899200
90.842,1,Aug 15 2021 01: +0,1628985600
82.734,1,Aug 16 2021 01: +0,1629072000
91.296,1,Aug 20 2021 01: +0,1629417600
83.28,1,Aug 21 2021 01: +0,1629504000
86.914,1,Aug 22 2021 01: +0,1629590400
88.97,1,Aug 23 2021 01: +0,1629676800
80.203,1,Aug 25 2021 01: +0,1629849600
84.819,1,Aug 26 2021 01: +0,1629936000
84.727,1,Aug 27 2021 01: +0,1630022400
74.826,1,Aug 28 2021 01: +0,1630108800
93.508,1,Aug 30 2021 01: +0,1630281600
84.759,2,Aug 31 2021 01: +0,1630368000
94.653,1,Sep 01 2021 01: +0,1630454400
103.164,1,Sep 02 2021 01: +0,1630540800
97.391,2,Sep 04 2021 01: +0,1630713600
103.284,1,Sep 05 2021 01: +0,1630800000
102.831,1,Sep 07 2021 01: +0,1630972800
92.329,2,Sep 10 2021 01: +0,1631232000
98.93,1,Sep 11 2021 01: +0,1631318400
101.345,1,Sep 13 2021 01: +0,1631491200
87.096,1,Sep 14 2021 01: +0,1631577600
100.712,1,Sep 15 2021 01: +0,1631664000
101.088,1,Sep 19 2021 01: +0,1632009600
72.423,2,Sep 24 2021 01: +0,1632441600
93.044,1,Sep 25 2021 01: +0,1632528000
91.062,1,Sep 28 2021 01: +0,1632787200
72.998,1,Sep 29 2021 01: +0,1632873600
86.845,2,Sep 30 2021 01: +0,1632960000
90.18,1,Oct 03 2021 01: +0,1633219200
84.288,4,Oct 04 2021 01: +0,1633305600
95.221,2,Oct 05 2021 01: +0,1633392000
85.589,2,Oct 09 2021 01: +0,1633737600
102.245,1,Oct 10 2021 01: +0,1633824000
90.941,2,Oct 12 2021 01: +0,1633996800
85.078,2,Oct 17 2021 01: +0,1634428800
96.746,4,Oct 19 2021 01: +0,1634601600
100.999,2,Oct 22 2021 01: +0,1634860800
85.894,2,Oct 23 2021 01: +0,1634947200
82.759,1,Oct 25 2021 01: +0,1635120000
80.615,1,Oct 27 2021 01: +0,1635292800
82.8,1,Oct 28 2021 01: +0,1635379200
80.802,2,Oct 29 2021 01: +0,1635465600
90.41,1,Oct 31 2021 01: +0,1635638400
89.118,1,Nov 02 2021 01: +0,1635814800
88.182,3,Nov 03 2021 01: +0,1635901200
85.53,2,Nov 05 2021 01: +0,1636074000
88.0,2,Nov 08 2021 01: +0,1636333200
78.781,2,Nov 10 2021 01: +0,1636506000
88.11,1,Nov 11 2021 01: +0,1636592400
85.269,2,Nov 12 2021 01: +0,1636678800
91.788,2,Nov 13 2021 01: +0,1636765200
80.727,3,Nov 14 2021 01: +0,1636851600
89.975,1,Nov 16 2021 01: +0,1637024400
79.694,2,Nov 17 2021 01: +0,1637110800
100.727,1,Nov 19 2021 01: +0,1637283600
79.905,1,Nov 21 2021 01: +0,1637456400
94.674,2,Nov 24 2021 01: +0,1637715600
78.929,1,Nov 26 2021 01: +0,1637888400
93.2,1,Nov 29 2021 01: +0,1638147600
96.963,2,Dec 04 2021 01: +0,1638579600
80.892,1,Dec 07 2021 01: +0,1638838800
92.058,2,Dec 08 2021 01: +0,1638925200
101.531,3,Dec 10 2021 01: +0,1639098000
82.643,1,Dec 17 2021 01: +0,1639702800
99.173,1,Dec 20 2021 01: +0,1639962000
102.777,1,Dec 21 2021 01: +0,1640048400
93.736,2,Dec 24 2021 01: +0,1640307600
106.406,1,Dec 25 2021 01: +0,1640394000
101.908,1,Dec 26 2021 01: +0,1640480400
104.447,1,Dec 28 2021 01: +0,1640653200
108.895,1,Dec 31 2021 01: +0,1640912400
88.356,3,Jan 01 2022 01: +0,1640998800
93.977,2,Jan 02 2022 01: +0,1641085200
87.998,1,Jan 04 2022 01: +0,1641258000
107.297,1,Jan 05 2022 01: +0,1641344400
103.914,1,Jan 08 2022 01: +0,1641603600
104.813,2,Jan 11 2022 01: +0,1641862800
105.056,1,Jan 12 2022 01: +0,1641949200
92.933,1,Jan 15 2022 01: +0,1642208400
98.952,2,Jan 18 2022 01: +0,1642467600
91.411,1,Jan 22 2022 01: +0,1642813200
101.243,1,Jan 23 2022 01: +0,1642899600
102.892,1,Jan 24 2022 01: +0,1642986000
95.383,2,Jan 25 2022 01: +0,1643072400
87.753,1,Jan 27 2022 01: +0,1643245200
101.289,2,Jan 28 2022 01: +0,1643331600
103.366,2,Jan 30 2022 01: +0,1643504400
97.168,1,Feb 01 2022 01: +0,1643677200
101.941,1,Feb 03 2022 01: +0,1643850000
95.922,3,Feb 05 2022 01: +0,1644022800
89.492,1,Feb 06 2022 01: +0,1644109200
103.759,3,Feb 07 2022 01: +0,1644195600
87.382,2,Feb 10 2022 01: +0,1644454800
113.154,1,Feb 11 2022 01: +0,1644541200
102.088,2,Feb 16 2022 01: +0,1644973200
91.527,1,Feb 17 2022 01: +0,1645059600
91.394,1,Feb 19 2022 01: +0,1645232400
107.094,1,Feb 20 2022 01: +0,1645318800
88.474,2,Feb 21 2022 01: +0,1645405200
98.9,1,Feb 23 2022 01: +0,1645578000
88.772,1,Feb 24 2022 01: +0,1645664400
97.68,4,Feb 26 2022 01: +0,1645837200
106.707,1,Mar 01 2022 01: +0,1646096400
107.79,1,Mar 03 2022 01: +0,1646269200
112.722,1,Mar 06 2022 01: +0,1646528400
96.126,1,Mar 07 2022 01: +0,1646614800
102.698,2,Mar 12 2022 01: +0,1647046800
103.913,3,Mar 13 2022 01: +0,1647133200
120.461,1,Mar 17 2022 01: +0,1647478800
98.955,1,Mar 18 2022 01: +0,1647565200
108.544,3,Mar 19 2022 01: +0,1647651600
113.428,1,Mar 24 2022 01: +0,1648083600
121.844,1,Mar 25 2022 01: +0,1648170000
115.218,2,Mar 26 2022 01: +0,1648256400
102.195,3,Mar 28 2022 01: +0,1648425600
125.103,1,Mar 29 2022 01: +0,1648512000
101.262,1,Mar 30 2022 01: +0,1648598400
124.32,1,Apr 01 2022 01: +0,1648771200
102.429,1,Apr 04 2022 01: +0,1649030400
106.751,2,Apr 06 2022 01: +0,1649203200
103.397,1,Apr 09 2022 01: +0,1649462400
130.651,1,Apr 10 2022 01: +0,1649548800
107.921,1,Apr 13 2022 01: +0,1649808000
108.575,1,Apr 16 2022 01: +0,1650067200
122.359,1,Apr 17 2022 01: +0,1650153600
115.358,2,Apr 18 2022 01: +0,1650240000
107.905,1,Apr 21 2022 01: +0,1650499200
103.55,1,Apr 22 2022 01: +0,1650585600
120.93,2,Apr 24 2022 01: +0,1650758400
110.649,1,Apr 25 2022 01: +0,1650844800
104.784,1,May 02 2022 01: +0,1651449600
103.38,1,May 05 2022 01: +0,1651708800
133.252,1,May 07 2022 01: +0,1651881600
100.559,1,May 08 2022 01: +0,1651968000
110.006,2,May 10 2022 01: +0,1652140800
99.749,1,May 11 2022 01: +0,1652227200
108.841,2,May 13 2022 01: +0,1652400000
107.538,1,May 14 2022 01: +0,1652486400
107.585,1,May 16 2022 01: +0,1652659200
115.804,1,May 17 2022 01: +0,1652745600
98.169,1,May 18 2022 01: +0,1652832000
117.669,1,May 20 2022 01: +0,1653004800
125.419,1,May 21 2022 01: +0,1653091200
99.286,1,May 22 2022 01: +0,1653177600
106.814,2,Jun 02 2022 01: +0,1654128000
128.418,1,Jun 04 2022 01: +0,1654300800
96.763,1,Jun 08 2022 01: +0,1654646400
99.219,2,Jun 10 2022 01: +0,1654819200
110.204,1,Jun 11 2022 01: +0,1654905600
102.519,2,Jun 12 2022 01: +0,1654992000
82.783,1,Jun 13 2022 01: +0,1655078400
95.123,1,Jun 14 2022 01: +0,1655164800
95.034,1,Jun 15 2022 01: +0,1655251200
97.418,2,Jun 16 2022 01: +0,1655337600
112.555,1,Jun 17 2022 01: +0,1655424000
93.14,1,Jun 18 2022 01: +0,1655510400
117.253,1,Jun 19 2022 01: +0,1655596800
96.832,2,Jun 20 2022 01: +0,1655683200
89.905,1,Jun 23 2022 01: +0,1655942400
88.971,1,Jun 24 2022 01: +0,1656028800
89.417,1,Jun 28 2022 01: +0,1656374400
88.797,1,Jun 30 2022 01: +0,1656547200
106.929,1,Jul 02 2022 01: +0,1656720000
97.749,1,Jul 05 2022 01: +0,1656979200
107.164,1,Jul 07 2022 01: +0,1657152000
119.642,2,Jul 10 2022 01: +0,1657411200
119.948,1,Jul 11 2022 01: +0,1657497600
96.812,1,Jul 15 2022 01: +0,1657843200
96.804,1,Jul 16 2022 01: +0,1657929600
96.812,1,Jul 18 2022 01: +0,1658102400
110.612,1,Jul 19 2022 01: +0,1658188800
118.811,1,Jul 20 2022 01: +0,1658275200
118.365,1,Jul 22 2022 01: +0,1658448000
103.05,3,Jul 24 2022 01: +0,1658620800
96.836,3,Jul 25 2022 01: +0,1658707200
98.84,1,Jul 26 2022 01: +0,1658793600
107.539,1,Jul 27 2022 01: +0,1658880000
105.588,2,Jul 28 2022 01: +0,1658966400
96.481,1,Jul 29 2022 01: +0,1659052800
100.043,2,Jul 30 2022 01: +0,1659139200
114.149,1,Jul 31 2022 01: +0,1659225600
93.314,2,Aug 03 2022 01: +0,1659484800
102.391,1,Aug 04 2022 01: +0,1659571200
109.146,1,Aug 08 2022 01: +0,1659916800
116.661,1,Aug 09 2022 01: +0,1660003200
116.341,1,Aug 10 2022 01: +0,1660089600
98.086,1,Aug 11 2022 01: +0,1660176000
94.562,1,Aug 14 2022 01: +0,1660435200
110.167,1,Aug 15 2022 01: +0,1660521600
107.44,3,Aug 16 2022 01: +0,1660608000
92.304,2,Aug 20 2022 01: +0,1660953600
81.915,2,Aug 23 2022 01: +0,1661212800
108.823,1,Aug 24 2022 01: +0,1661299200
92.246,1,Aug 25 2022 01: +0,1661385600
93.239,1,Aug 27 2022 01: +0,1661558400
112.25,1,Aug 28 2022 01: +0,1661644800
103.397,1,Aug 30 2022 01: +0,1661817600
109.926,1,Sep 01 2022 01: +0,1661990400
97.375,1,Sep 02 2022 01: +0,1662076800
103.552,3,Sep 03 2022 01: +0,1662163200
100.573,2,Sep 06 2022 01: +0,1662422400
94.265,1,Sep 07 2022 01: +0,1662508800
108.796,2,Sep 09 2022 01: +0,1662681600
113.609,2,Sep 10 2022 01: +0,1662768000
122.296,1,Sep 12 2022 01: +0,1662940800
96.716,4,Sep 13 2022 01: +0,1663027200
94.754,1,Sep 17 2022 01: +0,1663372800
93.868,1,Sep 18 2022 01: +0,1663459200
104.397,1,Sep 20 2022 01: +0,1663632000
101.674,3,Sep 22 2022 01: +0,1663804800
98.94,2,Sep 23 2022 01: +0,1663891200
93.672,1,Sep 24 2022 01: +0,1663977600
89.773,1,Sep 26 2022 01: +0,1664150400
105.408,1,Sep 27 2022 01: +0,1664236800
92.801,1,Sep 28 2022 01: +0,1664323200
98.987,2,Sep 29 2022 01: +0,1664409600
109.003,2,Sep 30 2022 01: +0,1664496000
105.629,2,Oct 03 2022 01: +0,1664755200
91.949,2,Oct 06 2022 01: +0,1665014400
98.905,1,Oct 09 2022 01: +0,1665273600
107.705,2,Oct 12 2022 01: +0,1665532800
96.481,2,Oct 13 2022 01: +0,1665619200
118.849,1,Oct 16 2022 01: +0,1665878400
102.032,1,Oct 19 2022 01: +0,1666137600
102.491,2,Oct 21 2022 01: +0,1666310400
120.496,1,Oct 22 2022 01: +0,1666396800
119.107,1,Oct 25 2022 01: +0,1666656000
103.767,3,Oct 28 2022 01: +0,1666915200
96.754,1,Oct 31 2022 01: +0,1667178000
104.903,2,Nov 01 2022 01: +0,1667264400
96.506,1,Nov 02 2022 01: +0,1667350800
114.18,1,Nov 04 2022 01: +0,1667523600
99.716,1,Nov 06 2022 01: +0,1667696400
129.417,1,Nov 09 2022 01: +0,1667955600
124.949,1,Nov 11 2022 01: +0,1668128400
114.026,2,Nov 12 2022 01: +0,1668214800
98.163,2,Nov 17 2022 01: +0,1668646800
98.4,1,Nov 18 2022 01: +0,1668733200
92.328,1,Nov 21 2022 01: +0,1668992400
84.81,1,Nov 22 2022 01: +0,1669078800
91.295,1,Nov 24 2022 01: +0,1669251600
85.669,1,Nov 27 2022 01: +0,1669510800
105.775,2,Dec 02 2022 01: +0,1669942800
107.583,3,Dec 03 2022 01: +0,1670029200
101.064,1,Dec 04 2022 01: +0,1670115600
105.575,2,Dec 05 2022 01: +0,1670202000
100.047,1,Dec 07 2022 01: +0,1670374800
106.085,1,Dec 13 2022 01: +0,1670893200
106.747,1,Dec 16 2022 01: +0,1671152400
103.397,1,Dec 18 2022 01: +0,1671325200
119.737,1,Dec 20 2022 01: +0,1671498000
113.232,2,Dec 21 2022 01: +0,1671584400
107.797,1,Dec 22 2022 01: +0,1671670800
129.858,1,Dec 23 2022 01: +0,1671757200
108.368,1,Dec 24 2022 01: +0,1671843600
111.743,1,Dec 26 2022 01: +0,1672016400
126.787,1,Dec 27 2022 01: +0,1672102800
142.967,1,Dec 30 2022 01: +0,1672362000
111.889,1,Jan 01 2023 01: +0,1672534800
111.387,1,Jan 02 2023 01: +0,1672621200
111.255,1,Jan 10 2023 01: +0,1673312400
122.554,1,Jan 12 2023 01: +0,1673485200
129.709,2,Jan 13 2023 01: +0,1673571600
107.169,1,Jan 15 2023 01: +0,1673744400
133.953,1,Jan 17 2023 01: +0,1673917200
106.474,1,Jan 20 2023 01: +0,1674176400
117.698,1,Jan 21 2023 01: +0,1674262800
154.184,1,Jan 22 2023 01: +0,1674349200
123.099,2,Jan 24 2023 01: +0,1674522000
118.282,1,Jan 26 2023 01: +0,1674694800
152.837,1,Jan 27 2023 01: +0,1674781200
121.81,1,Jan 28 2023 01: +0,1674867600
142.551,1,Jan 29 2023 01: +0,1674954000
132.323,3,Jan 31 2023 01: +0,1675126800
139.403,1,Feb 02 2023 01: +0,1675299600
139.566,1,Feb 04 2023 01: +0,1675472400
136.354,2,Feb 05 2023 01: +0,1675558800
148.328,1,Feb 07 2023 01: +0,1675731600
146.351,1,Feb 10 2023 01: +0,1675990800
121.826,2,Feb 11 2023 01: +0,1676077200
122.078,2,Feb 12 2023 01: +0,1676163600
125.473,1,Feb 17 2023 15: +0,1676646000
123.662,1,Feb 17 2023 20: +0,1676664000
140.754,1,Feb 18 2023 16: +0,1676736000
132.81,1,Feb 19 2023 16: +0,1676822400
139.921,1,Feb 22 2023 20: +0,1677096000
131.871,1,Feb 23 2023 19: +0,1677178800
128.352,1,Feb 24 2023 20: +0,1677268800
140.925,1,Feb 25 2023 09: +0,1677315600
127.906,1,Feb 26 2023 07: +0,1677394800
130.452,1,Feb 28 2023 09: +0,1677574800
148.246,1,Mar 02 2023 14: +0,1677765600
132.348,1,Mar 03 2023 03: +0,1677812400
159.012,1,Mar 03 2023 07: +0,1677826800
153.631,1,Mar 04 2023 23: +0,1677970800
134.349,1,Mar 05 2023 22: +0,1678053600
159.188,1,Mar 06 2023 17: +0,1678122000
128.204,1,Mar 08 2023 00: +0,1678233600
155.639,1,Mar 08 2023 03: +0,1678244400
152.198,1,Mar 09 2023 15: +0,1678374000
138.535,1,Mar 09 2023 18: +0,1678384800
148.147,1,Mar 13 2023 00: +0,1678665600
146.683,1,Mar 13 2023 04: +0,1678680000
147.576,1,Mar 13 2023 21: +0,1678741200
147.559,1,Mar 13 2023 23: +0,1678748400
153.018,1,Mar 14 2023 21: +0,1678827600
182.39,1,Mar 15 2023 16: +0,1678896000
163.688,1,Mar 17 2023 19: +0,1679079600
164.335,1,Mar 18 2023 01: +0,1679101200
144.5,1,Mar 18 2023 17: +0,1679158800
175.667,1,Mar 19 2023 14: +0,1679234400
156.241,1,Mar 23 2023 16: +0,1679587200
172.497,1,Mar 24 2023 21: +0,1679691600
146.725,1,Mar 25 2023 10: +0,1679738400
175.989,1,Mar 25 2023 13: +0,1679749200
149.579,1,Mar 25 2023 18: +0,1679767200
179.647,1,Mar 26 2023 02: +0,1679792400
182.155,1,Mar 26 2023 06: +0,1679806800
180.418,1,Mar 28 2023 18: +0,1680022800
151.864,1,Mar 28 2023 19: +0,1680026400
165.72,1,Mar 29 2023 11: +0,1680084000
176.208,1,Mar 29 2023 13: +0,1680091200
179.407,1,Mar 30 2023 09: +0,1680163200
192.755,1,Mar 31 2023 09: +0,1680249600
167.627,1,Mar 31 2023 12: +0,1680260400
194.078,1,Mar 31 2023 20: +0,1680289200
179.296,1,Apr 06 2023 18: +0,1680800400
158.19,1,Apr 07 2023 22: +0,1680901200
158.15,1,Apr 08 2023 10: +0,1680944400
206.391,1,Apr 09 2023 23: +0,1681077600
266.109,1,Apr 13 2023 17: +0,1681401600
231.983,1,Apr 19 2023 17: +0,1681920000
223.95,1,Apr 21 2023 14: +0,1682082000
216.145,2,Apr 22 2023 17: +0,1682179200
186.877,1,Apr 22 2023 18: +0,1682182800
187.181,1,Apr 23 2023 22: +0,1682283600
187.141,1,Apr 24 2023 07: +0,1682316000
215.035,2,Apr 25 2023 14: +0,1682427600
171.135,1,Apr 29 2023 04: +0,1682737200
187.981,1,Apr 30 2023 10: +0,1682845200
165.041,1,Apr 30 2023 21: +0,1682884800
201.612,1,May 01 2023 02: +0,1682902800
200.959,1,May 01 2023 13: +0,1682942400
200.96,1,May 01 2023 16: +0,1682953200
166.352,1,May 02 2023 22: +0,1683061200
175.194,1,May 03 2023 19: +0,1683136800
167.367,1,May 04 2023 21: +0,1683230400
185.132,1,May 06 2023 18: +0,1683392400
177.943,2,May 06 2023 21: +0,1683403200
181.816,1,May 08 2023 16: +0,1683558000
169.864,1,May 10 2023 07: +0,1683698400
202.66,1,May 11 2023 17: +0,1683820800
172.629,1,May 12 2023 01: +0,1683849600
172.181,1,May 12 2023 21: +0,1683921600
163.945,1,May 12 2023 23: +0,1683928800
200.222,1,May 13 2023 13: +0,1683979200
204.41,1,May 15 2023 06: +0,1684126800
159.509,1,May 19 2023 21: +0,1684526400
176.42,1,May 21 2023 14: +0,1684674000
172.597,1,May 21 2023 23: +0,1684706400
179.403,1,May 22 2023 12: +0,1684753200
168.555,1,May 22 2023 23: +0,1684792800
167.429,1,May 23 2023 12: +0,1684839600
170.992,1,May 27 2023 12: +0,1685185200
165.314,1,Jun 03 2023 06: +0,1685768400
167.859,1,Jun 03 2023 09: +0,1685779200
206.068,1,Jun 03 2023 21: +0,1685822400
262.216,1,Jun 04 2023 01: +0,1685836800
172.183,1,Jun 04 2023 17: +0,1685894400
196.538,1,Jun 06 2023 11: +0,1686045600
204.229,1,Jun 06 2023 20: +0,1686078000
177.947,1,Jun 08 2023 18: +0,1686243600
217.004,1,Jun 11 2023 21: +0,1686513600
178.653,1,Jun 14 2023 10: +0,1686733200
212.804,1,Jun 14 2023 18: +0,1686762000
193.157,1,Jun 20 2023 13: +0,1687262400
224.25,1,Jun 20 2023 14: +0,1687266000
183.102,1,Jun 21 2023 15: +0,1687356000
153.747,1,Jul 01 2023 13: +0,1688212800
0.056,1,Jul 03 2023 07: +0,1688364000
146.964,1,Jul 06 2023 05: +0,1688616000
147.08,1,Jul 07 2023 23: +0,1688767200
143.949,1,Jul 11 2023 13: +0,1689076800
146.049,1,Jul 21 2023 16: +0,1689951600
147.124,1,Jul 23 2023 09: +0,1690099200
187.531,1,Jul 28 2023 00: +0,1690498800
138.412,1,Aug 03 2023 07: +0,1691042400
152.945,1,Aug 03 2023 08: +0,1691046000
185.509,1,Aug 13 2023 02: +0,1691888400
138.512,1,Aug 13 2023 09: +0,1691913600
142.212,1,Aug 14 2023 19: +0,1692036000
143.338,1,Aug 16 2023 15: +0,1692194400
152.704,2,Aug 19 2023 19: +0,1692468000
152.433,1,Aug 20 2023 08: +0,1692514800
201.788,1,Aug 20 2023 16: +0,1692543600
150.831,1,Aug 26 2023 22: +0,1693083600
131.988,1,Aug 28 2023 19: +0,1693245600
170.963,1,Aug 30 2023 02: +0,1693357200
157.923,1,Sep 07 2023 06: +0,1694062800
160.532,1,Sep 07 2023 17: +0,1694102400
167.718,1,Sep 08 2023 18: +0,1694192400
191.086,1,Sep 12 2023 21: +0,1694548800
164.729,1,Sep 18 2023 05: +0,1695009600
173.243,1,Sep 18 2023 15: +0,1695045600
217.148,1,Sep 21 2023 09: +0,1695283200
180.693,1,Sep 28 2023 21: +0,1695931200
174.33,1,Sep 30 2023 00: +0,1696028400
173.756,1,Oct 02 2023 14: +0,1696251600
159.87,1,Oct 09 2023 14: +0,1696856400
178.419,1,Oct 09 2023 19: +0,1696874400
178.847,1,Oct 09 2023 22: +0,1696885200
206.251,1,Oct 10 2023 02: +0,1696899600
218.111,1,Oct 12 2023 09: +0,1697097600
179.538,1,Oct 13 2023 10: +0,1697187600
179.903,1,Oct 14 2023 02: +0,1697245200
181.183,1,Oct 17 2023 18: +0,1697562000
189.33,1,Oct 19 2023 12: +0,1697713200
218.74,1,Oct 23 2023 09: +0,1698048000
176.496,1,Oct 24 2023 02: +0,1698109200
211.609,1,Oct 27 2023 12: +0,1698404400
199.415,1,Oct 29 2023 15: +0,1698591600
163.402,1,Oct 30 2023 19: +0,1698692400
198.038,1,Nov 08 2023 02: +0,1699408800
168.469,1,Nov 08 2023 15: +0,1699455600
214.11,1,Nov 09 2023 03: +0,1699498800
172.497,1,Nov 09 2023 18: +0,1699552800
119.933,1,Nov 11 2023 01: +0,1699664400
135.38,1,Nov 13 2023 12: +0,1699876800
138.425,1,Nov 14 2023 13: +0,1699966800
139.123,1,Nov 15 2023 22: +0,1700085600
166.908,1,Nov 23 2023 03: +0,1700708400
148.306,1,Nov 26 2023 03: +0,1700967600
161.056,1,Nov 29 2023 06: +0,1701237600
133.248,1,Dec 05 2023 12: +0,1701777600
135.102,1,Dec 06 2023 01: +0,1701824400
148.097,1,Dec 06 2023 08: +0,1701849600
141.942,1,Dec 08 2023 20: +0,1702065600
151.633,1,Dec 09 2023 02: +0,1702087200
144.162,1,Dec 10 2023 20: +0,1702238400
138.984,1,Dec 11 2023 14: +0,1702303200
138.952,1,Dec 14 2023 22: +0,1702591200
179.47,1,Dec 15 2023 09: +0,1702630800
163.652,1,Dec 16 2023 17: +0,1702746000
135.211,1,Dec 23 2023 00: +0,1703289600
132.967,1,Dec 25 2023 18: +0,1703527200
156.136,1,Dec 27 2023 04: +0,1703649600
134.742,1,Jan 01 2024 07: +0,1704092400
180.895,1,Jan 04 2024 01: +0,1704330000
129.787,1,Jan 08 2024 04: +0,1704686400
136.579,1,Jan 18 2024 06: +0,1705557600
132.253,1,Jan 23 2024 05: +0,1705986000
127.868,1,Jan 23 2024 21: +0,1706043600
125.953,1,Jan 23 2024 22: +0,1706047200
132.122,1,Jan 30 2024 20: +0,1706644800
124.692,2,Feb 03 2024 17: +0,1706979600
149.688,1,Feb 05 2024 10: +0,1707127200
140.77,1,Feb 08 2024 22: +0,1707429600
140.97,1,Feb 12 2024 06: +0,1707717600
123.683,1,Feb 12 2024 23: +0,1707778800
122.795,1,Feb 13 2024 21: +0,1707858000
116.402,1,Feb 14 2024 16: +0,1707926400
114.585,1,Feb 15 2024 03: +0,1707966000
129.707,1,Feb 15 2024 15: +0,1708009200
101.974,1,Feb 16 2024 04: +0,1708056000
137.426,1,Feb 17 2024 04: +0,1708142400
123.885,1,Feb 17 2024 22: +0,1708207200
131.451,1,Feb 18 2024 05: +0,1708232400
120.232,1,Feb 18 2024 22: +0,1708293600
119.877,1,Feb 19 2024 16: +0,1708358400
140.598,1,Feb 20 2024 11: +0,1708426800
140.607,1,Feb 21 2024 11: +0,1708513200
149.516,2,Feb 21 2024 19: +0,1708542000
147.395,1,Feb 25 2024 20: +0,1708891200
140.858,2,Feb 27 2024 11: +0,1709031600
124.488,1,Mar 07 2024 03: +0,1709780400
148.836,1,Mar 07 2024 14: +0,1709820000
146.677,1,Mar 08 2024 23: +0,1709938800
147.129,1,Mar 09 2024 20: +0,1710014400
130.058,1,Mar 11 2024 17: +0,1710176400
149.572,1,Mar 13 2024 03: +0,1710298800
129.234,1,Mar 13 2024 23: +0,1710370800
149.09,1,Mar 15 2024 01: +0,1710464400
125.254,1,Mar 16 2024 00: +0,1710547200
124.821,1,Mar 17 2024 03: +0,1710644400
133.981,1,Mar 21 2024 05: +0,1710997200
132.756,1,Mar 21 2024 18: +0,1711044000
128.402,1,Mar 29 2024 22: +0,1711749600
134.141,1,Apr 01 2024 23: +0,1712008800
139.531,1,Apr 03 2024 19: +0,1712167200
159.423,1,Apr 12 2024 20: +0,1712948400
150.962,1,Apr 16 2024 19: +0,1713290400
151.068,1,Apr 17 2024 19: +0,1713376800
159.61,1,Apr 17 2024 23: +0,1713391200
158.987,1,Apr 18 2024 14: +0,1713445200
159.622,1,Apr 18 2024 23: +0,1713477600
139.357,1,Apr 22 2024 23: +0,1713823200
138.618,1,Apr 24 2024 18: +0,1713978000
158.511,1,Apr 30 2024 09: +0,1714464000
158.633,1,May 01 2024 00: +0,1714518000
159.5,1,May 03 2024 21: +0,1714766400
140.7,1,May 04 2024 10: +0,1714813200
142.076,1,May 04 2024 14: +0,1714827600
168.763,1,May 05 2024 09: +0,1714896000
172.141,1,May 06 2024 02: +0,1714957200
157.504,1,May 14 2024 19: +0,1715709600
154.112,1,May 17 2024 02: +0,1715907600
154.201,1,May 17 2024 13: +0,1715947200
155.738,1,May 21 2024 18: +0,1716310800
146.846,1,May 22 2024 18: +0,1716397200
143.592,1,May 29 2024 15: +0,1716991200
151.667,1,May 30 2024 14: +0,1717074000
146.261,1,Jun 02 2024 01: +0,1717286400
181.954,1,Jun 03 2024 07: +0,1717394400
141.435,1,Jun 08 2024 15: +0,1717855200
146.917,1,Jun 12 2024 04: +0,1718161200
