price,quantity,date,unix timestamp
4.071,94,Sep 27 2013 01: +0,1380240000
2.923,118,Sep 28 2013 01: +0,1380326400
2.615,112,Sep 29 2013 01: +0,1380412800
2.396,97,Sep 30 2013 01: +0,1380499200
1.978,87,Oct 01 2013 01: +0,1380585600
1.835,112,Oct 02 2013 01: +0,1380672000
1.877,101,Oct 03 2013 01: +0,1380758400
1.877,110,Oct 04 2013 01: +0,1380844800
1.741,109,Oct 05 2013 01: +0,1380931200
1.495,162,Oct 06 2013 01: +0,1381017600
1.408,115,Oct 07 2013 01: +0,1381104000
1.425,101,Oct 08 2013 01: +0,1381190400
1.458,103,Oct 09 2013 01: +0,1381276800
1.394,98,Oct 10 2013 01: +0,1381363200
1.297,118,Oct 11 2013 01: +0,1381449600
1.265,139,Oct 12 2013 01: +0,1381536000
1.177,148,Oct 13 2013 01: +0,1381622400
1.183,125,Oct 14 2013 01: +0,1381708800
1.145,110,Oct 15 2013 01: +0,1381795200
1.159,94,Oct 16 2013 01: +0,1381881600
1.074,96,Oct 17 2013 01: +0,1381968000
1.072,111,Oct 18 2013 01: +0,1382054400
1.063,160,Oct 19 2013 01: +0,1382140800
1.041,163,Oct 20 2013 01: +0,1382227200
1.047,129,Oct 21 2013 01: +0,1382313600
0.958,115,Oct 22 2013 01: +0,1382400000
0.956,136,Oct 23 2013 01: +0,1382486400
0.959,121,Oct 24 2013 01: +0,1382572800
0.917,142,Oct 25 2013 01: +0,1382659200
0.991,133,Oct 26 2013 01: +0,1382745600
0.907,145,Oct 27 2013 01: +0,1382832000
0.848,144,Oct 28 2013 01: +0,1382922000
0.803,148,Oct 29 2013 01: +0,1383008400
0.798,124,Oct 30 2013 01: +0,1383094800
0.818,112,Oct 31 2013 01: +0,1383181200
0.798,129,Nov 01 2013 01: +0,1383267600
0.807,135,Nov 02 2013 01: +0,1383354000
0.793,137,Nov 03 2013 01: +0,1383440400
0.801,143,Nov 04 2013 01: +0,1383526800
0.733,171,Nov 05 2013 01: +0,1383613200
0.677,137,Nov 06 2013 01: +0,1383699600
0.768,137,Nov 07 2013 01: +0,1383786000
0.643,153,Nov 08 2013 01: +0,1383872400
0.438,207,Nov 09 2013 01: +0,1383958800
0.421,211,Nov 10 2013 01: +0,1384045200
0.449,175,Nov 11 2013 01: +0,1384131600
0.49,141,Nov 12 2013 01: +0,1384218000
0.457,147,Nov 13 2013 01: +0,1384304400
0.457,128,Nov 14 2013 01: +0,1384390800
0.439,151,Nov 15 2013 01: +0,1384477200
0.438,143,Nov 16 2013 01: +0,1384563600
0.409,162,Nov 17 2013 01: +0,1384650000
0.406,142,Nov 18 2013 01: +0,1384736400
0.41,114,Nov 19 2013 01: +0,1384822800
0.423,109,Nov 20 2013 01: +0,1384909200
0.427,107,Nov 21 2013 01: +0,1384995600
0.406,124,Nov 22 2013 01: +0,1385082000
0.402,150,Nov 23 2013 01: +0,1385168400
0.394,177,Nov 24 2013 01: +0,1385254800
0.377,125,Nov 25 2013 01: +0,1385341200
0.379,123,Nov 26 2013 01: +0,1385427600
0.37,141,Nov 27 2013 01: +0,1385514000
0.39,141,Nov 28 2013 01: +0,1385600400
0.377,172,Nov 29 2013 01: +0,1385686800
0.38,173,Nov 30 2013 01: +0,1385773200
0.397,204,Dec 01 2013 01: +0,1385859600
0.405,143,Dec 02 2013 01: +0,1385946000
0.445,129,Dec 03 2013 01: +0,1386032400
0.445,97,Dec 04 2013 01: +0,1386118800
0.461,109,Dec 05 2013 01: +0,1386205200
0.48,127,Dec 06 2013 01: +0,1386291600
0.531,157,Dec 07 2013 01: +0,1386378000
0.58,125,Dec 08 2013 01: +0,1386464400
0.574,98,Dec 09 2013 01: +0,1386550800
0.606,90,Dec 10 2013 01: +0,1386637200
0.571,99,Dec 11 2013 01: +0,1386723600
0.522,89,Dec 12 2013 01: +0,1386810000
0.502,74,Dec 13 2013 01: +0,1386896400
0.538,133,Dec 14 2013 01: +0,1386982800
0.567,117,Dec 15 2013 01: +0,1387069200
0.554,108,Dec 16 2013 01: +0,1387155600
0.555,99,Dec 17 2013 01: +0,1387242000
0.521,99,Dec 18 2013 01: +0,1387328400
0.419,90,Dec 19 2013 01: +0,1387414800
0.364,132,Dec 20 2013 01: +0,1387501200
0.331,145,Dec 21 2013 01: +0,1387587600
0.317,183,Dec 22 2013 01: +0,1387674000
0.313,140,Dec 23 2013 01: +0,1387760400
0.348,139,Dec 24 2013 01: +0,1387846800
0.408,90,Dec 25 2013 01: +0,1387933200
0.442,124,Dec 26 2013 01: +0,1388019600
0.394,128,Dec 27 2013 01: +0,1388106000
0.428,145,Dec 28 2013 01: +0,1388192400
0.394,133,Dec 29 2013 01: +0,1388278800
0.408,135,Dec 30 2013 01: +0,1388365200
0.438,110,Dec 31 2013 01: +0,1388451600
0.439,114,Jan 01 2014 01: +0,1388538000
0.394,103,Jan 02 2014 01: +0,1388624400
0.386,98,Jan 03 2014 01: +0,1388710800
0.432,150,Jan 04 2014 01: +0,1388797200
0.427,154,Jan 05 2014 01: +0,1388883600
0.386,119,Jan 06 2014 01: +0,1388970000
0.415,124,Jan 07 2014 01: +0,1389056400
0.425,114,Jan 08 2014 01: +0,1389142800
0.452,90,Jan 09 2014 01: +0,1389229200
0.437,108,Jan 10 2014 01: +0,1389315600
0.435,123,Jan 11 2014 01: +0,1389402000
0.446,131,Jan 12 2014 01: +0,1389488400
0.424,109,Jan 13 2014 01: +0,1389574800
0.458,98,Jan 14 2014 01: +0,1389661200
0.427,98,Jan 15 2014 01: +0,1389747600
0.437,121,Jan 16 2014 01: +0,1389834000
0.432,108,Jan 17 2014 01: +0,1389920400
0.452,129,Jan 18 2014 01: +0,1390006800
0.452,121,Jan 19 2014 01: +0,1390093200
0.435,124,Jan 20 2014 01: +0,1390179600
0.489,99,Jan 21 2014 01: +0,1390266000
0.452,106,Jan 22 2014 01: +0,1390352400
0.467,96,Jan 23 2014 01: +0,1390438800
0.445,113,Jan 24 2014 01: +0,1390525200
0.46,123,Jan 25 2014 01: +0,1390611600
0.487,114,Jan 26 2014 01: +0,1390698000
0.462,98,Jan 27 2014 01: +0,1390784400
0.478,107,Jan 28 2014 01: +0,1390870800
0.496,106,Jan 29 2014 01: +0,1390957200
0.436,96,Jan 30 2014 01: +0,1391043600
0.474,110,Jan 31 2014 01: +0,1391130000
0.451,108,Feb 01 2014 01: +0,1391216400
0.447,115,Feb 02 2014 01: +0,1391302800
0.484,82,Feb 03 2014 01: +0,1391389200
0.481,86,Feb 04 2014 01: +0,1391475600
0.437,101,Feb 05 2014 01: +0,1391562000
0.432,114,Feb 06 2014 01: +0,1391648400
0.485,106,Feb 07 2014 01: +0,1391734800
0.468,133,Feb 08 2014 01: +0,1391821200
0.471,125,Feb 09 2014 01: +0,1391907600
0.472,104,Feb 10 2014 01: +0,1391994000
0.482,108,Feb 11 2014 01: +0,1392080400
0.473,96,Feb 12 2014 01: +0,1392166800
0.448,89,Feb 13 2014 01: +0,1392253200
0.42,113,Feb 14 2014 01: +0,1392339600
0.43,119,Feb 15 2014 01: +0,1392426000
0.431,109,Feb 16 2014 01: +0,1392512400
0.411,97,Feb 17 2014 01: +0,1392598800
0.397,88,Feb 18 2014 01: +0,1392685200
0.395,84,Feb 19 2014 01: +0,1392771600
0.387,87,Feb 20 2014 01: +0,1392858000
0.314,97,Feb 21 2014 01: +0,1392944400
0.304,122,Feb 22 2014 01: +0,1393030800
0.315,141,Feb 23 2014 01: +0,1393117200
0.35,102,Feb 24 2014 01: +0,1393203600
0.363,89,Feb 25 2014 01: +0,1393290000
0.384,98,Feb 26 2014 01: +0,1393376400
0.391,102,Feb 27 2014 01: +0,1393462800
0.396,111,Feb 28 2014 01: +0,1393549200
0.381,119,Mar 01 2014 01: +0,1393635600
0.409,145,Mar 02 2014 01: +0,1393722000
0.451,86,Mar 03 2014 01: +0,1393808400
0.407,86,Mar 04 2014 01: +0,1393894800
0.367,65,Mar 05 2014 01: +0,1393981200
0.444,78,Mar 06 2014 01: +0,1394067600
0.443,94,Mar 07 2014 01: +0,1394154000
0.412,105,Mar 08 2014 01: +0,1394240400
0.409,109,Mar 09 2014 01: +0,1394326800
0.426,95,Mar 10 2014 01: +0,1394413200
0.408,83,Mar 11 2014 01: +0,1394499600
0.423,95,Mar 12 2014 01: +0,1394586000
0.419,65,Mar 13 2014 01: +0,1394672400
0.457,73,Mar 14 2014 01: +0,1394758800
0.4,122,Mar 15 2014 01: +0,1394845200
0.324,144,Mar 16 2014 01: +0,1394931600
0.347,108,Mar 17 2014 01: +0,1395018000
0.429,115,Mar 18 2014 01: +0,1395104400
0.523,103,Mar 19 2014 01: +0,1395190800
0.51,85,Mar 20 2014 01: +0,1395277200
0.466,87,Mar 21 2014 01: +0,1395363600
0.472,109,Mar 22 2014 01: +0,1395450000
0.533,108,Mar 23 2014 01: +0,1395536400
0.549,104,Mar 24 2014 01: +0,1395622800
0.543,83,Mar 25 2014 01: +0,1395709200
0.544,80,Mar 26 2014 01: +0,1395795600
0.655,73,Mar 27 2014 01: +0,1395882000
0.585,86,Mar 28 2014 01: +0,1395968400
0.597,110,Mar 29 2014 01: +0,1396054800
0.583,110,Mar 30 2014 01: +0,1396141200
0.63,99,Mar 31 2014 01: +0,1396224000
0.79,55,Apr 01 2014 01: +0,1396310400
0.697,76,Apr 02 2014 01: +0,1396396800
0.671,88,Apr 03 2014 01: +0,1396483200
0.712,82,Apr 04 2014 01: +0,1396569600
0.72,75,Apr 05 2014 01: +0,1396656000
0.666,99,Apr 06 2014 01: +0,1396742400
0.652,117,Apr 07 2014 01: +0,1396828800
0.717,80,Apr 08 2014 01: +0,1396915200
0.829,92,Apr 09 2014 01: +0,1397001600
0.825,78,Apr 10 2014 01: +0,1397088000
0.759,112,Apr 11 2014 01: +0,1397174400
0.78,76,Apr 12 2014 01: +0,1397260800
0.69,80,Apr 13 2014 01: +0,1397347200
0.675,74,Apr 14 2014 01: +0,1397433600
0.796,73,Apr 15 2014 01: +0,1397520000
0.7,89,Apr 16 2014 01: +0,1397606400
0.684,107,Apr 17 2014 01: +0,1397692800
0.813,79,Apr 18 2014 01: +0,1397779200
0.843,77,Apr 19 2014 01: +0,1397865600
0.756,68,Apr 20 2014 01: +0,1397952000
0.73,97,Apr 21 2014 01: +0,1398038400
0.75,93,Apr 22 2014 01: +0,1398124800
0.812,80,Apr 23 2014 01: +0,1398211200
0.787,68,Apr 24 2014 01: +0,1398297600
0.776,81,Apr 25 2014 01: +0,1398384000
0.786,89,Apr 26 2014 01: +0,1398470400
0.818,97,Apr 27 2014 01: +0,1398556800
0.795,77,Apr 28 2014 01: +0,1398643200
0.833,82,Apr 29 2014 01: +0,1398729600
0.761,80,Apr 30 2014 01: +0,1398816000
0.835,73,May 01 2014 01: +0,1398902400
0.709,76,May 02 2014 01: +0,1398988800
0.707,76,May 03 2014 01: +0,1399075200
0.646,110,May 04 2014 01: +0,1399161600
0.668,107,May 05 2014 01: +0,1399248000
0.662,101,May 06 2014 01: +0,1399334400
0.691,98,May 07 2014 01: +0,1399420800
0.714,86,May 08 2014 01: +0,1399507200
0.702,93,May 09 2014 01: +0,1399593600
0.641,102,May 10 2014 01: +0,1399680000
0.658,124,May 11 2014 01: +0,1399766400
0.669,67,May 12 2014 01: +0,1399852800
0.622,94,May 13 2014 01: +0,1399939200
0.697,105,May 14 2014 01: +0,1400025600
1.364,281,May 15 2014 01: +0,1400112000
1.333,116,May 16 2014 01: +0,1400198400
1.162,128,May 17 2014 01: +0,1400284800
1.158,120,May 18 2014 01: +0,1400371200
1.113,88,May 19 2014 01: +0,1400457600
1.075,91,May 20 2014 01: +0,1400544000
0.997,82,May 21 2014 01: +0,1400630400
0.961,82,May 22 2014 01: +0,1400716800
0.937,114,May 23 2014 01: +0,1400803200
0.993,127,May 24 2014 01: +0,1400889600
0.938,106,May 25 2014 01: +0,1400976000
0.852,88,May 26 2014 01: +0,1401062400
0.862,108,May 27 2014 01: +0,1401148800
0.929,78,May 28 2014 01: +0,1401235200
0.93,76,May 29 2014 01: +0,1401321600
0.903,87,May 30 2014 01: +0,1401408000
0.841,91,May 31 2014 01: +0,1401494400
0.858,114,Jun 01 2014 01: +0,1401580800
0.832,90,Jun 02 2014 01: +0,1401667200
0.874,70,Jun 03 2014 01: +0,1401753600
0.905,106,Jun 04 2014 01: +0,1401840000
0.894,88,Jun 05 2014 01: +0,1401926400
0.828,77,Jun 06 2014 01: +0,1402012800
0.892,78,Jun 07 2014 01: +0,1402099200
0.895,76,Jun 08 2014 01: +0,1402185600
0.839,78,Jun 09 2014 01: +0,1402272000
0.925,77,Jun 10 2014 01: +0,1402358400
0.899,78,Jun 11 2014 01: +0,1402444800
0.863,85,Jun 12 2014 01: +0,1402531200
1.1,76,Jun 13 2014 01: +0,1402617600
1.065,81,Jun 14 2014 01: +0,1402704000
0.958,109,Jun 15 2014 01: +0,1402790400
0.869,102,Jun 16 2014 01: +0,1402876800
0.809,99,Jun 17 2014 01: +0,1402963200
0.844,85,Jun 18 2014 01: +0,1403049600
0.846,76,Jun 19 2014 01: +0,1403136000
0.664,106,Jun 20 2014 01: +0,1403222400
0.706,140,Jun 21 2014 01: +0,1403308800
0.751,119,Jun 22 2014 01: +0,1403395200
0.698,117,Jun 23 2014 01: +0,1403481600
0.71,80,Jun 24 2014 01: +0,1403568000
0.707,87,Jun 25 2014 01: +0,1403654400
0.775,91,Jun 26 2014 01: +0,1403740800
0.739,85,Jun 27 2014 01: +0,1403827200
0.854,102,Jun 28 2014 01: +0,1403913600
0.817,101,Jun 29 2014 01: +0,1404000000
0.801,100,Jun 30 2014 01: +0,1404086400
0.89,107,Jul 01 2014 01: +0,1404172800
0.681,135,Jul 02 2014 01: +0,1404259200
0.771,104,Jul 03 2014 01: +0,1404345600
0.874,97,Jul 04 2014 01: +0,1404432000
1.018,75,Jul 05 2014 01: +0,1404518400
0.944,78,Jul 06 2014 01: +0,1404604800
0.955,80,Jul 07 2014 01: +0,1404691200
0.89,100,Jul 08 2014 01: +0,1404777600
0.962,94,Jul 09 2014 01: +0,1404864000
0.978,102,Jul 10 2014 01: +0,1404950400
0.87,95,Jul 11 2014 01: +0,1405036800
0.949,90,Jul 12 2014 01: +0,1405123200
0.926,90,Jul 13 2014 01: +0,1405209600
0.93,103,Jul 14 2014 01: +0,1405296000
0.961,84,Jul 15 2014 01: +0,1405382400
0.983,97,Jul 16 2014 01: +0,1405468800
0.993,92,Jul 17 2014 01: +0,1405555200
0.95,81,Jul 18 2014 01: +0,1405641600
0.972,106,Jul 19 2014 01: +0,1405728000
1.044,102,Jul 20 2014 01: +0,1405814400
1.039,88,Jul 21 2014 01: +0,1405900800
1.08,84,Jul 22 2014 01: +0,1405987200
1.043,102,Jul 23 2014 01: +0,1406073600
1.114,83,Jul 24 2014 01: +0,1406160000
1.147,107,Jul 25 2014 01: +0,1406246400
1.111,93,Jul 26 2014 01: +0,1406332800
1.131,98,Jul 27 2014 01: +0,1406419200
1.084,112,Jul 28 2014 01: +0,1406505600
1.119,106,Jul 29 2014 01: +0,1406592000
1.103,101,Jul 30 2014 01: +0,1406678400
1.121,98,Jul 31 2014 01: +0,1406764800
1.14,99,Aug 01 2014 01: +0,1406851200
1.233,86,Aug 02 2014 01: +0,1406937600
1.154,98,Aug 03 2014 01: +0,1407024000
1.193,89,Aug 04 2014 01: +0,1407110400
1.059,134,Aug 05 2014 01: +0,1407196800
0.99,97,Aug 06 2014 01: +0,1407283200
1.144,81,Aug 07 2014 01: +0,1407369600
1.031,101,Aug 08 2014 01: +0,1407456000
1.181,79,Aug 09 2014 01: +0,1407542400
1.169,83,Aug 10 2014 01: +0,1407628800
1.334,88,Aug 11 2014 01: +0,1407715200
1.204,104,Aug 12 2014 01: +0,1407801600
1.292,82,Aug 13 2014 01: +0,1407888000
1.279,71,Aug 14 2014 01: +0,1407974400
1.123,96,Aug 15 2014 01: +0,1408060800
1.109,130,Aug 16 2014 01: +0,1408147200
1.0,130,Aug 17 2014 01: +0,1408233600
1.052,121,Aug 18 2014 01: +0,1408320000
1.228,108,Aug 19 2014 01: +0,1408406400
1.226,85,Aug 20 2014 01: +0,1408492800
1.496,76,Aug 21 2014 01: +0,1408579200
1.437,78,Aug 22 2014 01: +0,1408665600
1.313,77,Aug 23 2014 01: +0,1408752000
1.635,73,Aug 24 2014 01: +0,1408838400
1.452,81,Aug 25 2014 01: +0,1408924800
1.515,82,Aug 26 2014 01: +0,1409011200
1.698,95,Aug 27 2014 01: +0,1409097600
1.712,71,Aug 28 2014 01: +0,1409184000
1.764,93,Aug 29 2014 01: +0,1409270400
2.25,127,Aug 30 2014 01: +0,1409356800
2.032,99,Aug 31 2014 01: +0,1409443200
1.991,89,Sep 01 2014 01: +0,1409529600
2.008,80,Sep 02 2014 01: +0,1409616000
1.835,118,Sep 03 2014 01: +0,1409702400
1.876,82,Sep 04 2014 01: +0,1409788800
1.687,94,Sep 05 2014 01: +0,1409875200
1.527,99,Sep 06 2014 01: +0,1409961600
1.475,74,Sep 07 2014 01: +0,1410048000
1.514,56,Sep 08 2014 01: +0,1410134400
1.461,64,Sep 09 2014 01: +0,1410220800
1.469,68,Sep 10 2014 01: +0,1410307200
1.647,72,Sep 11 2014 01: +0,1410393600
1.331,81,Sep 12 2014 01: +0,1410480000
1.415,102,Sep 13 2014 01: +0,1410566400
1.375,103,Sep 14 2014 01: +0,1410652800
1.395,54,Sep 15 2014 01: +0,1410739200
1.378,73,Sep 16 2014 01: +0,1410825600
1.459,61,Sep 17 2014 01: +0,1410912000
1.43,86,Sep 18 2014 01: +0,1410998400
1.451,68,Sep 19 2014 01: +0,1411084800
1.418,69,Sep 20 2014 01: +0,1411171200
1.466,62,Sep 21 2014 01: +0,1411257600
1.474,66,Sep 22 2014 01: +0,1411344000
1.452,53,Sep 23 2014 01: +0,1411430400
1.397,62,Sep 24 2014 01: +0,1411516800
1.437,49,Sep 25 2014 01: +0,1411603200
1.5,83,Sep 26 2014 01: +0,1411689600
1.465,97,Sep 27 2014 01: +0,1411776000
1.531,83,Sep 28 2014 01: +0,1411862400
1.555,61,Sep 29 2014 01: +0,1411948800
1.471,56,Sep 30 2014 01: +0,1412035200
1.503,58,Oct 01 2014 01: +0,1412121600
1.486,77,Oct 02 2014 01: +0,1412208000
1.527,80,Oct 03 2014 01: +0,1412294400
1.625,73,Oct 04 2014 01: +0,1412380800
1.561,63,Oct 05 2014 01: +0,1412467200
1.695,51,Oct 06 2014 01: +0,1412553600
1.618,47,Oct 07 2014 01: +0,1412640000
1.78,78,Oct 08 2014 01: +0,1412726400
1.943,62,Oct 09 2014 01: +0,1412812800
1.532,64,Oct 10 2014 01: +0,1412899200
1.623,74,Oct 11 2014 01: +0,1412985600
1.569,89,Oct 12 2014 01: +0,1413072000
1.796,50,Oct 13 2014 01: +0,1413158400
1.791,51,Oct 14 2014 01: +0,1413244800
1.808,45,Oct 15 2014 01: +0,1413331200
1.653,57,Oct 16 2014 01: +0,1413417600
1.482,72,Oct 17 2014 01: +0,1413504000
1.578,83,Oct 18 2014 01: +0,1413590400
1.62,73,Oct 19 2014 01: +0,1413676800
1.644,49,Oct 20 2014 01: +0,1413763200
1.571,57,Oct 21 2014 01: +0,1413849600
1.551,57,Oct 22 2014 01: +0,1413936000
1.606,45,Oct 23 2014 01: +0,1414022400
1.687,62,Oct 24 2014 01: +0,1414108800
1.78,59,Oct 25 2014 01: +0,1414195200
1.648,92,Oct 26 2014 01: +0,1414281600
1.573,78,Oct 27 2014 01: +0,1414371600
1.763,59,Oct 28 2014 01: +0,1414458000
1.758,37,Oct 29 2014 01: +0,1414544400
1.763,53,Oct 30 2014 01: +0,1414630800
1.568,76,Oct 31 2014 01: +0,1414717200
1.628,87,Nov 01 2014 01: +0,1414803600
1.554,78,Nov 02 2014 01: +0,1414890000
1.657,36,Nov 03 2014 01: +0,1414976400
1.658,56,Nov 04 2014 01: +0,1415062800
1.701,47,Nov 05 2014 01: +0,1415149200
1.647,38,Nov 06 2014 01: +0,1415235600
1.687,60,Nov 07 2014 01: +0,1415322000
1.675,62,Nov 08 2014 01: +0,1415408400
1.696,51,Nov 09 2014 01: +0,1415494800
1.619,75,Nov 10 2014 01: +0,1415581200
1.735,61,Nov 11 2014 01: +0,1415667600
1.181,210,Nov 12 2014 01: +0,1415754000
1.112,107,Nov 13 2014 01: +0,1415840400
1.315,85,Nov 14 2014 01: +0,1415926800
1.279,103,Nov 15 2014 01: +0,1416013200
1.295,105,Nov 16 2014 01: +0,1416099600
1.221,50,Nov 17 2014 01: +0,1416186000
1.348,61,Nov 18 2014 01: +0,1416272400
1.219,56,Nov 19 2014 01: +0,1416358800
1.249,62,Nov 20 2014 01: +0,1416445200
1.26,58,Nov 21 2014 01: +0,1416531600
1.269,79,Nov 22 2014 01: +0,1416618000
1.181,64,Nov 23 2014 01: +0,1416704400
1.17,56,Nov 24 2014 01: +0,1416790800
1.327,48,Nov 25 2014 01: +0,1416877200
1.389,47,Nov 26 2014 01: +0,1416963600
1.362,52,Nov 27 2014 01: +0,1417050000
1.203,53,Nov 28 2014 01: +0,1417136400
1.394,12,Nov 29 2014 01: +0,1417222800
0.951,105,Nov 30 2014 01: +0,1417309200
1.052,82,Dec 01 2014 01: +0,1417395600
1.115,37,Dec 02 2014 01: +0,1417482000
1.23,70,Dec 03 2014 01: +0,1417568400
1.353,34,Dec 04 2014 01: +0,1417654800
1.523,80,Dec 05 2014 01: +0,1417741200
1.71,44,Dec 06 2014 01: +0,1417827600
1.451,42,Dec 07 2014 01: +0,1417914000
1.345,60,Dec 08 2014 01: +0,1418000400
1.528,41,Dec 09 2014 01: +0,1418086800
1.565,41,Dec 10 2014 01: +0,1418173200
1.782,77,Dec 11 2014 01: +0,1418259600
1.808,47,Dec 12 2014 01: +0,1418346000
1.763,66,Dec 13 2014 01: +0,1418432400
1.75,35,Dec 14 2014 01: +0,1418518800
1.556,58,Dec 15 2014 01: +0,1418605200
1.836,61,Dec 16 2014 01: +0,1418691600
1.732,57,Dec 17 2014 01: +0,1418778000
1.829,44,Dec 18 2014 01: +0,1418864400
1.738,46,Dec 19 2014 01: +0,1418950800
1.549,58,Dec 20 2014 01: +0,1419037200
1.597,48,Dec 21 2014 01: +0,1419123600
1.589,45,Dec 22 2014 01: +0,1419210000
1.533,50,Dec 23 2014 01: +0,1419296400
1.687,70,Dec 24 2014 01: +0,1419382800
1.959,63,Dec 25 2014 01: +0,1419469200
1.883,68,Dec 26 2014 01: +0,1419555600
1.817,81,Dec 27 2014 01: +0,1419642000
1.831,46,Dec 28 2014 01: +0,1419728400
1.854,56,Dec 29 2014 01: +0,1419814800
2.06,57,Dec 30 2014 01: +0,1419901200
2.139,56,Dec 31 2014 01: +0,1419987600
2.16,67,Jan 01 2015 01: +0,1420074000
2.125,67,Jan 02 2015 01: +0,1420160400
2.44,55,Jan 03 2015 01: +0,1420246800
2.637,76,Jan 04 2015 01: +0,1420333200
2.811,36,Jan 05 2015 01: +0,1420419600
2.514,56,Jan 06 2015 01: +0,1420506000
2.61,45,Jan 07 2015 01: +0,1420592400
2.625,46,Jan 08 2015 01: +0,1420678800
2.66,77,Jan 09 2015 01: +0,1420765200
2.533,56,Jan 10 2015 01: +0,1420851600
2.223,68,Jan 11 2015 01: +0,1420938000
2.184,48,Jan 12 2015 01: +0,1421024400
2.197,52,Jan 13 2015 01: +0,1421110800
2.225,66,Jan 14 2015 01: +0,1421197200
2.328,58,Jan 15 2015 01: +0,1421283600
2.191,61,Jan 16 2015 01: +0,1421370000
2.182,73,Jan 17 2015 01: +0,1421456400
2.171,47,Jan 18 2015 01: +0,1421542800
2.027,42,Jan 19 2015 01: +0,1421629200
2.145,63,Jan 20 2015 01: +0,1421715600
2.266,56,Jan 21 2015 01: +0,1421802000
2.068,53,Jan 22 2015 01: +0,1421888400
2.262,64,Jan 23 2015 01: +0,1421974800
2.332,61,Jan 24 2015 01: +0,1422061200
2.27,57,Jan 25 2015 01: +0,1422147600
2.034,62,Jan 26 2015 01: +0,1422234000
2.305,39,Jan 27 2015 01: +0,1422320400
2.293,49,Jan 28 2015 01: +0,1422406800
2.154,76,Jan 29 2015 01: +0,1422493200
2.541,52,Jan 30 2015 01: +0,1422579600
2.346,60,Jan 31 2015 01: +0,1422666000
2.244,69,Feb 01 2015 01: +0,1422752400
2.207,46,Feb 02 2015 01: +0,1422838800
2.575,51,Feb 03 2015 01: +0,1422925200
2.194,32,Feb 04 2015 01: +0,1423011600
2.335,53,Feb 05 2015 01: +0,1423098000
2.342,63,Feb 06 2015 01: +0,1423184400
2.487,61,Feb 07 2015 01: +0,1423270800
2.356,50,Feb 08 2015 01: +0,1423357200
2.197,46,Feb 09 2015 01: +0,1423443600
2.287,47,Feb 10 2015 01: +0,1423530000
2.457,52,Feb 11 2015 01: +0,1423616400
2.784,95,Feb 12 2015 01: +0,1423702800
3.654,55,Feb 13 2015 01: +0,1423789200
3.071,37,Feb 14 2015 01: +0,1423875600
3.057,64,Feb 15 2015 01: +0,1423962000
3.486,55,Feb 16 2015 01: +0,1424048400
3.634,40,Feb 17 2015 01: +0,1424134800
3.541,29,Feb 18 2015 01: +0,1424221200
3.4,49,Feb 19 2015 01: +0,1424307600
3.388,38,Feb 20 2015 01: +0,1424394000
3.511,46,Feb 21 2015 01: +0,1424480400
3.465,48,Feb 22 2015 01: +0,1424566800
3.39,49,Feb 23 2015 01: +0,1424653200
3.484,34,Feb 24 2015 01: +0,1424739600
4.089,54,Feb 25 2015 01: +0,1424826000
4.086,26,Feb 26 2015 01: +0,1424912400
3.806,41,Feb 27 2015 01: +0,1424998800
4.001,47,Feb 28 2015 01: +0,1425085200
3.899,41,Mar 01 2015 01: +0,1425171600
4.025,32,Mar 02 2015 01: +0,1425258000
3.871,20,Mar 03 2015 01: +0,1425344400
3.942,36,Mar 04 2015 01: +0,1425430800
3.933,24,Mar 05 2015 01: +0,1425517200
3.873,38,Mar 06 2015 01: +0,1425603600
3.909,44,Mar 07 2015 01: +0,1425690000
4.066,53,Mar 08 2015 01: +0,1425776400
3.852,25,Mar 09 2015 01: +0,1425862800
4.1,20,Mar 10 2015 01: +0,1425949200
3.791,38,Mar 11 2015 01: +0,1426035600
3.668,34,Mar 12 2015 01: +0,1426122000
3.885,38,Mar 13 2015 01: +0,1426208400
3.737,45,Mar 14 2015 01: +0,1426294800
3.617,47,Mar 15 2015 01: +0,1426381200
3.449,38,Mar 16 2015 01: +0,1426467600
3.67,43,Mar 17 2015 01: +0,1426554000
4.017,33,Mar 18 2015 01: +0,1426640400
3.769,29,Mar 19 2015 01: +0,1426726800
3.81,42,Mar 20 2015 01: +0,1426813200
3.903,20,Mar 21 2015 01: +0,1426899600
3.756,37,Mar 22 2015 01: +0,1426986000
3.614,14,Mar 23 2015 01: +0,1427072400
4.179,37,Mar 24 2015 01: +0,1427158800
3.778,37,Mar 25 2015 01: +0,1427245200
3.586,20,Mar 26 2015 01: +0,1427331600
3.409,37,Mar 27 2015 01: +0,1427418000
3.627,63,Mar 28 2015 01: +0,1427504400
3.938,40,Mar 29 2015 01: +0,1427590800
3.707,24,Mar 30 2015 01: +0,1427673600
4.086,27,Mar 31 2015 01: +0,1427760000
3.888,41,Apr 01 2015 01: +0,1427846400
3.869,49,Apr 02 2015 01: +0,1427932800
3.932,43,Apr 03 2015 01: +0,1428019200
4.033,35,Apr 04 2015 01: +0,1428105600
4.163,40,Apr 05 2015 01: +0,1428192000
3.742,30,Apr 06 2015 01: +0,1428278400
3.743,43,Apr 07 2015 01: +0,1428364800
4.15,37,Apr 08 2015 01: +0,1428451200
3.881,39,Apr 09 2015 01: +0,1428537600
3.871,31,Apr 10 2015 01: +0,1428624000
3.706,36,Apr 11 2015 01: +0,1428710400
3.785,52,Apr 12 2015 01: +0,1428796800
3.697,27,Apr 13 2015 01: +0,1428883200
3.401,38,Apr 14 2015 01: +0,1428969600
3.257,34,Apr 15 2015 01: +0,1429056000
3.321,36,Apr 16 2015 01: +0,1429142400
3.204,50,Apr 17 2015 01: +0,1429228800
3.298,50,Apr 18 2015 01: +0,1429315200
3.014,47,Apr 19 2015 01: +0,1429401600
2.915,30,Apr 20 2015 01: +0,1429488000
3.03,24,Apr 21 2015 01: +0,1429574400
3.115,27,Apr 22 2015 01: +0,1429660800
2.996,36,Apr 23 2015 01: +0,1429747200
2.896,37,Apr 24 2015 01: +0,1429833600
3.271,46,Apr 25 2015 01: +0,1429920000
2.954,33,Apr 26 2015 01: +0,1430006400
2.867,43,Apr 27 2015 01: +0,1430092800
3.106,40,Apr 28 2015 01: +0,1430179200
3.501,60,Apr 29 2015 01: +0,1430265600
3.529,45,Apr 30 2015 01: +0,1430352000
3.688,28,May 01 2015 01: +0,1430438400
3.446,42,May 02 2015 01: +0,1430524800
3.235,47,May 03 2015 01: +0,1430611200
3.694,46,May 04 2015 01: +0,1430697600
3.552,24,May 05 2015 01: +0,1430784000
3.292,30,May 06 2015 01: +0,1430870400
3.312,36,May 07 2015 01: +0,1430956800
3.436,53,May 08 2015 01: +0,1431043200
3.608,54,May 09 2015 01: +0,1431129600
3.504,24,May 10 2015 01: +0,1431216000
3.344,35,May 11 2015 01: +0,1431302400
3.729,39,May 12 2015 01: +0,1431388800
3.71,25,May 13 2015 01: +0,1431475200
4.057,52,May 14 2015 01: +0,1431561600
4.128,39,May 15 2015 01: +0,1431648000
4.065,29,May 16 2015 01: +0,1431734400
3.771,27,May 17 2015 01: +0,1431820800
3.525,35,May 18 2015 01: +0,1431907200
3.659,29,May 19 2015 01: +0,1431993600
3.91,35,May 20 2015 01: +0,1432080000
4.336,11,May 21 2015 01: +0,1432166400
4.148,37,May 22 2015 01: +0,1432252800
3.985,47,May 23 2015 01: +0,1432339200
4.239,38,May 24 2015 01: +0,1432425600
4.272,25,May 25 2015 01: +0,1432512000
3.932,20,May 26 2015 01: +0,1432598400
3.235,64,May 27 2015 01: +0,1432684800
3.517,39,May 28 2015 01: +0,1432771200
3.352,29,May 29 2015 01: +0,1432857600
3.622,49,May 30 2015 01: +0,1432944000
3.488,44,May 31 2015 01: +0,1433030400
3.59,38,Jun 01 2015 01: +0,1433116800
3.546,24,Jun 02 2015 01: +0,1433203200
4.18,51,Jun 03 2015 01: +0,1433289600
4.128,18,Jun 04 2015 01: +0,1433376000
3.497,40,Jun 05 2015 01: +0,1433462400
3.864,34,Jun 06 2015 01: +0,1433548800
3.671,29,Jun 07 2015 01: +0,1433635200
3.508,27,Jun 08 2015 01: +0,1433721600
3.928,40,Jun 09 2015 01: +0,1433808000
4.389,39,Jun 10 2015 01: +0,1433894400
3.613,32,Jun 11 2015 01: +0,1433980800
3.591,30,Jun 12 2015 01: +0,1434067200
3.495,33,Jun 13 2015 01: +0,1434153600
3.493,29,Jun 14 2015 01: +0,1434240000
3.416,33,Jun 15 2015 01: +0,1434326400
3.311,52,Jun 16 2015 01: +0,1434412800
3.157,49,Jun 17 2015 01: +0,1434499200
3.846,39,Jun 18 2015 01: +0,1434585600
3.708,33,Jun 19 2015 01: +0,1434672000
3.576,20,Jun 20 2015 01: +0,1434758400
3.323,59,Jun 21 2015 01: +0,1434844800
3.677,45,Jun 22 2015 01: +0,1434931200
3.905,36,Jun 23 2015 01: +0,1435017600
4.377,23,Jun 24 2015 01: +0,1435104000
4.079,18,Jun 25 2015 01: +0,1435190400
4.092,36,Jun 26 2015 01: +0,1435276800
4.277,41,Jun 27 2015 01: +0,1435363200
4.71,44,Jun 28 2015 01: +0,1435449600
4.466,28,Jun 29 2015 01: +0,1435536000
4.495,18,Jun 30 2015 01: +0,1435622400
4.619,27,Jul 01 2015 01: +0,1435708800
4.891,24,Jul 02 2015 01: +0,1435795200
4.564,24,Jul 03 2015 01: +0,1435881600
4.715,16,Jul 04 2015 01: +0,1435968000
4.506,29,Jul 05 2015 01: +0,1436054400
4.216,27,Jul 06 2015 01: +0,1436140800
4.316,20,Jul 07 2015 01: +0,1436227200
4.066,18,Jul 08 2015 01: +0,1436313600
3.919,28,Jul 09 2015 01: +0,1436400000
4.265,38,Jul 10 2015 01: +0,1436486400
4.282,25,Jul 11 2015 01: +0,1436572800
4.173,32,Jul 12 2015 01: +0,1436659200
4.035,20,Jul 13 2015 01: +0,1436745600
4.166,28,Jul 14 2015 01: +0,1436832000
4.679,24,Jul 15 2015 01: +0,1436918400
4.727,23,Jul 16 2015 01: +0,1437004800
4.311,34,Jul 17 2015 01: +0,1437091200
4.067,21,Jul 18 2015 01: +0,1437177600
4.061,22,Jul 19 2015 01: +0,1437264000
4.361,33,Jul 20 2015 01: +0,1437350400
4.494,34,Jul 21 2015 01: +0,1437436800
4.389,24,Jul 22 2015 01: +0,1437523200
4.551,22,Jul 23 2015 01: +0,1437609600
4.679,18,Jul 24 2015 01: +0,1437696000
4.33,38,Jul 25 2015 01: +0,1437782400
4.739,27,Jul 26 2015 01: +0,1437868800
4.371,36,Jul 27 2015 01: +0,1437955200
4.385,22,Jul 28 2015 01: +0,1438041600
4.217,23,Jul 29 2015 01: +0,1438128000
4.254,30,Jul 30 2015 01: +0,1438214400
4.482,33,Jul 31 2015 01: +0,1438300800
4.542,29,Aug 01 2015 01: +0,1438387200
4.26,32,Aug 02 2015 01: +0,1438473600
4.552,30,Aug 03 2015 01: +0,1438560000
4.151,25,Aug 04 2015 01: +0,1438646400
4.679,19,Aug 05 2015 01: +0,1438732800
4.55,15,Aug 06 2015 01: +0,1438819200
4.311,21,Aug 07 2015 01: +0,1438905600
4.694,19,Aug 08 2015 01: +0,1438992000
4.092,24,Aug 09 2015 01: +0,1439078400
4.253,33,Aug 10 2015 01: +0,1439164800
4.776,23,Aug 11 2015 01: +0,1439251200
4.879,22,Aug 12 2015 01: +0,1439337600
4.827,22,Aug 13 2015 01: +0,1439424000
4.799,20,Aug 14 2015 01: +0,1439510400
4.771,44,Aug 15 2015 01: +0,1439596800
4.781,29,Aug 16 2015 01: +0,1439683200
5.07,20,Aug 17 2015 01: +0,1439769600
5.149,18,Aug 18 2015 01: +0,1439856000
4.317,20,Aug 19 2015 01: +0,1439942400
5.599,15,Aug 20 2015 01: +0,1440028800
4.352,32,Aug 21 2015 01: +0,1440115200
4.601,33,Aug 22 2015 01: +0,1440201600
4.232,28,Aug 23 2015 01: +0,1440288000
4.002,34,Aug 24 2015 01: +0,1440374400
4.473,33,Aug 25 2015 01: +0,1440460800
4.558,34,Aug 26 2015 01: +0,1440547200
4.741,19,Aug 27 2015 01: +0,1440633600
4.948,22,Aug 28 2015 01: +0,1440720000
4.957,30,Aug 29 2015 01: +0,1440806400
4.946,21,Aug 30 2015 01: +0,1440892800
4.783,15,Aug 31 2015 01: +0,1440979200
4.629,20,Sep 01 2015 01: +0,1441065600
4.898,14,Sep 02 2015 01: +0,1441152000
4.65,18,Sep 03 2015 01: +0,1441238400
4.538,26,Sep 04 2015 01: +0,1441324800
4.978,24,Sep 05 2015 01: +0,1441411200
4.614,24,Sep 06 2015 01: +0,1441497600
4.443,20,Sep 07 2015 01: +0,1441584000
4.558,23,Sep 08 2015 01: +0,1441670400
5.157,23,Sep 09 2015 01: +0,1441756800
4.468,30,Sep 10 2015 01: +0,1441843200
5.208,25,Sep 11 2015 01: +0,1441929600
4.96,22,Sep 12 2015 01: +0,1442016000
5.12,22,Sep 13 2015 01: +0,1442102400
5.566,21,Sep 14 2015 01: +0,1442188800
6.207,19,Sep 15 2015 01: +0,1442275200
5.899,19,Sep 16 2015 01: +0,1442361600
5.015,17,Sep 17 2015 01: +0,1442448000
5.02,17,Sep 18 2015 01: +0,1442534400
4.584,29,Sep 19 2015 01: +0,1442620800
5.36,39,Sep 20 2015 01: +0,1442707200
5.13,23,Sep 21 2015 01: +0,1442793600
5.551,19,Sep 22 2015 01: +0,1442880000
5.769,19,Sep 23 2015 01: +0,1442966400
5.679,12,Sep 24 2015 01: +0,1443052800
5.585,17,Sep 25 2015 01: +0,1443139200
5.157,19,Sep 26 2015 01: +0,1443225600
5.224,18,Sep 27 2015 01: +0,1443312000
5.262,20,Sep 28 2015 01: +0,1443398400
5.005,21,Sep 29 2015 01: +0,1443484800
5.309,23,Sep 30 2015 01: +0,1443571200
5.549,17,Oct 01 2015 01: +0,1443657600
5.142,16,Oct 02 2015 01: +0,1443744000
5.274,24,Oct 03 2015 01: +0,1443830400
4.989,18,Oct 04 2015 01: +0,1443916800
5.645,30,Oct 05 2015 01: +0,1444003200
7.103,21,Oct 06 2015 01: +0,1444089600
5.899,26,Oct 07 2015 01: +0,1444176000
6.219,27,Oct 08 2015 01: +0,1444262400
6.562,24,Oct 09 2015 01: +0,1444348800
6.854,10,Oct 10 2015 01: +0,1444435200
6.538,13,Oct 11 2015 01: +0,1444521600
5.839,18,Oct 12 2015 01: +0,1444608000
5.819,15,Oct 13 2015 01: +0,1444694400
5.619,12,Oct 14 2015 01: +0,1444780800
5.382,28,Oct 15 2015 01: +0,1444867200
6.282,16,Oct 16 2015 01: +0,1444953600
6.093,26,Oct 17 2015 01: +0,1445040000
5.891,19,Oct 18 2015 01: +0,1445126400
6.204,18,Oct 19 2015 01: +0,1445212800
6.104,13,Oct 20 2015 01: +0,1445299200
5.445,21,Oct 21 2015 01: +0,1445385600
5.355,27,Oct 22 2015 01: +0,1445472000
5.6,17,Oct 23 2015 01: +0,1445558400
6.025,24,Oct 24 2015 01: +0,1445644800
5.714,24,Oct 25 2015 01: +0,1445731200
5.863,14,Oct 26 2015 01: +0,1445821200
5.546,16,Oct 27 2015 01: +0,1445907600
5.923,20,Oct 28 2015 01: +0,1445994000
5.772,27,Oct 29 2015 01: +0,1446080400
6.506,16,Oct 30 2015 01: +0,1446166800
6.199,27,Oct 31 2015 01: +0,1446253200
6.167,28,Nov 01 2015 01: +0,1446339600
5.699,21,Nov 02 2015 01: +0,1446426000
5.504,23,Nov 03 2015 01: +0,1446512400
5.469,27,Nov 04 2015 01: +0,1446598800
5.472,14,Nov 05 2015 01: +0,1446685200
5.422,14,Nov 06 2015 01: +0,1446771600
7.266,29,Nov 07 2015 01: +0,1446858000
6.308,18,Nov 08 2015 01: +0,1446944400
5.937,23,Nov 09 2015 01: +0,1447030800
6.019,10,Nov 10 2015 01: +0,1447117200
5.587,19,Nov 11 2015 01: +0,1447203600
5.491,16,Nov 12 2015 01: +0,1447290000
5.735,12,Nov 13 2015 01: +0,1447376400
6.69,37,Nov 14 2015 01: +0,1447462800
6.63,18,Nov 15 2015 01: +0,1447549200
6.159,16,Nov 16 2015 01: +0,1447635600
7.376,17,Nov 17 2015 01: +0,1447722000
6.249,10,Nov 18 2015 01: +0,1447808400
6.48,10,Nov 19 2015 01: +0,1447894800
6.329,13,Nov 20 2015 01: +0,1447981200
6.304,17,Nov 21 2015 01: +0,1448067600
6.03,8,Nov 22 2015 01: +0,1448154000
5.998,17,Nov 23 2015 01: +0,1448240400
6.22,14,Nov 24 2015 01: +0,1448326800
5.508,15,Nov 25 2015 01: +0,1448413200
6.03,30,Nov 26 2015 01: +0,1448499600
8.969,19,Nov 27 2015 01: +0,1448586000
6.291,17,Nov 28 2015 01: +0,1448672400
6.28,10,Nov 29 2015 01: +0,1448758800
5.065,21,Nov 30 2015 01: +0,1448845200
5.278,17,Dec 01 2015 01: +0,1448931600
5.712,15,Dec 02 2015 01: +0,1449018000
5.941,20,Dec 03 2015 01: +0,1449104400
6.51,17,Dec 04 2015 01: +0,1449190800
7.509,21,Dec 05 2015 01: +0,1449277200
7.846,11,Dec 06 2015 01: +0,1449363600
7.088,12,Dec 07 2015 01: +0,1449450000
7.763,11,Dec 08 2015 01: +0,1449536400
7.16,6,Dec 09 2015 01: +0,1449622800
6.278,14,Dec 10 2015 01: +0,1449709200
6.361,18,Dec 11 2015 01: +0,1449795600
6.937,17,Dec 12 2015 01: +0,1449882000
6.649,16,Dec 13 2015 01: +0,1449968400
7.797,26,Dec 14 2015 01: +0,1450054800
7.504,20,Dec 15 2015 01: +0,1450141200
7.505,11,Dec 16 2015 01: +0,1450227600
7.029,13,Dec 17 2015 01: +0,1450314000
7.452,9,Dec 18 2015 01: +0,1450400400
7.251,8,Dec 19 2015 01: +0,1450486800
6.547,18,Dec 20 2015 01: +0,1450573200
6.467,2,Dec 21 2015 01: +0,1450659600
6.114,15,Dec 22 2015 01: +0,1450746000
6.086,33,Dec 23 2015 01: +0,1450832400
5.116,34,Dec 24 2015 01: +0,1450918800
6.166,17,Dec 25 2015 01: +0,1451005200
9.084,20,Dec 26 2015 01: +0,1451091600
6.41,13,Dec 27 2015 01: +0,1451178000
7.008,26,Dec 28 2015 01: +0,1451264400
7.067,10,Dec 29 2015 01: +0,1451350800
7.042,25,Dec 30 2015 01: +0,1451437200
10.043,17,Dec 31 2015 01: +0,1451523600
7.545,10,Jan 01 2016 01: +0,1451610000
6.691,18,Jan 02 2016 01: +0,1451696400
6.532,17,Jan 03 2016 01: +0,1451782800
6.135,20,Jan 04 2016 01: +0,1451869200
7.122,9,Jan 05 2016 01: +0,1451955600
7.376,14,Jan 06 2016 01: +0,1452042000
6.852,11,Jan 07 2016 01: +0,1452128400
6.289,20,Jan 08 2016 01: +0,1452214800
7.164,11,Jan 09 2016 01: +0,1452301200
6.993,19,Jan 10 2016 01: +0,1452387600
8.286,13,Jan 11 2016 01: +0,1452474000
6.767,9,Jan 12 2016 01: +0,1452560400
6.019,16,Jan 13 2016 01: +0,1452646800
6.819,16,Jan 14 2016 01: +0,1452733200
6.719,14,Jan 15 2016 01: +0,1452819600
6.712,23,Jan 16 2016 01: +0,1452906000
8.275,25,Jan 17 2016 01: +0,1452992400
7.759,14,Jan 18 2016 01: +0,1453078800
10.773,8,Jan 19 2016 01: +0,1453165200
7.698,19,Jan 20 2016 01: +0,1453251600
6.947,9,Jan 21 2016 01: +0,1453338000
6.653,18,Jan 22 2016 01: +0,1453424400
7.097,20,Jan 23 2016 01: +0,1453510800
7.64,18,Jan 24 2016 01: +0,1453597200
7.796,8,Jan 25 2016 01: +0,1453683600
8.347,10,Jan 26 2016 01: +0,1453770000
7.769,14,Jan 27 2016 01: +0,1453856400
6.551,4,Jan 28 2016 01: +0,1453942800
7.317,8,Jan 29 2016 01: +0,1454029200
7.142,11,Jan 30 2016 01: +0,1454115600
7.742,18,Jan 31 2016 01: +0,1454202000
7.029,8,Feb 01 2016 01: +0,1454288400
7.49,12,Feb 02 2016 01: +0,1454374800
6.947,20,Feb 03 2016 01: +0,1454461200
8.085,10,Feb 04 2016 01: +0,1454547600
7.878,10,Feb 05 2016 01: +0,1454634000
6.406,14,Feb 06 2016 01: +0,1454720400
6.208,15,Feb 07 2016 01: +0,1454806800
6.391,12,Feb 08 2016 01: +0,1454893200
6.658,14,Feb 09 2016 01: +0,1454979600
8.029,16,Feb 10 2016 01: +0,1455066000
8.518,8,Feb 11 2016 01: +0,1455152400
6.569,11,Feb 12 2016 01: +0,1455238800
6.095,10,Feb 13 2016 01: +0,1455325200
5.932,26,Feb 14 2016 01: +0,1455411600
6.856,17,Feb 15 2016 01: +0,1455498000
6.423,14,Feb 16 2016 01: +0,1455584400
5.573,13,Feb 17 2016 01: +0,1455670800
5.455,26,Feb 18 2016 01: +0,1455757200
5.687,16,Feb 19 2016 01: +0,1455843600
5.746,20,Feb 20 2016 01: +0,1455930000
6.0,23,Feb 21 2016 01: +0,1456016400
5.801,16,Feb 22 2016 01: +0,1456102800
5.83,15,Feb 23 2016 01: +0,1456189200
5.796,20,Feb 24 2016 01: +0,1456275600
5.772,23,Feb 25 2016 01: +0,1456362000
5.918,21,Feb 26 2016 01: +0,1456448400
5.751,20,Feb 27 2016 01: +0,1456534800
5.62,15,Feb 28 2016 01: +0,1456621200
5.922,26,Feb 29 2016 01: +0,1456707600
6.337,28,Mar 01 2016 01: +0,1456794000
6.586,18,Mar 02 2016 01: +0,1456880400
6.882,17,Mar 03 2016 01: +0,1456966800
7.938,12,Mar 04 2016 01: +0,1457053200
6.437,26,Mar 05 2016 01: +0,1457139600
6.869,25,Mar 06 2016 01: +0,1457226000
7.282,9,Mar 07 2016 01: +0,1457312400
6.504,11,Mar 08 2016 01: +0,1457398800
6.086,7,Mar 09 2016 01: +0,1457485200
6.199,10,Mar 10 2016 01: +0,1457571600
5.935,21,Mar 11 2016 01: +0,1457658000
6.609,19,Mar 12 2016 01: +0,1457744400
6.912,18,Mar 13 2016 01: +0,1457830800
7.701,26,Mar 14 2016 01: +0,1457917200
7.509,8,Mar 15 2016 01: +0,1458003600
7.445,11,Mar 16 2016 01: +0,1458090000
7.175,16,Mar 17 2016 01: +0,1458176400
7.013,20,Mar 18 2016 01: +0,1458262800
7.541,13,Mar 19 2016 01: +0,1458349200
7.021,13,Mar 20 2016 01: +0,1458435600
10.722,14,Mar 21 2016 01: +0,1458522000
6.865,9,Mar 22 2016 01: +0,1458608400
7.128,13,Mar 23 2016 01: +0,1458694800
6.992,12,Mar 24 2016 01: +0,1458781200
6.657,15,Mar 25 2016 01: +0,1458867600
6.491,14,Mar 26 2016 01: +0,1458954000
7.009,21,Mar 27 2016 01: +0,1459040400
6.927,10,Mar 28 2016 01: +0,1459123200
7.075,15,Mar 29 2016 01: +0,1459209600
7.409,17,Mar 30 2016 01: +0,1459296000
6.986,13,Mar 31 2016 01: +0,1459382400
7.659,23,Apr 01 2016 01: +0,1459468800
7.287,12,Apr 02 2016 01: +0,1459555200
7.118,22,Apr 03 2016 01: +0,1459641600
7.792,7,Apr 04 2016 01: +0,1459728000
7.056,6,Apr 05 2016 01: +0,1459814400
7.67,15,Apr 06 2016 01: +0,1459900800
8.081,10,Apr 07 2016 01: +0,1459987200
9.177,22,Apr 08 2016 01: +0,1460073600
8.657,17,Apr 09 2016 01: +0,1460160000
8.527,37,Apr 10 2016 01: +0,1460246400
9.387,9,Apr 11 2016 01: +0,1460332800
10.357,23,Apr 12 2016 01: +0,1460419200
8.651,9,Apr 13 2016 01: +0,1460505600
8.747,11,Apr 14 2016 01: +0,1460592000
9.436,12,Apr 15 2016 01: +0,1460678400
11.955,7,Apr 16 2016 01: +0,1460764800
9.561,10,Apr 17 2016 01: +0,1460851200
8.423,16,Apr 18 2016 01: +0,1460937600
8.0,14,Apr 19 2016 01: +0,1461024000
8.317,5,Apr 20 2016 01: +0,1461110400
8.151,16,Apr 21 2016 01: +0,1461196800
8.173,12,Apr 22 2016 01: +0,1461283200
8.531,20,Apr 23 2016 01: +0,1461369600
8.038,21,Apr 24 2016 01: +0,1461456000
8.234,18,Apr 25 2016 01: +0,1461542400
8.924,14,Apr 26 2016 01: +0,1461628800
10.441,8,Apr 27 2016 01: +0,1461715200
8.078,7,Apr 28 2016 01: +0,1461801600
7.807,14,Apr 29 2016 01: +0,1461888000
8.098,19,Apr 30 2016 01: +0,1461974400
9.395,19,May 01 2016 01: +0,1462060800
7.794,10,May 02 2016 01: +0,1462147200
10.845,16,May 03 2016 01: +0,1462233600
8.242,9,May 04 2016 01: +0,1462320000
8.55,6,May 05 2016 01: +0,1462406400
7.886,12,May 06 2016 01: +0,1462492800
8.421,10,May 07 2016 01: +0,1462579200
8.273,10,May 08 2016 01: +0,1462665600
7.88,12,May 09 2016 01: +0,1462752000
7.76,5,May 10 2016 01: +0,1462838400
7.488,7,May 11 2016 01: +0,1462924800
9.276,16,May 12 2016 01: +0,1463011200
8.551,11,May 13 2016 01: +0,1463097600
7.869,5,May 14 2016 01: +0,1463184000
7.887,9,May 15 2016 01: +0,1463270400
8.145,6,May 16 2016 01: +0,1463356800
7.985,9,May 17 2016 01: +0,1463443200
8.171,11,May 18 2016 01: +0,1463529600
7.865,14,May 19 2016 01: +0,1463616000
7.027,12,May 20 2016 01: +0,1463702400
8.048,9,May 21 2016 01: +0,1463788800
6.217,9,May 22 2016 01: +0,1463875200
7.769,8,May 23 2016 01: +0,1463961600
7.111,10,May 24 2016 01: +0,1464048000
6.987,10,May 25 2016 01: +0,1464134400
6.702,11,May 26 2016 01: +0,1464220800
6.491,6,May 27 2016 01: +0,1464307200
6.484,13,May 28 2016 01: +0,1464393600
6.89,12,May 29 2016 01: +0,1464480000
6.892,16,May 30 2016 01: +0,1464566400
6.695,14,May 31 2016 01: +0,1464652800
7.148,11,Jun 01 2016 01: +0,1464739200
6.727,13,Jun 02 2016 01: +0,1464825600
6.816,16,Jun 03 2016 01: +0,1464912000
7.345,12,Jun 04 2016 01: +0,1464998400
7.216,11,Jun 05 2016 01: +0,1465084800
7.102,10,Jun 06 2016 01: +0,1465171200
7.032,7,Jun 07 2016 01: +0,1465257600
7.126,11,Jun 08 2016 01: +0,1465344000
7.322,7,Jun 09 2016 01: +0,1465430400
6.808,8,Jun 10 2016 01: +0,1465516800
7.473,17,Jun 11 2016 01: +0,1465603200
7.373,12,Jun 12 2016 01: +0,1465689600
7.623,5,Jun 13 2016 01: +0,1465776000
6.819,9,Jun 14 2016 01: +0,1465862400
8.236,1,Jun 15 2016 01: +0,1465948800
7.625,12,Jun 16 2016 01: +0,1466035200
7.353,18,Jun 17 2016 01: +0,1466121600
8.313,23,Jun 18 2016 01: +0,1466208000
9.775,14,Jun 19 2016 01: +0,1466294400
7.333,4,Jun 20 2016 01: +0,1466380800
7.201,9,Jun 21 2016 01: +0,1466467200
7.671,17,Jun 22 2016 01: +0,1466553600
6.507,12,Jun 23 2016 01: +0,1466640000
5.621,13,Jun 24 2016 01: +0,1466726400
5.488,19,Jun 25 2016 01: +0,1466812800
5.52,24,Jun 26 2016 01: +0,1466899200
6.555,32,Jun 27 2016 01: +0,1466985600
8.322,9,Jun 28 2016 01: +0,1467072000
6.009,12,Jun 29 2016 01: +0,1467158400
6.124,9,Jun 30 2016 01: +0,1467244800
6.684,23,Jul 01 2016 01: +0,1467331200
7.819,3,Jul 02 2016 01: +0,1467417600
8.041,9,Jul 03 2016 01: +0,1467504000
6.896,7,Jul 04 2016 01: +0,1467590400
7.188,5,Jul 05 2016 01: +0,1467676800
5.987,8,Jul 06 2016 01: +0,1467763200
6.523,11,Jul 07 2016 01: +0,1467849600
6.937,16,Jul 08 2016 01: +0,1467936000
6.71,5,Jul 09 2016 01: +0,1468022400
6.459,9,Jul 10 2016 01: +0,1468108800
6.763,7,Jul 11 2016 01: +0,1468195200
6.552,4,Jul 12 2016 01: +0,1468281600
6.449,15,Jul 13 2016 01: +0,1468368000
6.332,12,Jul 14 2016 01: +0,1468454400
6.767,12,Jul 15 2016 01: +0,1468540800
6.986,12,Jul 16 2016 01: +0,1468627200
7.022,9,Jul 17 2016 01: +0,1468713600
7.443,11,Jul 18 2016 01: +0,1468800000
7.408,12,Jul 19 2016 01: +0,1468886400
7.562,10,Jul 20 2016 01: +0,1468972800
6.449,14,Jul 21 2016 01: +0,1469059200
7.097,11,Jul 22 2016 01: +0,1469145600
7.548,9,Jul 23 2016 01: +0,1469232000
7.961,2,Jul 24 2016 01: +0,1469318400
7.668,9,Jul 25 2016 01: +0,1469404800
7.705,7,Jul 26 2016 01: +0,1469491200
7.735,8,Jul 27 2016 01: +0,1469577600
7.651,3,Jul 28 2016 01: +0,1469664000
7.611,14,Jul 29 2016 01: +0,1469750400
7.569,5,Jul 30 2016 01: +0,1469836800
7.127,9,Jul 31 2016 01: +0,1469923200
7.141,10,Aug 01 2016 01: +0,1470009600
7.232,9,Aug 02 2016 01: +0,1470096000
7.251,10,Aug 03 2016 01: +0,1470182400
7.24,13,Aug 04 2016 01: +0,1470268800
6.851,8,Aug 05 2016 01: +0,1470355200
7.45,7,Aug 06 2016 01: +0,1470441600
7.249,21,Aug 07 2016 01: +0,1470528000
7.534,12,Aug 08 2016 01: +0,1470614400
8.19,7,Aug 09 2016 01: +0,1470700800
7.974,9,Aug 10 2016 01: +0,1470787200
8.318,4,Aug 11 2016 01: +0,1470873600
7.848,10,Aug 12 2016 01: +0,1470960000
8.037,9,Aug 13 2016 01: +0,1471046400
8.598,6,Aug 14 2016 01: +0,1471132800
8.494,5,Aug 15 2016 01: +0,1471219200
8.868,8,Aug 16 2016 01: +0,1471305600
8.036,2,Aug 17 2016 01: +0,1471392000
7.207,7,Aug 18 2016 01: +0,1471478400
6.892,4,Aug 19 2016 01: +0,1471564800
6.67,13,Aug 20 2016 01: +0,1471651200
6.589,8,Aug 21 2016 01: +0,1471737600
6.927,6,Aug 22 2016 01: +0,1471824000
7.709,17,Aug 23 2016 01: +0,1471910400
8.513,4,Aug 24 2016 01: +0,1471996800
7.895,2,Aug 25 2016 01: +0,1472083200
7.873,8,Aug 26 2016 01: +0,1472169600
8.755,9,Aug 27 2016 01: +0,1472256000
8.527,6,Aug 28 2016 01: +0,1472342400
6.9,8,Aug 29 2016 01: +0,1472428800
7.529,8,Aug 30 2016 01: +0,1472515200
7.182,7,Aug 31 2016 01: +0,1472601600
7.464,7,Sep 01 2016 01: +0,1472688000
7.46,5,Sep 02 2016 01: +0,1472774400
7.244,6,Sep 03 2016 01: +0,1472860800
6.523,4,Sep 04 2016 01: +0,1472947200
7.187,14,Sep 05 2016 01: +0,1473033600
9.784,11,Sep 06 2016 01: +0,1473120000
5.952,3,Sep 07 2016 01: +0,1473206400
8.635,8,Sep 08 2016 01: +0,1473292800
7.851,5,Sep 09 2016 01: +0,1473379200
7.676,12,Sep 10 2016 01: +0,1473465600
8.092,8,Sep 11 2016 01: +0,1473552000
9.69,3,Sep 12 2016 01: +0,1473638400
7.003,9,Sep 13 2016 01: +0,1473724800
6.896,8,Sep 14 2016 01: +0,1473811200
7.058,7,Sep 15 2016 01: +0,1473897600
6.198,3,Sep 16 2016 01: +0,1473984000
6.967,11,Sep 17 2016 01: +0,1474070400
7.348,13,Sep 18 2016 01: +0,1474156800
8.636,6,Sep 19 2016 01: +0,1474243200
8.093,3,Sep 20 2016 01: +0,1474329600
7.847,6,Sep 21 2016 01: +0,1474416000
6.972,5,Sep 22 2016 01: +0,1474502400
7.058,5,Sep 23 2016 01: +0,1474588800
6.559,1,Sep 24 2016 01: +0,1474675200
6.707,5,Sep 25 2016 01: +0,1474761600
6.142,9,Sep 26 2016 01: +0,1474848000
7.013,4,Sep 27 2016 01: +0,1474934400
7.344,5,Sep 28 2016 01: +0,1475020800
6.24,11,Sep 29 2016 01: +0,1475107200
7.19,7,Sep 30 2016 01: +0,1475193600
7.635,6,Oct 01 2016 01: +0,1475280000
7.694,6,Oct 02 2016 01: +0,1475366400
7.671,8,Oct 03 2016 01: +0,1475452800
7.165,3,Oct 04 2016 01: +0,1475539200
7.247,10,Oct 05 2016 01: +0,1475625600
7.741,5,Oct 06 2016 01: +0,1475712000
7.035,7,Oct 07 2016 01: +0,1475798400
6.883,4,Oct 08 2016 01: +0,1475884800
10.539,5,Oct 09 2016 01: +0,1475971200
7.666,8,Oct 10 2016 01: +0,1476057600
7.109,10,Oct 11 2016 01: +0,1476144000
7.326,7,Oct 12 2016 01: +0,1476230400
7.858,5,Oct 13 2016 01: +0,1476316800
6.836,8,Oct 14 2016 01: +0,1476403200
7.093,12,Oct 15 2016 01: +0,1476489600
7.32,8,Oct 16 2016 01: +0,1476576000
7.6,9,Oct 17 2016 01: +0,1476662400
13.522,6,Oct 18 2016 01: +0,1476748800
7.457,3,Oct 19 2016 01: +0,1476835200
6.19,3,Oct 20 2016 01: +0,1476921600
6.801,6,Oct 21 2016 01: +0,1477008000
6.619,8,Oct 22 2016 01: +0,1477094400
6.939,11,Oct 23 2016 01: +0,1477180800
7.275,4,Oct 24 2016 01: +0,1477267200
6.823,5,Oct 25 2016 01: +0,1477353600
7.451,11,Oct 26 2016 01: +0,1477440000
6.742,4,Oct 27 2016 01: +0,1477526400
5.663,3,Oct 28 2016 01: +0,1477612800
6.581,8,Oct 29 2016 01: +0,1477699200
6.415,7,Oct 30 2016 01: +0,1477785600
6.129,5,Oct 31 2016 01: +0,1477875600
5.847,9,Nov 01 2016 01: +0,1477962000
5.667,15,Nov 02 2016 01: +0,1478048400
6.176,5,Nov 03 2016 01: +0,1478134800
6.009,6,Nov 04 2016 01: +0,1478221200
7.098,7,Nov 05 2016 01: +0,1478307600
6.057,7,Nov 06 2016 01: +0,1478394000
6.703,5,Nov 07 2016 01: +0,1478480400
6.232,9,Nov 08 2016 01: +0,1478566800
6.212,6,Nov 09 2016 01: +0,1478653200
6.138,9,Nov 10 2016 01: +0,1478739600
6.575,8,Nov 11 2016 01: +0,1478826000
7.19,8,Nov 12 2016 01: +0,1478912400
6.683,5,Nov 13 2016 01: +0,1478998800
6.973,6,Nov 14 2016 01: +0,1479085200
6.267,3,Nov 15 2016 01: +0,1479171600
6.951,5,Nov 16 2016 01: +0,1479258000
6.744,2,Nov 17 2016 01: +0,1479344400
7.137,8,Nov 18 2016 01: +0,1479430800
7.42,4,Nov 19 2016 01: +0,1479517200
7.297,3,Nov 20 2016 01: +0,1479603600
7.295,6,Nov 21 2016 01: +0,1479690000
7.477,7,Nov 22 2016 01: +0,1479776400
7.544,4,Nov 23 2016 01: +0,1479862800
6.587,4,Nov 24 2016 01: +0,1479949200
6.272,6,Nov 25 2016 01: +0,1480035600
6.227,5,Nov 26 2016 01: +0,1480122000
5.966,10,Nov 27 2016 01: +0,1480208400
6.146,5,Nov 28 2016 01: +0,1480294800
6.164,11,Nov 29 2016 01: +0,1480381200
6.493,7,Nov 30 2016 01: +0,1480467600
6.711,5,Dec 01 2016 01: +0,1480554000
6.916,3,Dec 02 2016 01: +0,1480640400
6.632,5,Dec 03 2016 01: +0,1480726800
6.39,5,Dec 04 2016 01: +0,1480813200
6.858,4,Dec 05 2016 01: +0,1480899600
7.036,4,Dec 06 2016 01: +0,1480986000
7.019,5,Dec 07 2016 01: +0,1481072400
7.734,6,Dec 08 2016 01: +0,1481158800
7.521,3,Dec 09 2016 01: +0,1481245200
6.452,4,Dec 10 2016 01: +0,1481331600
7.059,9,Dec 11 2016 01: +0,1481418000
7.557,6,Dec 12 2016 01: +0,1481504400
6.298,5,Dec 13 2016 01: +0,1481590800
7.059,8,Dec 14 2016 01: +0,1481677200
7.23,8,Dec 15 2016 01: +0,1481763600
7.214,7,Dec 16 2016 01: +0,1481850000
7.592,11,Dec 17 2016 01: +0,1481936400
7.197,6,Dec 18 2016 01: +0,1482022800
7.484,4,Dec 19 2016 01: +0,1482109200
7.16,4,Dec 20 2016 01: +0,1482195600
5.695,4,Dec 21 2016 01: +0,1482282000
6.225,5,Dec 22 2016 01: +0,1482368400
6.263,8,Dec 23 2016 01: +0,1482454800
7.591,8,Dec 24 2016 01: +0,1482541200
6.857,6,Dec 25 2016 01: +0,1482627600
6.983,5,Dec 26 2016 01: +0,1482714000
6.831,8,Dec 27 2016 01: +0,1482800400
6.577,11,Dec 28 2016 01: +0,1482886800
6.887,9,Dec 29 2016 01: +0,1482973200
6.973,10,Dec 30 2016 01: +0,1483059600
6.652,4,Dec 31 2016 01: +0,1483146000
7.437,9,Jan 01 2017 01: +0,1483232400
6.792,13,Jan 02 2017 01: +0,1483318800
6.468,7,Jan 03 2017 01: +0,1483405200
6.822,12,Jan 04 2017 01: +0,1483491600
6.486,6,Jan 05 2017 01: +0,1483578000
7.16,7,Jan 06 2017 01: +0,1483664400
6.94,7,Jan 07 2017 01: +0,1483750800
7.522,11,Jan 08 2017 01: +0,1483837200
8.411,9,Jan 09 2017 01: +0,1483923600
9.192,7,Jan 10 2017 01: +0,1484010000
9.11,5,Jan 11 2017 01: +0,1484096400
11.845,7,Jan 12 2017 01: +0,1484182800
8.324,9,Jan 13 2017 01: +0,1484269200
8.21,7,Jan 14 2017 01: +0,1484355600
7.903,8,Jan 15 2017 01: +0,1484442000
8.09,5,Jan 16 2017 01: +0,1484528400
8.18,4,Jan 17 2017 01: +0,1484614800
8.457,6,Jan 18 2017 01: +0,1484701200
7.561,5,Jan 19 2017 01: +0,1484787600
8.242,7,Jan 20 2017 01: +0,1484874000
8.49,8,Jan 21 2017 01: +0,1484960400
9.083,4,Jan 22 2017 01: +0,1485046800
8.695,1,Jan 23 2017 01: +0,1485133200
8.791,8,Jan 24 2017 01: +0,1485219600
11.772,5,Jan 25 2017 01: +0,1485306000
9.337,6,Jan 26 2017 01: +0,1485392400
8.496,10,Jan 27 2017 01: +0,1485478800
8.391,9,Jan 28 2017 01: +0,1485565200
8.307,7,Jan 29 2017 01: +0,1485651600
8.416,8,Jan 30 2017 01: +0,1485738000
8.277,9,Jan 31 2017 01: +0,1485824400
8.946,8,Feb 01 2017 01: +0,1485910800
16.481,9,Feb 02 2017 01: +0,1485997200
9.16,5,Feb 03 2017 01: +0,1486083600
8.399,6,Feb 04 2017 01: +0,1486170000
8.706,9,Feb 05 2017 01: +0,1486256400
10.345,6,Feb 06 2017 01: +0,1486342800
8.784,6,Feb 07 2017 01: +0,1486429200
8.954,2,Feb 08 2017 01: +0,1486515600
10.563,1,Feb 09 2017 01: +0,1486602000
9.218,9,Feb 10 2017 01: +0,1486688400
9.377,7,Feb 11 2017 01: +0,1486774800
8.88,6,Feb 12 2017 01: +0,1486861200
8.912,7,Feb 13 2017 01: +0,1486947600
8.851,9,Feb 14 2017 01: +0,1487034000
9.574,6,Feb 15 2017 01: +0,1487120400
9.75,6,Feb 16 2017 01: +0,1487206800
9.639,1,Feb 17 2017 01: +0,1487293200
8.885,5,Feb 18 2017 01: +0,1487379600
8.34,8,Feb 19 2017 01: +0,1487466000
8.966,7,Feb 20 2017 01: +0,1487552400
7.816,8,Feb 21 2017 01: +0,1487638800
8.202,4,Feb 22 2017 01: +0,1487725200
7.895,7,Feb 23 2017 01: +0,1487811600
8.31,7,Feb 24 2017 01: +0,1487898000
8.194,10,Feb 25 2017 01: +0,1487984400
9.18,13,Feb 26 2017 01: +0,1488070800
10.426,4,Feb 27 2017 01: +0,1488157200
9.587,7,Feb 28 2017 01: +0,1488243600
10.443,7,Mar 01 2017 01: +0,1488330000
10.327,7,Mar 02 2017 01: +0,1488416400
9.545,5,Mar 03 2017 01: +0,1488502800
9.495,7,Mar 04 2017 01: +0,1488589200
9.531,6,Mar 05 2017 01: +0,1488675600
9.541,3,Mar 06 2017 01: +0,1488762000
9.759,4,Mar 07 2017 01: +0,1488848400
10.319,7,Mar 08 2017 01: +0,1488934800
9.116,4,Mar 09 2017 01: +0,1489021200
9.61,5,Mar 10 2017 01: +0,1489107600
8.959,3,Mar 11 2017 01: +0,1489194000
8.777,5,Mar 12 2017 01: +0,1489280400
9.385,17,Mar 13 2017 01: +0,1489366800
9.684,3,Mar 14 2017 01: +0,1489453200
8.518,5,Mar 15 2017 01: +0,1489539600
8.778,7,Mar 16 2017 01: +0,1489626000
8.007,5,Mar 17 2017 01: +0,1489712400
7.949,6,Mar 18 2017 01: +0,1489798800
8.227,9,Mar 19 2017 01: +0,1489885200
8.409,10,Mar 20 2017 01: +0,1489971600
8.181,6,Mar 21 2017 01: +0,1490058000
8.973,8,Mar 22 2017 01: +0,1490144400
9.058,6,Mar 23 2017 01: +0,1490230800
8.766,7,Mar 24 2017 01: +0,1490317200
8.295,5,Mar 25 2017 01: +0,1490403600
8.567,5,Mar 26 2017 01: +0,1490490000
8.118,2,Mar 27 2017 01: +0,1490572800
9.27,17,Mar 28 2017 01: +0,1490659200
9.562,4,Mar 29 2017 01: +0,1490745600
9.843,5,Mar 30 2017 01: +0,1490832000
8.689,3,Mar 31 2017 01: +0,1490918400
9.612,9,Apr 01 2017 01: +0,1491004800
9.435,3,Apr 02 2017 01: +0,1491091200
9.162,3,Apr 03 2017 01: +0,1491177600
9.107,5,Apr 04 2017 01: +0,1491264000
8.673,8,Apr 05 2017 01: +0,1491350400
10.277,5,Apr 06 2017 01: +0,1491436800
7.874,5,Apr 07 2017 01: +0,1491523200
8.65,8,Apr 08 2017 01: +0,1491609600
8.633,5,Apr 09 2017 01: +0,1491696000
8.464,7,Apr 10 2017 01: +0,1491782400
9.659,7,Apr 11 2017 01: +0,1491868800
10.118,4,Apr 12 2017 01: +0,1491955200
8.838,3,Apr 13 2017 01: +0,1492041600
9.791,4,Apr 14 2017 01: +0,1492128000
10.063,5,Apr 15 2017 01: +0,1492214400
9.394,3,Apr 16 2017 01: +0,1492300800
8.074,4,Apr 17 2017 01: +0,1492387200
8.215,5,Apr 18 2017 01: +0,1492473600
8.042,6,Apr 19 2017 01: +0,1492560000
8.374,3,Apr 20 2017 01: +0,1492646400
8.088,8,Apr 21 2017 01: +0,1492732800
8.572,13,Apr 22 2017 01: +0,1492819200
9.45,6,Apr 23 2017 01: +0,1492905600
9.358,11,Apr 24 2017 01: +0,1492992000
9.292,3,Apr 25 2017 01: +0,1493078400
9.656,3,Apr 26 2017 01: +0,1493164800
8.734,5,Apr 27 2017 01: +0,1493251200
9.573,1,Apr 28 2017 01: +0,1493337600
9.353,7,Apr 29 2017 01: +0,1493424000
9.531,5,Apr 30 2017 01: +0,1493510400
8.802,12,May 01 2017 01: +0,1493596800
9.98,7,May 02 2017 01: +0,1493683200
8.649,5,May 03 2017 01: +0,1493769600
8.922,7,May 04 2017 01: +0,1493856000
9.717,6,May 05 2017 01: +0,1493942400
9.357,8,May 06 2017 01: +0,1494028800
8.863,5,May 07 2017 01: +0,1494115200
8.51,5,May 08 2017 01: +0,1494201600
8.896,4,May 09 2017 01: +0,1494288000
8.224,7,May 10 2017 01: +0,1494374400
7.61,1,May 11 2017 01: +0,1494460800
8.423,8,May 12 2017 01: +0,1494547200
8.223,2,May 14 2017 01: +0,1494720000
8.143,7,May 15 2017 01: +0,1494806400
8.249,6,May 16 2017 01: +0,1494892800
8.877,5,May 17 2017 01: +0,1494979200
8.452,2,May 18 2017 01: +0,1495065600
8.881,7,May 19 2017 01: +0,1495152000
10.19,5,May 20 2017 01: +0,1495238400
9.87,8,May 21 2017 01: +0,1495324800
8.555,4,May 22 2017 01: +0,1495411200
8.778,3,May 23 2017 01: +0,1495497600
7.713,18,May 24 2017 01: +0,1495584000
8.126,7,May 25 2017 01: +0,1495670400
7.254,4,May 26 2017 01: +0,1495756800
7.201,10,May 27 2017 01: +0,1495843200
10.751,17,May 28 2017 01: +0,1495929600
8.305,5,May 29 2017 01: +0,1496016000
7.94,11,May 30 2017 01: +0,1496102400
7.344,3,May 31 2017 01: +0,1496188800
8.814,5,Jun 01 2017 01: +0,1496275200
9.414,26,Jun 02 2017 01: +0,1496361600
9.413,3,Jun 03 2017 01: +0,1496448000
11.466,4,Jun 04 2017 01: +0,1496534400
11.061,7,Jun 05 2017 01: +0,1496620800
8.686,6,Jun 06 2017 01: +0,1496707200
8.875,4,Jun 07 2017 01: +0,1496793600
9.639,10,Jun 08 2017 01: +0,1496880000
24.03,6,Jun 09 2017 01: +0,1496966400
9.501,7,Jun 10 2017 01: +0,1497052800
9.027,3,Jun 11 2017 01: +0,1497139200
8.8,5,Jun 12 2017 01: +0,1497225600
9.712,2,Jun 13 2017 01: +0,1497312000
9.529,7,Jun 14 2017 01: +0,1497398400
8.8,3,Jun 15 2017 01: +0,1497484800
9.82,2,Jun 16 2017 01: +0,1497571200
9.575,7,Jun 17 2017 01: +0,1497657600
9.164,3,Jun 18 2017 01: +0,1497744000
9.934,3,Jun 19 2017 01: +0,1497830400
8.564,5,Jun 20 2017 01: +0,1497916800
10.047,6,Jun 21 2017 01: +0,1498003200
8.972,3,Jun 22 2017 01: +0,1498089600
8.484,3,Jun 23 2017 01: +0,1498176000
6.454,3,Jun 24 2017 01: +0,1498262400
7.557,11,Jun 25 2017 01: +0,1498348800
7.269,7,Jun 26 2017 01: +0,1498435200
9.169,10,Jun 27 2017 01: +0,1498521600
10.453,13,Jun 29 2017 01: +0,1498694400
9.154,8,Jun 30 2017 01: +0,1498780800
9.251,4,Jul 01 2017 01: +0,1498867200
8.465,5,Jul 02 2017 01: +0,1498953600
9.527,2,Jul 03 2017 01: +0,1499040000
7.143,5,Jul 04 2017 01: +0,1499126400
8.309,10,Jul 05 2017 01: +0,1499212800
9.09,8,Jul 06 2017 01: +0,1499299200
8.629,6,Jul 07 2017 01: +0,1499385600
8.421,5,Jul 08 2017 01: +0,1499472000
8.758,18,Jul 09 2017 01: +0,1499558400
9.22,6,Jul 10 2017 01: +0,1499644800
8.822,5,Jul 11 2017 01: +0,1499731200
7.614,2,Jul 12 2017 01: +0,1499817600
8.219,5,Jul 13 2017 01: +0,1499904000
7.757,6,Jul 14 2017 01: +0,1499990400
7.843,4,Jul 15 2017 01: +0,1500076800
7.679,4,Jul 16 2017 01: +0,1500163200
8.413,8,Jul 17 2017 01: +0,1500249600
8.481,9,Jul 18 2017 01: +0,1500336000
8.519,6,Jul 19 2017 01: +0,1500422400
8.937,5,Jul 20 2017 01: +0,1500508800
7.667,7,Jul 21 2017 01: +0,1500595200
7.249,6,Jul 22 2017 01: +0,1500681600
7.56,6,Jul 23 2017 01: +0,1500768000
8.081,7,Jul 24 2017 01: +0,1500854400
7.691,8,Jul 25 2017 01: +0,1500940800
9.68,7,Jul 26 2017 01: +0,1501027200
8.685,1,Jul 27 2017 01: +0,1501113600
8.647,3,Jul 28 2017 01: +0,1501200000
8.099,6,Jul 29 2017 01: +0,1501286400
8.879,8,Jul 30 2017 01: +0,1501372800
8.575,6,Jul 31 2017 01: +0,1501459200
8.203,4,Aug 01 2017 01: +0,1501545600
9.544,8,Aug 02 2017 01: +0,1501632000
10.739,5,Aug 03 2017 01: +0,1501718400
8.863,2,Aug 04 2017 01: +0,1501804800
8.487,5,Aug 05 2017 01: +0,1501891200
8.442,7,Aug 06 2017 01: +0,1501977600
9.716,7,Aug 07 2017 01: +0,1502064000
9.009,10,Aug 08 2017 01: +0,1502150400
9.584,2,Aug 09 2017 01: +0,1502236800
9.661,4,Aug 10 2017 01: +0,1502323200
8.552,3,Aug 11 2017 01: +0,1502409600
9.049,5,Aug 12 2017 01: +0,1502496000
9.237,10,Aug 13 2017 01: +0,1502582400
8.791,2,Aug 14 2017 01: +0,1502668800
8.476,3,Aug 15 2017 01: +0,1502755200
8.462,3,Aug 16 2017 01: +0,1502841600
8.559,7,Aug 17 2017 01: +0,1502928000
7.56,8,Aug 18 2017 01: +0,1503014400
8.994,6,Aug 19 2017 01: +0,1503100800
5.814,1,Aug 20 2017 01: +0,1503187200
7.823,5,Aug 21 2017 01: +0,1503273600
7.809,5,Aug 22 2017 01: +0,1503360000
7.024,7,Aug 23 2017 01: +0,1503446400
7.709,10,Aug 24 2017 01: +0,1503532800
7.72,2,Aug 25 2017 01: +0,1503619200
7.72,4,Aug 26 2017 01: +0,1503705600
10.994,6,Aug 27 2017 01: +0,1503792000
8.44,2,Aug 28 2017 01: +0,1503878400
9.139,2,Aug 29 2017 01: +0,1503964800
7.712,5,Aug 30 2017 01: +0,1504051200
8.073,5,Aug 31 2017 01: +0,1504137600
7.654,7,Sep 01 2017 01: +0,1504224000
7.001,4,Sep 02 2017 01: +0,1504310400
7.364,11,Sep 03 2017 01: +0,1504396800
7.866,6,Sep 04 2017 01: +0,1504483200
10.937,5,Sep 05 2017 01: +0,1504569600
8.206,4,Sep 06 2017 01: +0,1504656000
6.814,5,Sep 07 2017 01: +0,1504742400
7.265,3,Sep 08 2017 01: +0,1504828800
6.932,10,Sep 09 2017 01: +0,1504915200
7.354,8,Sep 10 2017 01: +0,1505001600
7.136,2,Sep 11 2017 01: +0,1505088000
7.192,5,Sep 12 2017 01: +0,1505174400
7.17,6,Sep 13 2017 01: +0,1505260800
6.709,4,Sep 14 2017 01: +0,1505347200
7.092,3,Sep 15 2017 01: +0,1505433600
6.162,1,Sep 16 2017 01: +0,1505520000
6.66,5,Sep 17 2017 01: +0,1505606400
7.51,3,Sep 18 2017 01: +0,1505692800
7.316,7,Sep 19 2017 01: +0,1505779200
7.663,2,Sep 20 2017 01: +0,1505865600
7.74,4,Sep 21 2017 01: +0,1505952000
7.976,3,Sep 22 2017 01: +0,1506038400
7.301,5,Sep 23 2017 01: +0,1506124800
6.736,3,Sep 24 2017 01: +0,1506211200
6.838,3,Sep 25 2017 01: +0,1506297600
7.381,3,Sep 26 2017 01: +0,1506384000
7.718,4,Sep 27 2017 01: +0,1506470400
7.496,11,Sep 28 2017 01: +0,1506556800
6.29,17,Sep 29 2017 01: +0,1506643200
6.402,5,Sep 30 2017 01: +0,1506729600
6.518,7,Oct 01 2017 01: +0,1506816000
6.891,4,Oct 02 2017 01: +0,1506902400
6.223,7,Oct 03 2017 01: +0,1506988800
6.538,6,Oct 04 2017 01: +0,1507075200
9.658,5,Oct 05 2017 01: +0,1507161600
5.885,3,Oct 06 2017 01: +0,1507248000
5.687,2,Oct 07 2017 01: +0,1507334400
6.456,2,Oct 08 2017 01: +0,1507420800
7.08,4,Oct 09 2017 01: +0,1507507200
5.687,6,Oct 10 2017 01: +0,1507593600
5.872,5,Oct 11 2017 01: +0,1507680000
5.987,5,Oct 12 2017 01: +0,1507766400
6.096,5,Oct 13 2017 01: +0,1507852800
5.797,8,Oct 14 2017 01: +0,1507939200
5.999,2,Oct 15 2017 01: +0,1508025600
5.518,4,Oct 16 2017 01: +0,1508112000
5.975,8,Oct 17 2017 01: +0,1508198400
6.194,4,Oct 18 2017 01: +0,1508284800
6.362,3,Oct 19 2017 01: +0,1508371200
6.113,2,Oct 20 2017 01: +0,1508457600
6.607,18,Oct 21 2017 01: +0,1508544000
5.286,1,Oct 22 2017 01: +0,1508630400
6.806,10,Oct 23 2017 01: +0,1508716800
5.625,2,Oct 24 2017 01: +0,1508803200
5.598,3,Oct 25 2017 01: +0,1508889600
5.468,6,Oct 26 2017 01: +0,1508976000
5.259,9,Oct 27 2017 01: +0,1509062400
5.847,7,Oct 28 2017 01: +0,1509148800
6.39,5,Oct 29 2017 01: +0,1509235200
6.669,3,Oct 30 2017 01: +0,1509325200
6.452,4,Oct 31 2017 01: +0,1509411600
6.717,1,Nov 01 2017 01: +0,1509498000
6.454,3,Nov 02 2017 01: +0,1509584400
6.631,3,Nov 03 2017 01: +0,1509670800
6.204,1,Nov 04 2017 01: +0,1509757200
6.032,9,Nov 06 2017 01: +0,1509930000
5.764,1,Nov 07 2017 01: +0,1510016400
5.412,4,Nov 08 2017 01: +0,1510102800
5.949,4,Nov 09 2017 01: +0,1510189200
6.079,5,Nov 10 2017 01: +0,1510275600
6.383,4,Nov 11 2017 01: +0,1510362000
5.095,2,Nov 12 2017 01: +0,1510448400
5.071,1,Nov 13 2017 01: +0,1510534800
5.665,7,Nov 14 2017 01: +0,1510621200
6.201,3,Nov 15 2017 01: +0,1510707600
5.941,11,Nov 17 2017 01: +0,1510880400
5.354,1,Nov 18 2017 01: +0,1510966800
5.628,6,Nov 19 2017 01: +0,1511053200
6.598,2,Nov 20 2017 01: +0,1511139600
6.128,3,Nov 21 2017 01: +0,1511226000
5.643,5,Nov 22 2017 01: +0,1511312400
6.649,3,Nov 23 2017 01: +0,1511398800
5.783,9,Nov 24 2017 01: +0,1511485200
5.794,6,Nov 25 2017 01: +0,1511571600
6.249,1,Nov 26 2017 01: +0,1511658000
5.648,3,Nov 27 2017 01: +0,1511744400
5.956,7,Nov 28 2017 01: +0,1511830800
6.873,15,Nov 29 2017 01: +0,1511917200
7.015,4,Nov 30 2017 01: +0,1512003600
8.431,5,Dec 01 2017 01: +0,1512090000
8.536,1,Dec 02 2017 01: +0,1512176400
7.608,1,Dec 03 2017 01: +0,1512262800
6.504,2,Dec 04 2017 01: +0,1512349200
6.708,6,Dec 05 2017 01: +0,1512435600
7.588,4,Dec 06 2017 01: +0,1512522000
6.378,1,Dec 07 2017 01: +0,1512608400
7.338,3,Dec 08 2017 01: +0,1512694800
6.761,3,Dec 09 2017 01: +0,1512781200
6.974,3,Dec 10 2017 01: +0,1512867600
4.756,1,Dec 11 2017 01: +0,1512954000
7.542,5,Dec 12 2017 01: +0,1513040400
7.523,2,Dec 13 2017 01: +0,1513126800
7.637,5,Dec 14 2017 01: +0,1513213200
8.28,3,Dec 15 2017 01: +0,1513299600
7.865,2,Dec 16 2017 01: +0,1513386000
7.531,4,Dec 17 2017 01: +0,1513472400
4.795,2,Dec 19 2017 01: +0,1513645200
7.602,2,Dec 20 2017 01: +0,1513731600
7.498,3,Dec 21 2017 01: +0,1513818000
7.352,3,Dec 22 2017 01: +0,1513904400
6.989,3,Dec 23 2017 01: +0,1513990800
6.827,3,Dec 24 2017 01: +0,1514077200
6.847,14,Dec 25 2017 01: +0,1514163600
6.899,4,Dec 26 2017 01: +0,1514250000
6.522,5,Dec 27 2017 01: +0,1514336400
7.722,5,Dec 28 2017 01: +0,1514422800
6.475,5,Dec 30 2017 01: +0,1514595600
7.791,13,Dec 31 2017 01: +0,1514682000
9.006,1,Jan 01 2018 01: +0,1514768400
8.716,3,Jan 02 2018 01: +0,1514854800
8.528,1,Jan 03 2018 01: +0,1514941200
8.271,1,Jan 04 2018 01: +0,1515027600
8.367,2,Jan 05 2018 01: +0,1515114000
8.135,3,Jan 06 2018 01: +0,1515200400
8.326,9,Jan 07 2018 01: +0,1515286800
9.471,1,Jan 08 2018 01: +0,1515373200
8.593,3,Jan 09 2018 01: +0,1515459600
7.927,3,Jan 10 2018 01: +0,1515546000
7.565,5,Jan 11 2018 01: +0,1515632400
8.193,4,Jan 12 2018 01: +0,1515718800
7.628,17,Jan 13 2018 01: +0,1515805200
8.51,6,Jan 14 2018 01: +0,1515891600
10.754,23,Jan 15 2018 01: +0,1515978000
7.61,1,Jan 16 2018 01: +0,1516064400
7.582,3,Jan 17 2018 01: +0,1516150800
7.006,6,Jan 18 2018 01: +0,1516237200
8.078,3,Jan 19 2018 01: +0,1516323600
8.08,3,Jan 20 2018 01: +0,1516410000
8.138,6,Jan 21 2018 01: +0,1516496400
7.64,5,Jan 22 2018 01: +0,1516582800
8.051,3,Jan 23 2018 01: +0,1516669200
7.006,2,Jan 24 2018 01: +0,1516755600
19.808,1,Jan 25 2018 01: +0,1516842000
7.701,8,Jan 26 2018 01: +0,1516928400
8.426,8,Jan 27 2018 01: +0,1517014800
7.891,3,Jan 28 2018 01: +0,1517101200
7.176,4,Jan 29 2018 01: +0,1517187600
7.527,6,Jan 30 2018 01: +0,1517274000
7.881,13,Jan 31 2018 01: +0,1517360400
8.069,1,Feb 01 2018 01: +0,1517446800
7.587,3,Feb 02 2018 01: +0,1517533200
9.821,4,Feb 03 2018 01: +0,1517619600
7.929,7,Feb 04 2018 01: +0,1517706000
8.615,3,Feb 05 2018 01: +0,1517792400
7.602,2,Feb 06 2018 01: +0,1517878800
8.583,3,Feb 07 2018 01: +0,1517965200
8.775,7,Feb 08 2018 01: +0,1518051600
11.054,5,Feb 09 2018 01: +0,1518138000
7.614,2,Feb 10 2018 01: +0,1518224400
8.242,4,Feb 11 2018 01: +0,1518310800
9.442,3,Feb 12 2018 01: +0,1518397200
10.089,2,Feb 13 2018 01: +0,1518483600
9.22,3,Feb 14 2018 01: +0,1518570000
8.604,9,Feb 15 2018 01: +0,1518656400
10.523,2,Feb 16 2018 01: +0,1518742800
8.577,6,Feb 17 2018 01: +0,1518829200
8.426,3,Feb 18 2018 01: +0,1518915600
8.065,4,Feb 19 2018 01: +0,1519002000
8.283,2,Feb 20 2018 01: +0,1519088400
6.79,2,Feb 21 2018 01: +0,1519174800
11.357,4,Feb 22 2018 01: +0,1519261200
7.688,9,Feb 23 2018 01: +0,1519347600
7.177,1,Feb 24 2018 01: +0,1519434000
7.401,4,Feb 25 2018 01: +0,1519520400
8.605,4,Feb 26 2018 01: +0,1519606800
7.185,4,Feb 27 2018 01: +0,1519693200
7.972,9,Feb 28 2018 01: +0,1519779600
8.162,5,Mar 01 2018 01: +0,1519866000
8.278,2,Mar 02 2018 01: +0,1519952400
12.093,4,Mar 03 2018 01: +0,1520038800
8.449,3,Mar 04 2018 01: +0,1520125200
8.865,5,Mar 05 2018 01: +0,1520211600
9.762,11,Mar 07 2018 01: +0,1520384400
9.044,3,Mar 08 2018 01: +0,1520470800
7.516,2,Mar 09 2018 01: +0,1520557200
8.915,4,Mar 10 2018 01: +0,1520643600
8.598,7,Mar 11 2018 01: +0,1520730000
13.868,5,Mar 12 2018 01: +0,1520816400
8.469,1,Mar 13 2018 01: +0,1520902800
9.399,1,Mar 14 2018 01: +0,1520989200
7.993,2,Mar 15 2018 01: +0,1521075600
8.503,1,Mar 16 2018 01: +0,1521162000
8.878,4,Mar 17 2018 01: +0,1521248400
8.134,6,Mar 18 2018 01: +0,1521334800
8.607,1,Mar 19 2018 01: +0,1521421200
7.907,5,Mar 20 2018 01: +0,1521507600
8.586,1,Mar 21 2018 01: +0,1521594000
7.337,1,Mar 22 2018 01: +0,1521680400
7.163,1,Mar 23 2018 01: +0,1521766800
8.18,6,Mar 24 2018 01: +0,1521853200
7.9,5,Mar 25 2018 01: +0,1521939600
8.317,2,Mar 26 2018 01: +0,1522022400
8.413,2,Mar 27 2018 01: +0,1522108800
8.129,4,Mar 28 2018 01: +0,1522195200
7.675,4,Mar 29 2018 01: +0,1522281600
10.158,24,Mar 30 2018 01: +0,1522368000
8.283,1,Apr 01 2018 01: +0,1522540800
8.355,5,Apr 03 2018 01: +0,1522713600
7.279,6,Apr 05 2018 01: +0,1522886400
8.198,2,Apr 06 2018 01: +0,1522972800
6.485,1,Apr 07 2018 01: +0,1523059200
7.686,3,Apr 08 2018 01: +0,1523145600
9.545,2,Apr 09 2018 01: +0,1523232000
6.614,7,Apr 10 2018 01: +0,1523318400
6.005,2,Apr 11 2018 01: +0,1523404800
6.047,1,Apr 12 2018 01: +0,1523491200
7.045,8,Apr 13 2018 01: +0,1523577600
7.727,7,Apr 15 2018 01: +0,1523750400
7.75,6,Apr 16 2018 01: +0,1523836800
7.181,4,Apr 17 2018 01: +0,1523923200
7.704,3,Apr 18 2018 01: +0,1524009600
7.201,4,Apr 19 2018 01: +0,1524096000
6.196,4,Apr 21 2018 01: +0,1524268800
6.033,3,Apr 22 2018 01: +0,1524355200
6.514,7,Apr 23 2018 01: +0,1524441600
7.729,1,Apr 24 2018 01: +0,1524528000
6.524,2,Apr 25 2018 01: +0,1524614400
6.624,5,Apr 26 2018 01: +0,1524700800
6.021,3,Apr 29 2018 01: +0,1524960000
6.397,2,Apr 30 2018 01: +0,1525046400
6.555,2,May 01 2018 01: +0,1525132800
6.382,4,May 02 2018 01: +0,1525219200
6.346,5,May 03 2018 01: +0,1525305600
5.631,4,May 04 2018 01: +0,1525392000
5.869,3,May 05 2018 01: +0,1525478400
6.852,4,May 06 2018 01: +0,1525564800
6.794,1,May 08 2018 01: +0,1525737600
6.759,4,May 09 2018 01: +0,1525824000
6.658,1,May 10 2018 01: +0,1525910400
6.735,2,May 11 2018 01: +0,1525996800
6.241,2,May 12 2018 01: +0,1526083200
5.856,1,May 13 2018 01: +0,1526169600
6.775,1,May 14 2018 01: +0,1526256000
19.962,3,May 15 2018 01: +0,1526342400
6.01,2,May 16 2018 01: +0,1526428800
6.061,4,May 18 2018 01: +0,1526601600
5.762,3,May 19 2018 01: +0,1526688000
5.508,1,May 20 2018 01: +0,1526774400
5.91,5,May 21 2018 01: +0,1526860800
6.477,13,May 22 2018 01: +0,1526947200
6.508,4,May 23 2018 01: +0,1527033600
6.654,2,May 24 2018 01: +0,1527120000
6.483,3,May 25 2018 01: +0,1527206400
5.478,2,May 26 2018 01: +0,1527292800
6.441,3,May 27 2018 01: +0,1527379200
6.772,5,May 28 2018 01: +0,1527465600
7.406,3,May 29 2018 01: +0,1527552000
7.08,2,May 31 2018 01: +0,1527724800
7.423,1,Jun 01 2018 01: +0,1527811200
7.719,1,Jun 02 2018 01: +0,1527897600
7.573,2,Jun 03 2018 01: +0,1527984000
7.516,1,Jun 04 2018 01: +0,1528070400
7.386,4,Jun 05 2018 01: +0,1528156800
7.453,1,Jun 06 2018 01: +0,1528243200
7.72,3,Jun 07 2018 01: +0,1528329600
6.792,1,Jun 08 2018 01: +0,1528416000
5.593,1,Jun 09 2018 01: +0,1528502400
6.478,6,Jun 10 2018 01: +0,1528588800
7.278,1,Jun 11 2018 01: +0,1528675200
6.627,1,Jun 12 2018 01: +0,1528761600
6.694,3,Jun 13 2018 01: +0,1528848000
7.433,2,Jun 14 2018 01: +0,1528934400
7.261,2,Jun 15 2018 01: +0,1529020800
6.619,3,Jun 16 2018 01: +0,1529107200
10.757,4,Jun 17 2018 01: +0,1529193600
7.377,4,Jun 18 2018 01: +0,1529280000
6.212,3,Jun 19 2018 01: +0,1529366400
9.515,7,Jun 20 2018 01: +0,1529452800
10.074,3,Jun 21 2018 01: +0,1529539200
5.4,5,Jun 22 2018 01: +0,1529625600
6.212,4,Jun 23 2018 01: +0,1529712000
5.924,4,Jun 24 2018 01: +0,1529798400
5.57,2,Jun 25 2018 01: +0,1529884800
5.396,5,Jun 26 2018 01: +0,1529971200
6.014,2,Jun 28 2018 01: +0,1530144000
6.142,4,Jun 29 2018 01: +0,1530230400
5.186,1,Jun 30 2018 01: +0,1530316800
5.177,5,Jul 01 2018 01: +0,1530403200
5.133,5,Jul 02 2018 01: +0,1530489600
6.467,7,Jul 03 2018 01: +0,1530576000
6.195,2,Jul 04 2018 01: +0,1530662400
6.125,2,Jul 05 2018 01: +0,1530748800
5.693,2,Jul 07 2018 01: +0,1530921600
10.727,3,Jul 08 2018 01: +0,1531008000
6.34,5,Jul 09 2018 01: +0,1531094400
7.385,1,Jul 10 2018 01: +0,1531180800
7.093,2,Jul 11 2018 01: +0,1531267200
7.111,5,Jul 12 2018 01: +0,1531353600
6.014,3,Jul 13 2018 01: +0,1531440000
7.351,2,Jul 14 2018 01: +0,1531526400
6.292,5,Jul 15 2018 01: +0,1531612800
7.341,3,Jul 16 2018 01: +0,1531699200
7.279,7,Jul 18 2018 01: +0,1531872000
7.569,3,Jul 19 2018 01: +0,1531958400
7.001,3,Jul 20 2018 01: +0,1532044800
7.11,5,Jul 21 2018 01: +0,1532131200
8.157,5,Jul 22 2018 01: +0,1532217600
7.527,1,Jul 23 2018 01: +0,1532304000
7.204,2,Jul 24 2018 01: +0,1532390400
7.609,4,Jul 25 2018 01: +0,1532476800
7.485,5,Jul 26 2018 01: +0,1532563200
8.286,3,Jul 27 2018 01: +0,1532649600
8.669,1,Jul 28 2018 01: +0,1532736000
7.101,4,Jul 29 2018 01: +0,1532822400
6.998,1,Jul 30 2018 01: +0,1532908800
7.781,5,Jul 31 2018 01: +0,1532995200
6.493,1,Aug 01 2018 01: +0,1533081600
9.445,5,Aug 02 2018 01: +0,1533168000
6.473,4,Aug 03 2018 01: +0,1533254400
7.569,3,Aug 04 2018 01: +0,1533340800
7.019,2,Aug 05 2018 01: +0,1533427200
7.608,3,Aug 06 2018 01: +0,1533513600
9.091,3,Aug 07 2018 01: +0,1533600000
7.654,4,Aug 08 2018 01: +0,1533686400
7.653,2,Aug 09 2018 01: +0,1533772800
7.651,3,Aug 10 2018 01: +0,1533859200
7.444,1,Aug 11 2018 01: +0,1533945600
6.783,1,Aug 12 2018 01: +0,1534032000
6.772,4,Aug 13 2018 01: +0,1534118400
7.146,3,Aug 15 2018 01: +0,1534291200
7.263,1,Aug 16 2018 01: +0,1534377600
7.26,3,Aug 17 2018 01: +0,1534464000
7.569,4,Aug 18 2018 01: +0,1534550400
7.018,4,Aug 19 2018 01: +0,1534636800
7.184,2,Aug 20 2018 01: +0,1534723200
6.627,3,Aug 21 2018 01: +0,1534809600
7.37,7,Aug 22 2018 01: +0,1534896000
6.545,2,Aug 23 2018 01: +0,1534982400
6.869,5,Aug 24 2018 01: +0,1535068800
7.024,2,Aug 25 2018 01: +0,1535155200
6.918,5,Aug 26 2018 01: +0,1535241600
7.131,2,Aug 27 2018 01: +0,1535328000
7.525,4,Aug 28 2018 01: +0,1535414400
7.149,1,Aug 30 2018 01: +0,1535587200
11.577,3,Aug 31 2018 01: +0,1535673600
7.218,2,Sep 01 2018 01: +0,1535760000
6.133,2,Sep 02 2018 01: +0,1535846400
7.574,10,Sep 03 2018 01: +0,1535932800
7.492,6,Sep 04 2018 01: +0,1536019200
8.235,3,Sep 05 2018 01: +0,1536105600
7.566,4,Sep 06 2018 01: +0,1536192000
8.043,4,Sep 07 2018 01: +0,1536278400
8.592,4,Sep 08 2018 01: +0,1536364800
8.996,4,Sep 09 2018 01: +0,1536451200
7.709,2,Sep 10 2018 01: +0,1536537600
7.584,3,Sep 11 2018 01: +0,1536624000
11.04,4,Sep 12 2018 01: +0,1536710400
8.605,3,Sep 13 2018 01: +0,1536796800
8.829,2,Sep 14 2018 01: +0,1536883200
9.405,3,Sep 15 2018 01: +0,1536969600
8.221,2,Sep 16 2018 01: +0,1537056000
8.651,3,Sep 17 2018 01: +0,1537142400
8.313,1,Sep 18 2018 01: +0,1537228800
9.671,3,Sep 19 2018 01: +0,1537315200
8.904,1,Sep 20 2018 01: +0,1537401600
8.992,3,Sep 21 2018 01: +0,1537488000
9.1,3,Sep 22 2018 01: +0,1537574400
8.081,1,Sep 24 2018 01: +0,1537747200
9.012,5,Sep 25 2018 01: +0,1537833600
7.787,3,Sep 26 2018 01: +0,1537920000
8.49,4,Sep 28 2018 01: +0,1538092800
8.823,1,Sep 29 2018 01: +0,1538179200
8.936,2,Sep 30 2018 01: +0,1538265600
7.938,4,Oct 01 2018 01: +0,1538352000
8.369,1,Oct 02 2018 01: +0,1538438400
8.318,2,Oct 03 2018 01: +0,1538524800
10.511,4,Oct 05 2018 01: +0,1538697600
8.174,2,Oct 06 2018 01: +0,1538784000
8.568,3,Oct 07 2018 01: +0,1538870400
8.569,4,Oct 08 2018 01: +0,1538956800
9.081,2,Oct 09 2018 01: +0,1539043200
8.859,5,Oct 10 2018 01: +0,1539129600
9.5,1,Oct 11 2018 01: +0,1539216000
9.394,3,Oct 12 2018 01: +0,1539302400
9.253,4,Oct 13 2018 01: +0,1539388800
11.594,6,Oct 14 2018 01: +0,1539475200
11.796,3,Oct 15 2018 01: +0,1539561600
8.235,1,Oct 16 2018 01: +0,1539648000
9.51,1,Oct 17 2018 01: +0,1539734400
8.549,2,Oct 18 2018 01: +0,1539820800
9.409,2,Oct 19 2018 01: +0,1539907200
9.388,4,Oct 20 2018 01: +0,1539993600
25.8,2,Oct 21 2018 01: +0,1540080000
10.552,6,Oct 22 2018 01: +0,1540166400
10.943,1,Oct 23 2018 01: +0,1540252800
9.395,1,Oct 25 2018 01: +0,1540425600
10.168,2,Oct 26 2018 01: +0,1540512000
14.092,3,Oct 27 2018 01: +0,1540598400
8.941,3,Oct 28 2018 01: +0,1540684800
8.327,3,Oct 29 2018 01: +0,1540774800
8.877,2,Oct 30 2018 01: +0,1540861200
9.197,2,Oct 31 2018 01: +0,1540947600
10.042,4,Nov 01 2018 01: +0,1541034000
10.129,2,Nov 03 2018 01: +0,1541206800
10.728,1,Nov 04 2018 01: +0,1541293200
7.552,1,Nov 05 2018 01: +0,1541379600
9.599,3,Nov 06 2018 01: +0,1541466000
9.19,2,Nov 07 2018 01: +0,1541552400
8.578,1,Nov 08 2018 01: +0,1541638800
9.866,1,Nov 09 2018 01: +0,1541725200
9.45,2,Nov 10 2018 01: +0,1541811600
8.629,5,Nov 11 2018 01: +0,1541898000
9.694,2,Nov 12 2018 01: +0,1541984400
9.742,3,Nov 14 2018 01: +0,1542157200
9.574,4,Nov 15 2018 01: +0,1542243600
19.123,2,Nov 16 2018 01: +0,1542330000
8.363,2,Nov 17 2018 01: +0,1542416400
8.631,4,Nov 18 2018 01: +0,1542502800
8.669,1,Nov 19 2018 01: +0,1542589200
9.914,1,Nov 20 2018 01: +0,1542675600
8.294,4,Nov 21 2018 01: +0,1542762000
8.541,2,Nov 22 2018 01: +0,1542848400
20.342,1,Nov 23 2018 01: +0,1542934800
9.644,1,Nov 24 2018 01: +0,1543021200
11.305,3,Nov 25 2018 01: +0,1543107600
8.776,4,Nov 26 2018 01: +0,1543194000
8.412,1,Nov 27 2018 01: +0,1543280400
8.034,1,Nov 28 2018 01: +0,1543366800
8.017,3,Nov 29 2018 01: +0,1543453200
8.36,2,Dec 01 2018 01: +0,1543626000
8.445,3,Dec 02 2018 01: +0,1543712400
8.435,4,Dec 03 2018 01: +0,1543798800
8.439,3,Dec 04 2018 01: +0,1543885200
8.024,1,Dec 06 2018 01: +0,1544058000
8.002,2,Dec 07 2018 01: +0,1544144400
7.942,2,Dec 08 2018 01: +0,1544230800
8.104,3,Dec 09 2018 01: +0,1544317200
7.989,4,Dec 10 2018 01: +0,1544403600
8.043,2,Dec 11 2018 01: +0,1544490000
8.533,2,Dec 12 2018 01: +0,1544576400
8.52,1,Dec 13 2018 01: +0,1544662800
8.78,2,Dec 14 2018 01: +0,1544749200
6.021,4,Dec 15 2018 01: +0,1544835600
6.945,2,Dec 16 2018 01: +0,1544922000
7.197,3,Dec 17 2018 01: +0,1545008400
7.592,3,Dec 18 2018 01: +0,1545094800
7.163,1,Dec 19 2018 01: +0,1545181200
7.155,2,Dec 20 2018 01: +0,1545267600
7.318,1,Dec 21 2018 01: +0,1545354000
7.478,7,Dec 22 2018 01: +0,1545440400
7.734,4,Dec 23 2018 01: +0,1545526800
7.478,3,Dec 24 2018 01: +0,1545613200
8.024,5,Dec 25 2018 01: +0,1545699600
8.181,2,Dec 26 2018 01: +0,1545786000
7.937,5,Dec 27 2018 01: +0,1545872400
10.094,6,Dec 28 2018 01: +0,1545958800
8.324,2,Dec 29 2018 01: +0,1546045200
7.565,3,Dec 30 2018 01: +0,1546131600
8.173,6,Dec 31 2018 01: +0,1546218000
7.941,5,Jan 02 2019 01: +0,1546390800
7.712,3,Jan 03 2019 01: +0,1546477200
7.124,3,Jan 04 2019 01: +0,1546563600
7.827,5,Jan 05 2019 01: +0,1546650000
7.511,3,Jan 06 2019 01: +0,1546736400
7.606,4,Jan 07 2019 01: +0,1546822800
7.258,2,Jan 08 2019 01: +0,1546909200
7.952,1,Jan 09 2019 01: +0,1546995600
7.924,4,Jan 10 2019 01: +0,1547082000
7.843,2,Jan 11 2019 01: +0,1547168400
7.07,4,Jan 12 2019 01: +0,1547254800
6.477,2,Jan 13 2019 01: +0,1547341200
7.449,9,Jan 15 2019 01: +0,1547514000
7.961,1,Jan 16 2019 01: +0,1547600400
7.837,4,Jan 17 2019 01: +0,1547686800
7.54,4,Jan 18 2019 01: +0,1547773200
7.827,12,Jan 19 2019 01: +0,1547859600
7.302,4,Jan 20 2019 01: +0,1547946000
7.883,4,Jan 21 2019 01: +0,1548032400
8.919,6,Jan 22 2019 01: +0,1548118800
8.988,2,Jan 23 2019 01: +0,1548205200
7.811,3,Jan 24 2019 01: +0,1548291600
7.438,4,Jan 25 2019 01: +0,1548378000
8.787,6,Jan 26 2019 01: +0,1548464400
8.487,2,Jan 27 2019 01: +0,1548550800
10.809,1,Jan 28 2019 01: +0,1548637200
8.474,2,Jan 29 2019 01: +0,1548723600
35.513,2,Jan 30 2019 01: +0,1548810000
8.804,6,Jan 31 2019 01: +0,1548896400
9.539,6,Feb 01 2019 01: +0,1548982800
8.169,3,Feb 02 2019 01: +0,1549069200
8.86,3,Feb 04 2019 01: +0,1549242000
9.747,2,Feb 05 2019 01: +0,1549328400
8.278,4,Feb 06 2019 01: +0,1549414800
7.857,1,Feb 07 2019 01: +0,1549501200
8.7,3,Feb 08 2019 01: +0,1549587600
8.842,3,Feb 09 2019 01: +0,1549674000
8.831,3,Feb 10 2019 01: +0,1549760400
9.103,1,Feb 11 2019 01: +0,1549846800
9.393,4,Feb 12 2019 01: +0,1549933200
9.672,2,Feb 13 2019 01: +0,1550019600
10.781,3,Feb 14 2019 01: +0,1550106000
9.286,2,Feb 15 2019 01: +0,1550192400
8.714,5,Feb 16 2019 01: +0,1550278800
9.471,1,Feb 17 2019 01: +0,1550365200
9.418,2,Feb 18 2019 01: +0,1550451600
9.211,4,Feb 19 2019 01: +0,1550538000
10.741,2,Feb 20 2019 01: +0,1550624400
19.633,1,Feb 21 2019 01: +0,1550710800
9.887,3,Feb 22 2019 01: +0,1550797200
23.999,2,Feb 23 2019 01: +0,1550883600
9.153,3,Feb 24 2019 01: +0,1550970000
8.995,1,Feb 25 2019 01: +0,1551056400
11.676,3,Feb 26 2019 01: +0,1551142800
7.602,2,Feb 27 2019 01: +0,1551229200
10.607,4,Feb 28 2019 01: +0,1551315600
10.598,4,Mar 01 2019 01: +0,1551402000
18.345,4,Mar 02 2019 01: +0,1551488400
9.435,2,Mar 03 2019 01: +0,1551574800
11.74,2,Mar 04 2019 01: +0,1551661200
11.401,3,Mar 05 2019 01: +0,1551747600
11.65,6,Mar 06 2019 01: +0,1551834000
11.585,1,Mar 07 2019 01: +0,1551920400
11.596,2,Mar 08 2019 01: +0,1552006800
12.359,6,Mar 09 2019 01: +0,1552093200
12.269,2,Mar 10 2019 01: +0,1552179600
12.436,5,Mar 11 2019 01: +0,1552266000
13.392,1,Mar 12 2019 01: +0,1552352400
12.112,3,Mar 13 2019 01: +0,1552438800
13.05,8,Mar 14 2019 01: +0,1552525200
13.038,3,Mar 15 2019 01: +0,1552611600
13.483,3,Mar 16 2019 01: +0,1552698000
13.899,4,Mar 17 2019 01: +0,1552784400
16.483,1,Mar 18 2019 01: +0,1552870800
12.661,3,Mar 19 2019 01: +0,1552957200
13.378,4,Mar 20 2019 01: +0,1553043600
11.92,1,Mar 22 2019 01: +0,1553216400
12.846,2,Mar 23 2019 01: +0,1553302800
15.251,5,Mar 24 2019 01: +0,1553389200
22.559,1,Mar 25 2019 01: +0,1553475600
15.924,3,Mar 26 2019 01: +0,1553562000
15.05,2,Mar 27 2019 01: +0,1553648400
13.678,1,Mar 28 2019 01: +0,1553734800
13.209,8,Mar 29 2019 01: +0,1553821200
14.531,1,Mar 30 2019 01: +0,1553907600
13.46,3,Mar 31 2019 01: +0,1553994000
14.881,1,Apr 01 2019 01: +0,1554076800
13.668,1,Apr 02 2019 01: +0,1554163200
13.675,1,Apr 03 2019 01: +0,1554249600
14.974,2,Apr 04 2019 01: +0,1554336000
12.996,1,Apr 05 2019 01: +0,1554422400
12.085,2,Apr 06 2019 01: +0,1554508800
13.064,5,Apr 07 2019 01: +0,1554595200
13.524,2,Apr 08 2019 01: +0,1554681600
14.457,4,Apr 10 2019 01: +0,1554854400
14.558,2,Apr 11 2019 01: +0,1554940800
12.93,4,Apr 12 2019 01: +0,1555027200
14.769,5,Apr 13 2019 01: +0,1555113600
15.079,2,Apr 14 2019 01: +0,1555200000
14.283,2,Apr 15 2019 01: +0,1555286400
14.687,1,Apr 16 2019 01: +0,1555372800
12.681,1,Apr 18 2019 01: +0,1555545600
14.081,4,Apr 19 2019 01: +0,1555632000
13.334,3,Apr 20 2019 01: +0,1555718400
12.556,1,Apr 21 2019 01: +0,1555804800
14.208,1,Apr 22 2019 01: +0,1555891200
13.776,4,Apr 23 2019 01: +0,1555977600
13.347,3,Apr 24 2019 01: +0,1556064000
8.431,1,Apr 25 2019 01: +0,1556150400
13.312,7,Apr 26 2019 01: +0,1556236800
14.734,4,Apr 27 2019 01: +0,1556323200
14.068,3,Apr 29 2019 01: +0,1556496000
13.655,6,Apr 30 2019 01: +0,1556582400
15.301,1,May 01 2019 01: +0,1556668800
14.998,3,May 02 2019 01: +0,1556755200
14.805,2,May 03 2019 01: +0,1556841600
13.794,5,May 05 2019 01: +0,1557014400
12.956,5,May 06 2019 01: +0,1557100800
14.151,1,May 07 2019 01: +0,1557187200
13.698,8,May 08 2019 01: +0,1557273600
14.804,5,May 09 2019 01: +0,1557360000
17.234,5,May 10 2019 01: +0,1557446400
14.073,3,May 11 2019 01: +0,1557532800
14.009,2,May 12 2019 01: +0,1557619200
13.94,1,May 13 2019 01: +0,1557705600
14.603,3,May 15 2019 01: +0,1557878400
12.594,2,May 16 2019 01: +0,1557964800
11.58,1,May 17 2019 01: +0,1558051200
14.837,3,May 18 2019 01: +0,1558137600
14.471,1,May 21 2019 01: +0,1558396800
12.59,3,May 22 2019 01: +0,1558483200
13.392,6,May 23 2019 01: +0,1558569600
12.408,1,May 24 2019 01: +0,1558656000
14.933,2,May 25 2019 01: +0,1558742400
12.394,1,May 26 2019 01: +0,1558828800
16.332,3,May 27 2019 01: +0,1558915200
13.579,7,May 30 2019 01: +0,1559174400
12.867,2,May 31 2019 01: +0,1559260800
12.658,3,Jun 01 2019 01: +0,1559347200
13.066,2,Jun 02 2019 01: +0,1559433600
15.862,1,Jun 03 2019 01: +0,1559520000
14.45,1,Jun 04 2019 01: +0,1559606400
13.192,2,Jun 05 2019 01: +0,1559692800
12.474,3,Jun 08 2019 01: +0,1559952000
14.245,2,Jun 09 2019 01: +0,1560038400
14.049,2,Jun 10 2019 01: +0,1560124800
14.371,4,Jun 12 2019 01: +0,1560297600
13.044,2,Jun 13 2019 01: +0,1560384000
12.861,1,Jun 14 2019 01: +0,1560470400
13.882,7,Jun 15 2019 01: +0,1560556800
15.313,1,Jun 16 2019 01: +0,1560643200
15.309,2,Jun 17 2019 01: +0,1560729600
8.272,1,Jun 18 2019 01: +0,1560816000
14.821,5,Jun 19 2019 01: +0,1560902400
14.478,3,Jun 20 2019 01: +0,1560988800
14.813,4,Jun 21 2019 01: +0,1561075200
16.535,6,Jun 22 2019 01: +0,1561161600
15.152,2,Jun 23 2019 01: +0,1561248000
16.735,3,Jun 24 2019 01: +0,1561334400
18.063,4,Jun 25 2019 01: +0,1561420800
14.827,2,Jun 27 2019 01: +0,1561593600
15.03,2,Jun 29 2019 01: +0,1561766400
17.689,5,Jun 30 2019 01: +0,1561852800
15.013,1,Jul 01 2019 01: +0,1561939200
13.177,1,Jul 03 2019 01: +0,1562112000
12.606,1,Jul 04 2019 01: +0,1562198400
15.659,4,Jul 05 2019 01: +0,1562284800
15.716,1,Jul 07 2019 01: +0,1562457600
13.222,2,Jul 09 2019 01: +0,1562630400
14.623,6,Jul 10 2019 01: +0,1562716800
15.327,3,Jul 11 2019 01: +0,1562803200
14.068,1,Jul 12 2019 01: +0,1562889600
15.615,1,Jul 13 2019 01: +0,1562976000
15.609,1,Jul 14 2019 01: +0,1563062400
15.907,1,Jul 16 2019 01: +0,1563235200
15.885,1,Jul 17 2019 01: +0,1563321600
15.819,2,Jul 18 2019 01: +0,1563408000
15.16,2,Jul 19 2019 01: +0,1563494400
15.526,1,Jul 20 2019 01: +0,1563580800
15.49,5,Jul 21 2019 01: +0,1563667200
16.16,2,Jul 22 2019 01: +0,1563753600
16.869,2,Jul 23 2019 01: +0,1563840000
17.542,1,Jul 25 2019 01: +0,1564012800
15.96,2,Jul 27 2019 01: +0,1564185600
15.208,1,Jul 29 2019 01: +0,1564358400
15.361,1,Jul 31 2019 01: +0,1564531200
17.702,5,Aug 01 2019 01: +0,1564617600
15.043,7,Aug 02 2019 01: +0,1564704000
16.89,1,Aug 03 2019 01: +0,1564790400
18.624,2,Aug 04 2019 01: +0,1564876800
18.19,1,Aug 05 2019 01: +0,1564963200
15.319,1,Aug 06 2019 01: +0,1565049600
16.607,2,Aug 07 2019 01: +0,1565136000
17.263,1,Aug 09 2019 01: +0,1565308800
16.716,2,Aug 10 2019 01: +0,1565395200
15.135,3,Aug 11 2019 01: +0,1565481600
15.969,2,Aug 12 2019 01: +0,1565568000
17.316,2,Aug 13 2019 01: +0,1565654400
14.601,2,Aug 14 2019 01: +0,1565740800
16.16,3,Aug 15 2019 01: +0,1565827200
14.011,4,Aug 16 2019 01: +0,1565913600
17.088,1,Aug 17 2019 01: +0,1566000000
21.009,2,Aug 19 2019 01: +0,1566172800
16.356,2,Aug 20 2019 01: +0,1566259200
15.721,2,Aug 22 2019 01: +0,1566432000
14.64,1,Aug 23 2019 01: +0,1566518400
16.743,1,Aug 24 2019 01: +0,1566604800
12.482,1,Aug 25 2019 01: +0,1566691200
15.596,2,Aug 26 2019 01: +0,1566777600
26.963,3,Aug 28 2019 01: +0,1566950400
16.697,2,Aug 29 2019 01: +0,1567036800
15.504,1,Sep 01 2019 01: +0,1567296000
17.35,4,Sep 02 2019 01: +0,1567382400
22.056,1,Sep 03 2019 01: +0,1567468800
17.703,4,Sep 04 2019 01: +0,1567555200
18.198,1,Sep 05 2019 01: +0,1567641600
16.068,3,Sep 06 2019 01: +0,1567728000
15.551,1,Sep 07 2019 01: +0,1567814400
14.936,3,Sep 09 2019 01: +0,1567987200
19.129,2,Sep 12 2019 01: +0,1568246400
15.673,2,Sep 14 2019 01: +0,1568419200
47.357,3,Sep 15 2019 01: +0,1568505600
14.897,3,Sep 16 2019 01: +0,1568592000
15.019,2,Sep 17 2019 01: +0,1568678400
17.323,3,Sep 18 2019 01: +0,1568764800
22.679,2,Sep 20 2019 01: +0,1568937600
16.415,2,Sep 21 2019 01: +0,1569024000
15.485,1,Sep 22 2019 01: +0,1569110400
30.595,2,Sep 23 2019 01: +0,1569196800
16.859,3,Sep 24 2019 01: +0,1569283200
16.745,4,Sep 25 2019 01: +0,1569369600
17.465,1,Sep 28 2019 01: +0,1569628800
27.11,1,Sep 29 2019 01: +0,1569715200
17.63,2,Sep 30 2019 01: +0,1569801600
20.384,13,Oct 01 2019 01: +0,1569888000
18.729,3,Oct 02 2019 01: +0,1569974400
17.556,3,Oct 03 2019 01: +0,1570060800
16.765,2,Oct 05 2019 01: +0,1570233600
17.333,1,Oct 06 2019 01: +0,1570320000
17.354,2,Oct 07 2019 01: +0,1570406400
15.434,1,Oct 09 2019 01: +0,1570579200
15.535,4,Oct 11 2019 01: +0,1570752000
22.64,2,Oct 13 2019 01: +0,1570924800
15.429,3,Oct 14 2019 01: +0,1571011200
18.37,2,Oct 15 2019 01: +0,1571097600
18.393,1,Oct 16 2019 01: +0,1571184000
17.292,3,Oct 17 2019 01: +0,1571270400
16.566,6,Oct 18 2019 01: +0,1571356800
16.492,2,Oct 19 2019 01: +0,1571443200
15.874,2,Oct 20 2019 01: +0,1571529600
16.247,2,Oct 21 2019 01: +0,1571616000
17.281,2,Oct 22 2019 01: +0,1571702400
17.604,2,Oct 23 2019 01: +0,1571788800
19.219,4,Oct 25 2019 01: +0,1571961600
13.764,1,Oct 27 2019 01: +0,1572134400
17.4,1,Oct 28 2019 01: +0,1572224400
13.21,2,Oct 29 2019 01: +0,1572310800
14.935,2,Oct 30 2019 01: +0,1572397200
12.642,2,Oct 31 2019 01: +0,1572483600
16.708,2,Nov 01 2019 01: +0,1572570000
15.122,5,Nov 02 2019 01: +0,1572656400
17.532,2,Nov 03 2019 01: +0,1572742800
16.191,1,Nov 04 2019 01: +0,1572829200
19.67,5,Nov 05 2019 01: +0,1572915600
16.483,3,Nov 06 2019 01: +0,1573002000
14.584,2,Nov 09 2019 01: +0,1573261200
18.51,1,Nov 10 2019 01: +0,1573347600
16.487,4,Nov 11 2019 01: +0,1573434000
15.625,1,Nov 12 2019 01: +0,1573520400
31.148,3,Nov 13 2019 01: +0,1573606800
18.147,3,Nov 16 2019 01: +0,1573866000
15.144,3,Nov 18 2019 01: +0,1574038800
13.279,3,Nov 19 2019 01: +0,1574125200
14.171,1,Nov 20 2019 01: +0,1574211600
13.328,4,Nov 21 2019 01: +0,1574298000
14.518,5,Nov 22 2019 01: +0,1574384400
14.58,3,Nov 23 2019 01: +0,1574470800
16.312,6,Nov 24 2019 01: +0,1574557200
14.558,1,Nov 26 2019 01: +0,1574730000
16.684,5,Nov 27 2019 01: +0,1574816400
16.902,1,Nov 28 2019 01: +0,1574902800
16.169,4,Nov 29 2019 01: +0,1574989200
13.459,2,Nov 30 2019 01: +0,1575075600
15.883,1,Dec 01 2019 01: +0,1575162000
15.804,2,Dec 02 2019 01: +0,1575248400
15.875,1,Dec 03 2019 01: +0,1575334800
15.886,1,Dec 04 2019 01: +0,1575421200
14.227,1,Dec 05 2019 01: +0,1575507600
15.172,2,Dec 06 2019 01: +0,1575594000
15.404,1,Dec 07 2019 01: +0,1575680400
14.51,2,Dec 08 2019 01: +0,1575766800
14.736,1,Dec 09 2019 01: +0,1575853200
16.11,1,Dec 10 2019 01: +0,1575939600
31.175,1,Dec 11 2019 01: +0,1576026000
15.724,1,Dec 12 2019 01: +0,1576112400
15.372,3,Dec 13 2019 01: +0,1576198800
17.218,2,Dec 14 2019 01: +0,1576285200
16.544,1,Dec 15 2019 01: +0,1576371600
15.725,1,Dec 16 2019 01: +0,1576458000
17.608,2,Dec 17 2019 01: +0,1576544400
15.025,5,Dec 18 2019 01: +0,1576630800
16.193,4,Dec 19 2019 01: +0,1576717200
15.986,2,Dec 20 2019 01: +0,1576803600
16.282,5,Dec 21 2019 01: +0,1576890000
15.305,13,Dec 22 2019 01: +0,1576976400
18.198,1,Dec 23 2019 01: +0,1577062800
17.993,1,Dec 24 2019 01: +0,1577149200
15.257,1,Dec 25 2019 01: +0,1577235600
16.883,1,Dec 26 2019 01: +0,1577322000
16.737,3,Dec 27 2019 01: +0,1577408400
14.337,2,Dec 28 2019 01: +0,1577494800
15.242,2,Dec 29 2019 01: +0,1577581200
15.145,2,Dec 30 2019 01: +0,1577667600
15.512,3,Dec 31 2019 01: +0,1577754000
17.687,3,Jan 01 2020 01: +0,1577840400
18.993,4,Jan 03 2020 01: +0,1578013200
17.126,2,Jan 04 2020 01: +0,1578099600
19.202,3,Jan 05 2020 01: +0,1578186000
20.216,4,Jan 06 2020 01: +0,1578272400
19.249,2,Jan 07 2020 01: +0,1578358800
15.683,1,Jan 08 2020 01: +0,1578445200
18.158,2,Jan 09 2020 01: +0,1578531600
17.527,4,Jan 10 2020 01: +0,1578618000
17.415,3,Jan 11 2020 01: +0,1578704400
20.666,3,Jan 12 2020 01: +0,1578790800
19.672,3,Jan 13 2020 01: +0,1578877200
19.006,2,Jan 15 2020 01: +0,1579050000
21.08,3,Jan 16 2020 01: +0,1579136400
19.019,1,Jan 17 2020 01: +0,1579222800
20.926,1,Jan 18 2020 01: +0,1579309200
18.689,2,Jan 20 2020 01: +0,1579482000
20.857,2,Jan 21 2020 01: +0,1579568400
20.028,2,Jan 22 2020 01: +0,1579654800
18.449,8,Jan 23 2020 01: +0,1579741200
19.302,2,Jan 24 2020 01: +0,1579827600
19.175,3,Jan 25 2020 01: +0,1579914000
18.829,3,Jan 26 2020 01: +0,1580000400
17.313,2,Jan 28 2020 01: +0,1580173200
19.379,3,Jan 29 2020 01: +0,1580259600
12.532,1,Jan 30 2020 01: +0,1580346000
21.783,2,Feb 01 2020 01: +0,1580518800
19.377,3,Feb 02 2020 01: +0,1580605200
19.56,1,Feb 03 2020 01: +0,1580691600
18.822,6,Feb 04 2020 01: +0,1580778000
17.93,1,Feb 05 2020 01: +0,1580864400
18.149,1,Feb 07 2020 01: +0,1581037200
19.421,3,Feb 08 2020 01: +0,1581123600
20.794,4,Feb 09 2020 01: +0,1581210000
18.622,2,Feb 11 2020 01: +0,1581382800
19.216,2,Feb 12 2020 01: +0,1581469200
20.26,4,Feb 14 2020 01: +0,1581642000
14.961,2,Feb 15 2020 01: +0,1581728400
21.577,1,Feb 16 2020 01: +0,1581814800
17.429,3,Feb 18 2020 01: +0,1581987600
17.599,1,Feb 19 2020 01: +0,1582074000
17.279,2,Feb 20 2020 01: +0,1582160400
20.109,1,Feb 22 2020 01: +0,1582333200
19.992,3,Feb 23 2020 01: +0,1582419600
20.694,2,Feb 25 2020 01: +0,1582592400
20.977,1,Feb 26 2020 01: +0,1582678800
20.076,2,Feb 28 2020 01: +0,1582851600
20.437,2,Feb 29 2020 01: +0,1582938000
20.979,2,Mar 01 2020 01: +0,1583024400
17.714,3,Mar 02 2020 01: +0,1583110800
18.022,2,Mar 04 2020 01: +0,1583283600
17.466,3,Mar 05 2020 01: +0,1583370000
20.717,3,Mar 06 2020 01: +0,1583456400
21.535,3,Mar 07 2020 01: +0,1583542800
18.632,2,Mar 08 2020 01: +0,1583629200
18.797,2,Mar 09 2020 01: +0,1583715600
19.278,2,Mar 10 2020 01: +0,1583802000
19.406,3,Mar 11 2020 01: +0,1583888400
18.83,3,Mar 12 2020 01: +0,1583974800
19.021,4,Mar 13 2020 01: +0,1584061200
17.846,2,Mar 14 2020 01: +0,1584147600
19.511,5,Mar 15 2020 01: +0,1584234000
19.128,1,Mar 17 2020 01: +0,1584406800
17.222,2,Mar 18 2020 01: +0,1584493200
18.407,6,Mar 19 2020 01: +0,1584579600
18.587,4,Mar 20 2020 01: +0,1584666000
18.596,2,Mar 21 2020 01: +0,1584752400
16.24,3,Mar 22 2020 01: +0,1584838800
16.027,2,Mar 23 2020 01: +0,1584925200
18.217,1,Mar 24 2020 01: +0,1585011600
17.594,3,Mar 25 2020 01: +0,1585098000
15.868,4,Mar 26 2020 01: +0,1585184400
16.708,4,Mar 27 2020 01: +0,1585270800
16.39,3,Mar 28 2020 01: +0,1585357200
16.152,3,Mar 29 2020 01: +0,1585443600
18.346,4,Mar 30 2020 01: +0,1585526400
17.789,5,Mar 31 2020 01: +0,1585612800
18.01,3,Apr 01 2020 01: +0,1585699200
18.552,7,Apr 02 2020 01: +0,1585785600
17.415,3,Apr 04 2020 01: +0,1585958400
16.942,4,Apr 05 2020 01: +0,1586044800
18.872,2,Apr 06 2020 01: +0,1586131200
16.804,2,Apr 08 2020 01: +0,1586304000
18.374,3,Apr 09 2020 01: +0,1586390400
18.519,3,Apr 10 2020 01: +0,1586476800
17.708,5,Apr 11 2020 01: +0,1586563200
17.74,4,Apr 12 2020 01: +0,1586649600
21.154,8,Apr 13 2020 01: +0,1586736000
17.301,2,Apr 14 2020 01: +0,1586822400
17.396,12,Apr 15 2020 01: +0,1586908800
15.253,1,Apr 16 2020 01: +0,1586995200
17.962,2,Apr 17 2020 01: +0,1587081600
17.92,2,Apr 18 2020 01: +0,1587168000
16.941,4,Apr 19 2020 01: +0,1587254400
17.003,2,Apr 20 2020 01: +0,1587340800
29.067,3,Apr 21 2020 01: +0,1587427200
16.865,3,Apr 23 2020 01: +0,1587600000
17.486,4,Apr 24 2020 01: +0,1587686400
17.074,5,Apr 25 2020 01: +0,1587772800
16.724,5,Apr 26 2020 01: +0,1587859200
17.19,3,Apr 27 2020 01: +0,1587945600
18.601,4,Apr 28 2020 01: +0,1588032000
17.465,2,Apr 29 2020 01: +0,1588118400
17.757,6,Apr 30 2020 01: +0,1588204800
18.585,1,May 01 2020 01: +0,1588291200
18.306,5,May 02 2020 01: +0,1588377600
29.924,2,May 03 2020 01: +0,1588464000
19.455,6,May 04 2020 01: +0,1588550400
17.594,1,May 05 2020 01: +0,1588636800
19.694,4,May 06 2020 01: +0,1588723200
19.637,2,May 07 2020 01: +0,1588809600
21.17,6,May 08 2020 01: +0,1588896000
23.352,15,May 09 2020 01: +0,1588982400
23.941,2,May 10 2020 01: +0,1589068800
27.334,5,May 11 2020 01: +0,1589155200
19.231,3,May 12 2020 01: +0,1589241600
21.855,6,May 13 2020 01: +0,1589328000
19.848,3,May 14 2020 01: +0,1589414400
21.426,7,May 15 2020 01: +0,1589500800
20.279,5,May 16 2020 01: +0,1589587200
27.421,4,May 17 2020 01: +0,1589673600
18.792,3,May 18 2020 01: +0,1589760000
20.19,3,May 19 2020 01: +0,1589846400
20.942,2,May 21 2020 01: +0,1590019200
26.314,9,May 22 2020 01: +0,1590105600
23.148,4,May 23 2020 01: +0,1590192000
24.385,11,May 24 2020 01: +0,1590278400
27.165,3,May 26 2020 01: +0,1590451200
23.593,3,May 27 2020 01: +0,1590537600
23.475,2,May 28 2020 01: +0,1590624000
25.122,6,May 29 2020 01: +0,1590710400
31.223,4,May 30 2020 01: +0,1590796800
25.932,5,May 31 2020 01: +0,1590883200
37.446,1,Jun 01 2020 01: +0,1590969600
26.642,3,Jun 03 2020 01: +0,1591142400
21.77,2,Jun 04 2020 01: +0,1591228800
23.177,2,Jun 05 2020 01: +0,1591315200
26.87,1,Jun 06 2020 01: +0,1591401600
25.675,3,Jun 08 2020 01: +0,1591574400
24.762,4,Jun 09 2020 01: +0,1591660800
23.62,2,Jun 10 2020 01: +0,1591747200
24.674,1,Jun 11 2020 01: +0,1591833600
23.114,2,Jun 12 2020 01: +0,1591920000
24.606,4,Jun 14 2020 01: +0,1592092800
26.545,2,Jun 15 2020 01: +0,1592179200
22.616,1,Jun 16 2020 01: +0,1592265600
23.78,4,Jun 17 2020 01: +0,1592352000
20.868,3,Jun 19 2020 01: +0,1592524800
31.552,3,Jun 20 2020 01: +0,1592611200
24.459,2,Jun 22 2020 01: +0,1592784000
26.114,2,Jun 23 2020 01: +0,1592870400
28.891,2,Jun 25 2020 01: +0,1593043200
23.265,3,Jun 26 2020 01: +0,1593129600
25.272,3,Jun 27 2020 01: +0,1593216000
22.321,2,Jun 28 2020 01: +0,1593302400
22.86,4,Jun 29 2020 01: +0,1593388800
21.424,1,Jun 30 2020 01: +0,1593475200
24.668,4,Jul 01 2020 01: +0,1593561600
22.395,3,Jul 02 2020 01: +0,1593648000
22.64,1,Jul 04 2020 01: +0,1593820800
34.707,2,Jul 05 2020 01: +0,1593907200
26.826,10,Jul 08 2020 01: +0,1594166400
22.895,1,Jul 09 2020 01: +0,1594252800
26.423,6,Jul 10 2020 01: +0,1594339200
24.675,4,Jul 11 2020 01: +0,1594425600
26.834,2,Jul 12 2020 01: +0,1594512000
25.144,4,Jul 13 2020 01: +0,1594598400
34.456,4,Jul 14 2020 01: +0,1594684800
28.587,3,Jul 15 2020 01: +0,1594771200
27.904,10,Jul 16 2020 01: +0,1594857600
28.074,1,Jul 18 2020 01: +0,1595030400
28.124,1,Jul 19 2020 01: +0,1595116800
29.406,1,Jul 20 2020 01: +0,1595203200
30.831,5,Jul 21 2020 01: +0,1595289600
26.676,1,Jul 22 2020 01: +0,1595376000
33.048,3,Jul 23 2020 01: +0,1595462400
31.542,3,Jul 24 2020 01: +0,1595548800
33.054,1,Jul 26 2020 01: +0,1595721600
31.779,2,Jul 27 2020 01: +0,1595808000
33.773,7,Jul 28 2020 01: +0,1595894400
36.605,9,Jul 29 2020 01: +0,1595980800
37.948,4,Jul 30 2020 01: +0,1596067200
30.738,1,Jul 31 2020 01: +0,1596153600
34.227,2,Aug 01 2020 01: +0,1596240000
39.076,1,Aug 02 2020 01: +0,1596326400
38.035,2,Aug 03 2020 01: +0,1596412800
35.624,3,Aug 04 2020 01: +0,1596499200
37.311,3,Aug 07 2020 01: +0,1596758400
35.469,1,Aug 08 2020 01: +0,1596844800
35.851,1,Aug 09 2020 01: +0,1596931200
36.548,5,Aug 10 2020 01: +0,1597017600
38.166,2,Aug 11 2020 01: +0,1597104000
37.18,3,Aug 12 2020 01: +0,1597190400
39.282,1,Aug 14 2020 01: +0,1597363200
35.638,4,Aug 15 2020 01: +0,1597449600
32.141,4,Aug 16 2020 01: +0,1597536000
30.909,3,Aug 18 2020 01: +0,1597708800
36.658,3,Aug 19 2020 01: +0,1597795200
33.761,2,Aug 20 2020 01: +0,1597881600
34.129,1,Aug 22 2020 01: +0,1598054400
36.313,1,Aug 23 2020 01: +0,1598140800
35.196,1,Aug 24 2020 01: +0,1598227200
32.016,1,Aug 27 2020 01: +0,1598486400
32.64,3,Aug 28 2020 01: +0,1598572800
30.44,2,Aug 30 2020 01: +0,1598745600
27.23,1,Aug 31 2020 01: +0,1598832000
30.313,1,Sep 02 2020 01: +0,1599004800
33.1,1,Sep 03 2020 01: +0,1599091200
35.085,9,Sep 04 2020 01: +0,1599177600
33.294,1,Sep 05 2020 01: +0,1599264000
29.249,1,Sep 06 2020 01: +0,1599350400
32.594,2,Sep 07 2020 01: +0,1599436800
29.599,1,Sep 10 2020 01: +0,1599696000
29.451,2,Sep 11 2020 01: +0,1599782400
36.333,5,Sep 12 2020 01: +0,1599868800
33.711,2,Sep 13 2020 01: +0,1599955200
38.31,3,Sep 14 2020 01: +0,1600041600
31.433,1,Sep 15 2020 01: +0,1600128000
32.673,1,Sep 16 2020 01: +0,1600214400
33.085,2,Sep 17 2020 01: +0,1600300800
32.909,2,Sep 18 2020 01: +0,1600387200
33.268,4,Sep 20 2020 01: +0,1600560000
36.062,3,Sep 22 2020 01: +0,1600732800
37.981,5,Sep 23 2020 01: +0,1600819200
34.017,4,Sep 24 2020 01: +0,1600905600
35.886,2,Sep 26 2020 01: +0,1601078400
35.558,1,Sep 27 2020 01: +0,1601164800
37.124,2,Sep 30 2020 01: +0,1601424000
33.93,3,Oct 01 2020 01: +0,1601510400
33.429,3,Oct 02 2020 01: +0,1601596800
33.509,1,Oct 03 2020 01: +0,1601683200
36.608,2,Oct 04 2020 01: +0,1601769600
32.605,3,Oct 05 2020 01: +0,1601856000
34.535,7,Oct 06 2020 01: +0,1601942400
33.994,1,Oct 08 2020 01: +0,1602115200
36.743,2,Oct 11 2020 01: +0,1602374400
33.635,3,Oct 14 2020 01: +0,1602633600
36.331,2,Oct 15 2020 01: +0,1602720000
37.029,2,Oct 16 2020 01: +0,1602806400
33.64,2,Oct 19 2020 01: +0,1603065600
37.23,1,Oct 20 2020 01: +0,1603152000
35.643,1,Oct 21 2020 01: +0,1603238400
38.2,1,Oct 22 2020 01: +0,1603324800
34.766,2,Oct 23 2020 01: +0,1603411200
36.754,3,Oct 24 2020 01: +0,1603497600
37.727,3,Oct 25 2020 01: +0,1603584000
56.869,2,Oct 26 2020 01: +0,1603674000
35.208,6,Oct 28 2020 01: +0,1603846800
33.605,3,Oct 29 2020 01: +0,1603933200
32.452,3,Oct 30 2020 01: +0,1604019600
35.589,3,Oct 31 2020 01: +0,1604106000
22.126,2,Nov 01 2020 01: +0,1604192400
30.575,3,Nov 02 2020 01: +0,1604278800
37.162,5,Nov 03 2020 01: +0,1604365200
28.736,1,Nov 04 2020 01: +0,1604451600
35.57,1,Nov 05 2020 01: +0,1604538000
30.02,2,Nov 06 2020 01: +0,1604624400
30.927,5,Nov 07 2020 01: +0,1604710800
31.39,3,Nov 08 2020 01: +0,1604797200
28.919,3,Nov 09 2020 01: +0,1604883600
29.323,1,Nov 10 2020 01: +0,1604970000
31.279,1,Nov 12 2020 01: +0,1605142800
30.523,8,Nov 13 2020 01: +0,1605229200
31.574,3,Nov 14 2020 01: +0,1605315600
33.103,1,Nov 15 2020 01: +0,1605402000
31.799,3,Nov 16 2020 01: +0,1605488400
31.251,5,Nov 17 2020 01: +0,1605574800
32.536,3,Nov 18 2020 01: +0,1605661200
34.614,2,Nov 20 2020 01: +0,1605834000
39.397,2,Nov 21 2020 01: +0,1605920400
35.224,23,Nov 22 2020 01: +0,1606006800
32.272,2,Nov 23 2020 01: +0,1606093200
41.369,1,Nov 25 2020 01: +0,1606266000
63.105,2,Nov 26 2020 01: +0,1606352400
33.666,3,Nov 27 2020 01: +0,1606438800
32.737,3,Nov 28 2020 01: +0,1606525200
28.728,1,Nov 29 2020 01: +0,1606611600
29.158,1,Nov 30 2020 01: +0,1606698000
34.386,4,Dec 01 2020 01: +0,1606784400
35.947,1,Dec 02 2020 01: +0,1606870800
35.184,1,Dec 03 2020 01: +0,1606957200
31.353,2,Dec 04 2020 01: +0,1607043600
30.744,3,Dec 05 2020 01: +0,1607130000
28.926,1,Dec 06 2020 01: +0,1607216400
26.987,1,Dec 07 2020 01: +0,1607302800
25.383,1,Dec 08 2020 01: +0,1607389200
29.32,3,Dec 09 2020 01: +0,1607475600
30.473,4,Dec 10 2020 01: +0,1607562000
31.322,1,Dec 11 2020 01: +0,1607648400
31.477,2,Dec 12 2020 01: +0,1607734800
27.131,1,Dec 13 2020 01: +0,1607821200
26.466,1,Dec 14 2020 01: +0,1607907600
25.903,1,Dec 15 2020 01: +0,1607994000
29.481,3,Dec 16 2020 01: +0,1608080400
29.15,4,Dec 17 2020 01: +0,1608166800
29.154,1,Dec 18 2020 01: +0,1608253200
27.69,2,Dec 19 2020 01: +0,1608339600
38.05,1,Dec 20 2020 01: +0,1608426000
35.602,4,Dec 21 2020 01: +0,1608512400
28.355,2,Dec 23 2020 01: +0,1608685200
27.922,2,Dec 24 2020 01: +0,1608771600
29.282,2,Dec 25 2020 01: +0,1608858000
27.503,1,Dec 26 2020 01: +0,1608944400
28.612,1,Dec 27 2020 01: +0,1609030800
28.337,6,Dec 28 2020 01: +0,1609117200
29.956,5,Dec 29 2020 01: +0,1609203600
27.323,3,Dec 30 2020 01: +0,1609290000
33.094,1,Dec 31 2020 01: +0,1609376400
36.352,3,Jan 01 2021 01: +0,1609462800
29.665,2,Jan 02 2021 01: +0,1609549200
29.431,2,Jan 03 2021 01: +0,1609635600
27.857,2,Jan 04 2021 01: +0,1609722000
33.287,1,Jan 05 2021 01: +0,1609808400
32.554,3,Jan 07 2021 01: +0,1609981200
34.402,2,Jan 08 2021 01: +0,1610067600
32.681,8,Jan 09 2021 01: +0,1610154000
32.135,6,Jan 12 2021 01: +0,1610413200
38.897,1,Jan 14 2021 01: +0,1610586000
34.966,2,Jan 15 2021 01: +0,1610672400
34.295,2,Jan 16 2021 01: +0,1610758800
31.482,2,Jan 17 2021 01: +0,1610845200
31.571,3,Jan 18 2021 01: +0,1610931600
31.302,3,Jan 20 2021 01: +0,1611104400
34.402,1,Jan 22 2021 01: +0,1611277200
28.174,1,Jan 23 2021 01: +0,1611363600
33.301,1,Jan 24 2021 01: +0,1611450000
32.325,2,Jan 25 2021 01: +0,1611536400
32.203,6,Jan 26 2021 01: +0,1611622800
31.226,1,Jan 27 2021 01: +0,1611709200
36.057,5,Jan 28 2021 01: +0,1611795600
34.537,4,Jan 29 2021 01: +0,1611882000
36.926,1,Jan 30 2021 01: +0,1611968400
29.985,1,Jan 31 2021 01: +0,1612054800
36.504,3,Feb 01 2021 01: +0,1612141200
29.249,4,Feb 04 2021 01: +0,1612400400
31.933,1,Feb 06 2021 01: +0,1612573200
31.937,1,Feb 07 2021 01: +0,1612659600
31.973,1,Feb 09 2021 01: +0,1612832400
28.079,3,Feb 11 2021 01: +0,1613005200
30.752,8,Feb 12 2021 01: +0,1613091600
39.29,5,Feb 13 2021 01: +0,1613178000
31.276,2,Feb 15 2021 01: +0,1613350800
34.75,1,Feb 16 2021 01: +0,1613437200
30.723,5,Feb 19 2021 01: +0,1613696400
31.389,6,Feb 20 2021 01: +0,1613782800
35.377,2,Feb 21 2021 01: +0,1613869200
36.085,1,Feb 22 2021 01: +0,1613955600
35.653,2,Feb 23 2021 01: +0,1614042000
31.883,2,Feb 25 2021 01: +0,1614214800
36.867,1,Feb 26 2021 01: +0,1614301200
35.487,5,Feb 27 2021 01: +0,1614387600
36.908,1,Feb 28 2021 01: +0,1614474000
36.26,1,Mar 02 2021 01: +0,1614646800
36.918,1,Mar 03 2021 01: +0,1614733200
36.615,1,Mar 04 2021 01: +0,1614819600
33.921,2,Mar 06 2021 01: +0,1614992400
31.499,1,Mar 07 2021 01: +0,1615078800
32.205,2,Mar 10 2021 01: +0,1615338000
32.814,2,Mar 11 2021 01: +0,1615424400
36.959,3,Mar 12 2021 01: +0,1615510800
35.339,1,Mar 13 2021 01: +0,1615597200
35.158,5,Mar 14 2021 01: +0,1615683600
33.729,3,Mar 15 2021 01: +0,1615770000
38.231,3,Mar 16 2021 01: +0,1615856400
39.653,4,Mar 17 2021 01: +0,1615942800
41.187,2,Mar 18 2021 01: +0,1616029200
33.976,2,Mar 19 2021 01: +0,1616115600
34.774,2,Mar 21 2021 01: +0,1616288400
36.381,4,Mar 22 2021 01: +0,1616374800
37.438,1,Mar 23 2021 01: +0,1616461200
37.744,1,Mar 25 2021 01: +0,1616634000
41.365,1,Mar 26 2021 01: +0,1616720400
38.011,4,Mar 27 2021 01: +0,1616806800
38.989,2,Mar 28 2021 01: +0,1616893200
39.78,1,Mar 29 2021 01: +0,1616976000
38.358,3,Mar 31 2021 01: +0,1617148800
38.875,6,Apr 02 2021 01: +0,1617321600
37.272,2,Apr 03 2021 01: +0,1617408000
35.633,3,Apr 05 2021 01: +0,1617580800
36.387,1,Apr 07 2021 01: +0,1617753600
37.581,3,Apr 08 2021 01: +0,1617840000
38.455,4,Apr 09 2021 01: +0,1617926400
38.974,1,Apr 10 2021 01: +0,1618012800
36.529,1,Apr 12 2021 01: +0,1618185600
39.673,5,Apr 13 2021 01: +0,1618272000
38.037,1,Apr 14 2021 01: +0,1618358400
37.972,3,Apr 15 2021 01: +0,1618444800
36.718,1,Apr 16 2021 01: +0,1618531200
37.876,3,Apr 17 2021 01: +0,1618617600
39.088,2,Apr 19 2021 01: +0,1618790400
38.123,2,Apr 21 2021 01: +0,1618963200
39.666,2,Apr 22 2021 01: +0,1619049600
38.256,5,Apr 23 2021 01: +0,1619136000
36.983,1,Apr 24 2021 01: +0,1619222400
41.896,1,Apr 25 2021 01: +0,1619308800
43.156,4,Apr 27 2021 01: +0,1619481600
40.951,2,Apr 28 2021 01: +0,1619568000
46.605,8,Apr 29 2021 01: +0,1619654400
37.521,1,Apr 30 2021 01: +0,1619740800
44.742,2,May 01 2021 01: +0,1619827200
44.56,2,May 02 2021 01: +0,1619913600
59.951,5,May 03 2021 01: +0,1620000000
41.12,2,May 04 2021 01: +0,1620086400
43.959,1,May 05 2021 01: +0,1620172800
33.294,1,May 06 2021 01: +0,1620259200
36.207,3,May 07 2021 01: +0,1620345600
38.05,1,May 09 2021 01: +0,1620518400
43.667,4,May 11 2021 01: +0,1620691200
43.656,2,May 13 2021 01: +0,1620864000
39.136,3,May 14 2021 01: +0,1620950400
43.006,3,May 15 2021 01: +0,1621036800
41.497,5,May 16 2021 01: +0,1621123200
39.051,1,May 18 2021 01: +0,1621296000
47.224,4,May 19 2021 01: +0,1621382400
49.226,5,May 20 2021 01: +0,1621468800
49.602,2,May 22 2021 01: +0,1621641600
42.786,2,May 23 2021 01: +0,1621728000
46.374,1,May 24 2021 01: +0,1621814400
45.391,2,May 25 2021 01: +0,1621900800
48.351,6,May 26 2021 01: +0,1621987200
41.458,2,May 28 2021 01: +0,1622160000
49.817,4,May 30 2021 01: +0,1622332800
50.971,2,May 31 2021 01: +0,1622419200
50.065,5,Jun 01 2021 01: +0,1622505600
53.268,1,Jun 02 2021 01: +0,1622592000
52.748,2,Jun 03 2021 01: +0,1622678400
42.806,1,Jun 04 2021 01: +0,1622764800
49.105,2,Jun 05 2021 01: +0,1622851200
52.797,4,Jun 06 2021 01: +0,1622937600
48.985,4,Jun 07 2021 01: +0,1623024000
56.049,4,Jun 08 2021 01: +0,1623110400
53.082,2,Jun 09 2021 01: +0,1623196800
61.356,5,Jun 10 2021 01: +0,1623283200
54.713,2,Jun 11 2021 01: +0,1623369600
61.545,3,Jun 12 2021 01: +0,1623456000
67.492,3,Jun 13 2021 01: +0,1623542400
75.361,1,Jun 14 2021 01: +0,1623628800
66.939,1,Jun 15 2021 01: +0,1623715200
69.134,2,Jun 17 2021 01: +0,1623888000
76.361,4,Jun 18 2021 01: +0,1623974400
61.835,2,Jun 20 2021 01: +0,1624147200
69.244,2,Jun 21 2021 01: +0,1624233600
77.321,2,Jun 22 2021 01: +0,1624320000
63.751,1,Jun 24 2021 01: +0,1624492800
58.626,3,Jun 25 2021 01: +0,1624579200
58.216,1,Jun 26 2021 01: +0,1624665600
68.127,1,Jun 28 2021 01: +0,1624838400
61.451,1,Jun 29 2021 01: +0,1624924800
65.189,2,Jun 30 2021 01: +0,1625011200
61.176,2,Jul 02 2021 01: +0,1625184000
59.135,1,Jul 04 2021 01: +0,1625356800
56.251,3,Jul 05 2021 01: +0,1625443200
53.899,1,Jul 08 2021 01: +0,1625702400
55.036,3,Jul 09 2021 01: +0,1625788800
83.417,3,Jul 10 2021 01: +0,1625875200
55.098,2,Jul 11 2021 01: +0,1625961600
61.013,4,Jul 12 2021 01: +0,1626048000
64.716,2,Jul 15 2021 01: +0,1626307200
53.758,1,Jul 17 2021 01: +0,1626480000
63.849,1,Jul 19 2021 01: +0,1626652800
51.69,1,Jul 24 2021 01: +0,1627084800
56.231,1,Jul 25 2021 01: +0,1627171200
51.698,1,Jul 26 2021 01: +0,1627257600
50.683,1,Jul 27 2021 01: +0,1627344000
57.184,2,Jul 28 2021 01: +0,1627430400
57.721,1,Jul 29 2021 01: +0,1627516800
51.905,1,Jul 31 2021 01: +0,1627689600
56.248,1,Aug 01 2021 01: +0,1627776000
58.026,1,Aug 02 2021 01: +0,1627862400
58.819,1,Aug 03 2021 01: +0,1627948800
56.248,1,Aug 04 2021 01: +0,1628035200
57.441,3,Aug 06 2021 01: +0,1628208000
48.977,2,Aug 07 2021 01: +0,1628294400
61.456,2,Aug 08 2021 01: +0,1628380800
56.957,1,Aug 09 2021 01: +0,1628467200
52.564,1,Aug 13 2021 01: +0,1628812800
54.411,1,Aug 14 2021 01: +0,1628899200
58.685,9,Aug 15 2021 01: +0,1628985600
52.319,1,Aug 16 2021 01: +0,1629072000
50.416,1,Aug 17 2021 01: +0,1629158400
58.934,2,Aug 19 2021 01: +0,1629331200
54.851,1,Aug 23 2021 01: +0,1629676800
47.562,1,Aug 25 2021 01: +0,1629849600
48.603,2,Aug 28 2021 01: +0,1630108800
63.295,1,Aug 29 2021 01: +0,1630195200
47.742,1,Sep 01 2021 01: +0,1630454400
56.248,2,Sep 02 2021 01: +0,1630540800
52.68,2,Sep 03 2021 01: +0,1630627200
51.266,3,Sep 04 2021 01: +0,1630713600
50.458,1,Sep 05 2021 01: +0,1630800000
52.137,1,Sep 06 2021 01: +0,1630886400
54.426,2,Sep 07 2021 01: +0,1630972800
53.795,2,Sep 09 2021 01: +0,1631145600
51.003,1,Sep 12 2021 01: +0,1631404800
46.926,1,Sep 13 2021 01: +0,1631491200
42.637,2,Sep 14 2021 01: +0,1631577600
56.828,1,Sep 15 2021 01: +0,1631664000
56.949,1,Sep 16 2021 01: +0,1631750400
57.887,3,Sep 19 2021 01: +0,1632009600
56.479,1,Sep 20 2021 01: +0,1632096000
47.463,1,Sep 22 2021 01: +0,1632268800
43.631,2,Sep 23 2021 01: +0,1632355200
48.032,4,Sep 24 2021 01: +0,1632441600
48.059,1,Sep 27 2021 01: +0,1632700800
35.204,1,Sep 29 2021 01: +0,1632873600
44.743,1,Sep 30 2021 01: +0,1632960000
48.001,3,Oct 01 2021 01: +0,1633046400
51.953,4,Oct 02 2021 01: +0,1633132800
55.942,1,Oct 03 2021 01: +0,1633219200
39.651,2,Oct 05 2021 01: +0,1633392000
48.026,2,Oct 06 2021 01: +0,1633478400
47.885,1,Oct 07 2021 01: +0,1633564800
42.543,3,Oct 08 2021 01: +0,1633651200
46.601,1,Oct 09 2021 01: +0,1633737600
41.83,1,Oct 11 2021 01: +0,1633910400
48.332,2,Oct 13 2021 01: +0,1634083200
50.01,2,Oct 14 2021 01: +0,1634169600
48.658,2,Oct 15 2021 01: +0,1634256000
47.681,3,Oct 16 2021 01: +0,1634342400
49.232,4,Oct 17 2021 01: +0,1634428800
47.562,1,Oct 18 2021 01: +0,1634515200
46.115,2,Oct 19 2021 01: +0,1634601600
46.082,1,Oct 20 2021 01: +0,1634688000
42.955,2,Oct 22 2021 01: +0,1634860800
46.744,7,Oct 23 2021 01: +0,1634947200
41.149,3,Oct 24 2021 01: +0,1635033600
47.182,1,Oct 25 2021 01: +0,1635120000
52.585,2,Oct 26 2021 01: +0,1635206400
44.994,2,Oct 27 2021 01: +0,1635292800
46.322,1,Oct 28 2021 01: +0,1635379200
49.828,2,Oct 29 2021 01: +0,1635465600
46.247,1,Oct 31 2021 01: +0,1635638400
42.171,3,Nov 01 2021 01: +0,1635728400
68.775,2,Nov 02 2021 01: +0,1635814800
48.863,1,Nov 03 2021 01: +0,1635901200
47.385,3,Nov 04 2021 01: +0,1635987600
45.757,2,Nov 05 2021 01: +0,1636074000
45.654,3,Nov 07 2021 01: +0,1636246800
47.522,1,Nov 09 2021 01: +0,1636419600
40.329,1,Nov 11 2021 01: +0,1636592400
41.371,1,Nov 12 2021 01: +0,1636678800
41.028,2,Nov 13 2021 01: +0,1636765200
36.693,1,Nov 16 2021 01: +0,1637024400
40.988,3,Nov 17 2021 01: +0,1637110800
37.564,1,Nov 18 2021 01: +0,1637197200
44.08,5,Nov 19 2021 01: +0,1637283600
48.382,1,Nov 21 2021 01: +0,1637456400
49.349,6,Nov 22 2021 01: +0,1637542800
46.076,2,Nov 26 2021 01: +0,1637888400
57.075,1,Nov 28 2021 01: +0,1638061200
57.181,3,Nov 29 2021 01: +0,1638147600
55.092,4,Nov 30 2021 01: +0,1638234000
44.734,1,Dec 01 2021 01: +0,1638320400
43.139,1,Dec 02 2021 01: +0,1638406800
57.713,2,Dec 03 2021 01: +0,1638493200
46.174,1,Dec 04 2021 01: +0,1638579600
52.426,1,Dec 05 2021 01: +0,1638666000
45.044,1,Dec 07 2021 01: +0,1638838800
47.84,1,Dec 08 2021 01: +0,1638925200
56.293,2,Dec 09 2021 01: +0,1639011600
48.912,3,Dec 10 2021 01: +0,1639098000
47.286,1,Dec 14 2021 01: +0,1639443600
44.865,1,Dec 16 2021 01: +0,1639616400
47.627,3,Dec 18 2021 01: +0,1639789200
54.056,1,Dec 19 2021 01: +0,1639875600
53.753,1,Dec 20 2021 01: +0,1639962000
44.766,3,Dec 22 2021 01: +0,1640134800
49.611,3,Dec 24 2021 01: +0,1640307600
62.849,1,Dec 25 2021 01: +0,1640394000
48.621,1,Dec 28 2021 01: +0,1640653200
49.457,2,Jan 01 2022 01: +0,1640998800
54.02,1,Jan 03 2022 01: +0,1641171600
52.641,1,Jan 07 2022 01: +0,1641517200
73.246,2,Jan 08 2022 01: +0,1641603600
47.116,1,Jan 09 2022 01: +0,1641690000
43.46,2,Jan 10 2022 01: +0,1641776400
47.548,2,Jan 11 2022 01: +0,1641862800
51.906,3,Jan 12 2022 01: +0,1641949200
53.075,2,Jan 13 2022 01: +0,1642035600
48.133,2,Jan 16 2022 01: +0,1642294800
46.777,1,Jan 18 2022 01: +0,1642467600
48.481,1,Jan 19 2022 01: +0,1642554000
51.841,2,Jan 20 2022 01: +0,1642640400
46.702,1,Jan 21 2022 01: +0,1642726800
52.42,2,Jan 22 2022 01: +0,1642813200
44.316,2,Jan 25 2022 01: +0,1643072400
48.19,2,Jan 26 2022 01: +0,1643158800
45.66,2,Jan 28 2022 01: +0,1643331600
46.157,4,Jan 29 2022 01: +0,1643418000
45.267,1,Jan 30 2022 01: +0,1643504400
42.314,1,Jan 31 2022 01: +0,1643590800
45.131,1,Feb 01 2022 01: +0,1643677200
47.017,1,Feb 02 2022 01: +0,1643763600
45.089,3,Feb 03 2022 01: +0,1643850000
40.879,1,Feb 04 2022 01: +0,1643936400
43.477,3,Feb 05 2022 01: +0,1644022800
40.275,1,Feb 07 2022 01: +0,1644195600
46.561,3,Feb 08 2022 01: +0,1644282000
43.76,4,Feb 10 2022 01: +0,1644454800
44.302,1,Feb 11 2022 01: +0,1644541200
39.396,2,Feb 13 2022 01: +0,1644714000
38.786,1,Feb 14 2022 01: +0,1644800400
44.248,2,Feb 15 2022 01: +0,1644886800
45.16,1,Feb 16 2022 01: +0,1644973200
47.885,1,Feb 17 2022 01: +0,1645059600
40.374,1,Feb 22 2022 01: +0,1645491600
44.251,2,Feb 23 2022 01: +0,1645578000
71.959,3,Feb 24 2022 01: +0,1645664400
44.49,2,Feb 25 2022 01: +0,1645750800
42.873,2,Feb 26 2022 01: +0,1645837200
40.736,2,Feb 28 2022 01: +0,1646010000
42.952,3,Mar 01 2022 01: +0,1646096400
42.812,2,Mar 02 2022 01: +0,1646182800
40.253,1,Mar 03 2022 01: +0,1646269200
46.464,1,Mar 04 2022 01: +0,1646355600
44.339,4,Mar 07 2022 01: +0,1646614800
38.901,3,Mar 08 2022 01: +0,1646701200
43.252,3,Mar 09 2022 01: +0,1646787600
40.56,2,Mar 10 2022 01: +0,1646874000
43.53,3,Mar 13 2022 01: +0,1647133200
41.392,2,Mar 14 2022 01: +0,1647219600
40.598,2,Mar 17 2022 01: +0,1647478800
39.7,2,Mar 18 2022 01: +0,1647565200
43.873,1,Mar 19 2022 01: +0,1647651600
44.95,1,Mar 21 2022 01: +0,1647824400
44.726,2,Mar 23 2022 01: +0,1647997200
46.904,3,Mar 26 2022 01: +0,1648256400
45.431,1,Mar 30 2022 01: +0,1648598400
49.382,1,Mar 31 2022 01: +0,1648684800
51.603,2,Apr 01 2022 01: +0,1648771200
43.733,1,Apr 02 2022 01: +0,1648857600
43.733,1,Apr 04 2022 01: +0,1649030400
50.459,6,Apr 05 2022 01: +0,1649116800
52.09,1,Apr 06 2022 01: +0,1649203200
46.359,2,Apr 07 2022 01: +0,1649289600
51.971,1,Apr 08 2022 01: +0,1649376000
44.494,2,Apr 09 2022 01: +0,1649462400
43.542,1,Apr 12 2022 01: +0,1649721600
56.222,1,Apr 13 2022 01: +0,1649808000
44.998,1,Apr 15 2022 01: +0,1649980800
47.584,3,Apr 16 2022 01: +0,1650067200
50.045,1,Apr 18 2022 01: +0,1650240000
45.738,3,Apr 19 2022 01: +0,1650326400
53.767,1,Apr 24 2022 01: +0,1650758400
52.697,5,Apr 25 2022 01: +0,1650844800
46.8,1,Apr 29 2022 01: +0,1651190400
43.472,2,Apr 30 2022 01: +0,1651276800
53.94,1,May 01 2022 01: +0,1651363200
47.062,2,May 02 2022 01: +0,1651449600
48.625,2,May 03 2022 01: +0,1651536000
44.684,1,May 04 2022 01: +0,1651622400
51.27,2,May 07 2022 01: +0,1651881600
44.973,1,May 08 2022 01: +0,1651968000
44.965,1,May 09 2022 01: +0,1652054400
52.09,1,May 11 2022 01: +0,1652227200
53.874,2,May 12 2022 01: +0,1652313600
50.567,1,May 13 2022 01: +0,1652400000
44.461,1,May 15 2022 01: +0,1652572800
45.064,1,May 16 2022 01: +0,1652659200
45.064,1,May 18 2022 01: +0,1652832000
49.646,1,May 19 2022 01: +0,1652918400
45.246,1,May 22 2022 01: +0,1653177600
48.876,2,May 25 2022 01: +0,1653436800
46.86,3,May 29 2022 01: +0,1653782400
52.004,1,Jun 01 2022 01: +0,1654041600
48.993,1,Jun 02 2022 01: +0,1654128000
50.101,4,Jun 03 2022 01: +0,1654214400
48.653,2,Jun 05 2022 01: +0,1654387200
50.986,3,Jun 06 2022 01: +0,1654473600
41.35,1,Jun 07 2022 01: +0,1654560000
46.338,1,Jun 09 2022 01: +0,1654732800
47.918,1,Jun 11 2022 01: +0,1654905600
52.186,1,Jun 12 2022 01: +0,1654992000
60.119,1,Jun 13 2022 01: +0,1655078400
51.814,1,Jun 14 2022 01: +0,1655164800
46.487,1,Jun 15 2022 01: +0,1655251200
50.06,2,Jun 17 2022 01: +0,1655424000
52.104,1,Jun 18 2022 01: +0,1655510400
51.773,1,Jun 19 2022 01: +0,1655596800
41.35,1,Jun 21 2022 01: +0,1655769600
40.624,2,Jun 23 2022 01: +0,1655942400
52.643,2,Jun 24 2022 01: +0,1656028800
42.848,1,Jun 25 2022 01: +0,1656115200
40.225,2,Jun 26 2022 01: +0,1656201600
41.544,4,Jun 29 2022 01: +0,1656460800
41.929,1,Jul 01 2022 01: +0,1656633600
47.554,1,Jul 02 2022 01: +0,1656720000
49.636,1,Jul 03 2022 01: +0,1656806400
78.209,1,Jul 05 2022 01: +0,1656979200
42.972,1,Jul 06 2022 01: +0,1657065600
43.405,4,Jul 07 2022 01: +0,1657152000
47.812,2,Jul 09 2022 01: +0,1657324800
42.434,1,Jul 12 2022 01: +0,1657584000
43.434,1,Jul 14 2022 01: +0,1657756800
43.414,2,Jul 15 2022 01: +0,1657843200
102.861,1,Jul 16 2022 01: +0,1657929600
43.162,1,Jul 19 2022 01: +0,1658188800
48.944,1,Jul 21 2022 01: +0,1658361600
46.795,3,Jul 23 2022 01: +0,1658534400
51.291,1,Jul 26 2022 01: +0,1658793600
44.27,1,Jul 27 2022 01: +0,1658880000
44.403,2,Jul 28 2022 01: +0,1658966400
44.403,1,Jul 29 2022 01: +0,1659052800
62.871,2,Jul 30 2022 01: +0,1659139200
37.496,1,Aug 01 2022 01: +0,1659312000
42.277,1,Aug 03 2022 01: +0,1659484800
41.499,2,Aug 04 2022 01: +0,1659571200
47.152,1,Aug 06 2022 01: +0,1659744000
44.254,2,Aug 08 2022 01: +0,1659916800
42.541,2,Aug 10 2022 01: +0,1660089600
46.543,2,Aug 11 2022 01: +0,1660176000
46.715,2,Aug 15 2022 01: +0,1660521600
44.676,1,Aug 16 2022 01: +0,1660608000
42.922,1,Aug 18 2022 01: +0,1660780800
42.401,1,Aug 20 2022 01: +0,1660953600
47.844,1,Aug 21 2022 01: +0,1661040000
48.004,1,Aug 23 2022 01: +0,1661212800
40.228,3,Aug 24 2022 01: +0,1661299200
51.367,1,Aug 25 2022 01: +0,1661385600
45.089,3,Aug 26 2022 01: +0,1661472000
43.294,2,Aug 27 2022 01: +0,1661558400
45.686,2,Aug 28 2022 01: +0,1661644800
39.812,1,Aug 29 2022 01: +0,1661731200
39.837,2,Aug 31 2022 01: +0,1661904000
40.697,2,Sep 02 2022 01: +0,1662076800
44.04,5,Sep 03 2022 01: +0,1662163200
49.084,1,Sep 04 2022 01: +0,1662249600
49.175,3,Sep 07 2022 01: +0,1662508800
48.673,2,Sep 08 2022 01: +0,1662595200
48.827,1,Sep 09 2022 01: +0,1662681600
38.931,4,Sep 11 2022 01: +0,1662854400
83.073,1,Sep 12 2022 01: +0,1662940800
41.364,2,Sep 13 2022 01: +0,1663027200
39.713,1,Sep 15 2022 01: +0,1663200000
37.901,1,Sep 16 2022 01: +0,1663286400
45.057,2,Sep 17 2022 01: +0,1663372800
33.294,1,Sep 18 2022 01: +0,1663459200
34.141,2,Sep 22 2022 01: +0,1663804800
33.07,1,Sep 24 2022 01: +0,1663977600
39.613,3,Sep 29 2022 01: +0,1664409600
40.143,3,Oct 01 2022 01: +0,1664582400
40.205,2,Oct 02 2022 01: +0,1664668800
37.889,2,Oct 03 2022 01: +0,1664755200
43.678,2,Oct 05 2022 01: +0,1664928000
41.259,1,Oct 06 2022 01: +0,1665014400
43.556,1,Oct 07 2022 01: +0,1665100800
42.374,2,Oct 08 2022 01: +0,1665187200
43.951,2,Oct 09 2022 01: +0,1665273600
43.987,2,Oct 10 2022 01: +0,1665360000
44.746,2,Oct 11 2022 01: +0,1665446400
46.735,1,Oct 13 2022 01: +0,1665619200
45.186,2,Oct 14 2022 01: +0,1665705600
44.823,3,Oct 15 2022 01: +0,1665792000
46.381,3,Oct 16 2022 01: +0,1665878400
48.522,1,Oct 17 2022 01: +0,1665964800
40.97,1,Oct 18 2022 01: +0,1666051200
46.871,2,Oct 19 2022 01: +0,1666137600
44.106,2,Oct 20 2022 01: +0,1666224000
48.166,1,Oct 21 2022 01: +0,1666310400
40.804,1,Oct 22 2022 01: +0,1666396800
44.452,1,Oct 23 2022 01: +0,1666483200
44.739,3,Oct 25 2022 01: +0,1666656000
46.698,3,Oct 26 2022 01: +0,1666742400
45.432,2,Oct 28 2022 01: +0,1666915200
44.295,1,Oct 30 2022 01: +0,1667088000
48.071,2,Nov 02 2022 01: +0,1667350800
45.66,1,Nov 06 2022 01: +0,1667696400
49.607,1,Nov 08 2022 01: +0,1667869200
46.12,1,Nov 10 2022 01: +0,1668042000
46.839,1,Nov 11 2022 01: +0,1668128400
46.958,1,Nov 12 2022 01: +0,1668214800
52.319,1,Nov 16 2022 01: +0,1668560400
49.183,1,Nov 17 2022 01: +0,1668646800
48.647,1,Nov 18 2022 01: +0,1668733200
40.904,1,Nov 20 2022 01: +0,1668906000
46.573,5,Nov 22 2022 01: +0,1669078800
43.209,4,Nov 23 2022 01: +0,1669165200
46.167,1,Nov 25 2022 01: +0,1669338000
36.722,2,Nov 26 2022 01: +0,1669424400
36.66,1,Nov 27 2022 01: +0,1669510800
39.105,2,Nov 28 2022 01: +0,1669597200
42.916,1,Dec 01 2022 01: +0,1669856400
41.028,2,Dec 03 2022 01: +0,1670029200
45.658,1,Dec 04 2022 01: +0,1670115600
41.599,1,Dec 05 2022 01: +0,1670202000
43.443,1,Dec 06 2022 01: +0,1670288400
43.567,1,Dec 07 2022 01: +0,1670374800
46.15,4,Dec 08 2022 01: +0,1670461200
49.242,1,Dec 09 2022 01: +0,1670547600
49.167,3,Dec 10 2022 01: +0,1670634000
49.254,5,Dec 11 2022 01: +0,1670720400
51.607,3,Dec 12 2022 01: +0,1670806800
52.319,3,Dec 14 2022 01: +0,1670979600
52.98,1,Dec 15 2022 01: +0,1671066000
48.117,2,Dec 16 2022 01: +0,1671152400
54.122,1,Dec 17 2022 01: +0,1671238800
50.491,2,Dec 19 2022 01: +0,1671411600
48.328,2,Dec 20 2022 01: +0,1671498000
47.562,1,Dec 21 2022 01: +0,1671584400
48.026,2,Dec 22 2022 01: +0,1671670800
57.546,1,Dec 23 2022 01: +0,1671757200
76.075,1,Dec 24 2022 01: +0,1671843600
48.936,1,Dec 25 2022 01: +0,1671930000
51.14,2,Dec 26 2022 01: +0,1672016400
55.688,1,Dec 27 2022 01: +0,1672102800
45.122,1,Dec 29 2022 01: +0,1672275600
52.898,1,Dec 30 2022 01: +0,1672362000
36.8,1,Dec 31 2022 01: +0,1672448400
49.226,2,Jan 01 2023 01: +0,1672534800
52.428,3,Jan 02 2023 01: +0,1672621200
45.037,3,Jan 03 2023 01: +0,1672707600
44.998,1,Jan 07 2023 01: +0,1673053200
45.027,3,Jan 09 2023 01: +0,1673226000
45.064,1,Jan 11 2023 01: +0,1673398800
51.632,1,Jan 12 2023 01: +0,1673485200
45.064,1,Jan 14 2023 01: +0,1673658000
51.789,1,Jan 16 2023 01: +0,1673830800
50.905,1,Jan 17 2023 01: +0,1673917200
43.675,3,Jan 18 2023 01: +0,1674003600
47.199,6,Jan 19 2023 01: +0,1674090000
35.982,1,Jan 20 2023 01: +0,1674176400
41.11,1,Jan 22 2023 01: +0,1674349200
45.563,3,Jan 23 2023 01: +0,1674435600
48.45,1,Jan 24 2023 01: +0,1674522000
43.266,2,Jan 25 2023 01: +0,1674608400
43.887,3,Jan 27 2023 01: +0,1674781200
45.766,3,Jan 28 2023 01: +0,1674867600
50.997,1,Jan 30 2023 01: +0,1675040400
42.881,1,Jan 31 2023 01: +0,1675126800
42.939,1,Feb 01 2023 01: +0,1675213200
74.968,2,Feb 02 2023 01: +0,1675299600
50.367,1,Feb 03 2023 01: +0,1675386000
48.935,1,Feb 04 2023 01: +0,1675472400
47.035,2,Feb 05 2023 01: +0,1675558800
45.958,1,Feb 06 2023 01: +0,1675645200
46.829,3,Feb 07 2023 01: +0,1675731600
53.171,1,Feb 10 2023 01: +0,1675990800
46.115,1,Feb 11 2023 01: +0,1676077200
52.09,1,Feb 12 2023 01: +0,1676163600
43.372,1,Feb 13 2023 01: +0,1676250000
55.685,1,Feb 14 2023 01: +0,1676336400
43.288,1,Feb 16 2023 18: +0,1676570400
50.976,2,Feb 16 2023 21: +0,1676581200
46.115,1,Feb 17 2023 05: +0,1676610000
40.904,1,Feb 17 2023 23: +0,1676674800
42.533,1,Feb 18 2023 16: +0,1676736000
42.591,1,Feb 19 2023 15: +0,1676818800
44.585,1,Feb 20 2023 13: +0,1676898000
42.707,1,Feb 21 2023 12: +0,1676980800
43.458,1,Feb 21 2023 16: +0,1676995200
37.041,1,Feb 22 2023 11: +0,1677063600
48.41,1,Feb 22 2023 14: +0,1677074400
48.522,2,Feb 22 2023 22: +0,1677103200
43.22,1,Feb 23 2023 18: +0,1677175200
50.155,1,Feb 23 2023 21: +0,1677186000
42.591,1,Feb 24 2023 14: +0,1677247200
55.975,1,Feb 24 2023 20: +0,1677268800
44.303,1,Feb 25 2023 19: +0,1677351600
44.303,1,Feb 27 2023 00: +0,1677456000
48.909,1,Feb 27 2023 10: +0,1677492000
42.197,1,Feb 28 2023 06: +0,1677564000
49.224,1,Mar 02 2023 12: +0,1677758400
48.842,1,Mar 03 2023 13: +0,1677848400
44.022,1,Mar 03 2023 18: +0,1677866400
41.83,1,Mar 04 2023 23: +0,1677970800
49.41,1,Mar 05 2023 12: +0,1678017600
49.424,1,Mar 06 2023 02: +0,1678068000
39.473,1,Mar 08 2023 00: +0,1678233600
42.806,1,Mar 08 2023 12: +0,1678276800
49.291,1,Mar 09 2023 15: +0,1678374000
42.914,1,Mar 11 2023 17: +0,1678554000
43.133,1,Mar 12 2023 04: +0,1678593600
47.514,1,Mar 12 2023 09: +0,1678611600
45.766,2,Mar 12 2023 18: +0,1678644000
50.238,1,Mar 13 2023 04: +0,1678680000
50.44,1,Mar 14 2023 14: +0,1678802400
50.655,1,Mar 16 2023 06: +0,1678946400
49.571,1,Mar 16 2023 23: +0,1679007600
50.464,1,Mar 17 2023 03: +0,1679022000
47.94,1,Mar 18 2023 13: +0,1679144400
52.005,1,Mar 19 2023 00: +0,1679184000
54.553,1,Mar 19 2023 12: +0,1679227200
48.849,1,Mar 19 2023 19: +0,1679252400
46.993,1,Mar 21 2023 12: +0,1679400000
50.51,4,Mar 21 2023 14: +0,1679407200
35.259,1,Mar 22 2023 19: +0,1679511600
35.259,1,Mar 22 2023 22: +0,1679522400
45.464,1,Mar 22 2023 23: +0,1679526000
45.825,1,Mar 23 2023 22: +0,1679608800
48.166,2,Mar 24 2023 00: +0,1679616000
45.899,1,Mar 24 2023 02: +0,1679623200
50.137,2,Mar 24 2023 11: +0,1679655600
59.606,1,Mar 24 2023 14: +0,1679666400
47.519,1,Mar 25 2023 03: +0,1679713200
52.795,5,Mar 25 2023 13: +0,1679749200
48.403,1,Mar 25 2023 19: +0,1679770800
48.624,1,Mar 26 2023 02: +0,1679792400
51.152,1,Mar 26 2023 03: +0,1679796000
57.194,1,Mar 26 2023 11: +0,1679824800
42.213,1,Mar 26 2023 17: +0,1679846400
41.397,1,Mar 26 2023 22: +0,1679864400
52.975,1,Mar 27 2023 00: +0,1679871600
53.53,1,Mar 27 2023 21: +0,1679947200
52.545,1,Mar 29 2023 01: +0,1680048000
56.983,1,Mar 29 2023 14: +0,1680094800
55.381,1,Mar 29 2023 18: +0,1680109200
55.779,2,Mar 30 2023 02: +0,1680138000
56.597,1,Mar 30 2023 13: +0,1680177600
59.501,2,Mar 31 2023 09: +0,1680249600
55.515,1,Mar 31 2023 17: +0,1680278400
51.124,1,Apr 01 2023 00: +0,1680303600
56.561,1,Apr 01 2023 12: +0,1680346800
56.6,1,Apr 01 2023 17: +0,1680364800
60.653,1,Apr 01 2023 21: +0,1680379200
50.015,1,Apr 02 2023 07: +0,1680415200
50.544,1,Apr 02 2023 09: +0,1680422400
50.363,1,Apr 03 2023 06: +0,1680498000
58.36,1,Apr 03 2023 22: +0,1680555600
54.183,2,Apr 04 2023 10: +0,1680598800
50.163,1,Apr 04 2023 21: +0,1680638400
50.236,1,Apr 04 2023 23: +0,1680645600
79.428,1,Apr 05 2023 00: +0,1680649200
56.346,2,Apr 06 2023 20: +0,1680807600
55.466,1,Apr 07 2023 02: +0,1680829200
60.812,1,Apr 07 2023 10: +0,1680858000
58.343,1,Apr 08 2023 19: +0,1680976800
58.733,1,Apr 08 2023 23: +0,1680991200
51.203,1,Apr 09 2023 00: +0,1680994800
55.854,1,Apr 10 2023 00: +0,1681081200
50.491,1,Apr 10 2023 01: +0,1681084800
50.749,1,Apr 10 2023 13: +0,1681128000
55.539,1,Apr 10 2023 19: +0,1681149600
54.429,1,Apr 10 2023 22: +0,1681160400
49.72,2,Apr 11 2023 01: +0,1681171200
55.377,1,Apr 12 2023 09: +0,1681286400
53.067,1,Apr 13 2023 19: +0,1681408800
54.421,1,Apr 14 2023 01: +0,1681430400
48.744,1,Apr 14 2023 08: +0,1681455600
59.027,1,Apr 14 2023 17: +0,1681488000
55.901,1,Apr 15 2023 17: +0,1681574400
54.549,1,Apr 15 2023 20: +0,1681585200
49.73,1,Apr 16 2023 04: +0,1681614000
55.253,1,Apr 16 2023 19: +0,1681668000
56.652,1,Apr 17 2023 09: +0,1681718400
62.627,1,Apr 17 2023 12: +0,1681729200
56.66,1,Apr 17 2023 16: +0,1681743600
55.599,1,Apr 17 2023 21: +0,1681761600
57.324,1,Apr 17 2023 23: +0,1681768800
57.633,1,Apr 18 2023 04: +0,1681786800
55.598,1,Apr 18 2023 18: +0,1681837200
57.63,1,Apr 19 2023 00: +0,1681858800
60.129,2,Apr 20 2023 12: +0,1681988400
62.935,1,Apr 20 2023 18: +0,1682010000
55.608,1,Apr 21 2023 23: +0,1682114400
54.802,1,Apr 22 2023 05: +0,1682136000
54.636,1,Apr 22 2023 12: +0,1682161200
59.606,1,Apr 22 2023 17: +0,1682179200
59.66,1,Apr 22 2023 18: +0,1682182800
60.951,1,Apr 22 2023 23: +0,1682200800
85.038,1,Apr 24 2023 09: +0,1682323200
64.545,1,Apr 24 2023 12: +0,1682334000
66.427,1,Apr 25 2023 00: +0,1682377200
53.148,1,Apr 25 2023 03: +0,1682388000
60.008,1,Apr 25 2023 05: +0,1682395200
52.982,1,Apr 26 2023 14: +0,1682514000
64.643,1,Apr 27 2023 10: +0,1682586000
58.045,1,Apr 27 2023 16: +0,1682607600
58.362,1,Apr 28 2023 04: +0,1682650800
65.784,1,Apr 28 2023 15: +0,1682690400
65.124,1,Apr 28 2023 20: +0,1682708400
60.729,1,Apr 29 2023 12: +0,1682766000
53.611,1,Apr 29 2023 18: +0,1682787600
53.683,1,Apr 30 2023 05: +0,1682827200
53.683,1,Apr 30 2023 22: +0,1682888400
50.505,1,May 02 2023 11: +0,1683021600
57.134,2,May 02 2023 21: +0,1683057600
62.554,1,May 03 2023 04: +0,1683082800
54.061,1,May 06 2023 03: +0,1683338400
63.136,1,May 06 2023 12: +0,1683370800
48.095,1,May 07 2023 21: +0,1683489600
45.836,1,May 09 2023 00: +0,1683586800
60.971,1,May 10 2023 10: +0,1683709200
54.586,1,May 11 2023 04: +0,1683774000
54.618,1,May 11 2023 05: +0,1683777600
56.254,1,May 11 2023 21: +0,1683835200
52.398,1,May 12 2023 02: +0,1683853200
46.961,1,May 12 2023 06: +0,1683867600
48.514,1,May 13 2023 00: +0,1683932400
59.776,1,May 13 2023 19: +0,1684000800
59.628,1,May 14 2023 12: +0,1684062000
59.576,1,May 14 2023 20: +0,1684090800
130.449,1,May 14 2023 23: +0,1684101600
59.448,1,May 15 2023 18: +0,1684170000
60.01,1,May 16 2023 05: +0,1684209600
60.018,1,May 16 2023 08: +0,1684220400
59.924,1,May 16 2023 21: +0,1684267200
59.885,1,May 18 2023 02: +0,1684371600
59.515,1,May 18 2023 07: +0,1684389600
56.529,1,May 18 2023 18: +0,1684429200
58.699,1,May 18 2023 19: +0,1684432800
53.479,1,May 20 2023 19: +0,1684605600
59.852,1,May 20 2023 21: +0,1684612800
49.85,1,May 21 2023 02: +0,1684630800
52.683,1,May 21 2023 11: +0,1684663200
57.106,1,May 21 2023 16: +0,1684681200
59.836,1,May 21 2023 20: +0,1684695600
59.647,1,May 22 2023 11: +0,1684749600
60.984,1,May 23 2023 11: +0,1684836000
61.724,1,May 24 2023 17: +0,1684944000
62.284,1,May 24 2023 19: +0,1684951200
63.595,2,May 25 2023 10: +0,1685005200
63.303,1,May 26 2023 01: +0,1685059200
59.981,1,May 26 2023 09: +0,1685088000
73.796,1,May 26 2023 20: +0,1685127600
52.414,1,May 27 2023 05: +0,1685160000
55.089,2,May 27 2023 16: +0,1685199600
52.835,1,May 28 2023 00: +0,1685228400
59.89,1,May 28 2023 05: +0,1685246400
60.612,1,May 28 2023 12: +0,1685271600
61.458,2,May 29 2023 23: +0,1685397600
55.436,1,May 30 2023 20: +0,1685473200
74.417,1,May 30 2023 21: +0,1685476800
55.436,1,May 31 2023 22: +0,1685566800
55.436,1,May 31 2023 23: +0,1685570400
55.161,1,Jun 01 2023 09: +0,1685606400
61.473,1,Jun 01 2023 12: +0,1685617200
64.144,1,Jun 02 2023 15: +0,1685714400
55.193,1,Jun 03 2023 22: +0,1685826000
54.811,1,Jun 05 2023 02: +0,1685926800
55.963,2,Jun 05 2023 12: +0,1685962800
51.667,1,Jun 05 2023 17: +0,1685980800
54.811,1,Jun 05 2023 19: +0,1685988000
54.355,1,Jun 06 2023 01: +0,1686009600
58.901,1,Jun 06 2023 21: +0,1686081600
56.339,1,Jun 07 2023 00: +0,1686092400
62.327,1,Jun 07 2023 16: +0,1686150000
61.71,1,Jun 08 2023 06: +0,1686200400
61.119,1,Jun 10 2023 21: +0,1686427200
62.121,2,Jun 11 2023 02: +0,1686445200
67.943,1,Jun 11 2023 06: +0,1686459600
65.38,1,Jun 12 2023 03: +0,1686535200
54.219,1,Jun 12 2023 12: +0,1686567600
54.219,1,Jun 13 2023 08: +0,1686639600
53.603,1,Jun 17 2023 10: +0,1686992400
54.621,1,Jun 18 2023 23: +0,1687125600
54.609,1,Jun 19 2023 18: +0,1687194000
58.458,1,Jun 19 2023 21: +0,1687204800
59.42,1,Jun 20 2023 05: +0,1687233600
55.09,1,Jun 20 2023 07: +0,1687240800
58.788,1,Jun 22 2023 16: +0,1687446000
66.023,7,Jun 24 2023 10: +0,1687597200
60.12,1,Jun 27 2023 11: +0,1687860000
63.541,1,Jun 27 2023 13: +0,1687867200
69.678,1,Jun 28 2023 08: +0,1687935600
61.858,1,Jun 29 2023 16: +0,1688050800
70.467,1,Jun 29 2023 23: +0,1688076000
60.434,1,Jul 02 2023 14: +0,1688302800
62.334,1,Jul 03 2023 00: +0,1688338800
53.764,1,Jul 03 2023 15: +0,1688392800
59.139,1,Jul 04 2023 18: +0,1688490000
64.239,3,Jul 05 2023 10: +0,1688547600
52.577,1,Jul 05 2023 19: +0,1688580000
72.861,1,Jul 05 2023 21: +0,1688587200
50.453,1,Jul 08 2023 00: +0,1688770800
73.606,1,Jul 08 2023 05: +0,1688788800
67.566,1,Jul 08 2023 12: +0,1688814000
50.359,1,Jul 08 2023 18: +0,1688835600
51.595,1,Jul 09 2023 11: +0,1688896800
68.293,1,Jul 10 2023 16: +0,1689001200
51.251,1,Jul 11 2023 07: +0,1689055200
51.798,1,Jul 12 2023 20: +0,1689188400
51.405,1,Jul 13 2023 01: +0,1689206400
66.75,1,Jul 13 2023 15: +0,1689256800
55.963,1,Jul 16 2023 10: +0,1689498000
55.704,1,Jul 16 2023 20: +0,1689534000
55.284,1,Jul 16 2023 21: +0,1689537600
56.055,1,Jul 17 2023 09: +0,1689580800
55.302,1,Jul 20 2023 09: +0,1689840000
56.804,1,Jul 22 2023 00: +0,1689980400
56.913,1,Jul 22 2023 16: +0,1690038000
56.891,1,Jul 23 2023 13: +0,1690113600
58.903,1,Jul 24 2023 06: +0,1690174800
58.935,1,Jul 24 2023 15: +0,1690207200
61.926,1,Jul 25 2023 21: +0,1690315200
56.777,1,Jul 26 2023 04: +0,1690340400
56.381,1,Jul 28 2023 08: +0,1690527600
55.842,1,Jul 30 2023 03: +0,1690682400
57.083,1,Jul 30 2023 08: +0,1690700400
59.155,1,Jul 31 2023 08: +0,1690786800
59.242,1,Aug 01 2023 18: +0,1690909200
59.016,1,Aug 02 2023 00: +0,1690930800
59.976,1,Aug 03 2023 10: +0,1691053200
62.754,3,Aug 04 2023 16: +0,1691161200
69.202,1,Aug 04 2023 18: +0,1691168400
67.875,1,Aug 04 2023 21: +0,1691179200
79.744,1,Aug 05 2023 13: +0,1691236800
54.548,2,Aug 05 2023 16: +0,1691247600
52.899,1,Aug 05 2023 23: +0,1691272800
50.681,1,Aug 07 2023 13: +0,1691409600
50.365,1,Aug 10 2023 04: +0,1691636400
51.152,1,Aug 10 2023 20: +0,1691694000
48.256,1,Aug 11 2023 09: +0,1691740800
51.923,1,Aug 12 2023 02: +0,1691802000
59.533,1,Aug 12 2023 08: +0,1691823600
59.525,1,Aug 13 2023 07: +0,1691906400
54.308,1,Aug 14 2023 02: +0,1691974800
59.25,1,Aug 14 2023 06: +0,1691989200
58.894,1,Aug 14 2023 16: +0,1692025200
49.476,1,Aug 15 2023 13: +0,1692100800
50.015,1,Aug 15 2023 14: +0,1692104400
57.264,1,Aug 16 2023 11: +0,1692180000
58.981,1,Aug 16 2023 20: +0,1692212400
50.389,1,Aug 17 2023 14: +0,1692277200
58.927,1,Aug 17 2023 20: +0,1692298800
50.109,1,Aug 18 2023 10: +0,1692349200
61.638,1,Aug 18 2023 19: +0,1692381600
54.979,1,Aug 19 2023 01: +0,1692403200
55.426,1,Aug 19 2023 08: +0,1692428400
50.18,1,Aug 19 2023 11: +0,1692439200
58.826,1,Aug 19 2023 19: +0,1692468000
60.019,1,Aug 20 2023 21: +0,1692561600
47.871,1,Aug 21 2023 02: +0,1692579600
58.839,1,Aug 21 2023 11: +0,1692612000
65.263,1,Aug 21 2023 20: +0,1692644400
59.516,1,Aug 22 2023 11: +0,1692698400
63.888,1,Aug 23 2023 05: +0,1692763200
54.166,1,Aug 24 2023 00: +0,1692831600
62.379,1,Aug 24 2023 13: +0,1692878400
63.895,1,Aug 24 2023 18: +0,1692896400
74.504,1,Aug 25 2023 20: +0,1692990000
58.259,1,Aug 26 2023 06: +0,1693026000
63.87,2,Aug 27 2023 00: +0,1693090800
54.92,1,Aug 27 2023 08: +0,1693119600
50.594,1,Aug 27 2023 09: +0,1693123200
49.353,1,Aug 30 2023 21: +0,1693425600
53.926,1,Aug 31 2023 05: +0,1693454400
56.016,1,Aug 31 2023 07: +0,1693461600
56.638,1,Sep 01 2023 02: +0,1693530000
56.774,1,Sep 01 2023 17: +0,1693584000
56.142,1,Sep 02 2023 05: +0,1693627200
55.156,1,Sep 03 2023 12: +0,1693738800
59.485,1,Sep 03 2023 16: +0,1693753200
67.023,1,Sep 03 2023 22: +0,1693774800
66.898,1,Sep 04 2023 09: +0,1693814400
63.575,1,Sep 05 2023 01: +0,1693872000
68.403,1,Sep 05 2023 04: +0,1693882800
67.128,1,Sep 05 2023 22: +0,1693947600
69.409,1,Sep 06 2023 07: +0,1693980000
68.193,1,Sep 07 2023 18: +0,1694106000
70.023,3,Sep 08 2023 12: +0,1694170800
68.79,1,Sep 08 2023 14: +0,1694178000
68.798,1,Sep 09 2023 06: +0,1694235600
67.253,1,Sep 09 2023 20: +0,1694286000
67.945,1,Sep 10 2023 02: +0,1694307600
66.858,1,Sep 10 2023 14: +0,1694350800
68.957,1,Sep 11 2023 13: +0,1694433600
68.074,1,Sep 11 2023 15: +0,1694440800
68.957,1,Sep 11 2023 19: +0,1694455200
67.599,1,Sep 12 2023 18: +0,1694538000
72.259,1,Sep 13 2023 13: +0,1694606400
69.192,2,Sep 14 2023 15: +0,1694700000
73.135,2,Sep 14 2023 16: +0,1694703600
74.036,2,Sep 14 2023 17: +0,1694707200
73.457,1,Sep 14 2023 19: +0,1694714400
78.957,1,Sep 15 2023 13: +0,1694779200
75.681,2,Sep 16 2023 09: +0,1694851200
75.866,2,Sep 17 2023 13: +0,1694952000
77.484,1,Sep 17 2023 19: +0,1694973600
78.964,1,Sep 18 2023 12: +0,1695034800
80.403,1,Sep 19 2023 04: +0,1695092400
83.193,2,Sep 19 2023 22: +0,1695157200
72.92,1,Sep 19 2023 23: +0,1695160800
72.912,1,Sep 20 2023 06: +0,1695186000
61.308,1,Sep 20 2023 20: +0,1695236400
79.796,1,Sep 21 2023 11: +0,1695290400
70.224,1,Sep 21 2023 18: +0,1695315600
73.297,1,Sep 24 2023 17: +0,1695571200
74.136,1,Sep 25 2023 03: +0,1695607200
78.231,1,Sep 25 2023 16: +0,1695654000
71.744,2,Sep 25 2023 19: +0,1695664800
72.76,1,Sep 27 2023 22: +0,1695848400
57.242,1,Sep 28 2023 00: +0,1695855600
76.827,1,Sep 28 2023 19: +0,1695924000
74.225,2,Sep 29 2023 08: +0,1695970800
84.314,1,Sep 29 2023 10: +0,1695978000
84.444,1,Sep 30 2023 05: +0,1696046400
77.758,1,Sep 30 2023 20: +0,1696100400
82.762,1,Oct 01 2023 01: +0,1696118400
83.702,1,Oct 01 2023 08: +0,1696143600
82.278,1,Oct 01 2023 11: +0,1696154400
84.995,1,Oct 01 2023 14: +0,1696165200
83.774,1,Oct 01 2023 22: +0,1696194000
77.946,1,Oct 01 2023 23: +0,1696197600
84.915,1,Oct 03 2023 18: +0,1696352400
79.394,1,Oct 03 2023 21: +0,1696363200
86.307,1,Oct 04 2023 11: +0,1696413600
86.315,1,Oct 04 2023 19: +0,1696442400
86.414,1,Oct 05 2023 10: +0,1696496400
89.547,1,Oct 06 2023 16: +0,1696604400
71.862,1,Oct 08 2023 18: +0,1696784400
85.786,1,Oct 09 2023 16: +0,1696863600
85.79,1,Oct 10 2023 02: +0,1696899600
84.191,1,Oct 11 2023 01: +0,1696982400
89.082,1,Oct 11 2023 09: +0,1697011200
89.763,2,Oct 11 2023 16: +0,1697036400
90.444,1,Oct 12 2023 11: +0,1697104800
94.549,1,Oct 13 2023 07: +0,1697176800
112.001,1,Oct 14 2023 16: +0,1697295600
79.565,1,Oct 15 2023 14: +0,1697374800
111.097,1,Oct 16 2023 09: +0,1697443200
79.023,1,Oct 19 2023 17: +0,1697731200
85.647,1,Oct 20 2023 03: +0,1697767200
85.522,1,Oct 20 2023 22: +0,1697835600
83.155,1,Oct 21 2023 01: +0,1697846400
81.72,1,Oct 21 2023 13: +0,1697889600
123.72,1,Oct 21 2023 14: +0,1697893200
80.295,1,Oct 21 2023 15: +0,1697896800
81.736,1,Oct 21 2023 18: +0,1697907600
81.728,1,Oct 22 2023 13: +0,1697976000
83.307,1,Oct 22 2023 19: +0,1697997600
81.736,1,Oct 23 2023 10: +0,1698051600
81.736,1,Oct 23 2023 16: +0,1698073200
81.736,1,Oct 24 2023 21: +0,1698177600
81.736,1,Oct 24 2023 22: +0,1698181200
81.736,1,Oct 25 2023 03: +0,1698199200
83.188,1,Oct 25 2023 04: +0,1698202800
83.184,1,Oct 25 2023 15: +0,1698242400
78.454,1,Oct 26 2023 00: +0,1698274800
82.808,1,Oct 26 2023 02: +0,1698282000
80.616,1,Oct 26 2023 21: +0,1698350400
77.102,1,Oct 26 2023 22: +0,1698354000
78.904,1,Oct 28 2023 20: +0,1698519600
80.405,1,Oct 29 2023 14: +0,1698588000
80.868,1,Oct 30 2023 18: +0,1698688800
81.972,1,Oct 31 2023 06: +0,1698732000
82.175,1,Oct 31 2023 21: +0,1698786000
81.801,1,Nov 01 2023 14: +0,1698847200
84.041,1,Nov 01 2023 15: +0,1698850800
82.694,1,Nov 01 2023 19: +0,1698865200
81.712,1,Nov 01 2023 20: +0,1698868800
83.514,1,Nov 04 2023 07: +0,1699081200
83.514,1,Nov 04 2023 14: +0,1699106400
83.449,1,Nov 04 2023 18: +0,1699120800
82.564,1,Nov 04 2023 19: +0,1699124400
82.564,1,Nov 05 2023 10: +0,1699178400
116.325,1,Nov 06 2023 21: +0,1699304400
86.266,1,Nov 07 2023 23: +0,1699398000
73.228,1,Nov 11 2023 02: +0,1699668000
69.714,1,Nov 11 2023 03: +0,1699671600
74.888,1,Nov 11 2023 07: +0,1699686000
73.893,1,Nov 12 2023 11: +0,1699786800
78.883,1,Nov 13 2023 00: +0,1699833600
73.316,1,Nov 13 2023 22: +0,1699912800
74.114,1,Nov 18 2023 10: +0,1700301600
69.224,1,Nov 19 2023 09: +0,1700384400
68.695,1,Nov 19 2023 22: +0,1700431200
68.27,1,Nov 20 2023 02: +0,1700445600
67.721,1,Nov 20 2023 04: +0,1700452800
69.739,1,Nov 20 2023 08: +0,1700467200
80.236,1,Nov 20 2023 09: +0,1700470800
80.155,1,Nov 21 2023 11: +0,1700564400
69.339,2,Nov 25 2023 23: +0,1700953200
70.756,1,Nov 26 2023 11: +0,1700996400
75.236,1,Nov 26 2023 13: +0,1701003600
73.516,1,Nov 30 2023 23: +0,1701385200
67.929,1,Dec 01 2023 09: +0,1701421200
75.124,1,Dec 01 2023 20: +0,1701460800
67.528,1,Dec 03 2023 22: +0,1701640800
71.059,1,Dec 04 2023 20: +0,1701720000
71.367,2,Dec 05 2023 18: +0,1701799200
64.103,1,Dec 07 2023 21: +0,1701982800
71.678,1,Dec 09 2023 17: +0,1702141200
74.571,1,Dec 10 2023 01: +0,1702170000
69.476,1,Dec 11 2023 20: +0,1702324800
66.847,1,Dec 12 2023 03: +0,1702350000
70.068,1,Dec 12 2023 14: +0,1702389600
70.163,1,Dec 13 2023 15: +0,1702479600
71.008,1,Dec 13 2023 23: +0,1702508400
72.176,1,Dec 14 2023 20: +0,1702584000
72.413,1,Dec 15 2023 14: +0,1702648800
72.121,1,Dec 16 2023 05: +0,1702702800
75.007,1,Dec 16 2023 07: +0,1702710000
74.938,1,Dec 22 2023 22: +0,1703282400
79.0,1,Dec 24 2023 14: +0,1703426400
70.848,1,Dec 28 2023 08: +0,1703750400
66.506,1,Jan 01 2024 12: +0,1704110400
64.437,1,Jan 01 2024 15: +0,1704121200
66.962,1,Jan 01 2024 20: +0,1704139200
67.324,1,Jan 02 2024 18: +0,1704218400
66.293,2,Jan 02 2024 19: +0,1704222000
72.034,1,Jan 04 2024 14: +0,1704376800
66.789,1,Jan 12 2024 13: +0,1705064400
67.683,1,Jan 13 2024 06: +0,1705125600
78.962,1,Jan 13 2024 23: +0,1705186800
68.465,1,Jan 16 2024 23: +0,1705446000
68.639,1,Jan 17 2024 23: +0,1705532400
70.339,1,Jan 18 2024 18: +0,1705600800
68.908,1,Jan 18 2024 21: +0,1705611600
67.343,1,Jan 20 2024 08: +0,1705737600
68.204,1,Jan 20 2024 17: +0,1705770000
66.488,1,Jan 20 2024 23: +0,1705791600
62.428,1,Jan 21 2024 12: +0,1705838400
64.335,1,Jan 22 2024 15: +0,1705935600
63.954,1,Jan 25 2024 06: +0,1706162400
64.724,1,Jan 28 2024 23: +0,1706482800
64.78,1,Jan 29 2024 23: +0,1706569200
63.088,1,Jan 30 2024 14: +0,1706623200
68.537,1,Feb 01 2024 07: +0,1706770800
77.698,1,Feb 01 2024 21: +0,1706821200
79.001,1,Feb 04 2024 15: +0,1707058800
63.779,1,Feb 08 2024 14: +0,1707400800
123.148,1,Feb 08 2024 17: +0,1707411600
67.497,1,Feb 09 2024 07: +0,1707462000
65.296,1,Feb 09 2024 15: +0,1707490800
65.638,1,Feb 09 2024 19: +0,1707505200
76.066,1,Feb 11 2024 01: +0,1707613200
76.106,1,Feb 11 2024 02: +0,1707616800
76.401,1,Feb 12 2024 08: +0,1707724800
63.746,1,Feb 15 2024 23: +0,1708038000
62.971,1,Feb 21 2024 02: +0,1708480800
63.934,1,Feb 22 2024 17: +0,1708621200
64.51,1,Feb 23 2024 08: +0,1708675200
69.818,1,Feb 24 2024 19: +0,1708801200
71.363,1,Feb 26 2024 13: +0,1708952400
65.383,1,Feb 27 2024 18: +0,1709056800
64.333,1,Mar 02 2024 05: +0,1709355600
67.288,1,Mar 03 2024 14: +0,1709474400
69.755,2,Mar 05 2024 13: +0,1709643600
68.653,1,Mar 06 2024 04: +0,1709697600
75.254,6,Mar 07 2024 10: +0,1709805600
74.114,1,Mar 08 2024 06: +0,1709877600
69.928,1,Mar 12 2024 05: +0,1710219600
69.871,1,Mar 22 2024 06: +0,1711087200
72.102,1,Mar 23 2024 17: +0,1711213200
77.056,1,Mar 25 2024 11: +0,1711364400
72.19,1,Mar 26 2024 21: +0,1711486800
70.067,1,Mar 30 2024 08: +0,1711785600
71.019,1,Mar 31 2024 07: +0,1711864800
68.152,1,Apr 01 2024 10: +0,1711962000
69.69,1,Apr 01 2024 22: +0,1712005200
71.913,1,Apr 03 2024 11: +0,1712138400
70.515,2,Apr 03 2024 18: +0,1712163600
69.872,1,Apr 03 2024 20: +0,1712170800
70.973,1,Apr 07 2024 08: +0,1712473200
73.921,1,Apr 08 2024 16: +0,1712588400
71.463,1,Apr 11 2024 10: +0,1712826000
71.463,1,Apr 11 2024 13: +0,1712836800
77.351,1,Apr 12 2024 14: +0,1712926800
70.668,1,Apr 12 2024 20: +0,1712948400
73.888,1,Apr 13 2024 16: +0,1713020400
71.378,2,Apr 14 2024 18: +0,1713114000
55.416,1,Apr 16 2024 02: +0,1713229200
73.488,1,Apr 17 2024 00: +0,1713308400
72.282,1,Apr 17 2024 01: +0,1713312000
76.803,1,Apr 18 2024 21: +0,1713470400
72.354,1,Apr 20 2024 19: +0,1713636000
74.095,1,Apr 24 2024 13: +0,1713960000
68.092,1,Apr 27 2024 20: +0,1714244400
76.05,1,Apr 27 2024 22: +0,1714251600
74.822,1,Apr 28 2024 14: +0,1714309200
72.114,1,May 02 2024 13: +0,1714651200
72.517,1,May 02 2024 14: +0,1714654800
78.486,1,May 05 2024 03: +0,1714874400
84.095,1,May 06 2024 17: +0,1715011200
68.073,1,May 06 2024 23: +0,1715032800
94.544,1,May 07 2024 00: +0,1715036400
77.926,1,May 09 2024 00: +0,1715209200
71.911,1,May 09 2024 06: +0,1715230800
75.074,1,May 12 2024 00: +0,1715468400
72.679,1,May 18 2024 04: +0,1716001200
72.83,1,May 18 2024 09: +0,1716019200
70.837,1,May 19 2024 09: +0,1716105600
75.08,1,May 20 2024 02: +0,1716166800
76.24,1,May 20 2024 03: +0,1716170400
48.735,1,May 21 2024 12: +0,1716289200
76.608,1,May 22 2024 13: +0,1716379200
73.143,1,May 24 2024 17: +0,1716566400
76.097,1,May 26 2024 09: +0,1716710400
76.332,1,May 28 2024 13: +0,1716897600
76.148,1,May 29 2024 12: +0,1716980400
77.636,1,May 29 2024 17: +0,1716998400
77.99,1,May 30 2024 05: +0,1717041600
77.66,1,May 30 2024 15: +0,1717077600
78.11,1,May 30 2024 22: +0,1717102800
77.977,1,May 31 2024 02: +0,1717117200
78.424,1,May 31 2024 05: +0,1717128000
80.495,1,Jun 01 2024 06: +0,1717218000
76.675,1,Jun 01 2024 08: +0,1717225200
81.167,1,Jun 01 2024 09: +0,1717228800
82.992,2,Jun 02 2024 00: +0,1717282800
85.192,1,Jun 03 2024 02: +0,1717376400
85.678,1,Jun 03 2024 16: +0,1717426800
90.836,1,Jun 03 2024 21: +0,1717444800
94.051,1,Jun 04 2024 17: +0,1717516800
94.051,6,Jun 05 2024 18: +0,1717606800
94.082,2,Jun 05 2024 21: +0,1717617600
94.074,3,Jun 06 2024 00: +0,1717628400
86.768,1,Jun 06 2024 20: +0,1717700400
86.768,1,Jun 07 2024 04: +0,1717729200
80.662,1,Jun 07 2024 14: +0,1717765200
75.457,1,Jun 07 2024 23: +0,1717797600
80.733,1,Jun 08 2024 05: +0,1717819200
92.994,1,Jun 12 2024 10: +0,1718182800
