price,quantity,date,unix timestamp
97.813,11,Feb 07 2024 03: +0,1707274800
73.881,13,Feb 07 2024 04: +0,1707278400
63.904,16,Feb 07 2024 05: +0,1707282000
63.105,17,Feb 07 2024 06: +0,1707285600
64.422,19,Feb 07 2024 07: +0,1707289200
67.042,18,Feb 07 2024 08: +0,1707292800
60.897,13,Feb 07 2024 09: +0,1707296400
49.334,23,Feb 07 2024 10: +0,1707300000
47.885,16,Feb 07 2024 11: +0,1707303600
54.527,21,Feb 07 2024 12: +0,1707307200
46.651,17,Feb 07 2024 13: +0,1707310800
53.562,18,Feb 07 2024 14: +0,1707314400
53.564,19,Feb 07 2024 15: +0,1707318000
50.831,26,Feb 07 2024 16: +0,1707321600
49.77,24,Feb 07 2024 17: +0,1707325200
49.749,22,Feb 07 2024 18: +0,1707328800
50.49,23,Feb 07 2024 19: +0,1707332400
48.648,26,Feb 07 2024 20: +0,1707336000
46.603,28,Feb 07 2024 21: +0,1707339600
50.812,32,Feb 07 2024 22: +0,1707343200
49.889,29,Feb 07 2024 23: +0,1707346800
49.893,19,Feb 08 2024 00: +0,1707350400
55.529,8,Feb 08 2024 01: +0,1707354000
57.939,6,Feb 08 2024 02: +0,1707357600
62.711,7,Feb 08 2024 03: +0,1707361200
55.227,1,Feb 08 2024 04: +0,1707364800
51.273,7,Feb 08 2024 05: +0,1707368400
51.273,12,Feb 08 2024 06: +0,1707372000
53.798,7,Feb 08 2024 07: +0,1707375600
54.286,10,Feb 08 2024 08: +0,1707379200
52.656,8,Feb 08 2024 09: +0,1707382800
51.933,8,Feb 08 2024 10: +0,1707386400
45.885,7,Feb 08 2024 11: +0,1707390000
45.753,8,Feb 08 2024 12: +0,1707393600
45.651,10,Feb 08 2024 13: +0,1707397200
45.636,16,Feb 08 2024 14: +0,1707400800
46.01,18,Feb 08 2024 15: +0,1707404400
49.26,9,Feb 08 2024 16: +0,1707408000
45.546,17,Feb 08 2024 17: +0,1707411600
47.391,14,Feb 08 2024 18: +0,1707415200
49.297,14,Feb 08 2024 19: +0,1707418800
48.903,17,Feb 08 2024 20: +0,1707422400
48.843,13,Feb 08 2024 21: +0,1707426000
47.193,13,Feb 08 2024 22: +0,1707429600
48.012,24,Feb 08 2024 23: +0,1707433200
48.007,8,Feb 09 2024 00: +0,1707436800
55.525,5,Feb 09 2024 01: +0,1707440400
53.434,11,Feb 09 2024 02: +0,1707444000
55.937,8,Feb 09 2024 03: +0,1707447600
54.037,9,Feb 09 2024 04: +0,1707451200
54.744,7,Feb 09 2024 05: +0,1707454800
58.554,1,Feb 09 2024 06: +0,1707458400
53.935,4,Feb 09 2024 07: +0,1707462000
54.983,2,Feb 09 2024 08: +0,1707465600
59.428,5,Feb 09 2024 09: +0,1707469200
53.85,4,Feb 09 2024 10: +0,1707472800
50.898,5,Feb 09 2024 11: +0,1707476400
53.639,5,Feb 09 2024 12: +0,1707480000
54.275,5,Feb 09 2024 13: +0,1707483600
57.923,7,Feb 09 2024 14: +0,1707487200
56.77,6,Feb 09 2024 15: +0,1707490800
53.434,11,Feb 09 2024 16: +0,1707494400
51.73,10,Feb 09 2024 17: +0,1707498000
51.591,14,Feb 09 2024 18: +0,1707501600
54.771,12,Feb 09 2024 19: +0,1707505200
58.373,9,Feb 09 2024 20: +0,1707508800
53.632,9,Feb 09 2024 21: +0,1707512400
61.362,13,Feb 09 2024 22: +0,1707516000
57.584,3,Feb 09 2024 23: +0,1707519600
56.795,11,Feb 10 2024 00: +0,1707523200
57.603,8,Feb 10 2024 01: +0,1707526800
61.362,6,Feb 10 2024 02: +0,1707530400
55.786,8,Feb 10 2024 03: +0,1707534000
55.217,3,Feb 10 2024 04: +0,1707537600
55.257,11,Feb 10 2024 05: +0,1707541200
55.172,6,Feb 10 2024 06: +0,1707544800
57.052,2,Feb 10 2024 07: +0,1707548400
56.792,3,Feb 10 2024 08: +0,1707552000
54.973,3,Feb 10 2024 09: +0,1707555600
54.034,4,Feb 10 2024 10: +0,1707559200
56.792,9,Feb 10 2024 11: +0,1707562800
55.346,8,Feb 10 2024 12: +0,1707566400
56.96,3,Feb 10 2024 13: +0,1707570000
55.415,9,Feb 10 2024 14: +0,1707573600
54.509,14,Feb 10 2024 15: +0,1707577200
59.05,10,Feb 10 2024 16: +0,1707580800
56.795,5,Feb 10 2024 17: +0,1707584400
63.474,7,Feb 10 2024 18: +0,1707588000
51.628,3,Feb 10 2024 19: +0,1707591600
60.595,7,Feb 10 2024 20: +0,1707595200
55.265,7,Feb 10 2024 21: +0,1707598800
56.889,10,Feb 10 2024 22: +0,1707602400
54.25,10,Feb 10 2024 23: +0,1707606000
59.004,6,Feb 11 2024 00: +0,1707609600
53.857,4,Feb 11 2024 01: +0,1707613200
53.64,3,Feb 11 2024 02: +0,1707616800
60.08,10,Feb 11 2024 03: +0,1707620400
59.161,3,Feb 11 2024 04: +0,1707624000
59.903,1,Feb 11 2024 05: +0,1707627600
54.286,9,Feb 11 2024 06: +0,1707631200
54.255,7,Feb 11 2024 07: +0,1707634800
57.812,3,Feb 11 2024 08: +0,1707638400
55.841,4,Feb 11 2024 09: +0,1707642000
56.45,4,Feb 11 2024 10: +0,1707645600
59.049,9,Feb 11 2024 11: +0,1707649200
57.093,2,Feb 11 2024 12: +0,1707652800
56.27,7,Feb 11 2024 13: +0,1707656400
56.97,5,Feb 11 2024 14: +0,1707660000
59.199,10,Feb 11 2024 15: +0,1707663600
59.298,9,Feb 11 2024 16: +0,1707667200
62.317,7,Feb 11 2024 17: +0,1707670800
63.32,6,Feb 11 2024 18: +0,1707674400
60.905,6,Feb 11 2024 19: +0,1707678000
60.214,8,Feb 11 2024 20: +0,1707681600
59.511,9,Feb 11 2024 21: +0,1707685200
63.115,5,Feb 11 2024 22: +0,1707688800
58.808,4,Feb 11 2024 23: +0,1707692400
65.402,4,Feb 12 2024 00: +0,1707696000
59.942,1,Feb 12 2024 01: +0,1707699600
63.204,2,Feb 12 2024 02: +0,1707703200
65.464,3,Feb 12 2024 03: +0,1707706800
68.439,1,Feb 12 2024 04: +0,1707710400
61.133,2,Feb 12 2024 05: +0,1707714000
60.92,5,Feb 12 2024 06: +0,1707717600
59.161,7,Feb 12 2024 07: +0,1707721200
59.57,5,Feb 12 2024 08: +0,1707724800
60.739,3,Feb 12 2024 09: +0,1707728400
62.258,4,Feb 12 2024 10: +0,1707732000
62.328,4,Feb 12 2024 11: +0,1707735600
58.444,1,Feb 12 2024 12: +0,1707739200
58.846,3,Feb 12 2024 13: +0,1707742800
60.916,6,Feb 12 2024 14: +0,1707746400
69.144,3,Feb 12 2024 15: +0,1707750000
60.439,6,Feb 12 2024 16: +0,1707753600
67.056,5,Feb 12 2024 17: +0,1707757200
64.608,4,Feb 12 2024 18: +0,1707760800
62.471,4,Feb 12 2024 19: +0,1707764400
63.746,9,Feb 12 2024 20: +0,1707768000
62.802,4,Feb 12 2024 21: +0,1707771600
60.6,5,Feb 12 2024 22: +0,1707775200
56.227,4,Feb 12 2024 23: +0,1707778800
56.468,4,Feb 13 2024 00: +0,1707782400
55.848,6,Feb 13 2024 01: +0,1707786000
57.15,2,Feb 13 2024 02: +0,1707789600
57.761,4,Feb 13 2024 03: +0,1707793200
56.795,5,Feb 13 2024 04: +0,1707796800
57.635,4,Feb 13 2024 05: +0,1707800400
61.954,3,Feb 13 2024 06: +0,1707804000
57.994,5,Feb 13 2024 07: +0,1707807600
60.352,4,Feb 13 2024 08: +0,1707811200
59.519,6,Feb 13 2024 09: +0,1707814800
59.118,6,Feb 13 2024 10: +0,1707818400
59.161,3,Feb 13 2024 11: +0,1707822000
62.386,2,Feb 13 2024 12: +0,1707825600
59.708,5,Feb 13 2024 13: +0,1707829200
60.882,10,Feb 13 2024 14: +0,1707832800
62.003,1,Feb 13 2024 15: +0,1707836400
59.698,7,Feb 13 2024 16: +0,1707840000
61.663,5,Feb 13 2024 17: +0,1707843600
61.483,8,Feb 13 2024 18: +0,1707847200
62.843,3,Feb 13 2024 19: +0,1707850800
60.124,5,Feb 13 2024 20: +0,1707854400
60.116,4,Feb 13 2024 21: +0,1707858000
61.169,4,Feb 13 2024 22: +0,1707861600
60.739,7,Feb 13 2024 23: +0,1707865200
60.029,8,Feb 14 2024 00: +0,1707868800
59.852,4,Feb 14 2024 01: +0,1707872400
60.108,5,Feb 14 2024 02: +0,1707876000
59.161,7,Feb 14 2024 03: +0,1707879600
59.702,6,Feb 14 2024 04: +0,1707883200
56.665,4,Feb 14 2024 05: +0,1707886800
51.619,6,Feb 14 2024 06: +0,1707890400
54.76,7,Feb 14 2024 07: +0,1707894000
49.932,6,Feb 14 2024 08: +0,1707897600
49.511,3,Feb 14 2024 09: +0,1707901200
48.296,4,Feb 14 2024 10: +0,1707904800
47.447,9,Feb 14 2024 11: +0,1707908400
45.628,11,Feb 14 2024 12: +0,1707912000
44.499,8,Feb 14 2024 13: +0,1707915600
40.417,13,Feb 14 2024 14: +0,1707919200
40.52,16,Feb 14 2024 15: +0,1707922800
40.403,13,Feb 14 2024 16: +0,1707926400
43.803,11,Feb 14 2024 17: +0,1707930000
42.092,8,Feb 14 2024 18: +0,1707933600
40.635,16,Feb 14 2024 19: +0,1707937200
40.455,12,Feb 14 2024 20: +0,1707940800
38.865,5,Feb 14 2024 21: +0,1707944400
37.887,9,Feb 14 2024 22: +0,1707948000
37.824,15,Feb 14 2024 23: +0,1707951600
37.863,13,Feb 15 2024 00: +0,1707955200
36.286,7,Feb 15 2024 01: +0,1707958800
38.253,14,Feb 15 2024 02: +0,1707962400
37.863,9,Feb 15 2024 03: +0,1707966000
42.202,5,Feb 15 2024 04: +0,1707969600
39.433,6,Feb 15 2024 05: +0,1707973200
42.742,12,Feb 15 2024 06: +0,1707976800
40.23,5,Feb 15 2024 07: +0,1707980400
40.517,7,Feb 15 2024 08: +0,1707984000
39.636,4,Feb 15 2024 09: +0,1707987600
38.739,9,Feb 15 2024 10: +0,1707991200
37.863,11,Feb 15 2024 11: +0,1707994800
39.31,11,Feb 15 2024 12: +0,1707998400
38.043,7,Feb 15 2024 13: +0,1708002000
37.784,13,Feb 15 2024 14: +0,1708005600
39.407,4,Feb 15 2024 15: +0,1708009200
36.365,6,Feb 15 2024 16: +0,1708012800
33.938,16,Feb 15 2024 17: +0,1708016400
35.598,16,Feb 15 2024 18: +0,1708020000
37.189,13,Feb 15 2024 19: +0,1708023600
35.071,9,Feb 15 2024 20: +0,1708027200
34.363,17,Feb 15 2024 21: +0,1708030800
32.807,12,Feb 15 2024 22: +0,1708034400
34.842,9,Feb 15 2024 23: +0,1708038000
36.933,6,Feb 16 2024 00: +0,1708041600
36.098,6,Feb 16 2024 01: +0,1708045200
32.775,13,Feb 16 2024 02: +0,1708048800
36.712,4,Feb 16 2024 03: +0,1708052400
33.801,11,Feb 16 2024 04: +0,1708056000
34.678,12,Feb 16 2024 05: +0,1708059600
34.605,11,Feb 16 2024 06: +0,1708063200
36.286,5,Feb 16 2024 07: +0,1708066800
35.939,9,Feb 16 2024 08: +0,1708070400
35.686,4,Feb 16 2024 09: +0,1708074000
35.592,9,Feb 16 2024 10: +0,1708077600
35.384,6,Feb 16 2024 11: +0,1708081200
37.729,6,Feb 16 2024 12: +0,1708084800
37.733,6,Feb 16 2024 13: +0,1708088400
36.144,6,Feb 16 2024 14: +0,1708092000
36.783,10,Feb 16 2024 15: +0,1708095600
36.077,9,Feb 16 2024 16: +0,1708099200
36.436,9,Feb 16 2024 17: +0,1708102800
35.272,8,Feb 16 2024 18: +0,1708106400
37.153,10,Feb 16 2024 19: +0,1708110000
35.815,8,Feb 16 2024 20: +0,1708113600
36.445,14,Feb 16 2024 21: +0,1708117200
37.38,10,Feb 16 2024 22: +0,1708120800
38.79,12,Feb 16 2024 23: +0,1708124400
40.012,6,Feb 17 2024 00: +0,1708128000
39.839,5,Feb 17 2024 01: +0,1708131600
40.029,4,Feb 17 2024 02: +0,1708135200
38.789,8,Feb 17 2024 03: +0,1708138800
37.434,8,Feb 17 2024 04: +0,1708142400
36.538,5,Feb 17 2024 05: +0,1708146000
35.635,10,Feb 17 2024 06: +0,1708149600
36.16,8,Feb 17 2024 07: +0,1708153200
36.167,7,Feb 17 2024 08: +0,1708156800
35.051,7,Feb 17 2024 09: +0,1708160400
36.53,2,Feb 17 2024 10: +0,1708164000
37.971,12,Feb 17 2024 11: +0,1708167600
37.275,7,Feb 17 2024 12: +0,1708171200
37.062,5,Feb 17 2024 13: +0,1708174800
37.453,6,Feb 17 2024 14: +0,1708178400
36.248,10,Feb 17 2024 15: +0,1708182000
37.289,7,Feb 17 2024 16: +0,1708185600
37.459,6,Feb 17 2024 17: +0,1708189200
37.476,10,Feb 17 2024 18: +0,1708192800
38.004,8,Feb 17 2024 19: +0,1708196400
38.738,6,Feb 17 2024 20: +0,1708200000
38.888,7,Feb 17 2024 21: +0,1708203600
38.565,6,Feb 17 2024 22: +0,1708207200
34.838,8,Feb 17 2024 23: +0,1708210800
35.111,14,Feb 18 2024 00: +0,1708214400
35.597,4,Feb 18 2024 01: +0,1708218000
35.497,5,Feb 18 2024 02: +0,1708221600
35.805,6,Feb 18 2024 03: +0,1708225200
36.403,3,Feb 18 2024 04: +0,1708228800
38.1,7,Feb 18 2024 05: +0,1708232400
39.654,4,Feb 18 2024 06: +0,1708236000
36.283,3,Feb 18 2024 07: +0,1708239600
38.628,6,Feb 18 2024 08: +0,1708243200
39.832,3,Feb 18 2024 09: +0,1708246800
37.671,6,Feb 18 2024 10: +0,1708250400
37.637,8,Feb 18 2024 11: +0,1708254000
38.277,4,Feb 18 2024 12: +0,1708257600
38.984,7,Feb 18 2024 13: +0,1708261200
41.845,6,Feb 18 2024 14: +0,1708264800
36.352,4,Feb 18 2024 15: +0,1708268400
35.373,9,Feb 18 2024 16: +0,1708272000
35.303,6,Feb 18 2024 17: +0,1708275600
37.809,10,Feb 18 2024 18: +0,1708279200
38.975,7,Feb 18 2024 19: +0,1708282800
36.544,8,Feb 18 2024 20: +0,1708286400
36.441,9,Feb 18 2024 21: +0,1708290000
38.108,7,Feb 18 2024 22: +0,1708293600
37.293,10,Feb 18 2024 23: +0,1708297200
36.154,7,Feb 19 2024 00: +0,1708300800
36.748,7,Feb 19 2024 01: +0,1708304400
33.918,5,Feb 19 2024 02: +0,1708308000
36.286,5,Feb 19 2024 03: +0,1708311600
36.396,11,Feb 19 2024 04: +0,1708315200
38.142,2,Feb 19 2024 05: +0,1708318800
39.433,3,Feb 19 2024 06: +0,1708322400
39.441,3,Feb 19 2024 07: +0,1708326000
38.339,3,Feb 19 2024 08: +0,1708329600
36.828,2,Feb 19 2024 09: +0,1708333200
34.278,6,Feb 19 2024 10: +0,1708336800
39.246,6,Feb 19 2024 11: +0,1708340400
36.535,2,Feb 19 2024 12: +0,1708344000
37.429,2,Feb 19 2024 13: +0,1708347600
38.202,2,Feb 19 2024 14: +0,1708351200
38.815,6,Feb 19 2024 15: +0,1708354800
36.627,2,Feb 19 2024 16: +0,1708358400
36.913,11,Feb 19 2024 17: +0,1708362000
38.492,8,Feb 19 2024 18: +0,1708365600
38.315,9,Feb 19 2024 19: +0,1708369200
39.017,8,Feb 19 2024 20: +0,1708372800
39.68,8,Feb 19 2024 21: +0,1708376400
38.479,8,Feb 19 2024 22: +0,1708380000
37.138,6,Feb 19 2024 23: +0,1708383600
38.178,7,Feb 20 2024 00: +0,1708387200
38.292,4,Feb 20 2024 01: +0,1708390800
37.522,4,Feb 20 2024 02: +0,1708394400
39.364,5,Feb 20 2024 03: +0,1708398000
39.441,3,Feb 20 2024 04: +0,1708401600
34.992,5,Feb 20 2024 05: +0,1708405200
37.973,9,Feb 20 2024 07: +0,1708412400
41.417,4,Feb 20 2024 08: +0,1708416000
42.236,3,Feb 20 2024 09: +0,1708419600
42.386,7,Feb 20 2024 10: +0,1708423200
43.002,3,Feb 20 2024 11: +0,1708426800
43.035,2,Feb 20 2024 12: +0,1708430400
41.405,1,Feb 20 2024 13: +0,1708434000
36.696,3,Feb 20 2024 14: +0,1708437600
40.24,4,Feb 20 2024 15: +0,1708441200
39.59,4,Feb 20 2024 16: +0,1708444800
41.069,7,Feb 20 2024 17: +0,1708448400
43.815,3,Feb 20 2024 18: +0,1708452000
40.23,7,Feb 20 2024 19: +0,1708455600
38.146,5,Feb 20 2024 20: +0,1708459200
40.458,6,Feb 20 2024 21: +0,1708462800
38.147,5,Feb 20 2024 22: +0,1708466400
40.151,8,Feb 20 2024 23: +0,1708470000
36.69,4,Feb 21 2024 00: +0,1708473600
37.863,7,Feb 21 2024 01: +0,1708477200
40.239,5,Feb 21 2024 02: +0,1708480800
41.019,7,Feb 21 2024 03: +0,1708484400
38.652,5,Feb 21 2024 04: +0,1708488000
39.441,5,Feb 21 2024 05: +0,1708491600
35.986,3,Feb 21 2024 06: +0,1708495200
39.111,4,Feb 21 2024 07: +0,1708498800
36.527,4,Feb 21 2024 08: +0,1708502400
37.706,4,Feb 21 2024 09: +0,1708506000
37.258,12,Feb 21 2024 10: +0,1708509600
34.407,1,Feb 21 2024 11: +0,1708513200
37.355,8,Feb 21 2024 12: +0,1708516800
37.487,4,Feb 21 2024 13: +0,1708520400
39.125,5,Feb 21 2024 14: +0,1708524000
37.301,5,Feb 21 2024 15: +0,1708527600
36.7,3,Feb 21 2024 16: +0,1708531200
36.165,15,Feb 21 2024 17: +0,1708534800
35.86,9,Feb 21 2024 18: +0,1708538400
39.42,12,Feb 21 2024 19: +0,1708542000
37.698,5,Feb 21 2024 20: +0,1708545600
36.686,17,Feb 21 2024 21: +0,1708549200
39.967,7,Feb 21 2024 22: +0,1708552800
39.217,10,Feb 21 2024 23: +0,1708556400
38.1,5,Feb 22 2024 00: +0,1708560000
34.314,4,Feb 22 2024 01: +0,1708563600
36.286,7,Feb 22 2024 02: +0,1708567200
37.863,7,Feb 22 2024 03: +0,1708570800
37.015,6,Feb 22 2024 04: +0,1708574400
37.303,7,Feb 22 2024 05: +0,1708578000
37.072,3,Feb 22 2024 06: +0,1708581600
35.673,6,Feb 22 2024 07: +0,1708585200
35.606,4,Feb 22 2024 08: +0,1708588800
34.974,2,Feb 22 2024 09: +0,1708592400
34.432,5,Feb 22 2024 10: +0,1708596000
35.009,6,Feb 22 2024 11: +0,1708599600
36.586,12,Feb 22 2024 12: +0,1708603200
38.262,3,Feb 22 2024 13: +0,1708606800
33.036,8,Feb 22 2024 14: +0,1708610400
33.249,9,Feb 22 2024 15: +0,1708614000
35.423,8,Feb 22 2024 16: +0,1708617600
35.094,10,Feb 22 2024 17: +0,1708621200
35.218,8,Feb 22 2024 18: +0,1708624800
33.527,10,Feb 22 2024 19: +0,1708628400
34.186,12,Feb 22 2024 20: +0,1708632000
33.036,7,Feb 22 2024 21: +0,1708635600
33.761,11,Feb 22 2024 22: +0,1708639200
33.245,10,Feb 22 2024 23: +0,1708642800
32.894,7,Feb 23 2024 00: +0,1708646400
32.021,10,Feb 23 2024 01: +0,1708650000
31.466,4,Feb 23 2024 02: +0,1708653600
31.395,7,Feb 23 2024 03: +0,1708657200
31.521,7,Feb 23 2024 04: +0,1708660800
31.419,6,Feb 23 2024 05: +0,1708664400
31.529,6,Feb 23 2024 06: +0,1708668000
29.731,5,Feb 23 2024 07: +0,1708671600
29.97,5,Feb 23 2024 08: +0,1708675200
32.92,6,Feb 23 2024 09: +0,1708678800
29.305,11,Feb 23 2024 10: +0,1708682400
29.186,9,Feb 23 2024 11: +0,1708686000
29.479,11,Feb 23 2024 12: +0,1708689600
29.406,9,Feb 23 2024 13: +0,1708693200
29.158,10,Feb 23 2024 14: +0,1708696800
29.571,10,Feb 23 2024 15: +0,1708700400
27.274,10,Feb 23 2024 16: +0,1708704000
28.203,20,Feb 23 2024 17: +0,1708707600
29.981,17,Feb 23 2024 18: +0,1708711200
30.776,14,Feb 23 2024 19: +0,1708714800
30.214,16,Feb 23 2024 20: +0,1708718400
29.672,15,Feb 23 2024 21: +0,1708722000
31.533,12,Feb 23 2024 22: +0,1708725600
31.642,10,Feb 23 2024 23: +0,1708729200
28.384,8,Feb 24 2024 00: +0,1708732800
33.14,7,Feb 24 2024 01: +0,1708736400
30.486,6,Feb 24 2024 02: +0,1708740000
30.347,6,Feb 24 2024 03: +0,1708743600
29.586,6,Feb 24 2024 04: +0,1708747200
29.216,8,Feb 24 2024 05: +0,1708750800
32.113,4,Feb 24 2024 06: +0,1708754400
29.182,4,Feb 24 2024 07: +0,1708758000
31.619,4,Feb 24 2024 08: +0,1708761600
27.659,10,Feb 24 2024 09: +0,1708765200
28.223,4,Feb 24 2024 10: +0,1708768800
29.123,7,Feb 24 2024 11: +0,1708772400
29.911,6,Feb 24 2024 12: +0,1708776000
28.763,5,Feb 24 2024 13: +0,1708779600
28.729,10,Feb 24 2024 14: +0,1708783200
28.161,11,Feb 24 2024 15: +0,1708786800
28.976,13,Feb 24 2024 16: +0,1708790400
30.611,8,Feb 24 2024 17: +0,1708794000
30.199,10,Feb 24 2024 18: +0,1708797600
31.399,7,Feb 24 2024 19: +0,1708801200
30.759,11,Feb 24 2024 20: +0,1708804800
28.75,13,Feb 24 2024 21: +0,1708808400
29.868,16,Feb 24 2024 22: +0,1708812000
31.296,8,Feb 24 2024 23: +0,1708815600
30.715,4,Feb 25 2024 00: +0,1708819200
30.76,7,Feb 25 2024 01: +0,1708822800
33.134,6,Feb 25 2024 02: +0,1708826400
34.22,4,Feb 25 2024 03: +0,1708830000
31.545,7,Feb 25 2024 04: +0,1708833600
29.936,5,Feb 25 2024 05: +0,1708837200
28.595,4,Feb 25 2024 06: +0,1708840800
27.638,6,Feb 25 2024 07: +0,1708844400
31.423,4,Feb 25 2024 08: +0,1708848000
27.607,4,Feb 25 2024 09: +0,1708851600
31.058,5,Feb 25 2024 10: +0,1708855200
32.337,6,Feb 25 2024 11: +0,1708858800
33.058,4,Feb 25 2024 12: +0,1708862400
31.985,6,Feb 25 2024 13: +0,1708866000
32.27,10,Feb 25 2024 14: +0,1708869600
32.027,10,Feb 25 2024 15: +0,1708873200
33.08,12,Feb 25 2024 16: +0,1708876800
34.613,8,Feb 25 2024 17: +0,1708880400
35.04,7,Feb 25 2024 18: +0,1708884000
31.605,7,Feb 25 2024 19: +0,1708887600
32.781,6,Feb 25 2024 20: +0,1708891200
31.59,8,Feb 25 2024 21: +0,1708894800
31.615,5,Feb 25 2024 22: +0,1708898400
29.061,5,Feb 25 2024 23: +0,1708902000
31.195,6,Feb 26 2024 00: +0,1708905600
28.383,1,Feb 26 2024 01: +0,1708909200
33.154,3,Feb 26 2024 02: +0,1708912800
33.407,5,Feb 26 2024 03: +0,1708916400
31.59,1,Feb 26 2024 04: +0,1708920000
32.388,7,Feb 26 2024 05: +0,1708923600
32.95,4,Feb 26 2024 06: +0,1708927200
33.496,6,Feb 26 2024 07: +0,1708930800
28.442,2,Feb 26 2024 08: +0,1708934400
30.543,2,Feb 26 2024 09: +0,1708938000
32.707,2,Feb 26 2024 10: +0,1708941600
32.916,2,Feb 26 2024 11: +0,1708945200
32.677,4,Feb 26 2024 12: +0,1708948800
30.59,9,Feb 26 2024 13: +0,1708952400
29.231,9,Feb 26 2024 14: +0,1708956000
30.421,6,Feb 26 2024 15: +0,1708959600
31.395,9,Feb 26 2024 16: +0,1708963200
31.631,9,Feb 26 2024 17: +0,1708966800
32.348,16,Feb 26 2024 18: +0,1708970400
31.282,7,Feb 26 2024 19: +0,1708974000
31.594,12,Feb 26 2024 20: +0,1708977600
30.694,11,Feb 26 2024 21: +0,1708981200
30.76,11,Feb 26 2024 22: +0,1708984800
33.399,7,Feb 26 2024 23: +0,1708988400
32.892,4,Feb 27 2024 00: +0,1708992000
32.705,5,Feb 27 2024 01: +0,1708995600
31.993,2,Feb 27 2024 02: +0,1708999200
32.84,5,Feb 27 2024 03: +0,1709002800
32.279,4,Feb 27 2024 04: +0,1709006400
32.281,4,Feb 27 2024 05: +0,1709010000
34.542,8,Feb 27 2024 06: +0,1709013600
34.481,5,Feb 27 2024 07: +0,1709017200
29.681,7,Feb 27 2024 08: +0,1709020800
31.59,3,Feb 27 2024 09: +0,1709024400
34.236,1,Feb 27 2024 10: +0,1709028000
30.364,2,Feb 27 2024 11: +0,1709031600
33.879,4,Feb 27 2024 12: +0,1709035200
32.411,5,Feb 27 2024 13: +0,1709038800
32.924,6,Feb 27 2024 14: +0,1709042400
32.305,4,Feb 27 2024 15: +0,1709046000
31.597,3,Feb 27 2024 16: +0,1709049600
31.417,10,Feb 27 2024 17: +0,1709053200
31.554,13,Feb 27 2024 18: +0,1709056800
34.275,9,Feb 27 2024 19: +0,1709060400
35.889,9,Feb 27 2024 20: +0,1709064000
33.055,9,Feb 27 2024 21: +0,1709067600
34.22,3,Feb 27 2024 22: +0,1709071200
33.17,8,Feb 27 2024 23: +0,1709074800
31.996,6,Feb 28 2024 00: +0,1709078400
33.17,5,Feb 28 2024 01: +0,1709082000
34.073,4,Feb 28 2024 02: +0,1709085600
35.232,2,Feb 28 2024 03: +0,1709089200
34.766,3,Feb 28 2024 04: +0,1709092800
35.323,8,Feb 28 2024 05: +0,1709096400
33.993,2,Feb 28 2024 06: +0,1709100000
32.897,4,Feb 28 2024 07: +0,1709103600
34.165,3,Feb 28 2024 08: +0,1709107200
32.805,4,Feb 28 2024 09: +0,1709110800
32.426,6,Feb 28 2024 10: +0,1709114400
32.434,3,Feb 28 2024 11: +0,1709118000
30.667,11,Feb 28 2024 12: +0,1709121600
30.251,6,Feb 28 2024 13: +0,1709125200
34.203,4,Feb 28 2024 14: +0,1709128800
34.058,7,Feb 28 2024 15: +0,1709132400
30.705,10,Feb 28 2024 16: +0,1709136000
30.815,11,Feb 28 2024 17: +0,1709139600
31.817,12,Feb 28 2024 18: +0,1709143200
31.25,13,Feb 28 2024 19: +0,1709146800
32.007,18,Feb 28 2024 20: +0,1709150400
34.024,4,Feb 28 2024 21: +0,1709154000
32.396,15,Feb 28 2024 22: +0,1709157600
32.871,7,Feb 28 2024 23: +0,1709161200
30.918,7,Feb 29 2024 00: +0,1709164800
31.124,13,Feb 29 2024 01: +0,1709168400
31.519,5,Feb 29 2024 02: +0,1709172000
32.04,6,Feb 29 2024 03: +0,1709175600
31.408,5,Feb 29 2024 04: +0,1709179200
32.23,3,Feb 29 2024 05: +0,1709182800
33.177,3,Feb 29 2024 06: +0,1709186400
30.958,9,Feb 29 2024 07: +0,1709190000
32.537,2,Feb 29 2024 08: +0,1709193600
32.674,5,Feb 29 2024 09: +0,1709197200
33.497,8,Feb 29 2024 10: +0,1709200800
33.517,7,Feb 29 2024 11: +0,1709204400
31.897,3,Feb 29 2024 12: +0,1709208000
32.39,9,Feb 29 2024 13: +0,1709211600
31.59,11,Feb 29 2024 14: +0,1709215200
32.558,8,Feb 29 2024 15: +0,1709218800
32.182,16,Feb 29 2024 16: +0,1709222400
32.61,10,Feb 29 2024 17: +0,1709226000
31.875,7,Feb 29 2024 18: +0,1709229600
32.6,8,Feb 29 2024 19: +0,1709233200
33.63,11,Feb 29 2024 20: +0,1709236800
35.306,10,Feb 29 2024 21: +0,1709240400
34.343,8,Feb 29 2024 22: +0,1709244000
31.993,11,Feb 29 2024 23: +0,1709247600
33.404,12,Mar 01 2024 00: +0,1709251200
31.795,5,Mar 01 2024 01: +0,1709254800
32.194,6,Mar 01 2024 02: +0,1709258400
31.684,3,Mar 01 2024 03: +0,1709262000
31.723,7,Mar 01 2024 04: +0,1709265600
31.465,2,Mar 01 2024 05: +0,1709269200
31.59,5,Mar 01 2024 06: +0,1709272800
31.503,7,Mar 01 2024 07: +0,1709276400
31.558,4,Mar 01 2024 08: +0,1709280000
32.222,5,Mar 01 2024 09: +0,1709283600
32.261,3,Mar 01 2024 10: +0,1709287200
31.487,11,Mar 01 2024 11: +0,1709290800
31.475,14,Mar 01 2024 12: +0,1709294400
32.224,9,Mar 01 2024 13: +0,1709298000
31.874,6,Mar 01 2024 14: +0,1709301600
31.447,5,Mar 01 2024 15: +0,1709305200
31.459,16,Mar 01 2024 16: +0,1709308800
32.931,8,Mar 01 2024 17: +0,1709312400
32.324,14,Mar 01 2024 18: +0,1709316000
32.39,17,Mar 01 2024 19: +0,1709319600
34.08,6,Mar 01 2024 20: +0,1709323200
32.549,12,Mar 01 2024 21: +0,1709326800
31.799,16,Mar 01 2024 22: +0,1709330400
32.21,10,Mar 01 2024 23: +0,1709334000
33.869,14,Mar 02 2024 00: +0,1709337600
31.361,5,Mar 02 2024 01: +0,1709341200
32.393,11,Mar 02 2024 02: +0,1709344800
31.621,6,Mar 02 2024 03: +0,1709348400
30.816,5,Mar 02 2024 04: +0,1709352000
32.514,6,Mar 02 2024 05: +0,1709355600
35.03,6,Mar 02 2024 06: +0,1709359200
30.811,4,Mar 02 2024 07: +0,1709362800
31.093,5,Mar 02 2024 08: +0,1709366400
30.231,5,Mar 02 2024 09: +0,1709370000
31.141,10,Mar 02 2024 10: +0,1709373600
32.107,8,Mar 02 2024 11: +0,1709377200
31.7,5,Mar 02 2024 12: +0,1709380800
32.147,6,Mar 02 2024 13: +0,1709384400
33.974,8,Mar 02 2024 14: +0,1709388000
33.145,6,Mar 02 2024 15: +0,1709391600
35.365,5,Mar 02 2024 16: +0,1709395200
34.012,10,Mar 02 2024 17: +0,1709398800
34.672,6,Mar 02 2024 18: +0,1709402400
32.571,9,Mar 02 2024 19: +0,1709406000
34.79,6,Mar 02 2024 20: +0,1709409600
35.195,7,Mar 02 2024 21: +0,1709413200
33.353,11,Mar 02 2024 22: +0,1709416800
33.602,16,Mar 02 2024 23: +0,1709420400
35.145,4,Mar 03 2024 00: +0,1709424000
35.097,6,Mar 03 2024 01: +0,1709427600
32.142,3,Mar 03 2024 02: +0,1709431200
31.622,2,Mar 03 2024 03: +0,1709434800
32.12,6,Mar 03 2024 04: +0,1709438400
33.49,3,Mar 03 2024 05: +0,1709442000
34.326,3,Mar 03 2024 06: +0,1709445600
31.08,2,Mar 03 2024 07: +0,1709449200
32.847,8,Mar 03 2024 08: +0,1709452800
32.467,6,Mar 03 2024 10: +0,1709460000
34.046,3,Mar 03 2024 11: +0,1709463600
34.055,7,Mar 03 2024 12: +0,1709467200
33.919,9,Mar 03 2024 13: +0,1709470800
31.993,7,Mar 03 2024 14: +0,1709474400
33.818,3,Mar 03 2024 15: +0,1709478000
33.065,7,Mar 03 2024 16: +0,1709481600
34.071,9,Mar 03 2024 17: +0,1709485200
34.311,11,Mar 03 2024 18: +0,1709488800
33.873,8,Mar 03 2024 19: +0,1709492400
34.029,10,Mar 03 2024 20: +0,1709496000
33.628,10,Mar 03 2024 21: +0,1709499600
35.416,9,Mar 03 2024 22: +0,1709503200
33.835,5,Mar 03 2024 23: +0,1709506800
34.255,6,Mar 04 2024 00: +0,1709510400
33.932,4,Mar 04 2024 02: +0,1709517600
35.323,7,Mar 04 2024 03: +0,1709521200
31.713,5,Mar 04 2024 04: +0,1709524800
31.643,7,Mar 04 2024 05: +0,1709528400
31.756,4,Mar 04 2024 06: +0,1709532000
31.812,4,Mar 04 2024 07: +0,1709535600
32.368,6,Mar 04 2024 08: +0,1709539200
32.298,3,Mar 04 2024 09: +0,1709542800
31.598,5,Mar 04 2024 10: +0,1709546400
33.277,3,Mar 04 2024 11: +0,1709550000
33.894,4,Mar 04 2024 12: +0,1709553600
34.33,4,Mar 04 2024 13: +0,1709557200
35.34,6,Mar 04 2024 14: +0,1709560800
32.988,8,Mar 04 2024 15: +0,1709564400
31.884,4,Mar 04 2024 16: +0,1709568000
33.065,11,Mar 04 2024 17: +0,1709571600
37.06,12,Mar 04 2024 18: +0,1709575200
38.093,6,Mar 04 2024 19: +0,1709578800
34.274,13,Mar 04 2024 20: +0,1709582400
36.346,7,Mar 04 2024 21: +0,1709586000
34.131,7,Mar 04 2024 22: +0,1709589600
33.897,7,Mar 04 2024 23: +0,1709593200
32.317,4,Mar 05 2024 00: +0,1709596800
33.086,3,Mar 05 2024 01: +0,1709600400
35.116,5,Mar 05 2024 02: +0,1709604000
36.054,4,Mar 05 2024 03: +0,1709607600
31.939,7,Mar 05 2024 04: +0,1709611200
31.849,2,Mar 05 2024 05: +0,1709614800
34.046,6,Mar 05 2024 06: +0,1709618400
34.631,3,Mar 05 2024 07: +0,1709622000
36.139,3,Mar 05 2024 08: +0,1709625600
35.177,3,Mar 05 2024 09: +0,1709629200
32.547,6,Mar 05 2024 10: +0,1709632800
32.08,3,Mar 05 2024 11: +0,1709636400
33.558,3,Mar 05 2024 12: +0,1709640000
34.611,3,Mar 05 2024 13: +0,1709643600
34.235,7,Mar 05 2024 14: +0,1709647200
34.616,4,Mar 05 2024 15: +0,1709650800
33.858,7,Mar 05 2024 16: +0,1709654400
32.142,7,Mar 05 2024 17: +0,1709658000
33.628,4,Mar 05 2024 18: +0,1709661600
33.846,9,Mar 05 2024 19: +0,1709665200
34.311,9,Mar 05 2024 20: +0,1709668800
33.882,10,Mar 05 2024 21: +0,1709672400
33.816,5,Mar 05 2024 22: +0,1709676000
33.73,4,Mar 05 2024 23: +0,1709679600
33.83,5,Mar 06 2024 00: +0,1709683200
34.439,3,Mar 06 2024 01: +0,1709686800
34.088,4,Mar 06 2024 02: +0,1709690400
34.681,4,Mar 06 2024 03: +0,1709694000
34.291,8,Mar 06 2024 04: +0,1709697600
32.255,2,Mar 06 2024 05: +0,1709701200
32.766,7,Mar 06 2024 06: +0,1709704800
33.595,4,Mar 06 2024 07: +0,1709708400
33.016,2,Mar 06 2024 08: +0,1709712000
32.722,2,Mar 06 2024 09: +0,1709715600
32.766,10,Mar 06 2024 10: +0,1709719200
32.801,9,Mar 06 2024 11: +0,1709722800
33.824,5,Mar 06 2024 12: +0,1709726400
32.284,3,Mar 06 2024 13: +0,1709730000
32.267,7,Mar 06 2024 14: +0,1709733600
32.13,10,Mar 06 2024 15: +0,1709737200
32.308,12,Mar 06 2024 16: +0,1709740800
32.286,10,Mar 06 2024 17: +0,1709744400
32.332,11,Mar 06 2024 18: +0,1709748000
32.462,9,Mar 06 2024 19: +0,1709751600
31.694,7,Mar 06 2024 20: +0,1709755200
31.682,6,Mar 06 2024 21: +0,1709758800
30.574,9,Mar 06 2024 22: +0,1709762400
30.674,12,Mar 06 2024 23: +0,1709766000
30.815,8,Mar 07 2024 00: +0,1709769600
31.226,4,Mar 07 2024 01: +0,1709773200
30.689,8,Mar 07 2024 02: +0,1709776800
30.948,8,Mar 07 2024 03: +0,1709780400
31.198,7,Mar 07 2024 04: +0,1709784000
31.198,7,Mar 07 2024 05: +0,1709787600
31.163,6,Mar 07 2024 06: +0,1709791200
31.674,5,Mar 07 2024 07: +0,1709794800
31.022,4,Mar 07 2024 08: +0,1709798400
30.839,5,Mar 07 2024 09: +0,1709802000
30.901,8,Mar 07 2024 10: +0,1709805600
30.839,3,Mar 07 2024 11: +0,1709809200
30.925,2,Mar 07 2024 12: +0,1709812800
32.266,9,Mar 07 2024 13: +0,1709816400
32.774,5,Mar 07 2024 14: +0,1709820000
31.937,3,Mar 07 2024 15: +0,1709823600
31.241,5,Mar 07 2024 16: +0,1709827200
31.837,8,Mar 07 2024 17: +0,1709830800
31.428,11,Mar 07 2024 18: +0,1709834400
31.317,7,Mar 07 2024 19: +0,1709838000
31.323,12,Mar 07 2024 20: +0,1709841600
33.949,11,Mar 07 2024 21: +0,1709845200
31.412,8,Mar 07 2024 22: +0,1709848800
30.981,5,Mar 07 2024 23: +0,1709852400
30.833,7,Mar 08 2024 00: +0,1709856000
31.869,5,Mar 08 2024 01: +0,1709859600
30.987,4,Mar 08 2024 02: +0,1709863200
30.644,5,Mar 08 2024 03: +0,1709866800
31.05,7,Mar 08 2024 04: +0,1709870400
31.978,5,Mar 08 2024 05: +0,1709874000
31.198,3,Mar 08 2024 06: +0,1709877600
29.259,2,Mar 08 2024 07: +0,1709881200
31.019,7,Mar 08 2024 08: +0,1709884800
31.073,3,Mar 08 2024 09: +0,1709888400
31.061,8,Mar 08 2024 10: +0,1709892000
31.081,9,Mar 08 2024 11: +0,1709895600
31.011,4,Mar 08 2024 12: +0,1709899200
31.435,3,Mar 08 2024 13: +0,1709902800
31.494,4,Mar 08 2024 14: +0,1709906400
31.565,12,Mar 08 2024 15: +0,1709910000
31.073,5,Mar 08 2024 16: +0,1709913600
31.329,10,Mar 08 2024 17: +0,1709917200
31.145,11,Mar 08 2024 18: +0,1709920800
31.87,13,Mar 08 2024 19: +0,1709924400
31.494,11,Mar 08 2024 20: +0,1709928000
30.199,12,Mar 08 2024 21: +0,1709931600
29.525,9,Mar 08 2024 22: +0,1709935200
29.877,8,Mar 08 2024 23: +0,1709938800
29.327,6,Mar 09 2024 00: +0,1709942400
29.499,5,Mar 09 2024 01: +0,1709946000
30.422,16,Mar 09 2024 02: +0,1709949600
30.379,4,Mar 09 2024 03: +0,1709953200
29.158,2,Mar 09 2024 04: +0,1709956800
30.432,3,Mar 09 2024 05: +0,1709960400
29.786,13,Mar 09 2024 06: +0,1709964000
30.062,2,Mar 09 2024 07: +0,1709967600
29.076,5,Mar 09 2024 08: +0,1709971200
30.285,5,Mar 09 2024 09: +0,1709974800
29.821,6,Mar 09 2024 10: +0,1709978400
29.827,8,Mar 09 2024 11: +0,1709982000
30.704,7,Mar 09 2024 12: +0,1709985600
30.834,8,Mar 09 2024 13: +0,1709989200
30.867,6,Mar 09 2024 14: +0,1709992800
29.622,11,Mar 09 2024 15: +0,1709996400
29.582,8,Mar 09 2024 16: +0,1710000000
29.259,12,Mar 09 2024 17: +0,1710003600
30.133,10,Mar 09 2024 18: +0,1710007200
29.635,9,Mar 09 2024 19: +0,1710010800
29.734,14,Mar 09 2024 20: +0,1710014400
29.403,10,Mar 09 2024 21: +0,1710018000
30.153,11,Mar 09 2024 22: +0,1710021600
29.387,13,Mar 09 2024 23: +0,1710025200
29.646,9,Mar 10 2024 00: +0,1710028800
29.422,7,Mar 10 2024 01: +0,1710032400
29.61,8,Mar 10 2024 02: +0,1710036000
29.635,5,Mar 10 2024 03: +0,1710039600
29.723,7,Mar 10 2024 04: +0,1710043200
30.646,4,Mar 10 2024 05: +0,1710046800
29.762,3,Mar 10 2024 06: +0,1710050400
29.609,6,Mar 10 2024 07: +0,1710054000
30.422,5,Mar 10 2024 08: +0,1710057600
29.552,7,Mar 10 2024 09: +0,1710061200
30.266,4,Mar 10 2024 10: +0,1710064800
29.489,7,Mar 10 2024 11: +0,1710068400
29.817,10,Mar 10 2024 12: +0,1710072000
29.934,9,Mar 10 2024 13: +0,1710075600
29.829,12,Mar 10 2024 14: +0,1710079200
30.01,10,Mar 10 2024 15: +0,1710082800
30.692,6,Mar 10 2024 16: +0,1710086400
29.59,8,Mar 10 2024 17: +0,1710090000
29.698,12,Mar 10 2024 18: +0,1710093600
31.212,11,Mar 10 2024 19: +0,1710097200
31.594,14,Mar 10 2024 20: +0,1710100800
30.684,6,Mar 10 2024 21: +0,1710104400
29.624,8,Mar 10 2024 22: +0,1710108000
29.798,9,Mar 10 2024 23: +0,1710111600
30.155,6,Mar 11 2024 00: +0,1710115200
30.969,4,Mar 11 2024 01: +0,1710118800
31.767,3,Mar 11 2024 02: +0,1710122400
30.493,4,Mar 11 2024 03: +0,1710126000
29.503,4,Mar 11 2024 04: +0,1710129600
29.879,7,Mar 11 2024 05: +0,1710133200
31.15,2,Mar 11 2024 06: +0,1710136800
31.842,2,Mar 11 2024 07: +0,1710140400
30.721,2,Mar 11 2024 08: +0,1710144000
29.86,1,Mar 11 2024 09: +0,1710147600
27.36,1,Mar 11 2024 10: +0,1710151200
30.442,2,Mar 11 2024 11: +0,1710154800
30.177,2,Mar 11 2024 12: +0,1710158400
29.918,5,Mar 11 2024 13: +0,1710162000
29.895,7,Mar 11 2024 14: +0,1710165600
30.482,8,Mar 11 2024 15: +0,1710169200
30.766,9,Mar 11 2024 16: +0,1710172800
30.133,6,Mar 11 2024 17: +0,1710176400
30.815,9,Mar 11 2024 18: +0,1710180000
30.036,7,Mar 11 2024 19: +0,1710183600
30.382,10,Mar 11 2024 20: +0,1710187200
31.511,9,Mar 11 2024 21: +0,1710190800
31.812,5,Mar 11 2024 22: +0,1710194400
30.557,10,Mar 11 2024 23: +0,1710198000
31.84,2,Mar 12 2024 00: +0,1710201600
30.385,5,Mar 12 2024 01: +0,1710205200
30.55,9,Mar 12 2024 02: +0,1710208800
31.426,7,Mar 12 2024 03: +0,1710212400
32.056,1,Mar 12 2024 04: +0,1710216000
33.424,3,Mar 12 2024 05: +0,1710219600
29.944,1,Mar 12 2024 06: +0,1710223200
32.824,2,Mar 12 2024 07: +0,1710226800
31.578,2,Mar 12 2024 09: +0,1710234000
31.716,3,Mar 12 2024 10: +0,1710237600
31.693,6,Mar 12 2024 12: +0,1710244800
32.209,2,Mar 12 2024 13: +0,1710248400
31.829,7,Mar 12 2024 14: +0,1710252000
32.328,9,Mar 12 2024 15: +0,1710255600
31.791,6,Mar 12 2024 16: +0,1710259200
32.277,5,Mar 12 2024 17: +0,1710262800
30.394,11,Mar 12 2024 18: +0,1710266400
30.327,10,Mar 12 2024 19: +0,1710270000
30.315,9,Mar 12 2024 20: +0,1710273600
30.311,10,Mar 12 2024 21: +0,1710277200
31.594,10,Mar 12 2024 22: +0,1710280800
30.349,5,Mar 12 2024 23: +0,1710284400
30.349,7,Mar 13 2024 00: +0,1710288000
30.37,5,Mar 13 2024 01: +0,1710291600
30.732,5,Mar 13 2024 02: +0,1710295200
30.895,8,Mar 13 2024 03: +0,1710298800
30.338,6,Mar 13 2024 04: +0,1710302400
31.137,5,Mar 13 2024 05: +0,1710306000
30.094,5,Mar 13 2024 06: +0,1710309600
30.338,5,Mar 13 2024 07: +0,1710313200
31.527,1,Mar 13 2024 08: +0,1710316800
30.425,6,Mar 13 2024 09: +0,1710320400
30.417,9,Mar 13 2024 10: +0,1710324000
30.374,6,Mar 13 2024 11: +0,1710327600
30.602,3,Mar 13 2024 12: +0,1710331200
30.508,6,Mar 13 2024 13: +0,1710334800
30.421,6,Mar 13 2024 14: +0,1710338400
30.425,10,Mar 13 2024 15: +0,1710342000
30.591,15,Mar 13 2024 16: +0,1710345600
30.738,11,Mar 13 2024 17: +0,1710349200
31.254,6,Mar 13 2024 18: +0,1710352800
30.457,8,Mar 13 2024 19: +0,1710356400
31.354,10,Mar 13 2024 20: +0,1710360000
30.83,10,Mar 13 2024 21: +0,1710363600
31.006,7,Mar 13 2024 22: +0,1710367200
30.457,7,Mar 13 2024 23: +0,1710370800
30.479,10,Mar 14 2024 00: +0,1710374400
30.638,5,Mar 14 2024 01: +0,1710378000
30.149,6,Mar 14 2024 02: +0,1710381600
30.496,7,Mar 14 2024 03: +0,1710385200
31.147,6,Mar 14 2024 04: +0,1710388800
30.425,5,Mar 14 2024 05: +0,1710392400
30.694,6,Mar 14 2024 06: +0,1710396000
30.543,5,Mar 14 2024 07: +0,1710399600
30.425,11,Mar 14 2024 08: +0,1710403200
30.567,8,Mar 14 2024 09: +0,1710406800
30.555,6,Mar 14 2024 10: +0,1710410400
30.543,7,Mar 14 2024 11: +0,1710414000
30.576,10,Mar 14 2024 12: +0,1710417600
30.98,7,Mar 14 2024 13: +0,1710421200
31.184,6,Mar 14 2024 14: +0,1710424800
30.067,5,Mar 14 2024 15: +0,1710428400
30.497,4,Mar 14 2024 16: +0,1710432000
31.165,8,Mar 14 2024 17: +0,1710435600
28.731,9,Mar 14 2024 18: +0,1710439200
28.741,11,Mar 14 2024 19: +0,1710442800
28.424,15,Mar 14 2024 20: +0,1710446400
28.439,16,Mar 14 2024 21: +0,1710450000
28.337,9,Mar 14 2024 22: +0,1710453600
27.049,13,Mar 14 2024 23: +0,1710457200
27.774,9,Mar 15 2024 00: +0,1710460800
27.419,6,Mar 15 2024 01: +0,1710464400
27.439,6,Mar 15 2024 02: +0,1710468000
27.699,7,Mar 15 2024 03: +0,1710471600
28.933,4,Mar 15 2024 04: +0,1710475200
27.494,5,Mar 15 2024 05: +0,1710478800
28.932,14,Mar 15 2024 06: +0,1710482400
28.762,3,Mar 15 2024 07: +0,1710486000
29.156,5,Mar 15 2024 08: +0,1710489600
29.156,3,Mar 15 2024 09: +0,1710493200
29.432,9,Mar 15 2024 10: +0,1710496800
29.665,6,Mar 15 2024 11: +0,1710500400
28.481,8,Mar 15 2024 12: +0,1710504000
27.792,8,Mar 15 2024 13: +0,1710507600
28.107,6,Mar 15 2024 14: +0,1710511200
27.555,4,Mar 15 2024 15: +0,1710514800
27.654,8,Mar 15 2024 16: +0,1710518400
27.537,10,Mar 15 2024 17: +0,1710522000
27.573,14,Mar 15 2024 18: +0,1710525600
28.012,11,Mar 15 2024 19: +0,1710529200
28.682,9,Mar 15 2024 20: +0,1710532800
29.109,10,Mar 15 2024 21: +0,1710536400
27.99,8,Mar 15 2024 22: +0,1710540000
28.374,13,Mar 15 2024 23: +0,1710543600
27.835,10,Mar 16 2024 00: +0,1710547200
27.399,5,Mar 16 2024 01: +0,1710550800
28.255,6,Mar 16 2024 02: +0,1710554400
27.58,9,Mar 16 2024 03: +0,1710558000
27.58,12,Mar 16 2024 04: +0,1710561600
28.936,3,Mar 16 2024 05: +0,1710565200
29.139,4,Mar 16 2024 06: +0,1710568800
27.626,5,Mar 16 2024 07: +0,1710572400
28.442,2,Mar 16 2024 08: +0,1710576000
28.246,2,Mar 16 2024 09: +0,1710579600
29.25,6,Mar 16 2024 10: +0,1710583200
28.021,4,Mar 16 2024 11: +0,1710586800
29.102,8,Mar 16 2024 12: +0,1710590400
28.483,7,Mar 16 2024 13: +0,1710594000
27.793,7,Mar 16 2024 14: +0,1710597600
28.297,11,Mar 16 2024 15: +0,1710601200
27.769,3,Mar 16 2024 16: +0,1710604800
28.179,6,Mar 16 2024 17: +0,1710608400
28.166,8,Mar 16 2024 18: +0,1710612000
29.152,8,Mar 16 2024 19: +0,1710615600
28.76,10,Mar 16 2024 20: +0,1710619200
28.903,11,Mar 16 2024 21: +0,1710622800
28.989,5,Mar 16 2024 22: +0,1710626400
28.272,12,Mar 16 2024 23: +0,1710630000
29.658,8,Mar 17 2024 00: +0,1710633600
29.078,4,Mar 17 2024 01: +0,1710637200
29.641,4,Mar 17 2024 02: +0,1710640800
28.55,4,Mar 17 2024 03: +0,1710644400
27.859,6,Mar 17 2024 04: +0,1710648000
29.034,6,Mar 17 2024 05: +0,1710651600
27.982,3,Mar 17 2024 06: +0,1710655200
28.313,7,Mar 17 2024 07: +0,1710658800
28.715,4,Mar 17 2024 08: +0,1710662400
28.345,3,Mar 17 2024 09: +0,1710666000
28.237,4,Mar 17 2024 10: +0,1710669600
28.36,7,Mar 17 2024 11: +0,1710673200
28.337,9,Mar 17 2024 12: +0,1710676800
28.623,8,Mar 17 2024 13: +0,1710680400
28.542,12,Mar 17 2024 14: +0,1710684000
29.705,9,Mar 17 2024 15: +0,1710687600
28.833,5,Mar 17 2024 16: +0,1710691200
29.416,13,Mar 17 2024 17: +0,1710694800
29.511,8,Mar 17 2024 18: +0,1710698400
28.997,15,Mar 17 2024 19: +0,1710702000
29.678,11,Mar 17 2024 20: +0,1710705600
30.018,3,Mar 17 2024 21: +0,1710709200
29.006,11,Mar 17 2024 22: +0,1710712800
29.232,12,Mar 17 2024 23: +0,1710716400
28.392,5,Mar 18 2024 00: +0,1710720000
28.841,7,Mar 18 2024 01: +0,1710723600
28.368,9,Mar 18 2024 02: +0,1710727200
29.432,9,Mar 18 2024 03: +0,1710730800
28.994,8,Mar 18 2024 04: +0,1710734400
31.502,3,Mar 18 2024 05: +0,1710738000
29.948,2,Mar 18 2024 06: +0,1710741600
29.951,2,Mar 18 2024 07: +0,1710745200
28.148,2,Mar 18 2024 08: +0,1710748800
29.639,2,Mar 18 2024 09: +0,1710752400
29.143,3,Mar 18 2024 10: +0,1710756000
28.912,4,Mar 18 2024 11: +0,1710759600
28.431,6,Mar 18 2024 12: +0,1710763200
27.569,4,Mar 18 2024 13: +0,1710766800
28.997,9,Mar 18 2024 14: +0,1710770400
28.494,3,Mar 18 2024 15: +0,1710774000
29.684,5,Mar 18 2024 16: +0,1710777600
29.297,6,Mar 18 2024 17: +0,1710781200
30.018,5,Mar 18 2024 18: +0,1710784800
30.88,5,Mar 18 2024 19: +0,1710788400
29.901,13,Mar 18 2024 20: +0,1710792000
29.987,7,Mar 18 2024 21: +0,1710795600
30.732,3,Mar 18 2024 22: +0,1710799200
27.186,3,Mar 18 2024 23: +0,1710802800
28.854,12,Mar 19 2024 00: +0,1710806400
28.92,7,Mar 19 2024 01: +0,1710810000
30.772,3,Mar 19 2024 02: +0,1710813600
30.058,6,Mar 19 2024 03: +0,1710817200
31.705,4,Mar 19 2024 04: +0,1710820800
30.343,2,Mar 19 2024 05: +0,1710824400
30.63,3,Mar 19 2024 06: +0,1710828000
29.235,2,Mar 19 2024 07: +0,1710831600
31.749,1,Mar 19 2024 08: +0,1710835200
29.314,3,Mar 19 2024 09: +0,1710838800
28.944,3,Mar 19 2024 10: +0,1710842400
29.582,6,Mar 19 2024 11: +0,1710846000
29.741,5,Mar 19 2024 12: +0,1710849600
28.853,8,Mar 19 2024 13: +0,1710853200
29.518,6,Mar 19 2024 14: +0,1710856800
29.747,7,Mar 19 2024 15: +0,1710860400
29.672,10,Mar 19 2024 16: +0,1710864000
30.667,4,Mar 19 2024 17: +0,1710867600
31.13,9,Mar 19 2024 18: +0,1710871200
32.459,9,Mar 19 2024 19: +0,1710874800
31.54,4,Mar 19 2024 20: +0,1710878400
31.963,4,Mar 19 2024 21: +0,1710882000
29.929,6,Mar 19 2024 22: +0,1710885600
31.502,4,Mar 19 2024 23: +0,1710889200
29.659,4,Mar 20 2024 00: +0,1710892800
30.802,2,Mar 20 2024 01: +0,1710896400
29.654,5,Mar 20 2024 02: +0,1710900000
31.75,4,Mar 20 2024 03: +0,1710903600
29.29,3,Mar 20 2024 04: +0,1710907200
29.671,5,Mar 20 2024 05: +0,1710910800
27.707,3,Mar 20 2024 06: +0,1710914400
29.623,5,Mar 20 2024 07: +0,1710918000
29.658,5,Mar 20 2024 08: +0,1710921600
29.559,3,Mar 20 2024 09: +0,1710925200
30.241,2,Mar 20 2024 10: +0,1710928800
30.434,6,Mar 20 2024 11: +0,1710932400
29.836,9,Mar 20 2024 12: +0,1710936000
29.737,8,Mar 20 2024 13: +0,1710939600
31.08,4,Mar 20 2024 14: +0,1710943200
32.394,5,Mar 20 2024 15: +0,1710946800
30.701,12,Mar 20 2024 16: +0,1710950400
30.801,4,Mar 20 2024 17: +0,1710954000
30.968,10,Mar 20 2024 18: +0,1710957600
30.061,9,Mar 20 2024 19: +0,1710961200
29.904,12,Mar 20 2024 20: +0,1710964800
30.594,6,Mar 20 2024 21: +0,1710968400
30.577,11,Mar 20 2024 22: +0,1710972000
29.805,11,Mar 20 2024 23: +0,1710975600
29.805,9,Mar 21 2024 00: +0,1710979200
30.241,5,Mar 21 2024 01: +0,1710982800
30.269,4,Mar 21 2024 02: +0,1710986400
29.797,8,Mar 21 2024 03: +0,1710990000
30.088,3,Mar 21 2024 04: +0,1710993600
29.943,4,Mar 21 2024 05: +0,1710997200
29.813,6,Mar 21 2024 06: +0,1711000800
29.013,6,Mar 21 2024 07: +0,1711004400
28.863,1,Mar 21 2024 08: +0,1711008000
29.836,4,Mar 21 2024 09: +0,1711011600
29.836,3,Mar 21 2024 10: +0,1711015200
29.98,9,Mar 21 2024 11: +0,1711018800
29.536,8,Mar 21 2024 12: +0,1711022400
29.722,6,Mar 21 2024 13: +0,1711026000
30.131,11,Mar 21 2024 14: +0,1711029600
29.836,15,Mar 21 2024 15: +0,1711033200
29.95,8,Mar 21 2024 16: +0,1711036800
29.812,5,Mar 21 2024 17: +0,1711040400
29.789,11,Mar 21 2024 18: +0,1711044000
30.123,13,Mar 21 2024 19: +0,1711047600
30.26,11,Mar 21 2024 20: +0,1711051200
30.13,10,Mar 21 2024 21: +0,1711054800
29.916,10,Mar 21 2024 22: +0,1711058400
29.381,12,Mar 21 2024 23: +0,1711062000
30.019,7,Mar 22 2024 00: +0,1711065600
29.53,4,Mar 22 2024 01: +0,1711069200
29.633,3,Mar 22 2024 02: +0,1711072800
29.639,3,Mar 22 2024 03: +0,1711076400
29.633,9,Mar 22 2024 04: +0,1711080000
29.496,5,Mar 22 2024 05: +0,1711083600
29.646,3,Mar 22 2024 06: +0,1711087200
29.633,7,Mar 22 2024 07: +0,1711090800
29.29,7,Mar 22 2024 08: +0,1711094400
29.931,5,Mar 22 2024 09: +0,1711098000
30.134,6,Mar 22 2024 10: +0,1711101600
29.805,7,Mar 22 2024 11: +0,1711105200
29.749,5,Mar 22 2024 12: +0,1711108800
29.091,8,Mar 22 2024 13: +0,1711112400
30.228,10,Mar 22 2024 14: +0,1711116000
31.007,9,Mar 22 2024 15: +0,1711119600
30.907,6,Mar 22 2024 16: +0,1711123200
28.373,12,Mar 22 2024 17: +0,1711126800
29.417,9,Mar 22 2024 18: +0,1711130400
30.169,5,Mar 22 2024 19: +0,1711134000
29.839,11,Mar 22 2024 20: +0,1711137600
29.946,9,Mar 22 2024 21: +0,1711141200
29.891,10,Mar 22 2024 22: +0,1711144800
30.461,7,Mar 22 2024 23: +0,1711148400
29.854,5,Mar 23 2024 00: +0,1711152000
29.719,8,Mar 23 2024 01: +0,1711155600
30.173,6,Mar 23 2024 02: +0,1711159200
28.483,6,Mar 23 2024 03: +0,1711162800
29.533,4,Mar 23 2024 04: +0,1711166400
29.536,5,Mar 23 2024 06: +0,1711173600
29.314,4,Mar 23 2024 07: +0,1711177200
28.997,5,Mar 23 2024 08: +0,1711180800
29.301,7,Mar 23 2024 09: +0,1711184400
28.841,7,Mar 23 2024 10: +0,1711188000
29.299,4,Mar 23 2024 11: +0,1711191600
29.372,7,Mar 23 2024 12: +0,1711195200
28.182,7,Mar 23 2024 13: +0,1711198800
28.265,15,Mar 23 2024 14: +0,1711202400
28.899,10,Mar 23 2024 15: +0,1711206000
29.122,11,Mar 23 2024 16: +0,1711209600
29.55,9,Mar 23 2024 17: +0,1711213200
30.151,9,Mar 23 2024 18: +0,1711216800
29.979,7,Mar 23 2024 19: +0,1711220400
29.425,9,Mar 23 2024 20: +0,1711224000
29.811,10,Mar 23 2024 21: +0,1711227600
29.206,10,Mar 23 2024 22: +0,1711231200
29.638,7,Mar 23 2024 23: +0,1711234800
28.691,14,Mar 24 2024 00: +0,1711238400
27.984,3,Mar 24 2024 01: +0,1711242000
28.182,5,Mar 24 2024 02: +0,1711245600
29.282,7,Mar 24 2024 03: +0,1711249200
28.301,2,Mar 24 2024 04: +0,1711252800
27.707,9,Mar 24 2024 05: +0,1711256400
26.92,5,Mar 24 2024 06: +0,1711260000
29.29,5,Mar 24 2024 07: +0,1711263600
27.721,4,Mar 24 2024 08: +0,1711267200
22.643,1,Mar 24 2024 09: +0,1711270800
28.38,11,Mar 24 2024 10: +0,1711274400
28.491,8,Mar 24 2024 11: +0,1711278000
27.89,11,Mar 24 2024 12: +0,1711281600
28.227,10,Mar 24 2024 13: +0,1711285200
28.702,9,Mar 24 2024 14: +0,1711288800
27.58,7,Mar 24 2024 15: +0,1711292400
28.643,8,Mar 24 2024 16: +0,1711296000
29.094,15,Mar 24 2024 17: +0,1711299600
29.286,10,Mar 24 2024 18: +0,1711303200
27.279,11,Mar 24 2024 19: +0,1711306800
27.412,9,Mar 24 2024 20: +0,1711310400
28.102,14,Mar 24 2024 21: +0,1711314000
28.18,12,Mar 24 2024 22: +0,1711317600
29.045,7,Mar 24 2024 23: +0,1711321200
29.132,14,Mar 25 2024 00: +0,1711324800
30.064,3,Mar 25 2024 01: +0,1711328400
26.698,4,Mar 25 2024 02: +0,1711332000
28.182,3,Mar 25 2024 03: +0,1711335600
27.272,7,Mar 25 2024 04: +0,1711339200
26.873,4,Mar 25 2024 05: +0,1711342800
26.706,2,Mar 25 2024 06: +0,1711346400
27.895,1,Mar 25 2024 07: +0,1711350000
27.067,2,Mar 25 2024 08: +0,1711353600
28.992,2,Mar 25 2024 09: +0,1711357200
30.394,4,Mar 25 2024 10: +0,1711360800
27.311,5,Mar 25 2024 11: +0,1711364400
27.879,4,Mar 25 2024 12: +0,1711368000
29.045,15,Mar 25 2024 13: +0,1711371600
29.963,8,Mar 25 2024 14: +0,1711375200
26.983,6,Mar 25 2024 15: +0,1711378800
29.124,4,Mar 25 2024 16: +0,1711382400
29.524,9,Mar 25 2024 17: +0,1711386000
27.712,9,Mar 25 2024 18: +0,1711389600
27.991,12,Mar 25 2024 19: +0,1711393200
29.922,10,Mar 25 2024 20: +0,1711396800
30.281,10,Mar 25 2024 21: +0,1711400400
29.29,5,Mar 25 2024 22: +0,1711404000
29.092,7,Mar 25 2024 23: +0,1711407600
27.712,7,Mar 26 2024 00: +0,1711411200
28.338,5,Mar 26 2024 01: +0,1711414800
26.929,3,Mar 26 2024 02: +0,1711418400
27.697,4,Mar 26 2024 03: +0,1711422000
28.126,2,Mar 26 2024 04: +0,1711425600
27.119,10,Mar 26 2024 05: +0,1711429200
29.607,7,Mar 26 2024 06: +0,1711432800
28.649,2,Mar 26 2024 07: +0,1711436400
28.558,2,Mar 26 2024 08: +0,1711440000
29.478,1,Mar 26 2024 09: +0,1711443600
29.214,4,Mar 26 2024 10: +0,1711447200
29.491,2,Mar 26 2024 11: +0,1711450800
27.763,5,Mar 26 2024 12: +0,1711454400
27.499,2,Mar 26 2024 13: +0,1711458000
27.549,5,Mar 26 2024 14: +0,1711461600
27.429,6,Mar 26 2024 15: +0,1711465200
27.186,11,Mar 26 2024 16: +0,1711468800
28.102,10,Mar 26 2024 17: +0,1711472400
27.712,11,Mar 26 2024 18: +0,1711476000
28.741,8,Mar 26 2024 19: +0,1711479600
28.959,2,Mar 26 2024 20: +0,1711483200
27.01,7,Mar 26 2024 21: +0,1711486800
28.025,6,Mar 26 2024 22: +0,1711490400
28.472,4,Mar 26 2024 23: +0,1711494000
27.81,8,Mar 27 2024 00: +0,1711497600
27.194,5,Mar 27 2024 01: +0,1711501200
28.942,4,Mar 27 2024 02: +0,1711504800
26.361,3,Mar 27 2024 03: +0,1711508400
26.124,1,Mar 27 2024 04: +0,1711512000
26.983,4,Mar 27 2024 05: +0,1711515600
26.455,8,Mar 27 2024 06: +0,1711519200
26.361,9,Mar 27 2024 07: +0,1711522800
26.361,8,Mar 27 2024 08: +0,1711526400
27.319,3,Mar 27 2024 09: +0,1711530000
26.433,6,Mar 27 2024 10: +0,1711533600
28.039,1,Mar 27 2024 11: +0,1711537200
26.999,7,Mar 27 2024 12: +0,1711540800
26.459,7,Mar 27 2024 13: +0,1711544400
26.282,16,Mar 27 2024 14: +0,1711548000
26.859,11,Mar 27 2024 15: +0,1711551600
26.52,5,Mar 27 2024 16: +0,1711555200
26.572,18,Mar 27 2024 17: +0,1711558800
26.348,14,Mar 27 2024 18: +0,1711562400
27.212,17,Mar 27 2024 19: +0,1711566000
27.741,17,Mar 27 2024 20: +0,1711569600
27.724,10,Mar 27 2024 21: +0,1711573200
26.959,13,Mar 27 2024 22: +0,1711576800
29.357,12,Mar 27 2024 23: +0,1711580400
25.989,9,Mar 28 2024 00: +0,1711584000
25.646,8,Mar 28 2024 01: +0,1711587600
27.973,4,Mar 28 2024 02: +0,1711591200
29.14,1,Mar 28 2024 03: +0,1711594800
26.076,3,Mar 28 2024 04: +0,1711598400
26.12,4,Mar 28 2024 05: +0,1711602000
26.124,5,Mar 28 2024 06: +0,1711605600
26.94,2,Mar 28 2024 07: +0,1711609200
25.562,3,Mar 28 2024 08: +0,1711612800
26.273,3,Mar 28 2024 09: +0,1711616400
26.829,5,Mar 28 2024 10: +0,1711620000
26.176,10,Mar 28 2024 11: +0,1711623600
26.132,9,Mar 28 2024 12: +0,1711627200
26.566,8,Mar 28 2024 13: +0,1711630800
25.744,11,Mar 28 2024 14: +0,1711634400
26.292,13,Mar 28 2024 15: +0,1711638000
26.286,12,Mar 28 2024 16: +0,1711641600
26.013,11,Mar 28 2024 17: +0,1711645200
26.678,13,Mar 28 2024 18: +0,1711648800
27.083,14,Mar 28 2024 19: +0,1711652400
26.981,12,Mar 28 2024 20: +0,1711656000
26.718,15,Mar 28 2024 21: +0,1711659600
26.333,15,Mar 28 2024 22: +0,1711663200
26.195,9,Mar 28 2024 23: +0,1711666800
25.843,10,Mar 29 2024 00: +0,1711670400
25.492,8,Mar 29 2024 01: +0,1711674000
25.651,10,Mar 29 2024 02: +0,1711677600
24.952,4,Mar 29 2024 03: +0,1711681200
25.047,8,Mar 29 2024 04: +0,1711684800
25.126,1,Mar 29 2024 05: +0,1711688400
25.631,6,Mar 29 2024 06: +0,1711692000
25.601,5,Mar 29 2024 07: +0,1711695600
25.391,6,Mar 29 2024 08: +0,1711699200
25.924,15,Mar 29 2024 09: +0,1711702800
25.602,16,Mar 29 2024 10: +0,1711706400
25.237,14,Mar 29 2024 11: +0,1711710000
25.487,10,Mar 29 2024 12: +0,1711713600
25.38,17,Mar 29 2024 13: +0,1711717200
25.342,12,Mar 29 2024 14: +0,1711720800
25.487,15,Mar 29 2024 15: +0,1711724400
25.498,17,Mar 29 2024 16: +0,1711728000
25.442,19,Mar 29 2024 17: +0,1711731600
25.409,20,Mar 29 2024 18: +0,1711735200
25.582,16,Mar 29 2024 19: +0,1711738800
25.324,18,Mar 29 2024 20: +0,1711742400
26.117,17,Mar 29 2024 21: +0,1711746000
25.491,13,Mar 29 2024 22: +0,1711749600
25.522,13,Mar 29 2024 23: +0,1711753200
26.533,8,Mar 30 2024 00: +0,1711756800
25.414,16,Mar 30 2024 01: +0,1711760400
26.528,11,Mar 30 2024 02: +0,1711764000
25.578,6,Mar 30 2024 03: +0,1711767600
25.411,11,Mar 30 2024 04: +0,1711771200
25.403,10,Mar 30 2024 05: +0,1711774800
25.336,5,Mar 30 2024 06: +0,1711778400
23.858,3,Mar 30 2024 07: +0,1711782000
24.161,6,Mar 30 2024 08: +0,1711785600
24.374,4,Mar 30 2024 09: +0,1711789200
24.523,9,Mar 30 2024 10: +0,1711792800
24.715,7,Mar 30 2024 11: +0,1711796400
24.643,11,Mar 30 2024 12: +0,1711800000
25.108,10,Mar 30 2024 13: +0,1711803600
24.177,10,Mar 30 2024 14: +0,1711807200
25.095,6,Mar 30 2024 15: +0,1711810800
24.35,10,Mar 30 2024 16: +0,1711814400
24.24,10,Mar 30 2024 17: +0,1711818000
24.846,14,Mar 30 2024 18: +0,1711821600
24.873,14,Mar 30 2024 19: +0,1711825200
25.161,12,Mar 30 2024 20: +0,1711828800
25.204,14,Mar 30 2024 21: +0,1711832400
24.741,7,Mar 30 2024 22: +0,1711836000
25.068,14,Mar 30 2024 23: +0,1711839600
24.884,10,Mar 31 2024 00: +0,1711843200
25.347,6,Mar 31 2024 01: +0,1711846800
24.319,9,Mar 31 2024 02: +0,1711846800
24.491,13,Mar 31 2024 03: +0,1711850400
24.31,7,Mar 31 2024 04: +0,1711854000
25.255,9,Mar 31 2024 05: +0,1711857600
25.176,3,Mar 31 2024 06: +0,1711861200
23.675,1,Mar 31 2024 07: +0,1711864800
24.879,7,Mar 31 2024 08: +0,1711868400
24.871,18,Mar 31 2024 09: +0,1711872000
24.702,10,Mar 31 2024 10: +0,1711875600
24.675,14,Mar 31 2024 11: +0,1711879200
24.295,10,Mar 31 2024 12: +0,1711882800
24.159,8,Mar 31 2024 13: +0,1711886400
26.025,26,Mar 31 2024 14: +0,1711890000
27.057,8,Mar 31 2024 15: +0,1711893600
24.067,9,Mar 31 2024 16: +0,1711897200
25.406,14,Mar 31 2024 17: +0,1711900800
23.87,6,Mar 31 2024 18: +0,1711904400
24.636,9,Mar 31 2024 19: +0,1711908000
25.253,13,Mar 31 2024 20: +0,1711911600
24.485,9,Mar 31 2024 21: +0,1711915200
25.956,10,Mar 31 2024 22: +0,1711918800
27.506,10,Mar 31 2024 23: +0,1711922400
25.436,10,Apr 01 2024 00: +0,1711926000
24.797,10,Apr 01 2024 01: +0,1711929600
24.398,8,Apr 01 2024 02: +0,1711933200
26.262,8,Apr 01 2024 03: +0,1711936800
24.461,5,Apr 01 2024 04: +0,1711940400
24.733,6,Apr 01 2024 05: +0,1711944000
25.417,4,Apr 01 2024 06: +0,1711947600
25.96,7,Apr 01 2024 07: +0,1711951200
25.704,7,Apr 01 2024 08: +0,1711954800
25.509,6,Apr 01 2024 09: +0,1711958400
25.76,4,Apr 01 2024 10: +0,1711962000
25.132,7,Apr 01 2024 11: +0,1711965600
25.407,8,Apr 01 2024 12: +0,1711969200
26.403,7,Apr 01 2024 13: +0,1711972800
26.961,4,Apr 01 2024 14: +0,1711976400
26.58,9,Apr 01 2024 15: +0,1711980000
26.391,10,Apr 01 2024 16: +0,1711983600
26.701,12,Apr 01 2024 17: +0,1711987200
26.709,9,Apr 01 2024 18: +0,1711990800
26.247,9,Apr 01 2024 19: +0,1711994400
25.5,13,Apr 01 2024 20: +0,1711998000
27.136,10,Apr 01 2024 21: +0,1712001600
26.039,11,Apr 01 2024 22: +0,1712005200
27.555,9,Apr 01 2024 23: +0,1712008800
26.946,2,Apr 02 2024 00: +0,1712012400
26.039,5,Apr 02 2024 01: +0,1712016000
26.621,4,Apr 02 2024 02: +0,1712019600
25.132,5,Apr 02 2024 03: +0,1712023200
26.284,7,Apr 02 2024 04: +0,1712026800
24.789,4,Apr 02 2024 05: +0,1712030400
26.315,6,Apr 02 2024 06: +0,1712034000
25.148,3,Apr 02 2024 07: +0,1712037600
25.171,8,Apr 02 2024 08: +0,1712041200
25.171,5,Apr 02 2024 09: +0,1712044800
25.648,6,Apr 02 2024 10: +0,1712048400
26.315,7,Apr 02 2024 11: +0,1712052000
26.818,6,Apr 02 2024 12: +0,1712055600
26.828,7,Apr 02 2024 13: +0,1712059200
25.647,9,Apr 02 2024 14: +0,1712062800
25.617,10,Apr 02 2024 15: +0,1712066400
25.952,9,Apr 02 2024 16: +0,1712070000
27.194,15,Apr 02 2024 17: +0,1712073600
26.482,17,Apr 02 2024 18: +0,1712077200
26.161,14,Apr 02 2024 19: +0,1712080800
25.765,10,Apr 02 2024 20: +0,1712084400
26.268,14,Apr 02 2024 21: +0,1712088000
25.463,13,Apr 02 2024 22: +0,1712091600
26.873,6,Apr 02 2024 23: +0,1712095200
25.645,5,Apr 03 2024 00: +0,1712098800
25.479,3,Apr 03 2024 01: +0,1712102400
25.522,6,Apr 03 2024 02: +0,1712106000
25.362,6,Apr 03 2024 03: +0,1712109600
25.479,13,Apr 03 2024 04: +0,1712113200
25.539,6,Apr 03 2024 05: +0,1712116800
26.304,6,Apr 03 2024 06: +0,1712120400
25.526,1,Apr 03 2024 07: +0,1712124000
25.55,3,Apr 03 2024 08: +0,1712127600
26.043,5,Apr 03 2024 09: +0,1712131200
26.008,9,Apr 03 2024 10: +0,1712134800
26.083,6,Apr 03 2024 11: +0,1712138400
25.736,6,Apr 03 2024 12: +0,1712142000
25.63,8,Apr 03 2024 13: +0,1712145600
25.672,10,Apr 03 2024 14: +0,1712149200
26.136,9,Apr 03 2024 15: +0,1712152800
25.566,11,Apr 03 2024 16: +0,1712156400
26.179,21,Apr 03 2024 17: +0,1712160000
26.098,14,Apr 03 2024 18: +0,1712163600
26.108,8,Apr 03 2024 19: +0,1712167200
26.085,13,Apr 03 2024 20: +0,1712170800
26.039,22,Apr 03 2024 21: +0,1712174400
26.039,11,Apr 03 2024 22: +0,1712178000
27.123,1,Apr 03 2024 23: +0,1712181600
25.511,12,Apr 04 2024 00: +0,1712185200
26.777,5,Apr 04 2024 01: +0,1712188800
26.828,6,Apr 04 2024 02: +0,1712192400
26.828,11,Apr 04 2024 03: +0,1712196000
27.018,6,Apr 04 2024 04: +0,1712199600
26.17,4,Apr 04 2024 05: +0,1712203200
27.302,2,Apr 04 2024 06: +0,1712206800
25.931,4,Apr 04 2024 07: +0,1712210400
26.315,9,Apr 04 2024 08: +0,1712214000
26.043,7,Apr 04 2024 09: +0,1712217600
27.618,7,Apr 04 2024 10: +0,1712221200
28.219,4,Apr 04 2024 11: +0,1712224800
26.122,10,Apr 04 2024 12: +0,1712228400
28.157,6,Apr 04 2024 13: +0,1712232000
26.45,6,Apr 04 2024 14: +0,1712235600
27.43,4,Apr 04 2024 15: +0,1712239200
26.424,11,Apr 04 2024 16: +0,1712242800
26.819,15,Apr 04 2024 17: +0,1712246400
26.152,14,Apr 04 2024 18: +0,1712250000
26.986,8,Apr 04 2024 19: +0,1712253600
27.151,15,Apr 04 2024 20: +0,1712257200
27.023,7,Apr 04 2024 21: +0,1712260800
26.919,14,Apr 04 2024 22: +0,1712264400
26.244,7,Apr 04 2024 23: +0,1712268000
26.063,8,Apr 05 2024 00: +0,1712271600
26.0,9,Apr 05 2024 01: +0,1712275200
27.03,4,Apr 05 2024 02: +0,1712278800
26.321,7,Apr 05 2024 03: +0,1712282400
27.032,4,Apr 05 2024 04: +0,1712286000
26.139,4,Apr 05 2024 05: +0,1712289600
26.233,8,Apr 05 2024 06: +0,1712293200
26.087,5,Apr 05 2024 07: +0,1712296800
25.795,2,Apr 05 2024 08: +0,1712300400
26.11,4,Apr 05 2024 09: +0,1712304000
26.063,6,Apr 05 2024 10: +0,1712307600
26.951,10,Apr 05 2024 11: +0,1712311200
26.337,8,Apr 05 2024 12: +0,1712314800
26.373,9,Apr 05 2024 13: +0,1712318400
27.223,7,Apr 05 2024 14: +0,1712322000
26.071,10,Apr 05 2024 15: +0,1712325600
26.083,8,Apr 05 2024 16: +0,1712329200
26.586,17,Apr 05 2024 17: +0,1712332800
26.26,13,Apr 05 2024 18: +0,1712336400
26.805,18,Apr 05 2024 19: +0,1712340000
28.806,11,Apr 05 2024 20: +0,1712343600
28.103,8,Apr 05 2024 21: +0,1712347200
27.615,6,Apr 05 2024 22: +0,1712350800
27.296,9,Apr 05 2024 23: +0,1712354400
26.712,5,Apr 06 2024 00: +0,1712358000
26.825,9,Apr 06 2024 01: +0,1712361600
26.729,8,Apr 06 2024 02: +0,1712365200
27.499,4,Apr 06 2024 03: +0,1712368800
26.76,7,Apr 06 2024 04: +0,1712372400
27.261,10,Apr 06 2024 05: +0,1712376000
28.114,5,Apr 06 2024 06: +0,1712379600
27.914,6,Apr 06 2024 07: +0,1712383200
28.604,5,Apr 06 2024 08: +0,1712386800
26.76,1,Apr 06 2024 09: +0,1712390400
28.391,5,Apr 06 2024 10: +0,1712394000
26.143,8,Apr 06 2024 11: +0,1712397600
27.833,8,Apr 06 2024 12: +0,1712401200
28.63,6,Apr 06 2024 13: +0,1712404800
26.957,7,Apr 06 2024 14: +0,1712408400
27.709,10,Apr 06 2024 15: +0,1712412000
26.913,3,Apr 06 2024 16: +0,1712415600
26.893,10,Apr 06 2024 17: +0,1712419200
26.871,13,Apr 06 2024 18: +0,1712422800
27.306,11,Apr 06 2024 19: +0,1712426400
27.741,20,Apr 06 2024 20: +0,1712430000
27.712,11,Apr 06 2024 21: +0,1712433600
27.745,13,Apr 06 2024 22: +0,1712437200
27.708,11,Apr 06 2024 23: +0,1712440800
26.905,9,Apr 07 2024 00: +0,1712444400
27.036,7,Apr 07 2024 01: +0,1712448000
26.792,11,Apr 07 2024 02: +0,1712451600
26.905,5,Apr 07 2024 03: +0,1712455200
26.816,5,Apr 07 2024 04: +0,1712458800
27.162,7,Apr 07 2024 05: +0,1712462400
27.515,2,Apr 07 2024 06: +0,1712466000
27.371,4,Apr 07 2024 07: +0,1712469600
27.053,6,Apr 07 2024 08: +0,1712473200
26.905,9,Apr 07 2024 09: +0,1712476800
26.76,5,Apr 07 2024 10: +0,1712480400
26.871,5,Apr 07 2024 11: +0,1712484000
26.878,12,Apr 07 2024 12: +0,1712487600
27.056,7,Apr 07 2024 13: +0,1712491200
26.935,10,Apr 07 2024 14: +0,1712494800
26.895,16,Apr 07 2024 15: +0,1712498400
27.063,8,Apr 07 2024 16: +0,1712502000
26.792,11,Apr 07 2024 17: +0,1712505600
27.699,13,Apr 07 2024 18: +0,1712509200
27.963,12,Apr 07 2024 19: +0,1712512800
26.871,7,Apr 07 2024 20: +0,1712516400
28.825,12,Apr 07 2024 21: +0,1712520000
26.969,9,Apr 07 2024 22: +0,1712523600
28.113,8,Apr 07 2024 23: +0,1712527200
29.066,4,Apr 08 2024 00: +0,1712530800
29.304,1,Apr 08 2024 01: +0,1712534400
29.186,5,Apr 08 2024 02: +0,1712538000
28.84,5,Apr 08 2024 03: +0,1712541600
26.901,2,Apr 08 2024 04: +0,1712545200
26.849,3,Apr 08 2024 05: +0,1712548800
26.463,5,Apr 08 2024 06: +0,1712552400
27.772,2,Apr 08 2024 07: +0,1712556000
26.905,3,Apr 08 2024 08: +0,1712559600
27.677,5,Apr 08 2024 09: +0,1712563200
27.033,1,Apr 08 2024 10: +0,1712566800
26.921,6,Apr 08 2024 11: +0,1712570400
27.227,5,Apr 08 2024 12: +0,1712574000
27.113,6,Apr 08 2024 13: +0,1712577600
27.391,3,Apr 08 2024 14: +0,1712581200
27.27,7,Apr 08 2024 15: +0,1712584800
27.546,8,Apr 08 2024 16: +0,1712588400
27.373,16,Apr 08 2024 17: +0,1712592000
27.28,5,Apr 08 2024 18: +0,1712595600
27.157,15,Apr 08 2024 19: +0,1712599200
27.308,5,Apr 08 2024 20: +0,1712602800
27.226,10,Apr 08 2024 21: +0,1712606400
26.877,8,Apr 08 2024 22: +0,1712610000
27.113,13,Apr 08 2024 23: +0,1712613600
27.217,8,Apr 09 2024 00: +0,1712617200
26.885,8,Apr 09 2024 01: +0,1712620800
27.306,9,Apr 09 2024 02: +0,1712624400
27.505,7,Apr 09 2024 03: +0,1712628000
26.973,6,Apr 09 2024 04: +0,1712631600
27.708,11,Apr 09 2024 05: +0,1712635200
27.72,4,Apr 09 2024 06: +0,1712638800
27.652,9,Apr 09 2024 07: +0,1712642400
28.514,3,Apr 09 2024 08: +0,1712646000
27.931,5,Apr 09 2024 09: +0,1712649600
28.323,1,Apr 09 2024 10: +0,1712653200
28.548,3,Apr 09 2024 11: +0,1712656800
28.072,3,Apr 09 2024 12: +0,1712660400
27.652,5,Apr 09 2024 13: +0,1712664000
28.524,5,Apr 09 2024 14: +0,1712667600
27.584,6,Apr 09 2024 15: +0,1712671200
27.876,11,Apr 09 2024 16: +0,1712674800
27.628,15,Apr 09 2024 17: +0,1712678400
27.661,18,Apr 09 2024 18: +0,1712682000
27.681,10,Apr 09 2024 19: +0,1712685600
27.418,9,Apr 09 2024 20: +0,1712689200
27.927,8,Apr 09 2024 21: +0,1712692800
28.378,7,Apr 09 2024 22: +0,1712696400
28.298,14,Apr 09 2024 23: +0,1712700000
28.982,12,Apr 10 2024 00: +0,1712703600
28.271,5,Apr 10 2024 01: +0,1712707200
28.318,9,Apr 10 2024 02: +0,1712710800
28.834,10,Apr 10 2024 03: +0,1712714400
28.617,6,Apr 10 2024 04: +0,1712718000
27.886,2,Apr 10 2024 05: +0,1712721600
27.501,6,Apr 10 2024 06: +0,1712725200
28.063,9,Apr 10 2024 07: +0,1712728800
29.547,3,Apr 10 2024 08: +0,1712732400
27.925,5,Apr 10 2024 09: +0,1712736000
28.212,2,Apr 10 2024 10: +0,1712739600
27.909,3,Apr 10 2024 11: +0,1712743200
27.074,2,Apr 10 2024 12: +0,1712746800
27.989,7,Apr 10 2024 13: +0,1712750400
28.055,8,Apr 10 2024 14: +0,1712754000
28.256,19,Apr 10 2024 15: +0,1712757600
28.053,19,Apr 10 2024 16: +0,1712761200
27.965,13,Apr 10 2024 17: +0,1712764800
28.11,16,Apr 10 2024 18: +0,1712768400
28.166,12,Apr 10 2024 19: +0,1712772000
28.275,13,Apr 10 2024 20: +0,1712775600
28.19,17,Apr 10 2024 21: +0,1712779200
28.351,11,Apr 10 2024 22: +0,1712782800
27.812,11,Apr 10 2024 23: +0,1712786400
27.676,6,Apr 11 2024 00: +0,1712790000
27.431,8,Apr 11 2024 01: +0,1712793600
27.701,14,Apr 11 2024 02: +0,1712797200
29.356,6,Apr 11 2024 03: +0,1712800800
28.936,5,Apr 11 2024 04: +0,1712804400
27.74,3,Apr 11 2024 05: +0,1712808000
29.129,3,Apr 11 2024 06: +0,1712811600
28.72,2,Apr 11 2024 07: +0,1712815200
28.913,3,Apr 11 2024 08: +0,1712818800
28.114,5,Apr 11 2024 09: +0,1712822400
27.716,9,Apr 11 2024 10: +0,1712826000
28.044,8,Apr 11 2024 11: +0,1712829600
27.546,6,Apr 11 2024 12: +0,1712833200
28.5,8,Apr 11 2024 13: +0,1712836800
28.409,8,Apr 11 2024 14: +0,1712840400
28.053,15,Apr 11 2024 15: +0,1712844000
28.021,7,Apr 11 2024 16: +0,1712847600
27.644,9,Apr 11 2024 17: +0,1712851200
27.403,8,Apr 11 2024 18: +0,1712854800
28.178,11,Apr 11 2024 19: +0,1712858400
28.567,4,Apr 11 2024 20: +0,1712862000
28.053,15,Apr 11 2024 21: +0,1712865600
28.053,8,Apr 11 2024 22: +0,1712869200
27.788,14,Apr 11 2024 23: +0,1712872800
27.869,8,Apr 12 2024 00: +0,1712876400
27.812,13,Apr 12 2024 01: +0,1712880000
27.684,8,Apr 12 2024 02: +0,1712883600
28.11,5,Apr 12 2024 03: +0,1712887200
27.708,5,Apr 12 2024 04: +0,1712890800
27.763,4,Apr 12 2024 05: +0,1712894400
27.74,7,Apr 12 2024 06: +0,1712898000
27.354,6,Apr 12 2024 07: +0,1712901600
27.74,5,Apr 12 2024 08: +0,1712905200
27.74,5,Apr 12 2024 09: +0,1712908800
27.722,7,Apr 12 2024 10: +0,1712912400
27.74,5,Apr 12 2024 11: +0,1712916000
27.74,9,Apr 12 2024 12: +0,1712919600
27.954,10,Apr 12 2024 13: +0,1712923200
27.258,8,Apr 12 2024 14: +0,1712926800
26.825,9,Apr 12 2024 15: +0,1712930400
27.296,10,Apr 12 2024 16: +0,1712934000
27.352,14,Apr 12 2024 17: +0,1712937600
27.226,12,Apr 12 2024 18: +0,1712941200
27.228,10,Apr 12 2024 19: +0,1712944800
27.36,11,Apr 12 2024 20: +0,1712948400
27.021,16,Apr 12 2024 21: +0,1712952000
27.377,13,Apr 12 2024 22: +0,1712955600
27.319,7,Apr 12 2024 23: +0,1712959200
27.368,12,Apr 13 2024 00: +0,1712962800
27.001,13,Apr 13 2024 01: +0,1712966400
27.3,9,Apr 13 2024 02: +0,1712970000
27.234,10,Apr 13 2024 03: +0,1712973600
26.624,11,Apr 13 2024 04: +0,1712977200
27.162,11,Apr 13 2024 05: +0,1712980800
27.708,3,Apr 13 2024 06: +0,1712984400
26.712,9,Apr 13 2024 07: +0,1712988000
27.31,5,Apr 13 2024 08: +0,1712991600
27.503,6,Apr 13 2024 09: +0,1712995200
27.772,2,Apr 13 2024 10: +0,1712998800
27.434,9,Apr 13 2024 11: +0,1713002400
28.704,9,Apr 13 2024 12: +0,1713006000
27.313,13,Apr 13 2024 13: +0,1713009600
26.535,10,Apr 13 2024 14: +0,1713013200
27.396,10,Apr 13 2024 15: +0,1713016800
27.078,9,Apr 13 2024 16: +0,1713020400
27.003,11,Apr 13 2024 17: +0,1713024000
26.913,12,Apr 13 2024 18: +0,1713027600
26.415,9,Apr 13 2024 19: +0,1713031200
26.913,13,Apr 13 2024 20: +0,1713034800
26.507,6,Apr 13 2024 21: +0,1713038400
27.125,9,Apr 13 2024 22: +0,1713042000
25.861,9,Apr 13 2024 23: +0,1713045600
26.415,7,Apr 14 2024 00: +0,1713049200
26.552,9,Apr 14 2024 01: +0,1713052800
26.415,7,Apr 14 2024 02: +0,1713056400
27.29,5,Apr 14 2024 03: +0,1713060000
26.552,3,Apr 14 2024 04: +0,1713063600
26.993,5,Apr 14 2024 05: +0,1713067200
26.552,3,Apr 14 2024 06: +0,1713070800
26.808,7,Apr 14 2024 08: +0,1713078000
26.905,7,Apr 14 2024 09: +0,1713081600
26.535,3,Apr 14 2024 10: +0,1713085200
26.37,8,Apr 14 2024 11: +0,1713088800
25.862,6,Apr 14 2024 12: +0,1713092400
27.309,7,Apr 14 2024 13: +0,1713096000
26.914,12,Apr 14 2024 14: +0,1713099600
26.099,12,Apr 14 2024 15: +0,1713103200
25.896,8,Apr 14 2024 16: +0,1713106800
26.479,7,Apr 14 2024 17: +0,1713110400
26.124,3,Apr 14 2024 18: +0,1713114000
26.166,13,Apr 14 2024 19: +0,1713117600
25.724,8,Apr 14 2024 20: +0,1713121200
25.894,12,Apr 14 2024 21: +0,1713124800
25.789,7,Apr 14 2024 22: +0,1713128400
26.362,3,Apr 14 2024 23: +0,1713132000
26.766,6,Apr 15 2024 00: +0,1713135600
26.686,6,Apr 15 2024 01: +0,1713139200
27.628,7,Apr 15 2024 02: +0,1713142800
25.93,8,Apr 15 2024 03: +0,1713146400
26.005,7,Apr 15 2024 04: +0,1713150000
26.475,2,Apr 15 2024 05: +0,1713153600
25.973,4,Apr 15 2024 06: +0,1713157200
26.042,5,Apr 15 2024 07: +0,1713160800
25.985,2,Apr 15 2024 08: +0,1713164400
26.542,4,Apr 15 2024 09: +0,1713168000
26.916,3,Apr 15 2024 10: +0,1713171600
27.221,6,Apr 15 2024 11: +0,1713175200
25.604,5,Apr 15 2024 12: +0,1713178800
26.404,11,Apr 15 2024 13: +0,1713182400
25.712,10,Apr 15 2024 14: +0,1713186000
25.716,9,Apr 15 2024 15: +0,1713189600
25.724,13,Apr 15 2024 16: +0,1713193200
25.708,13,Apr 15 2024 17: +0,1713196800
26.312,8,Apr 15 2024 18: +0,1713200400
26.34,7,Apr 15 2024 19: +0,1713204000
26.125,12,Apr 15 2024 20: +0,1713207600
26.375,13,Apr 15 2024 21: +0,1713211200
26.673,6,Apr 15 2024 22: +0,1713214800
25.628,5,Apr 15 2024 23: +0,1713218400
25.533,6,Apr 16 2024 00: +0,1713222000
24.276,2,Apr 16 2024 01: +0,1713225600
25.047,10,Apr 16 2024 02: +0,1713229200
25.605,5,Apr 16 2024 03: +0,1713232800
24.459,4,Apr 16 2024 04: +0,1713236400
24.335,6,Apr 16 2024 05: +0,1713240000
24.937,5,Apr 16 2024 06: +0,1713243600
24.932,5,Apr 16 2024 07: +0,1713247200
24.528,3,Apr 16 2024 08: +0,1713250800
24.568,9,Apr 16 2024 09: +0,1713254400
24.576,6,Apr 16 2024 10: +0,1713258000
24.56,6,Apr 16 2024 11: +0,1713261600
24.576,9,Apr 16 2024 12: +0,1713265200
25.257,1,Apr 16 2024 13: +0,1713268800
25.625,3,Apr 16 2024 14: +0,1713272400
24.347,8,Apr 16 2024 15: +0,1713276000
24.572,10,Apr 16 2024 16: +0,1713279600
24.576,12,Apr 16 2024 17: +0,1713283200
24.666,8,Apr 16 2024 18: +0,1713286800
24.905,9,Apr 16 2024 19: +0,1713290400
24.531,9,Apr 16 2024 20: +0,1713294000
24.907,13,Apr 16 2024 21: +0,1713297600
24.789,4,Apr 16 2024 22: +0,1713301200
24.703,5,Apr 16 2024 23: +0,1713304800
24.904,9,Apr 17 2024 00: +0,1713308400
24.7,2,Apr 17 2024 01: +0,1713312000
24.247,7,Apr 17 2024 02: +0,1713315600
24.086,3,Apr 17 2024 03: +0,1713319200
24.014,5,Apr 17 2024 04: +0,1713322800
24.793,5,Apr 17 2024 05: +0,1713326400
24.391,7,Apr 17 2024 06: +0,1713330000
24.576,5,Apr 17 2024 07: +0,1713333600
23.933,3,Apr 17 2024 08: +0,1713337200
24.415,5,Apr 17 2024 09: +0,1713340800
24.415,9,Apr 17 2024 10: +0,1713344400
24.391,7,Apr 17 2024 11: +0,1713348000
24.371,6,Apr 17 2024 12: +0,1713351600
24.659,6,Apr 17 2024 13: +0,1713355200
24.166,8,Apr 17 2024 14: +0,1713358800
24.773,4,Apr 17 2024 15: +0,1713362400
24.61,14,Apr 17 2024 16: +0,1713366000
24.841,5,Apr 17 2024 17: +0,1713369600
24.447,15,Apr 17 2024 18: +0,1713373200
23.65,12,Apr 17 2024 19: +0,1713376800
23.194,7,Apr 17 2024 20: +0,1713380400
23.352,8,Apr 17 2024 21: +0,1713384000
23.376,7,Apr 17 2024 22: +0,1713387600
23.347,11,Apr 17 2024 23: +0,1713391200
23.993,6,Apr 18 2024 00: +0,1713394800
23.345,6,Apr 18 2024 01: +0,1713398400
24.04,9,Apr 18 2024 02: +0,1713402000
23.319,6,Apr 18 2024 03: +0,1713405600
24.633,5,Apr 18 2024 04: +0,1713409200
23.7,4,Apr 18 2024 05: +0,1713412800
23.837,5,Apr 18 2024 06: +0,1713416400
24.402,2,Apr 18 2024 07: +0,1713420000
23.363,3,Apr 18 2024 08: +0,1713423600
24.107,6,Apr 18 2024 09: +0,1713427200
24.155,2,Apr 18 2024 10: +0,1713430800
24.218,4,Apr 18 2024 11: +0,1713434400
22.881,7,Apr 18 2024 12: +0,1713438000
22.889,6,Apr 18 2024 13: +0,1713441600
23.05,7,Apr 18 2024 14: +0,1713445200
23.629,8,Apr 18 2024 15: +0,1713448800
23.691,10,Apr 18 2024 16: +0,1713452400
22.849,17,Apr 18 2024 17: +0,1713456000
23.272,14,Apr 18 2024 18: +0,1713459600
23.038,14,Apr 18 2024 19: +0,1713463200
22.929,11,Apr 18 2024 20: +0,1713466800
23.135,8,Apr 18 2024 21: +0,1713470400
22.916,14,Apr 18 2024 22: +0,1713474000
23.744,8,Apr 18 2024 23: +0,1713477600
23.089,6,Apr 19 2024 00: +0,1713481200
22.078,8,Apr 19 2024 01: +0,1713484800
22.323,6,Apr 19 2024 02: +0,1713488400
22.086,5,Apr 19 2024 03: +0,1713492000
22.17,8,Apr 19 2024 04: +0,1713495600
22.407,3,Apr 19 2024 05: +0,1713499200
22.407,6,Apr 19 2024 06: +0,1713502800
21.831,10,Apr 19 2024 07: +0,1713506400
21.892,5,Apr 19 2024 08: +0,1713510000
22.033,12,Apr 19 2024 09: +0,1713513600
21.948,14,Apr 19 2024 10: +0,1713517200
21.906,7,Apr 19 2024 11: +0,1713520800
22.127,6,Apr 19 2024 12: +0,1713524400
21.66,9,Apr 19 2024 13: +0,1713528000
21.725,9,Apr 19 2024 14: +0,1713531600
21.725,17,Apr 19 2024 15: +0,1713535200
21.935,9,Apr 19 2024 16: +0,1713538800
21.652,20,Apr 19 2024 17: +0,1713542400
21.136,13,Apr 19 2024 18: +0,1713546000
21.27,16,Apr 19 2024 19: +0,1713549600
21.315,12,Apr 19 2024 20: +0,1713553200
21.03,10,Apr 19 2024 21: +0,1713556800
20.986,14,Apr 19 2024 22: +0,1713560400
21.915,12,Apr 19 2024 23: +0,1713564000
21.106,5,Apr 20 2024 00: +0,1713567600
21.3,8,Apr 20 2024 01: +0,1713571200
21.002,9,Apr 20 2024 02: +0,1713574800
21.441,10,Apr 20 2024 03: +0,1713578400
20.881,6,Apr 20 2024 04: +0,1713582000
20.881,5,Apr 20 2024 05: +0,1713585600
20.601,6,Apr 20 2024 06: +0,1713589200
21.614,2,Apr 20 2024 07: +0,1713592800
20.633,9,Apr 20 2024 08: +0,1713596400
20.829,13,Apr 20 2024 09: +0,1713600000
20.576,11,Apr 20 2024 10: +0,1713603600
21.275,5,Apr 20 2024 11: +0,1713607200
20.908,11,Apr 20 2024 12: +0,1713610800
21.514,5,Apr 20 2024 13: +0,1713614400
21.081,16,Apr 20 2024 14: +0,1713618000
20.99,10,Apr 20 2024 15: +0,1713621600
20.657,9,Apr 20 2024 16: +0,1713625200
21.514,14,Apr 20 2024 17: +0,1713628800
21.686,7,Apr 20 2024 18: +0,1713632400
21.573,10,Apr 20 2024 19: +0,1713636000
22.166,9,Apr 20 2024 20: +0,1713639600
21.694,8,Apr 20 2024 21: +0,1713643200
20.975,7,Apr 20 2024 22: +0,1713646800
20.715,4,Apr 20 2024 23: +0,1713650400
20.878,7,Apr 21 2024 00: +0,1713654000
20.367,10,Apr 21 2024 01: +0,1713657600
20.626,6,Apr 21 2024 02: +0,1713661200
20.432,3,Apr 21 2024 03: +0,1713664800
20.319,5,Apr 21 2024 04: +0,1713668400
20.444,6,Apr 21 2024 05: +0,1713672000
20.821,4,Apr 21 2024 06: +0,1713675600
20.841,5,Apr 21 2024 07: +0,1713679200
20.44,5,Apr 21 2024 08: +0,1713682800
20.552,11,Apr 21 2024 09: +0,1713686400
19.889,10,Apr 21 2024 10: +0,1713690000
19.639,5,Apr 21 2024 11: +0,1713693600
19.634,13,Apr 21 2024 12: +0,1713697200
19.542,4,Apr 21 2024 13: +0,1713700800
19.708,14,Apr 21 2024 14: +0,1713704400
20.664,8,Apr 21 2024 15: +0,1713708000
20.47,14,Apr 21 2024 16: +0,1713711600
19.307,14,Apr 21 2024 17: +0,1713715200
20.675,15,Apr 21 2024 18: +0,1713718800
19.571,15,Apr 21 2024 19: +0,1713722400
19.562,13,Apr 21 2024 20: +0,1713726000
20.182,14,Apr 21 2024 21: +0,1713729600
20.592,13,Apr 21 2024 22: +0,1713733200
20.194,7,Apr 21 2024 23: +0,1713736800
19.704,4,Apr 22 2024 00: +0,1713740400
20.292,3,Apr 22 2024 01: +0,1713744000
20.441,10,Apr 22 2024 02: +0,1713747600
19.621,12,Apr 22 2024 03: +0,1713751200
20.32,8,Apr 22 2024 04: +0,1713754800
19.862,4,Apr 22 2024 05: +0,1713758400
20.507,6,Apr 22 2024 06: +0,1713762000
19.685,5,Apr 22 2024 07: +0,1713765600
20.441,6,Apr 22 2024 08: +0,1713769200
20.839,6,Apr 22 2024 09: +0,1713772800
20.052,9,Apr 22 2024 10: +0,1713776400
19.957,8,Apr 22 2024 11: +0,1713780000
20.479,4,Apr 22 2024 12: +0,1713783600
19.709,5,Apr 22 2024 13: +0,1713787200
19.717,9,Apr 22 2024 14: +0,1713790800
19.818,16,Apr 22 2024 15: +0,1713794400
20.408,14,Apr 22 2024 16: +0,1713798000
20.495,14,Apr 22 2024 17: +0,1713801600
20.524,9,Apr 22 2024 18: +0,1713805200
21.392,11,Apr 22 2024 19: +0,1713808800
20.194,10,Apr 22 2024 20: +0,1713812400
20.128,9,Apr 22 2024 21: +0,1713816000
19.957,7,Apr 22 2024 22: +0,1713819600
20.803,5,Apr 22 2024 23: +0,1713823200
20.913,9,Apr 23 2024 00: +0,1713826800
19.853,8,Apr 23 2024 01: +0,1713830400
21.161,7,Apr 23 2024 02: +0,1713834000
21.113,5,Apr 23 2024 03: +0,1713837600
19.877,3,Apr 23 2024 04: +0,1713841200
20.196,7,Apr 23 2024 05: +0,1713844800
20.389,6,Apr 23 2024 06: +0,1713848400
21.17,4,Apr 23 2024 07: +0,1713852000
20.651,3,Apr 23 2024 08: +0,1713855600
20.639,6,Apr 23 2024 09: +0,1713859200
19.765,4,Apr 23 2024 10: +0,1713862800
20.842,4,Apr 23 2024 11: +0,1713866400
20.311,8,Apr 23 2024 12: +0,1713870000
19.881,10,Apr 23 2024 13: +0,1713873600
20.445,8,Apr 23 2024 14: +0,1713877200
20.384,10,Apr 23 2024 15: +0,1713880800
20.572,14,Apr 23 2024 16: +0,1713884400
19.795,10,Apr 23 2024 17: +0,1713888000
20.196,17,Apr 23 2024 18: +0,1713891600
19.933,17,Apr 23 2024 19: +0,1713895200
21.621,15,Apr 23 2024 20: +0,1713898800
19.877,7,Apr 23 2024 21: +0,1713902400
20.425,9,Apr 23 2024 22: +0,1713906000
20.216,2,Apr 23 2024 23: +0,1713909600
19.565,10,Apr 24 2024 00: +0,1713913200
20.475,4,Apr 24 2024 01: +0,1713916800
20.901,3,Apr 24 2024 02: +0,1713920400
19.525,7,Apr 24 2024 03: +0,1713924000
20.419,4,Apr 24 2024 04: +0,1713927600
19.537,6,Apr 24 2024 05: +0,1713931200
19.577,6,Apr 24 2024 06: +0,1713934800
19.957,2,Apr 24 2024 07: +0,1713938400
19.549,6,Apr 24 2024 08: +0,1713942000
20.728,4,Apr 24 2024 09: +0,1713945600
19.517,7,Apr 24 2024 10: +0,1713949200
20.023,5,Apr 24 2024 11: +0,1713952800
19.525,5,Apr 24 2024 12: +0,1713956400
20.245,9,Apr 24 2024 13: +0,1713960000
19.988,7,Apr 24 2024 14: +0,1713963600
19.791,10,Apr 24 2024 15: +0,1713967200
19.661,13,Apr 24 2024 16: +0,1713970800
20.359,15,Apr 24 2024 17: +0,1713974400
19.598,12,Apr 24 2024 18: +0,1713978000
19.557,15,Apr 24 2024 19: +0,1713981600
19.529,16,Apr 24 2024 20: +0,1713985200
19.675,11,Apr 24 2024 21: +0,1713988800
20.135,9,Apr 24 2024 22: +0,1713992400
19.478,9,Apr 24 2024 23: +0,1713996000
19.773,10,Apr 25 2024 00: +0,1713999600
19.474,8,Apr 25 2024 01: +0,1714003200
20.312,4,Apr 25 2024 02: +0,1714006800
19.366,8,Apr 25 2024 03: +0,1714010400
19.614,7,Apr 25 2024 04: +0,1714014000
19.382,8,Apr 25 2024 05: +0,1714017600
19.374,7,Apr 25 2024 06: +0,1714021200
19.07,7,Apr 25 2024 07: +0,1714024800
19.359,6,Apr 25 2024 08: +0,1714028400
19.479,9,Apr 25 2024 09: +0,1714032000
19.551,7,Apr 25 2024 10: +0,1714035600
19.498,4,Apr 25 2024 11: +0,1714039200
19.615,7,Apr 25 2024 12: +0,1714042800
19.438,9,Apr 25 2024 13: +0,1714046400
19.693,8,Apr 25 2024 14: +0,1714050000
19.711,14,Apr 25 2024 15: +0,1714053600
20.036,15,Apr 25 2024 16: +0,1714057200
19.549,16,Apr 25 2024 17: +0,1714060800
19.482,14,Apr 25 2024 18: +0,1714064400
19.431,18,Apr 25 2024 19: +0,1714068000
19.605,16,Apr 25 2024 20: +0,1714071600
19.366,9,Apr 25 2024 21: +0,1714075200
19.386,10,Apr 25 2024 22: +0,1714078800
19.334,11,Apr 25 2024 23: +0,1714082400
19.158,9,Apr 26 2024 00: +0,1714086000
19.334,10,Apr 26 2024 01: +0,1714089600
19.278,5,Apr 26 2024 02: +0,1714093200
19.483,6,Apr 26 2024 03: +0,1714096800
19.284,12,Apr 26 2024 04: +0,1714100400
19.015,8,Apr 26 2024 05: +0,1714104000
19.167,7,Apr 26 2024 06: +0,1714107600
19.123,5,Apr 26 2024 07: +0,1714111200
19.075,6,Apr 26 2024 08: +0,1714114800
18.539,11,Apr 26 2024 09: +0,1714118400
18.512,7,Apr 26 2024 10: +0,1714122000
18.848,8,Apr 26 2024 11: +0,1714125600
18.998,10,Apr 26 2024 12: +0,1714129200
19.046,14,Apr 26 2024 13: +0,1714132800
19.261,7,Apr 26 2024 14: +0,1714136400
18.98,13,Apr 26 2024 15: +0,1714140000
18.101,14,Apr 26 2024 16: +0,1714143600
18.272,13,Apr 26 2024 17: +0,1714147200
17.729,13,Apr 26 2024 18: +0,1714150800
17.666,17,Apr 26 2024 19: +0,1714154400
18.336,13,Apr 26 2024 20: +0,1714158000
17.326,18,Apr 26 2024 21: +0,1714161600
17.934,18,Apr 26 2024 22: +0,1714165200
17.897,13,Apr 26 2024 23: +0,1714168800
17.521,9,Apr 27 2024 00: +0,1714172400
17.073,8,Apr 27 2024 01: +0,1714176000
17.809,6,Apr 27 2024 02: +0,1714179600
17.857,13,Apr 27 2024 03: +0,1714183200
17.82,10,Apr 27 2024 04: +0,1714186800
17.462,4,Apr 27 2024 05: +0,1714190400
17.562,9,Apr 27 2024 06: +0,1714194000
18.856,4,Apr 27 2024 07: +0,1714197600
17.322,10,Apr 27 2024 08: +0,1714201200
17.924,8,Apr 27 2024 09: +0,1714204800
18.129,8,Apr 27 2024 10: +0,1714208400
18.563,16,Apr 27 2024 11: +0,1714212000
19.088,6,Apr 27 2024 12: +0,1714215600
18.56,11,Apr 27 2024 13: +0,1714219200
18.594,9,Apr 27 2024 14: +0,1714222800
19.483,7,Apr 27 2024 15: +0,1714226400
18.722,10,Apr 27 2024 16: +0,1714230000
19.857,12,Apr 27 2024 17: +0,1714233600
19.958,9,Apr 27 2024 18: +0,1714237200
19.947,10,Apr 27 2024 19: +0,1714240800
20.689,13,Apr 27 2024 20: +0,1714244400
21.701,8,Apr 27 2024 21: +0,1714248000
19.876,5,Apr 27 2024 22: +0,1714251600
18.663,5,Apr 27 2024 23: +0,1714255200
19.245,7,Apr 28 2024 00: +0,1714258800
20.928,4,Apr 28 2024 01: +0,1714262400
19.32,8,Apr 28 2024 02: +0,1714266000
18.915,10,Apr 28 2024 03: +0,1714269600
18.679,5,Apr 28 2024 04: +0,1714273200
19.957,7,Apr 28 2024 05: +0,1714276800
19.081,7,Apr 28 2024 06: +0,1714280400
18.679,8,Apr 28 2024 07: +0,1714284000
18.771,6,Apr 28 2024 08: +0,1714287600
18.844,1,Apr 28 2024 09: +0,1714291200
19.663,3,Apr 28 2024 10: +0,1714294800
19.654,9,Apr 28 2024 11: +0,1714298400
20.348,6,Apr 28 2024 12: +0,1714302000
19.654,11,Apr 28 2024 13: +0,1714305600
20.007,10,Apr 28 2024 14: +0,1714309200
19.653,9,Apr 28 2024 15: +0,1714312800
19.727,14,Apr 28 2024 16: +0,1714316400
19.665,10,Apr 28 2024 17: +0,1714320000
19.278,9,Apr 28 2024 18: +0,1714323600
20.184,18,Apr 28 2024 19: +0,1714327200
19.632,14,Apr 28 2024 20: +0,1714330800
19.649,8,Apr 28 2024 21: +0,1714334400
20.355,5,Apr 28 2024 22: +0,1714338000
19.654,9,Apr 28 2024 23: +0,1714341600
20.552,6,Apr 29 2024 00: +0,1714345200
19.957,9,Apr 29 2024 01: +0,1714348800
19.967,5,Apr 29 2024 02: +0,1714352400
19.154,6,Apr 29 2024 03: +0,1714356000
19.158,6,Apr 29 2024 04: +0,1714359600
19.478,7,Apr 29 2024 05: +0,1714363200
19.948,5,Apr 29 2024 06: +0,1714366800
19.423,5,Apr 29 2024 07: +0,1714370400
19.91,1,Apr 29 2024 08: +0,1714374000
19.654,3,Apr 29 2024 09: +0,1714377600
19.235,3,Apr 29 2024 10: +0,1714381200
19.27,8,Apr 29 2024 11: +0,1714384800
18.893,7,Apr 29 2024 12: +0,1714388400
19.186,6,Apr 29 2024 13: +0,1714392000
19.159,9,Apr 29 2024 14: +0,1714395600
19.31,17,Apr 29 2024 15: +0,1714399200
19.771,10,Apr 29 2024 16: +0,1714402800
19.876,9,Apr 29 2024 17: +0,1714406400
19.872,13,Apr 29 2024 18: +0,1714410000
19.168,9,Apr 29 2024 19: +0,1714413600
20.103,12,Apr 29 2024 20: +0,1714417200
20.403,13,Apr 29 2024 21: +0,1714420800
19.009,8,Apr 29 2024 22: +0,1714424400
19.72,7,Apr 29 2024 23: +0,1714428000
18.888,7,Apr 30 2024 00: +0,1714431600
18.887,3,Apr 30 2024 01: +0,1714435200
19.024,8,Apr 30 2024 02: +0,1714438800
19.15,5,Apr 30 2024 03: +0,1714442400
18.887,5,Apr 30 2024 04: +0,1714446000
19.157,8,Apr 30 2024 05: +0,1714449600
19.15,7,Apr 30 2024 06: +0,1714453200
19.531,4,Apr 30 2024 07: +0,1714456800
20.109,8,Apr 30 2024 08: +0,1714460400
18.995,6,Apr 30 2024 09: +0,1714464000
20.19,5,Apr 30 2024 10: +0,1714467600
19.985,9,Apr 30 2024 11: +0,1714471200
20.664,2,Apr 30 2024 12: +0,1714474800
19.881,12,Apr 30 2024 13: +0,1714478400
20.313,7,Apr 30 2024 14: +0,1714482000
19.791,8,Apr 30 2024 15: +0,1714485600
19.878,10,Apr 30 2024 16: +0,1714489200
20.608,6,Apr 30 2024 17: +0,1714492800
21.112,6,Apr 30 2024 18: +0,1714496400
20.469,6,Apr 30 2024 19: +0,1714500000
19.813,16,Apr 30 2024 20: +0,1714503600
19.837,9,Apr 30 2024 21: +0,1714507200
19.913,14,Apr 30 2024 22: +0,1714510800
19.792,8,Apr 30 2024 23: +0,1714514400
20.032,12,May 01 2024 00: +0,1714518000
19.761,8,May 01 2024 01: +0,1714521600
19.829,8,May 01 2024 02: +0,1714525200
20.161,4,May 01 2024 03: +0,1714528800
19.873,6,May 01 2024 04: +0,1714532400
19.953,8,May 01 2024 05: +0,1714536000
19.669,9,May 01 2024 06: +0,1714539600
19.957,7,May 01 2024 07: +0,1714543200
20.878,8,May 01 2024 08: +0,1714546800
20.792,6,May 01 2024 09: +0,1714550400
19.896,5,May 01 2024 10: +0,1714554000
20.274,10,May 01 2024 11: +0,1714557600
20.185,11,May 01 2024 12: +0,1714561200
19.888,5,May 01 2024 13: +0,1714564800
19.894,14,May 01 2024 14: +0,1714568400
19.965,18,May 01 2024 15: +0,1714572000
19.93,10,May 01 2024 16: +0,1714575600
20.913,15,May 01 2024 17: +0,1714579200
21.553,7,May 01 2024 18: +0,1714582800
20.151,9,May 01 2024 19: +0,1714586400
20.635,8,May 01 2024 20: +0,1714590000
20.346,10,May 01 2024 21: +0,1714593600
20.071,10,May 01 2024 22: +0,1714597200
19.952,5,May 01 2024 23: +0,1714600800
19.816,6,May 02 2024 00: +0,1714604400
20.103,5,May 02 2024 01: +0,1714608000
20.071,7,May 02 2024 02: +0,1714611600
20.744,5,May 02 2024 03: +0,1714615200
22.3,2,May 02 2024 04: +0,1714618800
20.267,2,May 02 2024 05: +0,1714622400
20.111,5,May 02 2024 06: +0,1714626000
20.311,5,May 02 2024 07: +0,1714629600
19.788,5,May 02 2024 08: +0,1714633200
20.138,9,May 02 2024 09: +0,1714636800
20.153,3,May 02 2024 10: +0,1714640400
19.912,7,May 02 2024 11: +0,1714644000
19.854,12,May 02 2024 12: +0,1714647600
20.256,9,May 02 2024 13: +0,1714651200
20.393,10,May 02 2024 14: +0,1714654800
20.591,12,May 02 2024 15: +0,1714658400
20.095,9,May 02 2024 16: +0,1714662000
19.954,6,May 02 2024 17: +0,1714665600
19.875,11,May 02 2024 18: +0,1714669200
20.678,10,May 02 2024 19: +0,1714672800
19.792,13,May 02 2024 20: +0,1714676400
19.936,13,May 02 2024 21: +0,1714680000
19.796,8,May 02 2024 22: +0,1714683600
20.289,10,May 02 2024 23: +0,1714687200
20.596,6,May 03 2024 00: +0,1714690800
19.824,5,May 03 2024 01: +0,1714694400
20.598,9,May 03 2024 02: +0,1714698000
19.911,5,May 03 2024 03: +0,1714701600
20.215,5,May 03 2024 04: +0,1714705200
20.351,5,May 03 2024 05: +0,1714708800
19.736,5,May 03 2024 06: +0,1714712400
19.824,3,May 03 2024 07: +0,1714716000
19.748,4,May 03 2024 08: +0,1714719600
19.704,11,May 03 2024 09: +0,1714723200
19.817,7,May 03 2024 10: +0,1714726800
19.879,6,May 03 2024 11: +0,1714730400
19.917,11,May 03 2024 12: +0,1714734000
19.736,8,May 03 2024 13: +0,1714737600
19.529,17,May 03 2024 14: +0,1714741200
19.806,12,May 03 2024 15: +0,1714744800
19.603,7,May 03 2024 16: +0,1714748400
19.473,12,May 03 2024 17: +0,1714752000
19.695,12,May 03 2024 18: +0,1714755600
19.792,16,May 03 2024 19: +0,1714759200
19.778,22,May 03 2024 20: +0,1714762800
19.94,7,May 03 2024 21: +0,1714766400
19.733,18,May 03 2024 22: +0,1714770000
19.505,12,May 03 2024 23: +0,1714773600
20.068,7,May 04 2024 00: +0,1714777200
19.489,11,May 04 2024 01: +0,1714780800
19.273,5,May 04 2024 02: +0,1714784400
19.273,5,May 04 2024 03: +0,1714788000
19.218,5,May 04 2024 04: +0,1714791600
19.288,5,May 04 2024 05: +0,1714795200
19.553,5,May 04 2024 06: +0,1714798800
19.098,7,May 04 2024 07: +0,1714802400
19.512,9,May 04 2024 08: +0,1714806000
18.842,10,May 04 2024 09: +0,1714809600
19.407,11,May 04 2024 10: +0,1714813200
19.591,9,May 04 2024 11: +0,1714816800
19.442,7,May 04 2024 12: +0,1714820400
19.376,10,May 04 2024 13: +0,1714824000
20.186,14,May 04 2024 14: +0,1714827600
19.073,9,May 04 2024 15: +0,1714831200
19.834,14,May 04 2024 16: +0,1714834800
19.189,13,May 04 2024 17: +0,1714838400
19.401,18,May 04 2024 18: +0,1714842000
20.535,10,May 04 2024 19: +0,1714845600
18.989,10,May 04 2024 20: +0,1714849200
20.036,14,May 04 2024 21: +0,1714852800
19.021,11,May 04 2024 22: +0,1714856400
19.071,9,May 04 2024 23: +0,1714860000
19.049,10,May 05 2024 00: +0,1714863600
19.221,11,May 05 2024 01: +0,1714867200
19.105,8,May 05 2024 02: +0,1714870800
19.806,3,May 05 2024 03: +0,1714874400
18.905,4,May 05 2024 04: +0,1714878000
19.165,5,May 05 2024 05: +0,1714881600
19.774,7,May 05 2024 06: +0,1714885200
18.42,1,May 05 2024 07: +0,1714888800
18.941,9,May 05 2024 08: +0,1714892400
18.925,5,May 05 2024 09: +0,1714896000
19.56,8,May 05 2024 10: +0,1714899600
19.373,13,May 05 2024 11: +0,1714903200
19.7,9,May 05 2024 12: +0,1714906800
19.97,8,May 05 2024 13: +0,1714910400
19.477,10,May 05 2024 14: +0,1714914000
19.566,17,May 05 2024 15: +0,1714917600
19.617,8,May 05 2024 16: +0,1714921200
19.799,15,May 05 2024 17: +0,1714924800
19.971,12,May 05 2024 18: +0,1714928400
20.939,18,May 05 2024 19: +0,1714932000
20.032,7,May 05 2024 20: +0,1714935600
21.083,10,May 05 2024 21: +0,1714939200
20.163,13,May 05 2024 22: +0,1714942800
20.006,3,May 05 2024 23: +0,1714946400
19.934,14,May 06 2024 00: +0,1714950000
20.022,7,May 06 2024 01: +0,1714953600
20.158,2,May 06 2024 02: +0,1714957200
19.759,6,May 06 2024 03: +0,1714960800
19.449,4,May 06 2024 04: +0,1714964400
19.381,4,May 06 2024 05: +0,1714968000
19.357,7,May 06 2024 06: +0,1714971600
19.413,3,May 06 2024 07: +0,1714975200
19.54,6,May 06 2024 08: +0,1714978800
19.98,6,May 06 2024 09: +0,1714982400
19.559,2,May 06 2024 10: +0,1714986000
19.806,10,May 06 2024 11: +0,1714989600
19.87,7,May 06 2024 12: +0,1714993200
19.966,10,May 06 2024 13: +0,1714996800
19.938,12,May 06 2024 14: +0,1715000400
19.764,12,May 06 2024 15: +0,1715004000
19.501,13,May 06 2024 16: +0,1715007600
19.802,13,May 06 2024 17: +0,1715011200
19.525,12,May 06 2024 18: +0,1715014800
19.469,17,May 06 2024 19: +0,1715018400
19.71,11,May 06 2024 20: +0,1715022000
19.673,11,May 06 2024 21: +0,1715025600
20.019,11,May 06 2024 22: +0,1715029200
19.501,5,May 06 2024 23: +0,1715032800
19.828,6,May 07 2024 00: +0,1715036400
19.517,6,May 07 2024 01: +0,1715040000
19.493,3,May 07 2024 02: +0,1715043600
19.598,6,May 07 2024 03: +0,1715047200
19.998,5,May 07 2024 04: +0,1715050800
19.574,3,May 07 2024 05: +0,1715054400
18.941,2,May 07 2024 06: +0,1715058000
19.951,6,May 07 2024 07: +0,1715061600
19.862,3,May 07 2024 08: +0,1715065200
20.03,5,May 07 2024 09: +0,1715068800
20.957,2,May 07 2024 10: +0,1715072400
20.647,5,May 07 2024 11: +0,1715076000
19.99,3,May 07 2024 12: +0,1715079600
20.377,6,May 07 2024 13: +0,1715083200
20.736,8,May 07 2024 14: +0,1715086800
21.191,15,May 07 2024 15: +0,1715090400
20.312,11,May 07 2024 16: +0,1715094000
20.191,12,May 07 2024 17: +0,1715097600
21.582,10,May 07 2024 18: +0,1715101200
20.321,10,May 07 2024 19: +0,1715104800
20.362,8,May 07 2024 20: +0,1715108400
20.077,8,May 07 2024 21: +0,1715112000
20.462,8,May 07 2024 22: +0,1715115600
19.782,6,May 07 2024 23: +0,1715119200
19.847,4,May 08 2024 00: +0,1715122800
19.87,5,May 08 2024 01: +0,1715126400
19.914,4,May 08 2024 02: +0,1715130000
19.996,9,May 08 2024 03: +0,1715133600
20.114,2,May 08 2024 04: +0,1715137200
19.902,4,May 08 2024 05: +0,1715140800
20.943,5,May 08 2024 06: +0,1715144400
20.262,4,May 08 2024 07: +0,1715148000
20.643,5,May 08 2024 08: +0,1715151600
20.042,4,May 08 2024 09: +0,1715155200
20.416,6,May 08 2024 10: +0,1715158800
20.094,5,May 08 2024 11: +0,1715162400
20.163,12,May 08 2024 12: +0,1715166000
20.351,11,May 08 2024 13: +0,1715169600
19.99,6,May 08 2024 14: +0,1715173200
20.022,11,May 08 2024 15: +0,1715176800
20.283,13,May 08 2024 16: +0,1715180400
20.328,8,May 08 2024 17: +0,1715184000
20.422,11,May 08 2024 18: +0,1715187600
19.942,9,May 08 2024 19: +0,1715191200
21.182,15,May 08 2024 20: +0,1715194800
19.95,7,May 08 2024 21: +0,1715198400
20.676,11,May 08 2024 22: +0,1715202000
19.802,8,May 08 2024 23: +0,1715205600
19.445,11,May 09 2024 00: +0,1715209200
19.598,8,May 09 2024 01: +0,1715212800
20.006,7,May 09 2024 02: +0,1715216400
19.505,2,May 09 2024 03: +0,1715220000
20.022,5,May 09 2024 04: +0,1715223600
20.046,4,May 09 2024 05: +0,1715227200
19.91,3,May 09 2024 06: +0,1715230800
20.03,7,May 09 2024 07: +0,1715234400
19.95,4,May 09 2024 08: +0,1715238000
19.938,8,May 09 2024 09: +0,1715241600
20.128,6,May 09 2024 10: +0,1715245200
20.362,4,May 09 2024 11: +0,1715248800
19.894,5,May 09 2024 12: +0,1715252400
19.798,11,May 09 2024 13: +0,1715256000
19.766,11,May 09 2024 14: +0,1715259600
19.782,13,May 09 2024 15: +0,1715263200
19.772,13,May 09 2024 16: +0,1715266800
19.65,12,May 09 2024 17: +0,1715270400
19.507,15,May 09 2024 18: +0,1715274000
20.385,13,May 09 2024 19: +0,1715277600
19.883,17,May 09 2024 20: +0,1715281200
19.495,13,May 09 2024 21: +0,1715284800
19.499,16,May 09 2024 22: +0,1715288400
19.551,12,May 09 2024 23: +0,1715292000
19.61,6,May 10 2024 00: +0,1715295600
19.598,9,May 10 2024 01: +0,1715299200
20.48,8,May 10 2024 02: +0,1715302800
19.999,3,May 10 2024 03: +0,1715306400
19.29,1,May 10 2024 04: +0,1715310000
18.938,2,May 10 2024 05: +0,1715313600
19.701,7,May 10 2024 06: +0,1715317200
19.995,5,May 10 2024 07: +0,1715320800
19.314,2,May 10 2024 08: +0,1715324400
19.658,12,May 10 2024 09: +0,1715328000
19.89,3,May 10 2024 10: +0,1715331600
19.8,10,May 10 2024 11: +0,1715335200
19.939,8,May 10 2024 12: +0,1715338800
19.803,9,May 10 2024 13: +0,1715342400
19.933,14,May 10 2024 14: +0,1715346000
19.665,6,May 10 2024 15: +0,1715349600
19.778,9,May 10 2024 16: +0,1715353200
19.839,17,May 10 2024 17: +0,1715356800
20.177,13,May 10 2024 18: +0,1715360400
19.788,8,May 10 2024 19: +0,1715364000
19.872,12,May 10 2024 20: +0,1715367600
19.84,13,May 10 2024 21: +0,1715371200
19.756,7,May 10 2024 22: +0,1715374800
19.756,18,May 10 2024 23: +0,1715378400
19.725,9,May 11 2024 00: +0,1715382000
19.717,7,May 11 2024 01: +0,1715385600
19.725,5,May 11 2024 02: +0,1715389200
19.756,10,May 11 2024 03: +0,1715392800
19.862,5,May 11 2024 04: +0,1715396400
19.845,7,May 11 2024 05: +0,1715400000
19.731,8,May 11 2024 06: +0,1715403600
19.946,7,May 11 2024 07: +0,1715407200
19.772,4,May 11 2024 08: +0,1715410800
18.358,3,May 11 2024 09: +0,1715414400
19.772,5,May 11 2024 10: +0,1715418000
19.831,16,May 11 2024 11: +0,1715421600
19.906,11,May 11 2024 12: +0,1715425200
20.08,5,May 11 2024 13: +0,1715428800
20.104,7,May 11 2024 14: +0,1715432400
19.769,9,May 11 2024 15: +0,1715436000
19.74,11,May 11 2024 16: +0,1715439600
19.926,13,May 11 2024 17: +0,1715443200
20.546,9,May 11 2024 18: +0,1715446800
19.926,15,May 11 2024 19: +0,1715450400
20.009,9,May 11 2024 20: +0,1715454000
19.744,10,May 11 2024 21: +0,1715457600
19.735,13,May 11 2024 22: +0,1715461200
19.746,8,May 11 2024 23: +0,1715464800
20.049,13,May 12 2024 00: +0,1715468400
19.756,3,May 12 2024 01: +0,1715472000
20.383,6,May 12 2024 02: +0,1715475600
19.634,10,May 12 2024 03: +0,1715479200
19.756,3,May 12 2024 04: +0,1715482800
20.89,5,May 12 2024 05: +0,1715486400
21.22,5,May 12 2024 06: +0,1715490000
19.748,2,May 12 2024 07: +0,1715493600
19.776,10,May 12 2024 08: +0,1715497200
20.613,6,May 12 2024 09: +0,1715500800
19.947,10,May 12 2024 10: +0,1715504400
19.788,7,May 12 2024 11: +0,1715508000
20.101,9,May 12 2024 12: +0,1715511600
19.784,16,May 12 2024 13: +0,1715515200
20.003,14,May 12 2024 14: +0,1715518800
19.758,9,May 12 2024 15: +0,1715522400
21.327,12,May 12 2024 16: +0,1715526000
20.456,10,May 12 2024 17: +0,1715529600
19.575,11,May 12 2024 18: +0,1715533200
20.428,17,May 12 2024 19: +0,1715536800
19.99,13,May 12 2024 20: +0,1715540400
21.275,7,May 12 2024 21: +0,1715544000
20.271,7,May 12 2024 22: +0,1715547600
19.769,7,May 12 2024 23: +0,1715551200
19.061,7,May 13 2024 00: +0,1715554800
19.677,1,May 13 2024 01: +0,1715558400
20.889,4,May 13 2024 02: +0,1715562000
20.689,2,May 13 2024 03: +0,1715565600
20.128,4,May 13 2024 04: +0,1715569200
20.711,2,May 13 2024 05: +0,1715572800
19.089,6,May 13 2024 06: +0,1715576400
18.879,1,May 13 2024 07: +0,1715580000
19.921,6,May 13 2024 08: +0,1715583600
19.935,3,May 13 2024 09: +0,1715587200
19.448,8,May 13 2024 10: +0,1715590800
19.548,7,May 13 2024 11: +0,1715594400
19.548,8,May 13 2024 12: +0,1715598000
19.48,7,May 13 2024 13: +0,1715601600
19.464,10,May 13 2024 14: +0,1715605200
19.271,6,May 13 2024 15: +0,1715608800
19.111,15,May 13 2024 16: +0,1715612400
20.101,11,May 13 2024 17: +0,1715616000
20.424,12,May 13 2024 18: +0,1715619600
19.761,10,May 13 2024 19: +0,1715623200
20.817,14,May 13 2024 20: +0,1715626800
19.132,5,May 13 2024 21: +0,1715630400
19.172,8,May 13 2024 22: +0,1715634000
20.203,5,May 13 2024 23: +0,1715637600
18.173,5,May 14 2024 00: +0,1715641200
19.488,6,May 14 2024 01: +0,1715644800
19.879,8,May 14 2024 02: +0,1715648400
19.211,4,May 14 2024 03: +0,1715652000
19.203,5,May 14 2024 04: +0,1715655600
19.889,3,May 14 2024 05: +0,1715659200
20.404,3,May 14 2024 06: +0,1715662800
19.369,3,May 14 2024 07: +0,1715666400
18.711,2,May 14 2024 08: +0,1715670000
19.385,6,May 14 2024 09: +0,1715673600
19.588,4,May 14 2024 10: +0,1715677200
19.472,7,May 14 2024 11: +0,1715680800
19.675,11,May 14 2024 12: +0,1715684400
19.712,4,May 14 2024 13: +0,1715688000
19.619,8,May 14 2024 14: +0,1715691600
19.59,10,May 14 2024 15: +0,1715695200
19.588,10,May 14 2024 16: +0,1715698800
19.314,12,May 14 2024 17: +0,1715702400
19.47,12,May 14 2024 18: +0,1715706000
19.538,16,May 14 2024 19: +0,1715709600
19.484,8,May 14 2024 20: +0,1715713200
19.432,8,May 14 2024 21: +0,1715716800
19.24,4,May 14 2024 22: +0,1715720400
18.176,5,May 14 2024 23: +0,1715724000
19.243,7,May 15 2024 00: +0,1715727600
19.372,6,May 15 2024 01: +0,1715731200
19.148,5,May 15 2024 02: +0,1715734800
19.203,5,May 15 2024 03: +0,1715738400
19.333,2,May 15 2024 04: +0,1715742000
19.179,11,May 15 2024 05: +0,1715745600
19.319,5,May 15 2024 06: +0,1715749200
19.14,6,May 15 2024 07: +0,1715752800
19.409,7,May 15 2024 08: +0,1715756400
19.219,5,May 15 2024 09: +0,1715760000
19.223,4,May 15 2024 10: +0,1715763600
19.096,6,May 15 2024 11: +0,1715767200
19.63,5,May 15 2024 12: +0,1715770800
19.64,6,May 15 2024 13: +0,1715774400
19.243,11,May 15 2024 14: +0,1715778000
19.393,7,May 15 2024 15: +0,1715781600
19.624,10,May 15 2024 16: +0,1715785200
19.587,10,May 15 2024 17: +0,1715788800
19.642,14,May 15 2024 18: +0,1715792400
19.631,8,May 15 2024 19: +0,1715796000
19.654,13,May 15 2024 20: +0,1715799600
19.478,9,May 15 2024 21: +0,1715803200
19.495,9,May 15 2024 22: +0,1715806800
19.262,13,May 15 2024 23: +0,1715810400
19.235,3,May 16 2024 00: +0,1715814000
18.768,6,May 16 2024 01: +0,1715817600
19.288,4,May 16 2024 02: +0,1715821200
19.286,6,May 16 2024 03: +0,1715824800
19.294,6,May 16 2024 04: +0,1715828400
19.116,4,May 16 2024 05: +0,1715832000
18.966,1,May 16 2024 06: +0,1715835600
18.65,4,May 16 2024 07: +0,1715839200
19.361,11,May 16 2024 08: +0,1715842800
19.334,8,May 16 2024 09: +0,1715846400
19.33,15,May 16 2024 10: +0,1715850000
19.669,3,May 16 2024 11: +0,1715853600
19.284,6,May 16 2024 12: +0,1715857200
19.283,11,May 16 2024 13: +0,1715860800
19.282,9,May 16 2024 14: +0,1715864400
19.274,11,May 16 2024 15: +0,1715868000
19.45,14,May 16 2024 16: +0,1715871600
19.156,14,May 16 2024 17: +0,1715875200
19.282,11,May 16 2024 18: +0,1715878800
19.274,17,May 16 2024 19: +0,1715882400
19.282,11,May 16 2024 20: +0,1715886000
19.287,12,May 16 2024 21: +0,1715889600
19.363,18,May 16 2024 22: +0,1715893200
19.324,8,May 16 2024 23: +0,1715896800
19.298,9,May 17 2024 00: +0,1715900400
19.72,5,May 17 2024 01: +0,1715904000
19.598,9,May 17 2024 02: +0,1715907600
19.31,8,May 17 2024 03: +0,1715911200
19.29,5,May 17 2024 04: +0,1715914800
19.227,3,May 17 2024 05: +0,1715918400
19.29,8,May 17 2024 06: +0,1715922000
19.464,7,May 17 2024 07: +0,1715925600
19.282,6,May 17 2024 08: +0,1715929200
19.235,7,May 17 2024 09: +0,1715932800
18.862,6,May 17 2024 10: +0,1715936400
17.977,4,May 17 2024 11: +0,1715940000
18.161,4,May 17 2024 12: +0,1715943600
18.429,5,May 17 2024 13: +0,1715947200
18.194,4,May 17 2024 14: +0,1715950800
17.868,12,May 17 2024 15: +0,1715954400
18.005,13,May 17 2024 16: +0,1715958000
18.94,5,May 17 2024 17: +0,1715961600
17.864,4,May 17 2024 18: +0,1715965200
17.907,11,May 17 2024 19: +0,1715968800
18.868,10,May 17 2024 20: +0,1715972400
18.401,9,May 17 2024 21: +0,1715976000
18.935,7,May 17 2024 22: +0,1715979600
17.907,7,May 17 2024 23: +0,1715983200
17.931,5,May 18 2024 00: +0,1715986800
18.422,7,May 18 2024 01: +0,1715990400
17.773,9,May 18 2024 02: +0,1715994000
17.378,8,May 18 2024 03: +0,1715997600
17.955,7,May 18 2024 04: +0,1716001200
17.794,3,May 18 2024 05: +0,1716004800
17.864,4,May 18 2024 06: +0,1716008400
17.487,4,May 18 2024 07: +0,1716012000
17.583,9,May 18 2024 08: +0,1716015600
17.48,5,May 18 2024 09: +0,1716019200
17.668,10,May 18 2024 10: +0,1716022800
17.636,8,May 18 2024 11: +0,1716026400
17.792,7,May 18 2024 12: +0,1716030000
17.587,13,May 18 2024 13: +0,1716033600
17.398,8,May 18 2024 14: +0,1716037200
17.356,8,May 18 2024 15: +0,1716040800
17.513,17,May 18 2024 16: +0,1716044400
17.098,14,May 18 2024 17: +0,1716048000
16.993,8,May 18 2024 18: +0,1716051600
16.977,13,May 18 2024 19: +0,1716055200
17.323,11,May 18 2024 20: +0,1716058800
17.025,14,May 18 2024 21: +0,1716062400
17.064,17,May 18 2024 22: +0,1716066000
16.131,4,May 18 2024 23: +0,1716069600
17.037,12,May 19 2024 00: +0,1716073200
17.017,5,May 19 2024 01: +0,1716076800
17.662,9,May 19 2024 02: +0,1716080400
16.922,10,May 19 2024 03: +0,1716084000
16.914,6,May 19 2024 04: +0,1716087600
17.323,5,May 19 2024 05: +0,1716091200
17.308,5,May 19 2024 06: +0,1716094800
17.344,6,May 19 2024 07: +0,1716098400
17.41,9,May 19 2024 08: +0,1716102000
16.867,9,May 19 2024 09: +0,1716105600
17.017,11,May 19 2024 10: +0,1716109200
17.088,8,May 19 2024 11: +0,1716112800
17.412,9,May 19 2024 12: +0,1716116400
17.064,10,May 19 2024 13: +0,1716120000
17.894,11,May 19 2024 14: +0,1716123600
16.934,8,May 19 2024 15: +0,1716127200
17.135,9,May 19 2024 16: +0,1716130800
17.177,12,May 19 2024 17: +0,1716134400
16.617,12,May 19 2024 18: +0,1716138000
17.045,8,May 19 2024 19: +0,1716141600
16.501,17,May 19 2024 20: +0,1716145200
16.742,5,May 19 2024 21: +0,1716148800
16.379,14,May 19 2024 22: +0,1716152400
16.525,10,May 19 2024 23: +0,1716156000
16.093,9,May 20 2024 00: +0,1716159600
15.974,6,May 20 2024 01: +0,1716163200
16.505,3,May 20 2024 02: +0,1716166800
17.183,5,May 20 2024 03: +0,1716170400
16.223,5,May 20 2024 04: +0,1716174000
16.411,6,May 20 2024 05: +0,1716177600
16.602,2,May 20 2024 06: +0,1716181200
16.242,4,May 20 2024 07: +0,1716184800
16.407,3,May 20 2024 08: +0,1716188400
16.371,8,May 20 2024 09: +0,1716192000
16.191,14,May 20 2024 10: +0,1716195600
16.202,15,May 20 2024 11: +0,1716199200
16.143,7,May 20 2024 12: +0,1716202800
16.218,8,May 20 2024 13: +0,1716206400
16.159,13,May 20 2024 14: +0,1716210000
16.219,10,May 20 2024 15: +0,1716213600
16.173,12,May 20 2024 16: +0,1716217200
16.215,11,May 20 2024 17: +0,1716220800
16.146,20,May 20 2024 18: +0,1716224400
16.293,12,May 20 2024 19: +0,1716228000
16.293,9,May 20 2024 20: +0,1716231600
16.226,10,May 20 2024 21: +0,1716235200
16.295,13,May 20 2024 22: +0,1716238800
16.001,11,May 20 2024 23: +0,1716242400
16.165,14,May 21 2024 00: +0,1716246000
16.518,10,May 21 2024 01: +0,1716249600
16.418,2,May 21 2024 02: +0,1716253200
16.152,7,May 21 2024 03: +0,1716256800
16.56,9,May 21 2024 04: +0,1716260400
16.871,11,May 21 2024 05: +0,1716264000
16.437,1,May 21 2024 06: +0,1716267600
16.304,9,May 21 2024 07: +0,1716271200
16.305,9,May 21 2024 08: +0,1716274800
16.195,5,May 21 2024 09: +0,1716278400
16.088,13,May 21 2024 10: +0,1716282000
16.073,9,May 21 2024 11: +0,1716285600
15.713,6,May 21 2024 12: +0,1716289200
15.565,8,May 21 2024 13: +0,1716292800
15.976,12,May 21 2024 14: +0,1716296400
16.269,8,May 21 2024 15: +0,1716300000
15.593,8,May 21 2024 16: +0,1716303600
16.381,6,May 21 2024 17: +0,1716307200
15.767,6,May 21 2024 18: +0,1716310800
16.131,10,May 21 2024 19: +0,1716314400
15.215,12,May 21 2024 20: +0,1716318000
15.228,9,May 21 2024 21: +0,1716321600
15.556,17,May 21 2024 22: +0,1716325200
15.852,8,May 21 2024 23: +0,1716328800
15.556,7,May 22 2024 00: +0,1716332400
15.814,4,May 22 2024 01: +0,1716336000
16.127,3,May 22 2024 02: +0,1716339600
15.561,8,May 22 2024 03: +0,1716343200
15.468,10,May 22 2024 04: +0,1716346800
15.014,6,May 22 2024 05: +0,1716350400
15.74,5,May 22 2024 06: +0,1716354000
15.175,10,May 22 2024 07: +0,1716357600
15.76,5,May 22 2024 08: +0,1716361200
15.611,1,May 22 2024 09: +0,1716364800
15.495,6,May 22 2024 10: +0,1716368400
15.2,8,May 22 2024 11: +0,1716372000
15.346,5,May 22 2024 12: +0,1716375600
15.126,17,May 22 2024 13: +0,1716379200
15.431,9,May 22 2024 14: +0,1716382800
15.525,12,May 22 2024 15: +0,1716386400
15.658,8,May 22 2024 16: +0,1716390000
15.145,14,May 22 2024 17: +0,1716393600
15.485,13,May 22 2024 18: +0,1716397200
15.049,18,May 22 2024 19: +0,1716400800
15.063,15,May 22 2024 20: +0,1716404400
15.178,15,May 22 2024 21: +0,1716408000
15.381,14,May 22 2024 22: +0,1716411600
15.592,8,May 22 2024 23: +0,1716415200
14.955,5,May 23 2024 00: +0,1716418800
15.23,9,May 23 2024 01: +0,1716422400
14.99,3,May 23 2024 02: +0,1716426000
14.962,7,May 23 2024 03: +0,1716429600
14.931,7,May 23 2024 04: +0,1716433200
15.025,6,May 23 2024 05: +0,1716436800
14.947,4,May 23 2024 06: +0,1716440400
15.198,6,May 23 2024 07: +0,1716444000
15.462,6,May 23 2024 08: +0,1716447600
14.884,9,May 23 2024 09: +0,1716451200
14.997,6,May 23 2024 10: +0,1716454800
15.114,8,May 23 2024 11: +0,1716458400
15.052,4,May 23 2024 12: +0,1716462000
15.0,9,May 23 2024 13: +0,1716465600
14.915,7,May 23 2024 14: +0,1716469200
14.992,10,May 23 2024 15: +0,1716472800
14.915,11,May 23 2024 16: +0,1716476400
14.808,16,May 23 2024 17: +0,1716480000
13.999,14,May 23 2024 18: +0,1716483600
14.534,8,May 23 2024 19: +0,1716487200
14.36,15,May 23 2024 20: +0,1716490800
13.841,14,May 23 2024 21: +0,1716494400
13.608,24,May 23 2024 22: +0,1716498000
13.604,27,May 23 2024 23: +0,1716501600
13.344,20,May 24 2024 00: +0,1716505200
12.952,10,May 24 2024 01: +0,1716508800
12.966,16,May 24 2024 02: +0,1716512400
12.971,7,May 24 2024 03: +0,1716516000
12.827,15,May 24 2024 04: +0,1716519600
12.803,16,May 24 2024 05: +0,1716523200
13.052,4,May 24 2024 06: +0,1716526800
13.088,11,May 24 2024 07: +0,1716530400
12.925,16,May 24 2024 08: +0,1716534000
12.795,9,May 24 2024 09: +0,1716537600
13.087,15,May 24 2024 10: +0,1716541200
12.505,14,May 24 2024 11: +0,1716544800
13.39,18,May 24 2024 12: +0,1716548400
12.429,14,May 24 2024 13: +0,1716552000
13.513,11,May 24 2024 14: +0,1716555600
13.737,15,May 24 2024 15: +0,1716559200
13.646,20,May 24 2024 16: +0,1716562800
14.133,6,May 24 2024 17: +0,1716566400
14.023,13,May 24 2024 18: +0,1716570000
13.859,6,May 24 2024 19: +0,1716573600
14.091,17,May 24 2024 20: +0,1716577200
14.665,15,May 24 2024 21: +0,1716580800
13.36,16,May 24 2024 22: +0,1716584400
13.286,9,May 24 2024 23: +0,1716588000
15.01,15,May 25 2024 00: +0,1716591600
13.95,8,May 25 2024 01: +0,1716595200
15.026,5,May 25 2024 02: +0,1716598800
14.204,2,May 25 2024 03: +0,1716602400
15.039,5,May 25 2024 04: +0,1716606000
15.186,8,May 25 2024 05: +0,1716609600
14.924,8,May 25 2024 06: +0,1716613200
14.727,5,May 25 2024 07: +0,1716616800
15.27,5,May 25 2024 08: +0,1716620400
15.074,3,May 25 2024 09: +0,1716624000
14.139,11,May 25 2024 10: +0,1716627600
14.487,7,May 25 2024 11: +0,1716631200
14.949,7,May 25 2024 12: +0,1716634800
15.023,10,May 25 2024 13: +0,1716638400
15.058,10,May 25 2024 14: +0,1716642000
15.154,11,May 25 2024 15: +0,1716645600
14.948,7,May 25 2024 16: +0,1716649200
14.992,9,May 25 2024 17: +0,1716652800
15.41,8,May 25 2024 18: +0,1716656400
15.316,13,May 25 2024 19: +0,1716660000
15.18,12,May 25 2024 20: +0,1716663600
15.471,16,May 25 2024 21: +0,1716667200
14.876,6,May 25 2024 22: +0,1716670800
14.885,8,May 25 2024 23: +0,1716674400
15.244,6,May 26 2024 00: +0,1716678000
15.048,6,May 26 2024 01: +0,1716681600
15.596,6,May 26 2024 02: +0,1716685200
15.906,5,May 26 2024 03: +0,1716688800
15.322,5,May 26 2024 04: +0,1716692400
16.381,6,May 26 2024 05: +0,1716696000
15.427,2,May 26 2024 06: +0,1716699600
15.708,3,May 26 2024 07: +0,1716703200
16.35,3,May 26 2024 08: +0,1716706800
14.877,6,May 26 2024 09: +0,1716710400
15.992,5,May 26 2024 10: +0,1716714000
14.829,12,May 26 2024 11: +0,1716717600
14.77,6,May 26 2024 12: +0,1716721200
14.835,13,May 26 2024 13: +0,1716724800
15.91,10,May 26 2024 14: +0,1716728400
15.76,4,May 26 2024 15: +0,1716732000
15.715,3,May 26 2024 16: +0,1716735600
15.035,15,May 26 2024 17: +0,1716739200
15.419,7,May 26 2024 18: +0,1716742800
15.749,5,May 26 2024 19: +0,1716746400
14.471,9,May 26 2024 20: +0,1716750000
14.892,8,May 26 2024 21: +0,1716753600
15.584,9,May 26 2024 22: +0,1716757200
16.093,11,May 26 2024 23: +0,1716760800
15.127,2,May 27 2024 00: +0,1716764400
15.658,2,May 27 2024 01: +0,1716768000
15.972,4,May 27 2024 02: +0,1716771600
15.537,5,May 27 2024 03: +0,1716775200
15.05,2,May 27 2024 04: +0,1716778800
15.246,3,May 27 2024 05: +0,1716782400
14.924,3,May 27 2024 06: +0,1716786000
15.243,2,May 27 2024 07: +0,1716789600
15.246,9,May 27 2024 08: +0,1716793200
14.948,5,May 27 2024 09: +0,1716796800
15.04,5,May 27 2024 10: +0,1716800400
14.622,4,May 27 2024 11: +0,1716804000
15.1,6,May 27 2024 12: +0,1716807600
15.417,7,May 27 2024 13: +0,1716811200
15.588,13,May 27 2024 14: +0,1716814800
15.067,7,May 27 2024 15: +0,1716818400
15.017,8,May 27 2024 16: +0,1716822000
14.896,16,May 27 2024 17: +0,1716825600
14.931,17,May 27 2024 18: +0,1716829200
15.331,5,May 27 2024 19: +0,1716832800
14.923,9,May 27 2024 20: +0,1716836400
15.076,7,May 27 2024 21: +0,1716840000
14.829,9,May 27 2024 22: +0,1716843600
14.931,7,May 27 2024 23: +0,1716847200
14.929,6,May 28 2024 00: +0,1716850800
14.953,2,May 28 2024 01: +0,1716854400
14.723,7,May 28 2024 02: +0,1716858000
14.732,5,May 28 2024 03: +0,1716861600
15.08,6,May 28 2024 04: +0,1716865200
15.231,4,May 28 2024 05: +0,1716868800
14.673,4,May 28 2024 06: +0,1716872400
15.023,3,May 28 2024 07: +0,1716876000
14.641,5,May 28 2024 08: +0,1716879600
14.764,6,May 28 2024 09: +0,1716883200
14.688,3,May 28 2024 10: +0,1716886800
14.688,4,May 28 2024 11: +0,1716890400
14.908,7,May 28 2024 12: +0,1716894000
15.162,6,May 28 2024 13: +0,1716897600
14.94,3,May 28 2024 14: +0,1716901200
15.166,9,May 28 2024 15: +0,1716904800
14.931,9,May 28 2024 16: +0,1716908400
14.677,8,May 28 2024 17: +0,1716912000
14.657,13,May 28 2024 18: +0,1716915600
14.917,13,May 28 2024 19: +0,1716919200
15.466,12,May 28 2024 20: +0,1716922800
14.757,10,May 28 2024 21: +0,1716926400
15.258,6,May 28 2024 22: +0,1716930000
15.787,6,May 28 2024 23: +0,1716933600
15.097,7,May 29 2024 00: +0,1716937200
14.987,4,May 29 2024 01: +0,1716940800
15.835,3,May 29 2024 02: +0,1716944400
15.525,3,May 29 2024 03: +0,1716948000
15.105,2,May 29 2024 04: +0,1716951600
14.913,5,May 29 2024 05: +0,1716955200
14.658,5,May 29 2024 06: +0,1716958800
14.72,11,May 29 2024 07: +0,1716962400
14.139,2,May 29 2024 08: +0,1716966000
14.886,4,May 29 2024 09: +0,1716969600
14.869,3,May 29 2024 10: +0,1716973200
14.717,8,May 29 2024 11: +0,1716976800
14.61,9,May 29 2024 12: +0,1716980400
15.539,16,May 29 2024 13: +0,1716984000
16.181,7,May 29 2024 14: +0,1716987600
15.678,9,May 29 2024 15: +0,1716991200
15.364,6,May 29 2024 16: +0,1716994800
15.599,9,May 29 2024 17: +0,1716998400
14.763,10,May 29 2024 18: +0,1717002000
14.916,13,May 29 2024 19: +0,1717005600
15.398,14,May 29 2024 20: +0,1717009200
14.491,7,May 29 2024 21: +0,1717012800
15.316,12,May 30 2024 00: +0,1717023600
14.586,7,May 30 2024 01: +0,1717027200
15.403,5,May 30 2024 02: +0,1717030800
15.937,4,May 30 2024 03: +0,1717034400
14.527,2,May 30 2024 04: +0,1717038000
14.523,7,May 30 2024 05: +0,1717041600
14.845,6,May 30 2024 06: +0,1717045200
15.867,3,May 30 2024 07: +0,1717048800
14.327,5,May 30 2024 08: +0,1717052400
15.427,3,May 30 2024 09: +0,1717056000
14.338,4,May 30 2024 10: +0,1717059600
15.265,7,May 30 2024 11: +0,1717063200
15.135,7,May 30 2024 12: +0,1717066800
15.341,11,May 30 2024 13: +0,1717070400
15.37,10,May 30 2024 14: +0,1717074000
15.205,13,May 30 2024 15: +0,1717077600
15.246,7,May 30 2024 16: +0,1717081200
15.29,15,May 30 2024 17: +0,1717084800
14.788,9,May 30 2024 18: +0,1717088400
15.044,10,May 30 2024 19: +0,1717092000
15.375,8,May 30 2024 20: +0,1717095600
15.669,11,May 30 2024 21: +0,1717099200
15.306,5,May 30 2024 22: +0,1717102800
14.517,7,May 30 2024 23: +0,1717106400
15.191,6,May 31 2024 00: +0,1717110000
15.274,1,May 31 2024 01: +0,1717113600
14.957,2,May 31 2024 02: +0,1717117200
14.827,2,May 31 2024 03: +0,1717120800
14.45,9,May 31 2024 04: +0,1717124400
14.691,4,May 31 2024 05: +0,1717128000
14.822,2,May 31 2024 06: +0,1717131600
15.16,2,May 31 2024 07: +0,1717135200
15.268,7,May 31 2024 08: +0,1717138800
15.15,6,May 31 2024 09: +0,1717142400
14.674,6,May 31 2024 10: +0,1717146000
15.264,4,May 31 2024 11: +0,1717149600
14.677,6,May 31 2024 12: +0,1717153200
14.996,3,May 31 2024 13: +0,1717156800
15.155,9,May 31 2024 14: +0,1717160400
14.612,10,May 31 2024 15: +0,1717164000
15.014,8,May 31 2024 16: +0,1717167600
15.087,6,May 31 2024 17: +0,1717171200
15.328,12,May 31 2024 18: +0,1717174800
15.299,10,May 31 2024 19: +0,1717178400
15.399,18,May 31 2024 20: +0,1717182000
15.248,11,May 31 2024 21: +0,1717185600
14.739,9,May 31 2024 22: +0,1717189200
14.493,11,May 31 2024 23: +0,1717192800
14.516,4,Jun 01 2024 00: +0,1717196400
14.91,5,Jun 01 2024 01: +0,1717200000
14.877,11,Jun 01 2024 02: +0,1717203600
14.694,5,Jun 01 2024 03: +0,1717207200
14.254,4,Jun 01 2024 04: +0,1717210800
14.493,6,Jun 01 2024 05: +0,1717214400
14.877,5,Jun 01 2024 06: +0,1717218000
15.013,6,Jun 01 2024 07: +0,1717221600
14.885,9,Jun 01 2024 08: +0,1717225200
14.696,4,Jun 01 2024 09: +0,1717228800
14.469,6,Jun 01 2024 10: +0,1717232400
14.795,10,Jun 01 2024 11: +0,1717236000
14.929,8,Jun 01 2024 12: +0,1717239600
14.731,10,Jun 01 2024 13: +0,1717243200
15.018,12,Jun 01 2024 14: +0,1717246800
15.339,15,Jun 01 2024 15: +0,1717250400
15.255,8,Jun 01 2024 16: +0,1717254000
15.169,14,Jun 01 2024 17: +0,1717257600
14.646,8,Jun 01 2024 18: +0,1717261200
15.336,12,Jun 01 2024 19: +0,1717264800
15.104,17,Jun 01 2024 20: +0,1717268400
15.674,5,Jun 01 2024 21: +0,1717272000
15.893,6,Jun 01 2024 22: +0,1717275600
16.168,9,Jun 01 2024 23: +0,1717279200
15.332,5,Jun 02 2024 00: +0,1717282800
15.34,5,Jun 02 2024 01: +0,1717286400
15.293,3,Jun 02 2024 03: +0,1717293600
15.026,4,Jun 02 2024 04: +0,1717297200
15.363,3,Jun 02 2024 05: +0,1717300800
15.457,3,Jun 02 2024 06: +0,1717304400
15.379,4,Jun 02 2024 07: +0,1717308000
15.36,6,Jun 02 2024 08: +0,1717311600
15.404,3,Jun 02 2024 10: +0,1717318800
15.528,5,Jun 02 2024 11: +0,1717322400
15.357,6,Jun 02 2024 12: +0,1717326000
15.341,12,Jun 02 2024 13: +0,1717329600
15.341,15,Jun 02 2024 14: +0,1717333200
15.355,12,Jun 02 2024 15: +0,1717336800
15.444,17,Jun 02 2024 16: +0,1717340400
15.324,5,Jun 02 2024 17: +0,1717344000
15.167,16,Jun 02 2024 18: +0,1717347600
15.333,10,Jun 02 2024 19: +0,1717351200
16.091,9,Jun 02 2024 20: +0,1717354800
15.952,14,Jun 02 2024 21: +0,1717358400
15.124,4,Jun 02 2024 22: +0,1717362000
16.193,7,Jun 02 2024 23: +0,1717365600
15.912,7,Jun 03 2024 00: +0,1717369200
16.667,6,Jun 03 2024 01: +0,1717372800
14.701,2,Jun 03 2024 02: +0,1717376400
15.844,5,Jun 03 2024 03: +0,1717380000
18.057,2,Jun 03 2024 04: +0,1717383600
16.234,3,Jun 03 2024 05: +0,1717387200
16.797,2,Jun 03 2024 06: +0,1717390800
15.35,1,Jun 03 2024 07: +0,1717394400
15.928,1,Jun 03 2024 08: +0,1717398000
15.116,2,Jun 03 2024 09: +0,1717401600
15.34,7,Jun 03 2024 10: +0,1717405200
15.571,5,Jun 03 2024 11: +0,1717408800
15.943,8,Jun 03 2024 12: +0,1717412400
15.301,9,Jun 03 2024 13: +0,1717416000
15.819,4,Jun 03 2024 14: +0,1717419600
16.701,9,Jun 03 2024 15: +0,1717423200
16.987,9,Jun 03 2024 16: +0,1717426800
16.985,7,Jun 03 2024 17: +0,1717430400
16.99,6,Jun 03 2024 18: +0,1717434000
15.691,9,Jun 03 2024 19: +0,1717437600
15.823,6,Jun 03 2024 20: +0,1717441200
15.339,6,Jun 03 2024 21: +0,1717444800
15.237,9,Jun 03 2024 22: +0,1717448400
15.421,8,Jun 03 2024 23: +0,1717452000
15.245,5,Jun 04 2024 00: +0,1717455600
15.347,5,Jun 04 2024 01: +0,1717459200
15.442,7,Jun 04 2024 02: +0,1717462800
15.296,6,Jun 04 2024 03: +0,1717466400
15.302,6,Jun 04 2024 04: +0,1717470000
15.363,5,Jun 04 2024 05: +0,1717473600
14.937,5,Jun 04 2024 06: +0,1717477200
15.216,2,Jun 04 2024 07: +0,1717480800
15.241,6,Jun 04 2024 08: +0,1717484400
15.455,6,Jun 04 2024 09: +0,1717488000
15.782,3,Jun 04 2024 10: +0,1717491600
15.442,3,Jun 04 2024 11: +0,1717495200
15.345,4,Jun 04 2024 12: +0,1717498800
15.608,8,Jun 04 2024 13: +0,1717502400
15.777,10,Jun 04 2024 14: +0,1717506000
15.522,6,Jun 04 2024 15: +0,1717509600
16.076,7,Jun 04 2024 16: +0,1717513200
16.112,10,Jun 04 2024 17: +0,1717516800
15.934,10,Jun 04 2024 18: +0,1717520400
15.587,10,Jun 04 2024 19: +0,1717524000
15.793,13,Jun 04 2024 20: +0,1717527600
16.291,10,Jun 04 2024 21: +0,1717531200
15.948,7,Jun 04 2024 22: +0,1717534800
15.263,5,Jun 04 2024 23: +0,1717538400
16.587,7,Jun 05 2024 00: +0,1717542000
15.27,4,Jun 05 2024 01: +0,1717545600
17.109,5,Jun 05 2024 02: +0,1717549200
16.407,2,Jun 05 2024 03: +0,1717552800
15.426,4,Jun 05 2024 04: +0,1717556400
15.592,8,Jun 05 2024 05: +0,1717560000
15.978,5,Jun 05 2024 06: +0,1717563600
15.837,5,Jun 05 2024 07: +0,1717567200
16.305,2,Jun 05 2024 08: +0,1717570800
15.835,8,Jun 05 2024 09: +0,1717574400
15.812,2,Jun 05 2024 10: +0,1717578000
16.055,3,Jun 05 2024 11: +0,1717581600
15.189,3,Jun 05 2024 12: +0,1717585200
15.442,7,Jun 05 2024 13: +0,1717588800
15.391,5,Jun 05 2024 14: +0,1717592400
15.623,7,Jun 05 2024 15: +0,1717596000
15.589,11,Jun 05 2024 16: +0,1717599600
15.572,10,Jun 05 2024 17: +0,1717603200
15.98,10,Jun 05 2024 18: +0,1717606800
15.875,11,Jun 05 2024 19: +0,1717610400
15.876,11,Jun 05 2024 20: +0,1717614000
16.757,4,Jun 05 2024 21: +0,1717617600
15.368,8,Jun 05 2024 22: +0,1717621200
16.295,9,Jun 05 2024 23: +0,1717624800
15.332,6,Jun 06 2024 00: +0,1717628400
16.09,6,Jun 06 2024 01: +0,1717632000
16.575,6,Jun 06 2024 02: +0,1717635600
15.782,5,Jun 06 2024 03: +0,1717639200
16.587,3,Jun 06 2024 04: +0,1717642800
15.332,5,Jun 06 2024 05: +0,1717646400
15.782,3,Jun 06 2024 06: +0,1717650000
15.782,3,Jun 06 2024 07: +0,1717653600
15.781,4,Jun 06 2024 08: +0,1717657200
15.403,5,Jun 06 2024 09: +0,1717660800
15.6,6,Jun 06 2024 10: +0,1717664400
15.514,7,Jun 06 2024 11: +0,1717668000
16.081,5,Jun 06 2024 12: +0,1717671600
15.805,6,Jun 06 2024 13: +0,1717675200
15.509,10,Jun 06 2024 14: +0,1717678800
15.387,9,Jun 06 2024 15: +0,1717682400
15.789,7,Jun 06 2024 16: +0,1717686000
15.539,6,Jun 06 2024 17: +0,1717689600
15.575,6,Jun 06 2024 18: +0,1717693200
16.06,9,Jun 06 2024 19: +0,1717696800
15.606,10,Jun 06 2024 20: +0,1717700400
16.462,9,Jun 06 2024 21: +0,1717704000
15.442,9,Jun 06 2024 22: +0,1717707600
16.807,11,Jun 06 2024 23: +0,1717711200
16.184,6,Jun 07 2024 00: +0,1717714800
15.122,6,Jun 07 2024 01: +0,1717718400
15.237,3,Jun 07 2024 02: +0,1717722000
16.113,3,Jun 07 2024 03: +0,1717725600
15.478,4,Jun 07 2024 04: +0,1717729200
15.237,5,Jun 07 2024 05: +0,1717732800
15.403,2,Jun 07 2024 06: +0,1717736400
15.682,3,Jun 07 2024 07: +0,1717740000
15.324,3,Jun 07 2024 08: +0,1717743600
15.173,6,Jun 07 2024 09: +0,1717747200
15.413,4,Jun 07 2024 10: +0,1717750800
15.237,8,Jun 07 2024 11: +0,1717754400
15.306,5,Jun 07 2024 12: +0,1717758000
14.855,4,Jun 07 2024 13: +0,1717761600
15.008,5,Jun 07 2024 14: +0,1717765200
15.172,5,Jun 07 2024 15: +0,1717768800
14.85,12,Jun 07 2024 16: +0,1717772400
14.75,10,Jun 07 2024 17: +0,1717776000
15.029,12,Jun 07 2024 18: +0,1717779600
14.596,10,Jun 07 2024 19: +0,1717783200
15.169,13,Jun 07 2024 20: +0,1717786800
14.837,4,Jun 07 2024 21: +0,1717790400
15.089,12,Jun 07 2024 22: +0,1717794000
15.158,6,Jun 07 2024 23: +0,1717797600
14.917,8,Jun 08 2024 00: +0,1717801200
15.343,10,Jun 08 2024 01: +0,1717804800
14.762,8,Jun 08 2024 02: +0,1717808400
14.609,5,Jun 08 2024 03: +0,1717812000
14.328,3,Jun 08 2024 04: +0,1717815600
14.313,9,Jun 08 2024 05: +0,1717819200
14.478,10,Jun 08 2024 06: +0,1717822800
14.731,5,Jun 08 2024 08: +0,1717830000
14.771,5,Jun 08 2024 09: +0,1717833600
14.588,6,Jun 08 2024 10: +0,1717837200
14.419,7,Jun 08 2024 11: +0,1717840800
14.421,8,Jun 08 2024 12: +0,1717844400
14.675,5,Jun 08 2024 13: +0,1717848000
14.456,8,Jun 08 2024 14: +0,1717851600
14.443,10,Jun 08 2024 15: +0,1717855200
14.27,8,Jun 08 2024 16: +0,1717858800
14.7,5,Jun 08 2024 17: +0,1717862400
14.461,15,Jun 08 2024 18: +0,1717866000
14.774,6,Jun 08 2024 19: +0,1717869600
14.876,10,Jun 08 2024 20: +0,1717873200
14.785,10,Jun 08 2024 21: +0,1717876800
14.328,6,Jun 08 2024 22: +0,1717880400
14.373,6,Jun 08 2024 23: +0,1717884000
14.556,10,Jun 09 2024 00: +0,1717887600
14.842,7,Jun 09 2024 01: +0,1717891200
15.008,5,Jun 09 2024 02: +0,1717894800
15.464,3,Jun 09 2024 03: +0,1717898400
14.534,9,Jun 09 2024 04: +0,1717902000
15.224,2,Jun 09 2024 05: +0,1717905600
14.648,6,Jun 09 2024 06: +0,1717909200
14.185,2,Jun 09 2024 07: +0,1717912800
14.474,4,Jun 09 2024 08: +0,1717916400
14.313,7,Jun 09 2024 09: +0,1717920000
14.784,5,Jun 09 2024 10: +0,1717923600
14.982,15,Jun 09 2024 11: +0,1717927200
14.305,9,Jun 09 2024 12: +0,1717930800
14.245,12,Jun 09 2024 13: +0,1717934400
14.9,10,Jun 09 2024 14: +0,1717938000
14.687,8,Jun 09 2024 15: +0,1717941600
15.16,7,Jun 09 2024 16: +0,1717945200
15.035,16,Jun 09 2024 17: +0,1717948800
14.69,10,Jun 09 2024 18: +0,1717952400
15.026,15,Jun 09 2024 19: +0,1717956000
15.238,12,Jun 09 2024 20: +0,1717959600
14.084,7,Jun 09 2024 21: +0,1717963200
14.569,7,Jun 09 2024 22: +0,1717966800
15.044,6,Jun 09 2024 23: +0,1717970400
14.577,10,Jun 10 2024 00: +0,1717974000
15.0,3,Jun 10 2024 01: +0,1717977600
14.953,4,Jun 10 2024 02: +0,1717981200
14.534,5,Jun 10 2024 03: +0,1717984800
14.968,3,Jun 10 2024 04: +0,1717988400
14.535,4,Jun 10 2024 05: +0,1717992000
14.607,5,Jun 10 2024 06: +0,1717995600
14.936,2,Jun 10 2024 07: +0,1717999200
14.297,5,Jun 10 2024 08: +0,1718002800
15.236,4,Jun 10 2024 09: +0,1718006400
15.146,3,Jun 10 2024 10: +0,1718010000
14.852,6,Jun 10 2024 11: +0,1718013600
14.957,8,Jun 10 2024 12: +0,1718017200
14.693,7,Jun 10 2024 13: +0,1718020800
14.534,7,Jun 10 2024 14: +0,1718024400
15.026,5,Jun 10 2024 15: +0,1718028000
14.588,10,Jun 10 2024 16: +0,1718031600
14.782,11,Jun 10 2024 17: +0,1718035200
14.483,10,Jun 10 2024 18: +0,1718038800
14.693,9,Jun 10 2024 19: +0,1718042400
14.513,15,Jun 10 2024 20: +0,1718046000
14.353,5,Jun 10 2024 21: +0,1718049600
14.546,7,Jun 10 2024 22: +0,1718053200
14.77,6,Jun 10 2024 23: +0,1718056800
14.832,10,Jun 11 2024 00: +0,1718060400
15.132,5,Jun 11 2024 01: +0,1718064000
14.38,6,Jun 11 2024 02: +0,1718067600
14.536,5,Jun 11 2024 03: +0,1718071200
14.356,4,Jun 11 2024 04: +0,1718074800
14.652,8,Jun 11 2024 05: +0,1718078400
14.415,13,Jun 11 2024 06: +0,1718082000
13.72,1,Jun 11 2024 07: +0,1718085600
15.205,5,Jun 11 2024 08: +0,1718089200
14.855,2,Jun 11 2024 09: +0,1718092800
14.612,6,Jun 11 2024 10: +0,1718096400
14.265,5,Jun 11 2024 11: +0,1718100000
14.234,3,Jun 11 2024 12: +0,1718103600
14.417,6,Jun 11 2024 13: +0,1718107200
14.632,10,Jun 11 2024 14: +0,1718110800
14.493,4,Jun 11 2024 15: +0,1718114400
14.234,7,Jun 11 2024 16: +0,1718118000
14.419,6,Jun 11 2024 17: +0,1718121600
14.424,12,Jun 11 2024 18: +0,1718125200
14.418,9,Jun 11 2024 19: +0,1718128800
14.225,15,Jun 11 2024 20: +0,1718132400
14.36,5,Jun 11 2024 21: +0,1718136000
14.601,7,Jun 11 2024 22: +0,1718139600
14.6,9,Jun 11 2024 23: +0,1718143200
14.751,6,Jun 12 2024 00: +0,1718146800
14.343,2,Jun 12 2024 01: +0,1718150400
14.569,4,Jun 12 2024 02: +0,1718154000
14.218,7,Jun 12 2024 03: +0,1718157600
15.006,6,Jun 12 2024 04: +0,1718161200
14.218,3,Jun 12 2024 06: +0,1718168400
15.174,8,Jun 12 2024 07: +0,1718172000
13.507,4,Jun 12 2024 08: +0,1718175600
14.857,5,Jun 12 2024 09: +0,1718179200
13.989,8,Jun 12 2024 10: +0,1718182800
14.193,8,Jun 12 2024 11: +0,1718186400
14.273,4,Jun 12 2024 12: +0,1718190000
14.144,9,Jun 12 2024 13: +0,1718193600
14.535,8,Jun 12 2024 14: +0,1718197200
14.302,10,Jun 12 2024 15: +0,1718200800
14.381,7,Jun 12 2024 16: +0,1718204400
14.167,11,Jun 12 2024 17: +0,1718208000
14.046,6,Jun 12 2024 18: +0,1718211600
14.316,8,Jun 12 2024 19: +0,1718215200
14.411,11,Jun 12 2024 20: +0,1718218800
14.581,12,Jun 12 2024 21: +0,1718222400
14.028,10,Jun 12 2024 22: +0,1718226000
14.318,3,Jun 12 2024 23: +0,1718229600
13.823,5,Jun 13 2024 00: +0,1718233200
14.123,3,Jun 13 2024 01: +0,1718236800
13.878,10,Jun 13 2024 02: +0,1718240400
14.137,6,Jun 13 2024 03: +0,1718244000
14.02,5,Jun 13 2024 04: +0,1718247600
14.512,4,Jun 13 2024 05: +0,1718251200
14.02,3,Jun 13 2024 06: +0,1718254800
14.118,5,Jun 13 2024 07: +0,1718258400
13.823,3,Jun 13 2024 08: +0,1718262000
13.625,3,Jun 13 2024 09: +0,1718265600
13.933,2,Jun 13 2024 10: +0,1718269200
14.224,4,Jun 13 2024 11: +0,1718272800
14.532,7,Jun 13 2024 12: +0,1718276400
14.058,6,Jun 13 2024 13: +0,1718280000
14.325,10,Jun 13 2024 14: +0,1718283600
14.598,7,Jun 13 2024 15: +0,1718287200
14.225,7,Jun 13 2024 16: +0,1718290800
13.933,12,Jun 13 2024 17: +0,1718294400
14.609,5,Jun 13 2024 18: +0,1718298000
14.615,9,Jun 13 2024 19: +0,1718301600
14.378,6,Jun 13 2024 20: +0,1718305200
14.668,9,Jun 13 2024 21: +0,1718308800
14.765,9,Jun 13 2024 22: +0,1718312400
13.689,4,Jun 13 2024 23: +0,1718316000
14.016,6,Jun 14 2024 00: +0,1718319600
14.488,5,Jun 14 2024 01: +0,1718323200
14.204,6,Jun 14 2024 02: +0,1718326800
14.478,9,Jun 14 2024 03: +0,1718330400
14.561,8,Jun 14 2024 04: +0,1718334000
14.129,4,Jun 14 2024 05: +0,1718337600
13.533,2,Jun 14 2024 06: +0,1718341200
14.22,6,Jun 14 2024 07: +0,1718344800
13.754,4,Jun 14 2024 08: +0,1718348400
13.238,5,Jun 14 2024 09: +0,1718352000
13.637,3,Jun 14 2024 10: +0,1718355600
13.619,8,Jun 14 2024 11: +0,1718359200
13.629,8,Jun 14 2024 12: +0,1718362800
13.624,8,Jun 14 2024 13: +0,1718366400
13.633,8,Jun 14 2024 14: +0,1718370000
13.726,5,Jun 14 2024 15: +0,1718373600
13.602,7,Jun 14 2024 16: +0,1718377200
13.623,14,Jun 14 2024 17: +0,1718380800
13.625,7,Jun 14 2024 18: +0,1718384400
13.634,11,Jun 14 2024 19: +0,1718388000
13.719,11,Jun 14 2024 20: +0,1718391600
14.053,10,Jun 14 2024 21: +0,1718395200
14.432,8,Jun 14 2024 22: +0,1718398800
14.273,8,Jun 14 2024 23: +0,1718402400
14.02,4,Jun 15 2024 00: +0,1718406000
13.538,6,Jun 15 2024 01: +0,1718409600
14.877,2,Jun 15 2024 02: +0,1718413200
13.836,8,Jun 15 2024 03: +0,1718416800
14.005,5,Jun 15 2024 04: +0,1718420400
13.803,6,Jun 15 2024 05: +0,1718424000
13.669,6,Jun 15 2024 06: +0,1718427600
13.89,4,Jun 15 2024 07: +0,1718431200
13.656,3,Jun 15 2024 08: +0,1718434800
13.811,6,Jun 15 2024 09: +0,1718438400
13.602,9,Jun 15 2024 10: +0,1718442000
13.848,6,Jun 15 2024 11: +0,1718445600
13.787,8,Jun 15 2024 12: +0,1718449200
13.611,6,Jun 15 2024 13: +0,1718452800
14.086,10,Jun 15 2024 14: +0,1718456400
13.796,9,Jun 15 2024 15: +0,1718460000
13.82,7,Jun 15 2024 16: +0,1718463600
14.446,6,Jun 15 2024 17: +0,1718467200
