price,quantity,date,unix timestamp
1.738,89,May 24 2017 01: +0,1495584000
1.315,123,May 25 2017 01: +0,1495670400
1.472,92,May 26 2017 01: +0,1495756800
1.361,80,May 27 2017 01: +0,1495843200
1.422,88,May 28 2017 01: +0,1495929600
1.394,56,May 29 2017 01: +0,1496016000
1.57,54,May 30 2017 01: +0,1496102400
1.52,44,May 31 2017 01: +0,1496188800
1.536,44,Jun 01 2017 01: +0,1496275200
1.66,44,Jun 02 2017 01: +0,1496361600
1.654,35,Jun 03 2017 01: +0,1496448000
1.648,45,Jun 04 2017 01: +0,1496534400
1.618,36,Jun 05 2017 01: +0,1496620800
1.694,40,Jun 06 2017 01: +0,1496707200
1.214,53,Jun 07 2017 01: +0,1496793600
0.915,96,Jun 08 2017 01: +0,1496880000
0.973,71,Jun 09 2017 01: +0,1496966400
0.981,81,Jun 10 2017 01: +0,1497052800
1.069,75,Jun 11 2017 01: +0,1497139200
1.069,57,Jun 12 2017 01: +0,1497225600
1.076,50,Jun 13 2017 01: +0,1497312000
1.011,53,Jun 14 2017 01: +0,1497398400
1.025,42,Jun 15 2017 01: +0,1497484800
1.061,52,Jun 16 2017 01: +0,1497571200
1.064,47,Jun 17 2017 01: +0,1497657600
1.07,51,Jun 18 2017 01: +0,1497744000
1.035,42,Jun 19 2017 01: +0,1497830400
1.081,39,Jun 20 2017 01: +0,1497916800
0.971,60,Jun 21 2017 01: +0,1498003200
0.767,62,Jun 22 2017 01: +0,1498089600
0.733,73,Jun 23 2017 01: +0,1498176000
0.731,71,Jun 24 2017 01: +0,1498262400
0.801,55,Jun 25 2017 01: +0,1498348800
0.825,56,Jun 26 2017 01: +0,1498435200
0.809,49,Jun 27 2017 01: +0,1498521600
0.856,54,Jun 28 2017 01: +0,1498608000
0.891,52,Jun 29 2017 01: +0,1498694400
0.865,58,Jun 30 2017 01: +0,1498780800
0.884,55,Jul 01 2017 01: +0,1498867200
0.884,53,Jul 02 2017 01: +0,1498953600
0.919,33,Jul 03 2017 01: +0,1499040000
0.929,37,Jul 04 2017 01: +0,1499126400
0.904,55,Jul 05 2017 01: +0,1499212800
0.944,61,Jul 06 2017 01: +0,1499299200
0.908,48,Jul 07 2017 01: +0,1499385600
0.896,42,Jul 08 2017 01: +0,1499472000
0.887,35,Jul 09 2017 01: +0,1499558400
0.902,49,Jul 10 2017 01: +0,1499644800
0.885,55,Jul 11 2017 01: +0,1499731200
0.857,50,Jul 12 2017 01: +0,1499817600
0.879,55,Jul 13 2017 01: +0,1499904000
0.902,51,Jul 14 2017 01: +0,1499990400
0.901,54,Jul 15 2017 01: +0,1500076800
0.876,47,Jul 16 2017 01: +0,1500163200
0.883,50,Jul 17 2017 01: +0,1500249600
0.9,54,Jul 18 2017 01: +0,1500336000
0.895,53,Jul 19 2017 01: +0,1500422400
0.888,68,Jul 20 2017 01: +0,1500508800
0.895,43,Jul 21 2017 01: +0,1500595200
0.886,60,Jul 22 2017 01: +0,1500681600
0.84,66,Jul 23 2017 01: +0,1500768000
0.813,41,Jul 24 2017 01: +0,1500854400
0.815,46,Jul 25 2017 01: +0,1500940800
0.825,61,Jul 26 2017 01: +0,1501027200
0.855,61,Jul 27 2017 01: +0,1501113600
0.871,64,Jul 28 2017 01: +0,1501200000
0.85,68,Jul 29 2017 01: +0,1501286400
0.88,57,Jul 30 2017 01: +0,1501372800
0.936,54,Jul 31 2017 01: +0,1501459200
0.912,43,Aug 01 2017 01: +0,1501545600
0.898,58,Aug 02 2017 01: +0,1501632000
0.831,72,Aug 03 2017 01: +0,1501718400
0.872,60,Aug 04 2017 01: +0,1501804800
0.888,68,Aug 05 2017 01: +0,1501891200
0.893,79,Aug 06 2017 01: +0,1501977600
0.89,49,Aug 07 2017 01: +0,1502064000
0.893,47,Aug 08 2017 01: +0,1502150400
0.892,60,Aug 09 2017 01: +0,1502236800
0.909,38,Aug 10 2017 01: +0,1502323200
0.858,40,Aug 11 2017 01: +0,1502409600
0.859,52,Aug 12 2017 01: +0,1502496000
0.827,65,Aug 13 2017 01: +0,1502582400
0.907,50,Aug 14 2017 01: +0,1502668800
0.903,54,Aug 15 2017 01: +0,1502755200
0.894,51,Aug 16 2017 01: +0,1502841600
0.886,54,Aug 17 2017 01: +0,1502928000
0.824,44,Aug 18 2017 01: +0,1503014400
0.805,66,Aug 19 2017 01: +0,1503100800
0.783,64,Aug 20 2017 01: +0,1503187200
0.776,57,Aug 21 2017 01: +0,1503273600
0.784,46,Aug 22 2017 01: +0,1503360000
0.803,55,Aug 23 2017 01: +0,1503446400
0.82,34,Aug 24 2017 01: +0,1503532800
0.793,58,Aug 25 2017 01: +0,1503619200
0.792,65,Aug 26 2017 01: +0,1503705600
0.798,50,Aug 27 2017 01: +0,1503792000
0.793,54,Aug 28 2017 01: +0,1503878400
0.776,38,Aug 29 2017 01: +0,1503964800
0.818,36,Aug 30 2017 01: +0,1504051200
0.822,48,Aug 31 2017 01: +0,1504137600
0.824,61,Sep 01 2017 01: +0,1504224000
0.804,72,Sep 02 2017 01: +0,1504310400
0.812,68,Sep 03 2017 01: +0,1504396800
0.815,57,Sep 04 2017 01: +0,1504483200
0.803,45,Sep 05 2017 01: +0,1504569600
0.803,53,Sep 06 2017 01: +0,1504656000
0.803,42,Sep 07 2017 01: +0,1504742400
0.815,43,Sep 08 2017 01: +0,1504828800
0.804,73,Sep 09 2017 01: +0,1504915200
0.817,46,Sep 10 2017 01: +0,1505001600
0.783,52,Sep 11 2017 01: +0,1505088000
0.805,38,Sep 12 2017 01: +0,1505174400
0.767,43,Sep 13 2017 01: +0,1505260800
0.761,50,Sep 14 2017 01: +0,1505347200
0.771,60,Sep 15 2017 01: +0,1505433600
0.818,72,Sep 16 2017 01: +0,1505520000
0.795,67,Sep 17 2017 01: +0,1505606400
0.827,61,Sep 18 2017 01: +0,1505692800
0.807,62,Sep 19 2017 01: +0,1505779200
0.818,53,Sep 20 2017 01: +0,1505865600
0.83,48,Sep 21 2017 01: +0,1505952000
0.828,51,Sep 22 2017 01: +0,1506038400
0.837,72,Sep 23 2017 01: +0,1506124800
0.798,62,Sep 24 2017 01: +0,1506211200
0.824,56,Sep 25 2017 01: +0,1506297600
0.848,47,Sep 26 2017 01: +0,1506384000
0.851,44,Sep 27 2017 01: +0,1506470400
0.854,41,Sep 28 2017 01: +0,1506556800
0.839,41,Sep 29 2017 01: +0,1506643200
0.845,50,Sep 30 2017 01: +0,1506729600
0.818,45,Oct 01 2017 01: +0,1506816000
0.793,31,Oct 02 2017 01: +0,1506902400
0.788,37,Oct 03 2017 01: +0,1506988800
0.786,41,Oct 04 2017 01: +0,1507075200
0.772,31,Oct 05 2017 01: +0,1507161600
0.774,46,Oct 06 2017 01: +0,1507248000
0.769,59,Oct 07 2017 01: +0,1507334400
0.764,51,Oct 08 2017 01: +0,1507420800
0.716,36,Oct 09 2017 01: +0,1507507200
0.773,37,Oct 10 2017 01: +0,1507593600
0.797,50,Oct 11 2017 01: +0,1507680000
0.756,34,Oct 12 2017 01: +0,1507766400
0.777,41,Oct 13 2017 01: +0,1507852800
0.808,42,Oct 14 2017 01: +0,1507939200
0.792,45,Oct 15 2017 01: +0,1508025600
0.733,49,Oct 16 2017 01: +0,1508112000
0.736,43,Oct 17 2017 01: +0,1508198400
0.779,50,Oct 18 2017 01: +0,1508284800
0.742,43,Oct 19 2017 01: +0,1508371200
0.766,39,Oct 20 2017 01: +0,1508457600
0.792,46,Oct 21 2017 01: +0,1508544000
0.735,39,Oct 22 2017 01: +0,1508630400
0.746,27,Oct 23 2017 01: +0,1508716800
0.717,28,Oct 24 2017 01: +0,1508803200
0.688,28,Oct 25 2017 01: +0,1508889600
0.702,39,Oct 26 2017 01: +0,1508976000
0.695,32,Oct 27 2017 01: +0,1509062400
0.677,43,Oct 28 2017 01: +0,1509148800
0.68,30,Oct 29 2017 01: +0,1509235200
0.676,33,Oct 30 2017 01: +0,1509325200
0.679,24,Oct 31 2017 01: +0,1509411600
0.671,42,Nov 01 2017 01: +0,1509498000
0.706,41,Nov 02 2017 01: +0,1509584400
0.74,47,Nov 03 2017 01: +0,1509670800
0.703,46,Nov 04 2017 01: +0,1509757200
0.701,45,Nov 05 2017 01: +0,1509843600
0.715,33,Nov 06 2017 01: +0,1509930000
0.723,28,Nov 07 2017 01: +0,1510016400
0.723,35,Nov 08 2017 01: +0,1510102800
0.74,39,Nov 09 2017 01: +0,1510189200
0.722,41,Nov 10 2017 01: +0,1510275600
0.725,44,Nov 11 2017 01: +0,1510362000
0.751,44,Nov 12 2017 01: +0,1510448400
0.734,38,Nov 13 2017 01: +0,1510534800
0.693,28,Nov 14 2017 01: +0,1510621200
0.676,36,Nov 15 2017 01: +0,1510707600
0.715,36,Nov 16 2017 01: +0,1510794000
0.735,44,Nov 17 2017 01: +0,1510880400
0.735,48,Nov 18 2017 01: +0,1510966800
0.756,50,Nov 19 2017 01: +0,1511053200
0.755,37,Nov 20 2017 01: +0,1511139600
0.798,35,Nov 21 2017 01: +0,1511226000
0.745,28,Nov 22 2017 01: +0,1511312400
0.723,43,Nov 23 2017 01: +0,1511398800
0.726,49,Nov 24 2017 01: +0,1511485200
0.75,40,Nov 25 2017 01: +0,1511571600
0.732,43,Nov 26 2017 01: +0,1511658000
0.697,33,Nov 27 2017 01: +0,1511744400
0.72,29,Nov 28 2017 01: +0,1511830800
0.749,30,Nov 29 2017 01: +0,1511917200
0.743,38,Nov 30 2017 01: +0,1512003600
0.801,32,Dec 01 2017 01: +0,1512090000
0.804,32,Dec 02 2017 01: +0,1512176400
0.811,39,Dec 03 2017 01: +0,1512262800
0.75,29,Dec 04 2017 01: +0,1512349200
0.788,28,Dec 05 2017 01: +0,1512435600
0.814,30,Dec 06 2017 01: +0,1512522000
0.81,26,Dec 07 2017 01: +0,1512608400
0.814,27,Dec 08 2017 01: +0,1512694800
0.85,35,Dec 09 2017 01: +0,1512781200
0.837,35,Dec 10 2017 01: +0,1512867600
0.853,27,Dec 11 2017 01: +0,1512954000
0.852,17,Dec 12 2017 01: +0,1513040400
0.783,15,Dec 13 2017 01: +0,1513126800
0.788,18,Dec 14 2017 01: +0,1513213200
0.802,27,Dec 15 2017 01: +0,1513299600
0.759,30,Dec 16 2017 01: +0,1513386000
0.797,31,Dec 17 2017 01: +0,1513472400
0.816,25,Dec 18 2017 01: +0,1513558800
0.798,26,Dec 19 2017 01: +0,1513645200
0.829,30,Dec 20 2017 01: +0,1513731600
0.772,34,Dec 21 2017 01: +0,1513818000
0.729,41,Dec 22 2017 01: +0,1513904400
0.692,40,Dec 23 2017 01: +0,1513990800
0.776,35,Dec 24 2017 01: +0,1514077200
0.857,36,Dec 25 2017 01: +0,1514163600
0.806,51,Dec 26 2017 01: +0,1514250000
0.904,37,Dec 27 2017 01: +0,1514336400
0.886,49,Dec 28 2017 01: +0,1514422800
0.935,23,Dec 29 2017 01: +0,1514509200
0.936,41,Dec 30 2017 01: +0,1514595600
0.962,29,Dec 31 2017 01: +0,1514682000
0.955,35,Jan 01 2018 01: +0,1514768400
1.005,41,Jan 02 2018 01: +0,1514854800
0.949,42,Jan 03 2018 01: +0,1514941200
0.892,31,Jan 04 2018 01: +0,1515027600
0.989,26,Jan 05 2018 01: +0,1515114000
1.077,25,Jan 06 2018 01: +0,1515200400
0.997,29,Jan 07 2018 01: +0,1515286800
0.972,23,Jan 08 2018 01: +0,1515373200
1.016,17,Jan 09 2018 01: +0,1515459600
1.018,26,Jan 10 2018 01: +0,1515546000
1.039,28,Jan 11 2018 01: +0,1515632400
1.119,33,Jan 12 2018 01: +0,1515718800
1.023,48,Jan 13 2018 01: +0,1515805200
1.082,33,Jan 14 2018 01: +0,1515891600
1.049,34,Jan 15 2018 01: +0,1515978000
1.008,45,Jan 16 2018 01: +0,1516064400
1.058,32,Jan 17 2018 01: +0,1516150800
1.169,38,Jan 18 2018 01: +0,1516237200
1.122,29,Jan 19 2018 01: +0,1516323600
1.177,45,Jan 20 2018 01: +0,1516410000
1.078,36,Jan 21 2018 01: +0,1516496400
1.072,27,Jan 22 2018 01: +0,1516582800
1.07,29,Jan 23 2018 01: +0,1516669200
1.132,37,Jan 24 2018 01: +0,1516755600
1.13,23,Jan 25 2018 01: +0,1516842000
1.103,32,Jan 26 2018 01: +0,1516928400
1.217,32,Jan 27 2018 01: +0,1517014800
1.18,35,Jan 28 2018 01: +0,1517101200
1.032,30,Jan 29 2018 01: +0,1517187600
1.136,29,Jan 30 2018 01: +0,1517274000
1.116,28,Jan 31 2018 01: +0,1517360400
1.047,25,Feb 01 2018 01: +0,1517446800
1.129,26,Feb 02 2018 01: +0,1517533200
1.125,34,Feb 03 2018 01: +0,1517619600
1.141,24,Feb 04 2018 01: +0,1517706000
1.088,16,Feb 05 2018 01: +0,1517792400
1.154,25,Feb 06 2018 01: +0,1517878800
1.203,22,Feb 07 2018 01: +0,1517965200
1.258,23,Feb 08 2018 01: +0,1518051600
1.223,32,Feb 09 2018 01: +0,1518138000
1.226,34,Feb 10 2018 01: +0,1518224400
1.356,24,Feb 11 2018 01: +0,1518310800
1.308,23,Feb 12 2018 01: +0,1518397200
1.208,28,Feb 13 2018 01: +0,1518483600
1.222,25,Feb 14 2018 01: +0,1518570000
1.164,25,Feb 15 2018 01: +0,1518656400
1.155,34,Feb 16 2018 01: +0,1518742800
1.286,44,Feb 17 2018 01: +0,1518829200
1.188,46,Feb 18 2018 01: +0,1518915600
1.243,38,Feb 19 2018 01: +0,1519002000
1.177,26,Feb 20 2018 01: +0,1519088400
1.16,33,Feb 21 2018 01: +0,1519174800
1.164,21,Feb 22 2018 01: +0,1519261200
1.217,40,Feb 23 2018 01: +0,1519347600
1.207,43,Feb 24 2018 01: +0,1519434000
1.314,36,Feb 25 2018 01: +0,1519520400
1.347,37,Feb 26 2018 01: +0,1519606800
1.304,42,Feb 27 2018 01: +0,1519693200
1.367,29,Feb 28 2018 01: +0,1519779600
1.425,28,Mar 01 2018 01: +0,1519866000
1.432,29,Mar 02 2018 01: +0,1519952400
1.364,43,Mar 03 2018 01: +0,1520038800
1.467,18,Mar 04 2018 01: +0,1520125200
1.359,28,Mar 05 2018 01: +0,1520211600
1.359,17,Mar 06 2018 01: +0,1520298000
1.311,21,Mar 07 2018 01: +0,1520384400
1.297,32,Mar 08 2018 01: +0,1520470800
1.244,18,Mar 09 2018 01: +0,1520557200
1.142,33,Mar 10 2018 01: +0,1520643600
1.191,20,Mar 11 2018 01: +0,1520730000
1.213,23,Mar 12 2018 01: +0,1520816400
1.312,16,Mar 13 2018 01: +0,1520902800
1.238,13,Mar 14 2018 01: +0,1520989200
1.152,15,Mar 15 2018 01: +0,1521075600
1.122,25,Mar 16 2018 01: +0,1521162000
1.133,25,Mar 17 2018 01: +0,1521248400
1.105,31,Mar 18 2018 01: +0,1521334800
1.127,21,Mar 19 2018 01: +0,1521421200
1.148,18,Mar 20 2018 01: +0,1521507600
1.259,25,Mar 21 2018 01: +0,1521594000
1.175,14,Mar 22 2018 01: +0,1521680400
1.127,23,Mar 23 2018 01: +0,1521766800
1.198,22,Mar 24 2018 01: +0,1521853200
1.142,21,Mar 25 2018 01: +0,1521939600
1.186,24,Mar 26 2018 01: +0,1522022400
1.185,17,Mar 27 2018 01: +0,1522108800
1.151,12,Mar 28 2018 01: +0,1522195200
1.058,17,Mar 29 2018 01: +0,1522281600
1.064,25,Mar 30 2018 01: +0,1522368000
1.007,32,Mar 31 2018 01: +0,1522454400
1.013,13,Apr 01 2018 01: +0,1522540800
1.106,14,Apr 02 2018 01: +0,1522627200
0.955,30,Apr 03 2018 01: +0,1522713600
1.011,15,Apr 04 2018 01: +0,1522800000
0.967,24,Apr 05 2018 01: +0,1522886400
1.105,21,Apr 06 2018 01: +0,1522972800
1.029,23,Apr 07 2018 01: +0,1523059200
0.968,19,Apr 08 2018 01: +0,1523145600
1.082,19,Apr 09 2018 01: +0,1523232000
1.067,13,Apr 10 2018 01: +0,1523318400
0.982,11,Apr 11 2018 01: +0,1523404800
0.988,14,Apr 12 2018 01: +0,1523491200
1.023,13,Apr 13 2018 01: +0,1523577600
0.997,20,Apr 14 2018 01: +0,1523664000
1.141,17,Apr 15 2018 01: +0,1523750400
1.135,11,Apr 16 2018 01: +0,1523836800
1.073,6,Apr 17 2018 01: +0,1523923200
1.029,8,Apr 18 2018 01: +0,1524009600
1.044,19,Apr 19 2018 01: +0,1524096000
1.135,19,Apr 20 2018 01: +0,1524182400
1.125,11,Apr 21 2018 01: +0,1524268800
1.081,12,Apr 22 2018 01: +0,1524355200
1.058,17,Apr 23 2018 01: +0,1524441600
1.155,9,Apr 24 2018 01: +0,1524528000
1.054,10,Apr 25 2018 01: +0,1524614400
1.099,5,Apr 26 2018 01: +0,1524700800
1.137,16,Apr 27 2018 01: +0,1524787200
1.105,11,Apr 28 2018 01: +0,1524873600
0.95,8,Apr 29 2018 01: +0,1524960000
1.03,9,Apr 30 2018 01: +0,1525046400
0.947,12,May 01 2018 01: +0,1525132800
0.948,17,May 02 2018 01: +0,1525219200
0.989,13,May 03 2018 01: +0,1525305600
0.984,13,May 04 2018 01: +0,1525392000
1.017,16,May 05 2018 01: +0,1525478400
0.972,14,May 06 2018 01: +0,1525564800
1.04,18,May 07 2018 01: +0,1525651200
0.983,12,May 08 2018 01: +0,1525737600
0.92,17,May 09 2018 01: +0,1525824000
0.981,15,May 10 2018 01: +0,1525910400
0.974,17,May 11 2018 01: +0,1525996800
0.94,11,May 12 2018 01: +0,1526083200
0.968,16,May 13 2018 01: +0,1526169600
1.028,8,May 14 2018 01: +0,1526256000
0.974,11,May 15 2018 01: +0,1526342400
0.983,10,May 16 2018 01: +0,1526428800
0.97,10,May 17 2018 01: +0,1526515200
0.85,11,May 18 2018 01: +0,1526601600
0.87,18,May 19 2018 01: +0,1526688000
0.965,21,May 20 2018 01: +0,1526774400
0.999,13,May 21 2018 01: +0,1526860800
0.97,14,May 22 2018 01: +0,1526947200
1.012,10,May 23 2018 01: +0,1527033600
0.932,9,May 24 2018 01: +0,1527120000
0.962,10,May 25 2018 01: +0,1527206400
0.9,16,May 26 2018 01: +0,1527292800
1.062,11,May 27 2018 01: +0,1527379200
1.076,13,May 28 2018 01: +0,1527465600
1.039,9,May 29 2018 01: +0,1527552000
1.036,9,May 30 2018 01: +0,1527638400
1.019,12,May 31 2018 01: +0,1527724800
0.987,12,Jun 01 2018 01: +0,1527811200
1.004,17,Jun 02 2018 01: +0,1527897600
1.035,11,Jun 03 2018 01: +0,1527984000
1.057,12,Jun 04 2018 01: +0,1528070400
1.032,15,Jun 05 2018 01: +0,1528156800
0.983,8,Jun 06 2018 01: +0,1528243200
1.036,14,Jun 07 2018 01: +0,1528329600
1.03,13,Jun 08 2018 01: +0,1528416000
1.032,11,Jun 09 2018 01: +0,1528502400
0.98,9,Jun 10 2018 01: +0,1528588800
0.995,9,Jun 11 2018 01: +0,1528675200
0.921,11,Jun 12 2018 01: +0,1528761600
0.972,18,Jun 13 2018 01: +0,1528848000
1.045,17,Jun 14 2018 01: +0,1528934400
1.027,14,Jun 15 2018 01: +0,1529020800
0.942,10,Jun 16 2018 01: +0,1529107200
0.962,14,Jun 17 2018 01: +0,1529193600
0.997,12,Jun 18 2018 01: +0,1529280000
0.958,12,Jun 19 2018 01: +0,1529366400
0.996,11,Jun 20 2018 01: +0,1529452800
0.864,14,Jun 21 2018 01: +0,1529539200
0.82,14,Jun 22 2018 01: +0,1529625600
0.788,19,Jun 23 2018 01: +0,1529712000
0.859,23,Jun 24 2018 01: +0,1529798400
0.928,15,Jun 25 2018 01: +0,1529884800
0.867,15,Jun 26 2018 01: +0,1529971200
0.907,19,Jun 27 2018 01: +0,1530057600
0.961,9,Jun 28 2018 01: +0,1530144000
0.904,9,Jun 29 2018 01: +0,1530230400
0.983,9,Jun 30 2018 01: +0,1530316800
0.843,10,Jul 01 2018 01: +0,1530403200
0.846,8,Jul 02 2018 01: +0,1530489600
0.826,15,Jul 03 2018 01: +0,1530576000
0.965,18,Jul 04 2018 01: +0,1530662400
0.961,15,Jul 05 2018 01: +0,1530748800
1.033,13,Jul 06 2018 01: +0,1530835200
0.952,16,Jul 07 2018 01: +0,1530921600
1.028,13,Jul 08 2018 01: +0,1531008000
1.151,11,Jul 09 2018 01: +0,1531094400
1.095,10,Jul 10 2018 01: +0,1531180800
1.05,8,Jul 11 2018 01: +0,1531267200
1.111,10,Jul 12 2018 01: +0,1531353600
1.138,6,Jul 13 2018 01: +0,1531440000
1.19,8,Jul 14 2018 01: +0,1531526400
1.163,15,Jul 15 2018 01: +0,1531612800
1.131,19,Jul 16 2018 01: +0,1531699200
1.102,13,Jul 17 2018 01: +0,1531785600
1.078,14,Jul 18 2018 01: +0,1531872000
1.114,13,Jul 19 2018 01: +0,1531958400
1.139,10,Jul 20 2018 01: +0,1532044800
1.099,14,Jul 21 2018 01: +0,1532131200
1.147,11,Jul 22 2018 01: +0,1532217600
1.14,9,Jul 23 2018 01: +0,1532304000
1.052,13,Jul 24 2018 01: +0,1532390400
1.118,10,Jul 25 2018 01: +0,1532476800
1.187,9,Jul 26 2018 01: +0,1532563200
1.128,15,Jul 27 2018 01: +0,1532649600
1.075,7,Jul 28 2018 01: +0,1532736000
1.08,17,Jul 29 2018 01: +0,1532822400
1.159,18,Jul 30 2018 01: +0,1532908800
1.19,7,Jul 31 2018 01: +0,1532995200
1.164,6,Aug 01 2018 01: +0,1533081600
1.132,11,Aug 02 2018 01: +0,1533168000
1.118,15,Aug 03 2018 01: +0,1533254400
1.173,17,Aug 04 2018 01: +0,1533340800
1.239,18,Aug 05 2018 01: +0,1533427200
1.348,12,Aug 06 2018 01: +0,1533513600
1.289,20,Aug 07 2018 01: +0,1533600000
1.34,14,Aug 08 2018 01: +0,1533686400
1.418,15,Aug 09 2018 01: +0,1533772800
1.412,10,Aug 10 2018 01: +0,1533859200
1.269,10,Aug 11 2018 01: +0,1533945600
1.4,18,Aug 12 2018 01: +0,1534032000
1.49,12,Aug 13 2018 01: +0,1534118400
1.416,17,Aug 14 2018 01: +0,1534204800
1.361,7,Aug 15 2018 01: +0,1534291200
1.378,6,Aug 16 2018 01: +0,1534377600
1.466,7,Aug 17 2018 01: +0,1534464000
1.408,7,Aug 18 2018 01: +0,1534550400
1.463,11,Aug 19 2018 01: +0,1534636800
1.345,14,Aug 20 2018 01: +0,1534723200
1.255,20,Aug 21 2018 01: +0,1534809600
1.336,19,Aug 22 2018 01: +0,1534896000
1.452,15,Aug 23 2018 01: +0,1534982400
1.468,9,Aug 24 2018 01: +0,1535068800
1.411,8,Aug 25 2018 01: +0,1535155200
1.386,17,Aug 26 2018 01: +0,1535241600
1.42,9,Aug 27 2018 01: +0,1535328000
1.269,14,Aug 28 2018 01: +0,1535414400
1.288,18,Aug 29 2018 01: +0,1535500800
1.318,16,Aug 30 2018 01: +0,1535587200
1.249,10,Aug 31 2018 01: +0,1535673600
1.298,4,Sep 01 2018 01: +0,1535760000
1.276,11,Sep 02 2018 01: +0,1535846400
1.468,8,Sep 03 2018 01: +0,1535932800
1.391,9,Sep 04 2018 01: +0,1536019200
1.369,6,Sep 05 2018 01: +0,1536105600
1.358,10,Sep 06 2018 01: +0,1536192000
1.378,12,Sep 07 2018 01: +0,1536278400
1.389,11,Sep 08 2018 01: +0,1536364800
1.556,7,Sep 09 2018 01: +0,1536451200
1.581,8,Sep 10 2018 01: +0,1536537600
1.368,7,Sep 11 2018 01: +0,1536624000
1.416,17,Sep 12 2018 01: +0,1536710400
1.501,11,Sep 13 2018 01: +0,1536796800
1.494,8,Sep 14 2018 01: +0,1536883200
1.558,13,Sep 15 2018 01: +0,1536969600
1.398,13,Sep 16 2018 01: +0,1537056000
1.419,12,Sep 17 2018 01: +0,1537142400
1.489,12,Sep 18 2018 01: +0,1537228800
1.506,7,Sep 19 2018 01: +0,1537315200
1.41,8,Sep 20 2018 01: +0,1537401600
1.384,8,Sep 21 2018 01: +0,1537488000
1.381,13,Sep 22 2018 01: +0,1537574400
1.407,14,Sep 23 2018 01: +0,1537660800
1.46,14,Sep 24 2018 01: +0,1537747200
1.526,9,Sep 25 2018 01: +0,1537833600
1.533,16,Sep 26 2018 01: +0,1537920000
1.626,9,Sep 27 2018 01: +0,1538006400
1.681,10,Sep 28 2018 01: +0,1538092800
1.605,14,Sep 29 2018 01: +0,1538179200
1.472,13,Sep 30 2018 01: +0,1538265600
1.472,7,Oct 01 2018 01: +0,1538352000
1.702,12,Oct 02 2018 01: +0,1538438400
1.657,3,Oct 03 2018 01: +0,1538524800
1.547,9,Oct 04 2018 01: +0,1538611200
1.61,8,Oct 05 2018 01: +0,1538697600
1.593,14,Oct 06 2018 01: +0,1538784000
1.604,6,Oct 07 2018 01: +0,1538870400
1.57,9,Oct 08 2018 01: +0,1538956800
1.494,3,Oct 09 2018 01: +0,1539043200
1.576,8,Oct 10 2018 01: +0,1539129600
1.319,10,Oct 11 2018 01: +0,1539216000
1.488,12,Oct 12 2018 01: +0,1539302400
1.526,8,Oct 13 2018 01: +0,1539388800
1.543,12,Oct 14 2018 01: +0,1539475200
1.483,6,Oct 15 2018 01: +0,1539561600
1.433,10,Oct 16 2018 01: +0,1539648000
1.44,3,Oct 17 2018 01: +0,1539734400
1.348,7,Oct 18 2018 01: +0,1539820800
1.485,8,Oct 19 2018 01: +0,1539907200
1.455,6,Oct 20 2018 01: +0,1539993600
1.319,13,Oct 21 2018 01: +0,1540080000
1.468,6,Oct 22 2018 01: +0,1540166400
1.375,6,Oct 23 2018 01: +0,1540252800
1.351,14,Oct 24 2018 01: +0,1540339200
1.394,12,Oct 25 2018 01: +0,1540425600
1.333,7,Oct 26 2018 01: +0,1540512000
1.385,12,Oct 27 2018 01: +0,1540598400
1.44,6,Oct 28 2018 01: +0,1540684800
1.318,8,Oct 29 2018 01: +0,1540774800
1.238,9,Oct 30 2018 01: +0,1540861200
1.379,7,Oct 31 2018 01: +0,1540947600
1.34,7,Nov 01 2018 01: +0,1541034000
1.376,5,Nov 02 2018 01: +0,1541120400
1.319,6,Nov 03 2018 01: +0,1541206800
1.231,10,Nov 04 2018 01: +0,1541293200
1.289,13,Nov 05 2018 01: +0,1541379600
1.288,4,Nov 06 2018 01: +0,1541466000
1.306,7,Nov 07 2018 01: +0,1541552400
1.348,7,Nov 08 2018 01: +0,1541638800
1.186,7,Nov 09 2018 01: +0,1541725200
1.181,14,Nov 10 2018 01: +0,1541811600
1.095,14,Nov 11 2018 01: +0,1541898000
1.182,11,Nov 12 2018 01: +0,1541984400
1.215,5,Nov 13 2018 01: +0,1542070800
1.231,11,Nov 14 2018 01: +0,1542157200
1.163,13,Nov 15 2018 01: +0,1542243600
1.354,13,Nov 16 2018 01: +0,1542330000
1.421,7,Nov 17 2018 01: +0,1542416400
1.455,7,Nov 18 2018 01: +0,1542502800
1.393,7,Nov 19 2018 01: +0,1542589200
1.466,6,Nov 20 2018 01: +0,1542675600
1.4,9,Nov 21 2018 01: +0,1542762000
1.335,10,Nov 22 2018 01: +0,1542848400
1.067,9,Nov 23 2018 01: +0,1542934800
1.235,11,Nov 24 2018 01: +0,1543021200
1.139,9,Nov 25 2018 01: +0,1543107600
1.13,11,Nov 26 2018 01: +0,1543194000
1.25,7,Nov 27 2018 01: +0,1543280400
1.362,8,Nov 28 2018 01: +0,1543366800
1.254,4,Nov 29 2018 01: +0,1543453200
1.262,21,Nov 30 2018 01: +0,1543539600
1.231,9,Dec 01 2018 01: +0,1543626000
1.176,14,Dec 02 2018 01: +0,1543712400
1.166,12,Dec 03 2018 01: +0,1543798800
1.397,11,Dec 04 2018 01: +0,1543885200
1.483,5,Dec 05 2018 01: +0,1543971600
1.247,6,Dec 06 2018 01: +0,1544058000
1.362,8,Dec 07 2018 01: +0,1544144400
1.467,19,Dec 08 2018 01: +0,1544230800
1.61,19,Dec 09 2018 01: +0,1544317200
1.6,11,Dec 10 2018 01: +0,1544403600
1.615,8,Dec 11 2018 01: +0,1544490000
1.554,15,Dec 12 2018 01: +0,1544576400
1.627,8,Dec 13 2018 01: +0,1544662800
1.543,8,Dec 14 2018 01: +0,1544749200
1.349,8,Dec 15 2018 01: +0,1544835600
1.491,12,Dec 16 2018 01: +0,1544922000
1.48,7,Dec 17 2018 01: +0,1545008400
1.366,8,Dec 18 2018 01: +0,1545094800
1.407,12,Dec 19 2018 01: +0,1545181200
1.359,7,Dec 20 2018 01: +0,1545267600
1.193,18,Dec 21 2018 01: +0,1545354000
1.185,10,Dec 22 2018 01: +0,1545440400
1.136,15,Dec 23 2018 01: +0,1545526800
1.271,13,Dec 24 2018 01: +0,1545613200
1.298,11,Dec 25 2018 01: +0,1545699600
1.411,15,Dec 26 2018 01: +0,1545786000
1.356,8,Dec 27 2018 01: +0,1545872400
1.441,10,Dec 28 2018 01: +0,1545958800
1.334,16,Dec 29 2018 01: +0,1546045200
1.447,14,Dec 30 2018 01: +0,1546131600
1.493,13,Dec 31 2018 01: +0,1546218000
1.433,8,Jan 01 2019 01: +0,1546304400
1.559,14,Jan 02 2019 01: +0,1546390800
1.424,16,Jan 03 2019 01: +0,1546477200
1.569,6,Jan 04 2019 01: +0,1546563600
1.481,15,Jan 05 2019 01: +0,1546650000
1.511,15,Jan 06 2019 01: +0,1546736400
1.368,12,Jan 07 2019 01: +0,1546822800
1.559,16,Jan 08 2019 01: +0,1546909200
1.56,13,Jan 09 2019 01: +0,1546995600
1.47,9,Jan 10 2019 01: +0,1547082000
1.43,13,Jan 11 2019 01: +0,1547168400
1.503,17,Jan 12 2019 01: +0,1547254800
1.488,19,Jan 13 2019 01: +0,1547341200
1.723,4,Jan 14 2019 01: +0,1547427600
1.552,8,Jan 15 2019 01: +0,1547514000
1.612,12,Jan 16 2019 01: +0,1547600400
1.577,17,Jan 17 2019 01: +0,1547686800
1.544,10,Jan 18 2019 01: +0,1547773200
1.645,14,Jan 19 2019 01: +0,1547859600
1.553,10,Jan 20 2019 01: +0,1547946000
1.61,9,Jan 21 2019 01: +0,1548032400
1.632,9,Jan 22 2019 01: +0,1548118800
1.56,15,Jan 23 2019 01: +0,1548205200
1.642,13,Jan 24 2019 01: +0,1548291600
1.849,10,Jan 25 2019 01: +0,1548378000
1.807,17,Jan 26 2019 01: +0,1548464400
1.7,10,Jan 27 2019 01: +0,1548550800
1.696,6,Jan 28 2019 01: +0,1548637200
1.763,14,Jan 29 2019 01: +0,1548723600
1.814,7,Jan 30 2019 01: +0,1548810000
1.722,7,Jan 31 2019 01: +0,1548896400
1.809,5,Feb 01 2019 01: +0,1548982800
1.767,19,Feb 02 2019 01: +0,1549069200
1.77,8,Feb 03 2019 01: +0,1549155600
1.634,9,Feb 04 2019 01: +0,1549242000
1.5,9,Feb 05 2019 01: +0,1549328400
1.6,9,Feb 06 2019 01: +0,1549414800
1.617,8,Feb 07 2019 01: +0,1549501200
1.539,13,Feb 08 2019 01: +0,1549587600
1.544,4,Feb 09 2019 01: +0,1549674000
1.586,9,Feb 10 2019 01: +0,1549760400
1.563,5,Feb 11 2019 01: +0,1549846800
1.606,7,Feb 12 2019 01: +0,1549933200
1.445,8,Feb 13 2019 01: +0,1550019600
1.529,6,Feb 14 2019 01: +0,1550106000
1.615,9,Feb 15 2019 01: +0,1550192400
1.592,8,Feb 16 2019 01: +0,1550278800
1.529,5,Feb 17 2019 01: +0,1550365200
1.571,8,Feb 18 2019 01: +0,1550451600
1.628,8,Feb 19 2019 01: +0,1550538000
1.502,5,Feb 20 2019 01: +0,1550624400
1.765,6,Feb 21 2019 01: +0,1550710800
1.705,8,Feb 22 2019 01: +0,1550797200
1.633,6,Feb 23 2019 01: +0,1550883600
1.711,7,Feb 24 2019 01: +0,1550970000
1.667,9,Feb 25 2019 01: +0,1551056400
1.739,9,Feb 26 2019 01: +0,1551142800
1.712,9,Feb 27 2019 01: +0,1551229200
1.694,6,Feb 28 2019 01: +0,1551315600
1.679,11,Mar 01 2019 01: +0,1551402000
1.78,7,Mar 02 2019 01: +0,1551488400
1.821,7,Mar 03 2019 01: +0,1551574800
4.009,29,Mar 04 2019 01: +0,1551661200
2.344,11,Mar 05 2019 01: +0,1551747600
2.678,11,Mar 06 2019 01: +0,1551834000
2.597,8,Mar 07 2019 01: +0,1551920400
2.622,31,Mar 08 2019 01: +0,1552006800
3.053,14,Mar 09 2019 01: +0,1552093200
2.214,5,Mar 10 2019 01: +0,1552179600
2.084,5,Mar 11 2019 01: +0,1552266000
2.049,6,Mar 12 2019 01: +0,1552352400
1.978,8,Mar 13 2019 01: +0,1552438800
2.196,10,Mar 14 2019 01: +0,1552525200
1.941,16,Mar 15 2019 01: +0,1552611600
2.179,18,Mar 16 2019 01: +0,1552698000
2.298,17,Mar 17 2019 01: +0,1552784400
2.172,12,Mar 18 2019 01: +0,1552870800
2.67,17,Mar 19 2019 01: +0,1552957200
2.772,15,Mar 20 2019 01: +0,1553043600
2.727,8,Mar 21 2019 01: +0,1553130000
2.482,14,Mar 22 2019 01: +0,1553216400
2.702,10,Mar 23 2019 01: +0,1553302800
2.685,5,Mar 24 2019 01: +0,1553389200
2.494,3,Mar 25 2019 01: +0,1553475600
2.85,15,Mar 26 2019 01: +0,1553562000
2.363,5,Mar 27 2019 01: +0,1553648400
2.363,3,Mar 28 2019 01: +0,1553734800
2.209,9,Mar 29 2019 01: +0,1553821200
2.183,8,Mar 30 2019 01: +0,1553907600
2.097,7,Mar 31 2019 01: +0,1553994000
2.038,6,Apr 01 2019 01: +0,1554076800
2.025,12,Apr 02 2019 01: +0,1554163200
2.083,8,Apr 03 2019 01: +0,1554249600
1.897,5,Apr 04 2019 01: +0,1554336000
2.027,8,Apr 05 2019 01: +0,1554422400
1.909,10,Apr 06 2019 01: +0,1554508800
1.788,8,Apr 07 2019 01: +0,1554595200
2.036,6,Apr 08 2019 01: +0,1554681600
1.959,6,Apr 09 2019 01: +0,1554768000
1.953,8,Apr 10 2019 01: +0,1554854400
1.853,13,Apr 11 2019 01: +0,1554940800
1.882,5,Apr 12 2019 01: +0,1555027200
1.803,8,Apr 13 2019 01: +0,1555113600
1.843,18,Apr 14 2019 01: +0,1555200000
1.805,5,Apr 15 2019 01: +0,1555286400
1.803,6,Apr 16 2019 01: +0,1555372800
1.766,5,Apr 17 2019 01: +0,1555459200
1.902,7,Apr 18 2019 01: +0,1555545600
1.777,9,Apr 19 2019 01: +0,1555632000
1.949,6,Apr 20 2019 01: +0,1555718400
1.787,10,Apr 21 2019 01: +0,1555804800
1.824,4,Apr 22 2019 01: +0,1555891200
1.788,7,Apr 23 2019 01: +0,1555977600
1.863,6,Apr 24 2019 01: +0,1556064000
1.913,5,Apr 25 2019 01: +0,1556150400
1.797,4,Apr 26 2019 01: +0,1556236800
1.864,6,Apr 27 2019 01: +0,1556323200
1.959,7,Apr 28 2019 01: +0,1556409600
1.927,6,Apr 29 2019 01: +0,1556496000
2.037,5,Apr 30 2019 01: +0,1556582400
1.915,6,May 01 2019 01: +0,1556668800
1.705,3,May 02 2019 01: +0,1556755200
1.804,2,May 03 2019 01: +0,1556841600
1.85,10,May 04 2019 01: +0,1556928000
1.78,8,May 05 2019 01: +0,1557014400
1.606,6,May 06 2019 01: +0,1557100800
1.777,7,May 07 2019 01: +0,1557187200
1.693,5,May 08 2019 01: +0,1557273600
1.678,3,May 09 2019 01: +0,1557360000
1.694,6,May 10 2019 01: +0,1557446400
1.769,7,May 11 2019 01: +0,1557532800
1.411,6,May 12 2019 01: +0,1557619200
1.53,9,May 13 2019 01: +0,1557705600
1.584,9,May 14 2019 01: +0,1557792000
1.589,6,May 15 2019 01: +0,1557878400
1.472,2,May 16 2019 01: +0,1557964800
1.62,8,May 17 2019 01: +0,1558051200
1.591,7,May 18 2019 01: +0,1558137600
1.751,7,May 19 2019 01: +0,1558224000
1.643,4,May 20 2019 01: +0,1558310400
1.761,8,May 21 2019 01: +0,1558396800
1.332,4,May 22 2019 01: +0,1558483200
1.744,5,May 23 2019 01: +0,1558569600
1.655,4,May 24 2019 01: +0,1558656000
1.701,8,May 25 2019 01: +0,1558742400
1.618,6,May 26 2019 01: +0,1558828800
1.368,5,May 27 2019 01: +0,1558915200
1.47,8,May 28 2019 01: +0,1559001600
1.495,2,May 29 2019 01: +0,1559088000
1.518,10,May 30 2019 01: +0,1559174400
1.537,5,May 31 2019 01: +0,1559260800
1.502,8,Jun 01 2019 01: +0,1559347200
1.477,9,Jun 02 2019 01: +0,1559433600
1.478,11,Jun 03 2019 01: +0,1559520000
1.602,8,Jun 04 2019 01: +0,1559606400
1.501,3,Jun 05 2019 01: +0,1559692800
1.559,6,Jun 06 2019 01: +0,1559779200
1.618,4,Jun 07 2019 01: +0,1559865600
1.514,6,Jun 08 2019 01: +0,1559952000
1.556,9,Jun 09 2019 01: +0,1560038400
1.424,10,Jun 10 2019 01: +0,1560124800
1.622,8,Jun 11 2019 01: +0,1560211200
1.45,11,Jun 12 2019 01: +0,1560297600
1.533,7,Jun 13 2019 01: +0,1560384000
1.569,7,Jun 14 2019 01: +0,1560470400
1.503,10,Jun 15 2019 01: +0,1560556800
1.667,3,Jun 16 2019 01: +0,1560643200
1.488,7,Jun 17 2019 01: +0,1560729600
1.722,9,Jun 18 2019 01: +0,1560816000
1.631,6,Jun 19 2019 01: +0,1560902400
1.511,4,Jun 20 2019 01: +0,1560988800
1.511,8,Jun 21 2019 01: +0,1561075200
1.57,9,Jun 22 2019 01: +0,1561161600
1.481,8,Jun 23 2019 01: +0,1561248000
1.503,5,Jun 24 2019 01: +0,1561334400
1.505,8,Jun 25 2019 01: +0,1561420800
1.491,8,Jun 26 2019 01: +0,1561507200
1.296,10,Jun 27 2019 01: +0,1561593600
1.41,6,Jun 28 2019 01: +0,1561680000
1.314,4,Jun 29 2019 01: +0,1561766400
1.367,9,Jun 30 2019 01: +0,1561852800
1.605,5,Jul 01 2019 01: +0,1561939200
1.484,4,Jul 02 2019 01: +0,1562025600
1.445,8,Jul 03 2019 01: +0,1562112000
1.313,9,Jul 04 2019 01: +0,1562198400
1.388,12,Jul 05 2019 01: +0,1562284800
1.363,6,Jul 06 2019 01: +0,1562371200
1.44,11,Jul 07 2019 01: +0,1562457600
1.433,3,Jul 08 2019 01: +0,1562544000
1.446,7,Jul 09 2019 01: +0,1562630400
1.5,9,Jul 10 2019 01: +0,1562716800
1.56,9,Jul 11 2019 01: +0,1562803200
1.284,6,Jul 12 2019 01: +0,1562889600
1.515,7,Jul 13 2019 01: +0,1562976000
1.613,9,Jul 14 2019 01: +0,1563062400
1.62,7,Jul 15 2019 01: +0,1563148800
1.678,5,Jul 16 2019 01: +0,1563235200
1.56,7,Jul 17 2019 01: +0,1563321600
1.767,5,Jul 18 2019 01: +0,1563408000
1.559,8,Jul 19 2019 01: +0,1563494400
1.684,6,Jul 20 2019 01: +0,1563580800
1.361,3,Jul 21 2019 01: +0,1563667200
1.559,8,Jul 22 2019 01: +0,1563753600
1.646,8,Jul 23 2019 01: +0,1563840000
1.48,6,Jul 24 2019 01: +0,1563926400
1.583,5,Jul 25 2019 01: +0,1564012800
1.611,2,Jul 26 2019 01: +0,1564099200
1.594,7,Jul 27 2019 01: +0,1564185600
1.534,5,Jul 28 2019 01: +0,1564272000
1.41,11,Jul 29 2019 01: +0,1564358400
1.546,5,Jul 30 2019 01: +0,1564444800
1.546,6,Jul 31 2019 01: +0,1564531200
1.621,7,Aug 01 2019 01: +0,1564617600
1.532,8,Aug 02 2019 01: +0,1564704000
1.599,5,Aug 03 2019 01: +0,1564790400
1.531,5,Aug 04 2019 01: +0,1564876800
1.559,11,Aug 05 2019 01: +0,1564963200
1.606,9,Aug 06 2019 01: +0,1565049600
1.495,2,Aug 07 2019 01: +0,1565136000
1.466,12,Aug 08 2019 01: +0,1565222400
1.629,5,Aug 09 2019 01: +0,1565308800
1.628,7,Aug 10 2019 01: +0,1565395200
1.643,6,Aug 11 2019 01: +0,1565481600
1.627,6,Aug 12 2019 01: +0,1565568000
1.653,4,Aug 13 2019 01: +0,1565654400
1.587,12,Aug 14 2019 01: +0,1565740800
1.646,7,Aug 15 2019 01: +0,1565827200
1.591,7,Aug 16 2019 01: +0,1565913600
1.596,10,Aug 17 2019 01: +0,1566000000
1.566,11,Aug 18 2019 01: +0,1566086400
1.565,9,Aug 19 2019 01: +0,1566172800
1.691,8,Aug 20 2019 01: +0,1566259200
1.611,14,Aug 21 2019 01: +0,1566345600
1.673,11,Aug 22 2019 01: +0,1566432000
1.758,8,Aug 23 2019 01: +0,1566518400
1.607,12,Aug 24 2019 01: +0,1566604800
1.787,7,Aug 25 2019 01: +0,1566691200
1.694,10,Aug 26 2019 01: +0,1566777600
1.619,9,Aug 27 2019 01: +0,1566864000
1.577,7,Aug 28 2019 01: +0,1566950400
1.478,11,Aug 29 2019 01: +0,1567036800
1.615,5,Aug 30 2019 01: +0,1567123200
1.728,11,Aug 31 2019 01: +0,1567209600
1.701,6,Sep 01 2019 01: +0,1567296000
1.715,10,Sep 02 2019 01: +0,1567382400
1.615,11,Sep 03 2019 01: +0,1567468800
1.661,11,Sep 04 2019 01: +0,1567555200
1.617,2,Sep 05 2019 01: +0,1567641600
1.744,6,Sep 06 2019 01: +0,1567728000
1.621,6,Sep 07 2019 01: +0,1567814400
1.6,14,Sep 08 2019 01: +0,1567900800
1.526,8,Sep 09 2019 01: +0,1567987200
1.57,5,Sep 10 2019 01: +0,1568073600
1.613,8,Sep 11 2019 01: +0,1568160000
1.535,7,Sep 12 2019 01: +0,1568246400
1.593,13,Sep 13 2019 01: +0,1568332800
1.71,10,Sep 14 2019 01: +0,1568419200
1.604,7,Sep 15 2019 01: +0,1568505600
1.839,7,Sep 16 2019 01: +0,1568592000
1.789,11,Sep 17 2019 01: +0,1568678400
1.661,4,Sep 18 2019 01: +0,1568764800
1.623,8,Sep 19 2019 01: +0,1568851200
1.57,6,Sep 20 2019 01: +0,1568937600
1.726,8,Sep 21 2019 01: +0,1569024000
1.742,6,Sep 22 2019 01: +0,1569110400
1.663,10,Sep 23 2019 01: +0,1569196800
1.661,13,Sep 24 2019 01: +0,1569283200
1.622,7,Sep 25 2019 01: +0,1569369600
1.67,5,Sep 26 2019 01: +0,1569456000
1.628,10,Sep 27 2019 01: +0,1569542400
1.709,10,Sep 28 2019 01: +0,1569628800
1.783,13,Sep 29 2019 01: +0,1569715200
1.685,8,Sep 30 2019 01: +0,1569801600
1.861,8,Oct 01 2019 01: +0,1569888000
1.618,8,Oct 02 2019 01: +0,1569974400
1.632,6,Oct 03 2019 01: +0,1570060800
1.702,10,Oct 04 2019 01: +0,1570147200
1.622,8,Oct 05 2019 01: +0,1570233600
1.669,9,Oct 06 2019 01: +0,1570320000
1.757,11,Oct 07 2019 01: +0,1570406400
1.719,6,Oct 08 2019 01: +0,1570492800
1.691,7,Oct 09 2019 01: +0,1570579200
1.801,12,Oct 10 2019 01: +0,1570665600
1.831,7,Oct 11 2019 01: +0,1570752000
1.797,8,Oct 12 2019 01: +0,1570838400
1.933,1,Oct 13 2019 01: +0,1570924800
1.783,12,Oct 14 2019 01: +0,1571011200
1.715,4,Oct 15 2019 01: +0,1571097600
1.927,7,Oct 16 2019 01: +0,1571184000
1.872,6,Oct 17 2019 01: +0,1571270400
1.713,8,Oct 18 2019 01: +0,1571356800
1.829,17,Oct 19 2019 01: +0,1571443200
1.904,19,Oct 20 2019 01: +0,1571529600
2.024,5,Oct 21 2019 01: +0,1571616000
1.832,7,Oct 22 2019 01: +0,1571702400
1.77,12,Oct 23 2019 01: +0,1571788800
1.786,9,Oct 24 2019 01: +0,1571875200
1.743,12,Oct 25 2019 01: +0,1571961600
1.746,12,Oct 26 2019 01: +0,1572048000
1.698,14,Oct 27 2019 01: +0,1572134400
1.764,9,Oct 28 2019 01: +0,1572224400
1.604,5,Oct 29 2019 01: +0,1572310800
1.639,11,Oct 30 2019 01: +0,1572397200
1.724,10,Oct 31 2019 01: +0,1572483600
1.646,14,Nov 01 2019 01: +0,1572570000
1.729,14,Nov 02 2019 01: +0,1572656400
1.657,11,Nov 03 2019 01: +0,1572742800
1.738,4,Nov 04 2019 01: +0,1572829200
1.554,9,Nov 05 2019 01: +0,1572915600
1.698,4,Nov 06 2019 01: +0,1573002000
1.716,9,Nov 07 2019 01: +0,1573088400
1.564,7,Nov 08 2019 01: +0,1573174800
1.682,7,Nov 09 2019 01: +0,1573261200
1.625,11,Nov 10 2019 01: +0,1573347600
1.627,10,Nov 11 2019 01: +0,1573434000
1.663,10,Nov 12 2019 01: +0,1573520400
1.551,4,Nov 14 2019 01: +0,1573693200
1.677,10,Nov 15 2019 01: +0,1573779600
1.605,9,Nov 16 2019 01: +0,1573866000
1.677,21,Nov 17 2019 01: +0,1573952400
1.764,9,Nov 18 2019 01: +0,1574038800
1.511,18,Nov 19 2019 01: +0,1574125200
1.496,6,Nov 20 2019 01: +0,1574211600
1.597,4,Nov 21 2019 01: +0,1574298000
1.637,16,Nov 22 2019 01: +0,1574384400
1.75,12,Nov 23 2019 01: +0,1574470800
1.585,7,Nov 24 2019 01: +0,1574557200
1.8,8,Nov 25 2019 01: +0,1574643600
1.512,5,Nov 26 2019 01: +0,1574730000
1.542,13,Nov 27 2019 01: +0,1574816400
1.662,13,Nov 28 2019 01: +0,1574902800
1.744,4,Nov 29 2019 01: +0,1574989200
1.742,7,Nov 30 2019 01: +0,1575075600
1.686,11,Dec 01 2019 01: +0,1575162000
1.53,7,Dec 02 2019 01: +0,1575248400
1.655,11,Dec 03 2019 01: +0,1575334800
1.882,13,Dec 04 2019 01: +0,1575421200
1.863,5,Dec 05 2019 01: +0,1575507600
1.874,13,Dec 06 2019 01: +0,1575594000
1.621,12,Dec 07 2019 01: +0,1575680400
1.751,12,Dec 08 2019 01: +0,1575766800
1.725,10,Dec 09 2019 01: +0,1575853200
1.988,8,Dec 10 2019 01: +0,1575939600
1.841,8,Dec 11 2019 01: +0,1576026000
1.821,8,Dec 12 2019 01: +0,1576112400
1.965,9,Dec 13 2019 01: +0,1576198800
1.908,2,Dec 14 2019 01: +0,1576285200
1.939,9,Dec 15 2019 01: +0,1576371600
1.847,6,Dec 16 2019 01: +0,1576458000
1.724,4,Dec 17 2019 01: +0,1576544400
1.809,9,Dec 18 2019 01: +0,1576630800
2.035,10,Dec 19 2019 01: +0,1576717200
2.02,6,Dec 20 2019 01: +0,1576803600
1.854,12,Dec 21 2019 01: +0,1576890000
1.806,5,Dec 22 2019 01: +0,1576976400
1.69,9,Dec 23 2019 01: +0,1577062800
2.047,6,Dec 24 2019 01: +0,1577149200
2.167,8,Dec 25 2019 01: +0,1577235600
2.045,7,Dec 26 2019 01: +0,1577322000
2.176,10,Dec 27 2019 01: +0,1577408400
2.156,6,Dec 28 2019 01: +0,1577494800
1.698,10,Dec 29 2019 01: +0,1577581200
2.239,9,Dec 30 2019 01: +0,1577667600
2.037,10,Dec 31 2019 01: +0,1577754000
2.037,11,Jan 01 2020 01: +0,1577840400
2.115,8,Jan 02 2020 01: +0,1577926800
2.211,4,Jan 03 2020 01: +0,1578013200
2.086,6,Jan 04 2020 01: +0,1578099600
1.916,9,Jan 05 2020 01: +0,1578186000
1.975,7,Jan 06 2020 01: +0,1578272400
2.185,15,Jan 07 2020 01: +0,1578358800
2.171,8,Jan 08 2020 01: +0,1578445200
2.113,7,Jan 09 2020 01: +0,1578531600
2.386,9,Jan 10 2020 01: +0,1578618000
2.217,7,Jan 11 2020 01: +0,1578704400
2.276,4,Jan 12 2020 01: +0,1578790800
2.529,6,Jan 13 2020 01: +0,1578877200
2.117,3,Jan 14 2020 01: +0,1578963600
2.224,6,Jan 15 2020 01: +0,1579050000
2.298,7,Jan 16 2020 01: +0,1579136400
2.494,5,Jan 17 2020 01: +0,1579222800
2.225,8,Jan 18 2020 01: +0,1579309200
2.181,7,Jan 19 2020 01: +0,1579395600
2.225,8,Jan 20 2020 01: +0,1579482000
2.218,7,Jan 21 2020 01: +0,1579568400
2.249,15,Jan 22 2020 01: +0,1579654800
2.195,2,Jan 23 2020 01: +0,1579741200
2.159,4,Jan 24 2020 01: +0,1579827600
2.144,8,Jan 25 2020 01: +0,1579914000
2.035,12,Jan 26 2020 01: +0,1580000400
2.13,4,Jan 27 2020 01: +0,1580086800
2.151,5,Jan 28 2020 01: +0,1580173200
1.88,6,Jan 29 2020 01: +0,1580259600
1.986,7,Jan 30 2020 01: +0,1580346000
2.026,6,Jan 31 2020 01: +0,1580432400
2.09,10,Feb 01 2020 01: +0,1580518800
2.118,12,Feb 02 2020 01: +0,1580605200
2.23,8,Feb 03 2020 01: +0,1580691600
2.135,4,Feb 04 2020 01: +0,1580778000
2.435,6,Feb 05 2020 01: +0,1580864400
2.114,10,Feb 06 2020 01: +0,1580950800
1.929,10,Feb 07 2020 01: +0,1581037200
2.21,8,Feb 08 2020 01: +0,1581123600
2.251,9,Feb 09 2020 01: +0,1581210000
2.121,8,Feb 10 2020 01: +0,1581296400
2.253,5,Feb 11 2020 01: +0,1581382800
2.154,9,Feb 12 2020 01: +0,1581469200
1.949,5,Feb 13 2020 01: +0,1581555600
1.944,7,Feb 14 2020 01: +0,1581642000
2.053,11,Feb 15 2020 01: +0,1581728400
2.05,3,Feb 16 2020 01: +0,1581814800
2.172,5,Feb 17 2020 01: +0,1581901200
2.121,6,Feb 18 2020 01: +0,1581987600
2.242,3,Feb 19 2020 01: +0,1582074000
2.32,5,Feb 20 2020 01: +0,1582160400
1.995,5,Feb 21 2020 01: +0,1582246800
2.302,6,Feb 22 2020 01: +0,1582333200
2.2,2,Feb 23 2020 01: +0,1582419600
2.323,7,Feb 24 2020 01: +0,1582506000
2.249,5,Feb 25 2020 01: +0,1582592400
2.11,7,Feb 26 2020 01: +0,1582678800
1.922,4,Feb 27 2020 01: +0,1582765200
2.174,6,Feb 28 2020 01: +0,1582851600
1.813,4,Feb 29 2020 01: +0,1582938000
1.973,11,Mar 01 2020 01: +0,1583024400
2.2,4,Mar 02 2020 01: +0,1583110800
2.283,5,Mar 03 2020 01: +0,1583197200
2.102,7,Mar 04 2020 01: +0,1583283600
2.126,7,Mar 05 2020 01: +0,1583370000
2.125,8,Mar 06 2020 01: +0,1583456400
2.161,6,Mar 07 2020 01: +0,1583542800
1.993,12,Mar 08 2020 01: +0,1583629200
2.047,7,Mar 09 2020 01: +0,1583715600
2.02,5,Mar 10 2020 01: +0,1583802000
1.821,7,Mar 11 2020 01: +0,1583888400
2.04,8,Mar 12 2020 01: +0,1583974800
1.957,15,Mar 13 2020 01: +0,1584061200
2.037,6,Mar 14 2020 01: +0,1584147600
1.939,5,Mar 15 2020 01: +0,1584234000
1.654,7,Mar 16 2020 01: +0,1584320400
1.901,5,Mar 17 2020 01: +0,1584406800
1.869,11,Mar 18 2020 01: +0,1584493200
1.944,6,Mar 19 2020 01: +0,1584579600
1.819,7,Mar 20 2020 01: +0,1584666000
1.878,12,Mar 21 2020 01: +0,1584752400
1.754,12,Mar 22 2020 01: +0,1584838800
1.689,7,Mar 23 2020 01: +0,1584925200
1.786,9,Mar 24 2020 01: +0,1585011600
1.767,7,Mar 25 2020 01: +0,1585098000
1.878,11,Mar 26 2020 01: +0,1585184400
1.786,8,Mar 27 2020 01: +0,1585270800
1.783,7,Mar 28 2020 01: +0,1585357200
1.854,7,Mar 29 2020 01: +0,1585443600
1.981,6,Mar 30 2020 01: +0,1585526400
1.761,10,Mar 31 2020 01: +0,1585612800
1.734,14,Apr 01 2020 01: +0,1585699200
1.835,9,Apr 02 2020 01: +0,1585785600
1.852,13,Apr 03 2020 01: +0,1585872000
1.888,16,Apr 04 2020 01: +0,1585958400
1.898,19,Apr 05 2020 01: +0,1586044800
1.753,12,Apr 06 2020 01: +0,1586131200
1.879,17,Apr 07 2020 01: +0,1586217600
1.892,17,Apr 08 2020 01: +0,1586304000
1.956,13,Apr 09 2020 01: +0,1586390400
1.854,15,Apr 10 2020 01: +0,1586476800
2.021,35,Apr 11 2020 01: +0,1586563200
2.135,16,Apr 12 2020 01: +0,1586649600
2.185,22,Apr 13 2020 01: +0,1586736000
2.158,23,Apr 14 2020 01: +0,1586822400
2.278,16,Apr 15 2020 01: +0,1586908800
2.43,20,Apr 16 2020 01: +0,1586995200
2.369,19,Apr 17 2020 01: +0,1587081600
2.557,12,Apr 18 2020 01: +0,1587168000
2.319,13,Apr 19 2020 01: +0,1587254400
2.505,15,Apr 20 2020 01: +0,1587340800
2.422,11,Apr 21 2020 01: +0,1587427200
2.577,6,Apr 22 2020 01: +0,1587513600
2.469,11,Apr 23 2020 01: +0,1587600000
2.394,9,Apr 24 2020 01: +0,1587686400
2.245,12,Apr 25 2020 01: +0,1587772800
2.632,9,Apr 26 2020 01: +0,1587859200
2.167,9,Apr 27 2020 01: +0,1587945600
2.466,14,Apr 28 2020 01: +0,1588032000
2.373,16,Apr 29 2020 01: +0,1588118400
2.412,8,Apr 30 2020 01: +0,1588204800
2.702,12,May 01 2020 01: +0,1588291200
2.297,14,May 02 2020 01: +0,1588377600
2.277,13,May 03 2020 01: +0,1588464000
2.249,13,May 04 2020 01: +0,1588550400
2.341,15,May 05 2020 01: +0,1588636800
2.37,14,May 06 2020 01: +0,1588723200
2.471,7,May 07 2020 01: +0,1588809600
2.563,10,May 08 2020 01: +0,1588896000
2.567,13,May 09 2020 01: +0,1588982400
2.487,8,May 10 2020 01: +0,1589068800
2.603,5,May 11 2020 01: +0,1589155200
2.203,11,May 12 2020 01: +0,1589241600
2.474,12,May 13 2020 01: +0,1589328000
2.577,10,May 14 2020 01: +0,1589414400
2.49,8,May 15 2020 01: +0,1589500800
2.879,7,May 16 2020 01: +0,1589587200
2.673,13,May 17 2020 01: +0,1589673600
2.605,9,May 18 2020 01: +0,1589760000
2.684,9,May 19 2020 01: +0,1589846400
2.557,10,May 20 2020 01: +0,1589932800
2.541,5,May 21 2020 01: +0,1590019200
2.487,6,May 22 2020 01: +0,1590105600
2.478,8,May 23 2020 01: +0,1590192000
2.662,8,May 24 2020 01: +0,1590278400
1.925,6,May 25 2020 01: +0,1590364800
2.315,6,May 26 2020 01: +0,1590451200
2.301,9,May 27 2020 01: +0,1590537600
2.431,6,May 28 2020 01: +0,1590624000
2.347,5,May 29 2020 01: +0,1590710400
2.243,10,May 30 2020 01: +0,1590796800
2.067,9,May 31 2020 01: +0,1590883200
2.157,11,Jun 01 2020 01: +0,1590969600
2.173,8,Jun 02 2020 01: +0,1591056000
2.421,6,Jun 03 2020 01: +0,1591142400
2.391,7,Jun 04 2020 01: +0,1591228800
2.376,9,Jun 05 2020 01: +0,1591315200
2.593,6,Jun 06 2020 01: +0,1591401600
2.558,8,Jun 07 2020 01: +0,1591488000
2.514,7,Jun 08 2020 01: +0,1591574400
2.454,6,Jun 09 2020 01: +0,1591660800
2.533,5,Jun 10 2020 01: +0,1591747200
2.67,3,Jun 11 2020 01: +0,1591833600
2.546,13,Jun 12 2020 01: +0,1591920000
2.505,8,Jun 13 2020 01: +0,1592006400
2.529,4,Jun 14 2020 01: +0,1592092800
2.395,5,Jun 15 2020 01: +0,1592179200
2.41,6,Jun 16 2020 01: +0,1592265600
2.659,2,Jun 17 2020 01: +0,1592352000
2.439,4,Jun 18 2020 01: +0,1592438400
2.054,4,Jun 19 2020 01: +0,1592524800
2.491,2,Jun 20 2020 01: +0,1592611200
2.423,6,Jun 21 2020 01: +0,1592697600
2.34,4,Jun 22 2020 01: +0,1592784000
2.161,8,Jun 23 2020 01: +0,1592870400
1.828,1,Jun 24 2020 01: +0,1592956800
2.429,6,Jun 25 2020 01: +0,1593043200
2.316,10,Jun 26 2020 01: +0,1593129600
2.124,9,Jun 27 2020 01: +0,1593216000
2.127,7,Jun 28 2020 01: +0,1593302400
2.071,7,Jun 29 2020 01: +0,1593388800
2.136,7,Jun 30 2020 01: +0,1593475200
2.136,8,Jul 01 2020 01: +0,1593561600
2.104,5,Jul 02 2020 01: +0,1593648000
2.07,4,Jul 03 2020 01: +0,1593734400
2.062,7,Jul 04 2020 01: +0,1593820800
2.055,8,Jul 05 2020 01: +0,1593907200
1.987,2,Jul 06 2020 01: +0,1593993600
2.032,8,Jul 07 2020 01: +0,1594080000
1.981,5,Jul 08 2020 01: +0,1594166400
2.179,5,Jul 09 2020 01: +0,1594252800
2.031,10,Jul 10 2020 01: +0,1594339200
2.122,5,Jul 11 2020 01: +0,1594425600
2.216,7,Jul 12 2020 01: +0,1594512000
2.214,1,Jul 13 2020 01: +0,1594598400
2.183,11,Jul 14 2020 01: +0,1594684800
2.045,5,Jul 15 2020 01: +0,1594771200
2.152,9,Jul 16 2020 01: +0,1594857600
2.076,6,Jul 17 2020 01: +0,1594944000
2.207,6,Jul 18 2020 01: +0,1595030400
2.166,3,Jul 19 2020 01: +0,1595116800
2.153,7,Jul 20 2020 01: +0,1595203200
2.123,7,Jul 21 2020 01: +0,1595289600
2.189,4,Jul 22 2020 01: +0,1595376000
2.15,4,Jul 23 2020 01: +0,1595462400
2.194,6,Jul 24 2020 01: +0,1595548800
2.174,7,Jul 25 2020 01: +0,1595635200
2.194,6,Jul 26 2020 01: +0,1595721600
2.186,8,Jul 27 2020 01: +0,1595808000
2.272,8,Jul 28 2020 01: +0,1595894400
2.121,6,Jul 29 2020 01: +0,1595980800
2.218,5,Jul 30 2020 01: +0,1596067200
2.086,3,Jul 31 2020 01: +0,1596153600
2.326,6,Aug 01 2020 01: +0,1596240000
2.299,9,Aug 02 2020 01: +0,1596326400
2.22,6,Aug 03 2020 01: +0,1596412800
2.258,10,Aug 04 2020 01: +0,1596499200
2.123,7,Aug 05 2020 01: +0,1596585600
2.374,6,Aug 06 2020 01: +0,1596672000
2.289,16,Aug 07 2020 01: +0,1596758400
2.241,7,Aug 08 2020 01: +0,1596844800
2.47,1,Aug 09 2020 01: +0,1596931200
2.284,7,Aug 10 2020 01: +0,1597017600
2.453,4,Aug 11 2020 01: +0,1597104000
2.53,4,Aug 12 2020 01: +0,1597190400
2.297,10,Aug 13 2020 01: +0,1597276800
2.47,8,Aug 14 2020 01: +0,1597363200
2.133,6,Aug 15 2020 01: +0,1597449600
2.053,6,Aug 16 2020 01: +0,1597536000
2.581,8,Aug 17 2020 01: +0,1597622400
2.322,5,Aug 18 2020 01: +0,1597708800
2.328,3,Aug 19 2020 01: +0,1597795200
2.211,5,Aug 20 2020 01: +0,1597881600
2.417,6,Aug 21 2020 01: +0,1597968000
2.105,4,Aug 22 2020 01: +0,1598054400
2.356,8,Aug 23 2020 01: +0,1598140800
2.318,5,Aug 24 2020 01: +0,1598227200
2.255,11,Aug 25 2020 01: +0,1598313600
2.445,3,Aug 26 2020 01: +0,1598400000
2.382,5,Aug 27 2020 01: +0,1598486400
2.266,7,Aug 28 2020 01: +0,1598572800
2.173,5,Aug 29 2020 01: +0,1598659200
2.235,4,Aug 30 2020 01: +0,1598745600
2.414,1,Aug 31 2020 01: +0,1598832000
2.098,6,Sep 01 2020 01: +0,1598918400
2.193,2,Sep 02 2020 01: +0,1599004800
2.447,5,Sep 03 2020 01: +0,1599091200
2.161,3,Sep 04 2020 01: +0,1599177600
2.126,9,Sep 05 2020 01: +0,1599264000
2.333,7,Sep 06 2020 01: +0,1599350400
2.32,6,Sep 07 2020 01: +0,1599436800
2.241,11,Sep 08 2020 01: +0,1599523200
2.271,6,Sep 09 2020 01: +0,1599609600
2.449,6,Sep 10 2020 01: +0,1599696000
2.649,5,Sep 11 2020 01: +0,1599782400
2.592,3,Sep 12 2020 01: +0,1599868800
3.559,6,Sep 13 2020 01: +0,1599955200
2.41,6,Sep 14 2020 01: +0,1600041600
2.619,9,Sep 15 2020 01: +0,1600128000
2.739,5,Sep 16 2020 01: +0,1600214400
2.28,9,Sep 17 2020 01: +0,1600300800
2.511,6,Sep 18 2020 01: +0,1600387200
2.302,6,Sep 19 2020 01: +0,1600473600
2.385,5,Sep 20 2020 01: +0,1600560000
2.38,3,Sep 21 2020 01: +0,1600646400
2.402,9,Sep 22 2020 01: +0,1600732800
2.151,10,Sep 23 2020 01: +0,1600819200
2.285,3,Sep 24 2020 01: +0,1600905600
2.222,8,Sep 25 2020 01: +0,1600992000
2.2,5,Sep 26 2020 01: +0,1601078400
2.295,8,Sep 27 2020 01: +0,1601164800
2.193,8,Sep 28 2020 01: +0,1601251200
2.279,3,Sep 29 2020 01: +0,1601337600
2.18,6,Sep 30 2020 01: +0,1601424000
2.325,5,Oct 01 2020 01: +0,1601510400
2.438,4,Oct 02 2020 01: +0,1601596800
2.298,7,Oct 03 2020 01: +0,1601683200
2.404,8,Oct 04 2020 01: +0,1601769600
2.522,5,Oct 05 2020 01: +0,1601856000
2.613,8,Oct 06 2020 01: +0,1601942400
2.567,6,Oct 07 2020 01: +0,1602028800
2.711,2,Oct 08 2020 01: +0,1602115200
2.526,11,Oct 09 2020 01: +0,1602201600
2.542,8,Oct 10 2020 01: +0,1602288000
2.449,5,Oct 11 2020 01: +0,1602374400
2.748,4,Oct 12 2020 01: +0,1602460800
2.468,4,Oct 13 2020 01: +0,1602547200
2.383,5,Oct 14 2020 01: +0,1602633600
2.638,4,Oct 15 2020 01: +0,1602720000
2.585,6,Oct 16 2020 01: +0,1602806400
2.264,7,Oct 17 2020 01: +0,1602892800
2.515,5,Oct 18 2020 01: +0,1602979200
2.56,4,Oct 19 2020 01: +0,1603065600
2.286,6,Oct 20 2020 01: +0,1603152000
2.299,5,Oct 21 2020 01: +0,1603238400
2.195,8,Oct 22 2020 01: +0,1603324800
2.394,5,Oct 23 2020 01: +0,1603411200
2.461,3,Oct 24 2020 01: +0,1603497600
2.343,5,Oct 25 2020 01: +0,1603584000
2.457,5,Oct 26 2020 01: +0,1603674000
2.464,3,Oct 27 2020 01: +0,1603760400
2.426,5,Oct 28 2020 01: +0,1603846800
2.405,6,Oct 29 2020 01: +0,1603933200
2.307,4,Oct 30 2020 01: +0,1604019600
2.223,8,Oct 31 2020 01: +0,1604106000
2.288,6,Nov 01 2020 01: +0,1604192400
2.353,3,Nov 02 2020 01: +0,1604278800
2.382,9,Nov 03 2020 01: +0,1604365200
2.428,5,Nov 04 2020 01: +0,1604451600
2.253,12,Nov 05 2020 01: +0,1604538000
2.46,3,Nov 06 2020 01: +0,1604624400
2.379,7,Nov 07 2020 01: +0,1604710800
2.486,9,Nov 08 2020 01: +0,1604797200
2.229,8,Nov 09 2020 01: +0,1604883600
2.516,3,Nov 10 2020 01: +0,1604970000
2.22,5,Nov 11 2020 01: +0,1605056400
2.428,4,Nov 12 2020 01: +0,1605142800
2.285,4,Nov 13 2020 01: +0,1605229200
2.389,3,Nov 14 2020 01: +0,1605315600
2.501,5,Nov 15 2020 01: +0,1605402000
2.372,6,Nov 16 2020 01: +0,1605488400
2.318,6,Nov 17 2020 01: +0,1605574800
2.373,9,Nov 18 2020 01: +0,1605661200
2.392,15,Nov 19 2020 01: +0,1605747600
2.267,16,Nov 20 2020 01: +0,1605834000
2.28,8,Nov 21 2020 01: +0,1605920400
2.351,13,Nov 22 2020 01: +0,1606006800
2.26,28,Nov 23 2020 01: +0,1606093200
2.259,23,Nov 24 2020 01: +0,1606179600
2.227,7,Nov 25 2020 01: +0,1606266000
2.007,26,Nov 26 2020 01: +0,1606352400
2.17,7,Nov 27 2020 01: +0,1606438800
2.262,7,Nov 28 2020 01: +0,1606525200
2.356,4,Nov 29 2020 01: +0,1606611600
2.124,8,Nov 30 2020 01: +0,1606698000
2.228,5,Dec 01 2020 01: +0,1606784400
2.254,5,Dec 02 2020 01: +0,1606870800
2.265,4,Dec 03 2020 01: +0,1606957200
2.024,14,Dec 04 2020 01: +0,1607043600
2.095,13,Dec 05 2020 01: +0,1607130000
2.064,10,Dec 06 2020 01: +0,1607216400
2.161,6,Dec 07 2020 01: +0,1607302800
2.009,5,Dec 08 2020 01: +0,1607389200
1.959,10,Dec 09 2020 01: +0,1607475600
2.044,6,Dec 10 2020 01: +0,1607562000
1.805,7,Dec 11 2020 01: +0,1607648400
1.853,6,Dec 12 2020 01: +0,1607734800
2.117,8,Dec 13 2020 01: +0,1607821200
2.048,4,Dec 14 2020 01: +0,1607907600
1.93,7,Dec 15 2020 01: +0,1607994000
2.062,14,Dec 16 2020 01: +0,1608080400
2.073,10,Dec 17 2020 01: +0,1608166800
2.048,6,Dec 18 2020 01: +0,1608253200
2.084,11,Dec 19 2020 01: +0,1608339600
2.206,9,Dec 20 2020 01: +0,1608426000
2.201,12,Dec 21 2020 01: +0,1608512400
2.231,11,Dec 22 2020 01: +0,1608598800
2.173,8,Dec 23 2020 01: +0,1608685200
2.146,7,Dec 24 2020 01: +0,1608771600
2.247,10,Dec 25 2020 01: +0,1608858000
2.359,12,Dec 26 2020 01: +0,1608944400
2.453,7,Dec 27 2020 01: +0,1609030800
2.101,11,Dec 28 2020 01: +0,1609117200
1.954,6,Dec 29 2020 01: +0,1609203600
2.562,15,Dec 30 2020 01: +0,1609290000
2.479,11,Dec 31 2020 01: +0,1609376400
2.686,7,Jan 01 2021 01: +0,1609462800
2.608,14,Jan 02 2021 01: +0,1609549200
2.69,6,Jan 03 2021 01: +0,1609635600
2.558,10,Jan 04 2021 01: +0,1609722000
2.712,6,Jan 05 2021 01: +0,1609808400
2.276,11,Jan 06 2021 01: +0,1609894800
2.463,14,Jan 07 2021 01: +0,1609981200
2.684,13,Jan 08 2021 01: +0,1610067600
2.698,10,Jan 09 2021 01: +0,1610154000
2.667,6,Jan 10 2021 01: +0,1610240400
2.7,9,Jan 11 2021 01: +0,1610326800
2.724,8,Jan 12 2021 01: +0,1610413200
2.79,1,Jan 13 2021 01: +0,1610499600
2.739,10,Jan 14 2021 01: +0,1610586000
2.717,7,Jan 15 2021 01: +0,1610672400
2.64,10,Jan 16 2021 01: +0,1610758800
2.766,10,Jan 17 2021 01: +0,1610845200
2.738,9,Jan 18 2021 01: +0,1610931600
2.655,11,Jan 19 2021 01: +0,1611018000
2.645,12,Jan 20 2021 01: +0,1611104400
2.542,6,Jan 21 2021 01: +0,1611190800
2.579,8,Jan 22 2021 01: +0,1611277200
2.6,11,Jan 23 2021 01: +0,1611363600
2.46,14,Jan 24 2021 01: +0,1611450000
2.634,13,Jan 25 2021 01: +0,1611536400
2.721,8,Jan 26 2021 01: +0,1611622800
2.894,8,Jan 27 2021 01: +0,1611709200
2.219,13,Jan 28 2021 01: +0,1611795600
2.575,6,Jan 29 2021 01: +0,1611882000
2.782,5,Jan 30 2021 01: +0,1611968400
2.839,7,Jan 31 2021 01: +0,1612054800
2.678,6,Feb 01 2021 01: +0,1612141200
2.788,9,Feb 02 2021 01: +0,1612227600
2.79,3,Feb 03 2021 01: +0,1612314000
2.616,6,Feb 04 2021 01: +0,1612400400
2.661,11,Feb 05 2021 01: +0,1612486800
2.548,9,Feb 06 2021 01: +0,1612573200
2.45,6,Feb 07 2021 01: +0,1612659600
2.505,9,Feb 08 2021 01: +0,1612746000
2.373,7,Feb 09 2021 01: +0,1612832400
2.73,8,Feb 10 2021 01: +0,1612918800
2.575,6,Feb 11 2021 01: +0,1613005200
2.723,7,Feb 12 2021 01: +0,1613091600
2.512,12,Feb 13 2021 01: +0,1613178000
2.656,6,Feb 14 2021 01: +0,1613264400
2.432,7,Feb 15 2021 01: +0,1613350800
2.531,3,Feb 16 2021 01: +0,1613437200
2.472,9,Feb 17 2021 01: +0,1613523600
2.751,2,Feb 18 2021 01: +0,1613610000
2.553,5,Feb 19 2021 01: +0,1613696400
2.365,5,Feb 20 2021 01: +0,1613782800
2.52,12,Feb 21 2021 01: +0,1613869200
2.623,3,Feb 22 2021 01: +0,1613955600
2.678,4,Feb 23 2021 01: +0,1614042000
2.259,8,Feb 24 2021 01: +0,1614128400
2.695,7,Feb 25 2021 01: +0,1614214800
2.799,5,Feb 26 2021 01: +0,1614301200
2.681,12,Feb 27 2021 01: +0,1614387600
2.504,6,Feb 28 2021 01: +0,1614474000
2.62,9,Mar 01 2021 01: +0,1614560400
2.736,11,Mar 02 2021 01: +0,1614646800
2.778,6,Mar 03 2021 01: +0,1614733200
2.532,8,Mar 04 2021 01: +0,1614819600
2.386,5,Mar 05 2021 01: +0,1614906000
2.724,9,Mar 06 2021 01: +0,1614992400
2.616,10,Mar 07 2021 01: +0,1615078800
2.689,10,Mar 08 2021 01: +0,1615165200
2.721,8,Mar 09 2021 01: +0,1615251600
2.719,9,Mar 10 2021 01: +0,1615338000
2.718,7,Mar 11 2021 01: +0,1615424400
2.655,5,Mar 12 2021 01: +0,1615510800
2.86,8,Mar 13 2021 01: +0,1615597200
2.975,9,Mar 14 2021 01: +0,1615683600
2.9,7,Mar 15 2021 01: +0,1615770000
2.985,8,Mar 16 2021 01: +0,1615856400
2.935,7,Mar 17 2021 01: +0,1615942800
2.965,8,Mar 18 2021 01: +0,1616029200
3.018,10,Mar 19 2021 01: +0,1616115600
2.865,8,Mar 20 2021 01: +0,1616202000
2.882,7,Mar 21 2021 01: +0,1616288400
2.934,7,Mar 22 2021 01: +0,1616374800
2.561,12,Mar 23 2021 01: +0,1616461200
2.816,9,Mar 24 2021 01: +0,1616547600
2.628,6,Mar 25 2021 01: +0,1616634000
2.546,7,Mar 26 2021 01: +0,1616720400
2.714,9,Mar 27 2021 01: +0,1616806800
2.663,11,Mar 28 2021 01: +0,1616893200
2.833,6,Mar 29 2021 01: +0,1616976000
2.658,10,Mar 30 2021 01: +0,1617062400
2.652,7,Mar 31 2021 01: +0,1617148800
2.567,7,Apr 01 2021 01: +0,1617235200
2.568,9,Apr 02 2021 01: +0,1617321600
2.289,9,Apr 03 2021 01: +0,1617408000
2.694,4,Apr 04 2021 01: +0,1617494400
2.758,7,Apr 05 2021 01: +0,1617580800
2.648,10,Apr 06 2021 01: +0,1617667200
2.633,4,Apr 07 2021 01: +0,1617753600
2.639,4,Apr 08 2021 01: +0,1617840000
2.439,5,Apr 09 2021 01: +0,1617926400
2.43,3,Apr 10 2021 01: +0,1618012800
2.172,4,Apr 11 2021 01: +0,1618099200
2.393,2,Apr 12 2021 01: +0,1618185600
2.266,8,Apr 13 2021 01: +0,1618272000
2.3,1,Apr 14 2021 01: +0,1618358400
2.476,7,Apr 15 2021 01: +0,1618444800
2.311,6,Apr 16 2021 01: +0,1618531200
2.457,7,Apr 17 2021 01: +0,1618617600
2.382,5,Apr 18 2021 01: +0,1618704000
2.557,2,Apr 19 2021 01: +0,1618790400
2.315,6,Apr 20 2021 01: +0,1618876800
2.198,5,Apr 21 2021 01: +0,1618963200
2.224,13,Apr 22 2021 01: +0,1619049600
2.272,9,Apr 23 2021 01: +0,1619136000
2.351,11,Apr 24 2021 01: +0,1619222400
2.252,7,Apr 25 2021 01: +0,1619308800
2.201,4,Apr 26 2021 01: +0,1619395200
2.324,1,Apr 27 2021 01: +0,1619481600
2.184,9,Apr 28 2021 01: +0,1619568000
2.201,5,Apr 29 2021 01: +0,1619654400
2.188,8,Apr 30 2021 01: +0,1619740800
2.121,3,May 01 2021 01: +0,1619827200
2.171,5,May 02 2021 01: +0,1619913600
2.247,5,May 03 2021 01: +0,1620000000
2.208,4,May 04 2021 01: +0,1620086400
2.153,8,May 05 2021 01: +0,1620172800
2.245,9,May 06 2021 01: +0,1620259200
2.096,8,May 07 2021 01: +0,1620345600
2.052,10,May 08 2021 01: +0,1620432000
1.861,4,May 09 2021 01: +0,1620518400
2.269,7,May 10 2021 01: +0,1620604800
2.453,6,May 11 2021 01: +0,1620691200
2.129,8,May 12 2021 01: +0,1620777600
2.241,9,May 13 2021 01: +0,1620864000
2.294,7,May 14 2021 01: +0,1620950400
2.386,7,May 15 2021 01: +0,1621036800
2.275,4,May 16 2021 01: +0,1621123200
2.295,6,May 17 2021 01: +0,1621209600
1.927,5,May 18 2021 01: +0,1621296000
2.051,8,May 19 2021 01: +0,1621382400
2.097,7,May 20 2021 01: +0,1621468800
2.195,6,May 21 2021 01: +0,1621555200
2.182,9,May 22 2021 01: +0,1621641600
1.9,5,May 23 2021 01: +0,1621728000
2.101,13,May 24 2021 01: +0,1621814400
2.122,5,May 25 2021 01: +0,1621900800
2.027,3,May 26 2021 01: +0,1621987200
2.217,3,May 27 2021 01: +0,1622073600
2.109,7,May 28 2021 01: +0,1622160000
2.258,7,May 29 2021 01: +0,1622246400
2.203,3,May 30 2021 01: +0,1622332800
2.299,5,May 31 2021 01: +0,1622419200
2.372,2,Jun 01 2021 01: +0,1622505600
2.235,5,Jun 02 2021 01: +0,1622592000
2.272,5,Jun 03 2021 01: +0,1622678400
2.123,5,Jun 04 2021 01: +0,1622764800
2.16,3,Jun 05 2021 01: +0,1622851200
2.221,7,Jun 06 2021 01: +0,1622937600
2.234,5,Jun 07 2021 01: +0,1623024000
2.199,3,Jun 08 2021 01: +0,1623110400
2.325,10,Jun 09 2021 01: +0,1623196800
2.257,5,Jun 10 2021 01: +0,1623283200
2.207,8,Jun 11 2021 01: +0,1623369600
2.189,6,Jun 12 2021 01: +0,1623456000
2.16,8,Jun 13 2021 01: +0,1623542400
2.172,7,Jun 14 2021 01: +0,1623628800
2.128,7,Jun 15 2021 01: +0,1623715200
1.969,1,Jun 16 2021 01: +0,1623801600
2.022,7,Jun 17 2021 01: +0,1623888000
2.248,4,Jun 18 2021 01: +0,1623974400
2.125,6,Jun 19 2021 01: +0,1624060800
2.198,8,Jun 20 2021 01: +0,1624147200
2.083,7,Jun 21 2021 01: +0,1624233600
1.698,4,Jun 22 2021 01: +0,1624320000
2.123,9,Jun 23 2021 01: +0,1624406400
2.026,6,Jun 24 2021 01: +0,1624492800
1.774,4,Jun 25 2021 01: +0,1624579200
2.054,6,Jun 26 2021 01: +0,1624665600
1.73,5,Jun 27 2021 01: +0,1624752000
1.739,4,Jun 28 2021 01: +0,1624838400
1.88,4,Jun 29 2021 01: +0,1624924800
1.972,4,Jun 30 2021 01: +0,1625011200
1.847,9,Jul 01 2021 01: +0,1625097600
1.533,7,Jul 02 2021 01: +0,1625184000
1.85,6,Jul 03 2021 01: +0,1625270400
1.878,7,Jul 04 2021 01: +0,1625356800
1.826,6,Jul 05 2021 01: +0,1625443200
1.869,5,Jul 06 2021 01: +0,1625529600
1.892,3,Jul 07 2021 01: +0,1625616000
1.954,3,Jul 08 2021 01: +0,1625702400
1.955,4,Jul 09 2021 01: +0,1625788800
1.817,8,Jul 10 2021 01: +0,1625875200
2.052,7,Jul 11 2021 01: +0,1625961600
2.077,3,Jul 12 2021 01: +0,1626048000
1.829,6,Jul 13 2021 01: +0,1626134400
1.726,2,Jul 14 2021 01: +0,1626220800
1.919,6,Jul 15 2021 01: +0,1626307200
2.037,8,Jul 16 2021 01: +0,1626393600
2.118,5,Jul 17 2021 01: +0,1626480000
2.151,1,Jul 18 2021 01: +0,1626566400
2.089,4,Jul 19 2021 01: +0,1626652800
2.06,5,Jul 20 2021 01: +0,1626739200
2.124,6,Jul 21 2021 01: +0,1626825600
2.39,3,Jul 22 2021 01: +0,1626912000
2.182,6,Jul 23 2021 01: +0,1626998400
2.198,8,Jul 24 2021 01: +0,1627084800
2.121,2,Jul 25 2021 01: +0,1627171200
2.141,5,Jul 26 2021 01: +0,1627257600
1.883,3,Jul 27 2021 01: +0,1627344000
2.065,6,Jul 28 2021 01: +0,1627430400
1.723,3,Jul 29 2021 01: +0,1627516800
2.182,5,Jul 30 2021 01: +0,1627603200
2.076,6,Jul 31 2021 01: +0,1627689600
2.023,5,Aug 01 2021 01: +0,1627776000
2.421,9,Aug 02 2021 01: +0,1627862400
2.44,4,Aug 03 2021 01: +0,1627948800
2.228,4,Aug 04 2021 01: +0,1628035200
2.898,2,Aug 05 2021 01: +0,1628121600
2.48,4,Aug 06 2021 01: +0,1628208000
2.389,6,Aug 07 2021 01: +0,1628294400
2.367,5,Aug 08 2021 01: +0,1628380800
2.161,4,Aug 09 2021 01: +0,1628467200
2.308,5,Aug 10 2021 01: +0,1628553600
2.265,8,Aug 11 2021 01: +0,1628640000
2.373,2,Aug 12 2021 01: +0,1628726400
2.25,5,Aug 13 2021 01: +0,1628812800
2.028,1,Aug 14 2021 01: +0,1628899200
2.314,4,Aug 15 2021 01: +0,1628985600
2.398,3,Aug 16 2021 01: +0,1629072000
2.301,9,Aug 17 2021 01: +0,1629158400
2.483,1,Aug 18 2021 01: +0,1629244800
2.453,3,Aug 19 2021 01: +0,1629331200
1.995,7,Aug 20 2021 01: +0,1629417600
2.397,1,Aug 21 2021 01: +0,1629504000
2.257,2,Aug 22 2021 01: +0,1629590400
2.56,3,Aug 23 2021 01: +0,1629676800
2.301,14,Aug 24 2021 01: +0,1629763200
2.246,3,Aug 25 2021 01: +0,1629849600
2.01,3,Aug 26 2021 01: +0,1629936000
2.037,3,Aug 27 2021 01: +0,1630022400
2.277,10,Aug 28 2021 01: +0,1630108800
2.562,2,Aug 29 2021 01: +0,1630195200
2.572,2,Aug 30 2021 01: +0,1630281600
2.419,2,Aug 31 2021 01: +0,1630368000
2.282,5,Sep 01 2021 01: +0,1630454400
2.349,4,Sep 02 2021 01: +0,1630540800
2.498,4,Sep 03 2021 01: +0,1630627200
2.159,6,Sep 04 2021 01: +0,1630713600
2.245,4,Sep 05 2021 01: +0,1630800000
2.049,5,Sep 06 2021 01: +0,1630886400
2.233,3,Sep 07 2021 01: +0,1630972800
2.277,3,Sep 08 2021 01: +0,1631059200
2.069,7,Sep 09 2021 01: +0,1631145600
2.239,6,Sep 10 2021 01: +0,1631232000
2.162,7,Sep 11 2021 01: +0,1631318400
2.209,10,Sep 12 2021 01: +0,1631404800
2.393,5,Sep 13 2021 01: +0,1631491200
2.285,5,Sep 14 2021 01: +0,1631577600
2.421,8,Sep 15 2021 01: +0,1631664000
2.401,7,Sep 16 2021 01: +0,1631750400
2.372,4,Sep 17 2021 01: +0,1631836800
2.129,6,Sep 18 2021 01: +0,1631923200
2.394,6,Sep 19 2021 01: +0,1632009600
2.253,3,Sep 20 2021 01: +0,1632096000
2.28,4,Sep 21 2021 01: +0,1632182400
2.306,7,Sep 22 2021 01: +0,1632268800
2.043,10,Sep 23 2021 01: +0,1632355200
2.445,6,Sep 24 2021 01: +0,1632441600
2.255,9,Sep 25 2021 01: +0,1632528000
2.25,10,Sep 26 2021 01: +0,1632614400
2.403,6,Sep 27 2021 01: +0,1632700800
2.485,4,Sep 28 2021 01: +0,1632787200
2.513,3,Sep 29 2021 01: +0,1632873600
2.622,5,Sep 30 2021 01: +0,1632960000
2.651,10,Oct 01 2021 01: +0,1633046400
2.581,10,Oct 02 2021 01: +0,1633132800
2.753,8,Oct 03 2021 01: +0,1633219200
2.694,8,Oct 04 2021 01: +0,1633305600
2.821,6,Oct 05 2021 01: +0,1633392000
2.678,10,Oct 06 2021 01: +0,1633478400
2.896,3,Oct 07 2021 01: +0,1633564800
2.806,8,Oct 08 2021 01: +0,1633651200
2.984,12,Oct 09 2021 01: +0,1633737600
2.974,10,Oct 10 2021 01: +0,1633824000
2.875,2,Oct 11 2021 01: +0,1633910400
3.024,5,Oct 12 2021 01: +0,1633996800
3.018,6,Oct 13 2021 01: +0,1634083200
3.022,3,Oct 14 2021 01: +0,1634169600
3.241,1,Oct 15 2021 01: +0,1634256000
3.262,6,Oct 16 2021 01: +0,1634342400
3.301,5,Oct 17 2021 01: +0,1634428800
3.264,4,Oct 18 2021 01: +0,1634515200
3.387,4,Oct 19 2021 01: +0,1634601600
3.088,3,Oct 20 2021 01: +0,1634688000
2.876,5,Oct 21 2021 01: +0,1634774400
2.751,5,Oct 22 2021 01: +0,1634860800
2.687,5,Oct 23 2021 01: +0,1634947200
2.725,3,Oct 24 2021 01: +0,1635033600
2.928,5,Oct 25 2021 01: +0,1635120000
2.882,3,Oct 26 2021 01: +0,1635206400
3.135,4,Oct 27 2021 01: +0,1635292800
3.003,8,Oct 28 2021 01: +0,1635379200
2.504,3,Oct 29 2021 01: +0,1635465600
3.151,3,Oct 30 2021 01: +0,1635552000
3.131,11,Oct 31 2021 01: +0,1635638400
3.473,8,Nov 01 2021 01: +0,1635728400
3.815,5,Nov 02 2021 01: +0,1635814800
4.281,3,Nov 03 2021 01: +0,1635901200
3.754,3,Nov 04 2021 01: +0,1635987600
3.38,6,Nov 05 2021 01: +0,1636074000
3.582,6,Nov 06 2021 01: +0,1636160400
3.412,8,Nov 07 2021 01: +0,1636246800
3.348,7,Nov 08 2021 01: +0,1636333200
3.381,11,Nov 09 2021 01: +0,1636419600
3.407,2,Nov 10 2021 01: +0,1636506000
3.489,8,Nov 11 2021 01: +0,1636592400
3.265,2,Nov 12 2021 01: +0,1636678800
2.895,4,Nov 13 2021 01: +0,1636765200
3.294,3,Nov 14 2021 01: +0,1636851600
3.635,4,Nov 15 2021 01: +0,1636938000
3.185,1,Nov 16 2021 01: +0,1637024400
3.504,3,Nov 17 2021 01: +0,1637110800
3.621,8,Nov 18 2021 01: +0,1637197200
3.43,7,Nov 19 2021 01: +0,1637283600
3.689,3,Nov 20 2021 01: +0,1637370000
3.324,9,Nov 21 2021 01: +0,1637456400
3.625,7,Nov 22 2021 01: +0,1637542800
3.155,5,Nov 23 2021 01: +0,1637629200
3.236,5,Nov 24 2021 01: +0,1637715600
3.464,3,Nov 25 2021 01: +0,1637802000
3.318,6,Nov 26 2021 01: +0,1637888400
3.146,6,Nov 27 2021 01: +0,1637974800
3.468,9,Nov 28 2021 01: +0,1638061200
3.33,5,Nov 29 2021 01: +0,1638147600
3.084,4,Nov 30 2021 01: +0,1638234000
3.102,8,Dec 01 2021 01: +0,1638320400
3.392,7,Dec 02 2021 01: +0,1638406800
3.61,4,Dec 03 2021 01: +0,1638493200
3.37,7,Dec 04 2021 01: +0,1638579600
3.994,5,Dec 05 2021 01: +0,1638666000
3.812,9,Dec 06 2021 01: +0,1638752400
4.045,7,Dec 07 2021 01: +0,1638838800
4.172,7,Dec 08 2021 01: +0,1638925200
4.11,4,Dec 09 2021 01: +0,1639011600
3.784,11,Dec 10 2021 01: +0,1639098000
3.978,9,Dec 11 2021 01: +0,1639184400
4.162,3,Dec 12 2021 01: +0,1639270800
4.172,8,Dec 13 2021 01: +0,1639357200
3.164,2,Dec 14 2021 01: +0,1639443600
3.693,5,Dec 15 2021 01: +0,1639530000
3.705,11,Dec 16 2021 01: +0,1639616400
3.763,5,Dec 17 2021 01: +0,1639702800
3.794,4,Dec 18 2021 01: +0,1639789200
3.832,7,Dec 19 2021 01: +0,1639875600
3.708,6,Dec 20 2021 01: +0,1639962000
3.596,6,Dec 21 2021 01: +0,1640048400
3.126,3,Dec 22 2021 01: +0,1640134800
3.589,5,Dec 23 2021 01: +0,1640221200
3.848,7,Dec 24 2021 01: +0,1640307600
3.35,8,Dec 25 2021 01: +0,1640394000
3.665,9,Dec 26 2021 01: +0,1640480400
4.043,7,Dec 27 2021 01: +0,1640566800
3.958,3,Dec 28 2021 01: +0,1640653200
3.97,7,Dec 29 2021 01: +0,1640739600
4.02,8,Dec 30 2021 01: +0,1640826000
4.377,4,Dec 31 2021 01: +0,1640912400
4.33,2,Jan 01 2022 01: +0,1640998800
4.51,8,Jan 02 2022 01: +0,1641085200
4.054,4,Jan 03 2022 01: +0,1641171600
4.198,9,Jan 04 2022 01: +0,1641258000
4.013,10,Jan 05 2022 01: +0,1641344400
4.487,4,Jan 06 2022 01: +0,1641430800
3.794,9,Jan 07 2022 01: +0,1641517200
4.491,5,Jan 08 2022 01: +0,1641603600
4.464,6,Jan 09 2022 01: +0,1641690000
3.697,9,Jan 11 2022 01: +0,1641862800
4.349,7,Jan 12 2022 01: +0,1641949200
4.78,6,Jan 13 2022 01: +0,1642035600
4.283,5,Jan 14 2022 01: +0,1642122000
4.299,8,Jan 15 2022 01: +0,1642208400
4.851,3,Jan 16 2022 01: +0,1642294800
4.317,4,Jan 17 2022 01: +0,1642381200
4.249,7,Jan 18 2022 01: +0,1642467600
4.62,5,Jan 19 2022 01: +0,1642554000
4.496,3,Jan 20 2022 01: +0,1642640400
4.637,3,Jan 21 2022 01: +0,1642726800
4.288,5,Jan 22 2022 01: +0,1642813200
4.451,7,Jan 23 2022 01: +0,1642899600
4.154,5,Jan 24 2022 01: +0,1642986000
4.197,7,Jan 25 2022 01: +0,1643072400
4.435,4,Jan 26 2022 01: +0,1643158800
4.025,10,Jan 27 2022 01: +0,1643245200
4.162,8,Jan 28 2022 01: +0,1643331600
4.28,7,Jan 29 2022 01: +0,1643418000
4.111,6,Jan 30 2022 01: +0,1643504400
4.119,10,Jan 31 2022 01: +0,1643590800
4.338,10,Feb 01 2022 01: +0,1643677200
4.21,10,Feb 02 2022 01: +0,1643763600
4.178,7,Feb 03 2022 01: +0,1643850000
4.083,7,Feb 04 2022 01: +0,1643936400
4.524,5,Feb 05 2022 01: +0,1644022800
4.408,7,Feb 06 2022 01: +0,1644109200
4.586,5,Feb 07 2022 01: +0,1644195600
4.291,6,Feb 08 2022 01: +0,1644282000
4.81,2,Feb 09 2022 01: +0,1644368400
4.139,3,Feb 10 2022 01: +0,1644454800
4.335,5,Feb 11 2022 01: +0,1644541200
4.641,2,Feb 12 2022 01: +0,1644627600
4.832,5,Feb 13 2022 01: +0,1644714000
4.522,6,Feb 14 2022 01: +0,1644800400
4.399,7,Feb 15 2022 01: +0,1644886800
4.668,3,Feb 16 2022 01: +0,1644973200
4.332,5,Feb 17 2022 01: +0,1645059600
5.07,3,Feb 18 2022 01: +0,1645146000
4.962,4,Feb 19 2022 01: +0,1645232400
4.741,7,Feb 20 2022 01: +0,1645318800
4.526,3,Feb 21 2022 01: +0,1645405200
4.271,7,Feb 22 2022 01: +0,1645491600
4.595,6,Feb 23 2022 01: +0,1645578000
4.484,8,Feb 24 2022 01: +0,1645664400
4.319,2,Feb 25 2022 01: +0,1645750800
4.151,9,Feb 26 2022 01: +0,1645837200
4.424,2,Feb 27 2022 01: +0,1645923600
4.176,8,Feb 28 2022 01: +0,1646010000
4.08,6,Mar 01 2022 01: +0,1646096400
4.266,7,Mar 02 2022 01: +0,1646182800
4.236,3,Mar 03 2022 01: +0,1646269200
4.193,6,Mar 04 2022 01: +0,1646355600
4.351,9,Mar 05 2022 01: +0,1646442000
4.548,4,Mar 06 2022 01: +0,1646528400
4.179,5,Mar 07 2022 01: +0,1646614800
4.224,7,Mar 08 2022 01: +0,1646701200
4.394,8,Mar 09 2022 01: +0,1646787600
3.972,3,Mar 10 2022 01: +0,1646874000
4.89,4,Mar 11 2022 01: +0,1646960400
4.458,17,Mar 12 2022 01: +0,1647046800
4.228,7,Mar 13 2022 01: +0,1647133200
4.223,6,Mar 14 2022 01: +0,1647219600
4.388,2,Mar 15 2022 01: +0,1647306000
3.784,5,Mar 16 2022 01: +0,1647392400
4.874,3,Mar 17 2022 01: +0,1647478800
4.512,7,Mar 18 2022 01: +0,1647565200
4.52,3,Mar 19 2022 01: +0,1647651600
4.348,3,Mar 20 2022 01: +0,1647738000
4.024,5,Mar 21 2022 01: +0,1647824400
4.3,5,Mar 22 2022 01: +0,1647910800
3.931,6,Mar 23 2022 01: +0,1647997200
4.456,1,Mar 24 2022 01: +0,1648083600
4.472,4,Mar 25 2022 01: +0,1648170000
4.588,4,Mar 26 2022 01: +0,1648256400
4.536,4,Mar 27 2022 01: +0,1648342800
4.622,3,Mar 28 2022 01: +0,1648425600
4.128,4,Mar 29 2022 01: +0,1648512000
4.275,6,Mar 30 2022 01: +0,1648598400
4.34,7,Mar 31 2022 01: +0,1648684800
4.141,2,Apr 01 2022 01: +0,1648771200
4.254,5,Apr 02 2022 01: +0,1648857600
4.284,8,Apr 03 2022 01: +0,1648944000
4.533,4,Apr 04 2022 01: +0,1649030400
4.667,3,Apr 05 2022 01: +0,1649116800
3.719,4,Apr 06 2022 01: +0,1649203200
4.858,6,Apr 07 2022 01: +0,1649289600
4.649,4,Apr 08 2022 01: +0,1649376000
5.175,5,Apr 09 2022 01: +0,1649462400
5.018,5,Apr 10 2022 01: +0,1649548800
4.662,5,Apr 11 2022 01: +0,1649635200
4.529,2,Apr 12 2022 01: +0,1649721600
4.284,4,Apr 13 2022 01: +0,1649808000
4.425,6,Apr 14 2022 01: +0,1649894400
4.868,7,Apr 15 2022 01: +0,1649980800
4.59,8,Apr 16 2022 01: +0,1650067200
4.848,4,Apr 17 2022 01: +0,1650153600
4.576,8,Apr 18 2022 01: +0,1650240000
4.86,6,Apr 19 2022 01: +0,1650326400
4.656,5,Apr 20 2022 01: +0,1650412800
5.625,4,Apr 21 2022 01: +0,1650499200
4.612,8,Apr 22 2022 01: +0,1650585600
4.73,3,Apr 23 2022 01: +0,1650672000
4.996,9,Apr 24 2022 01: +0,1650758400
3.494,3,Apr 25 2022 01: +0,1650844800
4.515,5,Apr 26 2022 01: +0,1650931200
4.461,5,Apr 27 2022 01: +0,1651017600
4.738,7,Apr 28 2022 01: +0,1651104000
4.881,2,Apr 29 2022 01: +0,1651190400
4.441,6,Apr 30 2022 01: +0,1651276800
4.488,4,May 01 2022 01: +0,1651363200
4.957,4,May 02 2022 01: +0,1651449600
4.491,4,May 03 2022 01: +0,1651536000
4.281,6,May 04 2022 01: +0,1651622400
4.514,6,May 05 2022 01: +0,1651708800
4.14,2,May 06 2022 01: +0,1651795200
4.112,6,May 07 2022 01: +0,1651881600
4.174,8,May 08 2022 01: +0,1651968000
4.547,1,May 09 2022 01: +0,1652054400
4.324,6,May 10 2022 01: +0,1652140800
4.286,5,May 11 2022 01: +0,1652227200
4.412,4,May 12 2022 01: +0,1652313600
4.289,8,May 13 2022 01: +0,1652400000
4.605,9,May 14 2022 01: +0,1652486400
4.969,1,May 15 2022 01: +0,1652572800
4.288,5,May 16 2022 01: +0,1652659200
4.365,5,May 17 2022 01: +0,1652745600
4.927,1,May 18 2022 01: +0,1652832000
4.4,2,May 19 2022 01: +0,1652918400
4.854,2,May 20 2022 01: +0,1653004800
4.469,3,May 21 2022 01: +0,1653091200
4.56,9,May 22 2022 01: +0,1653177600
4.689,3,May 24 2022 01: +0,1653350400
4.847,4,May 25 2022 01: +0,1653436800
3.714,5,May 26 2022 01: +0,1653523200
4.4,6,May 27 2022 01: +0,1653609600
5.013,1,May 28 2022 01: +0,1653696000
4.8,4,May 29 2022 01: +0,1653782400
4.618,9,May 30 2022 01: +0,1653868800
4.491,6,May 31 2022 01: +0,1653955200
5.172,2,Jun 01 2022 01: +0,1654041600
4.702,6,Jun 02 2022 01: +0,1654128000
4.958,7,Jun 03 2022 01: +0,1654214400
6.149,2,Jun 04 2022 01: +0,1654300800
5.224,6,Jun 05 2022 01: +0,1654387200
4.906,5,Jun 06 2022 01: +0,1654473600
4.706,7,Jun 07 2022 01: +0,1654560000
5.228,1,Jun 08 2022 01: +0,1654646400
4.708,4,Jun 09 2022 01: +0,1654732800
4.984,4,Jun 10 2022 01: +0,1654819200
4.736,4,Jun 11 2022 01: +0,1654905600
5.03,13,Jun 12 2022 01: +0,1654992000
4.258,1,Jun 13 2022 01: +0,1655078400
4.945,6,Jun 14 2022 01: +0,1655164800
4.911,3,Jun 15 2022 01: +0,1655251200
4.789,7,Jun 16 2022 01: +0,1655337600
4.471,3,Jun 18 2022 01: +0,1655510400
4.177,5,Jun 19 2022 01: +0,1655596800
4.657,5,Jun 20 2022 01: +0,1655683200
4.774,2,Jun 21 2022 01: +0,1655769600
4.036,5,Jun 22 2022 01: +0,1655856000
3.78,1,Jun 23 2022 01: +0,1655942400
3.731,2,Jun 24 2022 01: +0,1656028800
3.987,5,Jun 25 2022 01: +0,1656115200
3.642,6,Jun 26 2022 01: +0,1656201600
3.651,3,Jun 27 2022 01: +0,1656288000
4.043,3,Jun 28 2022 01: +0,1656374400
3.86,1,Jun 29 2022 01: +0,1656460800
3.743,6,Jun 30 2022 01: +0,1656547200
3.873,2,Jul 01 2022 01: +0,1656633600
3.866,7,Jul 02 2022 01: +0,1656720000
3.785,6,Jul 03 2022 01: +0,1656806400
4.341,6,Jul 04 2022 01: +0,1656892800
4.773,2,Jul 05 2022 01: +0,1656979200
4.264,3,Jul 06 2022 01: +0,1657065600
4.095,6,Jul 07 2022 01: +0,1657152000
4.11,6,Jul 08 2022 01: +0,1657238400
4.158,1,Jul 09 2022 01: +0,1657324800
4.197,3,Jul 10 2022 01: +0,1657411200
4.17,8,Jul 11 2022 01: +0,1657497600
4.286,8,Jul 12 2022 01: +0,1657584000
4.732,3,Jul 13 2022 01: +0,1657670400
4.349,6,Jul 14 2022 01: +0,1657756800
4.08,5,Jul 15 2022 01: +0,1657843200
4.182,11,Jul 16 2022 01: +0,1657929600
4.086,3,Jul 17 2022 01: +0,1658016000
4.242,2,Jul 18 2022 01: +0,1658102400
4.295,5,Jul 19 2022 01: +0,1658188800
4.598,4,Jul 20 2022 01: +0,1658275200
4.103,4,Jul 21 2022 01: +0,1658361600
4.302,9,Jul 22 2022 01: +0,1658448000
4.263,6,Jul 23 2022 01: +0,1658534400
4.57,3,Jul 24 2022 01: +0,1658620800
4.447,6,Jul 25 2022 01: +0,1658707200
4.682,5,Jul 26 2022 01: +0,1658793600
4.589,5,Jul 27 2022 01: +0,1658880000
4.823,5,Jul 28 2022 01: +0,1658966400
4.575,8,Jul 29 2022 01: +0,1659052800
4.059,7,Jul 30 2022 01: +0,1659139200
4.309,9,Jul 31 2022 01: +0,1659225600
4.345,4,Aug 01 2022 01: +0,1659312000
4.214,4,Aug 02 2022 01: +0,1659398400
4.321,8,Aug 03 2022 01: +0,1659484800
4.495,4,Aug 04 2022 01: +0,1659571200
4.26,2,Aug 05 2022 01: +0,1659657600
4.179,3,Aug 06 2022 01: +0,1659744000
3.919,7,Aug 07 2022 01: +0,1659830400
4.393,5,Aug 08 2022 01: +0,1659916800
4.39,3,Aug 09 2022 01: +0,1660003200
4.527,11,Aug 10 2022 01: +0,1660089600
4.43,3,Aug 11 2022 01: +0,1660176000
4.606,6,Aug 12 2022 01: +0,1660262400
4.268,2,Aug 13 2022 01: +0,1660348800
3.715,8,Aug 14 2022 01: +0,1660435200
4.499,4,Aug 15 2022 01: +0,1660521600
4.047,5,Aug 16 2022 01: +0,1660608000
4.031,5,Aug 17 2022 01: +0,1660694400
4.277,4,Aug 18 2022 01: +0,1660780800
4.232,6,Aug 19 2022 01: +0,1660867200
4.476,2,Aug 20 2022 01: +0,1660953600
4.302,1,Aug 21 2022 01: +0,1661040000
4.067,9,Aug 22 2022 01: +0,1661126400
4.041,11,Aug 23 2022 01: +0,1661212800
4.176,8,Aug 24 2022 01: +0,1661299200
3.852,4,Aug 25 2022 01: +0,1661385600
4.36,5,Aug 26 2022 01: +0,1661472000
4.172,11,Aug 27 2022 01: +0,1661558400
4.441,6,Aug 28 2022 01: +0,1661644800
4.411,3,Aug 29 2022 01: +0,1661731200
4.005,5,Aug 30 2022 01: +0,1661817600
4.411,7,Aug 31 2022 01: +0,1661904000
4.161,9,Sep 01 2022 01: +0,1661990400
4.031,5,Sep 02 2022 01: +0,1662076800
3.782,7,Sep 03 2022 01: +0,1662163200
4.106,6,Sep 04 2022 01: +0,1662249600
4.078,7,Sep 05 2022 01: +0,1662336000
4.178,6,Sep 06 2022 01: +0,1662422400
4.319,5,Sep 07 2022 01: +0,1662508800
4.077,2,Sep 08 2022 01: +0,1662595200
4.254,4,Sep 09 2022 01: +0,1662681600
4.334,6,Sep 10 2022 01: +0,1662768000
4.131,4,Sep 11 2022 01: +0,1662854400
4.082,6,Sep 12 2022 01: +0,1662940800
3.974,2,Sep 13 2022 01: +0,1663027200
4.24,1,Sep 14 2022 01: +0,1663113600
4.245,6,Sep 15 2022 01: +0,1663200000
4.134,5,Sep 16 2022 01: +0,1663286400
4.17,4,Sep 17 2022 01: +0,1663372800
4.407,6,Sep 18 2022 01: +0,1663459200
4.473,4,Sep 19 2022 01: +0,1663545600
3.889,3,Sep 20 2022 01: +0,1663632000
4.302,6,Sep 21 2022 01: +0,1663718400
4.43,6,Sep 22 2022 01: +0,1663804800
4.09,6,Sep 23 2022 01: +0,1663891200
3.95,6,Sep 24 2022 01: +0,1663977600
4.072,6,Sep 25 2022 01: +0,1664064000
3.971,8,Sep 26 2022 01: +0,1664150400
3.838,7,Sep 27 2022 01: +0,1664236800
3.979,6,Sep 28 2022 01: +0,1664323200
3.439,5,Sep 29 2022 01: +0,1664409600
3.792,11,Sep 30 2022 01: +0,1664496000
3.885,11,Oct 01 2022 01: +0,1664582400
3.991,8,Oct 02 2022 01: +0,1664668800
4.033,8,Oct 03 2022 01: +0,1664755200
4.055,4,Oct 04 2022 01: +0,1664841600
4.116,9,Oct 05 2022 01: +0,1664928000
4.535,7,Oct 06 2022 01: +0,1665014400
4.19,4,Oct 07 2022 01: +0,1665100800
4.465,8,Oct 08 2022 01: +0,1665187200
4.647,4,Oct 09 2022 01: +0,1665273600
4.505,8,Oct 10 2022 01: +0,1665360000
4.764,3,Oct 11 2022 01: +0,1665446400
4.949,3,Oct 12 2022 01: +0,1665532800
4.487,4,Oct 13 2022 01: +0,1665619200
4.279,5,Oct 14 2022 01: +0,1665705600
4.533,7,Oct 15 2022 01: +0,1665792000
4.626,7,Oct 16 2022 01: +0,1665878400
4.506,5,Oct 17 2022 01: +0,1665964800
4.362,4,Oct 18 2022 01: +0,1666051200
4.429,8,Oct 19 2022 01: +0,1666137600
4.902,1,Oct 20 2022 01: +0,1666224000
3.959,6,Oct 21 2022 01: +0,1666310400
4.41,4,Oct 22 2022 01: +0,1666396800
4.844,4,Oct 23 2022 01: +0,1666483200
4.931,2,Oct 24 2022 01: +0,1666569600
4.655,4,Oct 25 2022 01: +0,1666656000
4.07,8,Oct 26 2022 01: +0,1666742400
4.852,4,Oct 27 2022 01: +0,1666828800
4.483,8,Oct 28 2022 01: +0,1666915200
4.409,3,Oct 29 2022 01: +0,1667001600
4.249,3,Oct 30 2022 01: +0,1667088000
3.978,4,Oct 31 2022 01: +0,1667178000
3.962,7,Nov 01 2022 01: +0,1667264400
4.244,5,Nov 02 2022 01: +0,1667350800
3.642,2,Nov 03 2022 01: +0,1667437200
4.46,4,Nov 04 2022 01: +0,1667523600
4.426,8,Nov 05 2022 01: +0,1667610000
4.547,6,Nov 06 2022 01: +0,1667696400
4.574,5,Nov 07 2022 01: +0,1667782800
4.466,5,Nov 08 2022 01: +0,1667869200
4.153,5,Nov 09 2022 01: +0,1667955600
4.122,9,Nov 10 2022 01: +0,1668042000
4.686,3,Nov 11 2022 01: +0,1668128400
4.458,2,Nov 12 2022 01: +0,1668214800
4.455,5,Nov 13 2022 01: +0,1668301200
4.44,7,Nov 14 2022 01: +0,1668387600
4.632,5,Nov 15 2022 01: +0,1668474000
4.078,1,Nov 16 2022 01: +0,1668560400
4.642,3,Nov 17 2022 01: +0,1668646800
4.604,2,Nov 18 2022 01: +0,1668733200
4.397,4,Nov 19 2022 01: +0,1668819600
4.845,3,Nov 20 2022 01: +0,1668906000
4.266,3,Nov 21 2022 01: +0,1668992400
4.187,5,Nov 22 2022 01: +0,1669078800
4.36,9,Nov 23 2022 01: +0,1669165200
4.738,4,Nov 24 2022 01: +0,1669251600
3.797,3,Nov 25 2022 01: +0,1669338000
3.73,9,Nov 26 2022 01: +0,1669424400
3.77,5,Nov 27 2022 01: +0,1669510800
4.545,9,Nov 28 2022 01: +0,1669597200
4.161,4,Nov 29 2022 01: +0,1669683600
4.208,3,Nov 30 2022 01: +0,1669770000
4.424,3,Dec 01 2022 01: +0,1669856400
4.467,3,Dec 02 2022 01: +0,1669942800
4.483,4,Dec 03 2022 01: +0,1670029200
4.566,1,Dec 04 2022 01: +0,1670115600
4.071,4,Dec 05 2022 01: +0,1670202000
4.133,3,Dec 06 2022 01: +0,1670288400
4.206,6,Dec 07 2022 01: +0,1670374800
3.966,9,Dec 08 2022 01: +0,1670461200
3.408,6,Dec 09 2022 01: +0,1670547600
3.951,4,Dec 10 2022 01: +0,1670634000
3.708,7,Dec 11 2022 01: +0,1670720400
4.043,2,Dec 12 2022 01: +0,1670806800
4.059,4,Dec 13 2022 01: +0,1670893200
3.943,6,Dec 14 2022 01: +0,1670979600
3.794,3,Dec 15 2022 01: +0,1671066000
4.208,2,Dec 16 2022 01: +0,1671152400
4.052,13,Dec 17 2022 01: +0,1671238800
3.789,5,Dec 18 2022 01: +0,1671325200
3.909,3,Dec 19 2022 01: +0,1671411600
3.71,5,Dec 20 2022 01: +0,1671498000
3.726,7,Dec 21 2022 01: +0,1671584400
3.584,5,Dec 22 2022 01: +0,1671670800
3.687,5,Dec 23 2022 01: +0,1671757200
3.332,9,Dec 24 2022 01: +0,1671843600
3.701,5,Dec 25 2022 01: +0,1671930000
3.907,8,Dec 26 2022 01: +0,1672016400
3.935,4,Dec 27 2022 01: +0,1672102800
4.016,3,Dec 28 2022 01: +0,1672189200
3.915,8,Dec 29 2022 01: +0,1672275600
3.991,10,Dec 30 2022 01: +0,1672362000
3.621,3,Dec 31 2022 01: +0,1672448400
3.631,7,Jan 01 2023 01: +0,1672534800
3.89,3,Jan 02 2023 01: +0,1672621200
3.901,2,Jan 03 2023 01: +0,1672707600
3.938,6,Jan 04 2023 01: +0,1672794000
3.813,8,Jan 05 2023 01: +0,1672880400
3.722,4,Jan 06 2023 01: +0,1672966800
3.636,6,Jan 07 2023 01: +0,1673053200
3.896,4,Jan 08 2023 01: +0,1673139600
3.865,4,Jan 09 2023 01: +0,1673226000
3.857,8,Jan 10 2023 01: +0,1673312400
3.704,6,Jan 11 2023 01: +0,1673398800
3.011,5,Jan 12 2023 01: +0,1673485200
3.973,9,Jan 13 2023 01: +0,1673571600
4.135,7,Jan 14 2023 01: +0,1673658000
3.92,2,Jan 15 2023 01: +0,1673744400
3.878,18,Jan 16 2023 01: +0,1673830800
4.173,5,Jan 17 2023 01: +0,1673917200
3.76,2,Jan 18 2023 01: +0,1674003600
4.094,4,Jan 19 2023 01: +0,1674090000
4.06,9,Jan 20 2023 01: +0,1674176400
4.245,7,Jan 21 2023 01: +0,1674262800
4.13,7,Jan 22 2023 01: +0,1674349200
4.532,4,Jan 23 2023 01: +0,1674435600
4.561,5,Jan 24 2023 01: +0,1674522000
4.42,9,Jan 25 2023 01: +0,1674608400
4.52,5,Jan 26 2023 01: +0,1674694800
4.974,3,Jan 27 2023 01: +0,1674781200
4.446,3,Jan 28 2023 01: +0,1674867600
4.1,8,Jan 29 2023 01: +0,1674954000
3.668,5,Jan 30 2023 01: +0,1675040400
4.194,5,Jan 31 2023 01: +0,1675126800
4.117,6,Feb 01 2023 01: +0,1675213200
4.151,4,Feb 02 2023 01: +0,1675299600
4.301,6,Feb 03 2023 01: +0,1675386000
4.242,6,Feb 04 2023 01: +0,1675472400
4.517,5,Feb 05 2023 01: +0,1675558800
4.095,4,Feb 06 2023 01: +0,1675645200
4.144,4,Feb 07 2023 01: +0,1675731600
3.789,7,Feb 08 2023 01: +0,1675818000
3.972,7,Feb 09 2023 01: +0,1675904400
4.192,12,Feb 10 2023 01: +0,1675990800
4.213,4,Feb 11 2023 01: +0,1676077200
4.236,4,Feb 12 2023 01: +0,1676163600
4.106,9,Feb 13 2023 01: +0,1676250000
4.135,7,Feb 14 2023 01: +0,1676336400
4.554,1,Feb 15 2023 03: +0,1676430000
3.879,1,Feb 15 2023 10: +0,1676455200
3.64,1,Feb 15 2023 12: +0,1676462400
4.631,1,Feb 15 2023 16: +0,1676476800
4.66,1,Feb 15 2023 21: +0,1676494800
3.83,1,Feb 15 2023 23: +0,1676502000
4.289,1,Feb 16 2023 00: +0,1676505600
4.351,2,Feb 16 2023 06: +0,1676527200
3.799,1,Feb 16 2023 08: +0,1676534400
4.488,1,Feb 16 2023 09: +0,1676538000
4.501,1,Feb 16 2023 10: +0,1676541600
4.287,1,Feb 16 2023 13: +0,1676552400
3.89,1,Feb 16 2023 14: +0,1676556000
4.647,1,Feb 16 2023 19: +0,1676574000
3.802,1,Feb 16 2023 23: +0,1676588400
4.435,2,Feb 17 2023 14: +0,1676642400
4.657,1,Feb 17 2023 15: +0,1676646000
4.766,2,Feb 17 2023 18: +0,1676656800
4.661,1,Feb 17 2023 19: +0,1676660400
4.475,1,Feb 18 2023 19: +0,1676746800
4.595,1,Feb 18 2023 22: +0,1676757600
4.343,1,Feb 19 2023 06: +0,1676786400
4.433,1,Feb 19 2023 11: +0,1676804400
4.418,1,Feb 19 2023 13: +0,1676811600
4.515,4,Feb 19 2023 16: +0,1676822400
4.621,1,Feb 19 2023 19: +0,1676833200
3.739,1,Feb 19 2023 20: +0,1676836800
4.423,1,Feb 20 2023 01: +0,1676854800
4.425,1,Feb 20 2023 02: +0,1676858400
3.942,1,Feb 20 2023 11: +0,1676890800
4.656,1,Feb 20 2023 23: +0,1676934000
3.929,2,Feb 21 2023 03: +0,1676948400
4.595,1,Feb 21 2023 08: +0,1676966400
4.252,1,Feb 21 2023 11: +0,1676977200
4.547,1,Feb 21 2023 13: +0,1676984400
4.495,1,Feb 21 2023 14: +0,1676988000
4.113,2,Feb 21 2023 17: +0,1676998800
4.144,2,Feb 21 2023 21: +0,1677013200
4.249,1,Feb 22 2023 14: +0,1677074400
3.044,1,Feb 22 2023 18: +0,1677088800
4.507,1,Feb 22 2023 20: +0,1677096000
3.044,1,Feb 22 2023 22: +0,1677103200
3.548,2,Feb 23 2023 02: +0,1677117600
3.458,1,Feb 23 2023 16: +0,1677168000
4.417,1,Feb 24 2023 08: +0,1677225600
3.871,1,Feb 24 2023 15: +0,1677250800
4.433,1,Feb 24 2023 16: +0,1677254400
4.392,1,Feb 24 2023 19: +0,1677265200
4.203,1,Feb 25 2023 00: +0,1677283200
3.804,1,Feb 25 2023 09: +0,1677315600
3.747,1,Feb 25 2023 11: +0,1677322800
3.176,1,Feb 25 2023 14: +0,1677333600
3.784,2,Feb 25 2023 16: +0,1677340800
3.813,1,Feb 25 2023 17: +0,1677344400
3.722,3,Feb 25 2023 18: +0,1677348000
4.02,1,Feb 25 2023 21: +0,1677358800
4.075,2,Feb 25 2023 22: +0,1677362400
4.075,1,Feb 26 2023 00: +0,1677369600
4.336,2,Feb 26 2023 12: +0,1677412800
3.118,1,Feb 26 2023 14: +0,1677420000
3.118,1,Feb 26 2023 16: +0,1677427200
4.425,1,Feb 26 2023 17: +0,1677430800
4.432,1,Feb 26 2023 21: +0,1677445200
4.347,1,Feb 27 2023 15: +0,1677510000
4.556,1,Feb 27 2023 18: +0,1677520800
3.879,1,Feb 28 2023 03: +0,1677553200
4.657,1,Feb 28 2023 04: +0,1677556800
4.461,1,Feb 28 2023 08: +0,1677571200
3.938,1,Feb 28 2023 14: +0,1677592800
4.143,1,Feb 28 2023 19: +0,1677610800
4.366,1,Feb 28 2023 22: +0,1677621600
4.645,1,Mar 01 2023 01: +0,1677632400
4.257,1,Mar 01 2023 16: +0,1677686400
4.245,1,Mar 01 2023 18: +0,1677693600
4.171,1,Mar 01 2023 23: +0,1677711600
4.347,4,Mar 02 2023 09: +0,1677747600
4.357,1,Mar 02 2023 14: +0,1677765600
4.003,1,Mar 02 2023 17: +0,1677776400
4.386,1,Mar 03 2023 08: +0,1677830400
4.445,1,Mar 03 2023 12: +0,1677844800
4.437,1,Mar 03 2023 14: +0,1677852000
4.412,1,Mar 03 2023 15: +0,1677855600
4.258,1,Mar 03 2023 16: +0,1677859200
4.406,2,Mar 03 2023 17: +0,1677862800
3.805,1,Mar 04 2023 01: +0,1677891600
3.206,1,Mar 04 2023 03: +0,1677898800
2.771,1,Mar 04 2023 18: +0,1677952800
4.466,2,Mar 04 2023 19: +0,1677956400
4.475,1,Mar 04 2023 23: +0,1677970800
3.772,1,Mar 05 2023 00: +0,1677974400
3.755,1,Mar 05 2023 01: +0,1677978000
3.573,1,Mar 05 2023 11: +0,1678014000
4.037,1,Mar 05 2023 13: +0,1678021200
4.037,1,Mar 05 2023 18: +0,1678039200
3.773,2,Mar 06 2023 11: +0,1678100400
3.769,1,Mar 06 2023 16: +0,1678118400
3.831,1,Mar 06 2023 17: +0,1678122000
3.615,1,Mar 06 2023 20: +0,1678132800
3.548,1,Mar 07 2023 00: +0,1678147200
4.136,1,Mar 07 2023 06: +0,1678168800
3.784,1,Mar 07 2023 13: +0,1678194000
3.805,1,Mar 07 2023 15: +0,1678201200
3.805,1,Mar 07 2023 17: +0,1678208400
4.135,1,Mar 07 2023 18: +0,1678212000
3.784,3,Mar 07 2023 19: +0,1678215600
4.28,1,Mar 07 2023 21: +0,1678222800
3.78,1,Mar 08 2023 09: +0,1678266000
3.78,3,Mar 08 2023 10: +0,1678269600
4.297,1,Mar 08 2023 16: +0,1678291200
4.309,1,Mar 08 2023 17: +0,1678294800
4.309,1,Mar 08 2023 21: +0,1678309200
4.354,1,Mar 08 2023 22: +0,1678312800
4.26,1,Mar 09 2023 03: +0,1678330800
4.366,2,Mar 09 2023 11: +0,1678359600
4.76,1,Mar 09 2023 12: +0,1678363200
4.432,3,Mar 09 2023 14: +0,1678370400
4.362,1,Mar 09 2023 18: +0,1678384800
4.495,1,Mar 09 2023 19: +0,1678388400
4.499,1,Mar 09 2023 20: +0,1678392000
4.461,1,Mar 09 2023 21: +0,1678395600
3.78,1,Mar 10 2023 00: +0,1678406400
4.337,1,Mar 10 2023 01: +0,1678410000
3.765,1,Mar 10 2023 03: +0,1678417200
4.476,1,Mar 10 2023 04: +0,1678420800
4.473,1,Mar 10 2023 08: +0,1678435200
4.508,1,Mar 10 2023 10: +0,1678442400
4.509,1,Mar 10 2023 12: +0,1678449600
4.479,2,Mar 10 2023 17: +0,1678467600
4.115,1,Mar 10 2023 23: +0,1678489200
4.499,2,Mar 11 2023 01: +0,1678496400
4.589,1,Mar 11 2023 09: +0,1678525200
3.879,1,Mar 11 2023 14: +0,1678543200
4.592,2,Mar 11 2023 17: +0,1678554000
4.243,1,Mar 12 2023 04: +0,1678593600
4.499,1,Mar 12 2023 09: +0,1678611600
4.649,2,Mar 12 2023 11: +0,1678618800
2.829,1,Mar 12 2023 14: +0,1678629600
3.706,1,Mar 12 2023 16: +0,1678636800
4.335,1,Mar 12 2023 17: +0,1678640400
4.723,1,Mar 12 2023 20: +0,1678651200
3.962,1,Mar 13 2023 04: +0,1678680000
3.962,1,Mar 13 2023 18: +0,1678730400
4.698,1,Mar 13 2023 19: +0,1678734000
4.688,1,Mar 13 2023 20: +0,1678737600
3.97,1,Mar 13 2023 21: +0,1678741200
3.962,1,Mar 13 2023 22: +0,1678744800
3.97,1,Mar 14 2023 00: +0,1678752000
4.546,1,Mar 14 2023 09: +0,1678784400
3.881,1,Mar 14 2023 18: +0,1678816800
4.335,1,Mar 14 2023 19: +0,1678820400
4.27,1,Mar 15 2023 00: +0,1678838400
4.361,1,Mar 15 2023 04: +0,1678852800
4.496,1,Mar 15 2023 07: +0,1678863600
3.824,1,Mar 15 2023 17: +0,1678899600
3.672,1,Mar 15 2023 19: +0,1678906800
3.854,3,Mar 15 2023 21: +0,1678914000
4.365,1,Mar 16 2023 05: +0,1678942800
4.442,1,Mar 16 2023 09: +0,1678957200
4.365,1,Mar 16 2023 16: +0,1678982400
3.846,1,Mar 16 2023 21: +0,1679000400
3.862,1,Mar 16 2023 23: +0,1679007600
3.791,2,Mar 17 2023 13: +0,1679058000
3.701,1,Mar 17 2023 15: +0,1679065200
0.941,1,Mar 17 2023 18: +0,1679076000
4.073,2,Mar 17 2023 20: +0,1679083200
4.261,1,Mar 18 2023 01: +0,1679101200
4.268,1,Mar 18 2023 08: +0,1679126400
4.246,1,Mar 18 2023 16: +0,1679155200
3.666,2,Mar 18 2023 20: +0,1679169600
4.24,1,Mar 18 2023 21: +0,1679173200
3.675,1,Mar 18 2023 22: +0,1679176800
4.204,1,Mar 18 2023 23: +0,1679180400
3.853,2,Mar 19 2023 09: +0,1679216400
3.901,1,Mar 19 2023 11: +0,1679223600
4.196,1,Mar 19 2023 12: +0,1679227200
3.568,2,Mar 19 2023 15: +0,1679238000
3.684,1,Mar 19 2023 16: +0,1679241600
3.702,1,Mar 19 2023 18: +0,1679248800
3.818,3,Mar 19 2023 19: +0,1679252400
4.129,1,Mar 19 2023 20: +0,1679256000
4.231,2,Mar 19 2023 21: +0,1679259600
4.106,1,Mar 19 2023 23: +0,1679266800
4.106,1,Mar 20 2023 02: +0,1679277600
4.118,1,Mar 20 2023 06: +0,1679292000
4.204,1,Mar 20 2023 08: +0,1679299200
3.958,1,Mar 20 2023 10: +0,1679306400
3.812,1,Mar 20 2023 14: +0,1679320800
4.215,1,Mar 20 2023 15: +0,1679324400
4.53,2,Mar 20 2023 19: +0,1679338800
3.756,2,Mar 20 2023 21: +0,1679346000
3.667,1,Mar 21 2023 14: +0,1679407200
4.034,1,Mar 21 2023 15: +0,1679410800
4.033,1,Mar 21 2023 17: +0,1679418000
3.897,1,Mar 21 2023 19: +0,1679425200
4.056,1,Mar 22 2023 01: +0,1679446800
4.097,1,Mar 22 2023 05: +0,1679461200
0.93,1,Mar 22 2023 11: +0,1679482800
4.1,1,Mar 22 2023 12: +0,1679486400
4.156,1,Mar 22 2023 14: +0,1679493600
4.215,1,Mar 22 2023 15: +0,1679497200
4.193,1,Mar 23 2023 06: +0,1679551200
3.604,1,Mar 23 2023 09: +0,1679562000
4.195,1,Mar 23 2023 12: +0,1679572800
3.402,1,Mar 23 2023 15: +0,1679583600
4.177,1,Mar 23 2023 17: +0,1679590800
3.609,3,Mar 23 2023 20: +0,1679601600
0.929,1,Mar 23 2023 22: +0,1679608800
4.173,1,Mar 24 2023 03: +0,1679626800
4.178,1,Mar 24 2023 11: +0,1679655600
3.044,1,Mar 24 2023 14: +0,1679666400
4.178,1,Mar 24 2023 15: +0,1679670000
4.26,1,Mar 24 2023 18: +0,1679680800
4.271,1,Mar 24 2023 20: +0,1679688000
4.032,1,Mar 25 2023 00: +0,1679702400
4.249,1,Mar 25 2023 04: +0,1679716800
4.244,1,Mar 25 2023 05: +0,1679720400
4.295,1,Mar 25 2023 08: +0,1679731200
3.944,1,Mar 25 2023 11: +0,1679742000
4.144,1,Mar 25 2023 12: +0,1679745600
4.356,1,Mar 25 2023 15: +0,1679756400
4.369,2,Mar 25 2023 16: +0,1679760000
4.402,2,Mar 25 2023 21: +0,1679778000
4.32,1,Mar 25 2023 23: +0,1679785200
4.417,1,Mar 26 2023 03: +0,1679796000
4.426,1,Mar 26 2023 12: +0,1679828400
4.441,1,Mar 26 2023 14: +0,1679835600
4.684,2,Mar 26 2023 15: +0,1679839200
4.541,2,Mar 26 2023 19: +0,1679853600
3.875,1,Mar 26 2023 20: +0,1679857200
3.868,1,Mar 26 2023 21: +0,1679860800
4.645,1,Mar 27 2023 07: +0,1679896800
4.149,1,Mar 27 2023 15: +0,1679925600
4.491,1,Mar 27 2023 18: +0,1679936400
3.736,2,Mar 27 2023 19: +0,1679940000
4.519,1,Mar 27 2023 20: +0,1679943600
4.484,1,Mar 28 2023 00: +0,1679958000
4.516,2,Mar 28 2023 01: +0,1679961600
3.189,1,Mar 28 2023 14: +0,1680008400
3.966,1,Mar 28 2023 16: +0,1680015600
4.454,1,Mar 28 2023 19: +0,1680026400
4.459,2,Mar 28 2023 21: +0,1680033600
4.452,1,Mar 29 2023 01: +0,1680048000
4.438,1,Mar 29 2023 04: +0,1680058800
4.487,1,Mar 29 2023 07: +0,1680069600
4.494,1,Mar 29 2023 10: +0,1680080400
4.438,1,Mar 29 2023 16: +0,1680102000
4.336,2,Mar 29 2023 18: +0,1680109200
4.07,2,Mar 29 2023 19: +0,1680112800
3.802,1,Mar 29 2023 20: +0,1680116400
4.401,1,Mar 30 2023 02: +0,1680138000
4.409,1,Mar 30 2023 06: +0,1680152400
4.401,1,Mar 30 2023 14: +0,1680181200
4.387,1,Mar 30 2023 16: +0,1680188400
4.436,1,Mar 30 2023 17: +0,1680192000
4.413,1,Mar 30 2023 22: +0,1680210000
4.575,1,Mar 30 2023 23: +0,1680213600
4.592,1,Mar 31 2023 06: +0,1680238800
4.734,1,Mar 31 2023 13: +0,1680264000
4.517,1,Mar 31 2023 19: +0,1680285600
4.616,1,Mar 31 2023 20: +0,1680289200
4.761,1,Mar 31 2023 23: +0,1680300000
3.08,1,Apr 01 2023 01: +0,1680307200
3.905,1,Apr 01 2023 07: +0,1680328800
4.034,1,Apr 01 2023 18: +0,1680368400
4.23,2,Apr 01 2023 19: +0,1680372000
4.799,1,Apr 01 2023 20: +0,1680375600
4.79,2,Apr 01 2023 21: +0,1680379200
4.84,1,Apr 02 2023 00: +0,1680390000
4.38,1,Apr 02 2023 03: +0,1680400800
4.541,2,Apr 02 2023 17: +0,1680451200
4.9,1,Apr 02 2023 21: +0,1680465600
5.028,1,Apr 02 2023 22: +0,1680469200
5.277,1,Apr 03 2023 02: +0,1680483600
5.41,1,Apr 03 2023 03: +0,1680487200
3.856,1,Apr 03 2023 13: +0,1680523200
4.276,1,Apr 03 2023 15: +0,1680530400
5.024,2,Apr 03 2023 19: +0,1680544800
4.039,1,Apr 03 2023 20: +0,1680548400
4.989,1,Apr 03 2023 21: +0,1680552000
5.051,1,Apr 03 2023 22: +0,1680555600
5.048,1,Apr 04 2023 03: +0,1680573600
4.45,1,Apr 04 2023 08: +0,1680591600
4.42,1,Apr 04 2023 12: +0,1680606000
4.244,1,Apr 04 2023 18: +0,1680627600
4.003,1,Apr 04 2023 19: +0,1680631200
4.372,1,Apr 04 2023 21: +0,1680638400
3.69,1,Apr 04 2023 22: +0,1680642000
4.107,1,Apr 05 2023 00: +0,1680649200
4.292,1,Apr 05 2023 01: +0,1680652800
4.777,2,Apr 05 2023 02: +0,1680656400
4.524,2,Apr 05 2023 13: +0,1680696000
4.573,1,Apr 05 2023 18: +0,1680714000
4.628,1,Apr 05 2023 19: +0,1680717600
4.088,2,Apr 05 2023 20: +0,1680721200
4.721,3,Apr 05 2023 23: +0,1680732000
4.695,1,Apr 06 2023 08: +0,1680764400
4.742,1,Apr 06 2023 13: +0,1680782400
4.747,1,Apr 06 2023 16: +0,1680793200
4.567,1,Apr 06 2023 22: +0,1680814800
4.509,1,Apr 07 2023 05: +0,1680840000
4.46,1,Apr 07 2023 06: +0,1680843600
4.551,2,Apr 07 2023 20: +0,1680894000
4.024,1,Apr 07 2023 21: +0,1680897600
4.558,1,Apr 07 2023 22: +0,1680901200
3.984,1,Apr 07 2023 23: +0,1680904800
3.908,1,Apr 08 2023 04: +0,1680922800
4.023,1,Apr 08 2023 11: +0,1680948000
3.598,1,Apr 08 2023 12: +0,1680951600
4.03,1,Apr 08 2023 14: +0,1680958800
4.034,1,Apr 08 2023 17: +0,1680969600
4.531,1,Apr 08 2023 18: +0,1680973200
4.524,1,Apr 08 2023 21: +0,1680984000
4.583,6,Apr 08 2023 22: +0,1680987600
4.644,1,Apr 09 2023 02: +0,1681002000
4.841,1,Apr 09 2023 07: +0,1681020000
4.697,1,Apr 09 2023 08: +0,1681023600
4.777,1,Apr 09 2023 12: +0,1681038000
3.426,1,Apr 09 2023 13: +0,1681041600
4.74,2,Apr 09 2023 17: +0,1681056000
4.997,1,Apr 09 2023 18: +0,1681059600
4.209,1,Apr 09 2023 20: +0,1681066800
4.06,2,Apr 09 2023 21: +0,1681070400
5.008,1,Apr 09 2023 22: +0,1681074000
4.747,2,Apr 10 2023 00: +0,1681081200
4.226,1,Apr 10 2023 04: +0,1681095600
4.742,1,Apr 10 2023 05: +0,1681099200
5.032,1,Apr 10 2023 10: +0,1681117200
4.737,1,Apr 10 2023 11: +0,1681120800
4.278,1,Apr 10 2023 12: +0,1681124400
4.097,1,Apr 10 2023 15: +0,1681135200
4.513,1,Apr 10 2023 18: +0,1681146000
5.033,1,Apr 10 2023 19: +0,1681149600
4.37,2,Apr 10 2023 20: +0,1681153200
4.521,1,Apr 10 2023 22: +0,1681160400
4.727,1,Apr 11 2023 01: +0,1681171200
4.015,1,Apr 11 2023 03: +0,1681178400
5.051,1,Apr 11 2023 07: +0,1681192800
5.064,1,Apr 11 2023 08: +0,1681196400
5.074,1,Apr 11 2023 09: +0,1681200000
4.565,2,Apr 11 2023 11: +0,1681207200
4.579,2,Apr 11 2023 17: +0,1681228800
5.182,1,Apr 11 2023 20: +0,1681239600
5.078,1,Apr 11 2023 21: +0,1681243200
5.205,1,Apr 11 2023 22: +0,1681246800
5.353,1,Apr 12 2023 08: +0,1681282800
5.145,1,Apr 12 2023 13: +0,1681300800
2.205,1,Apr 12 2023 15: +0,1681308000
5.048,1,Apr 12 2023 18: +0,1681318800
4.709,1,Apr 12 2023 21: +0,1681329600
4.492,1,Apr 13 2023 00: +0,1681340400
5.442,1,Apr 13 2023 02: +0,1681347600
4.611,1,Apr 13 2023 06: +0,1681362000
3.877,1,Apr 13 2023 10: +0,1681376400
5.247,1,Apr 13 2023 16: +0,1681398000
4.428,1,Apr 13 2023 18: +0,1681405200
4.411,2,Apr 13 2023 19: +0,1681408800
5.752,2,Apr 13 2023 20: +0,1681412400
5.565,1,Apr 13 2023 21: +0,1681416000
4.886,2,Apr 13 2023 23: +0,1681423200
4.447,2,Apr 14 2023 02: +0,1681434000
3.794,1,Apr 14 2023 03: +0,1681437600
5.47,1,Apr 14 2023 04: +0,1681441200
5.121,1,Apr 14 2023 10: +0,1681462800
4.444,1,Apr 14 2023 12: +0,1681470000
4.22,1,Apr 14 2023 14: +0,1681477200
4.485,1,Apr 14 2023 19: +0,1681495200
4.339,1,Apr 14 2023 21: +0,1681502400
4.46,1,Apr 14 2023 22: +0,1681506000
3.984,1,Apr 15 2023 04: +0,1681527600
4.668,1,Apr 15 2023 05: +0,1681531200
4.966,1,Apr 15 2023 06: +0,1681534800
4.613,1,Apr 15 2023 18: +0,1681578000
4.882,1,Apr 16 2023 03: +0,1681610400
2.14,1,Apr 16 2023 04: +0,1681614000
4.89,1,Apr 16 2023 11: +0,1681639200
4.978,1,Apr 16 2023 17: +0,1681660800
4.885,1,Apr 17 2023 01: +0,1681689600
4.883,1,Apr 17 2023 02: +0,1681693200
4.788,1,Apr 17 2023 08: +0,1681714800
4.522,2,Apr 17 2023 09: +0,1681718400
4.773,1,Apr 17 2023 16: +0,1681743600
4.901,1,Apr 17 2023 17: +0,1681747200
4.652,2,Apr 17 2023 21: +0,1681761600
4.263,1,Apr 18 2023 03: +0,1681783200
4.416,1,Apr 18 2023 07: +0,1681797600
4.268,4,Apr 18 2023 10: +0,1681808400
5.236,1,Apr 18 2023 18: +0,1681837200
5.053,2,Apr 18 2023 21: +0,1681848000
5.271,1,Apr 18 2023 22: +0,1681851600
4.087,1,Apr 19 2023 04: +0,1681873200
4.563,1,Apr 19 2023 09: +0,1681891200
4.565,1,Apr 19 2023 21: +0,1681934400
4.408,1,Apr 19 2023 23: +0,1681941600
4.601,1,Apr 20 2023 01: +0,1681948800
4.392,1,Apr 20 2023 05: +0,1681963200
4.457,1,Apr 20 2023 07: +0,1681970400
4.541,2,Apr 20 2023 09: +0,1681977600
4.835,1,Apr 20 2023 12: +0,1681988400
4.223,1,Apr 20 2023 16: +0,1682002800
4.593,3,Apr 20 2023 17: +0,1682006400
4.889,1,Apr 20 2023 21: +0,1682020800
4.99,1,Apr 21 2023 03: +0,1682042400
4.972,1,Apr 21 2023 07: +0,1682056800
4.981,1,Apr 21 2023 10: +0,1682067600
4.987,1,Apr 21 2023 12: +0,1682074800
4.993,1,Apr 21 2023 13: +0,1682078400
5.031,2,Apr 21 2023 14: +0,1682082000
5.012,2,Apr 21 2023 15: +0,1682085600
5.069,1,Apr 21 2023 16: +0,1682089200
5.15,1,Apr 21 2023 20: +0,1682103600
5.101,1,Apr 22 2023 01: +0,1682121600
3.694,1,Apr 22 2023 02: +0,1682125200
5.158,1,Apr 22 2023 04: +0,1682132400
5.122,2,Apr 22 2023 09: +0,1682150400
5.226,1,Apr 22 2023 10: +0,1682154000
5.256,1,Apr 22 2023 11: +0,1682157600
5.308,1,Apr 22 2023 16: +0,1682175600
5.309,3,Apr 22 2023 17: +0,1682179200
5.482,1,Apr 22 2023 19: +0,1682186400
5.494,1,Apr 22 2023 20: +0,1682190000
4.9,2,Apr 22 2023 21: +0,1682193600
5.3,1,Apr 22 2023 22: +0,1682197200
5.441,1,Apr 23 2023 00: +0,1682204400
4.802,1,Apr 23 2023 08: +0,1682233200
5.412,1,Apr 23 2023 10: +0,1682240400
4.922,1,Apr 23 2023 13: +0,1682251200
4.93,1,Apr 23 2023 14: +0,1682254800
4.922,1,Apr 23 2023 18: +0,1682269200
5.55,1,Apr 23 2023 19: +0,1682272800
5.374,1,Apr 24 2023 01: +0,1682294400
5.378,1,Apr 24 2023 04: +0,1682305200
4.684,2,Apr 24 2023 06: +0,1682312400
5.379,1,Apr 24 2023 16: +0,1682348400
4.504,1,Apr 24 2023 17: +0,1682352000
4.255,1,Apr 24 2023 20: +0,1682362800
4.576,1,Apr 25 2023 03: +0,1682388000
4.552,1,Apr 25 2023 05: +0,1682395200
4.255,1,Apr 25 2023 07: +0,1682402400
5.254,1,Apr 25 2023 11: +0,1682416800
5.42,1,Apr 25 2023 12: +0,1682420400
4.332,2,Apr 25 2023 18: +0,1682442000
4.492,1,Apr 25 2023 20: +0,1682449200
4.152,1,Apr 25 2023 22: +0,1682456400
4.175,2,Apr 26 2023 10: +0,1682499600
4.697,1,Apr 26 2023 14: +0,1682514000
3.625,1,Apr 26 2023 18: +0,1682528400
3.336,1,Apr 26 2023 19: +0,1682532000
4.0,1,Apr 26 2023 22: +0,1682542800
3.784,1,Apr 27 2023 08: +0,1682578800
4.168,1,Apr 27 2023 13: +0,1682596800
4.431,1,Apr 27 2023 15: +0,1682604000
4.295,1,Apr 27 2023 21: +0,1682625600
3.712,1,Apr 28 2023 04: +0,1682650800
4.212,1,Apr 28 2023 12: +0,1682679600
3.824,1,Apr 28 2023 15: +0,1682690400
4.303,1,Apr 28 2023 16: +0,1682694000
3.995,2,Apr 28 2023 19: +0,1682704800
3.72,1,Apr 28 2023 21: +0,1682712000
2.01,2,Apr 29 2023 00: +0,1682722800
4.216,1,Apr 29 2023 01: +0,1682726400
4.296,1,Apr 29 2023 02: +0,1682730000
4.421,1,Apr 29 2023 06: +0,1682744400
4.506,1,Apr 29 2023 09: +0,1682755200
4.044,1,Apr 29 2023 11: +0,1682762400
4.392,1,Apr 29 2023 13: +0,1682769600
4.522,1,Apr 29 2023 14: +0,1682773200
3.736,1,Apr 29 2023 16: +0,1682780400
4.419,1,Apr 29 2023 20: +0,1682794800
4.458,2,Apr 29 2023 22: +0,1682802000
4.533,1,Apr 30 2023 00: +0,1682809200
5.239,1,Apr 30 2023 01: +0,1682812800
5.09,1,Apr 30 2023 08: +0,1682838000
5.207,1,Apr 30 2023 09: +0,1682841600
5.175,1,Apr 30 2023 15: +0,1682863200
5.202,2,Apr 30 2023 18: +0,1682874000
5.225,1,Apr 30 2023 19: +0,1682877600
5.2,1,Apr 30 2023 20: +0,1682881200
4.024,1,Apr 30 2023 21: +0,1682884800
4.686,2,Apr 30 2023 23: +0,1682892000
5.29,1,May 01 2023 10: +0,1682931600
4.352,2,May 01 2023 14: +0,1682946000
4.414,1,May 01 2023 15: +0,1682949600
4.465,1,May 02 2023 01: +0,1682985600
4.628,1,May 02 2023 08: +0,1683010800
5.24,2,May 02 2023 09: +0,1683014400
4.861,2,May 02 2023 18: +0,1683046800
5.314,1,May 02 2023 19: +0,1683050400
5.373,1,May 03 2023 00: +0,1683068400
5.263,1,May 03 2023 02: +0,1683075600
5.262,1,May 03 2023 10: +0,1683104400
4.389,2,May 03 2023 17: +0,1683129600
5.277,1,May 03 2023 22: +0,1683147600
5.495,1,May 04 2023 01: +0,1683158400
4.044,1,May 04 2023 06: +0,1683176400
5.276,1,May 04 2023 14: +0,1683205200
4.008,1,May 04 2023 15: +0,1683208800
3.993,1,May 05 2023 07: +0,1683266400
4.515,2,May 05 2023 10: +0,1683277200
2.939,1,May 05 2023 12: +0,1683284400
4.336,2,May 05 2023 17: +0,1683302400
3.516,1,May 05 2023 19: +0,1683309600
4.361,3,May 05 2023 21: +0,1683316800
4.811,1,May 05 2023 23: +0,1683324000
4.417,1,May 06 2023 14: +0,1683378000
4.819,1,May 06 2023 19: +0,1683396000
4.82,1,May 06 2023 20: +0,1683399600
4.134,1,May 06 2023 21: +0,1683403200
4.807,1,May 07 2023 02: +0,1683421200
4.378,1,May 07 2023 16: +0,1683471600
4.375,1,May 07 2023 23: +0,1683496800
4.715,1,May 08 2023 00: +0,1683500400
3.929,1,May 08 2023 01: +0,1683504000
4.715,1,May 08 2023 02: +0,1683507600
3.973,1,May 08 2023 06: +0,1683522000
3.978,1,May 08 2023 15: +0,1683554400
3.953,1,May 08 2023 18: +0,1683565200
4.181,2,May 08 2023 19: +0,1683568800
4.088,1,May 08 2023 20: +0,1683572400
4.263,2,May 08 2023 22: +0,1683579600
4.59,1,May 08 2023 23: +0,1683583200
4.135,2,May 09 2023 03: +0,1683597600
3.518,1,May 09 2023 13: +0,1683633600
4.666,1,May 09 2023 19: +0,1683655200
4.706,1,May 09 2023 20: +0,1683658800
4.785,1,May 09 2023 21: +0,1683662400
4.476,1,May 10 2023 07: +0,1683698400
4.743,1,May 10 2023 11: +0,1683712800
4.591,1,May 10 2023 19: +0,1683741600
4.742,1,May 10 2023 21: +0,1683748800
4.741,1,May 11 2023 05: +0,1683777600
4.752,1,May 11 2023 11: +0,1683799200
3.982,1,May 11 2023 16: +0,1683817200
4.559,1,May 11 2023 18: +0,1683824400
4.54,1,May 11 2023 23: +0,1683842400
4.783,1,May 12 2023 05: +0,1683864000
4.37,2,May 12 2023 09: +0,1683878400
4.344,1,May 13 2023 00: +0,1683932400
4.327,1,May 13 2023 14: +0,1683982800
4.026,1,May 13 2023 15: +0,1683986400
4.33,1,May 13 2023 17: +0,1683993600
3.834,1,May 13 2023 19: +0,1684000800
4.05,2,May 13 2023 21: +0,1684008000
4.353,1,May 14 2023 02: +0,1684026000
4.461,1,May 14 2023 17: +0,1684080000
4.455,1,May 14 2023 23: +0,1684101600
4.478,1,May 15 2023 10: +0,1684141200
4.493,1,May 15 2023 16: +0,1684162800
4.57,2,May 15 2023 19: +0,1684173600
4.821,1,May 15 2023 20: +0,1684177200
4.07,1,May 16 2023 03: +0,1684202400
3.991,1,May 16 2023 07: +0,1684216800
3.646,1,May 16 2023 13: +0,1684238400
3.721,1,May 16 2023 14: +0,1684242000
3.912,1,May 16 2023 18: +0,1684256400
4.076,3,May 16 2023 21: +0,1684267200
4.024,1,May 17 2023 01: +0,1684281600
4.024,1,May 17 2023 07: +0,1684303200
4.708,1,May 17 2023 17: +0,1684339200
4.661,2,May 17 2023 18: +0,1684342800
3.669,1,May 17 2023 22: +0,1684357200
4.311,1,May 18 2023 10: +0,1684400400
3.58,1,May 18 2023 12: +0,1684407600
3.756,2,May 18 2023 16: +0,1684422000
3.562,2,May 18 2023 18: +0,1684429200
3.833,1,May 18 2023 20: +0,1684436400
3.274,2,May 18 2023 21: +0,1684440000
3.612,1,May 19 2023 01: +0,1684454400
3.914,1,May 19 2023 06: +0,1684472400
4.497,1,May 19 2023 12: +0,1684494000
4.09,1,May 19 2023 15: +0,1684504800
3.87,1,May 19 2023 16: +0,1684508400
3.594,1,May 19 2023 18: +0,1684515600
3.907,1,May 19 2023 20: +0,1684522800
4.199,1,May 19 2023 22: +0,1684530000
4.326,1,May 19 2023 23: +0,1684533600
4.484,1,May 20 2023 04: +0,1684551600
4.529,1,May 20 2023 11: +0,1684576800
3.932,1,May 20 2023 13: +0,1684584000
3.9,1,May 20 2023 14: +0,1684587600
4.626,1,May 20 2023 17: +0,1684598400
3.941,1,May 20 2023 19: +0,1684605600
4.647,1,May 20 2023 23: +0,1684620000
4.662,1,May 21 2023 04: +0,1684638000
4.663,1,May 21 2023 05: +0,1684641600
4.663,1,May 21 2023 07: +0,1684648800
4.711,1,May 21 2023 08: +0,1684652400
4.683,1,May 21 2023 15: +0,1684677600
4.019,1,May 21 2023 16: +0,1684681200
4.814,1,May 21 2023 17: +0,1684684800
4.021,1,May 22 2023 00: +0,1684710000
4.816,1,May 22 2023 02: +0,1684717200
4.83,1,May 22 2023 03: +0,1684720800
4.059,2,May 22 2023 13: +0,1684756800
4.557,1,May 23 2023 00: +0,1684796400
4.043,1,May 23 2023 10: +0,1684832400
3.85,2,May 23 2023 14: +0,1684846800
3.812,1,May 23 2023 17: +0,1684857600
4.109,2,May 23 2023 18: +0,1684861200
4.091,1,May 23 2023 21: +0,1684872000
4.103,1,May 23 2023 23: +0,1684879200
4.257,1,May 24 2023 01: +0,1684886400
4.265,1,May 24 2023 05: +0,1684900800
4.043,1,May 24 2023 10: +0,1684918800
4.046,1,May 24 2023 13: +0,1684929600
3.88,1,May 24 2023 17: +0,1684944000
4.321,1,May 24 2023 18: +0,1684947600
4.086,1,May 24 2023 20: +0,1684954800
4.299,1,May 25 2023 11: +0,1685008800
4.27,2,May 25 2023 12: +0,1685012400
4.644,2,May 25 2023 15: +0,1685023200
4.661,1,May 25 2023 17: +0,1685030400
4.932,1,May 25 2023 18: +0,1685034000
4.637,1,May 25 2023 23: +0,1685052000
4.663,1,May 26 2023 06: +0,1685077200
4.613,1,May 26 2023 09: +0,1685088000
4.135,1,May 26 2023 18: +0,1685120400
4.127,1,May 26 2023 22: +0,1685134800
4.625,1,May 27 2023 06: +0,1685163600
4.119,1,May 27 2023 11: +0,1685181600
4.161,2,May 27 2023 19: +0,1685210400
4.267,2,May 27 2023 20: +0,1685214000
4.34,2,May 27 2023 22: +0,1685221200
3.48,1,May 28 2023 08: +0,1685257200
4.351,1,May 28 2023 10: +0,1685264400
4.867,2,May 28 2023 12: +0,1685271600
5.225,1,May 28 2023 18: +0,1685293200
4.127,1,May 28 2023 20: +0,1685300400
4.652,5,May 28 2023 22: +0,1685307600
4.991,11,May 29 2023 00: +0,1685314800
5.279,4,May 29 2023 01: +0,1685318400
5.667,3,May 29 2023 02: +0,1685322000
4.059,1,May 29 2023 15: +0,1685368800
4.564,2,May 29 2023 18: +0,1685379600
4.491,1,May 29 2023 22: +0,1685394000
4.184,1,May 30 2023 04: +0,1685415600
4.605,1,May 30 2023 13: +0,1685448000
4.427,1,May 30 2023 16: +0,1685458800
4.346,1,May 30 2023 18: +0,1685466000
5.286,1,May 30 2023 19: +0,1685469600
5.044,1,May 31 2023 03: +0,1685498400
4.256,1,May 31 2023 05: +0,1685505600
4.916,2,May 31 2023 14: +0,1685538000
4.24,1,May 31 2023 15: +0,1685541600
4.081,1,May 31 2023 17: +0,1685548800
5.095,4,May 31 2023 18: +0,1685552400
5.878,14,May 31 2023 19: +0,1685556000
6.848,3,May 31 2023 20: +0,1685559600
5.735,3,May 31 2023 21: +0,1685563200
4.588,1,Jun 01 2023 06: +0,1685595600
4.656,2,Jun 01 2023 14: +0,1685624400
5.492,1,Jun 01 2023 17: +0,1685635200
4.257,1,Jun 01 2023 20: +0,1685646000
4.372,1,Jun 02 2023 00: +0,1685660400
4.912,1,Jun 02 2023 03: +0,1685671200
5.167,1,Jun 02 2023 07: +0,1685685600
4.416,1,Jun 02 2023 12: +0,1685703600
5.326,1,Jun 02 2023 14: +0,1685710800
5.299,1,Jun 02 2023 15: +0,1685714400
4.169,1,Jun 02 2023 17: +0,1685721600
4.487,1,Jun 02 2023 18: +0,1685725200
4.496,1,Jun 02 2023 21: +0,1685736000
4.44,1,Jun 02 2023 23: +0,1685743200
5.235,1,Jun 03 2023 00: +0,1685746800
4.193,1,Jun 03 2023 01: +0,1685750400
5.234,1,Jun 03 2023 09: +0,1685779200
4.212,2,Jun 03 2023 16: +0,1685804400
5.234,1,Jun 03 2023 20: +0,1685818800
4.834,2,Jun 04 2023 14: +0,1685883600
4.921,1,Jun 05 2023 09: +0,1685952000
3.912,1,Jun 05 2023 10: +0,1685955600
4.913,1,Jun 05 2023 13: +0,1685966400
4.168,1,Jun 05 2023 16: +0,1685977200
4.89,3,Jun 05 2023 19: +0,1685988000
5.048,1,Jun 05 2023 20: +0,1685991600
5.051,1,Jun 06 2023 11: +0,1686045600
4.264,1,Jun 06 2023 15: +0,1686060000
5.032,1,Jun 06 2023 19: +0,1686074400
5.155,4,Jun 06 2023 20: +0,1686078000
4.416,1,Jun 06 2023 22: +0,1686085200
5.344,1,Jun 07 2023 01: +0,1686096000
4.445,1,Jun 07 2023 12: +0,1686135600
4.832,1,Jun 07 2023 15: +0,1686146400
4.885,1,Jun 07 2023 19: +0,1686160800
4.355,2,Jun 07 2023 20: +0,1686164400
3.904,1,Jun 07 2023 21: +0,1686168000
4.498,1,Jun 07 2023 22: +0,1686171600
4.395,2,Jun 07 2023 23: +0,1686175200
4.868,1,Jun 08 2023 10: +0,1686214800
4.88,1,Jun 08 2023 13: +0,1686225600
4.88,3,Jun 08 2023 17: +0,1686240000
4.16,1,Jun 08 2023 19: +0,1686247200
4.208,1,Jun 08 2023 21: +0,1686254400
4.876,1,Jun 09 2023 01: +0,1686268800
4.208,1,Jun 09 2023 09: +0,1686297600
4.499,1,Jun 09 2023 10: +0,1686301200
5.117,1,Jun 09 2023 15: +0,1686319200
4.184,1,Jun 09 2023 16: +0,1686322800
5.117,1,Jun 09 2023 19: +0,1686333600
4.86,1,Jun 09 2023 21: +0,1686340800
4.621,3,Jun 10 2023 20: +0,1686423600
4.875,1,Jun 10 2023 22: +0,1686430800
4.244,1,Jun 11 2023 01: +0,1686441600
4.202,2,Jun 11 2023 12: +0,1686481200
4.259,1,Jun 11 2023 14: +0,1686488400
4.353,2,Jun 11 2023 15: +0,1686492000
4.161,1,Jun 11 2023 17: +0,1686499200
4.299,1,Jun 11 2023 19: +0,1686506400
4.818,2,Jun 11 2023 20: +0,1686510000
4.188,1,Jun 11 2023 21: +0,1686513600
4.969,4,Jun 12 2023 09: +0,1686556800
5.067,1,Jun 12 2023 10: +0,1686560400
4.72,2,Jun 12 2023 15: +0,1686578400
5.218,2,Jun 12 2023 16: +0,1686582000
5.238,1,Jun 12 2023 18: +0,1686589200
4.535,1,Jun 12 2023 20: +0,1686596400
4.267,1,Jun 12 2023 23: +0,1686607200
5.127,1,Jun 13 2023 05: +0,1686628800
5.214,5,Jun 13 2023 17: +0,1686672000
4.244,1,Jun 13 2023 18: +0,1686675600
4.646,1,Jun 13 2023 19: +0,1686679200
3.837,1,Jun 13 2023 23: +0,1686693600
5.198,3,Jun 14 2023 12: +0,1686740400
4.915,1,Jun 14 2023 15: +0,1686751200
5.844,4,Jun 14 2023 18: +0,1686762000
5.127,1,Jun 15 2023 04: +0,1686798000
4.502,1,Jun 15 2023 08: +0,1686812400
5.539,2,Jun 15 2023 11: +0,1686823200
5.074,1,Jun 15 2023 17: +0,1686844800
5.107,3,Jun 15 2023 23: +0,1686866400
5.203,1,Jun 16 2023 08: +0,1686898800
5.179,1,Jun 16 2023 23: +0,1686952800
4.538,2,Jun 17 2023 00: +0,1686956400
5.446,1,Jun 17 2023 11: +0,1686996000
5.179,1,Jun 17 2023 18: +0,1687021200
5.237,1,Jun 18 2023 00: +0,1687042800
5.382,1,Jun 18 2023 08: +0,1687071600
5.409,1,Jun 18 2023 14: +0,1687093200
5.234,1,Jun 18 2023 16: +0,1687100400
4.922,1,Jun 18 2023 20: +0,1687114800
5.179,1,Jun 19 2023 01: +0,1687132800
5.203,1,Jun 19 2023 05: +0,1687147200
5.203,1,Jun 19 2023 07: +0,1687154400
5.285,1,Jun 19 2023 14: +0,1687179600
5.29,1,Jun 19 2023 15: +0,1687183200
5.611,1,Jun 19 2023 22: +0,1687208400
5.276,1,Jun 20 2023 08: +0,1687244400
4.96,2,Jun 20 2023 11: +0,1687255200
5.425,1,Jun 20 2023 19: +0,1687284000
5.126,2,Jun 21 2023 04: +0,1687316400
4.877,1,Jun 21 2023 08: +0,1687330800
4.373,1,Jun 22 2023 05: +0,1687406400
5.351,1,Jun 22 2023 20: +0,1687460400
5.532,1,Jun 22 2023 21: +0,1687464000
4.656,3,Jun 23 2023 16: +0,1687532400
4.467,1,Jun 23 2023 18: +0,1687539600
4.734,1,Jun 24 2023 03: +0,1687572000
5.128,1,Jun 24 2023 04: +0,1687575600
4.688,1,Jun 24 2023 06: +0,1687582800
4.318,1,Jun 24 2023 13: +0,1687608000
4.431,2,Jun 24 2023 14: +0,1687611600
4.923,1,Jun 24 2023 15: +0,1687615200
4.284,1,Jun 24 2023 17: +0,1687622400
5.025,1,Jun 24 2023 20: +0,1687633200
2.955,1,Jun 24 2023 23: +0,1687644000
4.269,1,Jun 25 2023 10: +0,1687683600
4.702,1,Jun 25 2023 14: +0,1687698000
4.654,1,Jun 25 2023 16: +0,1687705200
4.269,1,Jun 25 2023 19: +0,1687716000
4.55,1,Jun 25 2023 20: +0,1687719600
4.274,1,Jun 25 2023 22: +0,1687726800
4.546,1,Jun 26 2023 08: +0,1687762800
4.409,1,Jun 26 2023 11: +0,1687773600
4.72,1,Jun 26 2023 17: +0,1687795200
4.099,1,Jun 27 2023 00: +0,1687820400
4.527,1,Jun 27 2023 06: +0,1687842000
4.257,1,Jun 27 2023 13: +0,1687867200
4.969,1,Jun 27 2023 16: +0,1687878000
4.768,1,Jun 27 2023 19: +0,1687888800
3.963,1,Jun 28 2023 05: +0,1687924800
4.226,1,Jun 28 2023 12: +0,1687950000
4.921,3,Jun 28 2023 14: +0,1687957200
4.321,1,Jun 28 2023 21: +0,1687982400
4.837,1,Jun 29 2023 02: +0,1688000400
4.907,1,Jun 29 2023 04: +0,1688007600
4.394,1,Jun 29 2023 16: +0,1688050800
4.4,1,Jun 29 2023 23: +0,1688076000
4.321,1,Jun 30 2023 15: +0,1688133600
4.628,1,Jun 30 2023 16: +0,1688137200
4.372,1,Jun 30 2023 22: +0,1688158800
4.38,1,Jul 01 2023 08: +0,1688194800
4.297,1,Jul 01 2023 09: +0,1688198400
4.563,1,Jul 01 2023 16: +0,1688223600
4.297,1,Jul 01 2023 17: +0,1688227200
4.494,1,Jul 01 2023 19: +0,1688234400
3.45,1,Jul 02 2023 10: +0,1688288400
4.637,1,Jul 02 2023 12: +0,1688295600
4.61,1,Jul 02 2023 15: +0,1688306400
4.64,1,Jul 02 2023 16: +0,1688310000
4.343,1,Jul 02 2023 18: +0,1688317200
4.309,1,Jul 03 2023 09: +0,1688371200
4.45,1,Jul 03 2023 11: +0,1688378400
3.942,1,Jul 03 2023 19: +0,1688407200
4.51,1,Jul 03 2023 20: +0,1688410800
4.545,6,Jul 04 2023 10: +0,1688461200
4.629,3,Jul 04 2023 19: +0,1688493600
4.228,1,Jul 04 2023 20: +0,1688497200
4.888,1,Jul 04 2023 22: +0,1688504400
4.722,1,Jul 05 2023 07: +0,1688536800
4.834,1,Jul 05 2023 15: +0,1688565600
4.276,2,Jul 05 2023 16: +0,1688569200
5.014,2,Jul 05 2023 17: +0,1688572800
4.719,1,Jul 05 2023 18: +0,1688576400
5.014,1,Jul 06 2023 04: +0,1688612400
4.985,1,Jul 06 2023 10: +0,1688634000
5.302,2,Jul 06 2023 15: +0,1688652000
3.971,1,Jul 06 2023 21: +0,1688673600
4.703,1,Jul 07 2023 00: +0,1688684400
5.68,1,Jul 08 2023 01: +0,1688774400
6.062,1,Jul 08 2023 14: +0,1688821200
6.426,1,Jul 09 2023 13: +0,1688904000
4.051,1,Jul 10 2023 17: +0,1689004800
4.028,1,Jul 10 2023 20: +0,1689015600
3.998,1,Jul 11 2023 00: +0,1689030000
3.967,1,Jul 11 2023 07: +0,1689055200
5.071,1,Jul 11 2023 22: +0,1689109200
4.034,1,Jul 12 2023 03: +0,1689127200
4.005,1,Jul 12 2023 11: +0,1689156000
4.602,1,Jul 12 2023 12: +0,1689159600
3.891,1,Jul 12 2023 13: +0,1689163200
4.619,1,Jul 12 2023 15: +0,1689170400
4.602,2,Jul 12 2023 18: +0,1689181200
3.826,1,Jul 12 2023 22: +0,1689195600
3.833,1,Jul 13 2023 05: +0,1689220800
3.793,2,Jul 13 2023 17: +0,1689264000
3.819,1,Jul 13 2023 19: +0,1689271200
4.47,1,Jul 13 2023 20: +0,1689274800
3.819,1,Jul 13 2023 21: +0,1689278400
4.517,1,Jul 14 2023 15: +0,1689343200
4.51,1,Jul 14 2023 17: +0,1689350400
3.712,1,Jul 14 2023 18: +0,1689354000
4.235,1,Jul 14 2023 19: +0,1689357600
3.861,1,Jul 15 2023 00: +0,1689375600
4.642,3,Jul 15 2023 13: +0,1689422400
4.659,5,Jul 15 2023 18: +0,1689440400
3.869,1,Jul 15 2023 21: +0,1689451200
3.93,1,Jul 16 2023 14: +0,1689512400
3.869,1,Jul 16 2023 15: +0,1689516000
3.831,1,Jul 16 2023 16: +0,1689519600
4.669,5,Jul 16 2023 21: +0,1689537600
4.801,2,Jul 16 2023 22: +0,1689541200
4.482,1,Jul 17 2023 19: +0,1689616800
4.644,1,Jul 17 2023 23: +0,1689631200
4.051,1,Jul 18 2023 02: +0,1689642000
4.482,1,Jul 18 2023 08: +0,1689663600
4.997,1,Jul 18 2023 12: +0,1689678000
5.2,2,Jul 18 2023 14: +0,1689685200
4.519,1,Jul 18 2023 20: +0,1689706800
5.348,1,Jul 19 2023 05: +0,1689739200
4.503,1,Jul 19 2023 12: +0,1689764400
4.527,1,Jul 19 2023 14: +0,1689771600
4.856,2,Jul 19 2023 20: +0,1689793200
4.537,5,Jul 19 2023 22: +0,1689800400
5.358,1,Jul 20 2023 03: +0,1689818400
4.56,1,Jul 20 2023 10: +0,1689843600
4.67,1,Jul 20 2023 17: +0,1689868800
5.338,1,Jul 20 2023 22: +0,1689886800
4.575,1,Jul 21 2023 04: +0,1689908400
5.322,1,Jul 21 2023 18: +0,1689958800
4.692,1,Jul 21 2023 23: +0,1689976800
3.828,1,Jul 22 2023 02: +0,1689987600
5.299,1,Jul 22 2023 07: +0,1690005600
5.307,1,Jul 22 2023 08: +0,1690009200
4.662,1,Jul 22 2023 11: +0,1690020000
3.984,1,Jul 22 2023 17: +0,1690041600
5.136,1,Jul 22 2023 18: +0,1690045200
4.805,1,Jul 23 2023 11: +0,1690106400
4.876,1,Jul 23 2023 13: +0,1690113600
5.104,1,Jul 23 2023 20: +0,1690138800
4.376,1,Jul 23 2023 21: +0,1690142400
4.86,1,Jul 24 2023 00: +0,1690153200
4.915,1,Jul 24 2023 07: +0,1690178400
5.121,1,Jul 24 2023 09: +0,1690185600
4.915,1,Jul 24 2023 10: +0,1690189200
4.915,1,Jul 24 2023 11: +0,1690192800
4.977,1,Jul 24 2023 21: +0,1690228800
4.486,1,Jul 25 2023 03: +0,1690250400
5.046,1,Jul 25 2023 11: +0,1690279200
5.149,1,Jul 25 2023 16: +0,1690297200
5.017,1,Jul 26 2023 16: +0,1690383600
4.1,1,Jul 26 2023 23: +0,1690408800
4.108,1,Jul 27 2023 01: +0,1690416000
4.529,1,Jul 27 2023 15: +0,1690466400
4.911,2,Jul 28 2023 10: +0,1690534800
4.117,1,Jul 28 2023 11: +0,1690538400
4.958,1,Jul 28 2023 13: +0,1690545600
4.619,1,Jul 28 2023 21: +0,1690574400
5.009,7,Jul 29 2023 09: +0,1690617600
5.476,3,Jul 29 2023 10: +0,1690621200
5.194,1,Jul 29 2023 15: +0,1690639200
5.684,1,Jul 30 2023 14: +0,1690722000
5.572,1,Jul 31 2023 02: +0,1690765200
4.911,1,Jul 31 2023 03: +0,1690768800
4.808,1,Aug 01 2023 00: +0,1690844400
4.924,1,Aug 01 2023 19: +0,1690912800
4.86,1,Aug 01 2023 23: +0,1690927200
6.603,1,Aug 02 2023 01: +0,1690934400
4.877,1,Aug 02 2023 13: +0,1690977600
4.579,1,Aug 02 2023 23: +0,1691013600
3.467,1,Aug 03 2023 08: +0,1691046000
4.12,2,Aug 03 2023 19: +0,1691085600
4.911,1,Aug 03 2023 20: +0,1691089200
4.902,1,Aug 03 2023 23: +0,1691100000
4.862,1,Aug 04 2023 05: +0,1691121600
4.914,1,Aug 04 2023 07: +0,1691128800
4.58,1,Aug 04 2023 12: +0,1691146800
5.496,1,Aug 04 2023 17: +0,1691164800
5.356,2,Aug 04 2023 20: +0,1691175600
4.32,1,Aug 05 2023 05: +0,1691208000
5.204,1,Aug 05 2023 19: +0,1691258400
4.344,1,Aug 05 2023 21: +0,1691265600
4.196,1,Aug 06 2023 00: +0,1691276400
3.892,1,Aug 06 2023 18: +0,1691341200
3.883,1,Aug 06 2023 20: +0,1691348400
4.406,1,Aug 06 2023 22: +0,1691355600
4.521,1,Aug 07 2023 19: +0,1691431200
4.513,1,Aug 07 2023 21: +0,1691438400
4.152,1,Aug 07 2023 23: +0,1691445600
4.151,1,Aug 08 2023 00: +0,1691449200
4.407,1,Aug 08 2023 01: +0,1691452800
4.186,1,Aug 08 2023 09: +0,1691481600
4.472,2,Aug 08 2023 14: +0,1691499600
4.186,1,Aug 08 2023 16: +0,1691506800
4.471,1,Aug 08 2023 17: +0,1691510400
4.48,1,Aug 08 2023 18: +0,1691514000
4.165,1,Aug 09 2023 07: +0,1691560800
5.164,1,Aug 09 2023 17: +0,1691596800
4.481,1,Aug 09 2023 19: +0,1691604000
4.667,1,Aug 10 2023 03: +0,1691632800
2.098,1,Aug 10 2023 11: +0,1691661600
4.718,1,Aug 10 2023 17: +0,1691683200
4.745,1,Aug 11 2023 02: +0,1691715600
4.202,1,Aug 11 2023 22: +0,1691787600
4.903,1,Aug 12 2023 00: +0,1691794800
4.958,1,Aug 12 2023 01: +0,1691798400
4.202,2,Aug 12 2023 08: +0,1691823600
4.858,1,Aug 12 2023 11: +0,1691834400
3.864,1,Aug 12 2023 20: +0,1691866800
3.96,2,Aug 12 2023 23: +0,1691877600
4.711,1,Aug 13 2023 00: +0,1691881200
4.971,1,Aug 13 2023 11: +0,1691920800
4.997,1,Aug 13 2023 19: +0,1691949600
5.134,1,Aug 13 2023 21: +0,1691956800
5.039,1,Aug 14 2023 09: +0,1692000000
4.641,1,Aug 14 2023 14: +0,1692018000
4.956,2,Aug 14 2023 15: +0,1692021600
4.288,1,Aug 15 2023 23: +0,1692136800
4.909,1,Aug 16 2023 18: +0,1692205200
4.72,1,Aug 17 2023 13: +0,1692273600
4.28,1,Aug 17 2023 15: +0,1692280800
4.712,1,Aug 18 2023 03: +0,1692324000
4.715,3,Aug 18 2023 12: +0,1692356400
4.917,1,Aug 19 2023 13: +0,1692446400
4.229,1,Aug 19 2023 17: +0,1692460800
4.218,1,Aug 19 2023 19: +0,1692468000
4.518,2,Aug 19 2023 21: +0,1692475200
3.676,1,Aug 19 2023 23: +0,1692482400
3.621,1,Aug 20 2023 03: +0,1692496800
3.911,1,Aug 20 2023 04: +0,1692500400
4.754,1,Aug 20 2023 09: +0,1692518400
4.147,1,Aug 21 2023 13: +0,1692619200
4.059,2,Aug 21 2023 14: +0,1692622800
4.116,1,Aug 21 2023 22: +0,1692651600
4.196,1,Aug 22 2023 07: +0,1692684000
4.159,1,Aug 22 2023 12: +0,1692702000
2.158,1,Aug 22 2023 14: +0,1692709200
4.23,1,Aug 22 2023 17: +0,1692720000
4.403,1,Aug 22 2023 18: +0,1692723600
4.44,1,Aug 23 2023 14: +0,1692795600
4.195,1,Aug 23 2023 17: +0,1692806400
4.461,1,Aug 23 2023 19: +0,1692813600
4.476,1,Aug 24 2023 04: +0,1692846000
4.071,1,Aug 24 2023 16: +0,1692889200
4.452,1,Aug 24 2023 18: +0,1692896400
4.161,1,Aug 24 2023 19: +0,1692900000
4.706,1,Aug 24 2023 21: +0,1692907200
4.611,1,Aug 25 2023 01: +0,1692921600
4.733,1,Aug 25 2023 11: +0,1692957600
4.585,3,Aug 25 2023 20: +0,1692990000
4.587,1,Aug 25 2023 22: +0,1692997200
3.952,1,Aug 26 2023 04: +0,1693018800
4.562,1,Aug 26 2023 09: +0,1693036800
4.616,1,Aug 26 2023 16: +0,1693062000
4.39,1,Aug 27 2023 01: +0,1693094400
4.457,1,Aug 27 2023 14: +0,1693141200
4.302,1,Aug 27 2023 20: +0,1693162800
3.854,1,Aug 27 2023 21: +0,1693166400
4.132,1,Aug 28 2023 04: +0,1693191600
4.143,1,Aug 28 2023 06: +0,1693198800
4.333,1,Aug 28 2023 07: +0,1693202400
4.414,1,Aug 28 2023 14: +0,1693227600
4.43,1,Aug 28 2023 17: +0,1693238400
4.434,1,Aug 28 2023 19: +0,1693245600
3.574,1,Aug 30 2023 12: +0,1693393200
4.254,1,Aug 30 2023 13: +0,1693396800
3.908,1,Aug 30 2023 20: +0,1693422000
3.471,1,Aug 31 2023 00: +0,1693436400
4.325,1,Aug 31 2023 12: +0,1693479600
4.398,1,Aug 31 2023 13: +0,1693483200
3.476,2,Aug 31 2023 14: +0,1693486800
4.262,1,Aug 31 2023 17: +0,1693497600
4.279,1,Aug 31 2023 22: +0,1693515600
4.348,1,Sep 01 2023 10: +0,1693558800
4.464,2,Sep 01 2023 11: +0,1693562400
3.43,1,Sep 01 2023 20: +0,1693594800
4.518,1,Sep 01 2023 22: +0,1693602000
4.539,1,Sep 02 2023 12: +0,1693652400
4.563,1,Sep 02 2023 19: +0,1693677600
3.437,1,Sep 02 2023 21: +0,1693684800
4.563,1,Sep 03 2023 09: +0,1693728000
3.864,1,Sep 03 2023 19: +0,1693764000
4.378,1,Sep 04 2023 18: +0,1693846800
4.572,1,Sep 04 2023 22: +0,1693861200
4.378,2,Sep 05 2023 03: +0,1693879200
4.024,1,Sep 05 2023 09: +0,1693900800
3.806,1,Sep 05 2023 13: +0,1693915200
4.629,2,Sep 05 2023 16: +0,1693926000
4.554,1,Sep 05 2023 20: +0,1693940400
3.911,1,Sep 06 2023 15: +0,1694008800
4.535,1,Sep 06 2023 16: +0,1694012400
4.33,1,Sep 06 2023 17: +0,1694016000
3.913,1,Sep 06 2023 20: +0,1694026800
4.007,2,Sep 07 2023 10: +0,1694077200
4.664,1,Sep 08 2023 04: +0,1694142000
4.786,2,Sep 08 2023 14: +0,1694178000
4.668,1,Sep 08 2023 16: +0,1694185200
4.671,1,Sep 08 2023 17: +0,1694188800
4.7,1,Sep 09 2023 05: +0,1694232000
4.822,1,Sep 09 2023 12: +0,1694257200
4.822,1,Sep 09 2023 15: +0,1694268000
4.321,1,Sep 09 2023 20: +0,1694286000
4.617,1,Sep 10 2023 17: +0,1694361600
3.678,1,Sep 10 2023 18: +0,1694365200
4.611,1,Sep 10 2023 19: +0,1694368800
4.068,1,Sep 10 2023 21: +0,1694376000
4.656,1,Sep 10 2023 23: +0,1694383200
4.703,1,Sep 11 2023 00: +0,1694386800
4.757,1,Sep 11 2023 17: +0,1694448000
4.041,1,Sep 11 2023 19: +0,1694455200
3.452,1,Sep 11 2023 20: +0,1694458800
4.466,1,Sep 12 2023 06: +0,1694494800
4.721,1,Sep 12 2023 18: +0,1694538000
4.475,1,Sep 12 2023 21: +0,1694548800
4.627,1,Sep 13 2023 05: +0,1694577600
4.201,1,Sep 13 2023 11: +0,1694599200
3.975,1,Sep 14 2023 06: +0,1694667600
4.772,1,Sep 14 2023 21: +0,1694721600
4.618,2,Sep 15 2023 06: +0,1694754000
4.047,2,Sep 15 2023 16: +0,1694790000
4.254,2,Sep 15 2023 17: +0,1694793600
3.796,1,Sep 15 2023 19: +0,1694800800
5.147,1,Sep 15 2023 22: +0,1694811600
5.14,1,Sep 16 2023 10: +0,1694854800
4.306,1,Sep 16 2023 19: +0,1694887200
5.148,1,Sep 16 2023 20: +0,1694890800
5.113,1,Sep 18 2023 19: +0,1695060000
4.343,1,Sep 19 2023 07: +0,1695103200
4.213,1,Sep 19 2023 10: +0,1695114000
4.204,1,Sep 19 2023 16: +0,1695135600
4.622,1,Sep 20 2023 01: +0,1695168000
4.554,1,Sep 20 2023 16: +0,1695222000
4.081,1,Sep 20 2023 17: +0,1695225600
3.633,1,Sep 21 2023 11: +0,1695290400
4.523,1,Sep 21 2023 12: +0,1695294000
3.991,1,Sep 21 2023 22: +0,1695330000
4.356,1,Sep 22 2023 01: +0,1695340800
4.589,1,Sep 22 2023 02: +0,1695344400
4.615,1,Sep 22 2023 13: +0,1695384000
4.614,1,Sep 22 2023 17: +0,1695398400
4.916,1,Sep 22 2023 19: +0,1695405600
3.653,1,Sep 23 2023 13: +0,1695470400
4.622,1,Sep 23 2023 21: +0,1695499200
4.067,1,Sep 24 2023 16: +0,1695567600
4.714,1,Sep 24 2023 21: +0,1695585600
4.204,1,Sep 25 2023 00: +0,1695596400
4.366,1,Sep 25 2023 09: +0,1695628800
4.718,2,Sep 25 2023 18: +0,1695661200
4.86,1,Sep 25 2023 20: +0,1695668400
4.837,1,Sep 26 2023 03: +0,1695693600
4.868,1,Sep 26 2023 15: +0,1695736800
4.894,1,Sep 26 2023 19: +0,1695751200
4.254,1,Sep 26 2023 22: +0,1695762000
4.272,1,Sep 27 2023 19: +0,1695837600
4.264,1,Sep 27 2023 22: +0,1695848400
4.87,2,Sep 28 2023 00: +0,1695855600
4.894,1,Sep 28 2023 04: +0,1695870000
3.735,1,Sep 28 2023 11: +0,1695895200
4.863,1,Sep 28 2023 12: +0,1695898800
4.848,1,Sep 28 2023 13: +0,1695902400
4.859,1,Sep 28 2023 17: +0,1695916800
4.969,2,Sep 28 2023 19: +0,1695924000
4.191,1,Sep 28 2023 20: +0,1695927600
4.96,1,Sep 29 2023 02: +0,1695949200
4.428,2,Sep 29 2023 08: +0,1695970800
5.032,4,Sep 29 2023 09: +0,1695974400
5.161,1,Sep 29 2023 14: +0,1695992400
5.343,1,Sep 29 2023 17: +0,1696003200
5.181,1,Sep 29 2023 18: +0,1696006800
5.161,1,Sep 29 2023 19: +0,1696010400
5.093,1,Sep 29 2023 20: +0,1696014000
5.179,1,Sep 29 2023 22: +0,1696021200
3.986,1,Sep 30 2023 08: +0,1696057200
5.129,1,Sep 30 2023 10: +0,1696064400
4.403,1,Sep 30 2023 12: +0,1696071600
5.114,2,Sep 30 2023 13: +0,1696075200
5.179,1,Sep 30 2023 15: +0,1696082400
5.176,1,Sep 30 2023 16: +0,1696086000
5.344,1,Sep 30 2023 22: +0,1696107600
5.185,1,Sep 30 2023 23: +0,1696111200
5.197,1,Oct 01 2023 02: +0,1696122000
5.36,1,Oct 01 2023 05: +0,1696132800
5.361,1,Oct 01 2023 07: +0,1696140000
5.629,1,Oct 01 2023 11: +0,1696154400
5.637,1,Oct 01 2023 12: +0,1696158000
4.649,1,Oct 01 2023 13: +0,1696161600
6.054,1,Oct 01 2023 14: +0,1696165200
5.877,2,Oct 01 2023 16: +0,1696172400
5.84,2,Oct 01 2023 19: +0,1696183200
5.672,2,Oct 02 2023 04: +0,1696215600
6.183,2,Oct 02 2023 06: +0,1696222800
5.058,1,Oct 02 2023 12: +0,1696244400
6.171,1,Oct 02 2023 20: +0,1696273200
5.98,1,Oct 03 2023 00: +0,1696287600
5.901,1,Oct 03 2023 05: +0,1696305600
5.832,1,Oct 03 2023 10: +0,1696323600
6.0,1,Oct 03 2023 12: +0,1696330800
5.997,1,Oct 03 2023 14: +0,1696338000
6.136,1,Oct 03 2023 20: +0,1696359600
6.233,1,Oct 03 2023 21: +0,1696363200
5.156,1,Oct 04 2023 07: +0,1696399200
3.715,1,Oct 04 2023 12: +0,1696417200
6.153,1,Oct 04 2023 14: +0,1696424400
6.013,1,Oct 05 2023 05: +0,1696478400
6.021,1,Oct 05 2023 06: +0,1696482000
6.044,1,Oct 05 2023 07: +0,1696485600
5.622,1,Oct 05 2023 21: +0,1696536000
5.759,1,Oct 06 2023 00: +0,1696546800
5.708,1,Oct 06 2023 01: +0,1696550400
6.071,1,Oct 06 2023 02: +0,1696554000
5.718,1,Oct 07 2023 03: +0,1696644000
5.175,1,Oct 07 2023 15: +0,1696687200
4.93,1,Oct 07 2023 16: +0,1696690800
5.464,1,Oct 07 2023 17: +0,1696694400
5.974,2,Oct 07 2023 18: +0,1696698000
5.758,2,Oct 07 2023 22: +0,1696712400
6.013,1,Oct 08 2023 02: +0,1696726800
5.501,1,Oct 08 2023 03: +0,1696730400
5.976,2,Oct 08 2023 08: +0,1696748400
5.996,1,Oct 08 2023 12: +0,1696762800
6.006,1,Oct 08 2023 15: +0,1696773600
5.976,1,Oct 08 2023 20: +0,1696791600
6.008,1,Oct 09 2023 03: +0,1696816800
5.12,1,Oct 09 2023 09: +0,1696838400
5.044,2,Oct 09 2023 18: +0,1696870800
5.983,1,Oct 09 2023 23: +0,1696888800
5.256,1,Oct 10 2023 00: +0,1696892400
4.955,1,Oct 10 2023 07: +0,1696917600
5.406,1,Oct 10 2023 13: +0,1696939200
7.331,1,Oct 11 2023 01: +0,1696982400
5.371,1,Oct 11 2023 02: +0,1696986000
5.885,1,Oct 11 2023 05: +0,1696996800
5.407,1,Oct 11 2023 21: +0,1697054400
5.876,1,Oct 12 2023 00: +0,1697065200
5.938,1,Oct 12 2023 06: +0,1697086800
5.757,1,Oct 12 2023 10: +0,1697101200
5.99,1,Oct 12 2023 12: +0,1697108400
4.264,1,Oct 12 2023 15: +0,1697119200
5.994,1,Oct 12 2023 17: +0,1697126400
6.158,1,Oct 12 2023 18: +0,1697130000
6.16,1,Oct 12 2023 19: +0,1697133600
6.167,1,Oct 13 2023 04: +0,1697166000
6.046,1,Oct 13 2023 10: +0,1697187600
5.64,1,Oct 13 2023 18: +0,1697216400
6.051,1,Oct 13 2023 19: +0,1697220000
6.028,1,Oct 14 2023 10: +0,1697274000
6.051,1,Oct 14 2023 12: +0,1697281200
5.967,1,Oct 14 2023 19: +0,1697306400
6.461,2,Oct 14 2023 22: +0,1697317200
4.382,1,Oct 15 2023 01: +0,1697328000
6.471,1,Oct 15 2023 02: +0,1697331600
6.478,1,Oct 15 2023 05: +0,1697342400
5.575,2,Oct 15 2023 16: +0,1697382000
5.393,1,Oct 16 2023 13: +0,1697457600
5.414,2,Oct 16 2023 14: +0,1697461200
5.825,1,Oct 16 2023 16: +0,1697468400
4.943,1,Oct 16 2023 17: +0,1697472000
5.862,1,Oct 16 2023 18: +0,1697475600
6.474,2,Oct 16 2023 19: +0,1697479200
6.586,1,Oct 17 2023 07: +0,1697522400
6.619,1,Oct 17 2023 09: +0,1697529600
6.857,1,Oct 17 2023 18: +0,1697562000
6.884,1,Oct 17 2023 19: +0,1697565600
6.98,1,Oct 17 2023 20: +0,1697569200
6.597,1,Oct 18 2023 03: +0,1697594400
7.028,1,Oct 18 2023 07: +0,1697608800
6.347,1,Oct 18 2023 09: +0,1697616000
8.235,1,Oct 18 2023 11: +0,1697623200
6.524,2,Oct 18 2023 16: +0,1697641200
7.402,2,Oct 18 2023 18: +0,1697648400
8.226,1,Oct 18 2023 19: +0,1697652000
6.427,2,Oct 19 2023 12: +0,1697713200
6.882,1,Oct 19 2023 21: +0,1697745600
6.816,1,Oct 20 2023 00: +0,1697756400
5.614,1,Oct 20 2023 02: +0,1697763600
6.635,1,Oct 20 2023 05: +0,1697774400
5.1,1,Oct 20 2023 14: +0,1697806800
3.367,1,Oct 20 2023 16: +0,1697814000
7.27,1,Oct 20 2023 21: +0,1697832000
6.351,1,Oct 21 2023 09: +0,1697875200
7.277,1,Oct 21 2023 11: +0,1697882400
6.425,1,Oct 21 2023 23: +0,1697925600
6.409,1,Oct 22 2023 09: +0,1697961600
6.766,1,Oct 22 2023 13: +0,1697976000
6.293,1,Oct 23 2023 16: +0,1698073200
6.766,1,Oct 23 2023 20: +0,1698087600
6.858,1,Oct 24 2023 02: +0,1698109200
6.887,1,Oct 24 2023 05: +0,1698120000
5.998,1,Oct 24 2023 10: +0,1698138000
6.951,1,Oct 24 2023 14: +0,1698152400
6.046,1,Oct 24 2023 16: +0,1698159600
5.217,1,Oct 25 2023 01: +0,1698192000
6.945,1,Oct 25 2023 14: +0,1698238800
6.037,1,Oct 25 2023 19: +0,1698256800
6.252,1,Oct 25 2023 20: +0,1698260400
6.721,1,Oct 25 2023 21: +0,1698264000
5.827,1,Oct 27 2023 02: +0,1698368400
6.625,1,Oct 27 2023 04: +0,1698375600
6.136,1,Oct 27 2023 20: +0,1698433200
5.589,1,Oct 27 2023 23: +0,1698444000
6.658,1,Oct 28 2023 10: +0,1698483600
6.861,1,Oct 28 2023 20: +0,1698519600
5.6,1,Oct 29 2023 22: +0,1698616800
6.312,1,Oct 30 2023 06: +0,1698645600
6.087,1,Oct 30 2023 09: +0,1698656400
6.136,1,Oct 30 2023 18: +0,1698688800
6.056,1,Oct 31 2023 13: +0,1698757200
5.401,1,Oct 31 2023 15: +0,1698764400
6.011,1,Oct 31 2023 19: +0,1698778800
6.004,1,Nov 01 2023 15: +0,1698850800
5.609,1,Nov 01 2023 18: +0,1698861600
5.955,1,Nov 01 2023 22: +0,1698876000
6.006,1,Nov 01 2023 23: +0,1698879600
6.319,1,Nov 02 2023 03: +0,1698894000
5.673,1,Nov 02 2023 06: +0,1698904800
5.5,2,Nov 02 2023 15: +0,1698937200
5.665,1,Nov 02 2023 16: +0,1698940800
5.725,1,Nov 02 2023 21: +0,1698958800
5.43,1,Nov 03 2023 16: +0,1699027200
5.413,1,Nov 03 2023 17: +0,1699030800
5.679,1,Nov 04 2023 13: +0,1699102800
5.666,1,Nov 04 2023 14: +0,1699106400
5.519,1,Nov 04 2023 18: +0,1699120800
5.68,1,Nov 04 2023 19: +0,1699124400
5.559,1,Nov 04 2023 21: +0,1699131600
5.706,1,Nov 05 2023 04: +0,1699156800
5.982,1,Nov 05 2023 05: +0,1699160400
5.601,1,Nov 05 2023 16: +0,1699200000
5.616,1,Nov 06 2023 07: +0,1699254000
4.533,1,Nov 07 2023 06: +0,1699336800
5.977,1,Nov 07 2023 08: +0,1699344000
5.018,1,Nov 07 2023 15: +0,1699369200
5.912,1,Nov 08 2023 06: +0,1699423200
5.608,2,Nov 08 2023 08: +0,1699430400
4.919,1,Nov 08 2023 13: +0,1699448400
5.447,1,Nov 08 2023 17: +0,1699462800
5.569,1,Nov 08 2023 19: +0,1699470000
5.999,1,Nov 08 2023 22: +0,1699480800
5.456,1,Nov 09 2023 02: +0,1699495200
5.993,1,Nov 09 2023 18: +0,1699552800
5.447,1,Nov 09 2023 20: +0,1699560000
5.977,1,Nov 09 2023 22: +0,1699567200
5.407,1,Nov 10 2023 15: +0,1699628400
5.142,1,Nov 10 2023 19: +0,1699642800
5.067,1,Nov 10 2023 23: +0,1699657200
5.398,1,Nov 11 2023 13: +0,1699707600
5.399,1,Nov 11 2023 18: +0,1699725600
5.118,1,Nov 11 2023 21: +0,1699736400
5.388,1,Nov 12 2023 15: +0,1699801200
5.415,1,Nov 12 2023 16: +0,1699804800
5.239,1,Nov 12 2023 20: +0,1699819200
5.792,1,Nov 12 2023 21: +0,1699822800
5.804,1,Nov 13 2023 04: +0,1699848000
5.279,1,Nov 14 2023 12: +0,1699963200
5.479,1,Nov 14 2023 13: +0,1699966800
5.683,1,Nov 14 2023 15: +0,1699974000
5.749,2,Nov 14 2023 16: +0,1699977600
5.818,1,Nov 15 2023 17: +0,1700067600
5.83,3,Nov 15 2023 21: +0,1700082000
5.295,1,Nov 16 2023 00: +0,1700092800
6.005,1,Nov 16 2023 09: +0,1700125200
5.921,1,Nov 16 2023 17: +0,1700154000
5.925,1,Nov 16 2023 20: +0,1700164800
5.375,1,Nov 17 2023 09: +0,1700211600
5.375,1,Nov 17 2023 10: +0,1700215200
5.367,1,Nov 17 2023 13: +0,1700226000
4.382,2,Nov 18 2023 00: +0,1700265600
5.741,1,Nov 18 2023 08: +0,1700294400
5.932,1,Nov 18 2023 10: +0,1700301600
5.927,1,Nov 18 2023 15: +0,1700319600
6.05,1,Nov 18 2023 21: +0,1700341200
5.359,1,Nov 19 2023 15: +0,1700406000
4.93,1,Nov 19 2023 17: +0,1700413200
5.461,1,Nov 19 2023 19: +0,1700420400
5.816,1,Nov 19 2023 22: +0,1700431200
5.768,1,Nov 20 2023 05: +0,1700456400
5.711,1,Nov 20 2023 07: +0,1700463600
5.389,2,Nov 20 2023 18: +0,1700503200
5.744,1,Nov 21 2023 12: +0,1700568000
5.773,1,Nov 22 2023 02: +0,1700618400
5.5,1,Nov 22 2023 23: +0,1700694000
5.07,1,Nov 24 2023 16: +0,1700841600
5.05,1,Nov 25 2023 04: +0,1700884800
4.834,1,Nov 25 2023 09: +0,1700902800
5.066,1,Nov 25 2023 13: +0,1700917200
5.075,1,Nov 26 2023 17: +0,1701018000
4.85,1,Nov 26 2023 19: +0,1701025200
5.294,1,Nov 27 2023 17: +0,1701104400
5.086,1,Nov 27 2023 19: +0,1701111600
4.822,2,Nov 28 2023 15: +0,1701183600
5.056,1,Nov 28 2023 17: +0,1701190800
5.33,1,Nov 29 2023 18: +0,1701280800
5.67,1,Nov 29 2023 20: +0,1701288000
5.688,1,Nov 30 2023 05: +0,1701320400
4.898,1,Nov 30 2023 06: +0,1701324000
6.065,1,Nov 30 2023 14: +0,1701352800
2.722,1,Nov 30 2023 22: +0,1701381600
4.866,1,Nov 30 2023 23: +0,1701385200
5.881,1,Dec 01 2023 11: +0,1701428400
4.586,1,Dec 01 2023 18: +0,1701453600
5.554,1,Dec 02 2023 06: +0,1701496800
5.481,1,Dec 03 2023 08: +0,1701590400
5.488,1,Dec 03 2023 16: +0,1701619200
5.105,1,Dec 03 2023 22: +0,1701640800
4.765,1,Dec 05 2023 08: +0,1701763200
5.109,1,Dec 05 2023 09: +0,1701766800
5.14,1,Dec 05 2023 19: +0,1701802800
5.129,1,Dec 05 2023 22: +0,1701813600
5.131,1,Dec 06 2023 15: +0,1701874800
5.123,1,Dec 06 2023 16: +0,1701878400
5.123,1,Dec 07 2023 02: +0,1701914400
5.122,1,Dec 07 2023 04: +0,1701921600
5.129,1,Dec 07 2023 12: +0,1701950400
5.205,1,Dec 07 2023 19: +0,1701975600
4.667,1,Dec 07 2023 21: +0,1701982800
5.17,1,Dec 07 2023 23: +0,1701990000
5.122,1,Dec 08 2023 18: +0,1702058400
4.944,1,Dec 09 2023 21: +0,1702155600
5.188,1,Dec 10 2023 04: +0,1702180800
5.14,1,Dec 10 2023 16: +0,1702224000
5.306,1,Dec 10 2023 22: +0,1702245600
5.332,1,Dec 11 2023 13: +0,1702299600
4.545,1,Dec 11 2023 16: +0,1702310400
5.329,1,Dec 11 2023 19: +0,1702321200
3.632,1,Dec 11 2023 23: +0,1702335600
5.329,1,Dec 12 2023 12: +0,1702382400
4.9,2,Dec 12 2023 13: +0,1702386000
5.344,1,Dec 13 2023 06: +0,1702447200
4.968,1,Dec 13 2023 21: +0,1702501200
4.383,1,Dec 15 2023 13: +0,1702645200
4.758,1,Dec 16 2023 05: +0,1702702800
4.757,1,Dec 16 2023 10: +0,1702720800
4.758,1,Dec 16 2023 13: +0,1702731600
4.516,1,Dec 16 2023 14: +0,1702735200
4.927,1,Dec 16 2023 19: +0,1702753200
4.668,1,Dec 16 2023 21: +0,1702760400
3.962,1,Dec 17 2023 21: +0,1702846800
4.631,1,Dec 18 2023 12: +0,1702900800
4.473,1,Dec 18 2023 14: +0,1702908000
3.829,1,Dec 18 2023 17: +0,1702918800
4.76,1,Dec 18 2023 19: +0,1702926000
3.68,1,Dec 18 2023 21: +0,1702933200
4.476,1,Dec 19 2023 15: +0,1702998000
4.766,1,Dec 19 2023 17: +0,1703005200
4.476,1,Dec 19 2023 22: +0,1703023200
4.087,1,Dec 20 2023 16: +0,1703088000
4.421,3,Dec 21 2023 02: +0,1703124000
4.579,1,Dec 21 2023 05: +0,1703134800
4.183,1,Dec 21 2023 18: +0,1703181600
4.507,1,Dec 22 2023 14: +0,1703253600
4.322,1,Dec 22 2023 17: +0,1703264400
4.413,2,Dec 22 2023 19: +0,1703271600
4.503,1,Dec 22 2023 21: +0,1703278800
4.015,2,Dec 23 2023 15: +0,1703343600
4.07,1,Dec 23 2023 19: +0,1703358000
4.56,1,Dec 23 2023 23: +0,1703372400
4.614,1,Dec 24 2023 16: +0,1703433600
4.6,1,Dec 25 2023 01: +0,1703466000
4.635,1,Dec 25 2023 07: +0,1703487600
4.635,1,Dec 25 2023 16: +0,1703520000
4.609,1,Dec 25 2023 17: +0,1703523600
4.818,1,Dec 26 2023 02: +0,1703556000
4.306,1,Dec 26 2023 14: +0,1703599200
4.719,1,Dec 27 2023 16: +0,1703692800
4.676,1,Dec 27 2023 18: +0,1703700000
4.64,1,Dec 27 2023 19: +0,1703703600
4.314,1,Dec 28 2023 12: +0,1703764800
4.711,1,Dec 28 2023 17: +0,1703782800
4.726,1,Dec 29 2023 06: +0,1703829600
4.735,1,Dec 29 2023 12: +0,1703851200
4.393,1,Dec 29 2023 14: +0,1703858400
4.655,1,Dec 29 2023 17: +0,1703869200
4.345,1,Dec 30 2023 11: +0,1703934000
4.086,1,Dec 30 2023 16: +0,1703952000
4.291,1,Dec 30 2023 18: +0,1703959200
4.109,1,Dec 31 2023 02: +0,1703988000
4.21,1,Dec 31 2023 04: +0,1703995200
4.72,1,Dec 31 2023 08: +0,1704009600
4.818,1,Dec 31 2023 12: +0,1704024000
4.263,1,Dec 31 2023 14: +0,1704031200
4.857,1,Dec 31 2023 20: +0,1704052800
4.858,1,Dec 31 2023 23: +0,1704063600
4.232,1,Jan 01 2024 08: +0,1704096000
5.041,1,Jan 01 2024 13: +0,1704114000
5.223,1,Jan 01 2024 20: +0,1704139200
5.152,1,Jan 02 2024 01: +0,1704157200
5.145,1,Jan 02 2024 13: +0,1704200400
5.006,1,Jan 02 2024 21: +0,1704229200
4.955,1,Jan 03 2024 08: +0,1704268800
4.973,1,Jan 03 2024 12: +0,1704283200
4.212,1,Jan 03 2024 21: +0,1704315600
4.133,1,Jan 03 2024 23: +0,1704322800
4.299,1,Jan 04 2024 00: +0,1704326400
4.781,2,Jan 04 2024 22: +0,1704405600
3.425,1,Jan 05 2024 01: +0,1704416400
4.122,1,Jan 05 2024 06: +0,1704434400
4.735,1,Jan 06 2024 04: +0,1704513600
4.511,1,Jan 06 2024 18: +0,1704564000
4.472,1,Jan 07 2024 03: +0,1704596400
4.523,1,Jan 07 2024 08: +0,1704614400
4.511,1,Jan 07 2024 14: +0,1704636000
4.559,1,Jan 07 2024 19: +0,1704654000
4.571,1,Jan 07 2024 21: +0,1704661200
4.948,1,Jan 08 2024 00: +0,1704672000
4.961,1,Jan 08 2024 04: +0,1704686400
4.511,1,Jan 08 2024 13: +0,1704718800
4.704,1,Jan 08 2024 15: +0,1704726000
4.963,1,Jan 09 2024 15: +0,1704812400
4.558,1,Jan 09 2024 18: +0,1704823200
4.45,1,Jan 09 2024 22: +0,1704837600
2.939,1,Jan 10 2024 06: +0,1704866400
4.067,1,Jan 10 2024 08: +0,1704873600
4.72,1,Jan 11 2024 04: +0,1704945600
4.088,1,Jan 11 2024 23: +0,1705014000
4.846,1,Jan 12 2024 13: +0,1705064400
4.877,1,Jan 12 2024 16: +0,1705075200
4.933,1,Jan 12 2024 21: +0,1705093200
4.952,1,Jan 13 2024 06: +0,1705125600
4.142,1,Jan 13 2024 08: +0,1705132800
4.091,1,Jan 13 2024 12: +0,1705147200
4.9,1,Jan 13 2024 21: +0,1705179600
4.917,1,Jan 13 2024 22: +0,1705183200
4.98,1,Jan 14 2024 00: +0,1705190400
4.981,1,Jan 14 2024 07: +0,1705215600
4.213,1,Jan 14 2024 15: +0,1705244400
4.087,1,Jan 14 2024 18: +0,1705255200
4.545,1,Jan 14 2024 20: +0,1705262400
4.979,1,Jan 15 2024 12: +0,1705320000
4.564,1,Jan 15 2024 18: +0,1705341600
4.126,1,Jan 15 2024 19: +0,1705345200
4.34,1,Jan 15 2024 20: +0,1705348800
5.209,1,Jan 15 2024 21: +0,1705352400
5.465,2,Jan 15 2024 22: +0,1705356000
4.34,1,Jan 17 2024 08: +0,1705478400
4.854,1,Jan 18 2024 16: +0,1705593600
4.804,1,Jan 18 2024 19: +0,1705604400
4.847,1,Jan 18 2024 21: +0,1705611600
4.855,1,Jan 18 2024 22: +0,1705615200
5.046,2,Jan 19 2024 19: +0,1705690800
4.861,1,Jan 20 2024 15: +0,1705762800
5.415,1,Jan 21 2024 00: +0,1705795200
5.055,1,Jan 21 2024 02: +0,1705802400
5.046,1,Jan 21 2024 22: +0,1705874400
5.06,1,Jan 22 2024 15: +0,1705935600
5.063,1,Jan 22 2024 20: +0,1705953600
4.084,1,Jan 24 2024 08: +0,1706083200
4.599,1,Jan 24 2024 23: +0,1706137200
4.128,2,Jan 25 2024 02: +0,1706148000
4.282,1,Jan 25 2024 18: +0,1706205600
3.385,1,Jan 25 2024 19: +0,1706209200
4.273,1,Jan 26 2024 19: +0,1706295600
4.838,1,Jan 26 2024 23: +0,1706310000
4.766,1,Jan 27 2024 15: +0,1706367600
4.841,1,Jan 27 2024 16: +0,1706371200
3.71,1,Jan 28 2024 03: +0,1706410800
4.84,1,Jan 28 2024 11: +0,1706439600
3.376,1,Jan 28 2024 19: +0,1706468400
4.859,1,Jan 28 2024 21: +0,1706475600
4.227,1,Jan 29 2024 08: +0,1706515200
4.314,1,Jan 30 2024 05: +0,1706590800
5.016,2,Jan 30 2024 15: +0,1706626800
5.132,1,Jan 31 2024 23: +0,1706742000
5.153,1,Feb 01 2024 13: +0,1706792400
5.184,1,Feb 02 2024 10: +0,1706868000
4.385,1,Feb 02 2024 13: +0,1706878800
5.535,1,Feb 02 2024 15: +0,1706886000
5.234,1,Feb 02 2024 19: +0,1706900400
5.545,1,Feb 03 2024 07: +0,1706943600
5.547,1,Feb 03 2024 16: +0,1706976000
4.877,1,Feb 03 2024 19: +0,1706986800
3.444,1,Feb 03 2024 22: +0,1706997600
4.942,1,Feb 04 2024 11: +0,1707044400
5.555,1,Feb 04 2024 12: +0,1707048000
5.54,1,Feb 05 2024 20: +0,1707163200
4.97,2,Feb 05 2024 22: +0,1707170400
6.078,1,Feb 06 2024 19: +0,1707246000
4.904,1,Feb 07 2024 10: +0,1707300000
4.947,1,Feb 07 2024 15: +0,1707318000
4.87,1,Feb 07 2024 16: +0,1707321600
5.32,2,Feb 07 2024 20: +0,1707336000
5.728,2,Feb 08 2024 00: +0,1707350400
5.482,1,Feb 08 2024 13: +0,1707397200
5.555,1,Feb 08 2024 16: +0,1707408000
4.536,1,Feb 08 2024 18: +0,1707415200
5.631,2,Feb 08 2024 23: +0,1707433200
5.191,1,Feb 09 2024 19: +0,1707505200
5.259,1,Feb 10 2024 20: +0,1707595200
5.346,1,Feb 11 2024 06: +0,1707631200
4.591,1,Feb 11 2024 13: +0,1707656400
5.314,1,Feb 11 2024 18: +0,1707674400
4.629,1,Feb 12 2024 05: +0,1707714000
5.421,1,Feb 12 2024 17: +0,1707757200
5.264,2,Feb 13 2024 19: +0,1707850800
5.297,1,Feb 14 2024 21: +0,1707944400
4.388,1,Feb 15 2024 05: +0,1707973200
5.339,1,Feb 15 2024 08: +0,1707984000
5.152,1,Feb 15 2024 12: +0,1707998400
5.497,1,Feb 15 2024 18: +0,1708020000
4.772,1,Feb 16 2024 07: +0,1708066800
5.176,1,Feb 16 2024 12: +0,1708084800
5.182,1,Feb 16 2024 16: +0,1708099200
5.18,1,Feb 16 2024 18: +0,1708106400
5.265,1,Feb 17 2024 11: +0,1708167600
5.208,1,Feb 18 2024 11: +0,1708254000
4.907,1,Feb 18 2024 13: +0,1708261200
4.524,1,Feb 18 2024 16: +0,1708272000
4.224,2,Feb 18 2024 17: +0,1708275600
4.524,1,Feb 18 2024 18: +0,1708279200
4.687,1,Feb 18 2024 20: +0,1708286400
4.735,1,Feb 19 2024 03: +0,1708311600
4.512,1,Feb 19 2024 11: +0,1708340400
4.926,1,Feb 19 2024 14: +0,1708351200
4.899,1,Feb 19 2024 20: +0,1708372800
4.524,1,Feb 20 2024 07: +0,1708412400
4.512,1,Feb 20 2024 17: +0,1708448400
4.71,2,Feb 21 2024 20: +0,1708545600
4.927,1,Feb 22 2024 07: +0,1708585200
4.27,1,Feb 24 2024 13: +0,1708779600
4.29,1,Feb 24 2024 14: +0,1708783200
4.319,1,Feb 25 2024 00: +0,1708819200
4.788,1,Feb 25 2024 01: +0,1708822800
4.307,1,Feb 25 2024 02: +0,1708826400
4.923,1,Feb 25 2024 11: +0,1708858800
0.12,1,Feb 26 2024 01: +0,1708909200
5.005,1,Feb 26 2024 10: +0,1708941600
3.941,1,Feb 27 2024 02: +0,1708999200
3.968,1,Feb 27 2024 08: +0,1709020800
4.653,1,Feb 27 2024 15: +0,1709046000
3.934,1,Feb 28 2024 00: +0,1709078400
4.69,1,Feb 28 2024 18: +0,1709143200
4.678,1,Feb 28 2024 20: +0,1709150400
4.736,2,Feb 28 2024 21: +0,1709154000
4.937,1,Feb 28 2024 22: +0,1709157600
4.542,1,Feb 29 2024 14: +0,1709215200
4.128,1,Feb 29 2024 15: +0,1709218800
4.55,1,Mar 01 2024 03: +0,1709262000
4.7,1,Mar 02 2024 04: +0,1709352000
4.416,1,Mar 02 2024 06: +0,1709359200
4.26,1,Mar 03 2024 17: +0,1709485200
3.916,1,Mar 03 2024 18: +0,1709488800
4.26,1,Mar 03 2024 20: +0,1709496000
4.33,1,Mar 04 2024 00: +0,1709510400
4.49,1,Mar 04 2024 18: +0,1709575200
4.525,1,Mar 04 2024 19: +0,1709578800
4.526,1,Mar 05 2024 04: +0,1709611200
4.283,1,Mar 05 2024 05: +0,1709614800
4.525,1,Mar 05 2024 16: +0,1709654400
4.543,1,Mar 05 2024 17: +0,1709658000
4.283,1,Mar 05 2024 18: +0,1709661600
4.638,1,Mar 05 2024 19: +0,1709665200
4.533,1,Mar 06 2024 06: +0,1709704800
4.672,1,Mar 06 2024 10: +0,1709719200
4.626,1,Mar 06 2024 14: +0,1709733600
4.672,1,Mar 06 2024 17: +0,1709744400
4.569,2,Mar 06 2024 19: +0,1709751600
4.283,1,Mar 06 2024 22: +0,1709762400
4.579,1,Mar 06 2024 23: +0,1709766000
4.626,1,Mar 07 2024 11: +0,1709809200
4.637,1,Mar 07 2024 13: +0,1709816400
4.283,1,Mar 07 2024 18: +0,1709834400
4.599,2,Mar 07 2024 19: +0,1709838000
5.218,1,Mar 07 2024 20: +0,1709841600
4.701,1,Mar 07 2024 23: +0,1709852400
4.684,1,Mar 08 2024 09: +0,1709888400
3.823,1,Mar 08 2024 14: +0,1709906400
4.689,1,Mar 08 2024 16: +0,1709913600
4.699,1,Mar 09 2024 13: +0,1709989200
4.695,1,Mar 09 2024 15: +0,1709996400
4.26,1,Mar 09 2024 21: +0,1710018000
4.795,1,Mar 10 2024 11: +0,1710068400
4.696,1,Mar 10 2024 19: +0,1710097200
4.326,1,Mar 12 2024 07: +0,1710226800
4.718,2,Mar 12 2024 15: +0,1710255600
4.434,1,Mar 13 2024 04: +0,1710302400
4.439,1,Mar 13 2024 05: +0,1710306000
4.421,1,Mar 13 2024 15: +0,1710342000
4.405,1,Mar 13 2024 19: +0,1710356400
4.035,1,Mar 13 2024 20: +0,1710360000
4.373,1,Mar 14 2024 08: +0,1710403200
4.531,1,Mar 14 2024 11: +0,1710414000
4.703,1,Mar 14 2024 13: +0,1710421200
4.473,2,Mar 14 2024 18: +0,1710439200
4.366,1,Mar 14 2024 21: +0,1710450000
4.374,1,Mar 15 2024 05: +0,1710478800
4.156,1,Mar 15 2024 15: +0,1710514800
3.959,1,Mar 16 2024 08: +0,1710576000
4.576,1,Mar 16 2024 12: +0,1710590400
3.442,1,Mar 16 2024 15: +0,1710601200
3.939,1,Mar 16 2024 18: +0,1710612000
3.83,1,Mar 16 2024 20: +0,1710619200
4.225,2,Mar 16 2024 23: +0,1710630000
4.3,1,Mar 17 2024 03: +0,1710644400
4.271,1,Mar 17 2024 04: +0,1710648000
4.504,1,Mar 17 2024 18: +0,1710698400
3.964,1,Mar 18 2024 03: +0,1710730800
4.674,1,Mar 18 2024 14: +0,1710770400
4.687,1,Mar 18 2024 15: +0,1710774000
4.691,1,Mar 18 2024 18: +0,1710784800
3.958,1,Mar 19 2024 23: +0,1710889200
3.942,1,Mar 20 2024 13: +0,1710939600
4.663,1,Mar 20 2024 15: +0,1710946800
4.695,2,Mar 20 2024 22: +0,1710972000
4.259,1,Mar 21 2024 14: +0,1711029600
4.752,1,Mar 21 2024 17: +0,1711040400
4.371,1,Mar 22 2024 04: +0,1711080000
3.965,1,Mar 22 2024 20: +0,1711137600
4.343,1,Mar 22 2024 22: +0,1711144800
3.349,1,Mar 23 2024 04: +0,1711166400
4.069,1,Mar 23 2024 06: +0,1711173600
4.376,1,Mar 23 2024 07: +0,1711177200
4.077,1,Mar 23 2024 13: +0,1711198800
4.659,1,Mar 24 2024 10: +0,1711274400
4.39,2,Mar 24 2024 16: +0,1711296000
4.639,1,Mar 24 2024 17: +0,1711299600
4.619,1,Mar 24 2024 19: +0,1711306800
4.642,1,Mar 25 2024 04: +0,1711339200
4.481,1,Mar 25 2024 11: +0,1711364400
4.242,1,Mar 25 2024 18: +0,1711389600
4.6,1,Mar 26 2024 00: +0,1711411200
4.623,1,Mar 26 2024 14: +0,1711461600
4.663,1,Mar 26 2024 18: +0,1711476000
4.631,1,Mar 27 2024 01: +0,1711501200
4.343,1,Mar 27 2024 15: +0,1711551600
4.631,1,Mar 28 2024 02: +0,1711591200
4.429,1,Mar 28 2024 08: +0,1711612800
4.093,1,Mar 28 2024 11: +0,1711623600
3.942,1,Mar 28 2024 21: +0,1711659600
4.659,1,Mar 29 2024 00: +0,1711670400
4.679,1,Mar 29 2024 02: +0,1711677600
4.148,1,Mar 29 2024 03: +0,1711681200
4.679,1,Mar 29 2024 07: +0,1711695600
4.053,1,Mar 29 2024 14: +0,1711720800
4.706,1,Mar 30 2024 00: +0,1711756800
4.676,1,Mar 30 2024 14: +0,1711807200
3.865,1,Mar 30 2024 19: +0,1711825200
4.521,1,Mar 30 2024 20: +0,1711828800
4.644,1,Mar 31 2024 05: +0,1711857600
4.663,1,Mar 31 2024 08: +0,1711868400
4.606,1,Mar 31 2024 20: +0,1711911600
4.687,1,Mar 31 2024 22: +0,1711918800
4.692,1,Apr 01 2024 10: +0,1711962000
4.364,1,Apr 01 2024 11: +0,1711965600
4.679,2,Apr 01 2024 13: +0,1711972800
4.676,1,Apr 01 2024 15: +0,1711980000
4.764,1,Apr 01 2024 22: +0,1712005200
4.663,1,Apr 02 2024 00: +0,1712012400
4.761,1,Apr 02 2024 05: +0,1712030400
4.932,1,Apr 02 2024 07: +0,1712037600
5.05,1,Apr 02 2024 10: +0,1712048400
4.677,1,Apr 03 2024 06: +0,1712120400
5.147,1,Apr 03 2024 13: +0,1712145600
4.261,1,Apr 03 2024 21: +0,1712174400
4.316,1,Apr 04 2024 14: +0,1712235600
4.853,1,Apr 04 2024 18: +0,1712250000
4.892,1,Apr 05 2024 09: +0,1712304000
4.892,1,Apr 05 2024 12: +0,1712314800
4.221,1,Apr 05 2024 13: +0,1712318400
5.253,1,Apr 06 2024 01: +0,1712361600
4.773,1,Apr 06 2024 19: +0,1712426400
4.738,1,Apr 06 2024 21: +0,1712433600
4.816,1,Apr 06 2024 23: +0,1712440800
5.183,1,Apr 07 2024 15: +0,1712498400
5.261,1,Apr 08 2024 01: +0,1712534400
4.385,1,Apr 08 2024 09: +0,1712563200
4.62,1,Apr 08 2024 15: +0,1712584800
5.213,1,Apr 08 2024 22: +0,1712610000
3.976,1,Apr 09 2024 13: +0,1712664000
5.145,1,Apr 09 2024 14: +0,1712667600
3.976,1,Apr 09 2024 18: +0,1712682000
5.252,1,Apr 09 2024 20: +0,1712689200
5.244,1,Apr 10 2024 01: +0,1712707200
4.76,1,Apr 11 2024 00: +0,1712790000
4.738,1,Apr 12 2024 14: +0,1712926800
4.722,1,Apr 12 2024 18: +0,1712941200
4.701,1,Apr 13 2024 03: +0,1712973600
4.747,1,Apr 13 2024 12: +0,1713006000
4.369,1,Apr 13 2024 18: +0,1713027600
4.776,1,Apr 13 2024 20: +0,1713034800
4.452,1,Apr 14 2024 12: +0,1713092400
4.427,1,Apr 15 2024 08: +0,1713164400
4.43,1,Apr 15 2024 12: +0,1713178800
4.779,2,Apr 15 2024 18: +0,1713200400
4.914,1,Apr 16 2024 00: +0,1713222000
4.99,1,Apr 16 2024 12: +0,1713265200
3.927,1,Apr 16 2024 15: +0,1713276000
4.794,1,Apr 17 2024 09: +0,1713340800
4.725,1,Apr 17 2024 17: +0,1713369600
4.225,2,Apr 17 2024 18: +0,1713373200
4.361,1,Apr 18 2024 13: +0,1713441600
4.394,1,Apr 18 2024 18: +0,1713459600
4.652,1,Apr 19 2024 04: +0,1713495600
4.673,1,Apr 19 2024 14: +0,1713531600
4.815,1,Apr 19 2024 22: +0,1713560400
4.811,1,Apr 20 2024 15: +0,1713621600
4.7,1,Apr 21 2024 01: +0,1713657600
4.714,1,Apr 21 2024 05: +0,1713672000
3.938,1,Apr 21 2024 14: +0,1713704400
4.246,1,Apr 21 2024 22: +0,1713733200
4.646,1,Apr 22 2024 14: +0,1713790800
4.107,1,Apr 23 2024 07: +0,1713852000
4.64,1,Apr 23 2024 14: +0,1713877200
4.68,2,Apr 24 2024 11: +0,1713952800
4.002,1,Apr 24 2024 15: +0,1713967200
4.231,1,Apr 24 2024 20: +0,1713985200
4.585,1,Apr 25 2024 03: +0,1714010400
4.478,1,Apr 25 2024 14: +0,1714050000
4.148,1,Apr 26 2024 13: +0,1714132800
4.348,1,Apr 26 2024 15: +0,1714140000
3.919,1,Apr 26 2024 16: +0,1714143600
4.001,1,Apr 26 2024 23: +0,1714168800
3.911,1,Apr 27 2024 11: +0,1714212000
4.359,1,Apr 27 2024 13: +0,1714219200
4.576,2,Apr 27 2024 16: +0,1714230000
4.589,1,Apr 27 2024 17: +0,1714233600
4.76,1,Apr 28 2024 08: +0,1714287600
4.015,1,Apr 28 2024 10: +0,1714294800
4.662,1,Apr 28 2024 18: +0,1714323600
4.691,1,Apr 28 2024 19: +0,1714327200
4.738,2,Apr 28 2024 22: +0,1714338000
4.162,1,Apr 29 2024 12: +0,1714388400
4.589,1,Apr 29 2024 20: +0,1714417200
4.655,1,Apr 30 2024 04: +0,1714446000
4.758,1,Apr 30 2024 17: +0,1714492800
4.799,1,May 01 2024 07: +0,1714543200
4.799,1,May 01 2024 10: +0,1714554000
4.772,1,May 01 2024 22: +0,1714597200
3.671,1,May 02 2024 15: +0,1714658400
3.645,2,May 02 2024 21: +0,1714680000
4.57,2,May 03 2024 00: +0,1714690800
4.042,1,May 03 2024 19: +0,1714759200
4.717,1,May 04 2024 07: +0,1714802400
4.727,1,May 04 2024 11: +0,1714816800
4.752,1,May 04 2024 19: +0,1714845600
4.205,1,May 05 2024 12: +0,1714906800
4.397,1,May 06 2024 12: +0,1714993200
4.817,1,May 06 2024 18: +0,1715014800
4.573,1,May 07 2024 08: +0,1715065200
4.633,1,May 07 2024 18: +0,1715101200
4.816,1,May 07 2024 21: +0,1715112000
4.144,1,May 08 2024 03: +0,1715133600
4.805,1,May 08 2024 11: +0,1715162400
4.804,1,May 08 2024 12: +0,1715166000
4.878,1,May 08 2024 17: +0,1715184000
4.433,2,May 09 2024 02: +0,1715216400
4.869,1,May 09 2024 13: +0,1715256000
4.96,1,May 09 2024 14: +0,1715259600
3.906,1,May 09 2024 19: +0,1715277600
4.793,1,May 10 2024 07: +0,1715320800
4.126,1,May 10 2024 16: +0,1715353200
4.509,2,May 10 2024 19: +0,1715364000
4.046,1,May 11 2024 11: +0,1715421600
4.817,1,May 11 2024 12: +0,1715425200
4.819,1,May 11 2024 18: +0,1715446800
4.415,1,May 12 2024 05: +0,1715486400
3.975,1,May 12 2024 06: +0,1715490000
4.813,1,May 12 2024 08: +0,1715497200
4.893,1,May 12 2024 09: +0,1715500800
4.157,1,May 12 2024 13: +0,1715515200
4.816,2,May 12 2024 15: +0,1715522400
4.821,1,May 12 2024 23: +0,1715551200
4.98,1,May 13 2024 12: +0,1715598000
5.018,1,May 13 2024 19: +0,1715623200
5.205,1,May 13 2024 20: +0,1715626800
4.275,1,May 14 2024 12: +0,1715684400
3.951,1,May 14 2024 14: +0,1715691600
3.448,1,May 14 2024 21: +0,1715716800
4.539,1,May 15 2024 12: +0,1715770800
4.544,1,May 15 2024 17: +0,1715788800
4.137,1,May 16 2024 13: +0,1715860800
4.807,1,May 16 2024 19: +0,1715882400
4.007,1,May 17 2024 23: +0,1715983200
4.685,1,May 18 2024 00: +0,1715986800
3.999,1,May 18 2024 11: +0,1716026400
4.821,1,May 18 2024 16: +0,1716044400
5.747,1,May 19 2024 13: +0,1716120000
4.68,1,May 19 2024 18: +0,1716138000
4.395,1,May 19 2024 21: +0,1716148800
4.408,1,May 20 2024 16: +0,1716217200
4.041,1,May 21 2024 16: +0,1716303600
3.817,1,May 21 2024 20: +0,1716318000
4.136,1,May 22 2024 09: +0,1716364800
3.98,1,May 22 2024 12: +0,1716375600
4.142,1,May 22 2024 21: +0,1716408000
4.282,2,May 22 2024 22: +0,1716411600
4.765,1,May 23 2024 17: +0,1716480000
4.061,1,May 24 2024 08: +0,1716534000
4.299,1,May 24 2024 09: +0,1716537600
4.715,1,May 24 2024 13: +0,1716552000
3.904,1,May 24 2024 18: +0,1716570000
3.899,1,May 25 2024 00: +0,1716591600
3.997,1,May 25 2024 01: +0,1716595200
4.198,1,May 25 2024 03: +0,1716602400
4.117,1,May 25 2024 04: +0,1716606000
3.998,2,May 25 2024 14: +0,1716642000
4.191,1,May 25 2024 18: +0,1716656400
5.511,1,May 26 2024 15: +0,1716732000
4.514,1,May 26 2024 21: +0,1716753600
4.119,1,May 27 2024 03: +0,1716775200
3.995,1,May 27 2024 14: +0,1716814800
3.574,1,May 28 2024 03: +0,1716861600
4.719,1,May 28 2024 15: +0,1716904800
4.714,1,May 28 2024 17: +0,1716912000
3.958,1,May 29 2024 16: +0,1716994800
4.26,1,May 29 2024 17: +0,1716998400
3.535,1,May 29 2024 21: +0,1717012800
3.829,1,May 30 2024 06: +0,1717045200
4.65,1,May 30 2024 08: +0,1717052400
3.938,1,May 30 2024 17: +0,1717084800
4.22,1,May 31 2024 19: +0,1717178400
3.941,2,Jun 01 2024 04: +0,1717210800
4.698,1,Jun 01 2024 10: +0,1717232400
4.303,2,Jun 01 2024 19: +0,1717264800
4.327,1,Jun 02 2024 17: +0,1717344000
4.329,1,Jun 02 2024 18: +0,1717347600
4.32,1,Jun 02 2024 21: +0,1717358400
3.945,2,Jun 03 2024 07: +0,1717394400
4.378,1,Jun 03 2024 16: +0,1717426800
4.438,1,Jun 03 2024 18: +0,1717434000
4.119,2,Jun 04 2024 16: +0,1717513200
4.565,1,Jun 04 2024 18: +0,1717520400
4.265,1,Jun 05 2024 11: +0,1717581600
4.741,1,Jun 05 2024 14: +0,1717592400
4.265,1,Jun 05 2024 16: +0,1717599600
4.739,1,Jun 05 2024 17: +0,1717603200
3.898,2,Jun 05 2024 20: +0,1717614000
3.54,1,Jun 05 2024 22: +0,1717621200
4.613,1,Jun 07 2024 05: +0,1717732800
4.305,1,Jun 07 2024 18: +0,1717779600
4.654,1,Jun 07 2024 20: +0,1717786800
4.383,1,Jun 08 2024 12: +0,1717844400
4.59,1,Jun 08 2024 16: +0,1717858800
4.271,1,Jun 08 2024 20: +0,1717873200
4.084,1,Jun 08 2024 22: +0,1717880400
4.433,1,Jun 09 2024 19: +0,1717956000
4.415,1,Jun 10 2024 08: +0,1718002800
4.254,1,Jun 10 2024 12: +0,1718017200
3.914,2,Jun 10 2024 13: +0,1718020800
4.425,1,Jun 10 2024 18: +0,1718038800
4.077,1,Jun 11 2024 12: +0,1718103600
4.188,1,Jun 11 2024 17: +0,1718121600
4.186,1,Jun 11 2024 18: +0,1718125200
4.298,1,Jun 11 2024 20: +0,1718132400
4.194,1,Jun 12 2024 05: +0,1718164800
4.298,2,Jun 12 2024 13: +0,1718193600
4.418,1,Jun 12 2024 15: +0,1718200800
4.423,1,Jun 13 2024 03: +0,1718244000
3.498,1,Jun 13 2024 20: +0,1718305200
4.131,1,Jun 14 2024 05: +0,1718337600
4.068,1,Jun 15 2024 00: +0,1718406000
3.828,1,Jun 15 2024 09: +0,1718438400
3.953,1,Jun 15 2024 13: +0,1718452800
