price,quantity,date,unix timestamp
4.839,519,Mar 18 2016 01: +0,1458262800
4.774,230,Mar 19 2016 01: +0,1458349200
4.768,99,Mar 20 2016 01: +0,1458435600
4.766,98,Mar 21 2016 01: +0,1458522000
4.814,73,Mar 22 2016 01: +0,1458608400
4.769,64,Mar 23 2016 01: +0,1458694800
4.747,81,Mar 24 2016 01: +0,1458781200
4.676,49,Mar 25 2016 01: +0,1458867600
4.694,74,Mar 26 2016 01: +0,1458954000
4.701,65,Mar 27 2016 01: +0,1459040400
4.579,32,Mar 28 2016 01: +0,1459123200
4.695,89,Mar 29 2016 01: +0,1459209600
4.777,87,Mar 30 2016 01: +0,1459296000
4.755,82,Mar 31 2016 01: +0,1459382400
4.821,83,Apr 01 2016 01: +0,1459468800
4.716,97,Apr 02 2016 01: +0,1459555200
1.562,20009,Apr 03 2016 01: +0,1459641600
2.123,27616,Apr 04 2016 01: +0,1459728000
3.324,9805,Apr 05 2016 01: +0,1459814400
3.403,3832,Apr 06 2016 01: +0,1459900800
2.945,2018,Apr 07 2016 01: +0,1459987200
2.872,1558,Apr 08 2016 01: +0,1460073600
2.765,1417,Apr 09 2016 01: +0,1460160000
2.658,1374,Apr 10 2016 01: +0,1460246400
2.582,1689,Apr 11 2016 01: +0,1460332800
2.479,1467,Apr 12 2016 01: +0,1460419200
2.29,1021,Apr 13 2016 01: +0,1460505600
2.105,1172,Apr 14 2016 01: +0,1460592000
2.309,662,Apr 15 2016 01: +0,1460678400
2.391,739,Apr 16 2016 01: +0,1460764800
2.342,687,Apr 17 2016 01: +0,1460851200
2.257,565,Apr 18 2016 01: +0,1460937600
2.172,578,Apr 19 2016 01: +0,1461024000
2.242,538,Apr 20 2016 01: +0,1461110400
2.199,506,Apr 21 2016 01: +0,1461196800
2.173,703,Apr 22 2016 01: +0,1461283200
2.226,636,Apr 23 2016 01: +0,1461369600
2.184,530,Apr 24 2016 01: +0,1461456000
2.171,524,Apr 25 2016 01: +0,1461542400
2.17,385,Apr 26 2016 01: +0,1461628800
2.103,558,Apr 27 2016 01: +0,1461715200
2.154,658,Apr 28 2016 01: +0,1461801600
2.169,631,Apr 29 2016 01: +0,1461888000
2.229,806,Apr 30 2016 01: +0,1461974400
2.335,554,May 01 2016 01: +0,1462060800
2.342,589,May 02 2016 01: +0,1462147200
2.423,497,May 03 2016 01: +0,1462233600
2.57,495,May 04 2016 01: +0,1462320000
2.611,447,May 05 2016 01: +0,1462406400
2.754,561,May 06 2016 01: +0,1462492800
2.793,360,May 07 2016 01: +0,1462579200
2.767,367,May 08 2016 01: +0,1462665600
2.59,262,May 09 2016 01: +0,1462752000
2.536,322,May 10 2016 01: +0,1462838400
2.567,219,May 11 2016 01: +0,1462924800
2.552,260,May 12 2016 01: +0,1463011200
2.507,328,May 13 2016 01: +0,1463097600
2.368,399,May 14 2016 01: +0,1463184000
2.285,389,May 15 2016 01: +0,1463270400
2.282,387,May 16 2016 01: +0,1463356800
2.133,446,May 17 2016 01: +0,1463443200
2.081,279,May 18 2016 01: +0,1463529600
2.136,330,May 19 2016 01: +0,1463616000
2.241,235,May 20 2016 01: +0,1463702400
2.226,283,May 21 2016 01: +0,1463788800
2.258,481,May 22 2016 01: +0,1463875200
2.266,334,May 23 2016 01: +0,1463961600
2.241,308,May 24 2016 01: +0,1464048000
2.329,415,May 25 2016 01: +0,1464134400
2.44,429,May 26 2016 01: +0,1464220800
2.393,331,May 27 2016 01: +0,1464307200
2.37,662,May 28 2016 01: +0,1464393600
2.476,541,May 29 2016 01: +0,1464480000
2.37,461,May 30 2016 01: +0,1464566400
2.506,440,May 31 2016 01: +0,1464652800
2.421,644,Jun 01 2016 01: +0,1464739200
2.361,583,Jun 02 2016 01: +0,1464825600
2.389,762,Jun 03 2016 01: +0,1464912000
2.315,401,Jun 04 2016 01: +0,1464998400
2.296,500,Jun 05 2016 01: +0,1465084800
2.142,495,Jun 06 2016 01: +0,1465171200
2.13,392,Jun 07 2016 01: +0,1465257600
2.175,505,Jun 08 2016 01: +0,1465344000
2.257,254,Jun 09 2016 01: +0,1465430400
2.154,263,Jun 10 2016 01: +0,1465516800
2.086,434,Jun 11 2016 01: +0,1465603200
2.149,309,Jun 12 2016 01: +0,1465689600
2.175,352,Jun 13 2016 01: +0,1465776000
2.279,1075,Jun 14 2016 01: +0,1465862400
2.29,225,Jun 15 2016 01: +0,1465948800
2.187,361,Jun 16 2016 01: +0,1466035200
2.209,409,Jun 17 2016 01: +0,1466121600
2.268,364,Jun 18 2016 01: +0,1466208000
2.255,302,Jun 19 2016 01: +0,1466294400
2.113,232,Jun 20 2016 01: +0,1466380800
2.228,410,Jun 21 2016 01: +0,1466467200
2.273,578,Jun 22 2016 01: +0,1466553600
2.33,662,Jun 23 2016 01: +0,1466640000
2.324,763,Jun 24 2016 01: +0,1466726400
2.007,504,Jun 25 2016 01: +0,1466812800
1.982,272,Jun 26 2016 01: +0,1466899200
1.884,244,Jun 27 2016 01: +0,1466985600
1.776,229,Jun 28 2016 01: +0,1467072000
1.767,341,Jun 29 2016 01: +0,1467158400
1.7,418,Jun 30 2016 01: +0,1467244800
1.665,284,Jul 01 2016 01: +0,1467331200
1.634,298,Jul 02 2016 01: +0,1467417600
1.628,263,Jul 03 2016 01: +0,1467504000
1.614,334,Jul 04 2016 01: +0,1467590400
1.609,315,Jul 05 2016 01: +0,1467676800
1.591,414,Jul 06 2016 01: +0,1467763200
1.601,488,Jul 07 2016 01: +0,1467849600
1.634,278,Jul 08 2016 01: +0,1467936000
1.582,706,Jul 09 2016 01: +0,1468022400
1.651,909,Jul 10 2016 01: +0,1468108800
1.837,201,Jul 11 2016 01: +0,1468195200
1.932,188,Jul 12 2016 01: +0,1468281600
1.868,146,Jul 13 2016 01: +0,1468368000
1.716,250,Jul 14 2016 01: +0,1468454400
1.847,184,Jul 15 2016 01: +0,1468540800
1.857,93,Jul 16 2016 01: +0,1468627200
1.815,115,Jul 17 2016 01: +0,1468713600
1.789,145,Jul 18 2016 01: +0,1468800000
1.63,136,Jul 19 2016 01: +0,1468886400
1.635,123,Jul 20 2016 01: +0,1468972800
1.6,139,Jul 21 2016 01: +0,1469059200
1.549,113,Jul 22 2016 01: +0,1469145600
1.505,266,Jul 23 2016 01: +0,1469232000
1.479,214,Jul 24 2016 01: +0,1469318400
1.578,83,Jul 25 2016 01: +0,1469404800
1.574,117,Jul 26 2016 01: +0,1469491200
1.526,84,Jul 27 2016 01: +0,1469577600
1.47,124,Jul 28 2016 01: +0,1469664000
1.425,150,Jul 29 2016 01: +0,1469750400
1.498,166,Jul 30 2016 01: +0,1469836800
1.488,145,Jul 31 2016 01: +0,1469923200
1.516,156,Aug 01 2016 01: +0,1470009600
1.483,126,Aug 02 2016 01: +0,1470096000
1.474,111,Aug 03 2016 01: +0,1470182400
1.47,94,Aug 04 2016 01: +0,1470268800
1.438,101,Aug 05 2016 01: +0,1470355200
1.389,134,Aug 06 2016 01: +0,1470441600
1.368,126,Aug 07 2016 01: +0,1470528000
1.368,151,Aug 08 2016 01: +0,1470614400
1.26,91,Aug 09 2016 01: +0,1470700800
1.205,124,Aug 10 2016 01: +0,1470787200
1.176,200,Aug 11 2016 01: +0,1470873600
1.13,213,Aug 12 2016 01: +0,1470960000
1.125,160,Aug 13 2016 01: +0,1471046400
1.111,200,Aug 14 2016 01: +0,1471132800
1.239,304,Aug 15 2016 01: +0,1471219200
1.22,131,Aug 16 2016 01: +0,1471305600
1.185,121,Aug 17 2016 01: +0,1471392000
1.271,125,Aug 18 2016 01: +0,1471478400
1.187,155,Aug 19 2016 01: +0,1471564800
1.254,124,Aug 20 2016 01: +0,1471651200
1.265,117,Aug 21 2016 01: +0,1471737600
1.246,89,Aug 22 2016 01: +0,1471824000
1.236,110,Aug 23 2016 01: +0,1471910400
1.253,115,Aug 24 2016 01: +0,1471996800
1.2,119,Aug 25 2016 01: +0,1472083200
1.174,149,Aug 26 2016 01: +0,1472169600
1.179,91,Aug 27 2016 01: +0,1472256000
1.144,138,Aug 28 2016 01: +0,1472342400
1.187,141,Aug 29 2016 01: +0,1472428800
1.265,98,Aug 30 2016 01: +0,1472515200
1.281,111,Aug 31 2016 01: +0,1472601600
1.274,92,Sep 01 2016 01: +0,1472688000
1.314,96,Sep 02 2016 01: +0,1472774400
1.373,115,Sep 03 2016 01: +0,1472860800
1.344,109,Sep 04 2016 01: +0,1472947200
1.328,54,Sep 05 2016 01: +0,1473033600
1.324,67,Sep 06 2016 01: +0,1473120000
1.317,121,Sep 07 2016 01: +0,1473206400
1.31,76,Sep 08 2016 01: +0,1473292800
1.311,89,Sep 09 2016 01: +0,1473379200
1.304,117,Sep 10 2016 01: +0,1473465600
1.272,113,Sep 11 2016 01: +0,1473552000
1.296,140,Sep 12 2016 01: +0,1473638400
1.282,110,Sep 13 2016 01: +0,1473724800
1.306,78,Sep 14 2016 01: +0,1473811200
1.31,61,Sep 15 2016 01: +0,1473897600
1.221,149,Sep 16 2016 01: +0,1473984000
1.193,189,Sep 17 2016 01: +0,1474070400
1.186,144,Sep 18 2016 01: +0,1474156800
1.158,91,Sep 19 2016 01: +0,1474243200
1.157,87,Sep 20 2016 01: +0,1474329600
1.166,123,Sep 21 2016 01: +0,1474416000
1.162,106,Sep 22 2016 01: +0,1474502400
1.194,115,Sep 23 2016 01: +0,1474588800
1.182,104,Sep 24 2016 01: +0,1474675200
1.145,92,Sep 25 2016 01: +0,1474761600
1.16,102,Sep 26 2016 01: +0,1474848000
1.13,149,Sep 27 2016 01: +0,1474934400
1.139,104,Sep 28 2016 01: +0,1475020800
1.121,75,Sep 29 2016 01: +0,1475107200
1.105,201,Sep 30 2016 01: +0,1475193600
1.121,87,Oct 01 2016 01: +0,1475280000
1.107,136,Oct 02 2016 01: +0,1475366400
1.006,154,Oct 03 2016 01: +0,1475452800
1.02,160,Oct 04 2016 01: +0,1475539200
1.05,68,Oct 05 2016 01: +0,1475625600
0.991,98,Oct 06 2016 01: +0,1475712000
0.956,187,Oct 07 2016 01: +0,1475798400
1.022,168,Oct 08 2016 01: +0,1475884800
1.018,81,Oct 09 2016 01: +0,1475971200
1.012,72,Oct 10 2016 01: +0,1476057600
1.014,82,Oct 11 2016 01: +0,1476144000
0.968,76,Oct 12 2016 01: +0,1476230400
0.956,515,Oct 13 2016 01: +0,1476316800
0.982,57,Oct 14 2016 01: +0,1476403200
0.946,114,Oct 15 2016 01: +0,1476489600
0.894,139,Oct 16 2016 01: +0,1476576000
0.842,105,Oct 17 2016 01: +0,1476662400
0.809,110,Oct 18 2016 01: +0,1476748800
0.841,116,Oct 19 2016 01: +0,1476835200
0.842,99,Oct 20 2016 01: +0,1476921600
0.804,143,Oct 21 2016 01: +0,1477008000
0.814,167,Oct 22 2016 01: +0,1477094400
0.785,222,Oct 23 2016 01: +0,1477180800
0.775,137,Oct 24 2016 01: +0,1477267200
0.812,130,Oct 25 2016 01: +0,1477353600
0.817,101,Oct 26 2016 01: +0,1477440000
0.803,112,Oct 27 2016 01: +0,1477526400
0.823,127,Oct 28 2016 01: +0,1477612800
0.817,106,Oct 29 2016 01: +0,1477699200
0.825,147,Oct 30 2016 01: +0,1477785600
0.823,244,Oct 31 2016 01: +0,1477875600
0.823,151,Nov 01 2016 01: +0,1477962000
0.848,78,Nov 02 2016 01: +0,1478048400
0.854,66,Nov 03 2016 01: +0,1478134800
0.902,272,Nov 04 2016 01: +0,1478221200
0.943,132,Nov 05 2016 01: +0,1478307600
0.934,116,Nov 06 2016 01: +0,1478394000
0.958,107,Nov 07 2016 01: +0,1478480400
0.988,182,Nov 08 2016 01: +0,1478566800
1.017,91,Nov 09 2016 01: +0,1478653200
1.007,64,Nov 10 2016 01: +0,1478739600
1.012,44,Nov 11 2016 01: +0,1478826000
1.018,114,Nov 12 2016 01: +0,1478912400
1.013,83,Nov 13 2016 01: +0,1478998800
0.982,81,Nov 14 2016 01: +0,1479085200
0.954,85,Nov 15 2016 01: +0,1479171600
0.953,114,Nov 16 2016 01: +0,1479258000
0.939,90,Nov 17 2016 01: +0,1479344400
0.999,175,Nov 18 2016 01: +0,1479430800
1.126,58,Nov 19 2016 01: +0,1479517200
1.102,104,Nov 20 2016 01: +0,1479603600
1.085,87,Nov 21 2016 01: +0,1479690000
1.076,86,Nov 22 2016 01: +0,1479776400
1.058,58,Nov 23 2016 01: +0,1479862800
0.979,57,Nov 24 2016 01: +0,1479949200
0.96,48,Nov 25 2016 01: +0,1480035600
0.914,94,Nov 26 2016 01: +0,1480122000
0.911,150,Nov 27 2016 01: +0,1480208400
1.0,198,Nov 28 2016 01: +0,1480294800
0.994,95,Nov 29 2016 01: +0,1480381200
1.11,46,Nov 30 2016 01: +0,1480467600
1.08,105,Dec 01 2016 01: +0,1480554000
1.057,51,Dec 02 2016 01: +0,1480640400
1.047,90,Dec 03 2016 01: +0,1480726800
1.048,91,Dec 04 2016 01: +0,1480813200
1.046,55,Dec 05 2016 01: +0,1480899600
1.04,145,Dec 06 2016 01: +0,1480986000
1.026,82,Dec 07 2016 01: +0,1481072400
0.978,188,Dec 08 2016 01: +0,1481158800
1.078,139,Dec 09 2016 01: +0,1481245200
1.122,60,Dec 10 2016 01: +0,1481331600
1.077,80,Dec 11 2016 01: +0,1481418000
1.091,74,Dec 12 2016 01: +0,1481504400
1.059,107,Dec 13 2016 01: +0,1481590800
1.07,98,Dec 14 2016 01: +0,1481677200
1.082,85,Dec 15 2016 01: +0,1481763600
1.069,39,Dec 16 2016 01: +0,1481850000
1.029,118,Dec 17 2016 01: +0,1481936400
1.005,88,Dec 18 2016 01: +0,1482022800
0.969,119,Dec 19 2016 01: +0,1482109200
0.942,186,Dec 20 2016 01: +0,1482195600
0.954,55,Dec 21 2016 01: +0,1482282000
0.941,60,Dec 22 2016 01: +0,1482368400
0.908,102,Dec 23 2016 01: +0,1482454800
0.941,345,Dec 24 2016 01: +0,1482541200
0.977,157,Dec 25 2016 01: +0,1482627600
0.964,176,Dec 26 2016 01: +0,1482714000
0.983,282,Dec 27 2016 01: +0,1482800400
1.053,298,Dec 28 2016 01: +0,1482886800
0.981,219,Dec 29 2016 01: +0,1482973200
1.046,52,Dec 30 2016 01: +0,1483059600
1.045,137,Dec 31 2016 01: +0,1483146000
1.02,95,Jan 01 2017 01: +0,1483232400
0.996,84,Jan 02 2017 01: +0,1483318800
1.0,116,Jan 03 2017 01: +0,1483405200
1.003,100,Jan 04 2017 01: +0,1483491600
1.028,200,Jan 05 2017 01: +0,1483578000
1.089,103,Jan 06 2017 01: +0,1483664400
1.079,125,Jan 07 2017 01: +0,1483750800
1.058,88,Jan 08 2017 01: +0,1483837200
1.06,80,Jan 09 2017 01: +0,1483923600
1.054,95,Jan 10 2017 01: +0,1484010000
1.084,86,Jan 11 2017 01: +0,1484096400
1.05,88,Jan 12 2017 01: +0,1484182800
1.108,81,Jan 13 2017 01: +0,1484269200
1.072,64,Jan 14 2017 01: +0,1484355600
1.073,68,Jan 15 2017 01: +0,1484442000
1.037,87,Jan 16 2017 01: +0,1484528400
1.053,51,Jan 17 2017 01: +0,1484614800
1.005,148,Jan 18 2017 01: +0,1484701200
1.052,95,Jan 19 2017 01: +0,1484787600
0.971,153,Jan 20 2017 01: +0,1484874000
0.908,201,Jan 21 2017 01: +0,1484960400
0.995,145,Jan 22 2017 01: +0,1485046800
0.971,175,Jan 23 2017 01: +0,1485133200
0.956,137,Jan 24 2017 01: +0,1485219600
0.966,202,Jan 25 2017 01: +0,1485306000
0.951,128,Jan 26 2017 01: +0,1485392400
1.017,220,Jan 27 2017 01: +0,1485478800
1.0,199,Jan 28 2017 01: +0,1485565200
1.011,142,Jan 29 2017 01: +0,1485651600
0.977,59,Jan 30 2017 01: +0,1485738000
1.001,79,Jan 31 2017 01: +0,1485824400
1.016,80,Feb 01 2017 01: +0,1485910800
0.999,83,Feb 02 2017 01: +0,1485997200
1.013,111,Feb 03 2017 01: +0,1486083600
1.031,173,Feb 04 2017 01: +0,1486170000
1.063,117,Feb 05 2017 01: +0,1486256400
1.011,52,Feb 06 2017 01: +0,1486342800
1.016,56,Feb 07 2017 01: +0,1486429200
0.995,102,Feb 08 2017 01: +0,1486515600
1.007,61,Feb 09 2017 01: +0,1486602000
1.021,79,Feb 10 2017 01: +0,1486688400
1.049,504,Feb 11 2017 01: +0,1486774800
1.065,75,Feb 12 2017 01: +0,1486861200
1.077,57,Feb 13 2017 01: +0,1486947600
1.059,70,Feb 14 2017 01: +0,1487034000
1.079,38,Feb 15 2017 01: +0,1487120400
1.06,81,Feb 16 2017 01: +0,1487206800
1.057,46,Feb 17 2017 01: +0,1487293200
1.067,147,Feb 18 2017 01: +0,1487379600
1.048,68,Feb 19 2017 01: +0,1487466000
1.062,103,Feb 20 2017 01: +0,1487552400
1.059,103,Feb 21 2017 01: +0,1487638800
1.025,151,Feb 22 2017 01: +0,1487725200
1.019,80,Feb 23 2017 01: +0,1487811600
0.992,248,Feb 24 2017 01: +0,1487898000
0.997,192,Feb 25 2017 01: +0,1487984400
0.999,279,Feb 26 2017 01: +0,1488070800
0.981,365,Feb 27 2017 01: +0,1488157200
1.065,614,Feb 28 2017 01: +0,1488243600
1.088,69,Mar 01 2017 01: +0,1488330000
1.085,118,Mar 02 2017 01: +0,1488416400
1.133,124,Mar 03 2017 01: +0,1488502800
1.244,78,Mar 04 2017 01: +0,1488589200
1.253,40,Mar 05 2017 01: +0,1488675600
1.223,56,Mar 06 2017 01: +0,1488762000
1.175,38,Mar 07 2017 01: +0,1488848400
1.184,25,Mar 08 2017 01: +0,1488934800
1.137,33,Mar 09 2017 01: +0,1489021200
1.14,65,Mar 10 2017 01: +0,1489107600
1.128,83,Mar 11 2017 01: +0,1489194000
1.167,172,Mar 12 2017 01: +0,1489280400
1.178,60,Mar 13 2017 01: +0,1489366800
1.183,47,Mar 14 2017 01: +0,1489453200
1.177,80,Mar 15 2017 01: +0,1489539600
1.165,30,Mar 16 2017 01: +0,1489626000
1.14,58,Mar 17 2017 01: +0,1489712400
1.162,87,Mar 18 2017 01: +0,1489798800
1.168,68,Mar 19 2017 01: +0,1489885200
1.156,43,Mar 20 2017 01: +0,1489971600
1.132,72,Mar 21 2017 01: +0,1490058000
1.144,53,Mar 22 2017 01: +0,1490144400
1.149,56,Mar 23 2017 01: +0,1490230800
1.152,78,Mar 24 2017 01: +0,1490317200
1.124,66,Mar 25 2017 01: +0,1490403600
1.148,72,Mar 26 2017 01: +0,1490490000
1.052,52,Mar 27 2017 01: +0,1490572800
1.083,57,Mar 28 2017 01: +0,1490659200
1.189,791,Mar 29 2017 01: +0,1490745600
1.278,31,Mar 30 2017 01: +0,1490832000
1.158,31,Mar 31 2017 01: +0,1490918400
1.156,50,Apr 01 2017 01: +0,1491004800
1.172,59,Apr 02 2017 01: +0,1491091200
1.168,65,Apr 03 2017 01: +0,1491177600
1.124,70,Apr 04 2017 01: +0,1491264000
1.134,92,Apr 05 2017 01: +0,1491350400
1.129,56,Apr 06 2017 01: +0,1491436800
1.117,89,Apr 07 2017 01: +0,1491523200
1.109,65,Apr 08 2017 01: +0,1491609600
1.105,107,Apr 09 2017 01: +0,1491696000
1.14,54,Apr 10 2017 01: +0,1491782400
1.127,53,Apr 11 2017 01: +0,1491868800
1.125,642,Apr 12 2017 01: +0,1491955200
1.148,70,Apr 13 2017 01: +0,1492041600
1.165,72,Apr 14 2017 01: +0,1492128000
1.165,166,Apr 15 2017 01: +0,1492214400
1.148,59,Apr 16 2017 01: +0,1492300800
1.143,63,Apr 17 2017 01: +0,1492387200
1.149,61,Apr 18 2017 01: +0,1492473600
1.194,63,Apr 19 2017 01: +0,1492560000
1.326,27,Apr 20 2017 01: +0,1492646400
1.3,32,Apr 21 2017 01: +0,1492732800
1.28,46,Apr 22 2017 01: +0,1492819200
1.239,16,Apr 23 2017 01: +0,1492905600
1.24,27,Apr 24 2017 01: +0,1492992000
1.235,42,Apr 25 2017 01: +0,1493078400
1.239,29,Apr 26 2017 01: +0,1493164800
1.245,65,Apr 27 2017 01: +0,1493251200
1.28,19,Apr 28 2017 01: +0,1493337600
1.163,78,Apr 29 2017 01: +0,1493424000
1.168,48,Apr 30 2017 01: +0,1493510400
1.155,40,May 01 2017 01: +0,1493596800
1.162,34,May 02 2017 01: +0,1493683200
1.163,72,May 03 2017 01: +0,1493769600
1.166,103,May 04 2017 01: +0,1493856000
1.132,82,May 05 2017 01: +0,1493942400
1.112,85,May 06 2017 01: +0,1494028800
1.087,61,May 07 2017 01: +0,1494115200
1.105,62,May 08 2017 01: +0,1494201600
1.17,200,May 09 2017 01: +0,1494288000
1.211,40,May 10 2017 01: +0,1494374400
1.207,21,May 11 2017 01: +0,1494460800
1.198,30,May 12 2017 01: +0,1494547200
1.188,46,May 13 2017 01: +0,1494633600
1.189,52,May 14 2017 01: +0,1494720000
1.124,59,May 15 2017 01: +0,1494806400
1.072,135,May 16 2017 01: +0,1494892800
1.185,29,May 17 2017 01: +0,1494979200
1.16,34,May 18 2017 01: +0,1495065600
1.174,51,May 19 2017 01: +0,1495152000
1.194,28,May 20 2017 01: +0,1495238400
1.17,73,May 21 2017 01: +0,1495324800
1.166,33,May 22 2017 01: +0,1495411200
1.186,31,May 23 2017 01: +0,1495497600
1.12,147,May 24 2017 01: +0,1495584000
1.161,64,May 25 2017 01: +0,1495670400
1.158,61,May 26 2017 01: +0,1495756800
1.127,166,May 27 2017 01: +0,1495843200
1.106,78,May 28 2017 01: +0,1495929600
1.108,42,May 29 2017 01: +0,1496016000
1.128,56,May 30 2017 01: +0,1496102400
1.143,57,May 31 2017 01: +0,1496188800
1.18,56,Jun 01 2017 01: +0,1496275200
1.188,46,Jun 02 2017 01: +0,1496361600
1.186,46,Jun 03 2017 01: +0,1496448000
1.17,70,Jun 04 2017 01: +0,1496534400
1.157,130,Jun 05 2017 01: +0,1496620800
1.15,60,Jun 06 2017 01: +0,1496707200
1.135,39,Jun 07 2017 01: +0,1496793600
1.126,79,Jun 08 2017 01: +0,1496880000
1.106,70,Jun 09 2017 01: +0,1496966400
1.135,44,Jun 10 2017 01: +0,1497052800
1.155,42,Jun 11 2017 01: +0,1497139200
1.129,44,Jun 12 2017 01: +0,1497225600
1.133,114,Jun 13 2017 01: +0,1497312000
1.147,76,Jun 14 2017 01: +0,1497398400
1.128,39,Jun 15 2017 01: +0,1497484800
1.127,39,Jun 16 2017 01: +0,1497571200
1.124,46,Jun 17 2017 01: +0,1497657600
1.11,66,Jun 18 2017 01: +0,1497744000
1.099,275,Jun 19 2017 01: +0,1497830400
1.108,47,Jun 20 2017 01: +0,1497916800
1.108,84,Jun 21 2017 01: +0,1498003200
1.09,85,Jun 22 2017 01: +0,1498089600
0.994,75,Jun 23 2017 01: +0,1498176000
1.073,79,Jun 24 2017 01: +0,1498262400
1.062,68,Jun 25 2017 01: +0,1498348800
1.062,47,Jun 26 2017 01: +0,1498435200
1.05,53,Jun 27 2017 01: +0,1498521600
1.07,43,Jun 28 2017 01: +0,1498608000
1.078,61,Jun 29 2017 01: +0,1498694400
1.052,53,Jun 30 2017 01: +0,1498780800
1.034,89,Jul 01 2017 01: +0,1498867200
1.058,102,Jul 02 2017 01: +0,1498953600
1.069,82,Jul 03 2017 01: +0,1499040000
1.062,77,Jul 04 2017 01: +0,1499126400
1.062,57,Jul 05 2017 01: +0,1499212800
1.072,39,Jul 06 2017 01: +0,1499299200
1.09,375,Jul 07 2017 01: +0,1499385600
1.031,79,Jul 08 2017 01: +0,1499472000
1.004,51,Jul 09 2017 01: +0,1499558400
1.041,48,Jul 10 2017 01: +0,1499644800
1.039,31,Jul 11 2017 01: +0,1499731200
1.041,27,Jul 12 2017 01: +0,1499817600
1.019,50,Jul 13 2017 01: +0,1499904000
1.012,51,Jul 14 2017 01: +0,1499990400
1.029,67,Jul 15 2017 01: +0,1500076800
1.004,56,Jul 16 2017 01: +0,1500163200
1.027,97,Jul 17 2017 01: +0,1500249600
1.045,81,Jul 18 2017 01: +0,1500336000
0.998,112,Jul 19 2017 01: +0,1500422400
0.987,97,Jul 20 2017 01: +0,1500508800
0.997,100,Jul 21 2017 01: +0,1500595200
0.961,161,Jul 22 2017 01: +0,1500681600
0.959,44,Jul 23 2017 01: +0,1500768000
0.928,32,Jul 24 2017 01: +0,1500854400
0.918,52,Jul 25 2017 01: +0,1500940800
0.963,69,Jul 26 2017 01: +0,1501027200
0.97,93,Jul 27 2017 01: +0,1501113600
0.993,85,Jul 28 2017 01: +0,1501200000
1.027,57,Jul 29 2017 01: +0,1501286400
1.067,46,Jul 30 2017 01: +0,1501372800
1.108,26,Jul 31 2017 01: +0,1501459200
1.077,29,Aug 01 2017 01: +0,1501545600
1.095,27,Aug 02 2017 01: +0,1501632000
1.06,41,Aug 03 2017 01: +0,1501718400
1.117,34,Aug 04 2017 01: +0,1501804800
1.09,66,Aug 05 2017 01: +0,1501891200
1.033,47,Aug 06 2017 01: +0,1501977600
1.052,55,Aug 07 2017 01: +0,1502064000
1.072,45,Aug 08 2017 01: +0,1502150400
1.084,24,Aug 09 2017 01: +0,1502236800
1.096,35,Aug 10 2017 01: +0,1502323200
1.045,26,Aug 11 2017 01: +0,1502409600
1.031,101,Aug 12 2017 01: +0,1502496000
1.04,58,Aug 13 2017 01: +0,1502582400
0.932,107,Aug 14 2017 01: +0,1502668800
0.949,99,Aug 15 2017 01: +0,1502755200
0.945,107,Aug 16 2017 01: +0,1502841600
0.924,111,Aug 17 2017 01: +0,1502928000
0.95,203,Aug 18 2017 01: +0,1503014400
0.954,164,Aug 19 2017 01: +0,1503100800
0.903,155,Aug 20 2017 01: +0,1503187200
0.872,212,Aug 21 2017 01: +0,1503273600
0.872,103,Aug 22 2017 01: +0,1503360000
0.886,85,Aug 23 2017 01: +0,1503446400
0.923,157,Aug 24 2017 01: +0,1503532800
0.911,63,Aug 25 2017 01: +0,1503619200
0.898,79,Aug 26 2017 01: +0,1503705600
0.897,123,Aug 27 2017 01: +0,1503792000
0.937,84,Aug 28 2017 01: +0,1503878400
1.043,33,Aug 29 2017 01: +0,1503964800
1.053,21,Aug 30 2017 01: +0,1504051200
1.088,16,Aug 31 2017 01: +0,1504137600
1.075,21,Sep 01 2017 01: +0,1504224000
1.078,49,Sep 02 2017 01: +0,1504310400
1.088,36,Sep 03 2017 01: +0,1504396800
1.067,29,Sep 04 2017 01: +0,1504483200
1.078,49,Sep 05 2017 01: +0,1504569600
1.089,18,Sep 06 2017 01: +0,1504656000
1.112,41,Sep 07 2017 01: +0,1504742400
1.138,42,Sep 08 2017 01: +0,1504828800
1.127,40,Sep 09 2017 01: +0,1504915200
1.192,38,Sep 10 2017 01: +0,1505001600
1.172,10,Sep 11 2017 01: +0,1505088000
1.223,53,Sep 12 2017 01: +0,1505174400
1.229,15,Sep 13 2017 01: +0,1505260800
1.142,14,Sep 14 2017 01: +0,1505347200
1.193,20,Sep 15 2017 01: +0,1505433600
1.194,31,Sep 16 2017 01: +0,1505520000
1.126,52,Sep 17 2017 01: +0,1505606400
1.081,41,Sep 18 2017 01: +0,1505692800
1.181,21,Sep 19 2017 01: +0,1505779200
1.18,38,Sep 20 2017 01: +0,1505865600
1.167,76,Sep 21 2017 01: +0,1505952000
1.146,28,Sep 22 2017 01: +0,1506038400
1.153,23,Sep 23 2017 01: +0,1506124800
1.167,61,Sep 24 2017 01: +0,1506211200
1.176,24,Sep 25 2017 01: +0,1506297600
1.141,21,Sep 26 2017 01: +0,1506384000
1.116,34,Sep 27 2017 01: +0,1506470400
1.092,45,Sep 28 2017 01: +0,1506556800
1.057,56,Sep 29 2017 01: +0,1506643200
1.034,82,Sep 30 2017 01: +0,1506729600
1.035,56,Oct 01 2017 01: +0,1506816000
1.045,19,Oct 02 2017 01: +0,1506902400
1.03,33,Oct 03 2017 01: +0,1506988800
1.058,49,Oct 04 2017 01: +0,1507075200
1.098,22,Oct 05 2017 01: +0,1507161600
1.079,24,Oct 06 2017 01: +0,1507248000
1.079,44,Oct 07 2017 01: +0,1507334400
1.103,30,Oct 08 2017 01: +0,1507420800
1.049,57,Oct 09 2017 01: +0,1507507200
1.04,50,Oct 10 2017 01: +0,1507593600
1.021,82,Oct 11 2017 01: +0,1507680000
1.001,83,Oct 12 2017 01: +0,1507766400
1.0,50,Oct 13 2017 01: +0,1507852800
1.005,100,Oct 14 2017 01: +0,1507939200
1.025,84,Oct 15 2017 01: +0,1508025600
1.064,30,Oct 16 2017 01: +0,1508112000
1.045,89,Oct 17 2017 01: +0,1508198400
1.039,44,Oct 18 2017 01: +0,1508284800
1.027,55,Oct 19 2017 01: +0,1508371200
1.028,43,Oct 20 2017 01: +0,1508457600
1.057,60,Oct 21 2017 01: +0,1508544000
1.047,59,Oct 22 2017 01: +0,1508630400
1.04,24,Oct 23 2017 01: +0,1508716800
1.025,31,Oct 24 2017 01: +0,1508803200
1.03,54,Oct 25 2017 01: +0,1508889600
1.031,40,Oct 26 2017 01: +0,1508976000
1.028,37,Oct 27 2017 01: +0,1509062400
1.023,41,Oct 28 2017 01: +0,1509148800
1.016,33,Oct 29 2017 01: +0,1509235200
1.037,35,Oct 30 2017 01: +0,1509325200
1.035,69,Oct 31 2017 01: +0,1509411600
1.018,62,Nov 01 2017 01: +0,1509498000
1.036,46,Nov 02 2017 01: +0,1509584400
1.033,25,Nov 03 2017 01: +0,1509670800
1.037,61,Nov 04 2017 01: +0,1509757200
1.075,60,Nov 05 2017 01: +0,1509843600
1.095,46,Nov 06 2017 01: +0,1509930000
0.937,43,Nov 07 2017 01: +0,1510016400
1.058,26,Nov 08 2017 01: +0,1510102800
1.065,28,Nov 09 2017 01: +0,1510189200
1.069,20,Nov 10 2017 01: +0,1510275600
1.05,37,Nov 11 2017 01: +0,1510362000
1.08,31,Nov 12 2017 01: +0,1510448400
1.016,43,Nov 13 2017 01: +0,1510534800
1.018,29,Nov 14 2017 01: +0,1510621200
1.038,22,Nov 15 2017 01: +0,1510707600
1.057,171,Nov 16 2017 01: +0,1510794000
1.098,18,Nov 17 2017 01: +0,1510880400
1.105,50,Nov 18 2017 01: +0,1510966800
1.069,51,Nov 19 2017 01: +0,1511053200
1.018,42,Nov 20 2017 01: +0,1511139600
0.961,42,Nov 21 2017 01: +0,1511226000
1.028,49,Nov 22 2017 01: +0,1511312400
1.024,24,Nov 23 2017 01: +0,1511398800
0.987,18,Nov 24 2017 01: +0,1511485200
0.992,15,Nov 25 2017 01: +0,1511571600
0.911,17,Nov 26 2017 01: +0,1511658000
0.872,74,Nov 27 2017 01: +0,1511744400
0.913,30,Nov 28 2017 01: +0,1511830800
0.925,25,Nov 29 2017 01: +0,1511917200
0.921,26,Nov 30 2017 01: +0,1512003600
0.922,70,Dec 01 2017 01: +0,1512090000
0.996,147,Dec 02 2017 01: +0,1512176400
1.001,76,Dec 03 2017 01: +0,1512262800
0.917,31,Dec 04 2017 01: +0,1512349200
0.993,35,Dec 05 2017 01: +0,1512435600
0.987,46,Dec 06 2017 01: +0,1512522000
1.02,36,Dec 07 2017 01: +0,1512608400
1.052,61,Dec 08 2017 01: +0,1512694800
1.075,33,Dec 09 2017 01: +0,1512781200
1.087,44,Dec 10 2017 01: +0,1512867600
1.115,7,Dec 11 2017 01: +0,1512954000
1.071,20,Dec 12 2017 01: +0,1513040400
1.067,28,Dec 13 2017 01: +0,1513126800
1.05,17,Dec 14 2017 01: +0,1513213200
1.052,54,Dec 15 2017 01: +0,1513299600
1.072,31,Dec 16 2017 01: +0,1513386000
1.094,41,Dec 17 2017 01: +0,1513472400
1.041,27,Dec 18 2017 01: +0,1513558800
1.031,24,Dec 19 2017 01: +0,1513645200
1.019,20,Dec 20 2017 01: +0,1513731600
1.051,11,Dec 21 2017 01: +0,1513818000
1.019,11,Dec 22 2017 01: +0,1513904400
1.007,23,Dec 23 2017 01: +0,1513990800
1.009,44,Dec 24 2017 01: +0,1514077200
1.003,58,Dec 25 2017 01: +0,1514163600
1.026,76,Dec 26 2017 01: +0,1514250000
1.003,57,Dec 27 2017 01: +0,1514336400
1.015,63,Dec 28 2017 01: +0,1514422800
1.007,46,Dec 29 2017 01: +0,1514509200
1.098,142,Dec 30 2017 01: +0,1514595600
1.089,31,Dec 31 2017 01: +0,1514682000
1.076,25,Jan 01 2018 01: +0,1514768400
1.045,22,Jan 02 2018 01: +0,1514854800
1.007,22,Jan 03 2018 01: +0,1514941200
1.037,43,Jan 04 2018 01: +0,1515027600
1.071,43,Jan 05 2018 01: +0,1515114000
1.075,46,Jan 06 2018 01: +0,1515200400
1.136,37,Jan 07 2018 01: +0,1515286800
1.176,39,Jan 08 2018 01: +0,1515373200
1.186,50,Jan 09 2018 01: +0,1515459600
1.129,45,Jan 10 2018 01: +0,1515546000
1.1,120,Jan 11 2018 01: +0,1515632400
1.076,50,Jan 12 2018 01: +0,1515718800
1.094,51,Jan 13 2018 01: +0,1515805200
1.069,55,Jan 14 2018 01: +0,1515891600
1.072,50,Jan 15 2018 01: +0,1515978000
1.075,73,Jan 16 2018 01: +0,1516064400
1.085,45,Jan 17 2018 01: +0,1516150800
1.092,97,Jan 18 2018 01: +0,1516237200
1.096,103,Jan 19 2018 01: +0,1516323600
1.1,90,Jan 20 2018 01: +0,1516410000
1.106,60,Jan 21 2018 01: +0,1516496400
1.108,54,Jan 22 2018 01: +0,1516582800
1.115,68,Jan 23 2018 01: +0,1516669200
1.119,76,Jan 24 2018 01: +0,1516755600
1.119,179,Jan 25 2018 01: +0,1516842000
1.109,92,Jan 26 2018 01: +0,1516928400
1.107,24,Jan 27 2018 01: +0,1517014800
1.088,28,Jan 28 2018 01: +0,1517101200
1.089,15,Jan 29 2018 01: +0,1517187600
1.1,21,Jan 30 2018 01: +0,1517274000
1.096,33,Jan 31 2018 01: +0,1517360400
1.121,14,Feb 01 2018 01: +0,1517446800
1.117,34,Feb 02 2018 01: +0,1517533200
1.114,35,Feb 03 2018 01: +0,1517619600
1.111,79,Feb 04 2018 01: +0,1517706000
1.107,52,Feb 05 2018 01: +0,1517792400
1.126,41,Feb 06 2018 01: +0,1517878800
1.112,42,Feb 07 2018 01: +0,1517965200
1.081,25,Feb 08 2018 01: +0,1518051600
1.095,39,Feb 09 2018 01: +0,1518138000
1.097,39,Feb 10 2018 01: +0,1518224400
1.105,63,Feb 11 2018 01: +0,1518310800
1.106,82,Feb 12 2018 01: +0,1518397200
1.099,51,Feb 13 2018 01: +0,1518483600
1.101,92,Feb 14 2018 01: +0,1518570000
1.101,96,Feb 15 2018 01: +0,1518656400
1.093,56,Feb 16 2018 01: +0,1518742800
1.107,45,Feb 17 2018 01: +0,1518829200
1.109,49,Feb 18 2018 01: +0,1518915600
1.115,72,Feb 19 2018 01: +0,1519002000
1.118,41,Feb 20 2018 01: +0,1519088400
1.106,36,Feb 21 2018 01: +0,1519174800
1.084,16,Feb 22 2018 01: +0,1519261200
1.079,79,Feb 23 2018 01: +0,1519347600
1.095,22,Feb 24 2018 01: +0,1519434000
1.095,58,Feb 25 2018 01: +0,1519520400
1.089,7,Feb 26 2018 01: +0,1519606800
1.083,44,Feb 27 2018 01: +0,1519693200
1.093,32,Feb 28 2018 01: +0,1519779600
1.088,70,Mar 01 2018 01: +0,1519866000
1.083,69,Mar 02 2018 01: +0,1519952400
1.091,76,Mar 03 2018 01: +0,1520038800
1.089,47,Mar 04 2018 01: +0,1520125200
1.093,100,Mar 05 2018 01: +0,1520211600
1.133,64,Mar 06 2018 01: +0,1520298000
1.147,26,Mar 07 2018 01: +0,1520384400
1.176,26,Mar 08 2018 01: +0,1520470800
1.182,77,Mar 09 2018 01: +0,1520557200
1.229,58,Mar 10 2018 01: +0,1520643600
1.209,39,Mar 11 2018 01: +0,1520730000
1.246,21,Mar 12 2018 01: +0,1520816400
1.323,20,Mar 13 2018 01: +0,1520902800
1.315,6,Mar 14 2018 01: +0,1520989200
1.284,9,Mar 15 2018 01: +0,1521075600
1.244,13,Mar 16 2018 01: +0,1521162000
1.357,15,Mar 17 2018 01: +0,1521248400
1.492,11,Mar 18 2018 01: +0,1521334800
1.565,40,Mar 19 2018 01: +0,1521421200
1.505,20,Mar 20 2018 01: +0,1521507600
1.487,5,Mar 21 2018 01: +0,1521594000
1.482,9,Mar 22 2018 01: +0,1521680400
1.437,7,Mar 23 2018 01: +0,1521766800
1.332,12,Mar 24 2018 01: +0,1521853200
1.274,22,Mar 25 2018 01: +0,1521939600
1.298,12,Mar 26 2018 01: +0,1522022400
1.26,24,Mar 27 2018 01: +0,1522108800
1.241,17,Mar 28 2018 01: +0,1522195200
1.219,11,Mar 29 2018 01: +0,1522281600
1.193,23,Mar 30 2018 01: +0,1522368000
1.19,21,Mar 31 2018 01: +0,1522454400
1.159,17,Apr 01 2018 01: +0,1522540800
1.188,45,Apr 02 2018 01: +0,1522627200
1.175,24,Apr 03 2018 01: +0,1522713600
1.211,21,Apr 04 2018 01: +0,1522800000
1.226,17,Apr 05 2018 01: +0,1522886400
1.257,21,Apr 06 2018 01: +0,1522972800
1.328,23,Apr 07 2018 01: +0,1523059200
1.296,17,Apr 08 2018 01: +0,1523145600
1.288,21,Apr 09 2018 01: +0,1523232000
1.227,25,Apr 10 2018 01: +0,1523318400
1.242,23,Apr 11 2018 01: +0,1523404800
1.239,37,Apr 12 2018 01: +0,1523491200
1.332,30,Apr 13 2018 01: +0,1523577600
1.332,18,Apr 14 2018 01: +0,1523664000
1.295,17,Apr 15 2018 01: +0,1523750400
1.339,20,Apr 16 2018 01: +0,1523836800
1.341,12,Apr 17 2018 01: +0,1523923200
1.34,11,Apr 18 2018 01: +0,1524009600
1.303,9,Apr 19 2018 01: +0,1524096000
1.286,19,Apr 20 2018 01: +0,1524182400
1.318,28,Apr 21 2018 01: +0,1524268800
1.302,28,Apr 22 2018 01: +0,1524355200
1.34,33,Apr 23 2018 01: +0,1524441600
1.365,42,Apr 24 2018 01: +0,1524528000
1.401,21,Apr 25 2018 01: +0,1524614400
1.411,16,Apr 26 2018 01: +0,1524700800
1.403,33,Apr 27 2018 01: +0,1524787200
1.47,24,Apr 28 2018 01: +0,1524873600
1.474,16,Apr 29 2018 01: +0,1524960000
1.35,50,Apr 30 2018 01: +0,1525046400
1.329,36,May 01 2018 01: +0,1525132800
1.459,64,May 02 2018 01: +0,1525219200
1.496,58,May 03 2018 01: +0,1525305600
1.477,10,May 04 2018 01: +0,1525392000
1.453,35,May 05 2018 01: +0,1525478400
1.492,10,May 06 2018 01: +0,1525564800
1.426,22,May 07 2018 01: +0,1525651200
1.379,39,May 08 2018 01: +0,1525737600
1.341,16,May 09 2018 01: +0,1525824000
1.31,12,May 10 2018 01: +0,1525910400
1.37,29,May 11 2018 01: +0,1525996800
1.399,8,May 12 2018 01: +0,1526083200
1.366,10,May 13 2018 01: +0,1526169600
1.374,18,May 14 2018 01: +0,1526256000
1.388,72,May 15 2018 01: +0,1526342400
1.321,7,May 16 2018 01: +0,1526428800
1.252,17,May 17 2018 01: +0,1526515200
1.261,47,May 18 2018 01: +0,1526601600
1.352,13,May 19 2018 01: +0,1526688000
1.345,17,May 20 2018 01: +0,1526774400
1.342,10,May 21 2018 01: +0,1526860800
1.308,13,May 22 2018 01: +0,1526947200
1.373,10,May 23 2018 01: +0,1527033600
1.361,21,May 24 2018 01: +0,1527120000
1.369,9,May 25 2018 01: +0,1527206400
1.327,40,May 26 2018 01: +0,1527292800
1.295,12,May 27 2018 01: +0,1527379200
1.259,25,May 28 2018 01: +0,1527465600
1.265,8,May 29 2018 01: +0,1527552000
1.267,30,May 30 2018 01: +0,1527638400
1.288,54,May 31 2018 01: +0,1527724800
1.289,34,Jun 01 2018 01: +0,1527811200
1.346,49,Jun 02 2018 01: +0,1527897600
1.298,73,Jun 03 2018 01: +0,1527984000
1.361,10,Jun 04 2018 01: +0,1528070400
1.327,12,Jun 05 2018 01: +0,1528156800
1.328,25,Jun 06 2018 01: +0,1528243200
1.333,26,Jun 07 2018 01: +0,1528329600
1.369,29,Jun 08 2018 01: +0,1528416000
1.255,26,Jun 09 2018 01: +0,1528502400
1.309,13,Jun 10 2018 01: +0,1528588800
1.278,16,Jun 11 2018 01: +0,1528675200
1.182,20,Jun 12 2018 01: +0,1528761600
1.152,39,Jun 13 2018 01: +0,1528848000
1.135,20,Jun 14 2018 01: +0,1528934400
1.155,12,Jun 15 2018 01: +0,1529020800
1.149,10,Jun 16 2018 01: +0,1529107200
1.143,21,Jun 17 2018 01: +0,1529193600
1.147,45,Jun 18 2018 01: +0,1529280000
1.21,45,Jun 19 2018 01: +0,1529366400
1.297,23,Jun 20 2018 01: +0,1529452800
1.264,30,Jun 21 2018 01: +0,1529539200
1.214,15,Jun 22 2018 01: +0,1529625600
1.109,12,Jun 23 2018 01: +0,1529712000
1.063,9,Jun 24 2018 01: +0,1529798400
1.093,20,Jun 25 2018 01: +0,1529884800
1.045,150,Jun 26 2018 01: +0,1529971200
1.002,55,Jun 27 2018 01: +0,1530057600
1.029,60,Jun 28 2018 01: +0,1530144000
1.032,30,Jun 29 2018 01: +0,1530230400
1.033,18,Jun 30 2018 01: +0,1530316800
1.043,63,Jul 01 2018 01: +0,1530403200
1.081,40,Jul 02 2018 01: +0,1530489600
1.129,27,Jul 03 2018 01: +0,1530576000
1.134,69,Jul 04 2018 01: +0,1530662400
1.136,19,Jul 05 2018 01: +0,1530748800
1.2,9,Jul 06 2018 01: +0,1530835200
1.279,12,Jul 07 2018 01: +0,1530921600
1.27,17,Jul 08 2018 01: +0,1531008000
1.296,17,Jul 09 2018 01: +0,1531094400
1.289,27,Jul 10 2018 01: +0,1531180800
1.316,42,Jul 11 2018 01: +0,1531267200
1.31,27,Jul 12 2018 01: +0,1531353600
1.314,18,Jul 13 2018 01: +0,1531440000
1.283,17,Jul 14 2018 01: +0,1531526400
1.308,20,Jul 15 2018 01: +0,1531612800
1.304,30,Jul 16 2018 01: +0,1531699200
1.329,56,Jul 17 2018 01: +0,1531785600
1.332,48,Jul 18 2018 01: +0,1531872000
1.355,4,Jul 19 2018 01: +0,1531958400
1.356,33,Jul 20 2018 01: +0,1532044800
1.362,20,Jul 21 2018 01: +0,1532131200
1.373,23,Jul 22 2018 01: +0,1532217600
1.374,31,Jul 23 2018 01: +0,1532304000
1.314,30,Jul 24 2018 01: +0,1532390400
1.349,14,Jul 25 2018 01: +0,1532476800
1.268,25,Jul 26 2018 01: +0,1532563200
1.313,17,Jul 27 2018 01: +0,1532649600
1.34,27,Jul 28 2018 01: +0,1532736000
1.36,13,Jul 29 2018 01: +0,1532822400
1.361,19,Jul 30 2018 01: +0,1532908800
1.382,35,Jul 31 2018 01: +0,1532995200
1.428,57,Aug 01 2018 01: +0,1533081600
1.464,4,Aug 02 2018 01: +0,1533168000
1.433,16,Aug 03 2018 01: +0,1533254400
1.438,11,Aug 04 2018 01: +0,1533340800
1.445,33,Aug 05 2018 01: +0,1533427200
1.46,15,Aug 06 2018 01: +0,1533513600
1.381,37,Aug 07 2018 01: +0,1533600000
1.377,16,Aug 08 2018 01: +0,1533686400
1.382,33,Aug 09 2018 01: +0,1533772800
1.388,39,Aug 10 2018 01: +0,1533859200
1.363,12,Aug 11 2018 01: +0,1533945600
1.33,17,Aug 12 2018 01: +0,1534032000
1.337,17,Aug 13 2018 01: +0,1534118400
1.352,22,Aug 14 2018 01: +0,1534204800
1.334,158,Aug 15 2018 01: +0,1534291200
1.44,48,Aug 16 2018 01: +0,1534377600
1.447,17,Aug 17 2018 01: +0,1534464000
1.462,22,Aug 18 2018 01: +0,1534550400
1.462,14,Aug 19 2018 01: +0,1534636800
1.537,61,Aug 20 2018 01: +0,1534723200
1.664,34,Aug 21 2018 01: +0,1534809600
1.694,4,Aug 22 2018 01: +0,1534896000
1.658,14,Aug 23 2018 01: +0,1534982400
1.766,13,Aug 24 2018 01: +0,1535068800
1.683,18,Aug 25 2018 01: +0,1535155200
1.762,44,Aug 26 2018 01: +0,1535241600
1.614,18,Aug 27 2018 01: +0,1535328000
1.589,17,Aug 28 2018 01: +0,1535414400
1.463,22,Aug 29 2018 01: +0,1535500800
1.489,84,Aug 30 2018 01: +0,1535587200
1.479,16,Aug 31 2018 01: +0,1535673600
1.581,24,Sep 01 2018 01: +0,1535760000
1.68,5,Sep 02 2018 01: +0,1535846400
1.667,8,Sep 03 2018 01: +0,1535932800
1.755,3,Sep 04 2018 01: +0,1536019200
1.596,18,Sep 05 2018 01: +0,1536105600
1.669,4,Sep 06 2018 01: +0,1536192000
1.648,13,Sep 07 2018 01: +0,1536278400
1.679,14,Sep 08 2018 01: +0,1536364800
1.611,7,Sep 09 2018 01: +0,1536451200
1.734,9,Sep 10 2018 01: +0,1536537600
1.709,1,Sep 11 2018 01: +0,1536624000
1.7,11,Sep 12 2018 01: +0,1536710400
1.709,17,Sep 13 2018 01: +0,1536796800
1.785,15,Sep 14 2018 01: +0,1536883200
1.782,6,Sep 15 2018 01: +0,1536969600
1.705,6,Sep 16 2018 01: +0,1537056000
1.675,10,Sep 17 2018 01: +0,1537142400
1.751,5,Sep 18 2018 01: +0,1537228800
1.592,20,Sep 19 2018 01: +0,1537315200
1.721,1,Sep 20 2018 01: +0,1537401600
1.76,30,Sep 21 2018 01: +0,1537488000
1.697,58,Sep 22 2018 01: +0,1537574400
1.568,12,Sep 23 2018 01: +0,1537660800
1.568,23,Sep 24 2018 01: +0,1537747200
1.469,4,Sep 25 2018 01: +0,1537833600
1.617,1,Sep 26 2018 01: +0,1537920000
1.523,4,Sep 27 2018 01: +0,1538006400
1.631,7,Sep 28 2018 01: +0,1538092800
1.571,11,Sep 29 2018 01: +0,1538179200
1.709,9,Sep 30 2018 01: +0,1538265600
1.669,18,Oct 01 2018 01: +0,1538352000
1.509,4,Oct 02 2018 01: +0,1538438400
1.694,11,Oct 03 2018 01: +0,1538524800
1.728,9,Oct 04 2018 01: +0,1538611200
1.635,9,Oct 05 2018 01: +0,1538697600
1.688,14,Oct 06 2018 01: +0,1538784000
1.638,15,Oct 07 2018 01: +0,1538870400
1.687,9,Oct 08 2018 01: +0,1538956800
1.711,13,Oct 09 2018 01: +0,1539043200
1.681,10,Oct 10 2018 01: +0,1539129600
1.703,23,Oct 11 2018 01: +0,1539216000
1.535,15,Oct 12 2018 01: +0,1539302400
1.658,10,Oct 13 2018 01: +0,1539388800
1.731,24,Oct 14 2018 01: +0,1539475200
1.694,6,Oct 15 2018 01: +0,1539561600
1.707,42,Oct 16 2018 01: +0,1539648000
1.765,8,Oct 17 2018 01: +0,1539734400
1.686,6,Oct 18 2018 01: +0,1539820800
1.707,9,Oct 19 2018 01: +0,1539907200
1.749,5,Oct 20 2018 01: +0,1539993600
1.704,4,Oct 21 2018 01: +0,1540080000
1.702,10,Oct 22 2018 01: +0,1540166400
1.717,18,Oct 23 2018 01: +0,1540252800
1.738,5,Oct 24 2018 01: +0,1540339200
1.734,9,Oct 25 2018 01: +0,1540425600
1.688,11,Oct 26 2018 01: +0,1540512000
1.596,7,Oct 27 2018 01: +0,1540598400
1.647,4,Oct 28 2018 01: +0,1540684800
1.641,14,Oct 29 2018 01: +0,1540774800
1.577,27,Oct 30 2018 01: +0,1540861200
1.569,39,Oct 31 2018 01: +0,1540947600
1.441,10,Nov 01 2018 01: +0,1541034000
1.596,17,Nov 02 2018 01: +0,1541120400
1.626,31,Nov 03 2018 01: +0,1541206800
1.6,16,Nov 04 2018 01: +0,1541293200
1.603,32,Nov 05 2018 01: +0,1541379600
1.7,175,Nov 06 2018 01: +0,1541466000
2.078,6,Nov 07 2018 01: +0,1541552400
1.986,12,Nov 08 2018 01: +0,1541638800
1.829,7,Nov 09 2018 01: +0,1541725200
1.924,11,Nov 10 2018 01: +0,1541811600
1.777,27,Nov 11 2018 01: +0,1541898000
1.782,22,Nov 12 2018 01: +0,1541984400
1.802,8,Nov 13 2018 01: +0,1542070800
1.713,24,Nov 14 2018 01: +0,1542157200
1.905,2,Nov 15 2018 01: +0,1542243600
1.923,8,Nov 16 2018 01: +0,1542330000
1.854,12,Nov 17 2018 01: +0,1542416400
1.885,10,Nov 18 2018 01: +0,1542502800
1.908,34,Nov 19 2018 01: +0,1542589200
1.683,7,Nov 20 2018 01: +0,1542675600
1.803,4,Nov 21 2018 01: +0,1542762000
1.71,8,Nov 22 2018 01: +0,1542848400
1.587,29,Nov 23 2018 01: +0,1542934800
1.637,9,Nov 24 2018 01: +0,1543021200
1.603,20,Nov 25 2018 01: +0,1543107600
1.678,5,Nov 26 2018 01: +0,1543194000
1.544,14,Nov 27 2018 01: +0,1543280400
1.618,9,Nov 28 2018 01: +0,1543366800
1.652,34,Nov 29 2018 01: +0,1543453200
1.759,4,Nov 30 2018 01: +0,1543539600
1.743,5,Dec 01 2018 01: +0,1543626000
1.683,5,Dec 02 2018 01: +0,1543712400
1.692,16,Dec 03 2018 01: +0,1543798800
1.703,10,Dec 04 2018 01: +0,1543885200
1.742,8,Dec 05 2018 01: +0,1543971600
1.697,8,Dec 06 2018 01: +0,1544058000
1.621,12,Dec 07 2018 01: +0,1544144400
1.61,32,Dec 08 2018 01: +0,1544230800
1.658,16,Dec 09 2018 01: +0,1544317200
1.615,12,Dec 10 2018 01: +0,1544403600
1.623,26,Dec 11 2018 01: +0,1544490000
1.593,8,Dec 12 2018 01: +0,1544576400
1.682,28,Dec 13 2018 01: +0,1544662800
1.716,21,Dec 14 2018 01: +0,1544749200
1.724,26,Dec 15 2018 01: +0,1544835600
1.775,39,Dec 16 2018 01: +0,1544922000
1.753,7,Dec 17 2018 01: +0,1545008400
1.764,14,Dec 18 2018 01: +0,1545094800
1.776,10,Dec 19 2018 01: +0,1545181200
1.682,6,Dec 20 2018 01: +0,1545267600
1.696,24,Dec 21 2018 01: +0,1545354000
1.655,36,Dec 22 2018 01: +0,1545440400
1.63,21,Dec 23 2018 01: +0,1545526800
1.762,42,Dec 24 2018 01: +0,1545613200
1.69,7,Dec 25 2018 01: +0,1545699600
1.674,26,Dec 26 2018 01: +0,1545786000
1.682,17,Dec 27 2018 01: +0,1545872400
1.675,9,Dec 28 2018 01: +0,1545958800
1.729,71,Dec 29 2018 01: +0,1546045200
1.9,3,Dec 30 2018 01: +0,1546131600
1.913,12,Dec 31 2018 01: +0,1546218000
1.886,4,Jan 01 2019 01: +0,1546304400
1.928,1,Jan 02 2019 01: +0,1546390800
1.789,8,Jan 03 2019 01: +0,1546477200
1.835,13,Jan 04 2019 01: +0,1546563600
1.801,17,Jan 05 2019 01: +0,1546650000
1.777,5,Jan 06 2019 01: +0,1546736400
1.853,6,Jan 07 2019 01: +0,1546822800
1.826,9,Jan 08 2019 01: +0,1546909200
1.875,17,Jan 09 2019 01: +0,1546995600
1.877,20,Jan 10 2019 01: +0,1547082000
1.925,53,Jan 11 2019 01: +0,1547168400
1.857,10,Jan 12 2019 01: +0,1547254800
1.801,8,Jan 13 2019 01: +0,1547341200
1.905,13,Jan 14 2019 01: +0,1547427600
1.901,6,Jan 15 2019 01: +0,1547514000
1.905,12,Jan 16 2019 01: +0,1547600400
1.889,15,Jan 17 2019 01: +0,1547686800
1.926,8,Jan 18 2019 01: +0,1547773200
1.773,10,Jan 19 2019 01: +0,1547859600
1.759,40,Jan 20 2019 01: +0,1547946000
1.801,17,Jan 21 2019 01: +0,1548032400
1.79,4,Jan 22 2019 01: +0,1548118800
1.842,20,Jan 23 2019 01: +0,1548205200
1.93,20,Jan 24 2019 01: +0,1548291600
1.93,5,Jan 25 2019 01: +0,1548378000
1.925,35,Jan 26 2019 01: +0,1548464400
1.914,32,Jan 27 2019 01: +0,1548550800
1.891,60,Jan 28 2019 01: +0,1548637200
1.897,19,Jan 29 2019 01: +0,1548723600
1.922,26,Jan 30 2019 01: +0,1548810000
1.976,17,Jan 31 2019 01: +0,1548896400
1.899,12,Feb 01 2019 01: +0,1548982800
1.974,11,Feb 02 2019 01: +0,1549069200
1.964,7,Feb 03 2019 01: +0,1549155600
1.951,34,Feb 04 2019 01: +0,1549242000
1.943,19,Feb 05 2019 01: +0,1549328400
1.941,37,Feb 06 2019 01: +0,1549414800
1.894,5,Feb 07 2019 01: +0,1549501200
1.881,25,Feb 08 2019 01: +0,1549587600
1.803,25,Feb 09 2019 01: +0,1549674000
1.79,19,Feb 10 2019 01: +0,1549760400
1.882,13,Feb 11 2019 01: +0,1549846800
1.945,6,Feb 12 2019 01: +0,1549933200
1.91,13,Feb 13 2019 01: +0,1550019600
1.82,31,Feb 14 2019 01: +0,1550106000
1.945,9,Feb 15 2019 01: +0,1550192400
1.962,13,Feb 16 2019 01: +0,1550278800
1.975,4,Feb 17 2019 01: +0,1550365200
1.873,10,Feb 18 2019 01: +0,1550451600
1.951,25,Feb 19 2019 01: +0,1550538000
1.976,12,Feb 20 2019 01: +0,1550624400
1.958,13,Feb 21 2019 01: +0,1550710800
2.004,12,Feb 22 2019 01: +0,1550797200
2.02,44,Feb 23 2019 01: +0,1550883600
2.066,6,Feb 24 2019 01: +0,1550970000
2.038,7,Feb 25 2019 01: +0,1551056400
2.046,18,Feb 26 2019 01: +0,1551142800
2.116,14,Feb 27 2019 01: +0,1551229200
2.106,2,Feb 28 2019 01: +0,1551315600
2.146,22,Mar 01 2019 01: +0,1551402000
2.023,13,Mar 02 2019 01: +0,1551488400
1.881,15,Mar 03 2019 01: +0,1551574800
2.009,11,Mar 04 2019 01: +0,1551661200
2.096,10,Mar 05 2019 01: +0,1551747600
1.98,4,Mar 06 2019 01: +0,1551834000
1.939,12,Mar 07 2019 01: +0,1551920400
2.033,1,Mar 08 2019 01: +0,1552006800
2.033,5,Mar 09 2019 01: +0,1552093200
2.077,3,Mar 10 2019 01: +0,1552179600
2.025,5,Mar 11 2019 01: +0,1552266000
1.946,10,Mar 12 2019 01: +0,1552352400
2.03,8,Mar 13 2019 01: +0,1552438800
1.967,8,Mar 14 2019 01: +0,1552525200
1.997,24,Mar 15 2019 01: +0,1552611600
2.045,14,Mar 16 2019 01: +0,1552698000
2.057,14,Mar 17 2019 01: +0,1552784400
2.078,4,Mar 18 2019 01: +0,1552870800
2.072,7,Mar 19 2019 01: +0,1552957200
2.089,18,Mar 20 2019 01: +0,1553043600
2.082,3,Mar 21 2019 01: +0,1553130000
2.157,39,Mar 22 2019 01: +0,1553216400
2.173,12,Mar 23 2019 01: +0,1553302800
2.173,15,Mar 24 2019 01: +0,1553389200
2.241,15,Mar 25 2019 01: +0,1553475600
2.337,13,Mar 26 2019 01: +0,1553562000
2.286,8,Mar 27 2019 01: +0,1553648400
2.256,9,Mar 28 2019 01: +0,1553734800
2.248,16,Mar 29 2019 01: +0,1553821200
2.27,14,Mar 30 2019 01: +0,1553907600
2.282,44,Mar 31 2019 01: +0,1553994000
2.391,1,Apr 01 2019 01: +0,1554076800
2.38,26,Apr 02 2019 01: +0,1554163200
2.351,34,Apr 03 2019 01: +0,1554249600
2.248,2,Apr 04 2019 01: +0,1554336000
2.334,6,Apr 05 2019 01: +0,1554422400
2.358,2,Apr 06 2019 01: +0,1554508800
2.12,20,Apr 07 2019 01: +0,1554595200
2.26,20,Apr 08 2019 01: +0,1554681600
2.244,15,Apr 09 2019 01: +0,1554768000
2.27,19,Apr 10 2019 01: +0,1554854400
2.305,90,Apr 11 2019 01: +0,1554940800
2.325,39,Apr 12 2019 01: +0,1555027200
2.329,7,Apr 13 2019 01: +0,1555113600
2.409,8,Apr 14 2019 01: +0,1555200000
2.35,12,Apr 15 2019 01: +0,1555286400
2.337,4,Apr 16 2019 01: +0,1555372800
2.465,22,Apr 17 2019 01: +0,1555459200
2.758,24,Apr 18 2019 01: +0,1555545600
2.674,5,Apr 19 2019 01: +0,1555632000
2.817,8,Apr 20 2019 01: +0,1555718400
2.823,1,Apr 21 2019 01: +0,1555804800
2.681,6,Apr 22 2019 01: +0,1555891200
2.641,2,Apr 23 2019 01: +0,1555977600
2.667,5,Apr 24 2019 01: +0,1556064000
2.642,16,Apr 25 2019 01: +0,1556150400
2.547,13,Apr 26 2019 01: +0,1556236800
2.502,26,Apr 27 2019 01: +0,1556323200
2.469,5,Apr 28 2019 01: +0,1556409600
2.629,13,Apr 29 2019 01: +0,1556496000
2.63,3,Apr 30 2019 01: +0,1556582400
2.481,12,May 01 2019 01: +0,1556668800
2.504,10,May 02 2019 01: +0,1556755200
2.535,11,May 03 2019 01: +0,1556841600
2.517,9,May 04 2019 01: +0,1556928000
2.536,27,May 05 2019 01: +0,1557014400
2.575,21,May 06 2019 01: +0,1557100800
2.565,23,May 07 2019 01: +0,1557187200
2.438,25,May 08 2019 01: +0,1557273600
2.383,17,May 09 2019 01: +0,1557360000
2.452,19,May 10 2019 01: +0,1557446400
2.476,11,May 11 2019 01: +0,1557532800
2.535,9,May 12 2019 01: +0,1557619200
2.692,14,May 13 2019 01: +0,1557705600
2.567,15,May 14 2019 01: +0,1557792000
2.667,3,May 15 2019 01: +0,1557878400
2.635,9,May 16 2019 01: +0,1557964800
2.63,16,May 17 2019 01: +0,1558051200
2.617,3,May 18 2019 01: +0,1558137600
2.621,11,May 19 2019 01: +0,1558224000
2.616,57,May 20 2019 01: +0,1558310400
2.7,11,May 21 2019 01: +0,1558396800
2.755,80,May 22 2019 01: +0,1558483200
3.323,73,May 23 2019 01: +0,1558569600
3.154,25,May 24 2019 01: +0,1558656000
3.148,14,May 25 2019 01: +0,1558742400
3.145,20,May 26 2019 01: +0,1558828800
3.234,38,May 27 2019 01: +0,1558915200
3.282,4,May 28 2019 01: +0,1559001600
2.854,21,May 29 2019 01: +0,1559088000
3.021,19,May 30 2019 01: +0,1559174400
3.018,12,May 31 2019 01: +0,1559260800
2.942,19,Jun 01 2019 01: +0,1559347200
3.065,25,Jun 02 2019 01: +0,1559433600
3.214,12,Jun 03 2019 01: +0,1559520000
3.234,66,Jun 04 2019 01: +0,1559606400
3.401,36,Jun 05 2019 01: +0,1559692800
3.648,12,Jun 06 2019 01: +0,1559779200
3.755,11,Jun 07 2019 01: +0,1559865600
3.731,8,Jun 08 2019 01: +0,1559952000
3.578,3,Jun 09 2019 01: +0,1560038400
3.314,12,Jun 10 2019 01: +0,1560124800
3.542,10,Jun 11 2019 01: +0,1560211200
3.103,13,Jun 12 2019 01: +0,1560297600
3.513,14,Jun 13 2019 01: +0,1560384000
3.631,4,Jun 14 2019 01: +0,1560470400
3.513,6,Jun 15 2019 01: +0,1560556800
3.587,24,Jun 16 2019 01: +0,1560643200
3.452,4,Jun 17 2019 01: +0,1560729600
3.412,25,Jun 18 2019 01: +0,1560816000
3.471,7,Jun 19 2019 01: +0,1560902400
3.55,7,Jun 20 2019 01: +0,1560988800
3.565,24,Jun 21 2019 01: +0,1561075200
3.605,17,Jun 22 2019 01: +0,1561161600
3.89,44,Jun 23 2019 01: +0,1561248000
4.105,13,Jun 24 2019 01: +0,1561334400
4.086,19,Jun 25 2019 01: +0,1561420800
3.973,38,Jun 26 2019 01: +0,1561507200
4.056,13,Jun 27 2019 01: +0,1561593600
3.843,16,Jun 28 2019 01: +0,1561680000
3.563,13,Jun 29 2019 01: +0,1561766400
3.401,6,Jun 30 2019 01: +0,1561852800
3.448,17,Jul 01 2019 01: +0,1561939200
3.424,6,Jul 02 2019 01: +0,1562025600
3.355,7,Jul 03 2019 01: +0,1562112000
3.606,15,Jul 04 2019 01: +0,1562198400
3.871,18,Jul 06 2019 01: +0,1562371200
3.646,37,Jul 07 2019 01: +0,1562457600
3.815,11,Jul 08 2019 01: +0,1562544000
3.793,13,Jul 09 2019 01: +0,1562630400
3.859,8,Jul 10 2019 01: +0,1562716800
4.188,17,Jul 11 2019 01: +0,1562803200
4.22,8,Jul 12 2019 01: +0,1562889600
4.389,30,Jul 13 2019 01: +0,1562976000
4.234,9,Jul 14 2019 01: +0,1563062400
4.341,3,Jul 15 2019 01: +0,1563148800
4.105,7,Jul 16 2019 01: +0,1563235200
3.966,4,Jul 17 2019 01: +0,1563321600
4.119,17,Jul 18 2019 01: +0,1563408000
4.237,2,Jul 19 2019 01: +0,1563494400
4.062,13,Jul 20 2019 01: +0,1563580800
4.002,8,Jul 21 2019 01: +0,1563667200
4.068,14,Jul 22 2019 01: +0,1563753600
4.247,6,Jul 23 2019 01: +0,1563840000
3.94,10,Jul 24 2019 01: +0,1563926400
4.222,7,Jul 25 2019 01: +0,1564012800
4.245,12,Jul 26 2019 01: +0,1564099200
4.275,55,Jul 27 2019 01: +0,1564185600
4.401,7,Jul 28 2019 01: +0,1564272000
4.325,5,Jul 29 2019 01: +0,1564358400
4.119,12,Jul 30 2019 01: +0,1564444800
4.194,3,Jul 31 2019 01: +0,1564531200
4.262,20,Aug 01 2019 01: +0,1564617600
4.507,7,Aug 02 2019 01: +0,1564704000
5.012,68,Aug 03 2019 01: +0,1564790400
6.286,14,Aug 04 2019 01: +0,1564876800
6.255,19,Aug 05 2019 01: +0,1564963200
6.664,40,Aug 06 2019 01: +0,1565049600
6.689,15,Aug 07 2019 01: +0,1565136000
6.165,11,Aug 08 2019 01: +0,1565222400
5.666,18,Aug 09 2019 01: +0,1565308800
5.385,17,Aug 10 2019 01: +0,1565395200
5.536,22,Aug 11 2019 01: +0,1565481600
6.029,14,Aug 12 2019 01: +0,1565568000
6.461,2,Aug 13 2019 01: +0,1565654400
5.226,31,Aug 14 2019 01: +0,1565740800
5.674,1,Aug 15 2019 01: +0,1565827200
5.548,19,Aug 16 2019 01: +0,1565913600
5.467,7,Aug 17 2019 01: +0,1566000000
5.002,5,Aug 18 2019 01: +0,1566086400
4.643,11,Aug 19 2019 01: +0,1566172800
4.766,5,Aug 20 2019 01: +0,1566259200
4.773,8,Aug 21 2019 01: +0,1566345600
4.387,27,Aug 22 2019 01: +0,1566432000
4.239,11,Aug 23 2019 01: +0,1566518400
4.366,8,Aug 24 2019 01: +0,1566604800
4.086,3,Aug 25 2019 01: +0,1566691200
4.109,37,Aug 26 2019 01: +0,1566777600
4.227,23,Aug 27 2019 01: +0,1566864000
4.468,22,Aug 28 2019 01: +0,1566950400
4.521,9,Aug 29 2019 01: +0,1567036800
4.443,24,Aug 30 2019 01: +0,1567123200
4.824,6,Aug 31 2019 01: +0,1567209600
4.645,1,Sep 01 2019 01: +0,1567296000
4.645,22,Sep 02 2019 01: +0,1567382400
4.604,4,Sep 03 2019 01: +0,1567468800
4.55,11,Sep 04 2019 01: +0,1567555200
4.538,4,Sep 05 2019 01: +0,1567641600
4.55,12,Sep 06 2019 01: +0,1567728000
4.607,64,Sep 07 2019 01: +0,1567814400
4.516,13,Sep 08 2019 01: +0,1567900800
4.572,6,Sep 09 2019 01: +0,1567987200
4.475,18,Sep 10 2019 01: +0,1568073600
4.615,18,Sep 11 2019 01: +0,1568160000
4.623,6,Sep 12 2019 01: +0,1568246400
4.546,2,Sep 13 2019 01: +0,1568332800
4.518,5,Sep 14 2019 01: +0,1568419200
4.657,12,Sep 15 2019 01: +0,1568505600
4.473,11,Sep 16 2019 01: +0,1568592000
4.634,3,Sep 17 2019 01: +0,1568678400
4.639,4,Sep 18 2019 01: +0,1568764800
4.365,6,Sep 19 2019 01: +0,1568851200
4.075,2,Sep 20 2019 01: +0,1568937600
4.215,5,Sep 21 2019 01: +0,1569024000
4.307,26,Sep 22 2019 01: +0,1569110400
4.404,3,Sep 23 2019 01: +0,1569196800
4.306,3,Sep 24 2019 01: +0,1569283200
4.28,7,Sep 25 2019 01: +0,1569369600
4.223,20,Sep 26 2019 01: +0,1569456000
4.306,14,Sep 27 2019 01: +0,1569542400
4.27,15,Sep 28 2019 01: +0,1569628800
4.402,54,Sep 29 2019 01: +0,1569715200
4.638,12,Sep 30 2019 01: +0,1569801600
4.757,101,Oct 01 2019 01: +0,1569888000
4.905,11,Oct 02 2019 01: +0,1569974400
4.999,22,Oct 03 2019 01: +0,1570060800
5.147,8,Oct 04 2019 01: +0,1570147200
5.292,23,Oct 05 2019 01: +0,1570233600
5.327,13,Oct 06 2019 01: +0,1570320000
5.596,6,Oct 07 2019 01: +0,1570406400
5.376,6,Oct 08 2019 01: +0,1570492800
5.549,9,Oct 09 2019 01: +0,1570579200
5.41,10,Oct 10 2019 01: +0,1570665600
5.283,5,Oct 11 2019 01: +0,1570752000
5.264,11,Oct 12 2019 01: +0,1570838400
5.401,30,Oct 13 2019 01: +0,1570924800
5.575,12,Oct 14 2019 01: +0,1571011200
5.541,15,Oct 15 2019 01: +0,1571097600
5.384,9,Oct 16 2019 01: +0,1571184000
5.528,23,Oct 17 2019 01: +0,1571270400
5.464,6,Oct 18 2019 01: +0,1571356800
5.012,7,Oct 19 2019 01: +0,1571443200
5.087,13,Oct 20 2019 01: +0,1571529600
5.182,9,Oct 21 2019 01: +0,1571616000
5.219,5,Oct 22 2019 01: +0,1571702400
5.322,6,Oct 23 2019 01: +0,1571788800
5.084,17,Oct 24 2019 01: +0,1571875200
5.421,12,Oct 25 2019 01: +0,1571961600
5.303,6,Oct 26 2019 01: +0,1572048000
4.921,12,Oct 27 2019 01: +0,1572134400
4.929,4,Oct 28 2019 01: +0,1572224400
4.774,9,Oct 29 2019 01: +0,1572310800
5.305,3,Oct 30 2019 01: +0,1572397200
5.297,10,Oct 31 2019 01: +0,1572483600
4.957,9,Nov 01 2019 01: +0,1572570000
5.0,3,Nov 03 2019 01: +0,1572742800
4.73,13,Nov 04 2019 01: +0,1572829200
4.706,8,Nov 05 2019 01: +0,1572915600
4.905,2,Nov 06 2019 01: +0,1573002000
4.622,18,Nov 07 2019 01: +0,1573088400
4.785,10,Nov 08 2019 01: +0,1573174800
4.732,9,Nov 09 2019 01: +0,1573261200
4.548,4,Nov 10 2019 01: +0,1573347600
4.643,18,Nov 11 2019 01: +0,1573434000
5.112,3,Nov 12 2019 01: +0,1573520400
4.842,7,Nov 13 2019 01: +0,1573606800
4.939,8,Nov 14 2019 01: +0,1573693200
4.399,6,Nov 15 2019 01: +0,1573779600
4.62,66,Nov 16 2019 01: +0,1573866000
4.769,3,Nov 17 2019 01: +0,1573952400
4.719,4,Nov 18 2019 01: +0,1574038800
3.855,22,Nov 19 2019 01: +0,1574125200
3.807,4,Nov 20 2019 01: +0,1574211600
3.947,8,Nov 21 2019 01: +0,1574298000
3.699,42,Nov 22 2019 01: +0,1574384400
3.519,8,Nov 23 2019 01: +0,1574470800
3.567,5,Nov 24 2019 01: +0,1574557200
3.471,7,Nov 25 2019 01: +0,1574643600
3.669,11,Nov 26 2019 01: +0,1574730000
3.269,12,Nov 27 2019 01: +0,1574816400
3.373,6,Nov 28 2019 01: +0,1574902800
3.597,4,Nov 29 2019 01: +0,1574989200
3.355,25,Nov 30 2019 01: +0,1575075600
3.286,12,Dec 01 2019 01: +0,1575162000
3.563,19,Dec 02 2019 01: +0,1575248400
3.802,5,Dec 03 2019 01: +0,1575334800
3.468,4,Dec 04 2019 01: +0,1575421200
3.492,3,Dec 05 2019 01: +0,1575507600
3.5,5,Dec 06 2019 01: +0,1575594000
3.497,10,Dec 07 2019 01: +0,1575680400
3.731,11,Dec 08 2019 01: +0,1575766800
3.815,13,Dec 09 2019 01: +0,1575853200
3.934,15,Dec 10 2019 01: +0,1575939600
3.94,3,Dec 11 2019 01: +0,1576026000
3.912,4,Dec 12 2019 01: +0,1576112400
3.331,16,Dec 13 2019 01: +0,1576198800
3.816,7,Dec 14 2019 01: +0,1576285200
3.692,11,Dec 15 2019 01: +0,1576371600
3.818,9,Dec 16 2019 01: +0,1576458000
3.664,2,Dec 17 2019 01: +0,1576544400
3.999,7,Dec 18 2019 01: +0,1576630800
4.144,4,Dec 19 2019 01: +0,1576717200
3.635,8,Dec 20 2019 01: +0,1576803600
3.599,9,Dec 21 2019 01: +0,1576890000
3.66,6,Dec 22 2019 01: +0,1576976400
3.388,9,Dec 23 2019 01: +0,1577062800
3.577,14,Dec 24 2019 01: +0,1577149200
3.565,10,Dec 25 2019 01: +0,1577235600
3.626,43,Dec 26 2019 01: +0,1577322000
3.59,2,Dec 27 2019 01: +0,1577408400
3.683,6,Dec 28 2019 01: +0,1577494800
3.721,15,Dec 29 2019 01: +0,1577581200
3.715,19,Dec 30 2019 01: +0,1577667600
4.087,9,Dec 31 2019 01: +0,1577754000
4.183,13,Jan 01 2020 01: +0,1577840400
4.275,6,Jan 02 2020 01: +0,1577926800
4.364,7,Jan 03 2020 01: +0,1578013200
4.536,10,Jan 04 2020 01: +0,1578099600
4.69,10,Jan 05 2020 01: +0,1578186000
4.809,5,Jan 06 2020 01: +0,1578272400
4.439,3,Jan 07 2020 01: +0,1578358800
4.79,1,Jan 08 2020 01: +0,1578445200
4.474,2,Jan 09 2020 01: +0,1578531600
4.627,4,Jan 10 2020 01: +0,1578618000
4.651,7,Jan 11 2020 01: +0,1578704400
4.513,32,Jan 12 2020 01: +0,1578790800
4.781,7,Jan 13 2020 01: +0,1578877200
4.787,22,Jan 14 2020 01: +0,1578963600
4.867,11,Jan 15 2020 01: +0,1579050000
4.779,18,Jan 16 2020 01: +0,1579136400
5.089,67,Jan 17 2020 01: +0,1579222800
4.186,21,Jan 18 2020 01: +0,1579309200
4.745,9,Jan 19 2020 01: +0,1579395600
4.977,5,Jan 20 2020 01: +0,1579482000
4.144,1,Jan 21 2020 01: +0,1579568400
4.831,6,Jan 22 2020 01: +0,1579654800
4.868,5,Jan 23 2020 01: +0,1579741200
4.564,3,Jan 24 2020 01: +0,1579827600
4.843,7,Jan 25 2020 01: +0,1579914000
4.87,13,Jan 26 2020 01: +0,1580000400
4.757,8,Jan 27 2020 01: +0,1580086800
4.665,2,Jan 28 2020 01: +0,1580173200
4.714,4,Jan 29 2020 01: +0,1580259600
4.425,4,Jan 30 2020 01: +0,1580346000
4.909,6,Jan 31 2020 01: +0,1580432400
4.696,12,Feb 01 2020 01: +0,1580518800
4.569,7,Feb 02 2020 01: +0,1580605200
4.97,8,Feb 03 2020 01: +0,1580691600
4.695,39,Feb 04 2020 01: +0,1580778000
4.53,26,Feb 05 2020 01: +0,1580864400
4.781,3,Feb 06 2020 01: +0,1580950800
4.641,6,Feb 07 2020 01: +0,1581037200
4.657,6,Feb 08 2020 01: +0,1581123600
4.359,45,Feb 09 2020 01: +0,1581210000
4.76,42,Feb 10 2020 01: +0,1581296400
4.655,17,Feb 11 2020 01: +0,1581382800
4.623,21,Feb 12 2020 01: +0,1581469200
4.832,8,Feb 13 2020 01: +0,1581555600
5.166,43,Feb 14 2020 01: +0,1581642000
4.959,42,Feb 15 2020 01: +0,1581728400
5.208,22,Feb 16 2020 01: +0,1581814800
5.348,9,Feb 17 2020 01: +0,1581901200
5.29,7,Feb 18 2020 01: +0,1581987600
5.33,27,Feb 19 2020 01: +0,1582074000
5.35,30,Feb 20 2020 01: +0,1582160400
5.342,42,Feb 21 2020 01: +0,1582246800
5.732,30,Feb 22 2020 01: +0,1582333200
6.031,4,Feb 23 2020 01: +0,1582419600
5.593,6,Feb 24 2020 01: +0,1582506000
5.149,6,Feb 25 2020 01: +0,1582592400
4.566,1,Feb 26 2020 01: +0,1582678800
5.599,4,Feb 27 2020 01: +0,1582765200
4.922,1,Feb 28 2020 01: +0,1582851600
5.007,18,Feb 29 2020 01: +0,1582938000
5.019,14,Mar 01 2020 01: +0,1583024400
5.035,5,Mar 02 2020 01: +0,1583110800
5.121,12,Mar 03 2020 01: +0,1583197200
5.269,33,Mar 04 2020 01: +0,1583283600
5.21,8,Mar 05 2020 01: +0,1583370000
6.039,90,Mar 06 2020 01: +0,1583456400
5.925,8,Mar 08 2020 01: +0,1583629200
5.902,2,Mar 09 2020 01: +0,1583715600
5.819,8,Mar 10 2020 01: +0,1583802000
6.609,3,Mar 11 2020 01: +0,1583888400
6.123,7,Mar 12 2020 01: +0,1583974800
5.785,2,Mar 14 2020 01: +0,1584147600
6.166,9,Mar 15 2020 01: +0,1584234000
5.462,6,Mar 16 2020 01: +0,1584320400
5.443,19,Mar 17 2020 01: +0,1584406800
5.646,9,Mar 18 2020 01: +0,1584493200
5.512,10,Mar 19 2020 01: +0,1584579600
5.042,7,Mar 20 2020 01: +0,1584666000
4.763,18,Mar 21 2020 01: +0,1584752400
5.024,12,Mar 22 2020 01: +0,1584838800
4.954,7,Mar 23 2020 01: +0,1584925200
4.661,10,Mar 24 2020 01: +0,1585011600
4.902,7,Mar 25 2020 01: +0,1585098000
4.887,16,Mar 26 2020 01: +0,1585184400
4.773,25,Mar 27 2020 01: +0,1585270800
5.009,4,Mar 28 2020 01: +0,1585357200
4.978,9,Mar 29 2020 01: +0,1585443600
4.805,6,Mar 30 2020 01: +0,1585526400
4.723,21,Mar 31 2020 01: +0,1585612800
4.483,17,Apr 01 2020 01: +0,1585699200
4.85,11,Apr 02 2020 01: +0,1585785600
4.706,19,Apr 03 2020 01: +0,1585872000
4.646,11,Apr 04 2020 01: +0,1585958400
4.596,8,Apr 05 2020 01: +0,1586044800
4.489,12,Apr 06 2020 01: +0,1586131200
4.707,18,Apr 07 2020 01: +0,1586217600
4.583,7,Apr 08 2020 01: +0,1586304000
4.681,14,Apr 09 2020 01: +0,1586390400
4.649,12,Apr 10 2020 01: +0,1586476800
4.71,9,Apr 11 2020 01: +0,1586563200
4.506,17,Apr 12 2020 01: +0,1586649600
4.639,27,Apr 13 2020 01: +0,1586736000
4.69,45,Apr 14 2020 01: +0,1586822400
4.992,13,Apr 15 2020 01: +0,1586908800
5.066,11,Apr 16 2020 01: +0,1586995200
5.09,11,Apr 17 2020 01: +0,1587081600
5.101,14,Apr 18 2020 01: +0,1587168000
5.165,13,Apr 19 2020 01: +0,1587254400
5.171,24,Apr 20 2020 01: +0,1587340800
5.174,53,Apr 21 2020 01: +0,1587427200
5.391,18,Apr 22 2020 01: +0,1587513600
5.296,11,Apr 23 2020 01: +0,1587600000
5.802,6,Apr 24 2020 01: +0,1587686400
5.348,5,Apr 25 2020 01: +0,1587772800
5.43,10,Apr 26 2020 01: +0,1587859200
5.458,10,Apr 27 2020 01: +0,1587945600
5.571,7,Apr 28 2020 01: +0,1588032000
5.628,9,Apr 29 2020 01: +0,1588118400
5.653,11,Apr 30 2020 01: +0,1588204800
5.661,4,May 01 2020 01: +0,1588291200
5.381,40,May 02 2020 01: +0,1588377600
6.073,3,May 03 2020 01: +0,1588464000
6.123,10,May 04 2020 01: +0,1588550400
5.904,23,May 05 2020 01: +0,1588636800
5.73,11,May 06 2020 01: +0,1588723200
5.658,2,May 07 2020 01: +0,1588809600
5.647,29,May 08 2020 01: +0,1588896000
5.557,13,May 09 2020 01: +0,1588982400
5.881,11,May 10 2020 01: +0,1589068800
5.97,10,May 11 2020 01: +0,1589155200
5.902,9,May 12 2020 01: +0,1589241600
6.119,11,May 13 2020 01: +0,1589328000
6.053,5,May 14 2020 01: +0,1589414400
6.183,3,May 15 2020 01: +0,1589500800
6.231,6,May 16 2020 01: +0,1589587200
6.207,9,May 17 2020 01: +0,1589673600
6.247,4,May 18 2020 01: +0,1589760000
5.942,8,May 19 2020 01: +0,1589846400
6.205,13,May 20 2020 01: +0,1589932800
6.359,11,May 21 2020 01: +0,1590019200
5.859,2,May 22 2020 01: +0,1590105600
6.175,5,May 23 2020 01: +0,1590192000
6.091,28,May 24 2020 01: +0,1590278400
5.855,20,May 25 2020 01: +0,1590364800
5.497,49,May 26 2020 01: +0,1590451200
5.536,21,May 27 2020 01: +0,1590537600
5.822,29,May 28 2020 01: +0,1590624000
6.039,22,May 29 2020 01: +0,1590710400
6.355,17,May 30 2020 01: +0,1590796800
6.386,13,May 31 2020 01: +0,1590883200
6.439,6,Jun 01 2020 01: +0,1590969600
6.416,5,Jun 02 2020 01: +0,1591056000
6.263,14,Jun 03 2020 01: +0,1591142400
6.769,18,Jun 04 2020 01: +0,1591228800
6.917,43,Jun 05 2020 01: +0,1591315200
7.649,19,Jun 06 2020 01: +0,1591401600
7.097,3,Jun 07 2020 01: +0,1591488000
7.412,8,Jun 08 2020 01: +0,1591574400
8.133,21,Jun 09 2020 01: +0,1591660800
8.288,11,Jun 10 2020 01: +0,1591747200
5.774,3,Jun 11 2020 01: +0,1591833600
8.207,1,Jun 12 2020 01: +0,1591920000
8.145,2,Jun 13 2020 01: +0,1592006400
8.039,2,Jun 14 2020 01: +0,1592092800
7.84,5,Jun 15 2020 01: +0,1592179200
7.626,2,Jun 16 2020 01: +0,1592265600
7.536,2,Jun 17 2020 01: +0,1592352000
7.841,2,Jun 18 2020 01: +0,1592438400
7.987,25,Jun 19 2020 01: +0,1592524800
7.763,23,Jun 20 2020 01: +0,1592611200
7.41,16,Jun 21 2020 01: +0,1592697600
7.603,3,Jun 22 2020 01: +0,1592784000
7.119,11,Jun 23 2020 01: +0,1592870400
6.955,3,Jun 24 2020 01: +0,1592956800
6.639,1,Jun 25 2020 01: +0,1593043200
6.925,11,Jun 26 2020 01: +0,1593129600
6.84,21,Jun 27 2020 01: +0,1593216000
6.848,7,Jun 28 2020 01: +0,1593302400
7.041,9,Jun 29 2020 01: +0,1593388800
7.365,2,Jun 30 2020 01: +0,1593475200
7.2,2,Jul 01 2020 01: +0,1593561600
6.944,19,Jul 02 2020 01: +0,1593648000
7.287,24,Jul 03 2020 01: +0,1593734400
7.806,52,Jul 04 2020 01: +0,1593820800
8.894,11,Jul 05 2020 01: +0,1593907200
8.723,15,Jul 06 2020 01: +0,1593993600
8.813,7,Jul 07 2020 01: +0,1594080000
8.643,4,Jul 08 2020 01: +0,1594166400
8.729,11,Jul 09 2020 01: +0,1594252800
8.847,16,Jul 10 2020 01: +0,1594339200
8.912,18,Jul 11 2020 01: +0,1594425600
9.528,4,Jul 12 2020 01: +0,1594512000
9.616,10,Jul 13 2020 01: +0,1594598400
9.524,9,Jul 14 2020 01: +0,1594684800
9.766,8,Jul 15 2020 01: +0,1594771200
10.185,6,Jul 16 2020 01: +0,1594857600
10.259,15,Jul 17 2020 01: +0,1594944000
12.76,20,Jul 18 2020 01: +0,1595030400
13.701,1,Jul 19 2020 01: +0,1595116800
11.423,5,Jul 20 2020 01: +0,1595203200
12.273,3,Jul 21 2020 01: +0,1595289600
13.486,35,Jul 22 2020 01: +0,1595376000
14.73,21,Jul 23 2020 01: +0,1595462400
16.618,6,Jul 24 2020 01: +0,1595548800
19.646,64,Jul 25 2020 01: +0,1595635200
24.183,48,Jul 26 2020 01: +0,1595721600
26.742,51,Jul 27 2020 01: +0,1595808000
23.996,37,Jul 28 2020 01: +0,1595894400
19.46,29,Jul 29 2020 01: +0,1595980800
18.561,4,Jul 30 2020 01: +0,1596067200
14.809,2,Jul 31 2020 01: +0,1596153600
18.592,5,Aug 01 2020 01: +0,1596240000
18.123,8,Aug 02 2020 01: +0,1596326400
18.3,2,Aug 03 2020 01: +0,1596412800
18.366,4,Aug 04 2020 01: +0,1596499200
18.355,3,Aug 05 2020 01: +0,1596585600
16.689,10,Aug 06 2020 01: +0,1596672000
14.575,7,Aug 07 2020 01: +0,1596758400
14.903,16,Aug 08 2020 01: +0,1596844800
15.055,4,Aug 09 2020 01: +0,1596931200
14.213,4,Aug 10 2020 01: +0,1597017600
14.43,11,Aug 11 2020 01: +0,1597104000
15.387,2,Aug 12 2020 01: +0,1597190400
14.473,2,Aug 13 2020 01: +0,1597276800
14.642,4,Aug 14 2020 01: +0,1597363200
13.199,8,Aug 15 2020 01: +0,1597449600
11.375,7,Aug 16 2020 01: +0,1597536000
12.445,3,Aug 17 2020 01: +0,1597622400
11.564,13,Aug 18 2020 01: +0,1597708800
11.661,40,Aug 19 2020 01: +0,1597795200
11.336,7,Aug 20 2020 01: +0,1597881600
12.221,9,Aug 21 2020 01: +0,1597968000
11.949,5,Aug 22 2020 01: +0,1598054400
12.298,5,Aug 23 2020 01: +0,1598140800
12.292,2,Aug 24 2020 01: +0,1598227200
12.276,11,Aug 25 2020 01: +0,1598313600
11.527,1,Aug 26 2020 01: +0,1598400000
13.811,4,Aug 27 2020 01: +0,1598486400
12.671,1,Aug 28 2020 01: +0,1598572800
14.291,6,Aug 29 2020 01: +0,1598659200
12.461,4,Aug 30 2020 01: +0,1598745600
12.184,3,Aug 31 2020 01: +0,1598832000
12.256,6,Sep 01 2020 01: +0,1598918400
11.973,3,Sep 02 2020 01: +0,1599004800
12.52,1,Sep 03 2020 01: +0,1599091200
11.688,4,Sep 04 2020 01: +0,1599177600
10.282,7,Sep 05 2020 01: +0,1599264000
10.732,4,Sep 06 2020 01: +0,1599350400
11.365,9,Sep 07 2020 01: +0,1599436800
11.967,3,Sep 08 2020 01: +0,1599523200
11.256,6,Sep 09 2020 01: +0,1599609600
10.431,3,Sep 10 2020 01: +0,1599696000
10.646,5,Sep 11 2020 01: +0,1599782400
11.133,4,Sep 12 2020 01: +0,1599868800
10.724,7,Sep 13 2020 01: +0,1599955200
10.787,6,Sep 14 2020 01: +0,1600041600
10.7,6,Sep 15 2020 01: +0,1600128000
10.34,4,Sep 16 2020 01: +0,1600214400
10.48,5,Sep 17 2020 01: +0,1600300800
11.123,9,Sep 18 2020 01: +0,1600387200
11.35,9,Sep 19 2020 01: +0,1600473600
12.14,16,Sep 20 2020 01: +0,1600560000
11.39,6,Sep 21 2020 01: +0,1600646400
11.361,5,Sep 22 2020 01: +0,1600732800
11.258,3,Sep 23 2020 01: +0,1600819200
11.145,5,Sep 24 2020 01: +0,1600905600
11.539,2,Sep 25 2020 01: +0,1600992000
11.21,5,Sep 26 2020 01: +0,1601078400
11.271,8,Sep 27 2020 01: +0,1601164800
10.928,7,Sep 28 2020 01: +0,1601251200
11.407,7,Sep 29 2020 01: +0,1601337600
11.125,1,Sep 30 2020 01: +0,1601424000
11.477,4,Oct 01 2020 01: +0,1601510400
11.261,12,Oct 02 2020 01: +0,1601596800
10.841,20,Oct 03 2020 01: +0,1601683200
11.333,2,Oct 04 2020 01: +0,1601769600
11.134,1,Oct 05 2020 01: +0,1601856000
11.564,1,Oct 06 2020 01: +0,1601942400
10.106,12,Oct 07 2020 01: +0,1602028800
11.01,3,Oct 08 2020 01: +0,1602115200
11.276,9,Oct 09 2020 01: +0,1602201600
11.065,10,Oct 10 2020 01: +0,1602288000
10.819,1,Oct 11 2020 01: +0,1602374400
10.932,2,Oct 12 2020 01: +0,1602460800
10.519,2,Oct 13 2020 01: +0,1602547200
10.249,1,Oct 14 2020 01: +0,1602633600
10.164,4,Oct 15 2020 01: +0,1602720000
10.273,2,Oct 16 2020 01: +0,1602806400
10.045,9,Oct 17 2020 01: +0,1602892800
9.818,4,Oct 18 2020 01: +0,1602979200
9.532,1,Oct 19 2020 01: +0,1603065600
9.529,3,Oct 20 2020 01: +0,1603152000
9.694,5,Oct 21 2020 01: +0,1603238400
9.813,16,Oct 22 2020 01: +0,1603324800
9.862,7,Oct 23 2020 01: +0,1603411200
9.767,1,Oct 24 2020 01: +0,1603497600
8.777,8,Oct 25 2020 01: +0,1603584000
9.324,5,Oct 26 2020 01: +0,1603674000
9.678,1,Oct 27 2020 01: +0,1603760400
9.773,3,Oct 28 2020 01: +0,1603846800
9.639,3,Oct 29 2020 01: +0,1603933200
9.795,7,Oct 30 2020 01: +0,1604019600
9.678,1,Oct 31 2020 01: +0,1604106000
9.701,6,Nov 02 2020 01: +0,1604278800
9.55,5,Nov 03 2020 01: +0,1604365200
9.324,4,Nov 04 2020 01: +0,1604451600
9.637,8,Nov 05 2020 01: +0,1604538000
10.309,7,Nov 06 2020 01: +0,1604624400
10.254,4,Nov 07 2020 01: +0,1604710800
10.268,4,Nov 09 2020 01: +0,1604883600
10.238,7,Nov 10 2020 01: +0,1604970000
10.234,6,Nov 11 2020 01: +0,1605056400
10.456,9,Nov 12 2020 01: +0,1605142800
10.511,1,Nov 13 2020 01: +0,1605229200
10.233,5,Nov 14 2020 01: +0,1605315600
10.389,2,Nov 15 2020 01: +0,1605402000
9.986,4,Nov 16 2020 01: +0,1605488400
10.165,10,Nov 17 2020 01: +0,1605574800
9.793,3,Nov 18 2020 01: +0,1605661200
10.558,4,Nov 19 2020 01: +0,1605747600
10.678,12,Nov 20 2020 01: +0,1605834000
11.224,20,Nov 21 2020 01: +0,1605920400
11.681,1,Nov 23 2020 01: +0,1606093200
10.932,3,Nov 24 2020 01: +0,1606179600
10.278,8,Nov 26 2020 01: +0,1606352400
9.782,3,Nov 27 2020 01: +0,1606438800
9.193,9,Nov 28 2020 01: +0,1606525200
8.942,2,Nov 29 2020 01: +0,1606611600
9.255,12,Dec 01 2020 01: +0,1606784400
9.442,2,Dec 02 2020 01: +0,1606870800
9.698,7,Dec 03 2020 01: +0,1606957200
8.575,15,Dec 04 2020 01: +0,1607043600
7.164,3,Dec 05 2020 01: +0,1607130000
7.719,6,Dec 06 2020 01: +0,1607216400
7.876,15,Dec 07 2020 01: +0,1607302800
7.881,5,Dec 08 2020 01: +0,1607389200
7.856,6,Dec 09 2020 01: +0,1607475600
7.531,15,Dec 10 2020 01: +0,1607562000
7.263,23,Dec 11 2020 01: +0,1607648400
7.742,5,Dec 12 2020 01: +0,1607734800
7.923,29,Dec 13 2020 01: +0,1607821200
8.921,4,Dec 14 2020 01: +0,1607907600
8.931,15,Dec 15 2020 01: +0,1607994000
8.564,3,Dec 16 2020 01: +0,1608080400
8.453,7,Dec 17 2020 01: +0,1608166800
9.144,2,Dec 18 2020 01: +0,1608253200
8.502,5,Dec 19 2020 01: +0,1608339600
8.846,2,Dec 20 2020 01: +0,1608426000
8.869,2,Dec 21 2020 01: +0,1608512400
8.382,2,Dec 22 2020 01: +0,1608598800
8.785,5,Dec 23 2020 01: +0,1608685200
8.906,10,Dec 24 2020 01: +0,1608771600
8.824,2,Dec 25 2020 01: +0,1608858000
8.66,2,Dec 26 2020 01: +0,1608944400
8.449,5,Dec 27 2020 01: +0,1609030800
8.454,6,Dec 28 2020 01: +0,1609117200
8.768,20,Dec 29 2020 01: +0,1609203600
8.863,5,Dec 30 2020 01: +0,1609290000
8.532,2,Dec 31 2020 01: +0,1609376400
8.407,7,Jan 01 2021 01: +0,1609462800
8.883,10,Jan 02 2021 01: +0,1609549200
8.806,10,Jan 03 2021 01: +0,1609635600
8.674,11,Jan 04 2021 01: +0,1609722000
8.825,7,Jan 05 2021 01: +0,1609808400
8.955,4,Jan 06 2021 01: +0,1609894800
9.019,9,Jan 07 2021 01: +0,1609981200
9.315,6,Jan 08 2021 01: +0,1610067600
9.673,13,Jan 09 2021 01: +0,1610154000
9.942,5,Jan 10 2021 01: +0,1610240400
9.699,4,Jan 11 2021 01: +0,1610326800
9.341,12,Jan 12 2021 01: +0,1610413200
9.657,2,Jan 14 2021 01: +0,1610586000
9.455,1,Jan 15 2021 01: +0,1610672400
9.957,6,Jan 16 2021 01: +0,1610758800
10.014,3,Jan 17 2021 01: +0,1610845200
9.266,2,Jan 18 2021 01: +0,1610931600
10.145,4,Jan 19 2021 01: +0,1611018000
9.876,5,Jan 20 2021 01: +0,1611104400
10.249,33,Jan 21 2021 01: +0,1611190800
10.426,6,Jan 22 2021 01: +0,1611277200
10.075,10,Jan 23 2021 01: +0,1611363600
10.46,6,Jan 24 2021 01: +0,1611450000
10.224,4,Jan 25 2021 01: +0,1611536400
10.364,5,Jan 26 2021 01: +0,1611622800
10.183,5,Jan 27 2021 01: +0,1611709200
9.444,24,Jan 28 2021 01: +0,1611795600
8.972,18,Jan 29 2021 01: +0,1611882000
8.781,28,Jan 30 2021 01: +0,1611968400
8.518,1,Jan 31 2021 01: +0,1612054800
8.648,2,Feb 01 2021 01: +0,1612141200
9.444,3,Feb 02 2021 01: +0,1612227600
9.088,6,Feb 03 2021 01: +0,1612314000
7.925,32,Feb 04 2021 01: +0,1612400400
8.188,17,Feb 05 2021 01: +0,1612486800
8.333,5,Feb 06 2021 01: +0,1612573200
8.18,36,Feb 07 2021 01: +0,1612659600
8.094,9,Feb 08 2021 01: +0,1612746000
8.648,5,Feb 09 2021 01: +0,1612832400
8.716,4,Feb 10 2021 01: +0,1612918800
8.191,9,Feb 11 2021 01: +0,1613005200
8.164,6,Feb 12 2021 01: +0,1613091600
7.818,8,Feb 13 2021 01: +0,1613178000
8.429,1,Feb 14 2021 01: +0,1613264400
8.431,7,Feb 15 2021 01: +0,1613350800
8.444,3,Feb 16 2021 01: +0,1613437200
8.502,2,Feb 17 2021 01: +0,1613523600
8.213,2,Feb 18 2021 01: +0,1613610000
8.327,2,Feb 19 2021 01: +0,1613696400
8.185,10,Feb 20 2021 01: +0,1613782800
8.331,5,Feb 21 2021 01: +0,1613869200
8.425,15,Feb 22 2021 01: +0,1613955600
8.284,6,Feb 23 2021 01: +0,1614042000
8.237,7,Feb 24 2021 01: +0,1614128400
8.286,3,Feb 25 2021 01: +0,1614214800
8.22,4,Feb 26 2021 01: +0,1614301200
8.485,8,Feb 27 2021 01: +0,1614387600
8.597,21,Feb 28 2021 01: +0,1614474000
7.948,4,Mar 02 2021 01: +0,1614646800
8.714,6,Mar 03 2021 01: +0,1614733200
9.261,3,Mar 04 2021 01: +0,1614819600
8.872,8,Mar 05 2021 01: +0,1614906000
9.152,14,Mar 06 2021 01: +0,1614992400
8.814,4,Mar 07 2021 01: +0,1615078800
8.831,2,Mar 08 2021 01: +0,1615165200
8.561,4,Mar 09 2021 01: +0,1615251600
8.181,1,Mar 10 2021 01: +0,1615338000
8.46,20,Mar 11 2021 01: +0,1615424400
8.882,3,Mar 12 2021 01: +0,1615510800
8.644,4,Mar 13 2021 01: +0,1615597200
9.173,1,Mar 14 2021 01: +0,1615683600
8.248,4,Mar 15 2021 01: +0,1615770000
7.966,10,Mar 16 2021 01: +0,1615856400
8.211,9,Mar 17 2021 01: +0,1615942800
8.542,8,Mar 18 2021 01: +0,1616029200
8.362,27,Mar 19 2021 01: +0,1616115600
9.009,6,Mar 20 2021 01: +0,1616202000
8.625,6,Mar 21 2021 01: +0,1616288400
9.117,1,Mar 22 2021 01: +0,1616374800
8.66,9,Mar 23 2021 01: +0,1616461200
8.712,23,Mar 24 2021 01: +0,1616547600
9.094,35,Mar 25 2021 01: +0,1616634000
9.453,9,Mar 26 2021 01: +0,1616720400
9.896,8,Mar 27 2021 01: +0,1616806800
9.868,4,Mar 28 2021 01: +0,1616893200
9.812,5,Mar 29 2021 01: +0,1616976000
9.463,2,Mar 30 2021 01: +0,1617062400
9.806,1,Mar 31 2021 01: +0,1617148800
9.132,3,Apr 01 2021 01: +0,1617235200
9.551,4,Apr 02 2021 01: +0,1617321600
9.708,3,Apr 03 2021 01: +0,1617408000
10.121,8,Apr 04 2021 01: +0,1617494400
10.114,4,Apr 05 2021 01: +0,1617580800
10.082,1,Apr 06 2021 01: +0,1617667200
9.703,3,Apr 07 2021 01: +0,1617753600
9.635,13,Apr 08 2021 01: +0,1617840000
9.395,18,Apr 09 2021 01: +0,1617926400
8.226,41,Apr 10 2021 01: +0,1618012800
8.373,13,Apr 11 2021 01: +0,1618099200
8.221,7,Apr 12 2021 01: +0,1618185600
8.299,6,Apr 13 2021 01: +0,1618272000
8.876,1,Apr 14 2021 01: +0,1618358400
9.21,13,Apr 15 2021 01: +0,1618444800
8.831,22,Apr 16 2021 01: +0,1618531200
8.502,6,Apr 17 2021 01: +0,1618617600
8.506,25,Apr 18 2021 01: +0,1618704000
8.7,8,Apr 19 2021 01: +0,1618790400
9.132,1,Apr 20 2021 01: +0,1618876800
9.058,16,Apr 21 2021 01: +0,1618963200
8.958,10,Apr 22 2021 01: +0,1619049600
9.334,2,Apr 23 2021 01: +0,1619136000
8.87,22,Apr 24 2021 01: +0,1619222400
9.645,1,Apr 25 2021 01: +0,1619308800
8.873,7,Apr 26 2021 01: +0,1619395200
9.015,9,Apr 27 2021 01: +0,1619481600
8.851,11,Apr 28 2021 01: +0,1619568000
8.605,4,Apr 29 2021 01: +0,1619654400
9.013,5,Apr 30 2021 01: +0,1619740800
8.848,6,May 01 2021 01: +0,1619827200
8.73,13,May 02 2021 01: +0,1619913600
9.234,7,May 03 2021 01: +0,1620000000
9.468,4,May 04 2021 01: +0,1620086400
9.453,22,May 05 2021 01: +0,1620172800
9.532,6,May 06 2021 01: +0,1620259200
9.356,13,May 07 2021 01: +0,1620345600
9.507,2,May 08 2021 01: +0,1620432000
9.326,2,May 09 2021 01: +0,1620518400
9.2,9,May 10 2021 01: +0,1620604800
9.253,9,May 11 2021 01: +0,1620691200
9.839,22,May 12 2021 01: +0,1620777600
11.303,34,May 13 2021 01: +0,1620864000
11.375,21,May 14 2021 01: +0,1620950400
12.823,28,May 15 2021 01: +0,1621036800
14.881,9,May 16 2021 01: +0,1621123200
14.921,9,May 17 2021 01: +0,1621209600
13.315,25,May 18 2021 01: +0,1621296000
16.17,13,May 19 2021 01: +0,1621382400
15.878,26,May 20 2021 01: +0,1621468800
13.965,14,May 21 2021 01: +0,1621555200
16.314,1,May 22 2021 01: +0,1621641600
14.237,3,May 23 2021 01: +0,1621728000
14.308,4,May 24 2021 01: +0,1621814400
14.487,5,May 25 2021 01: +0,1621900800
13.334,5,May 26 2021 01: +0,1621987200
12.871,2,May 27 2021 01: +0,1622073600
10.863,16,May 28 2021 01: +0,1622160000
12.377,21,May 29 2021 01: +0,1622246400
13.524,19,May 30 2021 01: +0,1622332800
13.235,3,May 31 2021 01: +0,1622419200
14.537,3,Jun 01 2021 01: +0,1622505600
12.819,5,Jun 02 2021 01: +0,1622592000
13.626,6,Jun 03 2021 01: +0,1622678400
13.248,12,Jun 04 2021 01: +0,1622764800
14.074,14,Jun 05 2021 01: +0,1622851200
15.285,6,Jun 06 2021 01: +0,1622937600
15.553,9,Jun 07 2021 01: +0,1623024000
15.595,2,Jun 08 2021 01: +0,1623110400
16.205,8,Jun 09 2021 01: +0,1623196800
16.769,19,Jun 10 2021 01: +0,1623283200
13.763,21,Jun 11 2021 01: +0,1623369600
16.296,2,Jun 12 2021 01: +0,1623456000
13.632,5,Jun 13 2021 01: +0,1623542400
13.99,5,Jun 15 2021 01: +0,1623715200
14.034,5,Jun 16 2021 01: +0,1623801600
15.744,3,Jun 17 2021 01: +0,1623888000
14.358,1,Jun 18 2021 01: +0,1623974400
13.621,7,Jun 19 2021 01: +0,1624060800
14.678,1,Jun 20 2021 01: +0,1624147200
13.069,1,Jun 21 2021 01: +0,1624233600
13.262,4,Jun 22 2021 01: +0,1624320000
14.806,1,Jun 23 2021 01: +0,1624406400
13.024,4,Jun 24 2021 01: +0,1624492800
12.938,6,Jun 25 2021 01: +0,1624579200
12.816,12,Jun 26 2021 01: +0,1624665600
12.432,2,Jun 27 2021 01: +0,1624752000
12.853,5,Jun 28 2021 01: +0,1624838400
12.971,5,Jun 29 2021 01: +0,1624924800
12.817,3,Jun 30 2021 01: +0,1625011200
12.846,10,Jul 01 2021 01: +0,1625097600
12.826,15,Jul 02 2021 01: +0,1625184000
13.02,8,Jul 03 2021 01: +0,1625270400
12.747,4,Jul 04 2021 01: +0,1625356800
12.532,1,Jul 05 2021 01: +0,1625443200
11.837,7,Jul 06 2021 01: +0,1625529600
12.366,2,Jul 07 2021 01: +0,1625616000
12.506,3,Jul 08 2021 01: +0,1625702400
11.812,2,Jul 09 2021 01: +0,1625788800
12.312,2,Jul 10 2021 01: +0,1625875200
12.202,6,Jul 11 2021 01: +0,1625961600
11.709,4,Jul 13 2021 01: +0,1626134400
11.68,1,Jul 14 2021 01: +0,1626220800
11.465,3,Jul 15 2021 01: +0,1626307200
11.366,3,Jul 16 2021 01: +0,1626393600
12.59,2,Jul 17 2021 01: +0,1626480000
12.374,1,Jul 18 2021 01: +0,1626566400
12.033,6,Jul 19 2021 01: +0,1626652800
11.339,7,Jul 20 2021 01: +0,1626739200
11.405,1,Jul 21 2021 01: +0,1626825600
11.175,5,Jul 22 2021 01: +0,1626912000
11.418,9,Jul 23 2021 01: +0,1626998400
11.415,4,Jul 24 2021 01: +0,1627084800
12.156,1,Jul 25 2021 01: +0,1627171200
11.735,2,Jul 26 2021 01: +0,1627257600
11.69,2,Jul 27 2021 01: +0,1627344000
11.088,9,Jul 28 2021 01: +0,1627430400
11.718,5,Jul 30 2021 01: +0,1627603200
11.322,7,Jul 31 2021 01: +0,1627689600
11.057,3,Aug 01 2021 01: +0,1627776000
11.978,2,Aug 02 2021 01: +0,1627862400
12.181,3,Aug 03 2021 01: +0,1627948800
11.161,9,Aug 04 2021 01: +0,1628035200
11.999,10,Aug 05 2021 01: +0,1628121600
12.578,21,Aug 06 2021 01: +0,1628208000
12.481,4,Aug 08 2021 01: +0,1628380800
11.528,2,Aug 10 2021 01: +0,1628553600
10.621,3,Aug 12 2021 01: +0,1628726400
9.814,5,Aug 13 2021 01: +0,1628812800
9.957,4,Aug 14 2021 01: +0,1628899200
9.719,2,Aug 15 2021 01: +0,1628985600
10.535,1,Aug 16 2021 01: +0,1629072000
10.233,5,Aug 18 2021 01: +0,1629244800
10.484,2,Aug 19 2021 01: +0,1629331200
10.105,7,Aug 20 2021 01: +0,1629417600
10.116,6,Aug 21 2021 01: +0,1629504000
10.543,14,Aug 22 2021 01: +0,1629590400
11.289,8,Aug 23 2021 01: +0,1629676800
11.314,16,Aug 25 2021 01: +0,1629849600
10.534,5,Aug 26 2021 01: +0,1629936000
11.726,10,Aug 27 2021 01: +0,1630022400
10.497,1,Aug 28 2021 01: +0,1630108800
11.549,4,Aug 29 2021 01: +0,1630195200
11.273,3,Aug 30 2021 01: +0,1630281600
11.156,8,Aug 31 2021 01: +0,1630368000
11.441,6,Sep 01 2021 01: +0,1630454400
11.251,12,Sep 02 2021 01: +0,1630540800
10.786,1,Sep 03 2021 01: +0,1630627200
11.754,1,Sep 04 2021 01: +0,1630713600
11.548,7,Sep 05 2021 01: +0,1630800000
10.978,3,Sep 06 2021 01: +0,1630886400
12.047,19,Sep 07 2021 01: +0,1630972800
10.075,7,Sep 08 2021 01: +0,1631059200
10.424,4,Sep 09 2021 01: +0,1631145600
11.534,3,Sep 10 2021 01: +0,1631232000
10.138,3,Sep 11 2021 01: +0,1631318400
10.203,1,Sep 12 2021 01: +0,1631404800
10.707,3,Sep 13 2021 01: +0,1631491200
11.108,1,Sep 14 2021 01: +0,1631577600
10.497,11,Sep 15 2021 01: +0,1631664000
11.399,1,Sep 16 2021 01: +0,1631750400
10.469,6,Sep 19 2021 01: +0,1632009600
9.46,16,Sep 20 2021 01: +0,1632096000
10.896,5,Sep 21 2021 01: +0,1632182400
8.703,4,Sep 22 2021 01: +0,1632268800
9.698,1,Sep 24 2021 01: +0,1632441600
8.661,3,Sep 25 2021 01: +0,1632528000
9.216,1,Sep 26 2021 01: +0,1632614400
8.172,4,Sep 27 2021 01: +0,1632700800
9.232,7,Sep 28 2021 01: +0,1632787200
7.629,4,Sep 29 2021 01: +0,1632873600
8.178,21,Sep 30 2021 01: +0,1632960000
8.655,4,Oct 01 2021 01: +0,1633046400
9.234,14,Oct 02 2021 01: +0,1633132800
9.14,6,Oct 03 2021 01: +0,1633219200
10.188,5,Oct 04 2021 01: +0,1633305600
10.079,2,Oct 05 2021 01: +0,1633392000
9.995,1,Oct 06 2021 01: +0,1633478400
9.097,10,Oct 07 2021 01: +0,1633564800
8.812,8,Oct 08 2021 01: +0,1633651200
9.165,6,Oct 09 2021 01: +0,1633737600
9.765,14,Oct 10 2021 01: +0,1633824000
9.537,2,Oct 11 2021 01: +0,1633910400
9.128,5,Oct 12 2021 01: +0,1633996800
8.971,10,Oct 13 2021 01: +0,1634083200
9.416,4,Oct 14 2021 01: +0,1634169600
9.473,2,Oct 15 2021 01: +0,1634256000
9.247,3,Oct 16 2021 01: +0,1634342400
9.55,7,Oct 17 2021 01: +0,1634428800
9.336,6,Oct 18 2021 01: +0,1634515200
9.353,6,Oct 19 2021 01: +0,1634601600
9.008,1,Oct 20 2021 01: +0,1634688000
9.351,10,Oct 21 2021 01: +0,1634774400
8.788,3,Oct 22 2021 01: +0,1634860800
9.133,6,Oct 23 2021 01: +0,1634947200
9.514,5,Oct 24 2021 01: +0,1635033600
9.56,2,Oct 25 2021 01: +0,1635120000
9.523,5,Oct 26 2021 01: +0,1635206400
9.254,11,Oct 27 2021 01: +0,1635292800
9.332,1,Oct 28 2021 01: +0,1635379200
8.98,5,Oct 29 2021 01: +0,1635465600
8.479,2,Oct 30 2021 01: +0,1635552000
9.252,1,Oct 31 2021 01: +0,1635638400
9.228,3,Nov 01 2021 01: +0,1635728400
8.69,3,Nov 02 2021 01: +0,1635814800
9.207,6,Nov 03 2021 01: +0,1635901200
9.328,5,Nov 04 2021 01: +0,1635987600
8.547,8,Nov 05 2021 01: +0,1636074000
9.115,4,Nov 06 2021 01: +0,1636160400
8.128,10,Nov 07 2021 01: +0,1636246800
7.971,4,Nov 08 2021 01: +0,1636333200
7.842,1,Nov 10 2021 01: +0,1636506000
7.817,6,Nov 11 2021 01: +0,1636592400
8.562,5,Nov 12 2021 01: +0,1636678800
8.201,6,Nov 13 2021 01: +0,1636765200
7.909,20,Nov 14 2021 01: +0,1636851600
8.377,4,Nov 15 2021 01: +0,1636938000
7.426,11,Nov 16 2021 01: +0,1637024400
8.274,5,Nov 17 2021 01: +0,1637110800
8.16,4,Nov 18 2021 01: +0,1637197200
7.887,2,Nov 19 2021 01: +0,1637283600
7.883,13,Nov 20 2021 01: +0,1637370000
9.025,2,Nov 21 2021 01: +0,1637456400
8.749,10,Nov 22 2021 01: +0,1637542800
8.835,5,Nov 23 2021 01: +0,1637629200
7.964,5,Nov 25 2021 01: +0,1637802000
7.554,4,Nov 27 2021 01: +0,1637974800
8.208,4,Nov 28 2021 01: +0,1638061200
9.019,10,Nov 29 2021 01: +0,1638147600
8.142,10,Nov 30 2021 01: +0,1638234000
7.611,1,Dec 01 2021 01: +0,1638320400
7.456,1,Dec 02 2021 01: +0,1638406800
7.517,1,Dec 03 2021 01: +0,1638493200
7.123,5,Dec 04 2021 01: +0,1638579600
7.85,2,Dec 05 2021 01: +0,1638666000
7.709,2,Dec 06 2021 01: +0,1638752400
7.658,12,Dec 07 2021 01: +0,1638838800
7.701,19,Dec 08 2021 01: +0,1638925200
8.371,3,Dec 09 2021 01: +0,1639011600
8.33,2,Dec 10 2021 01: +0,1639098000
8.323,8,Dec 11 2021 01: +0,1639184400
8.22,9,Dec 12 2021 01: +0,1639270800
9.199,90,Dec 13 2021 01: +0,1639357200
8.276,1,Dec 14 2021 01: +0,1639443600
8.018,8,Dec 15 2021 01: +0,1639530000
8.351,2,Dec 16 2021 01: +0,1639616400
8.208,4,Dec 17 2021 01: +0,1639702800
7.89,2,Dec 18 2021 01: +0,1639789200
7.9,3,Dec 19 2021 01: +0,1639875600
8.925,10,Dec 20 2021 01: +0,1639962000
8.38,4,Dec 21 2021 01: +0,1640048400
8.558,5,Dec 22 2021 01: +0,1640134800
8.279,4,Dec 23 2021 01: +0,1640221200
7.494,1,Dec 24 2021 01: +0,1640307600
8.415,2,Dec 25 2021 01: +0,1640394000
8.162,3,Dec 26 2021 01: +0,1640480400
8.271,3,Dec 27 2021 01: +0,1640566800
7.949,2,Dec 28 2021 01: +0,1640653200
7.966,14,Dec 29 2021 01: +0,1640739600
8.245,14,Dec 30 2021 01: +0,1640826000
7.991,2,Dec 31 2021 01: +0,1640912400
8.23,1,Jan 01 2022 01: +0,1640998800
8.405,24,Jan 02 2022 01: +0,1641085200
8.815,4,Jan 03 2022 01: +0,1641171600
8.18,3,Jan 04 2022 01: +0,1641258000
8.776,5,Jan 05 2022 01: +0,1641344400
8.838,5,Jan 06 2022 01: +0,1641430800
8.881,4,Jan 07 2022 01: +0,1641517200
8.893,1,Jan 08 2022 01: +0,1641603600
8.587,12,Jan 09 2022 01: +0,1641690000
8.554,5,Jan 10 2022 01: +0,1641776400
9.06,5,Jan 11 2022 01: +0,1641862800
9.005,4,Jan 12 2022 01: +0,1641949200
8.923,2,Jan 13 2022 01: +0,1642035600
9.279,2,Jan 14 2022 01: +0,1642122000
8.157,2,Jan 15 2022 01: +0,1642208400
8.809,2,Jan 16 2022 01: +0,1642294800
9.029,8,Jan 17 2022 01: +0,1642381200
9.146,4,Jan 18 2022 01: +0,1642467600
8.576,3,Jan 19 2022 01: +0,1642554000
8.441,1,Jan 20 2022 01: +0,1642640400
8.776,2,Jan 21 2022 01: +0,1642726800
8.692,4,Jan 22 2022 01: +0,1642813200
9.031,10,Jan 23 2022 01: +0,1642899600
8.795,5,Jan 24 2022 01: +0,1642986000
8.713,4,Jan 25 2022 01: +0,1643072400
9.171,7,Jan 26 2022 01: +0,1643158800
9.282,7,Jan 27 2022 01: +0,1643245200
9.227,2,Jan 28 2022 01: +0,1643331600
8.846,3,Jan 29 2022 01: +0,1643418000
9.408,4,Jan 30 2022 01: +0,1643504400
9.085,2,Jan 31 2022 01: +0,1643590800
8.403,1,Feb 01 2022 01: +0,1643677200
8.763,1,Feb 02 2022 01: +0,1643763600
8.677,6,Feb 03 2022 01: +0,1643850000
8.923,6,Feb 04 2022 01: +0,1643936400
9.207,32,Feb 05 2022 01: +0,1644022800
9.083,11,Feb 06 2022 01: +0,1644109200
9.161,2,Feb 07 2022 01: +0,1644195600
9.253,3,Feb 08 2022 01: +0,1644282000
8.786,5,Feb 09 2022 01: +0,1644368400
8.977,6,Feb 10 2022 01: +0,1644454800
8.523,7,Feb 11 2022 01: +0,1644541200
8.391,2,Feb 12 2022 01: +0,1644627600
8.249,6,Feb 13 2022 01: +0,1644714000
8.278,8,Feb 14 2022 01: +0,1644800400
8.293,5,Feb 15 2022 01: +0,1644886800
8.476,7,Feb 16 2022 01: +0,1644973200
8.826,1,Feb 17 2022 01: +0,1645059600
8.68,2,Feb 18 2022 01: +0,1645146000
8.513,2,Feb 19 2022 01: +0,1645232400
8.515,6,Feb 20 2022 01: +0,1645318800
8.065,1,Feb 21 2022 01: +0,1645405200
8.922,5,Feb 22 2022 01: +0,1645491600
8.686,7,Feb 23 2022 01: +0,1645578000
8.805,4,Feb 24 2022 01: +0,1645664400
9.036,4,Feb 25 2022 01: +0,1645750800
8.362,6,Feb 26 2022 01: +0,1645837200
8.838,7,Feb 27 2022 01: +0,1645923600
8.797,6,Feb 28 2022 01: +0,1646010000
8.616,8,Mar 01 2022 01: +0,1646096400
8.955,2,Mar 02 2022 01: +0,1646182800
8.336,6,Mar 03 2022 01: +0,1646269200
8.629,4,Mar 04 2022 01: +0,1646355600
8.549,5,Mar 05 2022 01: +0,1646442000
8.714,4,Mar 06 2022 01: +0,1646528400
8.75,2,Mar 07 2022 01: +0,1646614800
8.016,12,Mar 08 2022 01: +0,1646701200
8.417,9,Mar 09 2022 01: +0,1646787600
8.369,16,Mar 10 2022 01: +0,1646874000
9.024,6,Mar 11 2022 01: +0,1646960400
9.484,3,Mar 12 2022 01: +0,1647046800
9.466,6,Mar 13 2022 01: +0,1647133200
9.017,4,Mar 14 2022 01: +0,1647219600
9.382,1,Mar 15 2022 01: +0,1647306000
9.068,6,Mar 16 2022 01: +0,1647392400
9.499,9,Mar 17 2022 01: +0,1647478800
9.514,1,Mar 19 2022 01: +0,1647651600
9.537,4,Mar 20 2022 01: +0,1647738000
9.367,10,Mar 21 2022 01: +0,1647824400
9.332,6,Mar 22 2022 01: +0,1647910800
9.443,17,Mar 23 2022 01: +0,1647997200
9.582,3,Mar 24 2022 01: +0,1648083600
9.607,8,Mar 25 2022 01: +0,1648170000
9.54,10,Mar 26 2022 01: +0,1648256400
9.573,4,Mar 27 2022 01: +0,1648342800
9.494,9,Mar 28 2022 01: +0,1648425600
9.678,3,Mar 29 2022 01: +0,1648512000
9.584,6,Mar 30 2022 01: +0,1648598400
9.747,8,Mar 31 2022 01: +0,1648684800
9.67,6,Apr 01 2022 01: +0,1648771200
9.669,5,Apr 02 2022 01: +0,1648857600
9.715,3,Apr 03 2022 01: +0,1648944000
9.766,6,Apr 04 2022 01: +0,1649030400
9.837,2,Apr 05 2022 01: +0,1649116800
9.753,6,Apr 06 2022 01: +0,1649203200
9.765,43,Apr 07 2022 01: +0,1649289600
9.805,7,Apr 08 2022 01: +0,1649376000
9.781,10,Apr 09 2022 01: +0,1649462400
9.787,6,Apr 10 2022 01: +0,1649548800
9.926,10,Apr 11 2022 01: +0,1649635200
10.371,4,Apr 12 2022 01: +0,1649721600
10.322,2,Apr 13 2022 01: +0,1649808000
10.196,5,Apr 14 2022 01: +0,1649894400
9.994,3,Apr 15 2022 01: +0,1649980800
10.231,3,Apr 16 2022 01: +0,1650067200
10.523,4,Apr 17 2022 01: +0,1650153600
10.563,4,Apr 18 2022 01: +0,1650240000
10.603,2,Apr 19 2022 01: +0,1650326400
10.627,3,Apr 20 2022 01: +0,1650412800
9.744,5,Apr 21 2022 01: +0,1650499200
10.399,4,Apr 22 2022 01: +0,1650585600
10.738,2,Apr 23 2022 01: +0,1650672000
10.945,6,Apr 24 2022 01: +0,1650758400
12.215,1,Apr 25 2022 01: +0,1650844800
12.209,1,Apr 26 2022 01: +0,1650931200
12.176,1,Apr 27 2022 01: +0,1651017600
10.931,3,Apr 28 2022 01: +0,1651104000
12.056,7,Apr 29 2022 01: +0,1651190400
12.257,8,May 01 2022 01: +0,1651363200
11.645,6,May 02 2022 01: +0,1651449600
9.878,4,May 04 2022 01: +0,1651622400
9.854,3,May 05 2022 01: +0,1651708800
9.689,7,May 06 2022 01: +0,1651795200
10.217,6,May 08 2022 01: +0,1651968000
10.277,4,May 09 2022 01: +0,1652054400
11.421,1,May 10 2022 01: +0,1652140800
11.496,3,May 11 2022 01: +0,1652227200
8.625,48,May 12 2022 01: +0,1652313600
9.149,14,May 13 2022 01: +0,1652400000
9.826,1,May 15 2022 01: +0,1652572800
9.679,6,May 16 2022 01: +0,1652659200
9.966,3,May 18 2022 01: +0,1652832000
10.163,7,May 19 2022 01: +0,1652918400
10.326,1,May 20 2022 01: +0,1653004800
9.849,4,May 22 2022 01: +0,1653177600
10.382,11,May 23 2022 01: +0,1653264000
10.782,4,May 24 2022 01: +0,1653350400
10.821,2,May 25 2022 01: +0,1653436800
10.554,2,May 26 2022 01: +0,1653523200
10.203,5,May 27 2022 01: +0,1653609600
10.529,3,May 28 2022 01: +0,1653696000
9.924,2,May 29 2022 01: +0,1653782400
10.133,6,May 30 2022 01: +0,1653868800
10.442,3,May 31 2022 01: +0,1653955200
10.595,5,Jun 01 2022 01: +0,1654041600
10.669,10,Jun 02 2022 01: +0,1654128000
10.936,4,Jun 03 2022 01: +0,1654214400
9.148,4,Jun 04 2022 01: +0,1654300800
10.029,11,Jun 05 2022 01: +0,1654387200
8.998,3,Jun 06 2022 01: +0,1654473600
9.919,5,Jun 07 2022 01: +0,1654560000
10.391,4,Jun 08 2022 01: +0,1654646400
9.335,2,Jun 09 2022 01: +0,1654732800
9.699,2,Jun 10 2022 01: +0,1654819200
9.242,3,Jun 11 2022 01: +0,1654905600
9.389,8,Jun 12 2022 01: +0,1654992000
9.983,20,Jun 13 2022 01: +0,1655078400
10.811,46,Jun 14 2022 01: +0,1655164800
11.537,19,Jun 15 2022 01: +0,1655251200
12.115,14,Jun 16 2022 01: +0,1655337600
9.993,6,Jun 17 2022 01: +0,1655424000
10.398,1,Jun 18 2022 01: +0,1655510400
10.201,4,Jun 19 2022 01: +0,1655596800
9.891,3,Jun 20 2022 01: +0,1655683200
10.342,3,Jun 21 2022 01: +0,1655769600
9.574,3,Jun 22 2022 01: +0,1655856000
9.225,3,Jun 23 2022 01: +0,1655942400
9.646,3,Jun 24 2022 01: +0,1656028800
10.158,4,Jun 25 2022 01: +0,1656115200
10.153,7,Jun 26 2022 01: +0,1656201600
10.06,3,Jun 27 2022 01: +0,1656288000
9.34,2,Jun 28 2022 01: +0,1656374400
9.791,1,Jun 29 2022 01: +0,1656460800
9.134,6,Jun 30 2022 01: +0,1656547200
9.857,10,Jul 01 2022 01: +0,1656633600
11.101,50,Jul 02 2022 01: +0,1656720000
11.692,49,Jul 03 2022 01: +0,1656806400
12.883,23,Jul 04 2022 01: +0,1656892800
13.915,12,Jul 05 2022 01: +0,1656979200
11.868,6,Jul 06 2022 01: +0,1657065600
11.518,9,Jul 07 2022 01: +0,1657152000
12.213,5,Jul 08 2022 01: +0,1657238400
12.209,13,Jul 09 2022 01: +0,1657324800
11.841,6,Jul 10 2022 01: +0,1657411200
12.324,15,Jul 11 2022 01: +0,1657497600
13.633,23,Jul 12 2022 01: +0,1657584000
15.542,19,Jul 13 2022 01: +0,1657670400
13.806,2,Jul 14 2022 01: +0,1657756800
12.959,9,Jul 15 2022 01: +0,1657843200
14.338,12,Jul 16 2022 01: +0,1657929600
16.318,3,Jul 17 2022 01: +0,1658016000
15.943,4,Jul 18 2022 01: +0,1658102400
15.32,6,Jul 19 2022 01: +0,1658188800
16.047,6,Jul 20 2022 01: +0,1658275200
14.727,13,Jul 21 2022 01: +0,1658361600
15.652,4,Jul 22 2022 01: +0,1658448000
15.688,11,Jul 23 2022 01: +0,1658534400
15.663,17,Jul 24 2022 01: +0,1658620800
15.282,3,Jul 25 2022 01: +0,1658707200
14.186,1,Jul 26 2022 01: +0,1658793600
14.9,2,Jul 27 2022 01: +0,1658880000
14.926,7,Jul 28 2022 01: +0,1658966400
14.844,8,Jul 29 2022 01: +0,1659052800
15.979,13,Jul 30 2022 01: +0,1659139200
16.519,8,Jul 31 2022 01: +0,1659225600
14.674,1,Aug 01 2022 01: +0,1659312000
16.552,4,Aug 02 2022 01: +0,1659398400
15.989,3,Aug 03 2022 01: +0,1659484800
16.239,16,Aug 04 2022 01: +0,1659571200
14.87,15,Aug 05 2022 01: +0,1659657600
16.802,6,Aug 06 2022 01: +0,1659744000
16.887,1,Aug 07 2022 01: +0,1659830400
16.792,4,Aug 08 2022 01: +0,1659916800
14.949,1,Aug 09 2022 01: +0,1660003200
16.479,5,Aug 10 2022 01: +0,1660089600
15.833,1,Aug 11 2022 01: +0,1660176000
15.017,8,Aug 13 2022 01: +0,1660348800
15.995,7,Aug 14 2022 01: +0,1660435200
15.171,16,Aug 15 2022 01: +0,1660521600
14.269,1,Aug 16 2022 01: +0,1660608000
14.029,3,Aug 17 2022 01: +0,1660694400
14.451,11,Aug 18 2022 01: +0,1660780800
15.7,5,Aug 19 2022 01: +0,1660867200
12.572,3,Aug 20 2022 01: +0,1660953600
14.071,4,Aug 22 2022 01: +0,1661126400
12.567,5,Aug 23 2022 01: +0,1661212800
14.18,1,Aug 24 2022 01: +0,1661299200
14.711,2,Aug 25 2022 01: +0,1661385600
14.445,2,Aug 26 2022 01: +0,1661472000
13.867,11,Aug 27 2022 01: +0,1661558400
13.865,10,Aug 28 2022 01: +0,1661644800
14.054,4,Aug 29 2022 01: +0,1661731200
14.542,6,Aug 30 2022 01: +0,1661817600
13.39,10,Aug 31 2022 01: +0,1661904000
14.572,8,Sep 01 2022 01: +0,1661990400
14.545,6,Sep 02 2022 01: +0,1662076800
13.987,7,Sep 03 2022 01: +0,1662163200
14.032,6,Sep 04 2022 01: +0,1662249600
12.364,1,Sep 05 2022 01: +0,1662336000
13.037,4,Sep 06 2022 01: +0,1662422400
12.983,8,Sep 07 2022 01: +0,1662508800
13.747,8,Sep 08 2022 01: +0,1662595200
13.256,2,Sep 09 2022 01: +0,1662681600
14.025,7,Sep 10 2022 01: +0,1662768000
14.131,1,Sep 11 2022 01: +0,1662854400
13.602,7,Sep 12 2022 01: +0,1662940800
14.178,5,Sep 13 2022 01: +0,1663027200
13.905,14,Sep 14 2022 01: +0,1663113600
13.403,3,Sep 15 2022 01: +0,1663200000
14.207,15,Sep 16 2022 01: +0,1663286400
14.093,10,Sep 17 2022 01: +0,1663372800
14.174,19,Sep 18 2022 01: +0,1663459200
14.79,21,Sep 19 2022 01: +0,1663545600
13.24,5,Sep 20 2022 01: +0,1663632000
13.57,10,Sep 21 2022 01: +0,1663718400
13.546,1,Sep 22 2022 01: +0,1663804800
12.257,5,Sep 23 2022 01: +0,1663891200
13.953,23,Sep 24 2022 01: +0,1663977600
14.459,4,Sep 25 2022 01: +0,1664064000
13.57,3,Sep 26 2022 01: +0,1664150400
14.086,15,Sep 27 2022 01: +0,1664236800
14.71,16,Sep 28 2022 01: +0,1664323200
15.111,4,Sep 29 2022 01: +0,1664409600
14.463,16,Sep 30 2022 01: +0,1664496000
13.718,8,Oct 01 2022 01: +0,1664582400
13.574,9,Oct 02 2022 01: +0,1664668800
14.776,2,Oct 03 2022 01: +0,1664755200
13.983,5,Oct 04 2022 01: +0,1664841600
14.106,5,Oct 05 2022 01: +0,1664928000
14.662,10,Oct 06 2022 01: +0,1665014400
15.032,6,Oct 07 2022 01: +0,1665100800
14.9,7,Oct 08 2022 01: +0,1665187200
15.042,8,Oct 09 2022 01: +0,1665273600
14.916,2,Oct 10 2022 01: +0,1665360000
14.921,6,Oct 11 2022 01: +0,1665446400
14.938,7,Oct 12 2022 01: +0,1665532800
15.158,2,Oct 13 2022 01: +0,1665619200
14.194,1,Oct 14 2022 01: +0,1665705600
14.329,6,Oct 15 2022 01: +0,1665792000
13.986,5,Oct 16 2022 01: +0,1665878400
14.408,7,Oct 17 2022 01: +0,1665964800
14.379,8,Oct 18 2022 01: +0,1666051200
14.814,6,Oct 19 2022 01: +0,1666137600
14.256,11,Oct 20 2022 01: +0,1666224000
14.493,3,Oct 21 2022 01: +0,1666310400
14.517,6,Oct 22 2022 01: +0,1666396800
14.508,20,Oct 23 2022 01: +0,1666483200
14.217,3,Oct 24 2022 01: +0,1666569600
13.23,4,Oct 25 2022 01: +0,1666656000
13.999,5,Oct 26 2022 01: +0,1666742400
13.727,18,Oct 28 2022 01: +0,1666915200
14.691,1,Oct 30 2022 01: +0,1667088000
15.299,28,Oct 31 2022 01: +0,1667178000
15.177,13,Nov 01 2022 01: +0,1667264400
15.752,26,Nov 02 2022 01: +0,1667350800
16.014,4,Nov 03 2022 01: +0,1667437200
14.731,10,Nov 04 2022 01: +0,1667523600
15.324,10,Nov 05 2022 01: +0,1667610000
16.358,25,Nov 06 2022 01: +0,1667696400
16.657,4,Nov 07 2022 01: +0,1667782800
16.665,5,Nov 08 2022 01: +0,1667869200
17.289,13,Nov 09 2022 01: +0,1667955600
16.378,2,Nov 10 2022 01: +0,1668042000
16.627,10,Nov 11 2022 01: +0,1668128400
17.233,12,Nov 12 2022 01: +0,1668214800
17.316,3,Nov 13 2022 01: +0,1668301200
17.827,7,Nov 14 2022 01: +0,1668387600
18.546,4,Nov 15 2022 01: +0,1668474000
16.523,4,Nov 16 2022 01: +0,1668560400
17.176,8,Nov 17 2022 01: +0,1668646800
15.952,9,Nov 18 2022 01: +0,1668733200
16.43,9,Nov 19 2022 01: +0,1668819600
16.171,4,Nov 20 2022 01: +0,1668906000
16.005,3,Nov 21 2022 01: +0,1668992400
13.824,2,Nov 22 2022 01: +0,1669078800
13.573,5,Nov 23 2022 01: +0,1669165200
13.219,5,Nov 24 2022 01: +0,1669251600
12.237,6,Nov 25 2022 01: +0,1669338000
12.125,3,Nov 26 2022 01: +0,1669424400
11.135,3,Nov 27 2022 01: +0,1669510800
13.24,10,Nov 28 2022 01: +0,1669597200
13.401,1,Nov 29 2022 01: +0,1669683600
12.36,6,Nov 30 2022 01: +0,1669770000
15.106,26,Dec 01 2022 01: +0,1669856400
13.062,6,Dec 02 2022 01: +0,1669942800
14.004,4,Dec 03 2022 01: +0,1670029200
13.995,4,Dec 04 2022 01: +0,1670115600
13.897,6,Dec 05 2022 01: +0,1670202000
13.563,4,Dec 06 2022 01: +0,1670288400
13.57,5,Dec 07 2022 01: +0,1670374800
14.281,3,Dec 08 2022 01: +0,1670461200
14.608,8,Dec 09 2022 01: +0,1670547600
15.201,9,Dec 10 2022 01: +0,1670634000
14.696,7,Dec 11 2022 01: +0,1670720400
15.992,8,Dec 12 2022 01: +0,1670806800
15.53,4,Dec 13 2022 01: +0,1670893200
15.038,2,Dec 14 2022 01: +0,1670979600
14.66,5,Dec 15 2022 01: +0,1671066000
14.051,6,Dec 16 2022 01: +0,1671152400
13.855,3,Dec 17 2022 01: +0,1671238800
14.175,2,Dec 18 2022 01: +0,1671325200
14.167,4,Dec 20 2022 01: +0,1671498000
14.533,6,Dec 21 2022 01: +0,1671584400
14.952,10,Dec 22 2022 01: +0,1671670800
13.881,12,Dec 23 2022 01: +0,1671757200
13.591,2,Dec 24 2022 01: +0,1671843600
14.143,9,Dec 25 2022 01: +0,1671930000
13.948,6,Dec 26 2022 01: +0,1672016400
13.8,5,Dec 27 2022 01: +0,1672102800
14.037,7,Dec 28 2022 01: +0,1672189200
14.607,40,Dec 29 2022 01: +0,1672275600
13.742,4,Dec 30 2022 01: +0,1672362000
13.033,3,Dec 31 2022 01: +0,1672448400
15.414,25,Jan 01 2023 01: +0,1672534800
14.684,4,Jan 02 2023 01: +0,1672621200
15.137,14,Jan 03 2023 01: +0,1672707600
15.354,10,Jan 04 2023 01: +0,1672794000
16.138,14,Jan 05 2023 01: +0,1672880400
16.179,2,Jan 06 2023 01: +0,1672966800
16.01,2,Jan 07 2023 01: +0,1673053200
16.16,6,Jan 08 2023 01: +0,1673139600
15.169,5,Jan 09 2023 01: +0,1673226000
16.69,11,Jan 10 2023 01: +0,1673312400
16.436,10,Jan 11 2023 01: +0,1673398800
17.231,11,Jan 12 2023 01: +0,1673485200
17.556,22,Jan 13 2023 01: +0,1673571600
17.588,10,Jan 14 2023 01: +0,1673658000
17.567,10,Jan 15 2023 01: +0,1673744400
18.618,14,Jan 16 2023 01: +0,1673830800
17.825,15,Jan 17 2023 01: +0,1673917200
15.866,2,Jan 18 2023 01: +0,1674003600
19.167,15,Jan 19 2023 01: +0,1674090000
19.36,4,Jan 20 2023 01: +0,1674176400
17.931,3,Jan 21 2023 01: +0,1674262800
18.049,13,Jan 22 2023 01: +0,1674349200
19.295,16,Jan 23 2023 01: +0,1674435600
19.131,13,Jan 24 2023 01: +0,1674522000
18.928,14,Jan 25 2023 01: +0,1674608400
18.234,3,Jan 26 2023 01: +0,1674694800
18.553,3,Jan 27 2023 01: +0,1674781200
18.758,7,Jan 28 2023 01: +0,1674867600
18.816,9,Jan 29 2023 01: +0,1674954000
17.151,4,Jan 31 2023 01: +0,1675126800
19.417,22,Feb 01 2023 01: +0,1675213200
18.875,8,Feb 02 2023 01: +0,1675299600
19.788,1,Feb 03 2023 01: +0,1675386000
19.67,6,Feb 04 2023 01: +0,1675472400
18.839,7,Feb 05 2023 01: +0,1675558800
19.62,7,Feb 06 2023 01: +0,1675645200
18.854,16,Feb 07 2023 01: +0,1675731600
19.273,1,Feb 08 2023 01: +0,1675818000
18.782,3,Feb 09 2023 01: +0,1675904400
18.602,7,Feb 10 2023 01: +0,1675990800
17.88,5,Feb 11 2023 01: +0,1676077200
18.561,8,Feb 12 2023 01: +0,1676163600
18.595,2,Feb 13 2023 01: +0,1676250000
18.174,6,Feb 14 2023 01: +0,1676336400
18.711,2,Feb 14 2023 23: +0,1676415600
18.785,1,Feb 15 2023 00: +0,1676419200
18.778,1,Feb 15 2023 01: +0,1676422800
16.313,3,Feb 15 2023 15: +0,1676473200
18.375,1,Feb 15 2023 17: +0,1676480400
16.319,1,Feb 16 2023 00: +0,1676505600
16.312,4,Feb 16 2023 01: +0,1676509200
18.264,1,Feb 16 2023 02: +0,1676512800
16.025,1,Feb 16 2023 09: +0,1676538000
16.802,2,Feb 17 2023 02: +0,1676599200
18.165,1,Feb 17 2023 05: +0,1676610000
16.213,1,Feb 17 2023 08: +0,1676620800
17.784,1,Feb 17 2023 12: +0,1676635200
17.627,1,Feb 17 2023 15: +0,1676646000
17.743,1,Feb 17 2023 18: +0,1676656800
17.784,5,Feb 17 2023 21: +0,1676667600
17.97,4,Feb 17 2023 23: +0,1676674800
18.239,1,Feb 18 2023 02: +0,1676685600
15.966,1,Feb 18 2023 07: +0,1676703600
18.125,7,Feb 18 2023 17: +0,1676739600
18.206,1,Feb 18 2023 20: +0,1676750400
15.306,1,Feb 19 2023 04: +0,1676779200
17.602,1,Feb 19 2023 08: +0,1676793600
17.586,1,Feb 19 2023 14: +0,1676815200
17.602,1,Feb 20 2023 05: +0,1676869200
17.602,1,Feb 20 2023 09: +0,1676883600
17.577,1,Feb 20 2023 12: +0,1676894400
15.341,1,Feb 20 2023 19: +0,1676919600
17.42,1,Feb 21 2023 02: +0,1676944800
16.302,2,Feb 21 2023 14: +0,1676988000
17.338,1,Feb 21 2023 19: +0,1677006000
18.223,23,Feb 21 2023 22: +0,1677016800
17.838,2,Feb 22 2023 06: +0,1677045600
15.562,1,Feb 22 2023 11: +0,1677063600
17.639,2,Feb 22 2023 23: +0,1677106800
17.52,1,Feb 23 2023 03: +0,1677121200
18.107,3,Feb 23 2023 09: +0,1677142800
18.981,1,Feb 23 2023 16: +0,1677168000
15.551,1,Feb 23 2023 20: +0,1677182400
17.507,1,Feb 24 2023 02: +0,1677204000
17.536,1,Feb 24 2023 04: +0,1677211200
17.635,1,Feb 24 2023 07: +0,1677222000
17.445,3,Feb 24 2023 23: +0,1677279600
17.445,1,Feb 25 2023 04: +0,1677297600
15.016,1,Feb 25 2023 05: +0,1677301200
17.594,1,Feb 25 2023 07: +0,1677308400
17.594,5,Feb 25 2023 08: +0,1677312000
17.515,2,Feb 25 2023 16: +0,1677340800
17.589,1,Feb 25 2023 20: +0,1677355200
18.305,3,Feb 26 2023 04: +0,1677384000
18.305,1,Feb 26 2023 05: +0,1677387600
18.281,1,Feb 26 2023 08: +0,1677398400
18.279,1,Feb 26 2023 16: +0,1677427200
18.283,1,Feb 26 2023 18: +0,1677434400
18.289,1,Feb 27 2023 05: +0,1677474000
18.305,1,Feb 27 2023 14: +0,1677506400
18.305,1,Feb 27 2023 19: +0,1677524400
18.159,1,Feb 28 2023 08: +0,1677571200
16.995,1,Mar 01 2023 04: +0,1677643200
14.897,1,Mar 01 2023 05: +0,1677646800
17.02,1,Mar 01 2023 19: +0,1677697200
17.263,1,Mar 01 2023 22: +0,1677708000
17.102,11,Mar 02 2023 19: +0,1677783600
17.199,3,Mar 02 2023 20: +0,1677787200
17.288,1,Mar 02 2023 21: +0,1677790800
17.3,2,Mar 02 2023 22: +0,1677794400
17.274,7,Mar 03 2023 18: +0,1677866400
17.544,3,Mar 03 2023 22: +0,1677880800
17.611,2,Mar 04 2023 01: +0,1677891600
17.731,2,Mar 04 2023 02: +0,1677895200
17.834,1,Mar 04 2023 12: +0,1677931200
17.834,1,Mar 04 2023 16: +0,1677945600
17.801,3,Mar 04 2023 19: +0,1677956400
17.837,4,Mar 04 2023 20: +0,1677960000
17.834,2,Mar 05 2023 05: +0,1677992400
14.972,9,Mar 05 2023 09: +0,1678006800
17.837,1,Mar 05 2023 12: +0,1678017600
17.523,1,Mar 05 2023 17: +0,1678035600
17.528,1,Mar 05 2023 19: +0,1678042800
17.512,2,Mar 05 2023 20: +0,1678046400
17.826,1,Mar 06 2023 00: +0,1678060800
17.38,2,Mar 06 2023 12: +0,1678104000
17.842,1,Mar 06 2023 18: +0,1678125600
16.492,1,Mar 06 2023 23: +0,1678143600
17.48,1,Mar 07 2023 10: +0,1678183200
17.478,1,Mar 07 2023 17: +0,1678208400
17.371,2,Mar 07 2023 20: +0,1678219200
17.194,1,Mar 08 2023 19: +0,1678302000
17.23,1,Mar 08 2023 20: +0,1678305600
17.056,1,Mar 09 2023 00: +0,1678320000
17.065,1,Mar 09 2023 01: +0,1678323600
17.073,2,Mar 09 2023 05: +0,1678338000
17.071,1,Mar 09 2023 14: +0,1678370400
17.065,1,Mar 09 2023 17: +0,1678381200
17.073,3,Mar 09 2023 18: +0,1678384800
17.23,5,Mar 09 2023 21: +0,1678395600
14.906,1,Mar 09 2023 22: +0,1678399200
17.442,1,Mar 09 2023 23: +0,1678402800
17.469,1,Mar 10 2023 00: +0,1678406400
17.512,5,Mar 10 2023 01: +0,1678410000
17.661,4,Mar 10 2023 02: +0,1678413600
17.748,3,Mar 10 2023 03: +0,1678417200
17.999,1,Mar 10 2023 05: +0,1678424400
18.14,2,Mar 10 2023 16: +0,1678464000
18.297,1,Mar 10 2023 22: +0,1678485600
18.822,5,Mar 11 2023 22: +0,1678572000
17.641,1,Mar 13 2023 09: +0,1678698000
17.782,1,Mar 13 2023 10: +0,1678701600
17.764,2,Mar 13 2023 13: +0,1678712400
17.474,1,Mar 13 2023 20: +0,1678737600
17.812,1,Mar 13 2023 22: +0,1678744800
18.14,2,Mar 14 2023 12: +0,1678795200
17.868,1,Mar 14 2023 21: +0,1678827600
18.251,9,Mar 15 2023 14: +0,1678888800
18.433,2,Mar 15 2023 16: +0,1678896000
18.433,2,Mar 15 2023 20: +0,1678910400
18.211,1,Mar 16 2023 01: +0,1678928400
18.275,2,Mar 16 2023 03: +0,1678935600
18.283,1,Mar 16 2023 04: +0,1678939200
19.206,1,Mar 16 2023 14: +0,1678975200
19.437,7,Mar 16 2023 18: +0,1678989600
18.098,3,Mar 16 2023 22: +0,1679004000
18.092,1,Mar 17 2023 00: +0,1679011200
18.831,2,Mar 17 2023 02: +0,1679018400
15.409,4,Mar 17 2023 21: +0,1679086800
18.552,5,Mar 17 2023 22: +0,1679090400
15.268,1,Mar 18 2023 05: +0,1679115600
18.111,1,Mar 18 2023 11: +0,1679137200
17.928,5,Mar 18 2023 19: +0,1679166000
17.763,5,Mar 19 2023 00: +0,1679184000
17.952,4,Mar 19 2023 09: +0,1679216400
18.997,4,Mar 19 2023 10: +0,1679220000
18.042,1,Mar 19 2023 22: +0,1679263200
18.132,2,Mar 20 2023 00: +0,1679270400
18.123,1,Mar 20 2023 03: +0,1679281200
18.136,6,Mar 20 2023 04: +0,1679284800
18.695,4,Mar 20 2023 05: +0,1679288400
19.03,2,Mar 20 2023 08: +0,1679299200
19.085,4,Mar 20 2023 11: +0,1679310000
18.457,4,Mar 20 2023 21: +0,1679346000
18.783,1,Mar 21 2023 00: +0,1679356800
19.039,5,Mar 21 2023 01: +0,1679360400
18.881,1,Mar 21 2023 03: +0,1679367600
18.975,1,Mar 21 2023 07: +0,1679382000
17.928,1,Mar 22 2023 07: +0,1679468400
17.957,1,Mar 22 2023 08: +0,1679472000
15.862,2,Mar 22 2023 12: +0,1679486400
17.81,1,Mar 22 2023 14: +0,1679493600
17.615,2,Mar 22 2023 22: +0,1679522400
17.631,2,Mar 23 2023 05: +0,1679547600
17.792,1,Mar 23 2023 16: +0,1679587200
17.783,1,Mar 23 2023 17: +0,1679590800
17.792,1,Mar 23 2023 18: +0,1679594400
17.793,2,Mar 23 2023 19: +0,1679598000
17.192,1,Mar 24 2023 01: +0,1679619600
17.806,3,Mar 24 2023 08: +0,1679644800
17.889,6,Mar 24 2023 17: +0,1679677200
18.535,1,Mar 24 2023 18: +0,1679680800
18.633,4,Mar 24 2023 22: +0,1679695200
18.756,17,Mar 25 2023 10: +0,1679738400
18.944,1,Mar 26 2023 00: +0,1679788800
18.944,1,Mar 26 2023 01: +0,1679792400
18.944,1,Mar 26 2023 02: +0,1679792400
18.944,1,Mar 26 2023 03: +0,1679796000
19.026,1,Mar 26 2023 05: +0,1679803200
19.146,3,Mar 26 2023 07: +0,1679810400
19.515,6,Mar 26 2023 08: +0,1679814000
19.515,1,Mar 26 2023 09: +0,1679817600
19.515,1,Mar 26 2023 12: +0,1679828400
17.211,2,Mar 26 2023 18: +0,1679850000
17.277,1,Mar 26 2023 19: +0,1679853600
19.446,4,Mar 26 2023 20: +0,1679857200
19.457,3,Mar 26 2023 23: +0,1679868000
19.457,2,Mar 27 2023 00: +0,1679871600
19.552,1,Mar 27 2023 01: +0,1679875200
19.578,3,Mar 27 2023 03: +0,1679882400
19.627,1,Mar 27 2023 04: +0,1679886000
19.627,1,Mar 27 2023 05: +0,1679889600
19.621,1,Mar 27 2023 07: +0,1679896800
19.569,1,Mar 27 2023 09: +0,1679904000
19.632,10,Mar 27 2023 14: +0,1679922000
19.63,1,Mar 27 2023 15: +0,1679925600
19.63,1,Mar 27 2023 16: +0,1679929200
19.635,4,Mar 27 2023 17: +0,1679932800
19.634,5,Mar 27 2023 19: +0,1679940000
19.647,1,Mar 27 2023 20: +0,1679943600
19.68,1,Mar 27 2023 23: +0,1679954400
19.773,5,Mar 28 2023 00: +0,1679958000
19.977,3,Mar 28 2023 02: +0,1679965200
20.054,4,Mar 28 2023 05: +0,1679976000
20.172,1,Mar 28 2023 06: +0,1679979600
18.09,1,Mar 28 2023 08: +0,1679986800
18.742,2,Mar 28 2023 11: +0,1679997600
20.227,3,Mar 28 2023 12: +0,1680001200
20.307,3,Mar 28 2023 13: +0,1680004800
20.726,4,Mar 28 2023 14: +0,1680008400
21.571,2,Mar 28 2023 16: +0,1680015600
22.239,3,Mar 28 2023 17: +0,1680019200
22.661,1,Mar 28 2023 19: +0,1680026400
22.661,3,Mar 28 2023 20: +0,1680030000
24.245,2,Mar 28 2023 21: +0,1680033600
26.121,1,Mar 28 2023 22: +0,1680037200
26.143,1,Mar 28 2023 23: +0,1680040800
17.38,2,Mar 29 2023 00: +0,1680044400
26.143,1,Mar 29 2023 02: +0,1680051600
23.469,2,Mar 29 2023 08: +0,1680073200
25.777,1,Mar 29 2023 11: +0,1680084000
20.988,3,Mar 29 2023 19: +0,1680112800
20.262,1,Mar 29 2023 20: +0,1680116400
25.375,1,Mar 30 2023 00: +0,1680130800
20.123,1,Mar 30 2023 03: +0,1680141600
22.319,2,Mar 30 2023 04: +0,1680145200
25.222,1,Mar 30 2023 05: +0,1680148800
20.123,1,Mar 30 2023 15: +0,1680184800
25.141,5,Mar 31 2023 07: +0,1680242400
25.242,1,Mar 31 2023 11: +0,1680256800
25.257,1,Mar 31 2023 13: +0,1680264000
23.241,3,Mar 31 2023 17: +0,1680278400
25.257,1,Mar 31 2023 18: +0,1680282000
25.166,1,Mar 31 2023 21: +0,1680292800
25.157,1,Apr 01 2023 05: +0,1680321600
25.157,1,Apr 01 2023 06: +0,1680325200
23.241,1,Apr 01 2023 08: +0,1680332400
24.142,2,Apr 01 2023 11: +0,1680343200
25.157,1,Apr 01 2023 12: +0,1680346800
24.538,2,Apr 01 2023 21: +0,1680379200
24.458,2,Apr 01 2023 23: +0,1680386400
23.888,3,Apr 02 2023 01: +0,1680393600
24.485,1,Apr 02 2023 05: +0,1680408000
24.613,1,Apr 02 2023 10: +0,1680426000
24.179,1,Apr 02 2023 17: +0,1680451200
24.36,1,Apr 02 2023 18: +0,1680454800
24.357,3,Apr 02 2023 21: +0,1680465600
24.179,1,Apr 03 2023 06: +0,1680498000
24.124,1,Apr 03 2023 12: +0,1680519600
17.563,1,Apr 03 2023 15: +0,1680530400
20.881,1,Apr 03 2023 16: +0,1680534000
23.832,3,Apr 03 2023 22: +0,1680555600
23.881,1,Apr 04 2023 02: +0,1680570000
23.23,2,Apr 04 2023 18: +0,1680627600
23.225,2,Apr 05 2023 03: +0,1680660000
23.894,2,Apr 05 2023 05: +0,1680667200
22.234,2,Apr 05 2023 13: +0,1680696000
16.678,15,Apr 06 2023 08: +0,1680764400
23.735,1,Apr 06 2023 13: +0,1680782400
23.751,1,Apr 06 2023 16: +0,1680793200
23.776,2,Apr 06 2023 18: +0,1680800400
24.017,1,Apr 06 2023 19: +0,1680804000
23.93,1,Apr 06 2023 21: +0,1680811200
24.013,6,Apr 06 2023 22: +0,1680814800
24.098,1,Apr 07 2023 03: +0,1680832800
24.111,3,Apr 07 2023 05: +0,1680840000
23.513,2,Apr 07 2023 18: +0,1680886800
24.148,1,Apr 07 2023 20: +0,1680894000
24.145,4,Apr 07 2023 21: +0,1680897600
24.168,2,Apr 07 2023 22: +0,1680901200
24.168,1,Apr 08 2023 01: +0,1680912000
24.591,1,Apr 08 2023 03: +0,1680919200
24.153,2,Apr 08 2023 20: +0,1680980400
24.377,1,Apr 08 2023 21: +0,1680984000
20.411,1,Apr 08 2023 22: +0,1680987600
24.153,1,Apr 09 2023 00: +0,1680994800
24.597,16,Apr 09 2023 04: +0,1681009200
25.467,1,Apr 09 2023 05: +0,1681012800
20.391,20,Apr 09 2023 11: +0,1681034400
18.714,1,Apr 09 2023 13: +0,1681041600
19.854,7,Apr 09 2023 18: +0,1681059600
23.717,1,Apr 10 2023 04: +0,1681095600
23.935,1,Apr 10 2023 05: +0,1681099200
24.245,6,Apr 10 2023 09: +0,1681113600
25.411,6,Apr 10 2023 11: +0,1681120800
25.443,1,Apr 10 2023 17: +0,1681142400
25.474,2,Apr 10 2023 19: +0,1681149600
25.474,3,Apr 10 2023 20: +0,1681153200
25.415,7,Apr 10 2023 21: +0,1681156800
25.092,3,Apr 11 2023 01: +0,1681171200
25.404,2,Apr 11 2023 02: +0,1681174800
25.432,1,Apr 11 2023 06: +0,1681189200
25.52,1,Apr 11 2023 09: +0,1681200000
25.282,2,Apr 11 2023 16: +0,1681225200
25.293,1,Apr 11 2023 18: +0,1681232400
21.394,1,Apr 11 2023 19: +0,1681236000
25.287,1,Apr 11 2023 20: +0,1681239600
21.386,1,Apr 12 2023 11: +0,1681293600
24.776,1,Apr 12 2023 17: +0,1681315200
24.779,4,Apr 12 2023 18: +0,1681318800
25.222,1,Apr 12 2023 19: +0,1681322400
25.09,2,Apr 13 2023 05: +0,1681358400
25.601,1,Apr 13 2023 13: +0,1681387200
25.651,3,Apr 13 2023 22: +0,1681419600
25.72,6,Apr 14 2023 09: +0,1681459200
25.818,1,Apr 14 2023 17: +0,1681488000
25.378,5,Apr 14 2023 23: +0,1681509600
24.817,1,Apr 15 2023 11: +0,1681552800
25.454,2,Apr 15 2023 13: +0,1681560000
24.977,1,Apr 16 2023 03: +0,1681610400
24.932,2,Apr 16 2023 07: +0,1681624800
24.862,1,Apr 16 2023 17: +0,1681660800
22.01,2,Apr 16 2023 19: +0,1681668000
24.755,2,Apr 16 2023 21: +0,1681675200
24.985,2,Apr 16 2023 22: +0,1681678800
22.298,1,Apr 17 2023 05: +0,1681704000
24.968,3,Apr 17 2023 18: +0,1681750800
25.126,2,Apr 17 2023 20: +0,1681758000
24.976,1,Apr 18 2023 02: +0,1681779600
24.971,4,Apr 18 2023 05: +0,1681790400
24.969,1,Apr 18 2023 09: +0,1681804800
24.703,2,Apr 18 2023 23: +0,1681855200
24.909,1,Apr 19 2023 00: +0,1681858800
22.878,1,Apr 19 2023 01: +0,1681862400
24.649,1,Apr 19 2023 04: +0,1681873200
24.646,1,Apr 19 2023 05: +0,1681876800
24.637,1,Apr 19 2023 07: +0,1681884000
25.177,1,Apr 19 2023 08: +0,1681887600
25.615,1,Apr 19 2023 16: +0,1681916400
25.61,2,Apr 19 2023 21: +0,1681934400
25.554,1,Apr 20 2023 15: +0,1681999200
25.61,2,Apr 20 2023 16: +0,1682002800
25.612,3,Apr 20 2023 20: +0,1682017200
24.717,1,Apr 21 2023 00: +0,1682031600
25.612,1,Apr 21 2023 01: +0,1682035200
25.644,2,Apr 21 2023 03: +0,1682042400
25.649,3,Apr 21 2023 04: +0,1682046000
25.691,1,Apr 21 2023 11: +0,1682071200
22.946,1,Apr 21 2023 18: +0,1682096400
25.689,1,Apr 21 2023 20: +0,1682103600
25.77,2,Apr 21 2023 22: +0,1682110800
25.95,1,Apr 21 2023 23: +0,1682114400
25.983,4,Apr 22 2023 01: +0,1682121600
26.015,1,Apr 22 2023 02: +0,1682125200
26.176,1,Apr 22 2023 05: +0,1682136000
25.996,1,Apr 22 2023 08: +0,1682146800
22.178,3,Apr 22 2023 09: +0,1682150400
20.622,1,Apr 22 2023 10: +0,1682154000
26.041,10,Apr 22 2023 12: +0,1682161200
26.268,1,Apr 22 2023 16: +0,1682175600
26.341,2,Apr 22 2023 19: +0,1682186400
26.35,1,Apr 22 2023 20: +0,1682190000
26.341,3,Apr 22 2023 22: +0,1682197200
26.367,2,Apr 23 2023 02: +0,1682211600
26.505,3,Apr 23 2023 04: +0,1682218800
22.115,1,Apr 23 2023 06: +0,1682226000
26.765,3,Apr 23 2023 22: +0,1682283600
26.774,2,Apr 23 2023 23: +0,1682287200
26.791,1,Apr 24 2023 04: +0,1682305200
26.765,1,Apr 24 2023 17: +0,1682352000
26.787,1,Apr 24 2023 18: +0,1682355600
26.783,2,Apr 24 2023 19: +0,1682359200
22.086,1,Apr 24 2023 21: +0,1682366400
25.673,1,Apr 24 2023 22: +0,1682370000
26.791,3,Apr 24 2023 23: +0,1682373600
27.192,2,Apr 25 2023 02: +0,1682384400
22.15,1,Apr 25 2023 05: +0,1682395200
22.089,2,Apr 25 2023 07: +0,1682402400
21.959,1,Apr 25 2023 08: +0,1682406000
25.682,1,Apr 25 2023 13: +0,1682424000
24.708,2,Apr 25 2023 16: +0,1682434800
24.987,1,Apr 25 2023 21: +0,1682452800
26.116,1,Apr 25 2023 23: +0,1682460000
24.212,3,Apr 26 2023 19: +0,1682532000
24.846,1,Apr 26 2023 20: +0,1682535600
19.966,1,Apr 27 2023 00: +0,1682550000
24.71,1,Apr 27 2023 06: +0,1682571600
24.732,1,Apr 27 2023 08: +0,1682578800
25.086,2,Apr 27 2023 12: +0,1682593200
24.874,1,Apr 27 2023 21: +0,1682625600
24.79,1,Apr 27 2023 22: +0,1682629200
24.805,1,Apr 28 2023 04: +0,1682650800
24.804,1,Apr 28 2023 05: +0,1682654400
24.804,1,Apr 28 2023 06: +0,1682658000
24.808,1,Apr 28 2023 10: +0,1682672400
25.529,4,Apr 28 2023 13: +0,1682683200
21.112,1,Apr 28 2023 14: +0,1682686800
25.645,1,Apr 28 2023 19: +0,1682704800
25.645,1,Apr 28 2023 21: +0,1682712000
26.036,4,Apr 28 2023 22: +0,1682715600
26.58,1,Apr 28 2023 23: +0,1682719200
26.862,1,Apr 29 2023 00: +0,1682722800
26.901,1,Apr 29 2023 01: +0,1682726400
27.013,2,Apr 29 2023 02: +0,1682730000
27.045,3,Apr 29 2023 03: +0,1682733600
27.573,3,Apr 29 2023 04: +0,1682737200
25.49,1,Apr 29 2023 22: +0,1682802000
25.515,2,Apr 29 2023 23: +0,1682805600
25.465,2,Apr 30 2023 07: +0,1682834400
25.509,1,Apr 30 2023 18: +0,1682874000
25.517,1,May 01 2023 01: +0,1682899200
26.665,4,May 01 2023 02: +0,1682902800
26.925,1,May 01 2023 03: +0,1682906400
27.109,5,May 01 2023 04: +0,1682910000
27.445,15,May 01 2023 21: +0,1682971200
27.437,1,May 02 2023 00: +0,1682982000
25.601,1,May 03 2023 01: +0,1683072000
25.597,1,May 03 2023 06: +0,1683090000
21.198,1,May 03 2023 13: +0,1683115200
25.561,1,May 03 2023 20: +0,1683140400
25.75,1,May 03 2023 21: +0,1683144000
25.765,1,May 03 2023 23: +0,1683151200
25.829,1,May 04 2023 00: +0,1683154800
27.28,1,May 04 2023 12: +0,1683198000
27.07,1,May 04 2023 22: +0,1683234000
22.403,1,May 05 2023 03: +0,1683252000
26.449,1,May 05 2023 06: +0,1683262800
26.449,2,May 05 2023 07: +0,1683266400
21.696,2,May 05 2023 09: +0,1683273600
21.324,1,May 05 2023 10: +0,1683277200
22.2,3,May 05 2023 13: +0,1683288000
22.159,1,May 05 2023 17: +0,1683302400
22.445,5,May 05 2023 18: +0,1683306000
20.796,1,May 05 2023 21: +0,1683316800
24.457,5,May 06 2023 03: +0,1683338400
20.55,1,May 06 2023 09: +0,1683360000
24.795,1,May 06 2023 10: +0,1683363600
22.445,1,May 06 2023 11: +0,1683367200
22.433,1,May 06 2023 20: +0,1683399600
22.433,1,May 06 2023 22: +0,1683406800
22.335,5,May 07 2023 08: +0,1683442800
22.354,1,May 07 2023 15: +0,1683468000
22.367,2,May 07 2023 16: +0,1683471600
22.389,4,May 07 2023 17: +0,1683475200
23.296,3,May 07 2023 18: +0,1683478800
23.296,1,May 07 2023 19: +0,1683482400
23.296,5,May 07 2023 20: +0,1683486000
23.306,1,May 07 2023 21: +0,1683489600
23.296,1,May 07 2023 22: +0,1683493200
25.546,3,May 08 2023 04: +0,1683514800
25.439,1,May 08 2023 13: +0,1683547200
20.497,2,May 08 2023 18: +0,1683565200
20.808,3,May 08 2023 19: +0,1683568800
25.309,1,May 08 2023 20: +0,1683572400
24.737,1,May 09 2023 11: +0,1683626400
24.699,1,May 09 2023 13: +0,1683633600
24.775,1,May 09 2023 23: +0,1683669600
24.775,2,May 10 2023 01: +0,1683676800
24.766,1,May 10 2023 03: +0,1683684000
24.771,1,May 10 2023 11: +0,1683712800
24.987,3,May 11 2023 01: +0,1683763200
21.079,1,May 11 2023 13: +0,1683806400
24.819,2,May 11 2023 18: +0,1683824400
22.059,1,May 11 2023 20: +0,1683831600
24.012,5,May 12 2023 09: +0,1683878400
24.011,2,May 12 2023 12: +0,1683889200
21.308,1,May 12 2023 18: +0,1683910800
20.472,1,May 12 2023 21: +0,1683921600
20.751,2,May 12 2023 22: +0,1683925200
23.426,1,May 13 2023 10: +0,1683968400
23.504,2,May 13 2023 13: +0,1683979200
23.687,2,May 13 2023 15: +0,1683986400
20.791,1,May 13 2023 23: +0,1684015200
23.341,1,May 14 2023 04: +0,1684033200
23.405,1,May 14 2023 06: +0,1684040400
23.581,1,May 14 2023 07: +0,1684044000
23.577,1,May 14 2023 09: +0,1684051200
23.78,1,May 14 2023 15: +0,1684072800
23.796,1,May 14 2023 21: +0,1684094400
23.795,1,May 15 2023 00: +0,1684105200
23.636,3,May 15 2023 17: +0,1684166400
21.665,1,May 15 2023 21: +0,1684180800
22.461,6,May 16 2023 00: +0,1684191600
23.412,2,May 16 2023 02: +0,1684198800
23.724,1,May 16 2023 07: +0,1684216800
20.216,2,May 16 2023 15: +0,1684245600
23.387,1,May 16 2023 19: +0,1684260000
19.846,1,May 17 2023 01: +0,1684281600
22.793,2,May 17 2023 03: +0,1684288800
22.793,1,May 17 2023 05: +0,1684296000
19.761,1,May 17 2023 11: +0,1684317600
22.699,1,May 17 2023 18: +0,1684342800
22.698,1,May 17 2023 20: +0,1684350000
22.308,3,May 18 2023 05: +0,1684382400
22.529,5,May 18 2023 21: +0,1684440000
22.401,2,May 18 2023 22: +0,1684443600
22.674,3,May 18 2023 23: +0,1684447200
18.299,1,May 19 2023 01: +0,1684454400
22.859,1,May 19 2023 02: +0,1684458000
22.917,1,May 19 2023 04: +0,1684465200
22.704,1,May 19 2023 11: +0,1684490400
22.3,5,May 19 2023 12: +0,1684494000
22.308,1,May 19 2023 18: +0,1684515600
22.296,2,May 19 2023 20: +0,1684522800
22.39,5,May 19 2023 22: +0,1684530000
20.543,1,May 20 2023 03: +0,1684548000
22.392,1,May 20 2023 04: +0,1684551600
22.441,1,May 20 2023 06: +0,1684558800
22.722,1,May 20 2023 08: +0,1684566000
19.023,1,May 20 2023 16: +0,1684594800
22.505,3,May 20 2023 22: +0,1684616400
22.256,2,May 21 2023 02: +0,1684630800
22.352,1,May 21 2023 08: +0,1684652400
22.134,3,May 21 2023 19: +0,1684692000
22.042,2,May 22 2023 04: +0,1684724400
21.961,1,May 22 2023 10: +0,1684746000
22.189,1,May 22 2023 11: +0,1684749600
22.248,5,May 22 2023 15: +0,1684764000
18.718,1,May 22 2023 20: +0,1684782000
22.09,3,May 22 2023 22: +0,1684789200
22.512,1,May 22 2023 23: +0,1684792800
22.752,2,May 23 2023 05: +0,1684814400
22.725,1,May 23 2023 17: +0,1684857600
22.702,1,May 23 2023 19: +0,1684864800
22.689,1,May 23 2023 23: +0,1684879200
22.69,1,May 24 2023 00: +0,1684882800
22.697,1,May 24 2023 02: +0,1684890000
21.979,1,May 24 2023 08: +0,1684911600
22.737,1,May 24 2023 10: +0,1684918800
19.446,1,May 24 2023 17: +0,1684944000
22.35,3,May 24 2023 23: +0,1684965600
22.659,1,May 25 2023 00: +0,1684969200
22.804,1,May 25 2023 03: +0,1684980000
22.829,1,May 25 2023 10: +0,1685005200
22.83,1,May 25 2023 11: +0,1685008800
22.837,1,May 25 2023 21: +0,1685044800
22.727,3,May 25 2023 22: +0,1685048400
22.711,1,May 25 2023 23: +0,1685052000
22.835,1,May 26 2023 00: +0,1685055600
23.419,3,May 26 2023 03: +0,1685066400
23.419,3,May 26 2023 11: +0,1685095200
23.413,1,May 26 2023 12: +0,1685098800
23.413,3,May 26 2023 14: +0,1685106000
23.556,2,May 26 2023 16: +0,1685113200
23.597,2,May 26 2023 17: +0,1685116800
23.468,1,May 26 2023 20: +0,1685127600
23.562,1,May 26 2023 21: +0,1685131200
23.686,1,May 26 2023 23: +0,1685138400
23.873,1,May 27 2023 06: +0,1685163600
24.293,1,May 27 2023 07: +0,1685167200
24.31,1,May 27 2023 08: +0,1685170800
24.799,2,May 27 2023 16: +0,1685199600
24.822,6,May 27 2023 22: +0,1685221200
24.702,1,May 27 2023 23: +0,1685224800
24.941,2,May 28 2023 00: +0,1685228400
24.706,3,May 28 2023 03: +0,1685239200
24.136,2,May 28 2023 13: +0,1685275200
24.876,2,May 28 2023 14: +0,1685278800
24.876,1,May 28 2023 20: +0,1685300400
24.814,3,May 28 2023 22: +0,1685307600
24.957,6,May 29 2023 06: +0,1685336400
24.39,1,May 29 2023 14: +0,1685365200
24.911,1,May 29 2023 19: +0,1685383200
23.435,1,May 30 2023 05: +0,1685419200
24.73,1,May 30 2023 11: +0,1685440800
23.471,5,May 30 2023 12: +0,1685444400
24.729,1,May 30 2023 14: +0,1685451600
24.698,3,May 30 2023 19: +0,1685469600
24.45,1,May 31 2023 13: +0,1685534400
24.45,1,May 31 2023 15: +0,1685541600
24.31,1,May 31 2023 21: +0,1685563200
24.441,1,May 31 2023 22: +0,1685566800
24.362,1,May 31 2023 23: +0,1685570400
24.801,1,Jun 01 2023 01: +0,1685577600
24.801,1,Jun 01 2023 03: +0,1685584800
24.356,1,Jun 01 2023 07: +0,1685599200
24.029,1,Jun 01 2023 14: +0,1685624400
24.038,1,Jun 01 2023 15: +0,1685628000
24.038,1,Jun 01 2023 19: +0,1685642400
20.573,6,Jun 01 2023 21: +0,1685649600
20.182,1,Jun 01 2023 22: +0,1685653200
23.724,1,Jun 02 2023 12: +0,1685703600
23.76,1,Jun 02 2023 15: +0,1685714400
23.767,1,Jun 02 2023 16: +0,1685718000
23.75,1,Jun 02 2023 20: +0,1685732400
23.677,1,Jun 02 2023 22: +0,1685739600
23.672,1,Jun 02 2023 23: +0,1685743200
23.927,1,Jun 03 2023 05: +0,1685764800
23.927,1,Jun 03 2023 06: +0,1685768400
20.194,2,Jun 03 2023 12: +0,1685790000
23.43,1,Jun 03 2023 13: +0,1685793600
22.333,1,Jun 04 2023 11: +0,1685872800
21.818,1,Jun 04 2023 12: +0,1685876400
22.909,1,Jun 04 2023 16: +0,1685890800
22.771,7,Jun 04 2023 20: +0,1685905200
23.305,4,Jun 04 2023 21: +0,1685908800
23.705,4,Jun 04 2023 22: +0,1685912400
24.705,9,Jun 04 2023 23: +0,1685916000
24.725,2,Jun 05 2023 01: +0,1685923200
24.005,1,Jun 05 2023 02: +0,1685926800
23.993,2,Jun 05 2023 03: +0,1685930400
24.945,1,Jun 05 2023 04: +0,1685934000
24.417,1,Jun 05 2023 05: +0,1685937600
24.713,1,Jun 05 2023 06: +0,1685941200
25.2,3,Jun 05 2023 09: +0,1685952000
25.195,3,Jun 05 2023 15: +0,1685973600
25.2,1,Jun 05 2023 16: +0,1685977200
19.259,1,Jun 05 2023 18: +0,1685984400
25.057,1,Jun 05 2023 22: +0,1685998800
25.05,1,Jun 06 2023 13: +0,1686052800
24.713,1,Jun 06 2023 20: +0,1686078000
24.679,1,Jun 06 2023 22: +0,1686085200
24.689,3,Jun 07 2023 04: +0,1686106800
24.705,2,Jun 07 2023 07: +0,1686117600
24.758,1,Jun 07 2023 11: +0,1686132000
24.753,1,Jun 07 2023 13: +0,1686139200
24.901,1,Jun 07 2023 16: +0,1686150000
23.185,1,Jun 08 2023 01: +0,1686182400
24.401,1,Jun 08 2023 02: +0,1686186000
24.401,1,Jun 08 2023 06: +0,1686200400
24.859,2,Jun 08 2023 12: +0,1686222000
25.026,1,Jun 09 2023 01: +0,1686268800
25.026,3,Jun 09 2023 02: +0,1686272400
25.026,1,Jun 09 2023 04: +0,1686279600
25.021,1,Jun 09 2023 06: +0,1686286800
24.834,2,Jun 10 2023 01: +0,1686355200
24.846,1,Jun 10 2023 04: +0,1686366000
24.834,1,Jun 10 2023 06: +0,1686373200
24.638,2,Jun 10 2023 11: +0,1686391200
24.638,1,Jun 10 2023 14: +0,1686402000
24.68,3,Jun 10 2023 19: +0,1686420000
24.85,1,Jun 11 2023 07: +0,1686463200
24.887,1,Jun 11 2023 14: +0,1686488400
25.224,1,Jun 12 2023 03: +0,1686535200
25.187,1,Jun 13 2023 13: +0,1686657600
25.248,2,Jun 13 2023 18: +0,1686675600
25.324,2,Jun 13 2023 19: +0,1686679200
25.383,1,Jun 13 2023 20: +0,1686682800
25.445,2,Jun 13 2023 21: +0,1686686400
25.542,1,Jun 13 2023 22: +0,1686690000
25.542,1,Jun 13 2023 23: +0,1686693600
25.542,1,Jun 14 2023 17: +0,1686758400
25.532,3,Jun 14 2023 19: +0,1686765600
25.567,1,Jun 15 2023 06: +0,1686805200
25.316,1,Jun 15 2023 17: +0,1686844800
23.657,1,Jun 15 2023 18: +0,1686848400
25.5,1,Jun 15 2023 21: +0,1686859200
25.304,2,Jun 16 2023 13: +0,1686916800
21.654,1,Jun 16 2023 20: +0,1686942000
24.961,1,Jun 17 2023 02: +0,1686963600
21.512,1,Jun 17 2023 11: +0,1686996000
24.914,1,Jun 17 2023 23: +0,1687039200
24.465,1,Jun 18 2023 12: +0,1687086000
24.96,3,Jun 18 2023 15: +0,1687096800
22.621,1,Jun 19 2023 04: +0,1687143600
24.961,1,Jun 19 2023 07: +0,1687154400
25.172,1,Jun 19 2023 20: +0,1687201200
25.18,1,Jun 19 2023 22: +0,1687208400
25.179,2,Jun 20 2023 02: +0,1687222800
22.874,1,Jun 20 2023 21: +0,1687291200
24.929,1,Jun 21 2023 02: +0,1687309200
24.964,4,Jun 21 2023 16: +0,1687359600
25.07,1,Jun 22 2023 14: +0,1687438800
23.776,2,Jun 23 2023 02: +0,1687482000
25.164,3,Jun 23 2023 08: +0,1687503600
25.15,1,Jun 23 2023 11: +0,1687514400
22.292,1,Jun 23 2023 21: +0,1687550400
24.899,1,Jun 23 2023 22: +0,1687554000
24.899,1,Jun 24 2023 09: +0,1687593600
22.029,1,Jun 24 2023 10: +0,1687597200
25.008,1,Jun 24 2023 12: +0,1687604400
21.483,1,Jun 24 2023 13: +0,1687608000
24.847,1,Jun 24 2023 17: +0,1687622400
19.707,17,Jun 24 2023 18: +0,1687626000
24.003,6,Jun 24 2023 22: +0,1687640400
19.74,1,Jun 24 2023 23: +0,1687644000
20.131,8,Jun 25 2023 09: +0,1687680000
23.634,1,Jun 25 2023 13: +0,1687694400
23.578,2,Jun 25 2023 14: +0,1687698000
23.633,1,Jun 25 2023 18: +0,1687712400
23.397,2,Jun 26 2023 08: +0,1687762800
21.463,1,Jun 26 2023 18: +0,1687798800
23.66,11,Jun 26 2023 19: +0,1687802400
23.716,1,Jun 26 2023 21: +0,1687809600
23.722,1,Jun 26 2023 22: +0,1687813200
23.73,2,Jun 27 2023 04: +0,1687834800
23.73,3,Jun 27 2023 06: +0,1687842000
23.483,1,Jun 27 2023 13: +0,1687867200
23.59,3,Jun 27 2023 16: +0,1687878000
23.933,1,Jun 27 2023 19: +0,1687888800
23.899,1,Jun 27 2023 23: +0,1687903200
24.4,1,Jun 28 2023 00: +0,1687906800
23.873,1,Jun 28 2023 01: +0,1687910400
25.035,1,Jun 28 2023 03: +0,1687917600
25.035,1,Jun 28 2023 06: +0,1687928400
25.075,1,Jun 28 2023 07: +0,1687932000
25.04,1,Jun 28 2023 19: +0,1687975200
24.066,1,Jun 29 2023 04: +0,1688007600
25.059,1,Jun 29 2023 11: +0,1688032800
22.764,1,Jun 29 2023 22: +0,1688072400
24.253,1,Jun 29 2023 23: +0,1688076000
24.286,1,Jun 30 2023 22: +0,1688158800
24.279,1,Jul 01 2023 01: +0,1688169600
24.284,2,Jul 01 2023 07: +0,1688191200
24.215,1,Jul 01 2023 10: +0,1688202000
23.212,1,Jul 01 2023 13: +0,1688212800
23.717,4,Jul 01 2023 14: +0,1688216400
24.289,1,Jul 01 2023 20: +0,1688238000
24.276,1,Jul 01 2023 23: +0,1688248800
24.284,3,Jul 02 2023 01: +0,1688256000
24.998,1,Jul 02 2023 13: +0,1688299200
24.99,1,Jul 02 2023 16: +0,1688310000
25.08,1,Jul 02 2023 17: +0,1688313600
25.066,1,Jul 02 2023 18: +0,1688317200
25.315,5,Jul 02 2023 19: +0,1688320800
25.771,1,Jul 02 2023 21: +0,1688328000
25.822,1,Jul 02 2023 23: +0,1688335200
22.703,1,Jul 03 2023 07: +0,1688364000
25.822,1,Jul 03 2023 10: +0,1688374800
25.451,1,Jul 03 2023 18: +0,1688403600
22.351,1,Jul 04 2023 13: +0,1688472000
24.393,1,Jul 04 2023 14: +0,1688475600
25.695,2,Jul 04 2023 16: +0,1688482800
22.93,1,Jul 04 2023 18: +0,1688490000
23.055,1,Jul 05 2023 23: +0,1688594400
22.2,1,Jul 07 2023 01: +0,1688688000
24.007,1,Jul 07 2023 07: +0,1688709600
24.684,3,Jul 07 2023 15: +0,1688738400
25.016,1,Jul 07 2023 16: +0,1688742000
25.399,1,Jul 07 2023 19: +0,1688752800
21.978,1,Jul 08 2023 14: +0,1688821200
25.567,3,Jul 08 2023 21: +0,1688846400
25.586,1,Jul 09 2023 04: +0,1688871600
22.007,1,Jul 09 2023 18: +0,1688922000
24.201,2,Jul 09 2023 22: +0,1688936400
25.179,1,Jul 09 2023 23: +0,1688940000
23.117,2,Jul 10 2023 11: +0,1688983200
23.109,1,Jul 10 2023 17: +0,1689004800
23.111,1,Jul 10 2023 22: +0,1689022800
23.115,1,Jul 10 2023 23: +0,1689026400
24.455,1,Jul 11 2023 02: +0,1689037200
25.284,1,Jul 11 2023 11: +0,1689069600
25.284,2,Jul 11 2023 14: +0,1689080400
25.284,1,Jul 11 2023 15: +0,1689084000
25.289,2,Jul 11 2023 17: +0,1689091200
25.352,1,Jul 11 2023 22: +0,1689109200
25.352,1,Jul 12 2023 00: +0,1689116400
25.356,1,Jul 12 2023 01: +0,1689120000
25.362,3,Jul 12 2023 16: +0,1689174000
25.379,2,Jul 12 2023 19: +0,1689184800
25.202,1,Jul 13 2023 03: +0,1689213600
25.218,4,Jul 13 2023 04: +0,1689217200
21.15,2,Jul 13 2023 16: +0,1689260400
19.886,3,Jul 13 2023 17: +0,1689264000
20.446,1,Jul 13 2023 18: +0,1689267600
22.764,1,Jul 14 2023 11: +0,1689328800
22.789,1,Jul 14 2023 15: +0,1689343200
22.762,1,Jul 14 2023 18: +0,1689354000
24.792,1,Jul 14 2023 22: +0,1689368400
25.509,1,Jul 14 2023 23: +0,1689372000
25.601,1,Jul 15 2023 00: +0,1689375600
25.656,2,Jul 15 2023 01: +0,1689379200
26.211,1,Jul 15 2023 03: +0,1689386400
26.321,2,Jul 15 2023 05: +0,1689393600
26.355,2,Jul 15 2023 09: +0,1689408000
26.379,1,Jul 15 2023 19: +0,1689444000
26.451,2,Jul 15 2023 22: +0,1689454800
26.726,3,Jul 15 2023 23: +0,1689458400
26.726,1,Jul 16 2023 13: +0,1689508800
26.726,1,Jul 16 2023 18: +0,1689526800
24.613,3,Jul 17 2023 01: +0,1689552000
26.921,1,Jul 17 2023 02: +0,1689555600
26.011,2,Jul 17 2023 11: +0,1689588000
26.991,1,Jul 17 2023 20: +0,1689620400
27.014,1,Jul 17 2023 21: +0,1689624000
27.215,1,Jul 18 2023 12: +0,1689678000
23.107,1,Jul 18 2023 19: +0,1689703200
27.129,1,Jul 19 2023 02: +0,1689728400
26.986,1,Jul 20 2023 01: +0,1689811200
27.313,1,Jul 20 2023 04: +0,1689822000
27.235,1,Jul 21 2023 02: +0,1689901200
27.422,1,Jul 21 2023 05: +0,1689912000
28.033,3,Jul 21 2023 09: +0,1689926400
28.761,1,Jul 21 2023 17: +0,1689955200
28.659,1,Jul 22 2023 05: +0,1689998400
28.886,1,Jul 23 2023 07: +0,1690092000
28.906,2,Jul 23 2023 13: +0,1690113600
26.414,2,Jul 23 2023 14: +0,1690117200
23.886,1,Jul 23 2023 15: +0,1690120800
27.917,1,Jul 25 2023 12: +0,1690282800
26.781,1,Jul 25 2023 18: +0,1690304400
26.989,2,Jul 26 2023 00: +0,1690326000
27.535,1,Jul 26 2023 11: +0,1690365600
27.514,1,Jul 26 2023 15: +0,1690380000
27.535,1,Jul 26 2023 16: +0,1690383600
27.525,2,Jul 26 2023 18: +0,1690390800
27.516,1,Jul 27 2023 09: +0,1690444800
27.961,1,Jul 27 2023 17: +0,1690473600
28.576,5,Jul 27 2023 21: +0,1690488000
28.553,1,Jul 27 2023 23: +0,1690495200
28.848,1,Jul 28 2023 04: +0,1690513200
28.848,3,Jul 28 2023 15: +0,1690552800
29.204,1,Jul 28 2023 19: +0,1690567200
29.33,2,Jul 28 2023 21: +0,1690574400
29.794,1,Jul 28 2023 22: +0,1690578000
29.848,1,Jul 29 2023 06: +0,1690606800
27.599,1,Jul 29 2023 08: +0,1690614000
29.848,9,Jul 29 2023 16: +0,1690642800
31.756,2,Jul 29 2023 17: +0,1690646400
31.758,5,Jul 29 2023 23: +0,1690668000
29.936,2,Jul 30 2023 04: +0,1690686000
29.932,2,Jul 30 2023 05: +0,1690689600
31.678,2,Jul 30 2023 14: +0,1690722000
29.983,1,Jul 30 2023 17: +0,1690732800
31.154,1,Jul 30 2023 19: +0,1690740000
31.726,5,Jul 31 2023 13: +0,1690804800
31.717,1,Jul 31 2023 14: +0,1690808400
31.724,1,Jul 31 2023 16: +0,1690815600
31.709,4,Jul 31 2023 23: +0,1690840800
31.879,1,Aug 01 2023 00: +0,1690844400
31.901,1,Aug 01 2023 02: +0,1690851600
31.95,1,Aug 01 2023 06: +0,1690866000
34.903,1,Aug 01 2023 08: +0,1690873200
29.928,1,Aug 01 2023 10: +0,1690880400
33.82,1,Aug 02 2023 15: +0,1690984800
29.518,2,Aug 02 2023 22: +0,1691010000
31.889,1,Aug 03 2023 11: +0,1691056800
30.385,1,Aug 03 2023 18: +0,1691082000
31.889,2,Aug 03 2023 20: +0,1691089200
32.629,2,Aug 03 2023 21: +0,1691092800
30.51,1,Aug 04 2023 03: +0,1691114400
31.351,1,Aug 04 2023 04: +0,1691118000
31.817,1,Aug 04 2023 05: +0,1691121600
31.817,1,Aug 04 2023 07: +0,1691128800
31.772,2,Aug 04 2023 10: +0,1691139600
30.51,1,Aug 04 2023 12: +0,1691146800
31.691,1,Aug 04 2023 20: +0,1691175600
31.714,1,Aug 04 2023 23: +0,1691186400
31.725,1,Aug 05 2023 07: +0,1691215200
32.081,1,Aug 05 2023 17: +0,1691251200
32.091,1,Aug 05 2023 20: +0,1691262000
32.093,2,Aug 06 2023 00: +0,1691276400
31.47,1,Aug 06 2023 03: +0,1691287200
31.329,1,Aug 06 2023 08: +0,1691305200
32.092,1,Aug 06 2023 21: +0,1691352000
32.092,1,Aug 07 2023 01: +0,1691366400
32.084,1,Aug 07 2023 03: +0,1691373600
32.092,1,Aug 07 2023 04: +0,1691377200
25.017,1,Aug 07 2023 06: +0,1691384400
32.093,4,Aug 07 2023 11: +0,1691402400
32.838,2,Aug 07 2023 16: +0,1691420400
34.631,1,Aug 07 2023 22: +0,1691442000
34.634,1,Aug 08 2023 06: +0,1691470800
32.187,1,Aug 08 2023 19: +0,1691517600
34.615,2,Aug 08 2023 20: +0,1691521200
34.493,1,Aug 09 2023 17: +0,1691596800
34.579,3,Aug 10 2023 15: +0,1691676000
34.776,2,Aug 10 2023 16: +0,1691679600
33.052,4,Aug 10 2023 17: +0,1691683200
34.099,1,Aug 10 2023 20: +0,1691694000
34.227,1,Aug 11 2023 09: +0,1691740800
35.797,1,Aug 12 2023 00: +0,1691794800
36.2,1,Aug 12 2023 10: +0,1691830800
36.246,5,Aug 12 2023 17: +0,1691856000
36.237,1,Aug 12 2023 18: +0,1691859600
37.187,3,Aug 12 2023 21: +0,1691870400
33.981,1,Aug 12 2023 22: +0,1691874000
37.585,1,Aug 13 2023 01: +0,1691884800
37.785,1,Aug 13 2023 03: +0,1691892000
37.09,1,Aug 13 2023 21: +0,1691956800
33.941,5,Aug 13 2023 22: +0,1691960400
37.9,1,Aug 13 2023 23: +0,1691964000
37.916,1,Aug 14 2023 03: +0,1691978400
37.913,1,Aug 14 2023 05: +0,1691985600
34.318,2,Aug 14 2023 20: +0,1692039600
36.191,2,Aug 15 2023 03: +0,1692064800
36.05,1,Aug 16 2023 05: +0,1692158400
33.6,1,Aug 16 2023 11: +0,1692180000
35.645,2,Aug 16 2023 21: +0,1692216000
36.123,1,Aug 17 2023 11: +0,1692266400
36.129,1,Aug 17 2023 14: +0,1692277200
37.994,2,Aug 17 2023 21: +0,1692302400
38.292,1,Aug 17 2023 22: +0,1692306000
34.566,1,Aug 17 2023 23: +0,1692309600
33.687,1,Aug 18 2023 02: +0,1692320400
37.59,1,Aug 18 2023 03: +0,1692324000
37.959,1,Aug 18 2023 06: +0,1692334800
38.391,1,Aug 18 2023 16: +0,1692370800
38.485,1,Aug 18 2023 22: +0,1692392400
38.682,1,Aug 19 2023 09: +0,1692432000
38.878,1,Aug 19 2023 17: +0,1692460800
38.878,1,Aug 19 2023 20: +0,1692471600
38.981,1,Aug 19 2023 22: +0,1692478800
38.981,1,Aug 20 2023 13: +0,1692532800
38.55,1,Aug 20 2023 23: +0,1692568800
38.98,1,Aug 21 2023 03: +0,1692583200
34.523,1,Aug 22 2023 11: +0,1692698400
37.666,1,Aug 23 2023 13: +0,1692792000
34.975,1,Aug 24 2023 09: +0,1692864000
36.502,3,Aug 25 2023 12: +0,1692961200
37.312,1,Aug 25 2023 13: +0,1692964800
37.312,1,Aug 25 2023 16: +0,1692975600
37.521,2,Aug 26 2023 14: +0,1693054800
31.707,2,Aug 27 2023 09: +0,1693123200
37.515,2,Aug 27 2023 16: +0,1693148400
39.325,6,Aug 27 2023 17: +0,1693152000
37.091,1,Aug 28 2023 18: +0,1693242000
38.038,1,Aug 29 2023 16: +0,1693321200
31.907,1,Aug 30 2023 01: +0,1693353600
34.04,1,Aug 30 2023 05: +0,1693368000
34.026,1,Aug 30 2023 16: +0,1693407600
36.216,1,Aug 31 2023 01: +0,1693440000
37.923,2,Aug 31 2023 19: +0,1693504800
38.497,1,Aug 31 2023 21: +0,1693512000
36.783,1,Sep 01 2023 11: +0,1693562400
36.792,1,Sep 01 2023 18: +0,1693587600
37.559,3,Sep 01 2023 19: +0,1693591200
36.626,2,Sep 02 2023 02: +0,1693616400
37.23,1,Sep 02 2023 03: +0,1693620000
32.333,1,Sep 02 2023 08: +0,1693638000
36.913,1,Sep 02 2023 12: +0,1693652400
36.776,1,Sep 02 2023 19: +0,1693677600
36.83,1,Sep 02 2023 22: +0,1693688400
36.508,1,Sep 03 2023 20: +0,1693767600
37.02,1,Sep 03 2023 22: +0,1693774800
37.2,3,Sep 03 2023 23: +0,1693778400
38.357,2,Sep 04 2023 02: +0,1693789200
39.425,3,Sep 04 2023 03: +0,1693792800
41.247,3,Sep 04 2023 10: +0,1693818000
39.344,1,Sep 04 2023 20: +0,1693854000
40.199,2,Sep 04 2023 21: +0,1693857600
40.136,3,Sep 05 2023 19: +0,1693936800
47.424,3,Sep 05 2023 22: +0,1693947600
47.536,1,Sep 06 2023 06: +0,1693976400
41.002,1,Sep 06 2023 21: +0,1694030400
45.871,1,Sep 06 2023 23: +0,1694037600
46.895,1,Sep 07 2023 00: +0,1694041200
46.901,1,Sep 07 2023 09: +0,1694073600
46.398,1,Sep 07 2023 15: +0,1694095200
47.16,1,Sep 07 2023 18: +0,1694106000
43.425,5,Sep 07 2023 22: +0,1694120400
47.587,1,Sep 07 2023 23: +0,1694124000
46.784,2,Sep 08 2023 16: +0,1694185200
43.658,1,Sep 09 2023 16: +0,1694271600
39.996,1,Sep 10 2023 03: +0,1694311200
42.474,1,Sep 11 2023 05: +0,1694404800
42.475,1,Sep 11 2023 13: +0,1694433600
42.273,1,Sep 12 2023 11: +0,1694512800
44.329,8,Sep 12 2023 17: +0,1694534400
46.757,1,Sep 12 2023 20: +0,1694545200
46.876,1,Sep 15 2023 00: +0,1694732400
40.004,1,Sep 15 2023 03: +0,1694743200
47.013,1,Sep 15 2023 04: +0,1694746800
41.058,1,Sep 15 2023 15: +0,1694786400
40.02,2,Sep 15 2023 22: +0,1694811600
40.817,2,Sep 16 2023 08: +0,1694847600
43.047,1,Sep 16 2023 13: +0,1694865600
41.326,1,Sep 16 2023 20: +0,1694890800
42.925,1,Sep 16 2023 23: +0,1694901600
42.998,1,Sep 17 2023 23: +0,1694988000
39.608,1,Sep 18 2023 10: +0,1695027600
38.029,1,Sep 18 2023 13: +0,1695038400
41.931,1,Sep 18 2023 19: +0,1695060000
42.407,1,Sep 20 2023 12: +0,1695207600
39.886,1,Sep 21 2023 18: +0,1695315600
40.865,2,Sep 22 2023 01: +0,1695340800
40.968,1,Sep 22 2023 05: +0,1695355200
41.246,1,Sep 22 2023 06: +0,1695358800
39.96,1,Sep 22 2023 09: +0,1695369600
40.802,2,Sep 22 2023 14: +0,1695387600
42.541,5,Sep 22 2023 18: +0,1695402000
43.836,2,Sep 23 2023 11: +0,1695463200
40.402,1,Sep 24 2023 09: +0,1695542400
44.059,6,Sep 24 2023 16: +0,1695567600
43.658,1,Sep 25 2023 10: +0,1695632400
44.055,5,Sep 25 2023 14: +0,1695646800
44.266,1,Sep 25 2023 15: +0,1695650400
43.369,1,Sep 27 2023 05: +0,1695787200
40.349,3,Sep 27 2023 09: +0,1695801600
40.259,1,Sep 27 2023 21: +0,1695844800
40.169,1,Sep 28 2023 00: +0,1695855600
39.296,1,Sep 28 2023 11: +0,1695895200
39.843,1,Sep 28 2023 15: +0,1695909600
41.741,1,Sep 29 2023 04: +0,1695956400
39.212,1,Sep 29 2023 08: +0,1695970800
42.315,1,Sep 29 2023 10: +0,1695978000
35.553,1,Sep 29 2023 20: +0,1696014000
42.305,1,Sep 29 2023 22: +0,1696021200
42.307,1,Sep 29 2023 23: +0,1696024800
43.281,5,Sep 30 2023 03: +0,1696039200
43.29,1,Sep 30 2023 12: +0,1696071600
35.479,1,Sep 30 2023 13: +0,1696075200
35.357,1,Sep 30 2023 22: +0,1696107600
41.749,1,Oct 02 2023 01: +0,1696204800
40.999,1,Oct 02 2023 18: +0,1696266000
39.06,1,Oct 03 2023 14: +0,1696338000
39.068,2,Oct 03 2023 15: +0,1696341600
37.066,1,Oct 04 2023 03: +0,1696384800
38.846,1,Oct 04 2023 12: +0,1696417200
38.616,1,Oct 04 2023 21: +0,1696449600
38.093,2,Oct 05 2023 02: +0,1696467600
38.944,4,Oct 05 2023 04: +0,1696474800
38.944,1,Oct 05 2023 05: +0,1696478400
40.679,2,Oct 05 2023 06: +0,1696482000
41.114,2,Oct 05 2023 10: +0,1696496400
41.195,1,Oct 05 2023 11: +0,1696500000
41.184,1,Oct 05 2023 13: +0,1696507200
41.366,1,Oct 05 2023 22: +0,1696539600
36.968,1,Oct 05 2023 23: +0,1696543200
43.312,10,Oct 06 2023 03: +0,1696557600
37.232,4,Oct 06 2023 16: +0,1696604400
43.071,2,Oct 06 2023 17: +0,1696608000
43.374,2,Oct 07 2023 03: +0,1696644000
43.257,1,Oct 07 2023 08: +0,1696662000
42.844,2,Oct 08 2023 23: +0,1696802400
42.447,1,Oct 09 2023 02: +0,1696813200
37.631,1,Oct 09 2023 19: +0,1696874400
41.619,1,Oct 09 2023 20: +0,1696878000
37.49,1,Oct 10 2023 06: +0,1696914000
40.091,1,Oct 10 2023 14: +0,1696942800
35.175,2,Oct 10 2023 16: +0,1696950000
34.586,1,Oct 11 2023 04: +0,1696993200
37.188,1,Oct 11 2023 07: +0,1697004000
34.855,1,Oct 11 2023 19: +0,1697047200
37.461,2,Oct 11 2023 20: +0,1697050800
37.984,1,Oct 11 2023 21: +0,1697054400
38.405,1,Oct 12 2023 09: +0,1697097600
39.154,2,Oct 13 2023 00: +0,1697151600
41.106,2,Oct 13 2023 01: +0,1697155200
37.797,2,Oct 13 2023 05: +0,1697169600
41.121,1,Oct 13 2023 15: +0,1697205600
41.938,2,Oct 13 2023 22: +0,1697230800
42.37,1,Oct 13 2023 23: +0,1697234400
42.578,2,Oct 14 2023 00: +0,1697238000
42.599,1,Oct 14 2023 15: +0,1697292000
41.102,1,Oct 16 2023 03: +0,1697421600
36.327,1,Oct 16 2023 18: +0,1697475600
41.11,1,Oct 17 2023 02: +0,1697504400
40.746,1,Oct 18 2023 01: +0,1697587200
38.911,1,Oct 19 2023 00: +0,1697670000
36.248,2,Oct 19 2023 02: +0,1697677200
39.075,1,Oct 19 2023 07: +0,1697695200
38.688,1,Oct 20 2023 05: +0,1697774400
40.101,1,Oct 20 2023 22: +0,1697835600
36.352,1,Oct 21 2023 00: +0,1697842800
40.012,2,Oct 21 2023 08: +0,1697871600
39.276,3,Oct 21 2023 16: +0,1697900400
40.134,1,Oct 22 2023 08: +0,1697958000
34.92,6,Oct 22 2023 11: +0,1697968800
39.27,2,Oct 23 2023 00: +0,1698015600
39.722,1,Oct 23 2023 02: +0,1698022800
40.066,2,Oct 23 2023 21: +0,1698091200
39.991,1,Oct 24 2023 00: +0,1698102000
40.152,1,Oct 24 2023 07: +0,1698127200
38.512,1,Oct 25 2023 03: +0,1698199200
38.774,2,Oct 25 2023 14: +0,1698238800
38.584,2,Oct 26 2023 17: +0,1698336000
36.546,1,Oct 27 2023 15: +0,1698415200
36.793,1,Oct 28 2023 08: +0,1698476400
35.597,1,Oct 28 2023 17: +0,1698508800
38.64,1,Oct 29 2023 17: +0,1698598800
38.64,3,Oct 30 2023 08: +0,1698652800
39.483,1,Oct 30 2023 11: +0,1698663600
40.288,1,Oct 30 2023 12: +0,1698667200
40.304,3,Oct 30 2023 21: +0,1698699600
36.132,1,Oct 31 2023 05: +0,1698728400
39.518,1,Oct 31 2023 22: +0,1698789600
36.129,1,Nov 01 2023 09: +0,1698829200
38.976,1,Nov 01 2023 14: +0,1698847200
39.574,1,Nov 01 2023 18: +0,1698861600
36.727,2,Nov 01 2023 21: +0,1698872400
39.552,2,Nov 02 2023 13: +0,1698930000
40.483,1,Nov 02 2023 23: +0,1698966000
34.128,2,Nov 03 2023 23: +0,1699052400
38.952,1,Nov 04 2023 01: +0,1699059600
39.034,4,Nov 04 2023 17: +0,1699117200
36.924,1,Nov 05 2023 06: +0,1699164000
39.947,2,Nov 05 2023 22: +0,1699221600
39.874,1,Nov 06 2023 03: +0,1699239600
39.269,1,Nov 06 2023 21: +0,1699304400
38.5,1,Nov 08 2023 16: +0,1699459200
33.557,1,Nov 08 2023 18: +0,1699466400
36.107,1,Nov 09 2023 00: +0,1699488000
33.8,2,Nov 09 2023 19: +0,1699556400
34.905,2,Nov 09 2023 20: +0,1699560000
31.342,1,Nov 11 2023 07: +0,1699686000
32.0,1,Nov 11 2023 16: +0,1699718400
32.562,1,Nov 11 2023 21: +0,1699736400
32.891,1,Nov 11 2023 23: +0,1699743600
33.212,1,Nov 14 2023 02: +0,1699927200
33.081,1,Nov 14 2023 11: +0,1699959600
31.127,1,Nov 15 2023 00: +0,1700006400
31.058,1,Nov 15 2023 02: +0,1700013600
30.396,1,Nov 15 2023 08: +0,1700035200
33.076,1,Nov 15 2023 09: +0,1700038800
33.077,1,Nov 15 2023 17: +0,1700067600
33.459,1,Nov 15 2023 19: +0,1700074800
34.818,1,Nov 16 2023 05: +0,1700110800
34.82,1,Nov 16 2023 08: +0,1700121600
30.835,1,Nov 16 2023 16: +0,1700150400
34.424,1,Nov 16 2023 18: +0,1700157600
36.097,1,Nov 17 2023 00: +0,1700179200
36.092,1,Nov 17 2023 10: +0,1700215200
32.891,1,Nov 20 2023 21: +0,1700514000
30.879,1,Nov 21 2023 02: +0,1700532000
30.405,4,Nov 21 2023 08: +0,1700553600
29.765,1,Nov 21 2023 19: +0,1700593200
28.05,1,Nov 21 2023 23: +0,1700607600
28.042,2,Nov 22 2023 02: +0,1700618400
27.908,1,Nov 22 2023 12: +0,1700654400
27.893,1,Nov 22 2023 14: +0,1700661600
32.849,2,Nov 22 2023 21: +0,1700686800
32.849,2,Nov 22 2023 22: +0,1700690400
32.849,1,Nov 23 2023 02: +0,1700704800
27.912,1,Nov 25 2023 17: +0,1700931600
30.949,3,Nov 25 2023 21: +0,1700946000
29.563,1,Nov 26 2023 15: +0,1701010800
29.563,3,Nov 26 2023 17: +0,1701018000
29.143,1,Nov 26 2023 19: +0,1701025200
30.13,2,Nov 26 2023 20: +0,1701028800
29.862,1,Nov 27 2023 13: +0,1701090000
25.499,1,Nov 28 2023 01: +0,1701133200
30.23,1,Nov 28 2023 04: +0,1701144000
30.334,1,Nov 29 2023 15: +0,1701270000
32.141,1,Nov 30 2023 09: +0,1701334800
26.066,1,Nov 30 2023 21: +0,1701378000
32.135,1,Nov 30 2023 23: +0,1701385200
31.827,1,Dec 01 2023 14: +0,1701439200
32.139,1,Dec 01 2023 15: +0,1701442800
32.678,1,Dec 01 2023 18: +0,1701453600
32.472,1,Dec 02 2023 03: +0,1701486000
32.767,1,Dec 02 2023 04: +0,1701489600
26.557,1,Dec 03 2023 05: +0,1701579600
30.758,1,Dec 04 2023 15: +0,1701702000
31.025,4,Dec 05 2023 09: +0,1701766800
32.268,8,Dec 05 2023 16: +0,1701792000
32.169,1,Dec 07 2023 04: +0,1701921600
31.952,2,Dec 07 2023 16: +0,1701964800
26.822,1,Dec 07 2023 19: +0,1701975600
32.251,2,Dec 08 2023 14: +0,1702044000
32.143,1,Dec 08 2023 22: +0,1702072800
28.031,2,Dec 10 2023 11: +0,1702206000
26.396,2,Dec 12 2023 15: +0,1702393200
30.593,1,Dec 13 2023 20: +0,1702497600
29.883,1,Dec 15 2023 00: +0,1702598400
29.701,3,Dec 17 2023 03: +0,1702782000
29.701,3,Dec 17 2023 07: +0,1702796400
30.143,1,Dec 18 2023 15: +0,1702911600
30.167,1,Dec 20 2023 10: +0,1703066400
29.733,1,Dec 20 2023 21: +0,1703106000
27.355,1,Dec 23 2023 14: +0,1703340000
27.355,1,Dec 23 2023 16: +0,1703347200
28.733,1,Dec 23 2023 21: +0,1703365200
28.743,1,Dec 24 2023 05: +0,1703394000
28.135,1,Dec 24 2023 09: +0,1703408400
28.166,1,Dec 24 2023 15: +0,1703430000
29.786,1,Dec 25 2023 09: +0,1703494800
29.78,1,Dec 25 2023 17: +0,1703523600
29.788,1,Dec 25 2023 19: +0,1703530800
29.782,1,Dec 26 2023 19: +0,1703617200
28.402,1,Dec 26 2023 20: +0,1703620800
28.387,1,Dec 26 2023 23: +0,1703631600
29.796,1,Dec 27 2023 05: +0,1703653200
29.796,2,Dec 27 2023 11: +0,1703674800
29.914,3,Dec 27 2023 22: +0,1703714400
30.016,1,Dec 28 2023 17: +0,1703782800
27.835,1,Dec 28 2023 19: +0,1703790000
30.008,1,Dec 29 2023 08: +0,1703836800
30.531,1,Dec 29 2023 16: +0,1703865600
27.912,1,Dec 29 2023 18: +0,1703872800
30.529,1,Dec 29 2023 20: +0,1703880000
29.627,1,Jan 01 2024 00: +0,1704067200
29.116,1,Jan 05 2024 06: +0,1704434400
28.315,1,Jan 05 2024 18: +0,1704477600
28.317,1,Jan 05 2024 20: +0,1704484800
29.176,1,Jan 05 2024 23: +0,1704495600
29.15,1,Jan 06 2024 03: +0,1704510000
26.516,1,Jan 06 2024 04: +0,1704513600
29.104,2,Jan 07 2024 19: +0,1704654000
28.726,1,Jan 09 2024 16: +0,1704816000
24.117,1,Jan 10 2024 19: +0,1704913200
29.08,1,Jan 11 2024 03: +0,1704942000
29.08,1,Jan 11 2024 08: +0,1704960000
29.198,2,Jan 13 2024 11: +0,1705143600
29.395,2,Jan 14 2024 00: +0,1705190400
29.462,1,Jan 14 2024 17: +0,1705251600
27.767,1,Jan 16 2024 13: +0,1705410000
29.019,1,Jan 17 2024 04: +0,1705464000
29.103,1,Jan 17 2024 16: +0,1705507200
28.876,1,Jan 18 2024 08: +0,1705564800
28.877,1,Jan 18 2024 16: +0,1705593600
28.89,1,Jan 18 2024 17: +0,1705597200
28.363,3,Jan 19 2024 00: +0,1705622400
28.075,6,Jan 19 2024 01: +0,1705626000
29.219,2,Jan 19 2024 17: +0,1705683600
28.181,1,Jan 19 2024 19: +0,1705690800
29.328,1,Jan 20 2024 02: +0,1705716000
28.181,1,Jan 20 2024 03: +0,1705719600
29.509,1,Jan 20 2024 09: +0,1705741200
29.861,1,Jan 21 2024 15: +0,1705849200
28.166,1,Jan 21 2024 20: +0,1705867200
29.032,1,Jan 22 2024 04: +0,1705896000
29.04,1,Jan 22 2024 06: +0,1705903200
29.04,1,Jan 22 2024 08: +0,1705910400
29.378,1,Jan 22 2024 09: +0,1705914000
27.812,1,Jan 25 2024 02: +0,1706148000
25.6,1,Jan 25 2024 22: +0,1706220000
25.419,1,Jan 26 2024 22: +0,1706306400
25.088,1,Jan 27 2024 06: +0,1706335200
22.256,1,Jan 30 2024 05: +0,1706590800
24.642,1,Jan 30 2024 14: +0,1706623200
27.854,1,Jan 30 2024 22: +0,1706652000
27.811,1,Jan 31 2024 12: +0,1706702400
27.837,1,Jan 31 2024 18: +0,1706724000
27.837,1,Jan 31 2024 20: +0,1706731200
27.714,2,Feb 01 2024 20: +0,1706817600
27.528,1,Feb 04 2024 20: +0,1707076800
27.528,3,Feb 05 2024 04: +0,1707105600
26.455,1,Feb 05 2024 09: +0,1707123600
26.159,4,Feb 07 2024 05: +0,1707282000
26.749,1,Feb 07 2024 06: +0,1707285600
26.05,1,Feb 07 2024 07: +0,1707289200
27.234,2,Feb 07 2024 10: +0,1707300000
26.106,1,Feb 07 2024 22: +0,1707343200
25.502,1,Feb 08 2024 02: +0,1707357600
27.456,1,Feb 08 2024 04: +0,1707364800
27.451,1,Feb 09 2024 00: +0,1707436800
25.987,1,Feb 09 2024 03: +0,1707447600
27.566,1,Feb 09 2024 04: +0,1707451200
25.129,1,Feb 09 2024 10: +0,1707472800
25.398,2,Feb 10 2024 14: +0,1707573600
25.207,1,Feb 10 2024 20: +0,1707595200
26.294,1,Feb 11 2024 05: +0,1707627600
27.725,1,Feb 12 2024 00: +0,1707696000
27.812,1,Feb 12 2024 03: +0,1707706800
27.094,1,Feb 13 2024 17: +0,1707843600
27.531,1,Feb 13 2024 23: +0,1707865200
27.624,3,Feb 14 2024 21: +0,1707944400
27.605,1,Feb 15 2024 04: +0,1707969600
27.716,2,Feb 16 2024 09: +0,1708074000
25.175,1,Feb 17 2024 01: +0,1708131600
26.959,1,Feb 17 2024 21: +0,1708203600
25.159,1,Feb 18 2024 00: +0,1708214400
24.82,1,Feb 18 2024 15: +0,1708268400
25.247,1,Feb 18 2024 20: +0,1708286400
26.741,2,Feb 19 2024 01: +0,1708304400
27.451,1,Feb 19 2024 04: +0,1708315200
26.834,1,Feb 20 2024 19: +0,1708455600
27.214,1,Feb 21 2024 03: +0,1708484400
27.325,1,Feb 21 2024 10: +0,1708509600
27.546,1,Feb 21 2024 12: +0,1708516800
25.881,1,Feb 21 2024 19: +0,1708542000
27.364,1,Feb 22 2024 13: +0,1708606800
24.635,3,Feb 23 2024 17: +0,1708707600
23.667,1,Feb 24 2024 03: +0,1708743600
27.451,2,Feb 25 2024 06: +0,1708840800
27.598,2,Feb 25 2024 16: +0,1708876800
26.878,1,Feb 27 2024 16: +0,1709049600
27.313,3,Feb 27 2024 18: +0,1709056800
27.647,1,Feb 27 2024 19: +0,1709060400
25.586,1,Feb 28 2024 14: +0,1709128800
27.702,1,Feb 28 2024 22: +0,1709157600
27.685,1,Feb 29 2024 21: +0,1709240400
26.963,1,Mar 01 2024 14: +0,1709301600
27.839,1,Mar 01 2024 21: +0,1709326800
27.19,2,Mar 02 2024 15: +0,1709391600
27.534,1,Mar 02 2024 19: +0,1709406000
23.006,1,Mar 04 2024 17: +0,1709571600
25.88,1,Mar 04 2024 19: +0,1709578800
25.854,1,Mar 05 2024 07: +0,1709622000
24.816,1,Mar 05 2024 18: +0,1709661600
27.333,2,Mar 06 2024 15: +0,1709737200
27.493,1,Mar 06 2024 21: +0,1709758800
27.764,1,Mar 07 2024 04: +0,1709784000
27.773,1,Mar 07 2024 11: +0,1709809200
27.779,1,Mar 07 2024 13: +0,1709816400
27.076,1,Mar 08 2024 17: +0,1709917200
27.305,1,Mar 09 2024 04: +0,1709956800
27.769,2,Mar 09 2024 08: +0,1709971200
28.209,3,Mar 09 2024 14: +0,1709992800
28.405,1,Mar 09 2024 16: +0,1710000000
28.507,1,Mar 09 2024 22: +0,1710021600
28.538,1,Mar 10 2024 11: +0,1710068400
28.616,1,Mar 10 2024 19: +0,1710097200
28.208,1,Mar 11 2024 04: +0,1710129600
28.616,1,Mar 11 2024 06: +0,1710136800
28.818,1,Mar 12 2024 14: +0,1710252000
28.847,1,Mar 13 2024 05: +0,1710306000
29.015,1,Mar 13 2024 11: +0,1710327600
29.235,1,Mar 13 2024 15: +0,1710342000
26.438,1,Mar 14 2024 05: +0,1710392400
26.398,1,Mar 14 2024 17: +0,1710435600
25.169,3,Mar 14 2024 19: +0,1710442800
27.186,3,Mar 14 2024 22: +0,1710453600
28.569,1,Mar 15 2024 16: +0,1710518400
28.487,1,Mar 15 2024 20: +0,1710532800
28.999,1,Mar 16 2024 00: +0,1710547200
28.833,1,Mar 16 2024 04: +0,1710561600
29.156,1,Mar 17 2024 01: +0,1710637200
29.18,1,Mar 17 2024 02: +0,1710640800
29.18,2,Mar 17 2024 03: +0,1710644400
29.18,1,Mar 17 2024 08: +0,1710662400
29.18,1,Mar 17 2024 18: +0,1710698400
28.834,1,Mar 18 2024 11: +0,1710759600
29.156,1,Mar 18 2024 14: +0,1710770400
26.76,1,Mar 18 2024 15: +0,1710774000
26.758,1,Mar 18 2024 16: +0,1710777600
22.513,1,Mar 19 2024 08: +0,1710835200
27.276,1,Mar 19 2024 12: +0,1710849600
26.585,1,Mar 19 2024 19: +0,1710874800
28.736,1,Mar 21 2024 01: +0,1710982800
28.973,1,Mar 21 2024 20: +0,1711051200
29.148,1,Mar 22 2024 05: +0,1711083600
27.221,1,Mar 23 2024 05: +0,1711170000
29.132,6,Mar 24 2024 00: +0,1711238400
27.898,6,Mar 24 2024 01: +0,1711242000
28.633,2,Mar 24 2024 07: +0,1711263600
29.385,1,Mar 24 2024 08: +0,1711267200
29.612,2,Mar 24 2024 09: +0,1711270800
29.973,1,Mar 24 2024 15: +0,1711292400
29.971,1,Mar 24 2024 21: +0,1711314000
28.704,1,Mar 25 2024 18: +0,1711389600
28.414,2,Mar 25 2024 21: +0,1711400400
28.749,1,Mar 25 2024 22: +0,1711404000
28.744,1,Mar 26 2024 05: +0,1711429200
28.317,1,Mar 26 2024 11: +0,1711450800
28.755,1,Mar 26 2024 12: +0,1711454400
28.756,4,Mar 26 2024 14: +0,1711461600
28.749,1,Mar 26 2024 15: +0,1711465200
28.732,1,Mar 26 2024 23: +0,1711494000
28.744,1,Mar 27 2024 00: +0,1711497600
29.898,2,Mar 27 2024 17: +0,1711558800
29.905,1,Mar 27 2024 20: +0,1711569600
29.9,1,Mar 27 2024 21: +0,1711573200
30.05,1,Mar 27 2024 22: +0,1711576800
31.364,1,Mar 28 2024 14: +0,1711634400
31.38,1,Mar 28 2024 15: +0,1711638000
31.851,2,Mar 29 2024 00: +0,1711670400
32.82,2,Mar 29 2024 11: +0,1711710000
31.293,1,Mar 29 2024 12: +0,1711713600
26.915,1,Mar 29 2024 14: +0,1711720800
34.428,1,Mar 29 2024 15: +0,1711724400
35.03,1,Mar 30 2024 00: +0,1711756800
35.03,1,Mar 30 2024 01: +0,1711760400
34.916,3,Mar 31 2024 23: +0,1711922400
34.916,1,Apr 01 2024 03: +0,1711936800
34.916,1,Apr 01 2024 13: +0,1711972800
34.849,1,Apr 02 2024 13: +0,1712059200
28.683,1,Apr 02 2024 16: +0,1712070000
34.869,1,Apr 03 2024 01: +0,1712102400
34.868,1,Apr 03 2024 15: +0,1712152800
34.869,1,Apr 03 2024 19: +0,1712167200
34.87,1,Apr 03 2024 20: +0,1712170800
34.94,1,Apr 03 2024 22: +0,1712178000
34.941,1,Apr 04 2024 07: +0,1712210400
30.679,10,Apr 04 2024 10: +0,1712221200
32.375,1,Apr 04 2024 16: +0,1712242800
32.374,1,Apr 04 2024 17: +0,1712246400
34.655,3,Apr 06 2024 05: +0,1712376000
34.681,1,Apr 06 2024 14: +0,1712408400
34.678,1,Apr 06 2024 17: +0,1712419200
34.568,1,Apr 07 2024 23: +0,1712527200
34.671,6,Apr 08 2024 01: +0,1712534400
34.671,1,Apr 08 2024 02: +0,1712538000
34.671,1,Apr 08 2024 07: +0,1712556000
35.466,1,Apr 08 2024 20: +0,1712602800
30.395,2,Apr 09 2024 08: +0,1712646000
35.417,1,Apr 09 2024 15: +0,1712671200
27.962,1,Apr 09 2024 23: +0,1712700000
29.997,1,Apr 10 2024 18: +0,1712768400
33.997,1,Apr 11 2024 04: +0,1712804400
34.296,1,Apr 11 2024 15: +0,1712844000
34.512,1,Apr 11 2024 21: +0,1712865600
29.997,1,Apr 11 2024 23: +0,1712872800
34.845,2,Apr 12 2024 01: +0,1712880000
34.462,1,Apr 13 2024 18: +0,1713027600
34.887,2,Apr 13 2024 22: +0,1713042000
29.024,1,Apr 15 2024 00: +0,1713135600
34.189,1,Apr 16 2024 06: +0,1713243600
30.045,1,Apr 16 2024 15: +0,1713276000
30.045,2,Apr 16 2024 23: +0,1713304800
34.358,1,Apr 17 2024 00: +0,1713308400
34.872,1,Apr 17 2024 01: +0,1713312000
35.169,4,Apr 17 2024 05: +0,1713326400
35.225,1,Apr 17 2024 08: +0,1713337200
35.097,2,Apr 17 2024 12: +0,1713351600
35.097,1,Apr 17 2024 13: +0,1713355200
35.145,1,Apr 18 2024 02: +0,1713402000
34.743,1,Apr 19 2024 03: +0,1713492000
33.822,1,Apr 20 2024 19: +0,1713636000
33.825,2,Apr 20 2024 23: +0,1713650400
34.085,1,Apr 21 2024 05: +0,1713672000
34.069,2,Apr 21 2024 18: +0,1713718800
29.607,1,Apr 22 2024 13: +0,1713787200
34.089,1,Apr 23 2024 08: +0,1713855600
34.309,1,Apr 24 2024 08: +0,1713942000
34.884,1,Apr 24 2024 10: +0,1713949200
35.02,1,Apr 24 2024 18: +0,1713978000
35.035,1,Apr 24 2024 23: +0,1713996000
29.815,1,Apr 26 2024 07: +0,1714111200
29.695,1,Apr 26 2024 17: +0,1714147200
32.437,1,Apr 26 2024 19: +0,1714154400
31.275,1,Apr 29 2024 16: +0,1714402800
31.428,1,Apr 30 2024 22: +0,1714510800
32.449,1,May 01 2024 01: +0,1714521600
33.519,1,May 01 2024 22: +0,1714597200
33.025,1,May 02 2024 15: +0,1714658400
35.027,1,May 03 2024 03: +0,1714701600
33.024,1,May 04 2024 09: +0,1714809600
34.249,1,May 04 2024 10: +0,1714813200
33.229,1,May 05 2024 04: +0,1714878000
35.267,1,May 06 2024 15: +0,1715004000
32.027,1,May 06 2024 20: +0,1715022000
34.422,3,May 07 2024 06: +0,1715058000
34.093,1,May 07 2024 09: +0,1715068800
34.334,1,May 07 2024 11: +0,1715076000
35.188,1,May 08 2024 16: +0,1715180400
35.094,1,May 09 2024 13: +0,1715256000
32.803,1,May 09 2024 18: +0,1715274000
31.602,1,May 10 2024 06: +0,1715317200
34.879,1,May 10 2024 10: +0,1715331600
34.95,6,May 10 2024 13: +0,1715342400
34.961,1,May 11 2024 13: +0,1715428800
34.826,1,May 12 2024 08: +0,1715497200
34.866,1,May 12 2024 22: +0,1715547600
34.692,2,May 13 2024 05: +0,1715572800
34.773,1,May 14 2024 23: +0,1715724000
35.178,2,May 15 2024 03: +0,1715738400
35.569,1,May 15 2024 22: +0,1715806800
35.62,1,May 15 2024 23: +0,1715810400
35.696,1,May 16 2024 01: +0,1715817600
35.697,1,May 16 2024 03: +0,1715824800
34.811,2,May 20 2024 05: +0,1716177600
30.281,1,May 21 2024 06: +0,1716267600
29.925,1,May 22 2024 21: +0,1716408000
29.665,3,May 23 2024 00: +0,1716418800
29.031,1,May 23 2024 20: +0,1716490800
29.063,1,May 24 2024 04: +0,1716519600
29.064,2,May 24 2024 12: +0,1716548400
28.904,4,May 24 2024 13: +0,1716552000
33.884,1,May 24 2024 19: +0,1716573600
32.988,1,May 24 2024 22: +0,1716584400
32.99,1,May 25 2024 03: +0,1716602400
34.105,6,May 25 2024 04: +0,1716606000
33.147,1,May 25 2024 23: +0,1716674400
34.152,1,May 26 2024 03: +0,1716688800
34.781,1,May 27 2024 00: +0,1716764400
34.867,1,May 27 2024 05: +0,1716782400
35.186,3,May 28 2024 13: +0,1716897600
34.434,1,May 30 2024 00: +0,1717023600
34.963,1,May 30 2024 20: +0,1717095600
34.883,1,May 31 2024 01: +0,1717113600
34.775,1,May 31 2024 18: +0,1717174800
34.627,1,May 31 2024 21: +0,1717185600
34.028,1,Jun 01 2024 04: +0,1717210800
30.339,2,Jun 01 2024 08: +0,1717225200
34.262,1,Jun 01 2024 14: +0,1717246800
34.514,3,Jun 02 2024 12: +0,1717326000
34.074,1,Jun 03 2024 01: +0,1717372800
34.948,5,Jun 03 2024 18: +0,1717434000
35.991,1,Jun 03 2024 21: +0,1717444800
34.504,1,Jun 06 2024 14: +0,1717678800
35.05,1,Jun 07 2024 00: +0,1717714800
35.15,1,Jun 07 2024 02: +0,1717722000
35.059,1,Jun 07 2024 16: +0,1717772400
35.071,4,Jun 08 2024 03: +0,1717812000
34.893,1,Jun 09 2024 20: +0,1717959600
34.604,1,Jun 10 2024 02: +0,1717981200
33.52,1,Jun 13 2024 04: +0,1718247600
32.725,1,Jun 15 2024 07: +0,1718431200
