price,quantity,date,unix timestamp
23.206,2,Nov 18 2019 01: +0,1574038800
10.943,600,Nov 19 2019 01: +0,1574125200
11.768,341,Nov 20 2019 01: +0,1574211600
11.854,220,Nov 21 2019 01: +0,1574298000
12.035,217,Nov 22 2019 01: +0,1574384400
11.221,228,Nov 23 2019 01: +0,1574470800
11.551,175,Nov 24 2019 01: +0,1574557200
12.037,124,Nov 25 2019 01: +0,1574643600
14.2,116,Nov 26 2019 01: +0,1574730000
13.792,181,Nov 27 2019 01: +0,1574816400
11.578,149,Nov 28 2019 01: +0,1574902800
13.741,153,Nov 29 2019 01: +0,1574989200
14.77,142,Nov 30 2019 01: +0,1575075600
16.051,121,Dec 01 2019 01: +0,1575162000
16.823,104,Dec 02 2019 01: +0,1575248400
18.571,108,Dec 03 2019 01: +0,1575334800
20.828,99,Dec 04 2019 01: +0,1575421200
17.968,129,Dec 05 2019 01: +0,1575507600
16.256,106,Dec 06 2019 01: +0,1575594000
15.97,102,Dec 07 2019 01: +0,1575680400
17.085,121,Dec 08 2019 01: +0,1575766800
16.532,77,Dec 09 2019 01: +0,1575853200
16.218,100,Dec 10 2019 01: +0,1575939600
16.321,84,Dec 11 2019 01: +0,1576026000
16.124,76,Dec 12 2019 01: +0,1576112400
16.043,75,Dec 13 2019 01: +0,1576198800
16.222,97,Dec 14 2019 01: +0,1576285200
16.713,81,Dec 15 2019 01: +0,1576371600
16.394,71,Dec 16 2019 01: +0,1576458000
16.512,73,Dec 17 2019 01: +0,1576544400
15.653,87,Dec 18 2019 01: +0,1576630800
14.924,86,Dec 19 2019 01: +0,1576717200
15.097,106,Dec 20 2019 01: +0,1576803600
15.855,97,Dec 21 2019 01: +0,1576890000
16.145,74,Dec 22 2019 01: +0,1576976400
15.913,78,Dec 23 2019 01: +0,1577062800
16.006,82,Dec 24 2019 01: +0,1577149200
16.191,97,Dec 25 2019 01: +0,1577235600
16.123,94,Dec 26 2019 01: +0,1577322000
15.824,88,Dec 27 2019 01: +0,1577408400
16.202,112,Dec 28 2019 01: +0,1577494800
15.868,98,Dec 29 2019 01: +0,1577581200
15.844,96,Dec 30 2019 01: +0,1577667600
16.306,72,Dec 31 2019 01: +0,1577754000
15.855,80,Jan 01 2020 01: +0,1577840400
15.347,98,Jan 02 2020 01: +0,1577926800
15.462,101,Jan 03 2020 01: +0,1578013200
15.231,98,Jan 04 2020 01: +0,1578099600
15.04,92,Jan 05 2020 01: +0,1578186000
15.0,69,Jan 06 2020 01: +0,1578272400
15.096,71,Jan 07 2020 01: +0,1578358800
14.845,75,Jan 08 2020 01: +0,1578445200
15.089,96,Jan 09 2020 01: +0,1578531600
15.542,76,Jan 10 2020 01: +0,1578618000
15.723,94,Jan 11 2020 01: +0,1578704400
15.403,87,Jan 12 2020 01: +0,1578790800
14.981,53,Jan 13 2020 01: +0,1578877200
15.375,68,Jan 14 2020 01: +0,1578963600
14.915,102,Jan 15 2020 01: +0,1579050000
15.046,91,Jan 16 2020 01: +0,1579136400
14.856,95,Jan 17 2020 01: +0,1579222800
15.233,77,Jan 18 2020 01: +0,1579309200
15.18,84,Jan 19 2020 01: +0,1579395600
14.663,101,Jan 20 2020 01: +0,1579482000
14.821,99,Jan 21 2020 01: +0,1579568400
14.632,82,Jan 22 2020 01: +0,1579654800
14.583,78,Jan 23 2020 01: +0,1579741200
14.341,103,Jan 24 2020 01: +0,1579827600
15.034,124,Jan 25 2020 01: +0,1579914000
14.489,111,Jan 26 2020 01: +0,1580000400
13.959,74,Jan 27 2020 01: +0,1580086800
13.753,104,Jan 28 2020 01: +0,1580173200
13.781,99,Jan 29 2020 01: +0,1580259600
14.195,58,Jan 30 2020 01: +0,1580346000
14.864,94,Jan 31 2020 01: +0,1580432400
15.464,92,Feb 01 2020 01: +0,1580518800
15.219,93,Feb 02 2020 01: +0,1580605200
15.083,75,Feb 03 2020 01: +0,1580691600
15.935,77,Feb 04 2020 01: +0,1580778000
15.503,83,Feb 05 2020 01: +0,1580864400
15.783,88,Feb 06 2020 01: +0,1580950800
15.623,105,Feb 07 2020 01: +0,1581037200
15.663,119,Feb 08 2020 01: +0,1581123600
15.702,114,Feb 09 2020 01: +0,1581210000
15.522,91,Feb 10 2020 01: +0,1581296400
15.691,86,Feb 11 2020 01: +0,1581382800
15.973,80,Feb 12 2020 01: +0,1581469200
15.648,101,Feb 13 2020 01: +0,1581555600
15.87,92,Feb 14 2020 01: +0,1581642000
16.053,105,Feb 15 2020 01: +0,1581728400
16.292,102,Feb 16 2020 01: +0,1581814800
15.4,69,Feb 17 2020 01: +0,1581901200
14.953,90,Feb 18 2020 01: +0,1581987600
14.761,102,Feb 19 2020 01: +0,1582074000
15.075,81,Feb 20 2020 01: +0,1582160400
14.964,97,Feb 21 2020 01: +0,1582246800
14.789,96,Feb 22 2020 01: +0,1582333200
14.617,100,Feb 23 2020 01: +0,1582419600
14.682,90,Feb 24 2020 01: +0,1582506000
14.53,120,Feb 25 2020 01: +0,1582592400
14.433,110,Feb 26 2020 01: +0,1582678800
14.717,99,Feb 27 2020 01: +0,1582765200
21.293,186,Feb 28 2020 01: +0,1582851600
23.03,136,Feb 29 2020 01: +0,1582938000
19.608,100,Mar 01 2020 01: +0,1583024400
18.254,93,Mar 02 2020 01: +0,1583110800
18.953,98,Mar 03 2020 01: +0,1583197200
19.163,104,Mar 04 2020 01: +0,1583283600
18.365,126,Mar 05 2020 01: +0,1583370000
18.496,117,Mar 06 2020 01: +0,1583456400
18.031,125,Mar 07 2020 01: +0,1583542800
17.353,110,Mar 08 2020 01: +0,1583629200
17.017,127,Mar 09 2020 01: +0,1583715600
17.445,94,Mar 10 2020 01: +0,1583802000
17.537,88,Mar 11 2020 01: +0,1583888400
17.087,94,Mar 12 2020 01: +0,1583974800
16.985,80,Mar 13 2020 01: +0,1584061200
16.569,98,Mar 14 2020 01: +0,1584147600
16.117,105,Mar 15 2020 01: +0,1584234000
15.946,88,Mar 16 2020 01: +0,1584320400
15.978,90,Mar 17 2020 01: +0,1584406800
15.691,106,Mar 18 2020 01: +0,1584493200
15.387,92,Mar 19 2020 01: +0,1584579600
15.464,92,Mar 20 2020 01: +0,1584666000
15.28,87,Mar 21 2020 01: +0,1584752400
15.295,109,Mar 22 2020 01: +0,1584838800
15.491,90,Mar 23 2020 01: +0,1584925200
15.628,82,Mar 24 2020 01: +0,1585011600
15.584,104,Mar 25 2020 01: +0,1585098000
15.193,86,Mar 26 2020 01: +0,1585184400
15.332,95,Mar 27 2020 01: +0,1585270800
15.521,91,Mar 28 2020 01: +0,1585357200
18.465,64,Mar 29 2020 01: +0,1585443600
16.965,68,Mar 30 2020 01: +0,1585526400
15.847,164,Mar 31 2020 01: +0,1585612800
15.384,161,Apr 01 2020 01: +0,1585699200
14.864,134,Apr 02 2020 01: +0,1585785600
15.561,117,Apr 03 2020 01: +0,1585872000
15.474,117,Apr 04 2020 01: +0,1585958400
15.612,108,Apr 05 2020 01: +0,1586044800
15.482,104,Apr 06 2020 01: +0,1586131200
15.354,93,Apr 07 2020 01: +0,1586217600
15.638,96,Apr 08 2020 01: +0,1586304000
15.216,103,Apr 09 2020 01: +0,1586390400
15.284,163,Apr 10 2020 01: +0,1586476800
12.251,336,Apr 11 2020 01: +0,1586563200
11.219,180,Apr 12 2020 01: +0,1586649600
10.673,136,Apr 13 2020 01: +0,1586736000
10.709,124,Apr 14 2020 01: +0,1586822400
10.455,106,Apr 15 2020 01: +0,1586908800
10.686,96,Apr 16 2020 01: +0,1586995200
10.436,101,Apr 17 2020 01: +0,1587081600
10.097,120,Apr 18 2020 01: +0,1587168000
9.566,90,Apr 19 2020 01: +0,1587254400
9.35,92,Apr 20 2020 01: +0,1587340800
9.669,75,Apr 21 2020 01: +0,1587427200
8.985,72,Apr 22 2020 01: +0,1587513600
9.074,83,Apr 23 2020 01: +0,1587600000
9.154,92,Apr 24 2020 01: +0,1587686400
9.377,80,Apr 25 2020 01: +0,1587772800
9.283,77,Apr 26 2020 01: +0,1587859200
8.46,82,Apr 27 2020 01: +0,1587945600
8.0,88,Apr 28 2020 01: +0,1588032000
8.184,86,Apr 29 2020 01: +0,1588118400
8.299,86,Apr 30 2020 01: +0,1588204800
8.309,94,May 01 2020 01: +0,1588291200
8.203,89,May 02 2020 01: +0,1588377600
8.212,82,May 03 2020 01: +0,1588464000
8.24,73,May 04 2020 01: +0,1588550400
8.445,79,May 05 2020 01: +0,1588636800
8.292,66,May 06 2020 01: +0,1588723200
8.018,71,May 07 2020 01: +0,1588809600
7.835,69,May 08 2020 01: +0,1588896000
7.863,62,May 09 2020 01: +0,1588982400
7.834,131,May 10 2020 01: +0,1589068800
7.948,62,May 11 2020 01: +0,1589155200
7.904,72,May 12 2020 01: +0,1589241600
7.812,46,May 13 2020 01: +0,1589328000
7.751,74,May 14 2020 01: +0,1589414400
7.804,65,May 15 2020 01: +0,1589500800
7.843,90,May 16 2020 01: +0,1589587200
7.979,88,May 17 2020 01: +0,1589673600
7.915,64,May 18 2020 01: +0,1589760000
7.909,52,May 19 2020 01: +0,1589846400
7.93,63,May 20 2020 01: +0,1589932800
8.103,54,May 21 2020 01: +0,1590019200
8.098,59,May 22 2020 01: +0,1590105600
8.378,48,May 23 2020 01: +0,1590192000
7.965,59,May 24 2020 01: +0,1590278400
7.563,68,May 25 2020 01: +0,1590364800
7.114,46,May 26 2020 01: +0,1590451200
6.786,46,May 27 2020 01: +0,1590537600
7.042,45,May 28 2020 01: +0,1590624000
7.263,52,May 29 2020 01: +0,1590710400
7.344,55,May 30 2020 01: +0,1590796800
7.727,56,May 31 2020 01: +0,1590883200
7.255,41,Jun 01 2020 01: +0,1590969600
7.562,45,Jun 02 2020 01: +0,1591056000
7.227,57,Jun 03 2020 01: +0,1591142400
7.774,49,Jun 04 2020 01: +0,1591228800
7.441,52,Jun 05 2020 01: +0,1591315200
7.524,48,Jun 06 2020 01: +0,1591401600
7.631,51,Jun 07 2020 01: +0,1591488000
7.635,50,Jun 08 2020 01: +0,1591574400
7.557,65,Jun 09 2020 01: +0,1591660800
7.557,26,Jun 10 2020 01: +0,1591747200
7.456,44,Jun 11 2020 01: +0,1591833600
7.622,55,Jun 12 2020 01: +0,1591920000
7.536,66,Jun 13 2020 01: +0,1592006400
7.396,43,Jun 14 2020 01: +0,1592092800
7.499,48,Jun 15 2020 01: +0,1592179200
7.582,33,Jun 16 2020 01: +0,1592265600
7.471,43,Jun 17 2020 01: +0,1592352000
7.257,40,Jun 18 2020 01: +0,1592438400
7.079,52,Jun 19 2020 01: +0,1592524800
7.273,41,Jun 20 2020 01: +0,1592611200
7.084,49,Jun 21 2020 01: +0,1592697600
6.844,44,Jun 22 2020 01: +0,1592784000
6.817,32,Jun 23 2020 01: +0,1592870400
6.765,44,Jun 24 2020 01: +0,1592956800
6.55,64,Jun 25 2020 01: +0,1593043200
6.633,70,Jun 26 2020 01: +0,1593129600
6.538,55,Jun 27 2020 01: +0,1593216000
6.603,48,Jun 28 2020 01: +0,1593302400
6.517,57,Jun 29 2020 01: +0,1593388800
6.475,64,Jun 30 2020 01: +0,1593475200
7.134,44,Jul 01 2020 01: +0,1593561600
6.802,56,Jul 02 2020 01: +0,1593648000
6.882,52,Jul 03 2020 01: +0,1593734400
6.976,87,Jul 04 2020 01: +0,1593820800
6.826,106,Jul 05 2020 01: +0,1593907200
6.795,58,Jul 06 2020 01: +0,1593993600
7.011,98,Jul 07 2020 01: +0,1594080000
7.389,64,Jul 08 2020 01: +0,1594166400
7.431,53,Jul 09 2020 01: +0,1594252800
7.29,51,Jul 10 2020 01: +0,1594339200
7.354,45,Jul 11 2020 01: +0,1594425600
7.534,35,Jul 12 2020 01: +0,1594512000
7.425,108,Jul 13 2020 01: +0,1594598400
7.207,41,Jul 14 2020 01: +0,1594684800
7.481,48,Jul 15 2020 01: +0,1594771200
8.014,33,Jul 16 2020 01: +0,1594857600
8.281,53,Jul 17 2020 01: +0,1594944000
8.448,33,Jul 18 2020 01: +0,1595030400
8.312,53,Jul 19 2020 01: +0,1595116800
8.254,28,Jul 20 2020 01: +0,1595203200
8.275,33,Jul 21 2020 01: +0,1595289600
10.029,63,Jul 22 2020 01: +0,1595376000
8.68,50,Jul 23 2020 01: +0,1595462400
8.495,44,Jul 24 2020 01: +0,1595548800
8.949,35,Jul 25 2020 01: +0,1595635200
8.869,34,Jul 26 2020 01: +0,1595721600
8.915,30,Jul 27 2020 01: +0,1595808000
8.87,40,Jul 28 2020 01: +0,1595894400
8.625,38,Jul 29 2020 01: +0,1595980800
8.787,34,Jul 30 2020 01: +0,1596067200
9.093,28,Jul 31 2020 01: +0,1596153600
8.592,40,Aug 01 2020 01: +0,1596240000
8.874,42,Aug 02 2020 01: +0,1596326400
9.27,31,Aug 03 2020 01: +0,1596412800
8.949,45,Aug 04 2020 01: +0,1596499200
8.702,44,Aug 05 2020 01: +0,1596585600
8.93,37,Aug 06 2020 01: +0,1596672000
8.686,47,Aug 07 2020 01: +0,1596758400
8.579,46,Aug 08 2020 01: +0,1596844800
8.423,49,Aug 09 2020 01: +0,1596931200
8.623,38,Aug 10 2020 01: +0,1597017600
8.544,51,Aug 11 2020 01: +0,1597104000
8.567,39,Aug 12 2020 01: +0,1597190400
8.669,39,Aug 13 2020 01: +0,1597276800
8.636,55,Aug 14 2020 01: +0,1597363200
8.721,39,Aug 15 2020 01: +0,1597449600
8.749,41,Aug 16 2020 01: +0,1597536000
8.644,55,Aug 17 2020 01: +0,1597622400
8.494,40,Aug 18 2020 01: +0,1597708800
8.612,45,Aug 19 2020 01: +0,1597795200
8.613,50,Aug 20 2020 01: +0,1597881600
8.634,39,Aug 21 2020 01: +0,1597968000
8.721,46,Aug 22 2020 01: +0,1598054400
9.219,22,Aug 23 2020 01: +0,1598140800
8.809,33,Aug 24 2020 01: +0,1598227200
8.975,45,Aug 25 2020 01: +0,1598313600
8.897,37,Aug 26 2020 01: +0,1598400000
8.888,30,Aug 27 2020 01: +0,1598486400
8.77,29,Aug 28 2020 01: +0,1598572800
8.973,39,Aug 29 2020 01: +0,1598659200
8.918,35,Aug 30 2020 01: +0,1598745600
9.019,27,Aug 31 2020 01: +0,1598832000
8.774,31,Sep 01 2020 01: +0,1598918400
8.526,30,Sep 02 2020 01: +0,1599004800
8.678,38,Sep 03 2020 01: +0,1599091200
9.022,36,Sep 04 2020 01: +0,1599177600
8.873,47,Sep 05 2020 01: +0,1599264000
9.025,44,Sep 06 2020 01: +0,1599350400
9.097,27,Sep 07 2020 01: +0,1599436800
8.571,26,Sep 08 2020 01: +0,1599523200
8.691,22,Sep 09 2020 01: +0,1599609600
8.296,25,Sep 10 2020 01: +0,1599696000
8.788,27,Sep 11 2020 01: +0,1599782400
8.816,41,Sep 12 2020 01: +0,1599868800
8.993,31,Sep 13 2020 01: +0,1599955200
8.92,37,Sep 14 2020 01: +0,1600041600
9.349,25,Sep 15 2020 01: +0,1600128000
8.929,27,Sep 16 2020 01: +0,1600214400
9.382,36,Sep 17 2020 01: +0,1600300800
9.383,22,Sep 18 2020 01: +0,1600387200
8.902,26,Sep 19 2020 01: +0,1600473600
8.679,28,Sep 20 2020 01: +0,1600560000
8.714,39,Sep 21 2020 01: +0,1600646400
8.766,20,Sep 22 2020 01: +0,1600732800
8.843,18,Sep 23 2020 01: +0,1600819200
8.299,35,Sep 24 2020 01: +0,1600905600
8.588,21,Sep 25 2020 01: +0,1600992000
8.411,24,Sep 26 2020 01: +0,1601078400
8.517,25,Sep 27 2020 01: +0,1601164800
8.316,45,Sep 28 2020 01: +0,1601251200
8.589,32,Sep 29 2020 01: +0,1601337600
8.744,24,Sep 30 2020 01: +0,1601424000
8.714,21,Oct 01 2020 01: +0,1601510400
8.786,31,Oct 02 2020 01: +0,1601596800
9.077,30,Oct 03 2020 01: +0,1601683200
9.129,43,Oct 04 2020 01: +0,1601769600
9.436,25,Oct 05 2020 01: +0,1601856000
8.9,26,Oct 06 2020 01: +0,1601942400
9.134,43,Oct 07 2020 01: +0,1602028800
9.121,23,Oct 08 2020 01: +0,1602115200
9.278,28,Oct 09 2020 01: +0,1602201600
9.589,22,Oct 10 2020 01: +0,1602288000
9.446,28,Oct 11 2020 01: +0,1602374400
9.124,21,Oct 12 2020 01: +0,1602460800
8.558,26,Oct 13 2020 01: +0,1602547200
8.861,17,Oct 14 2020 01: +0,1602633600
9.141,28,Oct 15 2020 01: +0,1602720000
8.983,31,Oct 16 2020 01: +0,1602806400
9.049,32,Oct 17 2020 01: +0,1602892800
9.419,30,Oct 18 2020 01: +0,1602979200
9.212,21,Oct 19 2020 01: +0,1603065600
8.954,27,Oct 20 2020 01: +0,1603152000
9.1,26,Oct 21 2020 01: +0,1603238400
8.962,22,Oct 22 2020 01: +0,1603324800
9.248,35,Oct 23 2020 01: +0,1603411200
9.391,34,Oct 24 2020 01: +0,1603497600
9.565,29,Oct 25 2020 01: +0,1603584000
9.283,14,Oct 26 2020 01: +0,1603674000
8.8,25,Oct 27 2020 01: +0,1603760400
9.061,26,Oct 28 2020 01: +0,1603846800
9.376,25,Oct 29 2020 01: +0,1603933200
8.994,26,Oct 30 2020 01: +0,1604019600
8.83,21,Oct 31 2020 01: +0,1604106000
9.31,30,Nov 01 2020 01: +0,1604192400
9.43,15,Nov 02 2020 01: +0,1604278800
9.239,30,Nov 03 2020 01: +0,1604365200
9.566,15,Nov 04 2020 01: +0,1604451600
9.377,22,Nov 05 2020 01: +0,1604538000
9.365,25,Nov 06 2020 01: +0,1604624400
9.714,33,Nov 07 2020 01: +0,1604710800
9.375,25,Nov 08 2020 01: +0,1604797200
9.389,22,Nov 09 2020 01: +0,1604883600
9.256,33,Nov 10 2020 01: +0,1604970000
9.137,16,Nov 11 2020 01: +0,1605056400
9.262,26,Nov 12 2020 01: +0,1605142800
9.283,34,Nov 13 2020 01: +0,1605229200
9.107,34,Nov 14 2020 01: +0,1605315600
9.473,24,Nov 15 2020 01: +0,1605402000
9.059,28,Nov 16 2020 01: +0,1605488400
9.167,31,Nov 17 2020 01: +0,1605574800
8.692,32,Nov 18 2020 01: +0,1605661200
8.881,28,Nov 19 2020 01: +0,1605747600
8.901,36,Nov 20 2020 01: +0,1605834000
8.883,22,Nov 21 2020 01: +0,1605920400
8.978,21,Nov 22 2020 01: +0,1606006800
8.971,35,Nov 23 2020 01: +0,1606093200
9.386,16,Nov 24 2020 01: +0,1606179600
8.82,22,Nov 25 2020 01: +0,1606266000
8.56,29,Nov 26 2020 01: +0,1606352400
8.518,29,Nov 27 2020 01: +0,1606438800
8.633,24,Nov 28 2020 01: +0,1606525200
8.348,29,Nov 29 2020 01: +0,1606611600
8.017,31,Nov 30 2020 01: +0,1606698000
8.292,24,Dec 01 2020 01: +0,1606784400
8.536,27,Dec 02 2020 01: +0,1606870800
8.48,35,Dec 03 2020 01: +0,1606957200
6.96,95,Dec 04 2020 01: +0,1607043600
7.241,39,Dec 05 2020 01: +0,1607130000
7.639,30,Dec 06 2020 01: +0,1607216400
7.538,32,Dec 07 2020 01: +0,1607302800
7.327,17,Dec 08 2020 01: +0,1607389200
7.205,37,Dec 09 2020 01: +0,1607475600
6.726,27,Dec 10 2020 01: +0,1607562000
7.016,39,Dec 11 2020 01: +0,1607648400
7.278,41,Dec 12 2020 01: +0,1607734800
7.655,28,Dec 13 2020 01: +0,1607821200
7.505,23,Dec 14 2020 01: +0,1607907600
7.679,27,Dec 15 2020 01: +0,1607994000
7.811,35,Dec 16 2020 01: +0,1608080400
7.526,30,Dec 17 2020 01: +0,1608166800
8.208,31,Dec 18 2020 01: +0,1608253200
7.836,48,Dec 19 2020 01: +0,1608339600
8.307,27,Dec 20 2020 01: +0,1608426000
8.276,26,Dec 21 2020 01: +0,1608512400
8.28,36,Dec 22 2020 01: +0,1608598800
8.117,29,Dec 23 2020 01: +0,1608685200
8.147,39,Dec 24 2020 01: +0,1608771600
8.519,29,Dec 25 2020 01: +0,1608858000
8.411,40,Dec 26 2020 01: +0,1608944400
8.282,29,Dec 27 2020 01: +0,1609030800
8.489,35,Dec 28 2020 01: +0,1609117200
8.82,26,Dec 29 2020 01: +0,1609203600
8.52,30,Dec 30 2020 01: +0,1609290000
8.947,23,Dec 31 2020 01: +0,1609376400
8.674,33,Jan 01 2021 01: +0,1609462800
9.015,27,Jan 02 2021 01: +0,1609549200
8.923,28,Jan 03 2021 01: +0,1609635600
8.649,33,Jan 04 2021 01: +0,1609722000
9.01,24,Jan 05 2021 01: +0,1609808400
9.164,35,Jan 06 2021 01: +0,1609894800
9.398,22,Jan 07 2021 01: +0,1609981200
9.03,20,Jan 08 2021 01: +0,1610067600
8.981,38,Jan 09 2021 01: +0,1610154000
9.5,28,Jan 10 2021 01: +0,1610240400
9.903,36,Jan 11 2021 01: +0,1610326800
9.376,33,Jan 12 2021 01: +0,1610413200
10.571,12,Jan 13 2021 01: +0,1610499600
9.697,34,Jan 14 2021 01: +0,1610586000
9.54,22,Jan 15 2021 01: +0,1610672400
9.317,33,Jan 16 2021 01: +0,1610758800
9.448,31,Jan 17 2021 01: +0,1610845200
9.912,20,Jan 18 2021 01: +0,1610931600
9.335,20,Jan 19 2021 01: +0,1611018000
9.218,31,Jan 20 2021 01: +0,1611104400
9.894,25,Jan 21 2021 01: +0,1611190800
9.549,34,Jan 22 2021 01: +0,1611277200
8.969,34,Jan 23 2021 01: +0,1611363600
8.825,31,Jan 24 2021 01: +0,1611450000
9.426,26,Jan 25 2021 01: +0,1611536400
9.16,25,Jan 26 2021 01: +0,1611622800
9.232,21,Jan 27 2021 01: +0,1611709200
8.251,52,Jan 28 2021 01: +0,1611795600
8.5,51,Jan 29 2021 01: +0,1611882000
8.668,37,Jan 30 2021 01: +0,1611968400
9.04,27,Jan 31 2021 01: +0,1612054800
8.665,28,Feb 01 2021 01: +0,1612141200
9.007,25,Feb 02 2021 01: +0,1612227600
8.902,21,Feb 03 2021 01: +0,1612314000
9.853,33,Feb 04 2021 01: +0,1612400400
9.052,30,Feb 05 2021 01: +0,1612486800
9.04,45,Feb 06 2021 01: +0,1612573200
9.334,35,Feb 07 2021 01: +0,1612659600
9.146,26,Feb 08 2021 01: +0,1612746000
8.849,40,Feb 09 2021 01: +0,1612832400
8.676,36,Feb 10 2021 01: +0,1612918800
8.521,29,Feb 11 2021 01: +0,1613005200
8.353,33,Feb 12 2021 01: +0,1613091600
8.269,46,Feb 13 2021 01: +0,1613178000
8.645,36,Feb 14 2021 01: +0,1613264400
8.174,40,Feb 15 2021 01: +0,1613350800
8.679,23,Feb 16 2021 01: +0,1613437200
8.194,28,Feb 17 2021 01: +0,1613523600
8.71,31,Feb 18 2021 01: +0,1613610000
8.518,28,Feb 19 2021 01: +0,1613696400
8.738,35,Feb 20 2021 01: +0,1613782800
8.597,26,Feb 21 2021 01: +0,1613869200
8.271,25,Feb 22 2021 01: +0,1613955600
8.466,30,Feb 23 2021 01: +0,1614042000
8.855,28,Feb 24 2021 01: +0,1614128400
8.953,35,Feb 25 2021 01: +0,1614214800
9.218,26,Feb 26 2021 01: +0,1614301200
9.554,40,Feb 27 2021 01: +0,1614387600
9.532,29,Feb 28 2021 01: +0,1614474000
9.408,32,Mar 01 2021 01: +0,1614560400
9.312,27,Mar 02 2021 01: +0,1614646800
9.75,26,Mar 03 2021 01: +0,1614733200
9.727,37,Mar 04 2021 01: +0,1614819600
9.985,34,Mar 05 2021 01: +0,1614906000
9.69,25,Mar 06 2021 01: +0,1614992400
10.171,28,Mar 07 2021 01: +0,1615078800
9.493,31,Mar 08 2021 01: +0,1615165200
9.394,30,Mar 09 2021 01: +0,1615251600
9.894,38,Mar 10 2021 01: +0,1615338000
9.697,40,Mar 11 2021 01: +0,1615424400
10.032,35,Mar 12 2021 01: +0,1615510800
10.283,29,Mar 13 2021 01: +0,1615597200
10.31,27,Mar 14 2021 01: +0,1615683600
10.201,29,Mar 15 2021 01: +0,1615770000
10.156,20,Mar 16 2021 01: +0,1615856400
10.578,31,Mar 17 2021 01: +0,1615942800
10.197,37,Mar 18 2021 01: +0,1616029200
10.305,43,Mar 19 2021 01: +0,1616115600
10.508,26,Mar 20 2021 01: +0,1616202000
10.904,38,Mar 21 2021 01: +0,1616288400
10.553,26,Mar 22 2021 01: +0,1616374800
10.542,30,Mar 23 2021 01: +0,1616461200
10.288,32,Mar 24 2021 01: +0,1616547600
9.988,31,Mar 25 2021 01: +0,1616634000
10.1,40,Mar 26 2021 01: +0,1616720400
10.068,39,Mar 27 2021 01: +0,1616806800
10.503,37,Mar 28 2021 01: +0,1616893200
10.492,25,Mar 29 2021 01: +0,1616976000
10.001,33,Mar 30 2021 01: +0,1617062400
10.243,39,Mar 31 2021 01: +0,1617148800
10.213,22,Apr 01 2021 01: +0,1617235200
9.938,23,Apr 02 2021 01: +0,1617321600
9.93,44,Apr 03 2021 01: +0,1617408000
10.017,31,Apr 04 2021 01: +0,1617494400
10.358,32,Apr 05 2021 01: +0,1617580800
9.943,32,Apr 06 2021 01: +0,1617667200
9.477,52,Apr 07 2021 01: +0,1617753600
9.128,43,Apr 08 2021 01: +0,1617840000
8.919,41,Apr 09 2021 01: +0,1617926400
8.729,38,Apr 10 2021 01: +0,1618012800
8.831,36,Apr 11 2021 01: +0,1618099200
8.341,33,Apr 12 2021 01: +0,1618185600
8.32,33,Apr 13 2021 01: +0,1618272000
8.559,6,Apr 14 2021 01: +0,1618358400
8.947,43,Apr 15 2021 01: +0,1618444800
9.188,25,Apr 16 2021 01: +0,1618531200
8.709,38,Apr 17 2021 01: +0,1618617600
8.703,30,Apr 18 2021 01: +0,1618704000
9.077,26,Apr 19 2021 01: +0,1618790400
8.887,23,Apr 20 2021 01: +0,1618876800
8.615,29,Apr 21 2021 01: +0,1618963200
8.76,32,Apr 22 2021 01: +0,1619049600
8.849,28,Apr 23 2021 01: +0,1619136000
9.097,28,Apr 24 2021 01: +0,1619222400
9.089,24,Apr 25 2021 01: +0,1619308800
8.875,33,Apr 26 2021 01: +0,1619395200
8.871,29,Apr 27 2021 01: +0,1619481600
8.425,23,Apr 28 2021 01: +0,1619568000
8.73,26,Apr 29 2021 01: +0,1619654400
8.844,29,Apr 30 2021 01: +0,1619740800
8.931,24,May 01 2021 01: +0,1619827200
9.181,30,May 02 2021 01: +0,1619913600
9.146,29,May 03 2021 01: +0,1620000000
8.786,31,May 04 2021 01: +0,1620086400
8.981,45,May 05 2021 01: +0,1620172800
8.999,36,May 06 2021 01: +0,1620259200
9.248,22,May 07 2021 01: +0,1620345600
9.319,36,May 08 2021 01: +0,1620432000
9.459,21,May 09 2021 01: +0,1620518400
9.586,23,May 10 2021 01: +0,1620604800
9.302,31,May 11 2021 01: +0,1620691200
9.981,31,May 12 2021 01: +0,1620777600
9.625,21,May 13 2021 01: +0,1620864000
9.363,26,May 14 2021 01: +0,1620950400
9.781,33,May 15 2021 01: +0,1621036800
9.7,37,May 16 2021 01: +0,1621123200
10.103,21,May 17 2021 01: +0,1621209600
9.787,24,May 18 2021 01: +0,1621296000
9.745,23,May 19 2021 01: +0,1621382400
9.946,49,May 20 2021 01: +0,1621468800
10.244,25,May 21 2021 01: +0,1621555200
10.476,17,May 22 2021 01: +0,1621641600
9.703,34,May 23 2021 01: +0,1621728000
9.88,29,May 24 2021 01: +0,1621814400
9.705,28,May 25 2021 01: +0,1621900800
9.713,25,May 26 2021 01: +0,1621987200
9.994,36,May 27 2021 01: +0,1622073600
10.542,25,May 28 2021 01: +0,1622160000
10.593,41,May 29 2021 01: +0,1622246400
10.375,30,May 30 2021 01: +0,1622332800
10.896,24,May 31 2021 01: +0,1622419200
11.069,22,Jun 01 2021 01: +0,1622505600
10.756,28,Jun 02 2021 01: +0,1622592000
10.639,27,Jun 03 2021 01: +0,1622678400
10.732,41,Jun 04 2021 01: +0,1622764800
10.492,25,Jun 05 2021 01: +0,1622851200
11.206,32,Jun 06 2021 01: +0,1622937600
10.477,33,Jun 07 2021 01: +0,1623024000
10.254,23,Jun 08 2021 01: +0,1623110400
10.388,27,Jun 09 2021 01: +0,1623196800
10.319,25,Jun 10 2021 01: +0,1623283200
10.632,23,Jun 11 2021 01: +0,1623369600
10.016,29,Jun 12 2021 01: +0,1623456000
9.853,33,Jun 13 2021 01: +0,1623542400
10.559,16,Jun 14 2021 01: +0,1623628800
10.305,17,Jun 15 2021 01: +0,1623715200
9.428,20,Jun 16 2021 01: +0,1623801600
10.028,17,Jun 17 2021 01: +0,1623888000
9.958,28,Jun 18 2021 01: +0,1623974400
9.837,14,Jun 19 2021 01: +0,1624060800
9.706,26,Jun 20 2021 01: +0,1624147200
9.852,21,Jun 21 2021 01: +0,1624233600
9.696,23,Jun 22 2021 01: +0,1624320000
10.054,21,Jun 23 2021 01: +0,1624406400
8.435,33,Jun 24 2021 01: +0,1624492800
8.339,31,Jun 25 2021 01: +0,1624579200
8.75,29,Jun 26 2021 01: +0,1624665600
8.639,31,Jun 27 2021 01: +0,1624752000
8.584,28,Jun 28 2021 01: +0,1624838400
8.416,25,Jun 29 2021 01: +0,1624924800
8.818,23,Jun 30 2021 01: +0,1625011200
8.772,24,Jul 01 2021 01: +0,1625097600
8.209,19,Jul 02 2021 01: +0,1625184000
8.285,16,Jul 03 2021 01: +0,1625270400
8.394,24,Jul 04 2021 01: +0,1625356800
8.924,27,Jul 05 2021 01: +0,1625443200
8.674,28,Jul 06 2021 01: +0,1625529600
8.419,21,Jul 07 2021 01: +0,1625616000
8.608,16,Jul 08 2021 01: +0,1625702400
8.669,24,Jul 09 2021 01: +0,1625788800
8.539,33,Jul 10 2021 01: +0,1625875200
9.038,12,Jul 11 2021 01: +0,1625961600
9.047,18,Jul 12 2021 01: +0,1626048000
8.652,21,Jul 13 2021 01: +0,1626134400
8.491,14,Jul 14 2021 01: +0,1626220800
8.333,23,Jul 15 2021 01: +0,1626307200
8.756,23,Jul 16 2021 01: +0,1626393600
9.053,24,Jul 17 2021 01: +0,1626480000
8.776,21,Jul 18 2021 01: +0,1626566400
8.812,23,Jul 19 2021 01: +0,1626652800
8.949,25,Jul 20 2021 01: +0,1626739200
8.399,29,Jul 21 2021 01: +0,1626825600
9.061,22,Jul 22 2021 01: +0,1626912000
8.552,24,Jul 23 2021 01: +0,1626998400
8.632,24,Jul 24 2021 01: +0,1627084800
8.718,17,Jul 25 2021 01: +0,1627171200
8.753,16,Jul 26 2021 01: +0,1627257600
9.016,19,Jul 27 2021 01: +0,1627344000
8.824,22,Jul 28 2021 01: +0,1627430400
8.9,20,Jul 29 2021 01: +0,1627516800
8.816,20,Jul 30 2021 01: +0,1627603200
8.748,22,Jul 31 2021 01: +0,1627689600
8.534,15,Aug 01 2021 01: +0,1627776000
8.793,20,Aug 02 2021 01: +0,1627862400
8.786,18,Aug 03 2021 01: +0,1627948800
8.843,17,Aug 04 2021 01: +0,1628035200
8.504,20,Aug 05 2021 01: +0,1628121600
8.698,24,Aug 06 2021 01: +0,1628208000
8.773,22,Aug 07 2021 01: +0,1628294400
8.88,21,Aug 08 2021 01: +0,1628380800
8.548,10,Aug 09 2021 01: +0,1628467200
8.278,19,Aug 10 2021 01: +0,1628553600
8.319,19,Aug 11 2021 01: +0,1628640000
8.728,28,Aug 12 2021 01: +0,1628726400
8.087,19,Aug 13 2021 01: +0,1628812800
8.461,21,Aug 14 2021 01: +0,1628899200
7.881,15,Aug 15 2021 01: +0,1628985600
8.166,19,Aug 16 2021 01: +0,1629072000
8.351,25,Aug 17 2021 01: +0,1629158400
8.316,22,Aug 18 2021 01: +0,1629244800
8.661,31,Aug 19 2021 01: +0,1629331200
8.559,22,Aug 20 2021 01: +0,1629417600
8.858,19,Aug 21 2021 01: +0,1629504000
8.728,22,Aug 22 2021 01: +0,1629590400
8.202,20,Aug 23 2021 01: +0,1629676800
7.883,24,Aug 24 2021 01: +0,1629763200
8.152,13,Aug 25 2021 01: +0,1629849600
8.142,14,Aug 26 2021 01: +0,1629936000
8.098,22,Aug 27 2021 01: +0,1630022400
8.496,19,Aug 28 2021 01: +0,1630108800
8.27,24,Aug 29 2021 01: +0,1630195200
8.284,21,Aug 30 2021 01: +0,1630281600
8.279,19,Aug 31 2021 01: +0,1630368000
8.658,26,Sep 01 2021 01: +0,1630454400
8.373,19,Sep 02 2021 01: +0,1630540800
8.603,18,Sep 03 2021 01: +0,1630627200
8.834,33,Sep 04 2021 01: +0,1630713600
8.375,24,Sep 05 2021 01: +0,1630800000
8.107,20,Sep 06 2021 01: +0,1630886400
8.238,20,Sep 07 2021 01: +0,1630972800
8.156,13,Sep 08 2021 01: +0,1631059200
8.501,15,Sep 09 2021 01: +0,1631145600
8.419,17,Sep 10 2021 01: +0,1631232000
8.674,29,Sep 11 2021 01: +0,1631318400
8.706,24,Sep 12 2021 01: +0,1631404800
8.78,17,Sep 13 2021 01: +0,1631491200
8.602,19,Sep 14 2021 01: +0,1631577600
8.361,22,Sep 15 2021 01: +0,1631664000
8.708,22,Sep 16 2021 01: +0,1631750400
8.352,15,Sep 17 2021 01: +0,1631836800
8.385,24,Sep 18 2021 01: +0,1631923200
8.796,22,Sep 19 2021 01: +0,1632009600
8.643,20,Sep 20 2021 01: +0,1632096000
8.144,21,Sep 21 2021 01: +0,1632182400
7.149,58,Sep 22 2021 01: +0,1632268800
6.904,22,Sep 23 2021 01: +0,1632355200
6.901,28,Sep 24 2021 01: +0,1632441600
7.073,23,Sep 25 2021 01: +0,1632528000
7.221,26,Sep 26 2021 01: +0,1632614400
7.614,23,Sep 27 2021 01: +0,1632700800
7.288,30,Sep 28 2021 01: +0,1632787200
7.276,26,Sep 29 2021 01: +0,1632873600
7.398,22,Sep 30 2021 01: +0,1632960000
7.333,23,Oct 01 2021 01: +0,1633046400
7.184,27,Oct 02 2021 01: +0,1633132800
7.746,22,Oct 03 2021 01: +0,1633219200
7.807,19,Oct 04 2021 01: +0,1633305600
7.821,24,Oct 05 2021 01: +0,1633392000
7.651,18,Oct 06 2021 01: +0,1633478400
7.627,24,Oct 07 2021 01: +0,1633564800
7.839,21,Oct 08 2021 01: +0,1633651200
8.426,26,Oct 09 2021 01: +0,1633737600
7.613,20,Oct 10 2021 01: +0,1633824000
7.903,16,Oct 11 2021 01: +0,1633910400
7.786,23,Oct 12 2021 01: +0,1633996800
8.354,15,Oct 13 2021 01: +0,1634083200
8.527,18,Oct 14 2021 01: +0,1634169600
8.046,29,Oct 15 2021 01: +0,1634256000
8.308,20,Oct 16 2021 01: +0,1634342400
7.703,15,Oct 17 2021 01: +0,1634428800
8.205,15,Oct 18 2021 01: +0,1634515200
7.872,24,Oct 19 2021 01: +0,1634601600
8.026,17,Oct 20 2021 01: +0,1634688000
7.753,22,Oct 21 2021 01: +0,1634774400
6.646,43,Oct 22 2021 01: +0,1634860800
7.077,28,Oct 23 2021 01: +0,1634947200
7.481,23,Oct 24 2021 01: +0,1635033600
6.962,20,Oct 25 2021 01: +0,1635120000
7.329,23,Oct 26 2021 01: +0,1635206400
7.551,20,Oct 27 2021 01: +0,1635292800
6.989,16,Oct 28 2021 01: +0,1635379200
7.532,30,Oct 29 2021 01: +0,1635465600
7.54,21,Oct 30 2021 01: +0,1635552000
7.7,19,Oct 31 2021 01: +0,1635638400
7.451,19,Nov 01 2021 01: +0,1635728400
7.487,11,Nov 02 2021 01: +0,1635814800
6.942,22,Nov 03 2021 01: +0,1635901200
7.8,24,Nov 04 2021 01: +0,1635987600
7.189,15,Nov 05 2021 01: +0,1636074000
7.219,30,Nov 06 2021 01: +0,1636160400
7.808,24,Nov 07 2021 01: +0,1636246800
7.451,20,Nov 08 2021 01: +0,1636333200
7.359,16,Nov 09 2021 01: +0,1636419600
6.963,28,Nov 10 2021 01: +0,1636506000
6.687,32,Nov 11 2021 01: +0,1636592400
7.117,17,Nov 12 2021 01: +0,1636678800
7.186,23,Nov 13 2021 01: +0,1636765200
7.036,22,Nov 14 2021 01: +0,1636851600
7.183,17,Nov 15 2021 01: +0,1636938000
7.018,20,Nov 16 2021 01: +0,1637024400
7.296,26,Nov 17 2021 01: +0,1637110800
6.796,13,Nov 18 2021 01: +0,1637197200
6.95,18,Nov 19 2021 01: +0,1637283600
7.177,16,Nov 20 2021 01: +0,1637370000
7.234,26,Nov 21 2021 01: +0,1637456400
7.511,13,Nov 22 2021 01: +0,1637542800
7.309,14,Nov 23 2021 01: +0,1637629200
7.238,22,Nov 24 2021 01: +0,1637715600
6.991,29,Nov 25 2021 01: +0,1637802000
7.09,29,Nov 26 2021 01: +0,1637888400
7.134,23,Nov 27 2021 01: +0,1637974800
6.75,34,Nov 28 2021 01: +0,1638061200
7.427,18,Nov 29 2021 01: +0,1638147600
7.613,23,Nov 30 2021 01: +0,1638234000
7.644,37,Dec 01 2021 01: +0,1638320400
7.827,13,Dec 02 2021 01: +0,1638406800
7.865,21,Dec 03 2021 01: +0,1638493200
8.196,19,Dec 04 2021 01: +0,1638579600
7.801,23,Dec 05 2021 01: +0,1638666000
8.26,15,Dec 06 2021 01: +0,1638752400
8.252,13,Dec 07 2021 01: +0,1638838800
8.58,14,Dec 08 2021 01: +0,1638925200
8.581,10,Dec 09 2021 01: +0,1639011600
8.229,24,Dec 10 2021 01: +0,1639098000
9.186,20,Dec 11 2021 01: +0,1639184400
8.619,17,Dec 12 2021 01: +0,1639270800
8.3,15,Dec 13 2021 01: +0,1639357200
8.234,14,Dec 14 2021 01: +0,1639443600
8.101,20,Dec 15 2021 01: +0,1639530000
8.188,21,Dec 16 2021 01: +0,1639616400
8.772,31,Dec 17 2021 01: +0,1639702800
8.271,11,Dec 18 2021 01: +0,1639789200
8.598,17,Dec 19 2021 01: +0,1639875600
8.75,20,Dec 20 2021 01: +0,1639962000
8.916,21,Dec 21 2021 01: +0,1640048400
8.801,24,Dec 22 2021 01: +0,1640134800
8.581,21,Dec 23 2021 01: +0,1640221200
8.185,21,Dec 24 2021 01: +0,1640307600
8.764,19,Dec 25 2021 01: +0,1640394000
8.256,24,Dec 26 2021 01: +0,1640480400
8.364,21,Dec 27 2021 01: +0,1640566800
8.582,19,Dec 28 2021 01: +0,1640653200
8.311,21,Dec 29 2021 01: +0,1640739600
8.928,29,Dec 30 2021 01: +0,1640826000
9.026,12,Dec 31 2021 01: +0,1640912400
9.087,15,Jan 01 2022 01: +0,1640998800
9.09,15,Jan 02 2022 01: +0,1641085200
8.359,19,Jan 03 2022 01: +0,1641171600
8.7,23,Jan 04 2022 01: +0,1641258000
8.888,20,Jan 05 2022 01: +0,1641344400
9.249,18,Jan 06 2022 01: +0,1641430800
9.574,24,Jan 07 2022 01: +0,1641517200
9.498,18,Jan 08 2022 01: +0,1641603600
9.656,21,Jan 09 2022 01: +0,1641690000
9.783,17,Jan 10 2022 01: +0,1641776400
9.975,13,Jan 11 2022 01: +0,1641862800
9.591,23,Jan 12 2022 01: +0,1641949200
8.918,12,Jan 13 2022 01: +0,1642035600
9.393,17,Jan 14 2022 01: +0,1642122000
9.403,16,Jan 15 2022 01: +0,1642208400
9.691,16,Jan 16 2022 01: +0,1642294800
9.533,14,Jan 17 2022 01: +0,1642381200
9.628,20,Jan 18 2022 01: +0,1642467600
9.825,14,Jan 19 2022 01: +0,1642554000
9.394,15,Jan 20 2022 01: +0,1642640400
9.153,27,Jan 21 2022 01: +0,1642726800
9.418,12,Jan 22 2022 01: +0,1642813200
9.646,25,Jan 23 2022 01: +0,1642899600
9.226,10,Jan 24 2022 01: +0,1642986000
9.09,18,Jan 25 2022 01: +0,1643072400
8.963,15,Jan 26 2022 01: +0,1643158800
8.657,16,Jan 27 2022 01: +0,1643245200
8.539,25,Jan 28 2022 01: +0,1643331600
8.622,18,Jan 29 2022 01: +0,1643418000
8.68,19,Jan 30 2022 01: +0,1643504400
8.935,18,Jan 31 2022 01: +0,1643590800
9.032,20,Feb 01 2022 01: +0,1643677200
8.854,16,Feb 02 2022 01: +0,1643763600
8.667,21,Feb 03 2022 01: +0,1643850000
9.441,14,Feb 04 2022 01: +0,1643936400
8.733,12,Feb 05 2022 01: +0,1644022800
9.099,24,Feb 06 2022 01: +0,1644109200
9.647,20,Feb 07 2022 01: +0,1644195600
9.386,14,Feb 08 2022 01: +0,1644282000
8.988,14,Feb 09 2022 01: +0,1644368400
9.306,16,Feb 10 2022 01: +0,1644454800
8.975,20,Feb 11 2022 01: +0,1644541200
9.092,18,Feb 12 2022 01: +0,1644627600
9.106,15,Feb 13 2022 01: +0,1644714000
8.614,17,Feb 14 2022 01: +0,1644800400
9.048,15,Feb 15 2022 01: +0,1644886800
8.688,18,Feb 16 2022 01: +0,1644973200
9.158,13,Feb 17 2022 01: +0,1645059600
9.156,20,Feb 18 2022 01: +0,1645146000
9.014,20,Feb 19 2022 01: +0,1645232400
9.28,17,Feb 20 2022 01: +0,1645318800
9.653,13,Feb 21 2022 01: +0,1645405200
9.71,15,Feb 22 2022 01: +0,1645491600
8.669,9,Feb 23 2022 01: +0,1645578000
8.796,17,Feb 24 2022 01: +0,1645664400
8.873,13,Feb 25 2022 01: +0,1645750800
9.358,25,Feb 26 2022 01: +0,1645837200
9.292,12,Feb 27 2022 01: +0,1645923600
9.234,22,Feb 28 2022 01: +0,1646010000
9.626,14,Mar 01 2022 01: +0,1646096400
9.602,26,Mar 02 2022 01: +0,1646182800
10.383,9,Mar 03 2022 01: +0,1646269200
9.642,19,Mar 04 2022 01: +0,1646355600
10.414,26,Mar 05 2022 01: +0,1646442000
10.059,21,Mar 06 2022 01: +0,1646528400
10.054,29,Mar 07 2022 01: +0,1646614800
9.602,26,Mar 08 2022 01: +0,1646701200
9.073,15,Mar 09 2022 01: +0,1646787600
9.178,11,Mar 10 2022 01: +0,1646874000
9.337,9,Mar 11 2022 01: +0,1646960400
9.425,14,Mar 12 2022 01: +0,1647046800
9.36,33,Mar 13 2022 01: +0,1647133200
9.337,11,Mar 14 2022 01: +0,1647219600
9.485,10,Mar 15 2022 01: +0,1647306000
9.561,21,Mar 16 2022 01: +0,1647392400
8.839,13,Mar 17 2022 01: +0,1647478800
9.505,18,Mar 18 2022 01: +0,1647565200
9.629,16,Mar 19 2022 01: +0,1647651600
9.292,18,Mar 20 2022 01: +0,1647738000
9.52,16,Mar 21 2022 01: +0,1647824400
9.533,11,Mar 22 2022 01: +0,1647910800
9.889,20,Mar 23 2022 01: +0,1647997200
9.287,12,Mar 24 2022 01: +0,1648083600
9.063,13,Mar 25 2022 01: +0,1648170000
9.89,13,Mar 26 2022 01: +0,1648256400
9.795,15,Mar 27 2022 01: +0,1648342800
9.27,17,Mar 28 2022 01: +0,1648425600
9.214,16,Mar 29 2022 01: +0,1648512000
9.375,14,Mar 30 2022 01: +0,1648598400
8.897,7,Mar 31 2022 01: +0,1648684800
9.612,22,Apr 01 2022 01: +0,1648771200
9.472,13,Apr 02 2022 01: +0,1648857600
9.565,18,Apr 03 2022 01: +0,1648944000
9.805,18,Apr 04 2022 01: +0,1649030400
9.658,6,Apr 05 2022 01: +0,1649116800
9.837,12,Apr 06 2022 01: +0,1649203200
9.829,11,Apr 07 2022 01: +0,1649289600
9.708,8,Apr 08 2022 01: +0,1649376000
9.649,18,Apr 09 2022 01: +0,1649462400
9.305,22,Apr 10 2022 01: +0,1649548800
9.78,14,Apr 11 2022 01: +0,1649635200
9.419,7,Apr 12 2022 01: +0,1649721600
10.233,12,Apr 13 2022 01: +0,1649808000
9.934,16,Apr 14 2022 01: +0,1649894400
9.658,10,Apr 15 2022 01: +0,1649980800
9.747,13,Apr 16 2022 01: +0,1650067200
9.837,14,Apr 17 2022 01: +0,1650153600
10.01,14,Apr 18 2022 01: +0,1650240000
11.07,19,Apr 19 2022 01: +0,1650326400
10.522,7,Apr 20 2022 01: +0,1650412800
10.243,11,Apr 21 2022 01: +0,1650499200
10.972,8,Apr 22 2022 01: +0,1650585600
10.37,15,Apr 23 2022 01: +0,1650672000
10.718,10,Apr 24 2022 01: +0,1650758400
10.489,11,Apr 25 2022 01: +0,1650844800
9.862,11,Apr 26 2022 01: +0,1650931200
9.712,11,Apr 27 2022 01: +0,1651017600
9.943,13,Apr 28 2022 01: +0,1651104000
9.621,11,Apr 29 2022 01: +0,1651190400
9.411,10,Apr 30 2022 01: +0,1651276800
10.299,11,May 01 2022 01: +0,1651363200
9.805,12,May 02 2022 01: +0,1651449600
9.68,15,May 03 2022 01: +0,1651536000
9.628,26,May 04 2022 01: +0,1651622400
9.316,21,May 05 2022 01: +0,1651708800
9.213,15,May 06 2022 01: +0,1651795200
9.724,13,May 07 2022 01: +0,1651881600
9.757,13,May 08 2022 01: +0,1651968000
9.454,11,May 09 2022 01: +0,1652054400
9.373,13,May 10 2022 01: +0,1652140800
9.285,15,May 11 2022 01: +0,1652227200
9.817,12,May 12 2022 01: +0,1652313600
9.684,16,May 13 2022 01: +0,1652400000
9.635,9,May 14 2022 01: +0,1652486400
9.574,13,May 15 2022 01: +0,1652572800
9.334,12,May 16 2022 01: +0,1652659200
9.666,13,May 17 2022 01: +0,1652745600
9.333,10,May 18 2022 01: +0,1652832000
9.953,11,May 19 2022 01: +0,1652918400
9.842,16,May 20 2022 01: +0,1653004800
10.103,10,May 21 2022 01: +0,1653091200
9.931,15,May 22 2022 01: +0,1653177600
10.21,7,May 23 2022 01: +0,1653264000
9.721,18,May 24 2022 01: +0,1653350400
9.665,15,May 25 2022 01: +0,1653436800
9.959,13,May 26 2022 01: +0,1653523200
9.943,20,May 27 2022 01: +0,1653609600
9.697,10,May 28 2022 01: +0,1653696000
9.64,7,May 29 2022 01: +0,1653782400
9.871,17,May 30 2022 01: +0,1653868800
10.475,9,May 31 2022 01: +0,1653955200
9.895,17,Jun 01 2022 01: +0,1654041600
10.085,12,Jun 02 2022 01: +0,1654128000
10.45,15,Jun 03 2022 01: +0,1654214400
10.244,18,Jun 04 2022 01: +0,1654300800
10.031,24,Jun 05 2022 01: +0,1654387200
10.261,7,Jun 06 2022 01: +0,1654473600
10.057,9,Jun 07 2022 01: +0,1654560000
9.906,10,Jun 08 2022 01: +0,1654646400
10.321,11,Jun 09 2022 01: +0,1654732800
10.218,17,Jun 10 2022 01: +0,1654819200
11.206,13,Jun 11 2022 01: +0,1654905600
10.014,13,Jun 12 2022 01: +0,1654992000
9.471,7,Jun 13 2022 01: +0,1655078400
9.742,18,Jun 14 2022 01: +0,1655164800
9.393,6,Jun 15 2022 01: +0,1655251200
9.487,20,Jun 16 2022 01: +0,1655337600
9.737,8,Jun 17 2022 01: +0,1655424000
10.508,8,Jun 18 2022 01: +0,1655510400
8.448,9,Jun 19 2022 01: +0,1655596800
9.354,18,Jun 20 2022 01: +0,1655683200
9.263,13,Jun 21 2022 01: +0,1655769600
9.048,17,Jun 22 2022 01: +0,1655856000
8.847,12,Jun 23 2022 01: +0,1655942400
8.401,20,Jun 24 2022 01: +0,1656028800
8.862,14,Jun 25 2022 01: +0,1656115200
9.884,10,Jun 26 2022 01: +0,1656201600
9.144,17,Jun 27 2022 01: +0,1656288000
8.96,14,Jun 28 2022 01: +0,1656374400
8.908,23,Jun 29 2022 01: +0,1656460800
8.924,14,Jun 30 2022 01: +0,1656547200
9.162,22,Jul 01 2022 01: +0,1656633600
9.334,25,Jul 02 2022 01: +0,1656720000
9.351,16,Jul 03 2022 01: +0,1656806400
9.558,16,Jul 04 2022 01: +0,1656892800
9.689,18,Jul 05 2022 01: +0,1656979200
9.28,17,Jul 06 2022 01: +0,1657065600
9.3,12,Jul 07 2022 01: +0,1657152000
9.435,16,Jul 08 2022 01: +0,1657238400
9.185,6,Jul 09 2022 01: +0,1657324800
9.485,20,Jul 10 2022 01: +0,1657411200
9.519,11,Jul 11 2022 01: +0,1657497600
9.75,14,Jul 12 2022 01: +0,1657584000
9.265,6,Jul 13 2022 01: +0,1657670400
9.763,13,Jul 14 2022 01: +0,1657756800
9.421,17,Jul 15 2022 01: +0,1657843200
9.62,9,Jul 16 2022 01: +0,1657929600
10.02,8,Jul 17 2022 01: +0,1658016000
9.931,16,Jul 18 2022 01: +0,1658102400
10.08,9,Jul 19 2022 01: +0,1658188800
10.985,5,Jul 20 2022 01: +0,1658275200
9.85,19,Jul 21 2022 01: +0,1658361600
9.576,16,Jul 22 2022 01: +0,1658448000
9.936,11,Jul 23 2022 01: +0,1658534400
9.512,14,Jul 24 2022 01: +0,1658620800
9.579,15,Jul 25 2022 01: +0,1658707200
9.516,9,Jul 26 2022 01: +0,1658793600
9.385,13,Jul 27 2022 01: +0,1658880000
9.088,7,Jul 28 2022 01: +0,1658966400
9.59,12,Jul 29 2022 01: +0,1659052800
9.389,12,Jul 30 2022 01: +0,1659139200
10.272,13,Jul 31 2022 01: +0,1659225600
9.895,8,Aug 01 2022 01: +0,1659312000
9.723,11,Aug 02 2022 01: +0,1659398400
9.995,8,Aug 03 2022 01: +0,1659484800
10.16,9,Aug 04 2022 01: +0,1659571200
10.288,21,Aug 05 2022 01: +0,1659657600
9.77,19,Aug 06 2022 01: +0,1659744000
9.586,18,Aug 07 2022 01: +0,1659830400
10.141,17,Aug 08 2022 01: +0,1659916800
9.775,6,Aug 09 2022 01: +0,1660003200
10.78,12,Aug 10 2022 01: +0,1660089600
9.681,7,Aug 11 2022 01: +0,1660176000
9.756,13,Aug 12 2022 01: +0,1660262400
9.728,7,Aug 13 2022 01: +0,1660348800
9.76,16,Aug 14 2022 01: +0,1660435200
9.676,10,Aug 15 2022 01: +0,1660521600
9.424,10,Aug 16 2022 01: +0,1660608000
9.378,16,Aug 17 2022 01: +0,1660694400
9.632,13,Aug 18 2022 01: +0,1660780800
9.428,10,Aug 19 2022 01: +0,1660867200
9.899,11,Aug 20 2022 01: +0,1660953600
9.968,17,Aug 21 2022 01: +0,1661040000
9.849,6,Aug 22 2022 01: +0,1661126400
9.375,5,Aug 23 2022 01: +0,1661212800
9.157,20,Aug 24 2022 01: +0,1661299200
9.074,8,Aug 25 2022 01: +0,1661385600
9.202,13,Aug 26 2022 01: +0,1661472000
9.533,13,Aug 27 2022 01: +0,1661558400
9.28,14,Aug 28 2022 01: +0,1661644800
9.657,11,Aug 29 2022 01: +0,1661731200
9.096,5,Aug 30 2022 01: +0,1661817600
9.068,13,Aug 31 2022 01: +0,1661904000
8.734,18,Sep 01 2022 01: +0,1661990400
8.793,15,Sep 02 2022 01: +0,1662076800
9.368,11,Sep 03 2022 01: +0,1662163200
9.922,18,Sep 04 2022 01: +0,1662249600
8.956,12,Sep 05 2022 01: +0,1662336000
9.558,13,Sep 06 2022 01: +0,1662422400
8.893,11,Sep 07 2022 01: +0,1662508800
8.876,15,Sep 08 2022 01: +0,1662595200
8.972,19,Sep 09 2022 01: +0,1662681600
9.43,24,Sep 10 2022 01: +0,1662768000
9.92,18,Sep 11 2022 01: +0,1662854400
10.032,17,Sep 12 2022 01: +0,1662940800
9.497,8,Sep 13 2022 01: +0,1663027200
9.795,16,Sep 14 2022 01: +0,1663113600
10.36,12,Sep 15 2022 01: +0,1663200000
9.818,18,Sep 16 2022 01: +0,1663286400
9.805,16,Sep 17 2022 01: +0,1663372800
9.601,15,Sep 18 2022 01: +0,1663459200
9.658,15,Sep 19 2022 01: +0,1663545600
9.444,13,Sep 20 2022 01: +0,1663632000
9.516,18,Sep 21 2022 01: +0,1663718400
9.833,17,Sep 22 2022 01: +0,1663804800
9.635,16,Sep 23 2022 01: +0,1663891200
9.556,13,Sep 24 2022 01: +0,1663977600
9.798,17,Sep 25 2022 01: +0,1664064000
9.162,11,Sep 26 2022 01: +0,1664150400
9.728,14,Sep 27 2022 01: +0,1664236800
9.57,17,Sep 28 2022 01: +0,1664323200
9.053,16,Sep 29 2022 01: +0,1664409600
9.699,15,Sep 30 2022 01: +0,1664496000
9.23,17,Oct 01 2022 01: +0,1664582400
9.231,33,Oct 02 2022 01: +0,1664668800
9.233,17,Oct 03 2022 01: +0,1664755200
9.324,10,Oct 04 2022 01: +0,1664841600
9.349,11,Oct 05 2022 01: +0,1664928000
8.98,8,Oct 06 2022 01: +0,1665014400
9.071,5,Oct 07 2022 01: +0,1665100800
8.973,14,Oct 08 2022 01: +0,1665187200
9.093,16,Oct 09 2022 01: +0,1665273600
9.861,13,Oct 10 2022 01: +0,1665360000
9.222,10,Oct 11 2022 01: +0,1665446400
9.11,11,Oct 12 2022 01: +0,1665532800
9.39,16,Oct 13 2022 01: +0,1665619200
9.051,12,Oct 14 2022 01: +0,1665705600
9.218,15,Oct 15 2022 01: +0,1665792000
9.307,10,Oct 16 2022 01: +0,1665878400
9.183,7,Oct 17 2022 01: +0,1665964800
9.664,17,Oct 18 2022 01: +0,1666051200
9.693,8,Oct 19 2022 01: +0,1666137600
8.842,10,Oct 20 2022 01: +0,1666224000
9.205,13,Oct 21 2022 01: +0,1666310400
8.703,27,Oct 22 2022 01: +0,1666396800
8.639,14,Oct 23 2022 01: +0,1666483200
8.233,17,Oct 24 2022 01: +0,1666569600
8.71,15,Oct 25 2022 01: +0,1666656000
8.635,11,Oct 26 2022 01: +0,1666742400
8.83,13,Oct 27 2022 01: +0,1666828800
8.529,15,Oct 28 2022 01: +0,1666915200
9.073,15,Oct 29 2022 01: +0,1667001600
8.826,11,Oct 30 2022 01: +0,1667088000
9.236,5,Oct 31 2022 01: +0,1667178000
9.11,8,Nov 01 2022 01: +0,1667264400
9.455,14,Nov 02 2022 01: +0,1667350800
8.869,6,Nov 03 2022 01: +0,1667437200
8.976,14,Nov 04 2022 01: +0,1667523600
9.251,15,Nov 05 2022 01: +0,1667610000
9.626,11,Nov 06 2022 01: +0,1667696400
9.278,9,Nov 07 2022 01: +0,1667782800
8.745,16,Nov 08 2022 01: +0,1667869200
9.049,12,Nov 09 2022 01: +0,1667955600
8.395,7,Nov 10 2022 01: +0,1668042000
8.66,10,Nov 11 2022 01: +0,1668128400
9.427,12,Nov 12 2022 01: +0,1668214800
9.423,16,Nov 13 2022 01: +0,1668301200
9.659,14,Nov 14 2022 01: +0,1668387600
9.273,6,Nov 15 2022 01: +0,1668474000
8.752,14,Nov 16 2022 01: +0,1668560400
9.029,5,Nov 17 2022 01: +0,1668646800
8.919,13,Nov 18 2022 01: +0,1668733200
9.145,10,Nov 19 2022 01: +0,1668819600
9.035,14,Nov 20 2022 01: +0,1668906000
8.552,7,Nov 21 2022 01: +0,1668992400
9.427,8,Nov 22 2022 01: +0,1669078800
8.87,42,Nov 23 2022 01: +0,1669165200
8.82,15,Nov 24 2022 01: +0,1669251600
9.38,8,Nov 25 2022 01: +0,1669338000
9.161,14,Nov 26 2022 01: +0,1669424400
8.838,12,Nov 27 2022 01: +0,1669510800
8.733,10,Nov 28 2022 01: +0,1669597200
8.681,7,Nov 29 2022 01: +0,1669683600
8.493,5,Nov 30 2022 01: +0,1669770000
8.603,9,Dec 01 2022 01: +0,1669856400
9.183,7,Dec 02 2022 01: +0,1669942800
9.424,8,Dec 03 2022 01: +0,1670029200
9.141,19,Dec 04 2022 01: +0,1670115600
9.559,8,Dec 05 2022 01: +0,1670202000
9.49,12,Dec 06 2022 01: +0,1670288400
9.872,13,Dec 07 2022 01: +0,1670374800
9.547,5,Dec 08 2022 01: +0,1670461200
9.667,6,Dec 09 2022 01: +0,1670547600
9.633,6,Dec 10 2022 01: +0,1670634000
9.866,6,Dec 11 2022 01: +0,1670720400
9.112,9,Dec 12 2022 01: +0,1670806800
9.265,4,Dec 13 2022 01: +0,1670893200
10.286,12,Dec 14 2022 01: +0,1670979600
9.641,11,Dec 15 2022 01: +0,1671066000
9.431,8,Dec 16 2022 01: +0,1671152400
8.915,11,Dec 17 2022 01: +0,1671238800
8.841,10,Dec 18 2022 01: +0,1671325200
9.219,9,Dec 19 2022 01: +0,1671411600
9.288,12,Dec 20 2022 01: +0,1671498000
9.327,13,Dec 21 2022 01: +0,1671584400
9.447,10,Dec 22 2022 01: +0,1671670800
9.449,15,Dec 23 2022 01: +0,1671757200
9.507,12,Dec 24 2022 01: +0,1671843600
9.397,12,Dec 25 2022 01: +0,1671930000
8.78,10,Dec 26 2022 01: +0,1672016400
8.707,11,Dec 27 2022 01: +0,1672102800
9.186,8,Dec 28 2022 01: +0,1672189200
9.143,10,Dec 29 2022 01: +0,1672275600
9.016,9,Dec 30 2022 01: +0,1672362000
8.95,14,Dec 31 2022 01: +0,1672448400
9.268,10,Jan 01 2023 01: +0,1672534800
9.31,12,Jan 02 2023 01: +0,1672621200
9.236,16,Jan 03 2023 01: +0,1672707600
9.459,12,Jan 04 2023 01: +0,1672794000
9.299,13,Jan 05 2023 01: +0,1672880400
9.65,8,Jan 06 2023 01: +0,1672966800
9.61,12,Jan 07 2023 01: +0,1673053200
9.71,7,Jan 08 2023 01: +0,1673139600
9.576,18,Jan 09 2023 01: +0,1673226000
9.809,8,Jan 10 2023 01: +0,1673312400
9.423,5,Jan 11 2023 01: +0,1673398800
10.666,4,Jan 12 2023 01: +0,1673485200
9.993,16,Jan 13 2023 01: +0,1673571600
10.504,15,Jan 14 2023 01: +0,1673658000
10.306,11,Jan 15 2023 01: +0,1673744400
10.651,16,Jan 16 2023 01: +0,1673830800
10.613,6,Jan 17 2023 01: +0,1673917200
9.734,9,Jan 18 2023 01: +0,1674003600
9.922,18,Jan 19 2023 01: +0,1674090000
9.187,9,Jan 20 2023 01: +0,1674176400
10.402,12,Jan 21 2023 01: +0,1674262800
10.247,9,Jan 22 2023 01: +0,1674349200
9.999,17,Jan 23 2023 01: +0,1674435600
10.289,13,Jan 24 2023 01: +0,1674522000
9.812,12,Jan 25 2023 01: +0,1674608400
10.241,8,Jan 26 2023 01: +0,1674694800
10.136,14,Jan 27 2023 01: +0,1674781200
10.629,13,Jan 28 2023 01: +0,1674867600
10.652,13,Jan 29 2023 01: +0,1674954000
11.096,9,Jan 30 2023 01: +0,1675040400
10.93,7,Jan 31 2023 01: +0,1675126800
10.827,9,Feb 01 2023 01: +0,1675213200
10.765,10,Feb 02 2023 01: +0,1675299600
10.519,10,Feb 03 2023 01: +0,1675386000
10.641,12,Feb 04 2023 01: +0,1675472400
10.667,12,Feb 05 2023 01: +0,1675558800
10.686,10,Feb 06 2023 01: +0,1675645200
9.845,14,Feb 07 2023 01: +0,1675731600
10.992,10,Feb 08 2023 01: +0,1675818000
10.672,8,Feb 09 2023 01: +0,1675904400
10.651,24,Feb 10 2023 01: +0,1675990800
10.121,19,Feb 11 2023 01: +0,1676077200
10.115,23,Feb 12 2023 01: +0,1676163600
10.179,9,Feb 13 2023 01: +0,1676250000
10.177,9,Feb 14 2023 01: +0,1676336400
10.128,1,Feb 14 2023 23: +0,1676415600
11.051,1,Feb 15 2023 04: +0,1676433600
12.073,1,Feb 15 2023 10: +0,1676455200
10.755,2,Feb 15 2023 12: +0,1676462400
10.971,2,Feb 15 2023 13: +0,1676466000
10.759,1,Feb 15 2023 16: +0,1676476800
9.678,1,Feb 15 2023 17: +0,1676480400
9.67,1,Feb 15 2023 20: +0,1676491200
9.537,2,Feb 15 2023 21: +0,1676494800
9.678,1,Feb 16 2023 01: +0,1676509200
10.514,1,Feb 16 2023 02: +0,1676512800
9.67,1,Feb 16 2023 03: +0,1676516400
10.848,1,Feb 16 2023 04: +0,1676520000
9.711,1,Feb 16 2023 06: +0,1676527200
10.861,1,Feb 16 2023 08: +0,1676534400
11.032,1,Feb 16 2023 09: +0,1676538000
10.924,1,Feb 16 2023 12: +0,1676548800
10.86,1,Feb 16 2023 13: +0,1676552400
11.034,1,Feb 16 2023 16: +0,1676563200
10.601,2,Feb 16 2023 19: +0,1676574000
9.281,1,Feb 16 2023 21: +0,1676581200
9.587,1,Feb 17 2023 01: +0,1676595600
8.561,1,Feb 17 2023 06: +0,1676613600
10.233,1,Feb 17 2023 10: +0,1676628000
10.393,1,Feb 17 2023 13: +0,1676638800
9.612,1,Feb 17 2023 14: +0,1676642400
10.112,2,Feb 17 2023 17: +0,1676653200
9.909,1,Feb 17 2023 23: +0,1676674800
11.584,1,Feb 18 2023 02: +0,1676685600
9.587,1,Feb 18 2023 04: +0,1676692800
9.931,1,Feb 18 2023 09: +0,1676710800
10.078,1,Feb 18 2023 10: +0,1676714400
10.079,3,Feb 18 2023 13: +0,1676725200
9.612,1,Feb 18 2023 14: +0,1676728800
9.661,1,Feb 18 2023 15: +0,1676732400
10.078,1,Feb 18 2023 16: +0,1676736000
9.438,1,Feb 18 2023 17: +0,1676739600
10.078,1,Feb 18 2023 18: +0,1676743200
9.463,1,Feb 18 2023 22: +0,1676757600
9.583,2,Feb 18 2023 23: +0,1676761200
9.861,2,Feb 19 2023 01: +0,1676768400
10.766,2,Feb 19 2023 02: +0,1676772000
10.087,1,Feb 19 2023 07: +0,1676790000
11.361,4,Feb 19 2023 09: +0,1676797200
9.901,2,Feb 19 2023 11: +0,1676804400
11.606,1,Feb 19 2023 19: +0,1676833200
9.223,1,Feb 19 2023 20: +0,1676836800
10.949,3,Feb 19 2023 21: +0,1676840400
11.634,2,Feb 19 2023 22: +0,1676844000
10.017,1,Feb 19 2023 23: +0,1676847600
10.351,1,Feb 20 2023 00: +0,1676851200
11.605,1,Feb 20 2023 03: +0,1676862000
10.973,2,Feb 20 2023 08: +0,1676880000
11.3,1,Feb 20 2023 14: +0,1676901600
10.001,1,Feb 20 2023 15: +0,1676905200
10.809,1,Feb 20 2023 17: +0,1676912400
11.053,2,Feb 20 2023 18: +0,1676916000
10.204,2,Feb 20 2023 20: +0,1676923200
9.585,1,Feb 20 2023 21: +0,1676926800
10.009,1,Feb 20 2023 22: +0,1676930400
12.333,1,Feb 21 2023 00: +0,1676937600
10.122,1,Feb 21 2023 04: +0,1676952000
11.581,1,Feb 21 2023 07: +0,1676962800
11.604,1,Feb 21 2023 10: +0,1676973600
11.349,1,Feb 21 2023 12: +0,1676980800
8.884,1,Feb 21 2023 14: +0,1676988000
9.587,1,Feb 21 2023 16: +0,1676995200
9.587,1,Feb 21 2023 17: +0,1676998800
10.553,1,Feb 21 2023 18: +0,1677002400
10.212,2,Feb 21 2023 19: +0,1677006000
9.682,1,Feb 21 2023 20: +0,1677009600
9.682,3,Feb 21 2023 21: +0,1677013200
11.357,1,Feb 21 2023 22: +0,1677016800
9.579,1,Feb 22 2023 00: +0,1677024000
11.054,1,Feb 22 2023 04: +0,1677038400
9.6,1,Feb 22 2023 06: +0,1677045600
9.6,1,Feb 22 2023 07: +0,1677049200
9.579,1,Feb 22 2023 08: +0,1677052800
9.414,1,Feb 22 2023 10: +0,1677060000
9.579,1,Feb 22 2023 12: +0,1677067200
8.835,2,Feb 22 2023 14: +0,1677074400
9.732,1,Feb 22 2023 18: +0,1677088800
9.587,3,Feb 22 2023 19: +0,1677092400
9.749,1,Feb 22 2023 21: +0,1677099600
10.347,2,Feb 22 2023 23: +0,1677106800
9.62,1,Feb 23 2023 04: +0,1677124800
10.854,1,Feb 23 2023 12: +0,1677153600
10.067,2,Feb 23 2023 18: +0,1677175200
9.306,2,Feb 23 2023 19: +0,1677178800
9.678,1,Feb 23 2023 21: +0,1677186000
10.846,1,Feb 23 2023 22: +0,1677189600
8.793,1,Feb 24 2023 00: +0,1677196800
9.895,1,Feb 24 2023 01: +0,1677200400
9.908,1,Feb 24 2023 04: +0,1677211200
9.849,1,Feb 24 2023 07: +0,1677222000
9.479,1,Feb 24 2023 09: +0,1677229200
9.831,1,Feb 24 2023 13: +0,1677243600
9.854,1,Feb 24 2023 14: +0,1677247200
9.905,1,Feb 24 2023 15: +0,1677250800
9.908,1,Feb 24 2023 19: +0,1677265200
9.463,1,Feb 24 2023 21: +0,1677272400
9.74,1,Feb 24 2023 22: +0,1677276000
9.099,1,Feb 25 2023 02: +0,1677290400
9.852,1,Feb 25 2023 05: +0,1677301200
10.497,1,Feb 25 2023 06: +0,1677304800
9.488,1,Feb 25 2023 07: +0,1677308400
9.488,1,Feb 25 2023 08: +0,1677312000
11.53,6,Feb 25 2023 12: +0,1677326400
10.47,1,Feb 25 2023 17: +0,1677344400
8.487,1,Feb 25 2023 18: +0,1677348000
10.028,2,Feb 25 2023 19: +0,1677351600
9.397,1,Feb 25 2023 20: +0,1677355200
10.077,2,Feb 26 2023 01: +0,1677373200
12.019,1,Feb 26 2023 09: +0,1677402000
8.313,1,Feb 26 2023 10: +0,1677405600
9.372,1,Feb 26 2023 12: +0,1677412800
9.198,2,Feb 26 2023 14: +0,1677420000
9.564,1,Feb 26 2023 16: +0,1677427200
10.333,3,Feb 26 2023 19: +0,1677438000
11.539,1,Feb 26 2023 20: +0,1677441600
8.967,1,Feb 26 2023 21: +0,1677445200
9.597,1,Feb 27 2023 00: +0,1677456000
9.618,2,Feb 27 2023 02: +0,1677463200
9.388,1,Feb 27 2023 05: +0,1677474000
9.347,1,Feb 27 2023 06: +0,1677477600
9.967,3,Feb 27 2023 09: +0,1677488400
11.514,1,Feb 27 2023 13: +0,1677502800
8.528,1,Feb 27 2023 16: +0,1677513600
8.95,1,Feb 27 2023 19: +0,1677524400
9.347,1,Feb 27 2023 21: +0,1677531600
8.869,1,Feb 27 2023 22: +0,1677535200
9.922,3,Feb 28 2023 00: +0,1677542400
9.372,1,Feb 28 2023 01: +0,1677546000
11.371,1,Feb 28 2023 05: +0,1677560400
10.176,1,Feb 28 2023 09: +0,1677574800
10.219,4,Feb 28 2023 13: +0,1677589200
9.806,2,Feb 28 2023 16: +0,1677600000
9.273,1,Feb 28 2023 19: +0,1677610800
9.291,2,Feb 28 2023 20: +0,1677614400
8.305,1,Feb 28 2023 21: +0,1677618000
9.413,1,Mar 01 2023 02: +0,1677636000
9.438,2,Mar 01 2023 03: +0,1677639600
9.931,1,Mar 01 2023 09: +0,1677661200
9.446,1,Mar 01 2023 10: +0,1677664800
9.521,1,Mar 01 2023 11: +0,1677668400
9.922,1,Mar 01 2023 13: +0,1677675600
10.115,1,Mar 01 2023 14: +0,1677679200
9.863,2,Mar 01 2023 18: +0,1677693600
10.052,2,Mar 01 2023 19: +0,1677697200
9.867,2,Mar 01 2023 20: +0,1677700800
10.09,1,Mar 01 2023 22: +0,1677708000
10.286,2,Mar 01 2023 23: +0,1677711600
9.628,1,Mar 02 2023 00: +0,1677715200
10.654,2,Mar 02 2023 01: +0,1677718800
11.599,1,Mar 02 2023 09: +0,1677747600
8.708,1,Mar 02 2023 12: +0,1677758400
10.372,1,Mar 02 2023 14: +0,1677765600
10.372,1,Mar 02 2023 16: +0,1677772800
21.574,1,Mar 02 2023 18: +0,1677780000
9.711,1,Mar 02 2023 19: +0,1677783600
9.636,1,Mar 02 2023 20: +0,1677787200
9.728,1,Mar 02 2023 21: +0,1677790800
9.711,1,Mar 02 2023 23: +0,1677798000
10.528,1,Mar 03 2023 00: +0,1677801600
9.711,1,Mar 03 2023 07: +0,1677826800
9.795,1,Mar 03 2023 08: +0,1677830400
9.843,1,Mar 03 2023 10: +0,1677837600
9.711,1,Mar 03 2023 11: +0,1677841200
9.803,1,Mar 03 2023 12: +0,1677844800
9.612,1,Mar 03 2023 13: +0,1677848400
9.628,1,Mar 03 2023 16: +0,1677859200
9.722,2,Mar 03 2023 18: +0,1677866400
9.653,1,Mar 03 2023 19: +0,1677870000
9.814,2,Mar 03 2023 20: +0,1677873600
9.206,1,Mar 03 2023 21: +0,1677877200
9.512,1,Mar 03 2023 22: +0,1677880800
10.093,1,Mar 03 2023 23: +0,1677884400
12.368,1,Mar 04 2023 04: +0,1677902400
9.827,1,Mar 04 2023 11: +0,1677927600
13.16,1,Mar 04 2023 12: +0,1677931200
9.223,1,Mar 04 2023 14: +0,1677938400
9.777,1,Mar 04 2023 15: +0,1677942000
9.648,2,Mar 04 2023 18: +0,1677952800
9.777,1,Mar 04 2023 19: +0,1677956400
9.777,1,Mar 04 2023 20: +0,1677960000
9.924,2,Mar 05 2023 00: +0,1677974400
10.659,1,Mar 05 2023 06: +0,1677996000
15.22,1,Mar 05 2023 14: +0,1678024800
9.868,1,Mar 05 2023 17: +0,1678035600
10.244,3,Mar 05 2023 18: +0,1678039200
10.943,3,Mar 05 2023 19: +0,1678042800
9.512,1,Mar 05 2023 20: +0,1678046400
9.733,2,Mar 05 2023 22: +0,1678053600
10.801,1,Mar 06 2023 02: +0,1678068000
9.926,1,Mar 06 2023 04: +0,1678075200
9.868,1,Mar 06 2023 07: +0,1678086000
9.868,1,Mar 06 2023 08: +0,1678089600
10.313,2,Mar 06 2023 13: +0,1678107600
10.342,1,Mar 06 2023 17: +0,1678122000
10.42,1,Mar 06 2023 18: +0,1678125600
10.1,1,Mar 06 2023 19: +0,1678129200
9.878,2,Mar 06 2023 21: +0,1678136400
10.381,1,Mar 07 2023 03: +0,1678158000
10.786,1,Mar 07 2023 05: +0,1678165200
9.873,1,Mar 07 2023 07: +0,1678172400
9.711,1,Mar 07 2023 08: +0,1678176000
9.711,1,Mar 07 2023 11: +0,1678186800
9.769,1,Mar 07 2023 13: +0,1678194000
10.049,1,Mar 07 2023 15: +0,1678201200
10.049,1,Mar 07 2023 16: +0,1678204800
10.058,2,Mar 07 2023 17: +0,1678208400
11.365,3,Mar 07 2023 18: +0,1678212000
9.868,3,Mar 07 2023 20: +0,1678219200
10.293,1,Mar 07 2023 22: +0,1678226400
10.571,1,Mar 08 2023 01: +0,1678237200
10.568,1,Mar 08 2023 03: +0,1678244400
11.103,2,Mar 08 2023 05: +0,1678251600
11.335,2,Mar 08 2023 07: +0,1678258800
11.291,1,Mar 08 2023 09: +0,1678266000
11.253,1,Mar 08 2023 10: +0,1678269600
11.225,1,Mar 08 2023 11: +0,1678273200
11.317,2,Mar 08 2023 12: +0,1678276800
9.347,1,Mar 08 2023 13: +0,1678280400
10.473,1,Mar 08 2023 14: +0,1678284000
11.272,1,Mar 08 2023 16: +0,1678291200
9.926,1,Mar 08 2023 17: +0,1678294800
10.403,2,Mar 08 2023 19: +0,1678302000
11.154,2,Mar 08 2023 21: +0,1678309200
9.967,1,Mar 08 2023 22: +0,1678312800
11.126,1,Mar 08 2023 23: +0,1678316400
10.009,1,Mar 09 2023 00: +0,1678320000
10.025,1,Mar 09 2023 01: +0,1678323600
11.227,1,Mar 09 2023 03: +0,1678330800
11.045,1,Mar 09 2023 07: +0,1678345200
10.076,1,Mar 09 2023 10: +0,1678356000
10.058,1,Mar 09 2023 11: +0,1678359600
10.054,2,Mar 09 2023 14: +0,1678370400
10.034,3,Mar 09 2023 15: +0,1678374000
9.67,1,Mar 09 2023 18: +0,1678384800
10.533,2,Mar 09 2023 19: +0,1678388400
11.315,1,Mar 09 2023 20: +0,1678392000
11.419,1,Mar 09 2023 22: +0,1678399200
10.042,1,Mar 09 2023 23: +0,1678402800
11.217,1,Mar 10 2023 01: +0,1678410000
11.365,1,Mar 10 2023 03: +0,1678417200
11.352,1,Mar 10 2023 09: +0,1678438800
11.401,1,Mar 10 2023 12: +0,1678449600
11.156,1,Mar 10 2023 14: +0,1678456800
11.275,2,Mar 10 2023 15: +0,1678460400
10.042,1,Mar 10 2023 16: +0,1678464000
11.179,2,Mar 10 2023 21: +0,1678482000
11.343,2,Mar 10 2023 22: +0,1678485600
9.645,2,Mar 10 2023 23: +0,1678489200
11.456,1,Mar 11 2023 00: +0,1678492800
11.456,1,Mar 11 2023 03: +0,1678503600
11.58,1,Mar 11 2023 05: +0,1678510800
8.279,1,Mar 11 2023 06: +0,1678514400
10.058,1,Mar 11 2023 07: +0,1678518000
9.794,1,Mar 11 2023 09: +0,1678525200
11.49,1,Mar 11 2023 12: +0,1678536000
10.081,1,Mar 11 2023 13: +0,1678539600
10.3,3,Mar 11 2023 14: +0,1678543200
11.634,1,Mar 11 2023 16: +0,1678550400
10.058,1,Mar 11 2023 17: +0,1678554000
10.782,2,Mar 11 2023 18: +0,1678557600
9.575,2,Mar 11 2023 20: +0,1678564800
10.058,1,Mar 11 2023 21: +0,1678568400
9.761,1,Mar 11 2023 23: +0,1678575600
9.586,1,Mar 12 2023 00: +0,1678579200
11.647,1,Mar 12 2023 03: +0,1678590000
11.92,1,Mar 12 2023 05: +0,1678597200
10.853,1,Mar 12 2023 06: +0,1678600800
11.58,1,Mar 12 2023 07: +0,1678604400
11.653,1,Mar 12 2023 08: +0,1678608000
10.083,1,Mar 12 2023 09: +0,1678611600
11.654,1,Mar 12 2023 10: +0,1678615200
11.455,1,Mar 12 2023 11: +0,1678618800
10.6,2,Mar 12 2023 12: +0,1678622400
11.649,1,Mar 12 2023 13: +0,1678626000
10.108,1,Mar 12 2023 14: +0,1678629600
11.647,1,Mar 12 2023 16: +0,1678636800
10.133,1,Mar 12 2023 18: +0,1678644000
10.915,2,Mar 12 2023 19: +0,1678647600
11.58,1,Mar 12 2023 23: +0,1678662000
11.681,1,Mar 13 2023 00: +0,1678665600
9.984,1,Mar 13 2023 07: +0,1678690800
10.05,1,Mar 13 2023 09: +0,1678698000
10.918,1,Mar 13 2023 10: +0,1678701600
10.952,2,Mar 13 2023 12: +0,1678708800
10.091,3,Mar 13 2023 14: +0,1678716000
12.019,1,Mar 13 2023 17: +0,1678726800
10.418,2,Mar 13 2023 18: +0,1678730400
11.549,3,Mar 13 2023 22: +0,1678744800
10.083,1,Mar 14 2023 01: +0,1678755600
9.512,1,Mar 14 2023 02: +0,1678759200
9.843,1,Mar 14 2023 04: +0,1678766400
12.126,2,Mar 14 2023 07: +0,1678777200
12.059,1,Mar 14 2023 10: +0,1678788000
10.058,1,Mar 14 2023 12: +0,1678795200
10.462,1,Mar 14 2023 15: +0,1678806000
10.457,1,Mar 14 2023 17: +0,1678813200
11.837,1,Mar 14 2023 18: +0,1678816800
11.838,1,Mar 14 2023 20: +0,1678824000
11.006,2,Mar 14 2023 21: +0,1678827600
10.084,1,Mar 14 2023 23: +0,1678834800
11.88,1,Mar 15 2023 02: +0,1678845600
10.984,2,Mar 15 2023 03: +0,1678849200
11.877,1,Mar 15 2023 06: +0,1678860000
10.084,1,Mar 15 2023 12: +0,1678881600
12.126,1,Mar 15 2023 13: +0,1678885200
11.54,1,Mar 15 2023 17: +0,1678899600
10.104,1,Mar 15 2023 18: +0,1678903200
10.084,1,Mar 15 2023 19: +0,1678906800
10.787,2,Mar 15 2023 20: +0,1678910400
10.084,1,Mar 16 2023 05: +0,1678942800
11.741,1,Mar 16 2023 06: +0,1678946400
10.86,2,Mar 16 2023 07: +0,1678950000
13.374,1,Mar 16 2023 10: +0,1678960800
11.709,1,Mar 16 2023 13: +0,1678971600
10.844,2,Mar 16 2023 14: +0,1678975200
11.974,2,Mar 16 2023 17: +0,1678986000
10.881,2,Mar 16 2023 18: +0,1678989600
11.114,1,Mar 16 2023 19: +0,1678993200
10.084,1,Mar 16 2023 20: +0,1678996800
9.553,1,Mar 16 2023 21: +0,1679000400
9.731,2,Mar 16 2023 22: +0,1679004000
11.463,1,Mar 17 2023 06: +0,1679032800
10.855,2,Mar 17 2023 09: +0,1679043600
11.462,1,Mar 17 2023 15: +0,1679065200
10.671,2,Mar 17 2023 18: +0,1679076000
11.456,1,Mar 17 2023 20: +0,1679083200
9.735,2,Mar 17 2023 22: +0,1679090400
11.503,1,Mar 17 2023 23: +0,1679094000
11.024,1,Mar 18 2023 00: +0,1679097600
8.538,1,Mar 18 2023 02: +0,1679104800
9.476,1,Mar 18 2023 04: +0,1679112000
11.082,1,Mar 18 2023 07: +0,1679122800
11.284,2,Mar 18 2023 08: +0,1679126400
10.773,2,Mar 18 2023 11: +0,1679137200
11.427,1,Mar 18 2023 13: +0,1679144400
10.946,1,Mar 18 2023 14: +0,1679148000
10.412,2,Mar 18 2023 15: +0,1679151600
10.285,2,Mar 18 2023 17: +0,1679158800
9.888,1,Mar 18 2023 19: +0,1679166000
13.752,1,Mar 18 2023 20: +0,1679169600
9.76,2,Mar 18 2023 21: +0,1679173200
10.3,1,Mar 18 2023 22: +0,1679176800
10.229,2,Mar 18 2023 23: +0,1679180400
9.788,1,Mar 19 2023 01: +0,1679187600
9.48,1,Mar 19 2023 02: +0,1679191200
11.611,1,Mar 19 2023 04: +0,1679198400
9.796,1,Mar 19 2023 08: +0,1679212800
10.047,1,Mar 19 2023 10: +0,1679220000
10.541,4,Mar 19 2023 12: +0,1679227200
9.792,2,Mar 19 2023 14: +0,1679234400
9.78,2,Mar 19 2023 15: +0,1679238000
9.527,1,Mar 19 2023 16: +0,1679241600
9.946,2,Mar 19 2023 17: +0,1679245200
9.78,1,Mar 19 2023 18: +0,1679248800
11.078,1,Mar 19 2023 19: +0,1679252400
9.813,3,Mar 19 2023 22: +0,1679263200
10.711,2,Mar 19 2023 23: +0,1679266800
11.274,1,Mar 20 2023 08: +0,1679299200
9.731,1,Mar 20 2023 14: +0,1679320800
10.303,2,Mar 20 2023 16: +0,1679328000
11.055,1,Mar 20 2023 17: +0,1679331600
10.914,1,Mar 20 2023 20: +0,1679342400
10.514,2,Mar 20 2023 22: +0,1679349600
9.853,1,Mar 20 2023 23: +0,1679353200
10.004,1,Mar 21 2023 00: +0,1679356800
13.534,2,Mar 21 2023 08: +0,1679385600
9.855,1,Mar 21 2023 16: +0,1679414400
9.676,1,Mar 21 2023 17: +0,1679418000
9.845,1,Mar 21 2023 18: +0,1679421600
9.833,2,Mar 21 2023 19: +0,1679425200
11.283,1,Mar 21 2023 20: +0,1679428800
11.129,1,Mar 22 2023 01: +0,1679446800
10.304,1,Mar 22 2023 02: +0,1679450400
11.29,1,Mar 22 2023 04: +0,1679457600
11.701,1,Mar 22 2023 05: +0,1679461200
9.992,1,Mar 22 2023 09: +0,1679475600
10.131,3,Mar 22 2023 10: +0,1679479200
11.182,2,Mar 22 2023 11: +0,1679482800
10.671,2,Mar 22 2023 12: +0,1679486400
10.131,1,Mar 22 2023 13: +0,1679490000
10.131,1,Mar 22 2023 17: +0,1679504400
10.741,2,Mar 22 2023 18: +0,1679508000
10.873,2,Mar 22 2023 19: +0,1679511600
11.359,1,Mar 22 2023 20: +0,1679515200
11.049,3,Mar 22 2023 21: +0,1679518800
11.35,1,Mar 22 2023 22: +0,1679522400
11.076,2,Mar 22 2023 23: +0,1679526000
11.026,1,Mar 23 2023 00: +0,1679529600
10.424,2,Mar 23 2023 04: +0,1679544000
11.194,1,Mar 23 2023 06: +0,1679551200
11.35,3,Mar 23 2023 07: +0,1679554800
11.415,1,Mar 23 2023 08: +0,1679558400
10.221,1,Mar 23 2023 09: +0,1679562000
11.501,1,Mar 23 2023 10: +0,1679565600
10.173,2,Mar 23 2023 11: +0,1679569200
10.58,1,Mar 23 2023 13: +0,1679576400
10.131,1,Mar 23 2023 14: +0,1679580000
11.488,1,Mar 23 2023 15: +0,1679583600
11.826,2,Mar 23 2023 16: +0,1679587200
12.277,2,Mar 23 2023 18: +0,1679594400
10.107,1,Mar 23 2023 19: +0,1679598000
9.96,1,Mar 23 2023 22: +0,1679608800
11.293,1,Mar 24 2023 00: +0,1679616000
11.293,3,Mar 24 2023 02: +0,1679623200
11.466,1,Mar 24 2023 05: +0,1679634000
10.352,1,Mar 24 2023 08: +0,1679644800
11.354,2,Mar 24 2023 11: +0,1679655600
11.29,1,Mar 24 2023 13: +0,1679662800
10.924,3,Mar 24 2023 14: +0,1679666400
11.546,3,Mar 24 2023 15: +0,1679670000
11.872,1,Mar 24 2023 17: +0,1679677200
12.104,3,Mar 24 2023 19: +0,1679684400
12.31,2,Mar 24 2023 20: +0,1679688000
10.119,1,Mar 25 2023 01: +0,1679706000
10.654,1,Mar 25 2023 02: +0,1679709600
8.927,2,Mar 25 2023 04: +0,1679716800
10.7,1,Mar 25 2023 05: +0,1679720400
10.788,3,Mar 25 2023 09: +0,1679734800
11.069,1,Mar 25 2023 11: +0,1679742000
11.865,1,Mar 25 2023 12: +0,1679745600
10.393,1,Mar 25 2023 13: +0,1679749200
12.108,1,Mar 25 2023 15: +0,1679756400
12.2,1,Mar 25 2023 16: +0,1679760000
10.229,1,Mar 25 2023 17: +0,1679763600
12.282,2,Mar 25 2023 18: +0,1679767200
10.985,2,Mar 25 2023 19: +0,1679770800
12.281,1,Mar 25 2023 22: +0,1679781600
11.232,1,Mar 26 2023 00: +0,1679788800
13.036,9,Mar 26 2023 02: +0,1679792400
12.222,1,Mar 26 2023 03: +0,1679796000
12.496,1,Mar 26 2023 05: +0,1679803200
12.685,1,Mar 26 2023 06: +0,1679806800
10.409,1,Mar 26 2023 07: +0,1679810400
12.6,1,Mar 26 2023 09: +0,1679817600
14.061,1,Mar 26 2023 11: +0,1679824800
10.653,1,Mar 26 2023 12: +0,1679828400
11.157,2,Mar 26 2023 13: +0,1679832000
11.534,1,Mar 26 2023 14: +0,1679835600
12.325,8,Mar 26 2023 16: +0,1679842800
12.725,3,Mar 26 2023 17: +0,1679846400
10.582,2,Mar 26 2023 18: +0,1679850000
10.082,1,Mar 26 2023 19: +0,1679853600
13.051,1,Mar 26 2023 20: +0,1679857200
11.934,2,Mar 26 2023 21: +0,1679860800
12.525,3,Mar 26 2023 22: +0,1679864400
12.28,2,Mar 26 2023 23: +0,1679868000
12.521,1,Mar 27 2023 01: +0,1679875200
10.392,1,Mar 27 2023 03: +0,1679882400
12.534,2,Mar 27 2023 04: +0,1679886000
12.546,1,Mar 27 2023 05: +0,1679889600
12.546,1,Mar 27 2023 07: +0,1679896800
11.534,1,Mar 27 2023 13: +0,1679918400
11.095,1,Mar 27 2023 14: +0,1679922000
10.253,3,Mar 27 2023 15: +0,1679925600
11.841,1,Mar 27 2023 16: +0,1679929200
10.196,1,Mar 27 2023 17: +0,1679932800
10.286,1,Mar 27 2023 18: +0,1679936400
11.841,1,Mar 27 2023 19: +0,1679940000
11.772,3,Mar 27 2023 20: +0,1679943600
12.04,1,Mar 27 2023 21: +0,1679947200
13.201,2,Mar 27 2023 22: +0,1679950800
12.513,1,Mar 27 2023 23: +0,1679954400
15.831,1,Mar 28 2023 01: +0,1679961600
10.785,1,Mar 28 2023 02: +0,1679965200
10.863,1,Mar 28 2023 04: +0,1679972400
10.893,1,Mar 28 2023 05: +0,1679976000
11.787,1,Mar 28 2023 06: +0,1679979600
11.795,2,Mar 28 2023 07: +0,1679983200
11.059,2,Mar 28 2023 08: +0,1679986800
12.081,2,Mar 28 2023 09: +0,1679990400
18.953,1,Mar 28 2023 10: +0,1679994000
11.512,2,Mar 28 2023 12: +0,1680001200
12.902,2,Mar 28 2023 15: +0,1680012000
14.222,1,Mar 28 2023 16: +0,1680015600
10.36,1,Mar 28 2023 17: +0,1680019200
13.413,3,Mar 28 2023 19: +0,1680026400
13.405,1,Mar 28 2023 20: +0,1680030000
11.743,2,Mar 29 2023 01: +0,1680048000
10.857,1,Mar 29 2023 02: +0,1680051600
13.08,1,Mar 29 2023 04: +0,1680058800
13.953,1,Mar 29 2023 10: +0,1680080400
11.152,1,Mar 29 2023 12: +0,1680087600
11.505,1,Mar 29 2023 13: +0,1680091200
11.525,1,Mar 29 2023 16: +0,1680102000
12.886,1,Mar 29 2023 17: +0,1680105600
12.128,2,Mar 29 2023 18: +0,1680109200
11.317,4,Mar 29 2023 20: +0,1680116400
12.226,1,Mar 29 2023 21: +0,1680120000
12.126,1,Mar 29 2023 22: +0,1680123600
10.25,1,Mar 29 2023 23: +0,1680127200
12.406,1,Mar 30 2023 01: +0,1680134400
12.538,2,Mar 30 2023 02: +0,1680138000
11.532,4,Mar 30 2023 08: +0,1680159600
10.509,1,Mar 30 2023 12: +0,1680174000
10.452,1,Mar 30 2023 14: +0,1680181200
10.504,1,Mar 30 2023 17: +0,1680192000
10.202,1,Mar 30 2023 18: +0,1680195600
10.569,1,Mar 30 2023 19: +0,1680199200
10.939,2,Mar 30 2023 22: +0,1680210000
11.989,1,Mar 30 2023 23: +0,1680213600
10.129,3,Mar 31 2023 00: +0,1680217200
10.133,1,Mar 31 2023 04: +0,1680231600
10.081,1,Mar 31 2023 06: +0,1680238800
13.12,1,Mar 31 2023 09: +0,1680249600
11.904,2,Mar 31 2023 17: +0,1680278400
12.617,1,Mar 31 2023 18: +0,1680282000
11.594,3,Mar 31 2023 22: +0,1680296400
12.447,3,Mar 31 2023 23: +0,1680300000
12.522,1,Apr 01 2023 00: +0,1680303600
12.482,1,Apr 01 2023 03: +0,1680314400
14.333,1,Apr 01 2023 04: +0,1680318000
10.42,1,Apr 01 2023 10: +0,1680339600
12.535,1,Apr 01 2023 11: +0,1680343200
11.755,3,Apr 01 2023 12: +0,1680346800
12.312,2,Apr 01 2023 17: +0,1680364800
12.306,2,Apr 01 2023 18: +0,1680368400
10.46,1,Apr 01 2023 20: +0,1680375600
12.208,2,Apr 01 2023 21: +0,1680379200
12.497,2,Apr 01 2023 22: +0,1680382800
12.651,5,Apr 01 2023 23: +0,1680386400
13.089,1,Apr 02 2023 00: +0,1680390000
11.447,2,Apr 02 2023 02: +0,1680397200
10.63,1,Apr 02 2023 03: +0,1680400800
10.153,1,Apr 02 2023 04: +0,1680404400
13.247,1,Apr 02 2023 07: +0,1680415200
13.269,1,Apr 02 2023 10: +0,1680426000
13.323,1,Apr 02 2023 11: +0,1680429600
13.511,1,Apr 02 2023 12: +0,1680433200
14.07,2,Apr 02 2023 13: +0,1680436800
15.163,1,Apr 02 2023 14: +0,1680440400
14.42,2,Apr 02 2023 17: +0,1680451200
13.185,1,Apr 02 2023 18: +0,1680454800
14.68,1,Apr 02 2023 19: +0,1680458400
15.163,1,Apr 02 2023 21: +0,1680465600
11.317,1,Apr 03 2023 05: +0,1680494400
13.89,1,Apr 03 2023 07: +0,1680501600
11.722,2,Apr 03 2023 09: +0,1680508800
13.177,1,Apr 03 2023 16: +0,1680534000
12.497,2,Apr 03 2023 17: +0,1680537600
14.064,2,Apr 03 2023 18: +0,1680541200
13.917,1,Apr 03 2023 19: +0,1680544800
12.618,2,Apr 03 2023 20: +0,1680548400
11.323,1,Apr 03 2023 21: +0,1680552000
13.893,1,Apr 03 2023 22: +0,1680555600
13.895,1,Apr 03 2023 23: +0,1680559200
11.463,1,Apr 04 2023 06: +0,1680584400
11.444,1,Apr 04 2023 07: +0,1680588000
13.01,1,Apr 04 2023 11: +0,1680602400
11.384,1,Apr 04 2023 12: +0,1680606000
13.641,2,Apr 04 2023 13: +0,1680609600
11.384,1,Apr 04 2023 14: +0,1680613200
18.559,1,Apr 04 2023 16: +0,1680620400
11.408,1,Apr 04 2023 19: +0,1680631200
13.435,1,Apr 04 2023 20: +0,1680634800
11.871,2,Apr 04 2023 21: +0,1680638400
12.254,1,Apr 04 2023 22: +0,1680642000
13.838,1,Apr 05 2023 01: +0,1680652800
10.83,1,Apr 05 2023 04: +0,1680663600
11.921,3,Apr 05 2023 07: +0,1680674400
12.707,2,Apr 05 2023 11: +0,1680688800
13.068,1,Apr 05 2023 15: +0,1680703200
12.447,1,Apr 05 2023 16: +0,1680706800
12.919,1,Apr 05 2023 18: +0,1680714000
12.622,1,Apr 05 2023 19: +0,1680717600
10.862,1,Apr 05 2023 21: +0,1680724800
12.328,1,Apr 06 2023 00: +0,1680735600
10.862,2,Apr 06 2023 01: +0,1680739200
12.298,3,Apr 06 2023 04: +0,1680750000
12.338,1,Apr 06 2023 05: +0,1680753600
12.497,2,Apr 06 2023 10: +0,1680771600
12.356,2,Apr 06 2023 11: +0,1680775200
14.539,10,Apr 06 2023 12: +0,1680778800
16.003,1,Apr 06 2023 16: +0,1680793200
13.631,2,Apr 06 2023 17: +0,1680796800
15.856,4,Apr 06 2023 18: +0,1680800400
13.464,2,Apr 06 2023 19: +0,1680804000
15.982,3,Apr 06 2023 20: +0,1680807600
13.93,2,Apr 07 2023 00: +0,1680822000
15.7,1,Apr 07 2023 04: +0,1680836400
12.093,1,Apr 07 2023 05: +0,1680840000
14.588,1,Apr 07 2023 11: +0,1680861600
10.765,1,Apr 07 2023 13: +0,1680868800
11.403,1,Apr 07 2023 17: +0,1680883200
14.425,3,Apr 07 2023 19: +0,1680890400
14.766,1,Apr 07 2023 22: +0,1680901200
14.653,6,Apr 08 2023 00: +0,1680908400
16.177,3,Apr 08 2023 03: +0,1680919200
14.371,1,Apr 08 2023 07: +0,1680933600
15.096,3,Apr 08 2023 08: +0,1680937200
15.09,2,Apr 08 2023 09: +0,1680940800
15.245,2,Apr 08 2023 17: +0,1680969600
13.704,1,Apr 08 2023 18: +0,1680973200
19.03,5,Apr 08 2023 20: +0,1680980400
13.661,1,Apr 08 2023 21: +0,1680984000
16.443,1,Apr 08 2023 23: +0,1680991200
16.457,1,Apr 09 2023 01: +0,1680998400
16.637,1,Apr 09 2023 02: +0,1681002000
16.177,1,Apr 09 2023 05: +0,1681012800
16.637,1,Apr 09 2023 07: +0,1681020000
16.396,1,Apr 09 2023 09: +0,1681027200
16.413,1,Apr 09 2023 10: +0,1681030800
16.686,1,Apr 09 2023 17: +0,1681056000
13.604,2,Apr 09 2023 20: +0,1681066800
13.801,1,Apr 09 2023 22: +0,1681074000
15.371,1,Apr 10 2023 00: +0,1681081200
15.266,1,Apr 10 2023 03: +0,1681092000
19.616,2,Apr 10 2023 04: +0,1681095600
13.701,1,Apr 10 2023 06: +0,1681102800
13.701,1,Apr 10 2023 08: +0,1681110000
15.371,3,Apr 10 2023 10: +0,1681117200
15.371,1,Apr 10 2023 17: +0,1681142400
50.005,1,Apr 10 2023 18: +0,1681146000
15.146,2,Apr 10 2023 19: +0,1681149600
11.465,1,Apr 10 2023 20: +0,1681153200
14.837,1,Apr 10 2023 22: +0,1681160400
13.861,1,Apr 10 2023 23: +0,1681164000
16.545,1,Apr 11 2023 01: +0,1681171200
14.165,1,Apr 11 2023 02: +0,1681174800
16.556,1,Apr 11 2023 03: +0,1681178400
18.615,1,Apr 11 2023 07: +0,1681192800
16.205,1,Apr 11 2023 10: +0,1681203600
14.217,2,Apr 11 2023 17: +0,1681228800
13.796,1,Apr 11 2023 18: +0,1681232400
15.005,3,Apr 11 2023 19: +0,1681236000
13.796,1,Apr 11 2023 20: +0,1681239600
13.884,2,Apr 12 2023 02: +0,1681261200
13.836,1,Apr 12 2023 05: +0,1681272000
13.965,1,Apr 12 2023 06: +0,1681275600
13.83,1,Apr 12 2023 08: +0,1681282800
13.818,1,Apr 12 2023 10: +0,1681290000
13.128,1,Apr 12 2023 12: +0,1681297200
14.095,1,Apr 12 2023 13: +0,1681300800
13.842,1,Apr 12 2023 17: +0,1681315200
8.615,1,Apr 12 2023 18: +0,1681318800
13.139,1,Apr 12 2023 19: +0,1681322400
13.404,2,Apr 12 2023 20: +0,1681326000
14.911,1,Apr 12 2023 21: +0,1681329600
13.209,1,Apr 12 2023 22: +0,1681333200
13.864,1,Apr 12 2023 23: +0,1681336800
15.771,6,Apr 13 2023 04: +0,1681354800
14.791,1,Apr 13 2023 06: +0,1681362000
14.386,2,Apr 13 2023 08: +0,1681369200
15.162,1,Apr 13 2023 10: +0,1681376400
15.121,2,Apr 13 2023 12: +0,1681383600
15.24,1,Apr 13 2023 18: +0,1681405200
16.146,1,Apr 13 2023 19: +0,1681408800
14.045,1,Apr 13 2023 20: +0,1681412400
15.953,3,Apr 13 2023 21: +0,1681416000
14.574,1,Apr 13 2023 23: +0,1681423200
15.884,1,Apr 14 2023 00: +0,1681426800
15.32,2,Apr 14 2023 01: +0,1681430400
11.069,1,Apr 14 2023 04: +0,1681441200
14.759,1,Apr 14 2023 05: +0,1681444800
15.218,1,Apr 14 2023 09: +0,1681459200
15.812,1,Apr 14 2023 11: +0,1681466400
15.683,2,Apr 14 2023 19: +0,1681495200
14.901,2,Apr 14 2023 20: +0,1681498800
15.623,2,Apr 14 2023 21: +0,1681502400
14.931,2,Apr 14 2023 22: +0,1681506000
15.031,1,Apr 14 2023 23: +0,1681509600
15.1,2,Apr 15 2023 00: +0,1681513200
25.242,1,Apr 15 2023 02: +0,1681520400
15.272,1,Apr 15 2023 05: +0,1681531200
15.096,1,Apr 15 2023 06: +0,1681534800
16.324,1,Apr 15 2023 17: +0,1681574400
17.325,1,Apr 15 2023 19: +0,1681581600
16.333,1,Apr 15 2023 22: +0,1681592400
15.721,1,Apr 16 2023 00: +0,1681599600
15.959,2,Apr 16 2023 03: +0,1681610400
15.779,1,Apr 16 2023 06: +0,1681621200
15.782,3,Apr 16 2023 07: +0,1681624800
15.432,1,Apr 16 2023 09: +0,1681632000
15.705,2,Apr 16 2023 10: +0,1681635600
16.244,1,Apr 16 2023 11: +0,1681639200
15.031,1,Apr 16 2023 19: +0,1681668000
15.408,1,Apr 16 2023 21: +0,1681675200
16.598,4,Apr 16 2023 22: +0,1681678800
20.556,2,Apr 17 2023 01: +0,1681689600
16.132,1,Apr 17 2023 10: +0,1681722000
15.975,2,Apr 17 2023 11: +0,1681725600
15.909,1,Apr 17 2023 18: +0,1681750800
14.987,2,Apr 17 2023 20: +0,1681758000
16.007,4,Apr 17 2023 22: +0,1681765200
17.494,1,Apr 17 2023 23: +0,1681768800
16.748,2,Apr 18 2023 00: +0,1681772400
16.014,1,Apr 18 2023 03: +0,1681783200
16.755,2,Apr 18 2023 05: +0,1681790400
25.511,1,Apr 18 2023 11: +0,1681812000
16.478,2,Apr 18 2023 16: +0,1681830000
15.998,1,Apr 18 2023 17: +0,1681833600
17.221,2,Apr 18 2023 18: +0,1681837200
13.235,1,Apr 18 2023 19: +0,1681840800
15.31,1,Apr 19 2023 00: +0,1681858800
15.471,1,Apr 19 2023 01: +0,1681862400
16.07,1,Apr 19 2023 02: +0,1681866000
17.496,1,Apr 19 2023 06: +0,1681880400
17.469,1,Apr 19 2023 07: +0,1681884000
17.441,2,Apr 19 2023 13: +0,1681905600
17.505,1,Apr 19 2023 16: +0,1681916400
17.461,3,Apr 19 2023 17: +0,1681920000
28.082,1,Apr 19 2023 18: +0,1681923600
17.429,1,Apr 19 2023 19: +0,1681927200
16.926,2,Apr 19 2023 20: +0,1681930800
16.45,3,Apr 19 2023 21: +0,1681934400
16.906,2,Apr 20 2023 06: +0,1681966800
16.758,1,Apr 20 2023 09: +0,1681977600
19.218,1,Apr 20 2023 10: +0,1681981200
18.173,1,Apr 20 2023 18: +0,1682010000
16.776,3,Apr 20 2023 22: +0,1682024400
17.452,1,Apr 21 2023 01: +0,1682035200
19.124,8,Apr 21 2023 13: +0,1682078400
21.181,2,Apr 21 2023 14: +0,1682082000
19.044,3,Apr 21 2023 18: +0,1682096400
19.06,1,Apr 21 2023 22: +0,1682110800
18.961,3,Apr 21 2023 23: +0,1682114400
16.942,1,Apr 22 2023 00: +0,1682118000
16.511,1,Apr 22 2023 01: +0,1682121600
18.689,1,Apr 22 2023 08: +0,1682146800
16.587,1,Apr 22 2023 09: +0,1682150400
18.656,1,Apr 22 2023 12: +0,1682161200
18.06,2,Apr 22 2023 14: +0,1682168400
20.61,2,Apr 22 2023 15: +0,1682172000
18.627,1,Apr 22 2023 17: +0,1682179200
18.55,1,Apr 22 2023 18: +0,1682182800
15.025,1,Apr 22 2023 19: +0,1682186400
19.566,2,Apr 22 2023 20: +0,1682190000
15.382,2,Apr 22 2023 21: +0,1682193600
16.536,1,Apr 23 2023 03: +0,1682215200
16.386,2,Apr 23 2023 04: +0,1682218800
16.205,1,Apr 23 2023 06: +0,1682226000
16.142,1,Apr 23 2023 09: +0,1682236800
16.097,3,Apr 23 2023 10: +0,1682240400
17.431,1,Apr 23 2023 11: +0,1682244000
15.955,2,Apr 23 2023 12: +0,1682247600
17.516,1,Apr 23 2023 13: +0,1682251200
17.59,1,Apr 23 2023 14: +0,1682254800
17.914,1,Apr 23 2023 16: +0,1682262000
16.115,2,Apr 23 2023 18: +0,1682269200
18.011,1,Apr 23 2023 19: +0,1682272800
18.007,1,Apr 23 2023 20: +0,1682276400
16.912,2,Apr 24 2023 04: +0,1682305200
16.097,1,Apr 24 2023 07: +0,1682316000
17.388,2,Apr 24 2023 09: +0,1682323200
16.761,1,Apr 24 2023 12: +0,1682334000
16.114,3,Apr 24 2023 13: +0,1682337600
17.148,1,Apr 24 2023 14: +0,1682341200
17.192,2,Apr 24 2023 15: +0,1682344800
16.13,1,Apr 24 2023 19: +0,1682359200
17.662,1,Apr 24 2023 21: +0,1682366400
14.619,1,Apr 24 2023 22: +0,1682370000
20.313,2,Apr 25 2023 01: +0,1682380800
16.418,4,Apr 25 2023 02: +0,1682384400
14.357,1,Apr 25 2023 05: +0,1682395200
14.365,1,Apr 25 2023 06: +0,1682398800
16.585,1,Apr 25 2023 08: +0,1682406000
16.091,1,Apr 25 2023 09: +0,1682409600
13.649,4,Apr 25 2023 15: +0,1682431200
12.619,1,Apr 25 2023 16: +0,1682434800
14.205,1,Apr 25 2023 19: +0,1682445600
12.522,1,Apr 25 2023 21: +0,1682452800
13.659,4,Apr 25 2023 22: +0,1682456400
16.699,1,Apr 26 2023 01: +0,1682467200
16.461,2,Apr 26 2023 02: +0,1682470800
12.101,1,Apr 26 2023 06: +0,1682485200
17.319,1,Apr 26 2023 07: +0,1682488800
16.829,1,Apr 26 2023 14: +0,1682514000
17.435,1,Apr 26 2023 15: +0,1682517600
18.58,1,Apr 26 2023 16: +0,1682521200
16.704,1,Apr 26 2023 17: +0,1682524800
14.993,1,Apr 26 2023 19: +0,1682532000
13.183,1,Apr 26 2023 20: +0,1682535600
16.334,1,Apr 26 2023 23: +0,1682546400
13.704,2,Apr 27 2023 00: +0,1682550000
18.117,1,Apr 27 2023 03: +0,1682560800
13.161,1,Apr 27 2023 04: +0,1682564400
14.257,1,Apr 27 2023 08: +0,1682578800
13.347,1,Apr 27 2023 10: +0,1682586000
17.008,2,Apr 27 2023 15: +0,1682604000
15.582,1,Apr 27 2023 16: +0,1682607600
13.39,1,Apr 27 2023 17: +0,1682611200
13.39,1,Apr 27 2023 18: +0,1682614800
15.631,1,Apr 27 2023 19: +0,1682618400
13.135,1,Apr 27 2023 21: +0,1682625600
15.217,4,Apr 27 2023 22: +0,1682629200
16.404,1,Apr 27 2023 23: +0,1682632800
15.995,1,Apr 28 2023 03: +0,1682647200
17.563,2,Apr 28 2023 08: +0,1682665200
15.997,1,Apr 28 2023 10: +0,1682672400
14.816,2,Apr 28 2023 12: +0,1682679600
14.644,3,Apr 28 2023 16: +0,1682694000
14.738,2,Apr 28 2023 18: +0,1682701200
14.609,2,Apr 28 2023 19: +0,1682704800
18.564,1,Apr 28 2023 20: +0,1682708400
15.02,1,Apr 28 2023 21: +0,1682712000
13.6,3,Apr 28 2023 22: +0,1682715600
13.006,1,Apr 29 2023 00: +0,1682722800
14.263,1,Apr 29 2023 01: +0,1682726400
13.686,1,Apr 29 2023 03: +0,1682733600
14.21,1,Apr 29 2023 04: +0,1682737200
14.34,1,Apr 29 2023 06: +0,1682744400
15.344,1,Apr 29 2023 07: +0,1682748000
14.346,1,Apr 29 2023 13: +0,1682769600
13.62,1,Apr 29 2023 15: +0,1682776800
14.087,1,Apr 29 2023 16: +0,1682780400
14.634,4,Apr 29 2023 17: +0,1682784000
14.953,1,Apr 29 2023 19: +0,1682791200
14.526,2,Apr 29 2023 21: +0,1682798400
13.468,1,Apr 29 2023 23: +0,1682805600
14.991,2,Apr 30 2023 00: +0,1682809200
15.191,1,Apr 30 2023 02: +0,1682816400
16.476,1,Apr 30 2023 03: +0,1682820000
13.642,1,Apr 30 2023 05: +0,1682827200
16.414,3,Apr 30 2023 06: +0,1682830800
13.207,1,Apr 30 2023 10: +0,1682845200
16.4,1,Apr 30 2023 11: +0,1682848800
16.446,4,Apr 30 2023 12: +0,1682852400
16.458,1,Apr 30 2023 13: +0,1682856000
15.254,2,Apr 30 2023 15: +0,1682863200
13.378,1,Apr 30 2023 16: +0,1682866800
16.008,1,Apr 30 2023 17: +0,1682870400
15.654,1,Apr 30 2023 18: +0,1682874000
14.745,2,Apr 30 2023 19: +0,1682877600
15.598,1,Apr 30 2023 20: +0,1682881200
13.207,1,Apr 30 2023 22: +0,1682888400
16.749,1,May 01 2023 00: +0,1682895600
14.967,1,May 01 2023 11: +0,1682935200
13.687,1,May 01 2023 12: +0,1682938800
16.37,1,May 01 2023 13: +0,1682942400
16.297,2,May 01 2023 15: +0,1682949600
13.673,2,May 01 2023 16: +0,1682953200
13.687,1,May 01 2023 19: +0,1682964000
13.405,2,May 01 2023 20: +0,1682967600
13.572,3,May 01 2023 21: +0,1682971200
17.52,1,May 02 2023 00: +0,1682982000
15.82,1,May 02 2023 01: +0,1682985600
14.058,1,May 02 2023 14: +0,1683032400
14.327,2,May 02 2023 15: +0,1683036000
14.064,1,May 02 2023 17: +0,1683043200
15.048,2,May 02 2023 18: +0,1683046800
14.554,3,May 02 2023 20: +0,1683054000
15.198,1,May 02 2023 21: +0,1683057600
15.59,1,May 03 2023 00: +0,1683068400
13.697,1,May 03 2023 04: +0,1683082800
15.566,1,May 03 2023 05: +0,1683086400
13.689,1,May 03 2023 08: +0,1683097200
14.103,1,May 03 2023 10: +0,1683104400
13.538,1,May 03 2023 11: +0,1683108000
15.639,1,May 03 2023 15: +0,1683122400
13.819,2,May 03 2023 16: +0,1683126000
15.75,1,May 03 2023 17: +0,1683129600
17.726,3,May 03 2023 18: +0,1683133200
15.435,3,May 03 2023 19: +0,1683136800
15.11,1,May 03 2023 20: +0,1683140400
13.999,1,May 04 2023 00: +0,1683154800
15.398,2,May 04 2023 02: +0,1683162000
13.753,1,May 04 2023 04: +0,1683169200
15.946,1,May 04 2023 07: +0,1683180000
13.604,1,May 04 2023 08: +0,1683183600
15.374,1,May 04 2023 09: +0,1683187200
14.774,2,May 04 2023 12: +0,1683198000
17.658,1,May 04 2023 13: +0,1683201600
13.863,1,May 04 2023 15: +0,1683208800
16.35,1,May 04 2023 16: +0,1683212400
13.973,1,May 04 2023 17: +0,1683216000
15.222,1,May 04 2023 18: +0,1683219600
15.831,1,May 04 2023 19: +0,1683223200
14.004,1,May 04 2023 20: +0,1683226800
15.857,4,May 04 2023 21: +0,1683230400
16.847,1,May 04 2023 23: +0,1683237600
14.343,3,May 05 2023 01: +0,1683244800
14.113,1,May 05 2023 02: +0,1683248400
16.319,1,May 05 2023 03: +0,1683252000
16.335,3,May 05 2023 04: +0,1683255600
13.921,3,May 05 2023 06: +0,1683262800
13.612,3,May 05 2023 07: +0,1683266400
13.834,2,May 05 2023 08: +0,1683270000
13.989,4,May 05 2023 09: +0,1683273600
13.627,1,May 05 2023 10: +0,1683277200
13.794,1,May 05 2023 11: +0,1683280800
13.579,4,May 05 2023 12: +0,1683284400
13.89,1,May 05 2023 14: +0,1683291600
13.412,2,May 05 2023 16: +0,1683298800
12.932,4,May 05 2023 17: +0,1683302400
12.96,3,May 05 2023 18: +0,1683306000
12.575,2,May 05 2023 19: +0,1683309600
16.458,1,May 05 2023 21: +0,1683316800
11.926,1,May 05 2023 22: +0,1683320400
12.603,1,May 05 2023 23: +0,1683324000
13.845,4,May 06 2023 00: +0,1683327600
12.753,1,May 06 2023 01: +0,1683331200
22.08,1,May 06 2023 03: +0,1683338400
13.808,1,May 06 2023 04: +0,1683342000
13.807,1,May 06 2023 05: +0,1683345600
13.58,1,May 06 2023 07: +0,1683352800
13.439,2,May 06 2023 08: +0,1683356400
13.964,2,May 06 2023 10: +0,1683363600
13.771,1,May 06 2023 11: +0,1683367200
13.183,1,May 06 2023 12: +0,1683370800
13.139,4,May 06 2023 14: +0,1683378000
13.23,3,May 06 2023 15: +0,1683381600
13.238,3,May 06 2023 16: +0,1683385200
13.481,2,May 06 2023 17: +0,1683388800
14.162,2,May 06 2023 18: +0,1683392400
13.103,2,May 06 2023 19: +0,1683396000
13.805,1,May 06 2023 20: +0,1683399600
16.015,7,May 06 2023 21: +0,1683403200
13.56,1,May 06 2023 22: +0,1683406800
13.262,1,May 06 2023 23: +0,1683410400
14.21,3,May 07 2023 00: +0,1683414000
13.839,2,May 07 2023 06: +0,1683435600
16.813,2,May 07 2023 07: +0,1683439200
15.497,1,May 07 2023 10: +0,1683450000
14.179,1,May 07 2023 11: +0,1683453600
14.878,1,May 07 2023 13: +0,1683460800
15.79,1,May 07 2023 14: +0,1683464400
13.294,1,May 07 2023 15: +0,1683468000
13.777,1,May 07 2023 16: +0,1683471600
16.05,1,May 07 2023 17: +0,1683475200
13.336,3,May 07 2023 18: +0,1683478800
13.336,1,May 07 2023 20: +0,1683486000
15.962,1,May 07 2023 23: +0,1683496800
15.727,1,May 08 2023 00: +0,1683500400
16.093,1,May 08 2023 01: +0,1683504000
13.201,1,May 08 2023 02: +0,1683507600
16.339,1,May 08 2023 06: +0,1683522000
15.946,1,May 08 2023 07: +0,1683525600
11.298,1,May 08 2023 09: +0,1683532800
15.619,1,May 08 2023 12: +0,1683543600
13.428,1,May 08 2023 13: +0,1683547200
13.2,2,May 08 2023 16: +0,1683558000
15.47,1,May 08 2023 17: +0,1683561600
12.985,1,May 08 2023 18: +0,1683565200
14.314,2,May 08 2023 19: +0,1683568800
13.373,1,May 08 2023 21: +0,1683576000
15.629,1,May 09 2023 00: +0,1683586800
16.61,1,May 09 2023 02: +0,1683594000
15.624,1,May 09 2023 03: +0,1683597600
14.242,1,May 09 2023 06: +0,1683608400
15.447,2,May 09 2023 07: +0,1683612000
15.927,1,May 09 2023 08: +0,1683615600
13.425,1,May 09 2023 18: +0,1683651600
14.206,2,May 09 2023 20: +0,1683658800
15.006,1,May 10 2023 00: +0,1683673200
14.774,1,May 10 2023 04: +0,1683687600
15.412,1,May 10 2023 05: +0,1683691200
13.519,1,May 10 2023 06: +0,1683694800
13.507,1,May 10 2023 09: +0,1683705600
15.11,1,May 10 2023 10: +0,1683709200
13.052,1,May 10 2023 11: +0,1683712800
14.334,1,May 10 2023 15: +0,1683727200
15.202,1,May 10 2023 17: +0,1683734400
13.763,2,May 10 2023 20: +0,1683745200
13.498,1,May 10 2023 23: +0,1683756000
14.814,2,May 11 2023 00: +0,1683759600
13.86,2,May 11 2023 03: +0,1683770400
13.463,1,May 11 2023 07: +0,1683784800
13.482,1,May 11 2023 10: +0,1683795600
14.272,1,May 11 2023 11: +0,1683799200
14.914,1,May 11 2023 15: +0,1683813600
14.271,1,May 11 2023 16: +0,1683817200
24.15,2,May 11 2023 18: +0,1683824400
15.053,1,May 11 2023 19: +0,1683828000
14.516,1,May 11 2023 20: +0,1683831600
14.962,1,May 11 2023 21: +0,1683835200
13.671,1,May 11 2023 22: +0,1683838800
14.783,1,May 11 2023 23: +0,1683842400
13.671,1,May 12 2023 01: +0,1683849600
13.499,2,May 12 2023 05: +0,1683864000
13.871,1,May 12 2023 12: +0,1683889200
13.976,1,May 12 2023 14: +0,1683896400
14.87,3,May 12 2023 16: +0,1683903600
13.746,1,May 12 2023 21: +0,1683921600
16.104,1,May 12 2023 23: +0,1683928800
13.967,2,May 13 2023 03: +0,1683943200
15.328,1,May 13 2023 04: +0,1683946800
13.655,2,May 13 2023 12: +0,1683975600
15.26,1,May 13 2023 17: +0,1683993600
13.303,1,May 13 2023 18: +0,1683997200
15.173,1,May 13 2023 19: +0,1684000800
14.892,1,May 13 2023 20: +0,1684004400
13.469,1,May 13 2023 21: +0,1684008000
14.896,1,May 14 2023 01: +0,1684022400
13.647,1,May 14 2023 08: +0,1684047600
15.212,1,May 14 2023 09: +0,1684051200
15.083,2,May 14 2023 14: +0,1684069200
13.633,1,May 14 2023 15: +0,1684072800
13.633,2,May 14 2023 19: +0,1684087200
14.842,1,May 14 2023 20: +0,1684090800
15.488,10,May 14 2023 21: +0,1684094400
16.524,1,May 15 2023 05: +0,1684123200
17.358,1,May 15 2023 10: +0,1684141200
13.717,2,May 15 2023 11: +0,1684144800
13.793,1,May 15 2023 13: +0,1684152000
16.514,1,May 15 2023 14: +0,1684155600
13.385,1,May 15 2023 16: +0,1684162800
17.175,1,May 15 2023 17: +0,1684166400
15.39,2,May 15 2023 18: +0,1684170000
14.925,2,May 15 2023 21: +0,1684180800
13.736,1,May 16 2023 02: +0,1684198800
16.055,1,May 16 2023 13: +0,1684238400
13.701,2,May 16 2023 14: +0,1684242000
13.745,1,May 16 2023 17: +0,1684252800
16.529,1,May 16 2023 18: +0,1684256400
15.825,1,May 17 2023 02: +0,1684285200
13.178,1,May 17 2023 10: +0,1684314000
15.808,1,May 17 2023 12: +0,1684321200
13.762,1,May 17 2023 13: +0,1684324800
13.547,2,May 17 2023 15: +0,1684332000
13.091,1,May 17 2023 18: +0,1684342800
14.835,1,May 17 2023 19: +0,1684346400
13.819,1,May 17 2023 20: +0,1684350000
14.893,2,May 17 2023 22: +0,1684357200
15.861,1,May 17 2023 23: +0,1684360800
13.623,1,May 18 2023 00: +0,1684364400
13.358,1,May 18 2023 05: +0,1684382400
13.801,1,May 18 2023 07: +0,1684389600
13.755,1,May 18 2023 09: +0,1684396800
15.375,1,May 18 2023 12: +0,1684407600
13.834,2,May 18 2023 13: +0,1684411200
19.409,2,May 18 2023 14: +0,1684414800
13.828,2,May 18 2023 16: +0,1684422000
13.821,1,May 18 2023 17: +0,1684425600
13.914,2,May 18 2023 19: +0,1684432800
13.832,1,May 18 2023 20: +0,1684436400
13.89,1,May 18 2023 23: +0,1684447200
12.078,1,May 19 2023 00: +0,1684450800
13.748,1,May 19 2023 01: +0,1684454400
14.26,3,May 19 2023 03: +0,1684461600
15.073,2,May 19 2023 04: +0,1684465200
13.604,2,May 19 2023 08: +0,1684479600
15.418,1,May 19 2023 11: +0,1684490400
13.797,1,May 19 2023 14: +0,1684501200
13.714,3,May 19 2023 16: +0,1684508400
14.281,1,May 19 2023 17: +0,1684512000
14.152,4,May 19 2023 19: +0,1684519200
14.976,1,May 19 2023 20: +0,1684522800
15.011,1,May 20 2023 05: +0,1684555200
13.661,2,May 20 2023 07: +0,1684562400
14.497,1,May 20 2023 09: +0,1684569600
15.184,1,May 20 2023 14: +0,1684587600
14.306,1,May 20 2023 15: +0,1684591200
15.355,2,May 20 2023 19: +0,1684605600
15.184,1,May 20 2023 20: +0,1684609200
15.264,4,May 20 2023 21: +0,1684612800
16.396,1,May 20 2023 22: +0,1684616400
14.4,2,May 20 2023 23: +0,1684620000
13.379,2,May 21 2023 00: +0,1684623600
13.784,1,May 21 2023 01: +0,1684627200
13.103,1,May 21 2023 06: +0,1684645200
13.019,1,May 21 2023 08: +0,1684652400
12.865,1,May 21 2023 10: +0,1684659600
13.96,1,May 21 2023 11: +0,1684663200
14.596,2,May 21 2023 12: +0,1684666800
13.599,2,May 21 2023 13: +0,1684670400
13.096,1,May 21 2023 16: +0,1684681200
13.115,3,May 21 2023 17: +0,1684684800
14.885,1,May 21 2023 18: +0,1684688400
15.178,1,May 21 2023 19: +0,1684692000
15.939,4,May 21 2023 22: +0,1684702800
11.086,1,May 21 2023 23: +0,1684706400
13.735,1,May 22 2023 02: +0,1684717200
13.772,1,May 22 2023 05: +0,1684728000
12.799,1,May 22 2023 09: +0,1684742400
13.739,1,May 22 2023 10: +0,1684746000
13.123,1,May 22 2023 11: +0,1684749600
13.071,2,May 22 2023 14: +0,1684760400
14.0,2,May 22 2023 16: +0,1684767600
14.861,3,May 22 2023 17: +0,1684771200
13.143,1,May 22 2023 18: +0,1684774800
14.006,2,May 22 2023 19: +0,1684778400
14.788,1,May 22 2023 20: +0,1684782000
15.221,1,May 22 2023 21: +0,1684785600
14.067,1,May 23 2023 01: +0,1684800000
14.309,1,May 23 2023 15: +0,1684850400
14.84,1,May 23 2023 19: +0,1684864800
13.207,1,May 23 2023 23: +0,1684879200
13.253,1,May 24 2023 03: +0,1684893600
13.377,1,May 24 2023 13: +0,1684929600
13.461,1,May 24 2023 17: +0,1684944000
19.855,2,May 24 2023 18: +0,1684947600
14.845,1,May 24 2023 21: +0,1684958400
13.531,1,May 24 2023 22: +0,1684962000
13.517,1,May 25 2023 00: +0,1684969200
14.429,1,May 25 2023 03: +0,1684980000
14.505,1,May 25 2023 10: +0,1685005200
14.784,1,May 25 2023 13: +0,1685016000
11.329,1,May 25 2023 14: +0,1685019600
14.003,2,May 25 2023 15: +0,1685023200
13.492,1,May 25 2023 18: +0,1685034000
14.514,1,May 25 2023 19: +0,1685037600
15.137,2,May 25 2023 20: +0,1685041200
11.77,2,May 25 2023 21: +0,1685044800
14.559,1,May 25 2023 22: +0,1685048400
12.81,2,May 25 2023 23: +0,1685052000
13.603,2,May 26 2023 04: +0,1685070000
14.456,1,May 26 2023 06: +0,1685077200
14.452,1,May 26 2023 08: +0,1685084400
14.762,2,May 26 2023 14: +0,1685106000
15.689,2,May 26 2023 16: +0,1685113200
15.632,1,May 26 2023 22: +0,1685134800
14.752,1,May 27 2023 00: +0,1685142000
17.164,1,May 27 2023 04: +0,1685156400
13.749,1,May 27 2023 08: +0,1685170800
14.57,1,May 27 2023 11: +0,1685181600
16.023,1,May 27 2023 15: +0,1685196000
13.741,1,May 27 2023 22: +0,1685221200
16.322,4,May 27 2023 23: +0,1685224800
16.329,1,May 28 2023 00: +0,1685228400
16.271,1,May 28 2023 01: +0,1685232000
16.329,1,May 28 2023 02: +0,1685235600
13.781,1,May 28 2023 06: +0,1685250000
16.3,1,May 28 2023 07: +0,1685253600
16.334,1,May 28 2023 08: +0,1685257200
17.113,1,May 28 2023 09: +0,1685260800
13.773,1,May 28 2023 10: +0,1685264400
16.327,1,May 28 2023 13: +0,1685275200
20.467,5,May 28 2023 14: +0,1685278800
13.024,1,May 28 2023 17: +0,1685289600
13.781,1,May 28 2023 19: +0,1685296800
14.752,1,May 28 2023 22: +0,1685307600
13.785,1,May 29 2023 01: +0,1685318400
15.382,1,May 29 2023 10: +0,1685350800
15.748,1,May 29 2023 15: +0,1685368800
15.282,3,May 29 2023 19: +0,1685383200
14.812,2,May 29 2023 20: +0,1685386800
15.287,1,May 29 2023 22: +0,1685394000
14.445,1,May 30 2023 05: +0,1685419200
15.721,1,May 30 2023 07: +0,1685426400
14.364,1,May 30 2023 15: +0,1685455200
14.658,2,May 30 2023 16: +0,1685458800
12.106,1,May 30 2023 17: +0,1685462400
10.64,2,May 30 2023 20: +0,1685473200
9.213,1,May 30 2023 21: +0,1685476800
14.177,1,May 30 2023 22: +0,1685480400
15.698,1,May 30 2023 23: +0,1685484000
17.057,1,May 31 2023 06: +0,1685509200
37.642,2,May 31 2023 08: +0,1685516400
14.563,1,May 31 2023 11: +0,1685527200
14.573,2,May 31 2023 13: +0,1685534400
13.893,1,May 31 2023 15: +0,1685541600
13.888,4,May 31 2023 16: +0,1685545200
14.962,2,May 31 2023 18: +0,1685552400
14.508,1,May 31 2023 22: +0,1685566800
14.929,1,May 31 2023 23: +0,1685570400
13.994,1,Jun 01 2023 01: +0,1685577600
14.83,1,Jun 01 2023 02: +0,1685581200
14.379,1,Jun 01 2023 06: +0,1685595600
13.894,2,Jun 01 2023 07: +0,1685599200
15.22,2,Jun 01 2023 09: +0,1685606400
13.91,1,Jun 01 2023 12: +0,1685617200
13.91,1,Jun 01 2023 13: +0,1685620800
14.764,1,Jun 01 2023 17: +0,1685635200
13.955,1,Jun 01 2023 19: +0,1685642400
13.633,1,Jun 01 2023 20: +0,1685646000
15.737,3,Jun 02 2023 03: +0,1685671200
15.733,1,Jun 02 2023 12: +0,1685703600
15.98,2,Jun 02 2023 14: +0,1685710800
16.027,1,Jun 02 2023 15: +0,1685714400
15.22,2,Jun 02 2023 18: +0,1685725200
18.597,2,Jun 02 2023 19: +0,1685728800
15.064,2,Jun 02 2023 23: +0,1685743200
17.179,1,Jun 03 2023 00: +0,1685746800
20.885,1,Jun 03 2023 01: +0,1685750400
16.049,4,Jun 03 2023 07: +0,1685772000
21.641,2,Jun 03 2023 08: +0,1685775600
16.069,1,Jun 03 2023 09: +0,1685779200
14.704,1,Jun 03 2023 11: +0,1685786400
14.707,1,Jun 03 2023 17: +0,1685808000
14.705,1,Jun 03 2023 20: +0,1685818800
15.985,1,Jun 03 2023 22: +0,1685826000
13.945,1,Jun 04 2023 00: +0,1685833200
15.543,2,Jun 04 2023 03: +0,1685844000
16.449,1,Jun 04 2023 04: +0,1685847600
16.441,1,Jun 04 2023 05: +0,1685851200
17.009,2,Jun 04 2023 12: +0,1685876400
14.85,1,Jun 04 2023 14: +0,1685883600
17.233,1,Jun 04 2023 17: +0,1685894400
17.257,1,Jun 04 2023 18: +0,1685898000
16.065,2,Jun 04 2023 19: +0,1685901600
17.201,5,Jun 04 2023 21: +0,1685908800
17.201,1,Jun 04 2023 22: +0,1685912400
16.986,2,Jun 05 2023 01: +0,1685923200
16.329,1,Jun 05 2023 12: +0,1685962800
15.193,1,Jun 05 2023 19: +0,1685988000
16.02,1,Jun 05 2023 21: +0,1685995200
16.248,2,Jun 06 2023 12: +0,1686049200
16.706,3,Jun 06 2023 13: +0,1686052800
24.182,1,Jun 06 2023 14: +0,1686056400
17.945,1,Jun 06 2023 19: +0,1686074400
18.816,1,Jun 06 2023 20: +0,1686078000
18.857,1,Jun 07 2023 03: +0,1686103200
18.51,2,Jun 07 2023 14: +0,1686142800
18.071,1,Jun 07 2023 17: +0,1686153600
18.59,1,Jun 07 2023 18: +0,1686157200
19.393,1,Jun 07 2023 19: +0,1686160800
18.933,1,Jun 07 2023 21: +0,1686168000
18.942,1,Jun 07 2023 23: +0,1686175200
15.705,1,Jun 08 2023 00: +0,1686178800
18.944,1,Jun 08 2023 03: +0,1686189600
18.648,1,Jun 08 2023 13: +0,1686225600
18.547,1,Jun 08 2023 18: +0,1686243600
18.537,1,Jun 08 2023 19: +0,1686247200
15.705,1,Jun 08 2023 21: +0,1686254400
18.975,1,Jun 09 2023 00: +0,1686265200
18.532,1,Jun 09 2023 06: +0,1686286800
18.293,1,Jun 09 2023 15: +0,1686319200
18.461,2,Jun 09 2023 18: +0,1686330000
15.392,1,Jun 09 2023 22: +0,1686344400
17.237,2,Jun 10 2023 01: +0,1686355200
15.725,1,Jun 10 2023 06: +0,1686373200
15.728,1,Jun 10 2023 07: +0,1686376800
17.434,1,Jun 10 2023 15: +0,1686405600
16.974,1,Jun 10 2023 17: +0,1686412800
16.527,2,Jun 10 2023 21: +0,1686427200
15.77,1,Jun 10 2023 23: +0,1686434400
16.599,2,Jun 11 2023 01: +0,1686441600
18.126,3,Jun 11 2023 02: +0,1686445200
18.354,1,Jun 11 2023 03: +0,1686448800
18.875,1,Jun 11 2023 07: +0,1686463200
18.37,1,Jun 11 2023 08: +0,1686466800
15.657,6,Jun 11 2023 10: +0,1686474000
17.116,1,Jun 11 2023 12: +0,1686481200
15.673,3,Jun 11 2023 13: +0,1686484800
15.673,1,Jun 11 2023 14: +0,1686488400
16.519,1,Jun 11 2023 15: +0,1686492000
15.935,2,Jun 11 2023 23: +0,1686520800
16.479,1,Jun 12 2023 03: +0,1686535200
17.642,1,Jun 12 2023 04: +0,1686538800
15.712,1,Jun 12 2023 07: +0,1686549600
17.634,1,Jun 12 2023 12: +0,1686567600
17.294,1,Jun 12 2023 13: +0,1686571200
16.726,1,Jun 12 2023 14: +0,1686574800
17.209,3,Jun 12 2023 19: +0,1686592800
13.904,1,Jun 12 2023 21: +0,1686600000
15.705,1,Jun 12 2023 22: +0,1686603600
18.323,1,Jun 13 2023 04: +0,1686625200
18.309,1,Jun 13 2023 08: +0,1686639600
15.704,1,Jun 13 2023 12: +0,1686654000
18.301,1,Jun 13 2023 15: +0,1686664800
18.313,1,Jun 13 2023 16: +0,1686668400
15.644,3,Jun 13 2023 17: +0,1686672000
17.426,1,Jun 13 2023 22: +0,1686690000
15.704,1,Jun 13 2023 23: +0,1686693600
17.976,1,Jun 14 2023 07: +0,1686722400
17.979,1,Jun 14 2023 11: +0,1686736800
15.717,1,Jun 14 2023 17: +0,1686758400
18.287,1,Jun 14 2023 18: +0,1686762000
14.684,1,Jun 14 2023 21: +0,1686772800
17.197,1,Jun 15 2023 06: +0,1686805200
17.093,1,Jun 15 2023 08: +0,1686812400
17.093,1,Jun 15 2023 12: +0,1686826800
15.755,1,Jun 15 2023 14: +0,1686834000
17.087,1,Jun 15 2023 15: +0,1686837600
17.542,1,Jun 15 2023 18: +0,1686848400
17.555,3,Jun 15 2023 19: +0,1686852000
15.551,1,Jun 15 2023 20: +0,1686855600
19.844,1,Jun 15 2023 21: +0,1686859200
15.282,1,Jun 16 2023 02: +0,1686877200
24.617,1,Jun 16 2023 06: +0,1686891600
17.998,1,Jun 16 2023 10: +0,1686906000
17.141,1,Jun 16 2023 14: +0,1686920400
17.308,1,Jun 16 2023 21: +0,1686945600
17.297,1,Jun 16 2023 22: +0,1686949200
15.64,1,Jun 17 2023 02: +0,1686963600
17.706,1,Jun 17 2023 05: +0,1686974400
25.612,1,Jun 17 2023 11: +0,1686996000
17.602,1,Jun 17 2023 15: +0,1687010400
17.425,1,Jun 17 2023 17: +0,1687017600
18.111,1,Jun 17 2023 18: +0,1687021200
15.749,1,Jun 17 2023 20: +0,1687028400
17.441,1,Jun 18 2023 05: +0,1687060800
15.733,1,Jun 18 2023 07: +0,1687068000
17.61,1,Jun 18 2023 09: +0,1687075200
15.764,1,Jun 18 2023 11: +0,1687082400
17.107,2,Jun 18 2023 15: +0,1687096800
15.756,1,Jun 18 2023 16: +0,1687100400
15.777,2,Jun 18 2023 18: +0,1687107600
15.96,2,Jun 18 2023 21: +0,1687118400
16.142,1,Jun 18 2023 22: +0,1687122000
16.689,1,Jun 19 2023 13: +0,1687176000
15.774,1,Jun 19 2023 14: +0,1687179600
15.777,2,Jun 19 2023 16: +0,1687186800
17.117,4,Jun 19 2023 17: +0,1687190400
14.926,1,Jun 19 2023 18: +0,1687194000
16.091,2,Jun 19 2023 22: +0,1687208400
17.53,2,Jun 19 2023 23: +0,1687212000
18.311,1,Jun 20 2023 01: +0,1687219200
17.077,1,Jun 20 2023 16: +0,1687273200
15.914,1,Jun 20 2023 17: +0,1687276800
16.336,1,Jun 20 2023 18: +0,1687280400
16.692,1,Jun 20 2023 23: +0,1687298400
17.776,1,Jun 21 2023 00: +0,1687302000
15.888,1,Jun 21 2023 04: +0,1687316400
15.872,1,Jun 21 2023 05: +0,1687320000
15.88,1,Jun 21 2023 11: +0,1687341600
15.88,1,Jun 21 2023 13: +0,1687348800
15.887,1,Jun 21 2023 14: +0,1687352400
16.086,2,Jun 21 2023 15: +0,1687356000
15.88,1,Jun 21 2023 16: +0,1687359600
16.863,2,Jun 21 2023 17: +0,1687363200
23.25,1,Jun 21 2023 18: +0,1687366800
17.791,2,Jun 21 2023 19: +0,1687370400
24.684,1,Jun 22 2023 01: +0,1687392000
17.941,1,Jun 22 2023 03: +0,1687399200
15.908,2,Jun 22 2023 07: +0,1687413600
17.798,1,Jun 22 2023 10: +0,1687424400
17.852,1,Jun 22 2023 11: +0,1687428000
17.156,2,Jun 22 2023 13: +0,1687435200
18.823,1,Jun 22 2023 15: +0,1687442400
18.817,2,Jun 22 2023 16: +0,1687446000
17.781,1,Jun 22 2023 18: +0,1687453200
21.855,1,Jun 22 2023 20: +0,1687460400
19.009,1,Jun 22 2023 22: +0,1687467600
16.13,1,Jun 23 2023 01: +0,1687478400
16.137,1,Jun 23 2023 05: +0,1687492800
16.138,1,Jun 23 2023 06: +0,1687496400
16.162,1,Jun 23 2023 07: +0,1687500000
15.885,2,Jun 23 2023 13: +0,1687521600
15.849,1,Jun 23 2023 14: +0,1687525200
16.871,1,Jun 23 2023 15: +0,1687528800
15.77,1,Jun 23 2023 16: +0,1687532400
14.859,1,Jun 23 2023 17: +0,1687536000
16.406,1,Jun 23 2023 19: +0,1687543200
18.82,1,Jun 24 2023 01: +0,1687564800
16.454,1,Jun 24 2023 13: +0,1687608000
15.124,1,Jun 24 2023 15: +0,1687615200
18.873,1,Jun 24 2023 16: +0,1687618800
15.611,1,Jun 24 2023 17: +0,1687622400
16.748,1,Jun 24 2023 18: +0,1687626000
17.302,1,Jun 25 2023 03: +0,1687658400
15.132,1,Jun 25 2023 11: +0,1687687200
16.753,2,Jun 25 2023 12: +0,1687690800
18.002,1,Jun 25 2023 16: +0,1687705200
15.194,1,Jun 25 2023 17: +0,1687708800
18.228,1,Jun 25 2023 18: +0,1687712400
15.643,1,Jun 26 2023 10: +0,1687770000
18.222,2,Jun 26 2023 11: +0,1687773600
18.222,1,Jun 26 2023 18: +0,1687798800
15.582,3,Jun 26 2023 20: +0,1687806000
15.37,2,Jun 27 2023 03: +0,1687831200
16.534,1,Jun 27 2023 04: +0,1687834800
15.41,1,Jun 27 2023 11: +0,1687860000
16.45,1,Jun 27 2023 13: +0,1687867200
17.541,1,Jun 27 2023 17: +0,1687881600
17.183,1,Jun 27 2023 18: +0,1687885200
16.458,1,Jun 27 2023 19: +0,1687888800
15.501,1,Jun 27 2023 22: +0,1687899600
16.759,1,Jun 28 2023 00: +0,1687906800
15.575,2,Jun 28 2023 09: +0,1687939200
15.343,1,Jun 28 2023 14: +0,1687957200
15.685,1,Jun 28 2023 15: +0,1687960800
15.552,1,Jun 28 2023 16: +0,1687964400
17.355,1,Jun 28 2023 23: +0,1687989600
17.503,1,Jun 29 2023 07: +0,1688018400
15.552,1,Jun 29 2023 14: +0,1688043600
17.41,1,Jun 29 2023 15: +0,1688047200
15.274,1,Jun 29 2023 17: +0,1688054400
15.249,1,Jun 29 2023 18: +0,1688058000
13.701,1,Jun 29 2023 19: +0,1688061600
13.518,1,Jun 29 2023 20: +0,1688065200
13.534,1,Jun 29 2023 21: +0,1688068800
14.44,2,Jun 29 2023 23: +0,1688076000
14.221,2,Jun 30 2023 02: +0,1688086800
14.225,2,Jun 30 2023 04: +0,1688094000
14.707,1,Jun 30 2023 06: +0,1688101200
15.195,1,Jun 30 2023 09: +0,1688112000
15.194,1,Jun 30 2023 10: +0,1688115600
17.609,1,Jun 30 2023 11: +0,1688119200
12.584,1,Jun 30 2023 14: +0,1688130000
18.095,1,Jun 30 2023 17: +0,1688140800
15.752,1,Jun 30 2023 18: +0,1688144400
11.827,1,Jun 30 2023 22: +0,1688158800
14.579,2,Jul 01 2023 04: +0,1688180400
15.201,3,Jul 01 2023 12: +0,1688209200
15.158,1,Jul 01 2023 17: +0,1688227200
16.276,1,Jul 01 2023 21: +0,1688241600
13.91,1,Jul 01 2023 22: +0,1688245200
14.44,2,Jul 02 2023 07: +0,1688277600
13.921,1,Jul 02 2023 12: +0,1688295600
14.716,2,Jul 02 2023 15: +0,1688306400
12.834,2,Jul 02 2023 20: +0,1688324400
13.829,2,Jul 02 2023 21: +0,1688328000
13.924,1,Jul 03 2023 01: +0,1688342400
15.551,1,Jul 03 2023 04: +0,1688353200
13.169,2,Jul 03 2023 12: +0,1688382000
15.613,1,Jul 03 2023 13: +0,1688385600
15.6,1,Jul 03 2023 18: +0,1688403600
15.442,1,Jul 04 2023 00: +0,1688425200
15.438,1,Jul 04 2023 04: +0,1688439600
13.393,1,Jul 04 2023 05: +0,1688443200
13.767,1,Jul 04 2023 19: +0,1688493600
13.773,1,Jul 05 2023 06: +0,1688533200
13.773,1,Jul 05 2023 07: +0,1688536800
13.767,1,Jul 05 2023 16: +0,1688569200
15.317,1,Jul 05 2023 18: +0,1688576400
15.41,1,Jul 05 2023 19: +0,1688580000
15.706,1,Jul 05 2023 21: +0,1688587200
17.455,1,Jul 06 2023 00: +0,1688598000
13.759,1,Jul 06 2023 06: +0,1688619600
15.699,1,Jul 06 2023 12: +0,1688641200
13.734,1,Jul 06 2023 15: +0,1688652000
12.579,2,Jul 06 2023 18: +0,1688662800
14.689,2,Jul 06 2023 19: +0,1688666400
18.07,1,Jul 06 2023 21: +0,1688673600
12.765,1,Jul 07 2023 00: +0,1688684400
18.027,1,Jul 07 2023 03: +0,1688695200
13.742,1,Jul 07 2023 07: +0,1688709600
18.648,1,Jul 07 2023 22: +0,1688763600
17.97,1,Jul 08 2023 05: +0,1688788800
13.73,1,Jul 08 2023 13: +0,1688817600
14.867,1,Jul 09 2023 01: +0,1688860800
19.324,1,Jul 09 2023 17: +0,1688918400
13.564,1,Jul 10 2023 05: +0,1688961600
13.579,1,Jul 10 2023 09: +0,1688976000
14.5,1,Jul 10 2023 14: +0,1688994000
13.449,1,Jul 10 2023 16: +0,1689001200
13.891,2,Jul 10 2023 18: +0,1689008400
14.357,1,Jul 11 2023 09: +0,1689062400
13.659,1,Jul 11 2023 16: +0,1689087600
14.828,2,Jul 11 2023 17: +0,1689091200
13.526,1,Jul 11 2023 18: +0,1689094800
13.532,1,Jul 11 2023 20: +0,1689102000
13.586,3,Jul 11 2023 21: +0,1689105600
13.581,1,Jul 12 2023 03: +0,1689127200
15.024,1,Jul 12 2023 04: +0,1689130800
13.579,1,Jul 12 2023 05: +0,1689134400
12.33,1,Jul 12 2023 07: +0,1689141600
14.592,1,Jul 12 2023 09: +0,1689148800
11.846,1,Jul 12 2023 11: +0,1689156000
13.579,1,Jul 12 2023 12: +0,1689159600
14.643,1,Jul 12 2023 15: +0,1689170400
13.579,1,Jul 12 2023 17: +0,1689177600
13.585,1,Jul 12 2023 18: +0,1689181200
12.8,1,Jul 13 2023 01: +0,1689206400
12.754,1,Jul 13 2023 08: +0,1689231600
14.258,1,Jul 13 2023 11: +0,1689242400
13.592,2,Jul 13 2023 14: +0,1689253200
13.235,1,Jul 13 2023 15: +0,1689256800
13.235,3,Jul 13 2023 16: +0,1689260400
18.222,1,Jul 13 2023 17: +0,1689264000
13.739,1,Jul 13 2023 18: +0,1689267600
13.212,1,Jul 13 2023 20: +0,1689274800
14.31,1,Jul 13 2023 21: +0,1689278400
14.201,1,Jul 13 2023 22: +0,1689282000
13.288,1,Jul 14 2023 03: +0,1689300000
17.146,11,Jul 14 2023 13: +0,1689336000
13.667,1,Jul 14 2023 23: +0,1689372000
16.879,1,Jul 15 2023 00: +0,1689375600
14.504,1,Jul 15 2023 06: +0,1689397200
16.024,1,Jul 15 2023 08: +0,1689404400
13.666,2,Jul 15 2023 12: +0,1689418800
14.502,1,Jul 15 2023 14: +0,1689426000
15.887,1,Jul 15 2023 21: +0,1689451200
12.659,1,Jul 15 2023 22: +0,1689454800
14.505,1,Jul 15 2023 23: +0,1689458400
15.257,2,Jul 16 2023 04: +0,1689476400
16.956,2,Jul 16 2023 08: +0,1689490800
17.892,1,Jul 16 2023 15: +0,1689516000
14.575,1,Jul 16 2023 17: +0,1689523200
14.293,1,Jul 16 2023 18: +0,1689526800
14.295,2,Jul 17 2023 00: +0,1689548400
14.294,1,Jul 17 2023 01: +0,1689552000
14.266,1,Jul 17 2023 10: +0,1689584400
15.85,1,Jul 17 2023 11: +0,1689588000
15.721,1,Jul 17 2023 20: +0,1689620400
15.11,2,Jul 17 2023 21: +0,1689624000
13.208,1,Jul 17 2023 22: +0,1689627600
14.71,1,Jul 18 2023 03: +0,1689645600
14.715,1,Jul 18 2023 07: +0,1689660000
16.386,1,Jul 18 2023 09: +0,1689667200
14.901,1,Jul 18 2023 12: +0,1689678000
14.9,1,Jul 18 2023 14: +0,1689685200
14.906,1,Jul 18 2023 17: +0,1689696000
17.628,1,Jul 18 2023 19: +0,1689703200
15.242,1,Jul 18 2023 22: +0,1689714000
17.619,1,Jul 18 2023 23: +0,1689717600
14.897,1,Jul 19 2023 07: +0,1689746400
15.88,6,Jul 19 2023 10: +0,1689757200
13.959,1,Jul 19 2023 12: +0,1689764400
14.251,1,Jul 19 2023 14: +0,1689771600
13.985,1,Jul 19 2023 23: +0,1689804000
13.454,1,Jul 20 2023 10: +0,1689843600
17.376,1,Jul 20 2023 12: +0,1689850800
14.927,2,Jul 20 2023 17: +0,1689868800
15.119,1,Jul 20 2023 18: +0,1689872400
13.585,1,Jul 20 2023 20: +0,1689879600
9.345,1,Jul 20 2023 22: +0,1689886800
13.983,1,Jul 20 2023 23: +0,1689890400
15.661,2,Jul 21 2023 08: +0,1689922800
13.983,1,Jul 21 2023 10: +0,1689930000
15.547,1,Jul 21 2023 17: +0,1689955200
15.656,1,Jul 21 2023 18: +0,1689958800
15.905,1,Jul 21 2023 21: +0,1689969600
14.785,1,Jul 21 2023 23: +0,1689976800
11.944,1,Jul 22 2023 01: +0,1689984000
18.094,2,Jul 22 2023 02: +0,1689987600
13.983,1,Jul 22 2023 05: +0,1689998400
15.983,1,Jul 22 2023 13: +0,1690027200
15.338,1,Jul 22 2023 17: +0,1690041600
14.678,2,Jul 22 2023 19: +0,1690048800
15.6,1,Jul 22 2023 23: +0,1690063200
15.852,1,Jul 23 2023 00: +0,1690066800
15.251,1,Jul 23 2023 04: +0,1690081200
15.976,1,Jul 23 2023 07: +0,1690092000
15.971,1,Jul 23 2023 10: +0,1690102800
14.018,1,Jul 23 2023 11: +0,1690106400
15.971,1,Jul 23 2023 13: +0,1690113600
15.6,1,Jul 24 2023 01: +0,1690156800
15.796,4,Jul 24 2023 02: +0,1690160400
14.973,1,Jul 24 2023 20: +0,1690225200
16.374,2,Jul 25 2023 01: +0,1690243200
16.399,1,Jul 25 2023 04: +0,1690254000
15.169,1,Jul 25 2023 15: +0,1690293600
15.562,3,Jul 25 2023 17: +0,1690300800
14.219,1,Jul 25 2023 19: +0,1690308000
15.228,1,Jul 25 2023 22: +0,1690318800
14.338,1,Jul 26 2023 00: +0,1690326000
15.425,2,Jul 26 2023 11: +0,1690365600
15.431,2,Jul 26 2023 12: +0,1690369200
14.578,2,Jul 26 2023 15: +0,1690380000
14.028,1,Jul 26 2023 18: +0,1690390800
14.578,2,Jul 26 2023 19: +0,1690394400
15.199,2,Jul 26 2023 22: +0,1690405200
14.206,1,Jul 27 2023 01: +0,1690416000
14.57,1,Jul 27 2023 02: +0,1690419600
15.538,1,Jul 27 2023 04: +0,1690426800
14.125,2,Jul 27 2023 07: +0,1690437600
15.114,2,Jul 27 2023 09: +0,1690444800
15.543,1,Jul 27 2023 14: +0,1690462800
14.654,1,Jul 27 2023 15: +0,1690466400
14.42,1,Jul 27 2023 18: +0,1690477200
14.677,1,Jul 27 2023 19: +0,1690480800
14.665,2,Jul 27 2023 21: +0,1690488000
14.013,1,Jul 27 2023 23: +0,1690495200
14.015,1,Jul 28 2023 00: +0,1690498800
15.533,1,Jul 28 2023 03: +0,1690509600
14.75,2,Jul 28 2023 10: +0,1690534800
13.976,1,Jul 28 2023 14: +0,1690549200
15.394,1,Jul 28 2023 15: +0,1690552800
15.575,1,Jul 28 2023 17: +0,1690560000
15.653,1,Jul 28 2023 19: +0,1690567200
14.055,1,Jul 28 2023 23: +0,1690581600
15.435,3,Jul 29 2023 03: +0,1690596000
15.9,2,Jul 29 2023 06: +0,1690606800
15.996,2,Jul 29 2023 07: +0,1690610400
13.85,3,Jul 29 2023 10: +0,1690621200
15.724,2,Jul 29 2023 18: +0,1690650000
16.38,2,Jul 29 2023 19: +0,1690653600
15.59,2,Jul 30 2023 03: +0,1690682400
15.873,1,Jul 30 2023 08: +0,1690700400
14.817,1,Jul 30 2023 11: +0,1690711200
14.817,1,Jul 30 2023 12: +0,1690714800
15.736,2,Jul 30 2023 15: +0,1690725600
21.503,1,Jul 30 2023 17: +0,1690732800
15.919,1,Jul 30 2023 18: +0,1690736400
16.74,2,Jul 30 2023 19: +0,1690740000
16.692,1,Jul 31 2023 14: +0,1690808400
14.708,1,Jul 31 2023 18: +0,1690822800
14.824,1,Jul 31 2023 19: +0,1690826400
16.136,1,Jul 31 2023 22: +0,1690837200
16.99,2,Jul 31 2023 23: +0,1690840800
14.85,1,Aug 01 2023 06: +0,1690866000
16.614,1,Aug 01 2023 09: +0,1690876800
16.803,3,Aug 01 2023 11: +0,1690884000
15.062,1,Aug 01 2023 12: +0,1690887600
15.456,1,Aug 01 2023 16: +0,1690902000
14.866,1,Aug 02 2023 07: +0,1690956000
16.767,3,Aug 02 2023 10: +0,1690966800
28.336,1,Aug 02 2023 16: +0,1690988400
17.906,1,Aug 02 2023 19: +0,1690999200
17.711,2,Aug 02 2023 21: +0,1691006400
17.781,1,Aug 02 2023 22: +0,1691010000
14.873,1,Aug 03 2023 01: +0,1691020800
15.637,2,Aug 03 2023 12: +0,1691060400
14.866,1,Aug 03 2023 13: +0,1691064000
16.384,1,Aug 03 2023 17: +0,1691078400
16.375,1,Aug 03 2023 18: +0,1691082000
14.818,1,Aug 03 2023 20: +0,1691089200
16.531,1,Aug 03 2023 22: +0,1691096400
15.214,2,Aug 04 2023 01: +0,1691107200
14.866,1,Aug 04 2023 09: +0,1691136000
16.152,2,Aug 04 2023 10: +0,1691139600
17.146,2,Aug 04 2023 12: +0,1691146800
13.764,1,Aug 04 2023 13: +0,1691150400
14.889,2,Aug 04 2023 15: +0,1691157600
16.983,1,Aug 04 2023 16: +0,1691161200
14.685,1,Aug 04 2023 18: +0,1691168400
16.424,1,Aug 04 2023 20: +0,1691175600
16.506,2,Aug 04 2023 21: +0,1691179200
14.118,1,Aug 05 2023 08: +0,1691218800
16.657,7,Aug 05 2023 13: +0,1691236800
16.875,1,Aug 05 2023 15: +0,1691244000
14.878,1,Aug 05 2023 17: +0,1691251200
16.482,3,Aug 05 2023 18: +0,1691254800
16.769,1,Aug 05 2023 19: +0,1691258400
16.875,1,Aug 05 2023 20: +0,1691262000
14.897,1,Aug 05 2023 23: +0,1691272800
14.886,1,Aug 06 2023 02: +0,1691283600
16.227,1,Aug 06 2023 07: +0,1691301600
16.754,1,Aug 06 2023 09: +0,1691308800
21.146,1,Aug 06 2023 13: +0,1691323200
14.897,1,Aug 06 2023 15: +0,1691330400
15.737,2,Aug 06 2023 17: +0,1691337600
16.88,1,Aug 06 2023 19: +0,1691344800
15.605,2,Aug 06 2023 23: +0,1691359200
14.803,1,Aug 07 2023 02: +0,1691370000
14.685,1,Aug 07 2023 14: +0,1691413200
15.34,1,Aug 07 2023 15: +0,1691416800
14.731,1,Aug 07 2023 19: +0,1691431200
14.881,2,Aug 08 2023 00: +0,1691449200
15.212,1,Aug 08 2023 06: +0,1691470800
16.337,1,Aug 08 2023 16: +0,1691506800
15.136,1,Aug 08 2023 18: +0,1691514000
15.469,1,Aug 08 2023 20: +0,1691521200
10.506,1,Aug 09 2023 00: +0,1691535600
13.358,2,Aug 09 2023 01: +0,1691539200
16.479,1,Aug 09 2023 02: +0,1691542800
15.346,1,Aug 09 2023 05: +0,1691553600
14.154,1,Aug 09 2023 07: +0,1691560800
14.089,1,Aug 09 2023 10: +0,1691571600
15.346,1,Aug 09 2023 13: +0,1691582400
15.062,1,Aug 09 2023 16: +0,1691593200
15.654,1,Aug 09 2023 17: +0,1691596800
14.977,1,Aug 09 2023 21: +0,1691611200
16.46,1,Aug 09 2023 22: +0,1691614800
13.539,1,Aug 10 2023 01: +0,1691625600
14.117,1,Aug 10 2023 06: +0,1691643600
15.372,1,Aug 10 2023 11: +0,1691661600
14.051,1,Aug 10 2023 18: +0,1691686800
14.629,2,Aug 10 2023 19: +0,1691690400
14.125,1,Aug 10 2023 20: +0,1691694000
16.191,1,Aug 10 2023 22: +0,1691701200
14.115,1,Aug 11 2023 06: +0,1691730000
17.683,1,Aug 11 2023 08: +0,1691737200
16.235,1,Aug 11 2023 09: +0,1691740800
14.115,1,Aug 11 2023 12: +0,1691751600
13.679,1,Aug 11 2023 13: +0,1691755200
15.106,2,Aug 11 2023 14: +0,1691758800
15.501,2,Aug 11 2023 15: +0,1691762400
15.168,1,Aug 11 2023 18: +0,1691773200
14.115,1,Aug 11 2023 19: +0,1691776800
14.069,1,Aug 12 2023 04: +0,1691809200
14.011,1,Aug 12 2023 06: +0,1691816400
15.975,2,Aug 12 2023 09: +0,1691827200
15.078,1,Aug 12 2023 13: +0,1691841600
16.723,1,Aug 12 2023 15: +0,1691848800
16.15,1,Aug 12 2023 18: +0,1691859600
14.157,1,Aug 13 2023 00: +0,1691881200
14.071,1,Aug 13 2023 02: +0,1691888400
16.612,1,Aug 13 2023 06: +0,1691902800
25.002,1,Aug 13 2023 08: +0,1691910000
13.405,1,Aug 13 2023 15: +0,1691935200
14.087,1,Aug 13 2023 16: +0,1691938800
14.094,1,Aug 13 2023 18: +0,1691946000
19.839,1,Aug 13 2023 20: +0,1691953200
15.75,1,Aug 13 2023 21: +0,1691956800
14.086,6,Aug 14 2023 07: +0,1691992800
16.126,1,Aug 14 2023 10: +0,1692003600
13.98,1,Aug 14 2023 12: +0,1692010800
14.272,1,Aug 14 2023 19: +0,1692036000
16.149,1,Aug 14 2023 20: +0,1692039600
14.151,1,Aug 15 2023 00: +0,1692054000
14.123,1,Aug 15 2023 01: +0,1692057600
14.66,1,Aug 15 2023 02: +0,1692061200
14.101,1,Aug 15 2023 05: +0,1692072000
14.121,1,Aug 15 2023 07: +0,1692079200
14.117,1,Aug 15 2023 08: +0,1692082800
13.668,1,Aug 15 2023 16: +0,1692111600
16.032,1,Aug 15 2023 19: +0,1692122400
11.931,2,Aug 15 2023 22: +0,1692133200
16.109,1,Aug 16 2023 03: +0,1692151200
14.432,1,Aug 16 2023 06: +0,1692162000
13.712,1,Aug 16 2023 09: +0,1692172800
14.177,1,Aug 16 2023 15: +0,1692194400
14.216,1,Aug 16 2023 16: +0,1692198000
14.205,2,Aug 16 2023 17: +0,1692201600
14.106,1,Aug 16 2023 20: +0,1692212400
13.972,1,Aug 17 2023 02: +0,1692234000
14.452,1,Aug 17 2023 05: +0,1692244800
15.409,1,Aug 17 2023 11: +0,1692266400
15.905,1,Aug 17 2023 22: +0,1692306000
13.03,1,Aug 18 2023 02: +0,1692320400
15.606,1,Aug 18 2023 08: +0,1692342000
15.63,3,Aug 18 2023 13: +0,1692360000
14.745,1,Aug 18 2023 18: +0,1692378000
15.046,2,Aug 18 2023 21: +0,1692388800
14.656,1,Aug 18 2023 22: +0,1692392400
15.649,1,Aug 18 2023 23: +0,1692396000
14.738,1,Aug 19 2023 03: +0,1692410400
18.515,1,Aug 19 2023 11: +0,1692439200
16.055,1,Aug 19 2023 12: +0,1692442800
16.024,1,Aug 19 2023 13: +0,1692446400
14.523,2,Aug 19 2023 14: +0,1692450000
15.228,2,Aug 19 2023 21: +0,1692475200
15.363,1,Aug 20 2023 03: +0,1692496800
14.793,1,Aug 20 2023 09: +0,1692518400
15.013,2,Aug 20 2023 14: +0,1692536400
15.821,1,Aug 20 2023 16: +0,1692543600
15.437,1,Aug 20 2023 17: +0,1692547200
14.797,1,Aug 20 2023 18: +0,1692550800
14.506,1,Aug 20 2023 19: +0,1692554400
14.852,1,Aug 21 2023 11: +0,1692612000
16.083,1,Aug 21 2023 14: +0,1692622800
14.811,1,Aug 21 2023 17: +0,1692633600
14.931,1,Aug 21 2023 21: +0,1692648000
14.831,1,Aug 21 2023 22: +0,1692651600
14.83,1,Aug 22 2023 03: +0,1692669600
15.532,2,Aug 22 2023 05: +0,1692676800
15.738,1,Aug 22 2023 10: +0,1692694800
24.362,1,Aug 22 2023 11: +0,1692698400
14.951,2,Aug 22 2023 15: +0,1692712800
13.9,1,Aug 22 2023 17: +0,1692720000
15.904,1,Aug 22 2023 23: +0,1692741600
15.547,1,Aug 23 2023 02: +0,1692752400
15.884,1,Aug 23 2023 19: +0,1692813600
14.827,1,Aug 23 2023 21: +0,1692820800
14.748,1,Aug 24 2023 03: +0,1692842400
24.705,1,Aug 24 2023 04: +0,1692846000
17.555,1,Aug 24 2023 06: +0,1692853200
14.992,1,Aug 24 2023 09: +0,1692864000
15.86,1,Aug 24 2023 16: +0,1692889200
17.108,1,Aug 24 2023 17: +0,1692892800
16.297,1,Aug 24 2023 18: +0,1692896400
14.989,1,Aug 24 2023 19: +0,1692900000
15.017,1,Aug 24 2023 21: +0,1692907200
15.514,1,Aug 25 2023 03: +0,1692928800
16.198,1,Aug 25 2023 07: +0,1692943200
14.829,1,Aug 25 2023 15: +0,1692972000
15.004,1,Aug 25 2023 20: +0,1692990000
16.077,1,Aug 25 2023 22: +0,1692997200
16.135,1,Aug 26 2023 03: +0,1693015200
16.127,1,Aug 26 2023 07: +0,1693029600
14.79,1,Aug 26 2023 10: +0,1693040400
15.44,1,Aug 26 2023 13: +0,1693051200
17.226,2,Aug 26 2023 15: +0,1693058400
17.403,1,Aug 26 2023 19: +0,1693072800
15.777,1,Aug 27 2023 03: +0,1693101600
15.336,2,Aug 27 2023 04: +0,1693105200
24.65,1,Aug 27 2023 11: +0,1693130400
17.678,1,Aug 27 2023 13: +0,1693137600
16.119,2,Aug 27 2023 16: +0,1693148400
17.689,1,Aug 27 2023 20: +0,1693162800
16.417,2,Aug 27 2023 23: +0,1693173600
16.89,1,Aug 28 2023 11: +0,1693216800
17.277,1,Aug 29 2023 01: +0,1693267200
15.726,1,Aug 29 2023 09: +0,1693296000
16.214,2,Aug 29 2023 17: +0,1693324800
15.686,1,Aug 29 2023 19: +0,1693332000
15.724,1,Aug 29 2023 22: +0,1693342800
16.592,1,Aug 29 2023 23: +0,1693346400
15.64,2,Aug 30 2023 00: +0,1693350000
17.055,1,Aug 30 2023 03: +0,1693360800
15.741,1,Aug 30 2023 06: +0,1693371600
15.741,2,Aug 30 2023 07: +0,1693375200
15.655,2,Aug 30 2023 09: +0,1693382400
14.65,1,Aug 30 2023 10: +0,1693386000
15.714,1,Aug 30 2023 12: +0,1693393200
15.603,1,Aug 30 2023 14: +0,1693400400
15.746,1,Aug 30 2023 15: +0,1693404000
15.713,1,Aug 30 2023 16: +0,1693407600
15.461,1,Aug 30 2023 19: +0,1693418400
15.427,1,Aug 30 2023 22: +0,1693429200
15.715,2,Aug 31 2023 01: +0,1693440000
15.754,1,Aug 31 2023 08: +0,1693465200
15.746,1,Aug 31 2023 11: +0,1693476000
17.091,1,Aug 31 2023 13: +0,1693483200
17.168,1,Aug 31 2023 14: +0,1693486800
16.062,2,Sep 01 2023 03: +0,1693533600
16.062,1,Sep 01 2023 08: +0,1693551600
16.212,1,Sep 01 2023 12: +0,1693566000
18.12,1,Sep 01 2023 19: +0,1693591200
16.96,2,Sep 01 2023 20: +0,1693594800
16.283,3,Sep 01 2023 22: +0,1693602000
17.806,1,Sep 01 2023 23: +0,1693605600
16.54,1,Sep 02 2023 00: +0,1693609200
16.536,1,Sep 02 2023 02: +0,1693616400
16.516,1,Sep 02 2023 04: +0,1693623600
17.947,1,Sep 02 2023 07: +0,1693634400
16.546,1,Sep 02 2023 09: +0,1693641600
16.548,1,Sep 02 2023 11: +0,1693648800
16.772,1,Sep 02 2023 16: +0,1693666800
16.975,1,Sep 02 2023 17: +0,1693670400
17.832,2,Sep 02 2023 19: +0,1693677600
17.416,2,Sep 02 2023 20: +0,1693681200
16.558,2,Sep 02 2023 21: +0,1693684800
17.192,2,Sep 03 2023 00: +0,1693695600
16.322,1,Sep 03 2023 03: +0,1693706400
16.567,1,Sep 03 2023 10: +0,1693731600
16.757,2,Sep 03 2023 11: +0,1693735200
16.578,1,Sep 03 2023 12: +0,1693738800
19.481,1,Sep 03 2023 17: +0,1693756800
17.952,2,Sep 03 2023 20: +0,1693767600
16.287,1,Sep 03 2023 22: +0,1693774800
16.958,1,Sep 04 2023 00: +0,1693782000
16.652,1,Sep 04 2023 01: +0,1693785600
16.976,1,Sep 04 2023 02: +0,1693789200
17.347,1,Sep 04 2023 07: +0,1693807200
17.696,1,Sep 04 2023 09: +0,1693814400
17.471,1,Sep 04 2023 12: +0,1693825200
18.043,2,Sep 04 2023 13: +0,1693828800
17.464,1,Sep 04 2023 14: +0,1693832400
16.939,1,Sep 04 2023 15: +0,1693836000
16.939,1,Sep 04 2023 17: +0,1693843200
17.737,1,Sep 04 2023 22: +0,1693861200
19.435,1,Sep 05 2023 01: +0,1693872000
16.944,1,Sep 05 2023 02: +0,1693875600
18.524,2,Sep 05 2023 03: +0,1693879200
17.713,1,Sep 05 2023 10: +0,1693904400
16.538,1,Sep 05 2023 13: +0,1693915200
16.876,3,Sep 05 2023 22: +0,1693947600
17.704,1,Sep 06 2023 00: +0,1693954800
17.04,1,Sep 06 2023 11: +0,1693994400
17.285,2,Sep 06 2023 15: +0,1694008800
17.142,1,Sep 06 2023 16: +0,1694012400
16.885,1,Sep 06 2023 17: +0,1694016000
16.409,1,Sep 06 2023 18: +0,1694019600
17.712,1,Sep 06 2023 19: +0,1694023200
17.543,1,Sep 07 2023 06: +0,1694062800
19.683,2,Sep 07 2023 10: +0,1694077200
18.478,1,Sep 07 2023 19: +0,1694109600
18.589,1,Sep 07 2023 20: +0,1694113200
17.814,2,Sep 07 2023 21: +0,1694116800
17.854,2,Sep 08 2023 00: +0,1694127600
20.834,1,Sep 08 2023 03: +0,1694138400
17.11,1,Sep 08 2023 08: +0,1694156400
17.03,1,Sep 08 2023 12: +0,1694170800
18.098,1,Sep 08 2023 16: +0,1694185200
18.504,2,Sep 08 2023 19: +0,1694196000
19.177,1,Sep 08 2023 20: +0,1694199600
17.073,1,Sep 08 2023 21: +0,1694203200
17.086,1,Sep 08 2023 22: +0,1694206800
18.509,3,Sep 09 2023 08: +0,1694242800
18.813,1,Sep 09 2023 10: +0,1694250000
17.088,1,Sep 09 2023 11: +0,1694253600
18.835,1,Sep 09 2023 14: +0,1694264400
18.098,1,Sep 09 2023 17: +0,1694275200
18.835,3,Sep 09 2023 18: +0,1694278800
24.183,1,Sep 09 2023 23: +0,1694296800
19.287,1,Sep 10 2023 00: +0,1694300400
19.25,1,Sep 10 2023 04: +0,1694314800
17.101,1,Sep 10 2023 06: +0,1694322000
19.256,1,Sep 10 2023 07: +0,1694325600
17.487,1,Sep 10 2023 11: +0,1694340000
18.869,1,Sep 10 2023 12: +0,1694343600
17.456,1,Sep 10 2023 14: +0,1694350800
17.452,3,Sep 10 2023 15: +0,1694354400
17.469,3,Sep 10 2023 16: +0,1694358000
17.305,1,Sep 10 2023 17: +0,1694361600
20.247,1,Sep 10 2023 18: +0,1694365200
21.438,1,Sep 10 2023 19: +0,1694368800
21.114,1,Sep 10 2023 23: +0,1694383200
25.328,1,Sep 11 2023 02: +0,1694394000
17.584,1,Sep 11 2023 05: +0,1694404800
18.283,2,Sep 11 2023 10: +0,1694422800
19.037,1,Sep 11 2023 14: +0,1694437200
17.499,1,Sep 11 2023 15: +0,1694440800
16.659,1,Sep 11 2023 16: +0,1694444400
17.233,1,Sep 11 2023 17: +0,1694448000
15.849,1,Sep 11 2023 18: +0,1694451600
17.607,2,Sep 11 2023 19: +0,1694455200
17.496,1,Sep 11 2023 20: +0,1694458800
17.582,2,Sep 11 2023 21: +0,1694462400
17.926,1,Sep 11 2023 22: +0,1694466000
19.581,1,Sep 12 2023 02: +0,1694480400
17.932,1,Sep 12 2023 04: +0,1694487600
17.626,2,Sep 12 2023 05: +0,1694491200
19.479,1,Sep 12 2023 11: +0,1694512800
22.041,1,Sep 12 2023 12: +0,1694516400
15.081,1,Sep 12 2023 13: +0,1694520000
17.583,1,Sep 12 2023 16: +0,1694530800
18.96,1,Sep 12 2023 18: +0,1694538000
16.455,1,Sep 12 2023 19: +0,1694541600
17.343,1,Sep 12 2023 20: +0,1694545200
17.481,1,Sep 13 2023 01: +0,1694563200
17.345,2,Sep 13 2023 08: +0,1694588400
17.2,1,Sep 13 2023 22: +0,1694638800
18.045,1,Sep 13 2023 23: +0,1694642400
17.151,1,Sep 14 2023 14: +0,1694696400
17.882,1,Sep 14 2023 16: +0,1694703600
17.279,2,Sep 14 2023 17: +0,1694707200
17.887,3,Sep 14 2023 18: +0,1694710800
18.53,1,Sep 14 2023 21: +0,1694721600
17.334,1,Sep 14 2023 23: +0,1694728800
17.757,1,Sep 15 2023 15: +0,1694786400
14.268,1,Sep 15 2023 16: +0,1694790000
17.799,3,Sep 15 2023 23: +0,1694815200
17.245,1,Sep 16 2023 00: +0,1694818800
18.087,1,Sep 16 2023 08: +0,1694847600
17.253,1,Sep 16 2023 09: +0,1694851200
17.248,1,Sep 16 2023 10: +0,1694854800
17.245,1,Sep 16 2023 21: +0,1694894400
16.699,1,Sep 17 2023 05: +0,1694923200
17.254,1,Sep 17 2023 07: +0,1694930400
17.748,1,Sep 17 2023 09: +0,1694937600
17.264,1,Sep 17 2023 11: +0,1694944800
17.587,1,Sep 17 2023 16: +0,1694962800
17.003,2,Sep 17 2023 17: +0,1694966400
17.214,1,Sep 17 2023 21: +0,1694980800
17.215,1,Sep 18 2023 03: +0,1695002400
17.651,1,Sep 18 2023 06: +0,1695013200
17.353,1,Sep 18 2023 08: +0,1695020400
17.281,1,Sep 18 2023 11: +0,1695031200
17.724,2,Sep 18 2023 15: +0,1695045600
17.529,2,Sep 18 2023 17: +0,1695052800
18.265,1,Sep 18 2023 18: +0,1695056400
17.397,1,Sep 18 2023 21: +0,1695067200
17.555,2,Sep 19 2023 03: +0,1695088800
17.478,1,Sep 19 2023 08: +0,1695106800
17.478,1,Sep 19 2023 10: +0,1695114000
16.964,1,Sep 19 2023 12: +0,1695121200
18.683,2,Sep 19 2023 15: +0,1695132000
18.008,2,Sep 19 2023 16: +0,1695135600
18.172,1,Sep 19 2023 20: +0,1695150000
17.482,1,Sep 20 2023 04: +0,1695178800
18.16,1,Sep 20 2023 05: +0,1695182400
17.496,1,Sep 20 2023 15: +0,1695218400
16.356,1,Sep 20 2023 19: +0,1695232800
17.128,1,Sep 20 2023 22: +0,1695243600
18.302,1,Sep 21 2023 00: +0,1695250800
16.388,1,Sep 21 2023 03: +0,1695261600
17.517,1,Sep 21 2023 06: +0,1695272400
17.575,1,Sep 21 2023 07: +0,1695276000
17.104,1,Sep 21 2023 11: +0,1695290400
18.734,1,Sep 21 2023 19: +0,1695319200
17.06,2,Sep 21 2023 20: +0,1695322800
17.831,1,Sep 22 2023 21: +0,1695412800
19.859,1,Sep 22 2023 22: +0,1695416400
17.49,1,Sep 23 2023 02: +0,1695430800
17.286,1,Sep 23 2023 08: +0,1695452400
17.966,1,Sep 23 2023 13: +0,1695470400
17.53,1,Sep 23 2023 14: +0,1695474000
17.49,1,Sep 23 2023 18: +0,1695488400
17.964,1,Sep 24 2023 06: +0,1695531600
17.521,1,Sep 24 2023 08: +0,1695538800
17.502,1,Sep 24 2023 10: +0,1695546000
17.964,1,Sep 24 2023 11: +0,1695549600
17.512,1,Sep 24 2023 12: +0,1695553200
17.481,2,Sep 24 2023 15: +0,1695564000
17.246,2,Sep 24 2023 17: +0,1695571200
17.513,1,Sep 25 2023 06: +0,1695618000
19.11,1,Sep 25 2023 15: +0,1695650400
17.522,1,Sep 25 2023 17: +0,1695657600
25.499,2,Sep 25 2023 19: +0,1695664800
17.463,1,Sep 25 2023 23: +0,1695679200
21.272,1,Sep 26 2023 07: +0,1695708000
17.511,1,Sep 26 2023 15: +0,1695736800
15.182,1,Sep 26 2023 21: +0,1695758400
17.497,2,Sep 27 2023 00: +0,1695769200
14.732,1,Sep 27 2023 01: +0,1695772800
17.655,2,Sep 27 2023 02: +0,1695776400
16.516,1,Sep 27 2023 06: +0,1695790800
17.764,1,Sep 27 2023 10: +0,1695805200
17.892,1,Sep 27 2023 14: +0,1695819600
18.137,1,Sep 27 2023 16: +0,1695826800
17.302,2,Sep 27 2023 22: +0,1695848400
17.196,3,Sep 27 2023 23: +0,1695852000
19.011,2,Sep 28 2023 00: +0,1695855600
19.119,2,Sep 28 2023 03: +0,1695866400
17.615,1,Sep 28 2023 05: +0,1695873600
19.913,1,Sep 28 2023 09: +0,1695888000
22.404,1,Sep 28 2023 15: +0,1695909600
17.967,2,Sep 28 2023 16: +0,1695913200
18.821,1,Sep 28 2023 17: +0,1695916800
17.51,1,Sep 28 2023 20: +0,1695927600
17.631,1,Sep 28 2023 21: +0,1695931200
17.924,1,Sep 28 2023 22: +0,1695934800
17.944,1,Sep 28 2023 23: +0,1695938400
16.404,2,Sep 29 2023 00: +0,1695942000
18.824,1,Sep 29 2023 01: +0,1695945600
18.824,1,Sep 29 2023 03: +0,1695952800
19.577,1,Sep 29 2023 04: +0,1695956400
19.815,1,Sep 29 2023 12: +0,1695985200
17.144,1,Sep 29 2023 13: +0,1695988800
17.812,1,Sep 29 2023 15: +0,1695996000
17.917,1,Sep 29 2023 16: +0,1695999600
17.666,1,Sep 29 2023 19: +0,1696010400
19.815,1,Sep 29 2023 20: +0,1696014000
16.377,1,Sep 29 2023 21: +0,1696017600
17.32,1,Sep 30 2023 00: +0,1696028400
17.196,1,Sep 30 2023 02: +0,1696035600
16.352,1,Sep 30 2023 05: +0,1696046400
19.833,1,Sep 30 2023 08: +0,1696057200
17.782,2,Sep 30 2023 09: +0,1696060800
17.826,1,Sep 30 2023 11: +0,1696068000
17.641,1,Sep 30 2023 12: +0,1696071600
17.641,1,Sep 30 2023 13: +0,1696075200
17.258,2,Sep 30 2023 16: +0,1696086000
16.434,1,Sep 30 2023 18: +0,1696093200
17.641,1,Sep 30 2023 21: +0,1696104000
17.73,2,Sep 30 2023 23: +0,1696111200
17.817,1,Oct 01 2023 00: +0,1696114800
19.714,1,Oct 01 2023 02: +0,1696122000
16.729,1,Oct 01 2023 05: +0,1696132800
17.826,1,Oct 01 2023 06: +0,1696136400
17.391,1,Oct 01 2023 10: +0,1696150800
16.729,1,Oct 01 2023 12: +0,1696158000
18.586,1,Oct 01 2023 13: +0,1696161600
18.32,1,Oct 01 2023 18: +0,1696179600
17.119,2,Oct 01 2023 23: +0,1696197600
17.093,2,Oct 02 2023 03: +0,1696212000
17.326,1,Oct 02 2023 05: +0,1696219200
18.8,1,Oct 02 2023 06: +0,1696222800
18.482,1,Oct 02 2023 15: +0,1696255200
18.196,1,Oct 02 2023 17: +0,1696262400
16.875,3,Oct 02 2023 20: +0,1696273200
17.545,1,Oct 03 2023 01: +0,1696291200
16.458,1,Oct 03 2023 02: +0,1696294800
17.298,1,Oct 03 2023 07: +0,1696312800
16.845,2,Oct 03 2023 09: +0,1696320000
17.298,2,Oct 03 2023 10: +0,1696323600
17.303,1,Oct 03 2023 16: +0,1696345200
16.85,1,Oct 03 2023 17: +0,1696348800
19.712,1,Oct 03 2023 19: +0,1696356000
15.634,1,Oct 03 2023 20: +0,1696359600
16.886,1,Oct 04 2023 00: +0,1696374000
19.847,1,Oct 04 2023 02: +0,1696381200
19.843,1,Oct 04 2023 05: +0,1696392000
19.934,1,Oct 04 2023 07: +0,1696399200
17.347,1,Oct 04 2023 15: +0,1696428000
18.113,1,Oct 04 2023 18: +0,1696438800
17.211,1,Oct 05 2023 00: +0,1696460400
18.143,1,Oct 05 2023 03: +0,1696471200
17.347,1,Oct 05 2023 08: +0,1696489200
17.957,1,Oct 05 2023 09: +0,1696492800
17.737,2,Oct 05 2023 11: +0,1696500000
18.257,1,Oct 05 2023 12: +0,1696503600
17.978,1,Oct 05 2023 13: +0,1696507200
16.971,1,Oct 05 2023 14: +0,1696510800
17.492,2,Oct 05 2023 15: +0,1696514400
18.708,1,Oct 05 2023 18: +0,1696525200
20.925,1,Oct 05 2023 22: +0,1696539600
21.317,1,Oct 06 2023 02: +0,1696554000
17.5,1,Oct 06 2023 16: +0,1696604400
20.942,1,Oct 06 2023 18: +0,1696611600
17.813,1,Oct 06 2023 23: +0,1696629600
19.976,1,Oct 07 2023 00: +0,1696633200
18.923,1,Oct 07 2023 07: +0,1696658400
19.952,2,Oct 07 2023 09: +0,1696665600
17.247,1,Oct 07 2023 17: +0,1696694400
18.822,1,Oct 07 2023 18: +0,1696698000
17.182,1,Oct 07 2023 19: +0,1696701600
19.614,1,Oct 07 2023 20: +0,1696705200
18.777,1,Oct 08 2023 01: +0,1696723200
18.871,1,Oct 08 2023 06: +0,1696741200
19.75,1,Oct 08 2023 12: +0,1696762800
17.247,1,Oct 08 2023 13: +0,1696766400
20.322,1,Oct 08 2023 15: +0,1696773600
20.355,1,Oct 08 2023 17: +0,1696780800
18.88,1,Oct 08 2023 19: +0,1696788000
19.163,3,Oct 08 2023 20: +0,1696791600
17.197,1,Oct 09 2023 03: +0,1696816800
18.766,1,Oct 09 2023 08: +0,1696834800
17.269,1,Oct 09 2023 16: +0,1696863600
18.862,1,Oct 09 2023 17: +0,1696867200
20.569,1,Oct 09 2023 19: +0,1696874400
17.292,1,Oct 09 2023 21: +0,1696881600
18.515,2,Oct 09 2023 22: +0,1696885200
20.537,1,Oct 10 2023 05: +0,1696910400
20.441,3,Oct 10 2023 15: +0,1696946400
18.807,2,Oct 10 2023 16: +0,1696950000
17.294,1,Oct 10 2023 19: +0,1696960800
17.966,1,Oct 10 2023 22: +0,1696971600
20.143,1,Oct 10 2023 23: +0,1696975200
20.145,1,Oct 11 2023 01: +0,1696982400
18.082,2,Oct 11 2023 12: +0,1697022000
20.108,1,Oct 11 2023 15: +0,1697032800
17.513,1,Oct 11 2023 16: +0,1697036400
17.867,1,Oct 11 2023 17: +0,1697040000
17.513,1,Oct 11 2023 20: +0,1697050800
17.431,1,Oct 11 2023 21: +0,1697054400
18.034,2,Oct 11 2023 22: +0,1697058000
19.772,6,Oct 12 2023 01: +0,1697068800
20.149,1,Oct 12 2023 04: +0,1697079600
20.178,1,Oct 12 2023 08: +0,1697094000
18.28,1,Oct 12 2023 13: +0,1697112000
18.054,1,Oct 12 2023 16: +0,1697122800
20.253,1,Oct 12 2023 18: +0,1697130000
17.525,1,Oct 12 2023 22: +0,1697144400
21.317,1,Oct 12 2023 23: +0,1697148000
20.991,1,Oct 13 2023 00: +0,1697151600
20.594,1,Oct 13 2023 11: +0,1697191200
26.582,1,Oct 13 2023 12: +0,1697194800
19.154,1,Oct 13 2023 14: +0,1697202000
16.804,2,Oct 13 2023 16: +0,1697209200
18.486,2,Oct 13 2023 17: +0,1697212800
19.906,1,Oct 13 2023 22: +0,1697230800
19.884,2,Oct 14 2023 13: +0,1697284800
19.819,1,Oct 14 2023 15: +0,1697292000
18.911,1,Oct 14 2023 17: +0,1697299200
19.174,1,Oct 14 2023 20: +0,1697310000
17.538,1,Oct 15 2023 00: +0,1697324400
18.915,1,Oct 15 2023 01: +0,1697328000
18.683,1,Oct 15 2023 07: +0,1697349600
17.562,1,Oct 15 2023 08: +0,1697353200
18.911,1,Oct 15 2023 09: +0,1697356800
17.562,1,Oct 15 2023 19: +0,1697392800
17.96,1,Oct 15 2023 21: +0,1697400000
18.106,1,Oct 15 2023 22: +0,1697403600
18.109,2,Oct 16 2023 00: +0,1697410800
19.363,2,Oct 16 2023 02: +0,1697418000
17.562,1,Oct 16 2023 05: +0,1697428800
19.119,1,Oct 16 2023 12: +0,1697454000
18.595,3,Oct 16 2023 14: +0,1697461200
19.119,1,Oct 16 2023 16: +0,1697468400
20.35,2,Oct 16 2023 19: +0,1697479200
18.766,1,Oct 16 2023 20: +0,1697482800
14.175,1,Oct 16 2023 22: +0,1697490000
18.513,1,Oct 17 2023 01: +0,1697500800
18.911,1,Oct 17 2023 04: +0,1697511600
18.96,1,Oct 17 2023 06: +0,1697518800
19.038,1,Oct 17 2023 13: +0,1697544000
17.752,1,Oct 17 2023 14: +0,1697547600
19.008,2,Oct 17 2023 16: +0,1697554800
17.336,1,Oct 17 2023 19: +0,1697565600
17.863,1,Oct 17 2023 23: +0,1697580000
18.476,2,Oct 18 2023 03: +0,1697594400
19.348,1,Oct 18 2023 05: +0,1697601600
18.875,1,Oct 18 2023 06: +0,1697605200
19.938,1,Oct 18 2023 09: +0,1697616000
18.941,1,Oct 18 2023 19: +0,1697652000
18.002,1,Oct 18 2023 20: +0,1697655600
25.016,1,Oct 18 2023 23: +0,1697666400
18.883,1,Oct 19 2023 00: +0,1697670000
18.933,1,Oct 19 2023 03: +0,1697680800
18.027,1,Oct 19 2023 13: +0,1697716800
19.022,1,Oct 19 2023 14: +0,1697720400
18.011,1,Oct 19 2023 19: +0,1697738400
18.521,1,Oct 20 2023 03: +0,1697767200
18.849,1,Oct 20 2023 04: +0,1697770800
18.093,1,Oct 20 2023 11: +0,1697796000
18.093,1,Oct 20 2023 13: +0,1697803200
19.551,3,Oct 20 2023 15: +0,1697810400
17.393,1,Oct 20 2023 16: +0,1697814000
19.08,2,Oct 20 2023 17: +0,1697817600
18.797,1,Oct 20 2023 20: +0,1697828400
18.978,1,Oct 21 2023 01: +0,1697846400
18.995,1,Oct 21 2023 05: +0,1697860800
18.991,1,Oct 21 2023 06: +0,1697864400
19.028,1,Oct 21 2023 07: +0,1697868000
18.285,1,Oct 21 2023 13: +0,1697889600
18.947,1,Oct 21 2023 14: +0,1697893200
18.577,2,Oct 21 2023 15: +0,1697896800
18.574,2,Oct 21 2023 17: +0,1697904000
20.268,1,Oct 21 2023 21: +0,1697918400
18.961,1,Oct 21 2023 22: +0,1697922000
19.036,1,Oct 22 2023 01: +0,1697932800
18.137,1,Oct 22 2023 08: +0,1697958000
19.07,1,Oct 22 2023 10: +0,1697965200
16.793,1,Oct 22 2023 11: +0,1697968800
20.256,1,Oct 22 2023 12: +0,1697972400
19.288,1,Oct 22 2023 17: +0,1697990400
20.421,2,Oct 22 2023 18: +0,1697994000
20.877,1,Oct 22 2023 19: +0,1697997600
21.082,2,Oct 22 2023 20: +0,1698001200
20.372,1,Oct 23 2023 11: +0,1698055200
20.766,1,Oct 23 2023 13: +0,1698062400
26.715,1,Oct 23 2023 14: +0,1698066000
20.339,1,Oct 23 2023 15: +0,1698069600
25.742,2,Oct 23 2023 18: +0,1698080400
20.867,1,Oct 23 2023 19: +0,1698084000
19.542,2,Oct 23 2023 20: +0,1698087600
21.84,1,Oct 23 2023 22: +0,1698094800
21.83,1,Oct 23 2023 23: +0,1698098400
21.51,1,Oct 24 2023 03: +0,1698112800
22.665,1,Oct 24 2023 14: +0,1698152400
21.639,1,Oct 24 2023 18: +0,1698166800
21.45,1,Oct 24 2023 21: +0,1698177600
21.684,1,Oct 24 2023 23: +0,1698184800
18.315,1,Oct 25 2023 03: +0,1698199200
21.222,1,Oct 25 2023 11: +0,1698228000
21.288,1,Oct 25 2023 12: +0,1698231600
21.576,1,Oct 25 2023 18: +0,1698253200
21.891,1,Oct 25 2023 19: +0,1698256800
20.043,1,Oct 25 2023 22: +0,1698267600
21.782,1,Oct 25 2023 23: +0,1698271200
20.867,1,Oct 26 2023 03: +0,1698285600
20.818,2,Oct 26 2023 05: +0,1698292800
21.733,1,Oct 26 2023 06: +0,1698296400
18.475,1,Oct 26 2023 08: +0,1698303600
18.115,1,Oct 26 2023 13: +0,1698321600
18.02,1,Oct 26 2023 15: +0,1698328800
20.545,1,Oct 26 2023 20: +0,1698346800
19.536,1,Oct 26 2023 22: +0,1698354000
19.805,2,Oct 26 2023 23: +0,1698357600
19.803,2,Oct 27 2023 02: +0,1698368400
17.863,1,Oct 27 2023 08: +0,1698390000
17.833,1,Oct 27 2023 12: +0,1698404400
17.112,1,Oct 27 2023 16: +0,1698418800
20.955,1,Oct 27 2023 18: +0,1698426000
18.951,2,Oct 27 2023 19: +0,1698429600
21.136,1,Oct 27 2023 20: +0,1698433200
17.411,2,Oct 27 2023 22: +0,1698440400
22.709,1,Oct 28 2023 02: +0,1698454800
18.667,1,Oct 28 2023 07: +0,1698472800
21.458,1,Oct 28 2023 12: +0,1698490800
18.059,1,Oct 28 2023 14: +0,1698498000
17.027,1,Oct 28 2023 15: +0,1698501600
17.709,1,Oct 28 2023 16: +0,1698505200
19.35,2,Oct 28 2023 17: +0,1698508800
19.844,1,Oct 28 2023 19: +0,1698516000
17.831,1,Oct 28 2023 22: +0,1698526800
17.727,1,Oct 29 2023 05: +0,1698555600
17.709,1,Oct 29 2023 06: +0,1698559200
18.406,1,Oct 29 2023 12: +0,1698580800
19.375,1,Oct 29 2023 16: +0,1698595200
20.501,1,Oct 29 2023 21: +0,1698613200
17.864,1,Oct 30 2023 04: +0,1698638400
17.736,1,Oct 30 2023 06: +0,1698645600
21.368,1,Oct 30 2023 09: +0,1698656400
19.6,1,Oct 30 2023 10: +0,1698660000
17.869,1,Oct 30 2023 11: +0,1698663600
18.269,1,Oct 30 2023 17: +0,1698685200
18.667,1,Oct 30 2023 22: +0,1698703200
20.172,2,Oct 31 2023 00: +0,1698710400
20.127,1,Oct 31 2023 04: +0,1698724800
17.368,1,Oct 31 2023 09: +0,1698742800
20.598,1,Oct 31 2023 10: +0,1698746400
17.368,1,Oct 31 2023 11: +0,1698750000
17.32,3,Oct 31 2023 13: +0,1698757200
18.84,1,Oct 31 2023 14: +0,1698760800
20.626,1,Oct 31 2023 16: +0,1698768000
20.663,1,Oct 31 2023 18: +0,1698775200
17.37,2,Nov 01 2023 00: +0,1698796800
21.67,1,Nov 01 2023 11: +0,1698836400
20.3,1,Nov 01 2023 12: +0,1698840000
18.752,1,Nov 01 2023 14: +0,1698847200
17.206,1,Nov 01 2023 15: +0,1698850800
16.816,1,Nov 01 2023 16: +0,1698854400
18.196,2,Nov 01 2023 17: +0,1698858000
18.936,1,Nov 01 2023 23: +0,1698879600
17.433,1,Nov 02 2023 01: +0,1698886800
17.62,1,Nov 02 2023 04: +0,1698897600
19.176,1,Nov 02 2023 12: +0,1698926400
19.167,1,Nov 02 2023 13: +0,1698930000
19.065,1,Nov 02 2023 17: +0,1698944400
19.028,1,Nov 02 2023 20: +0,1698955200
15.623,1,Nov 03 2023 00: +0,1698969600
19.056,1,Nov 03 2023 02: +0,1698976800
17.774,1,Nov 03 2023 05: +0,1698987600
18.404,2,Nov 03 2023 12: +0,1699012800
18.139,1,Nov 03 2023 21: +0,1699045200
19.032,3,Nov 04 2023 03: +0,1699066800
22.971,1,Nov 04 2023 12: +0,1699099200
19.462,2,Nov 04 2023 20: +0,1699128000
20.258,1,Nov 05 2023 01: +0,1699146000
20.153,2,Nov 05 2023 02: +0,1699149600
18.164,1,Nov 05 2023 05: +0,1699160400
18.764,1,Nov 05 2023 08: +0,1699171200
20.807,1,Nov 05 2023 12: +0,1699185600
22.006,1,Nov 05 2023 13: +0,1699189200
18.121,1,Nov 05 2023 17: +0,1699203600
20.989,1,Nov 05 2023 21: +0,1699218000
21.999,1,Nov 05 2023 22: +0,1699221600
18.631,1,Nov 06 2023 01: +0,1699232400
18.023,2,Nov 06 2023 03: +0,1699239600
20.154,1,Nov 06 2023 20: +0,1699300800
17.939,1,Nov 06 2023 21: +0,1699304400
18.151,1,Nov 06 2023 23: +0,1699311600
18.102,1,Nov 07 2023 06: +0,1699336800
18.101,1,Nov 07 2023 14: +0,1699365600
19.763,1,Nov 07 2023 18: +0,1699380000
21.708,1,Nov 07 2023 19: +0,1699383600
18.91,2,Nov 07 2023 21: +0,1699390800
20.88,5,Nov 07 2023 23: +0,1699398000
20.256,1,Nov 08 2023 12: +0,1699444800
22.045,1,Nov 08 2023 17: +0,1699462800
18.387,2,Nov 08 2023 18: +0,1699466400
19.668,1,Nov 08 2023 21: +0,1699477200
18.174,1,Nov 09 2023 00: +0,1699488000
22.013,1,Nov 09 2023 03: +0,1699498800
18.427,1,Nov 09 2023 06: +0,1699509600
18.551,1,Nov 09 2023 15: +0,1699542000
18.426,1,Nov 09 2023 17: +0,1699549200
18.108,1,Nov 09 2023 18: +0,1699552800
19.093,1,Nov 09 2023 23: +0,1699570800
18.41,1,Nov 10 2023 04: +0,1699588800
18.531,1,Nov 10 2023 05: +0,1699592400
17.536,2,Nov 10 2023 06: +0,1699596000
28.599,1,Nov 10 2023 08: +0,1699603200
18.146,1,Nov 10 2023 15: +0,1699628400
18.422,2,Nov 10 2023 17: +0,1699635600
18.395,1,Nov 10 2023 19: +0,1699642800
19.029,1,Nov 10 2023 21: +0,1699650000
17.529,1,Nov 11 2023 00: +0,1699660800
18.387,2,Nov 11 2023 04: +0,1699675200
18.909,2,Nov 11 2023 10: +0,1699696800
18.243,1,Nov 11 2023 15: +0,1699714800
17.784,2,Nov 11 2023 16: +0,1699718400
19.723,1,Nov 11 2023 23: +0,1699743600
21.74,1,Nov 12 2023 08: +0,1699776000
18.617,1,Nov 12 2023 11: +0,1699786800
18.103,1,Nov 12 2023 12: +0,1699790400
17.874,1,Nov 12 2023 15: +0,1699801200
16.908,1,Nov 13 2023 01: +0,1699837200
17.136,1,Nov 13 2023 05: +0,1699851600
16.437,1,Nov 13 2023 07: +0,1699858800
16.926,1,Nov 13 2023 11: +0,1699873200
18.019,1,Nov 13 2023 15: +0,1699887600
17.97,1,Nov 14 2023 19: +0,1699988400
16.255,1,Nov 14 2023 20: +0,1699992000
16.261,1,Nov 14 2023 21: +0,1699995600
16.831,1,Nov 15 2023 03: +0,1700017200
17.376,1,Nov 15 2023 07: +0,1700031600
17.32,1,Nov 15 2023 18: +0,1700071200
17.372,1,Nov 15 2023 19: +0,1700074800
17.372,1,Nov 15 2023 20: +0,1700078400
16.984,1,Nov 16 2023 00: +0,1700092800
16.398,1,Nov 16 2023 11: +0,1700132400
16.542,1,Nov 16 2023 13: +0,1700139600
17.372,3,Nov 16 2023 15: +0,1700146800
17.015,3,Nov 16 2023 21: +0,1700168400
18.098,1,Nov 17 2023 12: +0,1700222400
16.466,2,Nov 17 2023 13: +0,1700226000
17.024,2,Nov 17 2023 15: +0,1700233200
21.227,1,Nov 17 2023 18: +0,1700244000
18.021,1,Nov 17 2023 20: +0,1700251200
16.847,1,Nov 18 2023 01: +0,1700269200
17.045,1,Nov 18 2023 09: +0,1700298000
14.763,1,Nov 19 2023 04: +0,1700366400
17.014,5,Nov 19 2023 05: +0,1700370000
18.326,1,Nov 19 2023 11: +0,1700391600
15.996,1,Nov 19 2023 17: +0,1700413200
17.015,1,Nov 19 2023 19: +0,1700420400
17.296,1,Nov 19 2023 21: +0,1700427600
21.088,2,Nov 19 2023 22: +0,1700431200
16.478,1,Nov 20 2023 02: +0,1700445600
16.724,2,Nov 20 2023 11: +0,1700478000
18.045,1,Nov 20 2023 13: +0,1700485200
15.242,1,Nov 20 2023 16: +0,1700496000
17.768,1,Nov 20 2023 18: +0,1700503200
20.355,1,Nov 20 2023 19: +0,1700506800
18.427,1,Nov 21 2023 03: +0,1700535600
16.577,1,Nov 21 2023 04: +0,1700539200
18.981,1,Nov 21 2023 05: +0,1700542800
16.571,1,Nov 21 2023 11: +0,1700564400
16.577,1,Nov 21 2023 15: +0,1700578800
16.664,2,Nov 21 2023 16: +0,1700582400
17.496,1,Nov 21 2023 17: +0,1700586000
17.848,1,Nov 21 2023 20: +0,1700596800
16.175,2,Nov 22 2023 05: +0,1700629200
16.315,2,Nov 22 2023 07: +0,1700636400
15.809,2,Nov 22 2023 08: +0,1700640000
14.429,1,Nov 22 2023 12: +0,1700654400
17.714,1,Nov 22 2023 13: +0,1700658000
15.278,1,Nov 22 2023 18: +0,1700676000
17.386,1,Nov 23 2023 06: +0,1700719200
18.003,1,Nov 23 2023 12: +0,1700740800
15.319,1,Nov 23 2023 13: +0,1700744400
16.233,1,Nov 23 2023 16: +0,1700755200
15.318,1,Nov 23 2023 17: +0,1700758800
17.743,1,Nov 23 2023 20: +0,1700769600
15.178,2,Nov 23 2023 21: +0,1700773200
16.345,1,Nov 23 2023 23: +0,1700780400
15.76,2,Nov 24 2023 07: +0,1700809200
14.798,1,Nov 24 2023 08: +0,1700812800
14.888,1,Nov 24 2023 16: +0,1700841600
14.029,1,Nov 24 2023 17: +0,1700845200
14.502,1,Nov 24 2023 20: +0,1700856000
14.727,1,Nov 24 2023 23: +0,1700866800
14.384,1,Nov 25 2023 05: +0,1700888400
14.703,1,Nov 25 2023 06: +0,1700892000
14.04,1,Nov 25 2023 08: +0,1700899200
14.555,2,Nov 25 2023 12: +0,1700913600
14.776,1,Nov 25 2023 16: +0,1700928000
14.631,1,Nov 25 2023 19: +0,1700938800
12.698,1,Nov 25 2023 20: +0,1700942400
14.633,2,Nov 26 2023 02: +0,1700964000
15.375,2,Nov 26 2023 04: +0,1700971200
14.783,1,Nov 26 2023 06: +0,1700978400
14.638,1,Nov 26 2023 12: +0,1701000000
15.244,4,Nov 26 2023 16: +0,1701014400
14.641,1,Nov 26 2023 17: +0,1701018000
14.591,1,Nov 26 2023 19: +0,1701025200
14.637,2,Nov 26 2023 21: +0,1701032400
14.384,1,Nov 27 2023 04: +0,1701057600
14.495,1,Nov 27 2023 15: +0,1701097200
14.679,1,Nov 27 2023 21: +0,1701118800
15.39,1,Nov 27 2023 22: +0,1701122400
14.519,1,Nov 27 2023 23: +0,1701126000
16.188,2,Nov 28 2023 05: +0,1701147600
14.919,1,Nov 28 2023 14: +0,1701180000
14.959,1,Nov 28 2023 16: +0,1701187200
16.296,1,Nov 28 2023 18: +0,1701194400
15.678,1,Nov 28 2023 19: +0,1701198000
15.862,1,Nov 28 2023 20: +0,1701201600
16.485,1,Nov 28 2023 21: +0,1701205200
15.951,1,Nov 28 2023 22: +0,1701208800
15.023,1,Nov 29 2023 00: +0,1701216000
15.129,1,Nov 29 2023 06: +0,1701237600
15.183,1,Nov 29 2023 07: +0,1701241200
15.126,1,Nov 29 2023 12: +0,1701259200
14.933,2,Nov 29 2023 16: +0,1701273600
15.556,2,Nov 29 2023 19: +0,1701284400
16.657,2,Nov 29 2023 20: +0,1701288000
15.327,1,Nov 29 2023 21: +0,1701291600
17.46,1,Nov 30 2023 00: +0,1701302400
17.578,1,Nov 30 2023 11: +0,1701342000
17.649,1,Nov 30 2023 15: +0,1701356400
17.74,1,Nov 30 2023 19: +0,1701370800
16.337,2,Dec 01 2023 06: +0,1701410400
17.184,1,Dec 01 2023 09: +0,1701421200
18.379,1,Dec 01 2023 15: +0,1701442800
16.589,1,Dec 01 2023 19: +0,1701457200
15.454,1,Dec 01 2023 20: +0,1701460800
15.414,1,Dec 02 2023 03: +0,1701486000
15.63,1,Dec 02 2023 04: +0,1701489600
15.303,1,Dec 02 2023 11: +0,1701514800
16.993,2,Dec 02 2023 13: +0,1701522000
15.454,3,Dec 02 2023 17: +0,1701536400
21.296,1,Dec 02 2023 18: +0,1701540000
16.416,1,Dec 02 2023 19: +0,1701543600
16.416,3,Dec 02 2023 20: +0,1701547200
16.126,1,Dec 03 2023 01: +0,1701565200
16.541,1,Dec 03 2023 15: +0,1701615600
15.622,1,Dec 03 2023 20: +0,1701633600
17.836,7,Dec 03 2023 22: +0,1701640800
17.964,2,Dec 04 2023 00: +0,1701648000
19.953,1,Dec 04 2023 03: +0,1701658800
19.993,1,Dec 04 2023 13: +0,1701694800
19.553,1,Dec 04 2023 16: +0,1701705600
18.992,1,Dec 04 2023 18: +0,1701712800
17.348,1,Dec 04 2023 21: +0,1701723600
17.434,1,Dec 05 2023 09: +0,1701766800
18.174,1,Dec 05 2023 15: +0,1701788400
19.306,1,Dec 05 2023 20: +0,1701806400
17.675,2,Dec 06 2023 01: +0,1701824400
17.635,1,Dec 06 2023 07: +0,1701846000
17.716,1,Dec 06 2023 11: +0,1701860400
19.005,1,Dec 06 2023 21: +0,1701896400
18.779,1,Dec 07 2023 07: +0,1701932400
18.874,1,Dec 07 2023 10: +0,1701943200
18.175,1,Dec 07 2023 17: +0,1701968400
19.198,2,Dec 07 2023 19: +0,1701975600
19.266,1,Dec 07 2023 23: +0,1701990000
20.656,1,Dec 08 2023 00: +0,1701993600
19.454,1,Dec 08 2023 06: +0,1702015200
18.946,1,Dec 08 2023 16: +0,1702051200
19.122,1,Dec 08 2023 17: +0,1702054800
21.643,2,Dec 09 2023 00: +0,1702080000
17.708,1,Dec 09 2023 04: +0,1702094400
17.643,1,Dec 09 2023 07: +0,1702105200
16.885,2,Dec 09 2023 13: +0,1702126800
18.889,1,Dec 09 2023 15: +0,1702134000
16.572,2,Dec 09 2023 17: +0,1702141200
15.979,1,Dec 10 2023 05: +0,1702184400
18.379,1,Dec 10 2023 11: +0,1702206000
17.451,1,Dec 10 2023 17: +0,1702227600
17.451,1,Dec 10 2023 20: +0,1702238400
17.449,1,Dec 11 2023 08: +0,1702281600
18.293,1,Dec 11 2023 09: +0,1702285200
18.159,1,Dec 11 2023 13: +0,1702299600
16.715,2,Dec 11 2023 20: +0,1702324800
17.819,1,Dec 12 2023 10: +0,1702375200
17.377,1,Dec 12 2023 14: +0,1702389600
17.403,2,Dec 12 2023 15: +0,1702393200
15.111,1,Dec 12 2023 19: +0,1702407600
17.698,1,Dec 12 2023 23: +0,1702422000
17.423,1,Dec 13 2023 04: +0,1702440000
17.432,1,Dec 13 2023 06: +0,1702447200
18.65,1,Dec 13 2023 14: +0,1702476000
17.377,1,Dec 13 2023 16: +0,1702483200
18.123,1,Dec 13 2023 18: +0,1702490400
15.768,1,Dec 13 2023 21: +0,1702501200
18.806,1,Dec 14 2023 02: +0,1702519200
17.598,2,Dec 14 2023 11: +0,1702551600
16.185,1,Dec 14 2023 15: +0,1702566000
18.04,1,Dec 14 2023 17: +0,1702573200
16.864,2,Dec 15 2023 06: +0,1702620000
16.58,1,Dec 15 2023 12: +0,1702641600
16.58,2,Dec 15 2023 21: +0,1702674000
14.527,1,Dec 15 2023 23: +0,1702681200
17.953,1,Dec 16 2023 00: +0,1702684800
17.859,1,Dec 16 2023 04: +0,1702699200
16.342,1,Dec 16 2023 11: +0,1702724400
15.924,1,Dec 16 2023 14: +0,1702735200
16.051,1,Dec 16 2023 20: +0,1702756800
16.832,1,Dec 16 2023 21: +0,1702760400
16.343,1,Dec 17 2023 11: +0,1702810800
16.366,1,Dec 17 2023 18: +0,1702836000
16.303,1,Dec 17 2023 20: +0,1702843200
16.635,1,Dec 17 2023 23: +0,1702854000
14.361,1,Dec 18 2023 00: +0,1702857600
16.99,2,Dec 18 2023 02: +0,1702864800
16.84,1,Dec 18 2023 10: +0,1702893600
16.777,1,Dec 18 2023 11: +0,1702897200
16.848,1,Dec 19 2023 04: +0,1702958400
17.187,2,Dec 19 2023 07: +0,1702969200
16.84,1,Dec 19 2023 15: +0,1702998000
17.373,2,Dec 19 2023 19: +0,1703012400
17.685,1,Dec 19 2023 23: +0,1703026800
17.89,1,Dec 20 2023 03: +0,1703041200
17.929,1,Dec 20 2023 07: +0,1703055600
16.864,1,Dec 20 2023 18: +0,1703095200
16.864,1,Dec 20 2023 21: +0,1703106000
17.401,3,Dec 21 2023 17: +0,1703178000
16.744,1,Dec 21 2023 22: +0,1703196000
18.403,1,Dec 22 2023 13: +0,1703250000
17.975,1,Dec 22 2023 18: +0,1703268000
17.842,2,Dec 23 2023 05: +0,1703307600
16.767,1,Dec 23 2023 08: +0,1703318400
17.334,1,Dec 23 2023 13: +0,1703336400
17.689,4,Dec 23 2023 14: +0,1703340000
16.353,1,Dec 23 2023 16: +0,1703347200
16.356,1,Dec 23 2023 17: +0,1703350800
17.327,1,Dec 23 2023 23: +0,1703372400
17.216,1,Dec 24 2023 04: +0,1703390400
17.932,1,Dec 24 2023 17: +0,1703437200
16.02,1,Dec 24 2023 19: +0,1703444400
17.343,1,Dec 24 2023 20: +0,1703448000
17.885,1,Dec 25 2023 03: +0,1703473200
16.025,1,Dec 25 2023 08: +0,1703491200
16.069,1,Dec 25 2023 22: +0,1703541600
16.692,1,Dec 26 2023 14: +0,1703599200
17.948,1,Dec 27 2023 00: +0,1703635200
16.964,1,Dec 27 2023 06: +0,1703656800
13.386,1,Dec 27 2023 21: +0,1703710800
16.035,1,Dec 27 2023 23: +0,1703718000
15.688,1,Dec 28 2023 08: +0,1703750400
17.067,1,Dec 28 2023 10: +0,1703757600
16.043,2,Dec 28 2023 17: +0,1703782800
15.98,1,Dec 28 2023 22: +0,1703800800
16.051,1,Dec 29 2023 00: +0,1703808000
15.485,1,Dec 29 2023 14: +0,1703858400
16.124,1,Dec 29 2023 16: +0,1703865600
16.055,1,Dec 29 2023 17: +0,1703869200
16.956,1,Dec 29 2023 18: +0,1703872800
16.124,1,Dec 29 2023 21: +0,1703883600
17.405,1,Dec 30 2023 02: +0,1703901600
17.16,1,Dec 30 2023 14: +0,1703944800
16.511,1,Dec 30 2023 21: +0,1703970000
16.134,2,Dec 31 2023 03: +0,1703991600
15.437,1,Dec 31 2023 07: +0,1704006000
16.295,1,Dec 31 2023 08: +0,1704009600
15.39,1,Dec 31 2023 09: +0,1704013200
14.611,1,Dec 31 2023 14: +0,1704031200
16.941,1,Dec 31 2023 15: +0,1704034800
17.403,1,Dec 31 2023 21: +0,1704056400
16.982,2,Dec 31 2023 22: +0,1704060000
16.518,1,Jan 01 2024 18: +0,1704132000
12.983,1,Jan 02 2024 01: +0,1704157200
16.857,1,Jan 02 2024 08: +0,1704182400
16.801,1,Jan 03 2024 00: +0,1704240000
15.355,1,Jan 03 2024 09: +0,1704272400
16.668,1,Jan 03 2024 11: +0,1704279600
15.111,2,Jan 03 2024 12: +0,1704283200
17.187,1,Jan 03 2024 15: +0,1704294000
17.21,1,Jan 03 2024 19: +0,1704308400
16.188,1,Jan 04 2024 11: +0,1704366000
15.611,2,Jan 04 2024 20: +0,1704398400
15.559,1,Jan 04 2024 23: +0,1704409200
15.629,1,Jan 05 2024 10: +0,1704448800
15.629,1,Jan 05 2024 21: +0,1704488400
15.543,1,Jan 06 2024 04: +0,1704513600
16.109,1,Jan 06 2024 10: +0,1704535200
14.921,1,Jan 07 2024 12: +0,1704628800
15.886,2,Jan 07 2024 14: +0,1704636000
15.826,1,Jan 07 2024 17: +0,1704646800
15.645,1,Jan 07 2024 20: +0,1704657600
15.815,3,Jan 08 2024 00: +0,1704672000
14.922,1,Jan 08 2024 19: +0,1704740400
14.945,1,Jan 09 2024 15: +0,1704812400
15.716,1,Jan 09 2024 16: +0,1704816000
15.785,1,Jan 10 2024 01: +0,1704848400
15.48,1,Jan 10 2024 04: +0,1704859200
15.126,1,Jan 10 2024 11: +0,1704884400
15.787,1,Jan 10 2024 18: +0,1704909600
15.79,1,Jan 10 2024 20: +0,1704916800
15.834,1,Jan 10 2024 21: +0,1704920400
16.345,1,Jan 11 2024 05: +0,1704949200
16.363,1,Jan 11 2024 17: +0,1704992400
18.751,1,Jan 12 2024 14: +0,1705068000
15.895,1,Jan 12 2024 19: +0,1705086000
15.895,1,Jan 12 2024 20: +0,1705089600
15.885,1,Jan 13 2024 03: +0,1705114800
16.156,1,Jan 13 2024 04: +0,1705118400
16.395,1,Jan 13 2024 06: +0,1705125600
19.462,1,Jan 13 2024 17: +0,1705165200
15.794,1,Jan 15 2024 09: +0,1705309200
16.524,1,Jan 15 2024 18: +0,1705341600
17.534,2,Jan 16 2024 10: +0,1705399200
17.382,2,Jan 16 2024 11: +0,1705402800
15.612,1,Jan 16 2024 13: +0,1705410000
15.612,1,Jan 16 2024 22: +0,1705442400
15.81,1,Jan 17 2024 01: +0,1705453200
14.735,1,Jan 17 2024 15: +0,1705503600
15.589,1,Jan 17 2024 17: +0,1705510800
13.842,1,Jan 17 2024 19: +0,1705518000
15.217,1,Jan 17 2024 20: +0,1705521600
13.762,1,Jan 17 2024 23: +0,1705532400
15.186,1,Jan 18 2024 00: +0,1705536000
15.589,1,Jan 18 2024 04: +0,1705550400
15.02,1,Jan 18 2024 16: +0,1705593600
15.778,1,Jan 18 2024 21: +0,1705611600
15.02,1,Jan 19 2024 08: +0,1705651200
15.035,1,Jan 19 2024 10: +0,1705658400
14.79,1,Jan 19 2024 11: +0,1705662000
15.486,1,Jan 19 2024 13: +0,1705669200
11.858,1,Jan 19 2024 21: +0,1705698000
14.23,1,Jan 19 2024 23: +0,1705705200
15.059,2,Jan 20 2024 01: +0,1705712400
15.067,1,Jan 20 2024 04: +0,1705723200
15.027,1,Jan 20 2024 08: +0,1705737600
15.442,1,Jan 20 2024 11: +0,1705748400
14.925,1,Jan 20 2024 15: +0,1705762800
14.965,1,Jan 21 2024 13: +0,1705842000
15.484,1,Jan 21 2024 16: +0,1705852800
15.503,1,Jan 21 2024 22: +0,1705874400
14.247,1,Jan 22 2024 13: +0,1705928400
11.1,1,Jan 22 2024 20: +0,1705953600
13.661,1,Jan 22 2024 21: +0,1705957200
13.388,1,Jan 22 2024 23: +0,1705964400
13.999,1,Jan 23 2024 03: +0,1705978800
14.044,1,Jan 23 2024 08: +0,1705996800
13.965,1,Jan 23 2024 22: +0,1706047200
14.075,1,Jan 24 2024 00: +0,1706054400
13.573,1,Jan 24 2024 05: +0,1706072400
13.987,1,Jan 24 2024 06: +0,1706076000
13.826,1,Jan 24 2024 07: +0,1706079600
12.49,1,Jan 24 2024 10: +0,1706090400
14.442,1,Jan 24 2024 16: +0,1706112000
14.096,2,Jan 24 2024 17: +0,1706115600
14.179,2,Jan 24 2024 19: +0,1706122800
15.643,1,Jan 24 2024 20: +0,1706126400
15.484,1,Jan 24 2024 23: +0,1706137200
14.618,1,Jan 25 2024 19: +0,1706209200
15.351,1,Jan 25 2024 22: +0,1706220000
13.965,1,Jan 26 2024 14: +0,1706277600
15.716,1,Jan 26 2024 15: +0,1706281200
15.351,1,Jan 26 2024 18: +0,1706292000
13.346,1,Jan 27 2024 01: +0,1706317200
14.928,1,Jan 27 2024 06: +0,1706335200
14.74,1,Jan 27 2024 13: +0,1706360400
13.696,1,Jan 27 2024 20: +0,1706385600
15.73,1,Jan 28 2024 05: +0,1706418000
15.206,1,Jan 28 2024 17: +0,1706461200
14.662,1,Jan 28 2024 20: +0,1706472000
13.974,1,Jan 28 2024 21: +0,1706475600
13.982,1,Jan 29 2024 08: +0,1706515200
13.982,1,Jan 29 2024 20: +0,1706558400
13.982,1,Jan 30 2024 03: +0,1706583600
14.615,1,Jan 31 2024 15: +0,1706713200
13.186,1,Jan 31 2024 19: +0,1706727600
13.795,1,Jan 31 2024 21: +0,1706734800
14.105,1,Feb 01 2024 01: +0,1706749200
13.824,1,Feb 01 2024 05: +0,1706763600
14.006,1,Feb 01 2024 10: +0,1706781600
13.704,1,Feb 01 2024 11: +0,1706785200
14.777,1,Feb 01 2024 14: +0,1706796000
12.181,1,Feb 01 2024 22: +0,1706824800
13.507,1,Feb 01 2024 23: +0,1706828400
14.121,2,Feb 02 2024 04: +0,1706846400
12.457,1,Feb 02 2024 16: +0,1706889600
14.562,5,Feb 03 2024 01: +0,1706922000
14.046,1,Feb 03 2024 05: +0,1706936400
15.667,1,Feb 03 2024 13: +0,1706965200
17.173,1,Feb 03 2024 14: +0,1706968800
15.689,2,Feb 03 2024 16: +0,1706976000
15.732,1,Feb 03 2024 19: +0,1706986800
15.444,1,Feb 04 2024 12: +0,1707048000
15.81,1,Feb 04 2024 19: +0,1707073200
14.411,1,Feb 04 2024 21: +0,1707080400
15.44,1,Feb 05 2024 03: +0,1707102000
15.173,1,Feb 05 2024 11: +0,1707130800
15.683,1,Feb 06 2024 11: +0,1707217200
15.34,1,Feb 06 2024 16: +0,1707235200
14.523,1,Feb 06 2024 18: +0,1707242400
14.213,1,Feb 06 2024 22: +0,1707256800
14.523,1,Feb 07 2024 10: +0,1707300000
15.224,1,Feb 07 2024 17: +0,1707325200
14.046,1,Feb 07 2024 19: +0,1707332400
15.915,1,Feb 08 2024 03: +0,1707361200
14.221,1,Feb 08 2024 18: +0,1707415200
13.705,1,Feb 08 2024 21: +0,1707426000
15.54,1,Feb 08 2024 23: +0,1707433200
13.581,2,Feb 09 2024 11: +0,1707476400
13.41,1,Feb 09 2024 15: +0,1707490800
12.945,1,Feb 09 2024 18: +0,1707501600
13.527,1,Feb 09 2024 19: +0,1707505200
14.005,1,Feb 09 2024 21: +0,1707512400
14.909,2,Feb 09 2024 23: +0,1707519600
13.958,1,Feb 10 2024 03: +0,1707534000
13.606,2,Feb 10 2024 07: +0,1707548400
13.504,1,Feb 10 2024 11: +0,1707562800
13.504,3,Feb 10 2024 13: +0,1707570000
15.378,1,Feb 10 2024 20: +0,1707595200
13.55,1,Feb 11 2024 02: +0,1707616800
13.472,1,Feb 11 2024 05: +0,1707627600
13.73,1,Feb 11 2024 10: +0,1707645600
13.527,1,Feb 11 2024 12: +0,1707652800
12.829,1,Feb 11 2024 15: +0,1707663600
13.416,1,Feb 11 2024 16: +0,1707667200
12.884,1,Feb 11 2024 17: +0,1707670800
13.424,1,Feb 11 2024 19: +0,1707678000
13.418,2,Feb 11 2024 21: +0,1707685200
13.52,1,Feb 12 2024 09: +0,1707728400
13.502,2,Feb 13 2024 00: +0,1707782400
13.432,1,Feb 13 2024 05: +0,1707800400
13.572,1,Feb 13 2024 07: +0,1707807600
18.869,1,Feb 13 2024 09: +0,1707814800
13.384,1,Feb 13 2024 10: +0,1707818400
12.826,1,Feb 13 2024 22: +0,1707861600
13.688,1,Feb 14 2024 00: +0,1707868800
10.664,1,Feb 14 2024 02: +0,1707876000
13.55,1,Feb 14 2024 14: +0,1707919200
13.975,1,Feb 14 2024 16: +0,1707926400
12.795,1,Feb 14 2024 19: +0,1707937200
13.547,1,Feb 15 2024 06: +0,1707976800
15.702,1,Feb 15 2024 10: +0,1707991200
13.049,1,Feb 15 2024 11: +0,1707994800
12.803,1,Feb 15 2024 13: +0,1708002000
12.826,1,Feb 15 2024 15: +0,1708009200
13.308,2,Feb 15 2024 19: +0,1708023600
13.018,1,Feb 15 2024 20: +0,1708027200
13.314,1,Feb 15 2024 23: +0,1708038000
16.243,2,Feb 16 2024 00: +0,1708041600
12.747,1,Feb 16 2024 04: +0,1708056000
13.161,1,Feb 16 2024 10: +0,1708077600
15.416,1,Feb 16 2024 12: +0,1708084800
14.882,1,Feb 16 2024 15: +0,1708095600
13.161,1,Feb 16 2024 18: +0,1708106400
15.134,1,Feb 16 2024 19: +0,1708110000
18.18,1,Feb 17 2024 02: +0,1708135200
14.115,2,Feb 18 2024 00: +0,1708214400
14.563,1,Feb 18 2024 03: +0,1708225200
15.416,1,Feb 18 2024 06: +0,1708236000
12.724,1,Feb 18 2024 15: +0,1708268400
14.114,2,Feb 18 2024 17: +0,1708275600
14.743,2,Feb 18 2024 21: +0,1708290000
13.034,1,Feb 19 2024 03: +0,1708311600
14.238,1,Feb 19 2024 08: +0,1708329600
14.514,1,Feb 19 2024 18: +0,1708365600
14.253,1,Feb 19 2024 22: +0,1708380000
13.653,1,Feb 20 2024 05: +0,1708405200
13.473,1,Feb 20 2024 08: +0,1708416000
12.7,1,Feb 20 2024 10: +0,1708423200
13.596,1,Feb 20 2024 18: +0,1708452000
12.601,1,Feb 21 2024 03: +0,1708484400
14.483,1,Feb 21 2024 04: +0,1708488000
13.585,1,Feb 21 2024 07: +0,1708498800
13.33,2,Feb 21 2024 14: +0,1708524000
13.662,1,Feb 21 2024 18: +0,1708538400
12.615,1,Feb 22 2024 00: +0,1708560000
12.771,1,Feb 22 2024 11: +0,1708599600
12.905,1,Feb 22 2024 14: +0,1708610400
13.589,1,Feb 22 2024 18: +0,1708624800
13.644,1,Feb 22 2024 19: +0,1708628400
13.578,1,Feb 23 2024 03: +0,1708657200
13.651,1,Feb 23 2024 08: +0,1708675200
14.414,2,Feb 23 2024 18: +0,1708711200
13.611,2,Feb 23 2024 19: +0,1708714800
14.324,1,Feb 24 2024 09: +0,1708765200
12.992,1,Feb 24 2024 13: +0,1708779600
13.023,2,Feb 24 2024 16: +0,1708790400
13.225,2,Feb 24 2024 18: +0,1708797600
13.315,1,Feb 24 2024 23: +0,1708815600
14.463,1,Feb 25 2024 03: +0,1708830000
13.315,1,Feb 25 2024 09: +0,1708851600
14.198,1,Feb 25 2024 10: +0,1708855200
13.197,2,Feb 25 2024 15: +0,1708873200
13.231,1,Feb 25 2024 20: +0,1708891200
14.175,1,Feb 25 2024 21: +0,1708894800
14.235,2,Feb 26 2024 00: +0,1708905600
13.698,1,Feb 26 2024 03: +0,1708916400
14.483,1,Feb 26 2024 09: +0,1708938000
14.045,1,Feb 26 2024 16: +0,1708963200
13.698,1,Feb 26 2024 18: +0,1708970400
12.584,1,Feb 26 2024 22: +0,1708984800
13.698,1,Feb 27 2024 00: +0,1708992000
14.037,1,Feb 27 2024 09: +0,1709024400
17.132,1,Feb 27 2024 13: +0,1709038800
14.502,1,Feb 27 2024 17: +0,1709053200
14.456,1,Feb 28 2024 00: +0,1709078400
14.462,1,Feb 28 2024 01: +0,1709082000
14.456,1,Feb 28 2024 07: +0,1709103600
14.495,1,Feb 28 2024 11: +0,1709118000
13.698,1,Feb 28 2024 12: +0,1709121600
14.504,1,Feb 28 2024 17: +0,1709139600
14.967,2,Feb 28 2024 18: +0,1709143200
15.689,1,Feb 28 2024 21: +0,1709154000
15.779,2,Feb 29 2024 02: +0,1709172000
15.23,1,Feb 29 2024 10: +0,1709200800
15.343,1,Feb 29 2024 16: +0,1709222400
15.843,2,Feb 29 2024 19: +0,1709233200
16.519,1,Feb 29 2024 21: +0,1709240400
13.856,1,Feb 29 2024 22: +0,1709244000
18.168,1,Mar 01 2024 07: +0,1709276400
16.273,1,Mar 01 2024 11: +0,1709290800
16.32,1,Mar 01 2024 16: +0,1709308800
14.294,2,Mar 02 2024 03: +0,1709348400
13.863,1,Mar 02 2024 04: +0,1709352000
13.698,1,Mar 02 2024 08: +0,1709366400
12.482,1,Mar 03 2024 00: +0,1709424000
15.174,2,Mar 03 2024 02: +0,1709431200
15.135,1,Mar 03 2024 05: +0,1709442000
13.848,1,Mar 03 2024 08: +0,1709452800
15.18,1,Mar 03 2024 09: +0,1709456400
15.222,1,Mar 03 2024 12: +0,1709467200
16.126,1,Mar 03 2024 14: +0,1709474400
16.245,1,Mar 03 2024 22: +0,1709503200
17.967,1,Mar 04 2024 07: +0,1709535600
14.997,1,Mar 05 2024 06: +0,1709618400
12.949,1,Mar 05 2024 07: +0,1709622000
17.943,1,Mar 05 2024 10: +0,1709632800
13.799,2,Mar 05 2024 11: +0,1709636400
14.317,1,Mar 05 2024 12: +0,1709640000
16.243,1,Mar 05 2024 17: +0,1709658000
15.252,1,Mar 06 2024 00: +0,1709683200
15.041,1,Mar 06 2024 04: +0,1709697600
12.489,1,Mar 06 2024 05: +0,1709701200
14.308,2,Mar 06 2024 06: +0,1709704800
13.926,2,Mar 06 2024 23: +0,1709766000
13.954,1,Mar 07 2024 01: +0,1709773200
13.87,1,Mar 07 2024 05: +0,1709787600
13.812,1,Mar 07 2024 11: +0,1709809200
14.019,1,Mar 07 2024 21: +0,1709845200
14.827,1,Mar 07 2024 23: +0,1709852400
13.255,1,Mar 08 2024 08: +0,1709884800
14.425,1,Mar 08 2024 10: +0,1709892000
13.192,1,Mar 08 2024 11: +0,1709895600
13.614,1,Mar 08 2024 15: +0,1709910000
18.014,1,Mar 08 2024 17: +0,1709917200
13.816,1,Mar 08 2024 20: +0,1709928000
13.746,1,Mar 08 2024 21: +0,1709931600
14.113,1,Mar 09 2024 10: +0,1709978400
13.684,1,Mar 09 2024 13: +0,1709989200
14.066,2,Mar 09 2024 15: +0,1709996400
14.425,1,Mar 09 2024 19: +0,1710010800
14.628,1,Mar 09 2024 20: +0,1710014400
15.035,1,Mar 10 2024 11: +0,1710068400
14.768,1,Mar 10 2024 12: +0,1710072000
15.026,1,Mar 10 2024 13: +0,1710075600
15.026,1,Mar 10 2024 14: +0,1710079200
15.026,2,Mar 10 2024 16: +0,1710086400
15.08,1,Mar 10 2024 17: +0,1710090000
15.155,2,Mar 11 2024 02: +0,1710122400
14.963,1,Mar 11 2024 03: +0,1710126000
29.49,1,Mar 11 2024 12: +0,1710158400
15.352,1,Mar 11 2024 15: +0,1710169200
14.487,1,Mar 11 2024 16: +0,1710172800
14.881,2,Mar 11 2024 18: +0,1710180000
15.522,1,Mar 11 2024 21: +0,1710190800
15.558,1,Mar 12 2024 00: +0,1710201600
15.382,1,Mar 12 2024 09: +0,1710234000
15.477,1,Mar 12 2024 15: +0,1710255600
15.477,1,Mar 12 2024 17: +0,1710262800
14.499,1,Mar 12 2024 19: +0,1710270000
15.437,1,Mar 13 2024 01: +0,1710291600
15.427,1,Mar 13 2024 02: +0,1710295200
14.019,1,Mar 13 2024 15: +0,1710342000
14.807,2,Mar 14 2024 00: +0,1710374400
15.327,1,Mar 14 2024 10: +0,1710410400
15.681,1,Mar 14 2024 11: +0,1710414000
14.586,1,Mar 14 2024 12: +0,1710417600
13.727,1,Mar 14 2024 14: +0,1710424800
13.964,1,Mar 14 2024 18: +0,1710439200
13.971,1,Mar 14 2024 19: +0,1710442800
14.886,1,Mar 15 2024 00: +0,1710460800
14.058,1,Mar 15 2024 03: +0,1710471600
14.283,2,Mar 15 2024 07: +0,1710486000
14.91,1,Mar 15 2024 08: +0,1710489600
14.042,1,Mar 15 2024 11: +0,1710500400
14.208,1,Mar 15 2024 13: +0,1710507600
13.893,3,Mar 15 2024 15: +0,1710514800
14.23,1,Mar 15 2024 17: +0,1710522000
13.995,1,Mar 15 2024 18: +0,1710525600
13.995,1,Mar 15 2024 19: +0,1710529200
13.924,3,Mar 16 2024 01: +0,1710550800
14.129,1,Mar 16 2024 05: +0,1710565200
13.983,2,Mar 16 2024 08: +0,1710576000
14.119,1,Mar 16 2024 11: +0,1710586800
14.208,1,Mar 16 2024 13: +0,1710594000
13.727,1,Mar 16 2024 15: +0,1710601200
13.79,1,Mar 16 2024 17: +0,1710608400
14.137,1,Mar 16 2024 18: +0,1710612000
13.822,1,Mar 16 2024 19: +0,1710615600
12.624,1,Mar 16 2024 21: +0,1710622800
15.718,1,Mar 17 2024 03: +0,1710644400
13.594,2,Mar 17 2024 08: +0,1710662400
13.806,1,Mar 17 2024 12: +0,1710676800
11.544,1,Mar 17 2024 15: +0,1710687600
13.16,1,Mar 17 2024 17: +0,1710694800
13.499,1,Mar 17 2024 19: +0,1710702000
12.427,3,Mar 17 2024 22: +0,1710712800
13.002,1,Mar 18 2024 08: +0,1710748800
13.593,1,Mar 18 2024 11: +0,1710759600
10.806,1,Mar 18 2024 16: +0,1710777600
12.908,1,Mar 18 2024 19: +0,1710788400
13.302,2,Mar 19 2024 02: +0,1710813600
12.025,1,Mar 19 2024 05: +0,1710824400
13.548,1,Mar 19 2024 07: +0,1710831600
13.239,1,Mar 19 2024 16: +0,1710864000
13.546,3,Mar 19 2024 20: +0,1710878400
13.239,1,Mar 19 2024 21: +0,1710882000
14.651,1,Mar 20 2024 19: +0,1710961200
13.426,1,Mar 21 2024 00: +0,1710979200
14.487,1,Mar 21 2024 01: +0,1710982800
11.874,1,Mar 21 2024 05: +0,1710997200
13.853,1,Mar 21 2024 06: +0,1711000800
12.904,1,Mar 21 2024 07: +0,1711004400
12.888,1,Mar 21 2024 09: +0,1711011600
11.156,1,Mar 21 2024 16: +0,1711036800
12.904,1,Mar 22 2024 03: +0,1711076400
12.904,1,Mar 22 2024 07: +0,1711090800
13.339,1,Mar 22 2024 12: +0,1711108800
13.331,1,Mar 22 2024 20: +0,1711137600
14.21,1,Mar 22 2024 22: +0,1711144800
11.693,2,Mar 23 2024 04: +0,1711166400
14.054,2,Mar 23 2024 05: +0,1711170000
13.544,1,Mar 23 2024 14: +0,1711202400
13.582,1,Mar 23 2024 19: +0,1711220400
14.138,1,Mar 23 2024 20: +0,1711224000
13.61,1,Mar 23 2024 22: +0,1711231200
12.904,1,Mar 24 2024 05: +0,1711256400
14.05,1,Mar 24 2024 06: +0,1711260000
12.904,1,Mar 24 2024 12: +0,1711281600
12.801,1,Mar 24 2024 14: +0,1711288800
13.568,1,Mar 24 2024 21: +0,1711314000
12.579,1,Mar 25 2024 04: +0,1711339200
13.409,1,Mar 25 2024 08: +0,1711353600
12.856,1,Mar 25 2024 15: +0,1711378800
13.243,1,Mar 25 2024 21: +0,1711400400
12.92,1,Mar 25 2024 22: +0,1711404000
11.918,1,Mar 26 2024 13: +0,1711458000
17.684,1,Mar 26 2024 20: +0,1711483200
15.618,2,Mar 27 2024 12: +0,1711540800
13.6,1,Mar 27 2024 22: +0,1711576800
13.6,1,Mar 28 2024 04: +0,1711598400
13.98,1,Mar 28 2024 06: +0,1711605600
13.009,2,Mar 28 2024 11: +0,1711623600
14.144,1,Mar 28 2024 13: +0,1711630800
13.321,1,Mar 28 2024 17: +0,1711645200
15.262,2,Mar 28 2024 18: +0,1711648800
13.655,1,Mar 29 2024 07: +0,1711695600
13.038,1,Mar 29 2024 09: +0,1711702800
14.326,1,Mar 29 2024 12: +0,1711713600
14.001,1,Mar 29 2024 14: +0,1711720800
15.095,3,Mar 29 2024 19: +0,1711738800
16.387,1,Mar 29 2024 21: +0,1711746000
16.822,2,Mar 30 2024 03: +0,1711767600
13.753,1,Mar 30 2024 14: +0,1711807200
16.949,1,Mar 30 2024 16: +0,1711814400
15.947,1,Mar 30 2024 21: +0,1711832400
16.602,1,Mar 31 2024 06: +0,1711861200
16.376,1,Mar 31 2024 12: +0,1711882800
16.357,1,Mar 31 2024 16: +0,1711897200
16.365,1,Mar 31 2024 19: +0,1711908000
15.75,1,Mar 31 2024 20: +0,1711911600
16.373,2,Mar 31 2024 21: +0,1711915200
15.623,1,Apr 01 2024 20: +0,1711998000
16.659,1,Apr 01 2024 21: +0,1712001600
16.687,2,Apr 02 2024 01: +0,1712016000
16.657,1,Apr 02 2024 08: +0,1712041200
16.656,1,Apr 02 2024 18: +0,1712077200
16.671,1,Apr 03 2024 09: +0,1712131200
14.203,1,Apr 03 2024 20: +0,1712170800
18.938,1,Apr 03 2024 21: +0,1712174400
16.687,1,Apr 04 2024 09: +0,1712217600
16.444,1,Apr 04 2024 11: +0,1712224800
16.555,1,Apr 04 2024 14: +0,1712235600
16.57,1,Apr 05 2024 00: +0,1712271600
15.766,1,Apr 05 2024 04: +0,1712286000
13.697,1,Apr 05 2024 06: +0,1712293200
16.852,2,Apr 05 2024 15: +0,1712325600
11.647,1,Apr 06 2024 01: +0,1712361600
16.489,1,Apr 06 2024 08: +0,1712386800
14.962,1,Apr 06 2024 11: +0,1712397600
14.97,1,Apr 06 2024 14: +0,1712408400
16.488,1,Apr 06 2024 20: +0,1712430000
16.673,1,Apr 07 2024 06: +0,1712466000
14.071,2,Apr 07 2024 11: +0,1712484000
13.854,1,Apr 07 2024 20: +0,1712516400
15.147,1,Apr 08 2024 03: +0,1712541600
15.155,1,Apr 08 2024 06: +0,1712552400
15.155,1,Apr 08 2024 08: +0,1712559600
12.148,1,Apr 08 2024 09: +0,1712563200
15.456,2,Apr 08 2024 15: +0,1712584800
14.456,1,Apr 08 2024 19: +0,1712599200
15.782,1,Apr 08 2024 21: +0,1712606400
15.155,1,Apr 09 2024 06: +0,1712638800
14.175,1,Apr 09 2024 13: +0,1712664000
13.854,1,Apr 10 2024 06: +0,1712725200
15.736,1,Apr 10 2024 07: +0,1712728800
16.633,1,Apr 11 2024 10: +0,1712826000
15.219,1,Apr 11 2024 15: +0,1712844000
15.561,2,Apr 11 2024 16: +0,1712847600
16.577,1,Apr 11 2024 17: +0,1712851200
16.047,1,Apr 12 2024 00: +0,1712876400
15.219,1,Apr 12 2024 10: +0,1712912400
13.854,1,Apr 12 2024 19: +0,1712944800
16.488,1,Apr 12 2024 21: +0,1712952000
16.32,1,Apr 13 2024 09: +0,1712995200
16.451,2,Apr 13 2024 10: +0,1712998800
14.513,1,Apr 13 2024 15: +0,1713016800
12.802,1,Apr 13 2024 20: +0,1713034800
17.821,1,Apr 14 2024 02: +0,1713056400
15.421,1,Apr 14 2024 11: +0,1713088800
14.713,1,Apr 14 2024 17: +0,1713110400
15.344,1,Apr 15 2024 02: +0,1713142800
16.545,1,Apr 15 2024 15: +0,1713189600
16.5,2,Apr 16 2024 03: +0,1713232800
15.509,2,Apr 16 2024 18: +0,1713286800
15.219,1,Apr 17 2024 06: +0,1713330000
15.219,1,Apr 17 2024 08: +0,1713337200
16.521,1,Apr 17 2024 09: +0,1713340800
14.754,1,Apr 17 2024 10: +0,1713344400
15.709,1,Apr 18 2024 14: +0,1713445200
15.097,1,Apr 18 2024 19: +0,1713463200
17.139,1,Apr 18 2024 21: +0,1713470400
16.689,2,Apr 18 2024 22: +0,1713474000
17.607,1,Apr 19 2024 08: +0,1713510000
16.078,1,Apr 19 2024 09: +0,1713513600
14.417,1,Apr 19 2024 15: +0,1713535200
16.745,1,Apr 19 2024 16: +0,1713538800
16.847,1,Apr 20 2024 04: +0,1713582000
16.343,1,Apr 20 2024 11: +0,1713607200
16.143,1,Apr 20 2024 12: +0,1713610800
14.464,1,Apr 20 2024 17: +0,1713628800
16.068,1,Apr 21 2024 06: +0,1713675600
17.737,1,Apr 21 2024 23: +0,1713736800
15.746,2,Apr 22 2024 12: +0,1713783600
15.769,1,Apr 22 2024 16: +0,1713798000
15.782,1,Apr 22 2024 21: +0,1713816000
14.456,1,Apr 23 2024 01: +0,1713830400
15.518,1,Apr 23 2024 08: +0,1713855600
14.912,1,Apr 23 2024 13: +0,1713873600
16.117,1,Apr 23 2024 15: +0,1713880800
14.816,1,Apr 23 2024 23: +0,1713909600
14.824,1,Apr 24 2024 00: +0,1713913200
15.566,1,Apr 24 2024 01: +0,1713916800
14.464,1,Apr 24 2024 05: +0,1713931200
15.398,1,Apr 24 2024 09: +0,1713945600
16.285,1,Apr 24 2024 10: +0,1713949200
14.472,1,Apr 24 2024 14: +0,1713963600
15.614,2,Apr 24 2024 23: +0,1713996000
16.372,1,Apr 25 2024 05: +0,1714017600
14.369,1,Apr 25 2024 20: +0,1714071600
13.882,1,Apr 26 2024 09: +0,1714118400
16.392,2,Apr 26 2024 11: +0,1714125600
13.738,1,Apr 26 2024 12: +0,1714129200
13.658,1,Apr 26 2024 14: +0,1714136400
14.417,3,Apr 26 2024 15: +0,1714140000
14.48,1,Apr 26 2024 17: +0,1714147200
13.682,1,Apr 26 2024 23: +0,1714168800
14.225,1,Apr 27 2024 01: +0,1714176000
14.536,1,Apr 27 2024 08: +0,1714201200
14.309,2,Apr 27 2024 11: +0,1714212000
14.472,2,Apr 27 2024 19: +0,1714240800
14.48,1,Apr 27 2024 20: +0,1714244400
14.686,1,Apr 27 2024 23: +0,1714255200
15.167,1,Apr 28 2024 00: +0,1714258800
14.848,1,Apr 28 2024 11: +0,1714298400
14.297,1,Apr 28 2024 15: +0,1714312800
15.186,1,Apr 28 2024 16: +0,1714316400
15.398,3,Apr 28 2024 17: +0,1714320000
13.682,1,Apr 28 2024 21: +0,1714334400
11.979,1,Apr 28 2024 23: +0,1714341600
15.183,1,Apr 29 2024 01: +0,1714348800
14.049,1,Apr 29 2024 08: +0,1714374000
14.425,1,Apr 29 2024 10: +0,1714381200
15.095,1,Apr 29 2024 12: +0,1714388400
14.646,2,Apr 29 2024 16: +0,1714402800
16.771,1,Apr 30 2024 01: +0,1714435200
15.095,2,Apr 30 2024 05: +0,1714449600
14.425,1,Apr 30 2024 12: +0,1714474800
14.041,1,Apr 30 2024 13: +0,1714478400
15.022,1,Apr 30 2024 16: +0,1714489200
14.541,1,May 01 2024 14: +0,1714568400
14.014,1,May 01 2024 16: +0,1714575600
14.381,1,May 01 2024 22: +0,1714597200
13.559,1,May 02 2024 01: +0,1714608000
14.756,1,May 02 2024 06: +0,1714626000
14.345,2,May 02 2024 08: +0,1714633200
14.613,1,May 02 2024 13: +0,1714651200
14.372,1,May 02 2024 14: +0,1714654800
15.287,1,May 02 2024 15: +0,1714658400
15.259,1,May 02 2024 18: +0,1714669200
14.732,3,May 02 2024 20: +0,1714676400
14.828,1,May 03 2024 10: +0,1714726800
15.163,2,May 03 2024 13: +0,1714737600
15.497,1,May 03 2024 18: +0,1714755600
16.339,1,May 03 2024 21: +0,1714766400
15.878,1,May 03 2024 23: +0,1714773600
15.179,1,May 04 2024 06: +0,1714798800
16.226,2,May 04 2024 15: +0,1714831200
16.354,1,May 04 2024 17: +0,1714838400
15.449,1,May 04 2024 19: +0,1714845600
16.362,1,May 04 2024 21: +0,1714852800
14.015,1,May 05 2024 05: +0,1714881600
15.449,1,May 05 2024 17: +0,1714924800
11.079,1,May 06 2024 15: +0,1715004000
15.765,1,May 06 2024 19: +0,1715018400
15.797,1,May 06 2024 23: +0,1715032800
15.765,2,May 07 2024 11: +0,1715076000
13.887,1,May 08 2024 00: +0,1715122800
15.657,1,May 08 2024 04: +0,1715137200
15.618,1,May 08 2024 14: +0,1715173200
16.65,1,May 08 2024 22: +0,1715202000
15.449,1,May 09 2024 04: +0,1715223600
16.002,1,May 09 2024 08: +0,1715238000
16.029,1,May 09 2024 16: +0,1715266800
14.857,1,May 10 2024 06: +0,1715317200
15.793,1,May 10 2024 17: +0,1715356800
15.181,2,May 10 2024 23: +0,1715378400
14.778,1,May 11 2024 01: +0,1715385600
15.244,2,May 11 2024 06: +0,1715403600
15.291,1,May 11 2024 08: +0,1715410800
15.908,1,May 11 2024 13: +0,1715428800
15.489,1,May 11 2024 16: +0,1715439600
15.331,1,May 11 2024 17: +0,1715443200
15.339,1,May 12 2024 04: +0,1715482800
15.244,1,May 12 2024 09: +0,1715500800
15.804,1,May 12 2024 19: +0,1715536800
15.426,1,May 12 2024 21: +0,1715544000
15.755,1,May 13 2024 14: +0,1715605200
15.449,1,May 14 2024 01: +0,1715644800
15.86,1,May 14 2024 03: +0,1715652000
15.552,1,May 14 2024 09: +0,1715673600
15.607,1,May 14 2024 17: +0,1715702400
15.497,1,May 14 2024 19: +0,1715709600
15.362,1,May 14 2024 21: +0,1715716800
16.374,1,May 15 2024 11: +0,1715767200
16.916,1,May 15 2024 18: +0,1715792400
16.025,1,May 16 2024 09: +0,1715846400
16.842,1,May 16 2024 15: +0,1715868000
16.604,1,May 17 2024 00: +0,1715900400
16.192,1,May 18 2024 01: +0,1715990400
16.603,1,May 18 2024 02: +0,1715994000
16.716,1,May 18 2024 10: +0,1716022800
16.556,2,May 18 2024 12: +0,1716030000
16.686,1,May 18 2024 14: +0,1716037200
16.765,2,May 18 2024 17: +0,1716048000
16.812,1,May 18 2024 19: +0,1716055200
16.836,1,May 18 2024 21: +0,1716062400
16.599,2,May 18 2024 22: +0,1716066000
16.844,1,May 19 2024 00: +0,1716073200
17.314,1,May 19 2024 01: +0,1716076800
16.899,1,May 20 2024 03: +0,1716170400
17.143,1,May 20 2024 09: +0,1716192000
17.143,1,May 20 2024 15: +0,1716213600
16.906,1,May 20 2024 16: +0,1716217200
16.906,1,May 20 2024 17: +0,1716220800
16.615,1,May 21 2024 13: +0,1716292800
16.23,1,May 21 2024 16: +0,1716303600
17.324,1,May 21 2024 17: +0,1716307200
21.723,1,May 21 2024 18: +0,1716310800
16.623,1,May 22 2024 04: +0,1716346800
16.064,1,May 22 2024 09: +0,1716364800
16.686,1,May 22 2024 14: +0,1716382800
16.694,1,May 22 2024 21: +0,1716408000
16.698,1,May 23 2024 01: +0,1716422400
15.836,1,May 23 2024 04: +0,1716433200
15.678,1,May 23 2024 20: +0,1716490800
16.998,1,May 24 2024 07: +0,1716530400
16.11,2,May 24 2024 21: +0,1716580800
16.446,1,May 25 2024 01: +0,1716595200
17.018,3,May 25 2024 13: +0,1716638400
16.401,1,May 26 2024 13: +0,1716724800
16.401,1,May 26 2024 22: +0,1716757200
16.401,2,May 27 2024 04: +0,1716778800
16.401,1,May 27 2024 05: +0,1716782400
15.694,1,May 27 2024 09: +0,1716796800
16.377,1,May 27 2024 12: +0,1716807600
16.495,1,May 27 2024 19: +0,1716832800
15.725,1,May 28 2024 04: +0,1716865200
16.778,1,May 28 2024 09: +0,1716883200
16.401,1,May 28 2024 12: +0,1716894000
16.401,1,May 28 2024 13: +0,1716897600
16.401,1,May 28 2024 15: +0,1716904800
16.314,1,May 29 2024 01: +0,1716940800
16.564,1,May 29 2024 04: +0,1716951600
16.44,1,May 29 2024 10: +0,1716973200
16.918,1,May 29 2024 19: +0,1717005600
15.969,1,May 30 2024 01: +0,1717027200
16.984,1,May 30 2024 12: +0,1717066800
16.547,1,May 30 2024 21: +0,1717099200
17.26,1,May 31 2024 12: +0,1717153200
17.23,1,May 31 2024 16: +0,1717167600
15.638,1,Jun 01 2024 02: +0,1717203600
17.293,1,Jun 01 2024 04: +0,1717210800
16.483,1,Jun 01 2024 09: +0,1717228800
15.693,1,Jun 01 2024 16: +0,1717254000
16.95,1,Jun 02 2024 10: +0,1717318800
18.24,2,Jun 02 2024 12: +0,1717326000
16.634,1,Jun 02 2024 16: +0,1717340400
16.916,1,Jun 02 2024 17: +0,1717344000
16.932,3,Jun 02 2024 18: +0,1717347600
15.332,1,Jun 02 2024 22: +0,1717362000
16.642,2,Jun 03 2024 18: +0,1717434000
17.385,1,Jun 04 2024 00: +0,1717455600
17.618,1,Jun 04 2024 05: +0,1717473600
17.33,1,Jun 04 2024 06: +0,1717477200
17.298,1,Jun 05 2024 01: +0,1717545600
18.168,1,Jun 05 2024 15: +0,1717596000
16.56,1,Jun 05 2024 20: +0,1717614000
21.33,1,Jun 06 2024 12: +0,1717671600
15.016,1,Jun 06 2024 20: +0,1717700400
19.435,2,Jun 07 2024 10: +0,1717750800
16.921,2,Jun 08 2024 05: +0,1717819200
16.508,1,Jun 08 2024 20: +0,1717873200
16.508,1,Jun 08 2024 22: +0,1717880400
16.556,1,Jun 09 2024 05: +0,1717905600
18.736,1,Jun 09 2024 06: +0,1717909200
16.319,1,Jun 09 2024 07: +0,1717912800
16.548,1,Jun 09 2024 11: +0,1717927200
17.646,1,Jun 09 2024 15: +0,1717941600
15.766,2,Jun 09 2024 22: +0,1717966800
16.232,1,Jun 10 2024 13: +0,1718020800
16.597,1,Jun 10 2024 18: +0,1718038800
17.346,1,Jun 10 2024 21: +0,1718049600
16.374,3,Jun 10 2024 22: +0,1718053200
16.445,1,Jun 11 2024 02: +0,1718067600
18.167,1,Jun 11 2024 03: +0,1718071200
16.485,1,Jun 11 2024 07: +0,1718085600
16.601,1,Jun 11 2024 08: +0,1718089200
17.413,1,Jun 11 2024 09: +0,1718092800
15.679,1,Jun 11 2024 16: +0,1718118000
17.709,1,Jun 11 2024 18: +0,1718125200
19.47,1,Jun 11 2024 22: +0,1718139600
15.782,1,Jun 12 2024 09: +0,1718179200
16.54,1,Jun 12 2024 18: +0,1718211600
16.185,1,Jun 13 2024 04: +0,1718247600
14.376,1,Jun 13 2024 06: +0,1718254800
17.259,1,Jun 13 2024 12: +0,1718276400
16.982,1,Jun 13 2024 17: +0,1718294400
19.075,1,Jun 14 2024 06: +0,1718341200
17.464,1,Jun 14 2024 17: +0,1718380800
16.319,1,Jun 14 2024 21: +0,1718395200
18.229,1,Jun 15 2024 01: +0,1718409600
16.805,2,Jun 15 2024 09: +0,1718438400
16.848,1,Jun 15 2024 14: +0,1718456400
