price,quantity,date,unix timestamp
8.272,1,Aug 15 2014 01: +0,1408060800
1.266,1,Aug 16 2014 01: +0,1408147200
2.63,4,Aug 17 2014 01: +0,1408233600
2.482,1,Aug 21 2014 01: +0,1408579200
1.732,1,Aug 22 2014 01: +0,1408665600
1.727,1,Aug 23 2014 01: +0,1408752000
1.371,1,Aug 24 2014 01: +0,1408838400
2.031,2,Aug 25 2014 01: +0,1408924800
1.2,1,Aug 28 2014 01: +0,1409184000
1.277,2,Aug 29 2014 01: +0,1409270400
1.552,3,Aug 30 2014 01: +0,1409356800
1.464,3,Aug 31 2014 01: +0,1409443200
1.02,3,Sep 02 2014 01: +0,1409616000
1.67,12,Sep 03 2014 01: +0,1409702400
2.904,3,Sep 04 2014 01: +0,1409788800
2.454,1,Sep 13 2014 01: +0,1410566400
2.331,3,Sep 17 2014 01: +0,1410912000
2.44,1,Sep 18 2014 01: +0,1410998400
2.357,1,Sep 19 2014 01: +0,1411084800
2.152,2,Sep 23 2014 01: +0,1411430400
2.018,1,Sep 25 2014 01: +0,1411603200
1.869,1,Sep 26 2014 01: +0,1411689600
1.868,1,Sep 28 2014 01: +0,1411862400
1.998,2,Sep 29 2014 01: +0,1411948800
1.943,1,Sep 30 2014 01: +0,1412035200
1.942,4,Oct 01 2014 01: +0,1412121600
1.873,1,Oct 04 2014 01: +0,1412380800
2.658,1,Oct 06 2014 01: +0,1412553600
1.177,1,Oct 10 2014 01: +0,1412899200
2.101,1,Oct 11 2014 01: +0,1412985600
2.236,2,Oct 15 2014 01: +0,1413331200
1.893,1,Oct 22 2014 01: +0,1413936000
1.927,1,Oct 24 2014 01: +0,1414108800
1.957,1,Oct 26 2014 01: +0,1414281600
2.075,1,Oct 28 2014 01: +0,1414458000
2.093,1,Oct 31 2014 01: +0,1414717200
2.051,1,Nov 01 2014 01: +0,1414803600
2.06,1,Nov 06 2014 01: +0,1415235600
2.052,1,Nov 07 2014 01: +0,1415322000
2.186,2,Nov 09 2014 01: +0,1415494800
1.807,1,Nov 11 2014 01: +0,1415667600
2.048,1,Nov 14 2014 01: +0,1415926800
1.781,1,Nov 16 2014 01: +0,1416099600
1.65,3,Nov 18 2014 01: +0,1416272400
1.293,2,Nov 21 2014 01: +0,1416531600
2.146,1,Nov 23 2014 01: +0,1416704400
2.141,2,Nov 24 2014 01: +0,1416790800
2.183,1,Nov 26 2014 01: +0,1416963600
1.977,1,Nov 27 2014 01: +0,1417050000
2.06,1,Nov 28 2014 01: +0,1417136400
1.331,1,Nov 30 2014 01: +0,1417309200
1.749,2,Dec 01 2014 01: +0,1417395600
1.162,1,Dec 03 2014 01: +0,1417568400
1.298,3,Dec 04 2014 01: +0,1417654800
1.155,2,Dec 05 2014 01: +0,1417741200
1.309,4,Dec 06 2014 01: +0,1417827600
1.433,1,Dec 07 2014 01: +0,1417914000
1.551,4,Dec 08 2014 01: +0,1418000400
1.939,1,Dec 09 2014 01: +0,1418086800
1.735,1,Dec 10 2014 01: +0,1418173200
1.648,2,Dec 11 2014 01: +0,1418259600
1.028,7,Dec 13 2014 01: +0,1418432400
1.459,3,Dec 14 2014 01: +0,1418518800
1.564,3,Dec 15 2014 01: +0,1418605200
1.605,2,Dec 16 2014 01: +0,1418691600
2.184,1,Dec 17 2014 01: +0,1418778000
1.58,3,Dec 18 2014 01: +0,1418864400
1.918,1,Dec 19 2014 01: +0,1418950800
1.95,1,Dec 20 2014 01: +0,1419037200
1.543,3,Dec 22 2014 01: +0,1419210000
1.132,1,Dec 23 2014 01: +0,1419296400
1.522,5,Dec 24 2014 01: +0,1419382800
1.752,4,Dec 26 2014 01: +0,1419555600
2.053,1,Dec 28 2014 01: +0,1419728400
2.086,2,Dec 29 2014 01: +0,1419814800
2.047,2,Dec 30 2014 01: +0,1419901200
1.986,3,Dec 31 2014 01: +0,1419987600
2.912,7,Jan 02 2015 01: +0,1420160400
2.361,2,Jan 03 2015 01: +0,1420246800
1.984,1,Jan 04 2015 01: +0,1420333200
1.735,6,Jan 05 2015 01: +0,1420419600
2.561,1,Jan 06 2015 01: +0,1420506000
1.694,2,Jan 07 2015 01: +0,1420592400
1.898,1,Jan 08 2015 01: +0,1420678800
2.397,4,Jan 09 2015 01: +0,1420765200
1.95,7,Jan 11 2015 01: +0,1420938000
2.28,3,Jan 12 2015 01: +0,1421024400
1.864,4,Jan 14 2015 01: +0,1421197200
1.936,2,Jan 15 2015 01: +0,1421283600
2.083,3,Jan 16 2015 01: +0,1421370000
1.299,1,Jan 18 2015 01: +0,1421542800
1.344,4,Jan 19 2015 01: +0,1421629200
1.66,2,Jan 20 2015 01: +0,1421715600
2.067,1,Jan 21 2015 01: +0,1421802000
1.922,3,Jan 22 2015 01: +0,1421888400
1.977,3,Jan 23 2015 01: +0,1421974800
1.921,1,Jan 24 2015 01: +0,1422061200
2.316,8,Jan 25 2015 01: +0,1422147600
2.079,3,Jan 26 2015 01: +0,1422234000
2.299,1,Jan 27 2015 01: +0,1422320400
2.023,1,Jan 29 2015 01: +0,1422493200
2.008,1,Jan 30 2015 01: +0,1422579600
1.109,2,Feb 02 2015 01: +0,1422838800
1.241,3,Feb 04 2015 01: +0,1423011600
1.676,3,Feb 05 2015 01: +0,1423098000
1.613,1,Feb 06 2015 01: +0,1423184400
1.704,2,Feb 07 2015 01: +0,1423270800
1.763,1,Feb 08 2015 01: +0,1423357200
1.517,2,Feb 10 2015 01: +0,1423530000
1.707,4,Feb 11 2015 01: +0,1423616400
1.675,3,Feb 12 2015 01: +0,1423702800
1.97,2,Feb 13 2015 01: +0,1423789200
1.737,2,Feb 14 2015 01: +0,1423875600
1.699,5,Feb 15 2015 01: +0,1423962000
1.537,1,Feb 16 2015 01: +0,1424048400
1.684,2,Feb 17 2015 01: +0,1424134800
1.654,1,Feb 19 2015 01: +0,1424307600
1.586,4,Feb 21 2015 01: +0,1424480400
1.395,1,Feb 22 2015 01: +0,1424566800
1.497,1,Feb 25 2015 01: +0,1424826000
1.558,2,Feb 27 2015 01: +0,1424998800
1.759,3,Feb 28 2015 01: +0,1425085200
1.522,1,Mar 01 2015 01: +0,1425171600
1.861,1,Mar 03 2015 01: +0,1425344400
1.762,1,Mar 04 2015 01: +0,1425430800
1.381,1,Mar 05 2015 01: +0,1425517200
1.348,1,Mar 06 2015 01: +0,1425603600
2.004,1,Mar 07 2015 01: +0,1425690000
1.543,2,Mar 08 2015 01: +0,1425776400
2.003,9,Mar 09 2015 01: +0,1425862800
1.182,10,Mar 13 2015 01: +0,1426208400
1.493,10,Mar 14 2015 01: +0,1426294800
1.014,12,Mar 15 2015 01: +0,1426381200
1.095,8,Mar 16 2015 01: +0,1426467600
0.95,11,Mar 17 2015 01: +0,1426554000
1.234,6,Mar 18 2015 01: +0,1426640400
1.241,8,Mar 19 2015 01: +0,1426726800
1.173,4,Mar 20 2015 01: +0,1426813200
1.041,14,Mar 21 2015 01: +0,1426899600
0.998,15,Mar 22 2015 01: +0,1426986000
1.172,9,Mar 23 2015 01: +0,1427072400
1.228,9,Mar 24 2015 01: +0,1427158800
1.037,10,Mar 25 2015 01: +0,1427245200
1.217,5,Mar 26 2015 01: +0,1427331600
0.999,11,Mar 27 2015 01: +0,1427418000
1.0,11,Mar 28 2015 01: +0,1427504400
1.134,8,Mar 29 2015 01: +0,1427590800
0.976,9,Mar 30 2015 01: +0,1427673600
0.877,9,Mar 31 2015 01: +0,1427760000
0.901,8,Apr 01 2015 01: +0,1427846400
0.882,17,Apr 02 2015 01: +0,1427932800
0.998,11,Apr 03 2015 01: +0,1428019200
0.995,16,Apr 04 2015 01: +0,1428105600
0.959,12,Apr 05 2015 01: +0,1428192000
0.941,15,Apr 06 2015 01: +0,1428278400
0.942,12,Apr 07 2015 01: +0,1428364800
1.094,21,Apr 08 2015 01: +0,1428451200
1.244,6,Apr 09 2015 01: +0,1428537600
1.22,5,Apr 10 2015 01: +0,1428624000
1.254,12,Apr 11 2015 01: +0,1428710400
1.526,6,Apr 12 2015 01: +0,1428796800
1.352,5,Apr 13 2015 01: +0,1428883200
1.173,2,Apr 14 2015 01: +0,1428969600
1.109,3,Apr 15 2015 01: +0,1429056000
0.834,7,Apr 16 2015 01: +0,1429142400
0.84,13,Apr 17 2015 01: +0,1429228800
0.809,10,Apr 18 2015 01: +0,1429315200
0.886,7,Apr 19 2015 01: +0,1429401600
0.826,5,Apr 20 2015 01: +0,1429488000
0.781,10,Apr 21 2015 01: +0,1429574400
0.762,4,Apr 22 2015 01: +0,1429660800
0.757,9,Apr 23 2015 01: +0,1429747200
1.052,12,Apr 24 2015 01: +0,1429833600
0.817,11,Apr 25 2015 01: +0,1429920000
0.773,10,Apr 26 2015 01: +0,1430006400
0.973,13,Apr 27 2015 01: +0,1430092800
0.806,5,Apr 28 2015 01: +0,1430179200
0.834,11,Apr 29 2015 01: +0,1430265600
1.02,36,Apr 30 2015 01: +0,1430352000
1.071,8,May 01 2015 01: +0,1430438400
1.317,5,May 02 2015 01: +0,1430524800
1.21,8,May 03 2015 01: +0,1430611200
0.96,10,May 04 2015 01: +0,1430697600
0.902,7,May 05 2015 01: +0,1430784000
1.026,4,May 06 2015 01: +0,1430870400
0.846,15,May 07 2015 01: +0,1430956800
0.818,8,May 08 2015 01: +0,1431043200
0.694,14,May 09 2015 01: +0,1431129600
1.021,11,May 10 2015 01: +0,1431216000
1.038,6,May 11 2015 01: +0,1431302400
1.037,7,May 12 2015 01: +0,1431388800
1.076,2,May 13 2015 01: +0,1431475200
1.04,6,May 14 2015 01: +0,1431561600
1.045,8,May 15 2015 01: +0,1431648000
0.755,7,May 16 2015 01: +0,1431734400
0.802,7,May 17 2015 01: +0,1431820800
0.79,11,May 18 2015 01: +0,1431907200
0.802,8,May 19 2015 01: +0,1431993600
0.904,5,May 20 2015 01: +0,1432080000
0.892,8,May 21 2015 01: +0,1432166400
0.938,4,May 22 2015 01: +0,1432252800
0.707,4,May 23 2015 01: +0,1432339200
0.964,1,May 24 2015 01: +0,1432425600
0.904,6,May 25 2015 01: +0,1432512000
0.842,7,May 26 2015 01: +0,1432598400
0.536,7,May 27 2015 01: +0,1432684800
0.763,6,May 28 2015 01: +0,1432771200
0.785,3,May 29 2015 01: +0,1432857600
0.666,10,May 30 2015 01: +0,1432944000
0.602,9,May 31 2015 01: +0,1433030400
0.76,5,Jun 01 2015 01: +0,1433116800
0.712,5,Jun 02 2015 01: +0,1433203200
0.687,7,Jun 03 2015 01: +0,1433289600
0.638,11,Jun 04 2015 01: +0,1433376000
0.77,9,Jun 05 2015 01: +0,1433462400
0.726,3,Jun 06 2015 01: +0,1433548800
0.801,6,Jun 07 2015 01: +0,1433635200
0.763,7,Jun 08 2015 01: +0,1433721600
0.898,4,Jun 09 2015 01: +0,1433808000
0.681,9,Jun 10 2015 01: +0,1433894400
0.691,7,Jun 11 2015 01: +0,1433980800
0.626,12,Jun 12 2015 01: +0,1434067200
0.64,14,Jun 13 2015 01: +0,1434153600
0.689,6,Jun 14 2015 01: +0,1434240000
0.751,7,Jun 15 2015 01: +0,1434326400
0.884,8,Jun 16 2015 01: +0,1434412800
0.621,11,Jun 17 2015 01: +0,1434499200
0.641,7,Jun 18 2015 01: +0,1434585600
0.722,3,Jun 19 2015 01: +0,1434672000
0.594,7,Jun 20 2015 01: +0,1434758400
0.516,6,Jun 21 2015 01: +0,1434844800
0.564,7,Jun 22 2015 01: +0,1434931200
0.591,7,Jun 23 2015 01: +0,1435017600
0.589,9,Jun 24 2015 01: +0,1435104000
0.547,10,Jun 25 2015 01: +0,1435190400
0.837,8,Jun 26 2015 01: +0,1435276800
0.994,2,Jun 27 2015 01: +0,1435363200
0.774,5,Jun 28 2015 01: +0,1435449600
0.728,5,Jun 29 2015 01: +0,1435536000
0.84,9,Jun 30 2015 01: +0,1435622400
0.846,8,Jul 01 2015 01: +0,1435708800
0.858,7,Jul 02 2015 01: +0,1435795200
0.952,9,Jul 03 2015 01: +0,1435881600
0.903,7,Jul 04 2015 01: +0,1435968000
1.026,4,Jul 05 2015 01: +0,1436054400
0.911,6,Jul 06 2015 01: +0,1436140800
0.885,4,Jul 07 2015 01: +0,1436227200
0.88,4,Jul 08 2015 01: +0,1436313600
0.981,7,Jul 09 2015 01: +0,1436400000
0.945,7,Jul 10 2015 01: +0,1436486400
1.015,3,Jul 11 2015 01: +0,1436572800
1.038,4,Jul 12 2015 01: +0,1436659200
0.884,10,Jul 13 2015 01: +0,1436745600
0.812,7,Jul 14 2015 01: +0,1436832000
0.818,4,Jul 15 2015 01: +0,1436918400
0.752,8,Jul 16 2015 01: +0,1437004800
0.748,8,Jul 17 2015 01: +0,1437091200
0.787,5,Jul 18 2015 01: +0,1437177600
0.876,6,Jul 19 2015 01: +0,1437264000
0.803,7,Jul 21 2015 01: +0,1437436800
0.716,4,Jul 22 2015 01: +0,1437523200
0.551,5,Jul 23 2015 01: +0,1437609600
0.684,9,Jul 24 2015 01: +0,1437696000
0.6,15,Jul 25 2015 01: +0,1437782400
0.999,3,Jul 26 2015 01: +0,1437868800
1.087,6,Jul 27 2015 01: +0,1437955200
0.894,3,Jul 28 2015 01: +0,1438041600
0.874,6,Jul 29 2015 01: +0,1438128000
1.06,7,Jul 30 2015 01: +0,1438214400
0.898,2,Jul 31 2015 01: +0,1438300800
0.686,6,Aug 01 2015 01: +0,1438387200
0.737,8,Aug 02 2015 01: +0,1438473600
0.695,3,Aug 03 2015 01: +0,1438560000
0.836,6,Aug 04 2015 01: +0,1438646400
0.612,8,Aug 05 2015 01: +0,1438732800
0.554,3,Aug 06 2015 01: +0,1438819200
0.592,10,Aug 07 2015 01: +0,1438905600
0.628,8,Aug 08 2015 01: +0,1438992000
1.027,6,Aug 09 2015 01: +0,1439078400
0.797,2,Aug 10 2015 01: +0,1439164800
0.985,4,Aug 11 2015 01: +0,1439251200
0.968,2,Aug 12 2015 01: +0,1439337600
0.597,7,Aug 13 2015 01: +0,1439424000
0.65,6,Aug 14 2015 01: +0,1439510400
0.668,4,Aug 15 2015 01: +0,1439596800
0.614,3,Aug 16 2015 01: +0,1439683200
0.622,7,Aug 17 2015 01: +0,1439769600
0.765,4,Aug 18 2015 01: +0,1439856000
0.696,7,Aug 19 2015 01: +0,1439942400
0.668,10,Aug 20 2015 01: +0,1440028800
0.799,7,Aug 21 2015 01: +0,1440115200
0.631,10,Aug 22 2015 01: +0,1440201600
0.584,24,Aug 23 2015 01: +0,1440288000
0.67,16,Aug 24 2015 01: +0,1440374400
0.767,24,Aug 25 2015 01: +0,1440460800
0.94,7,Aug 26 2015 01: +0,1440547200
1.09,13,Aug 27 2015 01: +0,1440633600
0.959,11,Aug 28 2015 01: +0,1440720000
0.978,14,Aug 29 2015 01: +0,1440806400
0.82,14,Aug 30 2015 01: +0,1440892800
0.833,10,Aug 31 2015 01: +0,1440979200
0.887,11,Sep 01 2015 01: +0,1441065600
0.937,8,Sep 02 2015 01: +0,1441152000
0.947,6,Sep 03 2015 01: +0,1441238400
0.89,13,Sep 04 2015 01: +0,1441324800
0.77,12,Sep 05 2015 01: +0,1441411200
0.713,11,Sep 06 2015 01: +0,1441497600
0.847,14,Sep 07 2015 01: +0,1441584000
0.601,5,Sep 08 2015 01: +0,1441670400
0.701,4,Sep 09 2015 01: +0,1441756800
0.703,8,Sep 10 2015 01: +0,1441843200
12.927,10,Sep 11 2015 01: +0,1441929600
0.65,19,Sep 12 2015 01: +0,1442016000
0.809,13,Sep 13 2015 01: +0,1442102400
0.748,15,Sep 14 2015 01: +0,1442188800
1.073,6,Sep 15 2015 01: +0,1442275200
1.001,6,Sep 16 2015 01: +0,1442361600
0.926,13,Sep 17 2015 01: +0,1442448000
1.007,16,Sep 18 2015 01: +0,1442534400
0.868,17,Sep 19 2015 01: +0,1442620800
0.824,21,Sep 20 2015 01: +0,1442707200
0.856,13,Sep 21 2015 01: +0,1442793600
0.903,14,Sep 22 2015 01: +0,1442880000
0.925,15,Sep 23 2015 01: +0,1442966400
0.892,14,Sep 24 2015 01: +0,1443052800
1.024,23,Sep 25 2015 01: +0,1443139200
1.204,13,Sep 26 2015 01: +0,1443225600
1.21,12,Sep 27 2015 01: +0,1443312000
1.03,8,Sep 28 2015 01: +0,1443398400
0.968,5,Sep 29 2015 01: +0,1443484800
0.903,14,Sep 30 2015 01: +0,1443571200
0.977,12,Oct 01 2015 01: +0,1443657600
1.011,6,Oct 02 2015 01: +0,1443744000
0.887,19,Oct 03 2015 01: +0,1443830400
0.807,12,Oct 04 2015 01: +0,1443916800
0.818,10,Oct 05 2015 01: +0,1444003200
0.773,10,Oct 06 2015 01: +0,1444089600
0.9,8,Oct 07 2015 01: +0,1444176000
0.804,6,Oct 08 2015 01: +0,1444262400
0.805,12,Oct 09 2015 01: +0,1444348800
0.888,12,Oct 10 2015 01: +0,1444435200
0.865,11,Oct 11 2015 01: +0,1444521600
1.116,5,Oct 12 2015 01: +0,1444608000
1.059,10,Oct 13 2015 01: +0,1444694400
0.857,6,Oct 14 2015 01: +0,1444780800
0.817,8,Oct 15 2015 01: +0,1444867200
0.83,6,Oct 16 2015 01: +0,1444953600
0.776,14,Oct 17 2015 01: +0,1445040000
0.829,9,Oct 18 2015 01: +0,1445126400
0.756,8,Oct 19 2015 01: +0,1445212800
0.695,10,Oct 20 2015 01: +0,1445299200
0.731,7,Oct 21 2015 01: +0,1445385600
0.726,7,Oct 22 2015 01: +0,1445472000
0.653,15,Oct 23 2015 01: +0,1445558400
0.69,12,Oct 24 2015 01: +0,1445644800
0.71,6,Oct 25 2015 01: +0,1445731200
0.706,13,Oct 26 2015 01: +0,1445821200
0.817,10,Oct 27 2015 01: +0,1445907600
0.741,6,Oct 28 2015 01: +0,1445994000
0.688,13,Oct 29 2015 01: +0,1446080400
0.578,21,Oct 30 2015 01: +0,1446166800
0.577,23,Oct 31 2015 01: +0,1446253200
0.469,18,Nov 01 2015 01: +0,1446339600
0.489,17,Nov 02 2015 01: +0,1446426000
0.463,23,Nov 03 2015 01: +0,1446512400
0.539,17,Nov 04 2015 01: +0,1446598800
0.759,10,Nov 05 2015 01: +0,1446685200
0.574,11,Nov 06 2015 01: +0,1446771600
0.592,18,Nov 07 2015 01: +0,1446858000
0.707,18,Nov 08 2015 01: +0,1446944400
0.835,11,Nov 09 2015 01: +0,1447030800
0.691,5,Nov 10 2015 01: +0,1447117200
0.656,11,Nov 11 2015 01: +0,1447203600
0.687,6,Nov 12 2015 01: +0,1447290000
0.679,17,Nov 13 2015 01: +0,1447376400
0.584,15,Nov 14 2015 01: +0,1447462800
0.661,14,Nov 15 2015 01: +0,1447549200
0.704,11,Nov 16 2015 01: +0,1447635600
0.64,10,Nov 17 2015 01: +0,1447722000
0.621,9,Nov 18 2015 01: +0,1447808400
0.592,11,Nov 19 2015 01: +0,1447894800
0.676,12,Nov 20 2015 01: +0,1447981200
0.612,7,Nov 21 2015 01: +0,1448067600
0.591,13,Nov 22 2015 01: +0,1448154000
0.571,11,Nov 23 2015 01: +0,1448240400
0.563,13,Nov 24 2015 01: +0,1448326800
0.584,10,Nov 25 2015 01: +0,1448413200
0.462,15,Nov 26 2015 01: +0,1448499600
0.463,10,Nov 27 2015 01: +0,1448586000
0.491,18,Nov 28 2015 01: +0,1448672400
0.502,7,Nov 29 2015 01: +0,1448758800
0.413,15,Nov 30 2015 01: +0,1448845200
0.401,16,Dec 01 2015 01: +0,1448931600
0.555,8,Dec 02 2015 01: +0,1449018000
0.671,9,Dec 03 2015 01: +0,1449104400
0.696,8,Dec 04 2015 01: +0,1449190800
0.562,17,Dec 05 2015 01: +0,1449277200
0.659,12,Dec 06 2015 01: +0,1449363600
0.62,13,Dec 07 2015 01: +0,1449450000
0.701,5,Dec 08 2015 01: +0,1449536400
0.632,11,Dec 09 2015 01: +0,1449622800
0.586,19,Dec 10 2015 01: +0,1449709200
0.603,14,Dec 11 2015 01: +0,1449795600
0.546,19,Dec 12 2015 01: +0,1449882000
0.57,14,Dec 13 2015 01: +0,1449968400
0.646,15,Dec 14 2015 01: +0,1450054800
0.696,13,Dec 15 2015 01: +0,1450141200
0.75,6,Dec 16 2015 01: +0,1450227600
0.778,6,Dec 17 2015 01: +0,1450314000
0.652,11,Dec 18 2015 01: +0,1450400400
0.667,13,Dec 19 2015 01: +0,1450486800
0.635,9,Dec 20 2015 01: +0,1450573200
0.6,9,Dec 21 2015 01: +0,1450659600
0.643,13,Dec 22 2015 01: +0,1450746000
1.928,16,Dec 23 2015 01: +0,1450832400
0.545,8,Dec 24 2015 01: +0,1450918800
0.477,21,Dec 25 2015 01: +0,1451005200
0.559,17,Dec 26 2015 01: +0,1451091600
0.54,14,Dec 27 2015 01: +0,1451178000
0.529,21,Dec 28 2015 01: +0,1451264400
0.713,18,Dec 29 2015 01: +0,1451350800
0.738,15,Dec 30 2015 01: +0,1451437200
0.696,9,Dec 31 2015 01: +0,1451523600
0.724,15,Jan 01 2016 01: +0,1451610000
0.59,15,Jan 02 2016 01: +0,1451696400
0.575,13,Jan 03 2016 01: +0,1451782800
0.499,17,Jan 04 2016 01: +0,1451869200
0.511,12,Jan 05 2016 01: +0,1451955600
0.604,14,Jan 06 2016 01: +0,1452042000
0.741,12,Jan 07 2016 01: +0,1452128400
0.723,12,Jan 08 2016 01: +0,1452214800
0.681,14,Jan 09 2016 01: +0,1452301200
0.642,8,Jan 10 2016 01: +0,1452387600
2.995,12,Jan 11 2016 01: +0,1452474000
0.734,6,Jan 12 2016 01: +0,1452560400
0.736,8,Jan 13 2016 01: +0,1452646800
0.68,7,Jan 14 2016 01: +0,1452733200
0.578,5,Jan 15 2016 01: +0,1452819600
0.622,15,Jan 16 2016 01: +0,1452906000
0.692,9,Jan 17 2016 01: +0,1452992400
0.689,12,Jan 18 2016 01: +0,1453078800
0.632,6,Jan 19 2016 01: +0,1453165200
0.852,8,Jan 20 2016 01: +0,1453251600
0.782,11,Jan 21 2016 01: +0,1453338000
0.754,9,Jan 22 2016 01: +0,1453424400
0.722,12,Jan 23 2016 01: +0,1453510800
0.741,15,Jan 24 2016 01: +0,1453597200
0.878,8,Jan 25 2016 01: +0,1453683600
0.942,7,Jan 26 2016 01: +0,1453770000
0.793,14,Jan 27 2016 01: +0,1453856400
0.702,11,Jan 28 2016 01: +0,1453942800
0.637,9,Jan 29 2016 01: +0,1454029200
0.659,19,Jan 30 2016 01: +0,1454115600
0.819,11,Jan 31 2016 01: +0,1454202000
0.815,14,Feb 01 2016 01: +0,1454288400
0.753,12,Feb 02 2016 01: +0,1454374800
0.831,12,Feb 03 2016 01: +0,1454461200
0.832,15,Feb 04 2016 01: +0,1454547600
0.854,6,Feb 05 2016 01: +0,1454634000
0.785,9,Feb 06 2016 01: +0,1454720400
0.66,13,Feb 07 2016 01: +0,1454806800
0.64,9,Feb 08 2016 01: +0,1454893200
0.705,6,Feb 09 2016 01: +0,1454979600
0.61,6,Feb 10 2016 01: +0,1455066000
0.726,6,Feb 11 2016 01: +0,1455152400
0.62,9,Feb 12 2016 01: +0,1455238800
0.732,17,Feb 13 2016 01: +0,1455325200
1.018,18,Feb 14 2016 01: +0,1455411600
1.03,8,Feb 15 2016 01: +0,1455498000
0.657,17,Feb 16 2016 01: +0,1455584400
0.728,11,Feb 17 2016 01: +0,1455670800
0.59,15,Feb 18 2016 01: +0,1455757200
0.686,23,Feb 19 2016 01: +0,1455843600
0.781,14,Feb 20 2016 01: +0,1455930000
0.826,14,Feb 21 2016 01: +0,1456016400
0.731,11,Feb 22 2016 01: +0,1456102800
0.814,11,Feb 23 2016 01: +0,1456189200
0.792,10,Feb 24 2016 01: +0,1456275600
0.812,17,Feb 25 2016 01: +0,1456362000
0.73,8,Feb 26 2016 01: +0,1456448400
0.874,17,Feb 27 2016 01: +0,1456534800
0.936,11,Feb 28 2016 01: +0,1456621200
0.839,12,Feb 29 2016 01: +0,1456707600
0.843,16,Mar 01 2016 01: +0,1456794000
0.862,15,Mar 02 2016 01: +0,1456880400
0.882,7,Mar 03 2016 01: +0,1456966800
1.172,13,Mar 04 2016 01: +0,1457053200
0.902,14,Mar 05 2016 01: +0,1457139600
0.922,15,Mar 06 2016 01: +0,1457226000
0.955,14,Mar 07 2016 01: +0,1457312400
0.943,4,Mar 08 2016 01: +0,1457398800
0.863,5,Mar 09 2016 01: +0,1457485200
1.173,6,Mar 10 2016 01: +0,1457571600
0.881,11,Mar 11 2016 01: +0,1457658000
1.032,8,Mar 12 2016 01: +0,1457744400
0.939,7,Mar 13 2016 01: +0,1457830800
1.028,6,Mar 14 2016 01: +0,1457917200
0.886,5,Mar 15 2016 01: +0,1458003600
0.905,7,Mar 16 2016 01: +0,1458090000
0.906,11,Mar 17 2016 01: +0,1458176400
0.894,12,Mar 18 2016 01: +0,1458262800
0.886,7,Mar 19 2016 01: +0,1458349200
0.911,9,Mar 20 2016 01: +0,1458435600
0.984,6,Mar 21 2016 01: +0,1458522000
0.835,5,Mar 22 2016 01: +0,1458608400
0.854,8,Mar 23 2016 01: +0,1458694800
1.066,10,Mar 24 2016 01: +0,1458781200
0.807,9,Mar 25 2016 01: +0,1458867600
0.908,9,Mar 26 2016 01: +0,1458954000
0.969,3,Mar 27 2016 01: +0,1459040400
1.389,2,Mar 28 2016 01: +0,1459123200
0.974,3,Mar 29 2016 01: +0,1459209600
0.934,13,Mar 30 2016 01: +0,1459296000
0.97,9,Mar 31 2016 01: +0,1459382400
1.058,18,Apr 01 2016 01: +0,1459468800
1.217,12,Apr 02 2016 01: +0,1459555200
0.943,15,Apr 03 2016 01: +0,1459641600
1.005,13,Apr 04 2016 01: +0,1459728000
0.989,9,Apr 05 2016 01: +0,1459814400
0.901,7,Apr 06 2016 01: +0,1459900800
0.961,11,Apr 07 2016 01: +0,1459987200
1.332,8,Apr 08 2016 01: +0,1460073600
1.439,7,Apr 09 2016 01: +0,1460160000
1.637,3,Apr 10 2016 01: +0,1460246400
1.635,2,Apr 11 2016 01: +0,1460332800
1.507,6,Apr 12 2016 01: +0,1460419200
0.934,6,Apr 13 2016 01: +0,1460505600
0.942,15,Apr 14 2016 01: +0,1460592000
1.139,5,Apr 15 2016 01: +0,1460678400
1.121,13,Apr 16 2016 01: +0,1460764800
1.017,6,Apr 17 2016 01: +0,1460851200
1.107,10,Apr 18 2016 01: +0,1460937600
0.882,7,Apr 19 2016 01: +0,1461024000
0.95,8,Apr 20 2016 01: +0,1461110400
0.919,11,Apr 21 2016 01: +0,1461196800
1.254,11,Apr 22 2016 01: +0,1461283200
1.176,7,Apr 23 2016 01: +0,1461369600
1.093,6,Apr 24 2016 01: +0,1461456000
1.109,9,Apr 25 2016 01: +0,1461542400
1.169,2,Apr 26 2016 01: +0,1461628800
1.168,5,Apr 27 2016 01: +0,1461715200
1.161,5,Apr 28 2016 01: +0,1461801600
1.198,8,Apr 29 2016 01: +0,1461888000
1.116,14,Apr 30 2016 01: +0,1461974400
0.975,10,May 01 2016 01: +0,1462060800
1.048,11,May 02 2016 01: +0,1462147200
0.946,7,May 03 2016 01: +0,1462233600
1.053,5,May 04 2016 01: +0,1462320000
1.277,7,May 05 2016 01: +0,1462406400
1.136,9,May 06 2016 01: +0,1462492800
0.991,9,May 07 2016 01: +0,1462579200
1.02,10,May 08 2016 01: +0,1462665600
0.987,10,May 09 2016 01: +0,1462752000
1.025,6,May 10 2016 01: +0,1462838400
0.976,5,May 11 2016 01: +0,1462924800
1.471,6,May 12 2016 01: +0,1463011200
1.05,9,May 13 2016 01: +0,1463097600
0.955,13,May 14 2016 01: +0,1463184000
0.93,7,May 15 2016 01: +0,1463270400
0.909,5,May 16 2016 01: +0,1463356800
0.964,9,May 17 2016 01: +0,1463443200
1.134,5,May 18 2016 01: +0,1463529600
0.969,5,May 19 2016 01: +0,1463616000
0.877,5,May 20 2016 01: +0,1463702400
0.83,9,May 21 2016 01: +0,1463788800
0.892,6,May 22 2016 01: +0,1463875200
0.782,7,May 23 2016 01: +0,1463961600
0.897,2,May 24 2016 01: +0,1464048000
0.717,11,May 25 2016 01: +0,1464134400
0.881,7,May 26 2016 01: +0,1464220800
0.904,5,May 27 2016 01: +0,1464307200
0.883,10,May 28 2016 01: +0,1464393600
0.941,8,May 29 2016 01: +0,1464480000
1.014,3,May 30 2016 01: +0,1464566400
1.222,1,May 31 2016 01: +0,1464652800
1.178,2,Jun 01 2016 01: +0,1464739200
1.088,1,Jun 02 2016 01: +0,1464825600
1.143,3,Jun 03 2016 01: +0,1464912000
0.893,4,Jun 04 2016 01: +0,1464998400
0.991,9,Jun 05 2016 01: +0,1465084800
0.851,1,Jun 06 2016 01: +0,1465171200
0.982,5,Jun 07 2016 01: +0,1465257600
0.992,3,Jun 08 2016 01: +0,1465344000
0.977,5,Jun 09 2016 01: +0,1465430400
0.878,4,Jun 10 2016 01: +0,1465516800
0.888,4,Jun 11 2016 01: +0,1465603200
1.304,8,Jun 12 2016 01: +0,1465689600
0.771,11,Jun 13 2016 01: +0,1465776000
0.949,7,Jun 14 2016 01: +0,1465862400
0.778,7,Jun 15 2016 01: +0,1465948800
0.859,7,Jun 16 2016 01: +0,1466035200
0.915,4,Jun 17 2016 01: +0,1466121600
0.759,8,Jun 18 2016 01: +0,1466208000
0.714,10,Jun 19 2016 01: +0,1466294400
0.781,8,Jun 20 2016 01: +0,1466380800
0.916,7,Jun 21 2016 01: +0,1466467200
0.769,7,Jun 22 2016 01: +0,1466553600
0.757,8,Jun 23 2016 01: +0,1466640000
0.649,6,Jun 24 2016 01: +0,1466726400
0.806,9,Jun 25 2016 01: +0,1466812800
0.693,7,Jun 26 2016 01: +0,1466899200
0.57,5,Jun 27 2016 01: +0,1466985600
0.585,14,Jun 28 2016 01: +0,1467072000
0.598,4,Jun 29 2016 01: +0,1467158400
0.612,11,Jun 30 2016 01: +0,1467244800
0.61,12,Jul 01 2016 01: +0,1467331200
0.622,8,Jul 02 2016 01: +0,1467417600
0.753,3,Jul 03 2016 01: +0,1467504000
0.694,10,Jul 04 2016 01: +0,1467590400
0.676,3,Jul 05 2016 01: +0,1467676800
0.7,9,Jul 06 2016 01: +0,1467763200
0.849,13,Jul 07 2016 01: +0,1467849600
0.995,6,Jul 08 2016 01: +0,1467936000
0.953,4,Jul 09 2016 01: +0,1468022400
0.912,7,Jul 10 2016 01: +0,1468108800
0.804,4,Jul 11 2016 01: +0,1468195200
0.801,10,Jul 12 2016 01: +0,1468281600
0.842,3,Jul 13 2016 01: +0,1468368000
0.997,4,Jul 14 2016 01: +0,1468454400
0.977,5,Jul 15 2016 01: +0,1468540800
1.002,4,Jul 16 2016 01: +0,1468627200
0.93,5,Jul 17 2016 01: +0,1468713600
0.943,13,Jul 18 2016 01: +0,1468800000
1.165,2,Jul 19 2016 01: +0,1468886400
0.912,3,Jul 20 2016 01: +0,1468972800
1.027,3,Jul 21 2016 01: +0,1469059200
0.915,7,Jul 22 2016 01: +0,1469145600
0.984,4,Jul 23 2016 01: +0,1469232000
0.869,2,Jul 24 2016 01: +0,1469318400
1.386,5,Jul 25 2016 01: +0,1469404800
0.996,2,Jul 26 2016 01: +0,1469491200
0.932,3,Jul 27 2016 01: +0,1469577600
0.884,6,Jul 28 2016 01: +0,1469664000
1.272,8,Jul 29 2016 01: +0,1469750400
0.94,4,Jul 30 2016 01: +0,1469836800
0.913,5,Jul 31 2016 01: +0,1469923200
0.882,10,Aug 01 2016 01: +0,1470009600
1.012,2,Aug 02 2016 01: +0,1470096000
0.866,2,Aug 03 2016 01: +0,1470182400
0.809,4,Aug 04 2016 01: +0,1470268800
0.854,7,Aug 05 2016 01: +0,1470355200
0.77,6,Aug 06 2016 01: +0,1470441600
0.782,3,Aug 07 2016 01: +0,1470528000
0.76,4,Aug 08 2016 01: +0,1470614400
0.798,2,Aug 09 2016 01: +0,1470700800
0.793,3,Aug 10 2016 01: +0,1470787200
0.723,3,Aug 11 2016 01: +0,1470873600
0.794,5,Aug 12 2016 01: +0,1470960000
0.818,6,Aug 13 2016 01: +0,1471046400
0.836,6,Aug 14 2016 01: +0,1471132800
1.012,4,Aug 15 2016 01: +0,1471219200
1.463,5,Aug 16 2016 01: +0,1471305600
1.012,2,Aug 17 2016 01: +0,1471392000
0.832,2,Aug 18 2016 01: +0,1471478400
0.778,1,Aug 19 2016 01: +0,1471564800
0.834,7,Aug 20 2016 01: +0,1471651200
0.884,2,Aug 21 2016 01: +0,1471737600
0.812,4,Aug 22 2016 01: +0,1471824000
0.741,3,Aug 23 2016 01: +0,1471910400
0.795,5,Aug 24 2016 01: +0,1471996800
0.723,7,Aug 25 2016 01: +0,1472083200
0.783,5,Aug 26 2016 01: +0,1472169600
0.836,10,Aug 27 2016 01: +0,1472256000
0.81,12,Aug 28 2016 01: +0,1472342400
0.889,4,Aug 29 2016 01: +0,1472428800
0.777,6,Aug 30 2016 01: +0,1472515200
0.85,7,Aug 31 2016 01: +0,1472601600
0.811,7,Sep 01 2016 01: +0,1472688000
0.731,7,Sep 02 2016 01: +0,1472774400
0.798,5,Sep 03 2016 01: +0,1472860800
0.848,5,Sep 04 2016 01: +0,1472947200
0.815,6,Sep 05 2016 01: +0,1473033600
0.803,4,Sep 06 2016 01: +0,1473120000
0.793,5,Sep 07 2016 01: +0,1473206400
0.82,4,Sep 08 2016 01: +0,1473292800
0.835,3,Sep 09 2016 01: +0,1473379200
0.628,6,Sep 10 2016 01: +0,1473465600
0.786,12,Sep 11 2016 01: +0,1473552000
0.697,5,Sep 12 2016 01: +0,1473638400
0.744,7,Sep 13 2016 01: +0,1473724800
0.752,1,Sep 14 2016 01: +0,1473811200
0.838,4,Sep 15 2016 01: +0,1473897600
0.757,6,Sep 16 2016 01: +0,1473984000
0.653,2,Sep 17 2016 01: +0,1474070400
0.817,8,Sep 18 2016 01: +0,1474156800
0.846,3,Sep 19 2016 01: +0,1474243200
0.843,6,Sep 20 2016 01: +0,1474329600
0.744,3,Sep 21 2016 01: +0,1474416000
0.845,4,Sep 22 2016 01: +0,1474502400
0.766,6,Sep 23 2016 01: +0,1474588800
0.981,5,Sep 24 2016 01: +0,1474675200
0.748,5,Sep 25 2016 01: +0,1474761600
0.887,2,Sep 26 2016 01: +0,1474848000
0.821,2,Sep 27 2016 01: +0,1474934400
0.867,3,Sep 28 2016 01: +0,1475020800
0.731,4,Sep 29 2016 01: +0,1475107200
0.743,7,Sep 30 2016 01: +0,1475193600
0.801,3,Oct 01 2016 01: +0,1475280000
0.8,4,Oct 02 2016 01: +0,1475366400
0.857,3,Oct 03 2016 01: +0,1475452800
0.885,8,Oct 04 2016 01: +0,1475539200
0.921,4,Oct 05 2016 01: +0,1475625600
1.102,5,Oct 06 2016 01: +0,1475712000
1.076,4,Oct 07 2016 01: +0,1475798400
0.852,6,Oct 08 2016 01: +0,1475884800
0.946,4,Oct 09 2016 01: +0,1475971200
0.956,1,Oct 10 2016 01: +0,1476057600
0.84,3,Oct 11 2016 01: +0,1476144000
0.882,3,Oct 12 2016 01: +0,1476230400
0.832,4,Oct 14 2016 01: +0,1476403200
0.87,3,Oct 15 2016 01: +0,1476489600
0.852,4,Oct 16 2016 01: +0,1476576000
0.737,5,Oct 17 2016 01: +0,1476662400
0.776,4,Oct 18 2016 01: +0,1476748800
0.808,6,Oct 19 2016 01: +0,1476835200
0.858,4,Oct 20 2016 01: +0,1476921600
0.861,4,Oct 21 2016 01: +0,1477008000
0.877,4,Oct 22 2016 01: +0,1477094400
0.831,5,Oct 23 2016 01: +0,1477180800
0.856,4,Oct 24 2016 01: +0,1477267200
0.788,4,Oct 25 2016 01: +0,1477353600
0.827,2,Oct 26 2016 01: +0,1477440000
0.756,2,Oct 27 2016 01: +0,1477526400
0.678,3,Oct 28 2016 01: +0,1477612800
0.74,5,Oct 29 2016 01: +0,1477699200
0.651,7,Oct 30 2016 01: +0,1477785600
0.695,1,Oct 31 2016 01: +0,1477875600
0.711,4,Nov 01 2016 01: +0,1477962000
0.639,4,Nov 03 2016 01: +0,1478134800
0.639,9,Nov 04 2016 01: +0,1478221200
0.684,9,Nov 05 2016 01: +0,1478307600
0.882,5,Nov 06 2016 01: +0,1478394000
0.97,3,Nov 07 2016 01: +0,1478480400
0.867,2,Nov 08 2016 01: +0,1478566800
0.806,4,Nov 09 2016 01: +0,1478653200
0.613,5,Nov 10 2016 01: +0,1478739600
0.789,1,Nov 11 2016 01: +0,1478826000
0.759,7,Nov 12 2016 01: +0,1478912400
1.693,6,Nov 13 2016 01: +0,1478998800
0.712,4,Nov 14 2016 01: +0,1479085200
0.67,5,Nov 15 2016 01: +0,1479171600
0.72,2,Nov 16 2016 01: +0,1479258000
0.689,2,Nov 17 2016 01: +0,1479344400
0.741,7,Nov 18 2016 01: +0,1479430800
0.759,4,Nov 19 2016 01: +0,1479517200
0.786,4,Nov 20 2016 01: +0,1479603600
0.908,4,Nov 21 2016 01: +0,1479690000
0.684,4,Nov 22 2016 01: +0,1479776400
0.744,8,Nov 23 2016 01: +0,1479862800
0.663,9,Nov 24 2016 01: +0,1479949200
0.613,9,Nov 25 2016 01: +0,1480035600
0.603,5,Nov 26 2016 01: +0,1480122000
0.582,7,Nov 27 2016 01: +0,1480208400
0.681,4,Nov 28 2016 01: +0,1480294800
0.675,4,Nov 29 2016 01: +0,1480381200
0.761,4,Nov 30 2016 01: +0,1480467600
0.864,3,Dec 01 2016 01: +0,1480554000
1.08,1,Dec 02 2016 01: +0,1480640400
0.808,8,Dec 03 2016 01: +0,1480726800
0.732,7,Dec 04 2016 01: +0,1480813200
0.681,7,Dec 05 2016 01: +0,1480899600
0.748,5,Dec 06 2016 01: +0,1480986000
0.745,5,Dec 07 2016 01: +0,1481072400
0.695,5,Dec 08 2016 01: +0,1481158800
0.894,9,Dec 09 2016 01: +0,1481245200
1.194,3,Dec 10 2016 01: +0,1481331600
1.543,2,Dec 11 2016 01: +0,1481418000
1.16,3,Dec 13 2016 01: +0,1481590800
1.101,5,Dec 14 2016 01: +0,1481677200
0.908,4,Dec 15 2016 01: +0,1481763600
1.028,3,Dec 16 2016 01: +0,1481850000
0.908,4,Dec 17 2016 01: +0,1481936400
0.703,3,Dec 18 2016 01: +0,1482022800
1.138,5,Dec 19 2016 01: +0,1482109200
0.813,3,Dec 20 2016 01: +0,1482195600
0.667,3,Dec 21 2016 01: +0,1482282000
0.686,6,Dec 22 2016 01: +0,1482368400
0.604,1,Dec 23 2016 01: +0,1482454800
0.612,8,Dec 24 2016 01: +0,1482541200
0.573,7,Dec 25 2016 01: +0,1482627600
0.637,8,Dec 26 2016 01: +0,1482714000
0.707,9,Dec 27 2016 01: +0,1482800400
0.79,5,Dec 28 2016 01: +0,1482886800
0.885,4,Dec 29 2016 01: +0,1482973200
0.823,4,Dec 30 2016 01: +0,1483059600
0.687,7,Dec 31 2016 01: +0,1483146000
0.657,9,Jan 01 2017 01: +0,1483232400
0.717,5,Jan 02 2017 01: +0,1483318800
0.788,1,Jan 03 2017 01: +0,1483405200
0.706,7,Jan 04 2017 01: +0,1483491600
0.693,9,Jan 05 2017 01: +0,1483578000
1.121,3,Jan 06 2017 01: +0,1483664400
0.828,4,Jan 07 2017 01: +0,1483750800
0.837,4,Jan 08 2017 01: +0,1483837200
1.117,2,Jan 09 2017 01: +0,1483923600
1.24,3,Jan 10 2017 01: +0,1484010000
1.075,1,Jan 11 2017 01: +0,1484096400
1.293,1,Jan 12 2017 01: +0,1484182800
1.004,1,Jan 13 2017 01: +0,1484269200
0.979,2,Jan 14 2017 01: +0,1484355600
0.917,5,Jan 15 2017 01: +0,1484442000
1.346,3,Jan 16 2017 01: +0,1484528400
1.278,6,Jan 17 2017 01: +0,1484614800
1.167,3,Jan 18 2017 01: +0,1484701200
1.351,2,Jan 19 2017 01: +0,1484787600
1.381,1,Jan 20 2017 01: +0,1484874000
1.274,3,Jan 21 2017 01: +0,1484960400
1.118,4,Jan 22 2017 01: +0,1485046800
1.125,7,Jan 23 2017 01: +0,1485133200
1.006,6,Jan 24 2017 01: +0,1485219600
1.027,5,Jan 25 2017 01: +0,1485306000
1.157,7,Jan 26 2017 01: +0,1485392400
1.228,2,Jan 27 2017 01: +0,1485478800
1.237,6,Jan 28 2017 01: +0,1485565200
1.009,2,Jan 29 2017 01: +0,1485651600
1.072,5,Jan 30 2017 01: +0,1485738000
0.977,5,Jan 31 2017 01: +0,1485824400
0.827,1,Feb 01 2017 01: +0,1485910800
1.0,6,Feb 02 2017 01: +0,1485997200
1.11,4,Feb 03 2017 01: +0,1486083600
0.905,2,Feb 04 2017 01: +0,1486170000
0.962,3,Feb 05 2017 01: +0,1486256400
0.927,3,Feb 06 2017 01: +0,1486342800
1.045,1,Feb 07 2017 01: +0,1486429200
0.987,2,Feb 08 2017 01: +0,1486515600
0.923,5,Feb 09 2017 01: +0,1486602000
1.273,5,Feb 10 2017 01: +0,1486688400
1.35,5,Feb 12 2017 01: +0,1486861200
1.186,5,Feb 13 2017 01: +0,1486947600
1.325,4,Feb 14 2017 01: +0,1487034000
1.092,1,Feb 15 2017 01: +0,1487120400
1.229,1,Feb 16 2017 01: +0,1487206800
1.169,5,Feb 17 2017 01: +0,1487293200
1.128,4,Feb 18 2017 01: +0,1487379600
1.028,3,Feb 19 2017 01: +0,1487466000
0.861,4,Feb 20 2017 01: +0,1487552400
0.876,6,Feb 21 2017 01: +0,1487638800
1.049,2,Feb 22 2017 01: +0,1487725200
0.955,6,Feb 23 2017 01: +0,1487811600
0.854,4,Feb 24 2017 01: +0,1487898000
0.827,6,Feb 25 2017 01: +0,1487984400
0.68,2,Feb 26 2017 01: +0,1488070800
0.883,2,Feb 27 2017 01: +0,1488157200
0.841,2,Feb 28 2017 01: +0,1488243600
0.94,2,Mar 01 2017 01: +0,1488330000
0.866,3,Mar 02 2017 01: +0,1488416400
0.938,1,Mar 03 2017 01: +0,1488502800
1.037,4,Mar 04 2017 01: +0,1488589200
1.153,1,Mar 05 2017 01: +0,1488675600
0.951,4,Mar 06 2017 01: +0,1488762000
0.956,3,Mar 08 2017 01: +0,1488934800
0.904,2,Mar 09 2017 01: +0,1489021200
0.828,4,Mar 10 2017 01: +0,1489107600
0.917,4,Mar 11 2017 01: +0,1489194000
0.89,4,Mar 12 2017 01: +0,1489280400
0.935,4,Mar 13 2017 01: +0,1489366800
0.962,2,Mar 14 2017 01: +0,1489453200
1.007,3,Mar 15 2017 01: +0,1489539600
1.085,2,Mar 16 2017 01: +0,1489626000
1.1,3,Mar 17 2017 01: +0,1489712400
1.08,5,Mar 18 2017 01: +0,1489798800
1.014,12,Mar 19 2017 01: +0,1489885200
1.256,2,Mar 20 2017 01: +0,1489971600
1.014,4,Mar 21 2017 01: +0,1490058000
1.024,5,Mar 22 2017 01: +0,1490144400
1.165,10,Mar 23 2017 01: +0,1490230800
1.06,2,Mar 24 2017 01: +0,1490317200
1.008,7,Mar 25 2017 01: +0,1490403600
0.861,6,Mar 26 2017 01: +0,1490490000
0.932,5,Mar 27 2017 01: +0,1490572800
0.908,2,Mar 28 2017 01: +0,1490659200
0.817,5,Mar 29 2017 01: +0,1490745600
0.807,4,Mar 30 2017 01: +0,1490832000
0.996,6,Mar 31 2017 01: +0,1490918400
0.919,6,Apr 01 2017 01: +0,1491004800
0.959,5,Apr 02 2017 01: +0,1491091200
0.966,2,Apr 03 2017 01: +0,1491177600
1.023,9,Apr 04 2017 01: +0,1491264000
1.01,4,Apr 05 2017 01: +0,1491350400
0.99,3,Apr 06 2017 01: +0,1491436800
1.06,6,Apr 07 2017 01: +0,1491523200
1.078,6,Apr 08 2017 01: +0,1491609600
1.026,12,Apr 09 2017 01: +0,1491696000
1.032,5,Apr 10 2017 01: +0,1491782400
0.988,2,Apr 11 2017 01: +0,1491868800
0.968,7,Apr 12 2017 01: +0,1491955200
0.979,4,Apr 13 2017 01: +0,1492041600
0.975,5,Apr 14 2017 01: +0,1492128000
1.215,4,Apr 15 2017 01: +0,1492214400
1.009,1,Apr 16 2017 01: +0,1492300800
1.056,1,Apr 17 2017 01: +0,1492387200
1.066,7,Apr 18 2017 01: +0,1492473600
0.957,6,Apr 20 2017 01: +0,1492646400
1.066,7,Apr 21 2017 01: +0,1492732800
0.968,3,Apr 22 2017 01: +0,1492819200
0.883,8,Apr 23 2017 01: +0,1492905600
0.825,4,Apr 24 2017 01: +0,1492992000
0.87,3,Apr 25 2017 01: +0,1493078400
0.796,2,Apr 26 2017 01: +0,1493164800
0.973,22,Apr 27 2017 01: +0,1493251200
1.545,4,Apr 28 2017 01: +0,1493337600
0.852,3,Apr 29 2017 01: +0,1493424000
0.685,5,Apr 30 2017 01: +0,1493510400
0.803,1,May 01 2017 01: +0,1493596800
0.748,2,May 03 2017 01: +0,1493769600
0.797,7,May 04 2017 01: +0,1493856000
0.706,5,May 05 2017 01: +0,1493942400
0.72,1,May 06 2017 01: +0,1494028800
0.743,5,May 07 2017 01: +0,1494115200
0.605,2,May 08 2017 01: +0,1494201600
0.706,2,May 09 2017 01: +0,1494288000
0.736,3,May 10 2017 01: +0,1494374400
0.609,11,May 11 2017 01: +0,1494460800
0.834,6,May 12 2017 01: +0,1494547200
0.865,3,May 13 2017 01: +0,1494633600
0.91,1,May 14 2017 01: +0,1494720000
0.899,5,May 15 2017 01: +0,1494806400
0.704,4,May 16 2017 01: +0,1494892800
0.421,1,May 17 2017 01: +0,1494979200
0.86,2,May 18 2017 01: +0,1495065600
0.705,3,May 19 2017 01: +0,1495152000
0.76,4,May 20 2017 01: +0,1495238400
0.774,7,May 21 2017 01: +0,1495324800
0.612,1,May 22 2017 01: +0,1495411200
0.57,4,May 23 2017 01: +0,1495497600
0.632,16,May 24 2017 01: +0,1495584000
0.947,2,May 25 2017 01: +0,1495670400
0.926,3,May 26 2017 01: +0,1495756800
0.878,5,May 27 2017 01: +0,1495843200
0.924,1,May 28 2017 01: +0,1495929600
0.984,2,May 29 2017 01: +0,1496016000
0.875,4,May 30 2017 01: +0,1496102400
0.85,1,May 31 2017 01: +0,1496188800
0.821,2,Jun 01 2017 01: +0,1496275200
1.064,1,Jun 02 2017 01: +0,1496361600
0.925,4,Jun 03 2017 01: +0,1496448000
0.987,4,Jun 04 2017 01: +0,1496534400
0.962,1,Jun 06 2017 01: +0,1496707200
1.034,3,Jun 08 2017 01: +0,1496880000
1.34,6,Jun 09 2017 01: +0,1496966400
0.975,4,Jun 11 2017 01: +0,1497139200
1.141,1,Jun 12 2017 01: +0,1497225600
1.141,1,Jun 13 2017 01: +0,1497312000
0.827,1,Jun 14 2017 01: +0,1497398400
1.706,2,Jun 16 2017 01: +0,1497571200
0.873,5,Jun 17 2017 01: +0,1497657600
0.863,2,Jun 18 2017 01: +0,1497744000
0.924,3,Jun 19 2017 01: +0,1497830400
0.821,2,Jun 20 2017 01: +0,1497916800
0.895,3,Jun 21 2017 01: +0,1498003200
0.819,2,Jun 22 2017 01: +0,1498089600
0.724,2,Jun 23 2017 01: +0,1498176000
0.9,2,Jun 24 2017 01: +0,1498262400
0.827,1,Jun 25 2017 01: +0,1498348800
0.847,2,Jun 26 2017 01: +0,1498435200
0.943,2,Jun 28 2017 01: +0,1498608000
0.734,4,Jun 29 2017 01: +0,1498694400
0.757,3,Jun 30 2017 01: +0,1498780800
0.819,2,Jul 01 2017 01: +0,1498867200
0.629,2,Jul 02 2017 01: +0,1498953600
0.754,3,Jul 04 2017 01: +0,1499126400
0.706,6,Jul 05 2017 01: +0,1499212800
0.834,1,Jul 06 2017 01: +0,1499299200
0.748,3,Jul 07 2017 01: +0,1499385600
0.76,4,Jul 08 2017 01: +0,1499472000
0.844,3,Jul 09 2017 01: +0,1499558400
0.915,3,Jul 10 2017 01: +0,1499644800
0.931,2,Jul 11 2017 01: +0,1499731200
0.89,2,Jul 12 2017 01: +0,1499817600
0.951,2,Jul 13 2017 01: +0,1499904000
1.478,4,Jul 14 2017 01: +0,1499990400
1.915,1,Jul 15 2017 01: +0,1500076800
3.131,7,Jul 16 2017 01: +0,1500163200
0.858,8,Jul 17 2017 01: +0,1500249600
1.691,6,Jul 18 2017 01: +0,1500336000
0.886,7,Jul 19 2017 01: +0,1500422400
0.842,14,Jul 20 2017 01: +0,1500508800
0.826,12,Jul 21 2017 01: +0,1500595200
0.895,14,Jul 22 2017 01: +0,1500681600
0.748,16,Jul 23 2017 01: +0,1500768000
0.847,15,Jul 24 2017 01: +0,1500854400
0.604,7,Jul 25 2017 01: +0,1500940800
0.695,9,Jul 26 2017 01: +0,1501027200
0.61,7,Jul 27 2017 01: +0,1501113600
0.601,4,Jul 28 2017 01: +0,1501200000
0.684,7,Jul 29 2017 01: +0,1501286400
0.846,7,Jul 30 2017 01: +0,1501372800
0.754,10,Jul 31 2017 01: +0,1501459200
0.726,8,Aug 01 2017 01: +0,1501545600
0.917,7,Aug 02 2017 01: +0,1501632000
0.961,3,Aug 03 2017 01: +0,1501718400
0.775,5,Aug 04 2017 01: +0,1501804800
0.807,5,Aug 05 2017 01: +0,1501891200
0.785,5,Aug 06 2017 01: +0,1501977600
0.769,6,Aug 07 2017 01: +0,1502064000
0.834,8,Aug 08 2017 01: +0,1502150400
0.765,7,Aug 09 2017 01: +0,1502236800
0.756,9,Aug 10 2017 01: +0,1502323200
0.92,9,Aug 11 2017 01: +0,1502409600
0.741,4,Aug 12 2017 01: +0,1502496000
0.675,6,Aug 13 2017 01: +0,1502582400
0.58,6,Aug 14 2017 01: +0,1502668800
0.532,8,Aug 15 2017 01: +0,1502755200
0.538,6,Aug 16 2017 01: +0,1502841600
0.477,8,Aug 17 2017 01: +0,1502928000
0.585,8,Aug 18 2017 01: +0,1503014400
0.616,2,Aug 19 2017 01: +0,1503100800
0.65,7,Aug 20 2017 01: +0,1503187200
0.568,7,Aug 21 2017 01: +0,1503273600
0.634,6,Aug 22 2017 01: +0,1503360000
0.663,5,Aug 23 2017 01: +0,1503446400
0.665,3,Aug 24 2017 01: +0,1503532800
0.629,3,Aug 25 2017 01: +0,1503619200
0.623,7,Aug 26 2017 01: +0,1503705600
0.736,1,Aug 27 2017 01: +0,1503792000
0.662,7,Aug 28 2017 01: +0,1503878400
0.736,3,Aug 29 2017 01: +0,1503964800
1.458,5,Aug 30 2017 01: +0,1504051200
0.544,7,Aug 31 2017 01: +0,1504137600
0.579,3,Sep 01 2017 01: +0,1504224000
0.723,8,Sep 02 2017 01: +0,1504310400
0.792,4,Sep 03 2017 01: +0,1504396800
0.9,3,Sep 04 2017 01: +0,1504483200
0.675,5,Sep 05 2017 01: +0,1504569600
0.669,5,Sep 06 2017 01: +0,1504656000
0.854,3,Sep 07 2017 01: +0,1504742400
0.815,8,Sep 08 2017 01: +0,1504828800
0.903,5,Sep 09 2017 01: +0,1504915200
0.88,3,Sep 10 2017 01: +0,1505001600
0.955,1,Sep 11 2017 01: +0,1505088000
0.713,5,Sep 12 2017 01: +0,1505174400
0.879,3,Sep 13 2017 01: +0,1505260800
0.619,8,Sep 14 2017 01: +0,1505347200
0.684,7,Sep 15 2017 01: +0,1505433600
0.729,12,Sep 16 2017 01: +0,1505520000
0.891,3,Sep 17 2017 01: +0,1505606400
0.831,7,Sep 18 2017 01: +0,1505692800
0.962,4,Sep 19 2017 01: +0,1505779200
0.749,2,Sep 20 2017 01: +0,1505865600
0.827,5,Sep 21 2017 01: +0,1505952000
0.784,7,Sep 22 2017 01: +0,1506038400
0.868,8,Sep 23 2017 01: +0,1506124800
0.896,6,Sep 24 2017 01: +0,1506211200
0.853,4,Sep 25 2017 01: +0,1506297600
0.85,4,Sep 26 2017 01: +0,1506384000
0.85,5,Sep 27 2017 01: +0,1506470400
0.823,2,Sep 28 2017 01: +0,1506556800
0.837,4,Sep 29 2017 01: +0,1506643200
0.852,2,Sep 30 2017 01: +0,1506729600
0.785,2,Oct 01 2017 01: +0,1506816000
0.763,2,Oct 02 2017 01: +0,1506902400
0.767,4,Oct 03 2017 01: +0,1506988800
0.876,3,Oct 04 2017 01: +0,1507075200
0.802,2,Oct 05 2017 01: +0,1507161600
0.63,4,Oct 06 2017 01: +0,1507248000
0.691,6,Oct 07 2017 01: +0,1507334400
0.65,4,Oct 08 2017 01: +0,1507420800
0.583,3,Oct 09 2017 01: +0,1507507200
0.555,5,Oct 10 2017 01: +0,1507593600
0.581,7,Oct 11 2017 01: +0,1507680000
0.627,8,Oct 12 2017 01: +0,1507766400
0.654,4,Oct 13 2017 01: +0,1507852800
0.679,10,Oct 14 2017 01: +0,1507939200
0.787,3,Oct 15 2017 01: +0,1508025600
0.782,4,Oct 16 2017 01: +0,1508112000
0.542,5,Oct 17 2017 01: +0,1508198400
0.648,8,Oct 18 2017 01: +0,1508284800
0.769,1,Oct 19 2017 01: +0,1508371200
0.69,3,Oct 20 2017 01: +0,1508457600
0.712,2,Oct 21 2017 01: +0,1508544000
0.705,3,Oct 22 2017 01: +0,1508630400
0.686,7,Oct 23 2017 01: +0,1508716800
0.635,5,Oct 24 2017 01: +0,1508803200
0.62,3,Oct 25 2017 01: +0,1508889600
0.667,6,Oct 26 2017 01: +0,1508976000
0.623,2,Oct 27 2017 01: +0,1509062400
0.686,2,Oct 28 2017 01: +0,1509148800
0.735,7,Oct 29 2017 01: +0,1509235200
0.88,5,Oct 30 2017 01: +0,1509325200
0.569,1,Oct 31 2017 01: +0,1509411600
0.727,7,Nov 01 2017 01: +0,1509498000
0.871,1,Nov 02 2017 01: +0,1509584400
0.658,2,Nov 03 2017 01: +0,1509670800
0.79,3,Nov 04 2017 01: +0,1509757200
0.729,2,Nov 06 2017 01: +0,1509930000
0.69,5,Nov 07 2017 01: +0,1510016400
0.561,2,Nov 08 2017 01: +0,1510102800
0.682,2,Nov 09 2017 01: +0,1510189200
0.595,1,Nov 10 2017 01: +0,1510275600
0.616,5,Nov 11 2017 01: +0,1510362000
0.545,3,Nov 12 2017 01: +0,1510448400
0.63,3,Nov 13 2017 01: +0,1510534800
0.588,4,Nov 14 2017 01: +0,1510621200
0.645,6,Nov 15 2017 01: +0,1510707600
0.698,5,Nov 16 2017 01: +0,1510794000
0.666,2,Nov 17 2017 01: +0,1510880400
0.679,6,Nov 20 2017 01: +0,1511139600
0.759,3,Nov 21 2017 01: +0,1511226000
0.587,6,Nov 22 2017 01: +0,1511312400
0.645,5,Nov 23 2017 01: +0,1511398800
0.606,6,Nov 24 2017 01: +0,1511485200
0.662,9,Nov 25 2017 01: +0,1511571600
0.643,4,Nov 26 2017 01: +0,1511658000
0.573,2,Nov 27 2017 01: +0,1511744400
0.529,1,Nov 28 2017 01: +0,1511830800
0.554,3,Nov 29 2017 01: +0,1511917200
0.556,4,Nov 30 2017 01: +0,1512003600
0.5,5,Dec 01 2017 01: +0,1512090000
0.534,5,Dec 02 2017 01: +0,1512176400
0.553,5,Dec 03 2017 01: +0,1512262800
0.654,6,Dec 04 2017 01: +0,1512349200
0.688,3,Dec 05 2017 01: +0,1512435600
0.694,3,Dec 06 2017 01: +0,1512522000
0.785,2,Dec 07 2017 01: +0,1512608400
0.686,2,Dec 08 2017 01: +0,1512694800
0.633,2,Dec 09 2017 01: +0,1512781200
0.675,2,Dec 10 2017 01: +0,1512867600
0.677,3,Dec 11 2017 01: +0,1512954000
0.688,2,Dec 12 2017 01: +0,1513040400
0.73,5,Dec 13 2017 01: +0,1513126800
0.725,5,Dec 14 2017 01: +0,1513213200
0.546,1,Dec 15 2017 01: +0,1513299600
0.616,4,Dec 17 2017 01: +0,1513472400
0.662,1,Dec 18 2017 01: +0,1513558800
0.613,5,Dec 19 2017 01: +0,1513645200
0.651,1,Dec 20 2017 01: +0,1513731600
0.678,3,Dec 21 2017 01: +0,1513818000
0.67,2,Dec 22 2017 01: +0,1513904400
0.535,5,Dec 23 2017 01: +0,1513990800
0.628,4,Dec 24 2017 01: +0,1514077200
0.643,4,Dec 25 2017 01: +0,1514163600
0.644,3,Dec 26 2017 01: +0,1514250000
0.681,5,Dec 27 2017 01: +0,1514336400
0.688,7,Dec 28 2017 01: +0,1514422800
0.627,6,Dec 29 2017 01: +0,1514509200
0.614,7,Dec 30 2017 01: +0,1514595600
0.648,3,Dec 31 2017 01: +0,1514682000
0.576,5,Jan 01 2018 01: +0,1514768400
0.565,4,Jan 02 2018 01: +0,1514854800
0.486,6,Jan 03 2018 01: +0,1514941200
0.557,8,Jan 04 2018 01: +0,1515027600
0.96,4,Jan 05 2018 01: +0,1515114000
0.601,4,Jan 06 2018 01: +0,1515200400
0.71,7,Jan 07 2018 01: +0,1515286800
0.565,5,Jan 08 2018 01: +0,1515373200
0.578,3,Jan 09 2018 01: +0,1515459600
0.634,3,Jan 10 2018 01: +0,1515546000
0.963,2,Jan 11 2018 01: +0,1515632400
0.881,7,Jan 12 2018 01: +0,1515718800
0.794,8,Jan 13 2018 01: +0,1515805200
0.954,16,Jan 14 2018 01: +0,1515891600
0.931,13,Jan 15 2018 01: +0,1515978000
1.238,10,Jan 16 2018 01: +0,1516064400
0.948,7,Jan 17 2018 01: +0,1516150800
0.676,3,Jan 18 2018 01: +0,1516237200
0.775,9,Jan 19 2018 01: +0,1516323600
0.714,6,Jan 20 2018 01: +0,1516410000
0.767,11,Jan 21 2018 01: +0,1516496400
0.655,7,Jan 22 2018 01: +0,1516582800
0.653,10,Jan 23 2018 01: +0,1516669200
0.721,12,Jan 24 2018 01: +0,1516755600
0.779,9,Jan 25 2018 01: +0,1516842000
0.634,8,Jan 26 2018 01: +0,1516928400
0.579,9,Jan 27 2018 01: +0,1517014800
0.535,8,Jan 28 2018 01: +0,1517101200
0.988,17,Jan 29 2018 01: +0,1517187600
0.369,14,Jan 30 2018 01: +0,1517274000
0.445,11,Jan 31 2018 01: +0,1517360400
0.46,12,Feb 01 2018 01: +0,1517446800
0.382,7,Feb 02 2018 01: +0,1517533200
0.322,11,Feb 03 2018 01: +0,1517619600
0.349,10,Feb 04 2018 01: +0,1517706000
0.375,12,Feb 05 2018 01: +0,1517792400
0.495,6,Feb 06 2018 01: +0,1517878800
0.516,6,Feb 07 2018 01: +0,1517965200
0.476,6,Feb 08 2018 01: +0,1518051600
0.545,10,Feb 09 2018 01: +0,1518138000
0.506,11,Feb 10 2018 01: +0,1518224400
0.472,10,Feb 11 2018 01: +0,1518310800
0.573,11,Feb 12 2018 01: +0,1518397200
0.518,7,Feb 13 2018 01: +0,1518483600
0.546,6,Feb 14 2018 01: +0,1518570000
0.519,5,Feb 15 2018 01: +0,1518656400
0.479,8,Feb 16 2018 01: +0,1518742800
0.482,13,Feb 17 2018 01: +0,1518829200
0.471,15,Feb 18 2018 01: +0,1518915600
0.539,9,Feb 19 2018 01: +0,1519002000
0.532,9,Feb 20 2018 01: +0,1519088400
0.518,13,Feb 21 2018 01: +0,1519174800
0.66,7,Feb 22 2018 01: +0,1519261200
0.536,4,Feb 23 2018 01: +0,1519347600
0.526,17,Feb 24 2018 01: +0,1519434000
0.545,9,Feb 25 2018 01: +0,1519520400
0.555,10,Feb 26 2018 01: +0,1519606800
0.721,7,Feb 27 2018 01: +0,1519693200
0.516,4,Feb 28 2018 01: +0,1519779600
0.559,9,Mar 01 2018 01: +0,1519866000
0.531,8,Mar 02 2018 01: +0,1519952400
0.528,16,Mar 03 2018 01: +0,1520038800
0.643,11,Mar 04 2018 01: +0,1520125200
0.522,3,Mar 05 2018 01: +0,1520211600
0.535,8,Mar 06 2018 01: +0,1520298000
0.54,7,Mar 07 2018 01: +0,1520384400
0.582,9,Mar 08 2018 01: +0,1520470800
0.591,8,Mar 09 2018 01: +0,1520557200
0.55,13,Mar 10 2018 01: +0,1520643600
0.595,8,Mar 11 2018 01: +0,1520730000
0.596,6,Mar 12 2018 01: +0,1520816400
0.585,6,Mar 13 2018 01: +0,1520902800
0.55,7,Mar 14 2018 01: +0,1520989200
0.791,10,Mar 15 2018 01: +0,1521075600
0.61,2,Mar 16 2018 01: +0,1521162000
0.581,13,Mar 17 2018 01: +0,1521248400
0.73,7,Mar 18 2018 01: +0,1521334800
0.91,6,Mar 19 2018 01: +0,1521421200
0.603,6,Mar 20 2018 01: +0,1521507600
0.593,6,Mar 21 2018 01: +0,1521594000
0.724,4,Mar 22 2018 01: +0,1521680400
0.576,6,Mar 23 2018 01: +0,1521766800
0.566,7,Mar 24 2018 01: +0,1521853200
0.563,5,Mar 25 2018 01: +0,1521939600
0.478,2,Mar 26 2018 01: +0,1522022400
0.505,10,Mar 27 2018 01: +0,1522108800
0.528,3,Mar 28 2018 01: +0,1522195200
0.483,8,Mar 29 2018 01: +0,1522281600
0.5,6,Mar 30 2018 01: +0,1522368000
0.471,7,Mar 31 2018 01: +0,1522454400
0.46,6,Apr 01 2018 01: +0,1522540800
0.494,6,Apr 02 2018 01: +0,1522627200
0.568,4,Apr 03 2018 01: +0,1522713600
0.541,7,Apr 04 2018 01: +0,1522800000
0.485,5,Apr 05 2018 01: +0,1522886400
0.461,7,Apr 06 2018 01: +0,1522972800
0.512,8,Apr 07 2018 01: +0,1523059200
0.434,5,Apr 08 2018 01: +0,1523145600
0.473,9,Apr 09 2018 01: +0,1523232000
0.504,9,Apr 10 2018 01: +0,1523318400
0.447,4,Apr 11 2018 01: +0,1523404800
0.418,9,Apr 12 2018 01: +0,1523491200
0.425,13,Apr 13 2018 01: +0,1523577600
0.512,6,Apr 14 2018 01: +0,1523664000
0.513,5,Apr 15 2018 01: +0,1523750400
0.505,8,Apr 16 2018 01: +0,1523836800
0.522,9,Apr 17 2018 01: +0,1523923200
0.576,7,Apr 18 2018 01: +0,1524009600
0.412,6,Apr 19 2018 01: +0,1524096000
0.552,7,Apr 20 2018 01: +0,1524182400
0.497,4,Apr 21 2018 01: +0,1524268800
0.441,6,Apr 22 2018 01: +0,1524355200
0.469,4,Apr 23 2018 01: +0,1524441600
0.488,3,Apr 24 2018 01: +0,1524528000
0.46,6,Apr 25 2018 01: +0,1524614400
0.544,7,Apr 26 2018 01: +0,1524700800
0.672,4,Apr 27 2018 01: +0,1524787200
0.643,6,Apr 28 2018 01: +0,1524873600
0.52,6,Apr 29 2018 01: +0,1524960000
0.532,8,Apr 30 2018 01: +0,1525046400
0.55,6,May 01 2018 01: +0,1525132800
0.522,5,May 02 2018 01: +0,1525219200
0.452,2,May 03 2018 01: +0,1525305600
0.541,6,May 04 2018 01: +0,1525392000
0.559,5,May 05 2018 01: +0,1525478400
0.507,3,May 06 2018 01: +0,1525564800
0.475,2,May 07 2018 01: +0,1525651200
0.489,5,May 08 2018 01: +0,1525737600
0.416,5,May 09 2018 01: +0,1525824000
0.489,10,May 10 2018 01: +0,1525910400
0.491,4,May 11 2018 01: +0,1525996800
0.566,2,May 12 2018 01: +0,1526083200
0.463,2,May 13 2018 01: +0,1526169600
0.475,2,May 14 2018 01: +0,1526256000
0.407,4,May 15 2018 01: +0,1526342400
0.438,3,May 16 2018 01: +0,1526428800
0.414,9,May 17 2018 01: +0,1526515200
0.461,2,May 18 2018 01: +0,1526601600
0.44,7,May 19 2018 01: +0,1526688000
0.45,6,May 20 2018 01: +0,1526774400
0.437,5,May 21 2018 01: +0,1526860800
0.467,5,May 22 2018 01: +0,1526947200
0.431,3,May 23 2018 01: +0,1527033600
0.398,4,May 24 2018 01: +0,1527120000
0.374,3,May 25 2018 01: +0,1527206400
0.526,8,May 26 2018 01: +0,1527292800
0.455,7,May 27 2018 01: +0,1527379200
0.483,2,May 28 2018 01: +0,1527465600
0.449,5,May 29 2018 01: +0,1527552000
0.426,4,May 31 2018 01: +0,1527724800
0.501,9,Jun 01 2018 01: +0,1527811200
0.434,5,Jun 02 2018 01: +0,1527897600
0.451,3,Jun 03 2018 01: +0,1527984000
0.393,2,Jun 04 2018 01: +0,1528070400
0.486,6,Jun 05 2018 01: +0,1528156800
0.616,7,Jun 06 2018 01: +0,1528243200
0.596,3,Jun 07 2018 01: +0,1528329600
0.473,3,Jun 09 2018 01: +0,1528502400
0.472,2,Jun 10 2018 01: +0,1528588800
0.459,4,Jun 11 2018 01: +0,1528675200
0.523,4,Jun 12 2018 01: +0,1528761600
0.442,4,Jun 13 2018 01: +0,1528848000
0.516,2,Jun 14 2018 01: +0,1528934400
0.516,2,Jun 15 2018 01: +0,1529020800
0.536,5,Jun 16 2018 01: +0,1529107200
0.501,1,Jun 17 2018 01: +0,1529193600
0.477,7,Jun 18 2018 01: +0,1529280000
0.521,2,Jun 19 2018 01: +0,1529366400
0.487,3,Jun 20 2018 01: +0,1529452800
0.597,6,Jun 21 2018 01: +0,1529539200
0.386,9,Jun 22 2018 01: +0,1529625600
0.364,4,Jun 23 2018 01: +0,1529712000
0.326,5,Jun 24 2018 01: +0,1529798400
0.353,6,Jun 25 2018 01: +0,1529884800
0.415,4,Jun 26 2018 01: +0,1529971200
0.394,6,Jun 27 2018 01: +0,1530057600
0.35,8,Jun 28 2018 01: +0,1530144000
0.569,4,Jun 29 2018 01: +0,1530230400
0.353,7,Jun 30 2018 01: +0,1530316800
0.373,6,Jul 01 2018 01: +0,1530403200
0.391,2,Jul 02 2018 01: +0,1530489600
0.369,3,Jul 03 2018 01: +0,1530576000
0.33,5,Jul 04 2018 01: +0,1530662400
0.423,10,Jul 05 2018 01: +0,1530748800
0.396,3,Jul 06 2018 01: +0,1530835200
0.471,8,Jul 07 2018 01: +0,1530921600
0.478,3,Jul 08 2018 01: +0,1531008000
0.551,4,Jul 09 2018 01: +0,1531094400
0.562,1,Jul 10 2018 01: +0,1531180800
0.532,2,Jul 11 2018 01: +0,1531267200
0.547,3,Jul 12 2018 01: +0,1531353600
0.56,5,Jul 13 2018 01: +0,1531440000
0.49,5,Jul 14 2018 01: +0,1531526400
0.5,5,Jul 15 2018 01: +0,1531612800
0.446,4,Jul 16 2018 01: +0,1531699200
0.457,8,Jul 17 2018 01: +0,1531785600
0.406,2,Jul 18 2018 01: +0,1531872000
0.485,4,Jul 19 2018 01: +0,1531958400
0.477,4,Jul 20 2018 01: +0,1532044800
0.451,5,Jul 21 2018 01: +0,1532131200
0.453,4,Jul 22 2018 01: +0,1532217600
14.539,7,Jul 23 2018 01: +0,1532304000
0.478,8,Jul 24 2018 01: +0,1532390400
0.49,5,Jul 25 2018 01: +0,1532476800
0.496,7,Jul 26 2018 01: +0,1532563200
0.509,6,Jul 27 2018 01: +0,1532649600
0.489,5,Jul 28 2018 01: +0,1532736000
0.46,4,Jul 29 2018 01: +0,1532822400
0.517,6,Jul 30 2018 01: +0,1532908800
0.532,4,Jul 31 2018 01: +0,1532995200
0.499,4,Aug 01 2018 01: +0,1533081600
0.744,6,Aug 02 2018 01: +0,1533168000
0.537,7,Aug 03 2018 01: +0,1533254400
0.46,4,Aug 04 2018 01: +0,1533340800
0.498,6,Aug 05 2018 01: +0,1533427200
0.508,5,Aug 06 2018 01: +0,1533513600
0.506,7,Aug 07 2018 01: +0,1533600000
0.66,10,Aug 08 2018 01: +0,1533686400
0.579,7,Aug 09 2018 01: +0,1533772800
0.43,5,Aug 10 2018 01: +0,1533859200
0.47,6,Aug 11 2018 01: +0,1533945600
0.495,11,Aug 12 2018 01: +0,1534032000
0.955,7,Aug 13 2018 01: +0,1534118400
0.535,5,Aug 14 2018 01: +0,1534204800
0.587,4,Aug 15 2018 01: +0,1534291200
0.485,4,Aug 16 2018 01: +0,1534377600
0.557,6,Aug 17 2018 01: +0,1534464000
0.513,5,Aug 18 2018 01: +0,1534550400
0.515,6,Aug 19 2018 01: +0,1534636800
0.549,5,Aug 20 2018 01: +0,1534723200
0.525,9,Aug 21 2018 01: +0,1534809600
0.567,9,Aug 22 2018 01: +0,1534896000
0.745,5,Aug 23 2018 01: +0,1534982400
0.741,3,Aug 24 2018 01: +0,1535068800
0.756,2,Aug 25 2018 01: +0,1535155200
0.546,1,Aug 26 2018 01: +0,1535241600
0.692,3,Aug 27 2018 01: +0,1535328000
0.586,7,Aug 28 2018 01: +0,1535414400
0.621,6,Aug 29 2018 01: +0,1535500800
0.613,5,Aug 30 2018 01: +0,1535587200
0.595,7,Aug 31 2018 01: +0,1535673600
0.599,5,Sep 01 2018 01: +0,1535760000
0.68,6,Sep 02 2018 01: +0,1535846400
0.78,3,Sep 04 2018 01: +0,1536019200
0.604,4,Sep 05 2018 01: +0,1536105600
0.596,6,Sep 06 2018 01: +0,1536192000
0.616,1,Sep 07 2018 01: +0,1536278400
0.627,1,Sep 08 2018 01: +0,1536364800
0.694,3,Sep 09 2018 01: +0,1536451200
0.655,5,Sep 10 2018 01: +0,1536537600
0.648,5,Sep 11 2018 01: +0,1536624000
0.649,4,Sep 12 2018 01: +0,1536710400
0.634,2,Sep 13 2018 01: +0,1536796800
0.602,6,Sep 14 2018 01: +0,1536883200
0.634,6,Sep 15 2018 01: +0,1536969600
0.633,9,Sep 16 2018 01: +0,1537056000
0.684,1,Sep 17 2018 01: +0,1537142400
0.644,6,Sep 18 2018 01: +0,1537228800
0.684,4,Sep 19 2018 01: +0,1537315200
0.759,2,Sep 20 2018 01: +0,1537401600
0.632,4,Sep 21 2018 01: +0,1537488000
0.678,6,Sep 22 2018 01: +0,1537574400
0.612,6,Sep 23 2018 01: +0,1537660800
0.679,5,Sep 24 2018 01: +0,1537747200
0.536,2,Sep 25 2018 01: +0,1537833600
0.597,5,Sep 26 2018 01: +0,1537920000
0.618,1,Sep 27 2018 01: +0,1538006400
0.567,3,Sep 28 2018 01: +0,1538092800
0.653,5,Sep 29 2018 01: +0,1538179200
0.535,4,Sep 30 2018 01: +0,1538265600
0.569,5,Oct 01 2018 01: +0,1538352000
1.541,3,Oct 02 2018 01: +0,1538438400
0.557,4,Oct 03 2018 01: +0,1538524800
0.539,6,Oct 04 2018 01: +0,1538611200
0.576,4,Oct 05 2018 01: +0,1538697600
0.615,1,Oct 06 2018 01: +0,1538784000
0.536,2,Oct 07 2018 01: +0,1538870400
0.511,2,Oct 08 2018 01: +0,1538956800
0.549,2,Oct 09 2018 01: +0,1539043200
0.552,1,Oct 10 2018 01: +0,1539129600
0.501,5,Oct 11 2018 01: +0,1539216000
0.539,11,Oct 12 2018 01: +0,1539302400
0.595,8,Oct 13 2018 01: +0,1539388800
0.701,8,Oct 14 2018 01: +0,1539475200
0.582,3,Oct 15 2018 01: +0,1539561600
0.696,1,Oct 16 2018 01: +0,1539648000
0.809,1,Oct 17 2018 01: +0,1539734400
0.626,5,Oct 18 2018 01: +0,1539820800
0.629,6,Oct 19 2018 01: +0,1539907200
0.648,3,Oct 20 2018 01: +0,1539993600
0.663,3,Oct 21 2018 01: +0,1540080000
0.612,4,Oct 22 2018 01: +0,1540166400
0.659,3,Oct 23 2018 01: +0,1540252800
0.693,1,Oct 25 2018 01: +0,1540425600
0.687,4,Oct 26 2018 01: +0,1540512000
0.587,1,Oct 27 2018 01: +0,1540598400
0.93,3,Oct 28 2018 01: +0,1540684800
0.577,1,Oct 29 2018 01: +0,1540774800
0.837,1,Oct 30 2018 01: +0,1540861200
0.687,4,Oct 31 2018 01: +0,1540947600
0.586,5,Nov 01 2018 01: +0,1541034000
0.495,4,Nov 02 2018 01: +0,1541120400
0.621,3,Nov 03 2018 01: +0,1541206800
0.611,2,Nov 04 2018 01: +0,1541293200
0.597,5,Nov 05 2018 01: +0,1541379600
0.587,2,Nov 06 2018 01: +0,1541466000
0.576,4,Nov 07 2018 01: +0,1541552400
0.587,4,Nov 08 2018 01: +0,1541638800
0.604,4,Nov 09 2018 01: +0,1541725200
0.587,4,Nov 10 2018 01: +0,1541811600
0.682,3,Nov 11 2018 01: +0,1541898000
0.473,2,Nov 12 2018 01: +0,1541984400
0.472,8,Nov 13 2018 01: +0,1542070800
0.485,4,Nov 14 2018 01: +0,1542157200
0.615,4,Nov 15 2018 01: +0,1542243600
0.447,3,Nov 16 2018 01: +0,1542330000
0.542,6,Nov 17 2018 01: +0,1542416400
0.621,3,Nov 18 2018 01: +0,1542502800
0.504,3,Nov 19 2018 01: +0,1542589200
0.584,4,Nov 20 2018 01: +0,1542675600
0.514,3,Nov 21 2018 01: +0,1542762000
0.55,4,Nov 22 2018 01: +0,1542848400
0.496,1,Nov 23 2018 01: +0,1542934800
0.529,4,Nov 24 2018 01: +0,1543021200
1.289,2,Nov 25 2018 01: +0,1543107600
0.523,2,Nov 26 2018 01: +0,1543194000
0.571,5,Nov 27 2018 01: +0,1543280400
0.517,3,Nov 28 2018 01: +0,1543366800
0.603,4,Nov 30 2018 01: +0,1543539600
0.562,3,Dec 01 2018 01: +0,1543626000
0.526,4,Dec 02 2018 01: +0,1543712400
0.485,4,Dec 03 2018 01: +0,1543798800
0.558,4,Dec 04 2018 01: +0,1543885200
0.571,1,Dec 05 2018 01: +0,1543971600
0.515,8,Dec 06 2018 01: +0,1544058000
0.473,4,Dec 07 2018 01: +0,1544144400
0.466,8,Dec 08 2018 01: +0,1544230800
0.567,3,Dec 09 2018 01: +0,1544317200
0.659,3,Dec 10 2018 01: +0,1544403600
0.653,6,Dec 11 2018 01: +0,1544490000
0.68,4,Dec 12 2018 01: +0,1544576400
0.715,3,Dec 13 2018 01: +0,1544662800
0.69,1,Dec 14 2018 01: +0,1544749200
0.567,5,Dec 15 2018 01: +0,1544835600
2.059,1,Dec 16 2018 01: +0,1544922000
0.625,2,Dec 17 2018 01: +0,1545008400
0.598,4,Dec 18 2018 01: +0,1545094800
0.537,5,Dec 19 2018 01: +0,1545181200
0.56,4,Dec 20 2018 01: +0,1545267600
0.533,3,Dec 21 2018 01: +0,1545354000
0.479,7,Dec 22 2018 01: +0,1545440400
0.511,6,Dec 23 2018 01: +0,1545526800
0.513,3,Dec 24 2018 01: +0,1545613200
0.451,6,Dec 25 2018 01: +0,1545699600
0.475,3,Dec 26 2018 01: +0,1545786000
0.462,6,Dec 27 2018 01: +0,1545872400
0.5,6,Dec 28 2018 01: +0,1545958800
0.498,10,Dec 29 2018 01: +0,1546045200
0.491,7,Dec 30 2018 01: +0,1546131600
0.576,3,Dec 31 2018 01: +0,1546218000
0.507,4,Jan 01 2019 01: +0,1546304400
0.771,9,Jan 02 2019 01: +0,1546390800
0.53,2,Jan 03 2019 01: +0,1546477200
0.612,4,Jan 04 2019 01: +0,1546563600
0.694,1,Jan 05 2019 01: +0,1546650000
0.598,3,Jan 06 2019 01: +0,1546736400
0.633,4,Jan 07 2019 01: +0,1546822800
0.553,4,Jan 08 2019 01: +0,1546909200
0.629,3,Jan 09 2019 01: +0,1546995600
0.646,4,Jan 10 2019 01: +0,1547082000
0.641,4,Jan 11 2019 01: +0,1547168400
0.538,2,Jan 12 2019 01: +0,1547254800
0.496,3,Jan 13 2019 01: +0,1547341200
0.671,3,Jan 14 2019 01: +0,1547427600
0.537,2,Jan 15 2019 01: +0,1547514000
0.55,11,Jan 16 2019 01: +0,1547600400
0.593,1,Jan 17 2019 01: +0,1547686800
0.583,2,Jan 18 2019 01: +0,1547773200
0.583,2,Jan 19 2019 01: +0,1547859600
0.572,7,Jan 20 2019 01: +0,1547946000
0.615,5,Jan 21 2019 01: +0,1548032400
0.56,4,Jan 23 2019 01: +0,1548205200
0.576,4,Jan 24 2019 01: +0,1548291600
0.542,4,Jan 25 2019 01: +0,1548378000
0.534,4,Jan 26 2019 01: +0,1548464400
0.585,2,Jan 27 2019 01: +0,1548550800
0.555,2,Jan 28 2019 01: +0,1548637200
0.586,4,Jan 29 2019 01: +0,1548723600
0.486,5,Jan 30 2019 01: +0,1548810000
0.62,3,Jan 31 2019 01: +0,1548896400
0.635,3,Feb 01 2019 01: +0,1548982800
0.653,2,Feb 02 2019 01: +0,1549069200
0.669,1,Feb 03 2019 01: +0,1549155600
0.651,4,Feb 04 2019 01: +0,1549242000
0.681,3,Feb 05 2019 01: +0,1549328400
0.527,6,Feb 06 2019 01: +0,1549414800
0.536,3,Feb 07 2019 01: +0,1549501200
0.458,6,Feb 08 2019 01: +0,1549587600
0.479,6,Feb 09 2019 01: +0,1549674000
0.478,5,Feb 10 2019 01: +0,1549760400
0.476,2,Feb 11 2019 01: +0,1549846800
0.512,4,Feb 12 2019 01: +0,1549933200
0.463,2,Feb 13 2019 01: +0,1550019600
0.497,3,Feb 14 2019 01: +0,1550106000
0.537,4,Feb 15 2019 01: +0,1550192400
0.503,3,Feb 16 2019 01: +0,1550278800
0.605,4,Feb 17 2019 01: +0,1550365200
0.512,3,Feb 18 2019 01: +0,1550451600
0.523,5,Feb 19 2019 01: +0,1550538000
0.516,3,Feb 20 2019 01: +0,1550624400
0.546,2,Feb 21 2019 01: +0,1550710800
0.587,6,Feb 22 2019 01: +0,1550797200
0.639,4,Feb 23 2019 01: +0,1550883600
0.655,10,Feb 24 2019 01: +0,1550970000
0.569,5,Feb 25 2019 01: +0,1551056400
0.632,8,Feb 26 2019 01: +0,1551142800
0.572,3,Feb 27 2019 01: +0,1551229200
0.559,10,Feb 28 2019 01: +0,1551315600
0.648,5,Mar 01 2019 01: +0,1551402000
0.581,10,Mar 02 2019 01: +0,1551488400
0.492,9,Mar 03 2019 01: +0,1551574800
0.538,2,Mar 04 2019 01: +0,1551661200
0.526,5,Mar 05 2019 01: +0,1551747600
0.926,2,Mar 07 2019 01: +0,1551920400
0.538,2,Mar 08 2019 01: +0,1552006800
0.558,9,Mar 09 2019 01: +0,1552093200
0.563,3,Mar 10 2019 01: +0,1552179600
0.444,2,Mar 11 2019 01: +0,1552266000
0.934,2,Mar 12 2019 01: +0,1552352400
0.479,4,Mar 13 2019 01: +0,1552438800
0.536,6,Mar 14 2019 01: +0,1552525200
0.617,3,Mar 15 2019 01: +0,1552611600
0.701,6,Mar 16 2019 01: +0,1552698000
0.631,7,Mar 17 2019 01: +0,1552784400
0.597,4,Mar 18 2019 01: +0,1552870800
0.576,4,Mar 19 2019 01: +0,1552957200
0.635,4,Mar 20 2019 01: +0,1553043600
0.563,7,Mar 21 2019 01: +0,1553130000
0.699,1,Mar 22 2019 01: +0,1553216400
0.587,1,Mar 23 2019 01: +0,1553302800
0.57,3,Mar 24 2019 01: +0,1553389200
0.569,6,Mar 25 2019 01: +0,1553475600
0.572,2,Mar 26 2019 01: +0,1553562000
0.618,4,Mar 27 2019 01: +0,1553648400
0.537,3,Mar 28 2019 01: +0,1553734800
0.583,4,Mar 29 2019 01: +0,1553821200
0.529,2,Mar 30 2019 01: +0,1553907600
0.529,6,Mar 31 2019 01: +0,1553994000
0.559,6,Apr 01 2019 01: +0,1554076800
0.595,5,Apr 02 2019 01: +0,1554163200
0.632,3,Apr 03 2019 01: +0,1554249600
0.574,3,Apr 04 2019 01: +0,1554336000
0.536,7,Apr 05 2019 01: +0,1554422400
0.629,1,Apr 06 2019 01: +0,1554508800
0.635,4,Apr 07 2019 01: +0,1554595200
0.55,4,Apr 08 2019 01: +0,1554681600
0.528,4,Apr 09 2019 01: +0,1554768000
0.581,3,Apr 10 2019 01: +0,1554854400
0.615,7,Apr 11 2019 01: +0,1554940800
0.647,2,Apr 12 2019 01: +0,1555027200
0.723,4,Apr 13 2019 01: +0,1555113600
0.786,4,Apr 14 2019 01: +0,1555200000
0.721,3,Apr 15 2019 01: +0,1555286400
0.814,2,Apr 16 2019 01: +0,1555372800
0.735,2,Apr 17 2019 01: +0,1555459200
0.86,5,Apr 18 2019 01: +0,1555545600
0.622,4,Apr 19 2019 01: +0,1555632000
0.583,5,Apr 20 2019 01: +0,1555718400
0.621,7,Apr 21 2019 01: +0,1555804800
0.659,5,Apr 22 2019 01: +0,1555891200
0.616,4,Apr 23 2019 01: +0,1555977600
0.696,1,Apr 24 2019 01: +0,1556064000
0.699,2,Apr 25 2019 01: +0,1556150400
0.502,4,Apr 26 2019 01: +0,1556236800
0.516,4,Apr 27 2019 01: +0,1556323200
0.581,4,Apr 28 2019 01: +0,1556409600
0.597,5,Apr 29 2019 01: +0,1556496000
0.594,7,Apr 30 2019 01: +0,1556582400
0.628,1,May 01 2019 01: +0,1556668800
0.675,3,May 02 2019 01: +0,1556755200
0.591,2,May 03 2019 01: +0,1556841600
0.686,3,May 04 2019 01: +0,1556928000
0.603,6,May 05 2019 01: +0,1557014400
0.743,1,May 06 2019 01: +0,1557100800
0.591,2,May 07 2019 01: +0,1557187200
0.563,4,May 08 2019 01: +0,1557273600
0.571,1,May 09 2019 01: +0,1557360000
0.587,3,May 10 2019 01: +0,1557446400
0.614,4,May 11 2019 01: +0,1557532800
0.639,5,May 12 2019 01: +0,1557619200
0.523,5,May 13 2019 01: +0,1557705600
0.521,1,May 14 2019 01: +0,1557792000
0.567,4,May 15 2019 01: +0,1557878400
0.573,2,May 16 2019 01: +0,1557964800
0.593,5,May 17 2019 01: +0,1558051200
0.601,2,May 18 2019 01: +0,1558137600
0.529,2,May 19 2019 01: +0,1558224000
0.54,5,May 20 2019 01: +0,1558310400
0.498,4,May 21 2019 01: +0,1558396800
0.577,5,May 22 2019 01: +0,1558483200
0.548,5,May 23 2019 01: +0,1558569600
0.674,6,May 24 2019 01: +0,1558656000
0.474,4,May 25 2019 01: +0,1558742400
0.613,7,May 26 2019 01: +0,1558828800
0.55,3,May 27 2019 01: +0,1558915200
0.675,6,May 28 2019 01: +0,1559001600
0.627,6,May 29 2019 01: +0,1559088000
0.603,2,May 30 2019 01: +0,1559174400
0.716,1,May 31 2019 01: +0,1559260800
0.582,6,Jun 01 2019 01: +0,1559347200
0.662,1,Jun 02 2019 01: +0,1559433600
0.57,1,Jun 03 2019 01: +0,1559520000
0.627,2,Jun 04 2019 01: +0,1559606400
0.517,2,Jun 05 2019 01: +0,1559692800
0.586,4,Jun 06 2019 01: +0,1559779200
0.563,2,Jun 07 2019 01: +0,1559865600
0.642,6,Jun 08 2019 01: +0,1559952000
0.658,5,Jun 09 2019 01: +0,1560038400
0.621,4,Jun 10 2019 01: +0,1560124800
0.64,1,Jun 11 2019 01: +0,1560211200
0.415,4,Jun 12 2019 01: +0,1560297600
0.571,5,Jun 13 2019 01: +0,1560384000
0.795,5,Jun 14 2019 01: +0,1560470400
0.608,2,Jun 15 2019 01: +0,1560556800
0.544,5,Jun 16 2019 01: +0,1560643200
0.666,2,Jun 17 2019 01: +0,1560729600
0.549,5,Jun 18 2019 01: +0,1560816000
0.568,4,Jun 19 2019 01: +0,1560902400
0.566,2,Jun 20 2019 01: +0,1560988800
0.613,2,Jun 22 2019 01: +0,1561161600
0.529,2,Jun 23 2019 01: +0,1561248000
0.586,1,Jun 24 2019 01: +0,1561334400
0.588,1,Jun 25 2019 01: +0,1561420800
0.563,3,Jun 26 2019 01: +0,1561507200
0.548,5,Jun 27 2019 01: +0,1561593600
0.561,1,Jun 28 2019 01: +0,1561680000
0.523,3,Jun 29 2019 01: +0,1561766400
0.527,5,Jun 30 2019 01: +0,1561852800
0.481,3,Jul 01 2019 01: +0,1561939200
0.421,3,Jul 02 2019 01: +0,1562025600
0.504,5,Jul 03 2019 01: +0,1562112000
0.509,3,Jul 04 2019 01: +0,1562198400
0.435,4,Jul 05 2019 01: +0,1562284800
0.473,4,Jul 06 2019 01: +0,1562371200
0.476,4,Jul 07 2019 01: +0,1562457600
0.492,5,Jul 08 2019 01: +0,1562544000
0.499,13,Jul 09 2019 01: +0,1562630400
0.509,2,Jul 10 2019 01: +0,1562716800
0.605,1,Jul 11 2019 01: +0,1562803200
0.633,4,Jul 12 2019 01: +0,1562889600
0.536,5,Jul 13 2019 01: +0,1562976000
0.615,3,Jul 14 2019 01: +0,1563062400
0.577,1,Jul 15 2019 01: +0,1563148800
0.58,6,Jul 16 2019 01: +0,1563235200
0.564,4,Jul 17 2019 01: +0,1563321600
0.535,3,Jul 18 2019 01: +0,1563408000
0.569,5,Jul 19 2019 01: +0,1563494400
1.343,7,Jul 20 2019 01: +0,1563580800
0.686,5,Jul 21 2019 01: +0,1563667200
1.061,2,Jul 22 2019 01: +0,1563753600
0.748,3,Jul 23 2019 01: +0,1563840000
0.529,1,Jul 24 2019 01: +0,1563926400
0.66,5,Jul 25 2019 01: +0,1564012800
0.703,4,Jul 26 2019 01: +0,1564099200
0.638,6,Jul 28 2019 01: +0,1564272000
0.657,5,Jul 29 2019 01: +0,1564358400
0.673,2,Jul 30 2019 01: +0,1564444800
0.637,2,Jul 31 2019 01: +0,1564531200
0.658,2,Aug 01 2019 01: +0,1564617600
0.612,2,Aug 02 2019 01: +0,1564704000
4.137,2,Aug 03 2019 01: +0,1564790400
0.904,6,Aug 04 2019 01: +0,1564876800
0.66,7,Aug 06 2019 01: +0,1565049600
0.683,5,Aug 07 2019 01: +0,1565136000
0.802,5,Aug 08 2019 01: +0,1565222400
0.935,2,Aug 10 2019 01: +0,1565395200
1.007,1,Aug 11 2019 01: +0,1565481600
0.908,4,Aug 12 2019 01: +0,1565568000
0.695,1,Aug 13 2019 01: +0,1565654400
0.764,3,Aug 14 2019 01: +0,1565740800
0.789,5,Aug 15 2019 01: +0,1565827200
0.765,2,Aug 16 2019 01: +0,1565913600
0.821,4,Aug 17 2019 01: +0,1566000000
0.852,3,Aug 18 2019 01: +0,1566086400
0.91,1,Aug 19 2019 01: +0,1566172800
0.761,1,Aug 20 2019 01: +0,1566259200
0.703,5,Aug 21 2019 01: +0,1566345600
0.761,4,Aug 22 2019 01: +0,1566432000
0.697,2,Aug 23 2019 01: +0,1566518400
0.796,4,Aug 24 2019 01: +0,1566604800
0.833,3,Aug 25 2019 01: +0,1566691200
0.783,4,Aug 26 2019 01: +0,1566777600
0.713,1,Aug 27 2019 01: +0,1566864000
0.761,1,Aug 28 2019 01: +0,1566950400
0.773,4,Aug 29 2019 01: +0,1567036800
0.782,3,Aug 30 2019 01: +0,1567123200
0.761,1,Aug 31 2019 01: +0,1567209600
0.862,2,Sep 01 2019 01: +0,1567296000
0.993,2,Sep 02 2019 01: +0,1567382400
0.929,1,Sep 03 2019 01: +0,1567468800
0.921,1,Sep 04 2019 01: +0,1567555200
0.862,4,Sep 05 2019 01: +0,1567641600
0.716,1,Sep 06 2019 01: +0,1567728000
0.811,4,Sep 07 2019 01: +0,1567814400
0.811,3,Sep 08 2019 01: +0,1567900800
0.666,6,Sep 09 2019 01: +0,1567987200
0.651,2,Sep 10 2019 01: +0,1568073600
0.733,5,Sep 11 2019 01: +0,1568160000
0.725,4,Sep 12 2019 01: +0,1568246400
0.795,2,Sep 13 2019 01: +0,1568332800
0.739,4,Sep 14 2019 01: +0,1568419200
0.684,2,Sep 15 2019 01: +0,1568505600
0.661,3,Sep 16 2019 01: +0,1568592000
0.755,4,Sep 17 2019 01: +0,1568678400
0.596,1,Sep 18 2019 01: +0,1568764800
0.729,6,Sep 19 2019 01: +0,1568851200
0.603,2,Sep 20 2019 01: +0,1568937600
0.709,3,Sep 21 2019 01: +0,1569024000
0.725,3,Sep 22 2019 01: +0,1569110400
0.78,3,Sep 23 2019 01: +0,1569196800
0.827,1,Sep 24 2019 01: +0,1569283200
0.904,3,Sep 26 2019 01: +0,1569456000
0.836,1,Sep 27 2019 01: +0,1569542400
0.778,2,Sep 28 2019 01: +0,1569628800
0.833,1,Sep 29 2019 01: +0,1569715200
0.777,4,Oct 01 2019 01: +0,1569888000
0.837,1,Oct 02 2019 01: +0,1569974400
0.725,1,Oct 03 2019 01: +0,1570060800
0.783,1,Oct 04 2019 01: +0,1570147200
0.834,5,Oct 05 2019 01: +0,1570233600
0.838,3,Oct 06 2019 01: +0,1570320000
0.815,3,Oct 07 2019 01: +0,1570406400
0.809,5,Oct 08 2019 01: +0,1570492800
0.854,3,Oct 09 2019 01: +0,1570579200
5.117,2,Oct 10 2019 01: +0,1570665600
0.733,2,Oct 11 2019 01: +0,1570752000
0.886,2,Oct 12 2019 01: +0,1570838400
0.716,3,Oct 13 2019 01: +0,1570924800
1.067,3,Oct 14 2019 01: +0,1571011200
1.144,3,Oct 15 2019 01: +0,1571097600
0.821,2,Oct 16 2019 01: +0,1571184000
0.703,1,Oct 17 2019 01: +0,1571270400
0.754,2,Oct 18 2019 01: +0,1571356800
1.062,5,Oct 19 2019 01: +0,1571443200
0.732,7,Oct 20 2019 01: +0,1571529600
0.723,6,Oct 21 2019 01: +0,1571616000
0.805,2,Oct 22 2019 01: +0,1571702400
0.798,2,Oct 23 2019 01: +0,1571788800
0.84,7,Oct 24 2019 01: +0,1571875200
0.93,1,Oct 25 2019 01: +0,1571961600
0.765,3,Oct 26 2019 01: +0,1572048000
0.877,1,Oct 27 2019 01: +0,1572134400
0.755,2,Oct 28 2019 01: +0,1572224400
0.616,2,Oct 29 2019 01: +0,1572310800
0.732,6,Oct 30 2019 01: +0,1572397200
0.622,7,Oct 31 2019 01: +0,1572483600
0.743,2,Nov 01 2019 01: +0,1572570000
0.733,4,Nov 02 2019 01: +0,1572656400
0.662,2,Nov 03 2019 01: +0,1572742800
0.726,1,Nov 05 2019 01: +0,1572915600
0.581,4,Nov 06 2019 01: +0,1573002000
0.697,3,Nov 07 2019 01: +0,1573088400
0.749,3,Nov 08 2019 01: +0,1573174800
0.741,5,Nov 09 2019 01: +0,1573261200
0.713,3,Nov 10 2019 01: +0,1573347600
0.578,6,Nov 11 2019 01: +0,1573434000
0.689,4,Nov 12 2019 01: +0,1573520400
0.659,7,Nov 13 2019 01: +0,1573606800
0.617,3,Nov 14 2019 01: +0,1573693200
0.573,1,Nov 15 2019 01: +0,1573779600
0.597,7,Nov 16 2019 01: +0,1573866000
0.63,4,Nov 17 2019 01: +0,1573952400
0.568,4,Nov 18 2019 01: +0,1574038800
0.491,6,Nov 19 2019 01: +0,1574125200
0.527,3,Nov 20 2019 01: +0,1574211600
0.518,3,Nov 21 2019 01: +0,1574298000
0.471,4,Nov 22 2019 01: +0,1574384400
0.484,10,Nov 23 2019 01: +0,1574470800
0.567,8,Nov 24 2019 01: +0,1574557200
0.547,4,Nov 25 2019 01: +0,1574643600
0.58,5,Nov 26 2019 01: +0,1574730000
0.571,5,Nov 27 2019 01: +0,1574816400
0.515,2,Nov 28 2019 01: +0,1574902800
0.621,3,Nov 29 2019 01: +0,1574989200
0.555,8,Nov 30 2019 01: +0,1575075600
0.591,6,Dec 01 2019 01: +0,1575162000
0.929,4,Dec 02 2019 01: +0,1575248400
0.694,5,Dec 03 2019 01: +0,1575334800
0.534,8,Dec 05 2019 01: +0,1575507600
0.66,1,Dec 06 2019 01: +0,1575594000
0.637,3,Dec 08 2019 01: +0,1575766800
0.447,1,Dec 09 2019 01: +0,1575853200
0.62,2,Dec 10 2019 01: +0,1575939600
0.563,6,Dec 11 2019 01: +0,1576026000
0.574,3,Dec 12 2019 01: +0,1576112400
0.624,4,Dec 13 2019 01: +0,1576198800
0.7,2,Dec 14 2019 01: +0,1576285200
0.713,2,Dec 15 2019 01: +0,1576371600
0.604,1,Dec 16 2019 01: +0,1576458000
0.766,3,Dec 18 2019 01: +0,1576630800
0.869,3,Dec 19 2019 01: +0,1576717200
2.012,2,Dec 20 2019 01: +0,1576803600
0.64,3,Dec 21 2019 01: +0,1576890000
1.098,4,Dec 22 2019 01: +0,1576976400
0.712,10,Dec 23 2019 01: +0,1577062800
0.655,2,Dec 24 2019 01: +0,1577149200
0.98,7,Dec 25 2019 01: +0,1577235600
0.578,4,Dec 26 2019 01: +0,1577322000
0.632,7,Dec 27 2019 01: +0,1577408400
0.869,4,Dec 28 2019 01: +0,1577494800
0.764,3,Dec 29 2019 01: +0,1577581200
0.857,1,Dec 30 2019 01: +0,1577667600
0.797,1,Dec 31 2019 01: +0,1577754000
0.751,2,Jan 01 2020 01: +0,1577840400
0.732,3,Jan 02 2020 01: +0,1577926800
0.749,4,Jan 03 2020 01: +0,1578013200
0.662,1,Jan 04 2020 01: +0,1578099600
0.755,3,Jan 05 2020 01: +0,1578186000
0.764,1,Jan 06 2020 01: +0,1578272400
0.743,7,Jan 07 2020 01: +0,1578358800
0.645,1,Jan 08 2020 01: +0,1578445200
0.719,6,Jan 09 2020 01: +0,1578531600
1.039,3,Jan 10 2020 01: +0,1578618000
0.792,5,Jan 11 2020 01: +0,1578704400
0.887,3,Jan 12 2020 01: +0,1578790800
0.905,4,Jan 13 2020 01: +0,1578877200
0.894,1,Jan 14 2020 01: +0,1578963600
0.762,2,Jan 15 2020 01: +0,1579050000
0.836,3,Jan 17 2020 01: +0,1579222800
0.753,2,Jan 18 2020 01: +0,1579309200
0.893,3,Jan 19 2020 01: +0,1579395600
0.883,2,Jan 20 2020 01: +0,1579482000
0.825,5,Jan 21 2020 01: +0,1579568400
0.879,2,Jan 22 2020 01: +0,1579654800
0.99,5,Jan 23 2020 01: +0,1579741200
1.046,3,Jan 24 2020 01: +0,1579827600
0.629,1,Jan 25 2020 01: +0,1579914000
0.995,3,Jan 26 2020 01: +0,1580000400
1.069,4,Jan 27 2020 01: +0,1580086800
1.095,3,Jan 28 2020 01: +0,1580173200
0.997,3,Jan 29 2020 01: +0,1580259600
1.028,2,Jan 30 2020 01: +0,1580346000
0.872,6,Jan 31 2020 01: +0,1580432400
0.941,1,Feb 01 2020 01: +0,1580518800
0.92,5,Feb 02 2020 01: +0,1580605200
1.03,3,Feb 03 2020 01: +0,1580691600
1.001,3,Feb 06 2020 01: +0,1580950800
1.038,2,Feb 07 2020 01: +0,1581037200
0.811,1,Feb 08 2020 01: +0,1581123600
0.872,3,Feb 09 2020 01: +0,1581210000
0.987,3,Feb 10 2020 01: +0,1581296400
0.902,1,Feb 11 2020 01: +0,1581382800
0.969,3,Feb 12 2020 01: +0,1581469200
0.922,2,Feb 13 2020 01: +0,1581555600
0.91,3,Feb 14 2020 01: +0,1581642000
0.993,1,Feb 15 2020 01: +0,1581728400
1.011,2,Feb 16 2020 01: +0,1581814800
1.395,4,Feb 18 2020 01: +0,1581987600
1.733,2,Feb 19 2020 01: +0,1582074000
0.941,4,Feb 20 2020 01: +0,1582160400
0.834,1,Feb 22 2020 01: +0,1582333200
0.865,4,Feb 23 2020 01: +0,1582419600
0.854,5,Feb 24 2020 01: +0,1582506000
0.925,2,Feb 25 2020 01: +0,1582592400
0.923,2,Feb 26 2020 01: +0,1582678800
0.813,3,Feb 27 2020 01: +0,1582765200
0.858,5,Feb 28 2020 01: +0,1582851600
0.8,6,Feb 29 2020 01: +0,1582938000
0.877,1,Mar 01 2020 01: +0,1583024400
0.892,3,Mar 02 2020 01: +0,1583110800
0.898,4,Mar 03 2020 01: +0,1583197200
0.913,3,Mar 04 2020 01: +0,1583283600
0.981,4,Mar 05 2020 01: +0,1583370000
0.819,7,Mar 06 2020 01: +0,1583456400
0.772,2,Mar 07 2020 01: +0,1583542800
0.762,6,Mar 08 2020 01: +0,1583629200
0.805,3,Mar 09 2020 01: +0,1583715600
0.748,2,Mar 10 2020 01: +0,1583802000
0.789,4,Mar 11 2020 01: +0,1583888400
0.984,3,Mar 12 2020 01: +0,1583974800
0.753,5,Mar 13 2020 01: +0,1584061200
1.153,6,Mar 14 2020 01: +0,1584147600
0.836,5,Mar 15 2020 01: +0,1584234000
0.815,6,Mar 16 2020 01: +0,1584320400
0.732,5,Mar 17 2020 01: +0,1584406800
0.693,4,Mar 18 2020 01: +0,1584493200
0.88,5,Mar 19 2020 01: +0,1584579600
0.735,4,Mar 20 2020 01: +0,1584666000
0.724,4,Mar 21 2020 01: +0,1584752400
0.738,7,Mar 22 2020 01: +0,1584838800
0.681,4,Mar 23 2020 01: +0,1584925200
0.744,6,Mar 24 2020 01: +0,1585011600
0.674,4,Mar 25 2020 01: +0,1585098000
0.685,8,Mar 26 2020 01: +0,1585184400
0.695,5,Mar 27 2020 01: +0,1585270800
0.755,3,Mar 28 2020 01: +0,1585357200
0.833,1,Mar 29 2020 01: +0,1585443600
0.75,1,Mar 30 2020 01: +0,1585526400
0.658,4,Mar 31 2020 01: +0,1585612800
0.725,5,Apr 01 2020 01: +0,1585699200
0.73,3,Apr 02 2020 01: +0,1585785600
0.773,2,Apr 03 2020 01: +0,1585872000
0.741,10,Apr 04 2020 01: +0,1585958400
0.629,2,Apr 05 2020 01: +0,1586044800
0.802,8,Apr 06 2020 01: +0,1586131200
0.717,12,Apr 07 2020 01: +0,1586217600
0.788,6,Apr 08 2020 01: +0,1586304000
0.98,5,Apr 09 2020 01: +0,1586390400
0.866,4,Apr 10 2020 01: +0,1586476800
0.993,4,Apr 11 2020 01: +0,1586563200
0.82,8,Apr 12 2020 01: +0,1586649600
0.865,2,Apr 13 2020 01: +0,1586736000
0.909,2,Apr 14 2020 01: +0,1586822400
0.837,4,Apr 15 2020 01: +0,1586908800
0.831,3,Apr 16 2020 01: +0,1586995200
0.785,11,Apr 17 2020 01: +0,1587081600
0.813,3,Apr 18 2020 01: +0,1587168000
0.86,4,Apr 19 2020 01: +0,1587254400
0.816,2,Apr 20 2020 01: +0,1587340800
0.87,3,Apr 21 2020 01: +0,1587427200
0.812,5,Apr 22 2020 01: +0,1587513600
0.779,4,Apr 23 2020 01: +0,1587600000
0.863,2,Apr 24 2020 01: +0,1587686400
0.787,4,Apr 25 2020 01: +0,1587772800
1.057,5,Apr 26 2020 01: +0,1587859200
0.786,4,Apr 27 2020 01: +0,1587945600
0.823,5,Apr 28 2020 01: +0,1588032000
0.706,1,Apr 29 2020 01: +0,1588118400
0.981,4,Apr 30 2020 01: +0,1588204800
0.836,8,May 01 2020 01: +0,1588291200
0.768,3,May 02 2020 01: +0,1588377600
0.879,6,May 03 2020 01: +0,1588464000
0.88,4,May 04 2020 01: +0,1588550400
0.788,3,May 05 2020 01: +0,1588636800
0.835,7,May 06 2020 01: +0,1588723200
0.951,5,May 07 2020 01: +0,1588809600
0.796,11,May 08 2020 01: +0,1588896000
1.028,6,May 09 2020 01: +0,1588982400
0.753,6,May 10 2020 01: +0,1589068800
0.913,6,May 11 2020 01: +0,1589155200
0.799,7,May 12 2020 01: +0,1589241600
0.861,5,May 13 2020 01: +0,1589328000
1.167,8,May 14 2020 01: +0,1589414400
0.816,6,May 15 2020 01: +0,1589500800
0.849,5,May 17 2020 01: +0,1589673600
0.908,5,May 18 2020 01: +0,1589760000
1.166,5,May 19 2020 01: +0,1589846400
0.913,1,May 20 2020 01: +0,1589932800
0.754,3,May 21 2020 01: +0,1590019200
1.236,3,May 22 2020 01: +0,1590105600
0.785,1,May 23 2020 01: +0,1590192000
0.826,7,May 24 2020 01: +0,1590278400
0.744,3,May 25 2020 01: +0,1590364800
0.955,10,May 26 2020 01: +0,1590451200
0.768,9,May 27 2020 01: +0,1590537600
0.717,5,May 28 2020 01: +0,1590624000
0.782,7,May 29 2020 01: +0,1590710400
0.778,3,May 30 2020 01: +0,1590796800
0.74,3,May 31 2020 01: +0,1590883200
0.758,7,Jun 01 2020 01: +0,1590969600
0.749,4,Jun 02 2020 01: +0,1591056000
1.673,5,Jun 03 2020 01: +0,1591142400
1.111,2,Jun 04 2020 01: +0,1591228800
0.767,2,Jun 05 2020 01: +0,1591315200
0.939,3,Jun 06 2020 01: +0,1591401600
0.842,7,Jun 07 2020 01: +0,1591488000
2.77,2,Jun 08 2020 01: +0,1591574400
0.769,4,Jun 09 2020 01: +0,1591660800
0.89,4,Jun 10 2020 01: +0,1591747200
0.86,4,Jun 12 2020 01: +0,1591920000
0.948,5,Jun 13 2020 01: +0,1592006400
0.737,3,Jun 14 2020 01: +0,1592092800
0.861,4,Jun 15 2020 01: +0,1592179200
0.833,2,Jun 16 2020 01: +0,1592265600
0.927,2,Jun 17 2020 01: +0,1592352000
0.888,4,Jun 18 2020 01: +0,1592438400
1.03,3,Jun 19 2020 01: +0,1592524800
1.089,5,Jun 20 2020 01: +0,1592611200
0.91,3,Jun 21 2020 01: +0,1592697600
1.387,2,Jun 22 2020 01: +0,1592784000
1.003,4,Jun 23 2020 01: +0,1592870400
1.172,2,Jun 24 2020 01: +0,1592956800
0.918,3,Jun 25 2020 01: +0,1593043200
0.897,5,Jun 26 2020 01: +0,1593129600
0.893,2,Jun 27 2020 01: +0,1593216000
0.971,2,Jun 28 2020 01: +0,1593302400
0.924,7,Jun 29 2020 01: +0,1593388800
0.904,3,Jul 01 2020 01: +0,1593561600
0.891,5,Jul 02 2020 01: +0,1593648000
0.915,3,Jul 03 2020 01: +0,1593734400
0.923,1,Jul 04 2020 01: +0,1593820800
0.744,4,Jul 05 2020 01: +0,1593907200
1.753,6,Jul 06 2020 01: +0,1593993600
1.259,5,Jul 07 2020 01: +0,1594080000
0.794,1,Jul 08 2020 01: +0,1594166400
0.851,2,Jul 09 2020 01: +0,1594252800
1.155,2,Jul 10 2020 01: +0,1594339200
0.975,6,Jul 11 2020 01: +0,1594425600
1.006,4,Jul 12 2020 01: +0,1594512000
1.168,4,Jul 13 2020 01: +0,1594598400
0.889,2,Jul 14 2020 01: +0,1594684800
0.98,1,Jul 15 2020 01: +0,1594771200
1.0,2,Jul 16 2020 01: +0,1594857600
0.724,4,Jul 17 2020 01: +0,1594944000
0.953,1,Jul 18 2020 01: +0,1595030400
1.27,3,Jul 19 2020 01: +0,1595116800
0.83,2,Jul 20 2020 01: +0,1595203200
0.883,5,Jul 21 2020 01: +0,1595289600
0.819,1,Jul 22 2020 01: +0,1595376000
0.926,5,Jul 23 2020 01: +0,1595462400
0.832,6,Jul 24 2020 01: +0,1595548800
1.128,3,Jul 25 2020 01: +0,1595635200
0.898,7,Jul 26 2020 01: +0,1595721600
0.873,3,Jul 29 2020 01: +0,1595980800
0.924,2,Jul 30 2020 01: +0,1596067200
0.878,4,Jul 31 2020 01: +0,1596153600
0.781,1,Aug 01 2020 01: +0,1596240000
0.944,5,Aug 02 2020 01: +0,1596326400
0.914,4,Aug 03 2020 01: +0,1596412800
2.031,3,Aug 04 2020 01: +0,1596499200
0.933,2,Aug 05 2020 01: +0,1596585600
1.244,3,Aug 06 2020 01: +0,1596672000
0.881,3,Aug 07 2020 01: +0,1596758400
1.234,1,Aug 08 2020 01: +0,1596844800
0.97,2,Aug 09 2020 01: +0,1596931200
0.887,3,Aug 10 2020 01: +0,1597017600
0.961,2,Aug 11 2020 01: +0,1597104000
1.657,2,Aug 12 2020 01: +0,1597190400
1.53,7,Aug 13 2020 01: +0,1597276800
0.985,7,Aug 14 2020 01: +0,1597363200
0.831,1,Aug 15 2020 01: +0,1597449600
0.822,3,Aug 16 2020 01: +0,1597536000
0.8,4,Aug 17 2020 01: +0,1597622400
0.864,2,Aug 18 2020 01: +0,1597708800
0.945,7,Aug 19 2020 01: +0,1597795200
1.069,3,Aug 20 2020 01: +0,1597881600
1.079,1,Aug 22 2020 01: +0,1598054400
0.823,2,Aug 23 2020 01: +0,1598140800
0.959,2,Aug 24 2020 01: +0,1598227200
0.919,6,Aug 25 2020 01: +0,1598313600
1.183,1,Aug 26 2020 01: +0,1598400000
1.199,3,Aug 27 2020 01: +0,1598486400
0.906,1,Aug 28 2020 01: +0,1598572800
1.092,4,Aug 29 2020 01: +0,1598659200
1.004,3,Aug 30 2020 01: +0,1598745600
0.951,1,Sep 01 2020 01: +0,1598918400
0.98,4,Sep 02 2020 01: +0,1599004800
0.882,2,Sep 03 2020 01: +0,1599091200
0.922,1,Sep 04 2020 01: +0,1599177600
0.908,1,Sep 05 2020 01: +0,1599264000
1.346,1,Sep 06 2020 01: +0,1599350400
0.673,1,Sep 07 2020 01: +0,1599436800
0.814,4,Sep 08 2020 01: +0,1599523200
1.008,1,Sep 09 2020 01: +0,1599609600
0.9,2,Sep 10 2020 01: +0,1599696000
0.872,5,Sep 12 2020 01: +0,1599868800
0.819,4,Sep 13 2020 01: +0,1599955200
0.819,6,Sep 14 2020 01: +0,1600041600
0.887,2,Sep 15 2020 01: +0,1600128000
0.709,2,Sep 16 2020 01: +0,1600214400
0.838,5,Sep 17 2020 01: +0,1600300800
0.781,2,Sep 18 2020 01: +0,1600387200
0.797,4,Sep 19 2020 01: +0,1600473600
0.777,3,Sep 20 2020 01: +0,1600560000
0.827,4,Sep 21 2020 01: +0,1600646400
0.792,6,Sep 22 2020 01: +0,1600732800
0.806,3,Sep 23 2020 01: +0,1600819200
0.893,6,Sep 24 2020 01: +0,1600905600
0.823,3,Sep 25 2020 01: +0,1600992000
0.87,2,Sep 26 2020 01: +0,1601078400
1.031,4,Sep 27 2020 01: +0,1601164800
0.803,5,Sep 28 2020 01: +0,1601251200
0.857,4,Sep 29 2020 01: +0,1601337600
0.747,3,Sep 30 2020 01: +0,1601424000
0.975,3,Oct 01 2020 01: +0,1601510400
0.728,1,Oct 02 2020 01: +0,1601596800
0.955,2,Oct 03 2020 01: +0,1601683200
1.963,2,Oct 04 2020 01: +0,1601769600
1.048,3,Oct 05 2020 01: +0,1601856000
0.8,2,Oct 06 2020 01: +0,1601942400
0.818,10,Oct 08 2020 01: +0,1602115200
0.899,3,Oct 09 2020 01: +0,1602201600
0.795,5,Oct 10 2020 01: +0,1602288000
0.863,5,Oct 11 2020 01: +0,1602374400
0.909,2,Oct 12 2020 01: +0,1602460800
0.761,7,Oct 13 2020 01: +0,1602547200
0.968,1,Oct 14 2020 01: +0,1602633600
0.971,3,Oct 15 2020 01: +0,1602720000
0.965,5,Oct 16 2020 01: +0,1602806400
0.979,3,Oct 17 2020 01: +0,1602892800
1.096,1,Oct 18 2020 01: +0,1602979200
0.835,1,Oct 19 2020 01: +0,1603065600
0.884,2,Oct 20 2020 01: +0,1603152000
1.32,4,Oct 21 2020 01: +0,1603238400
1.134,3,Oct 22 2020 01: +0,1603324800
0.942,4,Oct 23 2020 01: +0,1603411200
0.773,2,Oct 24 2020 01: +0,1603497600
1.001,3,Oct 26 2020 01: +0,1603674000
1.041,4,Oct 27 2020 01: +0,1603760400
1.022,4,Oct 28 2020 01: +0,1603846800
1.128,5,Oct 29 2020 01: +0,1603933200
1.302,3,Oct 30 2020 01: +0,1604019600
0.924,2,Oct 31 2020 01: +0,1604106000
1.075,1,Nov 01 2020 01: +0,1604192400
1.014,2,Nov 02 2020 01: +0,1604278800
1.043,3,Nov 05 2020 01: +0,1604538000
1.079,5,Nov 06 2020 01: +0,1604624400
0.976,1,Nov 07 2020 01: +0,1604710800
1.039,2,Nov 08 2020 01: +0,1604797200
1.131,3,Nov 09 2020 01: +0,1604883600
1.173,2,Nov 10 2020 01: +0,1604970000
1.686,1,Nov 11 2020 01: +0,1605056400
1.074,2,Nov 12 2020 01: +0,1605142800
1.116,3,Nov 13 2020 01: +0,1605229200
1.154,2,Nov 14 2020 01: +0,1605315600
1.08,2,Nov 15 2020 01: +0,1605402000
1.28,3,Nov 16 2020 01: +0,1605488400
1.341,4,Nov 18 2020 01: +0,1605661200
1.406,1,Nov 19 2020 01: +0,1605747600
1.322,1,Nov 20 2020 01: +0,1605834000
1.166,1,Nov 21 2020 01: +0,1605920400
1.358,2,Nov 22 2020 01: +0,1606006800
1.155,3,Nov 23 2020 01: +0,1606093200
1.271,1,Nov 24 2020 01: +0,1606179600
1.113,3,Nov 26 2020 01: +0,1606352400
1.463,4,Nov 27 2020 01: +0,1606438800
1.082,4,Nov 28 2020 01: +0,1606525200
1.235,1,Nov 29 2020 01: +0,1606611600
1.134,4,Nov 30 2020 01: +0,1606698000
1.207,1,Dec 01 2020 01: +0,1606784400
0.946,2,Dec 02 2020 01: +0,1606870800
1.101,6,Dec 03 2020 01: +0,1606957200
1.524,2,Dec 04 2020 01: +0,1607043600
0.935,2,Dec 05 2020 01: +0,1607130000
0.839,8,Dec 06 2020 01: +0,1607216400
0.692,3,Dec 07 2020 01: +0,1607302800
0.852,3,Dec 08 2020 01: +0,1607389200
1.122,1,Dec 09 2020 01: +0,1607475600
0.947,5,Dec 10 2020 01: +0,1607562000
0.755,5,Dec 11 2020 01: +0,1607648400
1.017,6,Dec 12 2020 01: +0,1607734800
1.3,3,Dec 13 2020 01: +0,1607821200
0.994,3,Dec 14 2020 01: +0,1607907600
0.918,2,Dec 15 2020 01: +0,1607994000
0.991,2,Dec 16 2020 01: +0,1608080400
0.853,2,Dec 17 2020 01: +0,1608166800
1.009,1,Dec 18 2020 01: +0,1608253200
1.001,1,Dec 19 2020 01: +0,1608339600
1.02,4,Dec 20 2020 01: +0,1608426000
1.433,3,Dec 21 2020 01: +0,1608512400
0.941,5,Dec 22 2020 01: +0,1608598800
1.088,3,Dec 23 2020 01: +0,1608685200
1.038,1,Dec 24 2020 01: +0,1608771600
1.132,2,Dec 26 2020 01: +0,1608944400
1.257,2,Dec 27 2020 01: +0,1609030800
0.926,1,Dec 28 2020 01: +0,1609117200
0.978,3,Dec 29 2020 01: +0,1609203600
6.088,2,Dec 30 2020 01: +0,1609290000
1.747,4,Dec 31 2020 01: +0,1609376400
0.995,4,Jan 01 2021 01: +0,1609462800
1.046,3,Jan 03 2021 01: +0,1609635600
1.534,3,Jan 04 2021 01: +0,1609722000
1.416,4,Jan 05 2021 01: +0,1609808400
0.994,4,Jan 06 2021 01: +0,1609894800
1.009,4,Jan 07 2021 01: +0,1609981200
1.02,2,Jan 08 2021 01: +0,1610067600
1.091,6,Jan 09 2021 01: +0,1610154000
1.05,6,Jan 10 2021 01: +0,1610240400
1.062,2,Jan 11 2021 01: +0,1610326800
0.928,4,Jan 12 2021 01: +0,1610413200
1.196,9,Jan 13 2021 01: +0,1610499600
1.756,3,Jan 15 2021 01: +0,1610672400
1.672,1,Jan 16 2021 01: +0,1610758800
1.373,3,Jan 18 2021 01: +0,1610931600
1.773,7,Jan 19 2021 01: +0,1611018000
1.452,2,Jan 20 2021 01: +0,1611104400
1.54,2,Jan 21 2021 01: +0,1611190800
1.513,1,Jan 22 2021 01: +0,1611277200
1.276,3,Jan 23 2021 01: +0,1611363600
1.326,3,Jan 24 2021 01: +0,1611450000
1.225,3,Jan 25 2021 01: +0,1611536400
1.508,1,Jan 26 2021 01: +0,1611622800
1.482,1,Jan 27 2021 01: +0,1611709200
1.307,5,Jan 28 2021 01: +0,1611795600
1.164,2,Jan 29 2021 01: +0,1611882000
1.381,4,Jan 30 2021 01: +0,1611968400
1.117,1,Jan 31 2021 01: +0,1612054800
1.075,1,Feb 01 2021 01: +0,1612141200
1.115,4,Feb 02 2021 01: +0,1612227600
1.275,2,Feb 03 2021 01: +0,1612314000
1.121,2,Feb 04 2021 01: +0,1612400400
1.135,1,Feb 05 2021 01: +0,1612486800
1.141,3,Feb 06 2021 01: +0,1612573200
1.146,1,Feb 07 2021 01: +0,1612659600
1.502,4,Feb 08 2021 01: +0,1612746000
1.102,3,Feb 10 2021 01: +0,1612918800
1.223,1,Feb 11 2021 01: +0,1613005200
1.071,2,Feb 12 2021 01: +0,1613091600
0.893,1,Feb 13 2021 01: +0,1613178000
1.105,2,Feb 14 2021 01: +0,1613264400
1.147,4,Feb 17 2021 01: +0,1613523600
1.177,3,Feb 18 2021 01: +0,1613610000
1.114,2,Feb 19 2021 01: +0,1613696400
1.011,4,Feb 20 2021 01: +0,1613782800
1.145,3,Feb 21 2021 01: +0,1613869200
1.077,2,Feb 22 2021 01: +0,1613955600
1.232,1,Feb 23 2021 01: +0,1614042000
1.056,3,Feb 24 2021 01: +0,1614128400
1.149,2,Feb 25 2021 01: +0,1614214800
1.201,2,Feb 26 2021 01: +0,1614301200
1.383,4,Feb 27 2021 01: +0,1614387600
1.246,1,Feb 28 2021 01: +0,1614474000
1.194,2,Mar 01 2021 01: +0,1614560400
1.079,5,Mar 02 2021 01: +0,1614646800
1.114,4,Mar 03 2021 01: +0,1614733200
1.072,4,Mar 04 2021 01: +0,1614819600
1.476,4,Mar 05 2021 01: +0,1614906000
1.235,3,Mar 07 2021 01: +0,1615078800
1.179,2,Mar 08 2021 01: +0,1615165200
1.181,3,Mar 10 2021 01: +0,1615338000
1.121,1,Mar 11 2021 01: +0,1615424400
1.402,2,Mar 12 2021 01: +0,1615510800
1.291,5,Mar 13 2021 01: +0,1615597200
1.538,1,Mar 14 2021 01: +0,1615683600
1.546,1,Mar 15 2021 01: +0,1615770000
1.481,2,Mar 16 2021 01: +0,1615856400
1.427,3,Mar 17 2021 01: +0,1615942800
1.393,6,Mar 18 2021 01: +0,1616029200
1.473,2,Mar 19 2021 01: +0,1616115600
1.347,5,Mar 20 2021 01: +0,1616202000
1.655,3,Mar 21 2021 01: +0,1616288400
1.215,6,Mar 22 2021 01: +0,1616374800
1.833,1,Mar 23 2021 01: +0,1616461200
1.635,4,Mar 25 2021 01: +0,1616634000
1.385,3,Mar 26 2021 01: +0,1616720400
1.539,4,Mar 27 2021 01: +0,1616806800
1.488,4,Mar 28 2021 01: +0,1616893200
1.462,6,Mar 29 2021 01: +0,1616976000
1.559,5,Mar 30 2021 01: +0,1617062400
1.619,3,Apr 01 2021 01: +0,1617235200
1.657,3,Apr 02 2021 01: +0,1617321600
1.775,1,Apr 03 2021 01: +0,1617408000
1.65,2,Apr 04 2021 01: +0,1617494400
1.724,6,Apr 05 2021 01: +0,1617580800
1.687,2,Apr 06 2021 01: +0,1617667200
1.532,5,Apr 07 2021 01: +0,1617753600
1.531,4,Apr 08 2021 01: +0,1617840000
1.511,7,Apr 09 2021 01: +0,1617926400
1.475,3,Apr 10 2021 01: +0,1618012800
1.47,3,Apr 11 2021 01: +0,1618099200
1.669,2,Apr 12 2021 01: +0,1618185600
1.861,4,Apr 13 2021 01: +0,1618272000
1.587,1,Apr 14 2021 01: +0,1618358400
1.348,1,Apr 15 2021 01: +0,1618444800
1.435,2,Apr 17 2021 01: +0,1618617600
1.511,1,Apr 19 2021 01: +0,1618790400
1.551,3,Apr 20 2021 01: +0,1618876800
1.654,2,Apr 21 2021 01: +0,1618963200
1.335,2,Apr 22 2021 01: +0,1619049600
1.14,3,Apr 23 2021 01: +0,1619136000
1.427,2,Apr 24 2021 01: +0,1619222400
1.241,4,Apr 25 2021 01: +0,1619308800
1.158,1,Apr 27 2021 01: +0,1619481600
1.207,2,Apr 28 2021 01: +0,1619568000
1.272,2,Apr 29 2021 01: +0,1619654400
1.261,3,Apr 30 2021 01: +0,1619740800
1.51,1,May 02 2021 01: +0,1619913600
1.28,3,May 03 2021 01: +0,1620000000
1.092,1,May 04 2021 01: +0,1620086400
1.323,1,May 05 2021 01: +0,1620172800
1.221,1,May 06 2021 01: +0,1620259200
1.387,2,May 07 2021 01: +0,1620345600
1.341,1,May 08 2021 01: +0,1620432000
1.31,5,May 09 2021 01: +0,1620518400
1.117,1,May 10 2021 01: +0,1620604800
1.39,4,May 11 2021 01: +0,1620691200
1.354,3,May 12 2021 01: +0,1620777600
1.222,2,May 13 2021 01: +0,1620864000
1.15,1,May 14 2021 01: +0,1620950400
1.262,2,May 15 2021 01: +0,1621036800
1.361,1,May 16 2021 01: +0,1621123200
18.377,3,May 17 2021 01: +0,1621209600
1.282,7,May 18 2021 01: +0,1621296000
1.348,3,May 19 2021 01: +0,1621382400
1.367,2,May 20 2021 01: +0,1621468800
2.254,2,May 21 2021 01: +0,1621555200
1.492,2,May 22 2021 01: +0,1621641600
49.407,1,May 23 2021 01: +0,1621728000
1.746,1,May 25 2021 01: +0,1621900800
1.522,1,May 26 2021 01: +0,1621987200
4.49,1,May 27 2021 01: +0,1622073600
1.685,1,May 29 2021 01: +0,1622246400
1.377,2,May 30 2021 01: +0,1622332800
1.467,2,May 31 2021 01: +0,1622419200
1.729,2,Jun 01 2021 01: +0,1622505600
1.818,1,Jun 02 2021 01: +0,1622592000
1.431,1,Jun 04 2021 01: +0,1622764800
1.782,1,Jun 05 2021 01: +0,1622851200
1.455,1,Jun 06 2021 01: +0,1622937600
1.471,1,Jun 07 2021 01: +0,1623024000
1.465,2,Jun 08 2021 01: +0,1623110400
1.453,2,Jun 09 2021 01: +0,1623196800
1.636,1,Jun 10 2021 01: +0,1623283200
1.46,2,Jun 11 2021 01: +0,1623369600
2.032,4,Jun 12 2021 01: +0,1623456000
1.649,2,Jun 13 2021 01: +0,1623542400
1.431,8,Jun 14 2021 01: +0,1623628800
1.577,1,Jun 15 2021 01: +0,1623715200
1.933,2,Jun 16 2021 01: +0,1623801600
2.252,8,Jun 17 2021 01: +0,1623888000
1.607,1,Jun 18 2021 01: +0,1623974400
1.548,3,Jun 19 2021 01: +0,1624060800
1.389,2,Jun 20 2021 01: +0,1624147200
1.56,1,Jun 23 2021 01: +0,1624406400
1.599,1,Jun 24 2021 01: +0,1624492800
1.375,2,Jun 25 2021 01: +0,1624579200
1.614,1,Jun 26 2021 01: +0,1624665600
1.351,3,Jun 27 2021 01: +0,1624752000
1.453,3,Jun 28 2021 01: +0,1624838400
1.33,2,Jun 30 2021 01: +0,1625011200
1.367,1,Jul 01 2021 01: +0,1625097600
1.395,2,Jul 02 2021 01: +0,1625184000
1.038,1,Jul 03 2021 01: +0,1625270400
1.664,3,Jul 05 2021 01: +0,1625443200
1.35,2,Jul 06 2021 01: +0,1625529600
1.307,1,Jul 08 2021 01: +0,1625702400
1.224,2,Jul 10 2021 01: +0,1625875200
1.554,5,Jul 12 2021 01: +0,1626048000
1.38,2,Jul 13 2021 01: +0,1626134400
1.506,2,Jul 14 2021 01: +0,1626220800
1.693,4,Jul 15 2021 01: +0,1626307200
1.318,1,Jul 18 2021 01: +0,1626566400
1.282,4,Jul 19 2021 01: +0,1626652800
2.421,1,Jul 20 2021 01: +0,1626739200
1.467,2,Jul 22 2021 01: +0,1626912000
1.19,3,Jul 24 2021 01: +0,1627084800
1.307,1,Jul 25 2021 01: +0,1627171200
1.319,2,Jul 26 2021 01: +0,1627257600
1.222,1,Jul 28 2021 01: +0,1627430400
1.256,3,Jul 29 2021 01: +0,1627516800
1.318,3,Jul 30 2021 01: +0,1627603200
1.117,2,Jul 31 2021 01: +0,1627689600
1.299,5,Aug 02 2021 01: +0,1627862400
1.463,1,Aug 03 2021 01: +0,1627948800
1.465,2,Aug 04 2021 01: +0,1628035200
1.671,1,Aug 06 2021 01: +0,1628208000
1.671,2,Aug 07 2021 01: +0,1628294400
1.476,3,Aug 08 2021 01: +0,1628380800
1.483,2,Aug 09 2021 01: +0,1628467200
1.34,1,Aug 11 2021 01: +0,1628640000
1.398,2,Aug 14 2021 01: +0,1628899200
1.659,2,Aug 15 2021 01: +0,1628985600
1.683,1,Aug 17 2021 01: +0,1629158400
1.39,5,Aug 19 2021 01: +0,1629331200
1.517,2,Aug 20 2021 01: +0,1629417600
1.516,1,Aug 21 2021 01: +0,1629504000
1.282,1,Aug 23 2021 01: +0,1629676800
1.309,2,Aug 24 2021 01: +0,1629763200
1.555,1,Aug 25 2021 01: +0,1629849600
1.458,6,Aug 27 2021 01: +0,1630022400
1.275,1,Aug 29 2021 01: +0,1630195200
1.43,4,Aug 30 2021 01: +0,1630281600
1.528,1,Aug 31 2021 01: +0,1630368000
1.286,2,Sep 02 2021 01: +0,1630540800
1.575,5,Sep 03 2021 01: +0,1630627200
1.584,3,Sep 05 2021 01: +0,1630800000
1.472,1,Sep 07 2021 01: +0,1630972800
1.564,2,Sep 08 2021 01: +0,1631059200
1.505,5,Sep 10 2021 01: +0,1631232000
1.298,3,Sep 11 2021 01: +0,1631318400
1.696,2,Sep 12 2021 01: +0,1631404800
1.442,1,Sep 14 2021 01: +0,1631577600
1.573,2,Sep 15 2021 01: +0,1631664000
1.549,3,Sep 16 2021 01: +0,1631750400
1.653,1,Sep 17 2021 01: +0,1631836800
1.222,3,Sep 18 2021 01: +0,1631923200
1.368,2,Sep 20 2021 01: +0,1632096000
1.284,1,Sep 21 2021 01: +0,1632182400
1.182,7,Sep 22 2021 01: +0,1632268800
2.051,1,Sep 23 2021 01: +0,1632355200
1.161,1,Sep 24 2021 01: +0,1632441600
1.182,3,Sep 26 2021 01: +0,1632614400
0.78,1,Sep 27 2021 01: +0,1632700800
0.96,1,Sep 29 2021 01: +0,1632873600
0.949,1,Sep 30 2021 01: +0,1632960000
1.311,3,Oct 01 2021 01: +0,1633046400
1.148,1,Oct 02 2021 01: +0,1633132800
1.192,3,Oct 03 2021 01: +0,1633219200
1.256,1,Oct 04 2021 01: +0,1633305600
1.129,3,Oct 05 2021 01: +0,1633392000
1.355,3,Oct 06 2021 01: +0,1633478400
1.127,4,Oct 07 2021 01: +0,1633564800
1.697,2,Oct 08 2021 01: +0,1633651200
1.331,4,Oct 09 2021 01: +0,1633737600
1.1,1,Oct 10 2021 01: +0,1633824000
1.075,1,Oct 11 2021 01: +0,1633910400
1.49,5,Oct 12 2021 01: +0,1633996800
1.056,1,Oct 13 2021 01: +0,1634083200
1.104,2,Oct 14 2021 01: +0,1634169600
1.909,1,Oct 15 2021 01: +0,1634256000
2.989,2,Oct 16 2021 01: +0,1634342400
1.228,4,Oct 17 2021 01: +0,1634428800
1.138,2,Oct 19 2021 01: +0,1634601600
1.135,5,Oct 20 2021 01: +0,1634688000
1.059,2,Oct 22 2021 01: +0,1634860800
1.109,3,Oct 23 2021 01: +0,1634947200
1.138,2,Oct 24 2021 01: +0,1635033600
0.91,1,Oct 25 2021 01: +0,1635120000
0.783,2,Oct 26 2021 01: +0,1635206400
1.126,3,Oct 27 2021 01: +0,1635292800
1.187,1,Oct 29 2021 01: +0,1635465600
1.123,3,Oct 30 2021 01: +0,1635552000
1.015,3,Oct 31 2021 01: +0,1635638400
0.926,1,Nov 01 2021 01: +0,1635728400
0.996,2,Nov 02 2021 01: +0,1635814800
0.975,2,Nov 03 2021 01: +0,1635901200
1.087,2,Nov 04 2021 01: +0,1635987600
1.044,1,Nov 05 2021 01: +0,1636074000
1.075,1,Nov 06 2021 01: +0,1636160400
1.041,2,Nov 07 2021 01: +0,1636246800
1.027,4,Nov 08 2021 01: +0,1636333200
1.057,2,Nov 09 2021 01: +0,1636419600
1.035,1,Nov 10 2021 01: +0,1636506000
0.931,4,Nov 11 2021 01: +0,1636592400
1.294,2,Nov 13 2021 01: +0,1636765200
0.949,2,Nov 14 2021 01: +0,1636851600
0.835,1,Nov 15 2021 01: +0,1636938000
0.985,2,Nov 17 2021 01: +0,1637110800
1.083,1,Nov 18 2021 01: +0,1637197200
1.107,1,Nov 19 2021 01: +0,1637283600
0.926,1,Nov 20 2021 01: +0,1637370000
1.131,1,Nov 21 2021 01: +0,1637456400
1.141,5,Nov 22 2021 01: +0,1637542800
1.017,1,Nov 23 2021 01: +0,1637629200
1.064,1,Nov 24 2021 01: +0,1637715600
0.993,1,Nov 25 2021 01: +0,1637802000
1.119,2,Nov 28 2021 01: +0,1638061200
1.179,1,Nov 29 2021 01: +0,1638147600
1.017,1,Nov 30 2021 01: +0,1638234000
1.009,1,Dec 01 2021 01: +0,1638320400
1.184,3,Dec 02 2021 01: +0,1638406800
1.103,3,Dec 03 2021 01: +0,1638493200
1.158,3,Dec 04 2021 01: +0,1638579600
1.997,2,Dec 06 2021 01: +0,1638752400
1.283,3,Dec 07 2021 01: +0,1638838800
1.246,4,Dec 08 2021 01: +0,1638925200
1.301,1,Dec 10 2021 01: +0,1639098000
1.137,2,Dec 12 2021 01: +0,1639270800
1.041,1,Dec 14 2021 01: +0,1639443600
1.004,2,Dec 16 2021 01: +0,1639616400
1.019,3,Dec 17 2021 01: +0,1639702800
1.108,1,Dec 19 2021 01: +0,1639875600
0.955,2,Dec 21 2021 01: +0,1640048400
0.983,2,Dec 22 2021 01: +0,1640134800
0.999,1,Dec 23 2021 01: +0,1640221200
6.655,3,Dec 25 2021 01: +0,1640394000
1.035,3,Dec 26 2021 01: +0,1640480400
0.941,3,Dec 27 2021 01: +0,1640566800
1.113,1,Dec 28 2021 01: +0,1640653200
0.926,1,Dec 29 2021 01: +0,1640739600
3.35,1,Dec 30 2021 01: +0,1640826000
1.014,3,Dec 31 2021 01: +0,1640912400
1.026,3,Jan 01 2022 01: +0,1640998800
0.926,1,Jan 02 2022 01: +0,1641085200
1.03,2,Jan 05 2022 01: +0,1641344400
1.162,3,Jan 07 2022 01: +0,1641517200
2.483,1,Jan 08 2022 01: +0,1641603600
1.051,2,Jan 09 2022 01: +0,1641690000
1.113,2,Jan 10 2022 01: +0,1641776400
1.166,2,Jan 11 2022 01: +0,1641862800
1.183,1,Jan 12 2022 01: +0,1641949200
1.009,1,Jan 13 2022 01: +0,1642035600
2.071,2,Jan 16 2022 01: +0,1642294800
1.024,2,Jan 17 2022 01: +0,1642381200
10.844,3,Jan 18 2022 01: +0,1642467600
1.06,2,Jan 19 2022 01: +0,1642554000
2.6,3,Jan 20 2022 01: +0,1642640400
1.003,2,Jan 24 2022 01: +0,1642986000
1.048,2,Jan 25 2022 01: +0,1643072400
1.242,1,Jan 26 2022 01: +0,1643158800
1.004,4,Jan 27 2022 01: +0,1643245200
1.089,5,Jan 28 2022 01: +0,1643331600
0.78,1,Jan 29 2022 01: +0,1643418000
1.02,1,Jan 30 2022 01: +0,1643504400
1.133,2,Jan 31 2022 01: +0,1643590800
0.926,1,Feb 02 2022 01: +0,1643763600
1.015,2,Feb 03 2022 01: +0,1643850000
0.976,1,Feb 04 2022 01: +0,1643936400
0.992,3,Feb 05 2022 01: +0,1644022800
0.942,4,Feb 06 2022 01: +0,1644109200
0.983,3,Feb 07 2022 01: +0,1644195600
1.162,1,Feb 08 2022 01: +0,1644282000
1.199,1,Feb 09 2022 01: +0,1644368400
1.657,1,Feb 10 2022 01: +0,1644454800
0.882,1,Feb 11 2022 01: +0,1644541200
1.016,3,Feb 12 2022 01: +0,1644627600
0.891,3,Feb 14 2022 01: +0,1644800400
1.175,3,Feb 15 2022 01: +0,1644886800
0.983,1,Feb 16 2022 01: +0,1644973200
2.491,3,Feb 17 2022 01: +0,1645059600
1.032,3,Feb 18 2022 01: +0,1645146000
1.15,3,Feb 19 2022 01: +0,1645232400
1.081,4,Feb 20 2022 01: +0,1645318800
1.246,1,Feb 21 2022 01: +0,1645405200
1.205,4,Feb 23 2022 01: +0,1645578000
1.238,1,Feb 24 2022 01: +0,1645664400
1.009,1,Feb 25 2022 01: +0,1645750800
1.243,4,Feb 26 2022 01: +0,1645837200
1.013,2,Feb 27 2022 01: +0,1645923600
1.001,2,Feb 28 2022 01: +0,1646010000
1.141,1,Mar 01 2022 01: +0,1646096400
1.106,1,Mar 02 2022 01: +0,1646182800
0.863,3,Mar 04 2022 01: +0,1646355600
1.092,1,Mar 05 2022 01: +0,1646442000
1.091,1,Mar 06 2022 01: +0,1646528400
1.105,5,Mar 07 2022 01: +0,1646614800
1.25,1,Mar 08 2022 01: +0,1646701200
0.96,2,Mar 09 2022 01: +0,1646787600
0.904,3,Mar 12 2022 01: +0,1647046800
1.219,3,Mar 13 2022 01: +0,1647133200
1.801,2,Mar 15 2022 01: +0,1647306000
1.149,1,Mar 16 2022 01: +0,1647392400
0.972,4,Mar 19 2022 01: +0,1647651600
0.968,3,Mar 21 2022 01: +0,1647824400
0.955,2,Mar 22 2022 01: +0,1647910800
0.956,4,Mar 24 2022 01: +0,1648083600
0.993,1,Mar 25 2022 01: +0,1648170000
0.923,1,Mar 26 2022 01: +0,1648256400
1.052,3,Mar 27 2022 01: +0,1648342800
1.0,3,Mar 28 2022 01: +0,1648425600
1.023,6,Mar 29 2022 01: +0,1648512000
1.117,2,Mar 30 2022 01: +0,1648598400
1.329,2,Apr 01 2022 01: +0,1648771200
1.042,1,Apr 02 2022 01: +0,1648857600
1.222,3,Apr 03 2022 01: +0,1648944000
1.225,2,Apr 04 2022 01: +0,1649030400
1.297,4,Apr 05 2022 01: +0,1649116800
1.828,2,Apr 06 2022 01: +0,1649203200
1.001,1,Apr 07 2022 01: +0,1649289600
1.493,1,Apr 09 2022 01: +0,1649462400
2.366,1,Apr 10 2022 01: +0,1649548800
1.811,1,Apr 12 2022 01: +0,1649721600
1.671,1,Apr 14 2022 01: +0,1649894400
1.512,2,Apr 16 2022 01: +0,1650067200
2.021,2,Apr 17 2022 01: +0,1650153600
1.34,1,Apr 18 2022 01: +0,1650240000
1.365,1,Apr 19 2022 01: +0,1650326400
1.307,1,Apr 21 2022 01: +0,1650499200
1.307,1,Apr 22 2022 01: +0,1650585600
1.601,1,Apr 24 2022 01: +0,1650758400
1.485,1,Apr 25 2022 01: +0,1650844800
1.23,2,Apr 27 2022 01: +0,1651017600
1.473,2,Apr 28 2022 01: +0,1651104000
1.471,1,Apr 29 2022 01: +0,1651190400
1.067,1,May 02 2022 01: +0,1651449600
1.488,3,May 03 2022 01: +0,1651536000
1.266,2,May 04 2022 01: +0,1651622400
2.459,2,May 05 2022 01: +0,1651708800
1.374,2,May 07 2022 01: +0,1651881600
1.241,1,May 08 2022 01: +0,1651968000
1.531,2,May 09 2022 01: +0,1652054400
1.595,2,May 10 2022 01: +0,1652140800
1.278,2,May 13 2022 01: +0,1652400000
1.465,1,May 14 2022 01: +0,1652486400
1.396,1,May 16 2022 01: +0,1652659200
4.105,3,May 17 2022 01: +0,1652745600
1.17,3,May 21 2022 01: +0,1653091200
1.361,1,May 22 2022 01: +0,1653177600
1.026,1,May 24 2022 01: +0,1653350400
1.255,4,May 25 2022 01: +0,1653436800
1.238,3,May 27 2022 01: +0,1653609600
1.271,2,May 28 2022 01: +0,1653696000
18.514,1,May 29 2022 01: +0,1653782400
1.274,1,May 30 2022 01: +0,1653868800
1.409,2,May 31 2022 01: +0,1653955200
1.232,1,Jun 02 2022 01: +0,1654128000
1.291,4,Jun 03 2022 01: +0,1654214400
1.15,1,Jun 04 2022 01: +0,1654300800
1.246,1,Jun 06 2022 01: +0,1654473600
1.303,1,Jun 10 2022 01: +0,1654819200
0.965,4,Jun 11 2022 01: +0,1654905600
1.054,1,Jun 12 2022 01: +0,1654992000
1.164,3,Jun 14 2022 01: +0,1655164800
1.181,1,Jun 15 2022 01: +0,1655251200
1.281,1,Jun 17 2022 01: +0,1655424000
1.377,2,Jun 18 2022 01: +0,1655510400
1.133,1,Jun 20 2022 01: +0,1655683200
0.938,1,Jun 23 2022 01: +0,1655942400
1.134,1,Jun 24 2022 01: +0,1656028800
0.988,2,Jun 26 2022 01: +0,1656201600
0.902,1,Jun 27 2022 01: +0,1656288000
0.967,3,Jun 29 2022 01: +0,1656460800
1.452,2,Jun 30 2022 01: +0,1656547200
1.018,2,Jul 04 2022 01: +0,1656892800
0.951,3,Jul 05 2022 01: +0,1656979200
1.024,5,Jul 06 2022 01: +0,1657065600
1.041,5,Jul 07 2022 01: +0,1657152000
1.119,2,Jul 10 2022 01: +0,1657411200
1.005,2,Jul 11 2022 01: +0,1657497600
0.992,1,Jul 12 2022 01: +0,1657584000
1.171,1,Jul 13 2022 01: +0,1657670400
1.467,2,Jul 14 2022 01: +0,1657756800
1.124,2,Jul 17 2022 01: +0,1658016000
1.318,2,Jul 18 2022 01: +0,1658102400
1.225,1,Jul 20 2022 01: +0,1658275200
1.553,2,Jul 21 2022 01: +0,1658361600
3.241,2,Jul 22 2022 01: +0,1658448000
1.14,1,Jul 23 2022 01: +0,1658534400
0.984,1,Jul 24 2022 01: +0,1658620800
1.094,3,Jul 25 2022 01: +0,1658707200
1.009,1,Jul 27 2022 01: +0,1658880000
1.227,1,Jul 28 2022 01: +0,1658966400
1.199,1,Jul 29 2022 01: +0,1659052800
1.268,3,Jul 30 2022 01: +0,1659139200
1.255,3,Jul 31 2022 01: +0,1659225600
1.217,1,Aug 01 2022 01: +0,1659312000
2.396,1,Aug 02 2022 01: +0,1659398400
1.42,1,Aug 03 2022 01: +0,1659484800
1.247,1,Aug 04 2022 01: +0,1659571200
1.441,2,Aug 05 2022 01: +0,1659657600
1.505,2,Aug 06 2022 01: +0,1659744000
1.286,1,Aug 07 2022 01: +0,1659830400
1.266,1,Aug 08 2022 01: +0,1659916800
2.608,1,Aug 09 2022 01: +0,1660003200
1.232,1,Aug 11 2022 01: +0,1660176000
1.423,1,Aug 16 2022 01: +0,1660608000
1.283,2,Aug 17 2022 01: +0,1660694400
1.598,4,Aug 19 2022 01: +0,1660867200
1.28,3,Aug 20 2022 01: +0,1660953600
1.47,3,Aug 21 2022 01: +0,1661040000
1.414,4,Aug 22 2022 01: +0,1661126400
2.097,2,Aug 23 2022 01: +0,1661212800
1.267,4,Aug 24 2022 01: +0,1661299200
0.837,1,Aug 26 2022 01: +0,1661472000
1.316,2,Aug 27 2022 01: +0,1661558400
1.198,2,Aug 29 2022 01: +0,1661731200
1.321,1,Aug 30 2022 01: +0,1661817600
1.336,2,Aug 31 2022 01: +0,1661904000
2.016,4,Sep 01 2022 01: +0,1661990400
1.556,1,Sep 02 2022 01: +0,1662076800
1.461,2,Sep 03 2022 01: +0,1662163200
1.678,1,Sep 04 2022 01: +0,1662249600
1.714,2,Sep 06 2022 01: +0,1662422400
0.931,1,Sep 07 2022 01: +0,1662508800
1.427,1,Sep 09 2022 01: +0,1662681600
1.079,1,Sep 11 2022 01: +0,1662854400
1.433,1,Sep 12 2022 01: +0,1662940800
1.227,1,Sep 15 2022 01: +0,1663200000
1.331,2,Sep 17 2022 01: +0,1663372800
1.333,1,Sep 18 2022 01: +0,1663459200
1.346,1,Sep 19 2022 01: +0,1663545600
1.282,2,Sep 20 2022 01: +0,1663632000
2.163,1,Sep 21 2022 01: +0,1663718400
4.313,1,Sep 25 2022 01: +0,1664064000
1.039,1,Sep 29 2022 01: +0,1664409600
1.129,4,Oct 02 2022 01: +0,1664668800
1.259,2,Oct 03 2022 01: +0,1664755200
1.26,2,Oct 04 2022 01: +0,1664841600
1.244,6,Oct 05 2022 01: +0,1664928000
1.664,1,Oct 06 2022 01: +0,1665014400
1.42,1,Oct 07 2022 01: +0,1665100800
1.248,2,Oct 08 2022 01: +0,1665187200
1.199,2,Oct 09 2022 01: +0,1665273600
1.42,1,Oct 10 2022 01: +0,1665360000
1.278,2,Oct 11 2022 01: +0,1665446400
1.186,2,Oct 12 2022 01: +0,1665532800
1.325,2,Oct 13 2022 01: +0,1665619200
1.348,1,Oct 14 2022 01: +0,1665705600
1.694,3,Oct 16 2022 01: +0,1665878400
19.524,1,Oct 17 2022 01: +0,1665964800
1.014,2,Oct 18 2022 01: +0,1666051200
1.416,1,Oct 19 2022 01: +0,1666137600
1.426,1,Oct 20 2022 01: +0,1666224000
1.421,1,Oct 23 2022 01: +0,1666483200
1.563,3,Oct 25 2022 01: +0,1666656000
1.474,4,Oct 28 2022 01: +0,1666915200
1.208,1,Oct 29 2022 01: +0,1667001600
1.31,2,Nov 01 2022 01: +0,1667264400
1.789,1,Nov 02 2022 01: +0,1667350800
1.428,2,Nov 04 2022 01: +0,1667523600
1.318,2,Nov 05 2022 01: +0,1667610000
1.299,1,Nov 06 2022 01: +0,1667696400
1.194,2,Nov 07 2022 01: +0,1667782800
1.34,1,Nov 08 2022 01: +0,1667869200
1.332,1,Nov 10 2022 01: +0,1668042000
1.337,1,Nov 11 2022 01: +0,1668128400
1.315,2,Nov 12 2022 01: +0,1668214800
1.317,2,Nov 13 2022 01: +0,1668301200
1.27,1,Nov 15 2022 01: +0,1668474000
1.374,2,Nov 16 2022 01: +0,1668560400
1.389,1,Nov 17 2022 01: +0,1668646800
1.175,1,Nov 18 2022 01: +0,1668733200
1.507,2,Nov 20 2022 01: +0,1668906000
1.381,2,Nov 21 2022 01: +0,1668992400
1.183,2,Nov 22 2022 01: +0,1669078800
2.063,4,Nov 23 2022 01: +0,1669165200
1.358,1,Nov 24 2022 01: +0,1669251600
1.189,2,Nov 25 2022 01: +0,1669338000
1.267,1,Nov 27 2022 01: +0,1669510800
1.264,2,Nov 28 2022 01: +0,1669597200
1.075,1,Nov 29 2022 01: +0,1669683600
1.294,1,Dec 01 2022 01: +0,1669856400
1.3,2,Dec 02 2022 01: +0,1669942800
1.291,3,Dec 03 2022 01: +0,1670029200
1.41,1,Dec 04 2022 01: +0,1670115600
1.421,1,Dec 08 2022 01: +0,1670461200
1.364,2,Dec 09 2022 01: +0,1670547600
1.37,1,Dec 11 2022 01: +0,1670720400
1.386,3,Dec 12 2022 01: +0,1670806800
1.338,2,Dec 14 2022 01: +0,1670979600
1.306,2,Dec 15 2022 01: +0,1671066000
1.421,1,Dec 16 2022 01: +0,1671152400
1.421,1,Dec 17 2022 01: +0,1671238800
1.597,2,Dec 18 2022 01: +0,1671325200
3.288,1,Dec 19 2022 01: +0,1671411600
1.216,1,Dec 20 2022 01: +0,1671498000
1.77,1,Dec 21 2022 01: +0,1671584400
1.208,1,Dec 22 2022 01: +0,1671670800
1.199,1,Dec 23 2022 01: +0,1671757200
14.433,4,Dec 24 2022 01: +0,1671843600
1.253,3,Dec 25 2022 01: +0,1671930000
1.017,1,Dec 26 2022 01: +0,1672016400
1.305,5,Dec 27 2022 01: +0,1672102800
1.352,3,Dec 29 2022 01: +0,1672275600
1.299,1,Dec 30 2022 01: +0,1672362000
1.333,2,Dec 31 2022 01: +0,1672448400
1.534,2,Jan 01 2023 01: +0,1672534800
1.619,2,Jan 03 2023 01: +0,1672707600
1.861,3,Jan 04 2023 01: +0,1672794000
1.521,1,Jan 05 2023 01: +0,1672880400
1.496,5,Jan 06 2023 01: +0,1672966800
1.29,1,Jan 07 2023 01: +0,1673053200
1.446,3,Jan 10 2023 01: +0,1673312400
1.493,1,Jan 11 2023 01: +0,1673398800
1.497,1,Jan 12 2023 01: +0,1673485200
1.461,5,Jan 13 2023 01: +0,1673571600
1.373,1,Jan 14 2023 01: +0,1673658000
1.592,3,Jan 16 2023 01: +0,1673830800
1.522,1,Jan 17 2023 01: +0,1673917200
1.398,1,Jan 18 2023 01: +0,1674003600
1.665,1,Jan 19 2023 01: +0,1674090000
1.332,1,Jan 21 2023 01: +0,1674262800
1.445,1,Jan 22 2023 01: +0,1674349200
1.406,1,Jan 23 2023 01: +0,1674435600
1.42,4,Jan 24 2023 01: +0,1674522000
1.433,4,Jan 25 2023 01: +0,1674608400
1.241,1,Jan 26 2023 01: +0,1674694800
1.511,3,Jan 27 2023 01: +0,1674781200
1.172,2,Jan 28 2023 01: +0,1674867600
1.376,3,Jan 29 2023 01: +0,1674954000
1.544,1,Jan 30 2023 01: +0,1675040400
1.534,5,Jan 31 2023 01: +0,1675126800
1.642,4,Feb 02 2023 01: +0,1675299600
2.151,3,Feb 04 2023 01: +0,1675472400
2.011,2,Feb 05 2023 01: +0,1675558800
2.134,1,Feb 06 2023 01: +0,1675645200
2.595,1,Feb 07 2023 01: +0,1675731600
1.654,1,Feb 08 2023 01: +0,1675818000
1.94,1,Feb 09 2023 01: +0,1675904400
1.898,1,Feb 10 2023 01: +0,1675990800
2.201,3,Feb 11 2023 01: +0,1676077200
1.678,2,Feb 12 2023 01: +0,1676163600
1.949,2,Feb 13 2023 01: +0,1676250000
1.65,2,Feb 14 2023 01: +0,1676336400
1.53,1,Feb 14 2023 22: +0,1676412000
1.85,1,Feb 15 2023 23: +0,1676502000
1.63,1,Feb 17 2023 17: +0,1676653200
1.989,1,Feb 18 2023 16: +0,1676736000
1.953,1,Feb 18 2023 21: +0,1676754000
1.671,1,Feb 21 2023 18: +0,1677002400
1.555,1,Feb 21 2023 23: +0,1677020400
1.777,1,Feb 22 2023 11: +0,1677063600
1.969,1,Feb 22 2023 16: +0,1677081600
1.638,1,Feb 23 2023 05: +0,1677128400
2.0,1,Feb 25 2023 16: +0,1677340800
2.891,1,Feb 26 2023 04: +0,1677384000
1.703,1,Feb 27 2023 07: +0,1677481200
1.663,1,Feb 27 2023 11: +0,1677495600
1.972,1,Feb 27 2023 16: +0,1677513600
2.01,1,Feb 28 2023 18: +0,1677607200
1.902,1,Mar 01 2023 18: +0,1677693600
1.687,1,Mar 01 2023 22: +0,1677708000
1.891,1,Mar 03 2023 10: +0,1677837600
1.282,1,Mar 03 2023 22: +0,1677880800
1.687,1,Mar 03 2023 23: +0,1677884400
1.687,1,Mar 04 2023 17: +0,1677949200
2.004,1,Mar 05 2023 00: +0,1677974400
1.902,1,Mar 05 2023 07: +0,1677999600
0.72,1,Mar 06 2023 06: +0,1678082400
2.731,1,Mar 06 2023 07: +0,1678086000
1.767,1,Mar 06 2023 09: +0,1678093200
1.766,1,Mar 06 2023 14: +0,1678111200
2.396,1,Mar 06 2023 18: +0,1678125600
2.238,1,Mar 06 2023 23: +0,1678143600
3.821,1,Mar 07 2023 07: +0,1678172400
3.044,1,Mar 07 2023 20: +0,1678219200
1.99,1,Mar 08 2023 15: +0,1678287600
2.536,1,Mar 08 2023 17: +0,1678294800
1.522,1,Mar 10 2023 21: +0,1678482000
1.912,1,Mar 11 2023 05: +0,1678510800
1.613,1,Mar 11 2023 12: +0,1678536000
1.575,1,Mar 11 2023 13: +0,1678539600
1.786,2,Mar 11 2023 16: +0,1678550400
1.654,1,Mar 11 2023 18: +0,1678557600
1.563,1,Mar 12 2023 00: +0,1678579200
1.896,2,Mar 13 2023 14: +0,1678716000
1.663,1,Mar 13 2023 18: +0,1678730400
1.926,1,Mar 14 2023 04: +0,1678766400
10.506,1,Mar 15 2023 22: +0,1678917600
1.555,1,Mar 17 2023 15: +0,1679065200
3.373,1,Mar 17 2023 17: +0,1679072400
1.792,1,Mar 18 2023 17: +0,1679158800
1.616,1,Mar 19 2023 00: +0,1679184000
1.776,1,Mar 20 2023 06: +0,1679292000
1.633,1,Mar 20 2023 18: +0,1679335200
0.93,1,Mar 20 2023 23: +0,1679353200
1.796,1,Mar 21 2023 10: +0,1679392800
2.51,1,Mar 21 2023 21: +0,1679432400
3.876,1,Mar 22 2023 17: +0,1679504400
1.646,1,Mar 23 2023 01: +0,1679533200
1.48,1,Mar 23 2023 12: +0,1679572800
1.683,1,Mar 24 2023 10: +0,1679652000
1.473,1,Mar 24 2023 14: +0,1679666400
1.716,1,Mar 25 2023 09: +0,1679734800
1.538,1,Mar 25 2023 14: +0,1679752800
1.534,3,Mar 26 2023 17: +0,1679846400
1.533,2,Mar 26 2023 18: +0,1679850000
1.403,1,Mar 26 2023 19: +0,1679853600
2.258,1,Mar 27 2023 10: +0,1679907600
11.433,1,Mar 27 2023 23: +0,1679954400
1.468,1,Mar 28 2023 01: +0,1679961600
1.776,1,Mar 30 2023 15: +0,1680184800
1.56,1,Mar 31 2023 03: +0,1680228000
1.702,1,Mar 31 2023 04: +0,1680231600
1.56,1,Apr 01 2023 11: +0,1680343200
1.601,1,Apr 01 2023 19: +0,1680372000
1.731,2,Apr 01 2023 20: +0,1680375600
0.703,1,Apr 02 2023 02: +0,1680397200
1.729,1,Apr 02 2023 08: +0,1680418800
1.731,1,Apr 02 2023 09: +0,1680422400
2.744,2,Apr 02 2023 10: +0,1680426000
0.888,1,Apr 02 2023 12: +0,1680433200
1.64,1,Apr 04 2023 09: +0,1680595200
1.744,1,Apr 04 2023 19: +0,1680631200
1.883,2,Apr 04 2023 21: +0,1680638400
1.879,1,Apr 05 2023 05: +0,1680667200
1.654,1,Apr 05 2023 09: +0,1680681600
4.038,1,Apr 05 2023 10: +0,1680685200
1.655,1,Apr 05 2023 17: +0,1680710400
1.604,1,Apr 05 2023 18: +0,1680714000
1.771,1,Apr 06 2023 19: +0,1680804000
2.069,1,Apr 06 2023 21: +0,1680811200
4.346,1,Apr 07 2023 21: +0,1680897600
0.879,1,Apr 08 2023 12: +0,1680951600
2.032,1,Apr 08 2023 20: +0,1680980400
1.694,1,Apr 08 2023 21: +0,1680984000
1.985,1,Apr 09 2023 04: +0,1681009200
2.927,1,Apr 09 2023 12: +0,1681038000
1.853,1,Apr 09 2023 19: +0,1681063200
0.903,1,Apr 09 2023 22: +0,1681074000
1.684,1,Apr 10 2023 21: +0,1681156800
1.819,1,Apr 11 2023 18: +0,1681232400
1.444,1,Apr 12 2023 10: +0,1681290000
1.918,1,Apr 12 2023 11: +0,1681293600
1.771,1,Apr 12 2023 18: +0,1681318800
1.909,1,Apr 12 2023 19: +0,1681322400
1.614,1,Apr 13 2023 02: +0,1681347600
1.716,1,Apr 13 2023 10: +0,1681376400
1.771,1,Apr 13 2023 22: +0,1681419600
1.928,1,Apr 14 2023 19: +0,1681495200
6.369,1,Apr 16 2023 02: +0,1681606800
1.604,1,Apr 16 2023 21: +0,1681675200
1.444,1,Apr 16 2023 22: +0,1681678800
1.205,2,Apr 16 2023 23: +0,1681682400
1.937,1,Apr 17 2023 04: +0,1681700400
2.627,1,Apr 17 2023 22: +0,1681765200
1.708,1,Apr 18 2023 05: +0,1681790400
2.094,1,Apr 19 2023 08: +0,1681887600
1.763,1,Apr 20 2023 11: +0,1681984800
1.773,1,Apr 20 2023 14: +0,1681995600
6.225,1,Apr 21 2023 14: +0,1682082000
17.662,1,Apr 23 2023 05: +0,1682222400
2.821,1,Apr 23 2023 07: +0,1682229600
3.085,1,Apr 24 2023 16: +0,1682348400
4.451,2,Apr 24 2023 17: +0,1682352000
2.756,1,Apr 24 2023 18: +0,1682355600
1.441,2,Apr 25 2023 12: +0,1682420400
0.708,1,Apr 25 2023 13: +0,1682424000
2.012,1,Apr 25 2023 19: +0,1682445600
0.896,1,Apr 26 2023 12: +0,1682506800
2.0,1,Apr 27 2023 02: +0,1682557200
1.996,1,Apr 27 2023 06: +0,1682571600
1.84,2,Apr 27 2023 14: +0,1682600400
1.994,1,Apr 27 2023 15: +0,1682604000
4.873,1,Apr 27 2023 19: +0,1682618400
1.68,1,Apr 27 2023 22: +0,1682629200
1.98,1,Apr 28 2023 22: +0,1682715600
1.472,1,Apr 30 2023 14: +0,1682859600
2.0,1,Apr 30 2023 20: +0,1682881200
1.688,1,Apr 30 2023 21: +0,1682884800
2.005,1,May 01 2023 00: +0,1682895600
2.042,1,May 01 2023 03: +0,1682906400
1.746,1,May 01 2023 22: +0,1682974800
0.822,1,May 02 2023 12: +0,1683025200
1.752,1,May 04 2023 07: +0,1683180000
2.159,1,May 04 2023 08: +0,1683183600
1.968,1,May 04 2023 17: +0,1683216000
2.025,1,May 04 2023 20: +0,1683226800
1.712,1,May 04 2023 22: +0,1683234000
1.615,1,May 05 2023 01: +0,1683244800
1.978,1,May 05 2023 11: +0,1683280800
1.968,1,May 05 2023 22: +0,1683320400
1.686,1,May 06 2023 11: +0,1683367200
1.956,1,May 06 2023 14: +0,1683378000
1.956,1,May 06 2023 22: +0,1683406800
1.682,1,May 07 2023 01: +0,1683417600
1.529,1,May 07 2023 12: +0,1683457200
1.686,1,May 07 2023 16: +0,1683471600
1.686,1,May 07 2023 19: +0,1683482400
1.921,1,May 07 2023 21: +0,1683489600
1.982,1,May 08 2023 13: +0,1683547200
1.685,1,May 09 2023 19: +0,1683655200
1.677,1,May 09 2023 21: +0,1683662400
1.826,1,May 10 2023 12: +0,1683716400
1.224,1,May 10 2023 15: +0,1683727200
0.996,1,May 10 2023 17: +0,1683734400
2.239,2,May 10 2023 20: +0,1683745200
1.402,1,May 10 2023 21: +0,1683748800
1.467,1,May 11 2023 16: +0,1683817200
1.975,1,May 11 2023 17: +0,1683820800
1.684,2,May 11 2023 21: +0,1683835200
1.682,1,May 12 2023 12: +0,1683889200
1.802,1,May 13 2023 13: +0,1683979200
0.904,1,May 13 2023 16: +0,1683990000
1.809,1,May 13 2023 19: +0,1684000800
0.88,1,May 14 2023 19: +0,1684087200
1.907,1,May 16 2023 10: +0,1684227600
1.801,1,May 16 2023 19: +0,1684260000
1.81,1,May 17 2023 01: +0,1684281600
1.496,1,May 17 2023 16: +0,1684335600
1.745,1,May 18 2023 09: +0,1684396800
5.487,1,May 18 2023 15: +0,1684418400
1.738,1,May 18 2023 22: +0,1684443600
1.8,2,May 18 2023 23: +0,1684447200
1.504,1,May 19 2023 20: +0,1684522800
1.81,1,May 19 2023 23: +0,1684533600
1.624,1,May 20 2023 11: +0,1684576800
0.852,1,May 20 2023 14: +0,1684587600
1.905,1,May 20 2023 16: +0,1684594800
1.905,1,May 20 2023 19: +0,1684605600
1.911,1,May 20 2023 23: +0,1684620000
0.628,1,May 21 2023 10: +0,1684659600
0.635,1,May 22 2023 16: +0,1684767600
1.615,1,May 22 2023 21: +0,1684785600
1.439,1,May 23 2023 15: +0,1684850400
1.848,1,May 23 2023 18: +0,1684861200
1.607,1,May 23 2023 21: +0,1684872000
1.591,1,May 23 2023 22: +0,1684875600
7.356,2,May 24 2023 00: +0,1684882800
1.859,1,May 24 2023 10: +0,1684918800
0.763,1,May 24 2023 22: +0,1684962000
1.222,1,May 25 2023 12: +0,1685012400
1.967,1,May 25 2023 16: +0,1685026800
1.777,1,May 25 2023 17: +0,1685030400
1.998,1,May 26 2023 20: +0,1685127600
1.607,1,May 27 2023 14: +0,1685192400
1.934,1,May 28 2023 00: +0,1685228400
1.765,1,May 28 2023 20: +0,1685300400
3.479,1,May 29 2023 11: +0,1685354400
1.857,1,May 29 2023 16: +0,1685372400
1.703,1,May 30 2023 01: +0,1685404800
1.598,1,May 30 2023 16: +0,1685458800
1.719,1,May 30 2023 20: +0,1685473200
0.689,1,May 31 2023 11: +0,1685527200
1.758,1,May 31 2023 18: +0,1685552400
1.734,1,Jun 01 2023 16: +0,1685631600
0.839,1,Jun 01 2023 20: +0,1685646000
3.447,5,Jun 01 2023 21: +0,1685649600
1.736,1,Jun 02 2023 13: +0,1685707200
1.559,1,Jun 03 2023 00: +0,1685746800
0.726,1,Jun 03 2023 16: +0,1685804400
1.72,2,Jun 04 2023 11: +0,1685872800
1.766,1,Jun 04 2023 14: +0,1685883600
1.728,1,Jun 04 2023 16: +0,1685890800
1.728,1,Jun 05 2023 09: +0,1685952000
1.851,3,Jun 05 2023 18: +0,1685984400
1.728,1,Jun 06 2023 06: +0,1686027600
1.728,1,Jun 07 2023 05: +0,1686110400
1.752,1,Jun 07 2023 12: +0,1686135600
2.44,1,Jun 07 2023 23: +0,1686175200
2.014,2,Jun 08 2023 16: +0,1686236400
1.728,1,Jun 08 2023 20: +0,1686250800
4.335,1,Jun 10 2023 04: +0,1686366000
1.656,1,Jun 10 2023 16: +0,1686409200
1.948,1,Jun 11 2023 09: +0,1686470400
1.704,1,Jun 11 2023 19: +0,1686506400
3.629,2,Jun 11 2023 20: +0,1686510000
1.704,1,Jun 11 2023 21: +0,1686513600
1.688,1,Jun 13 2023 00: +0,1686610800
2.724,1,Jun 14 2023 06: +0,1686718800
0.665,1,Jun 15 2023 09: +0,1686816000
1.622,1,Jun 17 2023 04: +0,1686970800
1.622,1,Jun 17 2023 05: +0,1686974400
1.748,1,Jun 17 2023 17: +0,1687017600
2.561,1,Jun 17 2023 21: +0,1687032000
2.334,1,Jun 20 2023 18: +0,1687280400
1.782,1,Jun 24 2023 02: +0,1687568400
1.68,1,Jun 24 2023 09: +0,1687593600
1.57,1,Jun 25 2023 15: +0,1687701600
0.887,1,Jun 25 2023 18: +0,1687712400
1.774,1,Jun 25 2023 19: +0,1687716000
1.679,1,Jun 26 2023 10: +0,1687770000
1.745,1,Jun 26 2023 13: +0,1687780800
1.932,1,Jun 26 2023 22: +0,1687813200
1.977,1,Jun 27 2023 18: +0,1687885200
1.974,1,Jun 28 2023 07: +0,1687932000
1.855,1,Jun 28 2023 13: +0,1687953600
1.652,1,Jun 28 2023 14: +0,1687957200
1.854,1,Jun 29 2023 16: +0,1688050800
1.959,1,Jun 29 2023 21: +0,1688068800
1.755,2,Jun 30 2023 12: +0,1688122800
0.656,1,Jun 30 2023 18: +0,1688144400
2.071,1,Jul 01 2023 00: +0,1688166000
0.506,1,Jul 01 2023 11: +0,1688205600
1.976,1,Jul 01 2023 20: +0,1688238000
1.506,1,Jul 02 2023 17: +0,1688313600
1.713,1,Jul 03 2023 17: +0,1688400000
0.869,1,Jul 03 2023 18: +0,1688403600
1.724,1,Jul 05 2023 02: +0,1688518800
2.074,1,Jul 06 2023 15: +0,1688652000
1.976,1,Jul 06 2023 18: +0,1688662800
2.065,1,Jul 06 2023 23: +0,1688680800
2.458,1,Jul 07 2023 22: +0,1688763600
0.833,1,Jul 10 2023 18: +0,1689008400
1.474,1,Jul 11 2023 23: +0,1689112800
1.868,1,Jul 12 2023 00: +0,1689116400
1.847,1,Jul 12 2023 06: +0,1689138000
0.846,1,Jul 12 2023 18: +0,1689181200
1.726,1,Jul 13 2023 01: +0,1689206400
1.771,1,Jul 13 2023 02: +0,1689210000
3.866,1,Jul 13 2023 13: +0,1689249600
1.274,1,Jul 15 2023 09: +0,1689408000
1.526,1,Jul 15 2023 17: +0,1689436800
0.834,1,Jul 16 2023 23: +0,1689544800
4.931,1,Jul 18 2023 01: +0,1689638400
1.696,1,Jul 18 2023 07: +0,1689660000
1.738,1,Jul 18 2023 12: +0,1689678000
1.743,1,Jul 19 2023 06: +0,1689742800
0.799,1,Jul 19 2023 16: +0,1689778800
1.626,1,Jul 21 2023 11: +0,1689933600
1.725,1,Jul 22 2023 20: +0,1690052400
3.165,1,Jul 23 2023 08: +0,1690095600
1.75,1,Jul 25 2023 23: +0,1690322400
2.108,1,Jul 26 2023 17: +0,1690387200
1.773,1,Jul 26 2023 23: +0,1690408800
1.548,1,Jul 27 2023 05: +0,1690430400
1.86,1,Jul 28 2023 05: +0,1690516800
1.903,1,Jul 29 2023 10: +0,1690621200
4.612,2,Jul 29 2023 11: +0,1690624800
1.574,1,Jul 29 2023 15: +0,1690639200
1.74,1,Jul 29 2023 17: +0,1690646400
1.817,1,Jul 29 2023 18: +0,1690650000
1.618,1,Jul 30 2023 14: +0,1690722000
0.879,1,Jul 31 2023 08: +0,1690786800
1.213,2,Aug 01 2023 18: +0,1690909200
1.574,1,Aug 02 2023 07: +0,1690956000
1.822,1,Aug 02 2023 23: +0,1691013600
1.81,1,Aug 03 2023 20: +0,1691089200
0.85,1,Aug 05 2023 22: +0,1691269200
0.85,1,Aug 08 2023 15: +0,1691503200
1.393,1,Aug 09 2023 07: +0,1691560800
1.66,1,Aug 09 2023 18: +0,1691600400
1.684,1,Aug 10 2023 03: +0,1691632800
1.495,1,Aug 10 2023 12: +0,1691665200
1.495,1,Aug 10 2023 21: +0,1691697600
1.666,1,Aug 11 2023 18: +0,1691773200
1.495,1,Aug 12 2023 15: +0,1691848800
2.771,1,Aug 12 2023 18: +0,1691859600
1.495,1,Aug 13 2023 07: +0,1691906400
1.361,1,Aug 13 2023 10: +0,1691917200
1.599,1,Aug 16 2023 10: +0,1692176400
1.448,1,Aug 18 2023 20: +0,1692385200
1.554,1,Aug 22 2023 07: +0,1692684000
0.93,1,Aug 24 2023 00: +0,1692831600
0.844,1,Aug 24 2023 08: +0,1692860400
1.31,1,Aug 24 2023 13: +0,1692878400
1.31,1,Aug 24 2023 19: +0,1692900000
1.424,1,Aug 25 2023 18: +0,1692982800
1.81,1,Aug 26 2023 06: +0,1693026000
3.113,1,Aug 27 2023 02: +0,1693098000
1.614,1,Aug 28 2023 05: +0,1693195200
2.917,1,Sep 01 2023 21: +0,1693598400
1.383,1,Sep 02 2023 19: +0,1693677600
1.425,1,Sep 04 2023 18: +0,1693846800
1.467,1,Sep 04 2023 19: +0,1693850400
1.471,1,Sep 06 2023 13: +0,1694001600
1.183,1,Sep 06 2023 18: +0,1694019600
1.468,1,Sep 06 2023 20: +0,1694026800
1.663,1,Sep 06 2023 23: +0,1694037600
1.62,1,Sep 08 2023 23: +0,1694210400
1.566,1,Sep 09 2023 14: +0,1694264400
1.212,1,Sep 10 2023 00: +0,1694300400
1.615,1,Sep 10 2023 09: +0,1694332800
1.36,1,Sep 11 2023 09: +0,1694419200
1.56,1,Sep 11 2023 11: +0,1694426400
1.609,1,Sep 12 2023 13: +0,1694520000
1.644,1,Sep 17 2023 11: +0,1694944800
1.674,1,Sep 19 2023 08: +0,1695106800
1.451,1,Sep 19 2023 15: +0,1695132000
1.711,2,Sep 21 2023 20: +0,1695322800
1.582,1,Sep 21 2023 22: +0,1695330000
1.856,1,Sep 23 2023 23: +0,1695506400
1.586,1,Sep 24 2023 07: +0,1695535200
0.667,1,Sep 25 2023 04: +0,1695610800
1.541,1,Sep 25 2023 17: +0,1695657600
1.885,1,Sep 25 2023 21: +0,1695672000
1.857,1,Sep 25 2023 23: +0,1695679200
1.817,2,Sep 26 2023 14: +0,1695733200
1.744,1,Sep 27 2023 18: +0,1695834000
1.843,1,Sep 30 2023 16: +0,1696086000
0.676,1,Sep 30 2023 18: +0,1696093200
0.935,1,Sep 30 2023 23: +0,1696111200
3.001,1,Oct 01 2023 02: +0,1696122000
1.778,1,Oct 01 2023 08: +0,1696143600
1.129,1,Oct 01 2023 14: +0,1696165200
1.473,1,Oct 02 2023 07: +0,1696226400
1.694,1,Oct 02 2023 08: +0,1696230000
1.694,1,Oct 03 2023 06: +0,1696309200
1.236,1,Oct 03 2023 11: +0,1696327200
1.639,1,Oct 04 2023 07: +0,1696399200
1.648,1,Oct 04 2023 08: +0,1696402800
1.648,1,Oct 04 2023 14: +0,1696424400
1.639,1,Oct 05 2023 13: +0,1696507200
1.647,1,Oct 05 2023 20: +0,1696532400
1.524,1,Oct 06 2023 03: +0,1696557600
1.646,1,Oct 06 2023 14: +0,1696597200
1.633,1,Oct 06 2023 23: +0,1696629600
1.97,1,Oct 08 2023 11: +0,1696759200
1.477,1,Oct 09 2023 10: +0,1696842000
1.673,1,Oct 09 2023 14: +0,1696856400
3.928,1,Oct 09 2023 16: +0,1696863600
1.656,1,Oct 09 2023 22: +0,1696885200
1.716,1,Oct 10 2023 18: +0,1696957200
1.686,1,Oct 11 2023 00: +0,1696978800
2.512,1,Oct 11 2023 06: +0,1697000400
1.488,1,Oct 11 2023 23: +0,1697061600
1.694,1,Oct 12 2023 04: +0,1697079600
2.7,1,Oct 13 2023 11: +0,1697191200
1.519,1,Oct 13 2023 14: +0,1697202000
1.76,1,Oct 13 2023 18: +0,1697216400
1.69,1,Oct 14 2023 15: +0,1697292000
1.882,1,Oct 15 2023 07: +0,1697349600
1.737,1,Oct 15 2023 11: +0,1697364000
1.546,1,Oct 15 2023 13: +0,1697371200
1.554,1,Oct 16 2023 15: +0,1697464800
1.891,1,Oct 16 2023 20: +0,1697482800
2.515,1,Oct 17 2023 12: +0,1697540400
1.869,1,Oct 18 2023 23: +0,1697666400
2.045,1,Oct 21 2023 03: +0,1697853600
2.489,1,Oct 21 2023 04: +0,1697857200
2.191,1,Oct 21 2023 22: +0,1697922000
1.701,1,Oct 22 2023 11: +0,1697968800
1.972,1,Oct 22 2023 15: +0,1697983200
0.79,1,Oct 22 2023 17: +0,1697990400
1.08,1,Oct 23 2023 15: +0,1698069600
2.522,1,Oct 23 2023 20: +0,1698087600
2.217,1,Oct 24 2023 18: +0,1698166800
2.706,1,Oct 25 2023 14: +0,1698238800
1.872,1,Oct 26 2023 07: +0,1698300000
2.19,1,Oct 27 2023 09: +0,1698393600
0.888,1,Oct 28 2023 12: +0,1698490800
1.842,1,Oct 29 2023 20: +0,1698609600
1.834,1,Oct 30 2023 21: +0,1698699600
2.1,1,Nov 02 2023 13: +0,1698930000
2.581,1,Nov 02 2023 19: +0,1698951600
2.029,1,Nov 03 2023 20: +0,1699041600
1.656,1,Nov 03 2023 21: +0,1699045200
0.856,1,Nov 08 2023 10: +0,1699437600
1.932,1,Nov 08 2023 12: +0,1699444800
1.677,1,Nov 08 2023 15: +0,1699455600
1.271,2,Nov 12 2023 01: +0,1699750800
1.685,1,Nov 12 2023 02: +0,1699754400
1.683,1,Nov 15 2023 04: +0,1700020800
2.541,1,Nov 16 2023 13: +0,1700139600
5.149,1,Nov 17 2023 09: +0,1700211600
1.709,1,Nov 17 2023 16: +0,1700236800
1.264,2,Nov 17 2023 23: +0,1700262000
2.937,1,Nov 18 2023 03: +0,1700276400
1.736,1,Nov 19 2023 18: +0,1700416800
1.77,1,Nov 19 2023 23: +0,1700434800
1.322,1,Nov 21 2023 20: +0,1700596800
1.27,2,Nov 22 2023 15: +0,1700665200
0.81,1,Nov 23 2023 06: +0,1700719200
0.882,1,Nov 23 2023 23: +0,1700780400
1.707,1,Nov 24 2023 19: +0,1700852400
1.015,1,Nov 25 2023 11: +0,1700910000
0.873,1,Nov 25 2023 20: +0,1700942400
1.858,1,Nov 26 2023 22: +0,1701036000
1.615,1,Nov 27 2023 19: +0,1701111600
1.654,1,Nov 28 2023 19: +0,1701198000
1.71,1,Nov 29 2023 01: +0,1701219600
1.705,1,Nov 30 2023 18: +0,1701367200
0.822,1,Dec 01 2023 01: +0,1701392400
0.829,1,Dec 01 2023 07: +0,1701414000
1.566,1,Dec 02 2023 12: +0,1701518400
1.856,1,Dec 02 2023 21: +0,1701550800
1.605,1,Dec 05 2023 18: +0,1701799200
1.59,1,Dec 08 2023 04: +0,1702008000
1.856,1,Dec 08 2023 06: +0,1702015200
1.838,1,Dec 10 2023 14: +0,1702216800
1.547,1,Dec 11 2023 05: +0,1702270800
3.412,1,Dec 12 2023 03: +0,1702350000
1.833,1,Dec 12 2023 19: +0,1702407600
1.5,1,Dec 15 2023 14: +0,1702648800
1.65,1,Dec 17 2023 00: +0,1702771200
1.741,1,Dec 18 2023 05: +0,1702875600
1.752,1,Dec 19 2023 15: +0,1702998000
1.468,1,Dec 21 2023 16: +0,1703174400
1.711,1,Dec 22 2023 18: +0,1703268000
1.721,1,Dec 22 2023 21: +0,1703278800
1.504,1,Dec 23 2023 17: +0,1703350800
1.472,1,Dec 24 2023 18: +0,1703440800
1.33,1,Dec 27 2023 03: +0,1703646000
1.622,1,Dec 27 2023 10: +0,1703671200
1.149,1,Dec 27 2023 18: +0,1703700000
1.425,1,Dec 28 2023 00: +0,1703721600
1.244,1,Dec 28 2023 09: +0,1703754000
1.37,1,Dec 30 2023 04: +0,1703908800
1.439,1,Dec 30 2023 17: +0,1703955600
1.37,3,Dec 31 2023 12: +0,1704024000
1.353,1,Jan 01 2024 00: +0,1704067200
1.434,1,Jan 02 2024 21: +0,1704229200
1.369,1,Jan 04 2024 07: +0,1704351600
1.409,1,Jan 04 2024 11: +0,1704366000
1.18,1,Jan 04 2024 20: +0,1704398400
1.125,1,Jan 05 2024 06: +0,1704434400
1.369,1,Jan 05 2024 13: +0,1704459600
1.417,1,Jan 05 2024 16: +0,1704470400
1.55,1,Jan 06 2024 00: +0,1704499200
1.032,1,Jan 09 2024 02: +0,1704765600
1.593,1,Jan 10 2024 03: +0,1704855600
1.353,1,Jan 10 2024 12: +0,1704888000
1.336,1,Jan 12 2024 21: +0,1705093200
1.336,1,Jan 13 2024 04: +0,1705118400
1.375,1,Jan 13 2024 11: +0,1705143600
1.438,1,Jan 14 2024 12: +0,1705233600
1.375,1,Jan 15 2024 09: +0,1705309200
1.428,1,Jan 16 2024 23: +0,1705446000
1.438,1,Jan 17 2024 17: +0,1705510800
1.336,1,Jan 20 2024 11: +0,1705748400
1.536,1,Jan 20 2024 14: +0,1705759200
1.323,1,Jan 21 2024 19: +0,1705863600
0.852,1,Jan 23 2024 19: +0,1706036400
1.493,1,Jan 23 2024 20: +0,1706040000
1.378,2,Jan 25 2024 17: +0,1706202000
1.477,1,Jan 27 2024 17: +0,1706374800
1.223,1,Jan 29 2024 10: +0,1706522400
1.422,1,Jan 30 2024 00: +0,1706572800
1.517,1,Jan 31 2024 21: +0,1706734800
1.521,1,Feb 02 2024 14: +0,1706882400
1.645,1,Feb 04 2024 13: +0,1707051600
1.343,1,Feb 05 2024 07: +0,1707116400
1.638,1,Feb 05 2024 18: +0,1707156000
1.549,1,Feb 07 2024 06: +0,1707285600
1.578,1,Feb 08 2024 11: +0,1707390000
0.855,1,Feb 08 2024 20: +0,1707422400
1.562,1,Feb 09 2024 06: +0,1707458400
1.346,1,Feb 11 2024 06: +0,1707631200
1.338,1,Feb 11 2024 07: +0,1707634800
1.558,1,Feb 13 2024 05: +0,1707800400
1.558,1,Feb 13 2024 12: +0,1707825600
1.219,1,Feb 17 2024 07: +0,1708153200
2.006,1,Feb 17 2024 14: +0,1708178400
1.37,1,Feb 20 2024 06: +0,1708408800
0.854,1,Feb 21 2024 06: +0,1708495200
1.244,1,Feb 22 2024 06: +0,1708581600
1.373,1,Feb 23 2024 22: +0,1708725600
1.207,1,Feb 25 2024 15: +0,1708873200
1.717,1,Feb 26 2024 11: +0,1708945200
1.503,1,Feb 26 2024 12: +0,1708948800
1.287,1,Feb 26 2024 21: +0,1708981200
1.275,1,Feb 28 2024 16: +0,1709136000
1.635,1,Feb 29 2024 05: +0,1709182800
1.254,1,Mar 01 2024 15: +0,1709305200
1.192,1,Mar 02 2024 00: +0,1709337600
1.355,1,Mar 02 2024 17: +0,1709398800
1.357,1,Mar 02 2024 18: +0,1709402400
1.175,1,Mar 02 2024 19: +0,1709406000
1.28,1,Mar 03 2024 15: +0,1709478000
1.486,1,Mar 05 2024 08: +0,1709625600
1.489,1,Mar 05 2024 13: +0,1709643600
1.326,1,Mar 06 2024 15: +0,1709737200
1.552,1,Mar 06 2024 19: +0,1709751600
1.555,1,Mar 07 2024 07: +0,1709794800
1.567,1,Mar 07 2024 23: +0,1709852400
1.565,1,Mar 14 2024 12: +0,1710417600
1.091,1,Mar 14 2024 22: +0,1710453600
1.577,1,Mar 15 2024 12: +0,1710504000
2.203,1,Mar 16 2024 13: +0,1710594000
1.424,1,Mar 18 2024 11: +0,1710759600
1.559,1,Mar 19 2024 14: +0,1710856800
1.251,3,Mar 20 2024 12: +0,1710936000
1.254,1,Mar 20 2024 13: +0,1710939600
1.251,2,Mar 21 2024 11: +0,1711018800
1.137,1,Mar 22 2024 16: +0,1711123200
1.466,1,Mar 22 2024 20: +0,1711137600
1.448,1,Mar 23 2024 15: +0,1711206000
1.442,1,Mar 25 2024 11: +0,1711364400
11.922,1,Mar 25 2024 20: +0,1711396800
1.361,2,Mar 26 2024 11: +0,1711450800
1.465,1,Mar 26 2024 16: +0,1711468800
1.499,1,Mar 29 2024 16: +0,1711728000
1.941,2,Mar 30 2024 03: +0,1711767600
1.26,1,Mar 31 2024 11: +0,1711879200
1.562,1,Apr 04 2024 23: +0,1712268000
1.606,1,Apr 05 2024 22: +0,1712350800
1.365,1,Apr 06 2024 13: +0,1712404800
1.579,1,Apr 08 2024 03: +0,1712541600
8.679,1,Apr 08 2024 14: +0,1712581200
2.015,2,Apr 10 2024 10: +0,1712739600
3.012,1,Apr 10 2024 17: +0,1712764800
1.596,1,Apr 12 2024 15: +0,1712930400
1.227,1,Apr 13 2024 14: +0,1713013200
1.269,1,Apr 15 2024 02: +0,1713142800
1.301,1,Apr 19 2024 02: +0,1713488400
1.385,1,Apr 19 2024 17: +0,1713542400
1.441,1,Apr 20 2024 03: +0,1713578400
1.427,1,Apr 22 2024 14: +0,1713790800
2.112,1,Apr 23 2024 00: +0,1713826800
1.423,1,Apr 24 2024 16: +0,1713970800
1.413,1,Apr 26 2024 12: +0,1714129200
1.331,1,Apr 26 2024 13: +0,1714132800
1.425,1,Apr 27 2024 10: +0,1714208400
1.532,1,Apr 27 2024 16: +0,1714230000
2.155,1,Apr 28 2024 14: +0,1714309200
1.591,1,Apr 30 2024 22: +0,1714510800
1.357,1,May 02 2024 21: +0,1714680000
1.57,1,May 03 2024 13: +0,1714737600
1.533,1,May 06 2024 18: +0,1715014800
1.53,1,May 08 2024 10: +0,1715158800
2.002,1,May 09 2024 16: +0,1715266800
1.563,1,May 11 2024 15: +0,1715436000
1.42,1,May 11 2024 23: +0,1715464800
1.587,1,May 15 2024 11: +0,1715767200
2.493,1,May 16 2024 21: +0,1715889600
1.865,1,May 18 2024 19: +0,1716055200
1.575,1,May 20 2024 11: +0,1716199200
1.53,1,May 21 2024 17: +0,1716307200
1.956,1,May 21 2024 19: +0,1716314400
1.589,1,May 23 2024 19: +0,1716487200
1.445,1,May 26 2024 21: +0,1716753600
1.869,1,May 28 2024 20: +0,1716922800
0.88,1,May 29 2024 12: +0,1716980400
1.561,1,Jun 01 2024 17: +0,1717257600
1.561,1,Jun 01 2024 22: +0,1717275600
1.795,1,Jun 02 2024 00: +0,1717282800
1.666,1,Jun 02 2024 15: +0,1717336800
1.398,1,Jun 05 2024 17: +0,1717603200
1.852,1,Jun 05 2024 21: +0,1717617600
1.607,1,Jun 07 2024 20: +0,1717786800
1.538,1,Jun 10 2024 19: +0,1718042400
1.554,1,Jun 11 2024 15: +0,1718114400
1.422,1,Jun 12 2024 14: +0,1718197200
1.422,1,Jun 12 2024 15: +0,1718200800
1.564,1,Jun 13 2024 11: +0,1718272800
1.185,1,Jun 14 2024 23: +0,1718402400
