price,quantity,date,unix timestamp
66.421,5,Feb 13 2014 01: +0,1392253200
41.325,15,Feb 14 2014 01: +0,1392339600
27.249,15,Feb 15 2014 01: +0,1392426000
31.344,6,Feb 16 2014 01: +0,1392512400
21.817,20,Feb 17 2014 01: +0,1392598800
31.53,11,Feb 18 2014 01: +0,1392685200
33.617,10,Feb 19 2014 01: +0,1392771600
31.953,4,Feb 20 2014 01: +0,1392858000
27.664,10,Feb 21 2014 01: +0,1392944400
24.773,14,Feb 22 2014 01: +0,1393030800
22.581,20,Feb 23 2014 01: +0,1393117200
23.91,10,Feb 24 2014 01: +0,1393203600
27.745,7,Feb 25 2014 01: +0,1393290000
25.568,10,Feb 26 2014 01: +0,1393376400
25.768,14,Feb 27 2014 01: +0,1393462800
24.174,12,Feb 28 2014 01: +0,1393549200
24.841,16,Mar 01 2014 01: +0,1393635600
24.908,13,Mar 02 2014 01: +0,1393722000
25.701,12,Mar 03 2014 01: +0,1393808400
24.177,5,Mar 04 2014 01: +0,1393894800
23.22,9,Mar 05 2014 01: +0,1393981200
22.929,5,Mar 06 2014 01: +0,1394067600
22.84,13,Mar 07 2014 01: +0,1394154000
22.233,17,Mar 08 2014 01: +0,1394240400
25.805,13,Mar 09 2014 01: +0,1394326800
26.288,14,Mar 10 2014 01: +0,1394413200
23.887,10,Mar 11 2014 01: +0,1394499600
23.111,10,Mar 12 2014 01: +0,1394586000
25.804,8,Mar 13 2014 01: +0,1394672400
26.046,15,Mar 14 2014 01: +0,1394758800
24.361,20,Mar 15 2014 01: +0,1394845200
25.428,8,Mar 16 2014 01: +0,1394931600
22.996,13,Mar 17 2014 01: +0,1395018000
21.223,10,Mar 18 2014 01: +0,1395104400
21.543,12,Mar 19 2014 01: +0,1395190800
22.122,11,Mar 20 2014 01: +0,1395277200
19.175,13,Mar 21 2014 01: +0,1395363600
20.392,11,Mar 22 2014 01: +0,1395450000
20.477,20,Mar 23 2014 01: +0,1395536400
21.386,9,Mar 24 2014 01: +0,1395622800
23.472,10,Mar 25 2014 01: +0,1395709200
23.726,12,Mar 26 2014 01: +0,1395795600
22.186,13,Mar 27 2014 01: +0,1395882000
20.141,13,Mar 28 2014 01: +0,1395968400
22.521,13,Mar 29 2014 01: +0,1396054800
21.775,15,Mar 30 2014 01: +0,1396141200
23.816,7,Mar 31 2014 01: +0,1396224000
22.195,7,Apr 01 2014 01: +0,1396310400
20.303,15,Apr 02 2014 01: +0,1396396800
19.022,28,Apr 03 2014 01: +0,1396483200
21.913,14,Apr 04 2014 01: +0,1396569600
22.945,7,Apr 05 2014 01: +0,1396656000
23.122,15,Apr 06 2014 01: +0,1396742400
20.956,15,Apr 07 2014 01: +0,1396828800
20.887,22,Apr 08 2014 01: +0,1396915200
21.063,16,Apr 09 2014 01: +0,1397001600
22.709,14,Apr 10 2014 01: +0,1397088000
21.172,23,Apr 11 2014 01: +0,1397174400
19.886,16,Apr 12 2014 01: +0,1397260800
20.208,23,Apr 13 2014 01: +0,1397347200
22.357,19,Apr 14 2014 01: +0,1397433600
22.136,11,Apr 15 2014 01: +0,1397520000
22.466,22,Apr 16 2014 01: +0,1397606400
22.9,14,Apr 17 2014 01: +0,1397692800
21.11,14,Apr 18 2014 01: +0,1397779200
23.753,23,Apr 19 2014 01: +0,1397865600
21.497,12,Apr 20 2014 01: +0,1397952000
22.96,9,Apr 21 2014 01: +0,1398038400
22.481,12,Apr 22 2014 01: +0,1398124800
22.104,12,Apr 23 2014 01: +0,1398211200
20.926,24,Apr 24 2014 01: +0,1398297600
22.901,20,Apr 25 2014 01: +0,1398384000
20.827,10,Apr 26 2014 01: +0,1398470400
21.051,24,Apr 27 2014 01: +0,1398556800
20.988,15,Apr 28 2014 01: +0,1398643200
21.107,17,Apr 29 2014 01: +0,1398729600
21.258,21,Apr 30 2014 01: +0,1398816000
21.742,23,May 01 2014 01: +0,1398902400
19.247,19,May 02 2014 01: +0,1398988800
18.851,32,May 03 2014 01: +0,1399075200
18.19,18,May 04 2014 01: +0,1399161600
15.795,18,May 05 2014 01: +0,1399248000
16.543,23,May 06 2014 01: +0,1399334400
17.34,17,May 07 2014 01: +0,1399420800
18.289,19,May 08 2014 01: +0,1399507200
16.259,24,May 09 2014 01: +0,1399593600
14.599,23,May 10 2014 01: +0,1399680000
14.349,23,May 11 2014 01: +0,1399766400
14.326,17,May 12 2014 01: +0,1399852800
15.727,25,May 13 2014 01: +0,1399939200
16.236,19,May 14 2014 01: +0,1400025600
16.302,23,May 15 2014 01: +0,1400112000
16.525,13,May 16 2014 01: +0,1400198400
14.417,20,May 17 2014 01: +0,1400284800
15.212,22,May 18 2014 01: +0,1400371200
14.88,18,May 19 2014 01: +0,1400457600
14.213,12,May 20 2014 01: +0,1400544000
14.773,21,May 21 2014 01: +0,1400630400
15.457,22,May 22 2014 01: +0,1400716800
13.967,23,May 23 2014 01: +0,1400803200
13.755,16,May 24 2014 01: +0,1400889600
14.349,19,May 25 2014 01: +0,1400976000
14.505,17,May 26 2014 01: +0,1401062400
15.583,18,May 27 2014 01: +0,1401148800
14.313,17,May 28 2014 01: +0,1401235200
14.483,18,May 29 2014 01: +0,1401321600
15.417,21,May 30 2014 01: +0,1401408000
14.963,14,May 31 2014 01: +0,1401494400
15.31,25,Jun 01 2014 01: +0,1401580800
15.444,22,Jun 02 2014 01: +0,1401667200
15.219,21,Jun 03 2014 01: +0,1401753600
16.204,16,Jun 04 2014 01: +0,1401840000
15.394,19,Jun 05 2014 01: +0,1401926400
16.491,21,Jun 06 2014 01: +0,1402012800
17.322,7,Jun 07 2014 01: +0,1402099200
16.288,11,Jun 08 2014 01: +0,1402185600
16.187,11,Jun 09 2014 01: +0,1402272000
16.998,15,Jun 10 2014 01: +0,1402358400
15.81,15,Jun 11 2014 01: +0,1402444800
15.064,25,Jun 12 2014 01: +0,1402531200
15.045,20,Jun 13 2014 01: +0,1402617600
16.533,13,Jun 14 2014 01: +0,1402704000
15.939,13,Jun 15 2014 01: +0,1402790400
17.675,13,Jun 16 2014 01: +0,1402876800
14.49,22,Jun 17 2014 01: +0,1402963200
14.964,17,Jun 18 2014 01: +0,1403049600
16.152,16,Jun 19 2014 01: +0,1403136000
15.911,15,Jun 20 2014 01: +0,1403222400
14.379,8,Jun 21 2014 01: +0,1403308800
14.215,15,Jun 22 2014 01: +0,1403395200
14.603,17,Jun 23 2014 01: +0,1403481600
15.111,13,Jun 24 2014 01: +0,1403568000
14.288,17,Jun 25 2014 01: +0,1403654400
14.235,17,Jun 26 2014 01: +0,1403740800
14.641,22,Jun 27 2014 01: +0,1403827200
15.845,15,Jun 28 2014 01: +0,1403913600
17.885,17,Jun 29 2014 01: +0,1404000000
16.71,13,Jun 30 2014 01: +0,1404086400
17.644,13,Jul 01 2014 01: +0,1404172800
12.126,22,Jul 02 2014 01: +0,1404259200
12.239,15,Jul 03 2014 01: +0,1404345600
12.701,14,Jul 04 2014 01: +0,1404432000
13.713,16,Jul 05 2014 01: +0,1404518400
14.003,18,Jul 06 2014 01: +0,1404604800
14.073,11,Jul 07 2014 01: +0,1404691200
14.124,9,Jul 08 2014 01: +0,1404777600
15.893,16,Jul 09 2014 01: +0,1404864000
13.059,12,Jul 10 2014 01: +0,1404950400
15.464,13,Jul 11 2014 01: +0,1405036800
13.853,12,Jul 12 2014 01: +0,1405123200
14.21,13,Jul 13 2014 01: +0,1405209600
15.582,11,Jul 14 2014 01: +0,1405296000
14.277,10,Jul 15 2014 01: +0,1405382400
14.111,21,Jul 16 2014 01: +0,1405468800
12.874,11,Jul 17 2014 01: +0,1405555200
13.093,12,Jul 18 2014 01: +0,1405641600
12.437,24,Jul 19 2014 01: +0,1405728000
14.005,10,Jul 20 2014 01: +0,1405814400
13.105,17,Jul 21 2014 01: +0,1405900800
13.922,11,Jul 22 2014 01: +0,1405987200
14.063,13,Jul 23 2014 01: +0,1406073600
13.029,11,Jul 24 2014 01: +0,1406160000
13.566,19,Jul 25 2014 01: +0,1406246400
13.623,19,Jul 26 2014 01: +0,1406332800
13.205,13,Jul 27 2014 01: +0,1406419200
13.46,21,Jul 28 2014 01: +0,1406505600
13.055,18,Jul 29 2014 01: +0,1406592000
13.69,21,Jul 30 2014 01: +0,1406678400
13.209,24,Jul 31 2014 01: +0,1406764800
13.819,23,Aug 01 2014 01: +0,1406851200
13.901,15,Aug 02 2014 01: +0,1406937600
13.115,16,Aug 03 2014 01: +0,1407024000
12.844,21,Aug 04 2014 01: +0,1407110400
13.46,20,Aug 05 2014 01: +0,1407196800
14.018,9,Aug 06 2014 01: +0,1407283200
14.853,12,Aug 07 2014 01: +0,1407369600
13.724,18,Aug 08 2014 01: +0,1407456000
13.872,19,Aug 09 2014 01: +0,1407542400
14.627,11,Aug 10 2014 01: +0,1407628800
14.031,16,Aug 11 2014 01: +0,1407715200
13.552,20,Aug 12 2014 01: +0,1407801600
14.13,9,Aug 13 2014 01: +0,1407888000
13.762,22,Aug 14 2014 01: +0,1407974400
14.89,18,Aug 15 2014 01: +0,1408060800
13.983,18,Aug 16 2014 01: +0,1408147200
12.915,21,Aug 17 2014 01: +0,1408233600
11.209,25,Aug 18 2014 01: +0,1408320000
11.933,13,Aug 19 2014 01: +0,1408406400
12.273,21,Aug 20 2014 01: +0,1408492800
12.696,17,Aug 21 2014 01: +0,1408579200
11.728,27,Aug 22 2014 01: +0,1408665600
12.553,20,Aug 23 2014 01: +0,1408752000
12.442,24,Aug 24 2014 01: +0,1408838400
12.854,14,Aug 25 2014 01: +0,1408924800
13.111,23,Aug 26 2014 01: +0,1409011200
12.106,25,Aug 27 2014 01: +0,1409097600
12.358,19,Aug 28 2014 01: +0,1409184000
12.291,20,Aug 29 2014 01: +0,1409270400
11.912,33,Aug 30 2014 01: +0,1409356800
11.881,15,Aug 31 2014 01: +0,1409443200
12.499,25,Sep 01 2014 01: +0,1409529600
12.903,10,Sep 02 2014 01: +0,1409616000
22.031,70,Sep 03 2014 01: +0,1409702400
19.73,8,Sep 04 2014 01: +0,1409788800
19.833,14,Sep 05 2014 01: +0,1409875200
19.538,13,Sep 06 2014 01: +0,1409961600
18.833,13,Sep 07 2014 01: +0,1410048000
19.896,18,Sep 08 2014 01: +0,1410134400
20.208,15,Sep 09 2014 01: +0,1410220800
21.033,13,Sep 10 2014 01: +0,1410307200
20.93,11,Sep 11 2014 01: +0,1410393600
19.113,12,Sep 12 2014 01: +0,1410480000
16.969,17,Sep 13 2014 01: +0,1410566400
17.225,11,Sep 14 2014 01: +0,1410652800
17.691,12,Sep 15 2014 01: +0,1410739200
17.527,17,Sep 16 2014 01: +0,1410825600
15.618,12,Sep 17 2014 01: +0,1410912000
17.686,8,Sep 18 2014 01: +0,1410998400
16.957,23,Sep 19 2014 01: +0,1411084800
18.823,7,Sep 20 2014 01: +0,1411171200
17.318,12,Sep 21 2014 01: +0,1411257600
18.353,18,Sep 22 2014 01: +0,1411344000
18.424,13,Sep 23 2014 01: +0,1411430400
16.753,11,Sep 24 2014 01: +0,1411516800
17.21,10,Sep 25 2014 01: +0,1411603200
17.407,17,Sep 26 2014 01: +0,1411689600
14.71,19,Sep 27 2014 01: +0,1411776000
17.335,18,Sep 28 2014 01: +0,1411862400
16.634,11,Sep 29 2014 01: +0,1411948800
18.674,21,Sep 30 2014 01: +0,1412035200
19.932,9,Oct 01 2014 01: +0,1412121600
19.301,14,Oct 02 2014 01: +0,1412208000
18.54,18,Oct 03 2014 01: +0,1412294400
16.875,15,Oct 04 2014 01: +0,1412380800
17.621,13,Oct 05 2014 01: +0,1412467200
18.325,15,Oct 06 2014 01: +0,1412553600
18.605,18,Oct 07 2014 01: +0,1412640000
17.227,16,Oct 08 2014 01: +0,1412726400
16.892,19,Oct 09 2014 01: +0,1412812800
18.251,16,Oct 10 2014 01: +0,1412899200
19.141,15,Oct 11 2014 01: +0,1412985600
16.37,13,Oct 12 2014 01: +0,1413072000
16.602,18,Oct 13 2014 01: +0,1413158400
17.897,19,Oct 14 2014 01: +0,1413244800
18.607,9,Oct 15 2014 01: +0,1413331200
17.7,11,Oct 16 2014 01: +0,1413417600
18.395,16,Oct 17 2014 01: +0,1413504000
16.625,16,Oct 18 2014 01: +0,1413590400
16.244,15,Oct 19 2014 01: +0,1413676800
15.836,12,Oct 20 2014 01: +0,1413763200
16.043,8,Oct 21 2014 01: +0,1413849600
15.957,17,Oct 22 2014 01: +0,1413936000
15.76,12,Oct 23 2014 01: +0,1414022400
16.629,17,Oct 24 2014 01: +0,1414108800
17.321,16,Oct 25 2014 01: +0,1414195200
18.591,13,Oct 26 2014 01: +0,1414281600
18.886,6,Oct 27 2014 01: +0,1414371600
18.643,13,Oct 28 2014 01: +0,1414458000
18.507,11,Oct 29 2014 01: +0,1414544400
18.869,11,Oct 30 2014 01: +0,1414630800
17.565,18,Oct 31 2014 01: +0,1414717200
16.507,18,Nov 01 2014 01: +0,1414803600
16.43,16,Nov 02 2014 01: +0,1414890000
16.144,17,Nov 03 2014 01: +0,1414976400
17.579,16,Nov 04 2014 01: +0,1415062800
18.922,7,Nov 05 2014 01: +0,1415149200
16.53,14,Nov 06 2014 01: +0,1415235600
16.336,12,Nov 07 2014 01: +0,1415322000
15.598,23,Nov 08 2014 01: +0,1415408400
17.109,14,Nov 09 2014 01: +0,1415494800
17.209,13,Nov 10 2014 01: +0,1415581200
17.932,12,Nov 11 2014 01: +0,1415667600
14.216,18,Nov 12 2014 01: +0,1415754000
13.029,22,Nov 13 2014 01: +0,1415840400
13.427,10,Nov 14 2014 01: +0,1415926800
13.017,10,Nov 15 2014 01: +0,1416013200
13.399,17,Nov 16 2014 01: +0,1416099600
12.86,14,Nov 17 2014 01: +0,1416186000
13.85,15,Nov 18 2014 01: +0,1416272400
13.511,11,Nov 19 2014 01: +0,1416358800
13.134,16,Nov 20 2014 01: +0,1416445200
14.689,13,Nov 21 2014 01: +0,1416531600
13.311,13,Nov 22 2014 01: +0,1416618000
13.096,16,Nov 23 2014 01: +0,1416704400
13.095,10,Nov 24 2014 01: +0,1416790800
14.382,16,Nov 25 2014 01: +0,1416877200
16.348,10,Nov 26 2014 01: +0,1416963600
16.67,16,Nov 27 2014 01: +0,1417050000
15.418,13,Nov 28 2014 01: +0,1417136400
19.174,14,Nov 29 2014 01: +0,1417222800
13.653,25,Nov 30 2014 01: +0,1417309200
13.689,12,Dec 01 2014 01: +0,1417395600
13.649,13,Dec 02 2014 01: +0,1417482000
15.796,11,Dec 03 2014 01: +0,1417568400
16.736,7,Dec 04 2014 01: +0,1417654800
16.457,9,Dec 05 2014 01: +0,1417741200
17.297,13,Dec 06 2014 01: +0,1417827600
16.784,11,Dec 07 2014 01: +0,1417914000
16.016,14,Dec 08 2014 01: +0,1418000400
15.801,12,Dec 09 2014 01: +0,1418086800
15.226,19,Dec 10 2014 01: +0,1418173200
16.584,22,Dec 11 2014 01: +0,1418259600
17.156,15,Dec 12 2014 01: +0,1418346000
18.715,15,Dec 13 2014 01: +0,1418432400
18.792,8,Dec 14 2014 01: +0,1418518800
18.72,13,Dec 15 2014 01: +0,1418605200
16.081,18,Dec 16 2014 01: +0,1418691600
16.129,16,Dec 17 2014 01: +0,1418778000
17.575,11,Dec 18 2014 01: +0,1418864400
19.081,15,Dec 19 2014 01: +0,1418950800
19.512,13,Dec 20 2014 01: +0,1419037200
18.601,14,Dec 21 2014 01: +0,1419123600
17.103,16,Dec 22 2014 01: +0,1419210000
17.103,13,Dec 23 2014 01: +0,1419296400
19.548,14,Dec 24 2014 01: +0,1419382800
20.285,17,Dec 25 2014 01: +0,1419469200
19.841,14,Dec 26 2014 01: +0,1419555600
20.312,19,Dec 27 2014 01: +0,1419642000
19.456,12,Dec 28 2014 01: +0,1419728400
17.577,13,Dec 29 2014 01: +0,1419814800
19.214,16,Dec 30 2014 01: +0,1419901200
17.353,16,Dec 31 2014 01: +0,1419987600
17.325,16,Jan 01 2015 01: +0,1420074000
17.868,20,Jan 02 2015 01: +0,1420160400
18.408,19,Jan 03 2015 01: +0,1420246800
19.484,12,Jan 04 2015 01: +0,1420333200
20.042,18,Jan 05 2015 01: +0,1420419600
20.273,13,Jan 06 2015 01: +0,1420506000
20.655,11,Jan 07 2015 01: +0,1420592400
19.947,14,Jan 08 2015 01: +0,1420678800
16.689,18,Jan 09 2015 01: +0,1420765200
16.671,19,Jan 10 2015 01: +0,1420851600
15.617,12,Jan 11 2015 01: +0,1420938000
15.937,20,Jan 12 2015 01: +0,1421024400
15.788,16,Jan 13 2015 01: +0,1421110800
17.024,19,Jan 14 2015 01: +0,1421197200
16.23,16,Jan 15 2015 01: +0,1421283600
15.109,16,Jan 16 2015 01: +0,1421370000
14.328,16,Jan 17 2015 01: +0,1421456400
14.777,20,Jan 18 2015 01: +0,1421542800
14.261,21,Jan 19 2015 01: +0,1421629200
14.483,13,Jan 20 2015 01: +0,1421715600
14.911,13,Jan 21 2015 01: +0,1421802000
14.413,22,Jan 22 2015 01: +0,1421888400
15.295,16,Jan 23 2015 01: +0,1421974800
14.767,23,Jan 24 2015 01: +0,1422061200
14.926,23,Jan 25 2015 01: +0,1422147600
14.835,13,Jan 26 2015 01: +0,1422234000
14.046,16,Jan 27 2015 01: +0,1422320400
14.932,9,Jan 28 2015 01: +0,1422406800
14.439,16,Jan 29 2015 01: +0,1422493200
15.041,16,Jan 30 2015 01: +0,1422579600
15.564,14,Jan 31 2015 01: +0,1422666000
15.141,14,Feb 01 2015 01: +0,1422752400
15.034,20,Feb 02 2015 01: +0,1422838800
14.605,14,Feb 03 2015 01: +0,1422925200
15.173,13,Feb 04 2015 01: +0,1423011600
15.234,9,Feb 05 2015 01: +0,1423098000
14.769,22,Feb 06 2015 01: +0,1423184400
15.958,17,Feb 07 2015 01: +0,1423270800
14.58,15,Feb 08 2015 01: +0,1423357200
16.24,12,Feb 09 2015 01: +0,1423443600
17.551,9,Feb 10 2015 01: +0,1423530000
16.175,17,Feb 11 2015 01: +0,1423616400
16.508,9,Feb 12 2015 01: +0,1423702800
15.576,15,Feb 13 2015 01: +0,1423789200
15.001,19,Feb 14 2015 01: +0,1423875600
15.704,15,Feb 15 2015 01: +0,1423962000
14.357,17,Feb 16 2015 01: +0,1424048400
13.96,19,Feb 17 2015 01: +0,1424134800
14.657,14,Feb 18 2015 01: +0,1424221200
14.49,13,Feb 19 2015 01: +0,1424307600
14.746,16,Feb 20 2015 01: +0,1424394000
14.306,13,Feb 21 2015 01: +0,1424480400
14.722,20,Feb 22 2015 01: +0,1424566800
14.817,10,Feb 23 2015 01: +0,1424653200
15.135,14,Feb 24 2015 01: +0,1424739600
17.263,11,Feb 25 2015 01: +0,1424826000
16.447,14,Feb 26 2015 01: +0,1424912400
16.421,17,Feb 27 2015 01: +0,1424998800
14.706,14,Feb 28 2015 01: +0,1425085200
14.916,20,Mar 01 2015 01: +0,1425171600
14.927,15,Mar 02 2015 01: +0,1425258000
13.807,16,Mar 03 2015 01: +0,1425344400
14.125,21,Mar 04 2015 01: +0,1425430800
15.236,13,Mar 05 2015 01: +0,1425517200
14.32,19,Mar 06 2015 01: +0,1425603600
14.706,21,Mar 07 2015 01: +0,1425690000
13.815,23,Mar 08 2015 01: +0,1425776400
14.566,17,Mar 09 2015 01: +0,1425862800
14.916,11,Mar 10 2015 01: +0,1425949200
14.024,14,Mar 11 2015 01: +0,1426035600
14.775,15,Mar 12 2015 01: +0,1426122000
14.268,19,Mar 13 2015 01: +0,1426208400
14.355,20,Mar 14 2015 01: +0,1426294800
14.581,22,Mar 15 2015 01: +0,1426381200
14.262,15,Mar 16 2015 01: +0,1426467600
15.292,8,Mar 17 2015 01: +0,1426554000
14.55,9,Mar 18 2015 01: +0,1426640400
15.372,9,Mar 19 2015 01: +0,1426726800
16.031,13,Mar 20 2015 01: +0,1426813200
14.928,15,Mar 21 2015 01: +0,1426899600
14.145,12,Mar 22 2015 01: +0,1426986000
13.957,18,Mar 23 2015 01: +0,1427072400
15.592,20,Mar 24 2015 01: +0,1427158800
16.114,9,Mar 25 2015 01: +0,1427245200
16.304,12,Mar 26 2015 01: +0,1427331600
15.55,19,Mar 27 2015 01: +0,1427418000
17.017,17,Mar 28 2015 01: +0,1427504400
17.092,12,Mar 29 2015 01: +0,1427590800
16.862,17,Mar 30 2015 01: +0,1427673600
17.738,17,Mar 31 2015 01: +0,1427760000
15.471,17,Apr 01 2015 01: +0,1427846400
16.332,12,Apr 02 2015 01: +0,1427932800
14.721,14,Apr 03 2015 01: +0,1428019200
13.957,34,Apr 04 2015 01: +0,1428105600
15.224,17,Apr 05 2015 01: +0,1428192000
15.365,16,Apr 06 2015 01: +0,1428278400
16.635,18,Apr 07 2015 01: +0,1428364800
18.323,17,Apr 08 2015 01: +0,1428451200
17.795,8,Apr 09 2015 01: +0,1428537600
18.084,10,Apr 10 2015 01: +0,1428624000
17.378,21,Apr 11 2015 01: +0,1428710400
18.535,12,Apr 12 2015 01: +0,1428796800
17.265,11,Apr 13 2015 01: +0,1428883200
14.927,8,Apr 14 2015 01: +0,1428969600
14.138,16,Apr 15 2015 01: +0,1429056000
11.783,25,Apr 16 2015 01: +0,1429142400
11.86,24,Apr 17 2015 01: +0,1429228800
13.045,18,Apr 18 2015 01: +0,1429315200
13.767,11,Apr 19 2015 01: +0,1429401600
10.467,23,Apr 20 2015 01: +0,1429488000
11.347,14,Apr 21 2015 01: +0,1429574400
10.32,21,Apr 22 2015 01: +0,1429660800
10.886,24,Apr 23 2015 01: +0,1429747200
11.811,19,Apr 24 2015 01: +0,1429833600
11.464,25,Apr 25 2015 01: +0,1429920000
12.268,20,Apr 26 2015 01: +0,1430006400
12.356,12,Apr 27 2015 01: +0,1430092800
11.602,14,Apr 28 2015 01: +0,1430179200
12.113,14,Apr 29 2015 01: +0,1430265600
13.093,14,Apr 30 2015 01: +0,1430352000
10.287,23,May 01 2015 01: +0,1430438400
12.811,19,May 02 2015 01: +0,1430524800
12.415,22,May 03 2015 01: +0,1430611200
12.672,17,May 04 2015 01: +0,1430697600
12.604,16,May 05 2015 01: +0,1430784000
12.613,13,May 06 2015 01: +0,1430870400
12.278,12,May 07 2015 01: +0,1430956800
13.256,14,May 08 2015 01: +0,1431043200
12.786,18,May 09 2015 01: +0,1431129600
12.543,13,May 10 2015 01: +0,1431216000
12.427,15,May 11 2015 01: +0,1431302400
13.547,15,May 12 2015 01: +0,1431388800
14.596,10,May 13 2015 01: +0,1431475200
12.813,12,May 14 2015 01: +0,1431561600
12.426,21,May 15 2015 01: +0,1431648000
13.852,21,May 16 2015 01: +0,1431734400
12.34,19,May 17 2015 01: +0,1431820800
12.707,20,May 18 2015 01: +0,1431907200
12.79,11,May 19 2015 01: +0,1431993600
11.945,14,May 20 2015 01: +0,1432080000
11.702,9,May 21 2015 01: +0,1432166400
12.683,16,May 22 2015 01: +0,1432252800
13.566,16,May 23 2015 01: +0,1432339200
13.189,15,May 24 2015 01: +0,1432425600
12.933,11,May 25 2015 01: +0,1432512000
12.132,12,May 26 2015 01: +0,1432598400
10.101,27,May 27 2015 01: +0,1432684800
10.846,15,May 28 2015 01: +0,1432771200
12.459,14,May 29 2015 01: +0,1432857600
11.949,16,May 30 2015 01: +0,1432944000
11.949,13,May 31 2015 01: +0,1433030400
12.226,23,Jun 01 2015 01: +0,1433116800
12.766,19,Jun 02 2015 01: +0,1433203200
11.981,12,Jun 03 2015 01: +0,1433289600
11.898,15,Jun 04 2015 01: +0,1433376000
11.626,21,Jun 05 2015 01: +0,1433462400
11.422,12,Jun 06 2015 01: +0,1433548800
10.952,22,Jun 07 2015 01: +0,1433635200
11.376,14,Jun 08 2015 01: +0,1433721600
10.971,20,Jun 09 2015 01: +0,1433808000
12.16,14,Jun 10 2015 01: +0,1433894400
11.166,17,Jun 11 2015 01: +0,1433980800
12.094,17,Jun 12 2015 01: +0,1434067200
11.69,12,Jun 13 2015 01: +0,1434153600
10.814,19,Jun 14 2015 01: +0,1434240000
11.376,17,Jun 15 2015 01: +0,1434326400
13.347,10,Jun 16 2015 01: +0,1434412800
11.099,21,Jun 17 2015 01: +0,1434499200
12.047,17,Jun 18 2015 01: +0,1434585600
12.027,15,Jun 19 2015 01: +0,1434672000
11.427,18,Jun 20 2015 01: +0,1434758400
11.756,25,Jun 21 2015 01: +0,1434844800
11.637,13,Jun 22 2015 01: +0,1434931200
11.329,11,Jun 23 2015 01: +0,1435017600
11.278,25,Jun 24 2015 01: +0,1435104000
11.904,14,Jun 25 2015 01: +0,1435190400
11.969,24,Jun 26 2015 01: +0,1435276800
13.923,26,Jun 27 2015 01: +0,1435363200
13.76,11,Jun 28 2015 01: +0,1435449600
14.889,14,Jun 29 2015 01: +0,1435536000
14.716,12,Jun 30 2015 01: +0,1435622400
14.704,16,Jul 01 2015 01: +0,1435708800
13.719,12,Jul 02 2015 01: +0,1435795200
14.451,24,Jul 03 2015 01: +0,1435881600
16.678,16,Jul 04 2015 01: +0,1435968000
15.678,6,Jul 05 2015 01: +0,1436054400
15.423,20,Jul 06 2015 01: +0,1436140800
15.811,8,Jul 07 2015 01: +0,1436227200
15.731,8,Jul 08 2015 01: +0,1436313600
15.19,10,Jul 09 2015 01: +0,1436400000
15.738,10,Jul 10 2015 01: +0,1436486400
16.116,10,Jul 11 2015 01: +0,1436572800
14.476,13,Jul 12 2015 01: +0,1436659200
15.462,15,Jul 13 2015 01: +0,1436745600
14.24,8,Jul 14 2015 01: +0,1436832000
14.202,10,Jul 15 2015 01: +0,1436918400
14.292,11,Jul 16 2015 01: +0,1437004800
16.175,9,Jul 17 2015 01: +0,1437091200
13.241,13,Jul 18 2015 01: +0,1437177600
14.279,13,Jul 19 2015 01: +0,1437264000
14.606,10,Jul 20 2015 01: +0,1437350400
15.546,11,Jul 21 2015 01: +0,1437436800
13.386,11,Jul 22 2015 01: +0,1437523200
13.652,12,Jul 23 2015 01: +0,1437609600
15.585,9,Jul 24 2015 01: +0,1437696000
13.796,18,Jul 25 2015 01: +0,1437782400
13.096,14,Jul 26 2015 01: +0,1437868800
13.111,13,Jul 27 2015 01: +0,1437955200
14.18,16,Jul 28 2015 01: +0,1438041600
13.577,6,Jul 29 2015 01: +0,1438128000
13.845,11,Jul 30 2015 01: +0,1438214400
14.512,15,Jul 31 2015 01: +0,1438300800
14.131,8,Aug 01 2015 01: +0,1438387200
12.665,15,Aug 02 2015 01: +0,1438473600
13.736,16,Aug 03 2015 01: +0,1438560000
14.625,9,Aug 04 2015 01: +0,1438646400
14.228,11,Aug 05 2015 01: +0,1438732800
13.836,10,Aug 06 2015 01: +0,1438819200
14.378,9,Aug 07 2015 01: +0,1438905600
15.586,7,Aug 08 2015 01: +0,1438992000
14.508,13,Aug 09 2015 01: +0,1439078400
14.889,13,Aug 10 2015 01: +0,1439164800
14.389,10,Aug 11 2015 01: +0,1439251200
15.032,13,Aug 12 2015 01: +0,1439337600
14.539,15,Aug 13 2015 01: +0,1439424000
13.526,13,Aug 14 2015 01: +0,1439510400
14.6,16,Aug 15 2015 01: +0,1439596800
13.301,18,Aug 16 2015 01: +0,1439683200
14.223,15,Aug 17 2015 01: +0,1439769600
14.46,11,Aug 18 2015 01: +0,1439856000
14.023,13,Aug 19 2015 01: +0,1439942400
13.532,15,Aug 20 2015 01: +0,1440028800
14.642,13,Aug 21 2015 01: +0,1440115200
16.324,13,Aug 22 2015 01: +0,1440201600
13.52,9,Aug 23 2015 01: +0,1440288000
13.029,20,Aug 24 2015 01: +0,1440374400
15.384,9,Aug 25 2015 01: +0,1440460800
16.339,11,Aug 26 2015 01: +0,1440547200
16.405,7,Aug 27 2015 01: +0,1440633600
15.33,12,Aug 28 2015 01: +0,1440720000
14.695,17,Aug 29 2015 01: +0,1440806400
14.595,19,Aug 30 2015 01: +0,1440892800
16.443,17,Aug 31 2015 01: +0,1440979200
18.412,7,Sep 01 2015 01: +0,1441065600
17.271,5,Sep 02 2015 01: +0,1441152000
16.422,9,Sep 03 2015 01: +0,1441238400
16.058,15,Sep 04 2015 01: +0,1441324800
17.564,12,Sep 05 2015 01: +0,1441411200
16.729,13,Sep 06 2015 01: +0,1441497600
18.763,5,Sep 07 2015 01: +0,1441584000
16.37,12,Sep 08 2015 01: +0,1441670400
16.074,9,Sep 09 2015 01: +0,1441756800
16.951,15,Sep 10 2015 01: +0,1441843200
17.348,11,Sep 11 2015 01: +0,1441929600
17.243,13,Sep 12 2015 01: +0,1442016000
15.831,12,Sep 13 2015 01: +0,1442102400
15.244,10,Sep 14 2015 01: +0,1442188800
16.269,13,Sep 15 2015 01: +0,1442275200
16.138,10,Sep 16 2015 01: +0,1442361600
18.285,13,Sep 17 2015 01: +0,1442448000
17.004,13,Sep 18 2015 01: +0,1442534400
14.369,12,Sep 19 2015 01: +0,1442620800
15.256,11,Sep 20 2015 01: +0,1442707200
16.941,9,Sep 21 2015 01: +0,1442793600
15.838,11,Sep 22 2015 01: +0,1442880000
15.1,3,Sep 23 2015 01: +0,1442966400
14.715,7,Sep 24 2015 01: +0,1443052800
14.646,10,Sep 25 2015 01: +0,1443139200
15.714,15,Sep 26 2015 01: +0,1443225600
16.46,8,Sep 27 2015 01: +0,1443312000
14.441,16,Sep 28 2015 01: +0,1443398400
15.62,13,Sep 29 2015 01: +0,1443484800
15.019,13,Sep 30 2015 01: +0,1443571200
14.272,9,Oct 01 2015 01: +0,1443657600
15.78,9,Oct 02 2015 01: +0,1443744000
15.037,12,Oct 03 2015 01: +0,1443830400
15.018,9,Oct 04 2015 01: +0,1443916800
15.905,16,Oct 05 2015 01: +0,1444003200
14.956,9,Oct 06 2015 01: +0,1444089600
16.025,10,Oct 07 2015 01: +0,1444176000
15.804,8,Oct 08 2015 01: +0,1444262400
15.805,14,Oct 09 2015 01: +0,1444348800
16.335,20,Oct 10 2015 01: +0,1444435200
16.869,10,Oct 11 2015 01: +0,1444521600
14.828,15,Oct 12 2015 01: +0,1444608000
17.07,3,Oct 13 2015 01: +0,1444694400
16.459,8,Oct 14 2015 01: +0,1444780800
15.462,8,Oct 15 2015 01: +0,1444867200
14.986,6,Oct 16 2015 01: +0,1444953600
17.154,8,Oct 17 2015 01: +0,1445040000
16.331,7,Oct 18 2015 01: +0,1445126400
17.105,10,Oct 19 2015 01: +0,1445212800
17.456,9,Oct 20 2015 01: +0,1445299200
17.038,7,Oct 21 2015 01: +0,1445385600
17.209,5,Oct 22 2015 01: +0,1445472000
15.36,12,Oct 23 2015 01: +0,1445558400
15.597,9,Oct 24 2015 01: +0,1445644800
13.909,18,Oct 25 2015 01: +0,1445731200
15.02,9,Oct 26 2015 01: +0,1445821200
13.347,16,Oct 27 2015 01: +0,1445907600
13.475,9,Oct 28 2015 01: +0,1445994000
13.393,10,Oct 29 2015 01: +0,1446080400
14.693,13,Oct 30 2015 01: +0,1446166800
15.87,16,Oct 31 2015 01: +0,1446253200
16.703,8,Nov 01 2015 01: +0,1446339600
14.407,9,Nov 02 2015 01: +0,1446426000
15.44,13,Nov 03 2015 01: +0,1446512400
15.422,7,Nov 04 2015 01: +0,1446598800
14.705,10,Nov 05 2015 01: +0,1446685200
16.709,12,Nov 06 2015 01: +0,1446771600
18.09,12,Nov 07 2015 01: +0,1446858000
14.21,14,Nov 08 2015 01: +0,1446944400
14.742,7,Nov 09 2015 01: +0,1447030800
14.424,6,Nov 10 2015 01: +0,1447117200
14.639,17,Nov 11 2015 01: +0,1447203600
15.763,11,Nov 12 2015 01: +0,1447290000
15.116,10,Nov 13 2015 01: +0,1447376400
17.087,14,Nov 14 2015 01: +0,1447462800
16.954,13,Nov 15 2015 01: +0,1447549200
16.156,6,Nov 16 2015 01: +0,1447635600
16.393,6,Nov 17 2015 01: +0,1447722000
16.257,9,Nov 18 2015 01: +0,1447808400
17.346,3,Nov 19 2015 01: +0,1447894800
17.024,10,Nov 20 2015 01: +0,1447981200
17.752,9,Nov 21 2015 01: +0,1448067600
17.04,4,Nov 22 2015 01: +0,1448154000
15.885,4,Nov 23 2015 01: +0,1448240400
17.314,6,Nov 24 2015 01: +0,1448326800
15.769,11,Nov 25 2015 01: +0,1448413200
14.858,17,Nov 26 2015 01: +0,1448499600
18.288,12,Nov 27 2015 01: +0,1448586000
14.93,10,Nov 28 2015 01: +0,1448672400
15.837,14,Nov 29 2015 01: +0,1448758800
16.258,7,Nov 30 2015 01: +0,1448845200
16.969,9,Dec 01 2015 01: +0,1448931600
16.906,10,Dec 02 2015 01: +0,1449018000
25.83,6,Dec 03 2015 01: +0,1449104400
18.419,3,Dec 04 2015 01: +0,1449190800
18.871,9,Dec 05 2015 01: +0,1449277200
18.738,7,Dec 06 2015 01: +0,1449363600
18.342,10,Dec 07 2015 01: +0,1449450000
17.692,11,Dec 08 2015 01: +0,1449536400
18.051,9,Dec 09 2015 01: +0,1449622800
16.432,5,Dec 10 2015 01: +0,1449709200
15.997,7,Dec 11 2015 01: +0,1449795600
14.943,9,Dec 12 2015 01: +0,1449882000
15.337,11,Dec 13 2015 01: +0,1449968400
15.958,7,Dec 14 2015 01: +0,1450054800
15.642,5,Dec 15 2015 01: +0,1450141200
16.017,9,Dec 16 2015 01: +0,1450227600
16.599,10,Dec 17 2015 01: +0,1450314000
17.479,11,Dec 18 2015 01: +0,1450400400
15.732,5,Dec 19 2015 01: +0,1450486800
15.882,11,Dec 20 2015 01: +0,1450573200
16.397,8,Dec 21 2015 01: +0,1450659600
16.516,6,Dec 22 2015 01: +0,1450746000
16.185,8,Dec 23 2015 01: +0,1450832400
13.344,9,Dec 24 2015 01: +0,1450918800
19.045,14,Dec 25 2015 01: +0,1451005200
17.313,11,Dec 26 2015 01: +0,1451091600
17.707,8,Dec 27 2015 01: +0,1451178000
16.087,8,Dec 28 2015 01: +0,1451264400
16.92,11,Dec 29 2015 01: +0,1451350800
20.006,8,Dec 30 2015 01: +0,1451437200
16.577,8,Dec 31 2015 01: +0,1451523600
15.673,12,Jan 01 2016 01: +0,1451610000
16.002,10,Jan 02 2016 01: +0,1451696400
16.303,10,Jan 03 2016 01: +0,1451782800
16.684,6,Jan 04 2016 01: +0,1451869200
16.593,8,Jan 05 2016 01: +0,1451955600
16.284,6,Jan 06 2016 01: +0,1452042000
16.314,6,Jan 07 2016 01: +0,1452128400
15.921,5,Jan 08 2016 01: +0,1452214800
16.776,9,Jan 09 2016 01: +0,1452301200
17.028,12,Jan 10 2016 01: +0,1452387600
16.041,8,Jan 11 2016 01: +0,1452474000
15.426,10,Jan 12 2016 01: +0,1452560400
18.497,8,Jan 13 2016 01: +0,1452646800
16.073,9,Jan 14 2016 01: +0,1452733200
15.144,10,Jan 15 2016 01: +0,1452819600
15.708,12,Jan 16 2016 01: +0,1452906000
15.845,16,Jan 17 2016 01: +0,1452992400
15.701,7,Jan 18 2016 01: +0,1453078800
17.987,9,Jan 19 2016 01: +0,1453165200
16.09,6,Jan 20 2016 01: +0,1453251600
16.445,10,Jan 21 2016 01: +0,1453338000
16.606,6,Jan 22 2016 01: +0,1453424400
15.099,15,Jan 23 2016 01: +0,1453510800
14.721,10,Jan 24 2016 01: +0,1453597200
16.049,8,Jan 25 2016 01: +0,1453683600
18.431,9,Jan 26 2016 01: +0,1453770000
17.493,5,Jan 27 2016 01: +0,1453856400
16.674,6,Jan 28 2016 01: +0,1453942800
16.572,10,Jan 29 2016 01: +0,1454029200
20.228,10,Jan 30 2016 01: +0,1454115600
18.028,9,Jan 31 2016 01: +0,1454202000
24.743,9,Feb 01 2016 01: +0,1454288400
18.558,4,Feb 02 2016 01: +0,1454374800
20.233,11,Feb 03 2016 01: +0,1454461200
17.511,9,Feb 04 2016 01: +0,1454547600
20.648,6,Feb 05 2016 01: +0,1454634000
17.098,10,Feb 06 2016 01: +0,1454720400
20.458,11,Feb 07 2016 01: +0,1454806800
15.98,10,Feb 08 2016 01: +0,1454893200
16.251,9,Feb 09 2016 01: +0,1454979600
16.263,11,Feb 10 2016 01: +0,1455066000
19.182,10,Feb 11 2016 01: +0,1455152400
15.928,9,Feb 12 2016 01: +0,1455238800
15.647,12,Feb 13 2016 01: +0,1455325200
18.22,8,Feb 14 2016 01: +0,1455411600
19.36,4,Feb 15 2016 01: +0,1455498000
17.635,6,Feb 16 2016 01: +0,1455584400
18.175,9,Feb 17 2016 01: +0,1455670800
16.397,12,Feb 18 2016 01: +0,1455757200
17.316,7,Feb 19 2016 01: +0,1455843600
17.459,14,Feb 20 2016 01: +0,1455930000
17.387,10,Feb 21 2016 01: +0,1456016400
17.906,9,Feb 22 2016 01: +0,1456102800
17.165,6,Feb 23 2016 01: +0,1456189200
17.83,12,Feb 24 2016 01: +0,1456275600
17.533,4,Feb 25 2016 01: +0,1456362000
18.479,11,Feb 26 2016 01: +0,1456448400
18.595,5,Feb 27 2016 01: +0,1456534800
20.246,5,Feb 28 2016 01: +0,1456621200
19.866,5,Feb 29 2016 01: +0,1456707600
20.526,5,Mar 01 2016 01: +0,1456794000
19.077,5,Mar 02 2016 01: +0,1456880400
20.797,3,Mar 03 2016 01: +0,1456966800
28.627,8,Mar 04 2016 01: +0,1457053200
22.705,9,Mar 05 2016 01: +0,1457139600
19.83,7,Mar 06 2016 01: +0,1457226000
21.202,6,Mar 07 2016 01: +0,1457312400
19.323,11,Mar 08 2016 01: +0,1457398800
19.575,11,Mar 09 2016 01: +0,1457485200
16.757,8,Mar 10 2016 01: +0,1457571600
16.014,11,Mar 11 2016 01: +0,1457658000
17.477,8,Mar 12 2016 01: +0,1457744400
19.486,6,Mar 13 2016 01: +0,1457830800
18.651,8,Mar 14 2016 01: +0,1457917200
18.005,3,Mar 15 2016 01: +0,1458003600
23.721,10,Mar 16 2016 01: +0,1458090000
19.408,6,Mar 17 2016 01: +0,1458176400
22.179,11,Mar 18 2016 01: +0,1458262800
21.604,7,Mar 19 2016 01: +0,1458349200
21.273,5,Mar 20 2016 01: +0,1458435600
20.8,8,Mar 21 2016 01: +0,1458522000
21.795,3,Mar 22 2016 01: +0,1458608400
19.571,3,Mar 23 2016 01: +0,1458694800
18.179,7,Mar 24 2016 01: +0,1458781200
19.369,6,Mar 25 2016 01: +0,1458867600
18.039,2,Mar 26 2016 01: +0,1458954000
19.222,8,Mar 27 2016 01: +0,1459040400
19.276,11,Mar 28 2016 01: +0,1459123200
21.766,6,Mar 29 2016 01: +0,1459209600
24.148,4,Mar 30 2016 01: +0,1459296000
17.687,5,Mar 31 2016 01: +0,1459382400
20.082,6,Apr 01 2016 01: +0,1459468800
19.163,5,Apr 02 2016 01: +0,1459555200
20.086,13,Apr 03 2016 01: +0,1459641600
23.028,13,Apr 04 2016 01: +0,1459728000
21.085,6,Apr 05 2016 01: +0,1459814400
25.319,8,Apr 06 2016 01: +0,1459900800
26.284,6,Apr 07 2016 01: +0,1459987200
22.188,6,Apr 08 2016 01: +0,1460073600
24.389,3,Apr 09 2016 01: +0,1460160000
24.291,5,Apr 10 2016 01: +0,1460246400
23.661,4,Apr 11 2016 01: +0,1460332800
20.626,5,Apr 12 2016 01: +0,1460419200
21.908,5,Apr 13 2016 01: +0,1460505600
22.656,5,Apr 14 2016 01: +0,1460592000
23.977,1,Apr 15 2016 01: +0,1460678400
24.964,3,Apr 16 2016 01: +0,1460764800
22.67,8,Apr 17 2016 01: +0,1460851200
22.835,2,Apr 18 2016 01: +0,1460937600
20.365,4,Apr 19 2016 01: +0,1461024000
21.151,3,Apr 20 2016 01: +0,1461110400
21.163,6,Apr 21 2016 01: +0,1461196800
19.452,7,Apr 22 2016 01: +0,1461283200
20.714,11,Apr 23 2016 01: +0,1461369600
20.326,3,Apr 24 2016 01: +0,1461456000
19.52,10,Apr 25 2016 01: +0,1461542400
20.6,12,Apr 26 2016 01: +0,1461628800
20.972,5,Apr 27 2016 01: +0,1461715200
21.212,6,Apr 28 2016 01: +0,1461801600
21.335,12,Apr 29 2016 01: +0,1461888000
18.042,6,Apr 30 2016 01: +0,1461974400
21.171,11,May 01 2016 01: +0,1462060800
20.949,6,May 02 2016 01: +0,1462147200
20.46,5,May 03 2016 01: +0,1462233600
19.11,6,May 04 2016 01: +0,1462320000
22.393,5,May 05 2016 01: +0,1462406400
20.03,7,May 06 2016 01: +0,1462492800
20.302,6,May 07 2016 01: +0,1462579200
19.577,6,May 08 2016 01: +0,1462665600
18.855,10,May 09 2016 01: +0,1462752000
21.674,7,May 10 2016 01: +0,1462838400
20.445,7,May 11 2016 01: +0,1462924800
22.093,10,May 12 2016 01: +0,1463011200
24.665,4,May 13 2016 01: +0,1463097600
23.267,6,May 14 2016 01: +0,1463184000
20.759,7,May 15 2016 01: +0,1463270400
17.259,6,May 16 2016 01: +0,1463356800
17.748,9,May 17 2016 01: +0,1463443200
18.374,5,May 18 2016 01: +0,1463529600
19.699,2,May 19 2016 01: +0,1463616000
15.832,7,May 20 2016 01: +0,1463702400
17.571,9,May 21 2016 01: +0,1463788800
17.138,5,May 22 2016 01: +0,1463875200
18.363,7,May 23 2016 01: +0,1463961600
19.081,7,May 24 2016 01: +0,1464048000
16.961,8,May 25 2016 01: +0,1464134400
17.072,11,May 26 2016 01: +0,1464220800
17.213,7,May 27 2016 01: +0,1464307200
16.496,9,May 28 2016 01: +0,1464393600
17.898,8,May 29 2016 01: +0,1464480000
20.65,7,May 30 2016 01: +0,1464566400
21.347,3,May 31 2016 01: +0,1464652800
19.414,9,Jun 01 2016 01: +0,1464739200
18.813,10,Jun 02 2016 01: +0,1464825600
18.333,5,Jun 03 2016 01: +0,1464912000
18.345,7,Jun 04 2016 01: +0,1464998400
16.319,8,Jun 05 2016 01: +0,1465084800
17.135,6,Jun 06 2016 01: +0,1465171200
15.621,4,Jun 07 2016 01: +0,1465257600
17.205,8,Jun 08 2016 01: +0,1465344000
16.432,6,Jun 09 2016 01: +0,1465430400
16.292,5,Jun 10 2016 01: +0,1465516800
17.537,5,Jun 11 2016 01: +0,1465603200
18.594,2,Jun 12 2016 01: +0,1465689600
18.207,3,Jun 13 2016 01: +0,1465776000
17.76,8,Jun 14 2016 01: +0,1465862400
18.118,2,Jun 15 2016 01: +0,1465948800
15.975,4,Jun 16 2016 01: +0,1466035200
15.662,4,Jun 17 2016 01: +0,1466121600
16.085,7,Jun 18 2016 01: +0,1466208000
19.116,1,Jun 19 2016 01: +0,1466294400
16.165,8,Jun 20 2016 01: +0,1466380800
14.553,3,Jun 21 2016 01: +0,1466467200
16.812,5,Jun 22 2016 01: +0,1466553600
28.31,10,Jun 23 2016 01: +0,1466640000
16.832,5,Jun 24 2016 01: +0,1466726400
14.661,5,Jun 25 2016 01: +0,1466812800
15.428,17,Jun 26 2016 01: +0,1466899200
14.653,8,Jun 27 2016 01: +0,1466985600
13.329,10,Jun 28 2016 01: +0,1467072000
13.916,7,Jun 29 2016 01: +0,1467158400
13.984,8,Jun 30 2016 01: +0,1467244800
13.591,8,Jul 01 2016 01: +0,1467331200
12.68,6,Jul 02 2016 01: +0,1467417600
14.301,8,Jul 03 2016 01: +0,1467504000
12.942,7,Jul 04 2016 01: +0,1467590400
12.903,6,Jul 05 2016 01: +0,1467676800
14.227,12,Jul 06 2016 01: +0,1467763200
16.167,6,Jul 07 2016 01: +0,1467849600
15.779,9,Jul 08 2016 01: +0,1467936000
16.238,5,Jul 09 2016 01: +0,1468022400
16.742,7,Jul 10 2016 01: +0,1468108800
20.605,2,Jul 11 2016 01: +0,1468195200
17.195,5,Jul 12 2016 01: +0,1468281600
19.306,2,Jul 13 2016 01: +0,1468368000
13.661,4,Jul 14 2016 01: +0,1468454400
16.17,8,Jul 15 2016 01: +0,1468540800
16.517,7,Jul 16 2016 01: +0,1468627200
16.775,7,Jul 17 2016 01: +0,1468713600
15.38,5,Jul 18 2016 01: +0,1468800000
15.251,7,Jul 19 2016 01: +0,1468886400
14.411,9,Jul 20 2016 01: +0,1468972800
15.188,3,Jul 21 2016 01: +0,1469059200
16.145,5,Jul 22 2016 01: +0,1469145600
22.242,5,Jul 23 2016 01: +0,1469232000
20.591,2,Jul 24 2016 01: +0,1469318400
16.259,2,Jul 25 2016 01: +0,1469404800
16.03,7,Jul 26 2016 01: +0,1469491200
16.417,4,Jul 27 2016 01: +0,1469577600
16.481,7,Jul 28 2016 01: +0,1469664000
16.219,6,Jul 29 2016 01: +0,1469750400
15.075,4,Jul 30 2016 01: +0,1469836800
14.926,2,Jul 31 2016 01: +0,1469923200
15.487,5,Aug 01 2016 01: +0,1470009600
14.42,6,Aug 02 2016 01: +0,1470096000
16.266,3,Aug 03 2016 01: +0,1470182400
16.947,11,Aug 04 2016 01: +0,1470268800
15.565,4,Aug 05 2016 01: +0,1470355200
16.862,5,Aug 06 2016 01: +0,1470441600
15.008,4,Aug 07 2016 01: +0,1470528000
14.062,6,Aug 08 2016 01: +0,1470614400
15.036,6,Aug 09 2016 01: +0,1470700800
16.168,8,Aug 10 2016 01: +0,1470787200
14.941,4,Aug 11 2016 01: +0,1470873600
16.084,4,Aug 12 2016 01: +0,1470960000
16.757,7,Aug 13 2016 01: +0,1471046400
17.738,8,Aug 14 2016 01: +0,1471132800
21.543,7,Aug 15 2016 01: +0,1471219200
19.346,2,Aug 16 2016 01: +0,1471305600
19.426,8,Aug 17 2016 01: +0,1471392000
23.149,3,Aug 18 2016 01: +0,1471478400
14.684,4,Aug 19 2016 01: +0,1471564800
16.491,4,Aug 20 2016 01: +0,1471651200
15.881,4,Aug 21 2016 01: +0,1471737600
17.642,4,Aug 22 2016 01: +0,1471824000
15.896,2,Aug 23 2016 01: +0,1471910400
17.644,1,Aug 24 2016 01: +0,1471996800
17.539,3,Aug 25 2016 01: +0,1472083200
16.943,5,Aug 26 2016 01: +0,1472169600
15.118,6,Aug 27 2016 01: +0,1472256000
16.071,7,Aug 28 2016 01: +0,1472342400
14.99,3,Aug 29 2016 01: +0,1472428800
14.037,8,Aug 30 2016 01: +0,1472515200
14.653,7,Aug 31 2016 01: +0,1472601600
15.039,4,Sep 01 2016 01: +0,1472688000
15.498,6,Sep 02 2016 01: +0,1472774400
16.34,8,Sep 03 2016 01: +0,1472860800
17.022,6,Sep 04 2016 01: +0,1472947200
15.987,7,Sep 05 2016 01: +0,1473033600
17.278,2,Sep 06 2016 01: +0,1473120000
16.45,3,Sep 07 2016 01: +0,1473206400
16.285,3,Sep 08 2016 01: +0,1473292800
14.766,5,Sep 09 2016 01: +0,1473379200
15.459,7,Sep 10 2016 01: +0,1473465600
17.588,7,Sep 11 2016 01: +0,1473552000
15.879,4,Sep 12 2016 01: +0,1473638400
14.95,6,Sep 13 2016 01: +0,1473724800
16.095,5,Sep 14 2016 01: +0,1473811200
16.704,7,Sep 15 2016 01: +0,1473897600
14.708,4,Sep 16 2016 01: +0,1473984000
13.722,12,Sep 17 2016 01: +0,1474070400
13.458,5,Sep 18 2016 01: +0,1474156800
13.709,9,Sep 19 2016 01: +0,1474243200
14.438,4,Sep 20 2016 01: +0,1474329600
15.421,7,Sep 21 2016 01: +0,1474416000
15.878,4,Sep 22 2016 01: +0,1474502400
14.248,6,Sep 23 2016 01: +0,1474588800
15.702,7,Sep 24 2016 01: +0,1474675200
14.707,9,Sep 25 2016 01: +0,1474761600
29.585,4,Sep 26 2016 01: +0,1474848000
14.024,5,Sep 27 2016 01: +0,1474934400
14.371,2,Sep 28 2016 01: +0,1475020800
14.624,9,Sep 29 2016 01: +0,1475107200
14.806,7,Sep 30 2016 01: +0,1475193600
15.418,2,Oct 02 2016 01: +0,1475366400
15.069,4,Oct 03 2016 01: +0,1475452800
15.694,3,Oct 04 2016 01: +0,1475539200
15.998,7,Oct 05 2016 01: +0,1475625600
15.411,6,Oct 06 2016 01: +0,1475712000
14.358,5,Oct 07 2016 01: +0,1475798400
13.476,6,Oct 08 2016 01: +0,1475884800
13.512,11,Oct 09 2016 01: +0,1475971200
13.65,7,Oct 10 2016 01: +0,1476057600
14.615,3,Oct 11 2016 01: +0,1476144000
14.438,2,Oct 12 2016 01: +0,1476230400
15.712,3,Oct 13 2016 01: +0,1476316800
15.68,3,Oct 14 2016 01: +0,1476403200
15.611,4,Oct 15 2016 01: +0,1476489600
16.152,10,Oct 16 2016 01: +0,1476576000
16.309,5,Oct 17 2016 01: +0,1476662400
18.225,2,Oct 18 2016 01: +0,1476748800
18.389,5,Oct 19 2016 01: +0,1476835200
17.909,5,Oct 20 2016 01: +0,1476921600
18.955,2,Oct 21 2016 01: +0,1477008000
16.564,6,Oct 22 2016 01: +0,1477094400
14.704,7,Oct 23 2016 01: +0,1477180800
18.891,4,Oct 24 2016 01: +0,1477267200
15.437,4,Oct 25 2016 01: +0,1477353600
14.521,5,Oct 26 2016 01: +0,1477440000
13.739,4,Oct 27 2016 01: +0,1477526400
13.372,9,Oct 28 2016 01: +0,1477612800
17.416,1,Oct 29 2016 01: +0,1477699200
13.544,4,Oct 30 2016 01: +0,1477785600
13.696,3,Oct 31 2016 01: +0,1477875600
13.254,5,Nov 01 2016 01: +0,1477962000
13.285,3,Nov 02 2016 01: +0,1478048400
13.307,9,Nov 03 2016 01: +0,1478134800
13.956,10,Nov 04 2016 01: +0,1478221200
15.241,5,Nov 05 2016 01: +0,1478307600
14.027,5,Nov 06 2016 01: +0,1478394000
14.359,5,Nov 07 2016 01: +0,1478480400
14.784,4,Nov 08 2016 01: +0,1478566800
14.891,3,Nov 09 2016 01: +0,1478653200
14.281,6,Nov 10 2016 01: +0,1478739600
13.869,5,Nov 11 2016 01: +0,1478826000
14.68,10,Nov 12 2016 01: +0,1478912400
16.186,4,Nov 13 2016 01: +0,1478998800
16.534,1,Nov 14 2016 01: +0,1479085200
16.818,4,Nov 15 2016 01: +0,1479171600
17.122,2,Nov 16 2016 01: +0,1479258000
14.637,4,Nov 17 2016 01: +0,1479344400
16.105,3,Nov 18 2016 01: +0,1479430800
16.386,1,Nov 19 2016 01: +0,1479517200
16.041,4,Nov 20 2016 01: +0,1479603600
14.889,2,Nov 21 2016 01: +0,1479690000
17.589,3,Nov 22 2016 01: +0,1479776400
17.689,4,Nov 23 2016 01: +0,1479862800
17.368,2,Nov 24 2016 01: +0,1479949200
14.389,4,Nov 25 2016 01: +0,1480035600
13.353,6,Nov 26 2016 01: +0,1480122000
12.189,6,Nov 27 2016 01: +0,1480208400
13.891,5,Nov 28 2016 01: +0,1480294800
12.832,10,Nov 29 2016 01: +0,1480381200
14.747,2,Nov 30 2016 01: +0,1480467600
13.912,3,Dec 01 2016 01: +0,1480554000
15.004,3,Dec 02 2016 01: +0,1480640400
15.567,3,Dec 03 2016 01: +0,1480726800
14.818,6,Dec 04 2016 01: +0,1480813200
15.206,10,Dec 05 2016 01: +0,1480899600
15.042,6,Dec 06 2016 01: +0,1480986000
13.787,5,Dec 07 2016 01: +0,1481072400
13.732,5,Dec 08 2016 01: +0,1481158800
15.507,4,Dec 09 2016 01: +0,1481245200
13.655,4,Dec 10 2016 01: +0,1481331600
18.744,6,Dec 11 2016 01: +0,1481418000
14.462,5,Dec 12 2016 01: +0,1481504400
14.815,1,Dec 13 2016 01: +0,1481590800
15.536,4,Dec 14 2016 01: +0,1481677200
13.086,6,Dec 15 2016 01: +0,1481763600
14.518,4,Dec 16 2016 01: +0,1481850000
14.76,9,Dec 17 2016 01: +0,1481936400
14.474,1,Dec 18 2016 01: +0,1482022800
15.312,6,Dec 19 2016 01: +0,1482109200
16.628,3,Dec 20 2016 01: +0,1482195600
15.428,2,Dec 21 2016 01: +0,1482282000
15.526,2,Dec 22 2016 01: +0,1482368400
16.739,2,Dec 23 2016 01: +0,1482454800
14.986,3,Dec 24 2016 01: +0,1482541200
15.535,9,Dec 25 2016 01: +0,1482627600
16.679,8,Dec 26 2016 01: +0,1482714000
15.451,9,Dec 27 2016 01: +0,1482800400
15.38,10,Dec 28 2016 01: +0,1482886800
16.565,4,Dec 29 2016 01: +0,1482973200
24.456,11,Dec 30 2016 01: +0,1483059600
15.235,4,Dec 31 2016 01: +0,1483146000
15.124,3,Jan 01 2017 01: +0,1483232400
15.193,3,Jan 02 2017 01: +0,1483318800
15.169,5,Jan 03 2017 01: +0,1483405200
16.963,7,Jan 04 2017 01: +0,1483491600
18.17,4,Jan 05 2017 01: +0,1483578000
14.889,1,Jan 06 2017 01: +0,1483664400
15.114,3,Jan 07 2017 01: +0,1483750800
16.347,5,Jan 08 2017 01: +0,1483837200
17.604,7,Jan 09 2017 01: +0,1483923600
18.458,2,Jan 11 2017 01: +0,1484096400
18.478,3,Jan 12 2017 01: +0,1484182800
16.139,7,Jan 13 2017 01: +0,1484269200
17.345,4,Jan 14 2017 01: +0,1484355600
16.782,4,Jan 15 2017 01: +0,1484442000
16.328,3,Jan 16 2017 01: +0,1484528400
15.552,3,Jan 17 2017 01: +0,1484614800
15.22,3,Jan 18 2017 01: +0,1484701200
16.122,8,Jan 19 2017 01: +0,1484787600
15.685,5,Jan 20 2017 01: +0,1484874000
15.014,7,Jan 21 2017 01: +0,1484960400
16.829,5,Jan 22 2017 01: +0,1485046800
16.167,4,Jan 23 2017 01: +0,1485133200
17.946,2,Jan 24 2017 01: +0,1485219600
17.493,5,Jan 25 2017 01: +0,1485306000
17.742,3,Jan 26 2017 01: +0,1485392400
19.597,3,Jan 27 2017 01: +0,1485478800
19.952,6,Jan 28 2017 01: +0,1485565200
54.036,3,Jan 29 2017 01: +0,1485651600
17.979,2,Jan 30 2017 01: +0,1485738000
19.02,4,Jan 31 2017 01: +0,1485824400
18.295,3,Feb 01 2017 01: +0,1485910800
19.575,5,Feb 02 2017 01: +0,1485997200
16.104,3,Feb 03 2017 01: +0,1486083600
18.687,5,Feb 04 2017 01: +0,1486170000
18.743,2,Feb 05 2017 01: +0,1486256400
21.988,7,Feb 06 2017 01: +0,1486342800
18.352,4,Feb 07 2017 01: +0,1486429200
17.962,5,Feb 08 2017 01: +0,1486515600
19.346,3,Feb 09 2017 01: +0,1486602000
18.515,5,Feb 10 2017 01: +0,1486688400
17.957,8,Feb 11 2017 01: +0,1486774800
17.865,4,Feb 12 2017 01: +0,1486861200
17.367,3,Feb 13 2017 01: +0,1486947600
18.639,3,Feb 14 2017 01: +0,1487034000
17.287,5,Feb 15 2017 01: +0,1487120400
17.108,6,Feb 16 2017 01: +0,1487206800
17.071,7,Feb 17 2017 01: +0,1487293200
16.995,4,Feb 18 2017 01: +0,1487379600
22.125,1,Feb 19 2017 01: +0,1487466000
17.661,5,Feb 20 2017 01: +0,1487552400
21.438,4,Feb 21 2017 01: +0,1487638800
16.084,2,Feb 22 2017 01: +0,1487725200
19.938,4,Feb 23 2017 01: +0,1487811600
17.439,4,Feb 24 2017 01: +0,1487898000
26.303,8,Feb 25 2017 01: +0,1487984400
16.98,5,Feb 26 2017 01: +0,1488070800
18.617,4,Feb 27 2017 01: +0,1488157200
16.357,5,Feb 28 2017 01: +0,1488243600
15.571,4,Mar 01 2017 01: +0,1488330000
17.092,7,Mar 02 2017 01: +0,1488416400
16.014,5,Mar 03 2017 01: +0,1488502800
16.473,5,Mar 04 2017 01: +0,1488589200
21.688,4,Mar 05 2017 01: +0,1488675600
23.865,2,Mar 06 2017 01: +0,1488762000
20.027,3,Mar 07 2017 01: +0,1488848400
17.716,4,Mar 09 2017 01: +0,1489021200
16.849,5,Mar 10 2017 01: +0,1489107600
17.221,5,Mar 11 2017 01: +0,1489194000
16.955,4,Mar 12 2017 01: +0,1489280400
16.686,8,Mar 13 2017 01: +0,1489366800
15.995,3,Mar 14 2017 01: +0,1489453200
16.943,4,Mar 15 2017 01: +0,1489539600
14.302,8,Mar 16 2017 01: +0,1489626000
14.835,5,Mar 17 2017 01: +0,1489712400
15.138,6,Mar 18 2017 01: +0,1489798800
15.359,8,Mar 19 2017 01: +0,1489885200
15.338,7,Mar 20 2017 01: +0,1489971600
15.213,5,Mar 21 2017 01: +0,1490058000
15.257,8,Mar 22 2017 01: +0,1490144400
15.603,10,Mar 23 2017 01: +0,1490230800
14.24,3,Mar 24 2017 01: +0,1490317200
15.205,9,Mar 25 2017 01: +0,1490403600
15.039,5,Mar 26 2017 01: +0,1490490000
14.264,8,Mar 27 2017 01: +0,1490572800
14.864,1,Mar 28 2017 01: +0,1490659200
14.121,2,Mar 29 2017 01: +0,1490745600
14.579,2,Mar 30 2017 01: +0,1490832000
13.492,6,Mar 31 2017 01: +0,1490918400
14.02,7,Apr 01 2017 01: +0,1491004800
24.132,2,Apr 02 2017 01: +0,1491091200
14.123,3,Apr 03 2017 01: +0,1491177600
15.178,8,Apr 04 2017 01: +0,1491264000
20.477,8,Apr 05 2017 01: +0,1491350400
17.135,6,Apr 06 2017 01: +0,1491436800
16.053,13,Apr 07 2017 01: +0,1491523200
16.395,1,Apr 08 2017 01: +0,1491609600
15.605,7,Apr 09 2017 01: +0,1491696000
17.778,2,Apr 10 2017 01: +0,1491782400
13.885,3,Apr 11 2017 01: +0,1491868800
16.876,5,Apr 12 2017 01: +0,1491955200
16.921,3,Apr 13 2017 01: +0,1492041600
16.907,5,Apr 14 2017 01: +0,1492128000
17.119,1,Apr 15 2017 01: +0,1492214400
15.625,6,Apr 16 2017 01: +0,1492300800
16.607,7,Apr 17 2017 01: +0,1492387200
15.971,3,Apr 18 2017 01: +0,1492473600
16.422,3,Apr 19 2017 01: +0,1492560000
14.476,1,Apr 20 2017 01: +0,1492646400
22.727,4,Apr 21 2017 01: +0,1492732800
16.475,4,Apr 22 2017 01: +0,1492819200
16.302,6,Apr 23 2017 01: +0,1492905600
16.274,7,Apr 24 2017 01: +0,1492992000
17.224,3,Apr 25 2017 01: +0,1493078400
16.701,1,Apr 26 2017 01: +0,1493164800
16.765,4,Apr 27 2017 01: +0,1493251200
16.391,4,Apr 28 2017 01: +0,1493337600
15.736,6,Apr 29 2017 01: +0,1493424000
15.562,11,Apr 30 2017 01: +0,1493510400
15.596,3,May 01 2017 01: +0,1493596800
16.457,3,May 02 2017 01: +0,1493683200
17.885,7,May 03 2017 01: +0,1493769600
22.142,5,May 04 2017 01: +0,1493856000
20.252,4,May 05 2017 01: +0,1493942400
18.719,1,May 06 2017 01: +0,1494028800
16.913,8,May 07 2017 01: +0,1494115200
17.715,6,May 08 2017 01: +0,1494201600
17.606,5,May 09 2017 01: +0,1494288000
21.289,4,May 10 2017 01: +0,1494374400
18.985,4,May 12 2017 01: +0,1494547200
17.812,4,May 13 2017 01: +0,1494633600
15.394,3,May 14 2017 01: +0,1494720000
18.204,3,May 16 2017 01: +0,1494892800
17.598,2,May 17 2017 01: +0,1494979200
16.574,3,May 18 2017 01: +0,1495065600
18.567,3,May 19 2017 01: +0,1495152000
18.262,4,May 20 2017 01: +0,1495238400
19.13,3,May 21 2017 01: +0,1495324800
17.547,4,May 23 2017 01: +0,1495497600
17.776,10,May 24 2017 01: +0,1495584000
17.58,1,May 25 2017 01: +0,1495670400
16.017,3,May 26 2017 01: +0,1495756800
17.271,2,May 27 2017 01: +0,1495843200
15.527,6,May 28 2017 01: +0,1495929600
15.456,4,May 29 2017 01: +0,1496016000
16.031,6,May 30 2017 01: +0,1496102400
16.464,3,May 31 2017 01: +0,1496188800
17.36,3,Jun 01 2017 01: +0,1496275200
17.321,2,Jun 02 2017 01: +0,1496361600
16.992,4,Jun 03 2017 01: +0,1496448000
18.226,7,Jun 04 2017 01: +0,1496534400
17.655,3,Jun 05 2017 01: +0,1496620800
18.462,3,Jun 06 2017 01: +0,1496707200
18.149,3,Jun 07 2017 01: +0,1496793600
17.908,2,Jun 08 2017 01: +0,1496880000
18.421,1,Jun 09 2017 01: +0,1496966400
17.255,2,Jun 10 2017 01: +0,1497052800
20.448,4,Jun 11 2017 01: +0,1497139200
20.325,3,Jun 12 2017 01: +0,1497225600
17.681,7,Jun 13 2017 01: +0,1497312000
18.068,2,Jun 14 2017 01: +0,1497398400
24.768,3,Jun 15 2017 01: +0,1497484800
20.515,7,Jun 16 2017 01: +0,1497571200
17.444,4,Jun 17 2017 01: +0,1497657600
19.453,4,Jun 18 2017 01: +0,1497744000
20.462,4,Jun 19 2017 01: +0,1497830400
20.703,4,Jun 20 2017 01: +0,1497916800
19.072,3,Jun 21 2017 01: +0,1498003200
17.956,3,Jun 23 2017 01: +0,1498176000
17.407,2,Jun 24 2017 01: +0,1498262400
16.324,3,Jun 25 2017 01: +0,1498348800
15.257,2,Jun 26 2017 01: +0,1498435200
17.568,2,Jun 27 2017 01: +0,1498521600
17.704,3,Jun 28 2017 01: +0,1498608000
15.137,1,Jun 29 2017 01: +0,1498694400
16.573,2,Jun 30 2017 01: +0,1498780800
17.464,4,Jul 02 2017 01: +0,1498953600
17.581,2,Jul 04 2017 01: +0,1499126400
15.797,3,Jul 05 2017 01: +0,1499212800
16.796,5,Jul 06 2017 01: +0,1499299200
22.804,2,Jul 07 2017 01: +0,1499385600
17.263,1,Jul 08 2017 01: +0,1499472000
17.74,5,Jul 09 2017 01: +0,1499558400
18.059,4,Jul 10 2017 01: +0,1499644800
20.522,2,Jul 11 2017 01: +0,1499731200
16.378,2,Jul 12 2017 01: +0,1499817600
19.416,6,Jul 13 2017 01: +0,1499904000
17.399,3,Jul 14 2017 01: +0,1499990400
16.508,3,Jul 15 2017 01: +0,1500076800
20.102,5,Jul 16 2017 01: +0,1500163200
17.484,3,Jul 18 2017 01: +0,1500336000
18.992,2,Jul 19 2017 01: +0,1500422400
17.065,1,Jul 20 2017 01: +0,1500508800
17.222,1,Jul 21 2017 01: +0,1500595200
19.377,6,Jul 22 2017 01: +0,1500681600
20.325,1,Jul 23 2017 01: +0,1500768000
19.255,4,Jul 24 2017 01: +0,1500854400
19.971,2,Jul 25 2017 01: +0,1500940800
19.339,1,Jul 26 2017 01: +0,1501027200
19.908,2,Jul 27 2017 01: +0,1501113600
20.493,4,Jul 28 2017 01: +0,1501200000
18.107,2,Jul 29 2017 01: +0,1501286400
17.1,3,Jul 30 2017 01: +0,1501372800
16.598,3,Jul 31 2017 01: +0,1501459200
16.977,3,Aug 01 2017 01: +0,1501545600
16.977,4,Aug 02 2017 01: +0,1501632000
18.594,6,Aug 03 2017 01: +0,1501718400
17.398,4,Aug 04 2017 01: +0,1501804800
17.619,3,Aug 06 2017 01: +0,1501977600
19.773,5,Aug 07 2017 01: +0,1502064000
19.342,3,Aug 08 2017 01: +0,1502150400
19.901,3,Aug 09 2017 01: +0,1502236800
23.019,5,Aug 10 2017 01: +0,1502323200
19.858,1,Aug 11 2017 01: +0,1502409600
25.65,2,Aug 12 2017 01: +0,1502496000
19.395,2,Aug 13 2017 01: +0,1502582400
20.095,3,Aug 14 2017 01: +0,1502668800
22.137,4,Aug 15 2017 01: +0,1502755200
22.895,3,Aug 16 2017 01: +0,1502841600
25.824,6,Aug 17 2017 01: +0,1502928000
21.639,1,Aug 18 2017 01: +0,1503014400
22.027,3,Aug 19 2017 01: +0,1503100800
21.73,5,Aug 20 2017 01: +0,1503187200
19.521,3,Aug 21 2017 01: +0,1503273600
23.564,4,Aug 22 2017 01: +0,1503360000
22.271,1,Aug 23 2017 01: +0,1503446400
21.4,2,Aug 24 2017 01: +0,1503532800
19.026,1,Aug 25 2017 01: +0,1503619200
22.727,2,Aug 26 2017 01: +0,1503705600
22.234,2,Aug 27 2017 01: +0,1503792000
45.428,3,Aug 29 2017 01: +0,1503964800
18.905,2,Aug 30 2017 01: +0,1504051200
20.694,2,Aug 31 2017 01: +0,1504137600
18.961,4,Sep 01 2017 01: +0,1504224000
19.587,2,Sep 02 2017 01: +0,1504310400
18.434,5,Sep 03 2017 01: +0,1504396800
16.897,4,Sep 04 2017 01: +0,1504483200
18.313,3,Sep 05 2017 01: +0,1504569600
19.854,3,Sep 06 2017 01: +0,1504656000
19.724,3,Sep 07 2017 01: +0,1504742400
20.071,7,Sep 08 2017 01: +0,1504828800
18.544,3,Sep 09 2017 01: +0,1504915200
18.852,5,Sep 10 2017 01: +0,1505001600
20.161,3,Sep 11 2017 01: +0,1505088000
18.753,3,Sep 12 2017 01: +0,1505174400
20.128,3,Sep 13 2017 01: +0,1505260800
19.709,5,Sep 14 2017 01: +0,1505347200
21.88,4,Sep 15 2017 01: +0,1505433600
18.455,5,Sep 16 2017 01: +0,1505520000
16.709,1,Sep 17 2017 01: +0,1505606400
20.527,4,Sep 18 2017 01: +0,1505692800
21.735,1,Sep 19 2017 01: +0,1505779200
21.095,2,Sep 20 2017 01: +0,1505865600
18.934,2,Sep 21 2017 01: +0,1505952000
18.824,3,Sep 22 2017 01: +0,1506038400
17.893,4,Sep 23 2017 01: +0,1506124800
19.774,3,Sep 24 2017 01: +0,1506211200
17.826,4,Sep 25 2017 01: +0,1506297600
18.757,4,Sep 26 2017 01: +0,1506384000
19.459,2,Sep 27 2017 01: +0,1506470400
18.002,2,Sep 28 2017 01: +0,1506556800
19.893,15,Sep 29 2017 01: +0,1506643200
17.226,3,Sep 30 2017 01: +0,1506729600
16.651,1,Oct 01 2017 01: +0,1506816000
18.153,3,Oct 02 2017 01: +0,1506902400
17.54,4,Oct 03 2017 01: +0,1506988800
17.697,4,Oct 04 2017 01: +0,1507075200
17.917,3,Oct 05 2017 01: +0,1507161600
18.165,4,Oct 06 2017 01: +0,1507248000
18.671,5,Oct 07 2017 01: +0,1507334400
17.577,3,Oct 08 2017 01: +0,1507420800
18.353,1,Oct 09 2017 01: +0,1507507200
19.981,2,Oct 10 2017 01: +0,1507593600
19.847,1,Oct 11 2017 01: +0,1507680000
19.629,2,Oct 12 2017 01: +0,1507766400
18.469,8,Oct 14 2017 01: +0,1507939200
18.653,5,Oct 15 2017 01: +0,1508025600
20.345,2,Oct 16 2017 01: +0,1508112000
19.372,1,Oct 18 2017 01: +0,1508284800
18.46,4,Oct 19 2017 01: +0,1508371200
20.315,2,Oct 20 2017 01: +0,1508457600
19.019,1,Oct 21 2017 01: +0,1508544000
18.338,3,Oct 22 2017 01: +0,1508630400
19.341,2,Oct 23 2017 01: +0,1508716800
15.365,2,Oct 24 2017 01: +0,1508803200
18.925,1,Oct 25 2017 01: +0,1508889600
17.836,3,Oct 26 2017 01: +0,1508976000
17.704,5,Oct 27 2017 01: +0,1509062400
17.951,4,Oct 28 2017 01: +0,1509148800
18.543,3,Oct 29 2017 01: +0,1509235200
17.738,2,Oct 30 2017 01: +0,1509325200
17.573,2,Oct 31 2017 01: +0,1509411600
17.032,2,Nov 01 2017 01: +0,1509498000
17.888,3,Nov 02 2017 01: +0,1509584400
17.443,3,Nov 03 2017 01: +0,1509670800
17.4,2,Nov 05 2017 01: +0,1509843600
17.421,3,Nov 06 2017 01: +0,1509930000
20.181,3,Nov 07 2017 01: +0,1510016400
15.931,1,Nov 08 2017 01: +0,1510102800
17.856,1,Nov 09 2017 01: +0,1510189200
18.595,1,Nov 10 2017 01: +0,1510275600
16.618,1,Nov 11 2017 01: +0,1510362000
18.413,1,Nov 13 2017 01: +0,1510534800
15.78,3,Nov 14 2017 01: +0,1510621200
17.902,3,Nov 15 2017 01: +0,1510707600
14.377,2,Nov 16 2017 01: +0,1510794000
16.728,1,Nov 17 2017 01: +0,1510880400
16.845,3,Nov 18 2017 01: +0,1510966800
17.118,3,Nov 19 2017 01: +0,1511053200
14.848,1,Nov 20 2017 01: +0,1511139600
16.787,2,Nov 21 2017 01: +0,1511226000
14.385,3,Nov 22 2017 01: +0,1511312400
15.254,4,Nov 23 2017 01: +0,1511398800
16.007,3,Nov 24 2017 01: +0,1511485200
16.891,2,Nov 25 2017 01: +0,1511571600
18.653,1,Nov 26 2017 01: +0,1511658000
16.714,3,Nov 27 2017 01: +0,1511744400
16.782,4,Nov 28 2017 01: +0,1511830800
16.143,3,Nov 29 2017 01: +0,1511917200
20.543,1,Nov 30 2017 01: +0,1512003600
15.952,3,Dec 01 2017 01: +0,1512090000
16.147,6,Dec 02 2017 01: +0,1512176400
14.0,2,Dec 03 2017 01: +0,1512262800
17.028,4,Dec 04 2017 01: +0,1512349200
15.629,2,Dec 05 2017 01: +0,1512435600
17.27,3,Dec 07 2017 01: +0,1512608400
16.145,2,Dec 08 2017 01: +0,1512694800
18.108,4,Dec 09 2017 01: +0,1512781200
15.35,3,Dec 10 2017 01: +0,1512867600
16.072,1,Dec 12 2017 01: +0,1513040400
16.422,2,Dec 13 2017 01: +0,1513126800
18.607,3,Dec 14 2017 01: +0,1513213200
16.638,2,Dec 15 2017 01: +0,1513299600
17.075,2,Dec 16 2017 01: +0,1513386000
13.905,2,Dec 19 2017 01: +0,1513645200
18.61,3,Dec 20 2017 01: +0,1513731600
15.838,3,Dec 21 2017 01: +0,1513818000
15.31,6,Dec 22 2017 01: +0,1513904400
17.427,4,Dec 23 2017 01: +0,1513990800
14.787,5,Dec 24 2017 01: +0,1514077200
16.964,5,Dec 25 2017 01: +0,1514163600
18.449,5,Dec 26 2017 01: +0,1514250000
19.414,1,Dec 27 2017 01: +0,1514336400
19.062,4,Dec 28 2017 01: +0,1514422800
14.931,2,Dec 29 2017 01: +0,1514509200
20.25,3,Dec 30 2017 01: +0,1514595600
15.85,2,Dec 31 2017 01: +0,1514682000
19.765,1,Jan 01 2018 01: +0,1514768400
17.42,3,Jan 02 2018 01: +0,1514854800
19.087,2,Jan 03 2018 01: +0,1514941200
16.741,5,Jan 04 2018 01: +0,1515027600
16.728,7,Jan 05 2018 01: +0,1515114000
21.425,4,Jan 06 2018 01: +0,1515200400
18.997,1,Jan 07 2018 01: +0,1515286800
19.461,2,Jan 08 2018 01: +0,1515373200
19.69,1,Jan 09 2018 01: +0,1515459600
19.819,1,Jan 11 2018 01: +0,1515632400
18.899,1,Jan 12 2018 01: +0,1515718800
20.501,2,Jan 13 2018 01: +0,1515805200
23.145,3,Jan 14 2018 01: +0,1515891600
19.361,1,Jan 15 2018 01: +0,1515978000
19.898,4,Jan 16 2018 01: +0,1516064400
21.436,2,Jan 18 2018 01: +0,1516237200
18.861,2,Jan 19 2018 01: +0,1516323600
21.823,4,Jan 20 2018 01: +0,1516410000
22.048,2,Jan 21 2018 01: +0,1516496400
21.249,3,Jan 22 2018 01: +0,1516582800
18.91,4,Jan 23 2018 01: +0,1516669200
22.499,1,Jan 24 2018 01: +0,1516755600
22.304,2,Jan 25 2018 01: +0,1516842000
18.887,3,Jan 27 2018 01: +0,1517014800
17.15,2,Jan 28 2018 01: +0,1517101200
18.416,4,Jan 29 2018 01: +0,1517187600
19.922,2,Jan 30 2018 01: +0,1517274000
17.131,2,Jan 31 2018 01: +0,1517360400
17.632,4,Feb 01 2018 01: +0,1517446800
17.014,4,Feb 03 2018 01: +0,1517619600
18.245,2,Feb 04 2018 01: +0,1517706000
18.528,2,Feb 05 2018 01: +0,1517792400
16.706,2,Feb 06 2018 01: +0,1517878800
18.875,4,Feb 07 2018 01: +0,1517965200
18.403,7,Feb 08 2018 01: +0,1518051600
19.772,3,Feb 09 2018 01: +0,1518138000
19.596,1,Feb 10 2018 01: +0,1518224400
18.078,3,Feb 11 2018 01: +0,1518310800
19.056,10,Feb 12 2018 01: +0,1518397200
20.679,1,Feb 13 2018 01: +0,1518483600
21.097,1,Feb 15 2018 01: +0,1518656400
18.173,2,Feb 16 2018 01: +0,1518742800
19.562,2,Feb 17 2018 01: +0,1518829200
17.641,3,Feb 18 2018 01: +0,1518915600
18.199,2,Feb 19 2018 01: +0,1519002000
21.584,3,Feb 20 2018 01: +0,1519088400
17.72,5,Feb 21 2018 01: +0,1519174800
20.24,11,Feb 22 2018 01: +0,1519261200
20.597,7,Feb 23 2018 01: +0,1519347600
23.772,1,Feb 24 2018 01: +0,1519434000
19.329,3,Feb 25 2018 01: +0,1519520400
18.616,2,Feb 26 2018 01: +0,1519606800
20.945,5,Feb 27 2018 01: +0,1519693200
20.453,2,Feb 28 2018 01: +0,1519779600
22.11,1,Mar 01 2018 01: +0,1519866000
20.152,2,Mar 02 2018 01: +0,1519952400
19.649,2,Mar 04 2018 01: +0,1520125200
20.679,4,Mar 05 2018 01: +0,1520211600
25.399,1,Mar 06 2018 01: +0,1520298000
20.498,1,Mar 07 2018 01: +0,1520384400
20.554,3,Mar 08 2018 01: +0,1520470800
17.933,2,Mar 09 2018 01: +0,1520557200
18.82,5,Mar 10 2018 01: +0,1520643600
23.301,2,Mar 11 2018 01: +0,1520730000
21.424,1,Mar 13 2018 01: +0,1520902800
20.339,3,Mar 14 2018 01: +0,1520989200
21.449,2,Mar 16 2018 01: +0,1521162000
18.55,3,Mar 17 2018 01: +0,1521248400
20.907,3,Mar 19 2018 01: +0,1521421200
18.026,2,Mar 20 2018 01: +0,1521507600
17.227,1,Mar 21 2018 01: +0,1521594000
19.109,1,Mar 22 2018 01: +0,1521680400
19.528,3,Mar 23 2018 01: +0,1521766800
18.007,2,Mar 24 2018 01: +0,1521853200
18.984,3,Mar 25 2018 01: +0,1521939600
16.893,6,Mar 26 2018 01: +0,1522022400
16.831,5,Mar 27 2018 01: +0,1522108800
17.488,1,Mar 28 2018 01: +0,1522195200
16.922,5,Mar 29 2018 01: +0,1522281600
16.038,4,Mar 30 2018 01: +0,1522368000
18.429,3,Mar 31 2018 01: +0,1522454400
16.29,3,Apr 01 2018 01: +0,1522540800
15.162,1,Apr 02 2018 01: +0,1522627200
17.706,2,Apr 03 2018 01: +0,1522713600
18.216,2,Apr 04 2018 01: +0,1522800000
18.354,5,Apr 05 2018 01: +0,1522886400
13.102,1,Apr 06 2018 01: +0,1522972800
18.518,3,Apr 07 2018 01: +0,1523059200
16.73,2,Apr 08 2018 01: +0,1523145600
18.615,1,Apr 09 2018 01: +0,1523232000
16.76,2,Apr 11 2018 01: +0,1523404800
16.773,4,Apr 12 2018 01: +0,1523491200
14.327,1,Apr 13 2018 01: +0,1523577600
17.236,4,Apr 14 2018 01: +0,1523664000
19.736,1,Apr 15 2018 01: +0,1523750400
17.593,2,Apr 16 2018 01: +0,1523836800
17.885,4,Apr 17 2018 01: +0,1523923200
17.857,1,Apr 19 2018 01: +0,1524096000
16.0,3,Apr 20 2018 01: +0,1524182400
15.65,3,Apr 22 2018 01: +0,1524355200
15.344,1,Apr 23 2018 01: +0,1524441600
15.885,3,Apr 24 2018 01: +0,1524528000
15.706,3,Apr 25 2018 01: +0,1524614400
14.645,3,Apr 26 2018 01: +0,1524700800
14.912,1,Apr 27 2018 01: +0,1524787200
15.324,4,Apr 28 2018 01: +0,1524873600
16.631,2,Apr 29 2018 01: +0,1524960000
14.169,1,Apr 30 2018 01: +0,1525046400
15.697,3,May 01 2018 01: +0,1525132800
15.357,2,May 02 2018 01: +0,1525219200
17.194,5,May 03 2018 01: +0,1525305600
15.257,2,May 04 2018 01: +0,1525392000
15.17,4,May 05 2018 01: +0,1525478400
14.963,2,May 06 2018 01: +0,1525564800
13.497,1,May 07 2018 01: +0,1525651200
15.354,3,May 08 2018 01: +0,1525737600
16.461,2,May 09 2018 01: +0,1525824000
15.989,3,May 11 2018 01: +0,1525996800
15.914,5,May 12 2018 01: +0,1526083200
17.294,1,May 13 2018 01: +0,1526169600
15.96,2,May 14 2018 01: +0,1526256000
16.643,1,May 16 2018 01: +0,1526428800
15.498,3,May 17 2018 01: +0,1526515200
16.57,2,May 18 2018 01: +0,1526601600
17.055,2,May 19 2018 01: +0,1526688000
16.461,1,May 21 2018 01: +0,1526860800
14.868,5,May 22 2018 01: +0,1526947200
16.026,3,May 23 2018 01: +0,1527033600
15.118,3,May 24 2018 01: +0,1527120000
24.598,1,May 25 2018 01: +0,1527206400
16.651,1,May 26 2018 01: +0,1527292800
17.473,4,May 27 2018 01: +0,1527379200
16.708,3,May 28 2018 01: +0,1527465600
16.655,4,May 29 2018 01: +0,1527552000
16.504,1,May 30 2018 01: +0,1527638400
14.378,3,May 31 2018 01: +0,1527724800
16.144,1,Jun 01 2018 01: +0,1527811200
14.864,3,Jun 02 2018 01: +0,1527897600
15.592,3,Jun 03 2018 01: +0,1527984000
15.264,2,Jun 04 2018 01: +0,1528070400
15.302,1,Jun 05 2018 01: +0,1528156800
14.73,3,Jun 06 2018 01: +0,1528243200
16.269,2,Jun 07 2018 01: +0,1528329600
18.437,5,Jun 08 2018 01: +0,1528416000
13.872,6,Jun 09 2018 01: +0,1528502400
13.368,2,Jun 10 2018 01: +0,1528588800
11.944,1,Jun 11 2018 01: +0,1528675200
13.267,4,Jun 12 2018 01: +0,1528761600
12.189,6,Jun 13 2018 01: +0,1528848000
22.937,2,Jun 14 2018 01: +0,1528934400
12.749,4,Jun 15 2018 01: +0,1529020800
12.152,4,Jun 16 2018 01: +0,1529107200
13.429,3,Jun 17 2018 01: +0,1529193600
12.766,2,Jun 18 2018 01: +0,1529280000
13.169,3,Jun 19 2018 01: +0,1529366400
14.668,4,Jun 20 2018 01: +0,1529452800
14.231,8,Jun 21 2018 01: +0,1529539200
10.895,2,Jun 22 2018 01: +0,1529625600
11.162,4,Jun 23 2018 01: +0,1529712000
15.871,5,Jun 24 2018 01: +0,1529798400
12.643,3,Jun 25 2018 01: +0,1529884800
14.904,1,Jun 26 2018 01: +0,1529971200
15.659,2,Jun 27 2018 01: +0,1530057600
15.013,5,Jun 28 2018 01: +0,1530144000
10.981,2,Jun 29 2018 01: +0,1530230400
13.295,2,Jun 30 2018 01: +0,1530316800
12.876,5,Jul 01 2018 01: +0,1530403200
17.737,5,Jul 02 2018 01: +0,1530489600
13.038,4,Jul 03 2018 01: +0,1530576000
17.152,1,Jul 05 2018 01: +0,1530748800
14.42,2,Jul 07 2018 01: +0,1530921600
15.681,9,Jul 08 2018 01: +0,1531008000
18.568,2,Jul 09 2018 01: +0,1531094400
16.613,2,Jul 10 2018 01: +0,1531180800
14.029,1,Jul 11 2018 01: +0,1531267200
19.213,1,Jul 14 2018 01: +0,1531526400
18.357,5,Jul 15 2018 01: +0,1531612800
16.34,2,Jul 16 2018 01: +0,1531699200
18.229,5,Jul 17 2018 01: +0,1531785600
18.329,3,Jul 19 2018 01: +0,1531958400
19.835,1,Jul 20 2018 01: +0,1532044800
19.119,1,Jul 21 2018 01: +0,1532131200
17.602,8,Jul 22 2018 01: +0,1532217600
17.864,3,Jul 23 2018 01: +0,1532304000
15.74,2,Jul 24 2018 01: +0,1532390400
17.668,1,Jul 26 2018 01: +0,1532563200
17.47,1,Jul 28 2018 01: +0,1532736000
19.304,1,Jul 30 2018 01: +0,1532908800
17.434,5,Aug 01 2018 01: +0,1533081600
17.325,2,Aug 03 2018 01: +0,1533254400
17.382,8,Aug 04 2018 01: +0,1533340800
21.993,1,Aug 05 2018 01: +0,1533427200
20.374,3,Aug 06 2018 01: +0,1533513600
16.455,3,Aug 07 2018 01: +0,1533600000
20.002,1,Aug 08 2018 01: +0,1533686400
17.394,2,Aug 09 2018 01: +0,1533772800
19.822,3,Aug 10 2018 01: +0,1533859200
22.344,1,Aug 11 2018 01: +0,1533945600
27.09,1,Aug 12 2018 01: +0,1534032000
23.624,1,Aug 14 2018 01: +0,1534204800
25.63,2,Aug 16 2018 01: +0,1534377600
23.749,1,Aug 18 2018 01: +0,1534550400
20.763,3,Aug 19 2018 01: +0,1534636800
14.269,1,Aug 20 2018 01: +0,1534723200
18.528,1,Aug 21 2018 01: +0,1534809600
18.31,3,Aug 22 2018 01: +0,1534896000
16.399,3,Aug 23 2018 01: +0,1534982400
28.041,1,Aug 24 2018 01: +0,1535068800
15.651,1,Aug 25 2018 01: +0,1535155200
16.339,3,Aug 27 2018 01: +0,1535328000
24.782,1,Aug 28 2018 01: +0,1535414400
18.092,4,Aug 29 2018 01: +0,1535500800
36.691,2,Aug 30 2018 01: +0,1535587200
20.613,2,Sep 01 2018 01: +0,1535760000
19.126,1,Sep 02 2018 01: +0,1535846400
20.784,1,Sep 03 2018 01: +0,1535932800
18.037,4,Sep 04 2018 01: +0,1536019200
17.891,2,Sep 05 2018 01: +0,1536105600
19.539,2,Sep 06 2018 01: +0,1536192000
19.207,1,Sep 07 2018 01: +0,1536278400
17.18,5,Sep 09 2018 01: +0,1536451200
17.412,4,Sep 10 2018 01: +0,1536537600
21.96,2,Sep 11 2018 01: +0,1536624000
21.515,9,Sep 12 2018 01: +0,1536710400
19.341,1,Sep 13 2018 01: +0,1536796800
20.75,2,Sep 14 2018 01: +0,1536883200
20.715,4,Sep 15 2018 01: +0,1536969600
16.827,3,Sep 16 2018 01: +0,1537056000
18.193,3,Sep 17 2018 01: +0,1537142400
18.52,4,Sep 18 2018 01: +0,1537228800
5.826,1,Sep 20 2018 01: +0,1537401600
23.595,4,Sep 22 2018 01: +0,1537574400
19.821,4,Sep 23 2018 01: +0,1537660800
20.686,1,Sep 24 2018 01: +0,1537747200
20.605,1,Sep 25 2018 01: +0,1537833600
18.913,2,Sep 26 2018 01: +0,1537920000
26.267,7,Sep 27 2018 01: +0,1538006400
24.071,1,Sep 28 2018 01: +0,1538092800
22.009,1,Sep 29 2018 01: +0,1538179200
20.746,1,Sep 30 2018 01: +0,1538265600
21.623,1,Oct 01 2018 01: +0,1538352000
18.942,1,Oct 02 2018 01: +0,1538438400
19.585,3,Oct 03 2018 01: +0,1538524800
22.073,2,Oct 05 2018 01: +0,1538697600
21.788,1,Oct 06 2018 01: +0,1538784000
19.099,2,Oct 07 2018 01: +0,1538870400
20.655,3,Oct 08 2018 01: +0,1538956800
18.105,6,Oct 09 2018 01: +0,1539043200
19.091,4,Oct 10 2018 01: +0,1539129600
17.189,1,Oct 11 2018 01: +0,1539216000
20.66,6,Oct 12 2018 01: +0,1539302400
18.183,3,Oct 13 2018 01: +0,1539388800
18.892,2,Oct 15 2018 01: +0,1539561600
20.927,1,Oct 16 2018 01: +0,1539648000
19.507,2,Oct 17 2018 01: +0,1539734400
21.128,1,Oct 18 2018 01: +0,1539820800
23.814,1,Oct 19 2018 01: +0,1539907200
25.16,4,Oct 20 2018 01: +0,1539993600
19.848,4,Oct 21 2018 01: +0,1540080000
23.685,1,Oct 22 2018 01: +0,1540166400
22.584,1,Oct 23 2018 01: +0,1540252800
22.607,1,Oct 24 2018 01: +0,1540339200
21.373,3,Oct 25 2018 01: +0,1540425600
20.969,2,Oct 29 2018 01: +0,1540774800
18.785,1,Oct 30 2018 01: +0,1540861200
17.222,2,Oct 31 2018 01: +0,1540947600
17.679,2,Nov 01 2018 01: +0,1541034000
18.413,2,Nov 03 2018 01: +0,1541206800
18.02,3,Nov 04 2018 01: +0,1541293200
17.275,1,Nov 07 2018 01: +0,1541552400
18.313,2,Nov 08 2018 01: +0,1541638800
18.004,4,Nov 09 2018 01: +0,1541725200
17.787,3,Nov 11 2018 01: +0,1541898000
17.692,3,Nov 12 2018 01: +0,1541984400
20.605,1,Nov 13 2018 01: +0,1542070800
18.791,4,Nov 15 2018 01: +0,1542243600
17.384,2,Nov 16 2018 01: +0,1542330000
18.86,1,Nov 17 2018 01: +0,1542416400
18.034,2,Nov 18 2018 01: +0,1542502800
19.643,2,Nov 19 2018 01: +0,1542589200
17.343,3,Nov 20 2018 01: +0,1542675600
18.135,3,Nov 21 2018 01: +0,1542762000
21.52,3,Nov 22 2018 01: +0,1542848400
16.725,3,Nov 23 2018 01: +0,1542934800
14.769,2,Nov 24 2018 01: +0,1543021200
14.601,4,Nov 25 2018 01: +0,1543107600
15.939,1,Nov 26 2018 01: +0,1543194000
17.787,4,Nov 27 2018 01: +0,1543280400
15.727,4,Nov 28 2018 01: +0,1543366800
17.489,2,Nov 29 2018 01: +0,1543453200
18.205,1,Nov 30 2018 01: +0,1543539600
42.585,1,Dec 01 2018 01: +0,1543626000
17.608,4,Dec 02 2018 01: +0,1543712400
16.678,2,Dec 04 2018 01: +0,1543885200
19.182,1,Dec 06 2018 01: +0,1544058000
17.589,3,Dec 07 2018 01: +0,1544144400
17.881,1,Dec 08 2018 01: +0,1544230800
14.111,1,Dec 09 2018 01: +0,1544317200
17.674,2,Dec 10 2018 01: +0,1544403600
17.346,2,Dec 11 2018 01: +0,1544490000
17.018,3,Dec 13 2018 01: +0,1544662800
17.14,2,Dec 14 2018 01: +0,1544749200
17.364,3,Dec 15 2018 01: +0,1544835600
19.671,2,Dec 16 2018 01: +0,1544922000
17.346,1,Dec 18 2018 01: +0,1545094800
16.954,2,Dec 19 2018 01: +0,1545181200
17.626,3,Dec 20 2018 01: +0,1545267600
16.033,3,Dec 21 2018 01: +0,1545354000
15.158,1,Dec 22 2018 01: +0,1545440400
16.965,1,Dec 23 2018 01: +0,1545526800
18.533,2,Dec 24 2018 01: +0,1545613200
17.216,4,Dec 25 2018 01: +0,1545699600
17.048,2,Dec 26 2018 01: +0,1545786000
53.306,2,Dec 27 2018 01: +0,1545872400
21.316,1,Dec 30 2018 01: +0,1546131600
21.345,1,Dec 31 2018 01: +0,1546218000
21.217,4,Jan 01 2019 01: +0,1546304400
22.577,1,Jan 02 2019 01: +0,1546390800
20.986,3,Jan 03 2019 01: +0,1546477200
17.429,1,Jan 05 2019 01: +0,1546650000
18.294,2,Jan 07 2019 01: +0,1546822800
21.636,1,Jan 08 2019 01: +0,1546909200
19.47,10,Jan 09 2019 01: +0,1546995600
24.785,1,Jan 10 2019 01: +0,1547082000
22.645,1,Jan 11 2019 01: +0,1547168400
20.852,2,Jan 12 2019 01: +0,1547254800
22.335,2,Jan 13 2019 01: +0,1547341200
22.019,1,Jan 14 2019 01: +0,1547427600
21.85,3,Jan 15 2019 01: +0,1547514000
23.935,7,Jan 18 2019 01: +0,1547773200
21.789,2,Jan 19 2019 01: +0,1547859600
19.654,1,Jan 20 2019 01: +0,1547946000
21.55,3,Jan 21 2019 01: +0,1548032400
21.052,1,Jan 22 2019 01: +0,1548118800
36.37,1,Jan 24 2019 01: +0,1548291600
22.884,2,Jan 25 2019 01: +0,1548378000
21.093,1,Jan 26 2019 01: +0,1548464400
21.808,2,Jan 27 2019 01: +0,1548550800
18.603,1,Jan 28 2019 01: +0,1548637200
22.478,1,Jan 29 2019 01: +0,1548723600
22.672,1,Jan 30 2019 01: +0,1548810000
16.27,1,Jan 31 2019 01: +0,1548896400
21.414,1,Feb 01 2019 01: +0,1548982800
21.324,4,Feb 02 2019 01: +0,1549069200
26.745,3,Feb 03 2019 01: +0,1549155600
20.106,3,Feb 05 2019 01: +0,1549328400
20.627,1,Feb 07 2019 01: +0,1549501200
19.128,3,Feb 08 2019 01: +0,1549587600
20.001,2,Feb 09 2019 01: +0,1549674000
22.552,4,Feb 10 2019 01: +0,1549760400
18.208,2,Feb 11 2019 01: +0,1549846800
19.954,3,Feb 12 2019 01: +0,1549933200
20.787,1,Feb 13 2019 01: +0,1550019600
18.97,5,Feb 15 2019 01: +0,1550192400
20.898,5,Feb 18 2019 01: +0,1550451600
17.492,2,Feb 19 2019 01: +0,1550538000
20.935,1,Feb 20 2019 01: +0,1550624400
39.951,3,Feb 21 2019 01: +0,1550710800
20.358,1,Feb 22 2019 01: +0,1550797200
27.295,1,Feb 24 2019 01: +0,1550970000
21.856,4,Feb 25 2019 01: +0,1551056400
21.95,2,Feb 26 2019 01: +0,1551142800
21.466,2,Feb 28 2019 01: +0,1551315600
23.215,4,Mar 01 2019 01: +0,1551402000
20.094,5,Mar 02 2019 01: +0,1551488400
19.294,6,Mar 03 2019 01: +0,1551574800
18.835,2,Mar 04 2019 01: +0,1551661200
23.234,2,Mar 05 2019 01: +0,1551747600
20.096,4,Mar 06 2019 01: +0,1551834000
26.384,2,Mar 07 2019 01: +0,1551920400
26.589,1,Mar 10 2019 01: +0,1552179600
23.78,1,Mar 11 2019 01: +0,1552266000
26.662,2,Mar 12 2019 01: +0,1552352400
23.257,4,Mar 14 2019 01: +0,1552525200
20.547,1,Mar 15 2019 01: +0,1552611600
26.384,2,Mar 16 2019 01: +0,1552698000
19.578,3,Mar 17 2019 01: +0,1552784400
22.068,2,Mar 18 2019 01: +0,1552870800
24.79,1,Mar 19 2019 01: +0,1552957200
18.599,2,Mar 20 2019 01: +0,1553043600
22.383,6,Mar 21 2019 01: +0,1553130000
20.301,3,Mar 22 2019 01: +0,1553216400
18.454,1,Mar 23 2019 01: +0,1553302800
22.187,1,Mar 24 2019 01: +0,1553389200
18.743,3,Mar 26 2019 01: +0,1553562000
19.501,14,Mar 27 2019 01: +0,1553648400
17.528,2,Mar 28 2019 01: +0,1553734800
19.006,5,Mar 29 2019 01: +0,1553821200
17.139,3,Mar 30 2019 01: +0,1553907600
21.349,1,Mar 31 2019 01: +0,1553994000
18.399,2,Apr 02 2019 01: +0,1554163200
16.678,1,Apr 03 2019 01: +0,1554249600
17.159,1,Apr 04 2019 01: +0,1554336000
17.768,1,Apr 06 2019 01: +0,1554508800
17.677,1,Apr 07 2019 01: +0,1554595200
18.338,2,Apr 08 2019 01: +0,1554681600
19.818,1,Apr 09 2019 01: +0,1554768000
24.578,2,Apr 10 2019 01: +0,1554854400
19.477,1,Apr 11 2019 01: +0,1554940800
18.074,1,Apr 12 2019 01: +0,1555027200
17.502,1,Apr 13 2019 01: +0,1555113600
20.324,2,Apr 14 2019 01: +0,1555200000
19.943,1,Apr 16 2019 01: +0,1555372800
21.664,1,Apr 17 2019 01: +0,1555459200
18.396,1,Apr 18 2019 01: +0,1555545600
19.406,4,Apr 19 2019 01: +0,1555632000
22.455,5,Apr 20 2019 01: +0,1555718400
26.85,6,Apr 22 2019 01: +0,1555891200
21.664,1,Apr 23 2019 01: +0,1555977600
25.163,2,Apr 24 2019 01: +0,1556064000
23.496,3,Apr 26 2019 01: +0,1556236800
22.86,2,Apr 27 2019 01: +0,1556323200
21.082,3,Apr 28 2019 01: +0,1556409600
22.292,2,Apr 29 2019 01: +0,1556496000
23.955,2,May 01 2019 01: +0,1556668800
23.198,1,May 03 2019 01: +0,1556841600
20.238,2,May 04 2019 01: +0,1556928000
19.203,2,May 05 2019 01: +0,1557014400
18.669,2,May 06 2019 01: +0,1557100800
22.188,1,May 07 2019 01: +0,1557187200
23.222,2,May 08 2019 01: +0,1557273600
22.583,2,May 09 2019 01: +0,1557360000
36.238,1,May 11 2019 01: +0,1557532800
20.291,3,May 13 2019 01: +0,1557705600
19.173,3,May 16 2019 01: +0,1557964800
15.826,1,May 18 2019 01: +0,1558137600
18.736,4,May 19 2019 01: +0,1558224000
20.358,2,May 20 2019 01: +0,1558310400
18.545,1,May 21 2019 01: +0,1558396800
17.913,1,May 22 2019 01: +0,1558483200
73.273,3,May 23 2019 01: +0,1558569600
20.556,3,May 24 2019 01: +0,1558656000
20.984,2,May 25 2019 01: +0,1558742400
19.706,1,May 28 2019 01: +0,1559001600
22.69,7,May 29 2019 01: +0,1559088000
18.88,2,May 30 2019 01: +0,1559174400
21.266,2,May 31 2019 01: +0,1559260800
21.683,1,Jun 03 2019 01: +0,1559520000
22.027,2,Jun 05 2019 01: +0,1559692800
27.607,6,Jun 07 2019 01: +0,1559865600
33.037,2,Jun 08 2019 01: +0,1559952000
24.261,2,Jun 09 2019 01: +0,1560038400
8.723,2,Jun 12 2019 01: +0,1560297600
21.004,4,Jun 13 2019 01: +0,1560384000
20.908,3,Jun 14 2019 01: +0,1560470400
22.277,2,Jun 15 2019 01: +0,1560556800
22.458,2,Jun 17 2019 01: +0,1560729600
20.367,3,Jun 18 2019 01: +0,1560816000
22.643,3,Jun 19 2019 01: +0,1560902400
21.298,1,Jun 21 2019 01: +0,1561075200
27.946,2,Jun 22 2019 01: +0,1561161600
20.459,2,Jun 23 2019 01: +0,1561248000
22.842,1,Jun 24 2019 01: +0,1561334400
22.13,4,Jun 26 2019 01: +0,1561507200
23.782,1,Jun 28 2019 01: +0,1561680000
23.807,1,Jun 29 2019 01: +0,1561766400
19.583,1,Jul 01 2019 01: +0,1561939200
22.549,5,Jul 02 2019 01: +0,1562025600
24.01,1,Jul 03 2019 01: +0,1562112000
27.7,1,Jul 04 2019 01: +0,1562198400
20.607,2,Jul 05 2019 01: +0,1562284800
21.935,3,Jul 06 2019 01: +0,1562371200
24.683,2,Jul 07 2019 01: +0,1562457600
23.401,1,Jul 08 2019 01: +0,1562544000
21.451,3,Jul 09 2019 01: +0,1562630400
26.518,3,Jul 12 2019 01: +0,1562889600
24.452,5,Jul 13 2019 01: +0,1562976000
21.779,2,Jul 15 2019 01: +0,1563148800
24.81,3,Jul 17 2019 01: +0,1563321600
24.07,3,Jul 20 2019 01: +0,1563580800
26.181,1,Jul 22 2019 01: +0,1563753600
26.365,2,Jul 23 2019 01: +0,1563840000
27.807,3,Jul 24 2019 01: +0,1563926400
23.057,1,Jul 25 2019 01: +0,1564012800
22.953,2,Jul 26 2019 01: +0,1564099200
24.029,3,Jul 30 2019 01: +0,1564444800
21.975,2,Jul 31 2019 01: +0,1564531200
27.306,5,Aug 01 2019 01: +0,1564617600
20.357,1,Aug 02 2019 01: +0,1564704000
24.371,3,Aug 04 2019 01: +0,1564876800
316.168,1,Aug 05 2019 01: +0,1564963200
23.88,1,Aug 06 2019 01: +0,1565049600
24.984,1,Aug 08 2019 01: +0,1565222400
18.207,1,Aug 09 2019 01: +0,1565308800
27.266,1,Aug 10 2019 01: +0,1565395200
21.82,2,Aug 13 2019 01: +0,1565654400
22.239,2,Aug 14 2019 01: +0,1565740800
21.888,1,Aug 15 2019 01: +0,1565827200
22.212,2,Aug 16 2019 01: +0,1565913600
26.366,2,Aug 17 2019 01: +0,1566000000
24.804,1,Aug 18 2019 01: +0,1566086400
23.738,2,Aug 19 2019 01: +0,1566172800
24.201,3,Aug 22 2019 01: +0,1566432000
20.311,2,Aug 23 2019 01: +0,1566518400
20.151,1,Aug 24 2019 01: +0,1566604800
34.982,1,Aug 25 2019 01: +0,1566691200
26.078,2,Aug 26 2019 01: +0,1566777600
25.012,2,Aug 27 2019 01: +0,1566864000
27.322,1,Aug 28 2019 01: +0,1566950400
21.449,1,Aug 29 2019 01: +0,1567036800
27.075,1,Aug 30 2019 01: +0,1567123200
25.456,2,Aug 31 2019 01: +0,1567209600
28.081,2,Sep 01 2019 01: +0,1567296000
23.566,1,Sep 03 2019 01: +0,1567468800
24.348,6,Sep 04 2019 01: +0,1567555200
27.322,4,Sep 06 2019 01: +0,1567728000
27.022,3,Sep 07 2019 01: +0,1567814400
22.181,5,Sep 08 2019 01: +0,1567900800
26.197,1,Sep 09 2019 01: +0,1567987200
23.352,3,Sep 10 2019 01: +0,1568073600
21.846,1,Sep 11 2019 01: +0,1568160000
25.103,1,Sep 12 2019 01: +0,1568246400
25.632,1,Sep 14 2019 01: +0,1568419200
18.876,1,Sep 18 2019 01: +0,1568764800
23.74,1,Sep 19 2019 01: +0,1568851200
21.852,1,Sep 21 2019 01: +0,1569024000
21.673,1,Sep 23 2019 01: +0,1569196800
22.963,2,Sep 24 2019 01: +0,1569283200
23.359,1,Sep 25 2019 01: +0,1569369600
19.273,2,Sep 26 2019 01: +0,1569456000
22.078,2,Sep 27 2019 01: +0,1569542400
20.631,1,Sep 28 2019 01: +0,1569628800
19.794,2,Sep 29 2019 01: +0,1569715200
21.138,1,Sep 30 2019 01: +0,1569801600
22.755,2,Oct 01 2019 01: +0,1569888000
25.03,1,Oct 02 2019 01: +0,1569974400
30.055,2,Oct 03 2019 01: +0,1570060800
21.066,2,Oct 05 2019 01: +0,1570233600
21.474,3,Oct 06 2019 01: +0,1570320000
28.529,1,Oct 07 2019 01: +0,1570406400
30.786,1,Oct 08 2019 01: +0,1570492800
21.797,2,Oct 10 2019 01: +0,1570665600
24.858,2,Oct 11 2019 01: +0,1570752000
40.303,1,Oct 14 2019 01: +0,1571011200
22.813,1,Oct 17 2019 01: +0,1571270400
21.197,1,Oct 18 2019 01: +0,1571356800
23.733,5,Oct 19 2019 01: +0,1571443200
29.902,2,Oct 20 2019 01: +0,1571529600
25.289,7,Oct 21 2019 01: +0,1571616000
21.506,1,Oct 22 2019 01: +0,1571702400
24.359,2,Oct 23 2019 01: +0,1571788800
31.997,2,Oct 25 2019 01: +0,1571961600
22.562,1,Oct 26 2019 01: +0,1572048000
28.332,1,Oct 27 2019 01: +0,1572134400
23.934,1,Oct 29 2019 01: +0,1572310800
30.404,1,Oct 30 2019 01: +0,1572397200
25.913,2,Oct 31 2019 01: +0,1572483600
62.306,1,Nov 02 2019 01: +0,1572656400
34.743,2,Nov 03 2019 01: +0,1572742800
21.978,2,Nov 05 2019 01: +0,1572915600
24.826,2,Nov 07 2019 01: +0,1573088400
23.23,1,Nov 08 2019 01: +0,1573174800
22.598,1,Nov 09 2019 01: +0,1573261200
24.274,2,Nov 10 2019 01: +0,1573347600
22.751,2,Nov 11 2019 01: +0,1573434000
26.164,1,Nov 12 2019 01: +0,1573520400
26.167,1,Nov 13 2019 01: +0,1573606800
24.195,2,Nov 14 2019 01: +0,1573693200
22.085,1,Nov 15 2019 01: +0,1573779600
21.726,1,Nov 16 2019 01: +0,1573866000
24.44,3,Nov 17 2019 01: +0,1573952400
27.032,1,Nov 18 2019 01: +0,1574038800
22.002,6,Nov 19 2019 01: +0,1574125200
18.174,1,Nov 20 2019 01: +0,1574211600
21.977,3,Nov 21 2019 01: +0,1574298000
21.128,4,Nov 22 2019 01: +0,1574384400
21.44,1,Nov 23 2019 01: +0,1574470800
21.41,1,Nov 25 2019 01: +0,1574643600
18.305,1,Nov 26 2019 01: +0,1574730000
21.225,1,Nov 27 2019 01: +0,1574816400
20.307,6,Nov 28 2019 01: +0,1574902800
24.529,2,Nov 29 2019 01: +0,1574989200
23.359,1,Nov 30 2019 01: +0,1575075600
19.612,1,Dec 02 2019 01: +0,1575248400
20.775,2,Dec 03 2019 01: +0,1575334800
18.864,2,Dec 04 2019 01: +0,1575421200
18.802,1,Dec 05 2019 01: +0,1575507600
22.164,1,Dec 06 2019 01: +0,1575594000
21.501,2,Dec 07 2019 01: +0,1575680400
20.708,3,Dec 09 2019 01: +0,1575853200
22.539,1,Dec 11 2019 01: +0,1576026000
21.796,1,Dec 12 2019 01: +0,1576112400
20.396,2,Dec 14 2019 01: +0,1576285200
18.727,3,Dec 15 2019 01: +0,1576371600
23.011,2,Dec 17 2019 01: +0,1576544400
19.757,3,Dec 19 2019 01: +0,1576717200
16.349,2,Dec 20 2019 01: +0,1576803600
18.447,3,Dec 21 2019 01: +0,1576890000
20.458,2,Dec 23 2019 01: +0,1577062800
19.577,4,Dec 25 2019 01: +0,1577235600
18.822,2,Dec 26 2019 01: +0,1577322000
17.737,2,Dec 28 2019 01: +0,1577494800
17.682,4,Dec 29 2019 01: +0,1577581200
22.014,4,Dec 30 2019 01: +0,1577667600
19.278,2,Dec 31 2019 01: +0,1577754000
19.858,4,Jan 01 2020 01: +0,1577840400
19.257,3,Jan 02 2020 01: +0,1577926800
18.666,2,Jan 03 2020 01: +0,1578013200
20.991,5,Jan 04 2020 01: +0,1578099600
22.334,1,Jan 05 2020 01: +0,1578186000
20.402,2,Jan 06 2020 01: +0,1578272400
20.927,1,Jan 09 2020 01: +0,1578531600
19.283,1,Jan 10 2020 01: +0,1578618000
21.246,7,Jan 11 2020 01: +0,1578704400
50.585,1,Jan 14 2020 01: +0,1578963600
20.564,3,Jan 16 2020 01: +0,1579136400
22.004,4,Jan 17 2020 01: +0,1579222800
22.946,1,Jan 18 2020 01: +0,1579309200
21.153,4,Jan 19 2020 01: +0,1579395600
21.413,2,Jan 20 2020 01: +0,1579482000
22.019,1,Jan 21 2020 01: +0,1579568400
19.392,1,Jan 22 2020 01: +0,1579654800
22.069,1,Jan 23 2020 01: +0,1579741200
22.316,4,Jan 24 2020 01: +0,1579827600
26.592,2,Jan 25 2020 01: +0,1579914000
23.531,1,Jan 26 2020 01: +0,1580000400
22.661,4,Jan 27 2020 01: +0,1580086800
26.532,1,Jan 28 2020 01: +0,1580173200
20.481,1,Jan 29 2020 01: +0,1580259600
20.927,3,Jan 30 2020 01: +0,1580346000
27.305,1,Jan 31 2020 01: +0,1580432400
19.662,1,Feb 01 2020 01: +0,1580518800
22.024,6,Feb 02 2020 01: +0,1580605200
22.804,2,Feb 03 2020 01: +0,1580691600
27.007,2,Feb 04 2020 01: +0,1580778000
26.923,3,Feb 05 2020 01: +0,1580864400
21.978,1,Feb 09 2020 01: +0,1581210000
22.197,3,Feb 10 2020 01: +0,1581296400
23.825,3,Feb 11 2020 01: +0,1581382800
25.63,1,Feb 13 2020 01: +0,1581555600
24.956,2,Feb 14 2020 01: +0,1581642000
27.388,2,Feb 15 2020 01: +0,1581728400
25.406,3,Feb 16 2020 01: +0,1581814800
23.601,3,Feb 17 2020 01: +0,1581901200
141.665,2,Feb 18 2020 01: +0,1581987600
22.259,1,Feb 19 2020 01: +0,1582074000
25.063,3,Feb 20 2020 01: +0,1582160400
22.483,1,Feb 21 2020 01: +0,1582246800
24.335,2,Feb 22 2020 01: +0,1582333200
23.236,5,Feb 23 2020 01: +0,1582419600
24.152,4,Feb 24 2020 01: +0,1582506000
26.944,4,Feb 25 2020 01: +0,1582592400
21.439,1,Feb 26 2020 01: +0,1582678800
21.854,1,Feb 27 2020 01: +0,1582765200
24.202,2,Feb 28 2020 01: +0,1582851600
24.215,2,Feb 29 2020 01: +0,1582938000
22.231,1,Mar 02 2020 01: +0,1583110800
24.421,4,Mar 04 2020 01: +0,1583283600
25.888,4,Mar 05 2020 01: +0,1583370000
30.0,3,Mar 06 2020 01: +0,1583456400
22.85,4,Mar 07 2020 01: +0,1583542800
22.185,1,Mar 08 2020 01: +0,1583629200
26.226,1,Mar 09 2020 01: +0,1583715600
26.159,1,Mar 10 2020 01: +0,1583802000
25.402,3,Mar 11 2020 01: +0,1583888400
26.04,1,Mar 12 2020 01: +0,1583974800
24.026,2,Mar 13 2020 01: +0,1584061200
23.868,1,Mar 14 2020 01: +0,1584147600
23.763,2,Mar 15 2020 01: +0,1584234000
25.21,3,Mar 16 2020 01: +0,1584320400
22.0,3,Mar 17 2020 01: +0,1584406800
22.997,1,Mar 18 2020 01: +0,1584493200
25.374,2,Mar 19 2020 01: +0,1584579600
22.65,4,Mar 22 2020 01: +0,1584838800
21.889,2,Mar 23 2020 01: +0,1584925200
21.165,4,Mar 24 2020 01: +0,1585011600
29.398,4,Mar 25 2020 01: +0,1585098000
22.29,2,Mar 26 2020 01: +0,1585184400
22.236,2,Mar 27 2020 01: +0,1585270800
20.233,1,Mar 28 2020 01: +0,1585357200
34.924,3,Mar 29 2020 01: +0,1585443600
29.054,3,Mar 30 2020 01: +0,1585526400
22.001,5,Mar 31 2020 01: +0,1585612800
23.608,2,Apr 01 2020 01: +0,1585699200
23.161,1,Apr 02 2020 01: +0,1585785600
21.643,4,Apr 03 2020 01: +0,1585872000
20.472,1,Apr 04 2020 01: +0,1585958400
25.252,3,Apr 05 2020 01: +0,1586044800
24.743,4,Apr 06 2020 01: +0,1586131200
35.132,2,Apr 07 2020 01: +0,1586217600
27.691,1,Apr 08 2020 01: +0,1586304000
23.676,3,Apr 09 2020 01: +0,1586390400
27.554,2,Apr 10 2020 01: +0,1586476800
26.84,4,Apr 11 2020 01: +0,1586563200
26.293,4,Apr 12 2020 01: +0,1586649600
24.84,4,Apr 13 2020 01: +0,1586736000
26.03,4,Apr 14 2020 01: +0,1586822400
24.403,4,Apr 15 2020 01: +0,1586908800
26.218,4,Apr 16 2020 01: +0,1586995200
26.203,6,Apr 17 2020 01: +0,1587081600
22.944,1,Apr 18 2020 01: +0,1587168000
23.908,1,Apr 20 2020 01: +0,1587340800
25.75,2,Apr 21 2020 01: +0,1587427200
23.387,2,Apr 22 2020 01: +0,1587513600
24.756,4,Apr 24 2020 01: +0,1587686400
26.032,1,Apr 25 2020 01: +0,1587772800
24.906,4,Apr 26 2020 01: +0,1587859200
27.063,1,Apr 27 2020 01: +0,1587945600
27.049,1,Apr 28 2020 01: +0,1588032000
25.445,5,Apr 29 2020 01: +0,1588118400
24.785,4,Apr 30 2020 01: +0,1588204800
25.514,4,May 01 2020 01: +0,1588291200
59.996,3,May 02 2020 01: +0,1588377600
24.177,1,May 05 2020 01: +0,1588636800
24.821,4,May 06 2020 01: +0,1588723200
24.168,2,May 07 2020 01: +0,1588809600
22.921,1,May 08 2020 01: +0,1588896000
26.388,2,May 09 2020 01: +0,1588982400
28.265,7,May 10 2020 01: +0,1589068800
22.754,1,May 11 2020 01: +0,1589155200
24.454,2,May 12 2020 01: +0,1589241600
25.307,2,May 13 2020 01: +0,1589328000
26.619,1,May 14 2020 01: +0,1589414400
26.53,1,May 15 2020 01: +0,1589500800
32.662,2,May 16 2020 01: +0,1589587200
23.875,2,May 17 2020 01: +0,1589673600
37.086,1,May 18 2020 01: +0,1589760000
24.761,2,May 19 2020 01: +0,1589846400
25.347,3,May 20 2020 01: +0,1589932800
25.952,1,May 21 2020 01: +0,1590019200
27.175,2,May 22 2020 01: +0,1590105600
29.612,1,May 23 2020 01: +0,1590192000
30.31,3,May 24 2020 01: +0,1590278400
31.303,1,May 25 2020 01: +0,1590364800
29.153,4,May 26 2020 01: +0,1590451200
23.568,1,May 27 2020 01: +0,1590537600
27.155,4,May 29 2020 01: +0,1590710400
26.402,4,May 30 2020 01: +0,1590796800
25.208,2,Jun 01 2020 01: +0,1590969600
28.719,1,Jun 04 2020 01: +0,1591228800
24.818,1,Jun 07 2020 01: +0,1591488000
28.127,1,Jun 08 2020 01: +0,1591574400
27.96,1,Jun 09 2020 01: +0,1591660800
25.733,2,Jun 10 2020 01: +0,1591747200
27.024,1,Jun 11 2020 01: +0,1591833600
29.484,3,Jun 12 2020 01: +0,1591920000
26.615,3,Jun 13 2020 01: +0,1592006400
93.983,2,Jun 14 2020 01: +0,1592092800
22.797,2,Jun 15 2020 01: +0,1592179200
26.532,2,Jun 16 2020 01: +0,1592265600
25.122,1,Jun 17 2020 01: +0,1592352000
26.833,1,Jun 18 2020 01: +0,1592438400
23.012,3,Jun 20 2020 01: +0,1592611200
26.536,2,Jun 21 2020 01: +0,1592697600
25.223,4,Jun 24 2020 01: +0,1592956800
22.535,3,Jun 26 2020 01: +0,1593129600
25.37,5,Jun 29 2020 01: +0,1593388800
24.571,4,Jun 30 2020 01: +0,1593475200
24.535,2,Jul 01 2020 01: +0,1593561600
25.645,2,Jul 02 2020 01: +0,1593648000
29.786,1,Jul 03 2020 01: +0,1593734400
23.133,4,Jul 04 2020 01: +0,1593820800
22.933,2,Jul 05 2020 01: +0,1593907200
26.061,5,Jul 06 2020 01: +0,1593993600
26.872,6,Jul 07 2020 01: +0,1594080000
24.486,3,Jul 08 2020 01: +0,1594166400
24.786,3,Jul 09 2020 01: +0,1594252800
28.118,1,Jul 10 2020 01: +0,1594339200
26.575,5,Jul 11 2020 01: +0,1594425600
27.702,1,Jul 12 2020 01: +0,1594512000
26.635,1,Jul 14 2020 01: +0,1594684800
27.469,2,Jul 15 2020 01: +0,1594771200
27.148,1,Jul 17 2020 01: +0,1594944000
25.634,2,Jul 18 2020 01: +0,1595030400
28.009,3,Jul 20 2020 01: +0,1595203200
24.989,1,Jul 21 2020 01: +0,1595289600
27.806,1,Jul 22 2020 01: +0,1595376000
27.58,1,Jul 23 2020 01: +0,1595462400
34.616,2,Jul 24 2020 01: +0,1595548800
26.857,4,Jul 25 2020 01: +0,1595635200
30.002,6,Jul 26 2020 01: +0,1595721600
24.704,2,Jul 27 2020 01: +0,1595808000
32.684,1,Jul 29 2020 01: +0,1595980800
26.517,2,Jul 30 2020 01: +0,1596067200
32.742,1,Jul 31 2020 01: +0,1596153600
29.328,2,Aug 01 2020 01: +0,1596240000
27.778,3,Aug 02 2020 01: +0,1596326400
25.655,1,Aug 03 2020 01: +0,1596412800
24.267,3,Aug 04 2020 01: +0,1596499200
25.301,2,Aug 05 2020 01: +0,1596585600
30.243,7,Aug 07 2020 01: +0,1596758400
24.775,1,Aug 08 2020 01: +0,1596844800
27.284,2,Aug 09 2020 01: +0,1596931200
25.723,1,Aug 10 2020 01: +0,1597017600
24.834,3,Aug 11 2020 01: +0,1597104000
53.286,1,Aug 12 2020 01: +0,1597190400
27.943,1,Aug 13 2020 01: +0,1597276800
26.903,3,Aug 15 2020 01: +0,1597449600
28.491,8,Aug 18 2020 01: +0,1597708800
28.764,4,Aug 20 2020 01: +0,1597881600
25.919,1,Aug 21 2020 01: +0,1597968000
25.998,1,Aug 22 2020 01: +0,1598054400
34.894,2,Aug 23 2020 01: +0,1598140800
24.367,1,Aug 24 2020 01: +0,1598227200
33.236,1,Aug 25 2020 01: +0,1598313600
27.367,4,Aug 27 2020 01: +0,1598486400
34.512,2,Aug 28 2020 01: +0,1598572800
27.711,6,Aug 29 2020 01: +0,1598659200
29.665,2,Aug 30 2020 01: +0,1598745600
27.348,1,Sep 02 2020 01: +0,1599004800
30.139,1,Sep 03 2020 01: +0,1599091200
27.297,1,Sep 04 2020 01: +0,1599177600
34.508,1,Sep 06 2020 01: +0,1599350400
27.446,1,Sep 07 2020 01: +0,1599436800
31.238,4,Sep 08 2020 01: +0,1599523200
29.612,2,Sep 10 2020 01: +0,1599696000
27.925,1,Sep 12 2020 01: +0,1599868800
29.612,6,Sep 15 2020 01: +0,1600128000
30.713,2,Sep 18 2020 01: +0,1600387200
31.608,2,Sep 19 2020 01: +0,1600473600
38.056,2,Sep 21 2020 01: +0,1600646400
34.779,2,Sep 24 2020 01: +0,1600905600
35.193,1,Sep 27 2020 01: +0,1601164800
38.18,2,Sep 30 2020 01: +0,1601424000
29.394,2,Oct 01 2020 01: +0,1601510400
29.514,1,Oct 02 2020 01: +0,1601596800
30.941,2,Oct 03 2020 01: +0,1601683200
31.532,1,Oct 04 2020 01: +0,1601769600
29.032,1,Oct 05 2020 01: +0,1601856000
31.653,2,Oct 06 2020 01: +0,1601942400
32.842,2,Oct 07 2020 01: +0,1602028800
36.675,1,Oct 08 2020 01: +0,1602115200
32.408,2,Oct 09 2020 01: +0,1602201600
29.34,1,Oct 10 2020 01: +0,1602288000
29.613,1,Oct 11 2020 01: +0,1602374400
32.715,2,Oct 12 2020 01: +0,1602460800
29.638,1,Oct 15 2020 01: +0,1602720000
30.844,2,Oct 16 2020 01: +0,1602806400
28.761,3,Oct 17 2020 01: +0,1602892800
30.035,2,Oct 18 2020 01: +0,1602979200
30.145,4,Oct 19 2020 01: +0,1603065600
28.125,1,Oct 20 2020 01: +0,1603152000
29.841,3,Oct 21 2020 01: +0,1603238400
27.983,1,Oct 22 2020 01: +0,1603324800
40.843,3,Oct 23 2020 01: +0,1603411200
30.069,2,Oct 24 2020 01: +0,1603497600
31.53,3,Oct 25 2020 01: +0,1603584000
31.197,2,Oct 26 2020 01: +0,1603674000
31.483,3,Oct 28 2020 01: +0,1603846800
30.716,2,Oct 29 2020 01: +0,1603933200
46.704,1,Oct 31 2020 01: +0,1604106000
40.217,3,Nov 01 2020 01: +0,1604192400
28.796,2,Nov 02 2020 01: +0,1604278800
33.796,3,Nov 03 2020 01: +0,1604365200
32.246,3,Nov 04 2020 01: +0,1604451600
28.351,1,Nov 05 2020 01: +0,1604538000
33.754,1,Nov 07 2020 01: +0,1604710800
33.094,1,Nov 08 2020 01: +0,1604797200
31.853,2,Nov 09 2020 01: +0,1604883600
33.137,3,Nov 10 2020 01: +0,1604970000
28.827,1,Nov 11 2020 01: +0,1605056400
33.6,1,Nov 12 2020 01: +0,1605142800
33.6,2,Nov 14 2020 01: +0,1605315600
33.672,1,Nov 15 2020 01: +0,1605402000
29.295,4,Nov 21 2020 01: +0,1605920400
27.192,1,Nov 22 2020 01: +0,1606006800
29.439,1,Nov 23 2020 01: +0,1606093200
28.968,2,Nov 24 2020 01: +0,1606179600
28.302,2,Nov 26 2020 01: +0,1606352400
28.039,2,Nov 27 2020 01: +0,1606438800
28.259,1,Nov 28 2020 01: +0,1606525200
27.594,1,Nov 29 2020 01: +0,1606611600
29.282,3,Nov 30 2020 01: +0,1606698000
29.487,2,Dec 01 2020 01: +0,1606784400
31.499,1,Dec 02 2020 01: +0,1606870800
24.994,3,Dec 03 2020 01: +0,1606957200
29.55,3,Dec 04 2020 01: +0,1607043600
31.545,3,Dec 05 2020 01: +0,1607130000
27.942,2,Dec 06 2020 01: +0,1607216400
24.021,1,Dec 07 2020 01: +0,1607302800
26.337,4,Dec 08 2020 01: +0,1607389200
26.986,1,Dec 10 2020 01: +0,1607562000
24.005,3,Dec 11 2020 01: +0,1607648400
25.163,5,Dec 13 2020 01: +0,1607821200
24.851,2,Dec 14 2020 01: +0,1607907600
28.728,1,Dec 15 2020 01: +0,1607994000
30.145,1,Dec 16 2020 01: +0,1608080400
26.15,6,Dec 17 2020 01: +0,1608166800
29.629,1,Dec 18 2020 01: +0,1608253200
28.956,1,Dec 19 2020 01: +0,1608339600
31.649,2,Dec 20 2020 01: +0,1608426000
30.965,1,Dec 21 2020 01: +0,1608512400
29.327,1,Dec 22 2020 01: +0,1608598800
26.76,3,Dec 23 2020 01: +0,1608685200
27.264,4,Dec 24 2020 01: +0,1608771600
24.772,3,Dec 25 2020 01: +0,1608858000
44.081,2,Dec 27 2020 01: +0,1609030800
25.607,3,Dec 28 2020 01: +0,1609117200
35.951,2,Dec 29 2020 01: +0,1609203600
28.256,1,Dec 30 2020 01: +0,1609290000
29.006,3,Dec 31 2020 01: +0,1609376400
28.172,4,Jan 01 2021 01: +0,1609462800
34.78,5,Jan 02 2021 01: +0,1609549200
31.83,4,Jan 03 2021 01: +0,1609635600
28.902,1,Jan 04 2021 01: +0,1609722000
32.178,3,Jan 05 2021 01: +0,1609808400
35.936,6,Jan 06 2021 01: +0,1609894800
28.395,2,Jan 07 2021 01: +0,1609981200
30.084,1,Jan 09 2021 01: +0,1610154000
31.594,3,Jan 10 2021 01: +0,1610240400
36.561,1,Jan 11 2021 01: +0,1610326800
33.84,2,Jan 12 2021 01: +0,1610413200
37.344,3,Jan 13 2021 01: +0,1610499600
32.985,3,Jan 15 2021 01: +0,1610672400
35.046,1,Jan 16 2021 01: +0,1610758800
37.471,6,Jan 17 2021 01: +0,1610845200
30.035,2,Jan 19 2021 01: +0,1611018000
33.056,3,Jan 20 2021 01: +0,1611104400
34.568,3,Jan 23 2021 01: +0,1611363600
36.951,1,Jan 24 2021 01: +0,1611450000
31.628,4,Jan 25 2021 01: +0,1611536400
35.31,1,Jan 26 2021 01: +0,1611622800
32.812,2,Jan 27 2021 01: +0,1611709200
36.113,3,Jan 28 2021 01: +0,1611795600
32.445,5,Jan 29 2021 01: +0,1611882000
31.424,6,Jan 30 2021 01: +0,1611968400
31.938,7,Jan 31 2021 01: +0,1612054800
34.526,2,Feb 01 2021 01: +0,1612141200
30.481,2,Feb 02 2021 01: +0,1612227600
28.877,1,Feb 03 2021 01: +0,1612314000
30.932,3,Feb 04 2021 01: +0,1612400400
31.125,3,Feb 05 2021 01: +0,1612486800
33.288,1,Feb 06 2021 01: +0,1612573200
28.128,2,Feb 07 2021 01: +0,1612659600
29.465,6,Feb 08 2021 01: +0,1612746000
33.506,2,Feb 09 2021 01: +0,1612832400
28.06,4,Feb 10 2021 01: +0,1612918800
29.752,3,Feb 11 2021 01: +0,1613005200
28.558,2,Feb 13 2021 01: +0,1613178000
44.534,1,Feb 14 2021 01: +0,1613264400
43.349,1,Feb 15 2021 01: +0,1613350800
28.058,2,Feb 16 2021 01: +0,1613437200
33.103,3,Feb 17 2021 01: +0,1613523600
30.135,1,Feb 19 2021 01: +0,1613696400
30.314,2,Feb 20 2021 01: +0,1613782800
29.423,3,Feb 22 2021 01: +0,1613955600
25.902,1,Feb 23 2021 01: +0,1614042000
30.078,1,Feb 24 2021 01: +0,1614128400
26.321,1,Feb 25 2021 01: +0,1614214800
26.352,7,Feb 26 2021 01: +0,1614301200
27.662,3,Feb 27 2021 01: +0,1614387600
28.549,3,Feb 28 2021 01: +0,1614474000
31.085,3,Mar 02 2021 01: +0,1614646800
52.327,3,Mar 03 2021 01: +0,1614733200
28.576,1,Mar 04 2021 01: +0,1614819600
32.4,2,Mar 06 2021 01: +0,1614992400
30.543,2,Mar 07 2021 01: +0,1615078800
30.399,2,Mar 08 2021 01: +0,1615165200
31.399,7,Mar 09 2021 01: +0,1615251600
28.769,1,Mar 10 2021 01: +0,1615338000
37.256,2,Mar 11 2021 01: +0,1615424400
31.464,4,Mar 12 2021 01: +0,1615510800
30.081,2,Mar 13 2021 01: +0,1615597200
33.337,2,Mar 15 2021 01: +0,1615770000
38.885,2,Mar 16 2021 01: +0,1615856400
36.456,2,Mar 17 2021 01: +0,1615942800
34.492,7,Mar 18 2021 01: +0,1616029200
31.788,1,Mar 19 2021 01: +0,1616115600
41.599,1,Mar 20 2021 01: +0,1616202000
32.533,1,Mar 22 2021 01: +0,1616374800
32.769,3,Mar 23 2021 01: +0,1616461200
36.113,2,Mar 25 2021 01: +0,1616634000
32.665,2,Mar 27 2021 01: +0,1616806800
46.562,2,Mar 28 2021 01: +0,1616893200
32.64,1,Mar 29 2021 01: +0,1616976000
33.885,5,Mar 30 2021 01: +0,1617062400
32.682,1,Mar 31 2021 01: +0,1617148800
32.715,2,Apr 01 2021 01: +0,1617235200
38.637,2,Apr 02 2021 01: +0,1617321600
36.372,4,Apr 03 2021 01: +0,1617408000
36.145,4,Apr 04 2021 01: +0,1617494400
38.974,2,Apr 05 2021 01: +0,1617580800
39.208,1,Apr 06 2021 01: +0,1617667200
33.385,1,Apr 07 2021 01: +0,1617753600
36.879,2,Apr 09 2021 01: +0,1617926400
33.178,1,Apr 10 2021 01: +0,1618012800
36.439,3,Apr 11 2021 01: +0,1618099200
39.464,4,Apr 12 2021 01: +0,1618185600
35.633,5,Apr 15 2021 01: +0,1618444800
40.029,1,Apr 17 2021 01: +0,1618617600
32.757,1,Apr 18 2021 01: +0,1618704000
38.588,6,Apr 19 2021 01: +0,1618790400
32.599,1,Apr 20 2021 01: +0,1618876800
34.503,3,Apr 21 2021 01: +0,1618963200
38.381,1,Apr 22 2021 01: +0,1619049600
37.205,2,Apr 23 2021 01: +0,1619136000
40.373,2,Apr 24 2021 01: +0,1619222400
45.202,6,Apr 25 2021 01: +0,1619308800
49.361,1,Apr 27 2021 01: +0,1619481600
41.35,1,Apr 28 2021 01: +0,1619568000
44.745,2,Apr 29 2021 01: +0,1619654400
41.962,2,Apr 30 2021 01: +0,1619740800
50.368,1,May 01 2021 01: +0,1619827200
42.52,4,May 02 2021 01: +0,1619913600
46.395,2,May 03 2021 01: +0,1620000000
51.671,4,May 04 2021 01: +0,1620086400
54.883,1,May 06 2021 01: +0,1620259200
42.657,1,May 07 2021 01: +0,1620345600
48.321,6,May 09 2021 01: +0,1620518400
113.194,1,May 10 2021 01: +0,1620604800
42.69,1,May 12 2021 01: +0,1620777600
50.155,3,May 13 2021 01: +0,1620864000
42.781,1,May 14 2021 01: +0,1620950400
54.839,2,May 15 2021 01: +0,1621036800
50.476,1,May 17 2021 01: +0,1621209600
44.524,3,May 18 2021 01: +0,1621296000
42.591,1,May 19 2021 01: +0,1621382400
42.583,1,May 20 2021 01: +0,1621468800
42.558,1,May 21 2021 01: +0,1621555200
47.336,6,May 22 2021 01: +0,1621641600
49.684,2,May 23 2021 01: +0,1621728000
48.555,1,May 25 2021 01: +0,1621900800
43.144,2,May 27 2021 01: +0,1622073600
44.097,3,May 29 2021 01: +0,1622246400
47.107,2,Jun 03 2021 01: +0,1622678400
40.862,1,Jun 05 2021 01: +0,1622851200
45.89,3,Jun 06 2021 01: +0,1622937600
49.454,1,Jun 07 2021 01: +0,1623024000
46.272,3,Jun 08 2021 01: +0,1623110400
44.816,3,Jun 09 2021 01: +0,1623196800
41.607,2,Jun 10 2021 01: +0,1623283200
38.05,1,Jun 11 2021 01: +0,1623369600
42.198,2,Jun 12 2021 01: +0,1623456000
41.69,3,Jun 13 2021 01: +0,1623542400
43.251,3,Jun 14 2021 01: +0,1623628800
47.521,3,Jun 15 2021 01: +0,1623715200
46.843,1,Jun 16 2021 01: +0,1623801600
48.166,1,Jun 17 2021 01: +0,1623888000
41.218,1,Jun 18 2021 01: +0,1623974400
45.215,2,Jun 20 2021 01: +0,1624147200
40.664,1,Jun 21 2021 01: +0,1624233600
42.494,2,Jun 23 2021 01: +0,1624406400
39.4,1,Jun 24 2021 01: +0,1624492800
38.509,2,Jun 25 2021 01: +0,1624579200
43.468,1,Jun 26 2021 01: +0,1624665600
37.802,1,Jun 27 2021 01: +0,1624752000
39.581,2,Jun 28 2021 01: +0,1624838400
36.437,1,Jun 29 2021 01: +0,1624924800
44.842,2,Jun 30 2021 01: +0,1625011200
58.163,2,Jul 01 2021 01: +0,1625097600
41.123,1,Jul 03 2021 01: +0,1625270400
40.27,3,Jul 04 2021 01: +0,1625356800
36.902,1,Jul 05 2021 01: +0,1625443200
38.737,1,Jul 08 2021 01: +0,1625702400
34.857,1,Jul 09 2021 01: +0,1625788800
34.374,2,Jul 10 2021 01: +0,1625875200
33.831,1,Jul 11 2021 01: +0,1625961600
33.782,1,Jul 12 2021 01: +0,1626048000
34.361,2,Jul 13 2021 01: +0,1626134400
37.587,1,Jul 14 2021 01: +0,1626220800
36.548,2,Jul 17 2021 01: +0,1626480000
31.615,3,Jul 21 2021 01: +0,1626825600
34.28,3,Jul 22 2021 01: +0,1626912000
31.308,1,Jul 23 2021 01: +0,1626998400
41.215,2,Jul 24 2021 01: +0,1627084800
38.022,1,Jul 25 2021 01: +0,1627171200
37.945,1,Jul 26 2021 01: +0,1627257600
33.264,2,Jul 27 2021 01: +0,1627344000
38.02,2,Jul 28 2021 01: +0,1627430400
38.916,1,Jul 31 2021 01: +0,1627689600
37.632,2,Aug 02 2021 01: +0,1627862400
38.044,1,Aug 03 2021 01: +0,1627948800
35.819,2,Aug 04 2021 01: +0,1628035200
44.906,2,Aug 06 2021 01: +0,1628208000
35.221,1,Aug 07 2021 01: +0,1628294400
35.246,1,Aug 09 2021 01: +0,1628467200
35.271,1,Aug 10 2021 01: +0,1628553600
38.629,2,Aug 11 2021 01: +0,1628640000
38.887,1,Aug 12 2021 01: +0,1628726400
37.819,3,Aug 13 2021 01: +0,1628812800
36.95,1,Aug 18 2021 01: +0,1629244800
34.806,1,Aug 19 2021 01: +0,1629331200
40.955,2,Aug 20 2021 01: +0,1629417600
44.408,1,Aug 21 2021 01: +0,1629504000
35.072,1,Aug 23 2021 01: +0,1629676800
35.295,1,Aug 24 2021 01: +0,1629763200
34.741,1,Aug 25 2021 01: +0,1629849600
33.294,1,Aug 26 2021 01: +0,1629936000
36.277,3,Aug 27 2021 01: +0,1630022400
39.628,2,Aug 28 2021 01: +0,1630108800
33.31,1,Aug 29 2021 01: +0,1630195200
33.408,1,Aug 30 2021 01: +0,1630281600
33.984,3,Aug 31 2021 01: +0,1630368000
39.949,2,Sep 01 2021 01: +0,1630454400
32.888,1,Sep 02 2021 01: +0,1630540800
33.459,1,Sep 03 2021 01: +0,1630627200
32.823,3,Sep 04 2021 01: +0,1630713600
36.291,2,Sep 05 2021 01: +0,1630800000
33.707,1,Sep 07 2021 01: +0,1630972800
34.541,2,Sep 09 2021 01: +0,1631145600
33.821,4,Sep 10 2021 01: +0,1631232000
33.851,1,Sep 11 2021 01: +0,1631318400
29.348,1,Sep 12 2021 01: +0,1631404800
31.582,5,Sep 13 2021 01: +0,1631491200
34.098,2,Sep 14 2021 01: +0,1631577600
33.567,8,Sep 15 2021 01: +0,1631664000
35.554,5,Sep 16 2021 01: +0,1631750400
39.74,4,Sep 17 2021 01: +0,1631836800
31.784,4,Sep 18 2021 01: +0,1631923200
30.377,3,Sep 21 2021 01: +0,1632182400
28.977,5,Sep 22 2021 01: +0,1632268800
21.552,1,Sep 23 2021 01: +0,1632355200
27.617,2,Sep 24 2021 01: +0,1632441600
30.535,2,Sep 25 2021 01: +0,1632528000
33.36,3,Sep 26 2021 01: +0,1632614400
25.27,1,Sep 28 2021 01: +0,1632787200
27.59,3,Sep 29 2021 01: +0,1632873600
31.532,2,Sep 30 2021 01: +0,1632960000
32.391,3,Oct 01 2021 01: +0,1633046400
35.13,9,Oct 02 2021 01: +0,1633132800
29.05,1,Oct 03 2021 01: +0,1633219200
31.437,2,Oct 05 2021 01: +0,1633392000
26.023,2,Oct 06 2021 01: +0,1633478400
43.816,3,Oct 07 2021 01: +0,1633564800
41.05,1,Oct 08 2021 01: +0,1633651200
25.755,3,Oct 10 2021 01: +0,1633824000
32.045,2,Oct 12 2021 01: +0,1633996800
33.232,5,Oct 13 2021 01: +0,1634083200
35.655,2,Oct 14 2021 01: +0,1634169600
32.772,2,Oct 15 2021 01: +0,1634256000
56.0,1,Oct 16 2021 01: +0,1634342400
31.342,3,Oct 17 2021 01: +0,1634428800
36.644,1,Oct 18 2021 01: +0,1634515200
31.835,2,Oct 19 2021 01: +0,1634601600
29.902,1,Oct 20 2021 01: +0,1634688000
34.936,1,Oct 21 2021 01: +0,1634774400
35.175,3,Oct 22 2021 01: +0,1634860800
29.071,3,Oct 23 2021 01: +0,1634947200
36.449,2,Oct 24 2021 01: +0,1635033600
33.206,2,Oct 26 2021 01: +0,1635206400
29.443,2,Oct 28 2021 01: +0,1635379200
31.837,3,Oct 29 2021 01: +0,1635465600
36.66,2,Oct 31 2021 01: +0,1635638400
60.828,1,Nov 01 2021 01: +0,1635728400
28.67,1,Nov 02 2021 01: +0,1635814800
31.118,8,Nov 03 2021 01: +0,1635901200
28.695,1,Nov 04 2021 01: +0,1635987600
32.404,3,Nov 05 2021 01: +0,1636074000
33.827,3,Nov 06 2021 01: +0,1636160400
31.299,4,Nov 07 2021 01: +0,1636246800
33.423,6,Nov 08 2021 01: +0,1636333200
37.181,2,Nov 09 2021 01: +0,1636419600
34.989,2,Nov 10 2021 01: +0,1636506000
35.776,1,Nov 11 2021 01: +0,1636592400
39.955,3,Nov 12 2021 01: +0,1636678800
37.754,6,Nov 13 2021 01: +0,1636765200
36.962,2,Nov 14 2021 01: +0,1636851600
32.922,5,Nov 15 2021 01: +0,1636938000
30.989,6,Nov 16 2021 01: +0,1637024400
33.854,2,Nov 17 2021 01: +0,1637110800
32.795,4,Nov 18 2021 01: +0,1637197200
30.253,3,Nov 19 2021 01: +0,1637283600
33.145,1,Nov 21 2021 01: +0,1637456400
44.041,5,Nov 22 2021 01: +0,1637542800
31.653,3,Nov 24 2021 01: +0,1637715600
29.869,1,Nov 25 2021 01: +0,1637802000
28.941,1,Nov 27 2021 01: +0,1637974800
34.076,1,Nov 28 2021 01: +0,1638061200
31.479,4,Nov 30 2021 01: +0,1638234000
33.49,6,Dec 01 2021 01: +0,1638320400
30.848,5,Dec 02 2021 01: +0,1638406800
33.825,3,Dec 03 2021 01: +0,1638493200
29.249,2,Dec 04 2021 01: +0,1638579600
29.365,1,Dec 05 2021 01: +0,1638666000
33.512,1,Dec 06 2021 01: +0,1638752400
31.412,2,Dec 07 2021 01: +0,1638838800
32.565,3,Dec 08 2021 01: +0,1638925200
32.384,3,Dec 09 2021 01: +0,1639011600
48.404,1,Dec 10 2021 01: +0,1639098000
32.915,4,Dec 11 2021 01: +0,1639184400
34.569,3,Dec 12 2021 01: +0,1639270800
32.855,6,Dec 13 2021 01: +0,1639357200
38.746,3,Dec 14 2021 01: +0,1639443600
33.639,3,Dec 15 2021 01: +0,1639530000
31.222,4,Dec 18 2021 01: +0,1639789200
32.476,2,Dec 19 2021 01: +0,1639875600
36.736,1,Dec 20 2021 01: +0,1639962000
32.703,1,Dec 21 2021 01: +0,1640048400
30.83,1,Dec 23 2021 01: +0,1640221200
33.294,1,Dec 24 2021 01: +0,1640307600
36.979,2,Dec 25 2021 01: +0,1640394000
45.212,3,Dec 26 2021 01: +0,1640480400
31.772,2,Dec 27 2021 01: +0,1640566800
32.026,1,Dec 28 2021 01: +0,1640653200
33.005,4,Dec 29 2021 01: +0,1640739600
38.668,3,Dec 31 2021 01: +0,1640912400
36.12,2,Jan 01 2022 01: +0,1640998800
38.64,6,Jan 02 2022 01: +0,1641085200
37.385,2,Jan 03 2022 01: +0,1641171600
35.511,3,Jan 05 2022 01: +0,1641344400
40.582,1,Jan 07 2022 01: +0,1641517200
35.775,2,Jan 08 2022 01: +0,1641603600
35.684,2,Jan 09 2022 01: +0,1641690000
30.134,1,Jan 10 2022 01: +0,1641776400
33.625,1,Jan 11 2022 01: +0,1641862800
38.829,7,Jan 13 2022 01: +0,1642035600
38.882,1,Jan 14 2022 01: +0,1642122000
33.021,1,Jan 15 2022 01: +0,1642208400
38.224,3,Jan 16 2022 01: +0,1642294800
42.55,1,Jan 17 2022 01: +0,1642381200
33.252,1,Jan 18 2022 01: +0,1642467600
43.53,2,Jan 20 2022 01: +0,1642640400
39.995,3,Jan 21 2022 01: +0,1642726800
38.788,1,Jan 23 2022 01: +0,1642899600
40.263,2,Jan 24 2022 01: +0,1642986000
45.371,1,Jan 25 2022 01: +0,1643072400
38.05,1,Jan 27 2022 01: +0,1643245200
37.794,1,Jan 28 2022 01: +0,1643331600
37.814,2,Jan 29 2022 01: +0,1643418000
39.532,4,Jan 30 2022 01: +0,1643504400
37.47,1,Jan 31 2022 01: +0,1643590800
37.276,1,Feb 01 2022 01: +0,1643677200
37.388,1,Feb 02 2022 01: +0,1643763600
41.409,2,Feb 03 2022 01: +0,1643850000
40.951,4,Feb 04 2022 01: +0,1643936400
39.226,1,Feb 05 2022 01: +0,1644022800
36.884,1,Feb 06 2022 01: +0,1644109200
40.213,2,Feb 07 2022 01: +0,1644195600
41.224,3,Feb 08 2022 01: +0,1644282000
47.157,1,Feb 13 2022 01: +0,1644714000
39.792,3,Feb 14 2022 01: +0,1644800400
43.021,1,Feb 15 2022 01: +0,1644886800
38.782,2,Feb 16 2022 01: +0,1644973200
40.366,1,Feb 17 2022 01: +0,1645059600
39.823,3,Feb 18 2022 01: +0,1645146000
39.72,3,Feb 19 2022 01: +0,1645232400
41.797,1,Feb 20 2022 01: +0,1645318800
44.404,2,Feb 21 2022 01: +0,1645405200
39.581,2,Feb 23 2022 01: +0,1645578000
36.817,1,Feb 24 2022 01: +0,1645664400
40.726,3,Feb 25 2022 01: +0,1645750800
38.358,4,Mar 01 2022 01: +0,1646096400
39.003,2,Mar 02 2022 01: +0,1646182800
34.245,1,Mar 03 2022 01: +0,1646269200
39.883,3,Mar 04 2022 01: +0,1646355600
50.615,2,Mar 05 2022 01: +0,1646442000
38.05,1,Mar 07 2022 01: +0,1646614800
41.083,3,Mar 10 2022 01: +0,1646874000
35.552,1,Mar 11 2022 01: +0,1646960400
35.01,2,Mar 12 2022 01: +0,1647046800
36.342,3,Mar 13 2022 01: +0,1647133200
56.372,1,Mar 14 2022 01: +0,1647219600
37.827,2,Mar 15 2022 01: +0,1647306000
38.246,4,Mar 16 2022 01: +0,1647392400
37.128,4,Mar 17 2022 01: +0,1647478800
40.785,3,Mar 18 2022 01: +0,1647565200
52.355,1,Mar 19 2022 01: +0,1647651600
38.71,1,Mar 20 2022 01: +0,1647738000
39.952,1,Mar 21 2022 01: +0,1647824400
52.479,1,Mar 23 2022 01: +0,1647997200
40.314,3,Mar 24 2022 01: +0,1648083600
38.111,3,Mar 25 2022 01: +0,1648170000
43.05,1,Mar 26 2022 01: +0,1648256400
38.472,1,Mar 29 2022 01: +0,1648512000
44.036,2,Mar 30 2022 01: +0,1648598400
37.678,3,Apr 02 2022 01: +0,1648857600
37.89,2,Apr 03 2022 01: +0,1648944000
38.323,2,Apr 04 2022 01: +0,1649030400
44.783,2,Apr 05 2022 01: +0,1649116800
39.068,3,Apr 06 2022 01: +0,1649203200
40.409,3,Apr 07 2022 01: +0,1649289600
40.957,2,Apr 08 2022 01: +0,1649376000
52.868,1,Apr 09 2022 01: +0,1649462400
51.981,1,Apr 10 2022 01: +0,1649548800
43.919,2,Apr 12 2022 01: +0,1649721600
50.044,2,Apr 14 2022 01: +0,1649894400
47.183,2,Apr 15 2022 01: +0,1649980800
46.785,2,Apr 17 2022 01: +0,1650153600
42.718,2,Apr 18 2022 01: +0,1650240000
46.722,3,Apr 19 2022 01: +0,1650326400
29.55,3,Apr 20 2022 01: +0,1650412800
44.668,2,Apr 21 2022 01: +0,1650499200
44.875,3,Apr 22 2022 01: +0,1650585600
47.229,1,Apr 23 2022 01: +0,1650672000
50.094,1,Apr 24 2022 01: +0,1650758400
47.213,1,Apr 27 2022 01: +0,1651017600
42.078,1,Apr 28 2022 01: +0,1651104000
48.993,1,Apr 29 2022 01: +0,1651190400
41.607,2,Apr 30 2022 01: +0,1651276800
43.402,1,May 01 2022 01: +0,1651363200
41.53,2,May 02 2022 01: +0,1651449600
38.972,1,May 03 2022 01: +0,1651536000
43.12,2,May 04 2022 01: +0,1651622400
41.907,3,May 05 2022 01: +0,1651708800
85.612,1,May 06 2022 01: +0,1651795200
46.697,3,May 08 2022 01: +0,1651968000
39.402,2,May 09 2022 01: +0,1652054400
39.253,3,May 10 2022 01: +0,1652140800
41.962,1,May 11 2022 01: +0,1652227200
38.315,1,May 13 2022 01: +0,1652400000
32.847,2,May 14 2022 01: +0,1652486400
41.772,1,May 16 2022 01: +0,1652659200
35.552,1,May 17 2022 01: +0,1652745600
35.552,1,May 18 2022 01: +0,1652832000
40.866,1,May 19 2022 01: +0,1652918400
39.197,3,May 22 2022 01: +0,1653177600
35.957,1,May 23 2022 01: +0,1653264000
38.2,5,May 25 2022 01: +0,1653436800
38.134,2,May 26 2022 01: +0,1653523200
39.184,1,May 27 2022 01: +0,1653609600
36.544,2,May 29 2022 01: +0,1653782400
39.678,2,May 30 2022 01: +0,1653868800
37.326,2,May 31 2022 01: +0,1653955200
39.329,2,Jun 01 2022 01: +0,1654041600
36.503,3,Jun 02 2022 01: +0,1654128000
37.87,3,Jun 05 2022 01: +0,1654387200
37.934,1,Jun 06 2022 01: +0,1654473600
37.347,1,Jun 07 2022 01: +0,1654560000
42.881,1,Jun 08 2022 01: +0,1654646400
43.259,1,Jun 09 2022 01: +0,1654732800
42.655,2,Jun 10 2022 01: +0,1654819200
40.602,3,Jun 13 2022 01: +0,1655078400
38.452,4,Jun 14 2022 01: +0,1655164800
43.197,1,Jun 15 2022 01: +0,1655251200
37.659,1,Jun 16 2022 01: +0,1655337600
37.645,1,Jun 17 2022 01: +0,1655424000
40.481,2,Jun 19 2022 01: +0,1655596800
36.267,2,Jun 20 2022 01: +0,1655683200
34.849,1,Jun 21 2022 01: +0,1655769600
34.503,4,Jun 22 2022 01: +0,1655856000
34.137,2,Jun 23 2022 01: +0,1655942400
34.807,3,Jun 25 2022 01: +0,1656115200
38.77,2,Jun 26 2022 01: +0,1656201600
38.813,2,Jun 27 2022 01: +0,1656288000
38.78,2,Jun 28 2022 01: +0,1656374400
50.654,2,Jun 29 2022 01: +0,1656460800
42.19,2,Jun 30 2022 01: +0,1656547200
47.533,2,Jul 01 2022 01: +0,1656633600
36.801,2,Jul 02 2022 01: +0,1656720000
42.558,1,Jul 03 2022 01: +0,1656806400
36.989,2,Jul 04 2022 01: +0,1656892800
42.024,2,Jul 05 2022 01: +0,1656979200
37.847,3,Jul 06 2022 01: +0,1657065600
36.478,3,Jul 07 2022 01: +0,1657152000
36.503,1,Jul 08 2022 01: +0,1657238400
35.552,1,Jul 09 2022 01: +0,1657324800
45.301,3,Jul 10 2022 01: +0,1657411200
42.36,1,Jul 11 2022 01: +0,1657497600
36.003,2,Jul 12 2022 01: +0,1657584000
39.501,2,Jul 13 2022 01: +0,1657670400
37.272,2,Jul 14 2022 01: +0,1657756800
37.173,1,Jul 15 2022 01: +0,1657843200
37.239,1,Jul 16 2022 01: +0,1657929600
37.248,1,Jul 17 2022 01: +0,1658016000
37.37,3,Jul 19 2022 01: +0,1658188800
37.355,2,Jul 20 2022 01: +0,1658275200
39.529,3,Jul 21 2022 01: +0,1658361600
41.177,2,Jul 22 2022 01: +0,1658448000
44.719,2,Jul 25 2022 01: +0,1658707200
39.223,2,Jul 26 2022 01: +0,1658793600
44.95,1,Jul 27 2022 01: +0,1658880000
275.2,1,Jul 28 2022 01: +0,1658966400
37.5,2,Jul 29 2022 01: +0,1659052800
35.972,5,Jul 30 2022 01: +0,1659139200
36.392,3,Jul 31 2022 01: +0,1659225600
41.954,1,Aug 01 2022 01: +0,1659312000
42.961,5,Aug 02 2022 01: +0,1659398400
38.323,2,Aug 03 2022 01: +0,1659484800
39.109,1,Aug 04 2022 01: +0,1659571200
43.586,1,Aug 06 2022 01: +0,1659744000
41.02,6,Aug 07 2022 01: +0,1659830400
39.804,1,Aug 08 2022 01: +0,1659916800
41.64,1,Aug 10 2022 01: +0,1660089600
42.02,1,Aug 11 2022 01: +0,1660176000
59.002,1,Aug 12 2022 01: +0,1660262400
45.946,2,Aug 15 2022 01: +0,1660521600
42.291,2,Aug 17 2022 01: +0,1660694400
39.415,1,Aug 18 2022 01: +0,1660780800
39.34,2,Aug 19 2022 01: +0,1660867200
45.313,1,Aug 20 2022 01: +0,1660953600
42.064,1,Aug 22 2022 01: +0,1661126400
41.238,2,Aug 23 2022 01: +0,1661212800
36.632,2,Aug 24 2022 01: +0,1661299200
39.067,3,Aug 25 2022 01: +0,1661385600
38.243,3,Aug 26 2022 01: +0,1661472000
41.625,3,Aug 27 2022 01: +0,1661558400
39.111,3,Aug 28 2022 01: +0,1661644800
41.693,1,Aug 29 2022 01: +0,1661731200
40.579,3,Aug 31 2022 01: +0,1661904000
40.17,3,Sep 01 2022 01: +0,1661990400
44.339,4,Sep 02 2022 01: +0,1662076800
41.772,3,Sep 03 2022 01: +0,1662163200
41.743,2,Sep 04 2022 01: +0,1662249600
42.19,2,Sep 05 2022 01: +0,1662336000
44.685,1,Sep 06 2022 01: +0,1662422400
45.275,2,Sep 07 2022 01: +0,1662508800
48.981,2,Sep 08 2022 01: +0,1662595200
43.44,3,Sep 09 2022 01: +0,1662681600
50.951,1,Sep 10 2022 01: +0,1662768000
45.829,3,Sep 13 2022 01: +0,1663027200
39.704,1,Sep 14 2022 01: +0,1663113600
43.96,3,Sep 15 2022 01: +0,1663200000
41.168,1,Sep 16 2022 01: +0,1663286400
36.536,2,Sep 17 2022 01: +0,1663372800
41.091,2,Sep 18 2022 01: +0,1663459200
37.835,3,Sep 19 2022 01: +0,1663545600
37.8,3,Sep 20 2022 01: +0,1663632000
46.21,2,Sep 21 2022 01: +0,1663718400
41.044,2,Sep 22 2022 01: +0,1663804800
41.533,2,Sep 23 2022 01: +0,1663891200
35.214,3,Sep 25 2022 01: +0,1664064000
39.329,3,Sep 26 2022 01: +0,1664150400
39.332,2,Sep 28 2022 01: +0,1664323200
39.264,2,Sep 29 2022 01: +0,1664409600
36.842,1,Sep 30 2022 01: +0,1664496000
41.36,2,Oct 01 2022 01: +0,1664582400
46.615,2,Oct 02 2022 01: +0,1664668800
66.223,1,Oct 03 2022 01: +0,1664755200
36.518,2,Oct 04 2022 01: +0,1664841600
47.086,2,Oct 05 2022 01: +0,1664928000
35.341,4,Oct 07 2022 01: +0,1665100800
37.025,3,Oct 08 2022 01: +0,1665187200
36.795,3,Oct 12 2022 01: +0,1665532800
37.811,1,Oct 13 2022 01: +0,1665619200
36.263,1,Oct 15 2022 01: +0,1665792000
36.333,4,Oct 16 2022 01: +0,1665878400
35.453,1,Oct 17 2022 01: +0,1665964800
37.911,2,Oct 18 2022 01: +0,1666051200
39.167,2,Oct 19 2022 01: +0,1666137600
35.523,3,Oct 21 2022 01: +0,1666310400
33.513,2,Oct 22 2022 01: +0,1666396800
38.952,1,Oct 23 2022 01: +0,1666483200
34.932,1,Oct 24 2022 01: +0,1666569600
39.66,1,Oct 25 2022 01: +0,1666656000
34.319,1,Oct 26 2022 01: +0,1666742400
34.529,3,Oct 27 2022 01: +0,1666828800
34.212,2,Oct 28 2022 01: +0,1666915200
34.796,2,Oct 29 2022 01: +0,1667001600
44.43,2,Oct 30 2022 01: +0,1667088000
34.104,4,Oct 31 2022 01: +0,1667178000
34.851,1,Nov 02 2022 01: +0,1667350800
36.842,1,Nov 03 2022 01: +0,1667437200
36.726,1,Nov 04 2022 01: +0,1667523600
34.295,1,Nov 07 2022 01: +0,1667782800
38.267,2,Nov 08 2022 01: +0,1667869200
34.633,3,Nov 09 2022 01: +0,1667955600
39.602,2,Nov 10 2022 01: +0,1668042000
37.973,4,Nov 12 2022 01: +0,1668214800
45.776,3,Nov 13 2022 01: +0,1668301200
37.976,4,Nov 14 2022 01: +0,1668387600
34.816,1,Nov 15 2022 01: +0,1668474000
35.94,4,Nov 16 2022 01: +0,1668560400
33.509,1,Nov 17 2022 01: +0,1668646800
33.079,1,Nov 18 2022 01: +0,1668733200
33.964,2,Nov 19 2022 01: +0,1668819600
57.066,1,Nov 20 2022 01: +0,1668906000
32.111,1,Nov 21 2022 01: +0,1668992400
31.892,2,Nov 22 2022 01: +0,1669078800
29.805,2,Nov 24 2022 01: +0,1669251600
40.009,1,Nov 25 2022 01: +0,1669338000
37.097,1,Nov 26 2022 01: +0,1669424400
31.6,2,Nov 28 2022 01: +0,1669597200
37.247,2,Nov 30 2022 01: +0,1669770000
34.22,1,Dec 06 2022 01: +0,1670288400
36.002,3,Dec 07 2022 01: +0,1670374800
34.22,2,Dec 08 2022 01: +0,1670461200
43.457,3,Dec 09 2022 01: +0,1670547600
33.252,1,Dec 10 2022 01: +0,1670634000
33.989,1,Dec 11 2022 01: +0,1670720400
38.221,2,Dec 12 2022 01: +0,1670806800
39.629,1,Dec 13 2022 01: +0,1670893200
87.151,1,Dec 14 2022 01: +0,1670979600
35.168,1,Dec 19 2022 01: +0,1671411600
42.202,4,Dec 22 2022 01: +0,1671670800
37.384,2,Dec 24 2022 01: +0,1671843600
39.835,3,Dec 25 2022 01: +0,1671930000
36.566,4,Dec 26 2022 01: +0,1672016400
34.791,1,Dec 28 2022 01: +0,1672189200
34.778,2,Dec 29 2022 01: +0,1672275600
37.25,2,Dec 30 2022 01: +0,1672362000
34.944,2,Dec 31 2022 01: +0,1672448400
36.09,4,Jan 01 2023 01: +0,1672534800
35.662,2,Jan 02 2023 01: +0,1672621200
35.138,1,Jan 03 2023 01: +0,1672707600
40.259,1,Jan 04 2023 01: +0,1672794000
38.786,1,Jan 05 2023 01: +0,1672880400
37.818,2,Jan 07 2023 01: +0,1673053200
37.868,5,Jan 08 2023 01: +0,1673139600
36.456,3,Jan 09 2023 01: +0,1673226000
40.486,2,Jan 10 2023 01: +0,1673312400
38.976,1,Jan 11 2023 01: +0,1673398800
42.21,2,Jan 12 2023 01: +0,1673485200
44.646,4,Jan 13 2023 01: +0,1673571600
40.999,2,Jan 14 2023 01: +0,1673658000
38.174,1,Jan 16 2023 01: +0,1673830800
47.346,3,Jan 17 2023 01: +0,1673917200
41.934,2,Jan 19 2023 01: +0,1674090000
37.918,2,Jan 20 2023 01: +0,1674176400
43.797,1,Jan 22 2023 01: +0,1674349200
54.878,2,Jan 23 2023 01: +0,1674435600
37.14,1,Jan 24 2023 01: +0,1674522000
40.593,2,Jan 25 2023 01: +0,1674608400
41.721,1,Jan 26 2023 01: +0,1674694800
39.39,4,Jan 27 2023 01: +0,1674781200
36.669,2,Jan 29 2023 01: +0,1674954000
57.819,6,Feb 02 2023 01: +0,1675299600
44.423,5,Feb 04 2023 01: +0,1675472400
36.764,2,Feb 05 2023 01: +0,1675558800
43.154,1,Feb 06 2023 01: +0,1675645200
43.873,1,Feb 07 2023 01: +0,1675731600
42.761,1,Feb 09 2023 01: +0,1675904400
40.48,2,Feb 10 2023 01: +0,1675990800
45.372,3,Feb 11 2023 01: +0,1676077200
41.16,2,Feb 12 2023 01: +0,1676163600
42.7,4,Feb 13 2023 01: +0,1676250000
41.826,2,Feb 14 2023 01: +0,1676336400
46.04,1,Feb 16 2023 02: +0,1676512800
48.563,1,Feb 16 2023 04: +0,1676520000
43.898,1,Feb 16 2023 21: +0,1676581200
42.103,1,Feb 16 2023 23: +0,1676588400
42.5,1,Feb 17 2023 22: +0,1676671200
42.591,1,Feb 18 2023 03: +0,1676689200
42.624,1,Feb 18 2023 04: +0,1676692800
54.941,1,Feb 18 2023 19: +0,1676746800
54.842,1,Feb 19 2023 06: +0,1676786400
54.798,3,Feb 19 2023 17: +0,1676826000
51.96,2,Feb 19 2023 22: +0,1676844000
45.42,1,Feb 21 2023 08: +0,1676966400
45.329,1,Feb 21 2023 10: +0,1676973600
42.087,1,Feb 24 2023 16: +0,1677254400
39.307,1,Feb 24 2023 20: +0,1677268800
38.596,1,Feb 24 2023 21: +0,1677272400
35.552,1,Feb 25 2023 09: +0,1677315600
37.512,1,Feb 25 2023 13: +0,1677330000
37.124,1,Feb 25 2023 17: +0,1677344400
55.603,1,Feb 26 2023 15: +0,1677423600
39.895,1,Feb 26 2023 20: +0,1677441600
39.977,1,Feb 27 2023 06: +0,1677477600
40.3,1,Feb 28 2023 02: +0,1677549600
41.376,1,Mar 02 2023 14: +0,1677765600
50.029,2,Mar 03 2023 19: +0,1677870000
41.243,1,Mar 03 2023 20: +0,1677873600
41.193,1,Mar 05 2023 02: +0,1677981600
48.102,1,Mar 05 2023 13: +0,1678021200
41.425,1,Mar 06 2023 09: +0,1678093200
41.359,1,Mar 07 2023 00: +0,1678147200
41.425,1,Mar 07 2023 15: +0,1678201200
35.362,1,Mar 07 2023 19: +0,1678215600
43.63,1,Mar 09 2023 20: +0,1678392000
41.37,1,Mar 11 2023 00: +0,1678492800
40.78,1,Mar 11 2023 01: +0,1678496400
47.556,1,Mar 11 2023 16: +0,1678550400
49.39,1,Mar 11 2023 21: +0,1678568400
42.897,1,Mar 12 2023 19: +0,1678647600
45.255,1,Mar 13 2023 00: +0,1678665600
68.134,1,Mar 14 2023 05: +0,1678770000
47.591,1,Mar 14 2023 11: +0,1678791600
75.925,1,Mar 14 2023 15: +0,1678806000
48.462,1,Mar 15 2023 01: +0,1678842000
46.784,1,Mar 16 2023 05: +0,1678942800
40.861,1,Mar 17 2023 16: +0,1679068800
38.232,1,Mar 18 2023 17: +0,1679158800
44.905,1,Mar 18 2023 23: +0,1679180400
39.872,1,Mar 19 2023 00: +0,1679184000
40.717,2,Mar 19 2023 19: +0,1679252400
39.406,1,Mar 20 2023 17: +0,1679331600
44.046,1,Mar 21 2023 04: +0,1679371200
45.383,1,Mar 21 2023 23: +0,1679439600
44.871,1,Mar 22 2023 21: +0,1679518800
55.612,1,Mar 23 2023 00: +0,1679529600
43.641,1,Mar 23 2023 12: +0,1679572800
40.223,1,Mar 23 2023 19: +0,1679598000
55.233,1,Mar 23 2023 22: +0,1679608800
40.956,1,Mar 24 2023 02: +0,1679623200
43.116,1,Mar 24 2023 21: +0,1679691600
55.94,1,Mar 24 2023 22: +0,1679695200
52.548,1,Mar 25 2023 16: +0,1679760000
52.552,1,Mar 26 2023 08: +0,1679814000
54.685,1,Mar 27 2023 23: +0,1679954400
50.13,1,Mar 28 2023 07: +0,1679983200
38.395,1,Mar 28 2023 16: +0,1680015600
42.849,1,Mar 29 2023 04: +0,1680058800
41.761,1,Mar 29 2023 06: +0,1680066000
49.689,1,Mar 29 2023 20: +0,1680116400
49.675,1,Mar 30 2023 02: +0,1680138000
48.518,1,Mar 31 2023 10: +0,1680253200
44.838,1,Apr 01 2023 00: +0,1680303600
44.83,1,Apr 01 2023 19: +0,1680372000
56.005,1,Apr 02 2023 02: +0,1680397200
50.904,1,Apr 02 2023 14: +0,1680440400
41.98,1,Apr 02 2023 22: +0,1680469200
51.757,1,Apr 03 2023 16: +0,1680534000
50.697,1,Apr 05 2023 09: +0,1680681600
43.433,1,Apr 05 2023 21: +0,1680724800
49.377,1,Apr 05 2023 22: +0,1680728400
50.717,1,Apr 06 2023 03: +0,1680746400
83.286,1,Apr 06 2023 23: +0,1680818400
50.885,1,Apr 07 2023 06: +0,1680843600
45.934,1,Apr 07 2023 20: +0,1680894000
46.257,1,Apr 07 2023 21: +0,1680897600
51.005,1,Apr 08 2023 04: +0,1680922800
50.946,2,Apr 09 2023 20: +0,1681066800
52.934,1,Apr 10 2023 11: +0,1681120800
64.529,1,Apr 10 2023 12: +0,1681124400
55.689,1,Apr 11 2023 23: +0,1681250400
55.952,1,Apr 13 2023 13: +0,1681387200
63.359,1,Apr 13 2023 17: +0,1681401600
68.33,1,Apr 13 2023 19: +0,1681408800
53.452,1,Apr 13 2023 21: +0,1681416000
53.46,1,Apr 13 2023 23: +0,1681423200
52.137,1,Apr 14 2023 12: +0,1681470000
63.997,1,Apr 14 2023 21: +0,1681502400
98.089,1,Apr 15 2023 09: +0,1681545600
55.08,1,Apr 15 2023 22: +0,1681592400
54.864,1,Apr 16 2023 03: +0,1681610400
67.376,1,Apr 16 2023 18: +0,1681664400
100.065,1,Apr 16 2023 20: +0,1681671600
75.133,1,Apr 17 2023 00: +0,1681686000
81.213,1,Apr 17 2023 18: +0,1681750800
64.906,1,Apr 18 2023 06: +0,1681794000
68.991,1,Apr 19 2023 00: +0,1681858800
56.896,1,Apr 19 2023 05: +0,1681876800
50.611,1,Apr 20 2023 21: +0,1682020800
79.439,1,Apr 20 2023 22: +0,1682024400
61.833,1,Apr 22 2023 23: +0,1682200800
48.272,1,Apr 23 2023 01: +0,1682208000
64.343,1,Apr 23 2023 03: +0,1682215200
65.807,1,Apr 23 2023 06: +0,1682226000
64.837,1,Apr 23 2023 15: +0,1682258400
64.809,1,Apr 23 2023 18: +0,1682269200
68.858,1,Apr 24 2023 03: +0,1682301600
72.366,1,Apr 24 2023 06: +0,1682312400
54.394,1,Apr 24 2023 08: +0,1682319600
66.813,1,Apr 24 2023 22: +0,1682370000
50.502,1,Apr 25 2023 10: +0,1682413200
61.102,1,Apr 25 2023 13: +0,1682424000
57.137,1,Apr 25 2023 14: +0,1682427600
60.755,1,Apr 25 2023 18: +0,1682442000
54.635,1,Apr 26 2023 11: +0,1682503200
64.394,1,Apr 27 2023 03: +0,1682560800
67.873,1,Apr 27 2023 12: +0,1682593200
49.132,1,Apr 29 2023 01: +0,1682726400
59.99,1,Apr 29 2023 09: +0,1682755200
59.834,1,Apr 29 2023 16: +0,1682780400
50.939,1,Apr 29 2023 17: +0,1682784000
62.61,1,Apr 29 2023 23: +0,1682805600
59.986,1,Apr 30 2023 19: +0,1682877600
52.011,1,May 01 2023 18: +0,1682960400
52.196,1,May 02 2023 15: +0,1683036000
59.994,1,May 02 2023 18: +0,1683046800
59.374,2,May 03 2023 18: +0,1683133200
58.634,1,May 03 2023 23: +0,1683151200
47.18,1,May 05 2023 07: +0,1683266400
55.5,1,May 05 2023 08: +0,1683270000
52.877,1,May 05 2023 18: +0,1683306000
46.155,1,May 05 2023 19: +0,1683309600
109.155,1,May 05 2023 23: +0,1683324000
58.183,1,May 08 2023 17: +0,1683561600
113.67,1,May 08 2023 23: +0,1683583200
53.056,1,May 09 2023 22: +0,1683666000
48.072,1,May 10 2023 19: +0,1683741600
54.615,1,May 11 2023 01: +0,1683763200
44.024,1,May 12 2023 20: +0,1683918000
48.57,1,May 12 2023 23: +0,1683928800
61.457,1,May 13 2023 18: +0,1683997200
55.646,1,May 14 2023 03: +0,1684029600
48.528,1,May 14 2023 13: +0,1684065600
48.208,1,May 14 2023 17: +0,1684080000
54.781,1,May 14 2023 18: +0,1684083600
56.239,1,May 15 2023 18: +0,1684170000
55.019,1,May 16 2023 19: +0,1684260000
47.466,1,May 18 2023 12: +0,1684407600
46.972,1,May 18 2023 18: +0,1684429200
46.232,1,May 18 2023 21: +0,1684440000
47.623,1,May 18 2023 22: +0,1684443600
47.808,1,May 19 2023 09: +0,1684483200
90.269,1,May 19 2023 15: +0,1684504800
48.722,1,May 20 2023 09: +0,1684569600
48.729,1,May 20 2023 19: +0,1684605600
47.945,1,May 21 2023 00: +0,1684623600
46.61,1,May 21 2023 02: +0,1684630800
55.092,1,May 21 2023 15: +0,1684677600
51.438,1,May 22 2023 08: +0,1684738800
54.652,1,May 23 2023 02: +0,1684803600
52.249,1,May 23 2023 15: +0,1684850400
48.986,1,May 23 2023 22: +0,1684875600
47.251,1,May 26 2023 13: +0,1685102400
54.579,1,May 27 2023 11: +0,1685181600
54.575,1,May 27 2023 14: +0,1685192400
54.58,1,May 28 2023 19: +0,1685296800
47.996,1,May 28 2023 23: +0,1685311200
53.816,1,May 29 2023 19: +0,1685383200
47.996,1,May 29 2023 20: +0,1685386800
32.361,1,May 29 2023 21: +0,1685390400
54.591,1,May 29 2023 22: +0,1685394000
47.996,1,May 30 2023 03: +0,1685412000
53.697,1,May 31 2023 13: +0,1685534400
43.829,2,May 31 2023 19: +0,1685556000
54.919,1,May 31 2023 20: +0,1685559600
53.737,2,Jun 01 2023 14: +0,1685624400
54.811,3,Jun 02 2023 14: +0,1685710800
51.393,1,Jun 02 2023 15: +0,1685714400
51.552,1,Jun 02 2023 20: +0,1685732400
57.51,1,Jun 03 2023 20: +0,1685818800
55.683,1,Jun 04 2023 01: +0,1685836800
56.627,1,Jun 04 2023 12: +0,1685876400
60.004,1,Jun 05 2023 01: +0,1685923200
59.548,1,Jun 06 2023 00: +0,1686006000
60.004,1,Jun 06 2023 04: +0,1686020400
73.3,1,Jun 07 2023 21: +0,1686168000
67.994,1,Jun 08 2023 06: +0,1686200400
57.571,1,Jun 09 2023 00: +0,1686265200
66.156,1,Jun 09 2023 03: +0,1686276000
56.979,1,Jun 09 2023 09: +0,1686297600
72.005,1,Jun 09 2023 11: +0,1686304800
71.129,1,Jun 10 2023 21: +0,1686427200
63.114,1,Jun 11 2023 10: +0,1686474000
57.997,1,Jun 11 2023 13: +0,1686484800
57.232,1,Jun 12 2023 05: +0,1686542400
57.784,1,Jun 12 2023 15: +0,1686578400
66.996,1,Jun 13 2023 19: +0,1686679200
65.945,1,Jun 13 2023 20: +0,1686682800
69.949,1,Jun 17 2023 15: +0,1687010400
69.961,2,Jun 18 2023 00: +0,1687042800
60.257,1,Jun 18 2023 09: +0,1687075200
59.416,1,Jun 20 2023 02: +0,1687222800
69.475,1,Jun 20 2023 04: +0,1687230000
62.068,1,Jun 22 2023 21: +0,1687464000
62.555,1,Jun 24 2023 04: +0,1687575600
55.17,1,Jun 25 2023 03: +0,1687658400
61.695,2,Jun 25 2023 15: +0,1687701600
60.375,1,Jun 26 2023 08: +0,1687762800
66.85,1,Jun 26 2023 17: +0,1687795200
56.333,1,Jun 26 2023 21: +0,1687809600
56.719,1,Jun 28 2023 08: +0,1687935600
56.79,1,Jun 28 2023 09: +0,1687939200
55.694,1,Jun 29 2023 18: +0,1688058000
54.836,1,Jun 30 2023 14: +0,1688130000
55.293,1,Jul 01 2023 01: +0,1688169600
65.917,1,Jul 03 2023 03: +0,1688349600
55.257,1,Jul 04 2023 04: +0,1688439600
66.149,1,Jul 04 2023 16: +0,1688482800
66.165,1,Jul 04 2023 23: +0,1688508000
51.302,1,Jul 06 2023 21: +0,1688673600
76.769,1,Jul 09 2023 22: +0,1688936400
52.098,1,Jul 10 2023 00: +0,1688943600
52.037,1,Jul 10 2023 15: +0,1688997600
57.408,1,Jul 13 2023 18: +0,1689267600
51.39,1,Jul 13 2023 19: +0,1689271200
46.731,1,Jul 14 2023 15: +0,1689343200
51.568,1,Jul 15 2023 11: +0,1689415200
51.553,1,Jul 15 2023 17: +0,1689436800
51.575,1,Jul 15 2023 23: +0,1689458400
54.81,1,Jul 16 2023 08: +0,1689490800
55.334,1,Jul 16 2023 15: +0,1689516000
51.577,1,Jul 17 2023 20: +0,1689620400
52.967,1,Jul 18 2023 00: +0,1689634800
54.739,1,Jul 19 2023 05: +0,1689739200
47.825,1,Jul 19 2023 20: +0,1689793200
55.03,1,Jul 20 2023 08: +0,1689836400
56.283,1,Jul 21 2023 14: +0,1689944400
65.851,1,Jul 21 2023 20: +0,1689966000
55.238,1,Jul 25 2023 01: +0,1690243200
54.068,1,Jul 25 2023 11: +0,1690279200
58.696,1,Jul 25 2023 16: +0,1690297200
55.407,1,Jul 26 2023 12: +0,1690369200
51.211,1,Jul 26 2023 19: +0,1690394400
54.997,1,Jul 26 2023 22: +0,1690405200
55.283,1,Jul 28 2023 14: +0,1690549200
63.349,1,Jul 28 2023 17: +0,1690560000
51.514,1,Jul 29 2023 18: +0,1690650000
55.096,1,Jul 29 2023 21: +0,1690660800
69.204,1,Jul 30 2023 14: +0,1690722000
69.204,1,Jul 31 2023 04: +0,1690772400
54.3,1,Jul 31 2023 19: +0,1690826400
51.874,1,Aug 02 2023 05: +0,1690948800
51.428,1,Aug 02 2023 10: +0,1690966800
118.941,1,Aug 03 2023 00: +0,1691017200
58.392,1,Aug 03 2023 07: +0,1691042400
69.063,1,Aug 03 2023 17: +0,1691078400
68.788,1,Aug 04 2023 08: +0,1691132400
59.028,1,Aug 05 2023 18: +0,1691254800
55.657,1,Aug 06 2023 05: +0,1691294400
59.679,1,Aug 07 2023 21: +0,1691438400
55.528,1,Aug 08 2023 15: +0,1691503200
55.48,1,Aug 09 2023 04: +0,1691550000
88.185,1,Aug 09 2023 11: +0,1691575200
38.742,1,Aug 09 2023 17: +0,1691596800
53.324,1,Aug 11 2023 05: +0,1691726400
48.39,1,Aug 11 2023 17: +0,1691769600
48.437,1,Aug 11 2023 19: +0,1691776800
59.218,1,Aug 12 2023 03: +0,1691805600
49.484,1,Aug 12 2023 17: +0,1691856000
61.375,1,Aug 13 2023 16: +0,1691938800
49.611,1,Aug 14 2023 09: +0,1692000000
76.365,1,Aug 15 2023 02: +0,1692061200
65.413,1,Aug 15 2023 21: +0,1692129600
46.373,1,Aug 16 2023 14: +0,1692190800
53.589,1,Aug 18 2023 17: +0,1692374400
53.243,1,Aug 19 2023 09: +0,1692432000
60.547,1,Aug 19 2023 21: +0,1692475200
59.411,1,Aug 22 2023 06: +0,1692680400
55.87,1,Aug 24 2023 18: +0,1692896400
60.834,1,Aug 25 2023 11: +0,1692957600
47.618,1,Aug 25 2023 15: +0,1692972000
58.729,1,Aug 26 2023 00: +0,1693004400
48.444,1,Aug 26 2023 04: +0,1693018800
51.586,1,Aug 26 2023 08: +0,1693033200
51.836,1,Aug 29 2023 01: +0,1693267200
58.821,1,Aug 29 2023 13: +0,1693310400
42.548,1,Aug 30 2023 19: +0,1693418400
61.36,1,Aug 31 2023 10: +0,1693472400
51.844,1,Aug 31 2023 16: +0,1693494000
58.17,1,Aug 31 2023 21: +0,1693512000
51.844,1,Sep 01 2023 05: +0,1693540800
58.016,1,Sep 01 2023 17: +0,1693584000
52.912,1,Sep 04 2023 20: +0,1693854000
50.506,1,Sep 06 2023 00: +0,1693954800
50.594,1,Sep 06 2023 19: +0,1694023200
57.607,1,Sep 06 2023 22: +0,1694034000
60.155,1,Sep 07 2023 02: +0,1694048400
56.026,1,Sep 08 2023 00: +0,1694127600
49.975,1,Sep 08 2023 05: +0,1694145600
58.533,1,Sep 09 2023 16: +0,1694271600
51.962,1,Sep 10 2023 03: +0,1694311200
73.072,1,Sep 12 2023 23: +0,1694556000
52.172,1,Sep 13 2023 05: +0,1694577600
60.348,1,Sep 13 2023 21: +0,1694635200
52.172,1,Sep 14 2023 07: +0,1694671200
52.172,1,Sep 14 2023 21: +0,1694721600
50.706,1,Sep 15 2023 19: +0,1694800800
48.476,1,Sep 15 2023 23: +0,1694815200
63.022,1,Sep 16 2023 00: +0,1694818800
60.603,1,Sep 16 2023 16: +0,1694876400
61.395,1,Sep 17 2023 04: +0,1694919600
65.838,2,Sep 17 2023 14: +0,1694955600
61.395,1,Sep 17 2023 17: +0,1694966400
58.177,1,Sep 18 2023 22: +0,1695070800
53.792,1,Sep 19 2023 16: +0,1695135600
55.506,1,Sep 21 2023 01: +0,1695254400
54.449,1,Sep 23 2023 04: +0,1695438000
63.246,1,Sep 23 2023 13: +0,1695470400
66.115,1,Sep 23 2023 21: +0,1695499200
53.268,1,Sep 25 2023 09: +0,1695628800
61.046,1,Sep 25 2023 20: +0,1695668400
64.645,1,Sep 27 2023 14: +0,1695819600
57.773,1,Sep 27 2023 20: +0,1695841200
54.926,1,Sep 28 2023 14: +0,1695906000
62.357,1,Sep 28 2023 16: +0,1695913200
53.207,1,Sep 29 2023 07: +0,1695967200
63.839,1,Sep 29 2023 13: +0,1695988800
61.177,1,Sep 29 2023 14: +0,1695992400
57.291,1,Sep 29 2023 18: +0,1696006800
56.636,1,Sep 30 2023 09: +0,1696060800
106.954,1,Oct 01 2023 00: +0,1696114800
60.754,1,Oct 02 2023 10: +0,1696237200
57.025,1,Oct 03 2023 03: +0,1696298400
57.939,1,Oct 03 2023 17: +0,1696348800
58.73,1,Oct 03 2023 21: +0,1696363200
57.156,1,Oct 04 2023 21: +0,1696449600
58.73,1,Oct 05 2023 02: +0,1696467600
59.528,1,Oct 08 2023 02: +0,1696726800
60.957,1,Oct 09 2023 03: +0,1696816800
61.923,1,Oct 09 2023 23: +0,1696888800
64.36,1,Oct 10 2023 04: +0,1696906800
61.952,1,Oct 10 2023 20: +0,1696964400
64.243,2,Oct 10 2023 23: +0,1696975200
62.332,1,Oct 11 2023 19: +0,1697047200
63.655,1,Oct 14 2023 15: +0,1697292000
63.654,1,Oct 15 2023 21: +0,1697400000
60.548,1,Oct 15 2023 23: +0,1697407200
64.872,1,Oct 16 2023 05: +0,1697428800
77.884,1,Oct 17 2023 07: +0,1697522400
59.992,1,Oct 18 2023 05: +0,1697601600
56.353,1,Oct 18 2023 11: +0,1697623200
68.989,1,Oct 18 2023 22: +0,1697662800
61.506,1,Oct 20 2023 04: +0,1697770800
67.579,1,Oct 20 2023 21: +0,1697832000
62.576,1,Oct 21 2023 11: +0,1697882400
47.839,1,Oct 22 2023 15: +0,1697983200
71.986,1,Oct 22 2023 21: +0,1698004800
37.115,1,Oct 22 2023 23: +0,1698012000
66.489,1,Oct 25 2023 13: +0,1698235200
68.572,1,Oct 26 2023 15: +0,1698328800
61.487,1,Oct 26 2023 16: +0,1698332400
61.576,1,Oct 27 2023 14: +0,1698411600
70.804,1,Oct 27 2023 23: +0,1698444000
58.638,1,Oct 29 2023 16: +0,1698595200
70.898,1,Oct 29 2023 20: +0,1698609600
60.27,1,Oct 30 2023 14: +0,1698674400
68.834,1,Oct 31 2023 06: +0,1698732000
60.513,1,Nov 06 2023 19: +0,1699297200
59.814,1,Nov 08 2023 05: +0,1699419600
59.148,1,Nov 08 2023 22: +0,1699480800
59.967,1,Nov 09 2023 12: +0,1699531200
59.012,1,Nov 10 2023 19: +0,1699642800
58.758,2,Nov 11 2023 21: +0,1699736400
58.611,1,Nov 11 2023 23: +0,1699743600
64.532,1,Nov 13 2023 09: +0,1699866000
65.109,1,Nov 14 2023 23: +0,1700002800
68.99,1,Nov 16 2023 00: +0,1700092800
52.145,1,Nov 18 2023 02: +0,1700272800
51.343,1,Nov 18 2023 17: +0,1700326800
64.586,1,Nov 19 2023 18: +0,1700416800
63.657,1,Nov 20 2023 04: +0,1700452800
54.986,1,Nov 22 2023 00: +0,1700611200
51.277,1,Nov 22 2023 03: +0,1700622000
68.891,1,Nov 22 2023 20: +0,1700683200
60.049,1,Nov 23 2023 06: +0,1700719200
49.272,1,Nov 26 2023 16: +0,1701014400
47.985,1,Nov 26 2023 23: +0,1701039600
47.945,1,Nov 30 2023 11: +0,1701342000
49.416,1,Nov 30 2023 14: +0,1701352800
49.416,1,Dec 02 2023 00: +0,1701475200
50.247,1,Dec 05 2023 10: +0,1701770400
50.247,1,Dec 06 2023 03: +0,1701831600
47.61,1,Dec 06 2023 11: +0,1701860400
51.824,1,Dec 07 2023 17: +0,1701968400
47.945,1,Dec 07 2023 18: +0,1701972000
49.352,1,Dec 09 2023 00: +0,1702080000
50.694,1,Dec 09 2023 01: +0,1702083600
59.291,1,Dec 10 2023 19: +0,1702234800
49.912,1,Dec 12 2023 13: +0,1702386000
49.912,2,Dec 14 2023 03: +0,1702522800
49.912,1,Dec 14 2023 04: +0,1702526400
50.094,1,Dec 17 2023 04: +0,1702785600
51.325,1,Dec 17 2023 12: +0,1702814400
51.326,1,Dec 17 2023 13: +0,1702818000
54.263,1,Dec 18 2023 05: +0,1702875600
53.53,1,Dec 23 2023 04: +0,1703304000
59.032,1,Dec 25 2023 04: +0,1703476800
48.917,1,Dec 25 2023 21: +0,1703538000
47.198,1,Dec 31 2023 22: +0,1704060000
47.806,1,Jan 01 2024 05: +0,1704085200
48.517,1,Jan 01 2024 12: +0,1704110400
42.35,1,Jan 01 2024 14: +0,1704117600
52.759,1,Jan 04 2024 23: +0,1704409200
47.148,1,Jan 10 2024 23: +0,1704927600
47.156,1,Jan 11 2024 01: +0,1704934800
55.36,5,Jan 11 2024 05: +0,1704949200
48.616,1,Jan 12 2024 07: +0,1705042800
66.711,1,Jan 12 2024 10: +0,1705053600
55.343,1,Jan 14 2024 19: +0,1705258800
52.07,1,Jan 16 2024 20: +0,1705435200
53.794,1,Jan 16 2024 21: +0,1705438800
56.402,1,Jan 17 2024 07: +0,1705474800
53.722,1,Jan 17 2024 13: +0,1705496400
54.853,1,Jan 20 2024 10: +0,1705744800
67.92,1,Jan 25 2024 05: +0,1706158800
57.426,1,Jan 26 2024 10: +0,1706263200
57.56,1,Jan 26 2024 16: +0,1706284800
47.985,1,Jan 27 2024 21: +0,1706389200
57.399,1,Jan 29 2024 08: +0,1706515200
46.523,1,Jan 29 2024 21: +0,1706562000
51.64,1,Jan 31 2024 15: +0,1706713200
62.246,1,Feb 01 2024 06: +0,1706767200
63.219,1,Feb 01 2024 23: +0,1706828400
43.691,1,Feb 03 2024 03: +0,1706929200
51.544,1,Feb 05 2024 12: +0,1707134400
57.396,1,Feb 05 2024 13: +0,1707138000
58.317,1,Feb 06 2024 07: +0,1707202800
52.037,1,Feb 07 2024 02: +0,1707271200
46.905,1,Feb 07 2024 11: +0,1707303600
46.293,1,Feb 09 2024 10: +0,1707472800
50.31,1,Feb 10 2024 03: +0,1707534000
54.832,1,Feb 10 2024 17: +0,1707584400
48.111,1,Feb 13 2024 22: +0,1707861600
55.34,4,Feb 15 2024 05: +0,1707973200
50.278,1,Feb 16 2024 07: +0,1708066800
61.694,1,Feb 18 2024 08: +0,1708243200
66.103,1,Feb 20 2024 19: +0,1708455600
51.25,1,Feb 22 2024 20: +0,1708632000
51.471,1,Feb 22 2024 23: +0,1708642800
46.264,1,Feb 23 2024 20: +0,1708718400
46.091,1,Feb 23 2024 23: +0,1708729200
57.744,2,Feb 25 2024 01: +0,1708822800
62.75,1,Feb 25 2024 07: +0,1708844400
51.283,1,Feb 25 2024 20: +0,1708891200
54.934,1,Mar 01 2024 15: +0,1709305200
52.341,1,Mar 01 2024 20: +0,1709323200
51.749,1,Mar 02 2024 08: +0,1709366400
51.115,1,Mar 02 2024 21: +0,1709413200
70.078,1,Mar 05 2024 21: +0,1709672400
64.73,1,Mar 06 2024 03: +0,1709694000
63.867,1,Mar 06 2024 12: +0,1709726400
67.069,1,Mar 07 2024 02: +0,1709776800
63.054,1,Mar 12 2024 00: +0,1710201600
54.373,1,Mar 13 2024 20: +0,1710360000
51.221,1,Mar 14 2024 19: +0,1710442800
50.433,1,Mar 15 2024 04: +0,1710475200
47.281,1,Mar 15 2024 12: +0,1710504000
45.311,1,Mar 16 2024 21: +0,1710622800
54.897,1,Mar 17 2024 17: +0,1710694800
48.115,1,Mar 21 2024 11: +0,1711018800
50.902,1,Mar 23 2024 16: +0,1711209600
45.519,1,Mar 25 2024 02: +0,1711332000
45.519,1,Mar 25 2024 17: +0,1711386000
54.622,1,Mar 26 2024 22: +0,1711490400
54.678,1,Mar 29 2024 16: +0,1711728000
48.614,1,Mar 31 2024 03: +0,1711850400
53.657,1,Mar 31 2024 06: +0,1711861200
54.585,1,Apr 01 2024 02: +0,1711933200
49.632,1,Apr 03 2024 12: +0,1712142000
43.32,1,Apr 04 2024 12: +0,1712228400
56.868,1,Apr 04 2024 18: +0,1712250000
50.65,1,Apr 05 2024 06: +0,1712293200
51.834,1,Apr 06 2024 05: +0,1712376000
66.188,1,Apr 06 2024 09: +0,1712390400
57.022,1,Apr 09 2024 18: +0,1712682000
48.379,1,Apr 11 2024 20: +0,1712862000
64.255,1,Apr 12 2024 11: +0,1712916000
48.654,1,Apr 14 2024 13: +0,1713096000
57.753,1,Apr 15 2024 07: +0,1713160800
59.44,1,Apr 15 2024 11: +0,1713175200
85.598,1,Apr 16 2024 23: +0,1713304800
51.272,1,Apr 18 2024 11: +0,1713434400
50.515,1,Apr 20 2024 12: +0,1713610800
54.195,1,Apr 20 2024 17: +0,1713628800
58.613,1,Apr 21 2024 04: +0,1713668400
47.896,1,Apr 26 2024 23: +0,1714168800
51.228,2,Apr 28 2024 07: +0,1714284000
47.01,1,Apr 28 2024 10: +0,1714294800
48.746,1,May 01 2024 20: +0,1714590000
49.329,1,May 03 2024 22: +0,1714770000
55.872,1,May 04 2024 00: +0,1714777200
48.64,1,May 11 2024 22: +0,1715461200
51.843,1,May 12 2024 19: +0,1715536800
51.911,1,May 13 2024 17: +0,1715616000
48.419,1,May 14 2024 13: +0,1715688000
47.415,1,May 15 2024 07: +0,1715752800
56.348,1,May 17 2024 06: +0,1715922000
45.953,1,May 17 2024 13: +0,1715947200
52.109,2,May 18 2024 03: +0,1715997600
51.162,1,May 19 2024 04: +0,1716087600
54.792,1,May 19 2024 20: +0,1716145200
54.852,1,May 21 2024 21: +0,1716321600
53.006,1,May 23 2024 21: +0,1716494400
56.365,1,May 24 2024 12: +0,1716548400
54.989,1,May 26 2024 01: +0,1716681600
50.922,1,May 26 2024 04: +0,1716692400
50.883,1,May 30 2024 08: +0,1717052400
50.952,1,May 31 2024 06: +0,1717131600
52.505,1,Jun 02 2024 08: +0,1717311600
56.528,1,Jun 02 2024 19: +0,1717351200
57.908,1,Jun 03 2024 01: +0,1717372800
52.544,1,Jun 03 2024 05: +0,1717387200
57.26,1,Jun 03 2024 14: +0,1717419600
49.336,1,Jun 06 2024 14: +0,1717678800
50.757,1,Jun 06 2024 15: +0,1717682400
50.686,1,Jun 07 2024 13: +0,1717761600
54.028,1,Jun 08 2024 07: +0,1717826400
44.423,1,Jun 09 2024 00: +0,1717887600
49.004,1,Jun 10 2024 17: +0,1718035200
48.562,1,Jun 14 2024 19: +0,1718388000
