price,quantity,date,unix timestamp
1.447,70,Mar 18 2021 01: +0,1616029200
1.574,2258,Mar 19 2021 01: +0,1616115600
1.291,577,Mar 20 2021 01: +0,1616202000
1.256,327,Mar 21 2021 01: +0,1616288400
1.176,234,Mar 22 2021 01: +0,1616374800
1.135,184,Mar 23 2021 01: +0,1616461200
1.06,150,Mar 24 2021 01: +0,1616547600
1.045,110,Mar 25 2021 01: +0,1616634000
1.046,117,Mar 26 2021 01: +0,1616720400
0.968,204,Mar 27 2021 01: +0,1616806800
0.92,138,Mar 28 2021 01: +0,1616893200
0.849,158,Mar 29 2021 01: +0,1616976000
0.842,181,Mar 30 2021 01: +0,1617062400
0.825,184,Mar 31 2021 01: +0,1617148800
0.793,67,Apr 01 2021 01: +0,1617235200
0.739,64,Apr 02 2021 01: +0,1617321600
0.743,82,Apr 03 2021 01: +0,1617408000
0.732,66,Apr 04 2021 01: +0,1617494400
0.752,92,Apr 05 2021 01: +0,1617580800
0.752,63,Apr 06 2021 01: +0,1617667200
0.728,90,Apr 07 2021 01: +0,1617753600
0.643,54,Apr 08 2021 01: +0,1617840000
0.614,39,Apr 09 2021 01: +0,1617926400
0.629,48,Apr 10 2021 01: +0,1618012800
0.61,20,Apr 11 2021 01: +0,1618099200
0.575,27,Apr 12 2021 01: +0,1618185600
0.559,22,Apr 13 2021 01: +0,1618272000
0.58,12,Apr 14 2021 01: +0,1618358400
0.58,36,Apr 15 2021 01: +0,1618444800
0.645,75,Apr 16 2021 01: +0,1618531200
0.633,38,Apr 17 2021 01: +0,1618617600
0.656,52,Apr 18 2021 01: +0,1618704000
0.664,54,Apr 19 2021 01: +0,1618790400
0.685,54,Apr 20 2021 01: +0,1618876800
0.685,21,Apr 21 2021 01: +0,1618963200
0.69,16,Apr 22 2021 01: +0,1619049600
0.729,60,Apr 23 2021 01: +0,1619136000
0.773,76,Apr 24 2021 01: +0,1619222400
0.856,17,Apr 25 2021 01: +0,1619308800
0.815,13,Apr 26 2021 01: +0,1619395200
0.713,76,Apr 27 2021 01: +0,1619481600
0.666,7,Apr 28 2021 01: +0,1619568000
0.664,38,Apr 29 2021 01: +0,1619654400
0.665,20,Apr 30 2021 01: +0,1619740800
0.643,23,May 01 2021 01: +0,1619827200
0.653,29,May 02 2021 01: +0,1619913600
0.645,15,May 03 2021 01: +0,1620000000
0.629,34,May 04 2021 01: +0,1620086400
0.627,23,May 05 2021 01: +0,1620172800
0.601,33,May 06 2021 01: +0,1620259200
0.619,24,May 07 2021 01: +0,1620345600
0.605,18,May 08 2021 01: +0,1620432000
0.629,33,May 09 2021 01: +0,1620518400
0.642,36,May 10 2021 01: +0,1620604800
0.633,19,May 11 2021 01: +0,1620691200
0.657,27,May 12 2021 01: +0,1620777600
0.663,24,May 13 2021 01: +0,1620864000
0.697,18,May 14 2021 01: +0,1620950400
0.837,15,May 15 2021 01: +0,1621036800
0.79,16,May 16 2021 01: +0,1621123200
0.815,12,May 17 2021 01: +0,1621209600
0.743,16,May 18 2021 01: +0,1621296000
0.881,22,May 19 2021 01: +0,1621382400
0.971,5,May 20 2021 01: +0,1621468800
0.856,21,May 21 2021 01: +0,1621555200
0.834,17,May 22 2021 01: +0,1621641600
0.82,13,May 23 2021 01: +0,1621728000
0.821,18,May 24 2021 01: +0,1621814400
0.835,9,May 25 2021 01: +0,1621900800
0.94,6,May 26 2021 01: +0,1621987200
0.836,12,May 27 2021 01: +0,1622073600
0.863,7,May 28 2021 01: +0,1622160000
0.909,12,May 29 2021 01: +0,1622246400
0.911,9,May 30 2021 01: +0,1622332800
0.866,173,May 31 2021 01: +0,1622419200
0.77,33,Jun 01 2021 01: +0,1622505600
0.773,24,Jun 02 2021 01: +0,1622592000
0.812,20,Jun 03 2021 01: +0,1622678400
0.76,18,Jun 04 2021 01: +0,1622764800
0.882,12,Jun 05 2021 01: +0,1622851200
0.854,7,Jun 06 2021 01: +0,1622937600
0.864,9,Jun 07 2021 01: +0,1623024000
0.884,17,Jun 08 2021 01: +0,1623110400
0.866,9,Jun 09 2021 01: +0,1623196800
0.835,9,Jun 10 2021 01: +0,1623283200
0.948,9,Jun 11 2021 01: +0,1623369600
0.818,11,Jun 12 2021 01: +0,1623456000
0.813,7,Jun 13 2021 01: +0,1623542400
0.824,12,Jun 14 2021 01: +0,1623628800
0.806,13,Jun 15 2021 01: +0,1623715200
0.846,13,Jun 16 2021 01: +0,1623801600
0.883,13,Jun 17 2021 01: +0,1623888000
0.855,8,Jun 18 2021 01: +0,1623974400
0.783,9,Jun 19 2021 01: +0,1624060800
0.811,4,Jun 20 2021 01: +0,1624147200
0.842,16,Jun 21 2021 01: +0,1624233600
0.834,12,Jun 22 2021 01: +0,1624320000
0.781,16,Jun 23 2021 01: +0,1624406400
0.814,11,Jun 24 2021 01: +0,1624492800
0.806,8,Jun 25 2021 01: +0,1624579200
0.735,12,Jun 26 2021 01: +0,1624665600
0.785,3,Jun 27 2021 01: +0,1624752000
0.805,6,Jun 28 2021 01: +0,1624838400
0.782,5,Jun 29 2021 01: +0,1624924800
0.77,14,Jun 30 2021 01: +0,1625011200
0.696,4,Jul 01 2021 01: +0,1625097600
0.854,9,Jul 02 2021 01: +0,1625184000
0.861,8,Jul 03 2021 01: +0,1625270400
0.864,5,Jul 04 2021 01: +0,1625356800
0.807,4,Jul 05 2021 01: +0,1625443200
0.855,7,Jul 06 2021 01: +0,1625529600
0.817,10,Jul 07 2021 01: +0,1625616000
0.829,15,Jul 08 2021 01: +0,1625702400
0.828,8,Jul 09 2021 01: +0,1625788800
0.882,6,Jul 10 2021 01: +0,1625875200
0.857,5,Jul 11 2021 01: +0,1625961600
0.861,8,Jul 12 2021 01: +0,1626048000
0.867,6,Jul 13 2021 01: +0,1626134400
0.926,9,Jul 14 2021 01: +0,1626220800
0.936,6,Jul 15 2021 01: +0,1626307200
0.874,5,Jul 16 2021 01: +0,1626393600
0.919,6,Jul 17 2021 01: +0,1626480000
0.886,6,Jul 18 2021 01: +0,1626566400
0.898,10,Jul 19 2021 01: +0,1626652800
0.953,2,Jul 20 2021 01: +0,1626739200
0.855,6,Jul 21 2021 01: +0,1626825600
0.945,5,Jul 22 2021 01: +0,1626912000
0.951,9,Jul 23 2021 01: +0,1626998400
0.919,16,Jul 24 2021 01: +0,1627084800
0.954,12,Jul 25 2021 01: +0,1627171200
0.944,3,Jul 26 2021 01: +0,1627257600
0.988,2,Jul 27 2021 01: +0,1627344000
0.983,6,Jul 28 2021 01: +0,1627430400
1.0,8,Jul 29 2021 01: +0,1627516800
1.026,11,Jul 30 2021 01: +0,1627603200
0.972,7,Jul 31 2021 01: +0,1627689600
1.042,7,Aug 01 2021 01: +0,1627776000
1.029,5,Aug 02 2021 01: +0,1627862400
1.029,8,Aug 03 2021 01: +0,1627948800
1.079,5,Aug 04 2021 01: +0,1628035200
1.132,3,Aug 05 2021 01: +0,1628121600
1.046,10,Aug 06 2021 01: +0,1628208000
1.023,3,Aug 07 2021 01: +0,1628294400
0.978,8,Aug 08 2021 01: +0,1628380800
1.04,8,Aug 09 2021 01: +0,1628467200
1.098,7,Aug 10 2021 01: +0,1628553600
1.183,5,Aug 11 2021 01: +0,1628640000
1.083,3,Aug 12 2021 01: +0,1628726400
1.086,3,Aug 13 2021 01: +0,1628812800
1.101,4,Aug 14 2021 01: +0,1628899200
1.028,6,Aug 15 2021 01: +0,1628985600
1.138,5,Aug 16 2021 01: +0,1629072000
1.065,4,Aug 17 2021 01: +0,1629158400
1.018,6,Aug 18 2021 01: +0,1629244800
1.021,8,Aug 19 2021 01: +0,1629331200
1.07,10,Aug 20 2021 01: +0,1629417600
1.065,3,Aug 21 2021 01: +0,1629504000
1.07,4,Aug 22 2021 01: +0,1629590400
1.003,8,Aug 23 2021 01: +0,1629676800
1.052,4,Aug 24 2021 01: +0,1629763200
0.989,6,Aug 25 2021 01: +0,1629849600
0.956,9,Aug 26 2021 01: +0,1629936000
1.052,5,Aug 27 2021 01: +0,1630022400
0.96,8,Aug 28 2021 01: +0,1630108800
1.022,9,Aug 29 2021 01: +0,1630195200
0.999,4,Aug 30 2021 01: +0,1630281600
1.211,18,Aug 31 2021 01: +0,1630368000
1.052,8,Sep 01 2021 01: +0,1630454400
1.045,5,Sep 02 2021 01: +0,1630540800
1.16,7,Sep 03 2021 01: +0,1630627200
1.105,4,Sep 04 2021 01: +0,1630713600
1.259,1,Sep 05 2021 01: +0,1630800000
1.248,5,Sep 06 2021 01: +0,1630886400
1.128,3,Sep 07 2021 01: +0,1630972800
1.065,9,Sep 08 2021 01: +0,1631059200
1.14,3,Sep 09 2021 01: +0,1631145600
1.08,15,Sep 10 2021 01: +0,1631232000
1.166,5,Sep 11 2021 01: +0,1631318400
1.045,11,Sep 12 2021 01: +0,1631404800
1.093,7,Sep 13 2021 01: +0,1631491200
1.142,3,Sep 14 2021 01: +0,1631577600
0.957,2,Sep 15 2021 01: +0,1631664000
1.176,3,Sep 16 2021 01: +0,1631750400
1.14,4,Sep 18 2021 01: +0,1631923200
1.192,8,Sep 19 2021 01: +0,1632009600
1.08,4,Sep 20 2021 01: +0,1632096000
0.82,8,Sep 22 2021 01: +0,1632268800
0.809,8,Sep 23 2021 01: +0,1632355200
0.836,8,Sep 24 2021 01: +0,1632441600
0.914,5,Sep 25 2021 01: +0,1632528000
0.874,3,Sep 26 2021 01: +0,1632614400
0.873,7,Sep 27 2021 01: +0,1632700800
1.076,8,Sep 28 2021 01: +0,1632787200
1.123,3,Sep 29 2021 01: +0,1632873600
0.889,3,Sep 30 2021 01: +0,1632960000
1.016,6,Oct 01 2021 01: +0,1633046400
0.914,4,Oct 02 2021 01: +0,1633132800
1.099,2,Oct 03 2021 01: +0,1633219200
1.003,6,Oct 04 2021 01: +0,1633305600
1.061,9,Oct 05 2021 01: +0,1633392000
1.045,4,Oct 06 2021 01: +0,1633478400
1.025,4,Oct 07 2021 01: +0,1633564800
0.988,5,Oct 08 2021 01: +0,1633651200
0.991,8,Oct 09 2021 01: +0,1633737600
1.095,2,Oct 10 2021 01: +0,1633824000
1.017,7,Oct 11 2021 01: +0,1633910400
1.068,4,Oct 12 2021 01: +0,1633996800
0.899,3,Oct 13 2021 01: +0,1634083200
0.965,2,Oct 14 2021 01: +0,1634169600
0.931,1,Oct 15 2021 01: +0,1634256000
0.936,3,Oct 16 2021 01: +0,1634342400
0.976,4,Oct 17 2021 01: +0,1634428800
0.912,5,Oct 18 2021 01: +0,1634515200
0.849,3,Oct 19 2021 01: +0,1634601600
0.828,4,Oct 20 2021 01: +0,1634688000
0.973,2,Oct 21 2021 01: +0,1634774400
0.776,9,Oct 22 2021 01: +0,1634860800
0.856,8,Oct 23 2021 01: +0,1634947200
0.845,11,Oct 24 2021 01: +0,1635033600
0.828,2,Oct 25 2021 01: +0,1635120000
0.92,7,Oct 26 2021 01: +0,1635206400
0.938,2,Oct 27 2021 01: +0,1635292800
0.885,2,Oct 28 2021 01: +0,1635379200
0.782,6,Oct 29 2021 01: +0,1635465600
0.691,5,Oct 30 2021 01: +0,1635552000
0.801,5,Oct 31 2021 01: +0,1635638400
0.868,6,Nov 01 2021 01: +0,1635728400
0.855,5,Nov 02 2021 01: +0,1635814800
0.857,5,Nov 03 2021 01: +0,1635901200
0.889,3,Nov 05 2021 01: +0,1636074000
0.885,6,Nov 06 2021 01: +0,1636160400
0.838,5,Nov 07 2021 01: +0,1636246800
0.819,6,Nov 08 2021 01: +0,1636333200
0.893,6,Nov 09 2021 01: +0,1636419600
0.83,6,Nov 10 2021 01: +0,1636506000
0.946,3,Nov 11 2021 01: +0,1636592400
0.776,8,Nov 12 2021 01: +0,1636678800
0.852,1,Nov 13 2021 01: +0,1636765200
0.822,5,Nov 14 2021 01: +0,1636851600
0.884,5,Nov 15 2021 01: +0,1636938000
0.74,2,Nov 16 2021 01: +0,1637024400
0.781,5,Nov 17 2021 01: +0,1637110800
0.924,6,Nov 18 2021 01: +0,1637197200
0.867,6,Nov 19 2021 01: +0,1637283600
0.827,2,Nov 20 2021 01: +0,1637370000
0.823,14,Nov 21 2021 01: +0,1637456400
0.841,5,Nov 22 2021 01: +0,1637542800
0.905,3,Nov 23 2021 01: +0,1637629200
0.922,6,Nov 24 2021 01: +0,1637715600
0.925,8,Nov 25 2021 01: +0,1637802000
0.877,2,Nov 26 2021 01: +0,1637888400
0.759,6,Nov 27 2021 01: +0,1637974800
0.796,3,Nov 28 2021 01: +0,1638061200
0.786,6,Nov 29 2021 01: +0,1638147600
0.783,7,Nov 30 2021 01: +0,1638234000
0.726,4,Dec 01 2021 01: +0,1638320400
0.797,1,Dec 02 2021 01: +0,1638406800
0.698,3,Dec 03 2021 01: +0,1638493200
0.69,7,Dec 04 2021 01: +0,1638579600
0.715,3,Dec 05 2021 01: +0,1638666000
0.788,5,Dec 06 2021 01: +0,1638752400
0.794,1,Dec 07 2021 01: +0,1638838800
0.75,4,Dec 08 2021 01: +0,1638925200
0.771,4,Dec 09 2021 01: +0,1639011600
0.798,2,Dec 10 2021 01: +0,1639098000
0.811,3,Dec 11 2021 01: +0,1639184400
0.867,1,Dec 12 2021 01: +0,1639270800
0.821,7,Dec 13 2021 01: +0,1639357200
0.905,2,Dec 14 2021 01: +0,1639443600
0.867,4,Dec 15 2021 01: +0,1639530000
0.889,3,Dec 16 2021 01: +0,1639616400
0.949,1,Dec 17 2021 01: +0,1639702800
0.948,2,Dec 18 2021 01: +0,1639789200
0.768,3,Dec 19 2021 01: +0,1639875600
0.817,4,Dec 20 2021 01: +0,1639962000
0.962,3,Dec 21 2021 01: +0,1640048400
0.806,2,Dec 22 2021 01: +0,1640134800
0.951,1,Dec 23 2021 01: +0,1640221200
0.857,3,Dec 24 2021 01: +0,1640307600
0.955,4,Dec 25 2021 01: +0,1640394000
0.906,4,Dec 26 2021 01: +0,1640480400
0.922,5,Dec 27 2021 01: +0,1640566800
0.952,9,Dec 28 2021 01: +0,1640653200
0.984,3,Dec 29 2021 01: +0,1640739600
0.885,1,Dec 30 2021 01: +0,1640826000
0.86,3,Dec 31 2021 01: +0,1640912400
0.929,6,Jan 01 2022 01: +0,1640998800
0.935,2,Jan 02 2022 01: +0,1641085200
0.855,3,Jan 03 2022 01: +0,1641171600
0.979,9,Jan 04 2022 01: +0,1641258000
1.037,5,Jan 05 2022 01: +0,1641344400
1.155,5,Jan 06 2022 01: +0,1641430800
1.143,5,Jan 07 2022 01: +0,1641517200
1.192,4,Jan 08 2022 01: +0,1641603600
1.166,3,Jan 09 2022 01: +0,1641690000
1.033,3,Jan 10 2022 01: +0,1641776400
1.056,1,Jan 11 2022 01: +0,1641862800
1.095,5,Jan 12 2022 01: +0,1641949200
1.065,5,Jan 13 2022 01: +0,1642035600
1.004,3,Jan 14 2022 01: +0,1642122000
1.141,1,Jan 15 2022 01: +0,1642208400
1.185,13,Jan 16 2022 01: +0,1642294800
1.282,4,Jan 17 2022 01: +0,1642381200
1.137,3,Jan 18 2022 01: +0,1642467600
1.191,4,Jan 19 2022 01: +0,1642554000
1.282,5,Jan 20 2022 01: +0,1642640400
1.176,6,Jan 21 2022 01: +0,1642726800
1.126,6,Jan 22 2022 01: +0,1642813200
1.108,1,Jan 23 2022 01: +0,1642899600
1.122,4,Jan 24 2022 01: +0,1642986000
0.959,2,Jan 25 2022 01: +0,1643072400
1.052,2,Jan 26 2022 01: +0,1643158800
1.075,1,Jan 27 2022 01: +0,1643245200
0.921,6,Jan 28 2022 01: +0,1643331600
1.048,3,Jan 29 2022 01: +0,1643418000
1.101,3,Jan 30 2022 01: +0,1643504400
0.857,5,Jan 31 2022 01: +0,1643590800
0.956,3,Feb 01 2022 01: +0,1643677200
0.888,3,Feb 02 2022 01: +0,1643763600
0.898,4,Feb 03 2022 01: +0,1643850000
0.918,3,Feb 04 2022 01: +0,1643936400
0.978,2,Feb 05 2022 01: +0,1644022800
0.964,3,Feb 06 2022 01: +0,1644109200
0.986,5,Feb 07 2022 01: +0,1644195600
0.992,2,Feb 08 2022 01: +0,1644282000
1.029,5,Feb 09 2022 01: +0,1644368400
1.027,4,Feb 10 2022 01: +0,1644454800
1.252,5,Feb 11 2022 01: +0,1644541200
1.24,2,Feb 12 2022 01: +0,1644627600
1.057,2,Feb 13 2022 01: +0,1644714000
1.131,2,Feb 14 2022 01: +0,1644800400
1.043,3,Feb 15 2022 01: +0,1644886800
1.0,5,Feb 16 2022 01: +0,1644973200
0.928,5,Feb 18 2022 01: +0,1645146000
1.055,1,Feb 19 2022 01: +0,1645232400
1.024,4,Feb 20 2022 01: +0,1645318800
1.079,1,Feb 21 2022 01: +0,1645405200
1.026,3,Feb 22 2022 01: +0,1645491600
1.048,2,Feb 23 2022 01: +0,1645578000
0.978,3,Feb 24 2022 01: +0,1645664400
0.906,2,Feb 25 2022 01: +0,1645750800
0.963,4,Feb 26 2022 01: +0,1645837200
0.934,3,Feb 27 2022 01: +0,1645923600
0.945,5,Feb 28 2022 01: +0,1646010000
0.866,5,Mar 01 2022 01: +0,1646096400
0.928,5,Mar 02 2022 01: +0,1646182800
0.931,8,Mar 03 2022 01: +0,1646269200
0.971,3,Mar 04 2022 01: +0,1646355600
0.996,5,Mar 05 2022 01: +0,1646442000
1.153,5,Mar 06 2022 01: +0,1646528400
0.796,4,Mar 07 2022 01: +0,1646614800
0.987,6,Mar 08 2022 01: +0,1646701200
0.951,6,Mar 09 2022 01: +0,1646787600
1.201,2,Mar 10 2022 01: +0,1646874000
1.102,4,Mar 11 2022 01: +0,1646960400
1.056,3,Mar 12 2022 01: +0,1647046800
1.178,2,Mar 13 2022 01: +0,1647133200
0.959,4,Mar 14 2022 01: +0,1647219600
0.918,1,Mar 15 2022 01: +0,1647306000
0.905,2,Mar 16 2022 01: +0,1647392400
0.987,4,Mar 17 2022 01: +0,1647478800
0.904,1,Mar 18 2022 01: +0,1647565200
1.16,19,Mar 19 2022 01: +0,1647651600
1.091,6,Mar 20 2022 01: +0,1647738000
1.135,3,Mar 21 2022 01: +0,1647824400
0.958,4,Mar 22 2022 01: +0,1647910800
1.087,9,Mar 23 2022 01: +0,1647997200
1.155,2,Mar 24 2022 01: +0,1648083600
0.939,4,Mar 25 2022 01: +0,1648170000
1.221,8,Mar 26 2022 01: +0,1648256400
1.125,10,Mar 27 2022 01: +0,1648342800
0.976,3,Mar 28 2022 01: +0,1648425600
1.021,1,Mar 29 2022 01: +0,1648512000
1.104,3,Mar 30 2022 01: +0,1648598400
1.039,4,Mar 31 2022 01: +0,1648684800
0.98,5,Apr 01 2022 01: +0,1648771200
1.051,2,Apr 02 2022 01: +0,1648857600
1.008,2,Apr 03 2022 01: +0,1648944000
1.024,2,Apr 04 2022 01: +0,1649030400
1.036,2,Apr 05 2022 01: +0,1649116800
0.971,4,Apr 06 2022 01: +0,1649203200
1.062,5,Apr 07 2022 01: +0,1649289600
1.027,4,Apr 08 2022 01: +0,1649376000
1.132,14,Apr 09 2022 01: +0,1649462400
1.114,2,Apr 10 2022 01: +0,1649548800
1.106,6,Apr 11 2022 01: +0,1649635200
1.08,3,Apr 12 2022 01: +0,1649721600
1.15,1,Apr 13 2022 01: +0,1649808000
1.164,5,Apr 14 2022 01: +0,1649894400
1.179,5,Apr 15 2022 01: +0,1649980800
1.194,4,Apr 16 2022 01: +0,1650067200
1.183,2,Apr 17 2022 01: +0,1650153600
1.22,3,Apr 18 2022 01: +0,1650240000
1.273,3,Apr 19 2022 01: +0,1650326400
1.282,1,Apr 20 2022 01: +0,1650412800
1.137,2,Apr 21 2022 01: +0,1650499200
1.141,5,Apr 22 2022 01: +0,1650585600
1.075,1,Apr 23 2022 01: +0,1650672000
1.104,3,Apr 24 2022 01: +0,1650758400
1.146,4,Apr 25 2022 01: +0,1650844800
1.15,2,Apr 26 2022 01: +0,1650931200
1.373,1,Apr 27 2022 01: +0,1651017600
1.278,6,Apr 29 2022 01: +0,1651190400
1.275,10,Apr 30 2022 01: +0,1651276800
1.25,1,May 01 2022 01: +0,1651363200
1.208,3,May 02 2022 01: +0,1651449600
1.383,6,May 03 2022 01: +0,1651536000
1.307,1,May 04 2022 01: +0,1651622400
1.216,3,May 05 2022 01: +0,1651708800
1.34,1,May 06 2022 01: +0,1651795200
1.326,3,May 07 2022 01: +0,1651881600
1.353,7,May 08 2022 01: +0,1651968000
1.339,4,May 09 2022 01: +0,1652054400
1.208,1,May 10 2022 01: +0,1652140800
1.216,1,May 11 2022 01: +0,1652227200
1.198,1,May 12 2022 01: +0,1652313600
1.248,2,May 13 2022 01: +0,1652400000
1.19,2,May 14 2022 01: +0,1652486400
1.336,1,May 15 2022 01: +0,1652572800
1.171,3,May 17 2022 01: +0,1652745600
1.228,1,May 18 2022 01: +0,1652832000
1.109,4,May 19 2022 01: +0,1652918400
1.139,5,May 20 2022 01: +0,1653004800
1.381,1,May 21 2022 01: +0,1653091200
1.205,2,May 22 2022 01: +0,1653177600
1.026,1,May 23 2022 01: +0,1653264000
1.34,1,May 24 2022 01: +0,1653350400
1.263,2,May 25 2022 01: +0,1653436800
1.326,2,May 26 2022 01: +0,1653523200
1.061,4,May 27 2022 01: +0,1653609600
1.244,3,May 29 2022 01: +0,1653782400
1.052,2,May 31 2022 01: +0,1653955200
1.104,2,Jun 01 2022 01: +0,1654041600
0.91,1,Jun 02 2022 01: +0,1654128000
1.032,5,Jun 03 2022 01: +0,1654214400
0.981,4,Jun 04 2022 01: +0,1654300800
1.088,3,Jun 05 2022 01: +0,1654387200
0.996,4,Jun 06 2022 01: +0,1654473600
1.065,1,Jun 07 2022 01: +0,1654560000
1.069,3,Jun 08 2022 01: +0,1654646400
0.942,1,Jun 09 2022 01: +0,1654732800
1.041,2,Jun 10 2022 01: +0,1654819200
1.041,4,Jun 11 2022 01: +0,1654905600
1.068,8,Jun 12 2022 01: +0,1654992000
1.188,1,Jun 13 2022 01: +0,1655078400
1.079,3,Jun 14 2022 01: +0,1655164800
1.083,10,Jun 15 2022 01: +0,1655251200
1.151,2,Jun 16 2022 01: +0,1655337600
1.097,5,Jun 17 2022 01: +0,1655424000
1.077,8,Jun 18 2022 01: +0,1655510400
1.18,5,Jun 19 2022 01: +0,1655596800
1.176,2,Jun 20 2022 01: +0,1655683200
1.183,1,Jun 21 2022 01: +0,1655769600
1.158,1,Jun 22 2022 01: +0,1655856000
1.118,7,Jun 23 2022 01: +0,1655942400
1.016,5,Jun 24 2022 01: +0,1656028800
0.957,3,Jun 25 2022 01: +0,1656115200
0.97,4,Jun 27 2022 01: +0,1656288000
1.141,1,Jun 28 2022 01: +0,1656374400
0.963,1,Jun 29 2022 01: +0,1656460800
0.953,4,Jun 30 2022 01: +0,1656547200
0.989,1,Jul 01 2022 01: +0,1656633600
0.98,3,Jul 02 2022 01: +0,1656720000
1.02,4,Jul 03 2022 01: +0,1656806400
0.959,1,Jul 05 2022 01: +0,1656979200
0.946,4,Jul 06 2022 01: +0,1657065600
1.029,8,Jul 07 2022 01: +0,1657152000
1.136,1,Jul 08 2022 01: +0,1657238400
1.083,1,Jul 09 2022 01: +0,1657324800
1.085,6,Jul 10 2022 01: +0,1657411200
1.082,3,Jul 11 2022 01: +0,1657497600
1.039,10,Jul 12 2022 01: +0,1657584000
1.142,6,Jul 14 2022 01: +0,1657756800
1.164,3,Jul 15 2022 01: +0,1657843200
0.971,5,Jul 16 2022 01: +0,1657929600
1.101,2,Jul 17 2022 01: +0,1658016000
1.122,1,Jul 18 2022 01: +0,1658102400
1.138,2,Jul 19 2022 01: +0,1658188800
1.036,4,Jul 21 2022 01: +0,1658361600
1.008,2,Jul 22 2022 01: +0,1658448000
1.003,2,Jul 23 2022 01: +0,1658534400
0.896,3,Jul 24 2022 01: +0,1658620800
1.051,1,Jul 25 2022 01: +0,1658707200
1.085,3,Jul 26 2022 01: +0,1658793600
1.095,2,Jul 27 2022 01: +0,1658880000
1.053,3,Jul 28 2022 01: +0,1658966400
1.11,5,Jul 29 2022 01: +0,1659052800
1.137,2,Jul 30 2022 01: +0,1659139200
1.151,2,Jul 31 2022 01: +0,1659225600
1.054,3,Aug 01 2022 01: +0,1659312000
1.091,2,Aug 02 2022 01: +0,1659398400
1.099,5,Aug 03 2022 01: +0,1659484800
1.16,3,Aug 06 2022 01: +0,1659744000
1.025,2,Aug 07 2022 01: +0,1659830400
1.118,2,Aug 08 2022 01: +0,1659916800
1.103,2,Aug 09 2022 01: +0,1660003200
1.141,3,Aug 10 2022 01: +0,1660089600
1.168,7,Aug 11 2022 01: +0,1660176000
1.162,4,Aug 12 2022 01: +0,1660262400
1.147,5,Aug 13 2022 01: +0,1660348800
1.099,5,Aug 14 2022 01: +0,1660435200
1.178,2,Aug 15 2022 01: +0,1660521600
1.142,3,Aug 16 2022 01: +0,1660608000
1.151,4,Aug 17 2022 01: +0,1660694400
1.172,3,Aug 18 2022 01: +0,1660780800
1.092,3,Aug 19 2022 01: +0,1660867200
1.18,2,Aug 20 2022 01: +0,1660953600
1.106,6,Aug 21 2022 01: +0,1661040000
1.149,1,Aug 22 2022 01: +0,1661126400
1.076,3,Aug 23 2022 01: +0,1661212800
1.046,4,Aug 25 2022 01: +0,1661385600
1.077,3,Aug 26 2022 01: +0,1661472000
1.066,3,Aug 27 2022 01: +0,1661558400
1.106,2,Aug 28 2022 01: +0,1661644800
1.048,3,Aug 29 2022 01: +0,1661731200
1.069,5,Aug 30 2022 01: +0,1661817600
1.122,3,Aug 31 2022 01: +0,1661904000
1.126,12,Sep 01 2022 01: +0,1661990400
1.172,1,Sep 02 2022 01: +0,1662076800
1.178,2,Sep 03 2022 01: +0,1662163200
1.174,1,Sep 04 2022 01: +0,1662249600
0.942,3,Sep 05 2022 01: +0,1662336000
1.098,1,Sep 06 2022 01: +0,1662422400
1.145,2,Sep 07 2022 01: +0,1662508800
1.096,2,Sep 08 2022 01: +0,1662595200
1.021,2,Sep 09 2022 01: +0,1662681600
1.082,2,Sep 10 2022 01: +0,1662768000
0.96,1,Sep 11 2022 01: +0,1662854400
1.064,5,Sep 12 2022 01: +0,1662940800
1.01,5,Sep 13 2022 01: +0,1663027200
0.988,4,Sep 14 2022 01: +0,1663113600
1.045,1,Sep 15 2022 01: +0,1663200000
0.885,23,Sep 16 2022 01: +0,1663286400
0.932,4,Sep 17 2022 01: +0,1663372800
0.939,14,Sep 18 2022 01: +0,1663459200
0.843,16,Sep 19 2022 01: +0,1663545600
0.836,4,Sep 20 2022 01: +0,1663632000
0.904,8,Sep 21 2022 01: +0,1663718400
0.676,1,Sep 22 2022 01: +0,1663804800
0.93,10,Sep 23 2022 01: +0,1663891200
0.93,8,Sep 24 2022 01: +0,1663977600
0.918,10,Sep 25 2022 01: +0,1664064000
0.822,8,Sep 27 2022 01: +0,1664236800
0.836,3,Sep 29 2022 01: +0,1664409600
0.736,1,Sep 30 2022 01: +0,1664496000
0.806,7,Oct 01 2022 01: +0,1664582400
0.767,6,Oct 02 2022 01: +0,1664668800
0.739,4,Oct 03 2022 01: +0,1664755200
0.751,6,Oct 04 2022 01: +0,1664841600
0.776,5,Oct 05 2022 01: +0,1664928000
0.739,3,Oct 06 2022 01: +0,1665014400
0.797,3,Oct 07 2022 01: +0,1665100800
0.802,2,Oct 08 2022 01: +0,1665187200
0.709,5,Oct 09 2022 01: +0,1665273600
0.573,3,Oct 10 2022 01: +0,1665360000
0.72,5,Oct 11 2022 01: +0,1665446400
0.743,6,Oct 12 2022 01: +0,1665532800
0.703,1,Oct 13 2022 01: +0,1665619200
0.778,4,Oct 14 2022 01: +0,1665705600
0.741,6,Oct 15 2022 01: +0,1665792000
0.77,7,Oct 16 2022 01: +0,1665878400
0.772,5,Oct 17 2022 01: +0,1665964800
0.783,4,Oct 18 2022 01: +0,1666051200
0.721,4,Oct 19 2022 01: +0,1666137600
0.797,2,Oct 20 2022 01: +0,1666224000
0.79,2,Oct 21 2022 01: +0,1666310400
0.787,14,Oct 22 2022 01: +0,1666396800
0.786,6,Oct 23 2022 01: +0,1666483200
0.794,3,Oct 24 2022 01: +0,1666569600
0.791,6,Oct 25 2022 01: +0,1666656000
0.794,3,Oct 26 2022 01: +0,1666742400
0.754,3,Oct 27 2022 01: +0,1666828800
0.779,13,Oct 28 2022 01: +0,1666915200
0.81,3,Oct 29 2022 01: +0,1667001600
0.703,2,Oct 30 2022 01: +0,1667088000
0.816,4,Oct 31 2022 01: +0,1667178000
0.72,6,Nov 01 2022 01: +0,1667264400
0.819,5,Nov 02 2022 01: +0,1667350800
0.8,2,Nov 03 2022 01: +0,1667437200
0.762,63,Nov 04 2022 01: +0,1667523600
0.784,11,Nov 05 2022 01: +0,1667610000
0.8,3,Nov 06 2022 01: +0,1667696400
0.8,6,Nov 07 2022 01: +0,1667782800
0.812,8,Nov 08 2022 01: +0,1667869200
0.873,2,Nov 09 2022 01: +0,1667955600
0.91,3,Nov 10 2022 01: +0,1668042000
0.936,3,Nov 11 2022 01: +0,1668128400
0.9,5,Nov 12 2022 01: +0,1668214800
1.051,1,Nov 13 2022 01: +0,1668301200
0.846,2,Nov 14 2022 01: +0,1668387600
0.965,3,Nov 15 2022 01: +0,1668474000
1.117,2,Nov 17 2022 01: +0,1668646800
1.037,3,Nov 18 2022 01: +0,1668733200
0.98,4,Nov 19 2022 01: +0,1668819600
0.974,2,Nov 20 2022 01: +0,1668906000
0.975,5,Nov 21 2022 01: +0,1668992400
1.051,1,Nov 22 2022 01: +0,1669078800
0.86,2,Nov 23 2022 01: +0,1669165200
1.006,3,Nov 24 2022 01: +0,1669251600
0.998,1,Nov 25 2022 01: +0,1669338000
0.82,4,Nov 26 2022 01: +0,1669424400
0.762,1,Nov 27 2022 01: +0,1669510800
0.873,2,Nov 28 2022 01: +0,1669597200
0.946,3,Nov 29 2022 01: +0,1669683600
1.061,9,Nov 30 2022 01: +0,1669770000
1.109,9,Dec 01 2022 01: +0,1669856400
1.047,5,Dec 02 2022 01: +0,1669942800
1.183,1,Dec 03 2022 01: +0,1670029200
1.113,4,Dec 04 2022 01: +0,1670115600
1.037,3,Dec 05 2022 01: +0,1670202000
1.086,2,Dec 06 2022 01: +0,1670288400
1.035,2,Dec 07 2022 01: +0,1670374800
1.011,5,Dec 08 2022 01: +0,1670461200
1.142,1,Dec 09 2022 01: +0,1670547600
1.179,2,Dec 10 2022 01: +0,1670634000
1.163,3,Dec 12 2022 01: +0,1670806800
1.03,2,Dec 14 2022 01: +0,1670979600
1.109,3,Dec 15 2022 01: +0,1671066000
1.046,5,Dec 17 2022 01: +0,1671238800
1.096,4,Dec 18 2022 01: +0,1671325200
1.151,2,Dec 19 2022 01: +0,1671411600
1.15,2,Dec 20 2022 01: +0,1671498000
1.09,3,Dec 21 2022 01: +0,1671584400
1.154,2,Dec 22 2022 01: +0,1671670800
0.981,2,Dec 24 2022 01: +0,1671843600
0.925,3,Dec 25 2022 01: +0,1671930000
0.885,1,Dec 26 2022 01: +0,1672016400
0.893,1,Dec 27 2022 01: +0,1672102800
1.004,5,Dec 28 2022 01: +0,1672189200
1.126,5,Dec 29 2022 01: +0,1672275600
1.183,2,Dec 30 2022 01: +0,1672362000
1.071,3,Dec 31 2022 01: +0,1672448400
1.106,3,Jan 01 2023 01: +0,1672534800
1.139,5,Jan 02 2023 01: +0,1672621200
1.189,2,Jan 03 2023 01: +0,1672707600
0.946,5,Jan 06 2023 01: +0,1672966800
0.977,3,Jan 07 2023 01: +0,1673053200
1.037,3,Jan 08 2023 01: +0,1673139600
1.19,3,Jan 09 2023 01: +0,1673226000
1.188,6,Jan 10 2023 01: +0,1673312400
1.107,2,Jan 11 2023 01: +0,1673398800
1.109,3,Jan 12 2023 01: +0,1673485200
1.136,6,Jan 14 2023 01: +0,1673658000
1.25,4,Jan 15 2023 01: +0,1673744400
1.175,2,Jan 16 2023 01: +0,1673830800
1.161,3,Jan 17 2023 01: +0,1673917200
1.01,6,Jan 18 2023 01: +0,1674003600
1.064,3,Jan 19 2023 01: +0,1674090000
1.047,3,Jan 20 2023 01: +0,1674176400
1.102,2,Jan 21 2023 01: +0,1674262800
1.102,7,Jan 22 2023 01: +0,1674349200
0.969,3,Jan 23 2023 01: +0,1674435600
0.926,1,Jan 24 2023 01: +0,1674522000
1.292,1,Jan 25 2023 01: +0,1674608400
1.069,5,Jan 26 2023 01: +0,1674694800
1.183,2,Jan 27 2023 01: +0,1674781200
1.017,1,Jan 28 2023 01: +0,1674867600
1.212,3,Jan 29 2023 01: +0,1674954000
1.146,2,Jan 30 2023 01: +0,1675040400
1.265,5,Jan 31 2023 01: +0,1675126800
1.407,3,Feb 01 2023 01: +0,1675213200
1.346,2,Feb 02 2023 01: +0,1675299600
1.208,2,Feb 03 2023 01: +0,1675386000
1.434,8,Feb 04 2023 01: +0,1675472400
1.38,3,Feb 05 2023 01: +0,1675558800
1.631,2,Feb 06 2023 01: +0,1675645200
1.421,5,Feb 07 2023 01: +0,1675731600
1.513,3,Feb 08 2023 01: +0,1675818000
1.443,5,Feb 09 2023 01: +0,1675904400
1.444,2,Feb 10 2023 01: +0,1675990800
1.099,5,Feb 11 2023 01: +0,1676077200
1.112,8,Feb 12 2023 01: +0,1676163600
1.077,5,Feb 13 2023 01: +0,1676250000
1.14,2,Feb 14 2023 01: +0,1676336400
1.34,1,Feb 15 2023 18: +0,1676484000
1.051,1,Feb 15 2023 19: +0,1676487600
1.34,1,Feb 15 2023 21: +0,1676494800
0.951,1,Feb 16 2023 15: +0,1676559600
1.325,1,Feb 16 2023 16: +0,1676563200
1.493,1,Feb 16 2023 17: +0,1676566800
1.493,1,Feb 16 2023 20: +0,1676577600
1.493,1,Feb 16 2023 21: +0,1676581200
1.338,4,Feb 17 2023 00: +0,1676592000
1.216,1,Feb 17 2023 09: +0,1676624400
1.354,2,Feb 17 2023 17: +0,1676653200
1.267,1,Feb 18 2023 00: +0,1676678400
1.216,1,Feb 18 2023 11: +0,1676718000
1.311,1,Feb 18 2023 13: +0,1676725200
1.216,1,Feb 18 2023 21: +0,1676754000
1.234,1,Feb 19 2023 00: +0,1676764800
1.391,1,Feb 19 2023 02: +0,1676772000
1.405,1,Feb 19 2023 05: +0,1676782800
1.216,2,Feb 19 2023 10: +0,1676800800
1.234,1,Feb 20 2023 12: +0,1676894400
1.225,1,Feb 20 2023 13: +0,1676898000
1.347,2,Feb 20 2023 18: +0,1676916000
1.469,2,Feb 20 2023 19: +0,1676919600
1.472,1,Feb 21 2023 04: +0,1676952000
1.489,2,Feb 21 2023 16: +0,1676995200
1.472,1,Feb 21 2023 17: +0,1676998800
1.501,1,Feb 21 2023 23: +0,1677020400
1.241,1,Feb 22 2023 10: +0,1677060000
1.477,1,Feb 22 2023 22: +0,1677103200
1.208,1,Feb 23 2023 12: +0,1677153600
1.486,1,Feb 23 2023 14: +0,1677160800
1.2,1,Feb 24 2023 14: +0,1677247200
1.246,1,Feb 24 2023 22: +0,1677276000
1.456,1,Feb 24 2023 23: +0,1677279600
1.191,1,Feb 25 2023 19: +0,1677351600
1.314,1,Feb 25 2023 23: +0,1677366000
1.398,1,Feb 26 2023 07: +0,1677394800
1.183,1,Feb 26 2023 23: +0,1677452400
1.257,1,Feb 27 2023 20: +0,1677528000
1.274,1,Feb 27 2023 21: +0,1677531600
1.117,1,Feb 28 2023 20: +0,1677614400
0.91,1,Mar 01 2023 04: +0,1677643200
1.117,1,Mar 01 2023 15: +0,1677682800
0.869,1,Mar 01 2023 16: +0,1677686400
1.346,1,Mar 01 2023 19: +0,1677697200
0.97,1,Mar 02 2023 08: +0,1677744000
1.113,2,Mar 02 2023 15: +0,1677769200
1.108,1,Mar 02 2023 19: +0,1677783600
0.72,1,Mar 02 2023 20: +0,1677787200
1.026,1,Mar 02 2023 23: +0,1677798000
1.21,1,Mar 03 2023 01: +0,1677805200
1.026,1,Mar 03 2023 02: +0,1677808800
1.261,1,Mar 03 2023 17: +0,1677862800
0.993,2,Mar 03 2023 21: +0,1677877200
1.1,1,Mar 03 2023 22: +0,1677880800
1.059,1,Mar 04 2023 15: +0,1677942000
1.334,1,Mar 04 2023 16: +0,1677945600
1.334,1,Mar 04 2023 17: +0,1677949200
1.092,1,Mar 05 2023 11: +0,1678014000
1.311,2,Mar 05 2023 14: +0,1678024800
1.351,1,Mar 05 2023 15: +0,1678028400
1.241,1,Mar 06 2023 02: +0,1678068000
1.365,1,Mar 06 2023 03: +0,1678071600
1.092,1,Mar 06 2023 12: +0,1678104000
1.238,1,Mar 06 2023 18: +0,1678125600
1.246,1,Mar 06 2023 19: +0,1678129200
1.351,1,Mar 06 2023 21: +0,1678136400
1.358,1,Mar 06 2023 22: +0,1678140000
1.287,1,Mar 07 2023 15: +0,1678201200
1.274,1,Mar 07 2023 20: +0,1678219200
1.257,1,Mar 07 2023 22: +0,1678226400
1.338,1,Mar 08 2023 00: +0,1678233600
1.084,1,Mar 08 2023 04: +0,1678248000
1.356,1,Mar 08 2023 10: +0,1678269600
1.356,1,Mar 08 2023 15: +0,1678287600
1.312,1,Mar 08 2023 18: +0,1678298400
1.257,1,Mar 08 2023 19: +0,1678302000
1.356,1,Mar 08 2023 20: +0,1678305600
1.249,1,Mar 08 2023 21: +0,1678309200
1.257,1,Mar 09 2023 00: +0,1678320000
0.72,1,Mar 09 2023 13: +0,1678366800
1.428,1,Mar 09 2023 17: +0,1678381200
1.466,1,Mar 09 2023 19: +0,1678388400
1.425,1,Mar 10 2023 11: +0,1678446000
1.478,1,Mar 10 2023 12: +0,1678449600
1.329,2,Mar 10 2023 21: +0,1678482000
1.455,1,Mar 10 2023 22: +0,1678485600
1.472,1,Mar 11 2023 02: +0,1678500000
1.442,2,Mar 11 2023 13: +0,1678539600
1.475,1,Mar 11 2023 14: +0,1678543200
1.158,1,Mar 11 2023 23: +0,1678575600
1.448,1,Mar 12 2023 00: +0,1678579200
1.472,1,Mar 12 2023 03: +0,1678590000
0.827,1,Mar 12 2023 15: +0,1678633200
0.918,1,Mar 12 2023 17: +0,1678640400
1.448,1,Mar 13 2023 02: +0,1678672800
1.067,1,Mar 13 2023 22: +0,1678744800
1.448,1,Mar 14 2023 01: +0,1678755600
1.469,4,Mar 14 2023 19: +0,1678820400
0.93,1,Mar 15 2023 00: +0,1678838400
1.495,1,Mar 15 2023 06: +0,1678860000
1.304,3,Mar 15 2023 17: +0,1678899600
1.495,1,Mar 16 2023 02: +0,1678932000
1.519,1,Mar 16 2023 05: +0,1678942800
1.387,1,Mar 16 2023 14: +0,1678975200
1.528,6,Mar 16 2023 17: +0,1678986000
1.844,3,Mar 16 2023 19: +0,1678993200
1.844,1,Mar 16 2023 20: +0,1678996800
1.811,1,Mar 16 2023 22: +0,1679004000
0.93,1,Mar 17 2023 15: +0,1679065200
1.595,2,Mar 17 2023 17: +0,1679072400
1.646,2,Mar 17 2023 18: +0,1679076000
1.655,1,Mar 18 2023 00: +0,1679097600
1.706,1,Mar 18 2023 12: +0,1679140800
1.59,1,Mar 18 2023 15: +0,1679151600
1.649,2,Mar 18 2023 23: +0,1679180400
1.665,1,Mar 19 2023 05: +0,1679202000
1.648,2,Mar 19 2023 12: +0,1679227200
1.734,1,Mar 19 2023 18: +0,1679248800
1.193,2,Mar 19 2023 22: +0,1679263200
1.76,1,Mar 20 2023 00: +0,1679270400
1.6,1,Mar 20 2023 08: +0,1679299200
1.314,1,Mar 20 2023 19: +0,1679338800
1.527,1,Mar 20 2023 21: +0,1679346000
1.766,1,Mar 20 2023 22: +0,1679349600
1.545,1,Mar 21 2023 05: +0,1679374800
1.545,1,Mar 21 2023 13: +0,1679403600
0.916,1,Mar 21 2023 14: +0,1679407200
1.763,1,Mar 21 2023 17: +0,1679418000
1.529,1,Mar 21 2023 18: +0,1679421600
1.529,1,Mar 21 2023 19: +0,1679425200
0.883,1,Mar 22 2023 08: +0,1679472000
1.553,2,Mar 22 2023 16: +0,1679500800
1.137,1,Mar 22 2023 19: +0,1679511600
1.608,1,Mar 22 2023 23: +0,1679526000
1.292,1,Mar 23 2023 01: +0,1679533200
1.349,1,Mar 23 2023 10: +0,1679565600
1.579,1,Mar 23 2023 13: +0,1679576400
1.419,1,Mar 24 2023 00: +0,1679616000
1.358,1,Mar 24 2023 09: +0,1679648400
1.495,10,Mar 24 2023 16: +0,1679673600
1.464,1,Mar 24 2023 20: +0,1679688000
1.619,1,Mar 24 2023 22: +0,1679695200
1.375,1,Mar 25 2023 03: +0,1679713200
1.391,3,Mar 25 2023 13: +0,1679749200
1.619,3,Mar 25 2023 14: +0,1679752800
1.725,1,Mar 25 2023 15: +0,1679756400
1.718,1,Mar 25 2023 19: +0,1679770800
1.628,1,Mar 25 2023 20: +0,1679774400
1.387,2,Mar 26 2023 01: +0,1679792400
1.735,1,Mar 26 2023 02: +0,1679792400
1.572,2,Mar 26 2023 08: +0,1679814000
1.448,1,Mar 26 2023 12: +0,1679828400
1.584,1,Mar 26 2023 13: +0,1679832000
1.532,2,Mar 26 2023 15: +0,1679839200
1.596,4,Mar 26 2023 18: +0,1679850000
1.473,1,Mar 26 2023 22: +0,1679864400
1.452,1,Mar 26 2023 23: +0,1679868000
1.224,1,Mar 27 2023 00: +0,1679871600
1.591,1,Mar 27 2023 01: +0,1679875200
1.452,1,Mar 27 2023 16: +0,1679929200
1.313,1,Mar 27 2023 18: +0,1679936400
1.199,1,Mar 27 2023 20: +0,1679943600
1.46,1,Mar 27 2023 21: +0,1679947200
1.232,1,Mar 28 2023 00: +0,1679958000
1.468,2,Mar 28 2023 03: +0,1679968800
1.591,1,Mar 28 2023 04: +0,1679972400
1.671,1,Mar 28 2023 06: +0,1679979600
1.346,1,Mar 28 2023 07: +0,1679983200
1.37,1,Mar 28 2023 11: +0,1679997600
1.381,1,Mar 28 2023 15: +0,1680012000
1.68,1,Mar 28 2023 16: +0,1680015600
1.673,1,Mar 28 2023 18: +0,1680022800
1.439,1,Mar 28 2023 23: +0,1680040800
1.568,2,Mar 29 2023 05: +0,1680062400
1.761,1,Mar 29 2023 13: +0,1680091200
1.625,1,Mar 29 2023 18: +0,1680109200
1.496,1,Mar 29 2023 22: +0,1680123600
1.431,2,Mar 30 2023 02: +0,1680138000
1.491,2,Mar 30 2023 05: +0,1680148800
1.632,2,Mar 30 2023 13: +0,1680177600
1.77,1,Mar 30 2023 17: +0,1680192000
1.757,2,Mar 31 2023 00: +0,1680217200
1.754,1,Mar 31 2023 02: +0,1680224400
1.795,2,Mar 31 2023 04: +0,1680231600
1.625,1,Mar 31 2023 07: +0,1680242400
1.747,1,Mar 31 2023 10: +0,1680253200
1.625,2,Mar 31 2023 11: +0,1680256800
1.625,5,Mar 31 2023 12: +0,1680260400
1.512,3,Mar 31 2023 22: +0,1680296400
1.467,2,Apr 01 2023 04: +0,1680318000
1.512,1,Apr 01 2023 05: +0,1680321600
1.512,2,Apr 01 2023 10: +0,1680339600
1.746,1,Apr 01 2023 11: +0,1680343200
1.504,1,Apr 01 2023 18: +0,1680368400
1.605,2,Apr 01 2023 20: +0,1680375600
1.486,1,Apr 02 2023 01: +0,1680393600
1.478,2,Apr 02 2023 07: +0,1680415200
1.374,1,Apr 02 2023 16: +0,1680447600
1.374,3,Apr 02 2023 17: +0,1680451200
1.318,1,Apr 02 2023 18: +0,1680454800
1.301,1,Apr 02 2023 20: +0,1680462000
1.277,1,Apr 02 2023 23: +0,1680472800
1.305,2,Apr 03 2023 00: +0,1680476400
1.463,1,Apr 03 2023 01: +0,1680480000
1.536,1,Apr 03 2023 08: +0,1680505200
1.532,1,Apr 03 2023 10: +0,1680512400
1.544,1,Apr 03 2023 11: +0,1680516000
1.307,1,Apr 03 2023 12: +0,1680519600
1.565,2,Apr 03 2023 14: +0,1680526800
1.445,2,Apr 03 2023 18: +0,1680541200
1.575,1,Apr 03 2023 23: +0,1680559200
1.333,3,Apr 04 2023 03: +0,1680573600
1.282,1,Apr 04 2023 05: +0,1680580800
1.566,1,Apr 04 2023 10: +0,1680598800
1.3,2,Apr 04 2023 19: +0,1680631200
1.296,1,Apr 04 2023 20: +0,1680634800
1.297,2,Apr 04 2023 21: +0,1680638400
1.532,1,Apr 04 2023 22: +0,1680642000
1.275,2,Apr 05 2023 04: +0,1680663600
1.451,1,Apr 05 2023 11: +0,1680688800
1.452,1,Apr 05 2023 12: +0,1680692400
1.355,1,Apr 05 2023 16: +0,1680706800
1.3,1,Apr 05 2023 17: +0,1680710400
1.404,2,Apr 05 2023 18: +0,1680714000
1.211,1,Apr 05 2023 21: +0,1680724800
1.36,1,Apr 05 2023 22: +0,1680728400
1.457,1,Apr 05 2023 23: +0,1680732000
1.496,2,Apr 06 2023 04: +0,1680750000
0.902,1,Apr 06 2023 13: +0,1680782400
1.383,1,Apr 06 2023 18: +0,1680800400
1.321,1,Apr 06 2023 19: +0,1680804000
1.304,1,Apr 06 2023 20: +0,1680807600
1.304,1,Apr 07 2023 03: +0,1680832800
1.441,1,Apr 07 2023 08: +0,1680850800
1.317,1,Apr 07 2023 10: +0,1680858000
1.447,1,Apr 07 2023 11: +0,1680861600
1.508,2,Apr 07 2023 18: +0,1680886800
1.563,1,Apr 07 2023 20: +0,1680894000
1.485,1,Apr 07 2023 21: +0,1680897600
1.306,1,Apr 07 2023 22: +0,1680901200
1.546,2,Apr 08 2023 02: +0,1680915600
1.573,1,Apr 08 2023 05: +0,1680926400
1.306,1,Apr 08 2023 11: +0,1680948000
1.258,1,Apr 08 2023 12: +0,1680951600
1.57,1,Apr 08 2023 18: +0,1680973200
1.46,1,Apr 08 2023 20: +0,1680980400
1.21,1,Apr 09 2023 02: +0,1681002000
1.186,1,Apr 09 2023 10: +0,1681030800
1.331,1,Apr 09 2023 12: +0,1681038000
1.323,3,Apr 09 2023 18: +0,1681059600
1.331,2,Apr 09 2023 19: +0,1681063200
1.323,1,Apr 09 2023 20: +0,1681066800
1.308,2,Apr 09 2023 21: +0,1681070400
1.42,1,Apr 09 2023 23: +0,1681077600
1.401,1,Apr 10 2023 10: +0,1681117200
1.246,2,Apr 10 2023 13: +0,1681128000
1.343,4,Apr 10 2023 17: +0,1681142400
1.226,2,Apr 10 2023 18: +0,1681146000
1.428,1,Apr 10 2023 19: +0,1681149600
1.279,1,Apr 10 2023 23: +0,1681164000
1.45,1,Apr 11 2023 03: +0,1681178400
1.279,1,Apr 11 2023 07: +0,1681192800
1.425,1,Apr 11 2023 10: +0,1681203600
1.486,1,Apr 11 2023 13: +0,1681214400
1.533,2,Apr 11 2023 17: +0,1681228800
0.982,1,Apr 11 2023 21: +0,1681243200
1.548,1,Apr 11 2023 23: +0,1681250400
1.566,1,Apr 12 2023 00: +0,1681254000
1.331,1,Apr 12 2023 09: +0,1681286400
1.323,1,Apr 12 2023 12: +0,1681297200
0.909,1,Apr 12 2023 18: +0,1681318800
0.913,1,Apr 12 2023 20: +0,1681326000
1.532,1,Apr 12 2023 21: +0,1681329600
1.356,1,Apr 12 2023 23: +0,1681336800
1.356,1,Apr 13 2023 00: +0,1681340400
1.356,1,Apr 13 2023 02: +0,1681347600
1.356,1,Apr 13 2023 07: +0,1681365600
1.514,1,Apr 13 2023 12: +0,1681383600
1.32,1,Apr 13 2023 13: +0,1681387200
1.514,1,Apr 13 2023 16: +0,1681398000
1.514,1,Apr 13 2023 17: +0,1681401600
1.331,3,Apr 13 2023 19: +0,1681408800
1.331,1,Apr 13 2023 20: +0,1681412400
1.307,1,Apr 14 2023 02: +0,1681434000
1.52,6,Apr 14 2023 04: +0,1681441200
1.215,2,Apr 14 2023 08: +0,1681455600
1.285,1,Apr 14 2023 18: +0,1681491600
1.187,2,Apr 14 2023 20: +0,1681498800
1.179,1,Apr 14 2023 21: +0,1681502400
1.195,1,Apr 14 2023 23: +0,1681509600
1.444,1,Apr 15 2023 01: +0,1681516800
1.428,1,Apr 15 2023 03: +0,1681524000
1.508,2,Apr 15 2023 05: +0,1681531200
1.264,3,Apr 15 2023 09: +0,1681545600
1.458,1,Apr 15 2023 10: +0,1681549200
1.52,1,Apr 15 2023 11: +0,1681552800
1.234,1,Apr 15 2023 19: +0,1681581600
1.423,1,Apr 15 2023 21: +0,1681588800
1.386,2,Apr 15 2023 23: +0,1681596000
1.168,1,Apr 16 2023 00: +0,1681599600
1.357,1,Apr 16 2023 03: +0,1681610400
1.432,1,Apr 16 2023 08: +0,1681628400
1.38,1,Apr 16 2023 18: +0,1681664400
1.404,1,Apr 16 2023 20: +0,1681671600
1.335,2,Apr 16 2023 21: +0,1681675200
1.456,2,Apr 16 2023 22: +0,1681678800
1.44,2,Apr 17 2023 02: +0,1681693200
1.502,1,Apr 17 2023 04: +0,1681700400
1.516,1,Apr 17 2023 05: +0,1681704000
1.527,1,Apr 17 2023 06: +0,1681707600
1.297,1,Apr 17 2023 18: +0,1681750800
1.313,3,Apr 17 2023 21: +0,1681761600
1.436,3,Apr 17 2023 22: +0,1681765200
1.488,1,Apr 18 2023 05: +0,1681790400
1.106,1,Apr 18 2023 08: +0,1681801200
1.499,1,Apr 18 2023 09: +0,1681804800
1.273,1,Apr 18 2023 10: +0,1681808400
1.507,2,Apr 18 2023 14: +0,1681822800
1.507,1,Apr 18 2023 15: +0,1681826400
1.217,1,Apr 18 2023 17: +0,1681833600
1.491,2,Apr 18 2023 19: +0,1681840800
1.364,2,Apr 19 2023 00: +0,1681858800
1.418,1,Apr 19 2023 02: +0,1681866000
1.297,1,Apr 19 2023 03: +0,1681869600
0.707,1,Apr 19 2023 04: +0,1681873200
1.313,1,Apr 19 2023 08: +0,1681887600
0.805,1,Apr 19 2023 09: +0,1681891200
1.57,16,Apr 19 2023 18: +0,1681923600
1.33,1,Apr 19 2023 20: +0,1681930800
1.525,1,Apr 19 2023 21: +0,1681934400
1.596,2,Apr 19 2023 22: +0,1681938000
1.607,1,Apr 20 2023 00: +0,1681945200
1.491,1,Apr 20 2023 05: +0,1681963200
1.612,1,Apr 20 2023 06: +0,1681966800
1.404,1,Apr 20 2023 07: +0,1681970400
1.648,4,Apr 20 2023 09: +0,1681977600
1.789,1,Apr 20 2023 10: +0,1681981200
1.314,1,Apr 20 2023 13: +0,1681992000
1.794,10,Apr 20 2023 14: +0,1681995600
1.794,3,Apr 20 2023 15: +0,1681999200
1.797,2,Apr 20 2023 16: +0,1682002800
1.804,1,Apr 20 2023 17: +0,1682006400
1.754,1,Apr 20 2023 18: +0,1682010000
1.647,2,Apr 20 2023 20: +0,1682017200
1.644,3,Apr 20 2023 22: +0,1682024400
1.773,1,Apr 20 2023 23: +0,1682028000
1.644,1,Apr 21 2023 00: +0,1682031600
1.644,1,Apr 21 2023 08: +0,1682060400
1.725,1,Apr 21 2023 10: +0,1682067600
1.805,12,Apr 21 2023 11: +0,1682071200
2.103,1,Apr 21 2023 13: +0,1682078400
1.813,1,Apr 21 2023 14: +0,1682082000
2.159,1,Apr 21 2023 16: +0,1682089200
1.813,1,Apr 21 2023 19: +0,1682100000
1.821,1,Apr 21 2023 21: +0,1682107200
1.668,1,Apr 22 2023 02: +0,1682125200
1.159,2,Apr 22 2023 03: +0,1682128800
1.829,1,Apr 22 2023 06: +0,1682139600
1.769,1,Apr 22 2023 10: +0,1682154000
1.802,1,Apr 22 2023 15: +0,1682172000
1.48,1,Apr 22 2023 18: +0,1682182800
1.412,1,Apr 22 2023 21: +0,1682193600
1.917,1,Apr 23 2023 00: +0,1682204400
1.81,1,Apr 23 2023 02: +0,1682211600
1.753,1,Apr 23 2023 05: +0,1682222400
1.81,1,Apr 23 2023 08: +0,1682233200
1.81,1,Apr 23 2023 09: +0,1682236800
1.898,1,Apr 23 2023 11: +0,1682244000
1.802,1,Apr 23 2023 12: +0,1682247600
1.802,1,Apr 23 2023 14: +0,1682254800
1.81,3,Apr 23 2023 18: +0,1682269200
1.81,1,Apr 23 2023 20: +0,1682276400
1.858,3,Apr 23 2023 23: +0,1682287200
1.906,1,Apr 24 2023 00: +0,1682290800
1.802,1,Apr 24 2023 08: +0,1682319600
1.697,1,Apr 24 2023 10: +0,1682326800
1.681,3,Apr 24 2023 12: +0,1682334000
1.697,1,Apr 24 2023 14: +0,1682341200
1.802,1,Apr 24 2023 15: +0,1682344800
1.769,1,Apr 24 2023 16: +0,1682348400
1.54,2,Apr 24 2023 19: +0,1682359200
1.749,1,Apr 24 2023 20: +0,1682362800
1.552,1,Apr 24 2023 21: +0,1682366400
1.544,1,Apr 25 2023 04: +0,1682391600
1.552,2,Apr 25 2023 05: +0,1682395200
1.552,1,Apr 25 2023 08: +0,1682406000
1.524,2,Apr 25 2023 14: +0,1682427600
1.403,1,Apr 25 2023 15: +0,1682431200
1.472,2,Apr 25 2023 16: +0,1682434800
1.532,1,Apr 25 2023 18: +0,1682442000
1.556,3,Apr 25 2023 20: +0,1682449200
1.532,1,Apr 25 2023 21: +0,1682452800
1.609,1,Apr 25 2023 22: +0,1682456400
1.613,1,Apr 25 2023 23: +0,1682460000
1.355,1,Apr 26 2023 02: +0,1682470800
1.414,3,Apr 26 2023 04: +0,1682478000
1.371,1,Apr 26 2023 07: +0,1682488800
1.369,2,Apr 26 2023 15: +0,1682517600
1.36,1,Apr 26 2023 20: +0,1682535600
1.122,1,Apr 27 2023 00: +0,1682550000
1.34,2,Apr 27 2023 01: +0,1682553600
1.019,1,Apr 27 2023 11: +0,1682589600
1.304,1,Apr 27 2023 12: +0,1682593200
1.04,1,Apr 27 2023 16: +0,1682607600
1.352,2,Apr 27 2023 17: +0,1682611200
1.352,1,Apr 27 2023 18: +0,1682614800
1.32,3,Apr 27 2023 20: +0,1682622000
1.355,1,Apr 27 2023 21: +0,1682625600
1.352,1,Apr 27 2023 22: +0,1682629200
1.352,1,Apr 28 2023 00: +0,1682636400
1.576,3,Apr 28 2023 01: +0,1682640000
1.316,1,Apr 28 2023 02: +0,1682643600
1.264,1,Apr 28 2023 08: +0,1682665200
1.566,1,Apr 28 2023 09: +0,1682668800
1.264,1,Apr 28 2023 11: +0,1682676000
1.248,2,Apr 28 2023 14: +0,1682686800
1.233,1,Apr 28 2023 16: +0,1682694000
1.396,2,Apr 28 2023 17: +0,1682697600
1.264,1,Apr 28 2023 19: +0,1682704800
1.328,1,Apr 28 2023 22: +0,1682715600
1.576,1,Apr 29 2023 01: +0,1682726400
1.584,1,Apr 29 2023 05: +0,1682740800
0.698,1,Apr 29 2023 06: +0,1682744400
1.584,1,Apr 29 2023 09: +0,1682755200
1.408,1,Apr 29 2023 14: +0,1682773200
1.4,1,Apr 29 2023 15: +0,1682776800
1.561,1,Apr 29 2023 16: +0,1682780400
1.576,4,Apr 29 2023 19: +0,1682791200
1.516,2,Apr 29 2023 20: +0,1682794800
1.2,1,Apr 29 2023 21: +0,1682798400
1.576,1,Apr 29 2023 22: +0,1682802000
1.44,1,Apr 29 2023 23: +0,1682805600
1.432,1,Apr 30 2023 17: +0,1682870400
1.432,1,Apr 30 2023 19: +0,1682877600
1.432,1,Apr 30 2023 20: +0,1682881200
1.232,1,Apr 30 2023 22: +0,1682888400
1.432,1,May 01 2023 08: +0,1682924400
1.361,2,May 01 2023 11: +0,1682935200
1.312,3,May 01 2023 12: +0,1682938800
1.373,1,May 01 2023 13: +0,1682942400
1.426,1,May 01 2023 14: +0,1682946000
1.353,2,May 01 2023 15: +0,1682949600
1.452,1,May 01 2023 16: +0,1682953200
1.232,1,May 01 2023 19: +0,1682964000
1.432,1,May 01 2023 22: +0,1682974800
1.3,1,May 02 2023 02: +0,1682989200
1.228,3,May 02 2023 05: +0,1683000000
1.244,1,May 02 2023 06: +0,1683003600
1.395,1,May 02 2023 07: +0,1683007200
1.148,1,May 02 2023 11: +0,1683021600
1.45,1,May 02 2023 14: +0,1683032400
1.454,2,May 02 2023 16: +0,1683039600
1.224,1,May 03 2023 00: +0,1683068400
1.444,1,May 03 2023 02: +0,1683075600
1.264,1,May 03 2023 03: +0,1683079200
1.448,1,May 03 2023 04: +0,1683082800
1.448,1,May 03 2023 05: +0,1683086400
1.264,1,May 03 2023 12: +0,1683111600
1.349,1,May 03 2023 13: +0,1683115200
1.367,1,May 03 2023 17: +0,1683129600
1.264,1,May 03 2023 19: +0,1683136800
1.2,1,May 03 2023 23: +0,1683151200
1.016,1,May 04 2023 01: +0,1683158400
1.36,1,May 04 2023 03: +0,1683165600
1.448,3,May 04 2023 09: +0,1683187200
1.2,2,May 04 2023 14: +0,1683205200
1.176,1,May 04 2023 19: +0,1683223200
0.888,1,May 04 2023 22: +0,1683234000
1.163,1,May 05 2023 02: +0,1683248400
1.161,2,May 05 2023 08: +0,1683270000
1.163,1,May 05 2023 09: +0,1683273600
1.09,1,May 05 2023 14: +0,1683291600
1.149,1,May 05 2023 15: +0,1683295200
1.088,1,May 05 2023 17: +0,1683302400
1.286,1,May 05 2023 18: +0,1683306000
1.097,1,May 05 2023 21: +0,1683316800
0.971,2,May 05 2023 22: +0,1683320400
0.972,1,May 06 2023 00: +0,1683327600
1.073,1,May 06 2023 01: +0,1683331200
1.011,1,May 06 2023 02: +0,1683334800
1.304,1,May 06 2023 07: +0,1683352800
1.065,1,May 06 2023 14: +0,1683378000
1.126,1,May 06 2023 15: +0,1683381600
0.938,2,May 06 2023 16: +0,1683385200
1.073,1,May 06 2023 18: +0,1683392400
1.256,1,May 06 2023 19: +0,1683396000
1.165,2,May 06 2023 20: +0,1683399600
1.073,1,May 07 2023 02: +0,1683421200
1.141,2,May 07 2023 07: +0,1683439200
1.266,1,May 07 2023 09: +0,1683446400
1.284,1,May 07 2023 10: +0,1683450000
1.316,1,May 07 2023 12: +0,1683457200
1.353,1,May 07 2023 16: +0,1683471600
1.362,1,May 07 2023 17: +0,1683475200
1.153,2,May 07 2023 18: +0,1683478800
1.24,1,May 07 2023 20: +0,1683486000
1.368,1,May 07 2023 22: +0,1683493200
1.368,1,May 08 2023 01: +0,1683504000
1.35,1,May 08 2023 02: +0,1683507600
1.376,1,May 08 2023 09: +0,1683532800
1.348,4,May 09 2023 02: +0,1683594000
1.389,2,May 09 2023 08: +0,1683615600
1.147,2,May 09 2023 10: +0,1683622800
1.395,1,May 09 2023 12: +0,1683630000
0.867,1,May 09 2023 17: +0,1683648000
1.391,1,May 10 2023 00: +0,1683673200
1.391,1,May 10 2023 02: +0,1683680400
1.392,1,May 10 2023 05: +0,1683691200
1.069,1,May 11 2023 01: +0,1683763200
1.234,1,May 11 2023 14: +0,1683810000
1.213,4,May 11 2023 18: +0,1683824400
1.081,1,May 11 2023 20: +0,1683831600
1.041,1,May 12 2023 11: +0,1683885600
0.988,1,May 12 2023 12: +0,1683889200
1.24,5,May 12 2023 15: +0,1683900000
1.041,1,May 12 2023 16: +0,1683903600
0.905,1,May 12 2023 17: +0,1683907200
1.275,1,May 12 2023 19: +0,1683914400
1.063,1,May 12 2023 20: +0,1683918000
1.306,5,May 12 2023 21: +0,1683921600
1.217,1,May 13 2023 03: +0,1683943200
1.121,2,May 13 2023 05: +0,1683950400
1.167,1,May 13 2023 12: +0,1683975600
1.365,2,May 13 2023 14: +0,1683982800
1.41,1,May 13 2023 15: +0,1683986400
1.41,1,May 13 2023 16: +0,1683990000
1.409,2,May 13 2023 21: +0,1684008000
1.177,1,May 14 2023 00: +0,1684018800
1.417,1,May 14 2023 01: +0,1684022400
1.153,1,May 14 2023 02: +0,1684026000
1.409,1,May 14 2023 06: +0,1684040400
1.428,1,May 14 2023 08: +0,1684047600
1.169,1,May 14 2023 12: +0,1684062000
1.43,1,May 14 2023 17: +0,1684080000
1.451,1,May 14 2023 22: +0,1684098000
1.447,4,May 15 2023 06: +0,1684126800
1.407,1,May 15 2023 11: +0,1684144800
1.208,2,May 15 2023 14: +0,1684155600
1.457,1,May 15 2023 15: +0,1684159200
1.452,1,May 15 2023 23: +0,1684188000
1.465,2,May 16 2023 00: +0,1684191600
1.501,1,May 16 2023 03: +0,1684202400
1.527,1,May 16 2023 05: +0,1684209600
1.382,1,May 17 2023 03: +0,1684288800
1.397,1,May 17 2023 17: +0,1684339200
1.44,1,May 17 2023 20: +0,1684350000
1.256,1,May 18 2023 05: +0,1684382400
1.172,1,May 18 2023 12: +0,1684407600
1.18,1,May 18 2023 15: +0,1684418400
1.212,1,May 18 2023 16: +0,1684422000
0.845,1,May 18 2023 19: +0,1684432800
1.13,1,May 19 2023 04: +0,1684465200
1.208,1,May 19 2023 07: +0,1684476000
1.224,1,May 19 2023 19: +0,1684519200
1.128,1,May 19 2023 23: +0,1684533600
0.973,1,May 20 2023 12: +0,1684580400
1.045,1,May 20 2023 15: +0,1684591200
1.061,1,May 20 2023 19: +0,1684605600
1.061,1,May 21 2023 00: +0,1684623600
1.045,1,May 21 2023 01: +0,1684627200
1.126,1,May 21 2023 03: +0,1684634400
1.069,1,May 21 2023 12: +0,1684666800
1.069,1,May 21 2023 15: +0,1684677600
1.069,1,May 21 2023 18: +0,1684688400
1.037,1,May 21 2023 21: +0,1684699200
1.109,1,May 21 2023 22: +0,1684702800
1.117,1,May 22 2023 01: +0,1684713600
1.085,1,May 22 2023 14: +0,1684760400
1.064,2,May 22 2023 16: +0,1684767600
1.085,1,May 22 2023 17: +0,1684771200
1.149,1,May 22 2023 20: +0,1684782000
1.085,1,May 22 2023 22: +0,1684789200
1.138,1,May 23 2023 01: +0,1684800000
1.201,1,May 23 2023 03: +0,1684807200
1.085,1,May 23 2023 09: +0,1684828800
1.085,1,May 23 2023 12: +0,1684839600
1.212,1,May 23 2023 17: +0,1684857600
1.107,1,May 23 2023 18: +0,1684861200
1.212,1,May 23 2023 19: +0,1684864800
1.216,1,May 23 2023 20: +0,1684868400
1.214,1,May 24 2023 04: +0,1684897200
1.156,2,May 24 2023 05: +0,1684900800
1.302,1,May 24 2023 09: +0,1684915200
1.12,2,May 24 2023 14: +0,1684933200
1.318,1,May 24 2023 15: +0,1684936800
1.375,1,May 24 2023 16: +0,1684940400
1.376,2,May 24 2023 17: +0,1684944000
1.407,1,May 24 2023 21: +0,1684958400
1.44,2,May 24 2023 23: +0,1684965600
1.438,1,May 25 2023 10: +0,1685005200
1.204,1,May 25 2023 14: +0,1685019600
1.19,1,May 25 2023 15: +0,1685023200
1.376,1,May 25 2023 18: +0,1685034000
1.141,1,May 25 2023 19: +0,1685037600
1.417,3,May 25 2023 21: +0,1685044800
1.295,2,May 25 2023 22: +0,1685048400
1.422,1,May 26 2023 06: +0,1685077200
0.882,1,May 26 2023 07: +0,1685080800
1.422,1,May 26 2023 09: +0,1685088000
1.422,1,May 26 2023 10: +0,1685091600
1.442,1,May 26 2023 13: +0,1685102400
0.987,1,May 26 2023 20: +0,1685127600
1.258,1,May 26 2023 23: +0,1685138400
1.288,2,May 27 2023 00: +0,1685142000
1.44,4,May 27 2023 01: +0,1685145600
1.215,1,May 27 2023 17: +0,1685203200
1.4,1,May 27 2023 19: +0,1685210400
1.311,1,May 28 2023 02: +0,1685235600
1.311,1,May 28 2023 05: +0,1685246400
1.138,2,May 28 2023 07: +0,1685253600
1.129,1,May 28 2023 14: +0,1685278800
1.003,1,May 28 2023 18: +0,1685293200
1.319,1,May 29 2023 00: +0,1685314800
1.335,1,May 29 2023 01: +0,1685318400
1.133,1,May 29 2023 03: +0,1685325600
1.404,2,May 29 2023 04: +0,1685329200
1.195,1,May 29 2023 05: +0,1685332800
1.434,3,May 29 2023 06: +0,1685336400
1.161,2,May 29 2023 07: +0,1685340000
1.416,1,May 29 2023 10: +0,1685350800
1.432,1,May 29 2023 14: +0,1685365200
1.43,1,May 29 2023 15: +0,1685368800
1.446,2,May 29 2023 16: +0,1685372400
1.19,1,May 30 2023 08: +0,1685430000
1.19,1,May 30 2023 10: +0,1685437200
1.415,1,May 30 2023 11: +0,1685440800
1.178,1,May 30 2023 14: +0,1685451600
1.418,1,May 30 2023 15: +0,1685455200
1.178,1,May 30 2023 19: +0,1685469600
1.241,2,May 30 2023 21: +0,1685476800
0.971,1,May 31 2023 00: +0,1685487600
1.206,1,May 31 2023 02: +0,1685494800
1.116,1,May 31 2023 09: +0,1685520000
1.044,1,May 31 2023 18: +0,1685552400
1.138,1,May 31 2023 20: +0,1685559600
1.141,1,Jun 01 2023 10: +0,1685610000
1.178,1,Jun 01 2023 13: +0,1685620800
1.294,1,Jun 01 2023 16: +0,1685631600
0.839,5,Jun 01 2023 23: +0,1685656800
1.326,1,Jun 02 2023 00: +0,1685660400
1.107,3,Jun 02 2023 10: +0,1685696400
1.173,2,Jun 02 2023 11: +0,1685700000
1.09,2,Jun 02 2023 16: +0,1685718000
1.078,2,Jun 02 2023 20: +0,1685732400
1.078,1,Jun 02 2023 21: +0,1685736000
1.214,1,Jun 03 2023 01: +0,1685750400
1.078,1,Jun 03 2023 09: +0,1685779200
1.034,2,Jun 03 2023 11: +0,1685786400
1.078,2,Jun 03 2023 13: +0,1685793600
0.999,2,Jun 03 2023 19: +0,1685815200
1.17,2,Jun 03 2023 20: +0,1685818800
1.027,1,Jun 03 2023 21: +0,1685822400
1.018,1,Jun 04 2023 03: +0,1685844000
0.798,1,Jun 04 2023 07: +0,1685858400
1.171,1,Jun 04 2023 11: +0,1685872800
1.119,1,Jun 04 2023 14: +0,1685883600
1.082,2,Jun 04 2023 16: +0,1685890800
0.978,2,Jun 04 2023 19: +0,1685901600
0.976,1,Jun 05 2023 02: +0,1685926800
1.085,1,Jun 05 2023 07: +0,1685944800
0.992,1,Jun 05 2023 13: +0,1685966400
1.047,2,Jun 05 2023 15: +0,1685973600
1.102,1,Jun 05 2023 18: +0,1685984400
0.99,1,Jun 05 2023 21: +0,1685995200
0.992,1,Jun 06 2023 05: +0,1686024000
0.96,1,Jun 06 2023 08: +0,1686034800
1.102,1,Jun 06 2023 12: +0,1686049200
1.136,1,Jun 06 2023 13: +0,1686052800
0.952,1,Jun 06 2023 15: +0,1686060000
1.04,2,Jun 06 2023 19: +0,1686074400
1.04,1,Jun 06 2023 22: +0,1686085200
1.127,1,Jun 06 2023 23: +0,1686088800
1.152,1,Jun 07 2023 08: +0,1686121200
1.048,1,Jun 07 2023 14: +0,1686142800
1.084,1,Jun 07 2023 16: +0,1686150000
1.015,2,Jun 07 2023 17: +0,1686153600
1.059,1,Jun 07 2023 19: +0,1686160800
1.041,2,Jun 07 2023 20: +0,1686164400
1.044,2,Jun 08 2023 02: +0,1686186000
0.96,1,Jun 08 2023 03: +0,1686189600
0.952,1,Jun 08 2023 10: +0,1686214800
0.952,1,Jun 08 2023 12: +0,1686222000
0.952,1,Jun 08 2023 16: +0,1686236400
0.952,1,Jun 08 2023 17: +0,1686240000
1.032,1,Jun 08 2023 20: +0,1686250800
1.12,1,Jun 09 2023 03: +0,1686276000
1.032,1,Jun 09 2023 05: +0,1686283200
1.08,1,Jun 09 2023 12: +0,1686308400
1.092,5,Jun 09 2023 18: +0,1686330000
1.096,1,Jun 09 2023 23: +0,1686348000
1.119,5,Jun 10 2023 04: +0,1686366000
1.01,1,Jun 10 2023 09: +0,1686384000
0.876,1,Jun 10 2023 11: +0,1686391200
0.868,1,Jun 10 2023 13: +0,1686398400
1.019,1,Jun 10 2023 14: +0,1686402000
1.023,2,Jun 10 2023 17: +0,1686412800
1.01,1,Jun 10 2023 19: +0,1686420000
0.978,2,Jun 10 2023 21: +0,1686427200
0.978,1,Jun 10 2023 22: +0,1686430800
0.947,1,Jun 11 2023 01: +0,1686441600
1.108,4,Jun 11 2023 03: +0,1686448800
1.063,2,Jun 11 2023 20: +0,1686510000
0.994,1,Jun 11 2023 22: +0,1686517200
1.052,2,Jun 12 2023 01: +0,1686528000
1.112,1,Jun 12 2023 03: +0,1686535200
0.994,1,Jun 12 2023 05: +0,1686542400
1.112,1,Jun 12 2023 09: +0,1686556800
0.97,1,Jun 12 2023 11: +0,1686564000
0.915,1,Jun 12 2023 17: +0,1686585600
1.01,1,Jun 12 2023 18: +0,1686589200
1.033,5,Jun 12 2023 19: +0,1686592800
0.994,1,Jun 12 2023 22: +0,1686603600
1.104,2,Jun 13 2023 00: +0,1686610800
1.104,1,Jun 13 2023 01: +0,1686614400
1.104,1,Jun 13 2023 05: +0,1686628800
0.994,1,Jun 13 2023 11: +0,1686650400
1.036,2,Jun 13 2023 17: +0,1686672000
1.09,1,Jun 13 2023 21: +0,1686686400
0.852,1,Jun 13 2023 22: +0,1686690000
1.082,1,Jun 14 2023 00: +0,1686697200
1.095,2,Jun 14 2023 03: +0,1686708000
0.923,1,Jun 14 2023 08: +0,1686726000
1.09,1,Jun 14 2023 10: +0,1686733200
1.093,1,Jun 14 2023 11: +0,1686736800
1.022,1,Jun 14 2023 12: +0,1686740400
1.092,2,Jun 14 2023 15: +0,1686751200
0.845,1,Jun 14 2023 18: +0,1686762000
0.883,1,Jun 14 2023 20: +0,1686769200
0.666,2,Jun 14 2023 21: +0,1686772800
1.056,1,Jun 15 2023 01: +0,1686787200
1.094,1,Jun 15 2023 03: +0,1686794400
1.094,1,Jun 15 2023 07: +0,1686808800
1.092,1,Jun 15 2023 08: +0,1686812400
1.088,1,Jun 15 2023 14: +0,1686834000
1.082,1,Jun 15 2023 16: +0,1686841200
0.952,1,Jun 15 2023 19: +0,1686852000
0.967,1,Jun 15 2023 20: +0,1686855600
1.086,6,Jun 15 2023 22: +0,1686862800
0.952,1,Jun 16 2023 05: +0,1686888000
0.991,1,Jun 16 2023 18: +0,1686934800
0.983,1,Jun 16 2023 22: +0,1686949200
0.991,1,Jun 17 2023 00: +0,1686956400
1.021,1,Jun 17 2023 01: +0,1686960000
1.077,1,Jun 17 2023 02: +0,1686963600
1.007,1,Jun 17 2023 10: +0,1686992400
1.037,1,Jun 17 2023 16: +0,1687014000
0.983,1,Jun 17 2023 19: +0,1687024800
0.952,1,Jun 17 2023 20: +0,1687028400
0.983,1,Jun 18 2023 07: +0,1687068000
1.065,1,Jun 18 2023 12: +0,1687086000
1.084,2,Jun 18 2023 14: +0,1687093200
1.03,1,Jun 19 2023 03: +0,1687140000
1.092,1,Jun 19 2023 04: +0,1687143600
1.083,2,Jun 19 2023 05: +0,1687147200
0.992,2,Jun 19 2023 14: +0,1687179600
1.025,2,Jun 19 2023 17: +0,1687190400
1.038,2,Jun 19 2023 23: +0,1687212000
0.96,1,Jun 20 2023 22: +0,1687294800
1.08,1,Jun 21 2023 10: +0,1687338000
1.075,1,Jun 21 2023 11: +0,1687341600
0.944,1,Jun 21 2023 20: +0,1687374000
1.047,1,Jun 21 2023 21: +0,1687377600
0.944,1,Jun 21 2023 23: +0,1687384800
0.936,1,Jun 22 2023 05: +0,1687406400
1.086,1,Jun 22 2023 06: +0,1687410000
0.944,1,Jun 22 2023 07: +0,1687413600
0.944,1,Jun 22 2023 12: +0,1687431600
0.913,2,Jun 22 2023 15: +0,1687442400
0.912,1,Jun 22 2023 19: +0,1687456800
1.061,1,Jun 22 2023 21: +0,1687464000
0.944,1,Jun 23 2023 05: +0,1687492800
1.052,1,Jun 23 2023 08: +0,1687503600
1.067,1,Jun 23 2023 09: +0,1687507200
0.952,1,Jun 23 2023 23: +0,1687557600
1.062,1,Jun 24 2023 02: +0,1687568400
0.724,1,Jun 24 2023 05: +0,1687579200
0.944,1,Jun 24 2023 07: +0,1687586400
1.04,3,Jun 24 2023 11: +0,1687600800
1.08,1,Jun 24 2023 12: +0,1687604400
1.035,1,Jun 24 2023 16: +0,1687618800
0.944,1,Jun 24 2023 19: +0,1687629600
1.092,1,Jun 25 2023 06: +0,1687669200
1.087,1,Jun 25 2023 07: +0,1687672800
1.093,1,Jun 25 2023 09: +0,1687680000
0.881,1,Jun 25 2023 15: +0,1687701600
1.08,1,Jun 26 2023 01: +0,1687737600
0.81,1,Jun 26 2023 18: +0,1687798800
0.936,3,Jun 26 2023 22: +0,1687813200
1.012,1,Jun 27 2023 00: +0,1687820400
0.786,1,Jun 27 2023 15: +0,1687874400
0.874,1,Jun 27 2023 19: +0,1687888800
0.958,1,Jun 27 2023 22: +0,1687899600
0.913,1,Jun 27 2023 23: +0,1687903200
0.913,1,Jun 28 2023 04: +0,1687921200
0.834,1,Jun 28 2023 16: +0,1687964400
0.89,1,Jun 28 2023 22: +0,1687986000
1.015,1,Jun 29 2023 03: +0,1688004000
1.017,1,Jun 29 2023 04: +0,1688007600
0.882,1,Jun 29 2023 09: +0,1688025600
0.89,1,Jun 29 2023 16: +0,1688050800
1.036,1,Jun 29 2023 18: +0,1688058000
0.834,2,Jun 30 2023 10: +0,1688115600
0.656,3,Jun 30 2023 12: +0,1688122800
0.993,1,Jun 30 2023 13: +0,1688126400
0.836,1,Jun 30 2023 23: +0,1688162400
0.986,1,Jul 01 2023 00: +0,1688166000
1.033,1,Jul 01 2023 02: +0,1688173200
1.031,1,Jul 01 2023 11: +0,1688205600
0.944,1,Jul 01 2023 18: +0,1688230800
0.765,1,Jul 02 2023 09: +0,1688284800
0.853,1,Jul 02 2023 12: +0,1688295600
0.928,1,Jul 02 2023 19: +0,1688320800
0.945,1,Jul 03 2023 02: +0,1688346000
1.017,1,Jul 03 2023 08: +0,1688367600
1.0,1,Jul 03 2023 16: +0,1688396400
1.035,4,Jul 03 2023 17: +0,1688400000
1.1,1,Jul 03 2023 19: +0,1688407200
0.788,1,Jul 03 2023 21: +0,1688414400
0.828,1,Jul 04 2023 02: +0,1688432400
0.926,1,Jul 04 2023 15: +0,1688479200
0.864,1,Jul 05 2023 04: +0,1688526000
1.021,1,Jul 05 2023 05: +0,1688529600
0.831,1,Jul 06 2023 03: +0,1688608800
0.978,1,Jul 06 2023 06: +0,1688619600
0.718,1,Jul 06 2023 08: +0,1688626800
0.977,1,Jul 06 2023 09: +0,1688630400
0.977,1,Jul 06 2023 10: +0,1688634000
0.977,1,Jul 06 2023 12: +0,1688641200
0.967,1,Jul 06 2023 23: +0,1688680800
0.648,6,Jul 07 2023 18: +0,1688749200
0.651,1,Jul 07 2023 19: +0,1688752800
0.796,2,Jul 07 2023 21: +0,1688760000
0.97,2,Jul 08 2023 02: +0,1688778000
0.696,1,Jul 08 2023 04: +0,1688785200
0.718,2,Jul 08 2023 13: +0,1688817600
0.681,1,Jul 08 2023 21: +0,1688846400
0.948,3,Jul 09 2023 20: +0,1688929200
0.932,3,Jul 10 2023 01: +0,1688947200
0.886,1,Jul 10 2023 22: +0,1689022800
0.879,1,Jul 11 2023 00: +0,1689030000
0.947,1,Jul 11 2023 01: +0,1689033600
0.967,1,Jul 11 2023 20: +0,1689102000
0.875,2,Jul 11 2023 22: +0,1689109200
0.998,1,Jul 11 2023 23: +0,1689112800
0.998,1,Jul 12 2023 02: +0,1689123600
0.998,2,Jul 12 2023 06: +0,1689138000
0.801,1,Jul 12 2023 09: +0,1689148800
1.007,7,Jul 12 2023 13: +0,1689163200
0.84,1,Jul 12 2023 18: +0,1689181200
1.081,1,Jul 12 2023 22: +0,1689195600
0.832,1,Jul 13 2023 08: +0,1689231600
1.008,1,Jul 13 2023 13: +0,1689249600
0.846,1,Jul 13 2023 14: +0,1689253200
1.032,1,Jul 13 2023 17: +0,1689264000
1.115,1,Jul 14 2023 00: +0,1689289200
1.11,1,Jul 14 2023 12: +0,1689332400
0.857,1,Jul 14 2023 17: +0,1689350400
0.888,1,Jul 14 2023 20: +0,1689361200
1.0,1,Jul 14 2023 22: +0,1689368400
0.988,5,Jul 15 2023 15: +0,1689429600
1.106,1,Jul 15 2023 20: +0,1689447600
1.068,1,Jul 16 2023 04: +0,1689476400
0.821,2,Jul 16 2023 08: +0,1689490800
1.122,1,Jul 16 2023 16: +0,1689519600
1.066,1,Jul 17 2023 03: +0,1689559200
0.925,1,Jul 17 2023 12: +0,1689591600
0.847,1,Jul 17 2023 18: +0,1689613200
0.932,1,Jul 17 2023 21: +0,1689624000
0.938,1,Jul 17 2023 23: +0,1689631200
0.933,2,Jul 18 2023 08: +0,1689663600
1.05,3,Jul 18 2023 10: +0,1689670800
1.046,1,Jul 18 2023 20: +0,1689706800
0.969,2,Jul 19 2023 04: +0,1689735600
1.026,1,Jul 19 2023 11: +0,1689760800
0.922,1,Jul 19 2023 17: +0,1689782400
1.105,1,Jul 19 2023 22: +0,1689800400
1.107,3,Jul 20 2023 11: +0,1689847200
1.104,1,Jul 20 2023 22: +0,1689886800
1.092,1,Jul 21 2023 13: +0,1689940800
1.135,1,Jul 21 2023 15: +0,1689948000
1.144,4,Jul 21 2023 20: +0,1689966000
1.178,1,Jul 21 2023 21: +0,1689969600
1.16,2,Jul 22 2023 14: +0,1690030800
1.152,1,Jul 22 2023 19: +0,1690048800
1.156,1,Jul 22 2023 22: +0,1690059600
1.233,4,Jul 23 2023 02: +0,1690074000
1.342,3,Jul 23 2023 03: +0,1690077600
1.337,1,Jul 23 2023 13: +0,1690113600
1.131,1,Jul 23 2023 15: +0,1690120800
1.326,1,Jul 24 2023 02: +0,1690160400
1.337,4,Jul 24 2023 12: +0,1690196400
1.131,1,Jul 24 2023 23: +0,1690236000
1.116,1,Jul 25 2023 10: +0,1690275600
1.03,1,Jul 25 2023 11: +0,1690279200
1.236,1,Jul 25 2023 14: +0,1690290000
1.132,1,Jul 25 2023 15: +0,1690293600
1.29,1,Jul 25 2023 16: +0,1690297200
1.254,1,Jul 26 2023 01: +0,1690329600
1.265,1,Jul 26 2023 14: +0,1690376400
1.109,2,Jul 26 2023 18: +0,1690390800
1.162,1,Jul 26 2023 21: +0,1690401600
1.097,2,Jul 27 2023 12: +0,1690455600
1.089,1,Jul 27 2023 16: +0,1690470000
1.292,1,Jul 27 2023 17: +0,1690473600
1.105,1,Jul 27 2023 21: +0,1690488000
1.293,1,Jul 28 2023 02: +0,1690506000
1.121,1,Jul 28 2023 06: +0,1690520400
1.121,1,Jul 28 2023 08: +0,1690527600
1.175,1,Jul 28 2023 15: +0,1690552800
0.866,5,Jul 28 2023 16: +0,1690556400
1.203,1,Jul 28 2023 17: +0,1690560000
1.394,1,Jul 28 2023 18: +0,1690563600
0.846,1,Jul 28 2023 21: +0,1690574400
1.324,1,Jul 28 2023 22: +0,1690578000
1.285,1,Jul 29 2023 00: +0,1690585200
1.086,1,Jul 29 2023 08: +0,1690614000
1.324,1,Jul 29 2023 21: +0,1690660800
1.329,1,Jul 30 2023 05: +0,1690689600
1.322,1,Jul 30 2023 08: +0,1690700400
1.102,1,Jul 30 2023 22: +0,1690750800
1.314,1,Jul 31 2023 00: +0,1690758000
1.125,1,Jul 31 2023 12: +0,1690801200
1.125,1,Jul 31 2023 23: +0,1690840800
1.098,2,Aug 01 2023 00: +0,1690844400
1.023,2,Aug 01 2023 07: +0,1690869600
1.112,1,Aug 01 2023 12: +0,1690887600
1.094,2,Aug 01 2023 17: +0,1690905600
1.015,1,Aug 01 2023 18: +0,1690909200
1.26,1,Aug 01 2023 23: +0,1690927200
1.267,1,Aug 02 2023 05: +0,1690948800
1.179,1,Aug 03 2023 11: +0,1691056800
1.062,1,Aug 04 2023 01: +0,1691107200
1.117,1,Aug 04 2023 08: +0,1691132400
1.117,1,Aug 04 2023 11: +0,1691143200
1.18,1,Aug 04 2023 12: +0,1691146800
1.196,1,Aug 04 2023 23: +0,1691186400
1.141,1,Aug 05 2023 02: +0,1691197200
1.165,2,Aug 05 2023 09: +0,1691222400
1.235,1,Aug 05 2023 10: +0,1691226000
1.133,1,Aug 05 2023 14: +0,1691240400
1.141,1,Aug 05 2023 19: +0,1691258400
1.267,1,Aug 05 2023 23: +0,1691272800
1.263,2,Aug 06 2023 16: +0,1691334000
1.322,3,Aug 06 2023 20: +0,1691348400
1.377,1,Aug 07 2023 06: +0,1691384400
1.125,1,Aug 07 2023 13: +0,1691409600
1.106,1,Aug 08 2023 22: +0,1691528400
1.314,1,Aug 08 2023 23: +0,1691532000
1.041,1,Aug 09 2023 01: +0,1691539200
1.102,1,Aug 09 2023 04: +0,1691550000
1.291,1,Aug 09 2023 15: +0,1691589600
0.866,1,Aug 10 2023 07: +0,1691647200
1.032,1,Aug 10 2023 17: +0,1691683200
0.936,1,Aug 10 2023 20: +0,1691694000
0.905,1,Aug 11 2023 21: +0,1691784000
1.034,1,Aug 12 2023 04: +0,1691809200
0.992,1,Aug 13 2023 06: +0,1691902800
0.921,3,Aug 13 2023 16: +0,1691938800
0.924,1,Aug 13 2023 20: +0,1691953200
1.02,4,Aug 13 2023 21: +0,1691956800
0.921,1,Aug 13 2023 22: +0,1691960400
0.846,1,Aug 14 2023 02: +0,1691974800
0.787,1,Aug 14 2023 15: +0,1692021600
0.905,1,Aug 14 2023 18: +0,1692032400
0.966,1,Aug 14 2023 19: +0,1692036000
0.784,1,Aug 14 2023 21: +0,1692043200
0.963,1,Aug 14 2023 23: +0,1692050400
0.957,1,Aug 15 2023 03: +0,1692064800
0.893,1,Aug 15 2023 12: +0,1692097200
1.025,1,Aug 15 2023 14: +0,1692104400
1.029,1,Aug 15 2023 21: +0,1692129600
1.013,1,Aug 16 2023 16: +0,1692198000
1.013,1,Aug 16 2023 17: +0,1692201600
0.991,2,Aug 16 2023 18: +0,1692205200
1.05,1,Aug 16 2023 20: +0,1692212400
1.021,1,Aug 17 2023 00: +0,1692226800
1.055,1,Aug 17 2023 04: +0,1692241200
1.013,1,Aug 17 2023 12: +0,1692270000
0.914,2,Aug 18 2023 14: +0,1692363600
0.958,2,Aug 19 2023 00: +0,1692399600
0.825,1,Aug 19 2023 08: +0,1692428400
0.864,1,Aug 19 2023 18: +0,1692464400
0.88,1,Aug 19 2023 20: +0,1692471600
0.88,1,Aug 19 2023 21: +0,1692475200
0.811,2,Aug 19 2023 22: +0,1692478800
0.96,1,Aug 20 2023 02: +0,1692493200
0.864,1,Aug 20 2023 06: +0,1692507600
0.778,1,Aug 20 2023 16: +0,1692543600
1.049,1,Aug 21 2023 13: +0,1692619200
0.88,1,Aug 21 2023 19: +0,1692640800
1.028,2,Aug 21 2023 22: +0,1692651600
0.683,1,Aug 22 2023 07: +0,1692684000
0.98,1,Aug 22 2023 10: +0,1692694800
1.057,1,Aug 22 2023 12: +0,1692702000
1.06,1,Aug 22 2023 21: +0,1692734400
1.071,1,Aug 23 2023 10: +0,1692781200
1.041,1,Aug 23 2023 13: +0,1692792000
1.071,1,Aug 23 2023 14: +0,1692795600
1.024,2,Aug 23 2023 15: +0,1692799200
1.016,1,Aug 23 2023 23: +0,1692828000
0.984,1,Aug 24 2023 16: +0,1692889200
1.004,2,Aug 24 2023 18: +0,1692896400
1.023,1,Aug 24 2023 23: +0,1692914400
0.873,1,Aug 25 2023 00: +0,1692918000
1.071,1,Aug 25 2023 03: +0,1692928800
0.984,1,Aug 25 2023 19: +0,1692986400
0.81,2,Aug 26 2023 00: +0,1693004400
1.183,1,Aug 26 2023 14: +0,1693054800
1.186,1,Aug 26 2023 15: +0,1693058400
0.952,1,Aug 26 2023 17: +0,1693065600
1.046,1,Aug 27 2023 14: +0,1693141200
0.984,1,Aug 27 2023 16: +0,1693148400
1.048,1,Aug 27 2023 19: +0,1693159200
1.046,1,Aug 27 2023 22: +0,1693170000
0.794,1,Aug 28 2023 00: +0,1693177200
1.016,1,Aug 28 2023 06: +0,1693198800
1.02,2,Aug 28 2023 11: +0,1693216800
1.042,2,Aug 28 2023 14: +0,1693227600
1.017,1,Aug 28 2023 17: +0,1693238400
1.049,1,Aug 28 2023 21: +0,1693252800
1.065,1,Aug 29 2023 00: +0,1693263600
1.059,2,Aug 29 2023 01: +0,1693267200
0.978,1,Aug 29 2023 03: +0,1693274400
1.081,1,Aug 29 2023 21: +0,1693339200
1.026,1,Aug 30 2023 03: +0,1693360800
1.04,1,Aug 30 2023 10: +0,1693386000
1.123,1,Aug 30 2023 13: +0,1693396800
1.151,1,Aug 30 2023 15: +0,1693404000
1.183,1,Aug 31 2023 01: +0,1693440000
1.191,1,Aug 31 2023 03: +0,1693447200
1.001,1,Aug 31 2023 19: +0,1693504800
1.009,1,Sep 01 2023 01: +0,1693526400
1.009,1,Sep 01 2023 04: +0,1693537200
1.113,1,Sep 01 2023 05: +0,1693540800
1.021,2,Sep 01 2023 21: +0,1693598400
1.194,1,Sep 02 2023 00: +0,1693609200
1.176,1,Sep 02 2023 11: +0,1693648800
1.199,1,Sep 02 2023 12: +0,1693652400
1.25,1,Sep 02 2023 17: +0,1693670400
1.24,1,Sep 02 2023 19: +0,1693677600
1.301,1,Sep 02 2023 23: +0,1693692000
1.34,1,Sep 03 2023 03: +0,1693706400
1.25,1,Sep 03 2023 09: +0,1693728000
1.35,1,Sep 03 2023 13: +0,1693742400
1.353,1,Sep 03 2023 16: +0,1693753200
1.39,1,Sep 03 2023 21: +0,1693771200
1.352,2,Sep 04 2023 00: +0,1693782000
1.305,2,Sep 04 2023 06: +0,1693803600
1.547,1,Sep 04 2023 13: +0,1693828800
1.102,2,Sep 04 2023 16: +0,1693839600
1.209,2,Sep 04 2023 18: +0,1693846800
1.204,1,Sep 05 2023 01: +0,1693872000
0.998,1,Sep 05 2023 19: +0,1693936800
1.2,1,Sep 05 2023 22: +0,1693947600
1.365,1,Sep 06 2023 10: +0,1693990800
1.364,2,Sep 06 2023 19: +0,1694023200
1.243,1,Sep 06 2023 21: +0,1694030400
1.304,1,Sep 06 2023 23: +0,1694037600
1.183,1,Sep 07 2023 04: +0,1694055600
0.99,1,Sep 07 2023 20: +0,1694113200
1.3,1,Sep 07 2023 21: +0,1694116800
1.266,2,Sep 07 2023 22: +0,1694120400
1.316,1,Sep 07 2023 23: +0,1694124000
0.7,1,Sep 08 2023 19: +0,1694196000
1.315,2,Sep 08 2023 22: +0,1694206800
1.344,1,Sep 09 2023 08: +0,1694242800
1.086,1,Sep 09 2023 14: +0,1694264400
1.353,1,Sep 09 2023 17: +0,1694275200
1.175,1,Sep 09 2023 19: +0,1694282400
1.348,2,Sep 09 2023 20: +0,1694286000
1.361,1,Sep 10 2023 02: +0,1694307600
1.361,1,Sep 10 2023 05: +0,1694318400
1.127,1,Sep 10 2023 18: +0,1694365200
1.379,1,Sep 10 2023 20: +0,1694372400
1.352,1,Sep 10 2023 23: +0,1694383200
1.384,1,Sep 11 2023 02: +0,1694394000
1.239,1,Sep 11 2023 12: +0,1694430000
1.364,2,Sep 11 2023 17: +0,1694448000
1.475,1,Sep 11 2023 21: +0,1694462400
1.027,1,Sep 12 2023 11: +0,1694512800
1.159,2,Sep 12 2023 12: +0,1694516400
1.407,1,Sep 13 2023 14: +0,1694610000
0.877,1,Sep 14 2023 06: +0,1694667600
0.869,1,Sep 14 2023 10: +0,1694682000
0.845,1,Sep 14 2023 13: +0,1694692800
1.37,1,Sep 14 2023 18: +0,1694710800
1.268,1,Sep 15 2023 10: +0,1694768400
1.202,1,Sep 15 2023 16: +0,1694790000
1.278,2,Sep 16 2023 08: +0,1694847600
1.172,1,Sep 16 2023 09: +0,1694851200
1.349,1,Sep 16 2023 10: +0,1694854800
1.172,1,Sep 16 2023 11: +0,1694858400
1.357,1,Sep 16 2023 15: +0,1694872800
1.357,1,Sep 16 2023 18: +0,1694883600
1.352,1,Sep 17 2023 10: +0,1694941200
1.163,1,Sep 17 2023 13: +0,1694952000
1.36,1,Sep 17 2023 16: +0,1694962800
1.147,1,Sep 17 2023 20: +0,1694977200
1.377,1,Sep 18 2023 03: +0,1695002400
1.139,1,Sep 18 2023 12: +0,1695034800
1.373,1,Sep 18 2023 15: +0,1695045600
1.407,1,Sep 19 2023 07: +0,1695103200
0.877,1,Sep 19 2023 12: +0,1695121200
0.869,1,Sep 20 2023 10: +0,1695200400
1.385,1,Sep 20 2023 12: +0,1695207600
1.388,1,Sep 20 2023 14: +0,1695214800
1.388,1,Sep 20 2023 18: +0,1695229200
1.217,2,Sep 20 2023 23: +0,1695247200
1.106,1,Sep 21 2023 22: +0,1695330000
1.106,1,Sep 21 2023 23: +0,1695333600
0.884,1,Sep 22 2023 02: +0,1695344400
0.877,1,Sep 22 2023 03: +0,1695348000
1.291,1,Sep 22 2023 14: +0,1695387600
0.901,1,Sep 22 2023 15: +0,1695391200
1.049,1,Sep 23 2023 01: +0,1695427200
1.123,1,Sep 23 2023 11: +0,1695463200
1.16,1,Sep 23 2023 13: +0,1695470400
1.16,1,Sep 23 2023 18: +0,1695488400
1.106,1,Sep 24 2023 07: +0,1695535200
1.256,1,Sep 24 2023 15: +0,1695564000
1.106,1,Sep 24 2023 18: +0,1695574800
1.278,1,Sep 24 2023 22: +0,1695589200
1.082,1,Sep 25 2023 14: +0,1695646800
1.291,1,Sep 25 2023 18: +0,1695661200
1.284,1,Sep 25 2023 19: +0,1695664800
1.278,1,Sep 26 2023 02: +0,1695690000
1.148,1,Sep 27 2023 19: +0,1695837600
0.917,1,Sep 27 2023 20: +0,1695841200
1.146,1,Sep 27 2023 22: +0,1695848400
1.162,2,Sep 27 2023 23: +0,1695852000
1.263,1,Sep 28 2023 00: +0,1695855600
1.097,1,Sep 28 2023 06: +0,1695877200
1.193,2,Sep 28 2023 09: +0,1695888000
1.269,1,Sep 28 2023 17: +0,1695916800
1.213,1,Sep 28 2023 19: +0,1695924000
1.28,1,Sep 28 2023 20: +0,1695927600
1.2,1,Sep 28 2023 21: +0,1695931200
1.269,1,Sep 28 2023 22: +0,1695934800
1.177,2,Sep 29 2023 04: +0,1695956400
1.143,2,Sep 29 2023 14: +0,1695992400
1.251,5,Sep 29 2023 18: +0,1696006800
0.99,1,Sep 29 2023 19: +0,1696010400
1.26,1,Sep 29 2023 21: +0,1696017600
1.105,1,Sep 30 2023 02: +0,1696035600
1.269,1,Sep 30 2023 07: +0,1696053600
1.3,1,Sep 30 2023 12: +0,1696071600
1.304,1,Sep 30 2023 16: +0,1696086000
1.285,1,Sep 30 2023 20: +0,1696100400
1.305,1,Sep 30 2023 21: +0,1696104000
1.08,1,Sep 30 2023 22: +0,1696107600
1.072,1,Sep 30 2023 23: +0,1696111200
1.247,1,Oct 01 2023 11: +0,1696154400
1.269,2,Oct 01 2023 18: +0,1696179600
1.226,1,Oct 02 2023 05: +0,1696219200
0.712,3,Oct 02 2023 13: +0,1696248000
1.32,1,Oct 02 2023 16: +0,1696258800
1.299,1,Oct 02 2023 18: +0,1696266000
1.104,1,Oct 02 2023 20: +0,1696273200
0.972,1,Oct 03 2023 10: +0,1696323600
0.947,1,Oct 03 2023 20: +0,1696359600
1.077,2,Oct 03 2023 22: +0,1696366800
0.972,1,Oct 03 2023 23: +0,1696370400
1.112,2,Oct 04 2023 00: +0,1696374000
1.227,1,Oct 04 2023 02: +0,1696381200
1.236,1,Oct 04 2023 04: +0,1696388400
1.031,1,Oct 04 2023 14: +0,1696424400
1.057,2,Oct 04 2023 17: +0,1696435200
1.042,1,Oct 04 2023 19: +0,1696442400
1.113,2,Oct 04 2023 20: +0,1696446000
1.235,1,Oct 04 2023 21: +0,1696449600
1.237,1,Oct 05 2023 01: +0,1696464000
1.165,1,Oct 06 2023 10: +0,1696582800
1.161,1,Oct 06 2023 11: +0,1696586400
1.174,2,Oct 06 2023 12: +0,1696590000
0.996,1,Oct 06 2023 21: +0,1696622400
1.185,1,Oct 07 2023 00: +0,1696633200
1.2,1,Oct 07 2023 01: +0,1696636800
0.716,1,Oct 07 2023 02: +0,1696640400
1.214,2,Oct 07 2023 05: +0,1696651200
1.242,6,Oct 07 2023 08: +0,1696662000
1.288,1,Oct 07 2023 09: +0,1696665600
1.219,2,Oct 07 2023 15: +0,1696687200
1.287,1,Oct 07 2023 19: +0,1696701600
1.281,2,Oct 07 2023 20: +0,1696705200
1.281,1,Oct 07 2023 21: +0,1696708800
1.297,1,Oct 07 2023 23: +0,1696716000
1.322,1,Oct 08 2023 09: +0,1696752000
1.175,1,Oct 08 2023 10: +0,1696755600
1.33,1,Oct 08 2023 20: +0,1696791600
1.33,1,Oct 08 2023 21: +0,1696795200
0.939,1,Oct 09 2023 03: +0,1696816800
0.971,1,Oct 09 2023 20: +0,1696878000
1.333,1,Oct 10 2023 02: +0,1696899600
1.126,1,Oct 10 2023 05: +0,1696910400
1.335,1,Oct 10 2023 13: +0,1696939200
1.393,1,Oct 10 2023 16: +0,1696950000
1.32,2,Oct 11 2023 04: +0,1696993200
1.33,1,Oct 11 2023 06: +0,1697000400
1.159,1,Oct 11 2023 13: +0,1697025600
1.224,1,Oct 11 2023 14: +0,1697029200
1.216,2,Oct 11 2023 15: +0,1697032800
1.271,2,Oct 11 2023 18: +0,1697043600
1.316,1,Oct 11 2023 19: +0,1697047200
1.341,1,Oct 11 2023 21: +0,1697054400
1.447,3,Oct 11 2023 23: +0,1697061600
1.472,1,Oct 12 2023 00: +0,1697065200
1.472,1,Oct 12 2023 03: +0,1697076000
1.25,1,Oct 12 2023 09: +0,1697097600
1.472,1,Oct 12 2023 13: +0,1697112000
1.143,1,Oct 12 2023 20: +0,1697137200
1.25,1,Oct 12 2023 22: +0,1697144400
1.077,1,Oct 13 2023 01: +0,1697155200
1.359,1,Oct 13 2023 16: +0,1697209200
1.372,1,Oct 13 2023 17: +0,1697212800
1.39,1,Oct 13 2023 22: +0,1697230800
1.233,1,Oct 14 2023 04: +0,1697252400
1.488,1,Oct 14 2023 07: +0,1697263200
1.514,1,Oct 14 2023 10: +0,1697274000
1.531,5,Oct 14 2023 16: +0,1697295600
1.472,1,Oct 14 2023 20: +0,1697310000
1.418,1,Oct 15 2023 06: +0,1697346000
1.357,1,Oct 15 2023 11: +0,1697364000
1.283,1,Oct 15 2023 20: +0,1697396400
1.539,1,Oct 15 2023 22: +0,1697403600
1.274,1,Oct 16 2023 07: +0,1697436000
1.55,1,Oct 16 2023 13: +0,1697457600
1.283,1,Oct 16 2023 17: +0,1697472000
1.295,1,Oct 16 2023 21: +0,1697486400
1.233,1,Oct 17 2023 00: +0,1697497200
1.258,1,Oct 17 2023 02: +0,1697504400
1.299,1,Oct 17 2023 05: +0,1697515200
1.296,1,Oct 17 2023 18: +0,1697562000
1.396,2,Oct 17 2023 19: +0,1697565600
1.442,1,Oct 17 2023 20: +0,1697569200
1.441,1,Oct 17 2023 23: +0,1697580000
1.449,1,Oct 18 2023 15: +0,1697637600
1.161,1,Oct 18 2023 16: +0,1697641200
1.243,1,Oct 18 2023 19: +0,1697652000
1.235,1,Oct 19 2023 08: +0,1697698800
1.313,2,Oct 19 2023 17: +0,1697731200
1.235,1,Oct 19 2023 18: +0,1697734800
1.21,1,Oct 19 2023 21: +0,1697745600
1.236,1,Oct 20 2023 08: +0,1697785200
1.07,1,Oct 20 2023 12: +0,1697799600
1.185,1,Oct 20 2023 15: +0,1697810400
1.21,2,Oct 20 2023 16: +0,1697814000
1.21,1,Oct 20 2023 18: +0,1697821200
1.237,1,Oct 21 2023 00: +0,1697842800
1.237,1,Oct 21 2023 02: +0,1697850000
1.113,1,Oct 21 2023 03: +0,1697853600
1.113,1,Oct 21 2023 06: +0,1697864400
0.949,1,Oct 21 2023 07: +0,1697868000
1.239,1,Oct 21 2023 13: +0,1697889600
1.305,2,Oct 21 2023 14: +0,1697893200
1.39,2,Oct 21 2023 15: +0,1697896800
1.402,2,Oct 21 2023 16: +0,1697900400
1.303,1,Oct 21 2023 19: +0,1697911200
1.303,1,Oct 21 2023 23: +0,1697925600
1.365,1,Oct 22 2023 01: +0,1697932800
1.435,1,Oct 22 2023 04: +0,1697943600
1.347,1,Oct 22 2023 09: +0,1697961600
1.237,1,Oct 22 2023 11: +0,1697968800
1.229,1,Oct 22 2023 14: +0,1697979600
1.44,1,Oct 22 2023 19: +0,1697997600
1.435,1,Oct 22 2023 22: +0,1698008400
1.44,3,Oct 23 2023 01: +0,1698019200
1.427,1,Oct 23 2023 04: +0,1698030000
1.46,1,Oct 23 2023 05: +0,1698033600
1.458,1,Oct 23 2023 08: +0,1698044400
1.373,2,Oct 23 2023 11: +0,1698055200
1.262,1,Oct 23 2023 14: +0,1698066000
1.245,1,Oct 23 2023 18: +0,1698080400
1.229,1,Oct 24 2023 07: +0,1698127200
1.056,1,Oct 24 2023 10: +0,1698138000
1.138,1,Oct 24 2023 18: +0,1698166800
1.237,2,Oct 24 2023 22: +0,1698181200
1.279,1,Oct 25 2023 01: +0,1698192000
1.303,1,Oct 25 2023 12: +0,1698231600
1.318,1,Oct 25 2023 14: +0,1698238800
1.138,1,Oct 25 2023 16: +0,1698246000
1.374,1,Oct 25 2023 20: +0,1698260400
1.394,1,Oct 25 2023 23: +0,1698271200
1.27,1,Oct 26 2023 02: +0,1698282000
1.237,1,Oct 26 2023 04: +0,1698289200
1.424,1,Oct 26 2023 13: +0,1698321600
1.432,1,Oct 26 2023 15: +0,1698328800
1.347,1,Oct 26 2023 20: +0,1698346800
1.363,1,Oct 27 2023 00: +0,1698361200
1.438,1,Oct 27 2023 07: +0,1698386400
1.428,1,Oct 27 2023 08: +0,1698390000
1.128,1,Oct 27 2023 17: +0,1698422400
1.185,1,Oct 27 2023 19: +0,1698429600
1.144,1,Oct 27 2023 20: +0,1698433200
1.43,1,Oct 28 2023 02: +0,1698454800
1.428,1,Oct 28 2023 03: +0,1698458400
1.193,2,Oct 28 2023 13: +0,1698494400
1.274,1,Oct 28 2023 15: +0,1698501600
1.144,1,Oct 28 2023 23: +0,1698530400
1.194,1,Oct 29 2023 00: +0,1698534000
1.152,1,Oct 29 2023 03: +0,1698548400
1.339,1,Oct 29 2023 07: +0,1698562800
1.315,1,Oct 29 2023 17: +0,1698598800
1.341,2,Oct 29 2023 23: +0,1698620400
1.404,1,Oct 30 2023 00: +0,1698624000
1.144,1,Oct 30 2023 09: +0,1698656400
1.152,1,Oct 30 2023 13: +0,1698670800
1.282,1,Oct 30 2023 21: +0,1698699600
1.144,1,Oct 31 2023 14: +0,1698760800
1.088,1,Oct 31 2023 17: +0,1698771600
1.282,1,Oct 31 2023 19: +0,1698778800
1.088,1,Nov 01 2023 04: +0,1698811200
1.136,1,Nov 01 2023 13: +0,1698843600
1.12,1,Nov 01 2023 15: +0,1698850800
1.079,1,Nov 01 2023 16: +0,1698854400
1.128,1,Nov 01 2023 22: +0,1698876000
1.136,1,Nov 01 2023 23: +0,1698879600
1.031,1,Nov 02 2023 03: +0,1698894000
1.144,1,Nov 02 2023 07: +0,1698908400
1.182,2,Nov 02 2023 14: +0,1698933600
1.177,1,Nov 02 2023 17: +0,1698944400
1.188,2,Nov 02 2023 19: +0,1698951600
0.998,2,Nov 02 2023 21: +0,1698958800
1.242,1,Nov 02 2023 22: +0,1698962400
1.274,1,Nov 03 2023 00: +0,1698969600
1.144,1,Nov 03 2023 13: +0,1699016400
1.128,1,Nov 03 2023 16: +0,1699027200
1.144,1,Nov 04 2023 04: +0,1699070400
1.217,1,Nov 04 2023 11: +0,1699095600
1.248,1,Nov 04 2023 16: +0,1699113600
1.155,1,Nov 05 2023 00: +0,1699142400
1.177,1,Nov 05 2023 03: +0,1699153200
1.136,1,Nov 05 2023 04: +0,1699156800
1.162,2,Nov 05 2023 06: +0,1699164000
1.096,1,Nov 05 2023 15: +0,1699196400
1.16,1,Nov 05 2023 16: +0,1699200000
1.165,1,Nov 05 2023 18: +0,1699207200
1.152,1,Nov 05 2023 19: +0,1699210800
1.161,1,Nov 06 2023 01: +0,1699232400
1.213,1,Nov 06 2023 04: +0,1699243200
1.196,1,Nov 06 2023 11: +0,1699268400
1.194,3,Nov 06 2023 20: +0,1699300800
1.243,3,Nov 06 2023 22: +0,1699308000
1.163,1,Nov 07 2023 07: +0,1699340400
1.17,2,Nov 07 2023 08: +0,1699344000
1.131,1,Nov 07 2023 10: +0,1699351200
1.043,1,Nov 07 2023 16: +0,1699372800
1.203,1,Nov 07 2023 18: +0,1699380000
1.131,1,Nov 07 2023 23: +0,1699398000
1.131,4,Nov 08 2023 11: +0,1699441200
1.129,1,Nov 08 2023 15: +0,1699455600
1.129,5,Nov 08 2023 16: +0,1699459200
1.131,3,Nov 08 2023 17: +0,1699462800
1.011,1,Nov 08 2023 19: +0,1699470000
0.979,1,Nov 08 2023 23: +0,1699484400
1.131,1,Nov 09 2023 03: +0,1699498800
1.005,2,Nov 09 2023 04: +0,1699502400
1.011,1,Nov 09 2023 09: +0,1699520400
0.706,1,Nov 09 2023 13: +0,1699534800
1.131,1,Nov 09 2023 16: +0,1699545600
1.159,2,Nov 09 2023 21: +0,1699563600
1.202,1,Nov 10 2023 00: +0,1699574400
1.067,1,Nov 10 2023 16: +0,1699632000
1.236,1,Nov 11 2023 01: +0,1699664400
1.067,1,Nov 11 2023 10: +0,1699696800
1.005,1,Nov 11 2023 11: +0,1699700400
1.011,1,Nov 11 2023 16: +0,1699718400
1.011,1,Nov 11 2023 19: +0,1699729200
1.199,1,Nov 11 2023 21: +0,1699736400
1.131,1,Nov 11 2023 22: +0,1699740000
1.172,1,Nov 12 2023 05: +0,1699765200
1.096,1,Nov 12 2023 13: +0,1699794000
1.131,1,Nov 12 2023 15: +0,1699801200
1.148,1,Nov 12 2023 16: +0,1699804800
1.191,1,Nov 12 2023 17: +0,1699808400
1.09,2,Nov 12 2023 21: +0,1699822800
1.005,1,Nov 13 2023 20: +0,1699905600
0.999,1,Nov 13 2023 22: +0,1699912800
1.026,1,Nov 14 2023 02: +0,1699927200
1.101,1,Nov 14 2023 16: +0,1699977600
1.008,1,Nov 14 2023 20: +0,1699992000
1.018,1,Nov 14 2023 22: +0,1699999200
1.015,1,Nov 15 2023 01: +0,1700010000
1.103,1,Nov 15 2023 16: +0,1700064000
0.885,1,Nov 15 2023 21: +0,1700082000
0.885,1,Nov 16 2023 12: +0,1700136000
1.051,1,Nov 16 2023 15: +0,1700146800
1.017,1,Nov 16 2023 19: +0,1700161200
0.279,5,Nov 17 2023 20: +0,1700251200
1.054,1,Nov 17 2023 22: +0,1700258400
0.779,1,Nov 18 2023 07: +0,1700290800
1.055,1,Nov 18 2023 18: +0,1700330400
1.059,1,Nov 18 2023 20: +0,1700337600
0.785,1,Nov 19 2023 01: +0,1700355600
1.059,1,Nov 19 2023 02: +0,1700359200
0.976,1,Nov 19 2023 13: +0,1700398800
0.882,1,Nov 19 2023 15: +0,1700406000
1.139,2,Nov 19 2023 18: +0,1700416800
1.19,4,Nov 19 2023 23: +0,1700434800
1.235,1,Nov 20 2023 03: +0,1700449200
1.147,1,Nov 20 2023 05: +0,1700456400
1.123,1,Nov 21 2023 05: +0,1700542800
0.923,1,Nov 21 2023 09: +0,1700557200
1.183,1,Nov 21 2023 11: +0,1700564400
1.129,1,Nov 21 2023 18: +0,1700589600
0.89,1,Nov 22 2023 15: +0,1700665200
0.847,2,Nov 22 2023 19: +0,1700679600
0.751,1,Nov 22 2023 23: +0,1700694000
0.608,1,Nov 23 2023 01: +0,1700701200
0.838,1,Nov 23 2023 09: +0,1700730000
0.811,3,Nov 23 2023 15: +0,1700751600
0.863,1,Nov 23 2023 19: +0,1700766000
0.887,1,Nov 23 2023 21: +0,1700773200
0.884,1,Nov 24 2023 02: +0,1700791200
0.85,2,Nov 24 2023 06: +0,1700805600
0.846,1,Nov 26 2023 13: +0,1701003600
0.611,2,Nov 26 2023 19: +0,1701025200
0.855,1,Nov 27 2023 03: +0,1701054000
0.879,1,Nov 27 2023 07: +0,1701068400
0.881,3,Nov 27 2023 12: +0,1701086400
0.881,1,Nov 27 2023 21: +0,1701118800
0.767,1,Nov 28 2023 13: +0,1701176400
0.612,1,Nov 28 2023 17: +0,1701190800
0.824,1,Nov 29 2023 01: +0,1701219600
0.603,1,Nov 29 2023 19: +0,1701284400
0.877,1,Nov 29 2023 23: +0,1701298800
0.879,1,Nov 30 2023 10: +0,1701338400
0.862,1,Nov 30 2023 20: +0,1701374400
0.862,1,Nov 30 2023 21: +0,1701378000
0.872,1,Dec 01 2023 00: +0,1701388800
0.873,1,Dec 01 2023 05: +0,1701406800
0.871,1,Dec 01 2023 07: +0,1701414000
0.871,1,Dec 01 2023 09: +0,1701421200
0.839,1,Dec 01 2023 10: +0,1701424800
0.871,1,Dec 01 2023 16: +0,1701446400
0.879,1,Dec 01 2023 22: +0,1701468000
0.879,1,Dec 02 2023 12: +0,1701518400
0.847,1,Dec 02 2023 15: +0,1701529200
0.879,5,Dec 03 2023 03: +0,1701572400
0.879,1,Dec 03 2023 11: +0,1701601200
0.879,1,Dec 03 2023 15: +0,1701615600
0.915,1,Dec 04 2023 01: +0,1701651600
0.895,1,Dec 05 2023 14: +0,1701784800
0.895,1,Dec 05 2023 19: +0,1701802800
1.038,1,Dec 05 2023 22: +0,1701813600
1.018,1,Dec 06 2023 21: +0,1701896400
0.887,1,Dec 07 2023 01: +0,1701910800
0.912,1,Dec 07 2023 22: +0,1701986400
0.927,1,Dec 08 2023 01: +0,1701997200
0.983,1,Dec 08 2023 09: +0,1702026000
1.007,1,Dec 08 2023 13: +0,1702040400
1.008,1,Dec 09 2023 16: +0,1702137600
1.027,1,Dec 09 2023 22: +0,1702159200
1.039,1,Dec 10 2023 00: +0,1702166400
0.979,1,Dec 11 2023 03: +0,1702263600
1.153,7,Dec 12 2023 04: +0,1702353600
0.908,1,Dec 12 2023 09: +0,1702371600
1.049,2,Dec 13 2023 16: +0,1702483200
1.046,1,Dec 13 2023 21: +0,1702501200
1.056,1,Dec 14 2023 05: +0,1702530000
0.908,1,Dec 14 2023 09: +0,1702544400
1.042,1,Dec 14 2023 10: +0,1702548000
1.026,1,Dec 15 2023 10: +0,1702634400
1.026,1,Dec 16 2023 07: +0,1702710000
1.044,2,Dec 16 2023 19: +0,1702753200
1.205,2,Dec 16 2023 20: +0,1702756800
1.206,1,Dec 17 2023 02: +0,1702778400
1.033,1,Dec 18 2023 10: +0,1702893600
1.018,1,Dec 18 2023 20: +0,1702929600
1.172,1,Dec 19 2023 20: +0,1703016000
1.152,1,Dec 21 2023 00: +0,1703116800
1.003,1,Dec 21 2023 05: +0,1703134800
0.816,1,Dec 22 2023 00: +0,1703203200
1.149,1,Dec 22 2023 06: +0,1703224800
0.771,1,Dec 24 2023 02: +0,1703383200
1.008,1,Dec 24 2023 04: +0,1703390400
1.005,1,Dec 24 2023 19: +0,1703444400
0.866,1,Dec 25 2023 16: +0,1703520000
1.013,1,Dec 26 2023 17: +0,1703610000
1.008,1,Dec 26 2023 22: +0,1703628000
1.023,1,Dec 26 2023 23: +0,1703631600
1.094,1,Dec 27 2023 14: +0,1703685600
0.748,1,Dec 27 2023 21: +0,1703710800
1.063,1,Dec 28 2023 00: +0,1703721600
1.086,1,Dec 28 2023 17: +0,1703782800
0.942,1,Dec 29 2023 14: +0,1703858400
0.685,1,Dec 29 2023 19: +0,1703876400
0.811,1,Dec 30 2023 13: +0,1703941200
1.047,1,Dec 30 2023 14: +0,1703944800
1.052,1,Dec 30 2023 15: +0,1703948400
1.071,1,Dec 30 2023 19: +0,1703962800
1.096,1,Dec 30 2023 20: +0,1703966400
1.096,1,Dec 30 2023 21: +0,1703970000
1.11,1,Dec 31 2023 02: +0,1703988000
1.146,1,Dec 31 2023 07: +0,1704006000
1.164,4,Jan 01 2024 02: +0,1704074400
1.078,1,Jan 01 2024 10: +0,1704103200
0.967,1,Jan 01 2024 11: +0,1704106800
1.153,1,Jan 01 2024 18: +0,1704132000
1.145,1,Jan 02 2024 05: +0,1704171600
1.268,1,Jan 02 2024 10: +0,1704189600
1.174,1,Jan 03 2024 04: +0,1704254400
1.266,1,Jan 03 2024 05: +0,1704258000
0.991,1,Jan 03 2024 18: +0,1704304800
0.839,1,Jan 04 2024 13: +0,1704373200
1.11,1,Jan 05 2024 11: +0,1704452400
0.881,1,Jan 05 2024 19: +0,1704481200
0.896,1,Jan 05 2024 23: +0,1704495600
0.895,1,Jan 06 2024 04: +0,1704513600
0.881,1,Jan 07 2024 00: +0,1704585600
0.896,1,Jan 07 2024 02: +0,1704592800
0.895,1,Jan 07 2024 10: +0,1704621600
0.881,1,Jan 08 2024 05: +0,1704690000
0.909,1,Jan 09 2024 07: +0,1704783600
0.916,1,Jan 09 2024 14: +0,1704808800
1.042,4,Jan 10 2024 04: +0,1704859200
1.12,4,Jan 10 2024 09: +0,1704877200
0.923,1,Jan 10 2024 19: +0,1704913200
1.256,2,Jan 10 2024 20: +0,1704916800
0.952,1,Jan 11 2024 01: +0,1704934800
1.196,1,Jan 11 2024 07: +0,1704956400
0.991,1,Jan 11 2024 08: +0,1704960000
1.19,1,Jan 11 2024 19: +0,1704999600
1.011,1,Jan 11 2024 21: +0,1705006800
1.209,1,Jan 12 2024 02: +0,1705024800
1.213,4,Jan 12 2024 19: +0,1705086000
1.067,1,Jan 14 2024 07: +0,1705215600
0.911,1,Jan 14 2024 17: +0,1705251600
1.067,1,Jan 15 2024 04: +0,1705291200
1.067,2,Jan 15 2024 08: +0,1705305600
1.206,1,Jan 15 2024 20: +0,1705348800
1.304,1,Jan 16 2024 03: +0,1705374000
1.31,1,Jan 16 2024 08: +0,1705392000
1.13,1,Jan 16 2024 09: +0,1705395600
1.212,1,Jan 16 2024 15: +0,1705417200
1.067,1,Jan 16 2024 21: +0,1705438800
1.296,1,Jan 17 2024 05: +0,1705467600
1.202,1,Jan 17 2024 15: +0,1705503600
1.273,1,Jan 17 2024 18: +0,1705514400
1.233,1,Jan 18 2024 13: +0,1705582800
1.146,1,Jan 18 2024 14: +0,1705586400
1.162,1,Jan 18 2024 19: +0,1705604400
1.415,1,Jan 19 2024 05: +0,1705640400
1.296,1,Jan 19 2024 10: +0,1705658400
1.424,1,Jan 19 2024 19: +0,1705690800
1.415,1,Jan 20 2024 03: +0,1705719600
1.289,1,Jan 20 2024 04: +0,1705723200
1.202,1,Jan 20 2024 06: +0,1705730400
1.429,2,Jan 20 2024 17: +0,1705770000
1.362,1,Jan 22 2024 00: +0,1705881600
1.347,1,Jan 22 2024 13: +0,1705928400
1.399,1,Jan 24 2024 12: +0,1706097600
1.261,1,Jan 27 2024 13: +0,1706360400
0.865,1,Jan 27 2024 17: +0,1706374800
1.269,1,Jan 27 2024 22: +0,1706392800
1.067,1,Jan 28 2024 15: +0,1706454000
1.295,1,Jan 28 2024 20: +0,1706472000
1.303,1,Jan 29 2024 00: +0,1706486400
1.2,1,Jan 30 2024 10: +0,1706608800
1.2,1,Jan 30 2024 11: +0,1706612400
1.2,1,Jan 31 2024 02: +0,1706666400
1.208,1,Jan 31 2024 05: +0,1706677200
0.891,1,Feb 01 2024 06: +0,1706767200
1.136,1,Feb 01 2024 07: +0,1706770800
1.043,1,Feb 01 2024 23: +0,1706828400
1.009,1,Feb 02 2024 20: +0,1706904000
0.985,1,Feb 02 2024 21: +0,1706907600
1.132,1,Feb 03 2024 09: +0,1706950800
1.093,1,Feb 03 2024 16: +0,1706976000
1.151,1,Feb 04 2024 21: +0,1707080400
0.859,1,Feb 04 2024 23: +0,1707087600
1.033,1,Feb 05 2024 08: +0,1707120000
1.017,1,Feb 05 2024 15: +0,1707145200
1.125,1,Feb 05 2024 20: +0,1707163200
0.961,1,Feb 06 2024 08: +0,1707206400
1.009,1,Feb 06 2024 18: +0,1707242400
0.953,1,Feb 07 2024 01: +0,1707267600
1.128,3,Feb 07 2024 04: +0,1707278400
1.152,1,Feb 07 2024 06: +0,1707285600
0.953,1,Feb 07 2024 11: +0,1707303600
1.152,1,Feb 07 2024 17: +0,1707325200
1.158,1,Feb 07 2024 19: +0,1707332400
0.945,1,Feb 07 2024 21: +0,1707339600
0.985,1,Feb 07 2024 23: +0,1707346800
1.033,6,Feb 08 2024 00: +0,1707350400
1.132,2,Feb 08 2024 02: +0,1707357600
1.061,3,Feb 08 2024 06: +0,1707372000
1.073,2,Feb 08 2024 07: +0,1707375600
1.096,1,Feb 08 2024 08: +0,1707379200
1.096,2,Feb 08 2024 13: +0,1707397200
0.961,1,Feb 08 2024 15: +0,1707404400
0.977,1,Feb 08 2024 18: +0,1707415200
0.985,1,Feb 08 2024 20: +0,1707422400
1.06,2,Feb 08 2024 21: +0,1707426000
0.985,3,Feb 08 2024 22: +0,1707429600
1.051,4,Feb 08 2024 23: +0,1707433200
0.874,1,Feb 09 2024 00: +0,1707436800
1.096,1,Feb 09 2024 02: +0,1707444000
1.085,1,Feb 09 2024 05: +0,1707454800
1.07,1,Feb 09 2024 07: +0,1707462000
0.985,1,Feb 09 2024 09: +0,1707469200
0.969,1,Feb 09 2024 10: +0,1707472800
0.969,1,Feb 09 2024 14: +0,1707487200
0.98,1,Feb 09 2024 16: +0,1707494400
0.966,1,Feb 09 2024 17: +0,1707498000
0.884,1,Feb 09 2024 18: +0,1707501600
0.985,1,Feb 09 2024 20: +0,1707508800
0.98,1,Feb 09 2024 21: +0,1707512400
0.876,2,Feb 09 2024 22: +0,1707516000
0.833,1,Feb 09 2024 23: +0,1707519600
0.976,2,Feb 10 2024 04: +0,1707537600
0.988,1,Feb 10 2024 05: +0,1707541200
0.924,1,Feb 10 2024 14: +0,1707573600
0.924,1,Feb 10 2024 16: +0,1707580800
0.924,2,Feb 10 2024 17: +0,1707584400
0.807,1,Feb 10 2024 18: +0,1707588000
0.917,1,Feb 10 2024 20: +0,1707595200
0.382,1,Feb 10 2024 21: +0,1707598800
0.916,3,Feb 11 2024 02: +0,1707616800
0.914,2,Feb 11 2024 03: +0,1707620400
0.926,5,Feb 11 2024 05: +0,1707627600
0.876,1,Feb 11 2024 09: +0,1707642000
0.944,1,Feb 11 2024 11: +0,1707649200
0.94,3,Feb 11 2024 16: +0,1707667200
0.932,1,Feb 11 2024 18: +0,1707674400
0.887,2,Feb 11 2024 19: +0,1707678000
0.845,1,Feb 12 2024 01: +0,1707699600
0.948,5,Feb 12 2024 05: +0,1707714000
0.932,1,Feb 12 2024 06: +0,1707717600
0.993,4,Feb 12 2024 17: +0,1707757200
0.98,1,Feb 12 2024 18: +0,1707760800
0.904,2,Feb 12 2024 20: +0,1707768000
1.017,1,Feb 12 2024 21: +0,1707771600
0.86,1,Feb 12 2024 22: +0,1707775200
0.98,1,Feb 12 2024 23: +0,1707778800
1.017,1,Feb 13 2024 01: +0,1707786000
1.012,1,Feb 13 2024 03: +0,1707793200
1.02,1,Feb 13 2024 13: +0,1707829200
0.98,1,Feb 14 2024 00: +0,1707868800
1.012,1,Feb 14 2024 01: +0,1707872400
1.012,1,Feb 14 2024 02: +0,1707876000
0.98,2,Feb 14 2024 03: +0,1707879600
0.94,1,Feb 14 2024 13: +0,1707915600
0.829,1,Feb 14 2024 15: +0,1707922800
0.815,2,Feb 14 2024 17: +0,1707930000
0.851,3,Feb 14 2024 18: +0,1707933600
0.811,2,Feb 14 2024 19: +0,1707937200
0.797,1,Feb 14 2024 20: +0,1707940800
0.837,1,Feb 14 2024 21: +0,1707944400
0.837,1,Feb 14 2024 23: +0,1707951600
0.845,1,Feb 15 2024 00: +0,1707955200
0.837,1,Feb 15 2024 01: +0,1707958800
0.805,1,Feb 15 2024 05: +0,1707973200
0.934,3,Feb 15 2024 09: +0,1707987600
0.882,1,Feb 15 2024 14: +0,1708005600
0.852,1,Feb 15 2024 21: +0,1708030800
0.877,1,Feb 16 2024 01: +0,1708045200
0.88,2,Feb 16 2024 03: +0,1708052400
0.916,1,Feb 16 2024 05: +0,1708059600
0.94,1,Feb 16 2024 14: +0,1708092000
0.916,1,Feb 16 2024 17: +0,1708102800
0.916,1,Feb 16 2024 21: +0,1708117200
0.876,1,Feb 16 2024 22: +0,1708120800
0.924,1,Feb 16 2024 23: +0,1708124400
0.86,1,Feb 17 2024 16: +0,1708185600
0.86,1,Feb 17 2024 19: +0,1708196400
0.916,1,Feb 17 2024 20: +0,1708200000
0.924,1,Feb 17 2024 21: +0,1708203600
0.916,1,Feb 17 2024 22: +0,1708207200
0.924,1,Feb 18 2024 00: +0,1708214400
0.94,1,Feb 18 2024 04: +0,1708228800
0.94,1,Feb 18 2024 05: +0,1708232400
0.852,1,Feb 18 2024 14: +0,1708264800
0.907,1,Feb 18 2024 16: +0,1708272000
0.852,1,Feb 18 2024 17: +0,1708275600
0.931,1,Feb 18 2024 18: +0,1708279200
0.898,1,Feb 18 2024 22: +0,1708293600
0.765,1,Feb 18 2024 23: +0,1708297200
0.929,1,Feb 19 2024 00: +0,1708300800
0.888,1,Feb 19 2024 15: +0,1708354800
0.898,1,Feb 19 2024 17: +0,1708362000
0.907,1,Feb 19 2024 20: +0,1708372800
0.844,1,Feb 19 2024 21: +0,1708376400
0.828,1,Feb 19 2024 23: +0,1708383600
0.852,1,Feb 21 2024 03: +0,1708484400
0.852,1,Feb 21 2024 05: +0,1708491600
0.828,1,Feb 21 2024 09: +0,1708506000
0.82,1,Feb 21 2024 10: +0,1708509600
0.773,2,Feb 21 2024 13: +0,1708520400
0.716,1,Feb 21 2024 14: +0,1708524000
0.836,1,Feb 21 2024 15: +0,1708527600
0.797,1,Feb 21 2024 17: +0,1708534800
0.773,1,Feb 22 2024 10: +0,1708596000
0.844,1,Feb 22 2024 19: +0,1708628400
0.852,2,Feb 22 2024 21: +0,1708635600
0.871,2,Feb 23 2024 00: +0,1708646400
0.907,1,Feb 23 2024 03: +0,1708657200
0.828,1,Feb 23 2024 09: +0,1708678800
0.844,2,Feb 23 2024 11: +0,1708686000
0.781,2,Feb 23 2024 16: +0,1708704000
0.833,1,Feb 23 2024 18: +0,1708711200
0.879,1,Feb 23 2024 19: +0,1708714800
0.904,1,Feb 23 2024 21: +0,1708722000
0.904,1,Feb 23 2024 23: +0,1708729200
0.916,1,Feb 24 2024 06: +0,1708754400
0.931,1,Feb 24 2024 13: +0,1708779600
0.789,1,Feb 24 2024 16: +0,1708790400
0.789,1,Feb 24 2024 20: +0,1708804800
0.789,1,Feb 25 2024 03: +0,1708830000
0.933,1,Feb 25 2024 11: +0,1708858800
0.757,1,Feb 25 2024 14: +0,1708869600
0.948,1,Feb 25 2024 17: +0,1708880400
0.798,1,Feb 25 2024 19: +0,1708887600
0.782,1,Feb 25 2024 20: +0,1708891200
0.798,1,Feb 26 2024 04: +0,1708920000
0.94,1,Feb 26 2024 19: +0,1708974000
0.951,1,Feb 26 2024 20: +0,1708977600
0.822,1,Feb 26 2024 21: +0,1708981200
0.845,1,Feb 27 2024 06: +0,1709013600
0.845,1,Feb 27 2024 12: +0,1709035200
0.829,1,Feb 27 2024 15: +0,1709046000
0.845,2,Feb 27 2024 17: +0,1709053200
0.837,1,Feb 27 2024 19: +0,1709060400
0.841,2,Feb 27 2024 20: +0,1709064000
0.822,1,Feb 27 2024 21: +0,1709067600
0.871,4,Feb 28 2024 01: +0,1709082000
0.837,1,Feb 28 2024 12: +0,1709121600
0.829,1,Feb 28 2024 22: +0,1709157600
0.822,3,Feb 29 2024 00: +0,1709164800
0.845,1,Feb 29 2024 03: +0,1709175600
0.845,1,Feb 29 2024 17: +0,1709226000
0.861,1,Feb 29 2024 21: +0,1709240400
0.923,1,Feb 29 2024 23: +0,1709247600
0.94,1,Mar 01 2024 08: +0,1709280000
0.945,2,Mar 01 2024 12: +0,1709294400
0.853,5,Mar 02 2024 00: +0,1709337600
0.94,1,Mar 02 2024 06: +0,1709359200
0.854,1,Mar 02 2024 22: +0,1709416800
0.858,1,Mar 03 2024 00: +0,1709424000
0.849,2,Mar 03 2024 10: +0,1709460000
0.819,1,Mar 03 2024 11: +0,1709463600
0.871,3,Mar 03 2024 15: +0,1709478000
0.891,1,Mar 03 2024 22: +0,1709503200
0.846,1,Mar 04 2024 09: +0,1709542800
0.871,1,Mar 04 2024 17: +0,1709571600
0.862,2,Mar 04 2024 18: +0,1709575200
0.87,2,Mar 04 2024 23: +0,1709593200
0.897,1,Mar 05 2024 04: +0,1709611200
0.874,1,Mar 05 2024 06: +0,1709618400
0.874,1,Mar 05 2024 09: +0,1709629200
0.862,2,Mar 05 2024 19: +0,1709665200
0.866,1,Mar 05 2024 20: +0,1709668800
0.858,1,Mar 05 2024 23: +0,1709679600
0.804,1,Mar 06 2024 10: +0,1709719200
0.874,2,Mar 06 2024 15: +0,1709737200
0.85,2,Mar 06 2024 16: +0,1709740800
0.881,1,Mar 06 2024 17: +0,1709744400
0.78,1,Mar 06 2024 20: +0,1709755200
0.897,1,Mar 06 2024 21: +0,1709758800
0.891,1,Mar 07 2024 04: +0,1709784000
0.85,1,Mar 07 2024 18: +0,1709834400
0.849,1,Mar 07 2024 19: +0,1709838000
0.897,1,Mar 07 2024 20: +0,1709841600
0.921,1,Mar 07 2024 21: +0,1709845200
0.921,1,Mar 08 2024 00: +0,1709856000
0.936,1,Mar 08 2024 03: +0,1709866800
0.788,1,Mar 08 2024 11: +0,1709895600
0.967,1,Mar 08 2024 12: +0,1709899200
0.78,1,Mar 08 2024 18: +0,1709920800
0.795,1,Mar 10 2024 12: +0,1710072000
1.073,10,Mar 10 2024 13: +0,1710075600
0.979,2,Mar 10 2024 16: +0,1710086400
1.147,1,Mar 10 2024 17: +0,1710090000
0.843,1,Mar 11 2024 10: +0,1710151200
0.841,1,Mar 11 2024 19: +0,1710183600
1.014,1,Mar 11 2024 20: +0,1710187200
0.979,1,Mar 12 2024 17: +0,1710262800
0.843,2,Mar 12 2024 19: +0,1710270000
0.843,1,Mar 12 2024 20: +0,1710273600
0.827,1,Mar 13 2024 02: +0,1710295200
0.812,1,Mar 13 2024 04: +0,1710302400
0.886,1,Mar 13 2024 14: +0,1710338400
0.835,1,Mar 13 2024 16: +0,1710345600
0.867,1,Mar 14 2024 00: +0,1710374400
0.835,1,Mar 14 2024 06: +0,1710396000
0.822,1,Mar 14 2024 10: +0,1710410400
0.825,1,Mar 14 2024 11: +0,1710414000
0.831,1,Mar 14 2024 18: +0,1710439200
0.824,1,Mar 14 2024 21: +0,1710450000
0.776,2,Mar 15 2024 10: +0,1710496800
0.746,1,Mar 15 2024 14: +0,1710511200
0.807,1,Mar 15 2024 15: +0,1710514800
0.833,1,Mar 15 2024 16: +0,1710518400
0.753,1,Mar 16 2024 13: +0,1710594000
0.756,1,Mar 16 2024 14: +0,1710597600
0.798,1,Mar 16 2024 18: +0,1710612000
0.798,1,Mar 16 2024 20: +0,1710619200
0.816,1,Mar 16 2024 23: +0,1710630000
0.851,3,Mar 17 2024 02: +0,1710640800
0.943,1,Mar 17 2024 19: +0,1710702000
0.716,1,Mar 18 2024 05: +0,1710738000
0.602,1,Mar 18 2024 15: +0,1710774000
0.772,1,Mar 19 2024 19: +0,1710874800
0.821,1,Mar 19 2024 23: +0,1710889200
0.824,1,Mar 20 2024 01: +0,1710896400
0.839,1,Mar 20 2024 10: +0,1710928800
0.808,1,Mar 20 2024 14: +0,1710943200
0.893,1,Mar 20 2024 16: +0,1710950400
0.839,1,Mar 21 2024 02: +0,1710986400
0.823,2,Mar 21 2024 04: +0,1710993600
0.768,1,Mar 21 2024 21: +0,1711054800
0.719,1,Mar 21 2024 22: +0,1711058400
0.834,1,Mar 22 2024 08: +0,1711094400
0.811,1,Mar 22 2024 14: +0,1711116000
0.822,2,Mar 22 2024 15: +0,1711119600
0.811,1,Mar 23 2024 00: +0,1711152000
0.831,1,Mar 23 2024 08: +0,1711180800
0.836,1,Mar 23 2024 09: +0,1711184400
0.831,1,Mar 23 2024 10: +0,1711188000
0.788,1,Mar 23 2024 14: +0,1711202400
0.815,1,Mar 23 2024 16: +0,1711209600
0.918,1,Mar 23 2024 19: +0,1711220400
0.925,1,Mar 23 2024 21: +0,1711227600
0.882,1,Mar 24 2024 16: +0,1711296000
0.882,1,Mar 24 2024 18: +0,1711303200
0.877,1,Mar 24 2024 20: +0,1711310400
0.784,1,Mar 25 2024 06: +0,1711346400
0.881,1,Mar 25 2024 11: +0,1711364400
0.879,2,Mar 25 2024 14: +0,1711375200
0.792,1,Mar 25 2024 16: +0,1711382400
0.776,1,Mar 25 2024 22: +0,1711404000
0.8,1,Mar 26 2024 03: +0,1711422000
0.792,1,Mar 26 2024 10: +0,1711447200
0.76,1,Mar 26 2024 11: +0,1711450800
0.887,1,Mar 26 2024 18: +0,1711476000
0.859,2,Mar 27 2024 02: +0,1711504800
0.8,1,Mar 27 2024 20: +0,1711569600
0.792,1,Mar 28 2024 00: +0,1711584000
0.8,1,Mar 28 2024 01: +0,1711587600
0.824,1,Mar 28 2024 08: +0,1711612800
0.823,1,Mar 28 2024 15: +0,1711638000
0.8,1,Mar 28 2024 16: +0,1711641600
0.841,1,Mar 28 2024 17: +0,1711645200
0.831,1,Mar 29 2024 06: +0,1711692000
0.865,3,Mar 29 2024 10: +0,1711706400
0.876,1,Mar 29 2024 17: +0,1711731600
0.91,1,Mar 29 2024 18: +0,1711735200
0.835,2,Mar 30 2024 02: +0,1711764000
0.839,1,Mar 30 2024 04: +0,1711771200
0.831,1,Mar 30 2024 10: +0,1711792800
0.848,2,Mar 30 2024 14: +0,1711807200
0.852,1,Mar 30 2024 16: +0,1711814400
0.907,1,Mar 31 2024 05: +0,1711857600
0.903,1,Mar 31 2024 11: +0,1711879200
0.843,1,Mar 31 2024 16: +0,1711897200
0.821,1,Apr 01 2024 13: +0,1711972800
0.813,1,Apr 01 2024 16: +0,1711983600
0.797,1,Apr 01 2024 17: +0,1711987200
0.843,1,Apr 01 2024 18: +0,1711990800
0.835,1,Apr 01 2024 21: +0,1712001600
0.824,1,Apr 02 2024 08: +0,1712041200
0.765,1,Apr 02 2024 11: +0,1712052000
0.799,1,Apr 02 2024 20: +0,1712084400
0.773,1,Apr 02 2024 22: +0,1712091600
0.898,1,Apr 03 2024 08: +0,1712127600
0.883,2,Apr 03 2024 16: +0,1712156400
0.797,1,Apr 04 2024 05: +0,1712203200
0.829,1,Apr 04 2024 11: +0,1712224800
0.836,1,Apr 04 2024 20: +0,1712257200
0.859,1,Apr 04 2024 22: +0,1712264400
0.765,1,Apr 05 2024 06: +0,1712293200
0.765,1,Apr 05 2024 18: +0,1712336400
0.763,1,Apr 05 2024 22: +0,1712350800
0.779,1,Apr 05 2024 23: +0,1712354400
0.815,1,Apr 06 2024 15: +0,1712412000
0.881,1,Apr 06 2024 16: +0,1712415600
0.885,1,Apr 06 2024 17: +0,1712419200
0.893,1,Apr 06 2024 20: +0,1712430000
0.91,1,Apr 06 2024 22: +0,1712437200
0.915,1,Apr 07 2024 10: +0,1712480400
0.779,1,Apr 07 2024 18: +0,1712509200
0.755,1,Apr 07 2024 21: +0,1712520000
0.91,1,Apr 08 2024 02: +0,1712538000
0.918,3,Apr 08 2024 16: +0,1712588400
0.891,1,Apr 08 2024 23: +0,1712613600
0.803,1,Apr 09 2024 03: +0,1712628000
0.915,1,Apr 09 2024 10: +0,1712653200
0.881,1,Apr 09 2024 19: +0,1712685600
0.859,1,Apr 10 2024 04: +0,1712718000
0.909,1,Apr 10 2024 14: +0,1712754000
0.906,1,Apr 10 2024 18: +0,1712768400
0.894,1,Apr 10 2024 23: +0,1712786400
0.859,2,Apr 11 2024 02: +0,1712797200
0.9,1,Apr 11 2024 07: +0,1712815200
0.867,1,Apr 11 2024 16: +0,1712847600
0.916,1,Apr 11 2024 19: +0,1712858400
0.924,1,Apr 11 2024 22: +0,1712869200
0.938,1,Apr 11 2024 23: +0,1712872800
0.853,1,Apr 12 2024 22: +0,1712955600
0.917,1,Apr 13 2024 13: +0,1713009600
0.93,1,Apr 13 2024 15: +0,1713016800
0.869,2,Apr 13 2024 22: +0,1713042000
0.779,1,Apr 14 2024 07: +0,1713074400
0.859,1,Apr 14 2024 08: +0,1713078000
0.902,1,Apr 14 2024 17: +0,1713110400
0.803,1,Apr 14 2024 21: +0,1713124800
0.851,1,Apr 14 2024 23: +0,1713132000
0.922,1,Apr 15 2024 19: +0,1713204000
0.598,1,Apr 15 2024 20: +0,1713207600
0.923,1,Apr 15 2024 21: +0,1713211200
0.942,1,Apr 16 2024 00: +0,1713222000
0.667,1,Apr 16 2024 04: +0,1713236400
0.811,1,Apr 17 2024 18: +0,1713373200
0.831,1,Apr 17 2024 22: +0,1713387600
0.845,2,Apr 18 2024 14: +0,1713445200
0.835,1,Apr 19 2024 00: +0,1713481200
0.835,1,Apr 19 2024 06: +0,1713502800
0.787,1,Apr 19 2024 17: +0,1713542400
0.843,1,Apr 19 2024 18: +0,1713546000
0.827,1,Apr 20 2024 02: +0,1713574800
0.859,1,Apr 20 2024 14: +0,1713618000
0.888,1,Apr 20 2024 16: +0,1713625200
0.803,1,Apr 20 2024 19: +0,1713636000
0.811,1,Apr 21 2024 10: +0,1713690000
0.803,1,Apr 21 2024 13: +0,1713700800
0.851,1,Apr 21 2024 17: +0,1713715200
0.739,1,Apr 21 2024 18: +0,1713718800
0.875,6,Apr 22 2024 12: +0,1713783600
0.902,1,Apr 22 2024 16: +0,1713798000
0.806,1,Apr 22 2024 18: +0,1713805200
0.798,1,Apr 22 2024 21: +0,1713816000
0.926,1,Apr 23 2024 11: +0,1713866400
0.77,2,Apr 24 2024 13: +0,1713960000
0.807,1,Apr 24 2024 17: +0,1713974400
0.579,1,Apr 24 2024 20: +0,1713985200
0.774,1,Apr 25 2024 01: +0,1714003200
0.934,1,Apr 25 2024 04: +0,1714014000
0.79,1,Apr 25 2024 07: +0,1714024800
0.793,1,Apr 25 2024 09: +0,1714032000
0.853,1,Apr 25 2024 16: +0,1714057200
0.947,2,Apr 25 2024 17: +0,1714060800
0.966,1,Apr 25 2024 21: +0,1714075200
0.974,1,Apr 25 2024 23: +0,1714082400
0.864,1,Apr 26 2024 13: +0,1714132800
0.796,1,Apr 26 2024 20: +0,1714158000
0.647,1,Apr 26 2024 21: +0,1714161600
0.855,1,Apr 26 2024 22: +0,1714165200
0.88,1,Apr 27 2024 10: +0,1714208400
0.806,1,Apr 27 2024 13: +0,1714219200
0.891,2,Apr 27 2024 16: +0,1714230000
0.798,1,Apr 27 2024 21: +0,1714248000
0.969,1,Apr 28 2024 14: +0,1714309200
0.982,1,Apr 28 2024 20: +0,1714330800
0.99,1,Apr 28 2024 21: +0,1714334400
0.982,1,Apr 29 2024 06: +0,1714366800
0.992,1,Apr 29 2024 15: +0,1714399200
1.118,1,Apr 29 2024 23: +0,1714428000
0.914,1,Apr 30 2024 15: +0,1714485600
0.998,4,Apr 30 2024 21: +0,1714507200
1.129,1,Apr 30 2024 22: +0,1714510800
0.886,1,May 01 2024 10: +0,1714554000
0.885,1,May 01 2024 17: +0,1714579200
1.107,1,May 02 2024 05: +0,1714622400
0.808,1,May 04 2024 01: +0,1714780800
1.026,1,May 04 2024 04: +0,1714791600
1.077,1,May 04 2024 13: +0,1714824000
1.068,1,May 04 2024 18: +0,1714842000
1.074,1,May 04 2024 20: +0,1714849200
1.068,1,May 05 2024 03: +0,1714874400
0.911,1,May 05 2024 13: +0,1714910400
1.08,2,May 06 2024 01: +0,1714953600
1.081,1,May 06 2024 04: +0,1714964400
0.945,1,May 07 2024 22: +0,1715115600
1.025,1,May 08 2024 04: +0,1715137200
1.025,1,May 08 2024 11: +0,1715162400
1.017,1,May 09 2024 03: +0,1715220000
0.994,1,May 09 2024 23: +0,1715292000
1.005,1,May 10 2024 01: +0,1715299200
0.94,1,May 10 2024 12: +0,1715338800
1.004,1,May 10 2024 17: +0,1715356800
0.996,1,May 10 2024 20: +0,1715367600
1.021,1,May 10 2024 22: +0,1715374800
1.027,1,May 11 2024 07: +0,1715407200
1.043,1,May 11 2024 14: +0,1715432400
1.051,1,May 12 2024 09: +0,1715500800
1.051,3,May 12 2024 14: +0,1715518800
1.055,1,May 12 2024 16: +0,1715526000
1.093,1,May 12 2024 22: +0,1715547600
0.909,1,May 13 2024 09: +0,1715587200
1.093,1,May 13 2024 19: +0,1715623200
0.863,1,May 14 2024 06: +0,1715662800
1.103,2,May 14 2024 13: +0,1715688000
1.077,1,May 15 2024 20: +0,1715799600
0.98,1,May 15 2024 23: +0,1715810400
1.084,1,May 16 2024 20: +0,1715886000
1.089,1,May 17 2024 14: +0,1715950800
1.115,1,May 17 2024 15: +0,1715954400
1.08,1,May 17 2024 17: +0,1715961600
1.094,1,May 19 2024 17: +0,1716134400
1.118,1,May 19 2024 20: +0,1716145200
1.109,1,May 19 2024 22: +0,1716152400
1.023,1,May 19 2024 23: +0,1716156000
1.119,1,May 20 2024 13: +0,1716206400
1.109,1,May 20 2024 17: +0,1716220800
1.117,1,May 21 2024 06: +0,1716267600
1.06,1,May 21 2024 19: +0,1716314400
0.858,1,May 22 2024 16: +0,1716390000
1.042,1,May 23 2024 01: +0,1716422400
1.039,1,May 23 2024 10: +0,1716454800
0.998,1,May 23 2024 21: +0,1716494400
1.045,1,May 24 2024 11: +0,1716544800
1.069,4,May 24 2024 22: +0,1716584400
1.021,1,May 25 2024 03: +0,1716602400
1.029,1,May 25 2024 09: +0,1716624000
1.107,1,May 25 2024 15: +0,1716645600
1.107,1,May 25 2024 23: +0,1716674400
0.99,1,May 27 2024 02: +0,1716771600
1.034,1,May 27 2024 12: +0,1716807600
0.903,1,May 28 2024 14: +0,1716901200
0.958,1,May 29 2024 13: +0,1716984000
0.943,1,May 30 2024 04: +0,1717038000
0.943,2,May 30 2024 12: +0,1717066800
0.98,1,May 30 2024 18: +0,1717088400
0.943,2,May 30 2024 19: +0,1717092000
1.038,3,May 31 2024 15: +0,1717164000
1.108,11,May 31 2024 16: +0,1717167600
0.965,1,May 31 2024 21: +0,1717185600
1.073,1,Jun 01 2024 17: +0,1717257600
1.027,1,Jun 02 2024 01: +0,1717286400
1.073,1,Jun 02 2024 19: +0,1717351200
0.972,1,Jun 03 2024 11: +0,1717408800
1.02,1,Jun 03 2024 16: +0,1717426800
1.106,1,Jun 04 2024 00: +0,1717455600
1.109,1,Jun 04 2024 03: +0,1717466400
1.225,1,Jun 04 2024 10: +0,1717491600
1.225,1,Jun 04 2024 19: +0,1717524000
1.185,1,Jun 04 2024 22: +0,1717534800
1.24,2,Jun 05 2024 08: +0,1717570800
1.47,1,Jun 05 2024 13: +0,1717588800
1.501,1,Jun 05 2024 17: +0,1717603200
1.328,1,Jun 06 2024 06: +0,1717650000
1.248,1,Jun 06 2024 16: +0,1717686000
1.264,2,Jun 06 2024 22: +0,1717707600
1.09,1,Jun 07 2024 05: +0,1717732800
1.193,1,Jun 08 2024 12: +0,1717844400
1.216,1,Jun 08 2024 19: +0,1717869600
1.39,1,Jun 08 2024 20: +0,1717873200
1.493,1,Jun 09 2024 01: +0,1717891200
1.145,1,Jun 10 2024 16: +0,1718031600
1.469,1,Jun 11 2024 08: +0,1718089200
1.422,1,Jun 11 2024 21: +0,1718136000
1.414,1,Jun 11 2024 22: +0,1718139600
1.335,1,Jun 12 2024 12: +0,1718190000
1.414,1,Jun 12 2024 13: +0,1718193600
1.359,1,Jun 12 2024 18: +0,1718211600
1.435,1,Jun 13 2024 05: +0,1718251200
1.502,1,Jun 13 2024 15: +0,1718287200
1.232,1,Jun 14 2024 15: +0,1718373600
1.477,1,Jun 15 2024 16: +0,1718463600
