price,quantity,date,unix timestamp
2.155,22,May 05 2023 01: +0,1683244800
2.444,20,May 05 2023 02: +0,1683248400
2.879,15,May 05 2023 03: +0,1683252000
2.547,11,May 05 2023 04: +0,1683255600
2.471,14,May 05 2023 05: +0,1683259200
2.392,8,May 05 2023 06: +0,1683262800
2.366,12,May 05 2023 07: +0,1683266400
2.352,10,May 05 2023 08: +0,1683270000
1.983,5,May 05 2023 09: +0,1683273600
1.833,6,May 05 2023 10: +0,1683277200
1.597,11,May 05 2023 11: +0,1683280800
1.594,17,May 05 2023 12: +0,1683284400
2.345,6,May 05 2023 13: +0,1683288000
2.227,14,May 05 2023 14: +0,1683291600
2.321,6,May 05 2023 15: +0,1683295200
2.327,15,May 05 2023 16: +0,1683298800
3.064,12,May 05 2023 17: +0,1683302400
3.059,8,May 05 2023 18: +0,1683306000
3.021,2,May 05 2023 19: +0,1683309600
2.728,6,May 05 2023 20: +0,1683313200
2.464,2,May 05 2023 21: +0,1683316800
2.0,4,May 05 2023 22: +0,1683320400
2.0,9,May 05 2023 23: +0,1683324000
1.951,10,May 06 2023 00: +0,1683327600
1.929,5,May 06 2023 01: +0,1683331200
2.456,7,May 06 2023 02: +0,1683334800
2.687,9,May 06 2023 03: +0,1683338400
2.405,1,May 06 2023 04: +0,1683342000
2.254,1,May 06 2023 05: +0,1683345600
2.436,6,May 06 2023 06: +0,1683349200
2.327,3,May 06 2023 07: +0,1683352800
1.904,1,May 06 2023 08: +0,1683356400
1.868,2,May 06 2023 09: +0,1683360000
1.86,5,May 06 2023 10: +0,1683363600
1.86,5,May 06 2023 11: +0,1683367200
1.851,5,May 06 2023 12: +0,1683370800
2.1,1,May 06 2023 13: +0,1683374400
2.109,6,May 06 2023 14: +0,1683378000
2.163,1,May 06 2023 15: +0,1683381600
1.851,4,May 06 2023 16: +0,1683385200
1.848,7,May 06 2023 17: +0,1683388800
1.855,6,May 06 2023 18: +0,1683392400
2.153,12,May 06 2023 19: +0,1683396000
2.421,6,May 06 2023 20: +0,1683399600
2.258,4,May 06 2023 21: +0,1683403200
1.761,4,May 06 2023 22: +0,1683406800
1.982,4,May 06 2023 23: +0,1683410400
1.761,5,May 07 2023 00: +0,1683414000
1.592,1,May 07 2023 01: +0,1683417600
2.256,7,May 07 2023 02: +0,1683421200
2.078,1,May 07 2023 03: +0,1683424800
2.078,1,May 07 2023 04: +0,1683428400
1.803,1,May 07 2023 06: +0,1683435600
1.515,1,May 07 2023 09: +0,1683446400
1.797,10,May 07 2023 11: +0,1683453600
1.504,1,May 07 2023 12: +0,1683457200
1.52,1,May 07 2023 13: +0,1683460800
1.64,5,May 07 2023 14: +0,1683464400
1.634,8,May 07 2023 15: +0,1683468000
1.885,2,May 07 2023 16: +0,1683471600
1.757,7,May 07 2023 17: +0,1683475200
2.747,3,May 07 2023 18: +0,1683478800
1.977,6,May 07 2023 19: +0,1683482400
2.495,5,May 07 2023 20: +0,1683486000
2.908,1,May 07 2023 21: +0,1683489600
2.626,1,May 07 2023 22: +0,1683493200
2.408,2,May 07 2023 23: +0,1683496800
2.843,3,May 08 2023 00: +0,1683500400
2.662,2,May 08 2023 01: +0,1683504000
2.007,2,May 08 2023 03: +0,1683511200
2.064,2,May 08 2023 05: +0,1683518400
1.453,1,May 08 2023 07: +0,1683525600
2.542,7,May 08 2023 10: +0,1683536400
2.126,1,May 08 2023 11: +0,1683540000
2.126,3,May 08 2023 12: +0,1683543600
2.128,4,May 08 2023 13: +0,1683547200
2.049,3,May 08 2023 14: +0,1683550800
2.051,6,May 08 2023 15: +0,1683554400
2.041,5,May 08 2023 16: +0,1683558000
2.083,2,May 08 2023 17: +0,1683561600
2.36,4,May 08 2023 18: +0,1683565200
2.244,5,May 08 2023 19: +0,1683568800
2.445,1,May 08 2023 20: +0,1683572400
2.337,1,May 08 2023 21: +0,1683576000
1.922,3,May 08 2023 22: +0,1683579600
1.638,1,May 08 2023 23: +0,1683583200
2.073,2,May 09 2023 01: +0,1683590400
2.272,2,May 09 2023 04: +0,1683601200
2.496,1,May 09 2023 07: +0,1683612000
1.904,2,May 09 2023 11: +0,1683626400
2.044,1,May 09 2023 12: +0,1683630000
2.064,1,May 09 2023 13: +0,1683633600
2.236,1,May 09 2023 14: +0,1683637200
1.942,3,May 09 2023 15: +0,1683640800
1.766,1,May 09 2023 16: +0,1683644400
2.084,2,May 09 2023 17: +0,1683648000
2.256,1,May 09 2023 18: +0,1683651600
1.942,3,May 09 2023 19: +0,1683655200
1.894,6,May 09 2023 20: +0,1683658800
2.014,2,May 09 2023 21: +0,1683662400
1.712,1,May 09 2023 22: +0,1683666000
1.674,2,May 09 2023 23: +0,1683669600
1.869,2,May 10 2023 00: +0,1683673200
1.66,1,May 10 2023 01: +0,1683676800
1.725,2,May 10 2023 02: +0,1683680400
1.684,2,May 10 2023 03: +0,1683684000
1.508,1,May 10 2023 06: +0,1683694800
1.971,2,May 10 2023 09: +0,1683705600
2.057,4,May 10 2023 10: +0,1683709200
2.104,4,May 10 2023 13: +0,1683720000
2.255,3,May 10 2023 14: +0,1683723600
2.255,1,May 10 2023 16: +0,1683730800
1.727,2,May 10 2023 17: +0,1683734400
1.618,2,May 10 2023 18: +0,1683738000
1.535,4,May 10 2023 19: +0,1683741600
1.312,2,May 10 2023 20: +0,1683745200
1.754,4,May 10 2023 21: +0,1683748800
1.619,2,May 10 2023 22: +0,1683752400
1.936,4,May 10 2023 23: +0,1683756000
2.153,3,May 11 2023 01: +0,1683763200
2.16,1,May 11 2023 02: +0,1683766800
1.362,1,May 11 2023 03: +0,1683770400
1.343,1,May 11 2023 06: +0,1683781200
1.365,1,May 11 2023 08: +0,1683788400
2.102,4,May 11 2023 10: +0,1683795600
1.318,5,May 11 2023 11: +0,1683799200
1.702,2,May 11 2023 14: +0,1683810000
1.318,1,May 11 2023 15: +0,1683813600
1.518,3,May 11 2023 16: +0,1683817200
1.92,5,May 11 2023 17: +0,1683820800
1.942,4,May 11 2023 19: +0,1683828000
2.042,3,May 11 2023 20: +0,1683831600
2.034,4,May 11 2023 21: +0,1683835200
1.414,3,May 11 2023 22: +0,1683838800
1.929,1,May 11 2023 23: +0,1683842400
1.999,4,May 12 2023 00: +0,1683846000
1.647,2,May 12 2023 01: +0,1683849600
1.476,2,May 12 2023 03: +0,1683856800
1.343,1,May 12 2023 05: +0,1683864000
1.311,2,May 12 2023 06: +0,1683867600
1.309,1,May 12 2023 12: +0,1683889200
1.519,10,May 12 2023 13: +0,1683892800
1.665,1,May 12 2023 14: +0,1683896400
1.438,2,May 12 2023 15: +0,1683900000
1.52,3,May 12 2023 16: +0,1683903600
1.527,3,May 12 2023 17: +0,1683907200
1.615,3,May 12 2023 18: +0,1683910800
1.955,3,May 12 2023 19: +0,1683914400
2.038,2,May 12 2023 20: +0,1683918000
1.759,3,May 12 2023 21: +0,1683921600
1.919,1,May 12 2023 22: +0,1683925200
1.919,1,May 12 2023 23: +0,1683928800
1.992,5,May 13 2023 02: +0,1683939600
1.3,1,May 13 2023 03: +0,1683943200
1.205,1,May 13 2023 05: +0,1683950400
1.178,2,May 13 2023 08: +0,1683961200
1.636,6,May 13 2023 09: +0,1683964800
1.298,1,May 13 2023 10: +0,1683968400
1.339,2,May 13 2023 12: +0,1683975600
1.64,3,May 13 2023 13: +0,1683979200
1.645,1,May 13 2023 14: +0,1683982800
1.402,6,May 13 2023 15: +0,1683986400
1.41,1,May 13 2023 16: +0,1683990000
1.305,1,May 13 2023 17: +0,1683993600
1.305,4,May 13 2023 18: +0,1683997200
1.336,2,May 13 2023 19: +0,1684000800
1.624,10,May 13 2023 21: +0,1684008000
1.336,2,May 13 2023 22: +0,1684011600
1.645,7,May 13 2023 23: +0,1684015200
1.609,1,May 14 2023 01: +0,1684022400
1.608,2,May 14 2023 02: +0,1684026000
1.656,2,May 14 2023 03: +0,1684029600
1.312,1,May 14 2023 06: +0,1684040400
1.328,1,May 14 2023 07: +0,1684044000
1.496,1,May 14 2023 08: +0,1684047600
1.362,4,May 14 2023 10: +0,1684054800
1.599,10,May 14 2023 12: +0,1684062000
1.613,5,May 14 2023 13: +0,1684065600
1.475,2,May 14 2023 14: +0,1684069200
1.711,3,May 14 2023 15: +0,1684072800
1.484,2,May 14 2023 16: +0,1684076400
1.605,11,May 14 2023 17: +0,1684080000
1.699,5,May 14 2023 18: +0,1684083600
1.703,2,May 14 2023 19: +0,1684087200
1.596,4,May 14 2023 20: +0,1684090800
1.429,1,May 14 2023 21: +0,1684094400
1.704,9,May 14 2023 22: +0,1684098000
1.579,1,May 15 2023 02: +0,1684112400
1.489,2,May 15 2023 03: +0,1684116000
1.218,1,May 15 2023 06: +0,1684126800
1.205,1,May 15 2023 08: +0,1684134000
1.123,1,May 15 2023 10: +0,1684141200
1.079,1,May 15 2023 11: +0,1684144800
1.177,4,May 15 2023 15: +0,1684159200
1.744,19,May 15 2023 17: +0,1684166400
1.859,6,May 15 2023 18: +0,1684170000
1.616,3,May 15 2023 19: +0,1684173600
1.768,1,May 15 2023 20: +0,1684177200
1.401,3,May 15 2023 22: +0,1684184400
2.071,4,May 15 2023 23: +0,1684188000
1.275,4,May 16 2023 00: +0,1684191600
1.001,1,May 16 2023 02: +0,1684198800
2.08,4,May 16 2023 03: +0,1684202400
1.996,2,May 16 2023 05: +0,1684209600
2.027,1,May 16 2023 06: +0,1684213200
2.081,1,May 16 2023 08: +0,1684220400
1.321,1,May 16 2023 10: +0,1684227600
1.191,1,May 16 2023 11: +0,1684231200
1.016,1,May 16 2023 12: +0,1684234800
1.751,4,May 16 2023 13: +0,1684238400
1.847,2,May 16 2023 14: +0,1684242000
2.089,7,May 16 2023 15: +0,1684245600
1.828,6,May 16 2023 16: +0,1684249200
2.862,15,May 16 2023 17: +0,1684252800
4.858,6,May 16 2023 18: +0,1684256400
4.336,1,May 16 2023 20: +0,1684263600
3.99,1,May 16 2023 21: +0,1684267200
3.49,1,May 16 2023 22: +0,1684270800
3.648,4,May 16 2023 23: +0,1684274400
4.183,2,May 17 2023 00: +0,1684278000
4.152,1,May 17 2023 02: +0,1684285200
3.321,2,May 17 2023 03: +0,1684288800
2.399,1,May 17 2023 04: +0,1684292400
4.11,5,May 17 2023 05: +0,1684296000
2.518,1,May 17 2023 07: +0,1684303200
2.51,1,May 17 2023 08: +0,1684306800
2.51,1,May 17 2023 09: +0,1684310400
2.85,4,May 17 2023 10: +0,1684314000
2.142,2,May 17 2023 11: +0,1684317600
2.215,2,May 17 2023 14: +0,1684328400
2.107,2,May 17 2023 16: +0,1684335600
1.92,3,May 17 2023 17: +0,1684339200
2.183,6,May 17 2023 18: +0,1684342800
2.382,5,May 17 2023 19: +0,1684346400
2.714,3,May 17 2023 20: +0,1684350000
2.535,2,May 17 2023 21: +0,1684353600
2.416,2,May 17 2023 22: +0,1684357200
2.37,1,May 17 2023 23: +0,1684360800
2.93,4,May 18 2023 01: +0,1684368000
2.37,1,May 18 2023 02: +0,1684371600
2.368,3,May 18 2023 03: +0,1684375200
2.166,4,May 18 2023 04: +0,1684378800
1.943,1,May 18 2023 05: +0,1684382400
1.983,1,May 18 2023 07: +0,1684389600
2.916,1,May 18 2023 08: +0,1684393200
2.93,1,May 18 2023 09: +0,1684396800
2.926,4,May 18 2023 10: +0,1684400400
2.472,2,May 18 2023 13: +0,1684411200
2.751,3,May 18 2023 14: +0,1684414800
2.394,3,May 18 2023 16: +0,1684422000
2.704,13,May 18 2023 17: +0,1684425600
2.8,25,May 18 2023 18: +0,1684429200
2.209,21,May 18 2023 19: +0,1684432800
2.176,19,May 18 2023 20: +0,1684436400
2.157,5,May 18 2023 21: +0,1684440000
1.947,8,May 18 2023 22: +0,1684443600
1.378,1,May 18 2023 23: +0,1684447200
1.946,2,May 19 2023 00: +0,1684450800
2.017,3,May 19 2023 01: +0,1684454400
1.415,1,May 19 2023 03: +0,1684461600
1.922,7,May 19 2023 04: +0,1684465200
1.922,1,May 19 2023 05: +0,1684468800
1.817,3,May 19 2023 06: +0,1684472400
1.849,3,May 19 2023 07: +0,1684476000
1.352,2,May 19 2023 09: +0,1684483200
1.399,4,May 19 2023 10: +0,1684486800
1.328,5,May 19 2023 11: +0,1684490400
1.304,8,May 19 2023 12: +0,1684494000
1.136,5,May 19 2023 13: +0,1684497600
1.599,9,May 19 2023 14: +0,1684501200
1.3,3,May 19 2023 15: +0,1684504800
1.378,15,May 19 2023 17: +0,1684512000
1.142,2,May 19 2023 18: +0,1684515600
1.608,5,May 19 2023 19: +0,1684519200
1.867,6,May 19 2023 20: +0,1684522800
1.929,6,May 19 2023 21: +0,1684526400
1.224,2,May 19 2023 22: +0,1684530000
1.214,4,May 19 2023 23: +0,1684533600
1.121,2,May 20 2023 00: +0,1684537200
1.227,1,May 20 2023 01: +0,1684540800
1.223,3,May 20 2023 02: +0,1684544400
1.378,4,May 20 2023 03: +0,1684548000
1.214,2,May 20 2023 05: +0,1684555200
1.865,2,May 20 2023 06: +0,1684558800
1.202,2,May 20 2023 07: +0,1684562400
1.084,2,May 20 2023 08: +0,1684566000
1.171,3,May 20 2023 09: +0,1684569600
1.112,2,May 20 2023 10: +0,1684573200
1.211,2,May 20 2023 11: +0,1684576800
1.383,5,May 20 2023 12: +0,1684580400
1.465,9,May 20 2023 13: +0,1684584000
1.34,7,May 20 2023 15: +0,1684591200
1.33,3,May 20 2023 16: +0,1684594800
1.236,4,May 20 2023 17: +0,1684598400
1.193,6,May 20 2023 18: +0,1684602000
0.638,15,May 20 2023 19: +0,1684605600
0.638,9,May 20 2023 20: +0,1684609200
0.941,17,May 20 2023 21: +0,1684612800
1.206,1,May 20 2023 22: +0,1684616400
1.206,7,May 20 2023 23: +0,1684620000
1.052,2,May 21 2023 00: +0,1684623600
0.917,1,May 21 2023 01: +0,1684627200
1.085,3,May 21 2023 04: +0,1684638000
0.953,1,May 21 2023 05: +0,1684641600
0.954,9,May 21 2023 06: +0,1684645200
0.935,1,May 21 2023 07: +0,1684648800
1.084,2,May 21 2023 08: +0,1684652400
1.163,2,May 21 2023 09: +0,1684656000
1.05,1,May 21 2023 10: +0,1684659600
0.949,2,May 21 2023 11: +0,1684663200
0.57,1,May 21 2023 13: +0,1684670400
1.01,5,May 21 2023 14: +0,1684674000
0.867,13,May 21 2023 15: +0,1684677600
0.804,9,May 21 2023 16: +0,1684681200
0.84,1,May 21 2023 17: +0,1684684800
0.912,6,May 21 2023 18: +0,1684688400
0.92,5,May 21 2023 19: +0,1684692000
0.911,2,May 21 2023 20: +0,1684695600
0.924,1,May 21 2023 21: +0,1684699200
0.836,1,May 21 2023 22: +0,1684702800
0.797,1,May 21 2023 23: +0,1684706400
0.87,1,May 22 2023 00: +0,1684710000
0.836,1,May 22 2023 01: +0,1684713600
0.797,1,May 22 2023 03: +0,1684720800
0.932,1,May 22 2023 04: +0,1684724400
0.8,2,May 22 2023 06: +0,1684731600
0.675,2,May 22 2023 08: +0,1684738800
0.669,7,May 22 2023 11: +0,1684749600
0.896,4,May 22 2023 12: +0,1684753200
0.916,6,May 22 2023 13: +0,1684756800
0.659,1,May 22 2023 14: +0,1684760400
0.88,5,May 22 2023 15: +0,1684764000
0.659,2,May 22 2023 16: +0,1684767600
0.8,5,May 22 2023 17: +0,1684771200
0.7,2,May 22 2023 18: +0,1684774800
0.71,3,May 22 2023 20: +0,1684782000
0.719,2,May 22 2023 22: +0,1684789200
0.83,5,May 22 2023 23: +0,1684792800
0.78,2,May 23 2023 00: +0,1684796400
0.86,1,May 23 2023 03: +0,1684807200
0.86,4,May 23 2023 04: +0,1684810800
0.699,1,May 23 2023 05: +0,1684814400
0.683,1,May 23 2023 07: +0,1684821600
0.699,3,May 23 2023 08: +0,1684825200
0.85,4,May 23 2023 09: +0,1684828800
0.842,1,May 23 2023 12: +0,1684839600
0.83,7,May 23 2023 14: +0,1684846800
0.634,4,May 23 2023 17: +0,1684857600
0.851,19,May 23 2023 18: +0,1684861200
0.895,1,May 23 2023 19: +0,1684864800
0.616,2,May 23 2023 20: +0,1684868400
0.705,2,May 23 2023 21: +0,1684872000
0.7,3,May 23 2023 22: +0,1684875600
0.748,4,May 24 2023 01: +0,1684886400
0.678,4,May 24 2023 07: +0,1684908000
0.555,1,May 24 2023 08: +0,1684911600
0.638,2,May 24 2023 12: +0,1684926000
0.684,3,May 24 2023 14: +0,1684933200
0.735,2,May 24 2023 15: +0,1684936800
0.818,1,May 24 2023 16: +0,1684940400
0.634,1,May 24 2023 17: +0,1684944000
0.816,5,May 24 2023 18: +0,1684947600
0.607,1,May 24 2023 19: +0,1684951200
0.839,2,May 24 2023 20: +0,1684954800
0.842,3,May 24 2023 22: +0,1684962000
0.842,6,May 25 2023 03: +0,1684980000
0.842,1,May 25 2023 05: +0,1684987200
0.81,1,May 25 2023 08: +0,1684998000
0.843,2,May 25 2023 10: +0,1685005200
0.813,1,May 25 2023 11: +0,1685008800
0.698,2,May 25 2023 15: +0,1685023200
0.75,1,May 25 2023 17: +0,1685030400
0.833,1,May 25 2023 20: +0,1685041200
0.652,2,May 25 2023 21: +0,1685044800
0.68,2,May 26 2023 00: +0,1685055600
0.769,1,May 26 2023 03: +0,1685066400
0.521,1,May 26 2023 07: +0,1685080800
0.842,5,May 26 2023 08: +0,1685084400
0.529,1,May 26 2023 11: +0,1685095200
0.837,1,May 26 2023 12: +0,1685098800
0.833,1,May 26 2023 13: +0,1685102400
0.573,1,May 26 2023 15: +0,1685109600
0.772,1,May 26 2023 16: +0,1685113200
0.798,2,May 26 2023 17: +0,1685116800
0.798,2,May 26 2023 18: +0,1685120400
0.833,1,May 26 2023 19: +0,1685124000
0.834,3,May 26 2023 21: +0,1685131200
0.561,1,May 26 2023 22: +0,1685134800
0.679,2,May 26 2023 23: +0,1685138400
0.805,2,May 27 2023 02: +0,1685149200
0.697,2,May 27 2023 03: +0,1685152800
0.785,1,May 27 2023 07: +0,1685167200
0.77,1,May 27 2023 09: +0,1685174400
0.71,1,May 27 2023 10: +0,1685178000
0.782,1,May 27 2023 11: +0,1685181600
0.782,5,May 27 2023 12: +0,1685185200
0.7,2,May 27 2023 13: +0,1685188800
0.77,3,May 27 2023 15: +0,1685196000
0.574,1,May 27 2023 16: +0,1685199600
0.755,1,May 27 2023 17: +0,1685203200
0.769,3,May 27 2023 18: +0,1685206800
0.614,2,May 27 2023 19: +0,1685210400
0.449,1,May 27 2023 20: +0,1685214000
0.64,1,May 27 2023 21: +0,1685217600
0.521,1,May 27 2023 22: +0,1685221200
0.642,1,May 27 2023 23: +0,1685224800
0.58,1,May 28 2023 03: +0,1685239200
0.572,1,May 28 2023 04: +0,1685242800
0.569,1,May 28 2023 07: +0,1685253600
0.591,1,May 28 2023 08: +0,1685257200
0.65,1,May 28 2023 09: +0,1685260800
0.587,2,May 28 2023 10: +0,1685264400
0.591,4,May 28 2023 11: +0,1685268000
0.556,7,May 28 2023 12: +0,1685271600
0.564,6,May 28 2023 13: +0,1685275200
0.716,6,May 28 2023 14: +0,1685278800
0.77,1,May 28 2023 15: +0,1685282400
0.779,5,May 28 2023 17: +0,1685289600
0.63,1,May 28 2023 19: +0,1685296800
0.764,2,May 28 2023 20: +0,1685300400
0.772,5,May 28 2023 21: +0,1685304000
0.598,2,May 28 2023 22: +0,1685307600
0.801,4,May 28 2023 23: +0,1685311200
0.495,1,May 29 2023 03: +0,1685325600
0.801,2,May 29 2023 04: +0,1685329200
0.556,1,May 29 2023 05: +0,1685332800
0.8,1,May 29 2023 08: +0,1685343600
0.738,5,May 29 2023 13: +0,1685361600
0.746,3,May 29 2023 15: +0,1685368800
0.588,2,May 29 2023 16: +0,1685372400
0.744,2,May 29 2023 17: +0,1685376000
0.736,1,May 29 2023 18: +0,1685379600
0.75,7,May 29 2023 19: +0,1685383200
0.753,1,May 29 2023 20: +0,1685386800
0.694,1,May 30 2023 00: +0,1685401200
0.68,1,May 30 2023 04: +0,1685415600
0.688,1,May 30 2023 06: +0,1685422800
0.677,2,May 30 2023 07: +0,1685426400
0.688,3,May 30 2023 18: +0,1685466000
0.733,4,May 30 2023 19: +0,1685469600
0.761,2,May 30 2023 20: +0,1685473200
0.642,1,May 30 2023 22: +0,1685480400
0.592,2,May 31 2023 01: +0,1685491200
0.744,1,May 31 2023 03: +0,1685498400
0.744,3,May 31 2023 05: +0,1685505600
0.677,1,May 31 2023 09: +0,1685520000
0.738,1,May 31 2023 10: +0,1685523600
0.75,2,May 31 2023 12: +0,1685530800
0.564,3,May 31 2023 15: +0,1685541600
0.763,4,May 31 2023 16: +0,1685545200
0.703,2,May 31 2023 19: +0,1685556000
0.757,2,May 31 2023 20: +0,1685559600
0.794,3,May 31 2023 21: +0,1685563200
0.83,3,May 31 2023 22: +0,1685566800
0.833,1,Jun 01 2023 00: +0,1685574000
0.457,1,Jun 01 2023 03: +0,1685584800
0.751,1,Jun 01 2023 10: +0,1685610000
0.583,2,Jun 01 2023 12: +0,1685617200
0.711,1,Jun 01 2023 16: +0,1685631600
0.745,6,Jun 01 2023 19: +0,1685642400
0.775,2,Jun 01 2023 20: +0,1685646000
0.586,2,Jun 01 2023 21: +0,1685649600
0.823,5,Jun 01 2023 22: +0,1685653200
0.703,1,Jun 02 2023 01: +0,1685664000
0.588,2,Jun 02 2023 03: +0,1685671200
0.791,1,Jun 02 2023 04: +0,1685674800
0.564,1,Jun 02 2023 06: +0,1685682000
0.582,1,Jun 02 2023 08: +0,1685689200
0.574,1,Jun 02 2023 09: +0,1685692800
0.671,1,Jun 02 2023 12: +0,1685703600
0.592,1,Jun 02 2023 14: +0,1685710800
0.564,1,Jun 02 2023 15: +0,1685714400
0.624,1,Jun 02 2023 17: +0,1685721600
0.585,1,Jun 02 2023 18: +0,1685725200
0.698,1,Jun 02 2023 20: +0,1685732400
0.779,3,Jun 02 2023 22: +0,1685739600
0.59,1,Jun 03 2023 00: +0,1685746800
0.785,1,Jun 03 2023 01: +0,1685750400
0.49,1,Jun 03 2023 06: +0,1685768400
0.811,1,Jun 03 2023 10: +0,1685782800
0.816,1,Jun 03 2023 11: +0,1685786400
0.813,2,Jun 03 2023 13: +0,1685793600
0.808,1,Jun 03 2023 17: +0,1685808000
0.762,5,Jun 03 2023 18: +0,1685811600
0.825,1,Jun 03 2023 19: +0,1685815200
0.835,2,Jun 03 2023 20: +0,1685818800
0.864,1,Jun 03 2023 21: +0,1685822400
0.896,1,Jun 04 2023 00: +0,1685833200
0.896,1,Jun 04 2023 01: +0,1685836800
0.704,2,Jun 04 2023 02: +0,1685840400
0.639,1,Jun 04 2023 06: +0,1685854800
0.528,1,Jun 04 2023 09: +0,1685865600
0.766,1,Jun 04 2023 11: +0,1685872800
0.792,1,Jun 04 2023 13: +0,1685880000
0.706,2,Jun 04 2023 18: +0,1685898000
0.776,4,Jun 04 2023 20: +0,1685905200
0.782,1,Jun 04 2023 21: +0,1685908800
0.689,3,Jun 05 2023 00: +0,1685919600
0.636,1,Jun 05 2023 02: +0,1685926800
0.624,1,Jun 05 2023 06: +0,1685941200
0.584,2,Jun 05 2023 07: +0,1685944800
0.895,3,Jun 05 2023 09: +0,1685952000
0.892,1,Jun 05 2023 13: +0,1685966400
0.624,1,Jun 05 2023 16: +0,1685977200
0.892,3,Jun 05 2023 18: +0,1685984400
0.663,1,Jun 05 2023 19: +0,1685988000
0.946,6,Jun 05 2023 21: +0,1685995200
1.102,1,Jun 05 2023 22: +0,1685998800
0.792,3,Jun 06 2023 00: +0,1686006000
0.896,1,Jun 06 2023 07: +0,1686031200
0.672,1,Jun 06 2023 12: +0,1686049200
0.504,1,Jun 06 2023 14: +0,1686056400
0.643,1,Jun 06 2023 20: +0,1686078000
0.888,2,Jun 06 2023 23: +0,1686088800
0.853,1,Jun 07 2023 00: +0,1686092400
0.853,4,Jun 07 2023 01: +0,1686096000
0.655,1,Jun 07 2023 03: +0,1686103200
0.88,4,Jun 07 2023 06: +0,1686114000
0.673,1,Jun 07 2023 11: +0,1686132000
0.714,2,Jun 07 2023 17: +0,1686153600
0.768,5,Jun 07 2023 22: +0,1686171600
0.704,1,Jun 08 2023 02: +0,1686186000
0.848,5,Jun 08 2023 14: +0,1686229200
0.698,1,Jun 08 2023 15: +0,1686232800
0.622,2,Jun 08 2023 16: +0,1686236400
0.847,2,Jun 08 2023 18: +0,1686243600
0.856,1,Jun 08 2023 19: +0,1686247200
0.866,4,Jun 08 2023 20: +0,1686250800
0.7,5,Jun 08 2023 21: +0,1686254400
0.868,2,Jun 08 2023 22: +0,1686258000
0.864,1,Jun 08 2023 23: +0,1686261600
0.786,2,Jun 09 2023 10: +0,1686301200
0.867,6,Jun 09 2023 12: +0,1686308400
0.765,1,Jun 09 2023 14: +0,1686315600
0.785,1,Jun 09 2023 16: +0,1686322800
0.7,1,Jun 09 2023 17: +0,1686326400
0.76,1,Jun 09 2023 21: +0,1686340800
0.839,4,Jun 09 2023 22: +0,1686344400
0.851,6,Jun 09 2023 23: +0,1686348000
0.852,1,Jun 10 2023 00: +0,1686351600
0.78,1,Jun 10 2023 02: +0,1686358800
0.758,2,Jun 10 2023 03: +0,1686362400
0.601,1,Jun 10 2023 04: +0,1686366000
0.723,1,Jun 10 2023 05: +0,1686369600
0.848,1,Jun 10 2023 07: +0,1686376800
0.723,1,Jun 10 2023 09: +0,1686384000
0.724,3,Jun 10 2023 10: +0,1686387600
0.828,7,Jun 10 2023 16: +0,1686409200
0.841,1,Jun 10 2023 19: +0,1686420000
0.86,8,Jun 10 2023 22: +0,1686430800
0.705,2,Jun 10 2023 23: +0,1686434400
0.864,8,Jun 11 2023 01: +0,1686441600
0.876,1,Jun 11 2023 02: +0,1686445200
1.152,2,Jun 11 2023 03: +0,1686448800
0.773,1,Jun 11 2023 09: +0,1686470400
0.77,1,Jun 11 2023 11: +0,1686477600
1.3,5,Jun 11 2023 14: +0,1686488400
1.159,2,Jun 11 2023 15: +0,1686492000
0.837,1,Jun 11 2023 16: +0,1686495600
0.526,1,Jun 11 2023 19: +0,1686506400
0.579,2,Jun 11 2023 20: +0,1686510000
1.081,1,Jun 11 2023 22: +0,1686517200
0.756,1,Jun 12 2023 12: +0,1686567600
0.429,1,Jun 12 2023 13: +0,1686571200
0.981,2,Jun 12 2023 14: +0,1686574800
1.09,4,Jun 12 2023 18: +0,1686589200
1.159,8,Jun 13 2023 00: +0,1686610800
0.994,1,Jun 13 2023 02: +0,1686618000
0.934,2,Jun 13 2023 08: +0,1686639600
0.901,1,Jun 13 2023 10: +0,1686646800
0.9,2,Jun 13 2023 11: +0,1686650400
0.958,1,Jun 13 2023 13: +0,1686657600
0.958,3,Jun 13 2023 14: +0,1686661200
0.744,2,Jun 13 2023 15: +0,1686664800
1.12,5,Jun 13 2023 16: +0,1686668400
1.128,1,Jun 13 2023 18: +0,1686675600
1.272,1,Jun 13 2023 19: +0,1686679200
1.271,1,Jun 13 2023 21: +0,1686686400
1.277,1,Jun 14 2023 03: +0,1686708000
0.665,1,Jun 14 2023 04: +0,1686711600
1.211,1,Jun 14 2023 08: +0,1686726000
0.797,2,Jun 14 2023 10: +0,1686733200
1.199,1,Jun 14 2023 11: +0,1686736800
0.979,1,Jun 14 2023 14: +0,1686747600
1.096,4,Jun 14 2023 18: +0,1686762000
1.096,11,Jun 14 2023 19: +0,1686765600
1.061,1,Jun 14 2023 20: +0,1686769200
1.044,1,Jun 14 2023 23: +0,1686780000
1.144,18,Jun 15 2023 00: +0,1686783600
1.317,7,Jun 15 2023 01: +0,1686787200
0.915,1,Jun 15 2023 10: +0,1686819600
1.02,2,Jun 15 2023 14: +0,1686834000
1.078,1,Jun 15 2023 17: +0,1686844800
1.088,1,Jun 15 2023 18: +0,1686848400
1.021,2,Jun 15 2023 20: +0,1686855600
1.49,3,Jun 15 2023 23: +0,1686866400
0.874,1,Jun 16 2023 09: +0,1686902400
0.949,1,Jun 16 2023 10: +0,1686906000
0.951,1,Jun 16 2023 12: +0,1686913200
1.277,1,Jun 16 2023 14: +0,1686920400
0.849,1,Jun 16 2023 15: +0,1686924000
1.078,3,Jun 16 2023 17: +0,1686931200
1.229,1,Jun 16 2023 23: +0,1686952800
0.939,1,Jun 17 2023 01: +0,1686960000
1.256,8,Jun 17 2023 04: +0,1686970800
0.992,5,Jun 17 2023 17: +0,1687017600
0.962,1,Jun 18 2023 00: +0,1687042800
0.959,1,Jun 18 2023 01: +0,1687046400
0.95,1,Jun 18 2023 08: +0,1687071600
0.854,1,Jun 18 2023 13: +0,1687089600
0.906,2,Jun 18 2023 14: +0,1687093200
0.948,1,Jun 18 2023 15: +0,1687096800
0.96,1,Jun 18 2023 19: +0,1687111200
0.957,1,Jun 19 2023 05: +0,1687147200
0.946,1,Jun 19 2023 08: +0,1687158000
0.951,2,Jun 19 2023 09: +0,1687161600
0.948,2,Jun 19 2023 13: +0,1687176000
0.858,2,Jun 19 2023 15: +0,1687183200
0.954,1,Jun 19 2023 16: +0,1687186800
0.948,1,Jun 19 2023 18: +0,1687194000
0.96,6,Jun 19 2023 19: +0,1687197600
0.669,1,Jun 19 2023 21: +0,1687204800
0.961,1,Jun 20 2023 03: +0,1687226400
0.96,4,Jun 20 2023 04: +0,1687230000
0.956,2,Jun 20 2023 05: +0,1687233600
0.958,7,Jun 20 2023 14: +0,1687266000
0.979,1,Jun 20 2023 18: +0,1687280400
0.844,1,Jun 20 2023 19: +0,1687284000
0.883,1,Jun 20 2023 21: +0,1687291200
0.653,1,Jun 21 2023 03: +0,1687312800
1.023,3,Jun 21 2023 13: +0,1687348800
1.097,1,Jun 21 2023 14: +0,1687352400
1.088,1,Jun 21 2023 15: +0,1687356000
0.746,1,Jun 21 2023 19: +0,1687370400
1.106,1,Jun 21 2023 20: +0,1687374000
1.099,1,Jun 21 2023 22: +0,1687381200
0.748,1,Jun 22 2023 12: +0,1687431600
0.952,1,Jun 22 2023 16: +0,1687446000
0.734,1,Jun 22 2023 21: +0,1687464000
0.742,1,Jun 23 2023 00: +0,1687474800
0.731,8,Jun 23 2023 01: +0,1687478400
0.518,18,Jun 23 2023 02: +0,1687482000
0.434,10,Jun 23 2023 03: +0,1687485600
0.38,12,Jun 23 2023 04: +0,1687489200
0.36,20,Jun 23 2023 05: +0,1687492800
0.366,8,Jun 23 2023 06: +0,1687496400
0.372,8,Jun 23 2023 07: +0,1687500000
0.361,14,Jun 23 2023 08: +0,1687503600
0.381,18,Jun 23 2023 09: +0,1687507200
0.345,9,Jun 23 2023 10: +0,1687510800
0.344,18,Jun 23 2023 11: +0,1687514400
0.425,18,Jun 23 2023 12: +0,1687518000
0.362,13,Jun 23 2023 13: +0,1687521600
0.367,8,Jun 23 2023 14: +0,1687525200
0.358,9,Jun 23 2023 15: +0,1687528800
0.364,16,Jun 23 2023 16: +0,1687532400
0.418,9,Jun 23 2023 17: +0,1687536000
0.384,6,Jun 23 2023 18: +0,1687539600
0.353,10,Jun 23 2023 19: +0,1687543200
0.362,13,Jun 23 2023 20: +0,1687546800
0.394,13,Jun 23 2023 21: +0,1687550400
0.378,12,Jun 23 2023 22: +0,1687554000
0.425,1,Jun 23 2023 23: +0,1687557600
0.472,5,Jun 24 2023 00: +0,1687561200
0.438,7,Jun 24 2023 01: +0,1687564800
0.559,7,Jun 24 2023 02: +0,1687568400
0.477,2,Jun 24 2023 03: +0,1687572000
0.543,11,Jun 24 2023 04: +0,1687575600
0.59,3,Jun 24 2023 05: +0,1687579200
0.451,2,Jun 24 2023 06: +0,1687582800
0.381,3,Jun 24 2023 07: +0,1687586400
0.529,9,Jun 24 2023 08: +0,1687590000
0.39,5,Jun 24 2023 09: +0,1687593600
0.504,2,Jun 24 2023 10: +0,1687597200
0.615,8,Jun 24 2023 11: +0,1687600800
0.634,10,Jun 24 2023 12: +0,1687604400
0.681,6,Jun 24 2023 13: +0,1687608000
0.6,7,Jun 24 2023 14: +0,1687611600
0.58,5,Jun 24 2023 15: +0,1687615200
0.551,8,Jun 24 2023 16: +0,1687618800
0.524,6,Jun 24 2023 17: +0,1687622400
0.474,10,Jun 24 2023 18: +0,1687626000
0.5,9,Jun 24 2023 19: +0,1687629600
0.57,15,Jun 24 2023 20: +0,1687633200
0.6,9,Jun 24 2023 21: +0,1687636800
0.495,8,Jun 24 2023 22: +0,1687640400
0.464,9,Jun 24 2023 23: +0,1687644000
0.47,5,Jun 25 2023 00: +0,1687647600
0.51,3,Jun 25 2023 01: +0,1687651200
0.461,3,Jun 25 2023 02: +0,1687654800
0.457,4,Jun 25 2023 03: +0,1687658400
0.452,2,Jun 25 2023 04: +0,1687662000
0.457,2,Jun 25 2023 05: +0,1687665600
0.52,17,Jun 25 2023 06: +0,1687669200
0.464,1,Jun 25 2023 07: +0,1687672800
0.401,4,Jun 25 2023 08: +0,1687676400
0.454,2,Jun 25 2023 09: +0,1687680000
0.465,4,Jun 25 2023 10: +0,1687683600
0.458,8,Jun 25 2023 11: +0,1687687200
0.493,3,Jun 25 2023 12: +0,1687690800
0.72,28,Jun 25 2023 13: +0,1687694400
0.512,3,Jun 25 2023 14: +0,1687698000
0.646,4,Jun 25 2023 15: +0,1687701600
0.522,8,Jun 25 2023 16: +0,1687705200
0.645,6,Jun 25 2023 17: +0,1687708800
0.634,5,Jun 25 2023 18: +0,1687712400
0.668,6,Jun 25 2023 19: +0,1687716000
0.668,11,Jun 25 2023 20: +0,1687719600
0.651,4,Jun 25 2023 21: +0,1687723200
0.617,7,Jun 25 2023 22: +0,1687726800
0.595,1,Jun 25 2023 23: +0,1687730400
0.564,2,Jun 26 2023 00: +0,1687734000
0.506,1,Jun 26 2023 01: +0,1687737600
0.433,1,Jun 26 2023 02: +0,1687741200
0.514,2,Jun 26 2023 03: +0,1687744800
0.514,4,Jun 26 2023 04: +0,1687748400
0.527,4,Jun 26 2023 05: +0,1687752000
0.52,2,Jun 26 2023 06: +0,1687755600
0.527,2,Jun 26 2023 07: +0,1687759200
0.516,4,Jun 26 2023 08: +0,1687762800
0.553,4,Jun 26 2023 09: +0,1687766400
0.524,6,Jun 26 2023 10: +0,1687770000
0.513,7,Jun 26 2023 11: +0,1687773600
0.522,4,Jun 26 2023 12: +0,1687777200
0.536,2,Jun 26 2023 13: +0,1687780800
0.617,5,Jun 26 2023 14: +0,1687784400
0.7,4,Jun 26 2023 15: +0,1687788000
0.737,13,Jun 26 2023 16: +0,1687791600
0.615,10,Jun 26 2023 17: +0,1687795200
0.629,5,Jun 26 2023 18: +0,1687798800
0.677,6,Jun 26 2023 19: +0,1687802400
0.506,5,Jun 26 2023 20: +0,1687806000
0.6,12,Jun 26 2023 21: +0,1687809600
0.55,7,Jun 26 2023 22: +0,1687813200
0.532,3,Jun 26 2023 23: +0,1687816800
0.631,8,Jun 27 2023 00: +0,1687820400
0.768,4,Jun 27 2023 01: +0,1687824000
0.866,10,Jun 27 2023 02: +0,1687827600
0.866,3,Jun 27 2023 03: +0,1687831200
0.862,2,Jun 27 2023 04: +0,1687834800
0.866,1,Jun 27 2023 05: +0,1687838400
0.866,1,Jun 27 2023 07: +0,1687845600
0.779,3,Jun 27 2023 08: +0,1687849200
0.55,3,Jun 27 2023 09: +0,1687852800
0.575,3,Jun 27 2023 10: +0,1687856400
0.547,3,Jun 27 2023 11: +0,1687860000
0.572,5,Jun 27 2023 12: +0,1687863600
0.702,3,Jun 27 2023 13: +0,1687867200
0.659,7,Jun 27 2023 15: +0,1687874400
0.716,6,Jun 27 2023 16: +0,1687878000
0.736,4,Jun 27 2023 17: +0,1687881600
0.545,2,Jun 27 2023 18: +0,1687885200
0.587,2,Jun 27 2023 19: +0,1687888800
0.572,6,Jun 27 2023 20: +0,1687892400
0.575,2,Jun 27 2023 21: +0,1687896000
0.679,17,Jun 27 2023 22: +0,1687899600
0.915,9,Jun 27 2023 23: +0,1687903200
0.666,2,Jun 28 2023 00: +0,1687906800
0.557,1,Jun 28 2023 02: +0,1687914000
0.874,4,Jun 28 2023 03: +0,1687917600
0.874,4,Jun 28 2023 04: +0,1687921200
0.588,2,Jun 28 2023 06: +0,1687928400
0.572,3,Jun 28 2023 07: +0,1687932000
0.536,1,Jun 28 2023 08: +0,1687935600
0.749,6,Jun 28 2023 10: +0,1687942800
0.531,4,Jun 28 2023 11: +0,1687946400
0.643,7,Jun 28 2023 12: +0,1687950000
0.566,1,Jun 28 2023 13: +0,1687953600
0.639,4,Jun 28 2023 14: +0,1687957200
0.616,2,Jun 28 2023 15: +0,1687960800
0.557,7,Jun 28 2023 16: +0,1687964400
0.557,6,Jun 28 2023 17: +0,1687968000
0.573,12,Jun 28 2023 18: +0,1687971600
0.53,5,Jun 28 2023 19: +0,1687975200
0.584,10,Jun 28 2023 20: +0,1687978800
0.621,7,Jun 28 2023 21: +0,1687982400
0.559,2,Jun 28 2023 22: +0,1687986000
0.521,3,Jun 28 2023 23: +0,1687989600
0.521,3,Jun 29 2023 00: +0,1687993200
0.532,4,Jun 29 2023 01: +0,1687996800
0.538,3,Jun 29 2023 02: +0,1688000400
0.643,7,Jun 29 2023 03: +0,1688004000
0.612,1,Jun 29 2023 07: +0,1688018400
0.547,2,Jun 29 2023 08: +0,1688022000
0.529,2,Jun 29 2023 09: +0,1688025600
0.633,6,Jun 29 2023 11: +0,1688032800
0.53,1,Jun 29 2023 12: +0,1688036400
0.551,6,Jun 29 2023 13: +0,1688040000
0.549,5,Jun 29 2023 14: +0,1688043600
0.501,14,Jun 29 2023 15: +0,1688047200
0.548,6,Jun 29 2023 16: +0,1688050800
0.469,2,Jun 29 2023 17: +0,1688054400
0.477,2,Jun 29 2023 18: +0,1688058000
0.512,3,Jun 29 2023 19: +0,1688061600
0.607,9,Jun 29 2023 20: +0,1688065200
0.522,4,Jun 29 2023 21: +0,1688068800
0.528,7,Jun 29 2023 22: +0,1688072400
0.522,5,Jun 29 2023 23: +0,1688076000
0.196,1,Jun 30 2023 00: +0,1688079600
0.513,3,Jun 30 2023 01: +0,1688083200
0.491,2,Jun 30 2023 02: +0,1688086800
0.469,2,Jun 30 2023 03: +0,1688090400
0.519,3,Jun 30 2023 04: +0,1688094000
0.526,1,Jun 30 2023 05: +0,1688097600
0.482,1,Jun 30 2023 06: +0,1688101200
0.552,1,Jun 30 2023 07: +0,1688104800
0.548,8,Jun 30 2023 08: +0,1688108400
0.522,4,Jun 30 2023 10: +0,1688115600
0.524,2,Jun 30 2023 11: +0,1688119200
0.615,40,Jun 30 2023 12: +0,1688122800
0.532,4,Jun 30 2023 13: +0,1688126400
0.491,2,Jun 30 2023 14: +0,1688130000
0.53,7,Jun 30 2023 15: +0,1688133600
0.53,7,Jun 30 2023 16: +0,1688137200
0.519,7,Jun 30 2023 17: +0,1688140800
0.651,13,Jun 30 2023 18: +0,1688144400
0.576,11,Jun 30 2023 19: +0,1688148000
0.519,1,Jun 30 2023 20: +0,1688151600
0.516,7,Jun 30 2023 21: +0,1688155200
0.576,6,Jun 30 2023 22: +0,1688158800
0.568,5,Jun 30 2023 23: +0,1688162400
0.581,1,Jul 01 2023 00: +0,1688166000
0.567,2,Jul 01 2023 01: +0,1688169600
0.576,8,Jul 01 2023 02: +0,1688173200
0.581,1,Jul 01 2023 03: +0,1688176800
0.52,1,Jul 01 2023 04: +0,1688180400
0.527,4,Jul 01 2023 05: +0,1688184000
0.513,2,Jul 01 2023 06: +0,1688187600
0.59,12,Jul 01 2023 07: +0,1688191200
0.615,11,Jul 01 2023 08: +0,1688194800
0.52,3,Jul 01 2023 09: +0,1688198400
0.567,2,Jul 01 2023 10: +0,1688202000
0.524,3,Jul 01 2023 11: +0,1688205600
0.559,7,Jul 01 2023 12: +0,1688209200
0.607,6,Jul 01 2023 13: +0,1688212800
0.559,10,Jul 01 2023 14: +0,1688216400
0.524,8,Jul 01 2023 15: +0,1688220000
0.533,4,Jul 01 2023 16: +0,1688223600
0.507,3,Jul 01 2023 17: +0,1688227200
0.57,8,Jul 01 2023 18: +0,1688230800
0.619,7,Jul 01 2023 19: +0,1688234400
0.598,5,Jul 01 2023 20: +0,1688238000
0.55,5,Jul 01 2023 21: +0,1688241600
0.533,6,Jul 01 2023 22: +0,1688245200
0.506,3,Jul 01 2023 23: +0,1688248800
0.67,8,Jul 02 2023 00: +0,1688252400
0.623,4,Jul 02 2023 01: +0,1688256000
0.566,6,Jul 02 2023 02: +0,1688259600
0.559,5,Jul 02 2023 03: +0,1688263200
0.55,1,Jul 02 2023 04: +0,1688266800
0.583,5,Jul 02 2023 05: +0,1688270400
0.559,1,Jul 02 2023 06: +0,1688274000
0.599,2,Jul 02 2023 07: +0,1688277600
0.559,3,Jul 02 2023 08: +0,1688281200
0.559,5,Jul 02 2023 09: +0,1688284800
0.567,3,Jul 02 2023 10: +0,1688288400
0.591,7,Jul 02 2023 11: +0,1688292000
0.621,4,Jul 02 2023 12: +0,1688295600
0.627,6,Jul 02 2023 13: +0,1688299200
0.627,3,Jul 02 2023 14: +0,1688302800
0.597,2,Jul 02 2023 15: +0,1688306400
0.593,7,Jul 02 2023 16: +0,1688310000
0.687,6,Jul 02 2023 17: +0,1688313600
0.67,5,Jul 02 2023 18: +0,1688317200
0.602,7,Jul 02 2023 19: +0,1688320800
0.602,4,Jul 02 2023 20: +0,1688324400
0.567,5,Jul 02 2023 21: +0,1688328000
0.567,5,Jul 02 2023 22: +0,1688331600
0.542,2,Jul 02 2023 23: +0,1688335200
0.533,3,Jul 03 2023 00: +0,1688338800
0.485,5,Jul 03 2023 01: +0,1688342400
0.52,2,Jul 03 2023 02: +0,1688346000
0.518,2,Jul 03 2023 03: +0,1688349600
0.512,3,Jul 03 2023 04: +0,1688353200
0.447,2,Jul 03 2023 05: +0,1688356800
0.528,3,Jul 03 2023 06: +0,1688360400
0.543,3,Jul 03 2023 07: +0,1688364000
0.521,2,Jul 03 2023 08: +0,1688367600
0.521,2,Jul 03 2023 09: +0,1688371200
0.544,9,Jul 03 2023 10: +0,1688374800
0.547,1,Jul 03 2023 11: +0,1688378400
0.497,2,Jul 03 2023 12: +0,1688382000
0.564,3,Jul 03 2023 13: +0,1688385600
0.512,7,Jul 03 2023 14: +0,1688389200
0.527,2,Jul 03 2023 15: +0,1688392800
0.512,5,Jul 03 2023 16: +0,1688396400
0.543,17,Jul 03 2023 17: +0,1688400000
0.53,7,Jul 03 2023 18: +0,1688403600
0.587,2,Jul 03 2023 19: +0,1688407200
0.512,3,Jul 03 2023 20: +0,1688410800
0.529,4,Jul 03 2023 21: +0,1688414400
0.584,5,Jul 03 2023 22: +0,1688418000
0.666,25,Jul 03 2023 23: +0,1688421600
0.638,5,Jul 04 2023 00: +0,1688425200
0.797,5,Jul 04 2023 01: +0,1688428800
0.552,1,Jul 04 2023 02: +0,1688432400
0.651,2,Jul 04 2023 03: +0,1688436000
0.524,1,Jul 04 2023 04: +0,1688439600
0.524,1,Jul 04 2023 06: +0,1688446800
0.534,1,Jul 04 2023 07: +0,1688450400
0.512,3,Jul 04 2023 08: +0,1688454000
0.489,3,Jul 04 2023 09: +0,1688457600
0.593,7,Jul 04 2023 10: +0,1688461200
0.512,1,Jul 04 2023 11: +0,1688464800
0.554,1,Jul 04 2023 12: +0,1688468400
0.522,2,Jul 04 2023 13: +0,1688472000
0.524,5,Jul 04 2023 14: +0,1688475600
0.524,2,Jul 04 2023 15: +0,1688479200
0.523,2,Jul 04 2023 16: +0,1688482800
0.475,2,Jul 04 2023 17: +0,1688486400
0.587,9,Jul 04 2023 18: +0,1688490000
0.459,2,Jul 04 2023 19: +0,1688493600
0.463,1,Jul 04 2023 20: +0,1688497200
0.496,4,Jul 04 2023 21: +0,1688500800
0.471,3,Jul 04 2023 22: +0,1688504400
0.457,3,Jul 04 2023 23: +0,1688508000
0.474,3,Jul 05 2023 00: +0,1688511600
0.582,5,Jul 05 2023 01: +0,1688515200
0.474,1,Jul 05 2023 02: +0,1688518800
0.378,1,Jul 05 2023 04: +0,1688526000
0.519,2,Jul 05 2023 05: +0,1688529600
0.55,1,Jul 05 2023 06: +0,1688533200
0.485,4,Jul 05 2023 07: +0,1688536800
0.425,2,Jul 05 2023 09: +0,1688544000
0.508,2,Jul 05 2023 10: +0,1688547600
0.44,2,Jul 05 2023 11: +0,1688551200
0.472,4,Jul 05 2023 13: +0,1688558400
0.483,1,Jul 05 2023 14: +0,1688562000
0.441,3,Jul 05 2023 15: +0,1688565600
0.55,1,Jul 05 2023 16: +0,1688569200
0.618,1,Jul 05 2023 17: +0,1688572800
0.628,17,Jul 05 2023 19: +0,1688580000
0.698,3,Jul 05 2023 20: +0,1688583600
0.7,4,Jul 05 2023 21: +0,1688587200
0.7,7,Jul 05 2023 22: +0,1688590800
0.702,4,Jul 05 2023 23: +0,1688594400
0.7,3,Jul 06 2023 00: +0,1688598000
0.702,6,Jul 06 2023 01: +0,1688601600
0.712,8,Jul 06 2023 02: +0,1688605200
0.536,1,Jul 06 2023 04: +0,1688612400
0.629,5,Jul 06 2023 05: +0,1688616000
0.622,1,Jul 06 2023 06: +0,1688619600
0.723,3,Jul 06 2023 07: +0,1688623200
0.539,1,Jul 06 2023 08: +0,1688626800
0.739,1,Jul 06 2023 10: +0,1688634000
0.561,1,Jul 06 2023 11: +0,1688637600
0.654,2,Jul 06 2023 12: +0,1688641200
0.543,4,Jul 06 2023 13: +0,1688644800
0.649,1,Jul 06 2023 14: +0,1688648400
0.565,4,Jul 06 2023 15: +0,1688652000
0.57,3,Jul 06 2023 16: +0,1688655600
0.573,3,Jul 06 2023 17: +0,1688659200
0.569,4,Jul 06 2023 18: +0,1688662800
0.574,7,Jul 06 2023 19: +0,1688666400
0.55,4,Jul 06 2023 20: +0,1688670000
0.484,2,Jul 06 2023 21: +0,1688673600
0.51,1,Jul 06 2023 22: +0,1688677200
0.567,4,Jul 06 2023 23: +0,1688680800
0.583,1,Jul 07 2023 00: +0,1688684400
0.55,4,Jul 07 2023 01: +0,1688688000
0.666,5,Jul 07 2023 02: +0,1688691600
0.545,4,Jul 07 2023 03: +0,1688695200
0.538,3,Jul 07 2023 04: +0,1688698800
0.538,2,Jul 07 2023 06: +0,1688706000
0.683,10,Jul 07 2023 09: +0,1688716800
0.531,2,Jul 07 2023 10: +0,1688720400
0.538,3,Jul 07 2023 11: +0,1688724000
0.536,3,Jul 07 2023 12: +0,1688727600
0.673,9,Jul 07 2023 13: +0,1688731200
0.511,3,Jul 07 2023 14: +0,1688734800
0.579,4,Jul 07 2023 15: +0,1688738400
0.54,1,Jul 07 2023 16: +0,1688742000
0.54,3,Jul 07 2023 17: +0,1688745600
0.534,4,Jul 07 2023 18: +0,1688749200
0.529,5,Jul 07 2023 19: +0,1688752800
0.527,4,Jul 07 2023 20: +0,1688756400
0.675,3,Jul 07 2023 21: +0,1688760000
0.53,5,Jul 07 2023 22: +0,1688763600
0.574,2,Jul 07 2023 23: +0,1688767200
0.512,4,Jul 08 2023 00: +0,1688770800
0.513,3,Jul 08 2023 01: +0,1688774400
0.533,1,Jul 08 2023 02: +0,1688778000
0.53,4,Jul 08 2023 03: +0,1688781600
0.494,4,Jul 08 2023 04: +0,1688785200
0.571,2,Jul 08 2023 06: +0,1688792400
0.516,2,Jul 08 2023 07: +0,1688796000
0.513,2,Jul 08 2023 09: +0,1688803200
0.51,1,Jul 08 2023 10: +0,1688806800
0.58,4,Jul 08 2023 11: +0,1688810400
0.373,1,Jul 08 2023 12: +0,1688814000
0.51,3,Jul 08 2023 15: +0,1688824800
0.629,2,Jul 08 2023 16: +0,1688828400
0.634,6,Jul 08 2023 17: +0,1688832000
0.513,5,Jul 08 2023 18: +0,1688835600
0.518,4,Jul 08 2023 19: +0,1688839200
0.516,3,Jul 08 2023 20: +0,1688842800
0.465,2,Jul 08 2023 21: +0,1688846400
0.513,3,Jul 08 2023 22: +0,1688850000
0.513,3,Jul 08 2023 23: +0,1688853600
0.51,3,Jul 09 2023 00: +0,1688857200
0.511,1,Jul 09 2023 01: +0,1688860800
0.479,3,Jul 09 2023 02: +0,1688864400
0.471,2,Jul 09 2023 03: +0,1688868000
0.479,2,Jul 09 2023 04: +0,1688871600
0.418,1,Jul 09 2023 05: +0,1688875200
0.567,10,Jul 09 2023 06: +0,1688878800
0.469,1,Jul 09 2023 08: +0,1688886000
0.472,1,Jul 09 2023 09: +0,1688889600
0.471,2,Jul 09 2023 10: +0,1688893200
0.471,3,Jul 09 2023 11: +0,1688896800
0.471,4,Jul 09 2023 12: +0,1688900400
0.472,2,Jul 09 2023 13: +0,1688904000
0.468,4,Jul 09 2023 14: +0,1688907600
0.51,2,Jul 09 2023 15: +0,1688911200
0.62,9,Jul 09 2023 16: +0,1688914800
0.472,5,Jul 09 2023 17: +0,1688918400
0.637,12,Jul 09 2023 18: +0,1688922000
0.649,6,Jul 09 2023 19: +0,1688925600
0.496,3,Jul 09 2023 20: +0,1688929200
0.462,6,Jul 09 2023 21: +0,1688932800
0.468,2,Jul 09 2023 23: +0,1688940000
0.462,1,Jul 10 2023 01: +0,1688947200
0.466,3,Jul 10 2023 02: +0,1688950800
0.462,2,Jul 10 2023 03: +0,1688954400
0.465,1,Jul 10 2023 05: +0,1688961600
0.463,3,Jul 10 2023 06: +0,1688965200
0.466,8,Jul 10 2023 08: +0,1688972400
0.451,2,Jul 10 2023 09: +0,1688976000
0.436,3,Jul 10 2023 10: +0,1688979600
0.433,2,Jul 10 2023 11: +0,1688983200
0.445,1,Jul 10 2023 12: +0,1688986800
0.437,3,Jul 10 2023 13: +0,1688990400
0.539,1,Jul 10 2023 14: +0,1688994000
0.542,4,Jul 10 2023 15: +0,1688997600
0.645,50,Jul 10 2023 17: +0,1689004800
0.614,8,Jul 10 2023 18: +0,1689008400
0.723,12,Jul 10 2023 19: +0,1689012000
0.614,9,Jul 10 2023 20: +0,1689015600
0.608,1,Jul 10 2023 21: +0,1689019200
0.613,2,Jul 10 2023 23: +0,1689026400
0.613,7,Jul 11 2023 00: +0,1689030000
0.613,2,Jul 11 2023 01: +0,1689033600
0.613,7,Jul 11 2023 02: +0,1689037200
0.613,3,Jul 11 2023 03: +0,1689040800
0.588,5,Jul 11 2023 04: +0,1689044400
0.588,4,Jul 11 2023 05: +0,1689048000
0.588,3,Jul 11 2023 06: +0,1689051600
0.588,3,Jul 11 2023 07: +0,1689055200
0.588,2,Jul 11 2023 08: +0,1689058800
0.572,1,Jul 11 2023 09: +0,1689062400
0.572,6,Jul 11 2023 10: +0,1689066000
0.517,1,Jul 11 2023 11: +0,1689069600
0.532,3,Jul 11 2023 12: +0,1689073200
0.533,5,Jul 11 2023 14: +0,1689080400
0.506,3,Jul 11 2023 15: +0,1689084000
0.506,2,Jul 11 2023 16: +0,1689087600
0.478,5,Jul 11 2023 17: +0,1689091200
0.485,3,Jul 11 2023 18: +0,1689094800
0.456,4,Jul 11 2023 19: +0,1689098400
0.456,6,Jul 11 2023 20: +0,1689102000
0.517,6,Jul 11 2023 21: +0,1689105600
0.448,3,Jul 11 2023 22: +0,1689109200
0.457,1,Jul 11 2023 23: +0,1689112800
0.492,1,Jul 12 2023 00: +0,1689116400
0.483,6,Jul 12 2023 01: +0,1689120000
0.457,1,Jul 12 2023 02: +0,1689123600
0.453,2,Jul 12 2023 04: +0,1689130800
0.528,2,Jul 12 2023 06: +0,1689138000
0.467,1,Jul 12 2023 09: +0,1689148800
0.457,3,Jul 12 2023 10: +0,1689152400
0.475,2,Jul 12 2023 11: +0,1689156000
0.458,4,Jul 12 2023 12: +0,1689159600
0.462,6,Jul 12 2023 13: +0,1689163200
0.457,6,Jul 12 2023 14: +0,1689166800
0.465,3,Jul 12 2023 15: +0,1689170400
0.48,8,Jul 12 2023 16: +0,1689174000
0.526,8,Jul 12 2023 17: +0,1689177600
0.473,2,Jul 12 2023 18: +0,1689181200
0.57,4,Jul 12 2023 19: +0,1689184800
0.457,5,Jul 12 2023 20: +0,1689188400
0.454,4,Jul 12 2023 22: +0,1689195600
0.406,3,Jul 12 2023 23: +0,1689199200
0.436,2,Jul 13 2023 00: +0,1689202800
0.437,7,Jul 13 2023 01: +0,1689206400
0.457,3,Jul 13 2023 02: +0,1689210000
0.456,2,Jul 13 2023 03: +0,1689213600
0.382,3,Jul 13 2023 04: +0,1689217200
0.438,4,Jul 13 2023 05: +0,1689220800
0.448,3,Jul 13 2023 06: +0,1689224400
0.465,3,Jul 13 2023 07: +0,1689228000
0.479,4,Jul 13 2023 08: +0,1689231600
0.561,9,Jul 13 2023 09: +0,1689235200
0.565,3,Jul 13 2023 10: +0,1689238800
0.434,4,Jul 13 2023 11: +0,1689242400
0.496,3,Jul 13 2023 12: +0,1689246000
0.435,2,Jul 13 2023 13: +0,1689249600
0.43,10,Jul 13 2023 14: +0,1689253200
0.489,4,Jul 13 2023 15: +0,1689256800
0.546,4,Jul 13 2023 16: +0,1689260400
0.499,9,Jul 13 2023 17: +0,1689264000
0.489,3,Jul 13 2023 18: +0,1689267600
0.485,4,Jul 13 2023 19: +0,1689271200
0.529,6,Jul 13 2023 20: +0,1689274800
0.518,2,Jul 13 2023 21: +0,1689278400
0.489,3,Jul 13 2023 22: +0,1689282000
0.433,2,Jul 13 2023 23: +0,1689285600
0.453,3,Jul 14 2023 00: +0,1689289200
0.441,4,Jul 14 2023 03: +0,1689300000
0.487,1,Jul 14 2023 04: +0,1689303600
0.466,1,Jul 14 2023 05: +0,1689307200
0.535,5,Jul 14 2023 06: +0,1689310800
0.464,2,Jul 14 2023 07: +0,1689314400
0.465,3,Jul 14 2023 08: +0,1689318000
0.465,6,Jul 14 2023 09: +0,1689321600
0.433,1,Jul 14 2023 10: +0,1689325200
0.476,2,Jul 14 2023 11: +0,1689328800
0.523,2,Jul 14 2023 12: +0,1689332400
0.499,4,Jul 14 2023 13: +0,1689336000
0.489,6,Jul 14 2023 14: +0,1689339600
0.443,5,Jul 14 2023 15: +0,1689343200
0.46,2,Jul 14 2023 16: +0,1689346800
0.438,3,Jul 14 2023 17: +0,1689350400
0.475,4,Jul 14 2023 18: +0,1689354000
0.439,8,Jul 14 2023 19: +0,1689357600
0.442,4,Jul 14 2023 20: +0,1689361200
0.458,1,Jul 14 2023 21: +0,1689364800
0.463,3,Jul 14 2023 22: +0,1689368400
0.448,1,Jul 14 2023 23: +0,1689372000
0.49,11,Jul 15 2023 00: +0,1689375600
0.485,2,Jul 15 2023 01: +0,1689379200
0.454,1,Jul 15 2023 02: +0,1689382800
0.49,2,Jul 15 2023 05: +0,1689393600
0.454,1,Jul 15 2023 06: +0,1689397200
0.473,1,Jul 15 2023 07: +0,1689400800
0.528,9,Jul 15 2023 09: +0,1689408000
0.442,4,Jul 15 2023 10: +0,1689411600
0.463,8,Jul 15 2023 11: +0,1689415200
0.43,4,Jul 15 2023 12: +0,1689418800
0.486,1,Jul 15 2023 13: +0,1689422400
0.522,4,Jul 15 2023 14: +0,1689426000
0.465,1,Jul 15 2023 15: +0,1689429600
0.413,2,Jul 15 2023 16: +0,1689433200
0.476,4,Jul 15 2023 17: +0,1689436800
0.465,6,Jul 15 2023 18: +0,1689440400
0.467,4,Jul 15 2023 19: +0,1689444000
0.438,1,Jul 15 2023 20: +0,1689447600
0.488,5,Jul 15 2023 21: +0,1689451200
0.427,4,Jul 15 2023 22: +0,1689454800
0.463,1,Jul 15 2023 23: +0,1689458400
0.463,1,Jul 16 2023 00: +0,1689462000
0.474,5,Jul 16 2023 01: +0,1689465600
0.47,2,Jul 16 2023 03: +0,1689472800
0.474,1,Jul 16 2023 04: +0,1689476400
0.454,4,Jul 16 2023 05: +0,1689480000
0.476,1,Jul 16 2023 07: +0,1689487200
0.463,1,Jul 16 2023 08: +0,1689490800
0.471,4,Jul 16 2023 09: +0,1689494400
0.437,5,Jul 16 2023 10: +0,1689498000
0.475,1,Jul 16 2023 11: +0,1689501600
0.465,4,Jul 16 2023 12: +0,1689505200
0.488,8,Jul 16 2023 13: +0,1689508800
0.441,4,Jul 16 2023 14: +0,1689512400
0.476,6,Jul 16 2023 15: +0,1689516000
0.495,2,Jul 16 2023 16: +0,1689519600
0.486,9,Jul 16 2023 17: +0,1689523200
0.445,1,Jul 16 2023 18: +0,1689526800
0.493,13,Jul 16 2023 19: +0,1689530400
0.493,6,Jul 16 2023 20: +0,1689534000
0.489,2,Jul 16 2023 21: +0,1689537600
0.428,3,Jul 16 2023 22: +0,1689541200
0.437,1,Jul 16 2023 23: +0,1689544800
0.442,1,Jul 17 2023 00: +0,1689548400
0.42,5,Jul 17 2023 01: +0,1689552000
0.435,3,Jul 17 2023 02: +0,1689555600
0.351,1,Jul 17 2023 03: +0,1689559200
0.435,1,Jul 17 2023 04: +0,1689562800
0.432,2,Jul 17 2023 05: +0,1689566400
0.419,2,Jul 17 2023 06: +0,1689570000
0.367,2,Jul 17 2023 07: +0,1689573600
0.429,4,Jul 17 2023 08: +0,1689577200
0.454,1,Jul 17 2023 09: +0,1689580800
0.411,1,Jul 17 2023 10: +0,1689584400
0.452,5,Jul 17 2023 11: +0,1689588000
0.492,26,Jul 17 2023 12: +0,1689591600
0.533,7,Jul 17 2023 13: +0,1689595200
0.533,1,Jul 17 2023 14: +0,1689598800
0.434,4,Jul 17 2023 15: +0,1689602400
0.436,1,Jul 17 2023 16: +0,1689606000
0.507,5,Jul 17 2023 17: +0,1689609600
0.431,3,Jul 17 2023 18: +0,1689613200
0.487,2,Jul 17 2023 19: +0,1689616800
0.528,1,Jul 17 2023 20: +0,1689620400
0.53,6,Jul 17 2023 21: +0,1689624000
0.401,2,Jul 17 2023 22: +0,1689627600
0.434,2,Jul 17 2023 23: +0,1689631200
0.436,2,Jul 18 2023 00: +0,1689634800
0.4,2,Jul 18 2023 01: +0,1689638400
0.459,5,Jul 18 2023 02: +0,1689642000
0.558,33,Jul 18 2023 03: +0,1689645600
0.413,1,Jul 18 2023 06: +0,1689656400
0.452,1,Jul 18 2023 07: +0,1689660000
0.498,1,Jul 18 2023 08: +0,1689663600
0.504,3,Jul 18 2023 09: +0,1689667200
0.452,3,Jul 18 2023 10: +0,1689670800
0.457,1,Jul 18 2023 11: +0,1689674400
0.434,2,Jul 18 2023 12: +0,1689678000
0.435,6,Jul 18 2023 13: +0,1689681600
0.426,4,Jul 18 2023 14: +0,1689685200
0.502,6,Jul 18 2023 15: +0,1689688800
0.444,2,Jul 18 2023 16: +0,1689692400
0.414,2,Jul 18 2023 17: +0,1689696000
0.488,5,Jul 18 2023 18: +0,1689699600
0.535,4,Jul 18 2023 19: +0,1689703200
0.435,3,Jul 18 2023 20: +0,1689706800
0.423,2,Jul 18 2023 21: +0,1689710400
0.435,5,Jul 18 2023 22: +0,1689714000
0.426,3,Jul 18 2023 23: +0,1689717600
0.435,3,Jul 19 2023 00: +0,1689721200
0.414,2,Jul 19 2023 01: +0,1689724800
0.435,1,Jul 19 2023 03: +0,1689732000
0.431,2,Jul 19 2023 04: +0,1689735600
0.426,1,Jul 19 2023 05: +0,1689739200
0.419,3,Jul 19 2023 07: +0,1689746400
0.51,4,Jul 19 2023 08: +0,1689750000
0.426,1,Jul 19 2023 09: +0,1689753600
0.426,1,Jul 19 2023 10: +0,1689757200
0.476,3,Jul 19 2023 11: +0,1689760800
0.421,2,Jul 19 2023 12: +0,1689764400
0.43,1,Jul 19 2023 13: +0,1689768000
0.517,31,Jul 19 2023 14: +0,1689771600
0.427,5,Jul 19 2023 15: +0,1689775200
0.433,4,Jul 19 2023 16: +0,1689778800
0.439,2,Jul 19 2023 17: +0,1689782400
0.414,4,Jul 19 2023 18: +0,1689786000
0.504,9,Jul 19 2023 20: +0,1689793200
0.439,4,Jul 19 2023 21: +0,1689796800
0.421,1,Jul 19 2023 22: +0,1689800400
0.433,1,Jul 19 2023 23: +0,1689804000
0.452,5,Jul 20 2023 00: +0,1689807600
0.436,3,Jul 20 2023 01: +0,1689811200
0.433,1,Jul 20 2023 03: +0,1689818400
0.432,2,Jul 20 2023 04: +0,1689822000
0.43,3,Jul 20 2023 06: +0,1689829200
0.423,2,Jul 20 2023 09: +0,1689840000
0.467,3,Jul 20 2023 10: +0,1689843600
0.437,4,Jul 20 2023 11: +0,1689847200
0.391,1,Jul 20 2023 12: +0,1689850800
0.447,2,Jul 20 2023 13: +0,1689854400
0.471,1,Jul 20 2023 14: +0,1689858000
0.442,5,Jul 20 2023 15: +0,1689861600
0.419,2,Jul 20 2023 16: +0,1689865200
0.428,8,Jul 20 2023 17: +0,1689868800
0.467,8,Jul 20 2023 18: +0,1689872400
0.436,5,Jul 20 2023 19: +0,1689876000
0.428,3,Jul 20 2023 20: +0,1689879600
0.43,4,Jul 20 2023 21: +0,1689883200
0.426,5,Jul 20 2023 22: +0,1689886800
0.498,13,Jul 20 2023 23: +0,1689890400
0.428,4,Jul 21 2023 01: +0,1689897600
0.54,14,Jul 21 2023 02: +0,1689901200
0.441,2,Jul 21 2023 04: +0,1689908400
0.587,3,Jul 21 2023 06: +0,1689915600
0.591,4,Jul 21 2023 07: +0,1689919200
0.57,2,Jul 21 2023 09: +0,1689926400
0.537,1,Jul 21 2023 10: +0,1689930000
0.597,4,Jul 21 2023 11: +0,1689933600
0.468,4,Jul 21 2023 12: +0,1689937200
0.57,8,Jul 21 2023 14: +0,1689944400
0.468,2,Jul 21 2023 15: +0,1689948000
0.53,2,Jul 21 2023 16: +0,1689951600
0.469,4,Jul 21 2023 17: +0,1689955200
0.46,3,Jul 21 2023 18: +0,1689958800
0.52,7,Jul 21 2023 19: +0,1689962400
0.469,1,Jul 21 2023 20: +0,1689966000
0.528,2,Jul 21 2023 21: +0,1689969600
0.428,1,Jul 21 2023 23: +0,1689976800
0.465,4,Jul 22 2023 00: +0,1689980400
0.49,1,Jul 22 2023 01: +0,1689984000
0.498,1,Jul 22 2023 03: +0,1689991200
0.49,1,Jul 22 2023 04: +0,1689994800
0.452,2,Jul 22 2023 05: +0,1689998400
0.49,7,Jul 22 2023 06: +0,1690002000
0.499,16,Jul 22 2023 07: +0,1690005600
0.416,1,Jul 22 2023 08: +0,1690009200
0.501,6,Jul 22 2023 09: +0,1690012800
0.506,4,Jul 22 2023 10: +0,1690016400
0.508,3,Jul 22 2023 11: +0,1690020000
0.5,4,Jul 22 2023 12: +0,1690023600
0.49,3,Jul 22 2023 13: +0,1690027200
0.49,2,Jul 22 2023 14: +0,1690030800
0.49,2,Jul 22 2023 15: +0,1690034400
0.49,4,Jul 22 2023 16: +0,1690038000
0.467,3,Jul 22 2023 18: +0,1690045200
0.492,1,Jul 22 2023 19: +0,1690048800
0.499,4,Jul 22 2023 20: +0,1690052400
0.467,3,Jul 22 2023 21: +0,1690056000
0.468,1,Jul 22 2023 22: +0,1690059600
0.468,6,Jul 22 2023 23: +0,1690063200
0.515,1,Jul 23 2023 00: +0,1690066800
0.538,2,Jul 23 2023 01: +0,1690070400
0.546,9,Jul 23 2023 02: +0,1690074000
0.514,4,Jul 23 2023 04: +0,1690081200
0.491,3,Jul 23 2023 05: +0,1690084800
0.585,4,Jul 23 2023 06: +0,1690088400
0.491,2,Jul 23 2023 08: +0,1690095600
0.491,3,Jul 23 2023 09: +0,1690099200
0.399,1,Jul 23 2023 10: +0,1690102800
0.506,2,Jul 23 2023 11: +0,1690106400
0.476,2,Jul 23 2023 12: +0,1690110000
0.495,2,Jul 23 2023 13: +0,1690113600
0.399,1,Jul 23 2023 14: +0,1690117200
0.514,6,Jul 23 2023 15: +0,1690120800
0.506,4,Jul 23 2023 16: +0,1690124400
0.477,2,Jul 23 2023 17: +0,1690128000
0.538,9,Jul 23 2023 19: +0,1690135200
0.521,7,Jul 23 2023 20: +0,1690138800
0.514,2,Jul 23 2023 21: +0,1690142400
0.569,4,Jul 23 2023 22: +0,1690146000
0.498,4,Jul 23 2023 23: +0,1690149600
0.547,1,Jul 24 2023 00: +0,1690153200
0.625,1,Jul 24 2023 01: +0,1690156800
0.608,1,Jul 24 2023 02: +0,1690160400
0.625,3,Jul 24 2023 04: +0,1690167600
0.532,2,Jul 24 2023 06: +0,1690174800
0.547,1,Jul 24 2023 07: +0,1690178400
0.524,2,Jul 24 2023 08: +0,1690182000
0.564,1,Jul 24 2023 10: +0,1690189200
0.564,4,Jul 24 2023 11: +0,1690192800
0.463,4,Jul 24 2023 12: +0,1690196400
0.564,1,Jul 24 2023 13: +0,1690200000
0.573,3,Jul 24 2023 14: +0,1690203600
0.507,7,Jul 24 2023 15: +0,1690207200
0.554,5,Jul 24 2023 16: +0,1690210800
0.521,4,Jul 24 2023 17: +0,1690214400
0.488,4,Jul 24 2023 18: +0,1690218000
0.569,16,Jul 24 2023 19: +0,1690221600
0.507,5,Jul 24 2023 20: +0,1690225200
0.527,3,Jul 24 2023 21: +0,1690228800
0.507,4,Jul 24 2023 22: +0,1690232400
0.574,6,Jul 24 2023 23: +0,1690236000
0.577,3,Jul 25 2023 00: +0,1690239600
0.613,5,Jul 25 2023 01: +0,1690243200
0.577,1,Jul 25 2023 02: +0,1690246800
0.569,4,Jul 25 2023 04: +0,1690254000
0.538,3,Jul 25 2023 06: +0,1690261200
0.507,1,Jul 25 2023 07: +0,1690264800
0.538,1,Jul 25 2023 08: +0,1690268400
0.491,2,Jul 25 2023 09: +0,1690272000
0.499,3,Jul 25 2023 10: +0,1690275600
0.527,4,Jul 25 2023 11: +0,1690279200
0.491,3,Jul 25 2023 12: +0,1690282800
0.484,1,Jul 25 2023 13: +0,1690286400
0.517,6,Jul 25 2023 14: +0,1690290000
0.491,3,Jul 25 2023 15: +0,1690293600
0.476,2,Jul 25 2023 16: +0,1690297200
0.476,4,Jul 25 2023 17: +0,1690300800
0.501,4,Jul 25 2023 20: +0,1690311600
0.34,2,Jul 25 2023 22: +0,1690318800
0.476,2,Jul 26 2023 00: +0,1690326000
0.529,2,Jul 26 2023 01: +0,1690329600
0.495,2,Jul 26 2023 02: +0,1690333200
0.392,1,Jul 26 2023 03: +0,1690336800
0.511,1,Jul 26 2023 04: +0,1690340400
0.511,1,Jul 26 2023 05: +0,1690344000
0.515,2,Jul 26 2023 06: +0,1690347600
0.542,11,Jul 26 2023 07: +0,1690351200
0.516,3,Jul 26 2023 08: +0,1690354800
0.509,2,Jul 26 2023 10: +0,1690362000
0.516,1,Jul 26 2023 11: +0,1690365600
0.512,5,Jul 26 2023 12: +0,1690369200
0.464,1,Jul 26 2023 13: +0,1690372800
0.559,3,Jul 26 2023 14: +0,1690376400
0.457,5,Jul 26 2023 15: +0,1690380000
0.449,5,Jul 26 2023 16: +0,1690383600
0.488,4,Jul 26 2023 17: +0,1690387200
0.457,8,Jul 26 2023 18: +0,1690390800
0.512,10,Jul 26 2023 19: +0,1690394400
0.503,4,Jul 26 2023 20: +0,1690398000
0.522,5,Jul 26 2023 21: +0,1690401600
0.495,5,Jul 26 2023 22: +0,1690405200
0.526,4,Jul 26 2023 23: +0,1690408800
0.503,3,Jul 27 2023 00: +0,1690412400
0.514,1,Jul 27 2023 01: +0,1690416000
0.495,13,Jul 27 2023 02: +0,1690419600
0.53,4,Jul 27 2023 03: +0,1690423200
0.511,2,Jul 27 2023 04: +0,1690426800
0.503,2,Jul 27 2023 05: +0,1690430400
0.541,1,Jul 27 2023 06: +0,1690434000
0.503,3,Jul 27 2023 07: +0,1690437600
0.58,20,Jul 27 2023 08: +0,1690441200
0.625,10,Jul 27 2023 09: +0,1690444800
0.643,3,Jul 27 2023 10: +0,1690448400
0.512,8,Jul 27 2023 11: +0,1690452000
0.517,4,Jul 27 2023 13: +0,1690459200
0.498,3,Jul 27 2023 14: +0,1690462800
0.51,4,Jul 27 2023 15: +0,1690466400
0.481,4,Jul 27 2023 16: +0,1690470000
0.536,2,Jul 27 2023 17: +0,1690473600
0.524,3,Jul 27 2023 18: +0,1690477200
0.492,2,Jul 27 2023 19: +0,1690480800
0.517,3,Jul 27 2023 20: +0,1690484400
0.467,7,Jul 27 2023 21: +0,1690488000
0.511,2,Jul 27 2023 22: +0,1690491600
0.53,7,Jul 27 2023 23: +0,1690495200
0.53,3,Jul 28 2023 00: +0,1690498800
0.53,6,Jul 28 2023 01: +0,1690502400
0.521,2,Jul 28 2023 02: +0,1690506000
0.49,2,Jul 28 2023 03: +0,1690509600
0.49,3,Jul 28 2023 04: +0,1690513200
0.467,1,Jul 28 2023 05: +0,1690516800
0.475,1,Jul 28 2023 06: +0,1690520400
0.479,4,Jul 28 2023 09: +0,1690531200
0.482,1,Jul 28 2023 10: +0,1690534800
0.497,14,Jul 28 2023 11: +0,1690538400
0.531,16,Jul 28 2023 12: +0,1690542000
0.514,3,Jul 28 2023 13: +0,1690545600
0.57,14,Jul 28 2023 14: +0,1690549200
0.6,4,Jul 28 2023 15: +0,1690552800
0.627,42,Jul 28 2023 16: +0,1690556400
0.607,4,Jul 28 2023 17: +0,1690560000
0.523,2,Jul 28 2023 18: +0,1690563600
0.634,5,Jul 28 2023 19: +0,1690567200
0.587,1,Jul 28 2023 20: +0,1690570800
0.591,6,Jul 28 2023 21: +0,1690574400
0.606,7,Jul 28 2023 22: +0,1690578000
0.737,8,Jul 28 2023 23: +0,1690581600
0.606,1,Jul 29 2023 00: +0,1690585200
0.606,4,Jul 29 2023 01: +0,1690588800
0.606,2,Jul 29 2023 02: +0,1690592400
0.606,1,Jul 29 2023 03: +0,1690596000
0.545,3,Jul 29 2023 06: +0,1690606800
0.606,14,Jul 29 2023 08: +0,1690614000
0.566,2,Jul 29 2023 10: +0,1690621200
0.646,9,Jul 29 2023 11: +0,1690624800
0.621,2,Jul 29 2023 12: +0,1690628400
0.545,1,Jul 29 2023 13: +0,1690632000
0.596,7,Jul 29 2023 14: +0,1690635600
0.576,4,Jul 29 2023 15: +0,1690639200
0.581,2,Jul 29 2023 16: +0,1690642800
0.606,7,Jul 29 2023 17: +0,1690646400
0.606,5,Jul 29 2023 18: +0,1690650000
0.606,5,Jul 29 2023 19: +0,1690653600
0.596,3,Jul 29 2023 20: +0,1690657200
0.554,1,Jul 29 2023 21: +0,1690660800
0.554,1,Jul 29 2023 22: +0,1690664400
0.564,2,Jul 29 2023 23: +0,1690668000
0.581,2,Jul 30 2023 00: +0,1690671600
0.606,2,Jul 30 2023 02: +0,1690678800
0.579,2,Jul 30 2023 03: +0,1690682400
0.493,1,Jul 30 2023 04: +0,1690686000
0.626,1,Jul 30 2023 06: +0,1690693200
0.596,3,Jul 30 2023 07: +0,1690696800
0.554,3,Jul 30 2023 08: +0,1690700400
0.554,1,Jul 30 2023 09: +0,1690704000
0.554,2,Jul 30 2023 10: +0,1690707600
0.554,2,Jul 30 2023 11: +0,1690711200
0.554,3,Jul 30 2023 12: +0,1690714800
0.545,5,Jul 30 2023 13: +0,1690718400
0.545,1,Jul 30 2023 14: +0,1690722000
0.554,3,Jul 30 2023 15: +0,1690725600
0.527,5,Jul 30 2023 16: +0,1690729200
0.472,3,Jul 30 2023 17: +0,1690732800
0.526,4,Jul 30 2023 18: +0,1690736400
0.525,5,Jul 30 2023 19: +0,1690740000
0.519,5,Jul 30 2023 20: +0,1690743600
0.519,1,Jul 30 2023 21: +0,1690747200
0.468,4,Jul 30 2023 22: +0,1690750800
0.504,5,Jul 30 2023 23: +0,1690754400
0.472,5,Jul 31 2023 00: +0,1690758000
0.504,2,Jul 31 2023 01: +0,1690761600
0.424,1,Jul 31 2023 02: +0,1690765200
0.504,1,Jul 31 2023 03: +0,1690768800
0.45,2,Jul 31 2023 04: +0,1690772400
0.464,3,Jul 31 2023 05: +0,1690776000
0.52,2,Jul 31 2023 07: +0,1690783200
0.518,2,Jul 31 2023 08: +0,1690786800
0.499,2,Jul 31 2023 11: +0,1690797600
0.455,4,Jul 31 2023 12: +0,1690801200
0.424,1,Jul 31 2023 14: +0,1690808400
0.472,5,Jul 31 2023 15: +0,1690812000
0.455,2,Jul 31 2023 16: +0,1690815600
0.48,7,Jul 31 2023 17: +0,1690819200
0.456,2,Jul 31 2023 18: +0,1690822800
0.504,12,Jul 31 2023 19: +0,1690826400
0.551,1,Jul 31 2023 20: +0,1690830000
0.519,7,Jul 31 2023 21: +0,1690833600
0.456,1,Jul 31 2023 22: +0,1690837200
0.464,3,Jul 31 2023 23: +0,1690840800
0.456,1,Aug 01 2023 00: +0,1690844400
0.478,1,Aug 01 2023 05: +0,1690862400
0.478,1,Aug 01 2023 06: +0,1690866000
0.521,5,Aug 01 2023 08: +0,1690873200
0.514,2,Aug 01 2023 09: +0,1690876800
0.478,1,Aug 01 2023 10: +0,1690880400
0.587,29,Aug 01 2023 11: +0,1690884000
0.592,3,Aug 01 2023 12: +0,1690887600
0.478,2,Aug 01 2023 13: +0,1690891200
0.471,4,Aug 01 2023 14: +0,1690894800
0.492,4,Aug 01 2023 15: +0,1690898400
0.489,4,Aug 01 2023 16: +0,1690902000
0.505,5,Aug 01 2023 18: +0,1690909200
0.547,1,Aug 01 2023 19: +0,1690912800
0.503,2,Aug 01 2023 20: +0,1690916400
0.536,6,Aug 01 2023 21: +0,1690920000
0.475,2,Aug 01 2023 22: +0,1690923600
0.437,3,Aug 01 2023 23: +0,1690927200
0.503,3,Aug 02 2023 00: +0,1690930800
0.5,2,Aug 02 2023 01: +0,1690934400
0.507,1,Aug 02 2023 02: +0,1690938000
0.477,4,Aug 02 2023 03: +0,1690941600
0.536,4,Aug 02 2023 04: +0,1690945200
0.506,2,Aug 02 2023 07: +0,1690956000
0.537,2,Aug 02 2023 09: +0,1690963200
0.518,1,Aug 02 2023 10: +0,1690966800
0.507,2,Aug 02 2023 11: +0,1690970400
0.518,2,Aug 02 2023 12: +0,1690974000
0.511,4,Aug 02 2023 13: +0,1690977600
0.506,2,Aug 02 2023 14: +0,1690981200
0.511,6,Aug 02 2023 15: +0,1690984800
0.525,3,Aug 02 2023 16: +0,1690988400
0.543,9,Aug 02 2023 17: +0,1690992000
0.485,3,Aug 02 2023 18: +0,1690995600
0.505,3,Aug 02 2023 19: +0,1690999200
0.498,3,Aug 02 2023 20: +0,1691002800
0.497,3,Aug 02 2023 22: +0,1691010000
0.489,4,Aug 02 2023 23: +0,1691013600
0.489,1,Aug 03 2023 00: +0,1691017200
0.563,16,Aug 03 2023 02: +0,1691024400
0.495,1,Aug 03 2023 03: +0,1691028000
0.555,7,Aug 03 2023 08: +0,1691046000
0.528,2,Aug 03 2023 09: +0,1691049600
0.58,10,Aug 03 2023 10: +0,1691053200
0.493,3,Aug 03 2023 11: +0,1691056800
0.518,6,Aug 03 2023 12: +0,1691060400
0.491,4,Aug 03 2023 13: +0,1691064000
0.48,4,Aug 03 2023 14: +0,1691067600
0.498,1,Aug 03 2023 15: +0,1691071200
0.517,1,Aug 03 2023 16: +0,1691074800
0.48,2,Aug 03 2023 17: +0,1691078400
0.494,4,Aug 03 2023 18: +0,1691082000
0.484,4,Aug 03 2023 19: +0,1691085600
0.49,4,Aug 03 2023 20: +0,1691089200
0.514,4,Aug 03 2023 21: +0,1691092800
0.509,4,Aug 03 2023 22: +0,1691096400
0.507,3,Aug 03 2023 23: +0,1691100000
0.524,1,Aug 04 2023 00: +0,1691103600
0.472,1,Aug 04 2023 01: +0,1691107200
0.503,1,Aug 04 2023 02: +0,1691110800
0.434,1,Aug 04 2023 03: +0,1691114400
0.488,1,Aug 04 2023 04: +0,1691118000
0.494,2,Aug 04 2023 05: +0,1691121600
0.324,1,Aug 04 2023 06: +0,1691125200
0.464,2,Aug 04 2023 07: +0,1691128800
0.496,1,Aug 04 2023 08: +0,1691132400
0.508,10,Aug 04 2023 09: +0,1691136000
0.525,1,Aug 04 2023 10: +0,1691139600
0.49,2,Aug 04 2023 11: +0,1691143200
0.495,7,Aug 04 2023 12: +0,1691146800
0.492,1,Aug 04 2023 13: +0,1691150400
0.464,1,Aug 04 2023 14: +0,1691154000
0.497,8,Aug 04 2023 15: +0,1691157600
0.425,1,Aug 04 2023 16: +0,1691161200
0.497,1,Aug 04 2023 17: +0,1691164800
0.421,1,Aug 04 2023 18: +0,1691168400
0.494,5,Aug 04 2023 19: +0,1691172000
0.617,33,Aug 04 2023 20: +0,1691175600
0.503,4,Aug 04 2023 21: +0,1691179200
0.632,12,Aug 04 2023 22: +0,1691182800
0.669,3,Aug 04 2023 23: +0,1691186400
0.643,7,Aug 05 2023 00: +0,1691190000
0.754,15,Aug 05 2023 01: +0,1691193600
0.643,1,Aug 05 2023 02: +0,1691197200
0.638,2,Aug 05 2023 03: +0,1691200800
0.659,2,Aug 05 2023 04: +0,1691204400
0.643,8,Aug 05 2023 05: +0,1691208000
0.643,4,Aug 05 2023 06: +0,1691211600
0.643,1,Aug 05 2023 07: +0,1691215200
0.658,8,Aug 05 2023 08: +0,1691218800
0.643,3,Aug 05 2023 09: +0,1691222400
0.665,3,Aug 05 2023 10: +0,1691226000
0.616,1,Aug 05 2023 11: +0,1691229600
0.665,1,Aug 05 2023 12: +0,1691233200
0.643,3,Aug 05 2023 13: +0,1691236800
0.625,2,Aug 05 2023 14: +0,1691240400
0.659,12,Aug 05 2023 15: +0,1691244000
0.607,5,Aug 05 2023 17: +0,1691251200
0.638,2,Aug 05 2023 18: +0,1691254800
0.653,4,Aug 05 2023 19: +0,1691258400
0.643,3,Aug 05 2023 20: +0,1691262000
0.634,4,Aug 05 2023 21: +0,1691265600
0.643,4,Aug 05 2023 22: +0,1691269200
0.598,2,Aug 05 2023 23: +0,1691272800
0.643,3,Aug 06 2023 00: +0,1691276400
0.643,3,Aug 06 2023 01: +0,1691280000
0.608,2,Aug 06 2023 02: +0,1691283600
0.643,1,Aug 06 2023 04: +0,1691290800
0.661,7,Aug 06 2023 05: +0,1691294400
0.616,2,Aug 06 2023 06: +0,1691298000
0.653,4,Aug 06 2023 07: +0,1691301600
0.643,3,Aug 06 2023 08: +0,1691305200
0.643,4,Aug 06 2023 10: +0,1691312400
0.659,3,Aug 06 2023 11: +0,1691316000
0.637,6,Aug 06 2023 12: +0,1691319600
0.652,4,Aug 06 2023 13: +0,1691323200
0.643,3,Aug 06 2023 14: +0,1691326800
0.643,5,Aug 06 2023 15: +0,1691330400
0.65,3,Aug 06 2023 16: +0,1691334000
0.512,1,Aug 06 2023 17: +0,1691337600
0.516,4,Aug 06 2023 18: +0,1691341200
0.52,3,Aug 06 2023 19: +0,1691344800
0.512,2,Aug 06 2023 20: +0,1691348400
0.503,1,Aug 06 2023 21: +0,1691352000
0.504,6,Aug 06 2023 22: +0,1691355600
0.512,2,Aug 06 2023 23: +0,1691359200
0.529,2,Aug 07 2023 00: +0,1691362800
0.529,2,Aug 07 2023 01: +0,1691366400
0.519,3,Aug 07 2023 02: +0,1691370000
0.503,3,Aug 07 2023 08: +0,1691391600
0.503,2,Aug 07 2023 09: +0,1691395200
0.488,2,Aug 07 2023 10: +0,1691398800
0.479,2,Aug 07 2023 11: +0,1691402400
0.503,2,Aug 07 2023 12: +0,1691406000
0.503,3,Aug 07 2023 13: +0,1691409600
0.486,3,Aug 07 2023 15: +0,1691416800
0.533,13,Aug 07 2023 16: +0,1691420400
0.498,2,Aug 07 2023 17: +0,1691424000
0.507,2,Aug 07 2023 18: +0,1691427600
0.512,6,Aug 07 2023 19: +0,1691431200
0.603,4,Aug 07 2023 20: +0,1691434800
0.593,7,Aug 07 2023 21: +0,1691438400
0.583,5,Aug 07 2023 22: +0,1691442000
0.605,2,Aug 07 2023 23: +0,1691445600
0.594,2,Aug 08 2023 00: +0,1691449200
0.583,2,Aug 08 2023 01: +0,1691452800
0.532,3,Aug 08 2023 02: +0,1691456400
0.599,2,Aug 08 2023 03: +0,1691460000
0.623,1,Aug 08 2023 04: +0,1691463600
0.605,1,Aug 08 2023 05: +0,1691467200
0.623,2,Aug 08 2023 06: +0,1691470800
0.568,2,Aug 08 2023 07: +0,1691474400
0.611,2,Aug 08 2023 10: +0,1691485200
0.599,2,Aug 08 2023 11: +0,1691488800
0.605,2,Aug 08 2023 12: +0,1691492400
0.584,2,Aug 08 2023 13: +0,1691496000
0.571,3,Aug 08 2023 14: +0,1691499600
0.575,2,Aug 08 2023 15: +0,1691503200
0.591,2,Aug 08 2023 16: +0,1691506800
0.623,3,Aug 08 2023 17: +0,1691510400
0.611,6,Aug 08 2023 18: +0,1691514000
0.579,2,Aug 08 2023 19: +0,1691517600
0.544,2,Aug 08 2023 20: +0,1691521200
0.551,3,Aug 08 2023 21: +0,1691524800
0.568,4,Aug 08 2023 22: +0,1691528400
0.602,1,Aug 08 2023 23: +0,1691532000
0.602,3,Aug 09 2023 00: +0,1691535600
0.63,3,Aug 09 2023 01: +0,1691539200
0.572,2,Aug 09 2023 02: +0,1691542800
0.689,17,Aug 09 2023 03: +0,1691546400
0.568,1,Aug 09 2023 05: +0,1691553600
0.594,1,Aug 09 2023 06: +0,1691557200
0.491,1,Aug 09 2023 08: +0,1691564400
0.602,1,Aug 09 2023 09: +0,1691568000
0.602,3,Aug 09 2023 10: +0,1691571600
0.723,22,Aug 09 2023 11: +0,1691575200
0.519,3,Aug 09 2023 12: +0,1691578800
0.516,6,Aug 09 2023 13: +0,1691582400
0.516,1,Aug 09 2023 14: +0,1691586000
0.508,3,Aug 09 2023 15: +0,1691589600
0.482,3,Aug 09 2023 16: +0,1691593200
0.529,8,Aug 09 2023 17: +0,1691596800
0.559,2,Aug 09 2023 18: +0,1691600400
0.559,5,Aug 09 2023 19: +0,1691604000
0.534,3,Aug 09 2023 20: +0,1691607600
0.523,2,Aug 09 2023 21: +0,1691611200
0.518,1,Aug 09 2023 22: +0,1691614800
0.562,4,Aug 09 2023 23: +0,1691618400
0.585,2,Aug 10 2023 00: +0,1691622000
0.585,2,Aug 10 2023 02: +0,1691629200
0.518,1,Aug 10 2023 03: +0,1691632800
0.641,6,Aug 10 2023 04: +0,1691636400
0.464,1,Aug 10 2023 06: +0,1691643600
0.391,1,Aug 10 2023 08: +0,1691650800
0.527,9,Aug 10 2023 09: +0,1691654400
0.562,1,Aug 10 2023 10: +0,1691658000
0.562,2,Aug 10 2023 11: +0,1691661600
0.566,3,Aug 10 2023 13: +0,1691668800
0.641,5,Aug 10 2023 15: +0,1691676000
0.583,4,Aug 10 2023 17: +0,1691683200
0.691,5,Aug 10 2023 18: +0,1691686800
0.562,5,Aug 10 2023 19: +0,1691690400
0.544,7,Aug 10 2023 20: +0,1691694000
0.603,2,Aug 10 2023 21: +0,1691697600
0.694,14,Aug 10 2023 22: +0,1691701200
0.763,1,Aug 10 2023 23: +0,1691704800
0.633,1,Aug 11 2023 02: +0,1691715600
0.507,2,Aug 11 2023 03: +0,1691719200
0.643,1,Aug 11 2023 04: +0,1691722800
0.639,1,Aug 11 2023 05: +0,1691726400
0.629,2,Aug 11 2023 06: +0,1691730000
0.659,4,Aug 11 2023 07: +0,1691733600
0.633,1,Aug 11 2023 08: +0,1691737200
0.651,1,Aug 11 2023 09: +0,1691740800
0.615,2,Aug 11 2023 10: +0,1691744400
0.651,1,Aug 11 2023 11: +0,1691748000
0.651,5,Aug 11 2023 12: +0,1691751600
0.713,9,Aug 11 2023 13: +0,1691755200
0.651,1,Aug 11 2023 14: +0,1691758800
0.642,3,Aug 11 2023 15: +0,1691762400
0.656,2,Aug 11 2023 16: +0,1691766000
0.659,1,Aug 11 2023 17: +0,1691769600
0.612,4,Aug 11 2023 18: +0,1691773200
0.564,2,Aug 11 2023 19: +0,1691776800
0.607,5,Aug 11 2023 20: +0,1691780400
0.604,5,Aug 11 2023 21: +0,1691784000
0.595,8,Aug 11 2023 22: +0,1691787600
0.544,1,Aug 11 2023 23: +0,1691791200
0.569,3,Aug 12 2023 00: +0,1691794800
0.606,4,Aug 12 2023 01: +0,1691798400
0.604,1,Aug 12 2023 02: +0,1691802000
0.561,2,Aug 12 2023 04: +0,1691809200
0.544,1,Aug 12 2023 05: +0,1691812800
0.604,1,Aug 12 2023 06: +0,1691816400
0.604,3,Aug 12 2023 07: +0,1691820000
0.604,1,Aug 12 2023 08: +0,1691823600
0.582,2,Aug 12 2023 10: +0,1691830800
0.67,6,Aug 12 2023 11: +0,1691834400
0.499,1,Aug 12 2023 12: +0,1691838000
0.552,1,Aug 12 2023 13: +0,1691841600
0.575,1,Aug 12 2023 14: +0,1691845200
0.561,4,Aug 12 2023 15: +0,1691848800
0.604,4,Aug 12 2023 16: +0,1691852400
0.604,1,Aug 12 2023 17: +0,1691856000
0.573,3,Aug 12 2023 18: +0,1691859600
0.519,1,Aug 12 2023 19: +0,1691863200
0.568,4,Aug 12 2023 20: +0,1691866800
0.635,9,Aug 12 2023 21: +0,1691870400
0.582,3,Aug 12 2023 23: +0,1691877600
0.569,3,Aug 13 2023 01: +0,1691884800
0.519,1,Aug 13 2023 02: +0,1691888400
0.567,1,Aug 13 2023 03: +0,1691892000
0.519,2,Aug 13 2023 05: +0,1691899200
0.567,1,Aug 13 2023 06: +0,1691902800
0.512,1,Aug 13 2023 07: +0,1691906400
0.456,1,Aug 13 2023 08: +0,1691910000
0.58,5,Aug 13 2023 09: +0,1691913600
0.562,6,Aug 13 2023 10: +0,1691917200
0.472,1,Aug 13 2023 11: +0,1691920800
0.456,3,Aug 13 2023 12: +0,1691924400
0.364,1,Aug 13 2023 13: +0,1691928000
0.505,2,Aug 13 2023 14: +0,1691931600
0.492,6,Aug 13 2023 16: +0,1691938800
0.535,7,Aug 13 2023 17: +0,1691942400
0.544,3,Aug 13 2023 18: +0,1691946000
0.567,3,Aug 13 2023 19: +0,1691949600
0.544,3,Aug 13 2023 20: +0,1691953200
0.544,2,Aug 13 2023 21: +0,1691956800
0.549,2,Aug 13 2023 22: +0,1691960400
0.519,3,Aug 13 2023 23: +0,1691964000
0.553,1,Aug 14 2023 00: +0,1691967600
0.552,1,Aug 14 2023 02: +0,1691974800
0.559,1,Aug 14 2023 03: +0,1691978400
0.553,1,Aug 14 2023 06: +0,1691989200
0.652,1,Aug 14 2023 07: +0,1691992800
0.575,4,Aug 14 2023 09: +0,1692000000
0.578,2,Aug 14 2023 10: +0,1692003600
0.65,5,Aug 14 2023 11: +0,1692007200
0.561,1,Aug 14 2023 12: +0,1692010800
0.569,1,Aug 14 2023 13: +0,1692014400
0.569,1,Aug 14 2023 14: +0,1692018000
0.623,1,Aug 14 2023 15: +0,1692021600
0.447,2,Aug 14 2023 17: +0,1692028800
0.59,1,Aug 14 2023 18: +0,1692032400
0.617,3,Aug 14 2023 19: +0,1692036000
0.573,8,Aug 14 2023 20: +0,1692039600
0.551,3,Aug 14 2023 21: +0,1692043200
0.569,1,Aug 14 2023 22: +0,1692046800
0.578,2,Aug 14 2023 23: +0,1692050400
0.569,1,Aug 15 2023 00: +0,1692054000
0.56,3,Aug 15 2023 01: +0,1692057600
0.546,1,Aug 15 2023 02: +0,1692061200
0.578,2,Aug 15 2023 03: +0,1692064800
0.578,1,Aug 15 2023 07: +0,1692079200
0.56,1,Aug 15 2023 09: +0,1692086400
0.543,1,Aug 15 2023 11: +0,1692093600
0.56,1,Aug 15 2023 12: +0,1692097200
0.517,4,Aug 15 2023 13: +0,1692100800
0.573,7,Aug 15 2023 14: +0,1692104400
0.555,5,Aug 15 2023 15: +0,1692108000
0.521,3,Aug 15 2023 16: +0,1692111600
0.538,3,Aug 15 2023 17: +0,1692115200
0.58,1,Aug 15 2023 18: +0,1692118800
0.575,3,Aug 15 2023 19: +0,1692122400
0.575,1,Aug 15 2023 20: +0,1692126000
0.575,3,Aug 15 2023 21: +0,1692129600
0.541,7,Aug 15 2023 22: +0,1692133200
0.515,1,Aug 16 2023 00: +0,1692140400
0.489,3,Aug 16 2023 01: +0,1692144000
0.582,3,Aug 16 2023 02: +0,1692147600
0.532,3,Aug 16 2023 03: +0,1692151200
0.541,1,Aug 16 2023 05: +0,1692158400
0.541,3,Aug 16 2023 07: +0,1692165600
0.524,2,Aug 16 2023 08: +0,1692169200
0.53,1,Aug 16 2023 09: +0,1692172800
0.51,2,Aug 16 2023 10: +0,1692176400
0.53,5,Aug 16 2023 11: +0,1692180000
0.536,5,Aug 16 2023 12: +0,1692183600
0.544,2,Aug 16 2023 13: +0,1692187200
0.506,1,Aug 16 2023 14: +0,1692190800
0.515,3,Aug 16 2023 15: +0,1692194400
0.518,6,Aug 16 2023 16: +0,1692198000
0.532,3,Aug 16 2023 17: +0,1692201600
0.532,1,Aug 16 2023 18: +0,1692205200
0.562,2,Aug 16 2023 19: +0,1692208800
0.566,5,Aug 16 2023 20: +0,1692212400
0.553,4,Aug 16 2023 21: +0,1692216000
0.542,1,Aug 16 2023 22: +0,1692219600
0.537,6,Aug 16 2023 23: +0,1692223200
0.535,2,Aug 17 2023 00: +0,1692226800
0.536,1,Aug 17 2023 01: +0,1692230400
0.547,2,Aug 17 2023 03: +0,1692237600
0.541,4,Aug 17 2023 04: +0,1692241200
0.553,2,Aug 17 2023 05: +0,1692244800
0.524,1,Aug 17 2023 06: +0,1692248400
0.57,4,Aug 17 2023 07: +0,1692252000
0.53,3,Aug 17 2023 08: +0,1692255600
0.531,1,Aug 17 2023 09: +0,1692259200
0.523,4,Aug 17 2023 11: +0,1692266400
0.584,11,Aug 17 2023 12: +0,1692270000
0.505,2,Aug 17 2023 13: +0,1692273600
0.524,1,Aug 17 2023 15: +0,1692280800
0.542,4,Aug 17 2023 16: +0,1692284400
0.506,5,Aug 17 2023 17: +0,1692288000
0.54,1,Aug 17 2023 18: +0,1692291600
0.545,6,Aug 17 2023 19: +0,1692295200
0.524,2,Aug 17 2023 20: +0,1692298800
0.488,1,Aug 17 2023 21: +0,1692302400
0.529,6,Aug 17 2023 22: +0,1692306000
0.571,1,Aug 17 2023 23: +0,1692309600
0.581,1,Aug 18 2023 00: +0,1692313200
0.506,2,Aug 18 2023 01: +0,1692316800
0.613,1,Aug 18 2023 03: +0,1692324000
0.6,2,Aug 18 2023 04: +0,1692327600
0.56,3,Aug 18 2023 05: +0,1692331200
0.534,1,Aug 18 2023 06: +0,1692334800
0.566,3,Aug 18 2023 08: +0,1692342000
0.518,1,Aug 18 2023 10: +0,1692349200
0.565,1,Aug 18 2023 11: +0,1692352800
0.56,1,Aug 18 2023 12: +0,1692356400
0.55,5,Aug 18 2023 13: +0,1692360000
0.561,5,Aug 18 2023 16: +0,1692370800
0.522,1,Aug 18 2023 17: +0,1692374400
0.537,2,Aug 18 2023 18: +0,1692378000
0.561,5,Aug 18 2023 19: +0,1692381600
0.483,4,Aug 18 2023 20: +0,1692385200
0.537,8,Aug 18 2023 21: +0,1692388800
0.569,8,Aug 18 2023 22: +0,1692392400
0.539,2,Aug 18 2023 23: +0,1692396000
0.576,2,Aug 19 2023 00: +0,1692399600
0.551,1,Aug 19 2023 01: +0,1692403200
0.588,4,Aug 19 2023 02: +0,1692406800
0.614,1,Aug 19 2023 04: +0,1692414000
0.551,1,Aug 19 2023 05: +0,1692417600
0.551,1,Aug 19 2023 06: +0,1692421200
0.573,1,Aug 19 2023 07: +0,1692424800
0.477,2,Aug 19 2023 10: +0,1692435600
0.486,1,Aug 19 2023 12: +0,1692442800
0.52,1,Aug 19 2023 14: +0,1692450000
0.578,4,Aug 19 2023 15: +0,1692453600
0.581,2,Aug 19 2023 17: +0,1692460800
0.555,3,Aug 19 2023 19: +0,1692468000
0.543,1,Aug 19 2023 20: +0,1692471600
0.574,8,Aug 19 2023 21: +0,1692475200
0.502,4,Aug 19 2023 22: +0,1692478800
0.665,17,Aug 19 2023 23: +0,1692482400
0.657,5,Aug 20 2023 01: +0,1692489600
0.628,1,Aug 20 2023 03: +0,1692496800
0.537,2,Aug 20 2023 07: +0,1692511200
0.518,1,Aug 20 2023 10: +0,1692522000
0.529,3,Aug 20 2023 11: +0,1692525600
0.495,1,Aug 20 2023 13: +0,1692532800
0.528,2,Aug 20 2023 14: +0,1692536400
0.558,3,Aug 20 2023 15: +0,1692540000
0.529,3,Aug 20 2023 16: +0,1692543600
0.529,3,Aug 20 2023 17: +0,1692547200
0.512,3,Aug 20 2023 18: +0,1692550800
0.515,3,Aug 20 2023 19: +0,1692554400
0.529,1,Aug 20 2023 20: +0,1692558000
0.529,4,Aug 20 2023 21: +0,1692561600
0.518,4,Aug 20 2023 22: +0,1692565200
0.518,3,Aug 20 2023 23: +0,1692568800
0.294,1,Aug 21 2023 01: +0,1692576000
0.486,1,Aug 21 2023 02: +0,1692579600
0.581,3,Aug 21 2023 03: +0,1692583200
0.536,2,Aug 21 2023 05: +0,1692590400
0.506,2,Aug 21 2023 07: +0,1692597600
0.543,1,Aug 21 2023 08: +0,1692601200
0.51,2,Aug 21 2023 10: +0,1692608400
0.538,2,Aug 21 2023 11: +0,1692612000
0.512,3,Aug 21 2023 12: +0,1692615600
0.53,1,Aug 21 2023 14: +0,1692622800
0.55,3,Aug 21 2023 15: +0,1692626400
0.48,4,Aug 21 2023 16: +0,1692630000
0.539,4,Aug 21 2023 18: +0,1692637200
0.535,3,Aug 21 2023 20: +0,1692644400
0.52,4,Aug 21 2023 21: +0,1692648000
0.544,2,Aug 21 2023 22: +0,1692651600
0.571,5,Aug 21 2023 23: +0,1692655200
0.563,2,Aug 22 2023 00: +0,1692658800
0.518,3,Aug 22 2023 01: +0,1692662400
0.519,2,Aug 22 2023 03: +0,1692669600
0.542,1,Aug 22 2023 09: +0,1692691200
0.541,2,Aug 22 2023 11: +0,1692698400
0.574,4,Aug 22 2023 14: +0,1692709200
0.596,1,Aug 22 2023 16: +0,1692716400
0.603,3,Aug 22 2023 17: +0,1692720000
0.533,4,Aug 22 2023 18: +0,1692723600
0.428,1,Aug 22 2023 19: +0,1692727200
0.535,2,Aug 22 2023 20: +0,1692730800
0.319,1,Aug 22 2023 21: +0,1692734400
0.544,4,Aug 22 2023 22: +0,1692738000
0.548,1,Aug 22 2023 23: +0,1692741600
0.553,1,Aug 23 2023 00: +0,1692745200
0.553,1,Aug 23 2023 01: +0,1692748800
0.504,2,Aug 23 2023 02: +0,1692752400
0.489,2,Aug 23 2023 03: +0,1692756000
0.562,2,Aug 23 2023 04: +0,1692759600
0.571,1,Aug 23 2023 05: +0,1692763200
0.553,1,Aug 23 2023 06: +0,1692766800
0.563,1,Aug 23 2023 08: +0,1692774000
0.556,1,Aug 23 2023 10: +0,1692781200
0.576,5,Aug 23 2023 11: +0,1692784800
0.46,3,Aug 23 2023 13: +0,1692792000
0.496,2,Aug 23 2023 14: +0,1692795600
0.539,2,Aug 23 2023 15: +0,1692799200
0.488,2,Aug 23 2023 16: +0,1692802800
0.537,5,Aug 23 2023 17: +0,1692806400
0.556,4,Aug 23 2023 18: +0,1692810000
0.571,3,Aug 23 2023 19: +0,1692813600
0.571,3,Aug 23 2023 20: +0,1692817200
0.587,7,Aug 23 2023 21: +0,1692820800
0.603,6,Aug 23 2023 22: +0,1692824400
0.559,1,Aug 23 2023 23: +0,1692828000
0.556,1,Aug 24 2023 00: +0,1692831600
0.536,2,Aug 24 2023 02: +0,1692838800
0.535,1,Aug 24 2023 05: +0,1692849600
0.534,1,Aug 24 2023 07: +0,1692856800
0.547,2,Aug 24 2023 08: +0,1692860400
0.548,3,Aug 24 2023 09: +0,1692864000
0.52,3,Aug 24 2023 11: +0,1692871200
0.52,1,Aug 24 2023 12: +0,1692874800
0.54,1,Aug 24 2023 13: +0,1692878400
0.559,2,Aug 24 2023 14: +0,1692882000
0.575,5,Aug 24 2023 15: +0,1692885600
0.542,3,Aug 24 2023 16: +0,1692889200
0.541,6,Aug 24 2023 17: +0,1692892800
0.538,2,Aug 24 2023 18: +0,1692896400
0.56,3,Aug 24 2023 19: +0,1692900000
0.587,4,Aug 24 2023 20: +0,1692903600
0.559,1,Aug 24 2023 21: +0,1692907200
0.604,4,Aug 24 2023 22: +0,1692910800
0.571,1,Aug 24 2023 23: +0,1692914400
0.542,5,Aug 25 2023 00: +0,1692918000
0.533,1,Aug 25 2023 01: +0,1692921600
0.549,2,Aug 25 2023 02: +0,1692925200
0.542,1,Aug 25 2023 03: +0,1692928800
0.524,2,Aug 25 2023 04: +0,1692932400
0.543,2,Aug 25 2023 05: +0,1692936000
0.651,2,Aug 25 2023 06: +0,1692939600
0.651,1,Aug 25 2023 07: +0,1692943200
0.667,1,Aug 25 2023 09: +0,1692950400
0.595,2,Aug 25 2023 10: +0,1692954000
0.56,2,Aug 25 2023 11: +0,1692957600
0.581,2,Aug 25 2023 13: +0,1692964800
0.581,1,Aug 25 2023 14: +0,1692968400
0.476,1,Aug 25 2023 15: +0,1692972000
0.593,1,Aug 25 2023 16: +0,1692975600
0.587,1,Aug 25 2023 17: +0,1692979200
0.621,1,Aug 25 2023 18: +0,1692982800
0.608,2,Aug 25 2023 19: +0,1692986400
0.702,12,Aug 25 2023 20: +0,1692990000
0.514,3,Aug 25 2023 21: +0,1692993600
0.596,2,Aug 25 2023 22: +0,1692997200
0.749,6,Aug 25 2023 23: +0,1693000800
0.596,1,Aug 26 2023 00: +0,1693004400
0.54,2,Aug 26 2023 01: +0,1693008000
0.593,2,Aug 26 2023 04: +0,1693018800
0.585,1,Aug 26 2023 05: +0,1693022400
0.64,7,Aug 26 2023 09: +0,1693036800
0.598,2,Aug 26 2023 10: +0,1693040400
0.592,3,Aug 26 2023 11: +0,1693044000
0.588,1,Aug 26 2023 12: +0,1693047600
0.567,3,Aug 26 2023 13: +0,1693051200
0.603,2,Aug 26 2023 14: +0,1693054800
0.577,3,Aug 26 2023 16: +0,1693062000
0.581,3,Aug 26 2023 17: +0,1693065600
0.577,1,Aug 26 2023 18: +0,1693069200
0.581,3,Aug 26 2023 19: +0,1693072800
0.553,2,Aug 26 2023 20: +0,1693076400
0.593,3,Aug 26 2023 21: +0,1693080000
0.548,2,Aug 26 2023 22: +0,1693083600
0.595,8,Aug 27 2023 00: +0,1693090800
0.556,2,Aug 27 2023 01: +0,1693094400
0.611,1,Aug 27 2023 05: +0,1693108800
0.607,2,Aug 27 2023 07: +0,1693116000
0.581,1,Aug 27 2023 08: +0,1693119600
0.597,1,Aug 27 2023 09: +0,1693123200
0.626,1,Aug 27 2023 10: +0,1693126800
0.579,2,Aug 27 2023 11: +0,1693130400
0.581,3,Aug 27 2023 13: +0,1693137600
0.588,2,Aug 27 2023 15: +0,1693144800
0.582,1,Aug 27 2023 17: +0,1693152000
0.603,5,Aug 27 2023 18: +0,1693155600
0.577,4,Aug 27 2023 20: +0,1693162800
0.589,2,Aug 27 2023 21: +0,1693166400
0.595,1,Aug 27 2023 22: +0,1693170000
0.603,1,Aug 27 2023 23: +0,1693173600
0.603,1,Aug 28 2023 00: +0,1693177200
0.62,7,Aug 28 2023 02: +0,1693184400
0.571,3,Aug 28 2023 04: +0,1693191600
0.643,6,Aug 28 2023 06: +0,1693198800
0.643,2,Aug 28 2023 07: +0,1693202400
0.595,1,Aug 28 2023 08: +0,1693206000
0.562,3,Aug 28 2023 11: +0,1693216800
0.562,1,Aug 28 2023 12: +0,1693220400
0.586,1,Aug 28 2023 14: +0,1693227600
0.575,2,Aug 28 2023 15: +0,1693231200
0.562,5,Aug 28 2023 16: +0,1693234800
0.56,2,Aug 28 2023 17: +0,1693238400
0.607,2,Aug 28 2023 18: +0,1693242000
0.615,3,Aug 28 2023 19: +0,1693245600
0.615,2,Aug 28 2023 20: +0,1693249200
0.638,6,Aug 28 2023 21: +0,1693252800
0.654,4,Aug 28 2023 22: +0,1693256400
0.606,2,Aug 28 2023 23: +0,1693260000
0.58,1,Aug 29 2023 00: +0,1693263600
0.576,2,Aug 29 2023 01: +0,1693267200
0.607,4,Aug 29 2023 02: +0,1693270800
0.741,11,Aug 29 2023 04: +0,1693278000
0.615,1,Aug 29 2023 05: +0,1693281600
0.647,1,Aug 29 2023 08: +0,1693292400
0.647,1,Aug 29 2023 10: +0,1693299600
0.643,2,Aug 29 2023 11: +0,1693303200
0.647,4,Aug 29 2023 12: +0,1693306800
0.647,1,Aug 29 2023 13: +0,1693310400
0.55,2,Aug 29 2023 14: +0,1693314000
0.647,2,Aug 29 2023 15: +0,1693317600
0.647,7,Aug 29 2023 16: +0,1693321200
0.663,2,Aug 29 2023 17: +0,1693324800
0.656,1,Aug 29 2023 18: +0,1693328400
0.661,4,Aug 29 2023 19: +0,1693332000
0.619,2,Aug 29 2023 20: +0,1693335600
0.63,2,Aug 29 2023 21: +0,1693339200
0.67,5,Aug 29 2023 22: +0,1693342800
0.639,1,Aug 29 2023 23: +0,1693346400
0.647,3,Aug 30 2023 00: +0,1693350000
0.691,4,Aug 30 2023 04: +0,1693364400
0.733,1,Aug 30 2023 05: +0,1693368000
0.733,3,Aug 30 2023 08: +0,1693378800
0.725,1,Aug 30 2023 09: +0,1693382400
0.748,1,Aug 30 2023 10: +0,1693386000
0.651,1,Aug 30 2023 11: +0,1693389600
0.706,1,Aug 30 2023 12: +0,1693393200
0.642,2,Aug 30 2023 13: +0,1693396800
0.715,4,Aug 30 2023 14: +0,1693400400
0.663,2,Aug 30 2023 15: +0,1693404000
0.655,3,Aug 30 2023 16: +0,1693407600
0.609,3,Aug 30 2023 17: +0,1693411200
0.655,5,Aug 30 2023 18: +0,1693414800
0.65,7,Aug 30 2023 19: +0,1693418400
0.598,6,Aug 30 2023 20: +0,1693422000
0.638,2,Aug 30 2023 21: +0,1693425600
0.638,5,Aug 30 2023 22: +0,1693429200
0.671,4,Aug 30 2023 23: +0,1693432800
0.657,2,Aug 31 2023 00: +0,1693436400
0.663,3,Aug 31 2023 01: +0,1693440000
0.66,2,Aug 31 2023 02: +0,1693443600
0.664,1,Aug 31 2023 03: +0,1693447200
0.664,3,Aug 31 2023 07: +0,1693461600
0.678,3,Aug 31 2023 08: +0,1693465200
0.678,4,Aug 31 2023 10: +0,1693472400
0.653,3,Aug 31 2023 11: +0,1693476000
0.68,3,Aug 31 2023 12: +0,1693479600
0.682,1,Aug 31 2023 13: +0,1693483200
0.685,2,Aug 31 2023 14: +0,1693486800
0.664,5,Aug 31 2023 15: +0,1693490400
0.616,4,Aug 31 2023 16: +0,1693494000
0.693,6,Aug 31 2023 17: +0,1693497600
0.757,1,Aug 31 2023 18: +0,1693501200
0.679,5,Aug 31 2023 19: +0,1693504800
0.661,2,Aug 31 2023 20: +0,1693508400
0.689,4,Aug 31 2023 21: +0,1693512000
0.719,13,Aug 31 2023 22: +0,1693515600
0.668,1,Aug 31 2023 23: +0,1693519200
0.668,1,Sep 01 2023 00: +0,1693522800
0.65,3,Sep 01 2023 01: +0,1693526400
0.668,1,Sep 01 2023 02: +0,1693530000
0.646,4,Sep 01 2023 03: +0,1693533600
0.668,3,Sep 01 2023 04: +0,1693537200
0.668,1,Sep 01 2023 05: +0,1693540800
0.659,4,Sep 01 2023 06: +0,1693544400
0.599,1,Sep 01 2023 09: +0,1693555200
0.65,5,Sep 01 2023 10: +0,1693558800
0.659,1,Sep 01 2023 11: +0,1693562400
0.689,1,Sep 01 2023 13: +0,1693569600
0.689,3,Sep 01 2023 17: +0,1693584000
0.702,4,Sep 01 2023 18: +0,1693587600
0.576,3,Sep 01 2023 20: +0,1693594800
0.681,4,Sep 01 2023 21: +0,1693598400
0.679,4,Sep 01 2023 22: +0,1693602000
0.684,2,Sep 01 2023 23: +0,1693605600
0.639,3,Sep 02 2023 03: +0,1693620000
0.686,1,Sep 02 2023 05: +0,1693627200
0.635,2,Sep 02 2023 07: +0,1693634400
0.67,3,Sep 02 2023 08: +0,1693638000
0.647,1,Sep 02 2023 09: +0,1693641600
0.647,2,Sep 02 2023 10: +0,1693645200
0.639,1,Sep 02 2023 11: +0,1693648800
0.647,5,Sep 02 2023 12: +0,1693652400
0.647,1,Sep 02 2023 13: +0,1693656000
0.68,1,Sep 02 2023 16: +0,1693666800
0.647,2,Sep 02 2023 17: +0,1693670400
0.664,8,Sep 02 2023 18: +0,1693674000
0.74,7,Sep 02 2023 19: +0,1693677600
0.75,1,Sep 02 2023 20: +0,1693681200
0.647,3,Sep 02 2023 21: +0,1693684800
0.647,4,Sep 02 2023 22: +0,1693688400
0.689,2,Sep 02 2023 23: +0,1693692000
0.685,3,Sep 03 2023 00: +0,1693695600
0.591,1,Sep 03 2023 03: +0,1693706400
0.741,3,Sep 03 2023 04: +0,1693710000
0.647,1,Sep 03 2023 05: +0,1693713600
0.615,7,Sep 03 2023 06: +0,1693717200
0.511,1,Sep 03 2023 07: +0,1693720800
0.647,1,Sep 03 2023 08: +0,1693724400
0.626,4,Sep 03 2023 09: +0,1693728000
0.64,3,Sep 03 2023 11: +0,1693735200
0.568,4,Sep 03 2023 12: +0,1693738800
0.647,1,Sep 03 2023 13: +0,1693742400
0.647,4,Sep 03 2023 16: +0,1693753200
0.647,2,Sep 03 2023 17: +0,1693756800
0.647,1,Sep 03 2023 18: +0,1693760400
0.647,5,Sep 03 2023 19: +0,1693764000
0.639,3,Sep 03 2023 20: +0,1693767600
0.69,7,Sep 03 2023 21: +0,1693771200
0.647,2,Sep 04 2023 02: +0,1693789200
0.619,2,Sep 04 2023 05: +0,1693800000
0.615,1,Sep 04 2023 06: +0,1693803600
0.647,1,Sep 04 2023 07: +0,1693807200
0.671,1,Sep 04 2023 08: +0,1693810800
0.632,2,Sep 04 2023 12: +0,1693825200
0.652,1,Sep 04 2023 13: +0,1693828800
0.516,1,Sep 04 2023 14: +0,1693832400
0.608,2,Sep 04 2023 15: +0,1693836000
0.6,2,Sep 04 2023 16: +0,1693839600
0.648,6,Sep 04 2023 17: +0,1693843200
0.684,1,Sep 04 2023 18: +0,1693846800
0.612,7,Sep 04 2023 19: +0,1693850400
0.539,2,Sep 04 2023 20: +0,1693854000
0.571,1,Sep 04 2023 21: +0,1693857600
0.552,2,Sep 04 2023 22: +0,1693861200
0.613,4,Sep 04 2023 23: +0,1693864800
0.668,5,Sep 05 2023 00: +0,1693868400
0.612,1,Sep 05 2023 01: +0,1693872000
0.608,2,Sep 05 2023 02: +0,1693875600
0.571,1,Sep 05 2023 03: +0,1693879200
0.608,2,Sep 05 2023 04: +0,1693882800
0.604,1,Sep 05 2023 08: +0,1693897200
0.685,7,Sep 05 2023 09: +0,1693900800
0.607,2,Sep 05 2023 10: +0,1693904400
0.611,1,Sep 05 2023 11: +0,1693908000
0.61,3,Sep 05 2023 12: +0,1693911600
0.605,3,Sep 05 2023 13: +0,1693915200
0.548,2,Sep 05 2023 14: +0,1693918800
0.591,4,Sep 05 2023 15: +0,1693922400
0.59,2,Sep 05 2023 17: +0,1693929600
0.568,2,Sep 05 2023 18: +0,1693933200
0.634,8,Sep 05 2023 19: +0,1693936800
0.704,4,Sep 05 2023 20: +0,1693940400
0.601,8,Sep 05 2023 21: +0,1693944000
0.708,7,Sep 06 2023 00: +0,1693954800
0.665,2,Sep 06 2023 01: +0,1693958400
0.565,1,Sep 06 2023 02: +0,1693962000
0.606,3,Sep 06 2023 03: +0,1693965600
0.644,2,Sep 06 2023 04: +0,1693969200
0.648,3,Sep 06 2023 05: +0,1693972800
0.728,4,Sep 06 2023 06: +0,1693976400
0.638,1,Sep 06 2023 07: +0,1693980000
0.634,3,Sep 06 2023 10: +0,1693990800
0.601,2,Sep 06 2023 11: +0,1693994400
0.626,2,Sep 06 2023 13: +0,1694001600
0.617,3,Sep 06 2023 14: +0,1694005200
0.635,4,Sep 06 2023 15: +0,1694008800
0.648,3,Sep 06 2023 16: +0,1694012400
0.609,3,Sep 06 2023 17: +0,1694016000
0.523,4,Sep 06 2023 18: +0,1694019600
0.552,5,Sep 06 2023 19: +0,1694023200
0.553,3,Sep 06 2023 20: +0,1694026800
0.595,4,Sep 06 2023 21: +0,1694030400
0.592,1,Sep 06 2023 22: +0,1694034000
0.61,4,Sep 07 2023 00: +0,1694041200
0.615,1,Sep 07 2023 02: +0,1694048400
0.597,1,Sep 07 2023 03: +0,1694052000
0.618,1,Sep 07 2023 05: +0,1694059200
0.615,1,Sep 07 2023 08: +0,1694070000
0.615,1,Sep 07 2023 09: +0,1694073600
0.591,2,Sep 07 2023 10: +0,1694077200
0.585,2,Sep 07 2023 11: +0,1694080800
0.601,3,Sep 07 2023 13: +0,1694088000
0.602,7,Sep 07 2023 14: +0,1694091600
0.595,1,Sep 07 2023 15: +0,1694095200
0.483,5,Sep 07 2023 16: +0,1694098800
0.601,3,Sep 07 2023 17: +0,1694102400
0.586,2,Sep 07 2023 18: +0,1694106000
0.549,2,Sep 07 2023 19: +0,1694109600
0.523,1,Sep 07 2023 20: +0,1694113200
0.526,3,Sep 07 2023 21: +0,1694116800
0.561,4,Sep 07 2023 22: +0,1694120400
0.602,3,Sep 07 2023 23: +0,1694124000
0.593,3,Sep 08 2023 00: +0,1694127600
0.593,3,Sep 08 2023 02: +0,1694134800
0.583,1,Sep 08 2023 03: +0,1694138400
0.463,2,Sep 08 2023 04: +0,1694142000
0.62,8,Sep 08 2023 05: +0,1694145600
0.583,4,Sep 08 2023 07: +0,1694152800
0.55,1,Sep 08 2023 08: +0,1694156400
0.637,1,Sep 08 2023 09: +0,1694160000
0.584,2,Sep 08 2023 10: +0,1694163600
0.598,2,Sep 08 2023 11: +0,1694167200
0.581,2,Sep 08 2023 12: +0,1694170800
0.577,5,Sep 08 2023 14: +0,1694178000
0.558,3,Sep 08 2023 15: +0,1694181600
0.588,2,Sep 08 2023 16: +0,1694185200
0.583,3,Sep 08 2023 17: +0,1694188800
0.574,3,Sep 08 2023 18: +0,1694192400
0.483,1,Sep 08 2023 20: +0,1694199600
0.545,3,Sep 08 2023 21: +0,1694203200
0.531,1,Sep 08 2023 22: +0,1694206800
0.543,3,Sep 08 2023 23: +0,1694210400
0.543,3,Sep 09 2023 00: +0,1694214000
0.483,1,Sep 09 2023 01: +0,1694217600
0.536,2,Sep 09 2023 02: +0,1694221200
0.435,1,Sep 09 2023 03: +0,1694224800
0.56,3,Sep 09 2023 05: +0,1694232000
0.435,3,Sep 09 2023 06: +0,1694235600
0.548,1,Sep 09 2023 07: +0,1694239200
0.535,1,Sep 09 2023 08: +0,1694242800
0.535,2,Sep 09 2023 09: +0,1694246400
0.528,1,Sep 09 2023 10: +0,1694250000
0.483,2,Sep 09 2023 11: +0,1694253600
0.483,5,Sep 09 2023 12: +0,1694257200
0.531,6,Sep 09 2023 13: +0,1694260800
0.525,1,Sep 09 2023 14: +0,1694264400
0.523,1,Sep 09 2023 15: +0,1694268000
0.463,2,Sep 09 2023 16: +0,1694271600
0.555,31,Sep 09 2023 18: +0,1694278800
0.515,3,Sep 09 2023 19: +0,1694282400
0.515,1,Sep 09 2023 20: +0,1694286000
0.483,1,Sep 09 2023 21: +0,1694289600
0.517,3,Sep 09 2023 22: +0,1694293200
0.58,1,Sep 09 2023 23: +0,1694296800
0.496,1,Sep 10 2023 00: +0,1694300400
0.543,1,Sep 10 2023 01: +0,1694304000
0.515,3,Sep 10 2023 02: +0,1694307600
0.503,1,Sep 10 2023 04: +0,1694314800
0.5,3,Sep 10 2023 06: +0,1694322000
0.377,1,Sep 10 2023 07: +0,1694325600
0.531,1,Sep 10 2023 08: +0,1694329200
0.507,3,Sep 10 2023 10: +0,1694336400
0.467,2,Sep 10 2023 12: +0,1694343600
0.507,8,Sep 10 2023 13: +0,1694347200
0.519,1,Sep 10 2023 14: +0,1694350800
0.508,5,Sep 10 2023 15: +0,1694354400
0.483,2,Sep 10 2023 16: +0,1694358000
0.479,2,Sep 10 2023 18: +0,1694365200
0.483,4,Sep 10 2023 19: +0,1694368800
0.524,1,Sep 10 2023 20: +0,1694372400
0.499,3,Sep 10 2023 21: +0,1694376000
0.499,3,Sep 10 2023 22: +0,1694379600
0.499,5,Sep 10 2023 23: +0,1694383200
0.515,1,Sep 11 2023 01: +0,1694390400
0.475,2,Sep 11 2023 02: +0,1694394000
0.507,1,Sep 11 2023 03: +0,1694397600
0.518,1,Sep 11 2023 06: +0,1694408400
0.435,1,Sep 11 2023 07: +0,1694412000
0.522,1,Sep 11 2023 08: +0,1694415600
0.483,1,Sep 11 2023 12: +0,1694430000
0.499,4,Sep 11 2023 14: +0,1694437200
0.483,1,Sep 11 2023 15: +0,1694440800
0.517,4,Sep 11 2023 16: +0,1694444400
0.478,2,Sep 11 2023 17: +0,1694448000
0.531,1,Sep 11 2023 18: +0,1694451600
0.507,4,Sep 11 2023 19: +0,1694455200
0.507,5,Sep 11 2023 20: +0,1694458800
0.535,4,Sep 11 2023 21: +0,1694462400
0.513,2,Sep 11 2023 23: +0,1694469600
0.526,1,Sep 12 2023 00: +0,1694473200
0.521,3,Sep 12 2023 01: +0,1694476800
0.531,2,Sep 12 2023 02: +0,1694480400
0.555,1,Sep 12 2023 03: +0,1694484000
0.563,3,Sep 12 2023 04: +0,1694487600
0.531,1,Sep 12 2023 06: +0,1694494800
0.483,1,Sep 12 2023 07: +0,1694498400
0.515,1,Sep 12 2023 08: +0,1694502000
0.537,4,Sep 12 2023 09: +0,1694505600
0.483,5,Sep 12 2023 10: +0,1694509200
0.531,1,Sep 12 2023 11: +0,1694512800
0.499,3,Sep 12 2023 12: +0,1694516400
0.443,1,Sep 12 2023 13: +0,1694520000
0.531,1,Sep 12 2023 14: +0,1694523600
0.57,1,Sep 12 2023 16: +0,1694530800
0.537,2,Sep 12 2023 17: +0,1694534400
0.515,3,Sep 12 2023 18: +0,1694538000
0.544,4,Sep 12 2023 19: +0,1694541600
0.531,5,Sep 12 2023 21: +0,1694548800
0.523,1,Sep 12 2023 22: +0,1694552400
0.531,1,Sep 12 2023 23: +0,1694556000
0.531,1,Sep 13 2023 00: +0,1694559600
0.56,3,Sep 13 2023 01: +0,1694563200
0.552,1,Sep 13 2023 02: +0,1694566800
0.573,2,Sep 13 2023 03: +0,1694570400
0.531,1,Sep 13 2023 04: +0,1694574000
0.552,1,Sep 13 2023 05: +0,1694577600
0.547,2,Sep 13 2023 11: +0,1694599200
0.552,1,Sep 13 2023 12: +0,1694602800
0.533,4,Sep 13 2023 13: +0,1694606400
0.515,1,Sep 13 2023 14: +0,1694610000
0.515,1,Sep 13 2023 15: +0,1694613600
0.491,2,Sep 13 2023 18: +0,1694624400
0.519,4,Sep 13 2023 19: +0,1694628000
0.531,3,Sep 13 2023 20: +0,1694631600
0.503,2,Sep 13 2023 21: +0,1694635200
0.429,2,Sep 13 2023 23: +0,1694642400
0.542,2,Sep 14 2023 00: +0,1694646000
0.499,2,Sep 14 2023 01: +0,1694649600
0.531,1,Sep 14 2023 02: +0,1694653200
0.515,1,Sep 14 2023 04: +0,1694660400
0.531,1,Sep 14 2023 05: +0,1694664000
0.564,3,Sep 14 2023 06: +0,1694667600
0.459,1,Sep 14 2023 07: +0,1694671200
0.531,2,Sep 14 2023 08: +0,1694674800
0.531,1,Sep 14 2023 09: +0,1694678400
0.459,2,Sep 14 2023 10: +0,1694682000
0.543,5,Sep 14 2023 11: +0,1694685600
0.537,2,Sep 14 2023 12: +0,1694689200
0.553,1,Sep 14 2023 14: +0,1694696400
0.531,3,Sep 14 2023 15: +0,1694700000
0.553,5,Sep 14 2023 16: +0,1694703600
0.515,3,Sep 14 2023 17: +0,1694707200
0.557,8,Sep 14 2023 18: +0,1694710800
0.536,5,Sep 14 2023 19: +0,1694714400
0.529,5,Sep 14 2023 20: +0,1694718000
0.546,2,Sep 14 2023 21: +0,1694721600
0.532,2,Sep 14 2023 22: +0,1694725200
0.543,1,Sep 14 2023 23: +0,1694728800
0.555,1,Sep 15 2023 00: +0,1694732400
0.56,1,Sep 15 2023 01: +0,1694736000
0.459,1,Sep 15 2023 03: +0,1694743200
0.541,1,Sep 15 2023 04: +0,1694746800
0.572,1,Sep 15 2023 06: +0,1694754000
0.547,4,Sep 15 2023 07: +0,1694757600
0.554,1,Sep 15 2023 09: +0,1694764800
0.561,1,Sep 15 2023 10: +0,1694768400
0.522,2,Sep 15 2023 11: +0,1694772000
0.555,1,Sep 15 2023 13: +0,1694779200
0.542,2,Sep 15 2023 14: +0,1694782800
0.537,2,Sep 15 2023 15: +0,1694786400
0.543,3,Sep 15 2023 16: +0,1694790000
0.495,4,Sep 15 2023 17: +0,1694793600
0.528,4,Sep 15 2023 18: +0,1694797200
0.521,4,Sep 15 2023 19: +0,1694800800
0.542,2,Sep 15 2023 20: +0,1694804400
0.559,8,Sep 15 2023 21: +0,1694808000
0.537,2,Sep 15 2023 22: +0,1694811600
0.541,3,Sep 15 2023 23: +0,1694815200
0.567,1,Sep 16 2023 00: +0,1694818800
0.428,1,Sep 16 2023 02: +0,1694826000
0.545,2,Sep 16 2023 07: +0,1694844000
0.533,4,Sep 16 2023 08: +0,1694847600
0.533,14,Sep 16 2023 09: +0,1694851200
0.491,4,Sep 16 2023 12: +0,1694862000
0.516,5,Sep 16 2023 13: +0,1694865600
0.556,6,Sep 16 2023 14: +0,1694869200
0.554,2,Sep 16 2023 16: +0,1694876400
0.533,1,Sep 16 2023 17: +0,1694880000
0.533,1,Sep 16 2023 18: +0,1694883600
0.52,2,Sep 16 2023 19: +0,1694887200
0.567,1,Sep 16 2023 20: +0,1694890800
0.533,4,Sep 16 2023 21: +0,1694894400
0.567,1,Sep 16 2023 22: +0,1694898000
0.567,3,Sep 17 2023 00: +0,1694905200
0.498,1,Sep 17 2023 02: +0,1694912400
0.559,2,Sep 17 2023 05: +0,1694923200
0.436,1,Sep 17 2023 07: +0,1694930400
0.567,3,Sep 17 2023 08: +0,1694934000
0.546,2,Sep 17 2023 09: +0,1694937600
0.541,1,Sep 17 2023 10: +0,1694941200
0.498,5,Sep 17 2023 11: +0,1694944800
0.567,1,Sep 17 2023 12: +0,1694948400
0.58,1,Sep 17 2023 13: +0,1694952000
0.541,3,Sep 17 2023 14: +0,1694955600
0.537,2,Sep 17 2023 15: +0,1694959200
0.532,3,Sep 17 2023 16: +0,1694962800
0.484,1,Sep 17 2023 17: +0,1694966400
0.484,2,Sep 17 2023 18: +0,1694970000
0.57,5,Sep 17 2023 19: +0,1694973600
0.444,3,Sep 17 2023 21: +0,1694980800
0.498,1,Sep 17 2023 22: +0,1694984400
0.508,1,Sep 17 2023 23: +0,1694988000
0.492,1,Sep 18 2023 00: +0,1694991600
0.488,2,Sep 18 2023 03: +0,1695002400
0.492,3,Sep 18 2023 07: +0,1695016800
0.484,1,Sep 18 2023 08: +0,1695020400
0.484,1,Sep 18 2023 09: +0,1695024000
0.449,2,Sep 18 2023 11: +0,1695031200
0.476,1,Sep 18 2023 12: +0,1695034800
0.452,4,Sep 18 2023 13: +0,1695038400
0.484,3,Sep 18 2023 14: +0,1695042000
0.494,4,Sep 18 2023 16: +0,1695049200
0.5,4,Sep 18 2023 17: +0,1695052800
0.523,3,Sep 18 2023 18: +0,1695056400
0.482,2,Sep 18 2023 19: +0,1695060000
0.508,1,Sep 18 2023 20: +0,1695063600
0.507,5,Sep 18 2023 21: +0,1695067200
0.497,2,Sep 18 2023 22: +0,1695070800
0.506,1,Sep 19 2023 01: +0,1695081600
0.527,1,Sep 19 2023 02: +0,1695085200
0.54,1,Sep 19 2023 03: +0,1695088800
0.554,1,Sep 19 2023 05: +0,1695096000
0.541,2,Sep 19 2023 06: +0,1695099600
0.51,1,Sep 19 2023 07: +0,1695103200
0.556,2,Sep 19 2023 09: +0,1695110400
0.503,1,Sep 19 2023 10: +0,1695114000
0.492,3,Sep 19 2023 12: +0,1695121200
0.484,3,Sep 19 2023 13: +0,1695124800
0.503,1,Sep 19 2023 14: +0,1695128400
0.492,5,Sep 19 2023 15: +0,1695132000
0.455,6,Sep 19 2023 16: +0,1695135600
0.507,1,Sep 19 2023 17: +0,1695139200
0.507,1,Sep 19 2023 18: +0,1695142800
0.467,1,Sep 19 2023 19: +0,1695146400
0.5,5,Sep 19 2023 20: +0,1695150000
0.5,1,Sep 19 2023 21: +0,1695153600
0.479,2,Sep 19 2023 22: +0,1695157200
0.463,2,Sep 20 2023 00: +0,1695164400
0.492,2,Sep 20 2023 01: +0,1695168000
0.492,1,Sep 20 2023 02: +0,1695171600
0.555,1,Sep 20 2023 03: +0,1695175200
0.492,1,Sep 20 2023 04: +0,1695178800
0.492,1,Sep 20 2023 05: +0,1695182400
0.499,2,Sep 20 2023 06: +0,1695186000
0.556,1,Sep 20 2023 07: +0,1695189600
0.492,2,Sep 20 2023 10: +0,1695200400
0.539,6,Sep 20 2023 13: +0,1695211200
0.543,3,Sep 20 2023 14: +0,1695214800
0.51,2,Sep 20 2023 15: +0,1695218400
0.526,2,Sep 20 2023 16: +0,1695222000
0.56,3,Sep 20 2023 17: +0,1695225600
0.525,1,Sep 20 2023 20: +0,1695236400
0.497,1,Sep 20 2023 21: +0,1695240000
0.46,3,Sep 20 2023 22: +0,1695243600
0.5,3,Sep 20 2023 23: +0,1695247200
0.553,3,Sep 21 2023 00: +0,1695250800
0.549,4,Sep 21 2023 01: +0,1695254400
0.553,1,Sep 21 2023 03: +0,1695261600
0.518,2,Sep 21 2023 06: +0,1695272400
0.492,2,Sep 21 2023 11: +0,1695290400
0.518,1,Sep 21 2023 13: +0,1695297600
0.485,1,Sep 21 2023 15: +0,1695304800
0.494,1,Sep 21 2023 17: +0,1695312000
0.518,1,Sep 21 2023 18: +0,1695315600
0.518,5,Sep 21 2023 19: +0,1695319200
0.542,9,Sep 21 2023 20: +0,1695322800
0.486,3,Sep 22 2023 00: +0,1695337200
0.486,1,Sep 22 2023 02: +0,1695344400
0.533,4,Sep 22 2023 06: +0,1695358800
0.578,8,Sep 22 2023 07: +0,1695362400
0.487,2,Sep 22 2023 11: +0,1695376800
0.482,1,Sep 22 2023 12: +0,1695380400
0.472,3,Sep 22 2023 13: +0,1695384000
0.465,2,Sep 22 2023 14: +0,1695387600
0.446,2,Sep 22 2023 15: +0,1695391200
0.485,1,Sep 22 2023 16: +0,1695394800
0.482,3,Sep 22 2023 17: +0,1695398400
0.444,2,Sep 22 2023 18: +0,1695402000
0.465,2,Sep 22 2023 19: +0,1695405600
0.482,1,Sep 22 2023 20: +0,1695409200
0.486,4,Sep 22 2023 22: +0,1695416400
0.472,2,Sep 22 2023 23: +0,1695420000
0.371,1,Sep 23 2023 01: +0,1695427200
0.492,1,Sep 23 2023 03: +0,1695434400
0.438,3,Sep 23 2023 08: +0,1695452400
0.456,2,Sep 23 2023 11: +0,1695463200
0.475,7,Sep 23 2023 12: +0,1695466800
0.497,8,Sep 23 2023 13: +0,1695470400
0.437,4,Sep 23 2023 14: +0,1695474000
0.461,3,Sep 23 2023 15: +0,1695477600
0.475,2,Sep 23 2023 16: +0,1695481200
0.493,3,Sep 23 2023 17: +0,1695484800
0.475,3,Sep 23 2023 20: +0,1695495600
0.558,5,Sep 23 2023 21: +0,1695499200
0.476,4,Sep 23 2023 22: +0,1695502800
0.467,1,Sep 24 2023 01: +0,1695513600
0.471,1,Sep 24 2023 02: +0,1695517200
0.5,1,Sep 24 2023 04: +0,1695524400
0.471,1,Sep 24 2023 05: +0,1695528000
0.574,4,Sep 24 2023 06: +0,1695531600
0.469,1,Sep 24 2023 09: +0,1695542400
0.451,2,Sep 24 2023 10: +0,1695546000
0.471,3,Sep 24 2023 11: +0,1695549600
0.475,1,Sep 24 2023 13: +0,1695556800
0.421,1,Sep 24 2023 14: +0,1695560400
0.471,6,Sep 24 2023 15: +0,1695564000
0.492,5,Sep 24 2023 16: +0,1695567600
0.527,5,Sep 24 2023 17: +0,1695571200
0.506,3,Sep 24 2023 19: +0,1695578400
0.471,1,Sep 25 2023 00: +0,1695596400
0.512,1,Sep 25 2023 03: +0,1695607200
0.528,6,Sep 25 2023 04: +0,1695610800
0.471,3,Sep 25 2023 06: +0,1695618000
0.54,1,Sep 25 2023 08: +0,1695625200
0.393,1,Sep 25 2023 10: +0,1695632400
0.459,2,Sep 25 2023 12: +0,1695639600
0.453,2,Sep 25 2023 13: +0,1695643200
0.461,1,Sep 25 2023 14: +0,1695646800
0.477,2,Sep 25 2023 16: +0,1695654000
0.491,5,Sep 25 2023 17: +0,1695657600
0.454,2,Sep 25 2023 18: +0,1695661200
0.491,2,Sep 25 2023 19: +0,1695664800
0.459,3,Sep 25 2023 20: +0,1695668400
0.508,8,Sep 25 2023 22: +0,1695675600
0.472,2,Sep 25 2023 23: +0,1695679200
0.512,2,Sep 26 2023 00: +0,1695682800
0.457,1,Sep 26 2023 07: +0,1695708000
0.455,1,Sep 26 2023 08: +0,1695711600
0.42,3,Sep 26 2023 12: +0,1695726000
0.463,2,Sep 26 2023 14: +0,1695733200
0.474,5,Sep 26 2023 15: +0,1695736800
0.477,2,Sep 26 2023 16: +0,1695740400
0.472,3,Sep 26 2023 18: +0,1695747600
0.472,3,Sep 26 2023 19: +0,1695751200
0.48,2,Sep 26 2023 20: +0,1695754800
0.5,2,Sep 26 2023 21: +0,1695758400
0.458,3,Sep 26 2023 22: +0,1695762000
0.471,7,Sep 26 2023 23: +0,1695765600
0.471,1,Sep 27 2023 01: +0,1695772800
0.431,1,Sep 27 2023 02: +0,1695776400
0.481,2,Sep 27 2023 04: +0,1695783600
0.477,3,Sep 27 2023 05: +0,1695787200
0.465,1,Sep 27 2023 07: +0,1695794400
0.469,1,Sep 27 2023 08: +0,1695798000
0.442,2,Sep 27 2023 09: +0,1695801600
0.465,3,Sep 27 2023 10: +0,1695805200
0.465,1,Sep 27 2023 11: +0,1695808800
0.367,1,Sep 27 2023 12: +0,1695812400
0.497,3,Sep 27 2023 13: +0,1695816000
0.45,3,Sep 27 2023 14: +0,1695819600
0.456,2,Sep 27 2023 15: +0,1695823200
0.467,3,Sep 27 2023 16: +0,1695826800
0.471,3,Sep 27 2023 17: +0,1695830400
0.557,15,Sep 27 2023 18: +0,1695834000
0.585,16,Sep 27 2023 19: +0,1695837600
0.598,1,Sep 27 2023 20: +0,1695841200
0.584,3,Sep 27 2023 21: +0,1695844800
0.508,5,Sep 27 2023 22: +0,1695848400
0.499,4,Sep 27 2023 23: +0,1695852000
0.492,6,Sep 28 2023 00: +0,1695855600
0.553,1,Sep 28 2023 02: +0,1695862800
0.471,2,Sep 28 2023 03: +0,1695866400
0.478,4,Sep 28 2023 04: +0,1695870000
0.473,2,Sep 28 2023 05: +0,1695873600
0.398,1,Sep 28 2023 06: +0,1695877200
0.434,1,Sep 28 2023 08: +0,1695884400
0.537,1,Sep 28 2023 10: +0,1695891600
0.5,1,Sep 28 2023 11: +0,1695895200
0.491,1,Sep 28 2023 12: +0,1695898800
0.49,1,Sep 28 2023 13: +0,1695902400
0.517,1,Sep 28 2023 15: +0,1695909600
0.54,5,Sep 28 2023 16: +0,1695913200
0.483,3,Sep 28 2023 17: +0,1695916800
0.494,2,Sep 28 2023 19: +0,1695924000
0.487,2,Sep 28 2023 20: +0,1695927600
0.479,14,Sep 28 2023 21: +0,1695931200
0.414,1,Sep 28 2023 22: +0,1695934800
0.467,1,Sep 29 2023 00: +0,1695942000
0.423,1,Sep 29 2023 01: +0,1695945600
0.47,1,Sep 29 2023 02: +0,1695949200
0.457,1,Sep 29 2023 03: +0,1695952800
0.409,2,Sep 29 2023 08: +0,1695970800
0.411,1,Sep 29 2023 09: +0,1695974400
0.437,1,Sep 29 2023 10: +0,1695978000
0.39,2,Sep 29 2023 11: +0,1695981600
0.414,3,Sep 29 2023 12: +0,1695985200
0.423,1,Sep 29 2023 13: +0,1695988800
0.439,2,Sep 29 2023 14: +0,1695992400
0.449,1,Sep 29 2023 15: +0,1695996000
0.449,4,Sep 29 2023 16: +0,1695999600
0.45,1,Sep 29 2023 18: +0,1696006800
0.434,2,Sep 29 2023 20: +0,1696014000
0.437,5,Sep 29 2023 21: +0,1696017600
0.434,2,Sep 29 2023 22: +0,1696021200
0.449,4,Sep 29 2023 23: +0,1696024800
0.42,4,Sep 30 2023 00: +0,1696028400
0.467,1,Sep 30 2023 01: +0,1696032000
0.433,16,Sep 30 2023 03: +0,1696039200
0.434,3,Sep 30 2023 04: +0,1696042800
0.389,2,Sep 30 2023 05: +0,1696046400
0.455,2,Sep 30 2023 07: +0,1696053600
0.452,4,Sep 30 2023 09: +0,1696060800
0.434,1,Sep 30 2023 10: +0,1696064400
0.433,1,Sep 30 2023 11: +0,1696068000
0.434,7,Sep 30 2023 12: +0,1696071600
0.309,1,Sep 30 2023 13: +0,1696075200
0.433,7,Sep 30 2023 14: +0,1696078800
0.47,4,Sep 30 2023 15: +0,1696082400
0.414,1,Sep 30 2023 16: +0,1696086000
0.433,5,Sep 30 2023 18: +0,1696093200
0.441,2,Sep 30 2023 19: +0,1696096800
0.435,3,Sep 30 2023 20: +0,1696100400
0.434,3,Sep 30 2023 21: +0,1696104000
0.426,2,Sep 30 2023 22: +0,1696107600
0.438,1,Sep 30 2023 23: +0,1696111200
0.436,2,Oct 01 2023 00: +0,1696114800
0.426,2,Oct 01 2023 01: +0,1696118400
0.414,1,Oct 01 2023 02: +0,1696122000
0.364,2,Oct 01 2023 04: +0,1696129200
0.44,6,Oct 01 2023 05: +0,1696132800
0.402,2,Oct 01 2023 06: +0,1696136400
0.402,1,Oct 01 2023 07: +0,1696140000
0.398,2,Oct 01 2023 08: +0,1696143600
0.386,3,Oct 01 2023 10: +0,1696150800
0.398,3,Oct 01 2023 11: +0,1696154400
0.407,1,Oct 01 2023 12: +0,1696158000
0.453,1,Oct 01 2023 13: +0,1696161600
0.386,3,Oct 01 2023 14: +0,1696165200
0.384,3,Oct 01 2023 15: +0,1696168800
0.428,1,Oct 01 2023 16: +0,1696172400
0.433,5,Oct 01 2023 17: +0,1696176000
0.417,3,Oct 01 2023 18: +0,1696179600
0.392,1,Oct 01 2023 19: +0,1696183200
0.392,4,Oct 01 2023 20: +0,1696186800
0.392,6,Oct 01 2023 21: +0,1696190400
0.424,2,Oct 01 2023 22: +0,1696194000
0.436,2,Oct 01 2023 23: +0,1696197600
0.415,1,Oct 02 2023 00: +0,1696201200
0.438,1,Oct 02 2023 01: +0,1696204800
0.436,2,Oct 02 2023 06: +0,1696222800
0.415,1,Oct 02 2023 07: +0,1696226400
0.413,1,Oct 02 2023 08: +0,1696230000
0.292,1,Oct 02 2023 10: +0,1696237200
0.415,1,Oct 02 2023 12: +0,1696244400
0.442,1,Oct 02 2023 13: +0,1696248000
0.413,1,Oct 02 2023 15: +0,1696255200
0.45,3,Oct 02 2023 16: +0,1696258800
0.412,4,Oct 02 2023 17: +0,1696262400
0.45,19,Oct 02 2023 18: +0,1696266000
0.422,2,Oct 02 2023 19: +0,1696269600
0.418,1,Oct 02 2023 20: +0,1696273200
0.399,3,Oct 02 2023 21: +0,1696276800
0.433,3,Oct 02 2023 23: +0,1696284000
0.453,1,Oct 03 2023 00: +0,1696287600
0.42,3,Oct 03 2023 01: +0,1696291200
0.417,3,Oct 03 2023 02: +0,1696294800
0.442,1,Oct 03 2023 06: +0,1696309200
0.387,2,Oct 03 2023 07: +0,1696312800
0.469,1,Oct 03 2023 09: +0,1696320000
0.412,1,Oct 03 2023 10: +0,1696323600
0.416,4,Oct 03 2023 12: +0,1696330800
0.426,3,Oct 03 2023 13: +0,1696334400
0.417,1,Oct 03 2023 15: +0,1696341600
0.41,1,Oct 03 2023 16: +0,1696345200
0.413,3,Oct 03 2023 17: +0,1696348800
0.412,2,Oct 03 2023 18: +0,1696352400
0.436,3,Oct 03 2023 19: +0,1696356000
0.394,2,Oct 03 2023 20: +0,1696359600
0.431,3,Oct 03 2023 21: +0,1696363200
0.473,11,Oct 03 2023 22: +0,1696366800
0.478,1,Oct 03 2023 23: +0,1696370400
0.414,3,Oct 04 2023 00: +0,1696374000
0.463,1,Oct 04 2023 05: +0,1696392000
0.405,2,Oct 04 2023 06: +0,1696395600
0.419,3,Oct 04 2023 08: +0,1696402800
0.411,2,Oct 04 2023 11: +0,1696413600
0.416,2,Oct 04 2023 12: +0,1696417200
0.418,1,Oct 04 2023 13: +0,1696420800
0.414,3,Oct 04 2023 14: +0,1696424400
0.392,2,Oct 04 2023 15: +0,1696428000
0.397,2,Oct 04 2023 16: +0,1696431600
0.404,2,Oct 04 2023 17: +0,1696435200
0.388,2,Oct 04 2023 18: +0,1696438800
0.498,34,Oct 04 2023 19: +0,1696442400
0.377,1,Oct 04 2023 20: +0,1696446000
0.353,1,Oct 04 2023 21: +0,1696449600
0.355,2,Oct 04 2023 23: +0,1696456800
0.341,1,Oct 05 2023 01: +0,1696464000
0.466,1,Oct 05 2023 03: +0,1696471200
0.403,2,Oct 05 2023 04: +0,1696474800
0.49,2,Oct 05 2023 05: +0,1696478400
0.428,1,Oct 05 2023 06: +0,1696482000
0.415,1,Oct 05 2023 08: +0,1696489200
0.428,2,Oct 05 2023 12: +0,1696503600
0.466,1,Oct 05 2023 14: +0,1696510800
0.416,5,Oct 05 2023 15: +0,1696514400
0.412,5,Oct 05 2023 16: +0,1696518000
0.577,25,Oct 05 2023 17: +0,1696521600
0.577,12,Oct 05 2023 18: +0,1696525200
0.442,4,Oct 05 2023 21: +0,1696536000
0.431,1,Oct 05 2023 23: +0,1696543200
0.478,3,Oct 06 2023 00: +0,1696546800
0.504,2,Oct 06 2023 02: +0,1696554000
0.506,3,Oct 06 2023 04: +0,1696561200
0.445,3,Oct 06 2023 05: +0,1696564800
0.494,1,Oct 06 2023 06: +0,1696568400
0.478,1,Oct 06 2023 07: +0,1696572000
0.502,7,Oct 06 2023 08: +0,1696575600
0.511,13,Oct 06 2023 09: +0,1696579200
0.494,3,Oct 06 2023 10: +0,1696582800
0.511,5,Oct 06 2023 11: +0,1696586400
0.507,5,Oct 06 2023 12: +0,1696590000
0.478,3,Oct 06 2023 13: +0,1696593600
0.528,2,Oct 06 2023 14: +0,1696597200
0.55,4,Oct 06 2023 15: +0,1696600800
0.494,1,Oct 06 2023 16: +0,1696604400
0.515,2,Oct 06 2023 17: +0,1696608000
0.568,7,Oct 06 2023 18: +0,1696611600
0.561,3,Oct 06 2023 19: +0,1696615200
0.552,2,Oct 06 2023 20: +0,1696618800
0.498,2,Oct 06 2023 22: +0,1696626000
0.57,5,Oct 06 2023 23: +0,1696629600
0.535,1,Oct 07 2023 01: +0,1696636800
0.485,1,Oct 07 2023 02: +0,1696640400
0.568,5,Oct 07 2023 05: +0,1696651200
0.494,1,Oct 07 2023 07: +0,1696658400
0.494,1,Oct 07 2023 08: +0,1696662000
0.571,9,Oct 07 2023 10: +0,1696669200
0.509,2,Oct 07 2023 12: +0,1696676400
0.57,5,Oct 07 2023 14: +0,1696683600
0.45,2,Oct 07 2023 16: +0,1696690800
0.551,6,Oct 07 2023 19: +0,1696701600
0.655,3,Oct 07 2023 20: +0,1696705200
0.691,1,Oct 07 2023 21: +0,1696708800
0.584,1,Oct 08 2023 02: +0,1696726800
0.584,22,Oct 08 2023 07: +0,1696744800
0.51,1,Oct 08 2023 08: +0,1696748400
0.551,2,Oct 08 2023 10: +0,1696755600
0.543,2,Oct 08 2023 12: +0,1696762800
0.506,2,Oct 08 2023 13: +0,1696766400
0.449,2,Oct 08 2023 15: +0,1696773600
0.54,1,Oct 08 2023 16: +0,1696777200
0.452,1,Oct 08 2023 18: +0,1696784400
0.61,6,Oct 08 2023 19: +0,1696788000
0.518,2,Oct 08 2023 20: +0,1696791600
0.576,5,Oct 08 2023 22: +0,1696798800
0.571,4,Oct 08 2023 23: +0,1696802400
0.51,1,Oct 09 2023 00: +0,1696806000
0.51,1,Oct 09 2023 07: +0,1696831200
0.477,1,Oct 09 2023 08: +0,1696834800
0.501,1,Oct 09 2023 10: +0,1696842000
0.503,1,Oct 09 2023 12: +0,1696849200
0.5,1,Oct 09 2023 15: +0,1696860000
0.536,1,Oct 09 2023 16: +0,1696863600
0.493,5,Oct 09 2023 17: +0,1696867200
0.577,4,Oct 09 2023 18: +0,1696870800
0.501,1,Oct 09 2023 21: +0,1696881600
0.485,1,Oct 09 2023 22: +0,1696885200
0.608,14,Oct 10 2023 01: +0,1696896000
0.633,2,Oct 10 2023 02: +0,1696899600
0.625,1,Oct 10 2023 03: +0,1696903200
0.562,1,Oct 10 2023 09: +0,1696924800
0.493,1,Oct 10 2023 11: +0,1696932000
0.527,3,Oct 10 2023 12: +0,1696935600
0.485,3,Oct 10 2023 13: +0,1696939200
0.562,3,Oct 10 2023 14: +0,1696942800
0.562,5,Oct 10 2023 15: +0,1696946400
0.579,2,Oct 10 2023 16: +0,1696950000
0.551,2,Oct 10 2023 17: +0,1696953600
0.518,1,Oct 10 2023 18: +0,1696957200
0.588,5,Oct 10 2023 22: +0,1696971600
0.6,3,Oct 10 2023 23: +0,1696975200
0.637,10,Oct 11 2023 00: +0,1696978800
0.643,1,Oct 11 2023 01: +0,1696982400
0.469,1,Oct 11 2023 02: +0,1696986000
0.606,2,Oct 11 2023 03: +0,1696989600
0.477,1,Oct 11 2023 04: +0,1696993200
0.509,1,Oct 11 2023 05: +0,1696996800
0.502,1,Oct 11 2023 08: +0,1697007600
0.436,1,Oct 11 2023 12: +0,1697022000
0.436,1,Oct 11 2023 13: +0,1697025600
0.436,1,Oct 11 2023 14: +0,1697029200
0.619,3,Oct 11 2023 15: +0,1697032800
0.625,3,Oct 11 2023 16: +0,1697036400
0.633,6,Oct 11 2023 17: +0,1697040000
0.633,1,Oct 11 2023 18: +0,1697043600
0.518,1,Oct 11 2023 19: +0,1697047200
0.548,2,Oct 11 2023 20: +0,1697050800
0.51,3,Oct 11 2023 21: +0,1697054400
0.506,2,Oct 11 2023 22: +0,1697058000
0.485,1,Oct 12 2023 02: +0,1697072400
0.511,1,Oct 12 2023 04: +0,1697079600
0.543,3,Oct 12 2023 07: +0,1697090400
0.469,1,Oct 12 2023 08: +0,1697094000
0.567,1,Oct 12 2023 10: +0,1697101200
0.452,1,Oct 12 2023 12: +0,1697108400
0.452,1,Oct 12 2023 14: +0,1697115600
0.537,1,Oct 12 2023 15: +0,1697119200
0.541,2,Oct 12 2023 16: +0,1697122800
0.537,2,Oct 12 2023 20: +0,1697137200
0.526,1,Oct 12 2023 21: +0,1697140800
0.6,20,Oct 12 2023 22: +0,1697144400
0.637,2,Oct 12 2023 23: +0,1697148000
0.564,2,Oct 13 2023 06: +0,1697173200
0.548,1,Oct 13 2023 10: +0,1697187600
0.46,2,Oct 13 2023 12: +0,1697194800
0.584,1,Oct 13 2023 13: +0,1697198400
0.556,5,Oct 13 2023 14: +0,1697202000
0.557,1,Oct 13 2023 16: +0,1697209200
0.607,1,Oct 13 2023 17: +0,1697212800
0.608,3,Oct 13 2023 18: +0,1697216400
0.617,13,Oct 13 2023 19: +0,1697220000
0.643,4,Oct 13 2023 20: +0,1697223600
0.558,2,Oct 13 2023 21: +0,1697227200
0.551,2,Oct 14 2023 05: +0,1697256000
0.572,1,Oct 14 2023 08: +0,1697266800
0.602,13,Oct 14 2023 10: +0,1697274000
0.571,1,Oct 14 2023 11: +0,1697277600
0.597,1,Oct 14 2023 12: +0,1697281200
0.581,3,Oct 14 2023 13: +0,1697284800
0.607,5,Oct 14 2023 14: +0,1697288400
0.581,12,Oct 14 2023 15: +0,1697292000
0.581,1,Oct 14 2023 17: +0,1697299200
0.575,5,Oct 14 2023 18: +0,1697302800
0.577,1,Oct 14 2023 19: +0,1697306400
0.516,1,Oct 14 2023 20: +0,1697310000
0.59,1,Oct 14 2023 22: +0,1697317200
0.603,4,Oct 15 2023 00: +0,1697324400
0.636,4,Oct 15 2023 01: +0,1697328000
0.564,1,Oct 15 2023 07: +0,1697349600
0.572,4,Oct 15 2023 12: +0,1697367600
0.597,1,Oct 15 2023 13: +0,1697371200
0.571,2,Oct 15 2023 14: +0,1697374800
0.564,1,Oct 15 2023 15: +0,1697378400
0.584,4,Oct 15 2023 17: +0,1697385600
0.528,1,Oct 15 2023 18: +0,1697389200
0.562,1,Oct 15 2023 20: +0,1697396400
0.587,1,Oct 15 2023 22: +0,1697403600
0.597,2,Oct 15 2023 23: +0,1697407200
0.566,2,Oct 16 2023 01: +0,1697414400
0.625,3,Oct 16 2023 02: +0,1697418000
0.649,1,Oct 16 2023 04: +0,1697425200
0.56,1,Oct 16 2023 06: +0,1697432400
0.645,1,Oct 16 2023 07: +0,1697436000
0.584,1,Oct 16 2023 10: +0,1697446800
0.644,1,Oct 16 2023 11: +0,1697450400
0.564,2,Oct 16 2023 12: +0,1697454000
0.493,1,Oct 16 2023 13: +0,1697457600
0.566,1,Oct 16 2023 15: +0,1697464800
0.564,3,Oct 16 2023 16: +0,1697468400
0.623,1,Oct 16 2023 17: +0,1697472000
0.58,2,Oct 16 2023 19: +0,1697479200
0.625,1,Oct 16 2023 21: +0,1697486400
0.573,2,Oct 17 2023 05: +0,1697515200
0.485,1,Oct 17 2023 08: +0,1697526000
0.6,1,Oct 17 2023 09: +0,1697529600
0.532,2,Oct 17 2023 10: +0,1697533200
0.55,1,Oct 17 2023 12: +0,1697540400
0.578,2,Oct 17 2023 14: +0,1697547600
0.58,3,Oct 17 2023 16: +0,1697554800
0.582,9,Oct 17 2023 17: +0,1697558400
0.582,1,Oct 17 2023 18: +0,1697562000
0.533,2,Oct 17 2023 21: +0,1697572800
0.588,1,Oct 18 2023 00: +0,1697583600
0.556,1,Oct 18 2023 03: +0,1697594400
0.494,1,Oct 18 2023 04: +0,1697598000
0.468,2,Oct 18 2023 05: +0,1697601600
0.582,3,Oct 18 2023 07: +0,1697608800
0.582,2,Oct 18 2023 08: +0,1697612400
0.582,1,Oct 18 2023 10: +0,1697619600
0.582,3,Oct 18 2023 11: +0,1697623200
0.538,2,Oct 18 2023 12: +0,1697626800
0.582,1,Oct 18 2023 13: +0,1697630400
0.582,6,Oct 18 2023 14: +0,1697634000
0.572,3,Oct 18 2023 15: +0,1697637600
0.552,1,Oct 18 2023 16: +0,1697641200
0.503,2,Oct 18 2023 17: +0,1697644800
0.511,2,Oct 18 2023 19: +0,1697652000
0.535,3,Oct 18 2023 20: +0,1697655600
0.48,2,Oct 18 2023 21: +0,1697659200
0.521,1,Oct 18 2023 22: +0,1697662800
0.568,3,Oct 19 2023 00: +0,1697670000
0.568,2,Oct 19 2023 04: +0,1697684400
0.561,1,Oct 19 2023 07: +0,1697695200
0.453,1,Oct 19 2023 08: +0,1697698800
0.543,1,Oct 19 2023 10: +0,1697706000
0.504,1,Oct 19 2023 11: +0,1697709600
0.522,1,Oct 19 2023 12: +0,1697713200
0.547,1,Oct 19 2023 14: +0,1697720400
0.543,1,Oct 19 2023 15: +0,1697724000
0.535,1,Oct 19 2023 16: +0,1697727600
0.568,1,Oct 19 2023 18: +0,1697734800
0.511,2,Oct 19 2023 19: +0,1697738400
0.543,4,Oct 19 2023 20: +0,1697742000
0.54,1,Oct 20 2023 01: +0,1697760000
0.54,1,Oct 20 2023 03: +0,1697767200
0.536,2,Oct 20 2023 04: +0,1697770800
0.568,1,Oct 20 2023 06: +0,1697778000
0.445,1,Oct 20 2023 09: +0,1697788800
0.555,1,Oct 20 2023 10: +0,1697792400
0.54,2,Oct 20 2023 11: +0,1697796000
0.568,15,Oct 20 2023 12: +0,1697799600
0.553,2,Oct 20 2023 13: +0,1697803200
0.568,1,Oct 20 2023 14: +0,1697806800
0.537,2,Oct 20 2023 15: +0,1697810400
0.519,1,Oct 20 2023 17: +0,1697817600
0.501,1,Oct 20 2023 18: +0,1697821200
0.51,2,Oct 20 2023 19: +0,1697824800
0.507,1,Oct 20 2023 20: +0,1697828400
0.489,1,Oct 20 2023 22: +0,1697835600
0.53,1,Oct 21 2023 02: +0,1697850000
0.52,1,Oct 21 2023 06: +0,1697864400
0.518,2,Oct 21 2023 10: +0,1697878800
0.517,2,Oct 21 2023 12: +0,1697886000
0.437,1,Oct 21 2023 13: +0,1697889600
0.501,1,Oct 21 2023 15: +0,1697896800
0.52,2,Oct 21 2023 16: +0,1697900400
0.445,1,Oct 21 2023 19: +0,1697911200
0.519,2,Oct 21 2023 20: +0,1697914800
0.547,2,Oct 21 2023 21: +0,1697918400
0.516,2,Oct 21 2023 23: +0,1697925600
0.495,1,Oct 22 2023 07: +0,1697954400
0.495,1,Oct 22 2023 08: +0,1697958000
0.52,3,Oct 22 2023 09: +0,1697961600
0.52,1,Oct 22 2023 11: +0,1697968800
0.512,1,Oct 22 2023 14: +0,1697979600
0.487,8,Oct 22 2023 16: +0,1697986800
0.505,2,Oct 22 2023 17: +0,1697990400
0.436,1,Oct 22 2023 18: +0,1697994000
0.522,1,Oct 22 2023 19: +0,1697997600
0.533,1,Oct 22 2023 20: +0,1698001200
0.487,1,Oct 22 2023 22: +0,1698008400
0.43,1,Oct 23 2023 01: +0,1698019200
0.416,1,Oct 23 2023 03: +0,1698026400
0.506,1,Oct 23 2023 08: +0,1698044400
0.52,15,Oct 23 2023 13: +0,1698062400
0.496,2,Oct 23 2023 15: +0,1698069600
0.541,2,Oct 23 2023 18: +0,1698080400
0.551,4,Oct 23 2023 19: +0,1698084000
0.541,4,Oct 24 2023 02: +0,1698109200
0.52,1,Oct 24 2023 05: +0,1698120000
0.506,1,Oct 24 2023 06: +0,1698123600
0.528,2,Oct 24 2023 08: +0,1698130800
0.533,3,Oct 24 2023 10: +0,1698138000
0.495,1,Oct 24 2023 14: +0,1698152400
0.495,1,Oct 24 2023 15: +0,1698156000
0.52,1,Oct 24 2023 18: +0,1698166800
0.528,3,Oct 24 2023 19: +0,1698170400
0.517,1,Oct 24 2023 22: +0,1698181200
0.511,1,Oct 24 2023 23: +0,1698184800
0.437,1,Oct 25 2023 00: +0,1698188400
0.461,1,Oct 25 2023 03: +0,1698199200
0.564,3,Oct 25 2023 10: +0,1698224400
0.569,10,Oct 25 2023 13: +0,1698235200
0.594,15,Oct 25 2023 14: +0,1698238800
0.583,1,Oct 25 2023 16: +0,1698246000
0.532,2,Oct 25 2023 17: +0,1698249600
0.495,1,Oct 25 2023 18: +0,1698253200
0.514,1,Oct 25 2023 21: +0,1698264000
0.718,70,Oct 25 2023 23: +0,1698271200
0.705,1,Oct 26 2023 03: +0,1698285600
0.544,1,Oct 26 2023 06: +0,1698296400
0.68,5,Oct 26 2023 09: +0,1698307200
0.697,4,Oct 26 2023 11: +0,1698314400
0.528,1,Oct 26 2023 15: +0,1698328800
0.56,2,Oct 26 2023 17: +0,1698336000
0.532,1,Oct 26 2023 18: +0,1698339600
0.574,3,Oct 26 2023 19: +0,1698343200
0.528,1,Oct 26 2023 20: +0,1698346800
0.616,1,Oct 26 2023 21: +0,1698350400
0.528,1,Oct 26 2023 23: +0,1698357600
0.568,1,Oct 27 2023 00: +0,1698361200
0.619,1,Oct 27 2023 06: +0,1698382800
0.608,1,Oct 27 2023 11: +0,1698400800
0.528,1,Oct 27 2023 12: +0,1698404400
0.528,1,Oct 27 2023 14: +0,1698411600
0.495,5,Oct 27 2023 16: +0,1698418800
0.528,1,Oct 27 2023 17: +0,1698422400
0.528,1,Oct 27 2023 18: +0,1698426000
0.528,1,Oct 27 2023 19: +0,1698429600
0.585,1,Oct 27 2023 20: +0,1698433200
0.812,53,Oct 27 2023 21: +0,1698436800
0.536,1,Oct 28 2023 09: +0,1698480000
0.536,1,Oct 28 2023 10: +0,1698483600
0.551,3,Oct 28 2023 11: +0,1698487200
0.452,2,Oct 28 2023 12: +0,1698490800
0.439,2,Oct 28 2023 13: +0,1698494400
0.545,2,Oct 28 2023 14: +0,1698498000
0.528,1,Oct 28 2023 16: +0,1698505200
0.562,3,Oct 28 2023 17: +0,1698508800
0.44,1,Oct 28 2023 18: +0,1698512400
0.543,1,Oct 28 2023 19: +0,1698516000
0.5,2,Oct 28 2023 20: +0,1698519600
0.666,65,Oct 28 2023 22: +0,1698526800
0.516,6,Oct 29 2023 02: +0,1698544800
0.639,3,Oct 29 2023 04: +0,1698552000
0.82,28,Oct 29 2023 06: +0,1698559200
0.656,5,Oct 29 2023 07: +0,1698562800
0.649,14,Oct 29 2023 08: +0,1698566400
0.649,9,Oct 29 2023 09: +0,1698570000
0.649,1,Oct 29 2023 10: +0,1698573600
0.501,1,Oct 29 2023 12: +0,1698580800
0.73,1,Oct 29 2023 13: +0,1698584400
0.51,1,Oct 29 2023 15: +0,1698591600
0.597,2,Oct 29 2023 16: +0,1698595200
0.704,10,Oct 29 2023 18: +0,1698602400
0.568,2,Oct 29 2023 20: +0,1698609600
0.576,1,Oct 29 2023 21: +0,1698613200
0.593,1,Oct 29 2023 22: +0,1698616800
0.614,3,Oct 30 2023 03: +0,1698634800
0.487,1,Oct 30 2023 06: +0,1698645600
0.592,3,Oct 30 2023 18: +0,1698688800
0.592,3,Oct 30 2023 19: +0,1698692400
0.569,1,Oct 30 2023 21: +0,1698699600
0.569,1,Oct 30 2023 23: +0,1698706800
0.569,8,Oct 31 2023 01: +0,1698714000
0.56,1,Oct 31 2023 05: +0,1698728400
0.524,1,Oct 31 2023 13: +0,1698757200
0.563,1,Oct 31 2023 15: +0,1698764400
0.551,3,Oct 31 2023 16: +0,1698768000
0.531,2,Oct 31 2023 17: +0,1698771600
0.526,3,Oct 31 2023 18: +0,1698775200
0.519,1,Oct 31 2023 19: +0,1698778800
0.528,1,Oct 31 2023 23: +0,1698793200
0.447,1,Nov 01 2023 00: +0,1698796800
0.505,1,Nov 01 2023 02: +0,1698804000
0.528,1,Nov 01 2023 04: +0,1698811200
0.53,2,Nov 01 2023 10: +0,1698832800
0.518,1,Nov 01 2023 12: +0,1698840000
0.549,1,Nov 01 2023 13: +0,1698843600
0.564,2,Nov 01 2023 14: +0,1698847200
0.569,1,Nov 01 2023 18: +0,1698861600
0.539,1,Nov 01 2023 19: +0,1698865200
0.601,7,Nov 01 2023 20: +0,1698868800
0.63,2,Nov 01 2023 21: +0,1698872400
0.528,2,Nov 01 2023 23: +0,1698879600
0.658,3,Nov 02 2023 00: +0,1698883200
0.54,1,Nov 02 2023 08: +0,1698912000
0.567,1,Nov 02 2023 09: +0,1698915600
0.541,1,Nov 02 2023 12: +0,1698926400
0.541,3,Nov 02 2023 14: +0,1698933600
0.519,1,Nov 02 2023 15: +0,1698937200
0.503,2,Nov 02 2023 18: +0,1698948000
0.521,1,Nov 02 2023 19: +0,1698951600
0.548,4,Nov 02 2023 21: +0,1698958800
0.623,3,Nov 02 2023 22: +0,1698962400
0.648,3,Nov 02 2023 23: +0,1698966000
0.647,1,Nov 03 2023 02: +0,1698976800
0.641,1,Nov 03 2023 09: +0,1699002000
0.591,1,Nov 03 2023 10: +0,1699005600
0.533,1,Nov 03 2023 11: +0,1699009200
0.529,1,Nov 03 2023 13: +0,1699016400
0.648,4,Nov 03 2023 15: +0,1699023600
0.525,1,Nov 03 2023 16: +0,1699027200
0.527,2,Nov 03 2023 18: +0,1699034400
0.539,2,Nov 03 2023 20: +0,1699041600
0.556,1,Nov 03 2023 21: +0,1699045200
0.609,1,Nov 03 2023 22: +0,1699048800
0.532,1,Nov 04 2023 01: +0,1699059600
0.628,1,Nov 04 2023 04: +0,1699070400
0.632,6,Nov 04 2023 06: +0,1699077600
0.536,1,Nov 04 2023 09: +0,1699088400
0.536,1,Nov 04 2023 10: +0,1699092000
0.652,1,Nov 04 2023 14: +0,1699106400
0.602,2,Nov 04 2023 16: +0,1699113600
0.609,1,Nov 04 2023 17: +0,1699117200
0.601,1,Nov 04 2023 19: +0,1699124400
0.653,2,Nov 04 2023 23: +0,1699138800
0.601,1,Nov 05 2023 02: +0,1699149600
0.658,2,Nov 05 2023 05: +0,1699160400
0.669,4,Nov 05 2023 07: +0,1699167600
0.7,1,Nov 05 2023 09: +0,1699174800
0.698,8,Nov 05 2023 11: +0,1699182000
0.722,5,Nov 05 2023 12: +0,1699185600
0.779,3,Nov 05 2023 14: +0,1699192800
0.722,3,Nov 05 2023 15: +0,1699196400
0.73,2,Nov 05 2023 17: +0,1699203600
0.714,5,Nov 05 2023 22: +0,1699221600
0.763,3,Nov 06 2023 01: +0,1699232400
0.771,2,Nov 06 2023 08: +0,1699257600
0.755,1,Nov 06 2023 09: +0,1699261200
0.714,1,Nov 06 2023 10: +0,1699264800
0.714,3,Nov 06 2023 13: +0,1699275600
0.771,3,Nov 06 2023 15: +0,1699282800
0.69,3,Nov 06 2023 17: +0,1699290000
0.754,1,Nov 06 2023 20: +0,1699300800
0.746,1,Nov 06 2023 22: +0,1699308000
0.756,1,Nov 07 2023 02: +0,1699322400
0.746,3,Nov 07 2023 07: +0,1699340400
0.666,1,Nov 07 2023 10: +0,1699351200
0.56,1,Nov 07 2023 17: +0,1699376400
0.595,2,Nov 07 2023 18: +0,1699380000
0.569,1,Nov 07 2023 20: +0,1699387200
0.594,1,Nov 07 2023 21: +0,1699390800
0.57,1,Nov 08 2023 04: +0,1699416000
0.586,19,Nov 08 2023 05: +0,1699419600
0.548,1,Nov 08 2023 08: +0,1699430400
0.493,1,Nov 08 2023 10: +0,1699437600
0.562,1,Nov 08 2023 11: +0,1699441200
0.511,2,Nov 08 2023 13: +0,1699448400
0.523,2,Nov 08 2023 14: +0,1699452000
0.599,1,Nov 08 2023 18: +0,1699466400
0.494,2,Nov 08 2023 19: +0,1699470000
0.582,1,Nov 08 2023 20: +0,1699473600
0.608,1,Nov 08 2023 22: +0,1699480800
0.682,1,Nov 09 2023 01: +0,1699491600
0.6,1,Nov 09 2023 03: +0,1699498800
0.601,1,Nov 09 2023 07: +0,1699513200
0.679,1,Nov 09 2023 09: +0,1699520400
0.6,1,Nov 09 2023 14: +0,1699538400
0.578,3,Nov 09 2023 18: +0,1699552800
0.483,1,Nov 09 2023 22: +0,1699567200
0.602,1,Nov 10 2023 06: +0,1699596000
0.56,1,Nov 10 2023 13: +0,1699621200
0.529,1,Nov 10 2023 16: +0,1699632000
0.55,1,Nov 10 2023 18: +0,1699639200
0.558,3,Nov 10 2023 21: +0,1699650000
0.54,1,Nov 10 2023 23: +0,1699657200
0.549,2,Nov 11 2023 00: +0,1699660800
0.599,1,Nov 11 2023 01: +0,1699664400
0.529,1,Nov 11 2023 08: +0,1699689600
0.554,1,Nov 11 2023 10: +0,1699696800
0.533,2,Nov 11 2023 11: +0,1699700400
0.548,3,Nov 11 2023 12: +0,1699704000
0.461,1,Nov 11 2023 13: +0,1699707600
0.529,1,Nov 11 2023 14: +0,1699711200
0.574,1,Nov 11 2023 18: +0,1699725600
0.529,1,Nov 11 2023 19: +0,1699729200
0.516,1,Nov 11 2023 22: +0,1699740000
0.497,1,Nov 12 2023 01: +0,1699750800
0.529,1,Nov 12 2023 03: +0,1699758000
0.542,1,Nov 12 2023 10: +0,1699783200
0.565,1,Nov 12 2023 11: +0,1699786800
0.529,2,Nov 12 2023 14: +0,1699797600
0.528,1,Nov 12 2023 17: +0,1699808400
0.522,2,Nov 12 2023 22: +0,1699826400
0.442,2,Nov 13 2023 04: +0,1699848000
0.414,1,Nov 13 2023 05: +0,1699851600
0.562,3,Nov 13 2023 08: +0,1699862400
0.529,1,Nov 13 2023 12: +0,1699876800
0.555,3,Nov 13 2023 16: +0,1699891200
0.601,1,Nov 13 2023 18: +0,1699898400
0.608,3,Nov 13 2023 19: +0,1699902000
0.604,1,Nov 13 2023 21: +0,1699909200
0.554,1,Nov 14 2023 19: +0,1699988400
0.434,1,Nov 14 2023 20: +0,1699992000
0.582,2,Nov 14 2023 21: +0,1699995600
0.599,5,Nov 14 2023 22: +0,1699999200
0.544,1,Nov 15 2023 05: +0,1700024400
0.418,1,Nov 15 2023 06: +0,1700028000
0.572,1,Nov 15 2023 11: +0,1700046000
0.554,1,Nov 15 2023 12: +0,1700049600
0.542,2,Nov 15 2023 13: +0,1700053200
0.559,2,Nov 15 2023 14: +0,1700056800
0.538,4,Nov 15 2023 16: +0,1700064000
0.509,2,Nov 15 2023 20: +0,1700078400
0.481,1,Nov 15 2023 21: +0,1700082000
0.488,4,Nov 15 2023 23: +0,1700089200
0.413,1,Nov 16 2023 01: +0,1700096400
0.486,1,Nov 16 2023 03: +0,1700103600
0.482,1,Nov 16 2023 04: +0,1700107200
0.483,1,Nov 16 2023 05: +0,1700110800
0.489,3,Nov 16 2023 07: +0,1700118000
0.48,1,Nov 16 2023 10: +0,1700128800
0.566,2,Nov 16 2023 15: +0,1700146800
0.473,2,Nov 16 2023 16: +0,1700150400
0.546,1,Nov 16 2023 22: +0,1700172000
0.46,3,Nov 17 2023 07: +0,1700204400
0.529,1,Nov 17 2023 08: +0,1700208000
0.54,1,Nov 17 2023 10: +0,1700215200
0.538,1,Nov 17 2023 13: +0,1700226000
0.458,1,Nov 17 2023 14: +0,1700229600
0.443,2,Nov 17 2023 16: +0,1700236800
0.528,3,Nov 17 2023 17: +0,1700240400
0.441,1,Nov 17 2023 21: +0,1700254800
0.437,1,Nov 18 2023 01: +0,1700269200
0.457,1,Nov 18 2023 04: +0,1700280000
0.441,2,Nov 18 2023 07: +0,1700290800
0.441,1,Nov 18 2023 15: +0,1700319600
0.441,1,Nov 18 2023 17: +0,1700326800
0.441,1,Nov 18 2023 18: +0,1700330400
0.433,1,Nov 18 2023 22: +0,1700344800
0.429,2,Nov 18 2023 23: +0,1700348400
0.441,1,Nov 19 2023 04: +0,1700366400
0.441,1,Nov 19 2023 07: +0,1700377200
0.457,2,Nov 19 2023 09: +0,1700384400
0.458,3,Nov 19 2023 12: +0,1700395200
0.446,3,Nov 19 2023 13: +0,1700398800
0.446,1,Nov 19 2023 14: +0,1700402400
0.446,1,Nov 19 2023 15: +0,1700406000
0.506,21,Nov 19 2023 16: +0,1700409600
0.446,2,Nov 19 2023 17: +0,1700413200
0.446,3,Nov 19 2023 18: +0,1700416800
0.425,1,Nov 19 2023 19: +0,1700420400
0.562,2,Nov 19 2023 21: +0,1700427600
0.562,3,Nov 20 2023 00: +0,1700438400
0.563,1,Nov 20 2023 10: +0,1700474400
0.482,1,Nov 20 2023 11: +0,1700478000
0.412,1,Nov 20 2023 12: +0,1700481600
0.404,1,Nov 20 2023 13: +0,1700485200
0.476,2,Nov 20 2023 20: +0,1700510400
0.414,3,Nov 20 2023 21: +0,1700514000
0.542,4,Nov 21 2023 09: +0,1700557200
0.442,1,Nov 21 2023 14: +0,1700575200
0.45,1,Nov 21 2023 15: +0,1700578800
0.45,1,Nov 21 2023 16: +0,1700582400
0.537,1,Nov 21 2023 18: +0,1700589600
0.513,1,Nov 21 2023 20: +0,1700596800
0.562,1,Nov 22 2023 04: +0,1700625600
0.491,1,Nov 22 2023 05: +0,1700629200
0.45,1,Nov 22 2023 12: +0,1700654400
0.468,2,Nov 22 2023 16: +0,1700668800
0.465,3,Nov 22 2023 17: +0,1700672400
0.509,3,Nov 22 2023 18: +0,1700676000
0.515,1,Nov 22 2023 19: +0,1700679600
0.449,1,Nov 22 2023 21: +0,1700686800
0.375,1,Nov 22 2023 22: +0,1700690400
0.47,2,Nov 23 2023 00: +0,1700697600
0.462,1,Nov 23 2023 01: +0,1700701200
0.519,7,Nov 23 2023 06: +0,1700719200
0.47,21,Nov 23 2023 08: +0,1700726400
0.547,3,Nov 23 2023 09: +0,1700730000
0.375,1,Nov 23 2023 13: +0,1700744400
0.47,3,Nov 23 2023 17: +0,1700758800
0.375,1,Nov 23 2023 18: +0,1700762400
0.558,5,Nov 23 2023 19: +0,1700766000
0.56,2,Nov 23 2023 20: +0,1700769600
0.549,1,Nov 23 2023 21: +0,1700773200
0.47,1,Nov 23 2023 22: +0,1700776800
0.47,1,Nov 24 2023 00: +0,1700784000
0.505,1,Nov 24 2023 04: +0,1700798400
0.47,1,Nov 24 2023 09: +0,1700816400
0.47,2,Nov 24 2023 18: +0,1700848800
0.231,1,Nov 25 2023 00: +0,1700870400
0.462,2,Nov 25 2023 07: +0,1700895600
0.465,1,Nov 25 2023 09: +0,1700902800
0.506,1,Nov 25 2023 11: +0,1700910000
0.432,2,Nov 25 2023 14: +0,1700920800
0.466,1,Nov 25 2023 15: +0,1700924400
0.48,1,Nov 25 2023 17: +0,1700931600
0.449,1,Nov 25 2023 19: +0,1700938800
0.462,2,Nov 25 2023 20: +0,1700942400
0.471,1,Nov 25 2023 22: +0,1700949600
0.46,2,Nov 26 2023 00: +0,1700956800
0.472,2,Nov 26 2023 01: +0,1700960400
0.472,3,Nov 26 2023 07: +0,1700982000
0.449,1,Nov 26 2023 11: +0,1700996400
0.475,1,Nov 26 2023 15: +0,1701010800
0.468,1,Nov 26 2023 17: +0,1701018000
0.471,1,Nov 26 2023 18: +0,1701021600
0.479,7,Nov 26 2023 19: +0,1701025200
0.479,1,Nov 26 2023 20: +0,1701028800
0.432,1,Nov 26 2023 23: +0,1701039600
0.487,1,Nov 27 2023 01: +0,1701046800
0.487,1,Nov 27 2023 04: +0,1701057600
0.45,1,Nov 27 2023 05: +0,1701061200
0.424,1,Nov 27 2023 07: +0,1701068400
0.469,1,Nov 27 2023 11: +0,1701082800
0.469,1,Nov 27 2023 14: +0,1701093600
0.471,4,Nov 27 2023 16: +0,1701100800
0.351,1,Nov 27 2023 17: +0,1701104400
0.442,3,Nov 27 2023 20: +0,1701115200
0.432,1,Nov 27 2023 22: +0,1701122400
0.467,1,Nov 28 2023 02: +0,1701136800
0.45,1,Nov 28 2023 05: +0,1701147600
0.456,1,Nov 28 2023 06: +0,1701151200
0.441,2,Nov 28 2023 09: +0,1701162000
0.456,1,Nov 28 2023 15: +0,1701183600
0.432,1,Nov 28 2023 16: +0,1701187200
0.432,1,Nov 28 2023 17: +0,1701190800
0.474,2,Nov 28 2023 21: +0,1701205200
0.502,1,Nov 28 2023 23: +0,1701212400
0.408,1,Nov 29 2023 01: +0,1701219600
0.443,1,Nov 29 2023 07: +0,1701241200
0.473,3,Nov 29 2023 13: +0,1701262800
0.457,1,Nov 29 2023 14: +0,1701266400
0.48,2,Nov 29 2023 20: +0,1701288000
0.457,1,Nov 29 2023 21: +0,1701291600
0.463,1,Nov 30 2023 02: +0,1701309600
0.448,1,Nov 30 2023 03: +0,1701313200
0.503,2,Nov 30 2023 07: +0,1701327600
0.482,1,Nov 30 2023 13: +0,1701349200
0.46,1,Nov 30 2023 16: +0,1701360000
0.487,2,Nov 30 2023 19: +0,1701370800
0.41,1,Nov 30 2023 21: +0,1701378000
0.477,2,Nov 30 2023 22: +0,1701381600
0.434,1,Dec 01 2023 00: +0,1701388800
0.433,1,Dec 01 2023 01: +0,1701392400
0.458,1,Dec 01 2023 05: +0,1701406800
0.375,1,Dec 01 2023 12: +0,1701432000
0.375,1,Dec 01 2023 13: +0,1701435600
0.471,1,Dec 01 2023 18: +0,1701453600
0.48,1,Dec 01 2023 19: +0,1701457200
0.486,2,Dec 02 2023 00: +0,1701475200
0.441,2,Dec 02 2023 07: +0,1701500400
0.404,1,Dec 02 2023 15: +0,1701529200
0.434,1,Dec 03 2023 01: +0,1701565200
0.499,1,Dec 03 2023 11: +0,1701601200
0.495,1,Dec 03 2023 13: +0,1701608400
0.434,1,Dec 03 2023 14: +0,1701612000
0.504,1,Dec 03 2023 16: +0,1701619200
0.503,1,Dec 03 2023 17: +0,1701622800
0.413,1,Dec 03 2023 21: +0,1701637200
0.413,1,Dec 04 2023 04: +0,1701662400
0.474,2,Dec 04 2023 12: +0,1701691200
0.434,1,Dec 04 2023 16: +0,1701705600
0.416,1,Dec 04 2023 19: +0,1701716400
0.503,1,Dec 04 2023 20: +0,1701720000
0.434,1,Dec 05 2023 04: +0,1701748800
0.434,1,Dec 05 2023 10: +0,1701770400
0.48,1,Dec 05 2023 13: +0,1701781200
0.433,1,Dec 06 2023 05: +0,1701838800
0.492,3,Dec 06 2023 06: +0,1701842400
0.458,1,Dec 06 2023 10: +0,1701856800
0.5,1,Dec 06 2023 13: +0,1701867600
0.495,8,Dec 06 2023 20: +0,1701892800
0.501,1,Dec 06 2023 21: +0,1701896400
0.423,1,Dec 06 2023 23: +0,1701903600
0.455,1,Dec 07 2023 05: +0,1701925200
0.416,1,Dec 07 2023 15: +0,1701961200
0.358,1,Dec 07 2023 23: +0,1701990000
0.455,1,Dec 08 2023 01: +0,1701997200
0.455,1,Dec 08 2023 10: +0,1702029600
0.431,3,Dec 08 2023 12: +0,1702036800
0.496,3,Dec 08 2023 14: +0,1702044000
0.455,2,Dec 08 2023 19: +0,1702062000
0.455,1,Dec 08 2023 21: +0,1702069200
0.443,2,Dec 08 2023 23: +0,1702076400
0.403,1,Dec 09 2023 02: +0,1702087200
0.463,1,Dec 09 2023 03: +0,1702090800
0.463,1,Dec 09 2023 05: +0,1702098000
0.455,1,Dec 09 2023 11: +0,1702119600
0.443,2,Dec 09 2023 18: +0,1702144800
0.369,1,Dec 09 2023 19: +0,1702148400
0.42,1,Dec 09 2023 20: +0,1702152000
0.455,3,Dec 09 2023 21: +0,1702155600
0.455,1,Dec 09 2023 23: +0,1702162800
0.461,3,Dec 10 2023 06: +0,1702188000
0.43,1,Dec 10 2023 07: +0,1702191600
0.471,1,Dec 10 2023 09: +0,1702198800
0.455,1,Dec 10 2023 12: +0,1702209600
0.47,13,Dec 10 2023 13: +0,1702213200
0.45,1,Dec 10 2023 15: +0,1702220400
0.406,1,Dec 10 2023 18: +0,1702231200
0.449,3,Dec 10 2023 19: +0,1702234800
0.467,1,Dec 10 2023 23: +0,1702249200
0.408,1,Dec 11 2023 00: +0,1702252800
0.426,1,Dec 11 2023 01: +0,1702256400
0.46,2,Dec 11 2023 03: +0,1702263600
0.383,1,Dec 11 2023 09: +0,1702285200
0.464,4,Dec 11 2023 19: +0,1702321200
0.438,2,Dec 11 2023 23: +0,1702335600
0.45,1,Dec 12 2023 00: +0,1702339200
0.45,1,Dec 12 2023 11: +0,1702378800
0.456,4,Dec 12 2023 20: +0,1702411200
0.399,1,Dec 13 2023 03: +0,1702436400
0.425,1,Dec 13 2023 06: +0,1702447200
0.472,1,Dec 13 2023 07: +0,1702450800
0.474,1,Dec 13 2023 09: +0,1702458000
0.474,1,Dec 13 2023 10: +0,1702461600
0.425,1,Dec 13 2023 11: +0,1702465200
0.487,1,Dec 13 2023 15: +0,1702479600
0.498,4,Dec 13 2023 19: +0,1702494000
0.425,1,Dec 13 2023 22: +0,1702504800
0.553,13,Dec 14 2023 02: +0,1702519200
0.632,3,Dec 14 2023 03: +0,1702522800
0.443,1,Dec 14 2023 06: +0,1702533600
0.446,2,Dec 14 2023 19: +0,1702580400
0.43,2,Dec 14 2023 23: +0,1702594800
0.474,1,Dec 15 2023 05: +0,1702616400
0.426,2,Dec 15 2023 11: +0,1702638000
0.445,1,Dec 15 2023 15: +0,1702652400
0.489,4,Dec 16 2023 03: +0,1702695600
0.491,1,Dec 16 2023 12: +0,1702728000
0.434,2,Dec 16 2023 13: +0,1702731600
0.481,1,Dec 16 2023 15: +0,1702738800
0.431,4,Dec 16 2023 22: +0,1702764000
0.474,3,Dec 17 2023 00: +0,1702771200
0.426,1,Dec 17 2023 13: +0,1702818000
0.426,1,Dec 17 2023 17: +0,1702832400
0.398,2,Dec 17 2023 18: +0,1702836000
0.399,1,Dec 17 2023 19: +0,1702839600
0.426,1,Dec 17 2023 22: +0,1702850400
0.429,4,Dec 18 2023 00: +0,1702857600
0.508,1,Dec 18 2023 11: +0,1702897200
0.426,1,Dec 18 2023 13: +0,1702904400
0.418,1,Dec 18 2023 14: +0,1702908000
0.5,1,Dec 18 2023 18: +0,1702922400
0.508,1,Dec 18 2023 19: +0,1702926000
0.418,1,Dec 18 2023 22: +0,1702936800
0.426,1,Dec 18 2023 23: +0,1702940400
0.371,1,Dec 19 2023 08: +0,1702972800
0.395,2,Dec 19 2023 09: +0,1702976400
0.407,2,Dec 19 2023 12: +0,1702987200
0.434,1,Dec 19 2023 14: +0,1702994400
0.426,1,Dec 19 2023 19: +0,1703012400
0.412,2,Dec 20 2023 01: +0,1703034000
0.426,2,Dec 20 2023 06: +0,1703052000
0.413,1,Dec 20 2023 07: +0,1703055600
0.418,4,Dec 20 2023 09: +0,1703062800
0.385,2,Dec 20 2023 13: +0,1703077200
0.371,1,Dec 20 2023 15: +0,1703084400
0.426,2,Dec 20 2023 18: +0,1703095200
0.426,1,Dec 20 2023 19: +0,1703098800
0.439,2,Dec 20 2023 22: +0,1703109600
0.417,2,Dec 21 2023 03: +0,1703127600
0.451,1,Dec 21 2023 14: +0,1703167200
0.395,1,Dec 21 2023 17: +0,1703178000
0.406,2,Dec 21 2023 20: +0,1703188800
0.437,1,Dec 22 2023 01: +0,1703206800
0.425,4,Dec 22 2023 05: +0,1703221200
0.425,1,Dec 22 2023 11: +0,1703242800
0.421,4,Dec 22 2023 14: +0,1703253600
0.425,1,Dec 22 2023 15: +0,1703257200
0.434,2,Dec 22 2023 18: +0,1703268000
0.417,2,Dec 22 2023 19: +0,1703271600
0.436,1,Dec 22 2023 21: +0,1703278800
0.425,2,Dec 23 2023 03: +0,1703300400
0.425,7,Dec 23 2023 04: +0,1703304000
0.417,1,Dec 23 2023 08: +0,1703318400
0.375,1,Dec 23 2023 10: +0,1703325600
0.408,2,Dec 23 2023 11: +0,1703329200
0.359,1,Dec 23 2023 13: +0,1703336400
0.417,1,Dec 23 2023 14: +0,1703340000
0.425,3,Dec 23 2023 15: +0,1703343600
0.418,1,Dec 23 2023 16: +0,1703347200
0.425,2,Dec 23 2023 21: +0,1703365200
0.425,1,Dec 23 2023 22: +0,1703368800
0.375,2,Dec 24 2023 08: +0,1703404800
0.425,1,Dec 24 2023 09: +0,1703408400
0.417,1,Dec 24 2023 11: +0,1703415600
0.296,1,Dec 24 2023 15: +0,1703430000
0.359,3,Dec 24 2023 19: +0,1703444400
0.425,1,Dec 24 2023 22: +0,1703455200
0.398,1,Dec 24 2023 23: +0,1703458800
0.434,1,Dec 25 2023 03: +0,1703473200
0.406,3,Dec 25 2023 05: +0,1703480400
0.425,1,Dec 25 2023 10: +0,1703498400
0.417,1,Dec 25 2023 13: +0,1703509200
0.408,1,Dec 25 2023 14: +0,1703512800
0.417,1,Dec 25 2023 15: +0,1703516400
0.425,1,Dec 25 2023 16: +0,1703520000
0.425,1,Dec 25 2023 19: +0,1703530800
0.369,1,Dec 25 2023 20: +0,1703534400
0.435,1,Dec 25 2023 21: +0,1703538000
0.398,1,Dec 25 2023 22: +0,1703541600
0.373,1,Dec 26 2023 01: +0,1703552400
0.398,1,Dec 26 2023 02: +0,1703556000
0.417,1,Dec 26 2023 06: +0,1703570400
0.425,1,Dec 26 2023 09: +0,1703581200
0.425,3,Dec 26 2023 10: +0,1703584800
0.425,1,Dec 26 2023 11: +0,1703588400
0.434,3,Dec 26 2023 13: +0,1703595600
0.399,2,Dec 26 2023 17: +0,1703610000
0.391,4,Dec 26 2023 19: +0,1703617200
0.344,1,Dec 26 2023 22: +0,1703628000
0.425,3,Dec 27 2023 06: +0,1703656800
0.425,1,Dec 27 2023 09: +0,1703667600
0.425,1,Dec 27 2023 11: +0,1703674800
0.373,1,Dec 27 2023 13: +0,1703682000
0.425,2,Dec 27 2023 21: +0,1703710800
0.377,2,Dec 28 2023 03: +0,1703732400
0.433,4,Dec 28 2023 04: +0,1703736000
0.435,1,Dec 28 2023 05: +0,1703739600
0.425,1,Dec 28 2023 06: +0,1703743200
0.425,4,Dec 28 2023 08: +0,1703750400
0.425,1,Dec 28 2023 09: +0,1703754000
0.425,4,Dec 28 2023 16: +0,1703779200
0.438,4,Dec 29 2023 01: +0,1703811600
0.425,1,Dec 29 2023 02: +0,1703815200
0.425,1,Dec 29 2023 05: +0,1703826000
0.417,2,Dec 29 2023 12: +0,1703851200
0.425,6,Dec 29 2023 13: +0,1703854800
0.393,2,Dec 29 2023 14: +0,1703858400
0.425,1,Dec 29 2023 15: +0,1703862000
0.435,2,Dec 29 2023 16: +0,1703865600
0.417,1,Dec 30 2023 00: +0,1703894400
0.357,1,Dec 30 2023 08: +0,1703923200
0.357,1,Dec 30 2023 09: +0,1703926800
0.365,2,Dec 30 2023 10: +0,1703930400
0.445,8,Dec 30 2023 12: +0,1703937600
0.425,1,Dec 30 2023 14: +0,1703944800
0.425,1,Dec 30 2023 15: +0,1703948400
0.425,1,Dec 30 2023 17: +0,1703955600
0.425,1,Dec 30 2023 21: +0,1703970000
0.425,3,Dec 31 2023 01: +0,1703984400
0.425,1,Dec 31 2023 02: +0,1703988000
0.417,1,Dec 31 2023 06: +0,1704002400
0.425,2,Dec 31 2023 07: +0,1704006000
0.413,2,Dec 31 2023 09: +0,1704013200
0.425,1,Dec 31 2023 10: +0,1704016800
0.412,2,Dec 31 2023 12: +0,1704024000
0.425,1,Dec 31 2023 13: +0,1704027600
0.439,6,Dec 31 2023 16: +0,1704038400
0.425,1,Dec 31 2023 19: +0,1704049200
0.452,5,Jan 01 2024 00: +0,1704067200
0.407,1,Jan 01 2024 07: +0,1704092400
0.425,1,Jan 01 2024 08: +0,1704096000
0.425,1,Jan 01 2024 10: +0,1704103200
0.448,1,Jan 01 2024 11: +0,1704106800
0.398,1,Jan 01 2024 12: +0,1704110400
0.425,4,Jan 01 2024 14: +0,1704117600
0.301,1,Jan 01 2024 19: +0,1704135600
0.417,2,Jan 02 2024 00: +0,1704153600
0.425,1,Jan 02 2024 07: +0,1704178800
0.448,5,Jan 02 2024 10: +0,1704189600
0.425,1,Jan 02 2024 11: +0,1704193200
0.425,1,Jan 02 2024 12: +0,1704196800
0.398,1,Jan 02 2024 13: +0,1704200400
0.425,1,Jan 02 2024 14: +0,1704204000
0.417,1,Jan 02 2024 15: +0,1704207600
0.368,1,Jan 02 2024 19: +0,1704222000
0.398,1,Jan 02 2024 21: +0,1704229200
0.434,1,Jan 02 2024 22: +0,1704232800
0.401,1,Jan 03 2024 03: +0,1704250800
0.395,1,Jan 03 2024 05: +0,1704258000
0.413,2,Jan 03 2024 13: +0,1704286800
0.343,1,Jan 03 2024 17: +0,1704301200
0.419,1,Jan 03 2024 18: +0,1704304800
0.439,1,Jan 03 2024 19: +0,1704308400
0.426,2,Jan 03 2024 21: +0,1704315600
0.421,2,Jan 04 2024 00: +0,1704326400
0.394,1,Jan 04 2024 02: +0,1704333600
0.448,3,Jan 04 2024 03: +0,1704337200
0.409,1,Jan 04 2024 06: +0,1704348000
0.409,1,Jan 04 2024 07: +0,1704351600
0.456,5,Jan 04 2024 11: +0,1704366000
0.498,1,Jan 04 2024 14: +0,1704376800
0.516,1,Jan 04 2024 18: +0,1704391200
0.515,1,Jan 04 2024 20: +0,1704398400
0.533,1,Jan 04 2024 22: +0,1704405600
0.542,5,Jan 05 2024 00: +0,1704412800
0.409,5,Jan 05 2024 02: +0,1704420000
0.401,1,Jan 05 2024 06: +0,1704434400
0.619,1,Jan 05 2024 17: +0,1704474000
0.629,6,Jan 05 2024 18: +0,1704477600
0.435,1,Jan 06 2024 12: +0,1704542400
0.392,1,Jan 06 2024 19: +0,1704567600
0.425,1,Jan 06 2024 20: +0,1704571200
0.392,1,Jan 06 2024 22: +0,1704578400
0.409,1,Jan 06 2024 23: +0,1704582000
0.433,2,Jan 07 2024 08: +0,1704614400
0.491,3,Jan 07 2024 17: +0,1704646800
0.409,1,Jan 07 2024 18: +0,1704650400
0.409,1,Jan 08 2024 01: +0,1704675600
0.417,1,Jan 08 2024 11: +0,1704711600
0.385,1,Jan 08 2024 12: +0,1704715200
0.417,1,Jan 08 2024 17: +0,1704733200
0.43,4,Jan 08 2024 18: +0,1704736800
0.362,1,Jan 09 2024 05: +0,1704776400
0.417,1,Jan 09 2024 06: +0,1704780000
0.401,1,Jan 09 2024 10: +0,1704794400
0.42,1,Jan 09 2024 16: +0,1704816000
0.401,1,Jan 09 2024 19: +0,1704826800
0.355,1,Jan 09 2024 21: +0,1704834000
0.396,1,Jan 09 2024 22: +0,1704837600
0.35,1,Jan 10 2024 04: +0,1704859200
0.401,2,Jan 10 2024 06: +0,1704866400
0.401,1,Jan 10 2024 14: +0,1704895200
0.368,1,Jan 10 2024 18: +0,1704909600
0.384,1,Jan 10 2024 19: +0,1704913200
0.247,1,Jan 11 2024 09: +0,1704963600
0.401,1,Jan 11 2024 10: +0,1704967200
0.409,1,Jan 11 2024 11: +0,1704970800
0.413,2,Jan 11 2024 17: +0,1704992400
0.413,1,Jan 11 2024 20: +0,1705003200
0.411,1,Jan 11 2024 21: +0,1705006800
0.411,1,Jan 12 2024 01: +0,1705021200
0.418,7,Jan 12 2024 15: +0,1705071600
0.398,1,Jan 12 2024 17: +0,1705078800
0.33,1,Jan 12 2024 18: +0,1705082400
0.403,1,Jan 12 2024 19: +0,1705086000
0.403,12,Jan 13 2024 04: +0,1705118400
0.412,1,Jan 13 2024 12: +0,1705147200
0.418,3,Jan 13 2024 13: +0,1705150800
0.398,1,Jan 13 2024 15: +0,1705158000
0.403,1,Jan 13 2024 19: +0,1705172400
0.403,1,Jan 13 2024 21: +0,1705179600
0.373,1,Jan 14 2024 00: +0,1705190400
0.398,1,Jan 14 2024 03: +0,1705201200
0.408,1,Jan 14 2024 23: +0,1705273200
0.419,1,Jan 15 2024 04: +0,1705291200
0.414,1,Jan 15 2024 07: +0,1705302000
0.398,1,Jan 15 2024 08: +0,1705305600
0.403,1,Jan 15 2024 11: +0,1705316400
0.418,3,Jan 15 2024 13: +0,1705323600
0.396,2,Jan 15 2024 16: +0,1705334400
0.417,1,Jan 15 2024 20: +0,1705348800
0.418,15,Jan 15 2024 21: +0,1705352400
0.435,1,Jan 15 2024 23: +0,1705359600
0.474,1,Jan 16 2024 05: +0,1705381200
0.39,1,Jan 16 2024 09: +0,1705395600
0.485,1,Jan 16 2024 16: +0,1705420800
0.409,1,Jan 17 2024 14: +0,1705500000
0.472,1,Jan 17 2024 16: +0,1705507200
0.473,3,Jan 17 2024 18: +0,1705514400
0.412,1,Jan 17 2024 19: +0,1705518000
0.49,1,Jan 17 2024 21: +0,1705525200
0.482,4,Jan 18 2024 01: +0,1705539600
0.412,1,Jan 18 2024 13: +0,1705582800
0.42,1,Jan 18 2024 17: +0,1705597200
0.384,1,Jan 18 2024 18: +0,1705600800
0.412,1,Jan 19 2024 00: +0,1705622400
0.434,13,Jan 19 2024 07: +0,1705647600
0.435,5,Jan 19 2024 11: +0,1705662000
0.492,1,Jan 19 2024 12: +0,1705665600
0.415,2,Jan 19 2024 14: +0,1705672800
0.419,3,Jan 19 2024 18: +0,1705687200
0.447,1,Jan 19 2024 19: +0,1705690800
0.506,6,Jan 19 2024 20: +0,1705694400
0.525,1,Jan 20 2024 12: +0,1705752000
0.394,1,Jan 20 2024 19: +0,1705777200
0.426,1,Jan 20 2024 20: +0,1705780800
0.495,2,Jan 21 2024 00: +0,1705795200
0.427,1,Jan 21 2024 07: +0,1705820400
0.462,2,Jan 21 2024 08: +0,1705824000
0.427,1,Jan 21 2024 09: +0,1705827600
0.373,1,Jan 21 2024 16: +0,1705852800
0.508,1,Jan 21 2024 18: +0,1705860000
0.482,2,Jan 21 2024 20: +0,1705867200
0.444,1,Jan 22 2024 05: +0,1705899600
0.444,1,Jan 22 2024 06: +0,1705903200
0.444,2,Jan 22 2024 07: +0,1705906800
0.444,1,Jan 22 2024 10: +0,1705917600
0.427,1,Jan 22 2024 14: +0,1705932000
0.357,2,Jan 22 2024 15: +0,1705935600
0.461,1,Jan 22 2024 17: +0,1705942800
0.402,2,Jan 22 2024 18: +0,1705946400
0.387,1,Jan 22 2024 20: +0,1705953600
0.425,1,Jan 22 2024 21: +0,1705957200
0.428,1,Jan 23 2024 04: +0,1705982400
0.393,1,Jan 23 2024 08: +0,1705996800
0.42,1,Jan 23 2024 10: +0,1706004000
0.437,2,Jan 23 2024 13: +0,1706014800
0.428,2,Jan 23 2024 17: +0,1706029200
0.437,2,Jan 23 2024 19: +0,1706036400
0.428,1,Jan 23 2024 20: +0,1706040000
0.427,1,Jan 24 2024 05: +0,1706072400
0.394,1,Jan 24 2024 18: +0,1706119200
0.436,1,Jan 24 2024 20: +0,1706126400
0.43,2,Jan 25 2024 01: +0,1706144400
0.43,1,Jan 25 2024 02: +0,1706148000
0.401,1,Jan 25 2024 14: +0,1706191200
0.421,1,Jan 25 2024 15: +0,1706194800
0.438,1,Jan 25 2024 17: +0,1706202000
0.449,1,Jan 25 2024 18: +0,1706205600
0.42,2,Jan 25 2024 21: +0,1706216400
0.451,1,Jan 26 2024 08: +0,1706256000
0.38,1,Jan 26 2024 11: +0,1706266800
0.401,1,Jan 26 2024 14: +0,1706277600
0.419,1,Jan 26 2024 15: +0,1706281200
0.295,3,Jan 26 2024 17: +0,1706288400
0.397,1,Jan 27 2024 01: +0,1706317200
0.405,1,Jan 27 2024 03: +0,1706324400
0.419,1,Jan 27 2024 08: +0,1706342400
0.423,2,Jan 27 2024 13: +0,1706360400
0.411,2,Jan 27 2024 17: +0,1706374800
0.457,1,Jan 27 2024 19: +0,1706382000
0.394,2,Jan 28 2024 05: +0,1706418000
0.405,1,Jan 28 2024 07: +0,1706425200
0.405,1,Jan 28 2024 15: +0,1706454000
0.425,4,Jan 28 2024 21: +0,1706475600
0.405,4,Jan 29 2024 00: +0,1706486400
0.413,1,Jan 29 2024 07: +0,1706511600
0.438,1,Jan 29 2024 15: +0,1706540400
0.405,1,Jan 29 2024 17: +0,1706547600
0.397,1,Jan 29 2024 18: +0,1706551200
0.347,1,Jan 30 2024 00: +0,1706572800
0.429,5,Jan 30 2024 07: +0,1706598000
0.386,1,Jan 30 2024 10: +0,1706608800
0.478,1,Jan 30 2024 13: +0,1706619600
0.306,1,Jan 30 2024 16: +0,1706630400
0.413,1,Jan 31 2024 11: +0,1706698800
0.397,1,Jan 31 2024 20: +0,1706731200
0.405,4,Feb 01 2024 07: +0,1706770800
0.275,1,Feb 01 2024 09: +0,1706778000
0.385,1,Feb 01 2024 11: +0,1706785200
0.432,1,Feb 01 2024 13: +0,1706792400
0.371,2,Feb 02 2024 12: +0,1706875200
0.437,2,Feb 02 2024 22: +0,1706911200
0.405,1,Feb 02 2024 23: +0,1706914800
0.405,1,Feb 03 2024 08: +0,1706947200
0.405,1,Feb 03 2024 14: +0,1706968800
0.402,1,Feb 03 2024 17: +0,1706979600
0.473,3,Feb 03 2024 19: +0,1706986800
0.405,1,Feb 03 2024 20: +0,1706990400
0.405,1,Feb 04 2024 14: +0,1707055200
0.393,2,Feb 04 2024 16: +0,1707062400
0.274,1,Feb 05 2024 11: +0,1707130800
0.429,1,Feb 05 2024 16: +0,1707148800
0.422,3,Feb 05 2024 18: +0,1707156000
0.366,1,Feb 05 2024 20: +0,1707163200
0.421,1,Feb 05 2024 21: +0,1707166800
0.443,1,Feb 05 2024 22: +0,1707170400
0.365,2,Feb 06 2024 00: +0,1707177600
0.44,2,Feb 06 2024 02: +0,1707184800
0.469,5,Feb 06 2024 04: +0,1707192000
0.468,1,Feb 06 2024 06: +0,1707199200
0.429,1,Feb 06 2024 09: +0,1707210000
0.46,1,Feb 06 2024 16: +0,1707235200
0.429,1,Feb 06 2024 20: +0,1707249600
0.469,1,Feb 06 2024 23: +0,1707260400
0.429,1,Feb 07 2024 01: +0,1707267600
0.469,1,Feb 07 2024 02: +0,1707271200
0.461,1,Feb 07 2024 05: +0,1707282000
0.429,2,Feb 07 2024 07: +0,1707289200
0.429,1,Feb 07 2024 10: +0,1707300000
0.437,2,Feb 07 2024 12: +0,1707307200
0.457,1,Feb 07 2024 13: +0,1707310800
0.434,2,Feb 07 2024 14: +0,1707314400
0.304,1,Feb 07 2024 15: +0,1707318000
0.429,1,Feb 07 2024 17: +0,1707325200
0.47,12,Feb 07 2024 18: +0,1707328800
0.437,1,Feb 07 2024 19: +0,1707332400
0.479,1,Feb 07 2024 20: +0,1707336000
0.469,3,Feb 07 2024 21: +0,1707339600
0.477,3,Feb 07 2024 22: +0,1707343200
0.522,1,Feb 07 2024 23: +0,1707346800
0.477,1,Feb 08 2024 02: +0,1707357600
0.493,1,Feb 08 2024 03: +0,1707361200
0.516,5,Feb 08 2024 04: +0,1707364800
0.46,2,Feb 08 2024 07: +0,1707375600
0.534,2,Feb 08 2024 08: +0,1707379200
0.534,2,Feb 08 2024 09: +0,1707382800
0.54,2,Feb 08 2024 13: +0,1707397200
0.411,1,Feb 08 2024 16: +0,1707408000
0.448,2,Feb 08 2024 18: +0,1707415200
0.411,2,Feb 08 2024 19: +0,1707418800
0.505,2,Feb 08 2024 20: +0,1707422400
0.473,2,Feb 08 2024 23: +0,1707433200
0.493,2,Feb 09 2024 03: +0,1707447600
0.517,1,Feb 09 2024 05: +0,1707454800
0.477,3,Feb 09 2024 07: +0,1707462000
0.517,2,Feb 09 2024 11: +0,1707476400
0.477,1,Feb 09 2024 12: +0,1707480000
0.469,1,Feb 09 2024 14: +0,1707487200
0.499,2,Feb 09 2024 15: +0,1707490800
0.512,1,Feb 09 2024 16: +0,1707494400
0.514,1,Feb 09 2024 18: +0,1707501600
0.514,1,Feb 09 2024 19: +0,1707505200
0.406,1,Feb 09 2024 20: +0,1707508800
0.475,2,Feb 09 2024 21: +0,1707512400
0.462,2,Feb 09 2024 23: +0,1707519600
0.478,3,Feb 10 2024 00: +0,1707523200
0.526,1,Feb 10 2024 03: +0,1707534000
0.478,1,Feb 10 2024 04: +0,1707537600
0.574,2,Feb 10 2024 05: +0,1707541200
0.462,1,Feb 10 2024 06: +0,1707544800
0.558,1,Feb 10 2024 07: +0,1707548400
0.478,1,Feb 10 2024 11: +0,1707562800
0.489,1,Feb 10 2024 14: +0,1707573600
0.464,2,Feb 10 2024 16: +0,1707580800
0.438,1,Feb 10 2024 17: +0,1707584400
0.484,2,Feb 10 2024 18: +0,1707588000
0.494,1,Feb 10 2024 21: +0,1707598800
0.454,1,Feb 10 2024 23: +0,1707606000
0.518,1,Feb 11 2024 01: +0,1707613200
0.523,2,Feb 11 2024 03: +0,1707620400
0.438,1,Feb 11 2024 04: +0,1707624000
0.506,2,Feb 11 2024 05: +0,1707627600
0.518,2,Feb 11 2024 07: +0,1707634800
0.515,1,Feb 11 2024 10: +0,1707645600
0.524,1,Feb 11 2024 12: +0,1707652800
0.489,1,Feb 11 2024 14: +0,1707660000
0.478,7,Feb 11 2024 15: +0,1707663600
0.524,1,Feb 11 2024 16: +0,1707667200
0.528,1,Feb 11 2024 17: +0,1707670800
0.515,3,Feb 11 2024 19: +0,1707678000
0.55,1,Feb 11 2024 20: +0,1707681600
0.582,1,Feb 11 2024 22: +0,1707688800
0.438,1,Feb 12 2024 01: +0,1707699600
0.588,2,Feb 12 2024 03: +0,1707706800
0.558,1,Feb 12 2024 12: +0,1707739200
0.478,1,Feb 12 2024 13: +0,1707742800
0.566,1,Feb 12 2024 15: +0,1707750000
0.478,1,Feb 12 2024 16: +0,1707753600
0.55,1,Feb 12 2024 18: +0,1707760800
0.489,1,Feb 12 2024 19: +0,1707764400
0.541,1,Feb 12 2024 21: +0,1707771600
0.558,2,Feb 12 2024 22: +0,1707775200
0.518,3,Feb 13 2024 06: +0,1707804000
0.519,2,Feb 13 2024 11: +0,1707822000
0.523,1,Feb 13 2024 13: +0,1707829200
0.506,1,Feb 13 2024 18: +0,1707847200
0.414,1,Feb 13 2024 19: +0,1707850800
0.512,1,Feb 13 2024 23: +0,1707865200
0.524,2,Feb 14 2024 00: +0,1707868800
0.452,1,Feb 14 2024 10: +0,1707904800
0.548,4,Feb 14 2024 12: +0,1707912000
0.552,1,Feb 14 2024 17: +0,1707930000
0.414,1,Feb 14 2024 18: +0,1707933600
0.589,4,Feb 14 2024 19: +0,1707937200
0.444,1,Feb 14 2024 22: +0,1707948000
0.324,1,Feb 14 2024 23: +0,1707951600
0.444,1,Feb 15 2024 17: +0,1708016400
0.481,1,Feb 15 2024 18: +0,1708020000
0.361,1,Feb 15 2024 19: +0,1708023600
0.5,7,Feb 15 2024 20: +0,1708027200
0.446,1,Feb 15 2024 22: +0,1708034400
0.515,1,Feb 15 2024 23: +0,1708038000
0.434,1,Feb 16 2024 00: +0,1708041600
0.51,2,Feb 16 2024 03: +0,1708052400
0.51,1,Feb 16 2024 04: +0,1708056000
0.484,2,Feb 16 2024 11: +0,1708081200
0.502,2,Feb 16 2024 12: +0,1708084800
0.451,5,Feb 16 2024 16: +0,1708099200
0.31,1,Feb 16 2024 18: +0,1708106400
0.43,3,Feb 16 2024 19: +0,1708110000
0.483,2,Feb 16 2024 21: +0,1708117200
0.454,1,Feb 16 2024 23: +0,1708124400
0.516,2,Feb 17 2024 00: +0,1708128000
0.59,4,Feb 17 2024 04: +0,1708142400
0.527,2,Feb 17 2024 10: +0,1708164000
0.462,1,Feb 17 2024 11: +0,1708167600
0.462,1,Feb 17 2024 13: +0,1708174800
0.413,1,Feb 17 2024 14: +0,1708178400
0.505,1,Feb 17 2024 15: +0,1708182000
0.539,2,Feb 17 2024 16: +0,1708185600
0.412,1,Feb 17 2024 17: +0,1708189200
0.482,1,Feb 17 2024 18: +0,1708192800
0.55,3,Feb 17 2024 20: +0,1708200000
0.599,1,Feb 17 2024 21: +0,1708203600
0.541,1,Feb 18 2024 05: +0,1708232400
0.458,1,Feb 18 2024 14: +0,1708264800
0.508,1,Feb 18 2024 15: +0,1708268400
0.438,1,Feb 18 2024 16: +0,1708272000
0.424,1,Feb 18 2024 19: +0,1708282800
0.515,1,Feb 18 2024 21: +0,1708290000
0.434,1,Feb 19 2024 14: +0,1708351200
0.434,1,Feb 19 2024 15: +0,1708354800
0.449,1,Feb 19 2024 23: +0,1708383600
0.508,1,Feb 20 2024 03: +0,1708398000
0.507,4,Feb 20 2024 12: +0,1708430400
0.44,1,Feb 20 2024 13: +0,1708434000
0.434,1,Feb 20 2024 15: +0,1708441200
0.454,2,Feb 20 2024 17: +0,1708448400
0.429,1,Feb 20 2024 19: +0,1708455600
0.418,1,Feb 20 2024 22: +0,1708466400
0.466,2,Feb 21 2024 00: +0,1708473600
0.434,1,Feb 21 2024 02: +0,1708480800
0.509,2,Feb 21 2024 03: +0,1708484400
0.434,1,Feb 21 2024 07: +0,1708498800
0.402,1,Feb 21 2024 09: +0,1708506000
0.455,2,Feb 21 2024 12: +0,1708516800
0.434,1,Feb 21 2024 13: +0,1708520400
0.434,1,Feb 21 2024 15: +0,1708527600
0.444,1,Feb 21 2024 18: +0,1708538400
0.434,1,Feb 21 2024 20: +0,1708545600
0.419,2,Feb 22 2024 02: +0,1708567200
0.45,1,Feb 22 2024 05: +0,1708578000
0.465,2,Feb 22 2024 07: +0,1708585200
0.443,2,Feb 22 2024 08: +0,1708588800
0.434,1,Feb 22 2024 09: +0,1708592400
0.443,1,Feb 22 2024 12: +0,1708603200
0.443,20,Feb 22 2024 16: +0,1708617600
0.461,2,Feb 22 2024 19: +0,1708628400
0.426,1,Feb 22 2024 21: +0,1708635600
0.426,1,Feb 22 2024 23: +0,1708642800
0.458,1,Feb 23 2024 00: +0,1708646400
0.443,1,Feb 23 2024 11: +0,1708686000
0.452,1,Feb 23 2024 14: +0,1708696800
0.426,1,Feb 23 2024 17: +0,1708707600
0.443,3,Feb 23 2024 21: +0,1708722000
0.419,3,Feb 24 2024 00: +0,1708732800
0.427,1,Feb 24 2024 11: +0,1708772400
0.444,1,Feb 24 2024 12: +0,1708776000
0.444,1,Feb 24 2024 13: +0,1708779600
0.45,1,Feb 24 2024 15: +0,1708786800
0.444,1,Feb 24 2024 16: +0,1708790400
0.444,1,Feb 24 2024 17: +0,1708794000
0.452,1,Feb 24 2024 20: +0,1708804800
0.444,1,Feb 24 2024 22: +0,1708812000
0.444,1,Feb 24 2024 23: +0,1708815600
0.369,2,Feb 25 2024 01: +0,1708822800
0.414,1,Feb 25 2024 09: +0,1708851600
0.461,1,Feb 25 2024 11: +0,1708858800
0.444,1,Feb 25 2024 13: +0,1708866000
0.458,3,Feb 25 2024 15: +0,1708873200
0.455,1,Feb 25 2024 19: +0,1708887600
0.444,1,Feb 25 2024 20: +0,1708891200
0.46,2,Feb 25 2024 21: +0,1708894800
0.475,3,Feb 25 2024 22: +0,1708898400
0.502,2,Feb 25 2024 23: +0,1708902000
0.506,4,Feb 26 2024 03: +0,1708916400
0.444,1,Feb 26 2024 16: +0,1708963200
0.444,1,Feb 26 2024 19: +0,1708974000
0.52,1,Feb 27 2024 06: +0,1709013600
0.471,1,Feb 27 2024 15: +0,1709046000
0.49,1,Feb 27 2024 18: +0,1709056800
0.489,2,Feb 27 2024 20: +0,1709064000
0.472,1,Feb 27 2024 21: +0,1709067600
0.488,1,Feb 27 2024 23: +0,1709074800
0.521,3,Feb 28 2024 03: +0,1709089200
0.488,1,Feb 28 2024 08: +0,1709107200
0.436,1,Feb 28 2024 10: +0,1709114400
0.48,1,Feb 28 2024 15: +0,1709132400
0.428,1,Feb 28 2024 16: +0,1709136000
0.445,1,Feb 28 2024 17: +0,1709139600
0.479,2,Feb 28 2024 19: +0,1709146800
0.53,1,Feb 28 2024 20: +0,1709150400
0.522,1,Feb 28 2024 22: +0,1709157600
0.498,1,Feb 29 2024 05: +0,1709182800
0.506,1,Feb 29 2024 06: +0,1709186400
0.437,2,Feb 29 2024 14: +0,1709215200
0.428,1,Feb 29 2024 15: +0,1709218800
0.515,2,Feb 29 2024 17: +0,1709226000
0.445,1,Feb 29 2024 20: +0,1709236800
0.411,2,Feb 29 2024 22: +0,1709244000
0.504,1,Feb 29 2024 23: +0,1709247600
0.428,1,Mar 01 2024 00: +0,1709251200
0.445,1,Mar 01 2024 01: +0,1709254800
0.503,1,Mar 01 2024 04: +0,1709265600
0.454,1,Mar 01 2024 06: +0,1709272800
0.459,1,Mar 01 2024 15: +0,1709305200
0.46,1,Mar 01 2024 19: +0,1709319600
0.374,1,Mar 01 2024 21: +0,1709326800
0.454,1,Mar 01 2024 23: +0,1709334000
0.403,1,Mar 02 2024 00: +0,1709337600
0.445,1,Mar 02 2024 02: +0,1709344800
0.434,1,Mar 02 2024 09: +0,1709370000
0.434,1,Mar 02 2024 11: +0,1709377200
0.434,7,Mar 02 2024 12: +0,1709380800
0.472,6,Mar 02 2024 21: +0,1709413200
0.44,3,Mar 03 2024 00: +0,1709424000
0.468,5,Mar 03 2024 05: +0,1709442000
0.474,1,Mar 03 2024 12: +0,1709467200
0.384,1,Mar 03 2024 14: +0,1709474400
0.388,1,Mar 03 2024 18: +0,1709488800
0.388,1,Mar 03 2024 19: +0,1709492400
0.452,1,Mar 03 2024 22: +0,1709503200
0.465,6,Mar 03 2024 23: +0,1709506800
0.476,5,Mar 04 2024 01: +0,1709514000
0.452,1,Mar 04 2024 02: +0,1709517600
0.452,3,Mar 04 2024 03: +0,1709521200
0.412,6,Mar 04 2024 06: +0,1709532000
0.321,1,Mar 04 2024 14: +0,1709560800
0.398,1,Mar 04 2024 15: +0,1709564400
0.418,2,Mar 04 2024 18: +0,1709575200
0.426,1,Mar 04 2024 22: +0,1709589600
0.39,2,Mar 05 2024 01: +0,1709600400
0.406,1,Mar 05 2024 03: +0,1709607600
0.432,11,Mar 05 2024 05: +0,1709614800
0.398,1,Mar 05 2024 10: +0,1709632800
0.421,1,Mar 05 2024 11: +0,1709636400
0.457,1,Mar 05 2024 17: +0,1709658000
0.448,1,Mar 05 2024 23: +0,1709679600
0.352,1,Mar 06 2024 02: +0,1709690400
0.443,1,Mar 06 2024 12: +0,1709726400
0.416,2,Mar 06 2024 14: +0,1709733600
0.41,2,Mar 06 2024 15: +0,1709737200
0.3,1,Mar 06 2024 23: +0,1709766000
0.428,3,Mar 07 2024 00: +0,1709769600
0.472,1,Mar 07 2024 02: +0,1709776800
0.464,1,Mar 07 2024 06: +0,1709791200
0.458,1,Mar 07 2024 07: +0,1709794800
0.398,1,Mar 07 2024 09: +0,1709802000
0.379,1,Mar 07 2024 10: +0,1709805600
0.398,1,Mar 07 2024 15: +0,1709823600
0.339,2,Mar 07 2024 18: +0,1709834400
0.323,1,Mar 07 2024 19: +0,1709838000
0.467,1,Mar 07 2024 20: +0,1709841600
0.398,1,Mar 08 2024 03: +0,1709866800
0.398,1,Mar 08 2024 05: +0,1709874000
0.398,1,Mar 08 2024 09: +0,1709888400
0.395,1,Mar 08 2024 12: +0,1709899200
0.391,1,Mar 08 2024 17: +0,1709917200
0.413,1,Mar 08 2024 18: +0,1709920800
0.413,1,Mar 08 2024 19: +0,1709924400
0.413,2,Mar 08 2024 22: +0,1709935200
0.445,3,Mar 08 2024 23: +0,1709938800
0.393,1,Mar 09 2024 00: +0,1709942400
0.397,1,Mar 09 2024 01: +0,1709946000
0.452,1,Mar 09 2024 06: +0,1709964000
0.398,2,Mar 09 2024 15: +0,1709996400
0.462,1,Mar 09 2024 17: +0,1710003600
0.447,2,Mar 09 2024 19: +0,1710010800
0.393,1,Mar 09 2024 23: +0,1710025200
0.482,10,Mar 10 2024 01: +0,1710032400
0.491,1,Mar 10 2024 09: +0,1710061200
0.444,3,Mar 10 2024 15: +0,1710082800
0.512,1,Mar 10 2024 17: +0,1710090000
0.35,1,Mar 10 2024 22: +0,1710108000
0.367,2,Mar 11 2024 02: +0,1710122400
0.507,3,Mar 11 2024 03: +0,1710126000
0.349,1,Mar 11 2024 13: +0,1710162000
0.413,1,Mar 11 2024 15: +0,1710169200
0.395,2,Mar 11 2024 16: +0,1710172800
0.391,1,Mar 11 2024 18: +0,1710180000
0.435,3,Mar 11 2024 20: +0,1710187200
0.304,1,Mar 12 2024 02: +0,1710208800
0.402,1,Mar 12 2024 03: +0,1710212400
0.402,1,Mar 12 2024 07: +0,1710226800
0.402,4,Mar 12 2024 08: +0,1710230400
0.402,21,Mar 12 2024 09: +0,1710234000
0.402,28,Mar 12 2024 13: +0,1710248400
0.367,19,Mar 12 2024 14: +0,1710252000
0.394,1,Mar 12 2024 19: +0,1710270000
0.39,2,Mar 12 2024 20: +0,1710273600
0.412,4,Mar 12 2024 22: +0,1710280800
0.36,1,Mar 13 2024 00: +0,1710288000
0.296,1,Mar 13 2024 15: +0,1710342000
0.362,2,Mar 13 2024 16: +0,1710345600
0.343,1,Mar 13 2024 22: +0,1710367200
0.37,1,Mar 14 2024 02: +0,1710381600
0.352,1,Mar 14 2024 06: +0,1710396000
0.352,1,Mar 14 2024 07: +0,1710399600
0.347,1,Mar 14 2024 09: +0,1710406800
0.34,3,Mar 14 2024 10: +0,1710410400
0.34,1,Mar 14 2024 12: +0,1710417600
0.343,1,Mar 14 2024 14: +0,1710424800
0.327,2,Mar 14 2024 15: +0,1710428400
0.356,1,Mar 14 2024 16: +0,1710432000
0.344,1,Mar 14 2024 17: +0,1710435600
0.323,2,Mar 14 2024 19: +0,1710442800
0.345,10,Mar 14 2024 20: +0,1710446400
0.328,2,Mar 14 2024 23: +0,1710457200
0.301,1,Mar 15 2024 00: +0,1710460800
0.345,1,Mar 15 2024 03: +0,1710471600
0.345,1,Mar 15 2024 04: +0,1710475200
0.339,3,Mar 15 2024 05: +0,1710478800
0.34,3,Mar 15 2024 07: +0,1710486000
0.342,3,Mar 15 2024 10: +0,1710496800
0.328,2,Mar 15 2024 12: +0,1710504000
0.32,1,Mar 15 2024 13: +0,1710507600
0.342,2,Mar 15 2024 14: +0,1710511200
0.342,1,Mar 15 2024 15: +0,1710514800
0.345,1,Mar 15 2024 16: +0,1710518400
0.342,1,Mar 15 2024 17: +0,1710522000
0.339,2,Mar 15 2024 19: +0,1710529200
0.339,1,Mar 15 2024 21: +0,1710536400
0.335,1,Mar 15 2024 22: +0,1710540000
0.346,2,Mar 15 2024 23: +0,1710543600
0.351,1,Mar 16 2024 00: +0,1710547200
0.35,1,Mar 16 2024 05: +0,1710565200
0.344,2,Mar 16 2024 08: +0,1710576000
0.343,4,Mar 16 2024 10: +0,1710583200
0.339,4,Mar 16 2024 14: +0,1710597600
0.342,7,Mar 16 2024 15: +0,1710601200
0.34,3,Mar 16 2024 16: +0,1710604800
0.306,1,Mar 16 2024 17: +0,1710608400
0.348,1,Mar 16 2024 18: +0,1710612000
0.334,1,Mar 16 2024 19: +0,1710615600
0.334,5,Mar 16 2024 21: +0,1710622800
0.349,3,Mar 16 2024 22: +0,1710626400
0.257,1,Mar 16 2024 23: +0,1710630000
0.334,1,Mar 17 2024 00: +0,1710633600
0.308,1,Mar 17 2024 01: +0,1710637200
0.351,4,Mar 17 2024 13: +0,1710680400
0.328,1,Mar 17 2024 14: +0,1710684000
0.334,1,Mar 17 2024 18: +0,1710698400
0.343,1,Mar 17 2024 22: +0,1710712800
0.352,5,Mar 18 2024 01: +0,1710723600
0.326,1,Mar 18 2024 02: +0,1710727200
0.306,1,Mar 18 2024 04: +0,1710734400
0.33,2,Mar 18 2024 17: +0,1710781200
0.33,1,Mar 18 2024 18: +0,1710784800
0.291,2,Mar 18 2024 19: +0,1710788400
0.343,5,Mar 18 2024 22: +0,1710799200
0.321,2,Mar 19 2024 02: +0,1710813600
0.339,4,Mar 19 2024 03: +0,1710817200
0.353,1,Mar 19 2024 11: +0,1710846000
0.334,5,Mar 19 2024 12: +0,1710849600
0.33,2,Mar 19 2024 13: +0,1710853200
0.334,5,Mar 19 2024 14: +0,1710856800
0.334,1,Mar 19 2024 18: +0,1710871200
0.339,1,Mar 19 2024 19: +0,1710874800
0.334,4,Mar 19 2024 20: +0,1710878400
0.344,3,Mar 19 2024 23: +0,1710889200
0.344,1,Mar 20 2024 03: +0,1710903600
0.356,1,Mar 20 2024 04: +0,1710907200
0.354,6,Mar 20 2024 05: +0,1710910800
0.337,2,Mar 20 2024 09: +0,1710925200
0.344,1,Mar 20 2024 12: +0,1710936000
0.33,1,Mar 20 2024 13: +0,1710939600
0.33,1,Mar 20 2024 14: +0,1710943200
0.344,1,Mar 20 2024 17: +0,1710954000
0.317,1,Mar 20 2024 21: +0,1710968400
0.355,1,Mar 21 2024 01: +0,1710982800
0.335,3,Mar 21 2024 03: +0,1710990000
0.303,3,Mar 21 2024 06: +0,1711000800
0.3,1,Mar 21 2024 07: +0,1711004400
0.307,3,Mar 21 2024 08: +0,1711008000
0.308,1,Mar 21 2024 12: +0,1711022400
0.303,2,Mar 21 2024 13: +0,1711026000
0.303,3,Mar 21 2024 14: +0,1711029600
0.309,28,Mar 21 2024 15: +0,1711033200
0.277,2,Mar 21 2024 16: +0,1711036800
0.34,1,Mar 21 2024 22: +0,1711058400
0.364,2,Mar 22 2024 05: +0,1711083600
0.297,1,Mar 22 2024 08: +0,1711094400
0.298,1,Mar 22 2024 09: +0,1711098000
0.312,1,Mar 22 2024 14: +0,1711116000
0.304,1,Mar 22 2024 15: +0,1711119600
0.304,1,Mar 22 2024 17: +0,1711126800
0.301,1,Mar 22 2024 20: +0,1711137600
0.297,1,Mar 22 2024 21: +0,1711141200
0.3,1,Mar 23 2024 00: +0,1711152000
0.299,1,Mar 23 2024 11: +0,1711191600
0.251,1,Mar 23 2024 14: +0,1711202400
0.298,2,Mar 23 2024 17: +0,1711213200
0.301,1,Mar 23 2024 19: +0,1711220400
0.308,2,Mar 23 2024 20: +0,1711224000
0.291,3,Mar 23 2024 21: +0,1711227600
0.294,2,Mar 23 2024 22: +0,1711231200
0.308,1,Mar 23 2024 23: +0,1711234800
0.304,3,Mar 24 2024 04: +0,1711252800
0.274,1,Mar 24 2024 07: +0,1711263600
0.291,1,Mar 24 2024 09: +0,1711270800
0.297,2,Mar 24 2024 11: +0,1711278000
0.291,1,Mar 24 2024 12: +0,1711281600
0.274,1,Mar 24 2024 13: +0,1711285200
0.274,1,Mar 24 2024 15: +0,1711292400
0.3,8,Mar 24 2024 16: +0,1711296000
0.306,5,Mar 24 2024 17: +0,1711299600
0.308,1,Mar 24 2024 18: +0,1711303200
0.313,2,Mar 24 2024 19: +0,1711306800
0.325,2,Mar 24 2024 21: +0,1711314000
0.308,1,Mar 24 2024 23: +0,1711321200
0.349,3,Mar 25 2024 02: +0,1711332000
0.341,2,Mar 25 2024 08: +0,1711353600
0.334,1,Mar 25 2024 17: +0,1711386000
0.266,1,Mar 26 2024 16: +0,1711468800
0.295,1,Mar 26 2024 23: +0,1711494000
0.266,4,Mar 27 2024 00: +0,1711497600
0.29,5,Mar 27 2024 11: +0,1711537200
0.273,1,Mar 27 2024 15: +0,1711551600
0.282,1,Mar 27 2024 16: +0,1711555200
0.218,1,Mar 27 2024 18: +0,1711562400
0.285,7,Mar 27 2024 21: +0,1711573200
0.329,2,Mar 27 2024 22: +0,1711576800
0.332,3,Mar 28 2024 02: +0,1711591200
0.309,1,Mar 28 2024 03: +0,1711594800
0.273,1,Mar 28 2024 15: +0,1711638000
0.343,9,Mar 28 2024 19: +0,1711652400
0.352,4,Mar 28 2024 20: +0,1711656000
0.334,1,Mar 28 2024 21: +0,1711659600
0.351,2,Mar 28 2024 23: +0,1711666800
0.259,2,Mar 29 2024 10: +0,1711706400
0.331,1,Mar 29 2024 18: +0,1711735200
0.325,3,Mar 29 2024 19: +0,1711738800
0.257,1,Mar 30 2024 00: +0,1711756800
0.264,1,Mar 30 2024 02: +0,1711764000
0.273,1,Mar 30 2024 03: +0,1711767600
0.259,1,Mar 30 2024 06: +0,1711778400
0.273,10,Mar 30 2024 08: +0,1711785600
0.277,1,Mar 30 2024 09: +0,1711789200
0.252,1,Mar 30 2024 11: +0,1711796400
0.273,2,Mar 30 2024 15: +0,1711810800
0.273,12,Mar 30 2024 16: +0,1711814400
0.245,2,Mar 30 2024 19: +0,1711825200
0.185,1,Mar 30 2024 20: +0,1711828800
0.26,3,Mar 30 2024 21: +0,1711832400
0.315,5,Mar 30 2024 22: +0,1711836000
0.273,1,Mar 31 2024 05: +0,1711857600
0.284,1,Mar 31 2024 07: +0,1711864800
0.264,1,Mar 31 2024 11: +0,1711879200
0.269,2,Mar 31 2024 12: +0,1711882800
0.273,4,Mar 31 2024 13: +0,1711886400
0.263,2,Mar 31 2024 15: +0,1711893600
0.206,1,Mar 31 2024 17: +0,1711900800
0.264,1,Mar 31 2024 20: +0,1711911600
0.273,2,Mar 31 2024 22: +0,1711918800
0.29,5,Apr 01 2024 00: +0,1711926000
0.241,1,Apr 01 2024 01: +0,1711929600
0.256,1,Apr 01 2024 08: +0,1711954800
0.268,1,Apr 01 2024 20: +0,1711998000
0.215,1,Apr 01 2024 21: +0,1712001600
0.266,3,Apr 02 2024 13: +0,1712059200
0.262,1,Apr 02 2024 15: +0,1712066400
0.255,1,Apr 02 2024 16: +0,1712070000
0.264,2,Apr 02 2024 17: +0,1712073600
0.26,2,Apr 02 2024 18: +0,1712077200
0.263,3,Apr 02 2024 19: +0,1712080800
0.314,4,Apr 02 2024 20: +0,1712084400
0.272,1,Apr 03 2024 11: +0,1712138400
0.263,1,Apr 03 2024 17: +0,1712160000
0.262,2,Apr 03 2024 18: +0,1712163600
0.263,1,Apr 03 2024 20: +0,1712170800
0.264,1,Apr 03 2024 21: +0,1712174400
0.263,1,Apr 03 2024 22: +0,1712178000
0.273,1,Apr 03 2024 23: +0,1712181600
0.281,2,Apr 04 2024 00: +0,1712185200
0.288,1,Apr 04 2024 01: +0,1712188800
0.291,2,Apr 04 2024 12: +0,1712228400
0.279,1,Apr 04 2024 13: +0,1712232000
0.288,1,Apr 04 2024 15: +0,1712239200
0.315,1,Apr 04 2024 18: +0,1712250000
0.279,1,Apr 04 2024 19: +0,1712253600
0.292,1,Apr 04 2024 23: +0,1712268000
0.245,1,Apr 05 2024 00: +0,1712271600
0.283,2,Apr 05 2024 02: +0,1712278800
0.274,1,Apr 05 2024 03: +0,1712282400
0.274,1,Apr 05 2024 04: +0,1712286000
0.274,4,Apr 05 2024 06: +0,1712293200
0.241,1,Apr 05 2024 08: +0,1712300400
0.309,1,Apr 05 2024 12: +0,1712314800
0.274,3,Apr 05 2024 13: +0,1712318400
0.306,1,Apr 05 2024 14: +0,1712322000
0.3,1,Apr 05 2024 17: +0,1712332800
0.262,1,Apr 05 2024 19: +0,1712340000
0.277,2,Apr 06 2024 02: +0,1712365200
0.277,4,Apr 06 2024 03: +0,1712368800
0.295,2,Apr 06 2024 05: +0,1712376000
0.277,8,Apr 06 2024 07: +0,1712383200
0.295,3,Apr 06 2024 12: +0,1712401200
0.289,2,Apr 06 2024 13: +0,1712404800
0.303,1,Apr 06 2024 14: +0,1712408400
0.295,1,Apr 06 2024 18: +0,1712422800
0.289,1,Apr 06 2024 20: +0,1712430000
0.281,1,Apr 06 2024 23: +0,1712440800
0.31,2,Apr 07 2024 00: +0,1712444400
0.303,3,Apr 07 2024 01: +0,1712448000
0.305,2,Apr 07 2024 04: +0,1712458800
0.289,2,Apr 07 2024 05: +0,1712462400
0.245,1,Apr 07 2024 09: +0,1712476800
0.286,1,Apr 07 2024 11: +0,1712484000
0.259,1,Apr 07 2024 12: +0,1712487600
0.298,1,Apr 07 2024 13: +0,1712491200
0.305,1,Apr 07 2024 14: +0,1712494800
0.313,3,Apr 07 2024 15: +0,1712498400
0.312,1,Apr 07 2024 17: +0,1712505600
0.313,1,Apr 07 2024 19: +0,1712512800
0.313,1,Apr 07 2024 21: +0,1712520000
0.313,1,Apr 08 2024 00: +0,1712530800
0.321,1,Apr 08 2024 01: +0,1712534400
0.321,1,Apr 08 2024 08: +0,1712559600
0.277,2,Apr 08 2024 11: +0,1712570400
0.329,1,Apr 08 2024 15: +0,1712584800
0.331,1,Apr 08 2024 18: +0,1712595600
0.325,2,Apr 08 2024 21: +0,1712606400
0.321,1,Apr 09 2024 00: +0,1712617200
0.336,1,Apr 09 2024 03: +0,1712628000
0.279,3,Apr 09 2024 14: +0,1712667600
0.22,1,Apr 09 2024 18: +0,1712682000
0.306,1,Apr 09 2024 19: +0,1712685600
0.273,2,Apr 09 2024 21: +0,1712692800
0.305,1,Apr 10 2024 02: +0,1712710800
0.329,1,Apr 10 2024 05: +0,1712721600
0.28,3,Apr 10 2024 10: +0,1712739600
0.28,2,Apr 10 2024 13: +0,1712750400
0.28,1,Apr 10 2024 16: +0,1712761200
0.33,4,Apr 10 2024 21: +0,1712779200
0.276,1,Apr 11 2024 01: +0,1712793600
0.302,12,Apr 11 2024 14: +0,1712840400
0.302,4,Apr 11 2024 16: +0,1712847600
0.302,2,Apr 11 2024 20: +0,1712862000
0.302,1,Apr 12 2024 01: +0,1712880000
0.316,1,Apr 12 2024 05: +0,1712894400
0.327,4,Apr 12 2024 10: +0,1712912400
0.302,10,Apr 12 2024 14: +0,1712926800
0.302,2,Apr 12 2024 15: +0,1712930400
0.222,1,Apr 12 2024 18: +0,1712941200
0.299,1,Apr 13 2024 03: +0,1712973600
0.318,2,Apr 13 2024 10: +0,1712998800
0.299,1,Apr 13 2024 11: +0,1713002400
0.316,1,Apr 13 2024 13: +0,1713009600
0.316,1,Apr 13 2024 14: +0,1713013200
0.299,1,Apr 14 2024 01: +0,1713052800
0.299,1,Apr 14 2024 03: +0,1713060000
0.324,25,Apr 14 2024 08: +0,1713078000
0.339,21,Apr 14 2024 09: +0,1713081600
0.351,2,Apr 14 2024 10: +0,1713085200
0.324,4,Apr 14 2024 11: +0,1713088800
0.324,1,Apr 14 2024 12: +0,1713092400
0.324,3,Apr 14 2024 13: +0,1713096000
0.334,3,Apr 14 2024 14: +0,1713099600
0.333,3,Apr 14 2024 17: +0,1713110400
0.324,1,Apr 14 2024 18: +0,1713114000
0.324,1,Apr 14 2024 19: +0,1713117600
0.324,1,Apr 14 2024 22: +0,1713128400
0.345,2,Apr 15 2024 01: +0,1713139200
0.335,2,Apr 15 2024 04: +0,1713150000
0.329,2,Apr 15 2024 09: +0,1713168000
0.324,1,Apr 15 2024 12: +0,1713178800
0.324,2,Apr 15 2024 13: +0,1713182400
0.324,4,Apr 15 2024 14: +0,1713186000
0.341,1,Apr 15 2024 17: +0,1713196800
0.325,1,Apr 16 2024 01: +0,1713225600
0.345,1,Apr 16 2024 07: +0,1713247200
0.308,1,Apr 16 2024 11: +0,1713261600
0.35,40,Apr 16 2024 12: +0,1713265200
0.35,1,Apr 16 2024 13: +0,1713268800
0.35,2,Apr 16 2024 15: +0,1713276000
0.35,5,Apr 16 2024 18: +0,1713286800
0.377,1,Apr 16 2024 20: +0,1713294000
0.35,5,Apr 16 2024 21: +0,1713297600
0.355,2,Apr 16 2024 23: +0,1713304800
0.35,2,Apr 17 2024 05: +0,1713326400
0.35,1,Apr 17 2024 08: +0,1713337200
0.35,1,Apr 17 2024 11: +0,1713348000
0.359,2,Apr 17 2024 13: +0,1713355200
0.35,1,Apr 17 2024 15: +0,1713362400
0.342,1,Apr 17 2024 16: +0,1713366000
0.379,1,Apr 17 2024 19: +0,1713376800
0.367,10,Apr 17 2024 22: +0,1713387600
0.427,1,Apr 18 2024 00: +0,1713394800
0.406,1,Apr 18 2024 03: +0,1713405600
0.322,3,Apr 18 2024 15: +0,1713448800
0.308,1,Apr 19 2024 12: +0,1713524400
0.291,1,Apr 19 2024 16: +0,1713538800
0.291,1,Apr 19 2024 17: +0,1713542400
0.317,1,Apr 19 2024 21: +0,1713556800
0.308,1,Apr 19 2024 23: +0,1713564000
0.3,1,Apr 20 2024 00: +0,1713567600
0.308,1,Apr 20 2024 03: +0,1713578400
0.313,2,Apr 20 2024 05: +0,1713585600
0.308,1,Apr 20 2024 09: +0,1713600000
0.412,1,Apr 20 2024 13: +0,1713614400
0.411,4,Apr 20 2024 14: +0,1713618000
0.308,1,Apr 21 2024 01: +0,1713657600
0.3,1,Apr 21 2024 04: +0,1713668400
0.316,1,Apr 21 2024 08: +0,1713682800
0.31,1,Apr 21 2024 12: +0,1713697200
0.315,1,Apr 21 2024 13: +0,1713700800
0.308,1,Apr 21 2024 17: +0,1713715200
0.408,1,Apr 21 2024 20: +0,1713726000
0.315,1,Apr 22 2024 04: +0,1713754800
0.327,1,Apr 23 2024 00: +0,1713826800
0.312,1,Apr 23 2024 04: +0,1713841200
0.314,1,Apr 23 2024 18: +0,1713891600
0.322,1,Apr 23 2024 20: +0,1713898800
0.285,1,Apr 24 2024 01: +0,1713916800
0.274,1,Apr 24 2024 10: +0,1713949200
0.277,2,Apr 24 2024 16: +0,1713970800
0.254,2,Apr 24 2024 17: +0,1713974400
0.306,2,Apr 24 2024 19: +0,1713981600
0.255,1,Apr 24 2024 20: +0,1713985200
0.307,1,Apr 25 2024 05: +0,1714017600
0.317,2,Apr 25 2024 08: +0,1714028400
0.311,1,Apr 25 2024 13: +0,1714046400
0.298,2,Apr 25 2024 15: +0,1714053600
0.279,1,Apr 25 2024 22: +0,1714078800
0.279,1,Apr 25 2024 23: +0,1714082400
0.274,1,Apr 26 2024 01: +0,1714089600
0.279,1,Apr 26 2024 06: +0,1714107600
0.255,3,Apr 26 2024 09: +0,1714118400
0.279,1,Apr 26 2024 10: +0,1714122000
0.27,2,Apr 26 2024 11: +0,1714125600
0.29,1,Apr 26 2024 12: +0,1714129200
0.261,1,Apr 26 2024 15: +0,1714140000
0.316,51,Apr 26 2024 18: +0,1714150800
0.341,3,Apr 26 2024 19: +0,1714154400
0.246,1,Apr 26 2024 21: +0,1714161600
0.344,5,Apr 26 2024 23: +0,1714168800
0.299,4,Apr 27 2024 03: +0,1714183200
0.255,1,Apr 27 2024 05: +0,1714190400
0.333,13,Apr 27 2024 11: +0,1714212000
0.359,1,Apr 27 2024 20: +0,1714244400
0.313,1,Apr 28 2024 07: +0,1714284000
0.276,1,Apr 28 2024 14: +0,1714309200
0.349,11,Apr 28 2024 17: +0,1714320000
0.342,1,Apr 28 2024 22: +0,1714338000
0.271,1,Apr 29 2024 06: +0,1714366800
0.344,1,Apr 29 2024 09: +0,1714377600
0.27,1,Apr 29 2024 11: +0,1714384800
0.333,2,Apr 29 2024 12: +0,1714388400
0.342,2,Apr 29 2024 13: +0,1714392000
0.291,1,Apr 29 2024 18: +0,1714410000
0.307,4,Apr 30 2024 13: +0,1714478400
0.267,1,Apr 30 2024 17: +0,1714492800
0.29,1,May 01 2024 03: +0,1714528800
0.28,1,May 01 2024 04: +0,1714532400
0.29,1,May 01 2024 07: +0,1714543200
0.255,1,May 01 2024 12: +0,1714561200
0.255,1,May 01 2024 13: +0,1714564800
0.299,2,May 01 2024 17: +0,1714579200
0.298,1,May 01 2024 23: +0,1714600800
0.248,1,May 02 2024 00: +0,1714604400
0.248,3,May 02 2024 10: +0,1714640400
0.237,1,May 02 2024 12: +0,1714647600
0.25,1,May 02 2024 14: +0,1714654800
0.256,1,May 02 2024 16: +0,1714662000
0.247,1,May 02 2024 18: +0,1714669200
0.245,1,May 02 2024 20: +0,1714676400
0.252,1,May 02 2024 22: +0,1714683600
0.283,1,May 03 2024 05: +0,1714708800
0.272,2,May 03 2024 09: +0,1714723200
0.255,1,May 03 2024 12: +0,1714734000
0.255,1,May 03 2024 21: +0,1714766400
0.267,1,May 04 2024 15: +0,1714831200
0.267,1,May 04 2024 23: +0,1714860000
0.258,1,May 05 2024 02: +0,1714870800
0.256,1,May 05 2024 09: +0,1714896000
0.256,1,May 05 2024 14: +0,1714914000
0.257,1,May 05 2024 16: +0,1714921200
0.263,1,May 05 2024 20: +0,1714935600
0.288,13,May 06 2024 02: +0,1714957200
0.258,1,May 06 2024 09: +0,1714982400
0.26,2,May 06 2024 18: +0,1715014800
0.31,1,May 06 2024 20: +0,1715022000
0.256,1,May 06 2024 21: +0,1715025600
0.256,1,May 07 2024 04: +0,1715050800
0.256,1,May 07 2024 07: +0,1715061600
0.256,1,May 07 2024 09: +0,1715068800
0.256,1,May 07 2024 17: +0,1715097600
0.248,1,May 07 2024 21: +0,1715112000
0.259,1,May 07 2024 22: +0,1715115600
0.179,1,May 08 2024 01: +0,1715126400
0.256,3,May 08 2024 08: +0,1715151600
0.256,1,May 08 2024 11: +0,1715162400
0.256,1,May 08 2024 16: +0,1715180400
0.272,1,May 08 2024 21: +0,1715198400
0.256,1,May 08 2024 23: +0,1715205600
0.312,8,May 09 2024 01: +0,1715212800
0.328,8,May 09 2024 03: +0,1715220000
0.256,1,May 09 2024 11: +0,1715248800
0.177,1,May 09 2024 16: +0,1715266800
0.253,1,May 09 2024 18: +0,1715274000
0.331,5,May 09 2024 19: +0,1715277600
0.238,3,May 10 2024 18: +0,1715360400
0.253,1,May 10 2024 20: +0,1715367600
0.292,1,May 11 2024 01: +0,1715385600
0.253,3,May 11 2024 17: +0,1715443200
0.229,1,May 11 2024 19: +0,1715450400
0.245,1,May 11 2024 22: +0,1715461200
0.202,1,May 12 2024 04: +0,1715482800
0.254,1,May 12 2024 09: +0,1715500800
0.229,5,May 12 2024 11: +0,1715508000
0.241,1,May 12 2024 15: +0,1715522400
0.229,1,May 12 2024 16: +0,1715526000
0.241,1,May 12 2024 17: +0,1715529600
0.23,1,May 12 2024 18: +0,1715533200
0.238,2,May 12 2024 20: +0,1715540400
0.241,1,May 13 2024 03: +0,1715565600
0.147,1,May 13 2024 09: +0,1715587200
0.23,1,May 13 2024 11: +0,1715594400
0.238,2,May 13 2024 13: +0,1715601600
0.237,2,May 13 2024 16: +0,1715612400
0.238,1,May 13 2024 18: +0,1715619600
0.237,1,May 13 2024 19: +0,1715623200
0.245,1,May 14 2024 03: +0,1715652000
0.245,5,May 14 2024 07: +0,1715666400
0.227,1,May 14 2024 13: +0,1715688000
0.22,1,May 14 2024 15: +0,1715695200
0.256,1,May 14 2024 16: +0,1715698800
0.175,1,May 14 2024 19: +0,1715709600
0.22,3,May 14 2024 21: +0,1715716800
0.215,1,May 14 2024 23: +0,1715724000
0.229,5,May 15 2024 05: +0,1715745600
0.229,1,May 16 2024 00: +0,1715814000
0.237,8,May 16 2024 17: +0,1715875200
0.229,1,May 16 2024 18: +0,1715878800
0.202,1,May 16 2024 19: +0,1715882400
0.256,2,May 16 2024 22: +0,1715893200
0.229,2,May 16 2024 23: +0,1715896800
0.26,1,May 17 2024 05: +0,1715918400
0.229,1,May 17 2024 15: +0,1715954400
0.229,1,May 17 2024 17: +0,1715961600
0.269,1,May 17 2024 20: +0,1715972400
0.266,1,May 17 2024 23: +0,1715983200
0.266,1,May 18 2024 01: +0,1715990400
0.269,1,May 18 2024 10: +0,1716022800
0.269,13,May 18 2024 15: +0,1716040800
0.339,4,May 18 2024 16: +0,1716044400
0.222,2,May 18 2024 20: +0,1716058800
0.22,1,May 19 2024 02: +0,1716080400
0.206,2,May 19 2024 14: +0,1716123600
0.228,1,May 19 2024 17: +0,1716134400
0.228,4,May 19 2024 19: +0,1716141600
0.205,1,May 19 2024 20: +0,1716145200
0.229,1,May 19 2024 21: +0,1716148800
0.235,10,May 20 2024 04: +0,1716174000
0.235,3,May 20 2024 05: +0,1716177600
0.235,1,May 20 2024 06: +0,1716181200
0.235,2,May 20 2024 07: +0,1716184800
0.235,2,May 20 2024 22: +0,1716238800
0.229,2,May 21 2024 00: +0,1716246000
0.235,4,May 21 2024 02: +0,1716253200
0.235,1,May 21 2024 04: +0,1716260400
0.235,10,May 21 2024 07: +0,1716271200
0.226,1,May 21 2024 08: +0,1716274800
0.235,1,May 21 2024 09: +0,1716278400
0.229,1,May 21 2024 11: +0,1716285600
0.226,1,May 21 2024 12: +0,1716289200
0.233,2,May 21 2024 15: +0,1716300000
0.233,1,May 21 2024 21: +0,1716321600
0.237,1,May 22 2024 11: +0,1716372000
0.233,2,May 22 2024 13: +0,1716379200
0.219,1,May 23 2024 18: +0,1716483600
0.217,1,May 23 2024 19: +0,1716487200
0.22,4,May 23 2024 20: +0,1716490800
0.22,6,May 23 2024 22: +0,1716498000
0.22,3,May 24 2024 11: +0,1716544800
0.205,1,May 24 2024 16: +0,1716562800
0.226,1,May 24 2024 17: +0,1716566400
0.22,1,May 25 2024 05: +0,1716609600
0.215,2,May 25 2024 10: +0,1716627600
0.239,1,May 25 2024 11: +0,1716631200
0.218,1,May 25 2024 14: +0,1716642000
0.213,228,May 26 2024 05: +0,1716696000
0.217,21,May 26 2024 06: +0,1716699600
0.273,1,May 26 2024 07: +0,1716703200
0.2,1,May 26 2024 09: +0,1716710400
0.217,1,May 26 2024 12: +0,1716721200
0.324,1,May 26 2024 16: +0,1716735600
0.213,1,May 26 2024 20: +0,1716750000
0.213,1,May 27 2024 02: +0,1716771600
0.217,1,May 27 2024 05: +0,1716782400
0.247,1,May 28 2024 00: +0,1716850800
0.22,2,May 28 2024 03: +0,1716861600
0.23,1,May 28 2024 16: +0,1716908400
0.22,2,May 28 2024 17: +0,1716912000
0.22,5,May 28 2024 19: +0,1716919200
0.223,1,May 28 2024 20: +0,1716922800
0.213,1,May 29 2024 00: +0,1716937200
0.22,2,May 29 2024 03: +0,1716948000
0.236,1,May 29 2024 05: +0,1716955200
0.219,5,May 29 2024 15: +0,1716991200
0.22,1,May 29 2024 16: +0,1716994800
0.219,1,May 29 2024 19: +0,1717005600
0.228,2,May 30 2024 00: +0,1717023600
0.236,3,May 30 2024 03: +0,1717034400
0.238,2,May 30 2024 18: +0,1717088400
0.245,1,May 30 2024 22: +0,1717102800
0.243,14,May 31 2024 04: +0,1717124400
0.063,2,May 31 2024 14: +0,1717160400
0.24,1,May 31 2024 21: +0,1717185600
0.235,1,Jun 01 2024 03: +0,1717207200
0.213,1,Jun 01 2024 08: +0,1717225200
0.239,1,Jun 01 2024 09: +0,1717228800
0.235,1,Jun 01 2024 12: +0,1717239600
0.227,1,Jun 01 2024 13: +0,1717243200
0.28,1,Jun 01 2024 18: +0,1717261200
0.28,1,Jun 02 2024 00: +0,1717282800
0.239,1,Jun 02 2024 13: +0,1717329600
0.227,1,Jun 02 2024 14: +0,1717333200
0.234,2,Jun 02 2024 20: +0,1717354800
0.213,1,Jun 02 2024 21: +0,1717358400
0.282,3,Jun 02 2024 22: +0,1717362000
0.282,1,Jun 02 2024 23: +0,1717365600
0.282,2,Jun 03 2024 01: +0,1717372800
0.284,9,Jun 04 2024 08: +0,1717484400
0.264,2,Jun 04 2024 11: +0,1717495200
0.305,1,Jun 05 2024 11: +0,1717581600
0.306,1,Jun 05 2024 16: +0,1717599600
0.253,1,Jun 06 2024 07: +0,1717653600
0.279,6,Jun 06 2024 22: +0,1717707600
0.237,1,Jun 06 2024 23: +0,1717711200
0.268,2,Jun 07 2024 02: +0,1717722000
0.239,2,Jun 08 2024 02: +0,1717808400
0.239,1,Jun 08 2024 03: +0,1717812000
0.239,2,Jun 08 2024 07: +0,1717826400
0.23,1,Jun 08 2024 09: +0,1717833600
0.22,4,Jun 08 2024 12: +0,1717844400
0.24,5,Jun 08 2024 17: +0,1717862400
0.239,1,Jun 08 2024 18: +0,1717866000
0.221,1,Jun 09 2024 02: +0,1717894800
0.276,1,Jun 09 2024 05: +0,1717905600
0.292,10,Jun 09 2024 06: +0,1717909200
0.239,1,Jun 09 2024 13: +0,1717934400
0.248,1,Jun 09 2024 17: +0,1717948800
0.29,2,Jun 09 2024 18: +0,1717952400
0.227,1,Jun 10 2024 11: +0,1718013600
0.219,1,Jun 10 2024 15: +0,1718028000
0.265,1,Jun 10 2024 20: +0,1718046000
0.212,1,Jun 10 2024 22: +0,1718053200
0.243,1,Jun 11 2024 16: +0,1718118000
0.193,1,Jun 12 2024 20: +0,1718218800
0.236,1,Jun 13 2024 01: +0,1718236800
0.253,1,Jun 13 2024 06: +0,1718254800
0.253,1,Jun 14 2024 02: +0,1718326800
0.213,1,Jun 14 2024 13: +0,1718366400
0.205,1,Jun 14 2024 18: +0,1718384400
0.202,1,Jun 15 2024 17: +0,1718467200
