price,quantity,date,unix timestamp
2.674,71,Nov 19 2019 01: +0,1574125200
2.651,50,Nov 20 2019 01: +0,1574211600
2.994,27,Nov 21 2019 01: +0,1574298000
3.041,26,Nov 22 2019 01: +0,1574384400
2.706,32,Nov 23 2019 01: +0,1574470800
2.704,39,Nov 24 2019 01: +0,1574557200
2.855,29,Nov 25 2019 01: +0,1574643600
2.795,18,Nov 26 2019 01: +0,1574730000
2.499,27,Nov 27 2019 01: +0,1574816400
2.45,18,Nov 28 2019 01: +0,1574902800
2.245,15,Nov 29 2019 01: +0,1574989200
2.381,19,Nov 30 2019 01: +0,1575075600
2.385,12,Dec 01 2019 01: +0,1575162000
2.495,27,Dec 02 2019 01: +0,1575248400
2.431,15,Dec 03 2019 01: +0,1575334800
2.975,15,Dec 04 2019 01: +0,1575421200
2.729,12,Dec 05 2019 01: +0,1575507600
2.861,22,Dec 06 2019 01: +0,1575594000
2.716,22,Dec 07 2019 01: +0,1575680400
3.061,32,Dec 08 2019 01: +0,1575766800
3.029,11,Dec 09 2019 01: +0,1575853200
3.058,17,Dec 10 2019 01: +0,1575939600
2.851,16,Dec 11 2019 01: +0,1576026000
2.785,19,Dec 12 2019 01: +0,1576112400
3.076,21,Dec 13 2019 01: +0,1576198800
3.376,15,Dec 14 2019 01: +0,1576285200
3.508,8,Dec 15 2019 01: +0,1576371600
3.004,10,Dec 16 2019 01: +0,1576458000
3.067,10,Dec 17 2019 01: +0,1576544400
3.12,18,Dec 18 2019 01: +0,1576630800
3.381,18,Dec 19 2019 01: +0,1576717200
3.151,16,Dec 20 2019 01: +0,1576803600
3.147,16,Dec 21 2019 01: +0,1576890000
2.832,13,Dec 22 2019 01: +0,1576976400
2.825,15,Dec 23 2019 01: +0,1577062800
2.609,11,Dec 24 2019 01: +0,1577149200
2.727,12,Dec 25 2019 01: +0,1577235600
2.78,12,Dec 26 2019 01: +0,1577322000
2.839,14,Dec 27 2019 01: +0,1577408400
2.872,13,Dec 28 2019 01: +0,1577494800
2.977,12,Dec 29 2019 01: +0,1577581200
2.671,10,Dec 30 2019 01: +0,1577667600
2.799,16,Dec 31 2019 01: +0,1577754000
2.992,9,Jan 01 2020 01: +0,1577840400
2.754,14,Jan 02 2020 01: +0,1577926800
2.713,11,Jan 03 2020 01: +0,1578013200
2.781,12,Jan 04 2020 01: +0,1578099600
2.971,14,Jan 05 2020 01: +0,1578186000
2.888,11,Jan 06 2020 01: +0,1578272400
2.847,10,Jan 07 2020 01: +0,1578358800
2.738,20,Jan 08 2020 01: +0,1578445200
2.847,10,Jan 09 2020 01: +0,1578531600
2.909,15,Jan 10 2020 01: +0,1578618000
2.992,15,Jan 11 2020 01: +0,1578704400
3.029,10,Jan 12 2020 01: +0,1578790800
2.956,13,Jan 13 2020 01: +0,1578877200
2.982,18,Jan 14 2020 01: +0,1578963600
3.011,11,Jan 15 2020 01: +0,1579050000
2.915,14,Jan 16 2020 01: +0,1579136400
2.853,14,Jan 17 2020 01: +0,1579222800
2.997,15,Jan 18 2020 01: +0,1579309200
2.958,17,Jan 19 2020 01: +0,1579395600
2.812,10,Jan 20 2020 01: +0,1579482000
2.88,25,Jan 21 2020 01: +0,1579568400
2.804,12,Jan 22 2020 01: +0,1579654800
2.732,13,Jan 23 2020 01: +0,1579741200
2.669,22,Jan 24 2020 01: +0,1579827600
2.85,21,Jan 25 2020 01: +0,1579914000
2.949,16,Jan 26 2020 01: +0,1580000400
2.779,7,Jan 27 2020 01: +0,1580086800
2.763,8,Jan 28 2020 01: +0,1580173200
2.733,16,Jan 29 2020 01: +0,1580259600
2.85,20,Jan 30 2020 01: +0,1580346000
2.774,19,Jan 31 2020 01: +0,1580432400
2.858,15,Feb 01 2020 01: +0,1580518800
3.005,18,Feb 02 2020 01: +0,1580605200
2.875,16,Feb 03 2020 01: +0,1580691600
2.909,16,Feb 04 2020 01: +0,1580778000
2.976,12,Feb 05 2020 01: +0,1580864400
2.914,13,Feb 06 2020 01: +0,1580950800
2.744,13,Feb 07 2020 01: +0,1581037200
2.771,23,Feb 08 2020 01: +0,1581123600
2.59,21,Feb 09 2020 01: +0,1581210000
2.749,18,Feb 10 2020 01: +0,1581296400
2.688,11,Feb 11 2020 01: +0,1581382800
2.724,31,Feb 12 2020 01: +0,1581469200
2.725,13,Feb 13 2020 01: +0,1581555600
2.638,13,Feb 14 2020 01: +0,1581642000
2.643,26,Feb 15 2020 01: +0,1581728400
2.672,15,Feb 16 2020 01: +0,1581814800
2.683,14,Feb 17 2020 01: +0,1581901200
2.595,17,Feb 18 2020 01: +0,1581987600
2.672,31,Feb 19 2020 01: +0,1582074000
2.536,13,Feb 20 2020 01: +0,1582160400
2.848,26,Feb 21 2020 01: +0,1582246800
2.53,21,Feb 22 2020 01: +0,1582333200
2.569,14,Feb 23 2020 01: +0,1582419600
2.619,12,Feb 24 2020 01: +0,1582506000
2.553,15,Feb 25 2020 01: +0,1582592400
2.482,27,Feb 26 2020 01: +0,1582678800
2.617,14,Feb 27 2020 01: +0,1582765200
2.689,32,Feb 28 2020 01: +0,1582851600
2.779,31,Feb 29 2020 01: +0,1582938000
2.746,22,Mar 01 2020 01: +0,1583024400
2.911,14,Mar 02 2020 01: +0,1583110800
2.87,17,Mar 03 2020 01: +0,1583197200
2.77,23,Mar 04 2020 01: +0,1583283600
2.765,26,Mar 05 2020 01: +0,1583370000
2.784,19,Mar 06 2020 01: +0,1583456400
2.814,12,Mar 07 2020 01: +0,1583542800
2.665,17,Mar 08 2020 01: +0,1583629200
2.676,20,Mar 09 2020 01: +0,1583715600
2.602,25,Mar 10 2020 01: +0,1583802000
2.528,14,Mar 11 2020 01: +0,1583888400
2.708,18,Mar 12 2020 01: +0,1583974800
2.59,19,Mar 13 2020 01: +0,1584061200
2.762,20,Mar 14 2020 01: +0,1584147600
2.684,16,Mar 15 2020 01: +0,1584234000
2.742,17,Mar 16 2020 01: +0,1584320400
2.673,9,Mar 17 2020 01: +0,1584406800
2.624,16,Mar 18 2020 01: +0,1584493200
2.539,13,Mar 19 2020 01: +0,1584579600
2.532,21,Mar 20 2020 01: +0,1584666000
2.418,22,Mar 21 2020 01: +0,1584752400
2.569,11,Mar 22 2020 01: +0,1584838800
2.413,17,Mar 23 2020 01: +0,1584925200
2.417,16,Mar 24 2020 01: +0,1585011600
2.299,18,Mar 25 2020 01: +0,1585098000
2.244,29,Mar 26 2020 01: +0,1585184400
2.129,23,Mar 27 2020 01: +0,1585270800
2.443,22,Mar 28 2020 01: +0,1585357200
2.524,11,Mar 29 2020 01: +0,1585443600
2.63,24,Mar 30 2020 01: +0,1585526400
2.396,19,Mar 31 2020 01: +0,1585612800
2.278,29,Apr 01 2020 01: +0,1585699200
2.241,18,Apr 02 2020 01: +0,1585785600
2.434,23,Apr 03 2020 01: +0,1585872000
2.518,38,Apr 04 2020 01: +0,1585958400
2.529,27,Apr 05 2020 01: +0,1586044800
2.54,22,Apr 06 2020 01: +0,1586131200
2.606,18,Apr 07 2020 01: +0,1586217600
2.593,13,Apr 08 2020 01: +0,1586304000
2.639,14,Apr 09 2020 01: +0,1586390400
2.805,16,Apr 10 2020 01: +0,1586476800
3.881,19,Apr 11 2020 01: +0,1586563200
3.565,18,Apr 12 2020 01: +0,1586649600
3.469,18,Apr 13 2020 01: +0,1586736000
3.334,18,Apr 14 2020 01: +0,1586822400
3.489,13,Apr 15 2020 01: +0,1586908800
3.512,17,Apr 16 2020 01: +0,1586995200
3.316,17,Apr 17 2020 01: +0,1587081600
3.552,15,Apr 18 2020 01: +0,1587168000
3.152,14,Apr 19 2020 01: +0,1587254400
3.243,15,Apr 20 2020 01: +0,1587340800
3.324,18,Apr 21 2020 01: +0,1587427200
3.274,7,Apr 22 2020 01: +0,1587513600
3.128,13,Apr 23 2020 01: +0,1587600000
3.234,23,Apr 24 2020 01: +0,1587686400
3.176,12,Apr 25 2020 01: +0,1587772800
3.114,12,Apr 26 2020 01: +0,1587859200
2.99,12,Apr 27 2020 01: +0,1587945600
3.057,11,Apr 28 2020 01: +0,1588032000
3.102,8,Apr 29 2020 01: +0,1588118400
3.083,13,Apr 30 2020 01: +0,1588204800
3.213,9,May 01 2020 01: +0,1588291200
3.162,12,May 02 2020 01: +0,1588377600
3.379,10,May 03 2020 01: +0,1588464000
3.314,8,May 04 2020 01: +0,1588550400
3.311,16,May 05 2020 01: +0,1588636800
3.35,11,May 06 2020 01: +0,1588723200
3.389,16,May 07 2020 01: +0,1588809600
3.513,9,May 08 2020 01: +0,1588896000
3.54,18,May 09 2020 01: +0,1588982400
3.429,12,May 10 2020 01: +0,1589068800
3.414,11,May 11 2020 01: +0,1589155200
3.414,12,May 12 2020 01: +0,1589241600
3.382,7,May 13 2020 01: +0,1589328000
3.522,11,May 14 2020 01: +0,1589414400
3.654,11,May 15 2020 01: +0,1589500800
3.514,8,May 16 2020 01: +0,1589587200
3.581,11,May 17 2020 01: +0,1589673600
3.783,16,May 18 2020 01: +0,1589760000
3.902,10,May 19 2020 01: +0,1589846400
3.748,5,May 20 2020 01: +0,1589932800
3.683,9,May 21 2020 01: +0,1590019200
3.64,9,May 22 2020 01: +0,1590105600
3.375,6,May 23 2020 01: +0,1590192000
3.774,8,May 24 2020 01: +0,1590278400
3.6,13,May 25 2020 01: +0,1590364800
3.484,12,May 26 2020 01: +0,1590451200
3.841,13,May 27 2020 01: +0,1590537600
3.761,8,May 28 2020 01: +0,1590624000
3.852,19,May 29 2020 01: +0,1590710400
4.243,5,May 30 2020 01: +0,1590796800
3.631,2,May 31 2020 01: +0,1590883200
3.85,13,Jun 01 2020 01: +0,1590969600
3.518,8,Jun 02 2020 01: +0,1591056000
3.984,10,Jun 03 2020 01: +0,1591142400
3.706,11,Jun 04 2020 01: +0,1591228800
3.904,7,Jun 05 2020 01: +0,1591315200
4.016,9,Jun 06 2020 01: +0,1591401600
4.05,12,Jun 07 2020 01: +0,1591488000
3.432,10,Jun 08 2020 01: +0,1591574400
3.803,5,Jun 09 2020 01: +0,1591660800
3.735,7,Jun 10 2020 01: +0,1591747200
3.64,8,Jun 11 2020 01: +0,1591833600
3.675,7,Jun 12 2020 01: +0,1591920000
3.756,6,Jun 13 2020 01: +0,1592006400
3.858,11,Jun 14 2020 01: +0,1592092800
3.587,6,Jun 15 2020 01: +0,1592179200
3.883,6,Jun 16 2020 01: +0,1592265600
4.047,6,Jun 17 2020 01: +0,1592352000
3.973,7,Jun 18 2020 01: +0,1592438400
3.864,3,Jun 19 2020 01: +0,1592524800
3.901,5,Jun 20 2020 01: +0,1592611200
4.159,4,Jun 21 2020 01: +0,1592697600
4.099,5,Jun 22 2020 01: +0,1592784000
4.001,4,Jun 23 2020 01: +0,1592870400
3.972,8,Jun 24 2020 01: +0,1592956800
3.77,15,Jun 25 2020 01: +0,1593043200
3.684,9,Jun 26 2020 01: +0,1593129600
3.923,10,Jun 27 2020 01: +0,1593216000
3.749,6,Jun 28 2020 01: +0,1593302400
3.706,5,Jun 29 2020 01: +0,1593388800
4.122,8,Jun 30 2020 01: +0,1593475200
4.095,7,Jul 01 2020 01: +0,1593561600
4.133,6,Jul 02 2020 01: +0,1593648000
3.701,6,Jul 03 2020 01: +0,1593734400
3.916,5,Jul 04 2020 01: +0,1593820800
3.879,8,Jul 05 2020 01: +0,1593907200
3.97,11,Jul 06 2020 01: +0,1593993600
4.165,5,Jul 07 2020 01: +0,1594080000
4.339,10,Jul 08 2020 01: +0,1594166400
4.445,7,Jul 09 2020 01: +0,1594252800
4.801,2,Jul 10 2020 01: +0,1594339200
4.985,1,Jul 11 2020 01: +0,1594425600
4.629,3,Jul 12 2020 01: +0,1594512000
4.265,5,Jul 13 2020 01: +0,1594598400
4.847,10,Jul 14 2020 01: +0,1594684800
4.754,11,Jul 15 2020 01: +0,1594771200
4.674,6,Jul 16 2020 01: +0,1594857600
4.999,10,Jul 17 2020 01: +0,1594944000
5.045,4,Jul 18 2020 01: +0,1595030400
4.806,9,Jul 19 2020 01: +0,1595116800
4.895,10,Jul 20 2020 01: +0,1595203200
5.188,4,Jul 21 2020 01: +0,1595289600
4.705,5,Jul 22 2020 01: +0,1595376000
4.844,3,Jul 23 2020 01: +0,1595462400
4.172,3,Jul 24 2020 01: +0,1595548800
4.547,4,Jul 25 2020 01: +0,1595635200
4.531,9,Jul 26 2020 01: +0,1595721600
4.59,4,Jul 27 2020 01: +0,1595808000
4.546,7,Jul 28 2020 01: +0,1595894400
4.542,8,Jul 29 2020 01: +0,1595980800
4.497,5,Jul 30 2020 01: +0,1596067200
4.458,4,Jul 31 2020 01: +0,1596153600
4.488,7,Aug 01 2020 01: +0,1596240000
4.399,7,Aug 02 2020 01: +0,1596326400
4.446,5,Aug 03 2020 01: +0,1596412800
4.412,5,Aug 04 2020 01: +0,1596499200
4.602,2,Aug 05 2020 01: +0,1596585600
4.361,6,Aug 06 2020 01: +0,1596672000
4.517,10,Aug 07 2020 01: +0,1596758400
4.664,7,Aug 08 2020 01: +0,1596844800
4.571,2,Aug 09 2020 01: +0,1596931200
4.744,9,Aug 10 2020 01: +0,1597017600
4.267,6,Aug 11 2020 01: +0,1597104000
4.551,8,Aug 12 2020 01: +0,1597190400
3.697,6,Aug 13 2020 01: +0,1597276800
4.261,6,Aug 14 2020 01: +0,1597363200
4.396,6,Aug 15 2020 01: +0,1597449600
4.493,3,Aug 16 2020 01: +0,1597536000
4.791,5,Aug 17 2020 01: +0,1597622400
4.284,4,Aug 18 2020 01: +0,1597708800
4.273,5,Aug 19 2020 01: +0,1597795200
4.0,5,Aug 20 2020 01: +0,1597881600
4.076,5,Aug 21 2020 01: +0,1597968000
3.994,4,Aug 22 2020 01: +0,1598054400
3.755,4,Aug 23 2020 01: +0,1598140800
3.662,3,Aug 24 2020 01: +0,1598227200
4.125,4,Aug 25 2020 01: +0,1598313600
4.149,14,Aug 26 2020 01: +0,1598400000
4.376,10,Aug 27 2020 01: +0,1598486400
4.167,5,Aug 28 2020 01: +0,1598572800
4.167,6,Aug 29 2020 01: +0,1598659200
4.489,6,Aug 30 2020 01: +0,1598745600
4.64,5,Aug 31 2020 01: +0,1598832000
4.366,7,Sep 01 2020 01: +0,1598918400
4.426,4,Sep 02 2020 01: +0,1599004800
4.403,12,Sep 03 2020 01: +0,1599091200
4.338,7,Sep 04 2020 01: +0,1599177600
4.425,6,Sep 05 2020 01: +0,1599264000
4.225,4,Sep 06 2020 01: +0,1599350400
4.806,4,Sep 07 2020 01: +0,1599436800
4.637,2,Sep 08 2020 01: +0,1599523200
4.413,7,Sep 09 2020 01: +0,1599609600
4.457,10,Sep 10 2020 01: +0,1599696000
4.65,4,Sep 11 2020 01: +0,1599782400
4.47,6,Sep 12 2020 01: +0,1599868800
4.393,4,Sep 13 2020 01: +0,1599955200
4.699,16,Sep 14 2020 01: +0,1600041600
4.722,5,Sep 15 2020 01: +0,1600128000
4.925,7,Sep 16 2020 01: +0,1600214400
4.021,10,Sep 17 2020 01: +0,1600300800
4.319,5,Sep 18 2020 01: +0,1600387200
4.178,2,Sep 19 2020 01: +0,1600473600
4.109,5,Sep 20 2020 01: +0,1600560000
4.388,2,Sep 21 2020 01: +0,1600646400
4.163,2,Sep 22 2020 01: +0,1600732800
4.105,6,Sep 23 2020 01: +0,1600819200
3.925,5,Sep 24 2020 01: +0,1600905600
4.275,6,Sep 25 2020 01: +0,1600992000
4.086,3,Sep 26 2020 01: +0,1601078400
3.949,6,Sep 27 2020 01: +0,1601164800
3.94,4,Sep 28 2020 01: +0,1601251200
4.077,8,Sep 29 2020 01: +0,1601337600
3.611,5,Sep 30 2020 01: +0,1601424000
4.121,5,Oct 01 2020 01: +0,1601510400
4.156,7,Oct 02 2020 01: +0,1601596800
4.083,5,Oct 03 2020 01: +0,1601683200
4.149,5,Oct 04 2020 01: +0,1601769600
3.87,6,Oct 05 2020 01: +0,1601856000
3.588,3,Oct 06 2020 01: +0,1601942400
3.615,3,Oct 07 2020 01: +0,1602028800
3.839,10,Oct 08 2020 01: +0,1602115200
4.111,9,Oct 09 2020 01: +0,1602201600
4.075,10,Oct 10 2020 01: +0,1602288000
3.746,6,Oct 11 2020 01: +0,1602374400
4.001,6,Oct 12 2020 01: +0,1602460800
3.95,4,Oct 13 2020 01: +0,1602547200
3.881,6,Oct 14 2020 01: +0,1602633600
3.935,6,Oct 15 2020 01: +0,1602720000
3.357,6,Oct 16 2020 01: +0,1602806400
3.675,9,Oct 17 2020 01: +0,1602892800
4.049,4,Oct 18 2020 01: +0,1602979200
3.835,5,Oct 19 2020 01: +0,1603065600
4.068,6,Oct 20 2020 01: +0,1603152000
4.033,3,Oct 21 2020 01: +0,1603238400
3.779,3,Oct 22 2020 01: +0,1603324800
3.947,12,Oct 23 2020 01: +0,1603411200
3.989,8,Oct 24 2020 01: +0,1603497600
4.366,4,Oct 25 2020 01: +0,1603584000
4.2,11,Oct 26 2020 01: +0,1603674000
4.114,7,Oct 27 2020 01: +0,1603760400
4.179,6,Oct 28 2020 01: +0,1603846800
4.248,11,Oct 29 2020 01: +0,1603933200
4.252,8,Oct 30 2020 01: +0,1604019600
4.18,6,Oct 31 2020 01: +0,1604106000
4.147,5,Nov 01 2020 01: +0,1604192400
4.134,5,Nov 02 2020 01: +0,1604278800
4.174,8,Nov 03 2020 01: +0,1604365200
4.216,7,Nov 04 2020 01: +0,1604451600
4.23,5,Nov 05 2020 01: +0,1604538000
4.318,8,Nov 06 2020 01: +0,1604624400
4.461,8,Nov 07 2020 01: +0,1604710800
4.352,5,Nov 08 2020 01: +0,1604797200
4.479,9,Nov 09 2020 01: +0,1604883600
4.536,7,Nov 10 2020 01: +0,1604970000
4.873,3,Nov 11 2020 01: +0,1605056400
4.436,4,Nov 12 2020 01: +0,1605142800
4.613,7,Nov 13 2020 01: +0,1605229200
4.685,8,Nov 14 2020 01: +0,1605315600
4.649,3,Nov 15 2020 01: +0,1605402000
3.465,2,Nov 16 2020 01: +0,1605488400
4.502,7,Nov 17 2020 01: +0,1605574800
4.175,5,Nov 18 2020 01: +0,1605661200
4.414,7,Nov 19 2020 01: +0,1605747600
4.754,5,Nov 20 2020 01: +0,1605834000
4.427,4,Nov 21 2020 01: +0,1605920400
4.715,2,Nov 22 2020 01: +0,1606006800
4.508,6,Nov 23 2020 01: +0,1606093200
4.334,2,Nov 24 2020 01: +0,1606179600
4.314,6,Nov 25 2020 01: +0,1606266000
4.195,7,Nov 26 2020 01: +0,1606352400
4.028,6,Nov 27 2020 01: +0,1606438800
4.197,12,Nov 28 2020 01: +0,1606525200
4.278,11,Nov 29 2020 01: +0,1606611600
4.323,6,Nov 30 2020 01: +0,1606698000
4.125,6,Dec 01 2020 01: +0,1606784400
4.423,6,Dec 02 2020 01: +0,1606870800
4.116,7,Dec 03 2020 01: +0,1606957200
3.429,20,Dec 04 2020 01: +0,1607043600
3.512,11,Dec 05 2020 01: +0,1607130000
3.982,21,Dec 06 2020 01: +0,1607216400
3.502,20,Dec 07 2020 01: +0,1607302800
3.62,11,Dec 08 2020 01: +0,1607389200
3.64,7,Dec 09 2020 01: +0,1607475600
3.628,4,Dec 10 2020 01: +0,1607562000
3.559,9,Dec 11 2020 01: +0,1607648400
3.713,9,Dec 12 2020 01: +0,1607734800
3.445,15,Dec 13 2020 01: +0,1607821200
3.912,11,Dec 14 2020 01: +0,1607907600
3.637,6,Dec 15 2020 01: +0,1607994000
3.511,7,Dec 16 2020 01: +0,1608080400
3.367,10,Dec 17 2020 01: +0,1608166800
3.474,12,Dec 18 2020 01: +0,1608253200
3.839,12,Dec 19 2020 01: +0,1608339600
3.846,6,Dec 20 2020 01: +0,1608426000
3.764,12,Dec 21 2020 01: +0,1608512400
4.172,11,Dec 22 2020 01: +0,1608598800
3.731,4,Dec 23 2020 01: +0,1608685200
3.89,8,Dec 24 2020 01: +0,1608771600
4.426,6,Dec 25 2020 01: +0,1608858000
3.853,15,Dec 26 2020 01: +0,1608944400
4.089,8,Dec 27 2020 01: +0,1609030800
3.959,8,Dec 28 2020 01: +0,1609117200
4.331,10,Dec 29 2020 01: +0,1609203600
4.384,12,Dec 30 2020 01: +0,1609290000
4.063,10,Dec 31 2020 01: +0,1609376400
4.006,6,Jan 01 2021 01: +0,1609462800
4.179,7,Jan 02 2021 01: +0,1609549200
3.895,2,Jan 03 2021 01: +0,1609635600
4.065,20,Jan 04 2021 01: +0,1609722000
4.238,6,Jan 05 2021 01: +0,1609808400
4.46,8,Jan 06 2021 01: +0,1609894800
4.305,4,Jan 07 2021 01: +0,1609981200
4.036,13,Jan 08 2021 01: +0,1610067600
4.431,7,Jan 09 2021 01: +0,1610154000
4.465,7,Jan 10 2021 01: +0,1610240400
4.62,3,Jan 11 2021 01: +0,1610326800
4.558,12,Jan 12 2021 01: +0,1610413200
4.651,16,Jan 13 2021 01: +0,1610499600
5.061,7,Jan 14 2021 01: +0,1610586000
4.807,6,Jan 15 2021 01: +0,1610672400
5.303,5,Jan 16 2021 01: +0,1610758800
4.952,2,Jan 17 2021 01: +0,1610845200
4.885,4,Jan 18 2021 01: +0,1610931600
4.721,6,Jan 19 2021 01: +0,1611018000
4.903,10,Jan 20 2021 01: +0,1611104400
5.06,7,Jan 21 2021 01: +0,1611190800
4.913,4,Jan 22 2021 01: +0,1611277200
4.655,5,Jan 23 2021 01: +0,1611363600
4.919,12,Jan 24 2021 01: +0,1611450000
4.692,5,Jan 25 2021 01: +0,1611536400
4.907,7,Jan 26 2021 01: +0,1611622800
5.17,8,Jan 27 2021 01: +0,1611709200
4.691,9,Jan 28 2021 01: +0,1611795600
4.902,9,Jan 29 2021 01: +0,1611882000
4.967,8,Jan 30 2021 01: +0,1611968400
5.108,6,Jan 31 2021 01: +0,1612054800
4.773,6,Feb 01 2021 01: +0,1612141200
5.183,7,Feb 02 2021 01: +0,1612227600
5.288,5,Feb 03 2021 01: +0,1612314000
5.095,4,Feb 04 2021 01: +0,1612400400
5.306,8,Feb 05 2021 01: +0,1612486800
5.258,9,Feb 06 2021 01: +0,1612573200
5.223,5,Feb 07 2021 01: +0,1612659600
4.987,8,Feb 08 2021 01: +0,1612746000
5.057,3,Feb 09 2021 01: +0,1612832400
5.442,7,Feb 10 2021 01: +0,1612918800
5.395,6,Feb 11 2021 01: +0,1613005200
5.194,6,Feb 12 2021 01: +0,1613091600
4.8,4,Feb 13 2021 01: +0,1613178000
4.918,5,Feb 14 2021 01: +0,1613264400
5.014,8,Feb 15 2021 01: +0,1613350800
5.028,7,Feb 16 2021 01: +0,1613437200
5.084,4,Feb 17 2021 01: +0,1613523600
4.453,7,Feb 18 2021 01: +0,1613610000
5.176,6,Feb 19 2021 01: +0,1613696400
5.025,4,Feb 20 2021 01: +0,1613782800
4.971,4,Feb 21 2021 01: +0,1613869200
5.159,11,Feb 22 2021 01: +0,1613955600
5.098,4,Feb 23 2021 01: +0,1614042000
4.603,3,Feb 24 2021 01: +0,1614128400
5.307,5,Feb 25 2021 01: +0,1614214800
5.043,6,Feb 26 2021 01: +0,1614301200
5.16,4,Feb 27 2021 01: +0,1614387600
5.203,5,Feb 28 2021 01: +0,1614474000
4.92,6,Mar 01 2021 01: +0,1614560400
4.696,5,Mar 02 2021 01: +0,1614646800
4.768,5,Mar 03 2021 01: +0,1614733200
4.83,5,Mar 04 2021 01: +0,1614819600
5.094,5,Mar 05 2021 01: +0,1614906000
5.123,8,Mar 06 2021 01: +0,1614992400
5.064,7,Mar 07 2021 01: +0,1615078800
4.995,9,Mar 08 2021 01: +0,1615165200
5.431,8,Mar 09 2021 01: +0,1615251600
5.518,8,Mar 10 2021 01: +0,1615338000
5.241,8,Mar 11 2021 01: +0,1615424400
5.03,5,Mar 12 2021 01: +0,1615510800
4.772,5,Mar 13 2021 01: +0,1615597200
5.17,8,Mar 14 2021 01: +0,1615683600
4.715,8,Mar 15 2021 01: +0,1615770000
5.585,8,Mar 16 2021 01: +0,1615856400
4.826,10,Mar 17 2021 01: +0,1615942800
4.978,5,Mar 18 2021 01: +0,1616029200
5.218,6,Mar 19 2021 01: +0,1616115600
4.989,8,Mar 20 2021 01: +0,1616202000
4.831,8,Mar 21 2021 01: +0,1616288400
4.886,5,Mar 22 2021 01: +0,1616374800
5.004,4,Mar 23 2021 01: +0,1616461200
5.193,5,Mar 24 2021 01: +0,1616547600
4.953,6,Mar 25 2021 01: +0,1616634000
4.91,5,Mar 26 2021 01: +0,1616720400
5.087,8,Mar 27 2021 01: +0,1616806800
4.798,11,Mar 28 2021 01: +0,1616893200
5.266,2,Mar 29 2021 01: +0,1616976000
5.28,5,Mar 30 2021 01: +0,1617062400
5.103,4,Mar 31 2021 01: +0,1617148800
4.709,9,Apr 01 2021 01: +0,1617235200
4.87,6,Apr 02 2021 01: +0,1617321600
5.269,4,Apr 03 2021 01: +0,1617408000
5.32,7,Apr 04 2021 01: +0,1617494400
5.291,5,Apr 05 2021 01: +0,1617580800
5.59,5,Apr 06 2021 01: +0,1617667200
5.357,3,Apr 07 2021 01: +0,1617753600
5.028,5,Apr 08 2021 01: +0,1617840000
4.795,9,Apr 09 2021 01: +0,1617926400
4.808,5,Apr 10 2021 01: +0,1618012800
4.481,16,Apr 11 2021 01: +0,1618099200
4.101,10,Apr 12 2021 01: +0,1618185600
4.409,8,Apr 13 2021 01: +0,1618272000
4.68,2,Apr 14 2021 01: +0,1618358400
4.695,4,Apr 15 2021 01: +0,1618444800
4.652,11,Apr 16 2021 01: +0,1618531200
3.894,2,Apr 17 2021 01: +0,1618617600
4.632,9,Apr 18 2021 01: +0,1618704000
4.648,8,Apr 19 2021 01: +0,1618790400
4.283,6,Apr 20 2021 01: +0,1618876800
4.701,4,Apr 21 2021 01: +0,1618963200
5.043,8,Apr 22 2021 01: +0,1619049600
4.845,7,Apr 23 2021 01: +0,1619136000
5.208,8,Apr 24 2021 01: +0,1619222400
4.76,9,Apr 25 2021 01: +0,1619308800
5.337,4,Apr 26 2021 01: +0,1619395200
5.21,5,Apr 27 2021 01: +0,1619481600
5.156,11,Apr 28 2021 01: +0,1619568000
5.405,6,Apr 29 2021 01: +0,1619654400
5.068,12,Apr 30 2021 01: +0,1619740800
3.297,3,May 01 2021 01: +0,1619827200
5.165,15,May 02 2021 01: +0,1619913600
5.555,4,May 03 2021 01: +0,1620000000
5.337,8,May 04 2021 01: +0,1620086400
5.347,5,May 05 2021 01: +0,1620172800
5.648,7,May 06 2021 01: +0,1620259200
5.547,7,May 07 2021 01: +0,1620345600
5.274,7,May 08 2021 01: +0,1620432000
5.095,2,May 09 2021 01: +0,1620518400
5.321,10,May 10 2021 01: +0,1620604800
5.581,8,May 11 2021 01: +0,1620691200
5.392,7,May 12 2021 01: +0,1620777600
5.404,7,May 13 2021 01: +0,1620864000
5.892,3,May 14 2021 01: +0,1620950400
5.459,6,May 15 2021 01: +0,1621036800
5.355,8,May 16 2021 01: +0,1621123200
5.63,4,May 17 2021 01: +0,1621209600
5.006,6,May 18 2021 01: +0,1621296000
4.997,7,May 19 2021 01: +0,1621382400
5.056,4,May 20 2021 01: +0,1621468800
5.381,8,May 21 2021 01: +0,1621555200
5.676,8,May 22 2021 01: +0,1621641600
6.38,7,May 23 2021 01: +0,1621728000
5.82,5,May 24 2021 01: +0,1621814400
5.927,7,May 25 2021 01: +0,1621900800
5.36,1,May 26 2021 01: +0,1621987200
5.265,6,May 27 2021 01: +0,1622073600
5.556,3,May 28 2021 01: +0,1622160000
5.913,11,May 29 2021 01: +0,1622246400
5.632,5,May 30 2021 01: +0,1622332800
5.965,10,May 31 2021 01: +0,1622419200
6.118,4,Jun 01 2021 01: +0,1622505600
6.127,4,Jun 02 2021 01: +0,1622592000
6.336,6,Jun 03 2021 01: +0,1622678400
5.931,3,Jun 04 2021 01: +0,1622764800
5.928,3,Jun 05 2021 01: +0,1622851200
5.926,3,Jun 06 2021 01: +0,1622937600
5.832,1,Jun 07 2021 01: +0,1623024000
5.937,5,Jun 08 2021 01: +0,1623110400
5.977,3,Jun 09 2021 01: +0,1623196800
5.707,1,Jun 10 2021 01: +0,1623283200
5.197,4,Jun 11 2021 01: +0,1623369600
5.508,1,Jun 12 2021 01: +0,1623456000
5.32,4,Jun 13 2021 01: +0,1623542400
5.353,6,Jun 14 2021 01: +0,1623628800
5.76,6,Jun 15 2021 01: +0,1623715200
5.47,5,Jun 16 2021 01: +0,1623801600
5.551,4,Jun 17 2021 01: +0,1623888000
5.905,1,Jun 18 2021 01: +0,1623974400
5.52,7,Jun 19 2021 01: +0,1624060800
6.241,3,Jun 20 2021 01: +0,1624147200
5.906,2,Jun 21 2021 01: +0,1624233600
5.719,5,Jun 22 2021 01: +0,1624320000
4.637,2,Jun 23 2021 01: +0,1624406400
5.099,3,Jun 24 2021 01: +0,1624492800
4.86,12,Jun 25 2021 01: +0,1624579200
5.241,4,Jun 26 2021 01: +0,1624665600
5.061,5,Jun 27 2021 01: +0,1624752000
4.844,3,Jun 28 2021 01: +0,1624838400
5.32,5,Jun 29 2021 01: +0,1624924800
4.876,8,Jun 30 2021 01: +0,1625011200
4.708,5,Jul 01 2021 01: +0,1625097600
4.851,3,Jul 02 2021 01: +0,1625184000
4.947,9,Jul 03 2021 01: +0,1625270400
4.923,7,Jul 04 2021 01: +0,1625356800
5.187,7,Jul 05 2021 01: +0,1625443200
5.219,6,Jul 06 2021 01: +0,1625529600
5.204,5,Jul 07 2021 01: +0,1625616000
4.857,8,Jul 08 2021 01: +0,1625702400
5.257,13,Jul 09 2021 01: +0,1625788800
5.24,4,Jul 10 2021 01: +0,1625875200
5.529,1,Jul 11 2021 01: +0,1625961600
5.532,2,Jul 12 2021 01: +0,1626048000
5.201,10,Jul 13 2021 01: +0,1626134400
5.127,8,Jul 14 2021 01: +0,1626220800
5.191,7,Jul 15 2021 01: +0,1626307200
5.399,3,Jul 16 2021 01: +0,1626393600
5.361,3,Jul 17 2021 01: +0,1626480000
5.218,8,Jul 18 2021 01: +0,1626566400
5.236,3,Jul 19 2021 01: +0,1626652800
5.584,5,Jul 20 2021 01: +0,1626739200
5.478,2,Jul 21 2021 01: +0,1626825600
5.292,4,Jul 22 2021 01: +0,1626912000
5.481,1,Jul 23 2021 01: +0,1626998400
5.155,6,Jul 25 2021 01: +0,1627171200
5.262,4,Jul 26 2021 01: +0,1627257600
5.587,1,Jul 27 2021 01: +0,1627344000
5.128,7,Jul 28 2021 01: +0,1627430400
5.204,4,Jul 29 2021 01: +0,1627516800
5.674,2,Jul 30 2021 01: +0,1627603200
5.49,9,Jul 31 2021 01: +0,1627689600
5.733,5,Aug 01 2021 01: +0,1627776000
5.855,4,Aug 02 2021 01: +0,1627862400
5.012,5,Aug 03 2021 01: +0,1627948800
5.085,2,Aug 04 2021 01: +0,1628035200
5.427,8,Aug 05 2021 01: +0,1628121600
5.646,7,Aug 06 2021 01: +0,1628208000
5.978,4,Aug 08 2021 01: +0,1628380800
5.846,6,Aug 09 2021 01: +0,1628467200
6.083,2,Aug 10 2021 01: +0,1628553600
5.3,4,Aug 11 2021 01: +0,1628640000
5.527,7,Aug 12 2021 01: +0,1628726400
5.322,9,Aug 13 2021 01: +0,1628812800
5.458,6,Aug 14 2021 01: +0,1628899200
5.175,6,Aug 15 2021 01: +0,1628985600
5.494,5,Aug 16 2021 01: +0,1629072000
5.716,5,Aug 17 2021 01: +0,1629158400
5.65,7,Aug 18 2021 01: +0,1629244800
5.3,5,Aug 19 2021 01: +0,1629331200
5.037,6,Aug 20 2021 01: +0,1629417600
4.835,6,Aug 21 2021 01: +0,1629504000
5.355,5,Aug 22 2021 01: +0,1629590400
4.824,4,Aug 23 2021 01: +0,1629676800
4.034,5,Aug 24 2021 01: +0,1629763200
4.411,6,Aug 25 2021 01: +0,1629849600
5.29,7,Aug 26 2021 01: +0,1629936000
4.62,5,Aug 27 2021 01: +0,1630022400
4.639,4,Aug 28 2021 01: +0,1630108800
4.575,5,Aug 29 2021 01: +0,1630195200
4.327,4,Aug 30 2021 01: +0,1630281600
4.587,3,Aug 31 2021 01: +0,1630368000
4.912,6,Sep 01 2021 01: +0,1630454400
4.981,4,Sep 02 2021 01: +0,1630540800
5.071,4,Sep 03 2021 01: +0,1630627200
4.649,10,Sep 04 2021 01: +0,1630713600
4.448,6,Sep 05 2021 01: +0,1630800000
4.616,5,Sep 06 2021 01: +0,1630886400
4.781,4,Sep 07 2021 01: +0,1630972800
4.536,5,Sep 08 2021 01: +0,1631059200
4.508,3,Sep 09 2021 01: +0,1631145600
4.556,9,Sep 10 2021 01: +0,1631232000
4.935,4,Sep 11 2021 01: +0,1631318400
4.69,9,Sep 12 2021 01: +0,1631404800
5.05,5,Sep 13 2021 01: +0,1631491200
5.89,2,Sep 14 2021 01: +0,1631577600
4.835,3,Sep 15 2021 01: +0,1631664000
4.957,9,Sep 16 2021 01: +0,1631750400
4.454,4,Sep 17 2021 01: +0,1631836800
4.862,7,Sep 18 2021 01: +0,1631923200
4.844,5,Sep 19 2021 01: +0,1632009600
4.826,4,Sep 20 2021 01: +0,1632096000
4.453,3,Sep 21 2021 01: +0,1632182400
4.168,17,Sep 22 2021 01: +0,1632268800
3.754,8,Sep 23 2021 01: +0,1632355200
3.696,6,Sep 24 2021 01: +0,1632441600
3.657,8,Sep 25 2021 01: +0,1632528000
3.81,5,Sep 27 2021 01: +0,1632700800
3.497,5,Sep 28 2021 01: +0,1632787200
3.801,10,Sep 29 2021 01: +0,1632873600
3.509,2,Sep 30 2021 01: +0,1632960000
3.659,3,Oct 01 2021 01: +0,1633046400
3.82,5,Oct 02 2021 01: +0,1633132800
4.093,6,Oct 03 2021 01: +0,1633219200
4.139,3,Oct 04 2021 01: +0,1633305600
3.736,7,Oct 05 2021 01: +0,1633392000
4.049,6,Oct 06 2021 01: +0,1633478400
3.738,5,Oct 07 2021 01: +0,1633564800
4.036,10,Oct 08 2021 01: +0,1633651200
3.963,8,Oct 09 2021 01: +0,1633737600
4.055,8,Oct 10 2021 01: +0,1633824000
4.258,4,Oct 11 2021 01: +0,1633910400
4.206,4,Oct 12 2021 01: +0,1633996800
4.42,7,Oct 13 2021 01: +0,1634083200
4.562,5,Oct 14 2021 01: +0,1634169600
4.547,7,Oct 15 2021 01: +0,1634256000
4.189,5,Oct 16 2021 01: +0,1634342400
4.408,2,Oct 17 2021 01: +0,1634428800
4.261,7,Oct 18 2021 01: +0,1634515200
4.34,5,Oct 19 2021 01: +0,1634601600
4.0,7,Oct 20 2021 01: +0,1634688000
4.73,2,Oct 21 2021 01: +0,1634774400
4.061,5,Oct 22 2021 01: +0,1634860800
3.919,9,Oct 23 2021 01: +0,1634947200
4.497,14,Oct 24 2021 01: +0,1635033600
4.696,3,Oct 25 2021 01: +0,1635120000
4.728,5,Oct 26 2021 01: +0,1635206400
4.339,8,Oct 27 2021 01: +0,1635292800
4.301,1,Oct 28 2021 01: +0,1635379200
4.655,5,Oct 29 2021 01: +0,1635465600
4.389,6,Oct 30 2021 01: +0,1635552000
4.655,3,Oct 31 2021 01: +0,1635638400
4.355,5,Nov 01 2021 01: +0,1635728400
4.047,6,Nov 02 2021 01: +0,1635814800
4.492,10,Nov 03 2021 01: +0,1635901200
4.533,9,Nov 04 2021 01: +0,1635987600
4.244,4,Nov 05 2021 01: +0,1636074000
4.951,6,Nov 06 2021 01: +0,1636160400
5.241,5,Nov 07 2021 01: +0,1636246800
4.63,5,Nov 08 2021 01: +0,1636333200
5.137,1,Nov 09 2021 01: +0,1636419600
4.956,6,Nov 10 2021 01: +0,1636506000
4.817,5,Nov 11 2021 01: +0,1636592400
4.974,8,Nov 12 2021 01: +0,1636678800
4.356,7,Nov 13 2021 01: +0,1636765200
4.393,4,Nov 14 2021 01: +0,1636851600
4.638,7,Nov 15 2021 01: +0,1636938000
4.791,6,Nov 16 2021 01: +0,1637024400
4.209,3,Nov 17 2021 01: +0,1637110800
4.521,6,Nov 18 2021 01: +0,1637197200
4.565,6,Nov 19 2021 01: +0,1637283600
4.724,4,Nov 20 2021 01: +0,1637370000
5.311,17,Nov 21 2021 01: +0,1637456400
4.909,5,Nov 22 2021 01: +0,1637542800
4.825,5,Nov 23 2021 01: +0,1637629200
4.656,5,Nov 24 2021 01: +0,1637715600
4.512,3,Nov 25 2021 01: +0,1637802000
4.327,4,Nov 26 2021 01: +0,1637888400
4.831,7,Nov 27 2021 01: +0,1637974800
4.652,6,Nov 28 2021 01: +0,1638061200
4.673,4,Nov 29 2021 01: +0,1638147600
4.587,3,Nov 30 2021 01: +0,1638234000
4.483,2,Dec 01 2021 01: +0,1638320400
5.174,4,Dec 02 2021 01: +0,1638406800
4.802,4,Dec 03 2021 01: +0,1638493200
4.384,4,Dec 04 2021 01: +0,1638579600
4.771,5,Dec 05 2021 01: +0,1638666000
4.851,5,Dec 06 2021 01: +0,1638752400
4.717,4,Dec 07 2021 01: +0,1638838800
4.91,9,Dec 08 2021 01: +0,1638925200
5.071,4,Dec 09 2021 01: +0,1639011600
4.811,2,Dec 10 2021 01: +0,1639098000
5.514,4,Dec 11 2021 01: +0,1639184400
5.105,4,Dec 12 2021 01: +0,1639270800
5.04,6,Dec 13 2021 01: +0,1639357200
4.82,4,Dec 14 2021 01: +0,1639443600
5.039,8,Dec 15 2021 01: +0,1639530000
5.504,5,Dec 16 2021 01: +0,1639616400
5.053,2,Dec 17 2021 01: +0,1639702800
4.826,5,Dec 18 2021 01: +0,1639789200
4.904,4,Dec 19 2021 01: +0,1639875600
5.288,3,Dec 20 2021 01: +0,1639962000
5.512,1,Dec 21 2021 01: +0,1640048400
5.001,6,Dec 22 2021 01: +0,1640134800
5.107,3,Dec 23 2021 01: +0,1640221200
4.748,10,Dec 24 2021 01: +0,1640307600
5.472,5,Dec 25 2021 01: +0,1640394000
5.166,4,Dec 26 2021 01: +0,1640480400
5.161,4,Dec 27 2021 01: +0,1640566800
5.392,3,Dec 28 2021 01: +0,1640653200
5.528,1,Dec 29 2021 01: +0,1640739600
5.011,6,Dec 30 2021 01: +0,1640826000
4.905,4,Dec 31 2021 01: +0,1640912400
5.404,1,Jan 01 2022 01: +0,1640998800
5.326,3,Jan 02 2022 01: +0,1641085200
5.223,9,Jan 03 2022 01: +0,1641171600
5.027,8,Jan 04 2022 01: +0,1641258000
4.959,7,Jan 05 2022 01: +0,1641344400
5.239,3,Jan 06 2022 01: +0,1641430800
6.729,10,Jan 07 2022 01: +0,1641517200
5.84,6,Jan 08 2022 01: +0,1641603600
4.928,2,Jan 09 2022 01: +0,1641690000
5.316,4,Jan 10 2022 01: +0,1641776400
5.044,6,Jan 11 2022 01: +0,1641862800
5.263,2,Jan 12 2022 01: +0,1641949200
4.891,5,Jan 13 2022 01: +0,1642035600
5.161,6,Jan 14 2022 01: +0,1642122000
5.281,11,Jan 15 2022 01: +0,1642208400
4.892,3,Jan 16 2022 01: +0,1642294800
5.861,3,Jan 17 2022 01: +0,1642381200
6.235,6,Jan 18 2022 01: +0,1642467600
5.604,5,Jan 19 2022 01: +0,1642554000
5.753,5,Jan 20 2022 01: +0,1642640400
5.824,6,Jan 21 2022 01: +0,1642726800
5.726,6,Jan 22 2022 01: +0,1642813200
6.798,4,Jan 23 2022 01: +0,1642899600
7.186,4,Jan 24 2022 01: +0,1642986000
5.919,3,Jan 25 2022 01: +0,1643072400
5.736,2,Jan 26 2022 01: +0,1643158800
5.401,1,Jan 27 2022 01: +0,1643245200
5.655,3,Jan 28 2022 01: +0,1643331600
5.609,2,Jan 29 2022 01: +0,1643418000
4.951,5,Jan 30 2022 01: +0,1643504400
5.209,1,Jan 31 2022 01: +0,1643590800
4.987,8,Feb 01 2022 01: +0,1643677200
5.05,2,Feb 02 2022 01: +0,1643763600
4.955,2,Feb 03 2022 01: +0,1643850000
5.199,7,Feb 04 2022 01: +0,1643936400
5.368,9,Feb 05 2022 01: +0,1644022800
5.224,5,Feb 06 2022 01: +0,1644109200
5.098,6,Feb 07 2022 01: +0,1644195600
5.211,1,Feb 08 2022 01: +0,1644282000
5.522,2,Feb 09 2022 01: +0,1644368400
5.305,4,Feb 10 2022 01: +0,1644454800
5.439,3,Feb 11 2022 01: +0,1644541200
5.186,5,Feb 12 2022 01: +0,1644627600
5.18,6,Feb 13 2022 01: +0,1644714000
5.419,6,Feb 14 2022 01: +0,1644800400
5.195,5,Feb 15 2022 01: +0,1644886800
5.015,6,Feb 16 2022 01: +0,1644973200
5.035,2,Feb 17 2022 01: +0,1645059600
5.318,6,Feb 18 2022 01: +0,1645146000
5.393,5,Feb 19 2022 01: +0,1645232400
5.034,4,Feb 20 2022 01: +0,1645318800
5.108,2,Feb 21 2022 01: +0,1645405200
5.172,6,Feb 22 2022 01: +0,1645491600
4.669,3,Feb 23 2022 01: +0,1645578000
5.113,6,Feb 24 2022 01: +0,1645664400
5.36,2,Feb 25 2022 01: +0,1645750800
4.979,6,Feb 26 2022 01: +0,1645837200
5.013,6,Feb 27 2022 01: +0,1645923600
4.769,3,Feb 28 2022 01: +0,1646010000
4.59,6,Mar 01 2022 01: +0,1646096400
4.936,5,Mar 02 2022 01: +0,1646182800
5.274,9,Mar 03 2022 01: +0,1646269200
5.294,5,Mar 04 2022 01: +0,1646355600
4.696,3,Mar 05 2022 01: +0,1646442000
4.491,6,Mar 06 2022 01: +0,1646528400
4.813,6,Mar 07 2022 01: +0,1646614800
4.828,3,Mar 08 2022 01: +0,1646701200
4.956,5,Mar 09 2022 01: +0,1646787600
4.785,5,Mar 10 2022 01: +0,1646874000
5.161,6,Mar 11 2022 01: +0,1646960400
5.109,7,Mar 12 2022 01: +0,1647046800
5.38,4,Mar 13 2022 01: +0,1647133200
5.383,3,Mar 14 2022 01: +0,1647219600
5.67,1,Mar 15 2022 01: +0,1647306000
5.694,4,Mar 16 2022 01: +0,1647392400
5.996,2,Mar 17 2022 01: +0,1647478800
5.871,3,Mar 18 2022 01: +0,1647565200
5.446,4,Mar 19 2022 01: +0,1647651600
5.478,5,Mar 20 2022 01: +0,1647738000
5.872,3,Mar 21 2022 01: +0,1647824400
5.008,2,Mar 22 2022 01: +0,1647910800
5.48,6,Mar 23 2022 01: +0,1647997200
5.302,2,Mar 24 2022 01: +0,1648083600
5.249,1,Mar 25 2022 01: +0,1648170000
4.962,6,Mar 26 2022 01: +0,1648256400
5.305,3,Mar 27 2022 01: +0,1648342800
5.524,3,Mar 28 2022 01: +0,1648425600
5.406,6,Mar 29 2022 01: +0,1648512000
5.71,2,Mar 30 2022 01: +0,1648598400
5.467,4,Mar 31 2022 01: +0,1648684800
5.438,3,Apr 01 2022 01: +0,1648771200
5.071,1,Apr 02 2022 01: +0,1648857600
5.14,6,Apr 03 2022 01: +0,1648944000
5.499,1,Apr 04 2022 01: +0,1649030400
5.033,2,Apr 05 2022 01: +0,1649116800
5.284,5,Apr 06 2022 01: +0,1649203200
5.729,5,Apr 07 2022 01: +0,1649289600
5.7,2,Apr 08 2022 01: +0,1649376000
5.63,5,Apr 09 2022 01: +0,1649462400
5.762,5,Apr 10 2022 01: +0,1649548800
5.966,3,Apr 11 2022 01: +0,1649635200
6.285,3,Apr 12 2022 01: +0,1649721600
6.315,2,Apr 13 2022 01: +0,1649808000
5.763,3,Apr 14 2022 01: +0,1649894400
6.381,1,Apr 15 2022 01: +0,1649980800
6.173,5,Apr 16 2022 01: +0,1650067200
5.635,5,Apr 17 2022 01: +0,1650153600
6.138,2,Apr 18 2022 01: +0,1650240000
5.311,4,Apr 19 2022 01: +0,1650326400
6.029,8,Apr 20 2022 01: +0,1650412800
6.344,2,Apr 21 2022 01: +0,1650499200
5.849,6,Apr 22 2022 01: +0,1650585600
6.658,7,Apr 23 2022 01: +0,1650672000
7.349,2,Apr 24 2022 01: +0,1650758400
7.366,8,Apr 28 2022 01: +0,1651104000
6.882,1,Apr 29 2022 01: +0,1651190400
5.852,2,Apr 30 2022 01: +0,1651276800
5.827,4,May 01 2022 01: +0,1651363200
6.735,1,May 02 2022 01: +0,1651449600
6.667,2,May 03 2022 01: +0,1651536000
6.39,2,May 04 2022 01: +0,1651622400
6.512,1,May 05 2022 01: +0,1651708800
5.776,3,May 06 2022 01: +0,1651795200
5.393,2,May 07 2022 01: +0,1651881600
5.198,2,May 08 2022 01: +0,1651968000
5.641,2,May 09 2022 01: +0,1652054400
5.858,2,May 10 2022 01: +0,1652140800
6.606,2,May 11 2022 01: +0,1652227200
5.592,1,May 12 2022 01: +0,1652313600
5.984,2,May 13 2022 01: +0,1652400000
5.83,3,May 14 2022 01: +0,1652486400
5.844,2,May 15 2022 01: +0,1652572800
5.917,5,May 16 2022 01: +0,1652659200
5.49,3,May 17 2022 01: +0,1652745600
5.527,4,May 18 2022 01: +0,1652832000
5.393,1,May 19 2022 01: +0,1652918400
6.392,1,May 20 2022 01: +0,1653004800
6.259,3,May 21 2022 01: +0,1653091200
5.434,3,May 22 2022 01: +0,1653177600
5.559,4,May 23 2022 01: +0,1653264000
5.389,6,May 24 2022 01: +0,1653350400
4.341,1,May 25 2022 01: +0,1653436800
5.221,2,May 26 2022 01: +0,1653523200
4.988,6,May 27 2022 01: +0,1653609600
5.108,5,May 28 2022 01: +0,1653696000
5.26,9,May 29 2022 01: +0,1653782400
5.524,4,May 30 2022 01: +0,1653868800
5.656,3,May 31 2022 01: +0,1653955200
5.587,3,Jun 01 2022 01: +0,1654041600
5.049,4,Jun 02 2022 01: +0,1654128000
5.824,10,Jun 03 2022 01: +0,1654214400
5.492,1,Jun 04 2022 01: +0,1654300800
5.294,4,Jun 05 2022 01: +0,1654387200
5.385,5,Jun 06 2022 01: +0,1654473600
5.363,7,Jun 07 2022 01: +0,1654560000
5.553,4,Jun 08 2022 01: +0,1654646400
5.524,7,Jun 09 2022 01: +0,1654732800
5.357,3,Jun 10 2022 01: +0,1654819200
5.323,6,Jun 11 2022 01: +0,1654905600
5.745,2,Jun 12 2022 01: +0,1654992000
5.481,5,Jun 13 2022 01: +0,1655078400
5.698,9,Jun 14 2022 01: +0,1655164800
5.738,3,Jun 15 2022 01: +0,1655251200
5.107,2,Jun 16 2022 01: +0,1655337600
5.788,4,Jun 17 2022 01: +0,1655424000
5.88,4,Jun 18 2022 01: +0,1655510400
6.598,4,Jun 19 2022 01: +0,1655596800
5.275,4,Jun 20 2022 01: +0,1655683200
5.793,3,Jun 21 2022 01: +0,1655769600
5.807,2,Jun 22 2022 01: +0,1655856000
5.551,2,Jun 23 2022 01: +0,1655942400
5.336,4,Jun 24 2022 01: +0,1656028800
6.137,1,Jun 25 2022 01: +0,1656115200
6.05,1,Jun 26 2022 01: +0,1656201600
4.851,7,Jun 27 2022 01: +0,1656288000
5.286,2,Jun 28 2022 01: +0,1656374400
5.476,3,Jun 29 2022 01: +0,1656460800
5.189,3,Jun 30 2022 01: +0,1656547200
5.599,3,Jul 01 2022 01: +0,1656633600
5.917,1,Jul 02 2022 01: +0,1656720000
4.88,2,Jul 03 2022 01: +0,1656806400
4.843,7,Jul 04 2022 01: +0,1656892800
5.288,4,Jul 05 2022 01: +0,1656979200
4.973,6,Jul 06 2022 01: +0,1657065600
5.462,3,Jul 07 2022 01: +0,1657152000
5.463,3,Jul 08 2022 01: +0,1657238400
5.633,1,Jul 09 2022 01: +0,1657324800
5.192,6,Jul 10 2022 01: +0,1657411200
5.31,2,Jul 11 2022 01: +0,1657497600
5.511,5,Jul 12 2022 01: +0,1657584000
5.683,2,Jul 13 2022 01: +0,1657670400
5.945,2,Jul 14 2022 01: +0,1657756800
5.642,5,Jul 15 2022 01: +0,1657843200
5.748,3,Jul 16 2022 01: +0,1657929600
5.596,6,Jul 17 2022 01: +0,1658016000
5.699,3,Jul 18 2022 01: +0,1658102400
5.548,4,Jul 19 2022 01: +0,1658188800
5.805,5,Jul 20 2022 01: +0,1658275200
6.0,4,Jul 21 2022 01: +0,1658361600
5.757,7,Jul 22 2022 01: +0,1658448000
5.857,5,Jul 23 2022 01: +0,1658534400
5.784,7,Jul 24 2022 01: +0,1658620800
5.829,6,Jul 25 2022 01: +0,1658707200
6.275,8,Jul 26 2022 01: +0,1658793600
6.514,3,Jul 27 2022 01: +0,1658880000
6.783,3,Jul 28 2022 01: +0,1658966400
6.73,3,Jul 29 2022 01: +0,1659052800
7.051,2,Jul 30 2022 01: +0,1659139200
6.451,5,Jul 31 2022 01: +0,1659225600
6.155,2,Aug 01 2022 01: +0,1659312000
6.884,2,Aug 02 2022 01: +0,1659398400
6.469,6,Aug 03 2022 01: +0,1659484800
6.406,3,Aug 04 2022 01: +0,1659571200
6.281,3,Aug 05 2022 01: +0,1659657600
6.647,4,Aug 06 2022 01: +0,1659744000
6.104,1,Aug 07 2022 01: +0,1659830400
6.707,3,Aug 08 2022 01: +0,1659916800
6.571,9,Aug 09 2022 01: +0,1660003200
7.13,1,Aug 10 2022 01: +0,1660089600
6.874,5,Aug 11 2022 01: +0,1660176000
6.634,1,Aug 12 2022 01: +0,1660262400
6.957,3,Aug 13 2022 01: +0,1660348800
6.228,3,Aug 14 2022 01: +0,1660435200
6.831,4,Aug 15 2022 01: +0,1660521600
6.465,5,Aug 16 2022 01: +0,1660608000
6.651,7,Aug 17 2022 01: +0,1660694400
6.643,6,Aug 18 2022 01: +0,1660780800
6.555,4,Aug 19 2022 01: +0,1660867200
6.5,3,Aug 20 2022 01: +0,1660953600
6.821,5,Aug 21 2022 01: +0,1661040000
6.356,4,Aug 22 2022 01: +0,1661126400
6.888,5,Aug 23 2022 01: +0,1661212800
5.915,4,Aug 25 2022 01: +0,1661385600
6.358,2,Aug 26 2022 01: +0,1661472000
6.28,7,Aug 27 2022 01: +0,1661558400
7.397,3,Aug 28 2022 01: +0,1661644800
7.224,2,Aug 29 2022 01: +0,1661731200
7.118,2,Aug 30 2022 01: +0,1661817600
6.606,4,Aug 31 2022 01: +0,1661904000
6.464,3,Sep 01 2022 01: +0,1661990400
6.236,8,Sep 02 2022 01: +0,1662076800
5.822,10,Sep 03 2022 01: +0,1662163200
6.403,2,Sep 04 2022 01: +0,1662249600
6.528,6,Sep 05 2022 01: +0,1662336000
6.478,2,Sep 06 2022 01: +0,1662422400
5.929,4,Sep 07 2022 01: +0,1662508800
6.606,3,Sep 08 2022 01: +0,1662595200
6.629,5,Sep 09 2022 01: +0,1662681600
6.761,6,Sep 10 2022 01: +0,1662768000
6.725,4,Sep 11 2022 01: +0,1662854400
6.7,1,Sep 12 2022 01: +0,1662940800
6.919,2,Sep 13 2022 01: +0,1663027200
6.348,2,Sep 14 2022 01: +0,1663113600
6.331,9,Sep 15 2022 01: +0,1663200000
6.556,2,Sep 16 2022 01: +0,1663286400
6.605,7,Sep 17 2022 01: +0,1663372800
6.179,1,Sep 18 2022 01: +0,1663459200
6.379,4,Sep 19 2022 01: +0,1663545600
5.805,4,Sep 20 2022 01: +0,1663632000
6.49,4,Sep 21 2022 01: +0,1663718400
5.95,2,Sep 22 2022 01: +0,1663804800
6.513,2,Sep 23 2022 01: +0,1663891200
6.054,8,Sep 24 2022 01: +0,1663977600
5.818,3,Sep 25 2022 01: +0,1664064000
5.728,4,Sep 26 2022 01: +0,1664150400
5.447,4,Sep 27 2022 01: +0,1664236800
5.481,2,Sep 28 2022 01: +0,1664323200
5.312,3,Sep 29 2022 01: +0,1664409600
5.924,4,Sep 30 2022 01: +0,1664496000
5.931,5,Oct 01 2022 01: +0,1664582400
5.886,6,Oct 02 2022 01: +0,1664668800
5.906,5,Oct 03 2022 01: +0,1664755200
6.684,7,Oct 04 2022 01: +0,1664841600
6.775,4,Oct 05 2022 01: +0,1664928000
6.989,3,Oct 06 2022 01: +0,1665014400
6.373,5,Oct 07 2022 01: +0,1665100800
6.436,6,Oct 08 2022 01: +0,1665187200
6.481,4,Oct 09 2022 01: +0,1665273600
6.299,7,Oct 10 2022 01: +0,1665360000
6.632,5,Oct 11 2022 01: +0,1665446400
6.727,4,Oct 12 2022 01: +0,1665532800
6.731,7,Oct 13 2022 01: +0,1665619200
6.485,6,Oct 14 2022 01: +0,1665705600
6.625,3,Oct 15 2022 01: +0,1665792000
6.29,8,Oct 16 2022 01: +0,1665878400
6.138,1,Oct 17 2022 01: +0,1665964800
6.674,4,Oct 18 2022 01: +0,1666051200
6.365,7,Oct 19 2022 01: +0,1666137600
6.704,2,Oct 20 2022 01: +0,1666224000
6.503,3,Oct 21 2022 01: +0,1666310400
5.899,7,Oct 22 2022 01: +0,1666396800
6.442,1,Oct 23 2022 01: +0,1666483200
5.49,3,Oct 24 2022 01: +0,1666569600
5.739,3,Oct 25 2022 01: +0,1666656000
5.81,4,Oct 26 2022 01: +0,1666742400
5.546,6,Oct 27 2022 01: +0,1666828800
5.47,3,Oct 28 2022 01: +0,1666915200
5.764,1,Oct 29 2022 01: +0,1667001600
5.453,6,Oct 30 2022 01: +0,1667088000
5.692,6,Oct 31 2022 01: +0,1667178000
5.684,4,Nov 01 2022 01: +0,1667264400
5.729,3,Nov 02 2022 01: +0,1667350800
5.107,2,Nov 03 2022 01: +0,1667437200
5.614,1,Nov 04 2022 01: +0,1667523600
5.909,6,Nov 05 2022 01: +0,1667610000
6.093,4,Nov 06 2022 01: +0,1667696400
5.948,5,Nov 07 2022 01: +0,1667782800
5.906,4,Nov 08 2022 01: +0,1667869200
6.589,4,Nov 09 2022 01: +0,1667955600
6.566,2,Nov 10 2022 01: +0,1668042000
6.055,4,Nov 11 2022 01: +0,1668128400
5.674,6,Nov 12 2022 01: +0,1668214800
5.463,8,Nov 13 2022 01: +0,1668301200
5.438,11,Nov 14 2022 01: +0,1668387600
6.044,4,Nov 15 2022 01: +0,1668474000
6.035,4,Nov 16 2022 01: +0,1668560400
5.846,1,Nov 17 2022 01: +0,1668646800
5.478,5,Nov 18 2022 01: +0,1668733200
6.259,5,Nov 19 2022 01: +0,1668819600
5.907,7,Nov 20 2022 01: +0,1668906000
6.151,4,Nov 21 2022 01: +0,1668992400
6.547,4,Nov 22 2022 01: +0,1669078800
5.728,10,Nov 23 2022 01: +0,1669165200
5.188,4,Nov 24 2022 01: +0,1669251600
5.028,6,Nov 25 2022 01: +0,1669338000
5.5,5,Nov 26 2022 01: +0,1669424400
5.434,5,Nov 27 2022 01: +0,1669510800
5.273,3,Nov 28 2022 01: +0,1669597200
5.378,1,Nov 29 2022 01: +0,1669683600
5.485,4,Nov 30 2022 01: +0,1669770000
5.781,6,Dec 01 2022 01: +0,1669856400
5.648,2,Dec 02 2022 01: +0,1669942800
5.917,11,Dec 03 2022 01: +0,1670029200
5.881,6,Dec 04 2022 01: +0,1670115600
6.08,7,Dec 05 2022 01: +0,1670202000
6.361,5,Dec 06 2022 01: +0,1670288400
6.379,2,Dec 07 2022 01: +0,1670374800
6.039,5,Dec 08 2022 01: +0,1670461200
6.685,4,Dec 09 2022 01: +0,1670547600
5.314,10,Dec 10 2022 01: +0,1670634000
6.259,5,Dec 11 2022 01: +0,1670720400
6.735,4,Dec 12 2022 01: +0,1670806800
6.636,5,Dec 14 2022 01: +0,1670979600
6.353,7,Dec 15 2022 01: +0,1671066000
7.451,7,Dec 16 2022 01: +0,1671152400
6.771,2,Dec 17 2022 01: +0,1671238800
6.373,3,Dec 18 2022 01: +0,1671325200
6.506,3,Dec 19 2022 01: +0,1671411600
6.892,5,Dec 20 2022 01: +0,1671498000
6.276,5,Dec 21 2022 01: +0,1671584400
6.116,5,Dec 22 2022 01: +0,1671670800
6.277,10,Dec 23 2022 01: +0,1671757200
6.558,3,Dec 24 2022 01: +0,1671843600
6.694,5,Dec 25 2022 01: +0,1671930000
6.458,9,Dec 26 2022 01: +0,1672016400
6.513,6,Dec 27 2022 01: +0,1672102800
6.814,7,Dec 28 2022 01: +0,1672189200
6.377,3,Dec 29 2022 01: +0,1672275600
6.682,9,Dec 30 2022 01: +0,1672362000
7.017,3,Dec 31 2022 01: +0,1672448400
6.946,6,Jan 01 2023 01: +0,1672534800
6.253,4,Jan 02 2023 01: +0,1672621200
6.131,4,Jan 03 2023 01: +0,1672707600
6.168,6,Jan 04 2023 01: +0,1672794000
6.519,4,Jan 05 2023 01: +0,1672880400
6.006,9,Jan 06 2023 01: +0,1672966800
6.537,4,Jan 07 2023 01: +0,1673053200
6.119,1,Jan 08 2023 01: +0,1673139600
6.441,5,Jan 09 2023 01: +0,1673226000
6.789,6,Jan 10 2023 01: +0,1673312400
6.757,7,Jan 11 2023 01: +0,1673398800
7.631,4,Jan 12 2023 01: +0,1673485200
7.617,6,Jan 13 2023 01: +0,1673571600
7.457,7,Jan 14 2023 01: +0,1673658000
7.787,5,Jan 15 2023 01: +0,1673744400
7.535,7,Jan 16 2023 01: +0,1673830800
7.606,3,Jan 17 2023 01: +0,1673917200
7.018,3,Jan 18 2023 01: +0,1674003600
7.519,8,Jan 19 2023 01: +0,1674090000
7.924,4,Jan 20 2023 01: +0,1674176400
7.805,7,Jan 21 2023 01: +0,1674262800
7.923,6,Jan 22 2023 01: +0,1674349200
8.041,6,Jan 23 2023 01: +0,1674435600
7.722,5,Jan 24 2023 01: +0,1674522000
7.964,2,Jan 25 2023 01: +0,1674608400
8.461,2,Jan 26 2023 01: +0,1674694800
7.822,3,Jan 27 2023 01: +0,1674781200
8.259,6,Jan 28 2023 01: +0,1674867600
9.323,2,Jan 29 2023 01: +0,1674954000
7.439,4,Jan 30 2023 01: +0,1675040400
7.875,5,Jan 31 2023 01: +0,1675126800
8.463,5,Feb 01 2023 01: +0,1675213200
8.181,2,Feb 02 2023 01: +0,1675299600
8.118,1,Feb 03 2023 01: +0,1675386000
8.26,3,Feb 04 2023 01: +0,1675472400
8.371,5,Feb 05 2023 01: +0,1675558800
8.586,4,Feb 06 2023 01: +0,1675645200
7.961,6,Feb 07 2023 01: +0,1675731600
7.69,3,Feb 08 2023 01: +0,1675818000
8.285,3,Feb 09 2023 01: +0,1675904400
8.225,4,Feb 10 2023 01: +0,1675990800
8.189,7,Feb 11 2023 01: +0,1676077200
8.157,4,Feb 12 2023 01: +0,1676163600
8.662,6,Feb 13 2023 01: +0,1676250000
7.896,2,Feb 14 2023 01: +0,1676336400
8.106,1,Feb 14 2023 22: +0,1676412000
7.867,1,Feb 15 2023 05: +0,1676437200
8.028,1,Feb 15 2023 07: +0,1676444400
8.708,1,Feb 15 2023 09: +0,1676451600
8.04,1,Feb 15 2023 14: +0,1676469600
8.024,1,Feb 15 2023 16: +0,1676476800
7.97,2,Feb 15 2023 19: +0,1676487600
9.17,1,Feb 15 2023 21: +0,1676494800
7.585,1,Feb 16 2023 05: +0,1676523600
7.701,1,Feb 16 2023 15: +0,1676559600
7.742,1,Feb 16 2023 16: +0,1676563200
7.3,2,Feb 16 2023 19: +0,1676574000
8.806,1,Feb 18 2023 06: +0,1676700000
7.79,1,Feb 18 2023 14: +0,1676728800
8.66,1,Feb 18 2023 15: +0,1676732400
9.132,1,Feb 18 2023 17: +0,1676739600
6.388,1,Feb 19 2023 00: +0,1676764800
7.089,1,Feb 19 2023 08: +0,1676793600
8.942,1,Feb 19 2023 09: +0,1676797200
8.943,1,Feb 19 2023 17: +0,1676826000
8.897,1,Feb 19 2023 20: +0,1676836800
7.933,1,Feb 19 2023 23: +0,1676847600
7.61,1,Feb 20 2023 15: +0,1676905200
7.775,1,Feb 21 2023 00: +0,1676937600
7.788,1,Feb 21 2023 04: +0,1676952000
7.734,1,Feb 21 2023 05: +0,1676955600
8.875,1,Feb 21 2023 17: +0,1676998800
7.709,1,Feb 22 2023 10: +0,1677060000
7.832,1,Feb 22 2023 13: +0,1677070800
7.767,1,Feb 22 2023 14: +0,1677074400
7.197,1,Feb 22 2023 18: +0,1677088800
7.688,2,Feb 23 2023 01: +0,1677114000
7.718,1,Feb 23 2023 10: +0,1677146400
8.823,2,Feb 23 2023 13: +0,1677157200
8.949,1,Feb 23 2023 20: +0,1677182400
7.014,1,Feb 24 2023 00: +0,1677196800
7.702,1,Feb 24 2023 01: +0,1677200400
7.097,1,Feb 24 2023 12: +0,1677240000
7.775,1,Feb 24 2023 18: +0,1677261600
7.585,1,Feb 25 2023 18: +0,1677348000
7.436,1,Feb 25 2023 20: +0,1677355200
7.775,1,Feb 25 2023 23: +0,1677366000
7.963,1,Feb 26 2023 07: +0,1677394800
7.065,1,Feb 26 2023 14: +0,1677420000
7.642,1,Feb 26 2023 15: +0,1677423600
7.139,1,Feb 26 2023 19: +0,1677438000
8.255,1,Feb 26 2023 22: +0,1677448800
6.849,1,Feb 26 2023 23: +0,1677452400
8.257,1,Feb 27 2023 03: +0,1677466800
7.303,1,Feb 27 2023 16: +0,1677513600
8.254,1,Feb 27 2023 18: +0,1677520800
7.423,1,Feb 27 2023 20: +0,1677528000
7.57,1,Feb 28 2023 03: +0,1677553200
8.206,1,Feb 28 2023 07: +0,1677567600
7.196,1,Feb 28 2023 09: +0,1677574800
8.286,1,Feb 28 2023 15: +0,1677596400
7.759,1,Feb 28 2023 17: +0,1677603600
8.585,1,Feb 28 2023 19: +0,1677610800
7.72,1,Mar 01 2023 07: +0,1677654000
8.552,1,Mar 01 2023 11: +0,1677668400
7.159,2,Mar 01 2023 14: +0,1677679200
7.718,2,Mar 01 2023 15: +0,1677682800
7.456,1,Mar 01 2023 19: +0,1677697200
8.242,1,Mar 01 2023 20: +0,1677700800
8.297,1,Mar 02 2023 11: +0,1677754800
8.098,1,Mar 02 2023 18: +0,1677780000
8.214,2,Mar 03 2023 05: +0,1677819600
8.111,1,Mar 03 2023 12: +0,1677844800
7.56,1,Mar 03 2023 13: +0,1677848400
7.13,1,Mar 03 2023 14: +0,1677852000
8.067,1,Mar 03 2023 17: +0,1677862800
8.09,1,Mar 03 2023 19: +0,1677870000
8.441,1,Mar 03 2023 21: +0,1677877200
8.332,1,Mar 04 2023 00: +0,1677888000
7.665,1,Mar 04 2023 01: +0,1677891600
8.701,3,Mar 04 2023 09: +0,1677920400
8.429,1,Mar 04 2023 12: +0,1677931200
8.726,1,Mar 04 2023 20: +0,1677960000
8.759,1,Mar 05 2023 08: +0,1678003200
8.427,1,Mar 05 2023 16: +0,1678032000
8.608,1,Mar 05 2023 19: +0,1678042800
8.809,1,Mar 05 2023 20: +0,1678046400
8.561,1,Mar 06 2023 10: +0,1678096800
7.552,1,Mar 06 2023 16: +0,1678118400
7.61,1,Mar 06 2023 20: +0,1678132800
8.902,2,Mar 06 2023 21: +0,1678136400
8.951,1,Mar 06 2023 23: +0,1678143600
8.894,1,Mar 07 2023 18: +0,1678212000
8.388,1,Mar 08 2023 07: +0,1678258800
7.61,1,Mar 08 2023 08: +0,1678262400
8.33,2,Mar 08 2023 10: +0,1678269600
8.288,1,Mar 08 2023 13: +0,1678280400
8.883,2,Mar 08 2023 16: +0,1678291200
9.332,1,Mar 08 2023 19: +0,1678302000
8.379,1,Mar 09 2023 08: +0,1678348800
8.272,3,Mar 09 2023 09: +0,1678352400
8.535,1,Mar 09 2023 14: +0,1678370400
6.707,1,Mar 09 2023 15: +0,1678374000
8.538,1,Mar 09 2023 16: +0,1678377600
8.535,1,Mar 09 2023 19: +0,1678388400
8.61,1,Mar 09 2023 22: +0,1678399200
9.065,1,Mar 10 2023 04: +0,1678420800
9.074,1,Mar 10 2023 06: +0,1678428000
8.554,2,Mar 10 2023 08: +0,1678435200
9.016,1,Mar 10 2023 13: +0,1678453200
9.049,1,Mar 10 2023 16: +0,1678464000
7.61,1,Mar 10 2023 19: +0,1678474800
9.591,1,Mar 10 2023 21: +0,1678482000
9.006,1,Mar 11 2023 02: +0,1678500000
9.169,1,Mar 11 2023 07: +0,1678518000
8.975,1,Mar 11 2023 10: +0,1678528800
8.676,1,Mar 11 2023 14: +0,1678543200
8.852,2,Mar 11 2023 15: +0,1678546800
7.935,1,Mar 11 2023 18: +0,1678557600
8.01,1,Mar 11 2023 20: +0,1678564800
8.66,1,Mar 12 2023 07: +0,1678604400
8.893,1,Mar 12 2023 11: +0,1678618800
8.57,3,Mar 12 2023 16: +0,1678636800
8.692,1,Mar 13 2023 12: +0,1678708800
8.404,1,Mar 13 2023 13: +0,1678712400
9.368,1,Mar 13 2023 18: +0,1678730400
8.655,3,Mar 13 2023 22: +0,1678744800
8.662,1,Mar 14 2023 05: +0,1678770000
6.33,1,Mar 14 2023 10: +0,1678788000
8.756,2,Mar 14 2023 14: +0,1678802400
8.652,1,Mar 14 2023 16: +0,1678809600
9.014,1,Mar 14 2023 17: +0,1678813200
8.938,1,Mar 14 2023 22: +0,1678831200
8.83,1,Mar 15 2023 21: +0,1678914000
8.597,1,Mar 16 2023 01: +0,1678928400
8.556,1,Mar 16 2023 13: +0,1678971600
8.457,2,Mar 16 2023 15: +0,1678978800
8.597,1,Mar 16 2023 16: +0,1678982400
8.697,1,Mar 16 2023 17: +0,1678986000
8.158,1,Mar 16 2023 21: +0,1679000400
8.522,1,Mar 17 2023 12: +0,1679054400
8.522,1,Mar 17 2023 19: +0,1679079600
8.548,1,Mar 17 2023 21: +0,1679086800
8.281,1,Mar 18 2023 08: +0,1679126400
7.689,1,Mar 18 2023 13: +0,1679144400
8.149,2,Mar 18 2023 16: +0,1679155200
8.197,2,Mar 18 2023 19: +0,1679166000
7.511,1,Mar 19 2023 06: +0,1679205600
7.754,2,Mar 19 2023 16: +0,1679241600
7.274,1,Mar 19 2023 21: +0,1679259600
7.583,1,Mar 20 2023 10: +0,1679306400
7.935,1,Mar 20 2023 13: +0,1679317200
7.932,1,Mar 20 2023 17: +0,1679331600
7.519,1,Mar 20 2023 19: +0,1679338800
7.498,1,Mar 21 2023 21: +0,1679432400
6.787,1,Mar 22 2023 04: +0,1679457600
7.711,1,Mar 22 2023 10: +0,1679479200
7.759,1,Mar 22 2023 14: +0,1679493600
7.678,1,Mar 22 2023 17: +0,1679504400
7.474,1,Mar 22 2023 19: +0,1679511600
7.772,1,Mar 22 2023 20: +0,1679515200
7.711,1,Mar 22 2023 21: +0,1679518800
7.777,1,Mar 23 2023 08: +0,1679558400
8.286,1,Mar 23 2023 13: +0,1679576400
0.752,1,Mar 23 2023 19: +0,1679598000
8.385,1,Mar 24 2023 08: +0,1679644800
8.385,1,Mar 24 2023 09: +0,1679648400
8.18,2,Mar 24 2023 10: +0,1679652000
8.52,1,Mar 24 2023 12: +0,1679659200
8.47,1,Mar 24 2023 14: +0,1679666400
7.905,1,Mar 24 2023 23: +0,1679698800
8.216,1,Mar 25 2023 00: +0,1679702400
8.121,2,Mar 25 2023 16: +0,1679760000
8.467,1,Mar 25 2023 21: +0,1679778000
7.787,1,Mar 25 2023 23: +0,1679785200
8.469,1,Mar 26 2023 00: +0,1679788800
7.848,1,Mar 26 2023 03: +0,1679796000
7.848,1,Mar 26 2023 10: +0,1679821200
8.187,1,Mar 26 2023 11: +0,1679824800
8.16,1,Mar 26 2023 17: +0,1679846400
8.675,1,Mar 26 2023 19: +0,1679853600
8.771,1,Mar 26 2023 20: +0,1679857200
7.855,1,Mar 26 2023 21: +0,1679860800
8.414,1,Mar 27 2023 08: +0,1679900400
8.947,1,Mar 27 2023 12: +0,1679914800
8.982,1,Mar 27 2023 14: +0,1679922000
9.381,1,Mar 27 2023 15: +0,1679925600
8.157,1,Mar 27 2023 20: +0,1679943600
8.742,1,Mar 27 2023 21: +0,1679947200
7.666,2,Mar 28 2023 04: +0,1679972400
8.182,1,Mar 28 2023 09: +0,1679990400
8.288,1,Mar 28 2023 13: +0,1680004800
8.01,1,Mar 28 2023 14: +0,1680008400
8.861,1,Mar 28 2023 18: +0,1680022800
7.928,1,Mar 28 2023 21: +0,1680033600
7.848,1,Mar 28 2023 22: +0,1680037200
8.925,1,Mar 28 2023 23: +0,1680040800
8.739,1,Mar 29 2023 00: +0,1680044400
7.009,1,Mar 29 2023 08: +0,1680073200
7.624,3,Mar 29 2023 13: +0,1680091200
7.912,1,Mar 29 2023 18: +0,1680109200
7.946,1,Mar 29 2023 23: +0,1680127200
8.529,1,Mar 30 2023 09: +0,1680163200
7.774,2,Mar 30 2023 22: +0,1680210000
7.93,1,Mar 31 2023 00: +0,1680217200
7.865,1,Mar 31 2023 07: +0,1680242400
7.71,1,Mar 31 2023 09: +0,1680249600
7.93,1,Mar 31 2023 13: +0,1680264000
7.58,1,Mar 31 2023 18: +0,1680282000
7.841,1,Mar 31 2023 21: +0,1680292800
7.484,1,Mar 31 2023 22: +0,1680296400
7.809,1,Mar 31 2023 23: +0,1680300000
7.817,1,Apr 01 2023 12: +0,1680346800
9.358,1,Apr 01 2023 14: +0,1680354000
7.884,1,Apr 01 2023 20: +0,1680375600
7.151,2,Apr 01 2023 21: +0,1680379200
7.071,1,Apr 02 2023 11: +0,1680429600
7.524,1,Apr 02 2023 16: +0,1680447600
7.669,2,Apr 02 2023 20: +0,1680462000
7.651,2,Apr 02 2023 23: +0,1680472800
7.437,1,Apr 03 2023 04: +0,1680490800
7.884,1,Apr 03 2023 13: +0,1680523200
8.351,1,Apr 03 2023 14: +0,1680526800
8.091,1,Apr 03 2023 17: +0,1680537600
8.407,1,Apr 03 2023 20: +0,1680548400
7.44,1,Apr 03 2023 21: +0,1680552000
7.324,1,Apr 04 2023 11: +0,1680602400
6.43,1,Apr 04 2023 14: +0,1680613200
7.57,1,Apr 04 2023 18: +0,1680627600
7.106,1,Apr 04 2023 21: +0,1680638400
7.587,1,Apr 05 2023 04: +0,1680663600
7.57,1,Apr 05 2023 11: +0,1680688800
7.856,2,Apr 05 2023 17: +0,1680710400
8.246,1,Apr 05 2023 18: +0,1680714000
8.821,1,Apr 05 2023 20: +0,1680721200
9.458,2,Apr 05 2023 21: +0,1680724800
7.1,1,Apr 05 2023 22: +0,1680728400
9.901,1,Apr 06 2023 00: +0,1680735600
9.543,1,Apr 06 2023 10: +0,1680771600
8.051,1,Apr 06 2023 11: +0,1680775200
7.882,1,Apr 06 2023 17: +0,1680796800
7.721,1,Apr 07 2023 00: +0,1680822000
10.366,1,Apr 07 2023 04: +0,1680836400
7.52,1,Apr 07 2023 16: +0,1680879600
8.62,2,Apr 07 2023 23: +0,1680904800
10.177,1,Apr 08 2023 02: +0,1680915600
7.83,1,Apr 08 2023 12: +0,1680951600
9.607,1,Apr 08 2023 19: +0,1680976800
8.064,1,Apr 09 2023 07: +0,1681020000
7.951,1,Apr 09 2023 09: +0,1681027200
7.943,1,Apr 09 2023 18: +0,1681059600
9.116,1,Apr 09 2023 21: +0,1681070400
8.109,1,Apr 10 2023 10: +0,1681117200
8.115,1,Apr 10 2023 11: +0,1681120800
8.445,1,Apr 10 2023 12: +0,1681124400
7.758,1,Apr 10 2023 17: +0,1681142400
7.535,1,Apr 10 2023 18: +0,1681146000
7.663,1,Apr 10 2023 20: +0,1681153200
7.52,1,Apr 11 2023 03: +0,1681178400
7.883,1,Apr 11 2023 08: +0,1681196400
8.446,1,Apr 11 2023 11: +0,1681207200
7.508,1,Apr 11 2023 12: +0,1681210800
8.364,1,Apr 11 2023 13: +0,1681214400
7.944,2,Apr 11 2023 20: +0,1681239600
7.812,1,Apr 11 2023 23: +0,1681250400
7.493,1,Apr 12 2023 03: +0,1681264800
7.87,1,Apr 12 2023 05: +0,1681272000
7.869,1,Apr 12 2023 06: +0,1681275600
7.877,1,Apr 12 2023 07: +0,1681279200
8.331,1,Apr 12 2023 10: +0,1681290000
7.958,2,Apr 12 2023 17: +0,1681315200
7.56,1,Apr 12 2023 18: +0,1681318800
8.497,1,Apr 12 2023 20: +0,1681326000
7.57,1,Apr 12 2023 23: +0,1681336800
7.914,1,Apr 13 2023 19: +0,1681408800
7.733,1,Apr 13 2023 20: +0,1681412400
7.889,1,Apr 14 2023 18: +0,1681491600
8.687,1,Apr 15 2023 04: +0,1681527600
8.115,1,Apr 15 2023 10: +0,1681549200
8.334,1,Apr 15 2023 21: +0,1681588800
8.423,2,Apr 15 2023 22: +0,1681592400
7.909,1,Apr 16 2023 00: +0,1681599600
7.785,1,Apr 16 2023 03: +0,1681610400
8.043,1,Apr 16 2023 20: +0,1681671600
8.737,1,Apr 16 2023 23: +0,1681682400
8.246,1,Apr 17 2023 03: +0,1681696800
8.945,1,Apr 17 2023 08: +0,1681714800
8.222,1,Apr 17 2023 10: +0,1681722000
8.546,1,Apr 17 2023 17: +0,1681747200
9.062,2,Apr 17 2023 21: +0,1681761600
7.906,1,Apr 17 2023 23: +0,1681768800
9.127,1,Apr 18 2023 08: +0,1681801200
8.217,1,Apr 18 2023 17: +0,1681833600
9.267,3,Apr 18 2023 22: +0,1681851600
9.694,1,Apr 19 2023 03: +0,1681869600
7.628,1,Apr 19 2023 20: +0,1681930800
8.471,1,Apr 19 2023 21: +0,1681934400
8.232,2,Apr 19 2023 22: +0,1681938000
8.53,1,Apr 20 2023 03: +0,1681956000
8.48,1,Apr 20 2023 06: +0,1681966800
9.266,1,Apr 20 2023 07: +0,1681970400
8.43,1,Apr 20 2023 11: +0,1681984800
8.287,2,Apr 20 2023 16: +0,1682002800
8.546,1,Apr 20 2023 20: +0,1682017200
8.275,1,Apr 20 2023 22: +0,1682024400
8.333,1,Apr 21 2023 07: +0,1682056800
9.22,1,Apr 21 2023 10: +0,1682067600
9.352,3,Apr 21 2023 13: +0,1682078400
9.937,2,Apr 21 2023 22: +0,1682110800
10.469,1,Apr 22 2023 01: +0,1682121600
11.609,2,Apr 22 2023 08: +0,1682146800
10.667,1,Apr 22 2023 09: +0,1682150400
8.839,1,Apr 22 2023 14: +0,1682168400
8.833,1,Apr 22 2023 17: +0,1682179200
9.931,1,Apr 22 2023 19: +0,1682186400
9.071,1,Apr 23 2023 15: +0,1682258400
8.695,1,Apr 23 2023 16: +0,1682262000
8.624,1,Apr 23 2023 20: +0,1682276400
8.966,2,Apr 23 2023 21: +0,1682280000
9.957,1,Apr 24 2023 01: +0,1682294400
8.926,1,Apr 24 2023 08: +0,1682319600
8.813,1,Apr 24 2023 11: +0,1682330400
9.169,1,Apr 24 2023 12: +0,1682334000
8.501,1,Apr 24 2023 16: +0,1682348400
7.937,1,Apr 24 2023 18: +0,1682355600
8.668,2,Apr 24 2023 19: +0,1682359200
8.855,1,Apr 25 2023 02: +0,1682384400
8.63,1,Apr 25 2023 05: +0,1682395200
8.775,2,Apr 25 2023 11: +0,1682416800
8.63,1,Apr 25 2023 15: +0,1682431200
10.014,1,Apr 25 2023 18: +0,1682442000
10.023,1,Apr 25 2023 20: +0,1682449200
8.482,1,Apr 26 2023 02: +0,1682470800
10.014,1,Apr 26 2023 08: +0,1682492400
8.548,1,Apr 26 2023 14: +0,1682514000
8.541,1,Apr 26 2023 16: +0,1682521200
7.543,1,Apr 27 2023 07: +0,1682575200
7.901,2,Apr 27 2023 12: +0,1682593200
9.167,1,Apr 27 2023 23: +0,1682632800
9.241,1,Apr 28 2023 02: +0,1682643600
9.315,2,Apr 28 2023 03: +0,1682647200
9.557,1,Apr 28 2023 04: +0,1682650800
7.798,2,Apr 28 2023 12: +0,1682679600
10.042,1,Apr 28 2023 22: +0,1682715600
9.279,1,Apr 29 2023 09: +0,1682755200
8.026,1,Apr 30 2023 02: +0,1682816400
9.199,1,Apr 30 2023 04: +0,1682823600
7.023,1,Apr 30 2023 06: +0,1682830800
9.215,1,Apr 30 2023 07: +0,1682834400
6.531,1,Apr 30 2023 17: +0,1682870400
7.996,1,Apr 30 2023 18: +0,1682874000
8.093,1,May 01 2023 01: +0,1682899200
8.071,1,May 01 2023 10: +0,1682931600
7.855,1,May 01 2023 14: +0,1682946000
7.351,1,May 01 2023 19: +0,1682964000
7.019,2,May 01 2023 20: +0,1682967600
9.293,1,May 01 2023 21: +0,1682971200
7.336,1,May 01 2023 23: +0,1682978400
9.234,1,May 02 2023 05: +0,1683000000
7.682,1,May 02 2023 18: +0,1683046800
7.814,2,May 03 2023 07: +0,1683093600
7.591,1,May 03 2023 11: +0,1683108000
8.109,1,May 03 2023 15: +0,1683122400
7.655,1,May 03 2023 17: +0,1683129600
8.109,1,May 03 2023 18: +0,1683133200
7.585,1,May 03 2023 20: +0,1683140400
7.203,1,May 04 2023 00: +0,1683154800
7.943,1,May 04 2023 01: +0,1683158400
8.149,1,May 04 2023 03: +0,1683165600
7.663,1,May 04 2023 09: +0,1683187200
7.633,1,May 04 2023 13: +0,1683201600
8.807,1,May 04 2023 17: +0,1683216000
8.895,1,May 04 2023 19: +0,1683223200
9.031,1,May 04 2023 23: +0,1683237600
7.578,1,May 05 2023 00: +0,1683241200
8.648,1,May 05 2023 04: +0,1683255600
7.423,1,May 05 2023 10: +0,1683277200
7.184,1,May 05 2023 12: +0,1683284400
7.135,1,May 05 2023 15: +0,1683295200
7.172,1,May 05 2023 19: +0,1683309600
6.986,1,May 05 2023 23: +0,1683324000
7.248,1,May 06 2023 00: +0,1683327600
7.259,1,May 06 2023 01: +0,1683331200
7.522,1,May 06 2023 06: +0,1683349200
8.022,1,May 06 2023 07: +0,1683352800
6.846,2,May 06 2023 18: +0,1683392400
8.034,1,May 06 2023 19: +0,1683396000
7.02,1,May 07 2023 02: +0,1683421200
7.431,1,May 07 2023 09: +0,1683446400
6.849,1,May 07 2023 21: +0,1683489600
8.064,1,May 08 2023 00: +0,1683500400
7.135,1,May 08 2023 11: +0,1683540000
8.06,1,May 08 2023 15: +0,1683554400
7.134,1,May 08 2023 17: +0,1683561600
6.962,1,May 08 2023 19: +0,1683568800
7.522,1,May 09 2023 00: +0,1683586800
6.975,1,May 09 2023 01: +0,1683590400
6.566,1,May 09 2023 11: +0,1683626400
7.221,2,May 09 2023 14: +0,1683637200
7.571,1,May 09 2023 15: +0,1683640800
7.68,1,May 09 2023 19: +0,1683655200
8.033,2,May 09 2023 20: +0,1683658800
8.119,1,May 09 2023 23: +0,1683669600
8.196,1,May 10 2023 07: +0,1683698400
8.654,1,May 10 2023 10: +0,1683709200
8.691,1,May 11 2023 03: +0,1683770400
8.007,2,May 11 2023 21: +0,1683835200
8.725,1,May 12 2023 01: +0,1683849600
8.837,1,May 12 2023 03: +0,1683856800
7.436,1,May 12 2023 13: +0,1683892800
7.228,1,May 12 2023 18: +0,1683910800
6.977,1,May 12 2023 19: +0,1683914400
7.412,1,May 12 2023 20: +0,1683918000
7.388,1,May 13 2023 00: +0,1683932400
8.183,1,May 13 2023 08: +0,1683961200
7.364,1,May 13 2023 13: +0,1683979200
8.07,1,May 13 2023 14: +0,1683982800
7.989,1,May 13 2023 17: +0,1683993600
7.374,1,May 13 2023 20: +0,1684004400
7.707,2,May 13 2023 21: +0,1684008000
7.687,1,May 13 2023 22: +0,1684011600
6.985,1,May 14 2023 05: +0,1684036800
6.965,1,May 14 2023 07: +0,1684044000
8.105,1,May 14 2023 11: +0,1684058400
8.171,1,May 14 2023 16: +0,1684076400
7.404,1,May 14 2023 17: +0,1684080000
8.167,1,May 14 2023 18: +0,1684083600
6.965,1,May 14 2023 21: +0,1684094400
7.404,1,May 15 2023 06: +0,1684126800
8.292,1,May 15 2023 14: +0,1684155600
8.355,1,May 16 2023 03: +0,1684202400
8.391,1,May 16 2023 08: +0,1684220400
8.233,1,May 16 2023 12: +0,1684234800
6.96,1,May 17 2023 02: +0,1684285200
6.968,1,May 17 2023 04: +0,1684292400
6.968,1,May 17 2023 06: +0,1684299600
6.752,1,May 17 2023 11: +0,1684317600
5.993,1,May 17 2023 17: +0,1684339200
6.992,1,May 17 2023 22: +0,1684357200
6.992,1,May 17 2023 23: +0,1684360800
7.16,2,May 18 2023 09: +0,1684396800
7.811,1,May 18 2023 12: +0,1684407600
7.177,1,May 18 2023 15: +0,1684418400
8.159,1,May 18 2023 20: +0,1684436400
8.211,1,May 19 2023 08: +0,1684479600
8.047,1,May 19 2023 09: +0,1684483200
8.314,2,May 19 2023 13: +0,1684497600
8.581,1,May 19 2023 17: +0,1684512000
7.558,1,May 20 2023 00: +0,1684537200
8.643,1,May 20 2023 05: +0,1684555200
7.558,1,May 20 2023 20: +0,1684609200
8.045,1,May 20 2023 21: +0,1684612800
8.015,1,May 21 2023 00: +0,1684623600
8.555,1,May 21 2023 02: +0,1684630800
7.581,1,May 21 2023 08: +0,1684652400
7.611,1,May 21 2023 14: +0,1684674000
8.586,1,May 21 2023 16: +0,1684681200
8.576,1,May 21 2023 19: +0,1684692000
7.531,1,May 21 2023 20: +0,1684695600
7.595,1,May 22 2023 00: +0,1684710000
8.576,1,May 22 2023 05: +0,1684728000
8.093,1,May 22 2023 17: +0,1684771200
8.471,1,May 22 2023 22: +0,1684789200
7.989,1,May 22 2023 23: +0,1684792800
7.764,1,May 23 2023 11: +0,1684836000
8.592,1,May 23 2023 12: +0,1684839600
7.943,1,May 23 2023 20: +0,1684868400
8.477,1,May 23 2023 23: +0,1684879200
8.636,1,May 24 2023 17: +0,1684944000
8.655,1,May 24 2023 20: +0,1684954800
8.975,1,May 25 2023 08: +0,1684998000
8.003,1,May 25 2023 20: +0,1685041200
8.707,1,May 25 2023 21: +0,1685044800
8.869,1,May 26 2023 05: +0,1685073600
8.032,1,May 26 2023 13: +0,1685102400
8.028,1,May 26 2023 15: +0,1685109600
7.817,1,May 26 2023 16: +0,1685113200
7.223,1,May 26 2023 19: +0,1685124000
8.26,1,May 26 2023 22: +0,1685134800
8.028,1,May 27 2023 09: +0,1685174400
8.376,1,May 27 2023 16: +0,1685199600
8.319,1,May 27 2023 18: +0,1685206800
8.157,3,May 27 2023 19: +0,1685210400
7.06,1,May 28 2023 01: +0,1685232000
8.734,1,May 28 2023 04: +0,1685242800
8.74,1,May 28 2023 11: +0,1685268000
8.57,1,May 28 2023 20: +0,1685300400
8.348,1,May 28 2023 21: +0,1685304000
8.562,1,May 28 2023 23: +0,1685311200
8.416,2,May 29 2023 00: +0,1685314800
8.366,1,May 29 2023 18: +0,1685379600
8.335,1,May 29 2023 19: +0,1685383200
8.956,1,May 29 2023 20: +0,1685386800
8.423,1,May 30 2023 20: +0,1685473200
8.432,1,May 31 2023 09: +0,1685520000
8.337,2,May 31 2023 11: +0,1685527200
8.885,1,May 31 2023 13: +0,1685534400
7.881,1,May 31 2023 15: +0,1685541600
8.726,2,May 31 2023 16: +0,1685545200
7.817,1,May 31 2023 17: +0,1685548800
8.981,1,May 31 2023 18: +0,1685552400
8.893,1,May 31 2023 19: +0,1685556000
8.903,1,May 31 2023 23: +0,1685570400
8.771,1,Jun 01 2023 11: +0,1685613600
8.793,1,Jun 01 2023 13: +0,1685620800
9.088,3,Jun 01 2023 17: +0,1685635200
8.569,1,Jun 01 2023 20: +0,1685646000
8.569,1,Jun 02 2023 01: +0,1685664000
8.655,1,Jun 02 2023 19: +0,1685728800
8.585,1,Jun 03 2023 00: +0,1685746800
7.987,2,Jun 03 2023 11: +0,1685786400
7.906,1,Jun 03 2023 12: +0,1685790000
8.723,1,Jun 03 2023 16: +0,1685804400
8.781,2,Jun 03 2023 18: +0,1685811600
8.633,1,Jun 03 2023 19: +0,1685815200
8.603,1,Jun 03 2023 21: +0,1685822400
8.865,1,Jun 04 2023 01: +0,1685836800
9.2,1,Jun 04 2023 08: +0,1685862000
8.647,1,Jun 04 2023 14: +0,1685883600
8.801,1,Jun 04 2023 17: +0,1685894400
8.807,3,Jun 05 2023 14: +0,1685970000
8.433,1,Jun 05 2023 17: +0,1685980800
7.468,2,Jun 06 2023 01: +0,1686009600
7.454,1,Jun 06 2023 12: +0,1686049200
9.208,1,Jun 06 2023 17: +0,1686067200
9.017,1,Jun 06 2023 18: +0,1686070800
9.234,2,Jun 06 2023 22: +0,1686085200
8.328,1,Jun 07 2023 03: +0,1686103200
7.744,1,Jun 07 2023 04: +0,1686106800
9.357,1,Jun 07 2023 09: +0,1686124800
9.657,1,Jun 07 2023 15: +0,1686146400
8.731,1,Jun 08 2023 12: +0,1686222000
8.779,2,Jun 08 2023 20: +0,1686250800
9.361,1,Jun 08 2023 22: +0,1686258000
8.756,1,Jun 09 2023 03: +0,1686276000
9.4,1,Jun 09 2023 14: +0,1686315600
8.777,1,Jun 09 2023 18: +0,1686330000
9.861,1,Jun 09 2023 21: +0,1686340800
8.621,1,Jun 10 2023 15: +0,1686405600
8.597,1,Jun 10 2023 20: +0,1686423600
8.787,1,Jun 10 2023 23: +0,1686434400
8.508,1,Jun 11 2023 07: +0,1686463200
7.551,1,Jun 11 2023 10: +0,1686474000
8.781,3,Jun 11 2023 17: +0,1686499200
8.247,2,Jun 11 2023 21: +0,1686513600
8.645,1,Jun 12 2023 13: +0,1686571200
8.582,2,Jun 12 2023 15: +0,1686578400
8.582,1,Jun 12 2023 16: +0,1686582000
9.501,1,Jun 12 2023 17: +0,1686585600
8.424,1,Jun 12 2023 21: +0,1686600000
9.064,1,Jun 13 2023 04: +0,1686625200
10.901,1,Jun 13 2023 07: +0,1686636000
8.613,1,Jun 13 2023 09: +0,1686643200
8.563,2,Jun 13 2023 12: +0,1686654000
8.168,2,Jun 14 2023 04: +0,1686711600
9.384,1,Jun 14 2023 08: +0,1686726000
7.682,1,Jun 15 2023 12: +0,1686826800
7.894,1,Jun 15 2023 16: +0,1686841200
8.126,1,Jun 15 2023 18: +0,1686848400
9.275,1,Jun 15 2023 21: +0,1686859200
9.103,1,Jun 16 2023 06: +0,1686891600
9.309,1,Jun 16 2023 09: +0,1686902400
8.034,1,Jun 16 2023 10: +0,1686906000
9.321,3,Jun 16 2023 11: +0,1686909600
9.496,1,Jun 16 2023 21: +0,1686945600
8.112,1,Jun 17 2023 01: +0,1686960000
9.553,2,Jun 17 2023 09: +0,1686988800
9.817,1,Jun 18 2023 11: +0,1687082400
9.544,1,Jun 18 2023 15: +0,1687096800
10.021,1,Jun 18 2023 16: +0,1687100400
8.471,1,Jun 19 2023 03: +0,1687140000
8.541,1,Jun 19 2023 17: +0,1687190400
6.626,1,Jun 19 2023 22: +0,1687208400
8.612,1,Jun 20 2023 01: +0,1687219200
8.616,1,Jun 20 2023 11: +0,1687255200
9.374,1,Jun 20 2023 14: +0,1687266000
9.282,1,Jun 20 2023 22: +0,1687294800
8.687,1,Jun 21 2023 08: +0,1687330800
8.687,1,Jun 21 2023 11: +0,1687341600
9.365,1,Jun 21 2023 21: +0,1687377600
8.687,1,Jun 22 2023 00: +0,1687388400
9.688,1,Jun 22 2023 18: +0,1687453200
9.825,1,Jun 22 2023 19: +0,1687456800
8.659,1,Jun 22 2023 21: +0,1687464000
7.798,2,Jun 23 2023 22: +0,1687554000
8.549,1,Jun 24 2023 08: +0,1687590000
7.935,1,Jun 24 2023 16: +0,1687618800
7.872,1,Jun 25 2023 12: +0,1687690800
7.935,1,Jun 25 2023 14: +0,1687698000
7.896,1,Jun 25 2023 15: +0,1687701600
7.935,1,Jun 25 2023 17: +0,1687708800
7.81,1,Jun 25 2023 18: +0,1687712400
7.923,1,Jun 26 2023 12: +0,1687777200
8.585,2,Jun 26 2023 15: +0,1687788000
8.708,1,Jun 26 2023 21: +0,1687809600
7.929,1,Jun 27 2023 00: +0,1687820400
7.982,1,Jun 27 2023 12: +0,1687863600
8.006,1,Jun 27 2023 20: +0,1687892400
7.986,1,Jun 28 2023 08: +0,1687935600
7.45,1,Jun 28 2023 11: +0,1687946400
7.45,1,Jun 28 2023 12: +0,1687950000
7.426,1,Jun 29 2023 19: +0,1688061600
7.694,1,Jun 30 2023 00: +0,1688079600
7.863,1,Jun 30 2023 01: +0,1688083200
7.483,1,Jun 30 2023 10: +0,1688115600
6.2,1,Jun 30 2023 14: +0,1688130000
9.605,1,Jun 30 2023 15: +0,1688133600
7.452,1,Jun 30 2023 19: +0,1688148000
7.411,1,Jul 01 2023 00: +0,1688166000
7.444,1,Jul 01 2023 11: +0,1688205600
7.434,1,Jul 01 2023 12: +0,1688209200
6.962,1,Jul 01 2023 13: +0,1688212800
7.214,1,Jul 01 2023 20: +0,1688238000
7.254,1,Jul 02 2023 09: +0,1688284800
7.4,2,Jul 02 2023 15: +0,1688306400
7.159,1,Jul 02 2023 17: +0,1688313600
7.845,1,Jul 02 2023 19: +0,1688320800
7.501,1,Jul 02 2023 22: +0,1688331600
7.049,1,Jul 03 2023 09: +0,1688371200
7.047,1,Jul 03 2023 21: +0,1688414400
7.031,1,Jul 04 2023 03: +0,1688436000
7.999,9,Jul 04 2023 06: +0,1688446800
7.026,1,Jul 04 2023 16: +0,1688482800
7.026,1,Jul 05 2023 14: +0,1688562000
10.083,1,Jul 05 2023 15: +0,1688565600
9.685,1,Jul 05 2023 23: +0,1688594400
7.016,1,Jul 06 2023 16: +0,1688655600
10.061,1,Jul 06 2023 18: +0,1688662800
7.016,1,Jul 06 2023 22: +0,1688677200
6.906,1,Jul 07 2023 11: +0,1688724000
6.877,1,Jul 07 2023 17: +0,1688745600
6.877,1,Jul 07 2023 18: +0,1688749200
6.486,1,Jul 08 2023 21: +0,1688846400
6.836,1,Jul 09 2023 10: +0,1688893200
6.329,1,Jul 09 2023 20: +0,1688929200
6.308,1,Jul 10 2023 11: +0,1688983200
6.57,1,Jul 10 2023 12: +0,1688986800
6.385,1,Jul 11 2023 01: +0,1689033600
9.064,1,Jul 11 2023 17: +0,1689091200
6.655,1,Jul 11 2023 21: +0,1689105600
7.797,1,Jul 11 2023 22: +0,1689109200
6.174,1,Jul 12 2023 01: +0,1689120000
7.849,1,Jul 12 2023 04: +0,1689130800
7.872,1,Jul 12 2023 16: +0,1689174000
7.721,1,Jul 13 2023 05: +0,1689220800
6.637,1,Jul 13 2023 19: +0,1689271200
7.698,1,Jul 13 2023 21: +0,1689278400
6.616,2,Jul 14 2023 10: +0,1689325200
6.874,1,Jul 14 2023 12: +0,1689332400
8.363,1,Jul 14 2023 19: +0,1689357600
6.707,1,Jul 15 2023 08: +0,1689404400
6.723,1,Jul 15 2023 11: +0,1689415200
8.135,1,Jul 15 2023 20: +0,1689447600
6.738,1,Jul 16 2023 07: +0,1689487200
6.738,1,Jul 16 2023 09: +0,1689494400
7.572,1,Jul 16 2023 12: +0,1689505200
7.581,1,Jul 16 2023 13: +0,1689508800
6.723,1,Jul 16 2023 18: +0,1689526800
6.7,1,Jul 16 2023 20: +0,1689534000
7.296,1,Jul 17 2023 06: +0,1689570000
7.908,1,Jul 17 2023 13: +0,1689595200
6.78,2,Jul 18 2023 10: +0,1689670800
6.906,1,Jul 18 2023 13: +0,1689681600
6.906,1,Jul 18 2023 14: +0,1689685200
6.12,1,Jul 18 2023 15: +0,1689688800
7.086,1,Jul 18 2023 17: +0,1689696000
8.226,1,Jul 19 2023 14: +0,1689771600
7.054,1,Jul 19 2023 18: +0,1689786000
8.24,1,Jul 19 2023 20: +0,1689793200
8.482,1,Jul 20 2023 13: +0,1689854400
7.493,1,Jul 20 2023 20: +0,1689879600
7.719,1,Jul 21 2023 19: +0,1689962400
7.385,1,Jul 22 2023 12: +0,1690023600
7.431,1,Jul 22 2023 16: +0,1690038000
7.128,1,Jul 22 2023 17: +0,1690041600
6.763,1,Jul 23 2023 00: +0,1690066800
7.777,1,Jul 23 2023 06: +0,1690088400
6.909,1,Jul 23 2023 19: +0,1690135200
6.423,1,Jul 24 2023 00: +0,1690153200
7.343,1,Jul 24 2023 10: +0,1690189200
6.693,1,Jul 24 2023 12: +0,1690196400
7.3,1,Jul 24 2023 16: +0,1690210800
7.376,1,Jul 24 2023 17: +0,1690214400
7.732,1,Jul 24 2023 23: +0,1690236000
7.777,1,Jul 25 2023 02: +0,1690246800
7.788,1,Jul 25 2023 08: +0,1690268400
7.777,1,Jul 25 2023 16: +0,1690297200
7.711,2,Jul 26 2023 01: +0,1690329600
6.947,1,Jul 26 2023 08: +0,1690354800
7.719,1,Jul 26 2023 16: +0,1690383600
7.719,1,Jul 26 2023 19: +0,1690394400
6.483,1,Jul 27 2023 12: +0,1690455600
7.72,1,Jul 27 2023 16: +0,1690470000
6.791,1,Jul 29 2023 04: +0,1690599600
7.84,1,Jul 29 2023 14: +0,1690635600
7.855,1,Jul 29 2023 19: +0,1690653600
6.925,1,Jul 30 2023 10: +0,1690707600
7.117,1,Jul 31 2023 08: +0,1690786800
7.45,1,Jul 31 2023 20: +0,1690830000
7.653,2,Aug 01 2023 00: +0,1690844400
7.13,1,Aug 02 2023 09: +0,1690963200
7.452,1,Aug 02 2023 11: +0,1690970400
7.169,1,Aug 02 2023 17: +0,1690992000
7.169,1,Aug 02 2023 19: +0,1690999200
6.728,1,Aug 03 2023 00: +0,1691017200
7.86,1,Aug 03 2023 11: +0,1691056800
7.869,1,Aug 03 2023 12: +0,1691060400
6.831,1,Aug 03 2023 13: +0,1691064000
7.86,1,Aug 03 2023 18: +0,1691082000
6.854,1,Aug 04 2023 04: +0,1691118000
5.689,1,Aug 04 2023 15: +0,1691157600
6.972,1,Aug 04 2023 16: +0,1691161200
7.474,1,Aug 04 2023 21: +0,1691179200
6.791,1,Aug 05 2023 09: +0,1691222400
7.803,1,Aug 06 2023 10: +0,1691312400
6.949,1,Aug 06 2023 13: +0,1691323200
7.756,1,Aug 06 2023 20: +0,1691348400
7.854,1,Aug 07 2023 00: +0,1691362800
6.784,1,Aug 07 2023 04: +0,1691377200
6.768,1,Aug 07 2023 17: +0,1691424000
7.852,1,Aug 07 2023 20: +0,1691434800
6.516,1,Aug 07 2023 21: +0,1691438400
7.923,1,Aug 07 2023 22: +0,1691442000
8.161,1,Aug 08 2023 04: +0,1691463600
6.752,1,Aug 08 2023 19: +0,1691517600
7.43,1,Aug 09 2023 02: +0,1691542800
8.166,1,Aug 09 2023 09: +0,1691568000
6.902,1,Aug 09 2023 10: +0,1691571600
8.64,1,Aug 10 2023 17: +0,1691683200
7.035,1,Aug 10 2023 18: +0,1691686800
6.949,1,Aug 10 2023 22: +0,1691701200
7.799,1,Aug 11 2023 11: +0,1691748000
8.428,1,Aug 12 2023 05: +0,1691812800
6.949,1,Aug 12 2023 09: +0,1691827200
8.362,1,Aug 12 2023 19: +0,1691863200
8.373,1,Aug 13 2023 02: +0,1691888400
6.707,1,Aug 13 2023 07: +0,1691906400
6.736,1,Aug 13 2023 20: +0,1691953200
7.023,1,Aug 14 2023 01: +0,1691971200
6.909,1,Aug 14 2023 10: +0,1692003600
6.846,1,Aug 14 2023 11: +0,1692007200
7.012,1,Aug 14 2023 14: +0,1692018000
7.564,1,Aug 15 2023 03: +0,1692064800
6.55,1,Aug 16 2023 06: +0,1692162000
6.558,1,Aug 16 2023 17: +0,1692201600
6.558,1,Aug 16 2023 22: +0,1692219600
7.436,1,Aug 17 2023 13: +0,1692273600
6.566,1,Aug 17 2023 18: +0,1692291600
6.577,1,Aug 17 2023 19: +0,1692295200
6.722,2,Aug 17 2023 20: +0,1692298800
7.116,1,Aug 18 2023 19: +0,1692381600
7.069,1,Aug 18 2023 23: +0,1692396000
7.465,1,Aug 19 2023 01: +0,1692403200
7.849,1,Aug 19 2023 11: +0,1692439200
6.684,1,Aug 19 2023 15: +0,1692453600
6.66,1,Aug 19 2023 21: +0,1692475200
6.66,1,Aug 20 2023 01: +0,1692489600
7.516,1,Aug 20 2023 04: +0,1692500400
6.684,1,Aug 20 2023 12: +0,1692529200
6.684,1,Aug 20 2023 21: +0,1692561600
6.66,1,Aug 21 2023 10: +0,1692608400
7.344,1,Aug 21 2023 11: +0,1692612000
6.637,1,Aug 21 2023 12: +0,1692615600
8.71,1,Aug 21 2023 16: +0,1692630000
7.627,2,Aug 21 2023 20: +0,1692644400
6.79,1,Aug 22 2023 13: +0,1692705600
6.857,1,Aug 23 2023 05: +0,1692763200
6.869,2,Aug 23 2023 21: +0,1692820800
6.873,1,Aug 23 2023 23: +0,1692828000
7.84,1,Aug 24 2023 15: +0,1692885600
6.913,1,Aug 24 2023 21: +0,1692907200
6.847,1,Aug 25 2023 18: +0,1692982800
7.442,1,Aug 25 2023 21: +0,1692993600
7.905,1,Aug 25 2023 22: +0,1692997200
7.7,1,Aug 26 2023 15: +0,1693058400
6.857,1,Aug 26 2023 17: +0,1693065600
7.743,1,Aug 26 2023 19: +0,1693072800
7.701,2,Aug 26 2023 20: +0,1693076400
7.801,3,Aug 27 2023 00: +0,1693090800
8.404,1,Aug 27 2023 02: +0,1693098000
8.404,1,Aug 27 2023 18: +0,1693155600
8.549,1,Aug 27 2023 21: +0,1693166400
6.992,1,Aug 28 2023 02: +0,1693184400
7.667,1,Aug 28 2023 09: +0,1693209600
6.852,1,Aug 28 2023 19: +0,1693245600
7.751,1,Aug 29 2023 02: +0,1693270800
8.293,1,Aug 29 2023 12: +0,1693306800
8.424,1,Aug 29 2023 13: +0,1693310400
6.947,2,Aug 29 2023 16: +0,1693321200
6.844,1,Aug 29 2023 17: +0,1693324800
8.95,1,Aug 29 2023 21: +0,1693339200
6.836,1,Aug 30 2023 06: +0,1693371600
6.963,1,Aug 30 2023 10: +0,1693386000
7.207,1,Aug 30 2023 17: +0,1693411200
7.638,1,Aug 30 2023 18: +0,1693414800
9.402,1,Aug 31 2023 09: +0,1693468800
7.674,1,Aug 31 2023 13: +0,1693483200
8.149,1,Aug 31 2023 16: +0,1693494000
6.852,1,Aug 31 2023 18: +0,1693501200
6.963,1,Sep 01 2023 11: +0,1693562400
6.599,1,Sep 01 2023 18: +0,1693587600
7.549,2,Sep 01 2023 19: +0,1693591200
8.105,1,Sep 01 2023 20: +0,1693594800
7.84,2,Sep 02 2023 00: +0,1693609200
7.073,2,Sep 02 2023 05: +0,1693627200
7.0,1,Sep 02 2023 12: +0,1693652400
8.042,1,Sep 03 2023 07: +0,1693720800
8.137,1,Sep 03 2023 10: +0,1693731600
6.899,1,Sep 03 2023 13: +0,1693742400
7.922,2,Sep 03 2023 20: +0,1693767600
7.444,1,Sep 04 2023 18: +0,1693846800
8.131,2,Sep 05 2023 02: +0,1693875600
7.597,1,Sep 05 2023 11: +0,1693908000
7.959,1,Sep 05 2023 13: +0,1693915200
8.994,1,Sep 06 2023 12: +0,1693998000
7.565,1,Sep 06 2023 17: +0,1694016000
7.999,1,Sep 06 2023 18: +0,1694019600
7.975,1,Sep 06 2023 21: +0,1694030400
7.042,1,Sep 07 2023 02: +0,1694048400
9.273,1,Sep 07 2023 10: +0,1694077200
9.284,1,Sep 07 2023 16: +0,1694098800
9.572,1,Sep 07 2023 22: +0,1694120400
8.901,1,Sep 08 2023 03: +0,1694138400
9.543,1,Sep 08 2023 15: +0,1694181600
9.549,1,Sep 08 2023 19: +0,1694196000
9.194,1,Sep 09 2023 14: +0,1694264400
9.523,1,Sep 09 2023 15: +0,1694268000
7.516,1,Sep 09 2023 19: +0,1694282400
9.613,1,Sep 09 2023 22: +0,1694293200
9.807,1,Sep 09 2023 23: +0,1694296800
9.29,1,Sep 11 2023 00: +0,1694386800
7.508,1,Sep 11 2023 01: +0,1694390400
7.822,1,Sep 11 2023 23: +0,1694469600
7.83,1,Sep 12 2023 03: +0,1694484000
7.806,1,Sep 12 2023 12: +0,1694516400
9.245,1,Sep 12 2023 14: +0,1694523600
8.571,2,Sep 12 2023 18: +0,1694538000
8.406,1,Sep 12 2023 23: +0,1694556000
9.388,1,Sep 14 2023 00: +0,1694646000
9.079,1,Sep 14 2023 16: +0,1694703600
7.806,1,Sep 14 2023 22: +0,1694725200
7.991,1,Sep 15 2023 00: +0,1694732400
8.224,2,Sep 15 2023 13: +0,1694779200
7.243,2,Sep 15 2023 16: +0,1694790000
8.297,1,Sep 15 2023 21: +0,1694808000
8.338,1,Sep 16 2023 10: +0,1694854800
8.338,1,Sep 16 2023 15: +0,1694872800
8.625,2,Sep 16 2023 16: +0,1694876400
8.901,1,Sep 16 2023 18: +0,1694883600
9.046,1,Sep 16 2023 23: +0,1694901600
8.604,1,Sep 17 2023 08: +0,1694934000
9.291,1,Sep 17 2023 13: +0,1694952000
9.082,1,Sep 18 2023 12: +0,1695034800
8.839,1,Sep 18 2023 20: +0,1695063600
8.58,1,Sep 18 2023 21: +0,1695067200
9.578,1,Sep 18 2023 22: +0,1695070800
8.865,1,Sep 19 2023 01: +0,1695081600
9.588,1,Sep 19 2023 21: +0,1695153600
8.99,1,Sep 20 2023 02: +0,1695171600
8.85,1,Sep 21 2023 01: +0,1695254400
9.432,1,Sep 21 2023 06: +0,1695272400
9.875,1,Sep 21 2023 17: +0,1695312000
9.589,1,Sep 22 2023 08: +0,1695366000
9.859,1,Sep 23 2023 00: +0,1695423600
10.039,1,Sep 23 2023 02: +0,1695430800
11.498,1,Sep 23 2023 10: +0,1695459600
11.486,2,Sep 23 2023 12: +0,1695466800
15.17,1,Sep 23 2023 18: +0,1695488400
12.227,1,Sep 24 2023 19: +0,1695578400
14.537,1,Sep 24 2023 22: +0,1695589200
8.72,1,Sep 25 2023 16: +0,1695654000
11.381,1,Sep 25 2023 17: +0,1695657600
12.85,1,Sep 26 2023 03: +0,1695693600
13.246,2,Sep 26 2023 13: +0,1695729600
14.649,1,Sep 26 2023 18: +0,1695747600
11.949,1,Sep 26 2023 23: +0,1695765600
11.949,1,Sep 27 2023 07: +0,1695794400
11.736,1,Sep 27 2023 11: +0,1695808800
13.177,1,Sep 27 2023 23: +0,1695852000
11.458,1,Sep 28 2023 03: +0,1695866400
10.329,1,Sep 28 2023 04: +0,1695870000
12.282,1,Sep 28 2023 12: +0,1695898800
10.903,1,Sep 28 2023 13: +0,1695902400
11.458,1,Sep 28 2023 22: +0,1695934800
11.074,1,Sep 30 2023 01: +0,1696032000
12.203,1,Sep 30 2023 06: +0,1696050000
11.082,1,Sep 30 2023 21: +0,1696104000
11.057,1,Oct 01 2023 12: +0,1696158000
11.042,1,Oct 01 2023 13: +0,1696161600
11.254,1,Oct 02 2023 00: +0,1696201200
11.042,1,Oct 02 2023 05: +0,1696219200
10.661,1,Oct 03 2023 11: +0,1696327200
10.289,1,Oct 03 2023 14: +0,1696338000
10.9,1,Oct 03 2023 18: +0,1696352400
11.444,1,Oct 05 2023 16: +0,1696518000
11.541,1,Oct 06 2023 20: +0,1696618800
10.943,2,Oct 06 2023 21: +0,1696622400
11.584,1,Oct 06 2023 23: +0,1696629600
10.005,1,Oct 07 2023 11: +0,1696672800
9.885,1,Oct 07 2023 12: +0,1696676400
11.33,1,Oct 07 2023 19: +0,1696701600
9.517,1,Oct 08 2023 01: +0,1696723200
9.305,1,Oct 08 2023 05: +0,1696737600
11.517,1,Oct 08 2023 09: +0,1696752000
9.387,1,Oct 08 2023 20: +0,1696791600
10.117,1,Oct 08 2023 22: +0,1696798800
9.864,1,Oct 09 2023 21: +0,1696881600
8.987,1,Oct 11 2023 07: +0,1697004000
10.611,1,Oct 11 2023 09: +0,1697011200
11.524,1,Oct 11 2023 10: +0,1697014800
9.827,2,Oct 11 2023 16: +0,1697036400
9.357,1,Oct 12 2023 03: +0,1697076000
11.642,1,Oct 13 2023 14: +0,1697202000
9.686,1,Oct 13 2023 23: +0,1697234400
11.548,1,Oct 14 2023 08: +0,1697266800
10.637,1,Oct 14 2023 13: +0,1697284800
12.108,1,Oct 14 2023 16: +0,1697295600
8.239,1,Oct 14 2023 17: +0,1697299200
10.36,1,Oct 15 2023 11: +0,1697364000
10.51,1,Oct 16 2023 14: +0,1697461200
10.894,1,Oct 16 2023 19: +0,1697479200
10.619,1,Oct 17 2023 18: +0,1697562000
10.956,1,Oct 17 2023 19: +0,1697565600
9.697,1,Oct 18 2023 08: +0,1697612400
10.125,1,Oct 18 2023 18: +0,1697648400
10.693,1,Oct 18 2023 23: +0,1697666400
10.981,1,Oct 19 2023 00: +0,1697670000
11.251,1,Oct 19 2023 02: +0,1697677200
11.277,1,Oct 19 2023 05: +0,1697688000
12.191,1,Oct 19 2023 07: +0,1697695200
10.734,1,Oct 19 2023 13: +0,1697716800
12.23,1,Oct 19 2023 22: +0,1697749200
12.235,1,Oct 20 2023 19: +0,1697824800
12.24,1,Oct 21 2023 03: +0,1697853600
12.372,1,Oct 22 2023 04: +0,1697943600
12.401,1,Oct 22 2023 16: +0,1697986800
11.473,1,Oct 22 2023 20: +0,1698001200
10.768,1,Oct 23 2023 02: +0,1698022800
11.913,2,Oct 23 2023 10: +0,1698051600
11.903,1,Oct 24 2023 13: +0,1698148800
11.648,1,Oct 24 2023 16: +0,1698159600
11.456,1,Oct 25 2023 08: +0,1698217200
11.159,1,Oct 25 2023 18: +0,1698253200
10.953,1,Oct 25 2023 19: +0,1698256800
10.07,1,Oct 25 2023 20: +0,1698260400
11.382,1,Oct 26 2023 00: +0,1698274800
11.333,1,Oct 26 2023 02: +0,1698282000
10.697,1,Oct 26 2023 11: +0,1698314400
10.875,1,Oct 26 2023 20: +0,1698346800
11.119,1,Oct 27 2023 13: +0,1698408000
8.116,1,Oct 28 2023 05: +0,1698465600
9.875,1,Oct 28 2023 11: +0,1698487200
11.506,1,Oct 28 2023 14: +0,1698498000
10.862,1,Oct 29 2023 00: +0,1698534000
11.201,1,Oct 29 2023 10: +0,1698573600
11.433,1,Oct 29 2023 15: +0,1698591600
11.434,1,Oct 29 2023 18: +0,1698602400
9.926,1,Oct 29 2023 22: +0,1698616800
11.298,1,Oct 30 2023 14: +0,1698674400
11.273,1,Oct 30 2023 15: +0,1698678000
11.224,1,Oct 30 2023 19: +0,1698692400
11.198,3,Oct 31 2023 00: +0,1698710400
11.276,1,Oct 31 2023 05: +0,1698728400
11.176,1,Oct 31 2023 09: +0,1698742800
11.208,1,Oct 31 2023 13: +0,1698757200
11.249,1,Oct 31 2023 14: +0,1698760800
11.189,1,Oct 31 2023 16: +0,1698768000
11.324,1,Oct 31 2023 18: +0,1698775200
12.177,1,Oct 31 2023 23: +0,1698793200
13.822,1,Nov 01 2023 08: +0,1698825600
11.776,1,Nov 01 2023 23: +0,1698879600
12.035,1,Nov 02 2023 15: +0,1698937200
9.82,1,Nov 02 2023 19: +0,1698951600
11.922,1,Nov 03 2023 12: +0,1699012800
11.922,1,Nov 03 2023 17: +0,1699030800
11.902,2,Nov 04 2023 22: +0,1699135200
11.874,1,Nov 05 2023 10: +0,1699178400
11.979,1,Nov 05 2023 19: +0,1699210800
11.753,2,Nov 05 2023 23: +0,1699225200
11.994,1,Nov 06 2023 04: +0,1699243200
12.004,1,Nov 06 2023 10: +0,1699264800
12.37,1,Nov 06 2023 13: +0,1699275600
11.776,1,Nov 06 2023 20: +0,1699300800
12.107,1,Nov 07 2023 19: +0,1699383600
12.196,1,Nov 08 2023 07: +0,1699426800
12.73,1,Nov 08 2023 10: +0,1699437600
10.605,1,Nov 08 2023 11: +0,1699441200
11.962,1,Nov 09 2023 00: +0,1699488000
12.731,1,Nov 10 2023 11: +0,1699614000
12.718,1,Nov 10 2023 12: +0,1699617600
12.254,2,Nov 10 2023 23: +0,1699657200
12.651,1,Nov 11 2023 00: +0,1699660800
12.731,1,Nov 11 2023 06: +0,1699682400
12.555,1,Nov 11 2023 08: +0,1699689600
12.246,2,Nov 11 2023 13: +0,1699707600
12.547,1,Nov 11 2023 18: +0,1699725600
12.25,1,Nov 12 2023 03: +0,1699758000
12.009,1,Nov 12 2023 06: +0,1699768800
11.119,1,Nov 13 2023 02: +0,1699840800
10.798,1,Nov 13 2023 10: +0,1699869600
9.354,1,Nov 13 2023 15: +0,1699887600
9.426,1,Nov 13 2023 23: +0,1699916400
12.097,1,Nov 14 2023 09: +0,1699952400
12.541,1,Nov 14 2023 18: +0,1699984800
10.958,1,Nov 15 2023 19: +0,1700074800
10.934,1,Nov 16 2023 10: +0,1700128800
12.506,1,Nov 16 2023 14: +0,1700143200
12.509,1,Nov 16 2023 20: +0,1700164800
10.918,1,Nov 17 2023 08: +0,1700208000
13.432,1,Nov 17 2023 12: +0,1700222400
12.962,1,Nov 17 2023 17: +0,1700240400
10.918,1,Nov 17 2023 20: +0,1700251200
10.91,1,Nov 18 2023 01: +0,1700269200
10.918,1,Nov 19 2023 07: +0,1700377200
12.435,1,Nov 20 2023 01: +0,1700442000
10.726,1,Nov 20 2023 13: +0,1700485200
10.718,1,Nov 20 2023 14: +0,1700488800
10.718,1,Nov 20 2023 20: +0,1700510400
11.728,1,Nov 21 2023 14: +0,1700575200
12.448,1,Nov 21 2023 18: +0,1700589600
9.438,1,Nov 21 2023 23: +0,1700607600
9.214,1,Nov 22 2023 02: +0,1700618400
9.422,1,Nov 22 2023 11: +0,1700650800
9.919,1,Nov 23 2023 02: +0,1700704800
9.422,1,Nov 23 2023 04: +0,1700712000
9.055,1,Nov 24 2023 07: +0,1700809200
8.678,1,Nov 24 2023 22: +0,1700863200
7.719,1,Nov 25 2023 08: +0,1700899200
7.623,1,Nov 26 2023 09: +0,1700989200
8.169,1,Nov 26 2023 10: +0,1700992800
7.448,1,Nov 26 2023 11: +0,1700996400
8.075,1,Nov 26 2023 13: +0,1701003600
7.331,1,Nov 27 2023 08: +0,1701072000
7.945,1,Nov 27 2023 11: +0,1701082800
7.815,1,Nov 27 2023 14: +0,1701093600
7.863,1,Nov 27 2023 18: +0,1701108000
6.28,1,Nov 27 2023 21: +0,1701118800
8.078,1,Nov 27 2023 22: +0,1701122400
9.484,3,Nov 28 2023 14: +0,1701180000
8.635,1,Nov 29 2023 14: +0,1701266400
8.519,1,Nov 29 2023 23: +0,1701298800
8.726,1,Nov 30 2023 03: +0,1701313200
8.892,1,Dec 01 2023 13: +0,1701435600
9.03,2,Dec 02 2023 12: +0,1701518400
9.014,1,Dec 02 2023 14: +0,1701525600
9.206,1,Dec 02 2023 15: +0,1701529200
9.217,1,Dec 02 2023 16: +0,1701532800
9.135,1,Dec 03 2023 07: +0,1701586800
9.143,1,Dec 03 2023 08: +0,1701590400
9.102,1,Dec 03 2023 10: +0,1701597600
9.19,1,Dec 03 2023 17: +0,1701622800
9.19,1,Dec 03 2023 18: +0,1701626400
9.982,1,Dec 04 2023 14: +0,1701698400
9.573,1,Dec 05 2023 02: +0,1701741600
9.998,1,Dec 05 2023 07: +0,1701759600
10.154,1,Dec 05 2023 18: +0,1701799200
10.319,1,Dec 05 2023 19: +0,1701802800
10.452,1,Dec 06 2023 21: +0,1701896400
9.997,1,Dec 07 2023 15: +0,1701961200
8.574,1,Dec 07 2023 17: +0,1701968400
10.332,2,Dec 08 2023 12: +0,1702036800
9.973,1,Dec 09 2023 21: +0,1702155600
10.463,1,Dec 10 2023 01: +0,1702170000
10.695,1,Dec 10 2023 16: +0,1702224000
9.853,1,Dec 11 2023 16: +0,1702310400
10.114,1,Dec 11 2023 18: +0,1702317600
10.455,1,Dec 13 2023 14: +0,1702476000
10.379,1,Dec 13 2023 16: +0,1702483200
10.027,1,Dec 13 2023 21: +0,1702501200
9.727,1,Dec 14 2023 15: +0,1702566000
9.733,1,Dec 14 2023 16: +0,1702569600
9.648,1,Dec 15 2023 00: +0,1702598400
9.924,1,Dec 15 2023 06: +0,1702620000
9.648,1,Dec 15 2023 13: +0,1702645200
9.632,1,Dec 15 2023 22: +0,1702677600
9.707,2,Dec 15 2023 23: +0,1702681200
9.727,1,Dec 16 2023 01: +0,1702688400
8.617,1,Dec 16 2023 12: +0,1702728000
7.899,1,Dec 17 2023 01: +0,1702774800
8.685,2,Dec 17 2023 03: +0,1702782000
9.778,1,Dec 17 2023 12: +0,1702814400
9.777,1,Dec 18 2023 11: +0,1702897200
9.272,1,Dec 18 2023 12: +0,1702900800
9.271,1,Dec 19 2023 01: +0,1702947600
8.965,2,Dec 19 2023 18: +0,1703008800
9.572,2,Dec 20 2023 15: +0,1703084400
8.755,1,Dec 23 2023 15: +0,1703343600
8.66,1,Dec 23 2023 21: +0,1703365200
8.888,1,Dec 24 2023 20: +0,1703448000
9.304,1,Dec 25 2023 00: +0,1703462400
8.888,1,Dec 25 2023 01: +0,1703466000
8.888,1,Dec 25 2023 02: +0,1703469600
9.388,1,Dec 25 2023 09: +0,1703494800
9.017,1,Dec 26 2023 09: +0,1703581200
8.459,1,Dec 26 2023 12: +0,1703592000
8.255,1,Dec 26 2023 15: +0,1703602800
8.858,1,Dec 27 2023 08: +0,1703664000
8.388,1,Dec 27 2023 17: +0,1703696400
7.478,1,Dec 27 2023 21: +0,1703710800
9.246,1,Dec 27 2023 22: +0,1703714400
8.722,1,Dec 28 2023 20: +0,1703793600
9.333,1,Dec 29 2023 07: +0,1703833200
9.595,1,Dec 29 2023 14: +0,1703858400
9.523,1,Dec 30 2023 12: +0,1703937600
8.706,1,Dec 30 2023 21: +0,1703970000
8.986,2,Dec 31 2023 12: +0,1704024000
8.781,1,Jan 01 2024 15: +0,1704121200
8.975,1,Jan 02 2024 08: +0,1704182400
8.209,1,Jan 02 2024 15: +0,1704207600
7.702,1,Jan 02 2024 16: +0,1704211200
8.59,1,Jan 03 2024 22: +0,1704319200
7.889,1,Jan 04 2024 03: +0,1704337200
7.889,1,Jan 04 2024 07: +0,1704351600
8.173,1,Jan 04 2024 23: +0,1704409200
8.078,1,Jan 05 2024 09: +0,1704445200
8.684,1,Jan 05 2024 19: +0,1704481200
7.948,2,Jan 05 2024 22: +0,1704492000
8.836,1,Jan 06 2024 12: +0,1704542400
9.054,1,Jan 07 2024 02: +0,1704592800
8.464,1,Jan 07 2024 16: +0,1704643200
8.55,1,Jan 07 2024 17: +0,1704646800
9.172,2,Jan 07 2024 19: +0,1704654000
9.481,1,Jan 08 2024 08: +0,1704700800
9.558,1,Jan 08 2024 10: +0,1704708000
9.837,1,Jan 08 2024 18: +0,1704736800
10.021,1,Jan 08 2024 22: +0,1704751200
8.22,1,Jan 08 2024 23: +0,1704754800
10.323,3,Jan 09 2024 06: +0,1704780000
10.836,1,Jan 09 2024 22: +0,1704837600
10.729,1,Jan 10 2024 04: +0,1704859200
10.328,1,Jan 11 2024 19: +0,1704999600
10.559,1,Jan 12 2024 11: +0,1705057200
10.593,1,Jan 12 2024 14: +0,1705068000
10.784,1,Jan 12 2024 19: +0,1705086000
10.857,1,Jan 13 2024 01: +0,1705107600
10.909,1,Jan 13 2024 11: +0,1705143600
10.703,1,Jan 14 2024 09: +0,1705222800
10.354,1,Jan 14 2024 12: +0,1705233600
10.34,1,Jan 15 2024 03: +0,1705287600
10.253,1,Jan 15 2024 19: +0,1705345200
10.031,1,Jan 16 2024 09: +0,1705395600
10.253,1,Jan 16 2024 14: +0,1705413600
9.818,1,Jan 17 2024 14: +0,1705500000
8.854,1,Jan 17 2024 20: +0,1705521600
10.278,1,Jan 17 2024 21: +0,1705525200
10.229,1,Jan 17 2024 23: +0,1705532400
10.277,1,Jan 18 2024 12: +0,1705579200
10.308,1,Jan 18 2024 20: +0,1705608000
10.639,1,Jan 19 2024 14: +0,1705672800
10.914,1,Jan 19 2024 17: +0,1705683600
10.903,1,Jan 19 2024 21: +0,1705698000
9.163,1,Jan 21 2024 21: +0,1705870800
9.454,1,Jan 21 2024 22: +0,1705874400
8.771,1,Jan 22 2024 16: +0,1705939200
8.454,1,Jan 22 2024 20: +0,1705953600
8.329,1,Jan 24 2024 13: +0,1706101200
9.85,1,Jan 24 2024 20: +0,1706126400
8.87,1,Jan 25 2024 17: +0,1706202000
10.126,1,Jan 26 2024 23: +0,1706310000
9.541,1,Jan 27 2024 21: +0,1706389200
9.631,1,Jan 28 2024 12: +0,1706443200
8.89,1,Jan 30 2024 00: +0,1706572800
7.488,1,Jan 30 2024 13: +0,1706619600
8.334,1,Jan 30 2024 14: +0,1706623200
10.56,1,Feb 01 2024 05: +0,1706763600
8.223,1,Feb 01 2024 19: +0,1706814000
9.944,1,Feb 01 2024 23: +0,1706828400
9.326,1,Feb 03 2024 22: +0,1706997600
8.596,1,Feb 03 2024 23: +0,1707001200
8.961,1,Feb 04 2024 00: +0,1707004800
8.596,1,Feb 04 2024 14: +0,1707055200
8.977,1,Feb 04 2024 16: +0,1707062400
8.977,1,Feb 04 2024 20: +0,1707076800
9.371,1,Feb 04 2024 21: +0,1707080400
9.379,2,Feb 05 2024 22: +0,1707170400
9.392,1,Feb 05 2024 23: +0,1707174000
9.379,1,Feb 06 2024 10: +0,1707213600
9.025,1,Feb 06 2024 20: +0,1707249600
8.858,1,Feb 07 2024 14: +0,1707314400
9.279,1,Feb 07 2024 16: +0,1707321600
7.825,1,Feb 08 2024 04: +0,1707364800
7.833,1,Feb 08 2024 22: +0,1707429600
7.603,1,Feb 09 2024 07: +0,1707462000
8.787,1,Feb 10 2024 06: +0,1707544800
8.784,1,Feb 10 2024 10: +0,1707559200
8.801,1,Feb 10 2024 17: +0,1707584400
7.433,1,Feb 11 2024 09: +0,1707642000
8.306,1,Feb 11 2024 12: +0,1707652800
8.831,1,Feb 11 2024 13: +0,1707656400
7.976,1,Feb 14 2024 16: +0,1707926400
9.134,1,Feb 14 2024 19: +0,1707937200
8.636,1,Feb 14 2024 22: +0,1707948000
9.139,1,Feb 15 2024 05: +0,1707973200
8.459,1,Feb 15 2024 16: +0,1708012800
7.608,1,Feb 15 2024 18: +0,1708020000
8.476,1,Feb 15 2024 19: +0,1708023600
9.13,1,Feb 16 2024 00: +0,1708041600
7.632,1,Feb 17 2024 08: +0,1708156800
7.951,1,Feb 17 2024 10: +0,1708164000
8.083,1,Feb 17 2024 17: +0,1708189200
9.804,1,Feb 17 2024 19: +0,1708196400
8.7,1,Feb 18 2024 00: +0,1708214400
7.51,1,Feb 18 2024 17: +0,1708275600
8.618,1,Feb 18 2024 19: +0,1708282800
9.101,1,Feb 19 2024 03: +0,1708311600
8.946,1,Feb 19 2024 12: +0,1708344000
8.164,1,Feb 20 2024 12: +0,1708430400
8.955,1,Feb 20 2024 20: +0,1708459200
8.251,1,Feb 21 2024 16: +0,1708531200
9.859,1,Feb 21 2024 20: +0,1708545600
10.427,1,Feb 22 2024 11: +0,1708599600
8.528,1,Feb 23 2024 02: +0,1708653600
8.567,1,Feb 23 2024 04: +0,1708660800
8.369,1,Feb 23 2024 17: +0,1708707600
9.142,1,Feb 24 2024 02: +0,1708740000
9.162,1,Feb 24 2024 19: +0,1708801200
8.373,1,Feb 26 2024 00: +0,1708905600
7.92,1,Feb 26 2024 21: +0,1708981200
7.963,1,Feb 26 2024 22: +0,1708984800
8.317,2,Feb 27 2024 13: +0,1709038800
8.966,1,Feb 28 2024 00: +0,1709078400
9.083,1,Feb 28 2024 06: +0,1709100000
9.317,1,Feb 28 2024 18: +0,1709143200
9.339,1,Feb 29 2024 04: +0,1709179200
8.595,1,Feb 29 2024 10: +0,1709200800
8.401,1,Mar 01 2024 16: +0,1709308800
9.337,1,Mar 01 2024 19: +0,1709319600
8.697,1,Mar 01 2024 22: +0,1709330400
8.689,1,Mar 02 2024 12: +0,1709380800
7.723,1,Mar 02 2024 13: +0,1709384400
8.73,1,Mar 02 2024 14: +0,1709388000
9.211,1,Mar 02 2024 15: +0,1709391600
9.307,1,Mar 02 2024 20: +0,1709409600
8.769,1,Mar 02 2024 22: +0,1709416800
7.851,1,Mar 03 2024 16: +0,1709481600
9.131,1,Mar 04 2024 00: +0,1709510400
8.769,1,Mar 05 2024 17: +0,1709658000
8.761,1,Mar 06 2024 09: +0,1709715600
9.065,1,Mar 06 2024 15: +0,1709737200
6.834,1,Mar 07 2024 16: +0,1709827200
8.745,1,Mar 07 2024 17: +0,1709830800
8.969,1,Mar 08 2024 00: +0,1709856000
8.948,3,Mar 08 2024 23: +0,1709938800
9.12,1,Mar 09 2024 12: +0,1709985600
8.948,1,Mar 09 2024 15: +0,1709996400
8.543,1,Mar 09 2024 22: +0,1710021600
7.177,1,Mar 10 2024 00: +0,1710028800
8.504,1,Mar 10 2024 10: +0,1710064800
7.669,1,Mar 10 2024 22: +0,1710108000
7.817,1,Mar 11 2024 02: +0,1710122400
7.525,1,Mar 11 2024 18: +0,1710180000
7.884,1,Mar 11 2024 22: +0,1710194400
8.227,1,Mar 12 2024 07: +0,1710226800
8.314,1,Mar 13 2024 01: +0,1710291600
8.877,1,Mar 13 2024 13: +0,1710334800
8.384,1,Mar 14 2024 10: +0,1710410400
8.581,1,Mar 14 2024 14: +0,1710424800
7.896,1,Mar 14 2024 16: +0,1710432000
7.896,1,Mar 14 2024 19: +0,1710442800
7.714,1,Mar 15 2024 12: +0,1710504000
7.628,1,Mar 15 2024 17: +0,1710522000
7.98,1,Mar 15 2024 20: +0,1710532800
7.97,1,Mar 16 2024 19: +0,1710615600
8.179,2,Mar 17 2024 10: +0,1710669600
8.542,1,Mar 17 2024 15: +0,1710687600
7.77,1,Mar 17 2024 23: +0,1710716400
7.722,1,Mar 18 2024 20: +0,1710792000
7.667,1,Mar 19 2024 12: +0,1710849600
7.856,1,Mar 19 2024 13: +0,1710853200
7.983,1,Mar 19 2024 15: +0,1710860400
7.754,1,Mar 19 2024 17: +0,1710867600
8.035,1,Mar 20 2024 08: +0,1710921600
8.083,1,Mar 20 2024 13: +0,1710939600
9.08,1,Mar 20 2024 20: +0,1710964800
8.114,1,Mar 21 2024 15: +0,1711033200
8.352,1,Mar 22 2024 19: +0,1711134000
8.399,1,Mar 22 2024 22: +0,1711144800
8.529,2,Mar 23 2024 19: +0,1711220400
8.776,1,Mar 23 2024 20: +0,1711224000
8.011,1,Mar 24 2024 16: +0,1711296000
8.747,1,Mar 25 2024 15: +0,1711378800
8.312,3,Mar 25 2024 16: +0,1711382400
8.771,1,Mar 25 2024 17: +0,1711386000
8.613,1,Mar 26 2024 09: +0,1711443600
8.716,1,Mar 27 2024 02: +0,1711504800
8.716,1,Mar 27 2024 22: +0,1711576800
8.81,2,Mar 27 2024 23: +0,1711580400
8.823,1,Mar 28 2024 06: +0,1711605600
8.771,1,Mar 28 2024 16: +0,1711641600
9.051,1,Mar 28 2024 23: +0,1711666800
8.937,1,Mar 29 2024 07: +0,1711695600
9.097,1,Mar 29 2024 18: +0,1711735200
8.716,1,Mar 30 2024 04: +0,1711771200
8.317,1,Mar 30 2024 19: +0,1711825200
9.105,1,Mar 30 2024 20: +0,1711828800
9.174,1,Mar 31 2024 09: +0,1711872000
8.189,2,Apr 01 2024 00: +0,1711926000
7.851,1,Apr 02 2024 13: +0,1712059200
7.955,2,Apr 02 2024 16: +0,1712070000
7.105,1,Apr 02 2024 17: +0,1712073600
7.646,1,Apr 03 2024 01: +0,1712102400
8.075,1,Apr 03 2024 14: +0,1712149200
7.54,1,Apr 03 2024 23: +0,1712181600
7.895,1,Apr 04 2024 04: +0,1712199600
8.132,1,Apr 04 2024 15: +0,1712239200
8.357,2,Apr 05 2024 00: +0,1712271600
8.048,1,Apr 05 2024 18: +0,1712336400
7.728,1,Apr 05 2024 20: +0,1712343600
7.646,1,Apr 06 2024 11: +0,1712397600
8.682,1,Apr 07 2024 23: +0,1712527200
8.682,1,Apr 08 2024 03: +0,1712541600
8.679,1,Apr 08 2024 07: +0,1712556000
8.509,1,Apr 08 2024 23: +0,1712613600
8.634,1,Apr 09 2024 03: +0,1712628000
6.957,1,Apr 09 2024 10: +0,1712653200
7.951,2,Apr 09 2024 16: +0,1712674800
0.846,1,Apr 10 2024 02: +0,1712710800
7.967,1,Apr 10 2024 05: +0,1712721600
8.569,1,Apr 10 2024 13: +0,1712750400
8.65,1,Apr 11 2024 06: +0,1712811600
8.827,1,Apr 11 2024 11: +0,1712829600
7.983,1,Apr 11 2024 13: +0,1712836800
8.764,2,Apr 11 2024 16: +0,1712847600
7.999,1,Apr 12 2024 18: +0,1712941200
8.845,1,Apr 13 2024 10: +0,1712998800
8.015,1,Apr 13 2024 11: +0,1713002400
7.706,1,Apr 13 2024 13: +0,1713009600
8.87,1,Apr 13 2024 19: +0,1713031200
8.875,1,Apr 14 2024 09: +0,1713081600
8.882,1,Apr 14 2024 10: +0,1713085200
8.893,1,Apr 14 2024 14: +0,1713099600
8.85,1,Apr 15 2024 18: +0,1713200400
7.335,1,Apr 16 2024 06: +0,1713243600
8.997,1,Apr 16 2024 13: +0,1713268800
8.345,1,Apr 17 2024 12: +0,1713351600
8.457,1,Apr 17 2024 19: +0,1713376800
8.995,1,Apr 17 2024 22: +0,1713387600
8.361,1,Apr 18 2024 09: +0,1713427200
8.491,1,Apr 18 2024 16: +0,1713452400
8.465,1,Apr 18 2024 22: +0,1713474000
8.152,1,Apr 19 2024 17: +0,1713542400
8.475,1,Apr 19 2024 18: +0,1713546000
7.951,1,Apr 20 2024 00: +0,1713567600
8.807,1,Apr 22 2024 12: +0,1713783600
9.199,1,Apr 22 2024 18: +0,1713805200
9.18,1,Apr 23 2024 03: +0,1713837600
8.054,1,Apr 23 2024 14: +0,1713877200
8.509,1,Apr 23 2024 21: +0,1713902400
8.054,1,Apr 24 2024 00: +0,1713913200
7.871,1,Apr 24 2024 11: +0,1713952800
6.808,1,Apr 24 2024 12: +0,1713956400
7.815,1,Apr 26 2024 15: +0,1714140000
8.771,1,Apr 27 2024 15: +0,1714226400
8.856,1,Apr 27 2024 23: +0,1714255200
8.757,1,Apr 29 2024 00: +0,1714345200
8.854,1,Apr 29 2024 09: +0,1714377600
8.054,1,Apr 29 2024 23: +0,1714428000
8.03,1,Apr 30 2024 20: +0,1714503600
7.805,1,May 01 2024 11: +0,1714557600
7.757,1,May 01 2024 22: +0,1714597200
7.43,1,May 02 2024 07: +0,1714629600
7.373,1,May 02 2024 17: +0,1714665600
8.847,1,May 03 2024 02: +0,1714698000
6.919,1,May 03 2024 13: +0,1714737600
8.317,1,May 04 2024 07: +0,1714802400
9.208,1,May 04 2024 21: +0,1714852800
8.614,1,May 05 2024 16: +0,1714921200
9.21,2,May 05 2024 21: +0,1714939200
9.21,1,May 06 2024 14: +0,1715000400
8.289,1,May 07 2024 02: +0,1715043600
9.213,1,May 07 2024 20: +0,1715108400
9.322,1,May 07 2024 22: +0,1715115600
8.994,1,May 08 2024 07: +0,1715148000
9.926,1,May 08 2024 14: +0,1715173200
9.468,1,May 09 2024 06: +0,1715230800
9.148,1,May 09 2024 12: +0,1715252400
8.648,1,May 09 2024 14: +0,1715259600
9.064,1,May 09 2024 18: +0,1715274000
9.064,1,May 10 2024 03: +0,1715306400
9.609,1,May 12 2024 15: +0,1715522400
9.812,2,May 12 2024 16: +0,1715526000
9.791,1,May 13 2024 04: +0,1715569200
10.075,1,May 13 2024 12: +0,1715598000
10.262,1,May 14 2024 12: +0,1715684400
9.854,1,May 15 2024 00: +0,1715727600
10.044,1,May 15 2024 09: +0,1715760000
9.91,1,May 15 2024 18: +0,1715792400
11.814,1,May 16 2024 01: +0,1715817600
11.819,1,May 16 2024 05: +0,1715832000
10.155,1,May 16 2024 22: +0,1715893200
9.971,1,May 17 2024 03: +0,1715911200
10.177,1,May 17 2024 16: +0,1715958000
9.051,1,May 19 2024 03: +0,1716084000
8.842,2,May 19 2024 07: +0,1716098400
10.208,1,May 19 2024 17: +0,1716134400
9.917,1,May 20 2024 13: +0,1716206400
10.248,1,May 20 2024 17: +0,1716220800
11.641,1,May 21 2024 17: +0,1716307200
10.248,1,May 21 2024 19: +0,1716314400
10.208,1,May 22 2024 08: +0,1716361200
10.295,1,May 22 2024 18: +0,1716397200
9.996,1,May 22 2024 21: +0,1716408000
10.412,1,May 23 2024 10: +0,1716454800
10.305,1,May 24 2024 08: +0,1716534000
9.768,1,May 24 2024 14: +0,1716555600
10.508,2,May 24 2024 15: +0,1716559200
10.305,1,May 24 2024 16: +0,1716562800
11.006,1,May 26 2024 12: +0,1716721200
10.03,1,May 27 2024 15: +0,1716818400
10.085,1,May 27 2024 20: +0,1716836400
9.174,2,May 28 2024 13: +0,1716897600
10.093,1,May 28 2024 14: +0,1716901200
10.371,2,May 28 2024 18: +0,1716915600
10.84,1,May 29 2024 04: +0,1716951600
10.117,1,May 30 2024 09: +0,1717056000
10.001,2,May 30 2024 15: +0,1717077600
10.046,1,May 30 2024 20: +0,1717095600
10.272,1,May 30 2024 21: +0,1717099200
8.975,1,May 30 2024 22: +0,1717102800
9.968,1,May 30 2024 23: +0,1717106400
10.195,1,May 31 2024 16: +0,1717167600
10.219,1,May 31 2024 23: +0,1717192800
10.258,1,Jun 01 2024 17: +0,1717257600
10.227,1,Jun 01 2024 18: +0,1717261200
10.328,1,Jun 02 2024 09: +0,1717315200
10.227,1,Jun 03 2024 07: +0,1717394400
10.35,1,Jun 03 2024 08: +0,1717398000
10.418,1,Jun 04 2024 10: +0,1717491600
11.173,2,Jun 04 2024 19: +0,1717524000
10.569,1,Jun 04 2024 22: +0,1717534800
11.268,2,Jun 05 2024 02: +0,1717549200
10.389,2,Jun 05 2024 20: +0,1717614000
10.425,2,Jun 06 2024 01: +0,1717632000
10.975,1,Jun 06 2024 06: +0,1717650000
10.381,1,Jun 06 2024 07: +0,1717653600
10.513,1,Jun 06 2024 13: +0,1717675200
10.889,1,Jun 06 2024 16: +0,1717686000
11.153,2,Jun 06 2024 17: +0,1717689600
11.506,1,Jun 07 2024 02: +0,1717722000
11.087,1,Jun 07 2024 10: +0,1717750800
11.127,1,Jun 07 2024 11: +0,1717754400
11.137,1,Jun 07 2024 15: +0,1717768800
11.207,4,Jun 08 2024 05: +0,1717819200
11.44,1,Jun 08 2024 07: +0,1717826400
11.125,2,Jun 08 2024 10: +0,1717837200
11.185,1,Jun 08 2024 17: +0,1717862400
11.532,1,Jun 08 2024 22: +0,1717880400
11.145,1,Jun 09 2024 15: +0,1717941600
11.168,1,Jun 09 2024 21: +0,1717963200
11.625,2,Jun 10 2024 11: +0,1718013600
11.14,1,Jun 10 2024 15: +0,1718028000
11.362,1,Jun 10 2024 17: +0,1718035200
10.517,2,Jun 10 2024 18: +0,1718038800
10.648,1,Jun 10 2024 20: +0,1718046000
11.781,2,Jun 10 2024 22: +0,1718053200
11.208,1,Jun 11 2024 14: +0,1718110800
12.187,1,Jun 11 2024 18: +0,1718125200
11.228,1,Jun 12 2024 13: +0,1718193600
11.224,1,Jun 12 2024 21: +0,1718222400
12.196,1,Jun 13 2024 03: +0,1718244000
12.875,1,Jun 13 2024 11: +0,1718272800
11.234,1,Jun 13 2024 16: +0,1718290800
11.234,1,Jun 13 2024 18: +0,1718298000
11.224,1,Jun 13 2024 20: +0,1718305200
11.255,1,Jun 15 2024 01: +0,1718409600
12.836,1,Jun 15 2024 04: +0,1718420400
12.89,1,Jun 15 2024 15: +0,1718460000
